state,employer_name,location,notice_date,effective_date,employees_affected,layoff_type,is_temporary,is_amendment,is_amended,current_version,source_url,source_notice_id,dedupe_key,first_seen,last_seen
FL,Macy's Gulf View,Port Richey,2015-01-09,2015-03-16,70,unknown,,0,0,1,https://reactwarn.floridajobs.org/WarnList/,6e1d3a5625cf2315dd6eca3aaf8d074bd3490ab7c19b69e35b5337ba,4959432c0eb3bdfa3bb62e0790c7d7a62e09e7d6,2026-07-16,2026-07-26
FL,Body Central,Jacksonville,2015-01-12,2015-01-09,132,unknown,,0,0,1,https://reactwarn.floridajobs.org/WarnList/,1184122e9ce02f049f9fdb00ac3697669f902adedc632b449c284c44,d289a784459b07b3aca38062c7678edbcbd066ba,2026-07-16,2026-07-26
FL,Top of the Port,Miami,2015-01-12,2015-03-01,52,unknown,,0,0,1,https://reactwarn.floridajobs.org/WarnList/,163263d635ceba9a5227f97e9c501fe4115f79f0fc7dffa807a48d55,9197882675f71ccbc29457a2fe4e419d73ec5f1c,2026-07-16,2026-07-26
FL,Crothall Healthcare,Miami,2015-01-13,2015-01-26,54,unknown,,0,0,1,https://reactwarn.floridajobs.org/WarnList/,bdaaab7edb9221e5ce3e1769935f2f90714c23bde2e2b5e88dd27f3d,024afea1de9c1a47c25cad7724e365b3cacec71c,2026-07-16,2026-07-26
FL,Windstream,Maitland,2015-01-23,2015-03-23,62,unknown,,0,0,1,https://reactwarn.floridajobs.org/WarnList/,530e09aa19b199be32529271e681f79cd5d9eace38796f8c2f88a07c,d7c375a02adb3c5cf4842f25956c20c305063fed,2026-07-16,2026-07-26
FL,American Express,Weston,2015-01-29,2015-04-03,27,unknown,,0,0,1,https://reactwarn.floridajobs.org/WarnList/,24d0ae2a17a104703ba46c875105b06a08089d98654faaf2e8898f71,ee63bfd41e9642f20ece600b3972031ae8aec774,2026-07-16,2026-07-26
FL,Chase Mortgage,Jacksonville,2015-01-30,2015-03-30,163,unknown,,0,0,1,https://reactwarn.floridajobs.org/WarnList/,99a3808b844ebb644aee545cdf2a4519c7d5c4f76f498e0a3b66844b,6e9acce3321da1082286da4ee8436e6861b0e9a7,2026-07-16,2026-07-26
FL,Walgreens,Orlando,2015-02-02,2015-04-02,252,unknown,,0,0,1,https://reactwarn.floridajobs.org/WarnList/,5f55fdec45349532ada65fff34d9899ac011ee3dda77f3d6b05a23b5,5b9b3db7e20f9ee4b9051ac448629757c7767eee,2026-07-16,2026-07-26
FL,Tyonek Services,32212,2015-02-03,2015-03-31,311,unknown,,0,0,1,https://reactwarn.floridajobs.org/WarnList/,5440ab47ee326c7f42204bd3d5c721142ede7767ae54117c93eabcdc,0eb4b6de085faf3b85e2fc978588e823bcee7b36,2026-07-16,2026-07-26
FL,Computer Sciences,FL 32925,2015-02-05,2015-04-08,420,unknown,,0,0,1,https://reactwarn.floridajobs.org/WarnList/,df35f3f1a8cd788bd646977ccca94aa76ee8df0088017a8ec25ec441,b7645a7aa8669cd9182cbae8330871484e7d154d,2026-07-16,2026-07-26
FL,Bank of America,Jacksonville,2015-02-16,2015-04-13,69,unknown,,0,0,1,https://reactwarn.floridajobs.org/WarnList/,01e089e2ec6ce17ca6b4cef0b934710fad7711abb65b369d86c5c28b,a73dcb3ed809535b1f1341686518051530c92a96,2026-07-16,2026-07-26
FL,Express Scripts,Tampa,2015-02-17,2015-04-18,216,unknown,,0,0,1,https://reactwarn.floridajobs.org/WarnList/,3aee48651ab4d3623087b0886fbcba85308c19c3eef82c694ddf6f08,ab033217337682f3ca43c36a59a05f0b29c918fc,2026-07-16,2026-07-26
FL,Southeastern,Orlando,2015-02-18,2015-04-11,70,unknown,,0,0,1,https://reactwarn.floridajobs.org/WarnList/,cfef55cf30e55b2e0b78a123fe3d5f0e7f7e23fdba32ff060865dc8c,efc932b8b3f57da7ed91841b1f0cd406bc1e8507,2026-07-16,2026-07-26
FL,"Vital Pharmaceuticals,",Weston,2015-02-18,2015-04-13,143,unknown,,0,0,1,https://reactwarn.floridajobs.org/WarnList/,c2ca1f1900826cd966f5bf160ae1243f623dfb99b34f23abf4a8c00f,39924998f5e6f10d78864e5fb6e2f9aefd3d007b,2026-07-16,2026-07-26
FL,Leidos,Tampa,2015-03-02,2015-04-30,85,unknown,,0,0,1,https://reactwarn.floridajobs.org/WarnList/,2a014d8da40b613ddbe9830b0a8a3c8bb5eddc84dc6d8dc500eca356,5c17843d4ff9e7c5fbf0e5ff4c8fa3c96e7afc4d,2026-07-16,2026-07-26
FL,"Short Bark Industries,",Hollywood,2015-03-03,2015-05-01,156,unknown,,0,0,1,https://reactwarn.floridajobs.org/WarnList/,f22c3f21a4799c9c0598180886b611346c028ba1193efd71c5e8d171,4febe867cd3e7557e1ae1db1b74d5ae47e65dcbe,2026-07-16,2026-07-26
FL,Ohio Retail Security &,Tampa,2015-03-05,2015-04-28,49,unknown,,0,0,1,https://reactwarn.floridajobs.org/WarnList/,32861893d5be17bcb650830dd3921f0f0db826317a73d45503b5e969,a3a6d882c95021dfa1ac36a05a3e2087094d7cd4,2026-07-16,2026-07-26
FL,"United Airlines, Inc.",Jacksonville,2015-03-09,2015-05-17,66,unknown,,0,0,1,https://reactwarn.floridajobs.org/WarnList/,fdcc705f3aaf221b1f4d30fec33b9e835b46c984a371568168c426ac,b4c01846351a56a2fce40f94706e0e4bcde73ff4,2026-07-16,2026-07-26
FL,Bonaventure Resort,Weston,2015-03-10,2015-05-08,296,unknown,,0,0,1,https://reactwarn.floridajobs.org/WarnList/,32b02da18478755c3ae7e8e2ff271f0c9b88880fb1b0163695fbe504,d94dbf9dbe6a426e261295ff597c3217c7319f3a,2026-07-16,2026-07-26
FL,"United Airlines, Inc.",Miami,2015-03-10,2015-05-17,115,unknown,,0,0,1,https://reactwarn.floridajobs.org/WarnList/,332ba23454c398634eff829d1192b02a61c8dbab4c3037d452e36b20,27cb11fdbdd194bcda03f9691f1b5637c456a3f1,2026-07-16,2026-07-26
FL,"United Airlines, Inc.",Ft. Lauderdale,2015-03-10,2015-05-17,148,unknown,,0,0,1,https://reactwarn.floridajobs.org/WarnList/,2762383987a373306791ad8c7abd5d2350ca1d5447496a3d7f3a35e7,9a1dc5222f15b90eb4e7454bdba6c4524e476b0b,2026-07-16,2026-07-26
FL,"United Airlines, Inc.",33406,2015-03-10,2015-05-17,69,unknown,,0,0,1,https://reactwarn.floridajobs.org/WarnList/,6ad0ba265cbaeb09ff136314bc5c4074361a6f832380660224eb92f1,bdaa8a9a5ccfbd85b3139c035ad23ba8118bc372,2026-07-16,2026-07-26
FL,CHARLEE of Dade,Miami,2015-03-11,2015-05-10,23,unknown,,0,0,1,https://reactwarn.floridajobs.org/WarnList/,56bc8d9fd55a0a4f809e739b1d8dd91f6a11d79cd931d929519de6e5,529419403731a49b863771fd0c1142209fb5a4ba,2026-07-16,2026-07-26
FL,Bank of America,Jacksonville,2015-03-16,2015-05-09,3,unknown,,0,0,1,https://reactwarn.floridajobs.org/WarnList/,c263e0b14b7517f69f57dd314f0f6437025a203e77d6253f0daf3b26,9f65c544bc3ce67235be190805a8d164263b0908,2026-07-16,2026-07-26
FL,DeVry University,Orlando,2015-03-16,2015-05-15,50,unknown,,0,0,1,https://reactwarn.floridajobs.org/WarnList/,81be884ef4331c481cd1d1d3acdfd68567f87f32f3081784791476d7,738245360e7f6cc8845985847da1d985c221661c,2026-07-16,2026-07-26
FL,Aircraft Service,Orlando,2015-03-25,2015-05-31,204,unknown,,0,0,1,https://reactwarn.floridajobs.org/WarnList/,c04c9ee4e4e5ed1a9e585d255bde8201503b0c24d5584a762fe0a5ff,ae25a6c771fe9930e5047ac5cf51f4dbccf1ffdb,2026-07-16,2026-07-26
FL,American Express,Weston,2015-03-26,2015-05-29,21,unknown,,0,0,1,https://reactwarn.floridajobs.org/WarnList/,a49e95084e992c9d76bf076e5118f3c441474bc753f546f70744fe36,45e10e62a14e3100a5f5c3e872b0cafa07f47afa,2026-07-16,2026-07-26
FL,JPMorgan Chase,Tampa,2015-03-27,2015-05-25,65,unknown,,0,0,1,https://reactwarn.floridajobs.org/WarnList/,9d573ab95627d8632a81deb3f6a9225c4904690ff28ab4e2bd77e2f5,f3287f2c9ee168eace2c3b249c6c253209969a21,2026-07-16,2026-07-26
FL,Flexsteel Pipeline,Panama City,2015-03-30,2015-03-30,76,unknown,,0,0,1,https://reactwarn.floridajobs.org/WarnList/,8f31f91c71d97392ace55d0aa84e84f00026b659642475bccdd3e87d,587cd0979c8209274f8439e0dc371213209866c8,2026-07-16,2026-07-26
FL,Sodexo,Niceville,2015-04-08,2015-06-04,176,unknown,,0,0,1,https://reactwarn.floridajobs.org/WarnList/,691fff7649dde2e746588deee6864d30b8139b9d76ad20c1b83848fa,f2d2823c24f074be32c1540421d9e480b6c4706e,2026-07-16,2026-07-26
FL,"Medimix, & First Coast",Jacksonville,2015-04-13,2015-04-30,95,unknown,,0,0,1,https://reactwarn.floridajobs.org/WarnList/,4016646b8e4759c39ad24ca503444940fd89e34d8cc2133099068ccb,b83d6e3111d1744c099ddd90a26290847458d2ef,2026-07-16,2026-07-26
FL,Walmart Store #3463,Brandon,2015-04-13,2015-06-19,429,unknown,,0,0,1,https://reactwarn.floridajobs.org/WarnList/,66a50bf9ef9348899696dac058dc02db2a4b92d83b8a21429e2cd2e6,7ebb2aa7f5e5584cf1cdb2f21acc44a2dbfb7cd2,2026-07-16,2026-07-26
FL,Albertsons Store,Clearwater,2015-04-20,2015-05-28,86,unknown,,0,0,1,https://reactwarn.floridajobs.org/WarnList/,1eb82f940789e5e11a731ae244eef0a61628e5698157f7017a88a4af,e0d2da9fdaebbdfc6251641978feb2b238ff18b4,2026-07-16,2026-07-26
FL,"DAL Global Services,",Orlando,2015-04-22,2015-06-16,98,unknown,,0,0,1,https://reactwarn.floridajobs.org/WarnList/,4a60b80fd5ce1108b7884930ee59fcfdef9383444ac0c95bd09bebb5,6b57f4e954e836697f3b6caf25cb77a664e62282,2026-07-16,2026-07-26
FL,"PSCU, Inc.",St. Petersburg,2015-04-27,2015-06-30,53,unknown,,0,0,1,https://reactwarn.floridajobs.org/WarnList/,4ea7c7152e6944e55df58d4f0281b216087883eac704bed922f6e0b3,d5a6ecee491c1fa1217a06a9d5fc6021853b888c,2026-07-16,2026-07-26
FL,Staples,Tampa,2015-04-28,2015-06-26,47,unknown,,0,0,1,https://reactwarn.floridajobs.org/WarnList/,614a31b2013365073b0dbdacc93896e492e62f3f1f3f6ba705c8089e,7ee4353df8187be5b025c1d44e5a9fb44529bdbe,2026-07-16,2026-07-26
FL,Marianna Airmotive,Cantonment,2015-05-04,2015-05-01,80,unknown,,0,0,1,https://reactwarn.floridajobs.org/WarnList/,9ec2ae04dfadbbf008111607422ddfbeb4009bea1495b6ad48c3f99b,356c4d46c665bfe9e6e5f97216a0a4f458ace25e,2026-07-16,2026-07-26
FL,Zenith Education,Ormond Beach,2015-05-04,2015-06-28,18,unknown,,0,0,1,https://reactwarn.floridajobs.org/WarnList/,27512ef0266f6f2c0a8329c89f88052553ced65a750678af036e48f7,f9916931c189152ef23ff364a99933aaf6c9537e,2026-07-16,2026-07-26
FL,The Manors at Hobe,Hobe Sound,2015-05-05,2015-08-01,164,unknown,,0,0,1,https://reactwarn.floridajobs.org/WarnList/,d24e09a75db984efc472217d4a3a9747efc20bf0770e4799930195dc,fd95c78a3bda07a0fc9e22781677fb7d47682650,2026-07-16,2026-07-26
FL,Access MediQuip,Lake Mary,2015-05-14,2015-05-06,84,unknown,,0,0,1,https://reactwarn.floridajobs.org/WarnList/,22588e8b2d2c4e3fd6b75bab81fe35e8dbdd19f0c0be3ff93c78a7aa,dba8eaedd539353b6286015246ae408faada8e29,2026-07-16,2026-07-26
FL,"US Foods, Inc.",Lakeland,2015-05-14,2015-08-01,206,unknown,,0,0,1,https://reactwarn.floridajobs.org/WarnList/,45cc76262be35b4c8d5be8ae544cdefe91a9d57e91f087d597b06a9c,5fcf2a7266c6472d124b874028fc871dfd3abb05,2026-07-16,2026-07-26
FL,Crothall Healthcare,Panama City,2015-05-15,2015-07-01,127,unknown,,0,0,1,https://reactwarn.floridajobs.org/WarnList/,3ee3f7e0b3c720645f2653c7e861e31009a0f3141b528a9b5633ada8,686fda19142f09deed451d377601c4e05f2f54ce,2026-07-16,2026-07-26
FL,Commonwealth-,33309,2015-06-15,2015-08-15,150,unknown,,0,0,1,https://reactwarn.floridajobs.org/WarnList/,882018a4a0125307cebbedf7305b3bc88ac6e2485468ad3b045f4dc0,33be5937ad7fcb07c1987d8e452e23f5ff1b61e4,2026-07-16,2026-07-26
FL,"Garden of Life, LLC",Riviera Beach,2015-06-19,2015-09-17,28,unknown,,0,0,1,https://reactwarn.floridajobs.org/WarnList/,e99d36ed4bdea5b6bdd6253747aa295fff4c32c7c768a5c002453b22,8d0a5bde0af8b047a03b525fe69a0c1698d9b1d5,2026-07-16,2026-07-26
FL,Wingspan Portfolio,Melbourne,2015-06-29,2015-06-30,150,unknown,,0,0,1,https://reactwarn.floridajobs.org/WarnList/,2dd20d9b6bc3508cf0105fcf0ab3c20a3174e906463d0565d664b617,3c0db0b6fc2a81c68c48baa029475d9c2cb8fa67,2026-07-16,2026-07-26
FL,Triangle Service of,Tampa,2015-07-14,2015-09-30,249,unknown,,0,0,1,https://reactwarn.floridajobs.org/WarnList/,d92a6cf558aa10ce54a5927494fda46acee9eb344672ebfae6c3c709,4759250995b07cf33210a06a9b08072d4a8739c8,2026-07-16,2026-07-26
FL,"Southeast Homecare,",Statewide,2015-07-30,2015-07-29,217,unknown,,0,0,1,https://reactwarn.floridajobs.org/WarnList/,a92ef3818e0f8cce7cd4578d03d9c8e6db56d82409db6a5aa68a6dad,41780bf215b5a52e5b79d1eb97fb71e8ccf20be0,2026-07-16,2026-07-26
FL,"Univita Health, Inc.",Miramar,2015-07-30,2015-07-27,74,unknown,,0,0,1,https://reactwarn.floridajobs.org/WarnList/,b8ba98b3c7ba98204bec4b4b78f8bb41a689c4e28672507ef41fd55e,7fc9c856a48e7bb9833e621f747cc5bec9f579cf,2026-07-16,2026-07-26
FL,Univita Homecare,Miramar,2015-07-30,2015-07-27,120,unknown,,0,0,1,https://reactwarn.floridajobs.org/WarnList/,b4896fe04973db59b81c95f575b3683e59d20f50f20583c4f7505aa3,4a86efdc1aab9eb67d311fc03ad0e2c590ce7477,2026-07-16,2026-07-26
FL,"Univita of Florida, Inc.",Miramar,2015-07-30,2015-07-27,591,unknown,,0,0,1,https://reactwarn.floridajobs.org/WarnList/,430496271e038b1cf8ab0910082be56286b6ddd9c16dabb31fa06c54,62c8e5a4b55ac3e4707bc517e33696c4b01480a1,2026-07-16,2026-07-26
FL,InoMedic Health,FL 32899,2015-07-31,2015-09-30,172,unknown,,0,0,1,https://reactwarn.floridajobs.org/WarnList/,3beddb7b772e41aebaf2022ca816cc21118b3b256d32001477488e1c,c43962355dba334e347c76e39c569b836aebb5e4,2026-07-16,2026-07-26
FL,Keolis Transit,Naples,2015-07-31,2015-09-30,103,unknown,,0,0,1,https://reactwarn.floridajobs.org/WarnList/,36b648ef9f5024bf2925cf0e0cbf8281597a892ce845a56d8f866fef,edf1771a99ade8d2ad8c8e7f66622916f471ad12,2026-07-16,2026-07-26
FL,Corizon Health,Naples,2015-08-10,2015-09-30,64,unknown,,0,0,1,https://reactwarn.floridajobs.org/WarnList/,6ed29f3db99dc182ad8f380ae4726c39589cb729816d68c01998b633,0147a8d58601c84fba03b61e230362a516a9f86d,2026-07-16,2026-07-26
FL,HMS Host Corporation,Tampa,2015-08-12,2015-09-30,796,unknown,,0,0,1,https://reactwarn.floridajobs.org/WarnList/,49b637e41139b0d325ad3bf2be688210fd67efb500fa4e117bee0185,a36c2b1fe49e3dda20d258d8ab0d3a5b28e1a109,2026-07-16,2026-07-26
FL,Rotech Oxygen and,Orlando,2015-08-12,2015-10-09,90,unknown,,0,0,1,https://reactwarn.floridajobs.org/WarnList/,b24e907f531f13bdd5cd095a74e36a2513455875564302d7c86a565b,aac6419b3b12a142fb5c5338f94e39abce112537,2026-07-16,2026-07-26
FL,Motorola Mobility LLC,Plantation,2015-08-14,2015-10-23,198,unknown,,0,0,1,https://reactwarn.floridajobs.org/WarnList/,a30c9e3fba67a7b408f98b22acb4dbce469a24c8c76d709e20495ea8,889e40b2dfe13ff174ec9aa43d767f1e3b4d2917,2026-07-16,2026-07-26
FL,American Express,Weston,2015-08-26,2015-10-30,86,unknown,,0,0,1,https://reactwarn.floridajobs.org/WarnList/,e59cca7c81f584038f4f99a04b6784336011d21d5398dd94ec7eb635,c61918bdfbfe47235f83f9a8acb33c6b10b9207e,2026-07-16,2026-07-26
FL,"Sodexo, Inc.",Atlantis,2015-09-02,2015-11-01,228,unknown,,0,0,1,https://reactwarn.floridajobs.org/WarnList/,e6e2066b483028ea8d5e0814bf7ed5e324392619e623c339339160c6,71c0814d056c0c3b6df2f6b8f8a1fb6b4cf8c8e0,2026-07-16,2026-07-26
FL,"Sodexo, Inc.",Fort Pierce,2015-09-02,2015-11-01,168,unknown,,0,0,1,https://reactwarn.floridajobs.org/WarnList/,6577004a44d11356bfcf0cd70cf2a33bbe56e79ec1d19ec0d8589b96,f67ef5c3c6e809bb8f6c74b6c101535edd3cade9,2026-07-16,2026-07-26
FL,MM South Beach LLC,Miami Beach,2015-09-18,2015-11-17,89,unknown,,0,0,1,https://reactwarn.floridajobs.org/WarnList/,2f96ecb6a4e54a7bcfc18e07cec261bc1bb9391efffa21fad3124203,4697542fd31ce2f4f28aa0e75da2551852632973,2026-07-16,2026-07-26
FL,"CACI-ISS, Inc.",Jacksonville,2015-09-21,2015-11-17,51,unknown,,0,0,1,https://reactwarn.floridajobs.org/WarnList/,a261760a0760ce419d3067f7e5de58bcb072845a5bf6e93153903762,c28782e2c4d14c8a3afe27e0fefd966328740953,2026-07-16,2026-07-26
FL,Ceridian,St. Petersburg,2015-09-25,2015-11-01,101,unknown,,0,0,1,https://reactwarn.floridajobs.org/WarnList/,ff20486515b90c8c2e7d6400f35c54e1151e3026ff3e326f32887df4,d4cae433a76a9b7ca39d1e4084d4366c602c4cf4,2026-07-16,2026-07-26
FL,"Consuegra Title, LLC",Tampa,2015-09-30,2015-11-30,28,unknown,,0,0,1,https://reactwarn.floridajobs.org/WarnList/,9ab9bb9a5baf2fea31c07c18f569828900f711002a2bb69ad4b8ce3d,74d79fc44e122448629ec4cc83d7cf7214437f7a,2026-07-16,2026-07-26
FL,Law Offices of Daniel,Tampa,2015-09-30,2015-11-30,154,unknown,,0,0,1,https://reactwarn.floridajobs.org/WarnList/,cf65461671181ed14719697e2e49c6498d2b99295f61ea750b6bb2b5,970c529ffb98de1cbc643d1dbeffa35618a9c91b,2026-07-16,2026-07-26
FL,Outpatient Services,Miami Lakes,2015-10-01,2015-12-04,8,unknown,,0,0,1,https://reactwarn.floridajobs.org/WarnList/,1d95f948052f2aab07ea691b43442d7d93d8ccfb21e0ddbded97aacb,447f407fb1531dc58e179fc34d6ad147ed86c355,2026-07-16,2026-07-26
FL,The Recovery Place,Ft. Lauderdale,2015-10-01,2015-12-04,125,unknown,,0,0,1,https://reactwarn.floridajobs.org/WarnList/,9d90de8e0602933f1f30aae6e0fa786157b25e5fafcdf12bab9af5d3,1fd7ef897c881016dee7f7e2c439bc33fcf2d025,2026-07-16,2026-07-26
FL,Barclays,Statewide,2015-10-12,2015-12-28,22,unknown,,0,0,1,https://reactwarn.floridajobs.org/WarnList/,c402014cfeab869042ba5724c907ec27551c6c927b1ee9f8d6b716f0,00985ccb2c75211b2397bb4ef28678a71f631316,2026-07-16,2026-07-26
FL,Southeastern,Orlando,2015-10-13,2015-12-10,42,unknown,,0,0,1,https://reactwarn.floridajobs.org/WarnList/,0c4fde538b8adbb5f91daef1a2faad6910f4063ef738a6d9075ff04f,c35b241d0ed5ad9185abdb9f6a39365667959a47,2026-07-16,2026-07-26
FL,"ResCare, Inc.",Homestead,2015-10-19,2015-11-15,79,unknown,,0,0,1,https://reactwarn.floridajobs.org/WarnList/,eb4a425c00d5826d98d877f65a6db25c981c89f99980a5ba9adfa3f1,82c2509361432d500bf89f9ddcb1236a9c2a6555,2026-07-16,2026-07-26
FL,Nephron,Orlando,2015-10-27,2016-01-01,400,unknown,,0,0,1,https://reactwarn.floridajobs.org/WarnList/,4967ef7d4540a7382edfbb2644ba50dad555d557bba358af303358a2,b22a918476c4928b22cffbc4d503a856e985a38a,2026-07-16,2026-07-26
FL,VIP Petcare,Sarasota,2015-11-06,2015-12-31,15,unknown,,0,0,1,https://reactwarn.floridajobs.org/WarnList/,532f931bad70c57180c5ecc9f7d5956b08947b89db5aad3b10f6b95a,155f66247a44dd4a825cc26a9f7188133d442abc,2026-07-16,2026-07-26
FL,Planet Hollywood,Orlando,2015-11-09,2016-01-06,468,unknown,,0,0,1,https://reactwarn.floridajobs.org/WarnList/,5891cb6a0fe630ef47705ca03030662faee46d3766802ca5da540eea,571fe10c83fc758abb2ce3a4f4490d8c69db1e07,2026-07-16,2026-07-26
FL,"SYX Distribution, Inc.",Miami,2015-11-23,2016-01-17,12,unknown,,0,0,1,https://reactwarn.floridajobs.org/WarnList/,d73b433a45bfab12eb1701b2178062855a3e5eba071bd2180d6f35cb,4abd5824307f350faa71915dae3a1e0dbad91749,2026-07-16,2026-07-26
FL,"SYX Services, Inc.",Miami,2015-11-23,2016-01-17,153,unknown,,0,0,1,https://reactwarn.floridajobs.org/WarnList/,7ad22a51b8e6d6dca90b34e93de1c7e27ca8a9daf5ae4ae3015205ee,332cb3c9444eacd7a7d369d791cfbb7f7fb7292c,2026-07-16,2026-07-26
FL,TigerDirect Retail,Miami,2015-11-23,2016-01-17,3,unknown,,0,0,1,https://reactwarn.floridajobs.org/WarnList/,42487b6d96415db280a3e7872e6f2d89b572a79524dc16a314c84d09,6e8ab57819aa0a8c1c56e61ec78f45fb1fd37463,2026-07-16,2026-07-26
FL,"TigerDirect, Inc.",Miami,2015-11-23,2016-01-17,73,unknown,,0,0,1,https://reactwarn.floridajobs.org/WarnList/,acce28946ddbcba833b6077d974c48af47d84bbc11d6f7f495ce9e33,7cf89d9024b39bd373bc767673ae4f469c39b49d,2026-07-16,2026-07-26
FL,"QVC St. Lucie, Inc.",Port St. Lucie,2015-11-24,2016-02-01,670,unknown,,0,0,1,https://reactwarn.floridajobs.org/WarnList/,998f90624b822be092c8950aea2f559ee5755372b90029ba27ad86d3,051d68dc00670a5d1b0cd219b31d9e8944c5cd0a,2026-07-16,2026-07-26
FL,VIP Petcare,Longwood,2015-12-04,2016-01-31,12,unknown,,0,0,1,https://reactwarn.floridajobs.org/WarnList/,b850ab9ee3ecff4f648634697e441fefab05a1669aa9879ef0932fec,ec1cdaa4fd288e124913076d80e02fc429c477e7,2026-07-16,2026-07-26
FL,PCH Communications,Miami,2015-12-07,2015-12-05,62,unknown,,0,0,1,https://reactwarn.floridajobs.org/WarnList/,5b8ca4cd373599c84013b35399648d66abfc48021ceea7cf1b8fea71,6868d5748676a37a20ae2a24df187e729a39fec9,2026-07-16,2026-07-26
FL,American Express,St. Petersburg,2015-12-11,2016-02-19,124,unknown,,0,0,1,https://reactwarn.floridajobs.org/WarnList/,9552fff0ed08ec3b623a4cbf7c9c4feccec127f30e44130b024fdb17,12e596b95db31ef4f505656759933fd3172020af,2026-07-16,2026-07-26
FL,Preferred Medical,Coral Gables,2015-12-16,2016-02-13,162,unknown,,0,0,1,https://reactwarn.floridajobs.org/WarnList/,5718c9fea134b1abf0cd9b578e1abb3a95d2ec28f515b1b097271d44,ba557ccfbce43bacccaf917c6114b940e004caff,2026-07-16,2026-07-26
FL,Frederick J. Hanna &,Plantation,2015-12-22,2016-02-10,13,unknown,,0,0,1,https://reactwarn.floridajobs.org/WarnList/,4b0f07cd0bc07d2b225cfdf31bbcd507c2b0cf292fb9ea830bd2504f,3c674a8440303c400f7f0c894bc5eaa83c96dddd,2026-07-16,2026-07-26
FL,"MV Transportation,",Orlando,2015-12-22,2016-01-31,80,unknown,,0,0,1,https://reactwarn.floridajobs.org/WarnList/,6532414a21fa7246aff3b312977d61238114081da2625e35742e9e32,472a4e011cce128cc029f6e25bb6b6285e59d337,2026-07-16,2026-07-26
FL,Preferred Medical,Coral Gables,2016-01-11,2016-03-08,31,unknown,,0,0,1,https://reactwarn.floridajobs.org/WarnList/,a1f11408240350573c3ebbf4333d5b23b7f2b2060a3e2e84f6402fac,5017d4cfe5112bcd9f8f82f86adfee8c9a21aad3,2026-07-16,2026-07-26
FL,BAE Systems,Jacksonville,2016-01-13,2016-03-18,300,unknown,,0,0,1,https://reactwarn.floridajobs.org/WarnList/,63c1a7ddee8282e104443c60dd7a498596d5ba3fbc908176362bbb47,96d22946dc8700718bafd062c44fd64ae305a1d3,2026-07-16,2026-07-26
FL,Professional,Winston,2016-01-13,2016-03-15,50,unknown,,0,0,1,https://reactwarn.floridajobs.org/WarnList/,a9c3993bc82dc0960c83797927ea134533dd81ae3b4bfc20ff655a33,2d031623a036d71c748b2417d5dbd32187a86a5a,2026-07-16,2026-07-26
FL,Professional,32324,2016-01-13,2016-03-15,77,unknown,,0,0,1,https://reactwarn.floridajobs.org/WarnList/,f7a8c41ad3816da1d6c73a57d3a3896cb105b021026aac21f964c65a,bdb601a923a124b06b80c56b759ccfe6d88d463d,2026-07-16,2026-07-26
FL,Professional,Jacksonville,2016-01-13,2016-03-15,77,unknown,,0,0,1,https://reactwarn.floridajobs.org/WarnList/,d27df15ced5a14b259f2dfaa1804e20f7540a12f6175dbb3689e2144,cf76e89d16130db12b575abb7b7dbd06f51460bf,2026-07-16,2026-07-26
FL,Professional,Tampa,2016-01-13,2016-03-15,50,unknown,,0,0,1,https://reactwarn.floridajobs.org/WarnList/,e14e30027fa2f1427d1cc544016923d4c37c0e5e76ffce70185a7af7,e9c82f63dfa1c0b483534c6a5c4168f032f6f48c,2026-07-16,2026-07-26
FL,Sitel Operating,Lake City,2016-01-14,2016-03-14,94,unknown,,0,0,1,https://reactwarn.floridajobs.org/WarnList/,98bf05fbf3379472ea6925728b54b4000d2bc6e96aa06eb44f19b872,2172a390be15a1b4d407a652341dbe8dfdc1534b,2026-07-16,2026-07-26
FL,Nephron,Orlando,2016-01-19,2016-03-18,250,unknown,,0,0,1,https://reactwarn.floridajobs.org/WarnList/,0cc5ea82621eb8aa19614c929c3d976116d38e544f6f04cfc42e524a,36b07e6a6631d4ded1ffa9fef880060184637daf,2026-07-16,2026-07-26
FL,"BFN Operations,",Quincy,2016-01-25,2016-03-25,64,unknown,,0,0,1,https://reactwarn.floridajobs.org/WarnList/,2ca9dc98d3bd15934b3fdfd9f2cba266062f8982629b596318a56e3d,7913120137526d34cb0c28c7bfe8121e2183f419,2026-07-16,2026-07-26
FL,Keolis Transit,Naples,2016-01-26,2016-03-25,81,unknown,,0,0,1,https://reactwarn.floridajobs.org/WarnList/,d350eb50e41963b483ce2fe3ad44675960978008d5d33fcf4804070a,67d775e447d7934a0be8a6c698baa2fc7d815c7b,2026-07-16,2026-07-26
FL,Kmart Store # 4415,32114,2016-01-28,2016-03-13,86,unknown,,0,0,1,https://reactwarn.floridajobs.org/WarnList/,278fd489006d08126ced4f4cb53c271f6dd7195979a6e968c026f779,dc358e15c389b590ef196d21f2e6f26cf4724979,2026-07-16,2026-07-26
FL,"GCR, Inc.",FL 32925,2016-02-01,2016-03-31,36,unknown,,0,0,1,https://reactwarn.floridajobs.org/WarnList/,2f4def65b46bc45b9eacc59a4440037593140aa3edb21ad87f863165,29b2d77aa55cc5d814154d4c30a25dfdae358157,2026-07-16,2026-07-26
FL,"InDyne, Inc.",FL 32925,2016-02-01,2016-03-31,129,unknown,,0,0,1,https://reactwarn.floridajobs.org/WarnList/,a67f1e0cda4b44020011d9ab29741ef99d1c3c4a7acf892b441f102e,3063b8f0b1283367019229b0b1fc1edee6f5d31b,2026-07-16,2026-07-26
FL,Preferred Medical,Coral Gables,2016-02-01,2016-03-29,18,unknown,,0,0,1,https://reactwarn.floridajobs.org/WarnList/,4744c81b5088bd12245e9f71a2ef0555793e64833d727ca6539d22b6,1351cecf269de0fe3dbcafda69ea43b30a43803e,2026-07-16,2026-07-26
FL,Fulton's Crab House,32830,2016-02-03,2016-04-04,214,unknown,,0,0,1,https://reactwarn.floridajobs.org/WarnList/,a5ae584a5c83942704dc7f7f30d1f6ce563750076664a6321bd99fca,f5ff4c7624d6ededcb4d639c0fd03ae761a1f4d7,2026-07-16,2026-07-26
FL,BlackBerry,Sunrise,2016-02-04,2016-02-04,75,unknown,,0,0,1,https://reactwarn.floridajobs.org/WarnList/,01b081d6886aff2fdd3064b9f04a111e8763c943e1ee8bc7ebbb1d43,6517fe0e1106cde17a81dd800f8ca0b098e82fed,2026-07-16,2026-07-26
FL,Forever 21 Store,Jacksonville,2016-02-08,2016-03-20,63,unknown,,0,0,1,https://reactwarn.floridajobs.org/WarnList/,06402554141dcefb9964698bf23c51c73fe18e81fe6ebac353736aa1,583b15f7d2a5e206d0deb96b35c15db5377ec575,2026-07-16,2026-07-26
FL,"FanDuel, Inc.",Maitland,2016-02-10,2016-04-10,55,unknown,,0,0,1,https://reactwarn.floridajobs.org/WarnList/,5be1724d105e4828cb31a5a5f66a654b4de19eb30b40cc7109f4dbd5,5e0cffa8491a768f6ff9e565c8b6afe463ab0ef3,2026-07-16,2026-07-26
FL,Shore Club Hotel,Miami Beach,2016-02-11,2016-04-30,218,unknown,,0,0,1,https://reactwarn.floridajobs.org/WarnList/,182a9a34116225777e04bf4b298e6097b64b8cdc92739b8d000a3563,e7f88ebda7fd32ad36742b530a76f45c5fac5c0e,2026-07-16,2026-07-26
FL,World Emblem,North Miami,2016-02-12,2016-01-22,51,unknown,,0,0,1,https://reactwarn.floridajobs.org/WarnList/,0f65df72d6a75d4fa9b1dcac6b25f6fc53eefe70042e3137b760c83f,c4a6648bb4b9f8923efbe589215e8e453aa120ac,2026-07-16,2026-07-26
FL,Sitel Operating,Lake City,2016-02-16,2016-04-15,34,unknown,,0,0,1,https://reactwarn.floridajobs.org/WarnList/,73616d4b726e07b2beed79f26ac21abb98466c37df610497295d414a,dbd9bca3fc1d9e81b1bea04c65713163ef17c880,2026-07-16,2026-07-26
FL,"CVS Pharmacy, Inc.",Medley,2016-02-17,2016-04-22,117,unknown,,0,0,1,https://reactwarn.floridajobs.org/WarnList/,48c20e386f4d18c6bb43def40b744d5b65aad19e0830021ef8705e5f,316ba277e01ca21b6af741c9d2b92ea54c515c7c,2026-07-16,2026-07-26
FL,CEVA Logistics,Jacksonville,2016-02-19,2016-04-16,93,unknown,,0,0,1,https://reactwarn.floridajobs.org/WarnList/,043629a78ba0c48ab363abe720000f3bd4b45b11ed4bc807d9c0e1d9,923ec48c444a201b63e1b575e47cb81e8dfbf321,2026-07-16,2026-07-26
FL,"Kettle Cuisine, LLC",Orlando,2016-02-22,2016-04-21,110,unknown,,0,0,1,https://reactwarn.floridajobs.org/WarnList/,6c7722974d1d96426f7dc431e31b3ac8efab312198c3a1bf2c7ddb5b,527760cd1fe92ed7a6f09094e2ffff4e41709c88,2026-07-16,2026-07-26
FL,Aramark,Fort Myers,2016-02-26,2016-05-01,288,unknown,,0,0,1,https://reactwarn.floridajobs.org/WarnList/,31741860508f885e9f467144f2fb1d5bdaf466a1c6eac7a3b68e59c3,217af62850b38c683350651d08747aaa0f53f9c5,2026-07-16,2026-07-26
FL,Boykin,Miami Beach,2016-03-07,2016-05-04,119,unknown,,0,0,1,https://reactwarn.floridajobs.org/WarnList/,2bb5395eec2d217c016ad2079be93f735cac019d0518a3d6148f46af,c720ee0134b849aac3d7a0e4f9d349ecaba4f88d,2026-07-16,2026-07-26
FL,Maslow Media,Miami,2016-03-10,2016-04-18,3,unknown,,0,0,1,https://reactwarn.floridajobs.org/WarnList/,180ce354eb4deec48b575ea9a95aff2b5edab34e0d74be5bb7e37182,71c0b3f6c1ae7c28cc4ffc38639454f07e0a46ad,2026-07-16,2026-07-26
FL,Noven,Miami,2016-03-11,2016-05-09,80,unknown,,0,0,1,https://reactwarn.floridajobs.org/WarnList/,8435ac9eeb509ee33ea00c59ac0a0bfc77fda08df050d3d4e1ce45dd,d74475be44893f08e5a0de937a314fc19100cf76,2026-07-16,2026-07-26
FL,First Data,Maitland,2016-03-14,2015-05-11,129,unknown,,0,0,1,https://reactwarn.floridajobs.org/WarnList/,7c1495b828ab39f2f195ba9acee6f23db91bd05837681dcecee365c8,4381e10b3700d1c7fa0b3f0509e6ca50922b7c27,2026-07-16,2026-07-26
FL,Central Beef,Center Hill,2016-03-18,2016-03-18,214,unknown,,0,0,1,https://reactwarn.floridajobs.org/WarnList/,3db66b5f5303fe370709d837e87b74a86b15cc3f1276b44d22972b1c,5437bed8a636d9ccf1711803afbd05c47bb4e9b4,2026-07-16,2026-07-26
FL,Mycom North,Orlando,2016-03-21,2016-03-10,5,unknown,,0,0,1,https://reactwarn.floridajobs.org/WarnList/,655238afd6812afcb56538da12d911ecd3077d6de6f2bcd63266dc1e,33baa5524031f9dac97da14438e6cdfcd75d260e,2026-07-16,2026-07-26
FL,Schumacher,Hollywood,2016-03-22,2016-05-31,163,unknown,,0,0,1,https://reactwarn.floridajobs.org/WarnList/,5170b2ccda5995371463f5fae691164deb39b5715e3c67816b1ba5e0,7f465cc124867740bc1ccd80e6a90bb4aabfd5be,2026-07-16,2026-07-26
FL,Preferred Medical,Coral Gables,2016-03-28,2016-05-03,3,unknown,,0,0,1,https://reactwarn.floridajobs.org/WarnList/,9d8d5b62e9f6e308368f2e416f00f491ecdbeb3502355d7bbd7c3441,6fadd46bbebf17a768634f02564c105d4f64fec7,2026-07-16,2026-07-26
FL,Zenith Education,Tampa,2016-03-28,2016-03-23,127,unknown,,0,0,1,https://reactwarn.floridajobs.org/WarnList/,2cb16fdb230bcd3421b16d87da0d02505cd6edd00f4c10b50400171d,0bd6599e07986032fc629022a81f853cf609e7a1,2026-07-16,2026-07-26
FL,Hapag-Lloyd,Tampa,2016-03-29,2016-05-31,55,unknown,,0,0,1,https://reactwarn.floridajobs.org/WarnList/,2c2866fb26928a3f44b2d2dee544019145e9272eae65d5236b7310f7,1661a64a9b45ca1d3151df087c71f7fddcce4510,2026-07-16,2026-07-26
FL,"DLA, Inc.",Doral,2016-04-05,2016-05-08,92,unknown,,0,0,1,https://reactwarn.floridajobs.org/WarnList/,6d66c63004049294fa2563d9f23a9c72cdae6a44809043383acafb17,7cd1d9c9f0eef77733079901290e0162a2cf9b60,2026-07-16,2026-07-26
FL,The Ritz-Carlton -,Miami Beach,2016-04-06,2016-06-03,89,unknown,,0,0,1,https://reactwarn.floridajobs.org/WarnList/,754bf05141060635ca5624f4b7567b10b639a37aaac03d130900c9b6,92344306f57079d15bc02488e5e9ac14cddca4c1,2026-07-16,2026-07-26
FL,Brown Distributing,Orlando,2016-04-11,2016-06-03,84,unknown,,0,0,1,https://reactwarn.floridajobs.org/WarnList/,a33e0cc67c73736282f4fe99bf2ca31e1f2b521e8befbe4930f0f654,79052d23abcccb99e9984fedb520dfbbcc5a2678,2026-07-16,2026-07-26
FL,Jeremiah's Intl.,St. Petersburg,2016-04-11,2016-06-08,192,unknown,,0,0,1,https://reactwarn.floridajobs.org/WarnList/,5ef4908e29732aa61b81e45be6b9c1564a7d98fc4a75c3070c2335b8,7e8cae5cef295428080d4d73fd1b6d3cd3970f84,2026-07-16,2026-07-26
FL,Cohen Dania Beach,Dania,2016-04-15,2016-06-07,112,unknown,,0,0,1,https://reactwarn.floridajobs.org/WarnList/,2e28287c59471e3292164cca417e9d30e2b27f697439ff6dc54a7769,a5c8fc35b945c1ac82f03b6cf95e53e0d12aec2d,2026-07-16,2026-07-26
FL,Florida Connections,Orlando,2016-04-19,2016-06-15,80,unknown,,0,0,1,https://reactwarn.floridajobs.org/WarnList/,cf29ac3d9e0923da063f00a3d8ba45691b4e362bbda416a3cacffaa6,20aa188dbf6a2444fc9f7cc012a9fb1a8182e6eb,2026-07-16,2026-07-26
FL,Louis Dreyfus,34787,2016-04-22,2016-05-31,59,unknown,,0,0,1,https://reactwarn.floridajobs.org/WarnList/,0e51614a87a044c8afead8e57572db27f55a0bcb7c301faefcb68ff1,4549b37232c973153b52c4cad528e7efcc94e3d4,2026-07-16,2026-07-26
FL,Navigant Gymetrix,Panama City,2016-04-25,2016-06-30,60,unknown,,0,0,1,https://reactwarn.floridajobs.org/WarnList/,4a7de45e94b863ec02f8ca3c05333a7641ad13e5e27c638a91bb907b,bea6ae204ab53094bc63d74762b0adebfc144ece,2026-07-16,2026-07-26
FL,"Transitions Optical,",Pinellas Park,2016-04-27,2016-06-30,11,unknown,,0,0,1,https://reactwarn.floridajobs.org/WarnList/,6951ea4c1a1fdd5d651a68338120fcdeaed60b67a09783cc5b9e2078,47ab417791a275a867b74fafc23a7b0f23c7a25e,2026-07-16,2026-07-26
FL,Direct Energy,Sarasota,2016-05-02,2016-07-01,159,unknown,,0,0,1,https://reactwarn.floridajobs.org/WarnList/,72c3602fbbb6238b573b24084836d8796446d0ad0e4623a7e4899943,fddbfe2dd177757daecd05dbd86abfe46b5eeb3f,2026-07-16,2026-07-26
FL,Preferred Medical,Coral Gables,2016-05-02,2016-06-25,11,unknown,,0,0,1,https://reactwarn.floridajobs.org/WarnList/,4b625b686176794ed16bfe65acd7f5322ec3e88ed5f0cd0431979b72,d9d75bbbc4b718de7a91e8bfacb9a8146cfd9656,2026-07-16,2026-07-26
FL,UnitedHealth Group,Miramar,2016-05-03,2016-07-01,68,unknown,,0,0,1,https://reactwarn.floridajobs.org/WarnList/,632047214a47a73ab1e22d9daaf1fb41680bcbb080860482ddf551d9,973807c82cd850f77fb6dba46c1e53922cfced6a,2026-07-16,2026-07-26
FL,Tampa Media Group,Tampa,2016-05-06,2016-07-03,300,unknown,,0,0,1,https://reactwarn.floridajobs.org/WarnList/,b74ec8ff1b93c58832d901f6152a4f0d90f440d47ab00090956529d3,da27b15c4a57a51fb94abc148f239a24cf2b425c,2026-07-16,2026-07-26
FL,Saks Incorporated,Ft. Myers,2016-05-17,2016-10-15,50,unknown,,0,0,1,https://reactwarn.floridajobs.org/WarnList/,c7a5c65aa6cce27c605b65e8fdfd1a89c185c89bd9ed40bd8fd11966,0204a6fe5f1da163ae13e90e776de8c88a2a73bd,2026-07-16,2026-07-26
FL,Childhood,Ocala,2016-05-31,2016-06-30,272,unknown,,0,0,1,https://reactwarn.floridajobs.org/WarnList/,68c305784b195a77a22101c389a29b65e1cd163071591c03eb98d7bb,e9a2f3e38893cdbbec0a011da4df5be4d1e2e4b1,2026-07-16,2026-07-26
FL,Gannett Publishing,Fort Myers,2016-06-02,2016-08-01,78,unknown,,0,0,1,https://reactwarn.floridajobs.org/WarnList/,cf2ad83525b8ecfd2dc6597a07aa86c9a5e409895c20774393a82a3e,dc04ec80d0be24862d3bcf56ecdcd61abc0a40c0,2026-07-16,2026-07-26
FL,The News-,Marco Island,2016-06-07,2016-07-08,1,unknown,,0,0,1,https://reactwarn.floridajobs.org/WarnList/,01aaa123c38ba16a8a610fe8eb7da80697243547791cc0efd71affed,0e6a308f97f135a3872d4c5664859aeb019a0618,2026-07-16,2026-07-26
FL,"Vertex, Inc.",Sarasota,2016-06-09,2016-08-06,100,unknown,,0,0,1,https://reactwarn.floridajobs.org/WarnList/,db4d9800f02f2db7e031bda49d5bc0bf34fa5209b581898c4ce43cff,eb76cb7abe2542cd5538d0730f05d93a8277681b,2026-07-16,2026-07-26
FL,"Jacobs Technology,",32547,2016-06-17,2016-06-30,257,unknown,,0,0,1,https://reactwarn.floridajobs.org/WarnList/,74b2fb701ebeaabb2547c0f5eba49ccac88aad56f32aa91ea012e2ea,2bad7cf48bed26bc8e09be4c9c92caa2cfc9c982,2026-07-16,2026-07-26
FL,Convergys,Jacksonville,2016-06-21,2016-08-12,163,unknown,,0,0,1,https://reactwarn.floridajobs.org/WarnList/,3fa6e8dcc8ca0fa791f8ccf93b4e0d0ec7c59e16474b4cc4e9e40d38,8e1bd6a4edf1bb9af9a11972cc343ed87c9a329d,2026-07-16,2026-07-26
FL,Sports Authority,Miami,2016-06-24,2016-07-18,90,unknown,,0,0,1,https://reactwarn.floridajobs.org/WarnList/,4ff6c451f59f9d98b5e2f39ab8cb15847a8902d50f3dc823029c07ac,2d235d10e4ded2aabe87a7f8160170d075974d8c,2026-07-16,2026-07-26
FL,Xerox,Orlando,2016-06-28,2016-08-26,95,unknown,,0,0,1,https://reactwarn.floridajobs.org/WarnList/,80bec7659e0c426c9d301090add1e9c3ef51a6d617c46262777f70ef,95b3b198da8ebbeee0bc3e9e1de2091cfbd8df8b,2026-07-16,2026-07-26
FL,"Caterpillar, Inc.",Jacksonville,2016-06-29,2016-08-26,63,unknown,,0,0,1,https://reactwarn.floridajobs.org/WarnList/,135ae8c6bf42217d2d43437d0f548da7bd4a5a8af0a4a7e030c3d9aa,7c1b633a4b2f9d87567946eb9b39dcbf86cd8c0e,2026-07-16,2026-07-26
FL,MetLife,Tampa,2016-06-30,2016-08-31,74,unknown,,0,0,1,https://reactwarn.floridajobs.org/WarnList/,cc9a507411b63e64983fe4bf1e6c4936b4a602c519c5ef7e84eba0ae,f3ef73dcad16c94b611e0d926b1a6e4e9ad91073,2026-07-16,2026-07-26
FL,"Faneuil, Inc.",Boca Raton,2016-07-05,2016-08-31,158,unknown,,0,0,1,https://reactwarn.floridajobs.org/WarnList/,c69f61d3461362a5b1995e253caeecdc641056a7f12556f0e511d86d,bc8009afcf00ee36cf0f0959c2f963533ab86029,2026-07-16,2026-07-26
FL,"Faneuil, Inc.",Orlando,2016-07-05,2016-08-31,268,unknown,,0,0,1,https://reactwarn.floridajobs.org/WarnList/,5fadabd0d18293096949bbc0a18d27d4dd027990bcc3166c93ed052e,d3791635935669ded9541e7e6b7faec94d5859ec,2026-07-16,2026-07-26
FL,Fluor Federal,Gainesville,2016-07-05,2016-08-31,125,unknown,,0,0,1,https://reactwarn.floridajobs.org/WarnList/,38d68a4cc21601fadb301ed402957d85ef3dcbf5b89760a95a478f7a,b1da7c935cc72530a63d5239cff6dcdfa38bd606,2026-07-16,2026-07-26
FL,Belk,Jacksonville,2016-07-06,2016-12-30,52,unknown,,0,0,1,https://reactwarn.floridajobs.org/WarnList/,70fb0a67656cf5b2237bc86295e6dcc2ee870a7104ce0c0a84a69454,9750b3de754382354ca94ca7acf7513e20418193,2026-07-16,2026-07-26
FL,WestRock,Jacksonville,2016-07-13,2016-09-12,127,unknown,,0,0,1,https://reactwarn.floridajobs.org/WarnList/,a67ef5d1f0d0c434f5b2464c29af3a8650dcc869af49eb044fe670e0,a0874156c7c9c66e7a03ca9cc88b7ca50c73a852,2026-07-16,2026-07-26
FL,Chenega Security &,FL 32899,2016-07-18,2016-09-26,272,unknown,,0,0,1,https://reactwarn.floridajobs.org/WarnList/,4d8e7c207963f600c17f8eafac5c3b988a49236529b55b40a7df047c,6f723f28dd7d671a66539cab63509982274b7f0e,2026-07-16,2026-07-26
FL,InDyne,Eglin AFB,2016-07-18,2016-09-30,641,unknown,,0,0,1,https://reactwarn.floridajobs.org/WarnList/,75d9f0efb1e2b97ac64d6339c1f767b4d98ce8e28f58243934fe55bd,c4918275fffc9bdc2c31fe1f59bf30b2d92e2ebf,2026-07-16,2026-07-26
FL,Convergys,Tampa,2016-07-20,2016-09-23,375,unknown,,0,0,1,https://reactwarn.floridajobs.org/WarnList/,8fd12eede974cce01b804d43c5002d83b5ca36de66917cc25d16d5e0,ab178d3d9ec5f1e02b3bbfea5d59e7daacfa2d74,2026-07-16,2026-07-26
FL,IAP Worldwide,Tampa,2016-07-27,2016-09-30,45,unknown,,0,0,1,https://reactwarn.floridajobs.org/WarnList/,fb2871ab24bacad8dcdd3b3ad396bf91ec2722e3b11f25628d4e7ea2,be008a7d80bba7870dcc61c874ed6bf270a40291,2026-07-16,2026-07-26
FL,Berkshire,33308,2016-08-01,2016-09-30,72,unknown,,0,0,1,https://reactwarn.floridajobs.org/WarnList/,ca7e40fc7413adb352e01431e8a49c45b463628c476c01dcd9b5898e,60c7e0739c228df00c674a0021afb4e7c2d0e002,2026-07-16,2026-07-26
FL,"Sears, Roebuck and",Orlando,2016-08-09,2016-11-13,88,unknown,,0,0,1,https://reactwarn.floridajobs.org/WarnList/,1178842d7c144b5c2ce4fa12a11c0916b946faf496a7afa67f146b11,46638f05ad2e3a13b545ce9250a2e5c76851e40f,2026-07-16,2026-07-26
FL,"Sears, Roebuck,",Orlando,2016-08-09,2016-11-13,13,unknown,,0,0,1,https://reactwarn.floridajobs.org/WarnList/,0ec79cade49f6ea24c293f57f2e7283961d997cb53196ec0b55e10fb,0dea62d2b0f3525e4bcf4c6921800c9cccb573f5,2026-07-16,2026-07-26
FL,"Sodexo, Inc.",St. Leo,2016-08-12,2016-09-29,76,unknown,,0,0,1,https://reactwarn.floridajobs.org/WarnList/,3fff750ae4752324dcbfcf1559d4aa1767065c07745dfcd9413f3fdf,5cde4a86381f2e96d3281e3ee2119367a74a4929,2026-07-16,2026-07-26
FL,Insight Optical Mfg.,Hialeah,2016-08-17,2016-10-17,63,unknown,,0,0,1,https://reactwarn.floridajobs.org/WarnList/,850d68405e68fbfb3f2349120456ba0882e255f74a6cf0e75762ff57,54b5c720515bea90843b3c43cd35a5fa0625d97c,2026-07-16,2026-07-26
FL,Nephron,Orlando,2016-08-18,2016-10-15,60,unknown,,0,0,1,https://reactwarn.floridajobs.org/WarnList/,ae2975ff6d9774b3de888ab87f491778d47b0341dadda5821fd8fed7,38d36c05996adbc5ae3031b57b303c57fa363854,2026-07-16,2026-07-26
FL,Advantage Rent A,33406,2016-08-25,2016-09-30,20,unknown,,0,0,1,https://reactwarn.floridajobs.org/WarnList/,2c06373275e7022c2cfda1fdb6ece4431554503e8b67327609451b0f,cfa05de5681e76104f0884f6419c17a8427daba4,2026-07-16,2026-07-26
FL,MetalTek,Lakeland,2016-09-01,2016-11-04,109,unknown,,0,0,1,https://reactwarn.floridajobs.org/WarnList/,5352065131e790b3f77102f43832fa6b635ff055660da52523cb6abf,a8a0d95d1823a6ccc041c9ba06abf87d76966208,2026-07-16,2026-07-26
FL,Sitel Operating,Ocala,2016-09-08,2016-10-30,199,unknown,,0,0,1,https://reactwarn.floridajobs.org/WarnList/,4ebd8f1e7c5bc251eb306145f08ce378e7af80c1ff97cee66bf93a15,7ec68c0a36dbf3f4aceb535c00e2f8b11b2c25f9,2026-07-16,2026-07-26
FL,Honeywell Sensing,Orlando,2016-09-09,2017-01-01,52,unknown,,0,0,1,https://reactwarn.floridajobs.org/WarnList/,6f8bff00996ede9d4137e0727ff65a6845e1ab340688236700f0ec6a,d0bcbdf48c4d23d863bcfba9c867e7d875014931,2026-07-16,2026-07-26
FL,AXA Assistance,Miami,2016-09-13,2016-11-30,40,unknown,,0,0,1,https://reactwarn.floridajobs.org/WarnList/,216852641834a338302db1a6c07866e5aee0e2b55c45a24cc39805e0,0cb833d18ac3745ff6ea35787f1a3f4092c641cb,2026-07-16,2026-07-26
FL,"CVS Pharmacy, Inc.",Tampa,2016-09-14,2016-11-18,94,unknown,,0,0,1,https://reactwarn.floridajobs.org/WarnList/,846f03930a16fe54e26d385d6e7fd566b1a2c2a5f62338f4653643c2,f0e2531b44178c33d80a1f38a21023505c0c942c,2026-07-16,2026-07-26
FL,"Merck & Co., Inc.",Miami Lakes,2016-09-15,2016-11-15,112,unknown,,0,0,1,https://reactwarn.floridajobs.org/WarnList/,74a8aac08ea267e99a96e916215f1262ad7b6640981a6e43c9226acf,aa59b4c6313e26bc4f69467d82961e2724cbccd2,2026-07-16,2026-07-26
FL,B/E Aerospace,Medley,2016-10-05,2016-12-05,53,unknown,,0,0,1,https://reactwarn.floridajobs.org/WarnList/,19ea7f56e8fd1fcf7672f4b68799f38629ee396710e4db8260159e96,4b6b4818f7f07dd483cdfd04e61f069505fc8acf,2026-07-16,2026-07-26
FL,Miller Brewing,Miami,2016-10-17,2016-10-14,104,unknown,,0,0,1,https://reactwarn.floridajobs.org/WarnList/,356ce54e73e07e37dfe9d76110c2cfbccee51d098ce250e8b84a6189,eb6e63d5395cb6bacecd2ad56aaf4ee4dc640013,2026-07-16,2026-07-26
FL,NTT America,Boca Raton,2016-10-19,2016-12-15,51,unknown,,0,0,1,https://reactwarn.floridajobs.org/WarnList/,5656a6953e9bfb7759ae68bab3d90ce17a7ea980a1d001b5c54ceec1,11d9fdb79139032acea27ed655cc261dd7e52f58,2026-07-16,2026-07-26
FL,"iQor US, Inc.",St. Petersburg,2016-10-19,2016-12-16,76,unknown,,0,0,1,https://reactwarn.floridajobs.org/WarnList/,5ac44bc34ec4f7a49eabe810df4eb44eeae4fd642535610656902790,fa324c962ddff76b4df997f7cd23b5ffc526e772,2026-07-16,2026-07-26
FL,"Transitions Optical,",Pinellas Park,2016-10-24,2016-12-31,43,unknown,,0,0,1,https://reactwarn.floridajobs.org/WarnList/,cd70260200abd0a0b49472ef0d65cb899777f20aca8d304d773b5dff,bc18e421d3cd06265c7cbfbf52d5c291192b16d6,2026-07-16,2026-07-26
FL,ADESA,Sanford,2016-11-03,2016-12-21,133,unknown,,0,0,1,https://reactwarn.floridajobs.org/WarnList/,401c6a5344df04553be620b96f183f1a88af0cadc1af424a3d99ff6e,2a994d3854f1a25e9af9230d291a3e9e5c3a9f86,2026-07-16,2026-07-26
FL,Sears Auto Center,St. Petersburg,2016-11-10,2017-01-28,12,unknown,,0,0,1,https://reactwarn.floridajobs.org/WarnList/,7b8d50972e3819414a5661dd4c641b08003e076c32a5956977b71f6b,52bbbd210086d4b5fac2c670e99a542ff4ee0122,2026-07-16,2026-07-26
FL,Sears Holdings,St. Petersburg,2016-11-10,2017-01-28,114,unknown,,0,0,1,https://reactwarn.floridajobs.org/WarnList/,a72f4718108815c1c411f06e17bac412a7bcada91471de6a73a13f88,cc8b5dfcef3dc5601fdc0ea5921b294c120eae24,2026-07-16,2026-07-26
FL,"Farmers Group, Inc.",Plantation,2016-11-14,2016-12-30,103,unknown,,0,0,1,https://reactwarn.floridajobs.org/WarnList/,013fbb052104d911cb82e999dafa7124525e863fe2ec6a49561e3c74,9da2e174988ca6af7d5937eee33edbe158d9294c,2026-07-16,2026-07-26
FL,Nestle Professional,Tampa,2016-11-17,2017-05-19,77,unknown,,0,0,1,https://reactwarn.floridajobs.org/WarnList/,2ade1d45d8a5db1cd594bb450d91725bcd77e0c8885786e53e12af2d,84d23ad8a2942be1eed90e04de89f251fc025d65,2026-07-16,2026-07-26
FL,NTT America,Boca Raton,2016-11-21,2017-01-15,16,unknown,,0,0,1,https://reactwarn.floridajobs.org/WarnList/,e6766fffb5e8c0ccb22c5f6ca26c9f9be81421afbb0afd974c44a8c5,c878ac5ed7b13ce3d66b085f36292e5245265134,2026-07-16,2026-07-26
FL,Reinhart,Jacksonville,2016-11-21,2017-01-22,66,unknown,,0,0,1,https://reactwarn.floridajobs.org/WarnList/,0348c4a9109938066d263a71cc4d3b35a4507b8ffdfadadb27df0c1b,25cce7024f12831482a60be1e405d99b95d26aa3,2026-07-16,2026-07-26
FL,Encompass Onsite,33309,2016-12-05,2016-11-18,162,unknown,,0,0,1,https://reactwarn.floridajobs.org/WarnList/,4ce21a7089bf13d1e7a80b6538b3e3f1b7b1773142276eff405205c3,a6ba7c81414c7addc9184bb05c0592fb73648c2a,2026-07-16,2026-07-26
FL,"Sodexo, Inc. and",Jacksonville,2016-12-05,2017-01-31,138,unknown,,0,0,1,https://reactwarn.floridajobs.org/WarnList/,930003b2435d3304bd3d0fa33f378fcf2c7d35fe01cac12854ed8b8d,c85059c6e42cb58bf31d89b2980927cad29bde89,2026-07-16,2026-07-26
FL,Sitel Operating,33069,2016-12-16,2017-02-14,804,unknown,,0,0,1,https://reactwarn.floridajobs.org/WarnList/,175c35b5654fe62f5a1c0123d7df8b0dda3447bdcdc7841493d2583b,f5ee90b0ef02546d2c2b93afac1b7a101d202e4e,2026-07-16,2026-07-26
FL,Wayne Farms LLC,32433,2016-12-19,2017-02-15,13,unknown,,0,0,1,https://reactwarn.floridajobs.org/WarnList/,e27b703f3be0517d7bfe2a83d070c2bbaa2f98f34e69625d6659abf3,f909acbee13ac7d697fdd713b2d2e15c37a2a5ff,2026-07-16,2026-07-26
FL,Florida Hospital,Maitland,2016-12-22,2017-03-03,67,unknown,,0,0,1,https://reactwarn.floridajobs.org/WarnList/,81a0b6d29369f8bca4c8a1bbc256e4d7012ba1554e330a3c36fba760,aa480041a83537d7416745ca93e5af28187e44cf,2026-07-16,2026-07-26
FL,Baxter Healthcare,32117,2016-12-27,2017-03-06,95,unknown,,0,0,1,https://reactwarn.floridajobs.org/WarnList/,e6d15b35bc95d7f1a3d19660273ea58085fedcd4fe47a555e2a6ee35,f21ee4bbd660c9bddd696d946dec7e7623cc5244,2026-07-16,2026-07-26
FL,Oceanside Extended,Miami Beach,2017-01-03,2016-12-30,253,unknown,,0,0,1,https://reactwarn.floridajobs.org/WarnList/,26ca21eb17627fe25371a418819c0bc8d6bb1b73c0c30bce4ccbdf96,f954746d74427c77ec3ea9d819cc93c082b185b5,2026-07-16,2026-07-26
FL,Fluor Federal,Gainesville,2017-01-04,2017-02-28,120,unknown,,0,0,1,https://reactwarn.floridajobs.org/WarnList/,874f8ba64bf87c94f9959de90cfd6aba5d69608c86d441610b4980a3,bb2703041613f118efe9d776848a6b5b4c204a2b,2026-07-16,2026-07-26
FL,Fluor Federal Solutions,Gainesville,2017-01-04,2017-02-28,120,unknown,,0,0,1,https://reactwarn.floridajobs.org/WarnList/,a70ae4252e7097409600cb349e092b562aa1a1b20cef4eca96abdb29,12fd6b0d40f323ad25e0b20bdb6ca4ad285621e6,2026-07-16,2026-07-26
FL,Macy's Oviedo,Oviedo,2017-01-06,2017-03-06,100,unknown,,0,0,1,https://reactwarn.floridajobs.org/WarnList/,58f870fe1b40a59482b34c354507e7d61020feba90fbe1ada21fdb8e,77bd37c0e888e751ba7effc9f0c8e17739cca33c,2026-07-16,2026-07-26
FL,Macy's Sarasota,Sarasota,2017-01-06,2017-03-06,92,unknown,,0,0,1,https://reactwarn.floridajobs.org/WarnList/,fb28eece7d7b1b32442b458b0189650e8490773dbdc864e38a0f6c60,b7343d62b34beb2c235872cbbb6799121bbf0a92,2026-07-16,2026-07-26
FL,Macy's Sarasota Square,Sarasota,2017-01-06,2017-03-06,92,unknown,,0,0,1,https://reactwarn.floridajobs.org/WarnList/,e37f32b2b02a2d7d821c3ac024b272580b3663b570bd19aeba9130d2,027db6c5a89552a5df4ed112546ce978677d1bf9,2026-07-16,2026-07-26
FL,Macy's University,Tampa,2017-01-06,2017-03-06,80,unknown,,0,0,1,https://reactwarn.floridajobs.org/WarnList/,13d26ec9e3ca743107898168d08b1fe724acb198dd12d14a8957e788,35a812f11bf7043c2418e10ea5a51034456f6acc,2026-07-16,2026-07-26
FL,Macy's University Square,Tampa,2017-01-06,2017-03-06,80,unknown,,0,0,1,https://reactwarn.floridajobs.org/WarnList/,7685316ecdc22f9e4b469d648c0b78dc55ac03763bdb2997caca56c9,6836297608239f596a02f38cf223c3b51c40ef60,2026-07-16,2026-07-26
FL,Advantage Rent A Car,Tampa,2017-01-10,2017-02-10,25,unknown,,0,0,1,https://reactwarn.floridajobs.org/WarnList/,a4e898fc5107112efca0b17e1d55062a24dec7e513bd14a7b0d3c87a,d61f5cd01657db82fc579f094b7ee29dd6781888,2026-07-16,2026-07-26
FL,"Feld Entertainment,",Palmetto,2017-01-17,2017-03-24,462,unknown,,0,0,1,https://reactwarn.floridajobs.org/WarnList/,8ae36290ff1b60a17b5f1a86e58e1d448ccb6b49f3ff70d334643fc3,1e26b365994da73e20fa669541980972730c779e,2026-07-16,2026-07-26
FL,Walmart Store # 6400,St. Petersburg,2017-01-18,2017-03-31,79,unknown,,0,0,1,https://reactwarn.floridajobs.org/WarnList/,c8dfa4aa842c628a3c6bde392f795d7284133a0d73fdbea72abc8fc1,850fcbe2bb8c764d16335f5186ac7d67bbdb6d09,2026-07-16,2026-07-26
FL,"Equity One, Inc.",33179,2017-01-23,2017-03-01,48,unknown,,0,0,1,https://reactwarn.floridajobs.org/WarnList/,e8dd01d9fe25a7920950cf16183086344ca7219d29b72792682b3fc9,a1ac1a4cf02bce76802e27a5dc0fddd8e5c69a6e,2026-07-16,2026-07-26
FL,Binder &,Tampa,2017-01-27,2017-03-31,65,unknown,,0,0,1,https://reactwarn.floridajobs.org/WarnList/,35148d1f3fa4fde416ec7b020cccb70acc8fb318b19fdc9d5c8ec64b,35d26017ea796b3c9338b33db4c0044642b1b457,2026-07-16,2026-07-26
FL,Swiss Watch,Miramar,2017-01-27,2017-01-23,129,unknown,,0,0,1,https://reactwarn.floridajobs.org/WarnList/,d1f97ef7d9544a5dd841cf376bf0ef0f5e5386b8b505554fbca1a371,412c639c969cfcff3a108257a98fdd0079697d3d,2026-07-16,2026-07-26
FL,Aircraft Service,Orlando,2017-01-30,2017-03-31,125,unknown,,0,0,1,https://reactwarn.floridajobs.org/WarnList/,cfc74193e8a656e3946458fea749e0c48795e0f2f0df0b265f8f94ff,91b79e7080342a5ff5f583e3253af390d4df49ae,2026-07-16,2026-07-26
FL,PHH Mortgage,Jacksonville,2017-01-30,2017-03-31,7,unknown,,0,0,1,https://reactwarn.floridajobs.org/WarnList/,ccde83a2c564033ca06d8df9914cc421c89c7e2fcc0a0810d429c2b7,94866ccec41e29cc010cba85e5b84e52e3f22718,2026-07-16,2026-07-26
FL,Florida Inst. for,Statewide,2017-01-31,2017-03-10,109,unknown,,0,0,1,https://reactwarn.floridajobs.org/WarnList/,9babdbcd3b39d99d0509c6d692d8ae0f07a43139b553d3c0ac4efa10,3fd5f1f34fbb95bd0fb62c2215d691423a5a65e2,2026-07-16,2026-07-26
FL,Mundy Maintenance,Cantonment,2017-01-31,2017-03-31,123,unknown,,0,0,1,https://reactwarn.floridajobs.org/WarnList/,a6e3926be2b774ed6f8e019191dd2973b939e964747b302a621a1541,67111fdb38b598083c09e4e9ac30a07a5391fb33,2026-07-16,2026-07-26
FL,Mundy Maintenance and,Cantonment,2017-01-31,2017-03-31,123,unknown,,0,0,1,https://reactwarn.floridajobs.org/WarnList/,54194c3d82da3e9b838245e412e2f926148056b72d7bbfd7075b8e62,699a229136cd9142660ccbb9c19f584dc1d38f20,2026-07-16,2026-07-26
FL,IAP Worldwide,Tampa,2017-02-01,2017-02-28,45,unknown,,0,0,1,https://reactwarn.floridajobs.org/WarnList/,4ebc7c7f76ee053ed2cc3fccb998562ab86827c8b7df4b60c7434935,13c160ab267a804f641d3a2c0fb1df39ac8dfce9,2026-07-16,2026-07-26
FL,"IAP Worldwide Services,",Tampa,2017-02-01,2017-02-28,45,unknown,,0,0,1,https://reactwarn.floridajobs.org/WarnList/,c9e91647edf92c1b8c8eb164114c48cecf44c2e9ff3b277002213465,ef2ed67ec336af02a62868aa5414da916f3ca9e6,2026-07-16,2026-07-26
FL,"Transitions Optical,",Pinellas Park,2017-02-01,2017-03-31,4,unknown,,0,0,1,https://reactwarn.floridajobs.org/WarnList/,48a260e269e8dc757b536ec796e507f67e215be9538739030cb10258,e695c69d4e97c39f5231b9a0c1017066c8593464,2026-07-16,2026-07-26
FL,JELD-WEN Interior,Kissimmee,2017-02-06,2017-03-31,82,unknown,,0,0,1,https://reactwarn.floridajobs.org/WarnList/,48e1a2d2544b5e6e42cdc1fa12a48f0266dd9560a837eece22ef00b1,9d4ee68e0abfb3980854ca89c39f90e20c15e61c,2026-07-16,2026-07-26
FL,JELD-WEN Interior Doors,Kissimmee,2017-02-06,2017-03-31,82,unknown,,0,0,1,https://reactwarn.floridajobs.org/WarnList/,9b55d5e9875c0dbba8f858ee6acafa84192de277a086964f38067174,d85e7608a67ae5e98e417b3b5d3a8cf129ffe7e2,2026-07-16,2026-07-26
FL,Schumacher Clinical,Fort Myers,2017-02-06,2017-04-08,125,unknown,,0,0,1,https://reactwarn.floridajobs.org/WarnList/,303f89b998d0f02018aff1b421a2236df296144408cc2642296d003f,f876af120d6f968d60f2e367059cf7731b3a6b17,2026-07-16,2026-07-26
FL,Broadband,Statewide,2017-02-28,2017-03-14,129,unknown,,0,0,1,https://reactwarn.floridajobs.org/WarnList/,b8003331de7d5eaa95bad66be6897c4fe7c58e941bf7affda3e0d3c2,d36193ec55ce41ca145efa168f18661ced58a41a,2026-07-16,2026-07-26
FL,Broadband Interactive,Statewide,2017-02-28,2017-03-14,129,unknown,,0,0,1,https://reactwarn.floridajobs.org/WarnList/,e7f5f8b3d09caef5f144340e6e39dc64af594dba63b1905d822cb231,134c16127caa7ec26e360fa8b489f01fb25b6ae2,2026-07-16,2026-07-26
FL,Cempra,Statewide,2017-02-28,2017-03-01,7,unknown,,0,0,1,https://reactwarn.floridajobs.org/WarnList/,aba0bc4668ddc6e2fee3dfe1599a28055b998448b292fd6a0f15a189,8a7d7153b4e5b49a9221c3ea02bb1e52bbc76f24,2026-07-16,2026-07-26
FL,Cempra Pharmaceuticals,Statewide,2017-02-28,2017-03-01,7,unknown,,0,0,1,https://reactwarn.floridajobs.org/WarnList/,cd7770cc91c5356c693b40390104f3e715071034cdd5258c49866b1d,e10d3a241371a17485600d90df727e82fc99a922,2026-07-16,2026-07-26
FL,The H.T. Hackney,Milton,2017-02-28,2017-04-16,40,unknown,,0,0,1,https://reactwarn.floridajobs.org/WarnList/,6eeb7f53de6f1ba8a6e396dcaa2af74cabef063c14fe3fb81c8f5d3d,83164b3b2cfd3911a4c2a44cb23b93b724644d4b,2026-07-16,2026-07-26
FL,American Tower,Boca Raton,2017-03-01,2017-05-01,56,unknown,,0,0,1,https://reactwarn.floridajobs.org/WarnList/,bc86d2a611325889923a995f5d3cb54e014e08976b3b869008d7ebb9,4984a81a66b4bf26e888b5e290294e2316e15475,2026-07-16,2026-07-26
FL,EmblemHealth,Hollywood,2017-03-01,2017-04-14,221,unknown,,0,0,1,https://reactwarn.floridajobs.org/WarnList/,cd580b5574a9af40ac82128e6f6551b331de92f8f3edd054fd8431ab,d6e4cdad5e1696b9164c303bb947a24561147306,2026-07-16,2026-07-26
FL,"EmblemHealth Services,",Hollywood,2017-03-01,2017-04-14,221,unknown,,0,0,1,https://reactwarn.floridajobs.org/WarnList/,e4bfea67a28f5aea796a0c3273946b8407e5553ced1e1a4f427f2449,e8ed69b774f5c77e88effaf18ce3eac3f382d181,2026-07-16,2026-07-26
FL,PAE Aviation and,Eglin AFB,2017-03-06,2017-03-31,133,unknown,,0,0,1,https://reactwarn.floridajobs.org/WarnList/,3574d404571595ea47a5dd891740d63b483cd29113b6aa54a81d2b0e,6e480d53e631b6d584eda21cddc382b87b7a177d,2026-07-16,2026-07-26
FL,"Source One Direct,",Jacksonville,2017-03-07,2017-05-01,170,unknown,,0,0,1,https://reactwarn.floridajobs.org/WarnList/,aaf16482de2c7d1c106d07d7b2a48cb1a6c95804323b4b2f8fe5e4e6,fad53f0a0bb4f5f1b7588cc45d8cb3245186ee8c,2026-07-16,2026-07-26
FL,Hyde Beach Kitchen,Hallandale,2017-03-09,2017-05-07,101,unknown,,0,0,1,https://reactwarn.floridajobs.org/WarnList/,e096298034b4f1128143d098460fa1340394cd5c343f0cf56b713caf,012f6d06a94af88d052611608851786b8ac27d79,2026-07-16,2026-07-26
FL,Aramark,Tallahassee,2017-03-10,2017-05-30,899,unknown,,0,0,1,https://reactwarn.floridajobs.org/WarnList/,ffa5ba9bbaf2b774ae2492996983024c0bfd583c43ffedc8e71afb20,3ca36396578b2f46e8cc9ebebd6d9d189fb3f75b,2026-07-16,2026-07-26
FL,Comtech,Tampa,2017-03-13,2017-02-16,40,unknown,,0,0,1,https://reactwarn.floridajobs.org/WarnList/,5fcdf0e66b4a6476c4ab2cbb6fa8f213e48590639d82f20b06da907c,7281969b3c4db83170c1100ca618e1e24a08679a,2026-07-16,2026-07-26
FL,J.C. Penney,Lakeland,2017-03-15,2017-05-19,119,unknown,,0,0,1,https://reactwarn.floridajobs.org/WarnList/,e9b349b2631347c89a2dd9d463128b6fbb6cc989d32b50903c69df70,9501d092236e57b0a3bf75b2703a6d741a318105,2026-07-16,2026-07-26
FL,SURVICE Engineering,Eglin AFB,2017-03-21,2017-04-22,91,unknown,,0,0,1,https://reactwarn.floridajobs.org/WarnList/,b1ed3ad5407c0163effd776b689f75a9809099db7d87e715fcb34378,b721c1e2a9c77f058c5d6a7c523c6fd7d2384d84,2026-07-16,2026-07-26
FL,CTIS,Riviera Beach,2017-03-28,2017-05-20,70,unknown,,0,0,1,https://reactwarn.floridajobs.org/WarnList/,58909c38906c43ad6a2fc9372b6114114b91a431bcbe1951f04813b1,a57cf2da81c32b0e06d05defeba85fa7e2403f92,2026-07-16,2026-07-26
FL,CTIS,33404,2017-03-28,2017-05-20,70,unknown,,0,0,1,https://reactwarn.floridajobs.org/WarnList/,60dda285abbfdda4461bddebf05b15e5edbd3006833950ccaf73a1ae,d600e52be927265d480c5d465d39cb3f3c1f7418,2026-07-16,2026-07-26
FL,The Cheesacake,33133,2017-03-28,2017-05-28,92,unknown,,0,0,1,https://reactwarn.floridajobs.org/WarnList/,228040364ef68f9134459aa31d4c1bb0e126e0d0e563fb4171563873,8bfbe2d7d5ec0cfe7e15077eddc465c9f29574c5,2026-07-16,2026-07-26
FL,The Cheesacake Factory,Coconut Grove,2017-03-28,2017-05-28,92,unknown,,0,0,1,https://reactwarn.floridajobs.org/WarnList/,be9aa26a4ae3e70ad8cf0dfa5f821adaf577d65756eb25cc5ce98209,c2599ec59d3d9fb17f2a9d4f8085d6f957f03278,2026-07-16,2026-07-26
FL,Valassis Direct Mail,Orlando,2017-03-28,2017-05-22,71,unknown,,0,0,1,https://reactwarn.floridajobs.org/WarnList/,707a496dd43293f9b7d19086d2efd75c8a009eb7884e1d085056af8b,aa48932cdefe4a63bda8e337d8ad74821a4f3626,2026-07-16,2026-07-26
FL,"bebe stores, Inc.",Ft. Lauderdale,2017-03-28,2017-05-27,9,unknown,,0,0,1,https://reactwarn.floridajobs.org/WarnList/,6eb75c0bb78a87a45ce260ebb8f7fdb18f402f70cfb853f536ca0cef,0a98c78298549c1fef8dbd95dccfacc31cc098df,2026-07-16,2026-07-26
FL,"bebe stores, Inc.",33304,2017-03-28,2017-05-27,9,unknown,,0,0,1,https://reactwarn.floridajobs.org/WarnList/,2e11e6653683561ba81daa1dbf156e59823d940f9e097feb00c86b3e,10f999dea760b5359757d7d457fc8c11f4422af9,2026-07-16,2026-07-26
FL,"bebe stores, Inc.",Boca Raton,2017-03-28,2017-05-27,9,unknown,,0,0,1,https://reactwarn.floridajobs.org/WarnList/,db430a9c50db1686806870531965d28f26fa8680f9971e7a93a603fd,2ae595d6c4437c434bbd2b13e3d328b7e48c242e,2026-07-16,2026-07-26
FL,"bebe stores, Inc.",Pembroke Pines,2017-03-28,2017-05-27,9,unknown,,0,0,1,https://reactwarn.floridajobs.org/WarnList/,6a4d6f4fbe857c4d65472d4db0d2888213eef992513dd551b9a5ddd8,3b7c7ebc9b2969c4f69b3b57c1b52b5cbd6e30fc,2026-07-16,2026-07-26
FL,"bebe stores, Inc.",Coral Gables,2017-03-28,2017-03-31,7,unknown,,0,0,1,https://reactwarn.floridajobs.org/WarnList/,4b69275a0dd16e7dd90afdc6843c3ef04d062055ba5c504c05af5dc9,5a9a11f43e8f171eff8c49b3c894ca821565d08a,2026-07-16,2026-07-26
FL,"bebe stores, Inc.",Miami Beach,2017-03-28,2017-05-27,13,unknown,,0,0,1,https://reactwarn.floridajobs.org/WarnList/,edd745a4ed4126447771ea1ca99678fb5b80e90271f2342624b6cb7a,5abc3f4504ede8f7a40208d597aaff6d6ec41081,2026-07-16,2026-07-26
FL,"bebe stores, Inc.",Aventura,2017-03-28,2017-05-27,15,unknown,,0,0,1,https://reactwarn.floridajobs.org/WarnList/,796214df3227d83df2bb4005a0a4ff894b386bbd9e7bda13cf2228d1,72feb2b1d9b7c919110b5e66a21321307afb6cce,2026-07-16,2026-07-26
FL,"bebe stores, Inc.",Sunrise,2017-03-28,2017-05-27,17,unknown,,0,0,1,https://reactwarn.floridajobs.org/WarnList/,2599c9d26163fa80f6008100121708f657d4f1e998cc25e538c24dd9,9034ab1ddbf804d29977c33d41368049f20d8137,2026-07-16,2026-07-26
FL,"bebe stores, Inc.",Wellington,2017-03-28,2017-05-27,7,unknown,,0,0,1,https://reactwarn.floridajobs.org/WarnList/,e17a2e7701bc5450b6b301e5cd207fa6af77dbcf72ca74fabd0e2f9d,9fbdde79a3e06fdcacce5ab7ddeb5e2676c47004,2026-07-16,2026-07-26
FL,"bebe stores, Inc.",Miami,2017-03-28,2017-05-27,10,unknown,,0,0,1,https://reactwarn.floridajobs.org/WarnList/,0b2c5c49e93c1109b1115cfdefe2f726c4ac9192a2f378650983f816,b28c21baaf02e9b4b3534ce5f8a04c37d8d9ba00,2026-07-16,2026-07-26
FL,"bebe stores, Inc.",33410,2017-03-28,2017-05-27,10,unknown,,0,0,1,https://reactwarn.floridajobs.org/WarnList/,f179f94bdb125aac3870175b8ccead7f95ab60997378222fdca44077,c250b2f0a949713dd9bc2b1a0c4c24b404d40034,2026-07-16,2026-07-26
FL,"bebe stores, Inc.",33027,2017-03-28,2017-05-27,9,unknown,,0,0,1,https://reactwarn.floridajobs.org/WarnList/,b9005093aed94957fbe2222ada323157a20638af7cda1246978ecb0c,e298b38f1244958556e728b9e7406569775b55e9,2026-07-16,2026-07-26
FL,Clinical Pathology,Orlando,2017-03-30,2017-05-01,73,unknown,,0,0,1,https://reactwarn.floridajobs.org/WarnList/,6a4b544b693c1c46adf038e29a03838ee7d8ee9444d6d91c25d945d7,4f3b4ba85622cf8857607944223f4be7392b85b2,2026-07-16,2026-07-26
FL,Clinical Pathology Labs.,Orlando,2017-03-30,2017-05-01,73,unknown,,0,0,1,https://reactwarn.floridajobs.org/WarnList/,4daf5375b8faaa412806c9c67308b489a1562609a3faa23349e36341,773ed0bfc21b5ce1ef3c923ac57ff1ef2938ded5,2026-07-16,2026-07-26
FL,HSBC,Brandon,2017-03-31,2017-06-01,357,unknown,,0,0,1,https://reactwarn.floridajobs.org/WarnList/,2b1ca00bdcef3dc79caf325feacb9d1eb7ea54761831df1c1e2804bd,6be55109e4024dc26e6f2ff2b1a069cf5e6cb861,2026-07-16,2026-07-26
FL,Southwest Key,Homestead,2017-04-03,2017-03-29,94,unknown,,0,0,1,https://reactwarn.floridajobs.org/WarnList/,68c1170534c263f7ce80710b1d38ffbc063aeb62d6d7d3475600aa44,f1becdd16321df3ab60835a9eeab350e08fb15ba,2026-07-16,2026-07-26
FL,Dollar Express,Miami,2017-04-04,2017-06-30,26,unknown,,0,0,1,https://reactwarn.floridajobs.org/WarnList/,4a3e0672bb6ccf0c0c32d031e754ca5a416a60cd737822485838759b,970422369f36564e27b2202f54c5ca69dd4f11e3,2026-07-16,2026-07-26
FL,Dollar Express,Kissimmee,2017-04-04,2017-06-30,20,unknown,,0,0,1,https://reactwarn.floridajobs.org/WarnList/,a3316c6d07c2614cee5342b7cecc50c98f24a00dd5dc5d8dbd5aa42d,e1c7597c6ccb50419b5c430608680a95d1f0e12e,2026-07-16,2026-07-26
FL,Dollar Express Store,Plantation,2017-04-04,2017-06-30,5,unknown,,0,0,1,https://reactwarn.floridajobs.org/WarnList/,bdb773473e03f77b82d253df42dc4d3ea3a1073a7d146996b967899a,058379487a66c164551fc311f5f66caa06018bea,2026-07-16,2026-07-26
FL,Dollar Express Store,33169,2017-04-04,2017-06-30,8,unknown,,0,0,1,https://reactwarn.floridajobs.org/WarnList/,5f47141d729c4749e75fbf863a3665e97a68f6f9e37fb600ed63a86e,46279c1824de0edd2caa9e814022622bd26f419c,2026-07-16,2026-07-26
FL,Dollar Express Store,Hollywood,2017-04-04,2017-06-30,9,unknown,,0,0,1,https://reactwarn.floridajobs.org/WarnList/,4c07c48b52371d806c5f35d2b5f476785dae822f1dd640b851d2a225,467d7a64b94703dec26effbaf8a2613e3c0914d3,2026-07-16,2026-07-26
FL,Dollar Express Store,Jacksonville,2017-04-04,2017-06-30,9,unknown,,0,0,1,https://reactwarn.floridajobs.org/WarnList/,61c8636bf4cca871ea669e2e4af2fa7857e26835efa158320eb58224,6af66dbe240d79e3db80bfdeacbd8a10edb5c749,2026-07-16,2026-07-26
FL,Dollar Express Store,Homestead,2017-04-04,2017-06-30,9,unknown,,0,0,1,https://reactwarn.floridajobs.org/WarnList/,df636cdf2eed5a74bd7c4fb8ad2ce754be764521cf862fcb660ba849,9545570abbc59a1c1b0ed7fef92bed7a09cbe550,2026-07-16,2026-07-26
FL,Dollar Express Store,Miami Gardens,2017-04-04,2017-06-30,8,unknown,,0,0,1,https://reactwarn.floridajobs.org/WarnList/,eb5fc4013b8df9fe9183235e1e427323da8b305f11828c924e33e05a,cfed6576474c830d1f30c808606e55955f6197e9,2026-07-16,2026-07-26
FL,Dollar Express Store,Tampa,2017-04-04,2017-06-30,20,unknown,,0,0,1,https://reactwarn.floridajobs.org/WarnList/,60995cb5209398c41426e2ec7d6498618a46b8159870c235e6909a05,d1f0a2f77e543042f81de1d397644300856150f0,2026-07-16,2026-07-26
FL,Dollar Express Store,Dania,2017-04-04,2017-06-30,8,unknown,,0,0,1,https://reactwarn.floridajobs.org/WarnList/,5cf8140ab61cd5cc92d1b70713fb9b1f3f80dfe04e8b597c76501d9b,d984327536877ab3f14bef77c2076451ef992da5,2026-07-16,2026-07-26
FL,Dollar Express Store,Deltona,2017-04-04,2017-06-30,11,unknown,,0,0,1,https://reactwarn.floridajobs.org/WarnList/,5b92ca2423937caa80ad23c3fdca6bc889f26aec8fc7cc4a522e9bc6,e5320c9ddecba0c8ebcd574f1e3d060e367dd00a,2026-07-16,2026-07-26
FL,Dollar Express Store #s,Jacksonville,2017-04-04,2017-06-30,9,unknown,,0,0,1,https://reactwarn.floridajobs.org/WarnList/,7fd923668cda46e6bf4f3996cb95d29911a46366d3365cc953cd9389,0388c68272f760ea6ef5bad7493429118a2a5e93,2026-07-16,2026-07-26
FL,Dollar Express Store #s,Tampa,2017-04-04,2017-06-30,20,unknown,,0,0,1,https://reactwarn.floridajobs.org/WarnList/,12721c45b813f00f4e1a8e65185b195f538e54cfcc8ec3df8b8ddd64,46c2f342cebd0e8026f087d7baa96a0150866e99,2026-07-16,2026-07-26
FL,Dollar Express Store #s,Deltona,2017-04-04,2017-06-30,11,unknown,,0,0,1,https://reactwarn.floridajobs.org/WarnList/,1b6785c4465d3850af797a389a0f4bc00091f2f76e15600d1cf06fce,609dda6131efe26c31a7da9e1b6622790b457bb5,2026-07-16,2026-07-26
FL,Fluor Federal,Gainesville,2017-04-04,2017-05-31,125,unknown,,0,0,1,https://reactwarn.floridajobs.org/WarnList/,674c6f4c5c514a1f075610791077923e8c88093e4cd11ea79558fa71,c4a820e380bfe2bf55af64123ef760ea43458486,2026-07-16,2026-07-26
FL,"Fluor Federal Solutions,",Gainesville,2017-04-04,2017-05-31,125,unknown,,0,0,1,https://reactwarn.floridajobs.org/WarnList/,b8d49eb52e091324e9befcea8fd4b3f2718f6636137be9fba9b441b4,3f4a5352282e65c846393418a32380eaeeea4425,2026-07-16,2026-07-26
FL,International,St. Petersburg,2017-04-06,2017-06-09,112,unknown,,0,0,1,https://reactwarn.floridajobs.org/WarnList/,9b8dbf1ec8db0bc156c3d1c161c9b0949fbdb6b035359de10d9f0567,2a12be1643a3e3c847644887c70df7e44db2a570,2026-07-16,2026-07-26
FL,"Morrison Healthcare,",Tampa,2017-04-07,2017-06-06,119,unknown,,0,0,1,https://reactwarn.floridajobs.org/WarnList/,3958a8b19c207490f80dba160b83088309903d134ce0d7385d5c7eff,6ebafd2e6e6527caf54956c16ad35989529ca19e,2026-07-16,2026-07-26
FL,hhgregg,Davenport,2017-04-13,2017-05-31,58,unknown,,0,0,1,https://reactwarn.floridajobs.org/WarnList/,28f2b79c1870fa00ff607bd8d4812cba26b3282fdfb9c6f871a20878,7f9107b4db7995d5ab9fe59ede037df0639a24b1,2026-07-16,2026-07-26
FL,Sears Holdings,Miami,2017-04-17,2017-07-09,101,unknown,,0,0,1,https://reactwarn.floridajobs.org/WarnList/,5f107bf6ec3843dcd0586c062f6b69565c85f0675dc49172389dc141,ff4b6bba7df204e158ee51a3a44012cbb3a7d75a,2026-07-16,2026-07-26
FL,DaVita Rx,Orlando,2017-04-20,2017-06-19,12,unknown,,0,0,1,https://reactwarn.floridajobs.org/WarnList/,bfaf9caa32ee983714954b52641038dcfc08f4ac3495d16980cdfe58,d93b43a308222afc58a8b847b77ebe0980da91b7,2026-07-16,2026-07-26
FL,HSBC,Brandon,2017-04-24,2017-06-22,1,unknown,,0,0,1,https://reactwarn.floridajobs.org/WarnList/,5a66bf1b5be33fb357c6da310bd913f7a11c47d0f68dc798392c94ab,d6ea88dd0a8b07aec403b262658baceb076dbe72,2026-07-16,2026-07-26
FL,"Transitions Optical,",Pinellas Park,2017-04-27,2017-06-30,9,unknown,,0,0,1,https://reactwarn.floridajobs.org/WarnList/,6a72f867ffde89ad36e4a25e11270a9c9f63aae37f4a336d1669b1de,076c882c4b83aac05f1f8895965afffc42e91e64,2026-07-16,2026-07-26
FL,"Alico, Inc.",Gainesville,2017-04-28,2017-04-28,31,unknown,,0,0,1,https://reactwarn.floridajobs.org/WarnList/,3c78c881be1eda9eacd9802743220772dc43658bac7ee1c3d1cdc980,c6881e2ee4f23b2fc30b0349f4f71a2ea5683986,2026-07-16,2026-07-26
FL,PHH Mortgage,Jacksonville,2017-04-28,2017-06-30,20,unknown,,0,0,1,https://reactwarn.floridajobs.org/WarnList/,29984cc40a9fc6ca5d3103def8aed4c0916d764ebfc9c7d3354ae262,0e6dbff3bac0564a8a36fa0d1a9f92ed4e7b051e,2026-07-16,2026-07-26
FL,Fluor Federal,Jacksonville,2017-05-01,2017-06-30,260,unknown,,0,0,1,https://reactwarn.floridajobs.org/WarnList/,e0977df9ae350384883fa3bc3a8471866661515b1bb94b9fd752ff3a,f40ff883135a75468647d1b776899fe6fcf936df,2026-07-16,2026-07-26
FL,Fluor Federal Solutions,Jacksonville,2017-05-01,2017-06-30,260,unknown,,0,0,1,https://reactwarn.floridajobs.org/WarnList/,eee342b5537b509927821dbaf7ee9e12870a49bd0e94ec0fcfa36da0,f1feb98c16409682eb1c428262e9ebd66e32e5e1,2026-07-16,2026-07-26
FL,Colorado Premium,Miami,2017-05-08,2017-06-19,167,unknown,,0,0,1,https://reactwarn.floridajobs.org/WarnList/,44735fbe4793bad6ea5c2b2a24ce84c15f1c889f6e2c668aea4b1cad,da9cf4159765bdbe5034d9488e9beca69efd57fe,2026-07-16,2026-07-26
FL,HSBC,Brandon,2017-05-08,2017-07-01,2,unknown,,0,0,1,https://reactwarn.floridajobs.org/WarnList/,3b4ab1083abc6866f9a78370753ae26bb4cfb5e4975ffeaa4fcc9648,3b2ef05a0f5c53294a9fabd1bf137a9b5b4a8553,2026-07-16,2026-07-26
FL,Kellogg Company,Weston,2017-05-08,2017-07-08,246,unknown,,0,0,1,https://reactwarn.floridajobs.org/WarnList/,279cf418b607a6dc20dae42706714a492fd1b8e1bfebe3a4b522e8d5,de3e93496a66f8521f3b4bb1365868c0bcd06f9f,2026-07-16,2026-07-26
FL,"Transdev Services,",Miami,2017-05-08,2017-06-30,102,unknown,,0,0,1,https://reactwarn.floridajobs.org/WarnList/,1ddb12a7d0d25f317b6b8c00fe46d9f8d9c036f6cb3693d7f45444ba,8908e14cfa340bed4bf5a8bbc1f9856282f47ee5,2026-07-16,2026-07-26
FL,PHH Mortgage,Jacksonville,2017-05-26,2017-07-28,12,unknown,,0,0,1,https://reactwarn.floridajobs.org/WarnList/,2d1d6ad6894bc37c0b46d7b367bc672b791922a83dc57e0dfcad6146,d8e8802697efbdfbde71d49922aa6c200a8ed5eb,2026-07-16,2026-07-26
FL,Wexford Health,Statewide,2017-05-30,2017-06-18,540,unknown,,0,0,1,https://reactwarn.floridajobs.org/WarnList/,7be142611314dda5438890dcfdb2673f8d50d70c24f3f940c510a0ee,df88b25295b515f2371b56748bab1b36c8fcb9c7,2026-07-16,2026-07-26
FL,"Wexford Health Sources,",Statewide,2017-05-30,2017-06-18,540,unknown,,0,0,1,https://reactwarn.floridajobs.org/WarnList/,55da8e0131cb4b8e3ff21a1244b350ec272c5eeb2c3157bee633a229,7ba793b939e484a348b630b211748811ecb2ef94,2026-07-16,2026-07-26
FL,"Sodexo, Inc. and",Miami,2017-06-05,2017-07-27,65,unknown,,0,0,1,https://reactwarn.floridajobs.org/WarnList/,bb2a6003b42c45922a6f9d45f9eac822bd980c458a73e821f8682940,0ded2b3d37d32d5e7ec261bcf55d0c18e9c9eff5,2026-07-16,2026-07-26
FL,Levy Restaurants,Lake Buena Vista,2017-06-08,2017-08-01,193,unknown,,0,0,1,https://reactwarn.floridajobs.org/WarnList/,1842b5732aea49883d3e2f4dc533e4ffe712dbfd461caa4e01dabbf8,58541b3287b052b65a195209342bcc5e096fc8c6,2026-07-16,2026-07-26
FL,Levy Restaurants,32830,2017-06-08,2017-08-01,193,unknown,,0,0,1,https://reactwarn.floridajobs.org/WarnList/,f88113f4acace3e7e923ecec5b581c430d15fc6df8602741639431b3,95e2ad2919f0214945cedce18493f3979f2638b1,2026-07-16,2026-07-26
FL,The Orlando Sentinel,Orlando,2017-06-08,2017-08-25,115,unknown,,0,0,1,https://reactwarn.floridajobs.org/WarnList/,dd08ae59c344888538146609e0c9d3c682421a9fe073dfcf90be8650,4dde4f61d133b91cd6eb5edc013b769b888c126b,2026-07-16,2026-07-26
FL,"Central Florida Press,",Orlando,2017-06-15,2017-08-15,142,unknown,,0,0,1,https://reactwarn.floridajobs.org/WarnList/,00b46a7deded503496f20154d77d19b8b2e9e8644b85f58f8e6240dc,7a88373beca5fca8b58444087680112c5a377e74,2026-07-16,2026-07-26
FL,"Morrison Healthcare,",Gainesville,2017-06-21,2017-08-27,45,unknown,,0,0,1,https://reactwarn.floridajobs.org/WarnList/,a2b9facf48c9db29e6e5dc03d4871105bd7a7484b0bcb855b5be3cc2,f5547a1850197dfae42520c43f9eeaf4e66f2650,2026-07-16,2026-07-26
FL,PHH Mortgage,Jacksonville,2017-06-26,2017-07-28,1,unknown,,0,0,1,https://reactwarn.floridajobs.org/WarnList/,03620bc36d519e544a2a19790579b7ea4d75435e490b7f23d32c52a1,02845a7fe7f3d6fbf114a2b9dca90bc79902c482,2026-07-16,2026-07-26
FL,"Liberty Medical, LLC",Port St. Lucie,2017-06-29,2017-08-27,263,unknown,,0,0,1,https://reactwarn.floridajobs.org/WarnList/,3c47a6e5a643734ac0dacb0ad9ba3469e058a69862f9b4de32264ca7,b272a7ec3be8d6c8fd8ff9bfa1f46207a7889920,2026-07-16,2026-07-26
FL,Fluor Federal,Gainesville,2017-07-03,2017-08-31,125,unknown,,0,0,1,https://reactwarn.floridajobs.org/WarnList/,80fd5988e2c8881db9165b91d1f0af382975464a336bbf00396b4c98,aa3348362312bb82f00b328876088ab447e332b0,2026-07-16,2026-07-26
FL,Fluor Federal Solutions,Gainesville,2017-07-03,2017-08-31,125,unknown,,0,0,1,https://reactwarn.floridajobs.org/WarnList/,2dc4ae2a5c5f73220d000815d2075793677e4cf3d21884fa61b2c1ba,ae71048f79dd9c7da82d50ea2865ce92ca7c02ec,2026-07-16,2026-07-26
FL,HSBC,Brandon,2017-07-03,2017-09-01,197,unknown,,0,0,1,https://reactwarn.floridajobs.org/WarnList/,83e23ee5ee4c152f9b4d80e7dd75f6c4fc4a2e3911a378376d84d184,7d94e83c5d87eaeaa1800472154cd5b215907d08,2026-07-16,2026-07-26
FL,Gander Mountain,Statewide,2017-07-11,2017-08-30,119,unknown,,0,0,1,https://reactwarn.floridajobs.org/WarnList/,3681433041fb06d4a46e2a21cb6abbddb3b577b6e43310c1b743c938,b9d6c490af1057f29ef8a14845f4e5681d154064,2026-07-16,2026-07-26
FL,Adolescent TRT Ctr,Lake Worth,2017-07-14,2017-09-14,73,unknown,,0,0,1,https://reactwarn.floridajobs.org/WarnList/,d3d75e658eec2e74c75f0859d5e744b130867014cb89adc8935326ea,0a6135f3a69bc5ac638614b1939892ecddd441bb,2026-07-16,2026-07-26
FL,Adolescent TRT Ctr of,Lake Worth,2017-07-14,2017-09-14,73,unknown,,0,0,1,https://reactwarn.floridajobs.org/WarnList/,e448489c65b35df2c5d435b26fc7af34c3576f68377195d46f4da850,31e34e8c71ccd0d5b9eee47392286f1f540cd98f,2026-07-16,2026-07-26
FL,Kmart Store #07711,Miami,2017-07-17,2017-09-24,93,unknown,,0,0,1,https://reactwarn.floridajobs.org/WarnList/,e8891d52f3be0bb43e58bc4f904639c5d1cf36b3289c25b1e50fe88f,dea2ff30c303556ebde6f45a85b75fdd26337817,2026-07-16,2026-07-26
FL,"GTO Access Systems,",Tallahassee,2017-07-20,2017-09-19,53,unknown,,0,0,1,https://reactwarn.floridajobs.org/WarnList/,29993b37e4587d7da758d688adff30060097f404863c193568ac4a38,04e6fa927871cf9e4a58fdd982ce2fe94b54a3c6,2026-07-16,2026-07-26
FL,PHH Mortgage,Jacksonville,2017-07-21,2017-09-22,15,unknown,,0,0,1,https://reactwarn.floridajobs.org/WarnList/,791c43df96258179419f4461d009c2e14c2d8762d13f63c2c21744bb,c4dbb0265ae9126cd379984fcfbad131414265d5,2026-07-16,2026-07-26
FL,"S-L Snacks FL, LLC",Perry,2017-07-26,2017-09-29,101,unknown,,0,0,1,https://reactwarn.floridajobs.org/WarnList/,c87108c5f0ae362361d5d84ba75a5e5af718267232e31859409e068d,9db87476c6fe4245218ed762e7c4ea64c9c8309c,2026-07-16,2026-07-26
FL,"YP, LLC",Jacksonville,2017-07-31,2017-09-29,105,unknown,,0,0,1,https://reactwarn.floridajobs.org/WarnList/,ab3ed205b68f124d70bcf99183df6578a5fcd8584ae0717d29ffaf4a,042a6570a9c1c05f9717599a3cd9da3bc1185a91,2026-07-16,2026-07-26
FL,Abacus Technology,FL 32815,2017-08-04,2017-09-30,388,unknown,,0,0,1,https://reactwarn.floridajobs.org/WarnList/,53931bf3567971bcb133851b93bf7b9ffc3f06ff8049bb2b5feb7212,65f41fa989d11c8f04d739efcad22e5ba30f9eeb,2026-07-16,2026-07-26
FL,Abacus Technology,32815,2017-08-04,2017-09-30,388,unknown,,0,0,1,https://reactwarn.floridajobs.org/WarnList/,99cd341b35caa01cb956be7a743f2f958f3f8fd4ac26e7262278c1ea,ddc334550337b5b9f7bd1a61f4f41345b6c1649d,2026-07-16,2026-07-26
FL,"Enduris Extrusions,",Statewide,2017-08-04,2017-09-30,166,unknown,,0,0,1,https://reactwarn.floridajobs.org/WarnList/,29b90120e6f4c0726fda03cbd31654fd7e6882fd88ba35ef7756bef2,0854939c012ce0ff08e255b6e09c73a10de5b7da,2026-07-16,2026-07-26
FL,Vencore,FL 32815,2017-08-08,2017-09-29,53,unknown,,0,0,1,https://reactwarn.floridajobs.org/WarnList/,8d55d76516fd8439889496f582f47c2b130e310847697745331a53c4,4407833293fac3ac07bdcadd6ddf89517faee937,2026-07-16,2026-07-26
FL,Vencore,32815,2017-08-08,2017-09-29,53,unknown,,0,0,1,https://reactwarn.floridajobs.org/WarnList/,c0ada166812014877aacaa1b1b0be52470905ab91bd956cd73006a86,aa85d5f0a84e2fec183c31f9f9d3101774e06045,2026-07-16,2026-07-26
FL,"Southeast Milk, Inc.",Plant City,2017-08-09,2017-08-31,52,unknown,,0,0,1,https://reactwarn.floridajobs.org/WarnList/,ccc8d553c93d493c63415e3d1836d8b6e463c80ac00c5cf1aa201773,f60cf3f9d58c45dc51f53d5863832cf8ed033252,2026-07-16,2026-07-26
FL,PHH Mortgage,Jacksonville,2017-08-21,2017-10-20,3,unknown,,0,0,1,https://reactwarn.floridajobs.org/WarnList/,dbb85428e0eb538b7c075bb35fde0c9b23fc13e21b6a75c86a0bef1c,b2188cf583d0a333841293f5dd82735eba78c328,2026-07-16,2026-07-26
FL,Resources for Human,Statewide,2017-08-24,2017-10-31,87,unknown,,0,0,1,https://reactwarn.floridajobs.org/WarnList/,27808555368ea777ea5a3004ab5e26b71f4d8ff036781ded53282386,075dea14898755173c3341a8cb7302f1f0b7dc55,2026-07-16,2026-07-26
FL,HSBC,Brandon,2017-08-25,2017-10-24,3,unknown,,0,0,1,https://reactwarn.floridajobs.org/WarnList/,391196f3b12790c27502824b6db9a2f77d9b52eeff2cdaf1e1b883c0,15518c0b307f4ca84fa019d84775a4ea03c44e9d,2026-07-16,2026-07-26
FL,Vencore,32815,2017-08-30,2017-10-31,2,unknown,,0,0,1,https://reactwarn.floridajobs.org/WarnList/,b5f6f84c8115caf1bdd0ea04248e8f06746e7ba22bf4da696a1c36b7,a42c9485fce39c753f76c581adcd139884b54be6,2026-07-16,2026-07-26
FL,Vencore,FL 32815,2017-08-30,2017-10-31,2,unknown,,0,0,1,https://reactwarn.floridajobs.org/WarnList/,72d3e03a0982f4e79ed3ab1c83606d94452bf02cc437afbb8f2bdb57,b64c2e1f7cbba892f7c4cd07c864dc2f9ae078d3,2026-07-16,2026-07-26
FL,Fluor Federal,Pensacola,2017-09-01,2017-09-30,145,unknown,,0,0,1,https://reactwarn.floridajobs.org/WarnList/,edec8c689720f7ca183c98e393909ba31f9c4013a9129692829d0a6b,27bcc2be67242f7a875c265c6882a7fefc57f4bf,2026-07-16,2026-07-26
FL,Fluor Federal Solutions,Pensacola,2017-09-01,2017-09-30,145,unknown,,0,0,1,https://reactwarn.floridajobs.org/WarnList/,1e55d3632af90682c9983f10f68c24359e54ace905b21efc8a42993d,4439e273b9dae03531abbc327c3f0e7fe563be70,2026-07-16,2026-07-26
FL,Jackson National Life,Tampa,2017-09-01,2017-11-01,10,unknown,,0,0,1,https://reactwarn.floridajobs.org/WarnList/,5e99fecfa2b3b64a6be7e1ff0c0e4bd2d24a406f67494d0fe0add26a,ebf33fca26047cb685e88849f69af5b33fe6aa95,2026-07-16,2026-07-26
FL,"Luke Brothers, Inc.",Statewide,2017-09-06,2017-11-05,55,unknown,,0,0,1,https://reactwarn.floridajobs.org/WarnList/,20cb09e1d82a6eaf0eb14c1abfefa9add44adfacdf3c3b3157a01ffd,4b3bf3af653b36b60886bf005d4755d71939368e,2026-07-16,2026-07-26
FL,"Transdev On Demand,",St. Petersburg,2017-09-18,2017-11-08,39,unknown,,0,0,1,https://reactwarn.floridajobs.org/WarnList/,eff18c2e8c890dfe0b41e61954495f319560fd6d7599653a8fdde9be,70e5c235188a6189bbebd1e2121cc43f9594352b,2026-07-16,2026-07-26
FL,PHH Corporation,Jacksonville,2017-09-21,2017-11-17,1,unknown,,0,0,1,https://reactwarn.floridajobs.org/WarnList/,12e2077252c526a15353885beb1eb58e0ece837aafd2e8588a98cbd0,6a16f8e422e8cd2e1eefdf347d13be22e1943aa5,2026-07-16,2026-07-26
FL,"Crothall Healthcare,",Lakeland,2017-09-26,2017-11-27,183,unknown,,0,0,1,https://reactwarn.floridajobs.org/WarnList/,596200f4dd400448dba6b3d4ce6f0a15bd2ecebed4b2cbe3486b22c7,db091859b9f6b7959568fae06c0b94e38de84240,2026-07-16,2026-07-26
FL,Orlando Dinner,Orlando,2017-09-26,2017-09-11,206,unknown,,0,0,1,https://reactwarn.floridajobs.org/WarnList/,3a92de7461d401494dd15508bca55eb58d6886543c9010a71860f35b,6372799475b8ef2d6ae280cf3ded424a9410e3f3,2026-07-16,2026-07-26
FL,PHH Mortgage,Jacksonville,2017-09-27,2017-12-15,43,unknown,,0,0,1,https://reactwarn.floridajobs.org/WarnList/,da9f9348499ffe76be44190b86e1ff1a4b593861a08b5735d8a54c79,fa7128d2373822bc934f25d04c5304f6fb5d6d30,2026-07-16,2026-07-26
FL,The Rehabilitation Ctr,Hollywood,2017-09-27,2017-09-20,245,unknown,,0,0,1,https://reactwarn.floridajobs.org/WarnList/,a306676bbf622b3162106690e2ce94d8738066707dc2f7b836390ec9,a3e305e01825eb6a95d994864fb2e380abf628ab,2026-07-16,2026-07-26
FL,The Rehabilitation Ctr at,Hollywood,2017-09-27,2017-09-20,245,unknown,,0,0,1,https://reactwarn.floridajobs.org/WarnList/,91503bf8a6cff4ba7b89f1bfb826f44f869b539cc70ae96bc53ee39e,772f6bbe03809b972b763778a30e721ba05fc64d,2026-07-16,2026-07-26
FL,Vencore,32815,2017-09-28,2017-11-30,312,unknown,,0,0,1,https://reactwarn.floridajobs.org/WarnList/,0cc3a105a6f05bf9eb0d1724e1acfa86077f893a44f33c55b165b9b9,c9b3e84e5f10a466385f6ce2c9846f1ea9dff5b0,2026-07-16,2026-07-26
FL,Vencore,FL 32815,2017-09-28,2017-11-30,312,unknown,,0,0,1,https://reactwarn.floridajobs.org/WarnList/,22794c0ae153d284fef248f59a3567f7b7072b83a47b9f34797ae4d4,fe32f1a2145fde33e190e9ea038930a4100ef082,2026-07-16,2026-07-26
FL,"Transitions Optical,",Pinellas Park,2017-09-29,2017-11-30,18,unknown,,0,0,1,https://reactwarn.floridajobs.org/WarnList/,86c22c62fd79aa1be02ba9424fe8a003ccce7883c29a0e57c101908e,59dd7b2395be340c38405a379299ff92bd5bc035,2026-07-16,2026-07-26
FL,"Crothall Healthcare,",Miami,2017-10-03,2017-11-30,82,unknown,,0,0,1,https://reactwarn.floridajobs.org/WarnList/,089ca6cdf8df79fffa9cfc0a580eb47479f468bfae283faa5afa62cd,a768ad73538413c8e77cfc32f31e9fc58391d056,2026-07-16,2026-07-26
FL,Sitel Operating,Lake City,2017-10-11,2017-12-09,178,unknown,,0,0,1,https://reactwarn.floridajobs.org/WarnList/,051d4f2b37358a2fa76f2bf870f3b421b289e7942a272aba7e529bc1,7627d94e54a586ce52b29e1c84e59aa1a17ba6da,2026-07-16,2026-07-26
FL,Hawks Cay Resort,Duck Key,2017-10-18,2017-10-15,260,unknown,,0,0,1,https://reactwarn.floridajobs.org/WarnList/,3d6d861e2d8508ca574170cb06c20bb1ddd80e61a872e03a3e9aaf4a,706ef67a6262e01e285ed5af0a3bf37d9baac85d,2026-07-16,2026-07-26
FL,Professional Surveys,Largo,2017-10-18,2017-10-18,182,unknown,,0,0,1,https://reactwarn.floridajobs.org/WarnList/,5dfd1c6b4eba90a86833669ea85d74b4eaf6d4c71ca75a3cb141a197,00427fd1deb6e9bde583a1dfbec24e2dde3f339a,2026-07-16,2026-07-26
FL,Professional Surveys of,Largo,2017-10-18,2017-10-18,182,unknown,,0,0,1,https://reactwarn.floridajobs.org/WarnList/,b3d8514d4e60a74513e21f4f76c21c9609bd9132855124294b51b877,ba47d685b4a118964de514a72bff603c51cb8460,2026-07-16,2026-07-26
FL,ValueOptions Federal,Jacksonville,2017-10-18,2017-12-29,115,unknown,,0,0,1,https://reactwarn.floridajobs.org/WarnList/,3b241e4e8ca2fbddb2a32b19e1c5cff87e17bf45613a8e83aeb20a70,531fdc38e628b5c4f7beedf3d6f023bc6864b731,2026-07-16,2026-07-26
FL,The Ritz-Carlton,Miami Beach,2017-10-23,2017-12-08,281,unknown,,0,0,1,https://reactwarn.floridajobs.org/WarnList/,1755d064767a0670e16218af8c432da26bdc31d768a2cc4abcecac1a,575926a2ef8de6687657818a73ed34dbaef99cd6,2026-07-16,2026-07-26
FL,The Ritz-Carlton South,Miami Beach,2017-10-23,2017-12-08,281,unknown,,0,0,1,https://reactwarn.floridajobs.org/WarnList/,57ebdd9deed5596341fd7cd8efd1057aaba31df8abf8667e3af7eac9,b139fd4553dfee524c0e5db88fd5177c62cdfce9,2026-07-16,2026-07-26
FL,"Pre-Cast Specialties,",33064,2017-10-24,2017-12-20,252,unknown,,0,0,1,https://reactwarn.floridajobs.org/WarnList/,14824896decc7fbfde11f9a2200799bd9a5864fb2ea0a375ab7afb3f,6ca7bd912bf7e9073b0befbf39ae60d826b55d0c,2026-07-16,2026-07-26
FL,"Pre-Cast Specialties, LLC",Pompano Beach,2017-10-24,2017-12-20,252,unknown,,0,0,1,https://reactwarn.floridajobs.org/WarnList/,217489dbb381edf57a336e745a95033f14aec8fb4fcdf6ebc516b4fe,07d1bf3ac211bf30328eb6c8b943a41108b06645,2026-07-16,2026-07-26
FL,Emeril's Tchoup,Orlando,2017-10-27,2017-12-31,66,unknown,,0,0,1,https://reactwarn.floridajobs.org/WarnList/,07c5fcd5d0383456c0a823f963337b419e9d50c8683fb87f8b34c459,eb00e4d4874017272fa2c5e937840b3e252aa02c,2026-07-16,2026-07-26
FL,"Emeril's Tchoup Chop,",Orlando,2017-10-27,2017-12-31,66,unknown,,0,0,1,https://reactwarn.floridajobs.org/WarnList/,62c68a9222be17264fab777e4be753300a7379794ad26cfddddc6511,1970e45f2c0ed3d316917eff16272810e0152598,2026-07-16,2026-07-26
FL,The Miami Medical,Miami,2017-10-27,2017-12-22,180,unknown,,0,0,1,https://reactwarn.floridajobs.org/WarnList/,5a67f8b0cd33a61c4cff7b044843839072fb433b13c23d5ac981a5af,c2620a4b4b107f2ea1e337a04b7405123fc5a11a,2026-07-16,2026-07-26
FL,Vencore,32815,2017-10-27,2017-12-29,44,unknown,,0,0,1,https://reactwarn.floridajobs.org/WarnList/,0d8671a167adee80fde1a7fbe87d2e69fb773c39d553e5b4a6501eeb,2ccbd68f9248006bf550ffd4c7c2c519ed55fd8f,2026-07-16,2026-07-26
FL,Vencore,FL 32815,2017-10-27,2017-12-29,44,unknown,,0,0,1,https://reactwarn.floridajobs.org/WarnList/,4ad5eb8a97482f33296caa019fe2817d951cf26b8835c4bf9545c309,49bf2405b50f4f60b831a7e758b8e58cc40b0537,2026-07-16,2026-07-26
FL,American Medical,Boca Raton,2017-10-30,2017-12-31,40,unknown,,0,0,1,https://reactwarn.floridajobs.org/WarnList/,baa482d5893974963c30a79dcd1444771cb5cddb2d6b77e95930a074,88f6cc1c479c1a2844b193748af52ddf8e94bca1,2026-07-16,2026-07-26
FL,Arriva Medical LLC,Coral Springs,2017-10-30,2017-12-31,142,unknown,,0,0,1,https://reactwarn.floridajobs.org/WarnList/,3793adbe5cdedd01960d36640e58e4f6fdd7b05d344a85008d890f54,6dd09565f71a0d366c425388ba31c935f08ef67a,2026-07-16,2026-07-26
FL,"Mosaic Fertilizer, LLC",Plant City,2017-10-31,2017-12-31,430,unknown,,0,0,1,https://reactwarn.floridajobs.org/WarnList/,530b64cbba196f217af91c7f889a54764792067b3ef7f93c456eea0b,0c03ff44657dc5575be66463de97e7a1b278fb6d,2026-07-16,2026-07-26
FL,Jackson National Life,Tampa,2017-11-01,2017-12-31,1,unknown,,0,0,1,https://reactwarn.floridajobs.org/WarnList/,b04cd1665a0fba8f6ef7797ca80da38a32e932263973bd22c326b67b,8cd0b09f6c455b71b930fbabc07937f9d0a33ef7,2026-07-16,2026-07-26
FL,Saddle Creek Logistic,Jacksonville,2017-11-01,2018-01-02,47,unknown,,0,0,1,https://reactwarn.floridajobs.org/WarnList/,fdb799b959dac71c5baf7776469fd9bce7508185ed2301efd41dfead,57eb4d00c3a17e07782e7e3af2ca94000565b2f7,2026-07-16,2026-07-26
FL,Assurant Valuations,Tampa,2017-11-02,2018-01-02,62,unknown,,0,0,1,https://reactwarn.floridajobs.org/WarnList/,fe38a2afd2e76c32bb855937f74f584bbf78a33e2b00644f8edd9c74,52094fe80edd5f95ea300d7dce7e605aecc6a1a5,2026-07-16,2026-07-26
FL,St. Johns River Power,Jacksonville,2017-11-06,2018-01-05,89,unknown,,0,0,1,https://reactwarn.floridajobs.org/WarnList/,621f0609732ee4a0dfb7058f2fe55cd12bd3e302fdfa8eae750ab83d,99b7ffa1cf75de1db14bb6b661502fdd776d2a75,2026-07-16,2026-07-26
FL,Zenith Education,Orange Park,2017-11-13,2018-01-08,53,unknown,,0,0,1,https://reactwarn.floridajobs.org/WarnList/,af6b7cda4a943be4bcfb191412523cd99abc6ba8a7496dbcaa5f1135,850a517f92a82d2efe88d1109c80b46abace2aa9,2026-07-16,2026-07-26
FL,Zenith Education,32174,2017-11-13,2018-01-08,41,unknown,,0,0,1,https://reactwarn.floridajobs.org/WarnList/,923de7fe72ec627e7688230bcf75e59c6fb63f311e3bcef9522b6953,a7ca05fed135ac056f964f6a501d63593d77db2f,2026-07-16,2026-07-26
FL,Zenith Education,Tampa,2017-11-13,2018-01-08,212,unknown,,0,0,1,https://reactwarn.floridajobs.org/WarnList/,662c47cc5659a3aceb6844c921cda961d533a6156cab1eb3aca2c4ef,b218084dac006bf70b265cb41aeaa24633aa17ba,2026-07-16,2026-07-26
FL,Zenith Education Group,Ormond Beach,2017-11-13,2018-01-08,41,unknown,,0,0,1,https://reactwarn.floridajobs.org/WarnList/,e0963cb55019c8334cbf0f07936f817641a350833929613e2b1142d8,34880bf9245622da9caf2d68cedc8dbf336f360c,2026-07-16,2026-07-26
FL,Zenith Education Group,Orange Park,2017-11-13,2018-01-08,53,unknown,,0,0,1,https://reactwarn.floridajobs.org/WarnList/,d77e70404206727f0bcd1b4e901bf8134f9635ebe3e02009486e7493,7e06fc912ef36de4dcb0cad7004db4fbb70a8a8f,2026-07-16,2026-07-26
FL,Zenith Education Group,Tampa,2017-11-13,2018-01-08,212,unknown,,0,0,1,https://reactwarn.floridajobs.org/WarnList/,928d485b81ee80f418d98e29cee705dc06f6518a31695aaa45944e9f,ee632a2841b250240987ef19b3be858ec615abe3,2026-07-16,2026-07-26
FL,Mundy Maintenance,Cantonment,2017-11-21,2017-12-11,54,unknown,,0,0,1,https://reactwarn.floridajobs.org/WarnList/,62169b20824c58ca794ef339866513e634e3e7522f82881f8760387b,6997ec098fe1fea12ee715affff010b4024b2aab,2026-07-16,2026-07-26
FL,Mundy Maintenance and,Cantonment,2017-11-21,2017-12-11,54,unknown,,0,0,1,https://reactwarn.floridajobs.org/WarnList/,08cefab55aeee91650c80bd05a7121c76dfe0e78280a92267a4a293d,81939449acf7ef61b6e3d44b9587166c13ea62aa,2026-07-16,2026-07-26
FL,Vencore,32815,2017-12-05,2018-01-31,4,unknown,,0,0,1,https://reactwarn.floridajobs.org/WarnList/,52650fd704784583edc9ce8e5991a1b5708a4037cac55053b92722c5,83e9e1eb73a26d8f8c46537ef2f085b5d755cf85,2026-07-16,2026-07-26
FL,Vencore,FL 32815,2017-12-05,2018-01-31,4,unknown,,0,0,1,https://reactwarn.floridajobs.org/WarnList/,e349d4b8e9041fd53b5b902d5be966d4dc655d87466ee3bb464abf83,e02e17e5a86b4dcd4f06251ce6bde1bdb09be71b,2026-07-16,2026-07-26
FL,Davidson Hotel,Key Largo,2017-12-11,2017-11-27,3,unknown,,0,0,1,https://reactwarn.floridajobs.org/WarnList/,9397fb798a5618397e9eac739c3807503f54064b4a27647e30952a0d,37d66df221c955e044881c940449467343dd6fc1,2026-07-16,2026-07-26
FL,Family Preservation,Statewide,2017-12-11,2018-02-09,249,unknown,,0,0,1,https://reactwarn.floridajobs.org/WarnList/,7f2846a772070dbbe22f03f17c0ef6c1a040b13e1fcf679a51e7540b,cd1e1b41d6c4868533d7b6ed6fd3c01c6fb363af,2026-07-16,2026-07-26
FL,Jackson National Life,Tampa,2017-12-18,2018-02-14,62,unknown,,0,0,1,https://reactwarn.floridajobs.org/WarnList/,a5659b679afe8c2f80d2d7d1e7940c2370813fb8e8576d2e32442732,1fea8c3653f4c5c4e613f9ec6f3d363a157466e5,2026-07-16,2026-07-26
FL,Vencore/NASA,FL 32815,2017-12-20,2018-02-28,198,unknown,,0,0,1,https://reactwarn.floridajobs.org/WarnList/,3dfa609f2ca676f9788576d6cd483b0f8bd5cd17bef90d39c37b0d41,0881244c0e2745a7b9606e505fbc0179b8284e98,2026-07-16,2026-07-26
FL,Vencore/NASA,32815,2017-12-20,2018-02-28,198,unknown,,0,0,1,https://reactwarn.floridajobs.org/WarnList/,2f9da103322ac63888dee956722fbc00a494f3d22415d48563e6daa7,cc7fe3249795e62dedc087c829990d2283b7c85c,2026-07-16,2026-07-26
FL,Brookdale Senior,Margate,2018-01-08,2018-03-09,110,unknown,,0,0,1,https://reactwarn.floridajobs.org/WarnList/,2caeef487d8412d8dd29480cc2b37f1ef1c83b6955bbb019cc34c9f0,efaa5a2e5ea7edb9664d98726caa55751f0ab77c,2026-07-16,2026-07-26
FL,Kmart Store #,Ocala,2018-01-08,2018-04-08,64,unknown,,0,0,1,https://reactwarn.floridajobs.org/WarnList/,756dd2d5369b3b332c1d865fb234d403700c92ef0b0155c9709b918f,3df558953782dd9cd347ab83a16e110a43627410,2026-07-16,2026-07-26
FL,Macy's Downtown,Miami,2018-01-08,2018-03-18,161,unknown,,0,0,1,https://reactwarn.floridajobs.org/WarnList/,f6037b1431ad0ac6d329bc9908ad5cee307ad67bf2ae10a8bf186957,a5c66c67199bf49474991fb42bad045c18b40850,2026-07-16,2026-07-26
FL,Sears Auto Unit #,33431,2018-01-08,2018-04-08,21,unknown,,0,0,1,https://reactwarn.floridajobs.org/WarnList/,64bc3e1f5852a8372eeae1fd99a9d62185974b6c4f69297598661dad,d2a9725dcb1c7dd18411b27fa5d4ee82e0adf99f,2026-07-16,2026-07-26
FL,FLS Unit #01645,33431,2018-01-09,2018-04-08,61,unknown,,0,0,1,https://reactwarn.floridajobs.org/WarnList/,40cd61b28aaf8bee1c127dabd967a8bb0ffb27f811cc12d0a224e290,947c01cbb6a0c8f97afc0b90d20c81c658bbf1a7,2026-07-16,2026-07-26
FL,Kmart Store,Brandon,2018-01-09,2018-04-01,85,unknown,,0,0,1,https://reactwarn.floridajobs.org/WarnList/,39310c16bb4147a6b9ad9e2ae0ac10cb3ade52c77bc81b236f3faa81,c3e709a0632da10bf9077a955fa513a4aaa8205e,2026-07-16,2026-07-26
FL,Sam's Club #6642,Tampa,2018-01-11,2018-03-16,148,unknown,,0,0,1,https://reactwarn.floridajobs.org/WarnList/,137f1eb768a0916ba32b676ce7f67aa1a0052d3fe8bbda15a44adab3,46f5656eb09ab4b65940bd50534db9efa53852b1,2026-07-16,2026-07-26
FL,Sam's Club #8140,Lantana,2018-01-11,2018-03-16,191,unknown,,0,0,1,https://reactwarn.floridajobs.org/WarnList/,80f92fc824f4467f28a02b08b66d8c192bccf24c6cda819860200df8,fb704f020a0b1fdc54121582c92f0dc44ca7ff12,2026-07-16,2026-07-26
FL,Sam's Club #8214,Fern Park,2018-01-11,2018-03-16,173,unknown,,0,0,1,https://reactwarn.floridajobs.org/WarnList/,038ef6cea87241025d04dc4254f90188edfb11f38b7e30c5f705aa5e,f5f55fd760cf05c2d75dc6c50962c487f663cf80,2026-07-16,2026-07-26
FL,Securitas Critical,34428,2018-01-16,2018-03-24,117,unknown,,0,0,1,https://reactwarn.floridajobs.org/WarnList/,f9531322abe54db13aac757996305b79cf75c385aca05e3c219eaa64,2c6951d735365c118f984d02a07184e2028fe7e5,2026-07-16,2026-07-26
FL,Jackson National,Tampa,2018-01-29,2018-04-17,60,unknown,,0,0,1,https://reactwarn.floridajobs.org/WarnList/,d164e3cf58d236fde881564d2f54903dfa5baa231ae0145217ca96d1,6998e8be9e19c152442dc7560eddc0a67a641751,2026-07-16,2026-07-26
FL,"Transitions Optical,",33782,2018-01-29,2018-03-31,3,unknown,,0,0,1,https://reactwarn.floridajobs.org/WarnList/,56933346adc3b50b18ba46920160d3c5453eb530038dcc18a050acfd,2409401d4802eaead7b1dbc3317a26a6c0d6a8a7,2026-07-16,2026-07-26
FL,Fluor Federal,Pensacola,2018-01-30,2018-03-31,140,unknown,,0,0,1,https://reactwarn.floridajobs.org/WarnList/,a301984f1ff2def1827f89005af791e75b75aebaef0f10ccc49ddfe1,8e5eae64c98f011300f5898631ae2888b8c4574f,2026-07-16,2026-07-26
FL,Plano Synergy,34689,2018-01-30,2018-03-30,104,unknown,,0,0,1,https://reactwarn.floridajobs.org/WarnList/,e3b7464abbd82a694e62b2ddccd9b092aaf7ff5d32f4adb82cb38bb5,3a6f38c08273649519ddc0f4a1dd3bb7057ac8b8,2026-07-16,2026-07-26
FL,"ARMA Global, Inc.",Tampa,2018-01-31,2018-03-31,241,unknown,,0,0,1,https://reactwarn.floridajobs.org/WarnList/,2018c93665aecce580680ed417b3d007dff70ed97bd03fa9746b7c6b,cb2120f339bccb766146c9ad6650178761e767d1,2026-07-16,2026-07-26
FL,Jackson National,Tampa,2018-02-01,2018-03-16,41,unknown,,0,0,1,https://reactwarn.floridajobs.org/WarnList/,2ed2fa18aa6ad761ea2067052094b1e32a6ac1d643ae52cc020bd14f,bdace8cbe1c901146eb09b06c29a00aac94f0ee4,2026-07-16,2026-07-26
FL,Lockheed Martin,32544,2018-02-05,2018-03-30,82,unknown,,0,0,1,https://reactwarn.floridajobs.org/WarnList/,23f7bd01b66c98a4edf615ce8f5ce9ceca014a332706bc1429cba4ac,e48374e7f3f40bdf8c05a031c4a9a37b067fcd87,2026-07-16,2026-07-26
FL,Transamerica Life,33716,2018-02-14,2018-04-14,465,unknown,,0,0,1,https://reactwarn.floridajobs.org/WarnList/,4750fd2a9f6c928c4802fe55e3ced473b46585b0796f30f4fcd29f5d,415a55b4a651028e6f5ff0064b97103afc1774b1,2026-07-16,2026-07-26
FL,"Transitions Optical,",33782,2018-02-15,2018-04-15,9,unknown,,0,0,1,https://reactwarn.floridajobs.org/WarnList/,a3172e147e482cb57045ea3c66d53b84ca5d53e0dd9e017c3ce0f916,b4eacd1ef713960f9aa12bc165568d8d7e0bd2c7,2026-07-16,2026-07-26
FL,DynCorp,32901,2018-02-16,2018-03-16,50,unknown,,0,0,1,https://reactwarn.floridajobs.org/WarnList/,dc81c61215e3aed51ec6c71004353b5c387831fe00d38b3d70c1eda3,20a673914f34a781e1f062cb4eb9da53c243ee02,2026-07-16,2026-07-26
FL,"Transitions Optical,",33782,2018-02-20,2018-04-18,25,unknown,,0,0,1,https://reactwarn.floridajobs.org/WarnList/,cef4400774801cca80dcf38e03037cccb0011243111ec76c1c8404fb,da28c1de31f3a3d6a91610fd671af221ce53c884,2026-07-16,2026-07-26
FL,Hard Rock Cafe,Orlando,2018-02-21,2018-04-27,184,unknown,,0,0,1,https://reactwarn.floridajobs.org/WarnList/,fca100d173f13e2ec52c560f35e90a8be7f512016a29ea009addb2a6,7c7c3488d576fb2eb255b15bb5b654a469a0c566,2026-07-16,2026-07-26
FL,DynCorp,32901,2018-02-23,2018-03-30,229,unknown,,0,0,1,https://reactwarn.floridajobs.org/WarnList/,aa6eb8fce1d601c12bbdc0396c24efd96d010bb60836a1e907f9780c,b2ca3970b1da0a227cc5bb87e5e0a906e22293d7,2026-07-16,2026-07-26
FL,"Greenway Health,",Lake Mary,2018-02-23,2018-04-27,27,unknown,,0,0,1,https://reactwarn.floridajobs.org/WarnList/,925ce602752cf13c2d7aae1ad6e921d42f4fd2aab04b7f48472f7afc,b0f9572235baf68ca92fda0e7e4d6129504a872f,2026-07-16,2026-07-26
FL,IBERIABANK,33134,2018-03-07,2018-04-28,124,unknown,,0,0,1,https://reactwarn.floridajobs.org/WarnList/,22b923a0913cf70a9cf38d14bfb979ad83400c79161795cb8f651ac8,5d04466cf178186d3d9fa760db3f35f6f15f39ed,2026-07-16,2026-07-26
FL,Youth and Family,Tampa,2018-03-07,2018-05-08,17,unknown,,0,0,1,https://reactwarn.floridajobs.org/WarnList/,0a9ce7e7e480aeaae2c4016abaf260e9ea015ddbb7856a44dccdf342,4bea5730931afc8adfa9358a305f65f6dd90b6b6,2026-07-16,2026-07-26
FL,AAA Parking,Orlando,2018-03-14,2018-04-30,99,unknown,,0,0,1,https://reactwarn.floridajobs.org/WarnList/,49fc30db5e06775f9232cc7ca1b0e54da25be2e3549605f591b5a332,87efc82657f31f7617cebd7f16d357dbccffe39e,2026-07-16,2026-07-26
FL,Conduent,Tallahassee,2018-03-19,2018-05-17,194,unknown,,0,0,1,https://reactwarn.floridajobs.org/WarnList/,748ad6885f6956d40e204cbc10cfc224d3ee8479306940dd7be865d2,369186930f97130c332cfadf7b7180a63e9514e3,2026-07-16,2026-07-26
FL,XTRA Airways,33134,2018-03-22,2018-05-19,167,unknown,,0,0,1,https://reactwarn.floridajobs.org/WarnList/,c5dfd508d4f9b9a9bf35a106363fde370ecdb887ff00b4f53dc16167,3bf82931087c873cbda36ba38a12b85f534df6f7,2026-07-16,2026-07-26
FL,Nielsen,Statewide,2018-03-26,2018-05-24,724,unknown,,0,0,1,https://reactwarn.floridajobs.org/WarnList/,96232b17377c800cd9ad8a148c7ab67569398062e5b071b831dc67ec,2c45a28ed8ef87ecf41dbf9156c2e202ec316850,2026-07-16,2026-07-26
FL,H.I. Development,Miami,2018-03-27,2018-05-18,88,unknown,,0,0,1,https://reactwarn.floridajobs.org/WarnList/,c0f2b165a55c5b0e648ea87e218b971eb79d5f4ea0089711d673c0f3,3c979afada90bfab77ac5cd65c8545553e1193aa,2026-07-16,2026-07-26
FL,Shuttle Services,Miami,2018-03-28,2018-05-01,95,unknown,,0,0,1,https://reactwarn.floridajobs.org/WarnList/,b2353017efcff7d5120f7e5bb29dffc4a286f2333a91bc40d7e8e7d7,2a530ab44c1437f0f3f7772313ab04926ecc3c0b,2026-07-16,2026-07-26
FL,Durham School,Statewide,2018-03-29,2018-06-30,283,unknown,,0,0,1,https://reactwarn.floridajobs.org/WarnList/,49aaef05fa9f7b78f0dc5e8cdf74ea23ebbaa4d5ed3bc1ae092922e5,1804c2da77cdec5a37e2e57c4386be89f805b0d0,2026-07-16,2026-07-26
FL,Kmart Store #,Brandon,2018-03-29,2018-06-17,76,unknown,,0,0,1,https://reactwarn.floridajobs.org/WarnList/,12c0aaf4bc7e8d349da500374cd02a95b160d8de3b7514783d7e2a2c,69912e875a3d7973e14a6bc568af5a57d8545d7b,2026-07-16,2026-07-26
FL,Sitel,Statewide,2018-04-09,2018-03-30,18,unknown,,0,0,1,https://reactwarn.floridajobs.org/WarnList/,451c7cc0c63d5544170a2ca7be2162f47a933395f1fb0f37b4a4546e,57155d04a4f729b0f9784972f20ee73b5b9524d1,2026-07-16,2026-07-26
FL,"Transitions Optical,",33782,2018-04-10,2018-06-08,12,unknown,,0,0,1,https://reactwarn.floridajobs.org/WarnList/,94a9c77933aaabd6bd259ddbd10d51efe1f1e1fae110a1bfb2425088,bf4bcec0ee84afd9b3c06fdf35985a4e97711dd1,2026-07-16,2026-07-26
FL,Sears Auto Store #,Plantation,2018-04-18,2018-07-08,17,unknown,,0,0,1,https://reactwarn.floridajobs.org/WarnList/,e6a4964e45e852a4d762e255e5b164f6d549cc8ed255c6ab85a71a76,36c3c3f26a9e954f9b094306326c3221dec442cb,2026-07-16,2026-07-26
FL,Sears Holdings,Plantation,2018-04-18,2018-07-08,64,unknown,,0,0,1,https://reactwarn.floridajobs.org/WarnList/,2e7ce311657648448f0e4fc5f7926b255a8a2655629850e3f023579d,943284e325dcdcfe6ca1527f5baeb940b0435848,2026-07-16,2026-07-26
FL,"Flying Food Group,",Orlando,2018-05-07,2018-07-16,86,unknown,,0,0,1,https://reactwarn.floridajobs.org/WarnList/,d50ca7993034aa619ddd3cfff502bd31a75cda8d39841ecd9e01e276,9e250bd6dfa8a8243c4b355683e01faccab65802,2026-07-16,2026-07-26
FL,Baptist Health,Statewide,2018-05-09,2018-07-14,588,unknown,,0,0,1,https://reactwarn.floridajobs.org/WarnList/,db9aff7a237db00e9ec64a9c9b47c3ae9ed4287087b753ef223095eb,5967f20561a46ba391ba4302d422f7a6211aa502,2026-07-16,2026-07-26
FL,"Emeril's of Orlando,",Orlando,2018-05-09,2018-07-07,108,unknown,,0,0,1,https://reactwarn.floridajobs.org/WarnList/,fa636382dd7167ecbd1972e52d0a0167c12b6c5063069c52e1467a49,b21afab47e15bbc6f76c95e33a37258efd566afd,2026-07-16,2026-07-26
FL,Time Customer,Statewide,2018-05-10,2018-07-20,621,unknown,,0,0,1,https://reactwarn.floridajobs.org/WarnList/,385cc972dcf6d5e30126bd43739065f99f7b3e52f959224943225acf,57fa7a22256aaeb26d5987f1d170930943636fb4,2026-07-16,2026-07-26
FL,"FDC Vitamins, LLC",33014,2018-05-15,2018-07-07,15,unknown,,0,0,1,https://reactwarn.floridajobs.org/WarnList/,fc170f8f36a427a9b97b3ed8a185a7b184a999f0e656edcaf30885c9,602bfdbf5f3440c5c11b9c47d3c46c3dfb1090ee,2026-07-16,2026-07-26
FL,M.G. Design,Orlando,2018-05-15,2018-05-09,51,unknown,,0,0,1,https://reactwarn.floridajobs.org/WarnList/,82f7cb3556ba1c3e3f2557f134b06fe45f09e88dd3cd621b954a4176,86c9997eade7d539c54b7da31179d6625b28e4eb,2026-07-16,2026-07-26
FL,"Transitions Optical,",33782,2018-05-18,2018-07-16,12,unknown,,0,0,1,https://reactwarn.floridajobs.org/WarnList/,55abbb97a74d270935575bee96e068967bf9cda9a57e42c5cf445e07,ee6b5cfd4c658ba689bb2f801240214e969a2664,2026-07-16,2026-07-26
FL,"FDC Vitamins, LLC",33014,2018-05-23,2018-07-07,41,unknown,,0,0,1,https://reactwarn.floridajobs.org/WarnList/,996f76e150adaac479bbde2b2f0a5fdf070d0b4c7ef9867934f61113,7a54090a2fc72255570119cc482a0ff6f905e9d4,2026-07-16,2026-07-26
FL,McKesson,Orlando,2018-05-29,2018-07-31,126,unknown,,0,0,1,https://reactwarn.floridajobs.org/WarnList/,dfd14a0be77d651932a3d9d4049076d53735dbaed4620c2a92406837,52a18368096c2ead2ec0c8f128b093a6bfa8ec1c,2026-07-16,2026-07-26
FL,Menzies Aviation,Tampa,2018-05-29,2018-06-04,123,unknown,,0,0,1,https://reactwarn.floridajobs.org/WarnList/,473c9c8abf0089bafb6fc2156dbd036a61e497570b3857c723ea4262,c015f144f2d1b4d1cd259de68572898577317837,2026-07-16,2026-07-26
FL,ABM/GCA Vehicle,33315,2018-05-31,2018-07-23,86,unknown,,0,0,1,https://reactwarn.floridajobs.org/WarnList/,fb454c00375350a95afe6584d7aa88b003d36e212157359546a3d199,d2368816f6d62168817818049721f32a7fa9443f,2026-07-16,2026-07-26
FL,"First Transit, Inc.",Miami,2018-06-07,2018-07-31,96,unknown,,0,0,1,https://reactwarn.floridajobs.org/WarnList/,24a73e33ec4a8a1209f6c58106db5fc3926724a7f5c0a661e07f3092,ee966bf881dd421345c667dac8a5860f2305f4b2,2026-07-16,2026-07-26
FL,C&S Wholesale,Orlando,2018-06-21,2018-08-27,328,unknown,,0,0,1,https://reactwarn.floridajobs.org/WarnList/,281155c1ff01371539fe4c6e5a885158f02c5a021e067685bb24f4b0,a9a559be05283bee1bd71730336519171e504d66,2026-07-16,2026-07-26
FL,Sea Ray Sport,Statewide,2018-06-25,2018-08-24,771,unknown,,0,0,1,https://reactwarn.floridajobs.org/WarnList/,ce9a55efd40cc69084bbd0a0e610ac48d0fe2d62da3836989c476697,52a251f43a525e86b101289485185b4069bba704,2026-07-16,2026-07-26
FL,"FDC Vitamins, LLC",33014,2018-06-27,2018-08-17,225,unknown,,0,0,1,https://reactwarn.floridajobs.org/WarnList/,fb78f3823187a4b7ed4e05f469425aca1ec13cc5aa6f93323a8d18fd,1046ac1f28315af9f6023c749f131923aa3b082d,2026-07-16,2026-07-26
FL,General Dynamics,32218,2018-06-27,2018-09-04,70,unknown,,0,0,1,https://reactwarn.floridajobs.org/WarnList/,5dfc101f556a8f3d3b503c92b2fbbb0c06610bf6d516e79631ccc8bd,546e4ab35c4e49d91a273351bbf4f5456db9d430,2026-07-16,2026-07-26
FL,"Transitions Optical,",33782,2018-06-27,2018-08-31,9,unknown,,0,0,1,https://reactwarn.floridajobs.org/WarnList/,1869fd65420b4e5476cb468ce9681a879a48e09d8289c69baff2b528,3e8b2ef5ce379005d248a742fe6a8dbaf2924054,2026-07-16,2026-07-26
FL,"CareSync, Inc.",Statewide,2018-07-02,2018-06-21,292,unknown,,0,0,1,https://reactwarn.floridajobs.org/WarnList/,b71c26ef217f0df90b66ed908cbb1c8ff9e74b59ac4ed0699f348bfa,e7148a3ae9554fbaec3eff25aab489372aa7534d,2026-07-16,2026-07-26
FL,"WorkNet Pinellas,",Statewide,2018-07-02,2018-08-31,133,unknown,,0,0,1,https://reactwarn.floridajobs.org/WarnList/,3151fb9350b5f58a5f368fca9217e5f13e6c27f689461a9320c968e2,4bebd2d1ca66eff4cfd852d6449664fbde8bebcc,2026-07-16,2026-07-26
FL,Menzies Aviation,Tampa,2018-07-09,2018-08-31,21,unknown,,0,0,1,https://reactwarn.floridajobs.org/WarnList/,3078b47fef707c283512f92cfe428b9ca965564566ace02a88f53ca9,794809d51ec11c3a90b8e90f1ddeee5fba8e2b13,2026-07-16,2026-07-26
FL,Aramark,Miami,2018-07-10,2018-08-05,428,unknown,,0,0,1,https://reactwarn.floridajobs.org/WarnList/,2729cf99d9911cd45210d197d46f45fb73c70b1bab1a5eec95f0a477,e46b97cb3dff17901066d067ff0e3ff975b2d63e,2026-07-16,2026-07-26
FL,Safeway,Statewide,2018-07-11,2018-08-28,452,unknown,,0,0,1,https://reactwarn.floridajobs.org/WarnList/,45b831f303ff13eb3e4acdfa7530aa554f66113b4c7bca1a40f43339,6c26f343512f9115b5c58e8d258713ae8750876d,2026-07-16,2026-07-26
FL,Dream Center,33316,2018-07-13,2018-09-11,148,unknown,,0,0,1,https://reactwarn.floridajobs.org/WarnList/,99de07ae7931d507b471ea7a60d6525d5da15f6dbe80d4057cdb688f,b72d254da8ac52f9455efa096ce68c18223bb2ea,2026-07-16,2026-07-26
FL,C&S Wholesale,Orlando,2018-07-17,2018-09-23,319,unknown,,0,0,1,https://reactwarn.floridajobs.org/WarnList/,e91dde998195a62c437fb5b2b4c9166c5f5c94812b12915fed8e9a44,b1eee6887b18e26ea000ad097aa794ea043b6d87,2026-07-16,2026-07-26
FL,Health Net Federal,Tampa,2018-07-20,2018-09-21,131,unknown,,0,0,1,https://reactwarn.floridajobs.org/WarnList/,ae11b50f2e1e182d44bec916d0c7d26ba9b8fb0e52c7f3c5ed1aa218,963be79357a506b637d7516de913f3b13165e043,2026-07-16,2026-07-26
FL,DaVita Rx,Orlando,2018-07-26,2018-09-23,109,unknown,,0,0,1,https://reactwarn.floridajobs.org/WarnList/,cc476da6cdd603d0a9be1e43a21b7e881a016fd59ae764b19794acba,46b91537cb16799cb3bea1b9d9a267ba16606b42,2026-07-16,2026-07-26
FL,Molina Healthcare,Statewide,2018-07-26,2018-10-01,30,unknown,,0,0,1,https://reactwarn.floridajobs.org/WarnList/,c36b14bf0d2db8b42a94f83ba112ec4d44ae9c79d80488ad4645aa7e,5eea9da7490fbd465a38eab75f23b4b2d13eb89a,2026-07-16,2026-07-26
FL,Space Coast,32925,2018-07-26,2018-09-30,102,unknown,,0,0,1,https://reactwarn.floridajobs.org/WarnList/,5f544ae5029e079bbb750e423b30590dc394db6b423a76ffc67d6f4c,aac880503b628fb32f771142392978149aeee0d5,2026-07-16,2026-07-26
FL,Lake Emergency,32757,2018-07-31,2018-09-30,5,unknown,,0,0,1,https://reactwarn.floridajobs.org/WarnList/,102bdb84fcc092d4f82b699a4ff52b37db0b2f1620829673aa59518a,cad97d6728d67f42e78c809cb536eb95d821c209,2026-07-16,2026-07-26
FL,Ramada Plaza,33319,2018-07-31,2018-09-30,70,unknown,,0,0,1,https://reactwarn.floridajobs.org/WarnList/,199f152838a9cfb78c221d0ca6e6e15a08f21bab64dd0b38510d25aa,a4d14c465710c12fc2d202891b9fa49915038599,2026-07-16,2026-07-26
FL,"InDyne, Inc.",Base,2018-08-01,2018-09-30,134,unknown,,0,0,1,https://reactwarn.floridajobs.org/WarnList/,7b03facb95fdf1f6bff3bb2137a751990f663a6d710fc023b59cf8ca,88f932b8993eec0edadee54388f5c55fff485319,2026-07-16,2026-07-26
FL,"Product Quest, LLC",Statewide,2018-08-02,2018-10-01,184,unknown,,0,0,1,https://reactwarn.floridajobs.org/WarnList/,d37d0cbb2d1c85b5ab383388983d7492543810f055b6dcbd8aaeadbf,982d30def304ca5a2875df825f8b04a7c5ac1427,2026-07-16,2026-07-26
FL,"Sikorsky, a",Jupiter,2018-08-02,2018-10-05,500,unknown,,0,0,1,https://reactwarn.floridajobs.org/WarnList/,f1584236670f5c51e9cb5c77bd55c3b17998acb2b7a6cd9ba01ba929,9146ad22380153d332036cc12f39fd1231db14ec,2026-07-16,2026-07-26
FL,GCR,Base,2018-08-07,2018-09-30,35,unknown,,0,0,1,https://reactwarn.floridajobs.org/WarnList/,32c501b4040a3039e14f1142003945d23a3b74a47aa734c391cba9c0,a73ef214cb6e89345eaf75d7a97bdfec5d73fae6,2026-07-16,2026-07-26
FL,1st Gobal Capital,33009,2018-08-13,2018-10-05,108,unknown,,0,0,1,https://reactwarn.floridajobs.org/WarnList/,e5ff248ae192aaa2e6cceb0e8f946ace4d6233e9ba8f2d5246e80ecf,1363d539fe593b3ae4ab70ea61ec775acf40cbec,2026-07-16,2026-07-26
FL,Orchard Supply,Statewide,2018-08-22,2018-10-20,293,unknown,,0,0,1,https://reactwarn.floridajobs.org/WarnList/,237e29c22fc506d1cbd2c871ab2f51b833b66e6b5fadd2e55609f443,0396967c19e24541adf1e9832837e01da5792ab4,2026-07-16,2026-07-26
FL,The Treatment Ctr.,33463,2018-08-23,2018-09-12,58,unknown,,0,0,1,https://reactwarn.floridajobs.org/WarnList/,ad34457f91fd73ae4b879c214167ba400792b188d90c58c46ce60621,bab51a86b9946851e2bd90a1c168f6dda4225a4b,2026-07-16,2026-07-26
FL,"Sears, Roebuck and",33172,2018-08-24,2018-11-25,76,unknown,,0,0,1,https://reactwarn.floridajobs.org/WarnList/,39bacac69d8279c277d8fdc13e04ea132c8779cfc682af993acd12e3,0c5eaa276077e49ba64332d84817f7aeb21a2b9b,2026-07-16,2026-07-26
FL,Wells Fargo,Orlando,2018-08-24,2018-10-23,128,unknown,,0,0,1,https://reactwarn.floridajobs.org/WarnList/,84ad9f8eb364b31c7a49a9cad10fc8a1965206f6f83b32f7b994c78c,3b2e7b97f7ff5b66396fee885228e33374e6caba,2026-07-16,2026-07-26
FL,Carlton Palms,Mt. Dora,2018-08-29,2018-10-01,272,unknown,,0,0,1,https://reactwarn.floridajobs.org/WarnList/,8a388b120fc93c314174f414040ae085c0d3594b0437b6d69436b17c,c2ffd4d07e6649d792984ca7832682005f5f3695,2026-07-16,2026-07-26
FL,Molina Healthcare,Miami,2018-08-30,2018-11-01,28,unknown,,0,0,1,https://reactwarn.floridajobs.org/WarnList/,4577211f9a373b166ffc6dfaf27e21e1e9ab19fbd6d60e48f601d9fc,adb4a666c7d5862331d9fc8a5e873698e1579bb8,2026-07-16,2026-07-26
FL,Interactive,Miramar,2018-09-05,2018-11-02,218,unknown,,0,0,1,https://reactwarn.floridajobs.org/WarnList/,8f593c9d3ea2a75fd4b03a9b147893faeb93df5ff936496dcd20f532,ae7edefa896c4eb78b4d34d359acd57c0f5f63ae,2026-07-16,2026-07-26
FL,"Fiserv LS, LLC &",Lake Mary,2018-09-07,2018-11-06,58,unknown,,0,0,1,https://reactwarn.floridajobs.org/WarnList/,317670c612170ee4e09f264e93b3b94e23d1f79235dc6af5fc259fbe,cba1863aff31cf36a8733fbd83263dc9faf347c4,2026-07-16,2026-07-26
FL,Transtar,Orlando,2018-09-11,2018-09-07,81,unknown,,0,0,1,https://reactwarn.floridajobs.org/WarnList/,47d1cf1d9d068749d359bc3256772335e49f142e55adeb5303f548f7,9558709b74e0a8df8e339f1088d8900c4cef875d,2026-07-16,2026-07-26
FL,Pomeroy,Tampa,2018-09-12,2018-10-29,79,unknown,,0,0,1,https://reactwarn.floridajobs.org/WarnList/,1b4dd587c71da363279b133ae57208cb2468805bad7f288bca93e574,3df761c9d83c6eeb9eb189ee4fb80ffa3249a23e,2026-07-16,2026-07-26
FL,Eulen America,Miami,2018-09-18,2018-11-18,500,unknown,,0,0,1,https://reactwarn.floridajobs.org/WarnList/,2ffca662c03cecdc2c2529daea24eac7fbddc9e565b908dd4ab62fc5,d1488cca571d0ef6458498afe8292e446fd2ed44,2026-07-16,2026-07-26
FL,Atkore,Largo,2018-09-20,2018-11-20,101,unknown,,0,0,1,https://reactwarn.floridajobs.org/WarnList/,4b287d90c40b467b5ad45f96ed877ee83a2c811cc5c454eb31de2959,5f88591b1c7d8878764c77f7520a740719a64e93,2026-07-16,2026-07-26
FL,Essentra Packaging,Largo,2018-09-21,2018-11-20,81,unknown,,0,0,1,https://reactwarn.floridajobs.org/WarnList/,2264e9adbb728f9b80c7473ecf20f1310fc9863564b8be485430b3d9,1b823e5941fcdace3e11e72a87fa88f21df714c0,2026-07-16,2026-07-26
FL,"ABB, Inc.",33065,2018-09-25,2018-11-30,25,unknown,,0,0,1,https://reactwarn.floridajobs.org/WarnList/,4105261a27986ae1753288773ecbdbb273c61f539d98c6cbe594b410,84887396372750a4e4e42542c14d29106a8d51da,2026-07-16,2026-07-26
FL,Menzies Aviation,Tampa,2018-09-27,2018-10-31,19,unknown,,0,0,1,https://reactwarn.floridajobs.org/WarnList/,1ad70cca65cbb21b16ae751000a3e0e208fc0bb89d4d5680b447a2c6,15b1b3146da723005279779e34a68905f0a68a37,2026-07-16,2026-07-26
FL,Molina Healthcare,Miami,2018-09-27,2018-12-01,32,unknown,,0,0,1,https://reactwarn.floridajobs.org/WarnList/,3731151a1bbaa84e6107abc909363c38cc7a63d515764639551e9ad3,750a43b7d7829ed479f687a3c0541bbaef1837de,2026-07-16,2026-07-26
FL,Comcast,Sarasota,2018-09-28,2018-11-27,86,unknown,,0,0,1,https://reactwarn.floridajobs.org/WarnList/,a0677ca84e946e8ce48a2b03b8ef40527d89469222bf4bf5bb68d033,731e69b1a8fd0ced52976d09dd897d48a7967c42,2026-07-16,2026-07-26
FL,State Farm Mutual,Statewide,2018-09-28,2018-11-30,159,unknown,,0,0,1,https://reactwarn.floridajobs.org/WarnList/,54b8d2baee7b966666065594357f108d2c09810c230d4c6193271249,72aeff098993039e6c4b0b70efc4406260bc9dee,2026-07-16,2026-07-26
FL,Molina Healthcare,32216,2018-10-01,2018-12-01,1,unknown,,0,0,1,https://reactwarn.floridajobs.org/WarnList/,7a57e0cc45c65fe2ef2d28a2267810916ead25099075aa3b6f06eaae,ca932002268b2659faf4391f3d13e7f9ced1b50e,2026-07-16,2026-07-26
FL,Raydon Corporation,32128,2018-10-01,2018-10-01,50,unknown,,0,0,1,https://reactwarn.floridajobs.org/WarnList/,d672f5ce0c0cca533dba2f17d783361c1bf13feb9d2516e874a0540f,f826d6a91885fc46cac087a6e29bf73b2b77077e,2026-07-16,2026-07-26
FL,Sister Emmanuel,Miami,2018-10-03,2018-12-01,97,unknown,,0,0,1,https://reactwarn.floridajobs.org/WarnList/,59607307faecc7c012442906150c5ca93a671e1d8cd6b468f644fa67,d13174a4b42c758f6979b5d40741e96a3121dc16,2026-07-16,2026-07-26
FL,DaVita Labs,33312,2018-10-16,2019-01-01,94,unknown,,0,0,1,https://reactwarn.floridajobs.org/WarnList/,2fc358249c03d72b860e30bad8b637e3545cc9913323b08f85f3b73d,4252c1d2ddcd4b6d91c93298bc14f7c1e9dae340,2026-07-16,2026-07-26
FL,Magellan Complete,Miami,2018-10-16,2018-11-30,57,unknown,,0,0,1,https://reactwarn.floridajobs.org/WarnList/,44000e3f06b4b16e52d796636c46859030f281ab12338e1a147df726,e62d922470200ef510402fd11bd89ad6d16f5cf0,2026-07-16,2026-07-26
FL,Raytheon Company,Orlando,2018-10-17,2018-12-31,52,unknown,,0,0,1,https://reactwarn.floridajobs.org/WarnList/,464bd70995e2da592277374b4d89cc0cd90b5ff54e49886e20085c05,4b4763a00ad5e48c43d478aa215ff9f2b60263a3,2026-07-16,2026-07-26
FL,Crothall,Lakeland,2018-10-18,2018-12-13,70,unknown,,0,0,1,https://reactwarn.floridajobs.org/WarnList/,3dc86e1555ed4f7bd3e2ec396833da038b3dd375c56d14bdc6e08d2f,e01624663129990413497b1aa0fb483a76a4eb57,2026-07-16,2026-07-26
FL,Kmart Store #,Miami,2018-10-18,2018-12-31,98,unknown,,0,0,1,https://reactwarn.floridajobs.org/WarnList/,53667929fdb830099b90cdaf46cfe186da3bf67d51c4afc9f440a96b,34375524e632e0c2c05bf3e59bf9d68c7f4e1a0e,2026-07-16,2026-07-26
FL,AmeriHealth,Statewide,2018-10-22,2018-12-31,200,unknown,,0,0,1,https://reactwarn.floridajobs.org/WarnList/,67ae781c2a7f7113207c083c0dbeafb60a4588741a008a23aaf7627e,03fa61650a32e35b22c73046a9b43b49aec67ca5,2026-07-16,2026-07-26
FL,Centerfield Media,Plantation,2018-10-30,2018-12-31,249,unknown,,0,0,1,https://reactwarn.floridajobs.org/WarnList/,6d6e077a8667bc310df3d111a7f732fc7524a4fbeb6dfcb21d418d7e,757d053058e46383352733eace4f30c1974f4bba,2026-07-16,2026-07-26
FL,L3 Tech.-Security &,33702,2018-10-30,2018-12-28,67,unknown,,0,0,1,https://reactwarn.floridajobs.org/WarnList/,04c4a365287eb69db3dee712833fd590deb11243d4d9a5e604caf822,4011c1bffcb23730abf0a62cca270adbe4eb4a41,2026-07-16,2026-07-26
FL,Sheraton Bay Point,32408,2018-10-30,2018-12-01,143,unknown,,0,0,1,https://reactwarn.floridajobs.org/WarnList/,f91c5e9746382f1983bba149f3376326cbad8428daea1ff625f4e45e,b6f0fb26d1d71deff474f12e8520163adda8c000,2026-07-16,2026-07-26
FL,"DPN USA, LLC d/b/a",32708,2018-11-01,2018-12-31,110,unknown,,0,0,1,https://reactwarn.floridajobs.org/WarnList/,3aae1162143b6c76cac5cf618fe4558c26b51d8683c6301ea5bf8485,fc7f75ed43125584395ec6b9cfb1a55904e78ad1,2026-07-16,2026-07-26
FL,Fluor Federal,00000,2018-11-02,2018-12-31,245,unknown,,0,0,1,https://reactwarn.floridajobs.org/WarnList/,5a6a7216e210f9c684510fa0130b9ead86cdc97a0d9f35feb045728e,d551d189e1273814521d5425b0ddbef1ca9df293,2026-07-16,2026-07-26
FL,Molina Healthcare,Statewide,2018-11-06,2019-01-02,126,unknown,,0,0,1,https://reactwarn.floridajobs.org/WarnList/,42a2cae4d86e9fda0172d19a1b21b5e118d7538249fd86d58d0a1299,44403f3f098d0c6828563b89e8b54a3781540e73,2026-07-16,2026-07-26
FL,C&S Wholesale,Orlando,2018-11-13,2019-01-23,205,unknown,,0,0,1,https://reactwarn.floridajobs.org/WarnList/,7d12976fcb69538a808870c88e224251ae99e11e2d0f971d9069ff6f,39086007581cdfe1d4d9bee65d446cbdcf5e95eb,2026-07-16,2026-07-26
FL,Service America,Statewide,2018-11-13,2019-01-18,161,unknown,,0,0,1,https://reactwarn.floridajobs.org/WarnList/,0fe7027ab79bdcc0a3f3b072077db50f8406740a2a3af71fb9ee50b2,07f8b1bc13a43edfd105857ff7f7e5e1008ac81b,2026-07-16,2026-07-26
FL,Bristol-Myers,Tampa,2018-11-14,2019-01-31,69,unknown,,0,0,1,https://reactwarn.floridajobs.org/WarnList/,118940d311384c7d422b64f72e2870a035345278024ff6d1cfd98cc9,9e0880365a477f20d0be8792e47e4e7aad8a491b,2026-07-16,2026-07-26
FL,"ABM Aviation, Inc.",Orlando,2018-11-16,2019-01-15,133,unknown,,0,0,1,https://reactwarn.floridajobs.org/WarnList/,dc36bf66835dc3777fd18158095d07f9ff0d2f848fdcf585b8796bb8,a73191d03ef5b351c48595c519e1c2fd49ab60ff,2026-07-16,2026-07-26
FL,GE Global,32258,2018-11-27,2019-01-12,147,unknown,,0,0,1,https://reactwarn.floridajobs.org/WarnList/,b10c69a1dd6324457ea6c1e29d8bdac6a1379c49b9ffb1eeaf96003e,a8e9612dffb8cd12ab6619b7e982909886b9a84f,2026-07-16,2026-07-26
FL,"Yang Enterprises,",Center,2018-11-29,2019-01-31,141,unknown,,0,0,1,https://reactwarn.floridajobs.org/WarnList/,de71697d30e0b99a58ee347df13d8813e00c7ae417074c9d07cf5345,c2fe46124a60530c4307e5f69aa15b69dca17542,2026-07-16,2026-07-26
FL,Molina Healthcare,Tampa,2018-11-30,2019-02-01,1,unknown,,0,0,1,https://reactwarn.floridajobs.org/WarnList/,0681c608d097a9336c085089985935c2f85cca5cea023a20f452b549,60bc0bd641b0b2b96291b1dedfbc55fb4174294d,2026-07-16,2026-07-26
FL,Molina Healthcare,Miami,2018-11-30,2019-02-01,10,unknown,,0,0,1,https://reactwarn.floridajobs.org/WarnList/,1d997e071b6db7030f0cdf3b313db6e368c36551f8cffea0b780d4b2,73434f3ec20a97a5edf0bf62558e64657a8d3509,2026-07-16,2026-07-26
FL,CANTEX INC.,33823,2018-12-04,2019-01-15,48,unknown,,0,0,1,https://reactwarn.floridajobs.org/WarnList/,1e1ae979a08515e69f583cf7f2ebb4c401492671f8ad432d4f6f8a3b,689fdd2febef2316ea171b2893c269e15acae91f,2026-07-16,2026-07-26
FL,DaVita Labs,33312,2018-12-04,2019-02-01,1,unknown,,0,0,1,https://reactwarn.floridajobs.org/WarnList/,7bf8c2098ee3bb9815f84aeeeb54108aa08fe9c85a66d9016cc72c43,08d0f3876a10bcda9cfcda1ff7f7670b8c511445,2026-07-16,2026-07-26
FL,"Ricoh USA, Inc.",Melbourne,2018-12-04,2019-01-29,76,unknown,,0,0,1,https://reactwarn.floridajobs.org/WarnList/,f2884037ef06aba6275884b69c9b02bbaed0ec3e6cef7b4ab5214e56,696e96b2226bcff9731d5bcee617f2bea354e52b,2026-07-16,2026-07-26
FL,AECOM-URS,Center,2018-12-05,2019-01-31,629,unknown,,0,0,1,https://reactwarn.floridajobs.org/WarnList/,6d5343b18c5fa328a039dc7a85f2c49e4a8e98036d676c2d6a60b66e,2723a36d441bce6e095b9f22c3c1dd71a4831181,2026-07-16,2026-07-26
FL,Bay Medical Sacred,32401,2018-12-07,2019-02-04,634,unknown,,0,0,1,https://reactwarn.floridajobs.org/WarnList/,ab2dfbf36d50b9c3fecc056b25b89357637c6f547ccefc25ddfefca6,e13383b6cf888d69fa7e635bd6b8f6a8a0e4b5b1,2026-07-16,2026-07-26
FL,"First Transit, Inc.",Miami,2018-12-13,2019-01-31,85,unknown,,0,0,1,https://reactwarn.floridajobs.org/WarnList/,09690525d922b32b028f15652d7d1f348f99f2fc1ac08b7afad84108,fa8cda7758d2b1323916bb6afe16055dff578353,2026-07-16,2026-07-26
FL,"H.D. Smith, LLC",33069,2018-12-13,2019-02-15,20,unknown,,0,0,1,https://reactwarn.floridajobs.org/WarnList/,32dfca865bd317a51ea63e65ad69678de61ae8112f356f5f749d81a3,c01bf74d86e3acfe8f8da8d9820b6a63bb2412b8,2026-07-16,2026-07-26
FL,Molina Healthcare,Miami,2018-12-17,2019-02-12,1,unknown,,0,0,1,https://reactwarn.floridajobs.org/WarnList/,ee2d373d2ec65e55f7a052e2d75512319c73713a779cf5ff89de2415,23324e597561dda9c4b5db0a8d021aa6ca363ce4,2026-07-16,2026-07-26
FL,Hotelbeds,Orlando,2018-12-19,2019-02-28,16,unknown,,0,0,1,https://reactwarn.floridajobs.org/WarnList/,2652e4fbd65510ca0c1091ec01f6095e2c93fc2d9f09239e6e4b43ff,fd21f079f3b062421e4fd07707f50af7b4f8b81d,2026-07-16,2026-07-26
FL,"Aramark Sports & Entertainment Svcs, LLC",TAMPA,2019-01-02,2019-02-28,919,unknown,,0,0,1,https://reactwarn.floridajobs.org/WarnList/,205bd9682edd2e92b0900fd234c8597f3d87e4a5d7845286045b096b,f4be8008cd49fd1c01948e235d6697b03cee77fc,2026-07-16,2026-07-26
FL,Convey Health Solutions,FORT PIERCE,2019-01-02,2019-03-01,123,unknown,,0,0,1,https://reactwarn.floridajobs.org/WarnList/,037abfe30915efb70dab7d4193a0511eea14715a4af7b9e003065b35,c692618e5d164bf8614645cc010ec8f6de48486f,2026-07-16,2026-07-26
FL,DaVita Labs,FORT LAUDERDALE,2019-01-02,2019-03-01,7,unknown,,0,0,1,https://reactwarn.floridajobs.org/WarnList/,990762213e8f4335f8261875d560a1a495c2704a84885d1d49392f9f,65e3350ceec93ed4f997dbdc35e754ccda055bbb,2026-07-16,2026-07-26
FL,"L&S Services, LLC",FORT WALTON BEACH,2019-01-02,2019-02-15,20,unknown,,0,0,1,https://reactwarn.floridajobs.org/WarnList/,e4200dee004644198281f8992452efa88e490e7694bbec14fa1f53f1,be01c7db1e34bd1d3142de78a1a3f17fe0bfafee,2026-07-16,2026-07-26
FL,24-7 Intouch,CLEARWATER,2019-01-07,2019-03-04,203,unknown,,0,0,1,https://reactwarn.floridajobs.org/WarnList/,fb4a686a1b70d47928990e6d7b0ae2a41910557814c86bfa15250694,2be430f5a24ec488082abbe2e9d09edfb4c5ce90,2026-07-16,2026-07-26
FL,Hotelbeds,ORLANDO,2019-01-10,2019-03-15,8,unknown,,0,0,1,https://reactwarn.floridajobs.org/WarnList/,a96fa5efe6267419c554e21fc18eff424f106b34fdaa54a30d7f8374,b0232034990a76039690cd1f0dc7583c09068198,2026-07-16,2026-07-26
FL,"Ultimate Survival Technologies, LLC",JACKSONVILLE,2019-01-10,2019-03-10,45,unknown,,0,0,1,https://reactwarn.floridajobs.org/WarnList/,766144f19e112f6dd43dab1ec66d56aacbee58f49cdc547ab222ff34,16b1fda960cd81b52d4f556339a93514a9ce3b54,2026-07-16,2026-07-26
FL,Menzies Aviation,FORT LAUDERDALE,2019-01-11,2019-03-05,50,unknown,,0,0,1,https://reactwarn.floridajobs.org/WarnList/,40058eb42dc7bb4268df1703399428b8b7d359b4340d06d31fa3f1e6,0981dcd0e039a5d05b0a23250168991de1eb34e6,2026-07-16,2026-07-26
FL,Title365,PALM BAY,2019-01-11,2019-03-11,70,unknown,,0,0,1,https://reactwarn.floridajobs.org/WarnList/,ed0d0446556f264c536ab5416c8e27678d5e4cf4ef5780b1ad8d70d1,3e5b0b99e4c8a20511945299c7dae725ad02ceb7,2026-07-16,2026-07-26
FL,Advantage Rent A Car,SANFORD,2019-01-14,2019-01-31,4,unknown,,0,0,1,https://reactwarn.floridajobs.org/WarnList/,6ef882775ca0fae4eb68658db2abed8de137a2932e3510742c267360,08a876ef9848bee2dc44d99f6c048a509c94ad2f,2026-07-16,2026-07-26
FL,"Molina Healthcare of Florida, Inc.",MIAMI,2019-01-22,2019-03-15,5,unknown,,0,0,1,https://reactwarn.floridajobs.org/WarnList/,4dc28b96fc2ce504e8b057af1d13ca4218f429b5ade38b45b9be5e1b,3962b8e7ffbf9078883141bdd8e0da3bf881b43d,2026-07-16,2026-07-26
FL,"Sodexo, Inc.",MIAMI,2019-01-22,2019-03-31,149,unknown,,0,0,1,https://reactwarn.floridajobs.org/WarnList/,b61fa69decdd73cc66538b9f525b74fd6c5401bb15ad74ec2f8b9446,24d012838f0cdc9d5574112dee63bf1e88bf62ef,2026-07-16,2026-07-26
FL,Centerfield Media Holding Company,PLANTATION,2019-01-30,2019-03-31,38,unknown,,0,0,1,https://reactwarn.floridajobs.org/WarnList/,91765090979c87479fe061a93b1545672a561f6dab09b38904947978,76e9fa4fce094fb7e11718fcd7c802f44b2ec0fd,2026-07-16,2026-07-26
FL,"Conifer Revenue Cycle Solutions, LLC",BOCA RATON,2019-01-30,2019-04-05,99,unknown,,0,0,1,https://reactwarn.floridajobs.org/WarnList/,3b15ac1c5b6c37dd7f9cc892a86dfa343876bfc21b39949564f9e742,34396a73cdacd4bb0dbd96ff213c7dfc0901d4aa,2026-07-16,2026-07-26
FL,"Molina Healthcare of Florida, Inc.",MIAMI,2019-01-30,2019-04-01,38,unknown,,0,0,1,https://reactwarn.floridajobs.org/WarnList/,1f8a68b6c9b878ad46f5181aa9bff4046ef995bd1116d71a2a99c1ac,03d7b9fe6e963d7442b1cee2d32154a5d5b73142,2026-07-16,2026-07-26
FL,American Technical Ceramics,JACKSONVILLE,2019-01-31,2019-04-05,24,unknown,,0,0,1,https://reactwarn.floridajobs.org/WarnList/,0eab012426b19542c8c33e815eeed956cf7cb86e7853e8b2fbfe7d7e,d655eea32fd1767fc655594a5b7994e28b6feb37,2026-07-16,2026-07-26
FL,DaVita Labs,FORT LAUDERDALE,2019-01-31,2019-04-01,3,unknown,,0,0,1,https://reactwarn.floridajobs.org/WarnList/,cba4686577f4a9985422bfd01bcbdcdeb84bf5dc6e7ba2c4df8698d0,1fcc88ee452725c368458069976a57feda1e34e7,2026-07-16,2026-07-26
FL,Hotelbeds,ORLANDO,2019-02-14,2019-04-15,7,unknown,,0,0,1,https://reactwarn.floridajobs.org/WarnList/,e90a2d9ea10f1febc61e853750fd62683380b70e8b761d68f4c084a5,8aef18f15f1bd38a32c32208742f048f83a0e48d,2026-07-16,2026-07-26
FL,Masonite Corporation,LARGO,2019-02-15,2019-04-16,35,unknown,,0,0,1,https://reactwarn.floridajobs.org/WarnList/,376c6ec41ef488117e40dbcad24d4904580ee8736e3b16a32afae11e,3c99d1b52ac4ce13ca49c4c033385cd7571b8558,2026-07-16,2026-07-26
FL,"Schneider National Carriers, Inc.",STATEWIDE,2019-02-18,2019-04-01,148,unknown,,0,0,1,https://reactwarn.floridajobs.org/WarnList/,4e8b0ba17aa51ab307e2e39e92d07854ea3ba513dd105c4fb586b348,87b06a819478b2c8593ffde8e26970c079014c06,2026-07-16,2026-07-26
FL,Spectrum Pharmaceuticals,STATEWIDE,2019-02-18,2019-04-12,6,unknown,,0,0,1,https://reactwarn.floridajobs.org/WarnList/,6068928a0f121e9d19103e029d434384085fea25b2f2e252cc635cc5,d05c71e1e89abac0647804e8b60d07166d8f52be,2026-07-16,2026-07-26
FL,TIAA Bank,JACKSONVILLE,2019-02-21,2019-03-01,139,unknown,,0,0,1,https://reactwarn.floridajobs.org/WarnList/,9a91abfdacf6abb935fea085f75b770eed0f492e17dd1767853954e2,a1f306578aec121bd6f59f1d77edf3a10de282af,2026-07-16,2026-07-26
FL,The RADGroup,DANIA,2019-02-25,2019-04-22,2,unknown,,0,0,1,https://reactwarn.floridajobs.org/WarnList/,2c13447303a780224795ecd783ab1227238248f75278b937590728d0,16abceb7668c8a21b37942e51411668b1152ee68,2026-07-16,2026-07-26
FL,The RADGroup,HOLLYWOOD,2019-02-25,2019-04-22,2,unknown,,0,0,1,https://reactwarn.floridajobs.org/WarnList/,a19192222e5042ca55c952e08c2f0fcb8e5f93105985f1816f4c49e6,92043c629bb3b63671577cf44985755714854416,2026-07-16,2026-07-26
FL,"ABB, Inc.",CORAL SPRINGS,2019-02-26,2019-04-30,31,unknown,,0,0,1,https://reactwarn.floridajobs.org/WarnList/,d6be5f7fc7ccb6c4eebed9a787e30d2bb4da6ceb69ccae8fe2bb4ec0,ccae1eff214f70181483291dc6538e9aec789cf5,2026-07-16,2026-07-26
FL,"Laser Spine Inst., LLC & LSI Management Co., LLC",TAMPA,2019-03-04,2019-03-01,420,unknown,,0,0,1,https://reactwarn.floridajobs.org/WarnList/,2cd22fc968d72e987024ab6dabdf72fd9603e35194484fd50103f66d,fa95a8ba178ea9675799a991bf8b01f73c98d6e4,2026-07-16,2026-07-26
FL,"Rexall Sundown, Inc.",DEERFIELD BEACH,2019-03-04,2019-05-01,207,unknown,,0,0,1,https://reactwarn.floridajobs.org/WarnList/,6a0b13c7bdc908ba0a11eb70f24316d4b1b401415ecb7a8897791c0b,26beda733fe98e6ceefcab20366021e1b0188cbb,2026-07-16,2026-07-26
FL,"Rexall Sundown, Inc.",BOCA RATON,2019-03-04,2019-05-01,33,unknown,,0,0,1,https://reactwarn.floridajobs.org/WarnList/,cb7240a68d0b775ff6e489630c38d788f03836c848a17f10f5a9ce8c,39df47d826a80afe75f437418c0975f27228a726,2026-07-16,2026-07-26
FL,"Rexall Sundown, Inc.",POMPANO BEACH,2019-03-04,2019-05-01,10,unknown,,0,0,1,https://reactwarn.floridajobs.org/WarnList/,e551a3da32ad5728ceed39a64b34b308701d67983dfaade13d94629b,4d2c2fea50c6a74f5798918bebf992e7b23e1bcb,2026-07-16,2026-07-26
FL,"Molina Healthcare of Florida, Inc.",MIAMI,2019-03-08,2019-05-06,5,unknown,,0,0,1,https://reactwarn.floridajobs.org/WarnList/,e3f3db7d663be3ff433d5dbce14cf55b435938d9c84b9d553ea43d51,05f69954e488b56ab731f78e08b4a3b4b1842408,2026-07-16,2026-07-26
FL,Aetna Resources LLC,PLANTATION,2019-03-13,2019-05-13,106,unknown,,0,0,1,https://reactwarn.floridajobs.org/WarnList/,b348fc08f2b9ad36f69b03ccb0336038bd9a872f819d9dc923b2f7b9,9d23c85f744f03df0afefd8b3f522fba937b107d,2026-07-16,2026-07-26
FL,Masonite Corporation,TAMPA,2019-03-14,2019-05-14,60,unknown,,0,0,1,https://reactwarn.floridajobs.org/WarnList/,b71981d7208be52e06cda4bed6ddf681c08259c289ebcf2c81ac1d87,638c3953049f423bbb334a98b4b24c5b7afc1a90,2026-07-16,2026-07-26
FL,Hotelbeds,ORLANDO,2019-03-19,2019-05-15,4,unknown,,0,0,1,https://reactwarn.floridajobs.org/WarnList/,5d9d1623da67e9d4267768236395e3e1c22bbd39a7210636251e3627,7458936717473bbdc3dc1a98105e378d7bd97f94,2026-07-16,2026-07-26
FL,Gannett Publishing Services,TALLAHASSEE,2019-03-20,2019-05-20,45,unknown,,0,0,1,https://reactwarn.floridajobs.org/WarnList/,c5f0348b6d5afeb97ebe8b47c30e0b629cad8f830f610fd96a53a871,7113bfb34d5680be7f8174e543094381ec49d241,2026-07-16,2026-07-26
FL,"Lilly Distribution, LLC",TAMPA,2019-03-22,2019-06-29,112,unknown,,0,0,1,https://reactwarn.floridajobs.org/WarnList/,fd1efc863fe6d440f37f7af7212443d78e40f7ac51b94d9416c881a3,6fe6076ce05c5a20001c40653042d06412d21bc7,2026-07-16,2026-07-26
FL,National Express Transit,ORLANDO,2019-03-22,2019-04-30,102,unknown,,0,0,1,https://reactwarn.floridajobs.org/WarnList/,d0a67a7577cd38b1e257b51a24cfee768c6cc764cc2c60036c6b2541,c9253bdd80044814c757e97edc18c4640c6b247c,2026-07-16,2026-07-26
FL,Beachcomber Resort & Villas,POMPANO BEACH,2019-04-01,2019-05-31,79,unknown,,0,0,1,https://reactwarn.floridajobs.org/WarnList/,54bc3ca116bfb9b4edf9c94729d2e942fbbbbe75d791e5b30927acbd,743ab5eefe00b23fe90a68f8a27a8d3e7fcc5189,2026-07-16,2026-07-26
FL,"Select Specialty Hospital-Panama City, Inc.",PANAMA CITY,2019-04-02,2019-06-01,114,unknown,,0,0,1,https://reactwarn.floridajobs.org/WarnList/,02733310de1fbc485060021e52fc041faa2e38c3d48d0fbbb383ff7f,39b55ea89f9e5b20d110247646fbede7d3a2da4e,2026-07-16,2026-07-26
FL,"Airport Management Services, LLC",EGLIN AFB,2019-04-04,2019-06-06,50,unknown,,0,0,1,https://reactwarn.floridajobs.org/WarnList/,a74fb919fbb56bebf0f4792ff16427bd2c97dc3e6307ad633fedd9de,367950cf24ce7f59c9ffe8ad6b3bd88e84331aee,2026-07-16,2026-07-26
FL,Pier Sixty-Six Hotel & Marina,FORT LAUDERDALE,2019-04-08,2019-06-10,213,unknown,,0,0,1,https://reactwarn.floridajobs.org/WarnList/,99e894b2410949bfc888cdf272979e9bfad5cc384c0fce23c219bce3,5936fcd7a028c8791c04c9a9fc02cc4445586aa9,2026-07-16,2026-07-26
FL,Fortune Plastics,ORLANDO,2019-04-18,2019-06-17,56,unknown,,0,0,1,https://reactwarn.floridajobs.org/WarnList/,a55b6dddeaae30ce5fb7911201b3e18d62344a60e16df1467e4adc5c,957bcdc20e770632df422ffbbbd6071409b17615,2026-07-16,2026-07-26
FL,Hotelbeds,ALTAMONTE SPRINGS,2019-04-18,2019-06-15,1,unknown,,0,0,1,https://reactwarn.floridajobs.org/WarnList/,b6f62a56e5b2bc046c669fc1531577192d06c29898925f8d1a597c1a,d5a0abce7d3603c7f80224ad468cd5762adf309d,2026-07-16,2026-07-26
FL,Hotelbeds,ORLANDO,2019-04-18,2019-06-15,1,unknown,,0,0,1,https://reactwarn.floridajobs.org/WarnList/,2968bce21011f33695c3429ccbc585e94e1dc1e947cf8b3895f612ff,d6032c999fa7c4e2e3a7ef0b354353de40c52366,2026-07-16,2026-07-26
FL,"COEI, LLC",JACKSONVILLE,2019-04-22,2019-06-18,39,unknown,,0,0,1,https://reactwarn.floridajobs.org/WarnList/,49384a06de49ef90b14d4f4928b1264909098bc9f2a3c1958a6b57cb,6e716965b886aa21dcf45f7a736e62b25248ce2f,2026-07-16,2026-07-26
FL,"COEI, LLC",ORLANDO,2019-04-22,2019-06-18,49,unknown,,0,0,1,https://reactwarn.floridajobs.org/WarnList/,64308bca1ae5eb99353bde7cefb1c1dcbeaf647e8381cd83fe2537b2,dda42f41a22509d9d0774fbab80770c69e753a2d,2026-07-16,2026-07-26
FL,"Gamma USA, Inc.",MIAMI,2019-04-22,2019-04-22,59,unknown,,0,0,1,https://reactwarn.floridajobs.org/WarnList/,dd71a3bc00690dfdf894252a96f21781729b97eb918c5f1840142d48,595c7fb387f4a7497fc4a267352ea4ae7916a7c0,2026-07-16,2026-07-26
FL,Hotelbeds,ALTAMONTE SPRINGS,2019-04-22,2019-05-31,21,unknown,,0,0,1,https://reactwarn.floridajobs.org/WarnList/,30b112d0366fcc8409a956002455a38cfb25e55167eb036fac034d13,adf64c63ad840e3dca78769019bf7b9478c58640,2026-07-16,2026-07-26
FL,"T. Rowe Price Group, Inc.",TAMPA,2019-04-23,2019-06-30,169,unknown,,0,0,1,https://reactwarn.floridajobs.org/WarnList/,f1ee0b2788f505f4f3368776eae4fa8b0b42a187311d450627dc6276,07fe85f5f64f73a3a526aba1001337d7de91d401,2026-07-16,2026-07-26
FL,Daytona Beach News-Journal,DAYTONA BEACH,2019-04-29,2019-06-30,79,unknown,,0,0,1,https://reactwarn.floridajobs.org/WarnList/,03e4deed164bd42538f6683d5c6fd5fea0bd70d063b4687f906baba8,8ba9c0dc68ee4eb1ad97e55af2ebb0d0baf1fcf3,2026-07-16,2026-07-26
FL,InComm,JACKSONVILLE,2019-04-29,2019-07-01,125,unknown,,0,0,1,https://reactwarn.floridajobs.org/WarnList/,c816f2c468f247e6b7b6eeac1ffcf8a8bc03b995d9ce7b2a9ce76dbf,ab1bd25470c3c6e979644e84864d4ca860530a3a,2026-07-16,2026-07-26
FL,"ABB, Inc.",CORAL SPRINGS,2019-04-30,2019-06-30,15,unknown,,0,0,1,https://reactwarn.floridajobs.org/WarnList/,b2523fa1702dd59ac92d15c510aae4d6bba8495bc25153e2f502004b,3ee17e8a1a062c574414e1efcacafcdd594aa529,2026-07-16,2026-07-26
FL,"Adcomm, Inc.",MERRITT ISLAND,2019-05-02,2019-06-30,71,unknown,,0,0,1,https://reactwarn.floridajobs.org/WarnList/,deb845cf657fa4af50e67fcc893fc0b6453d4ffdf48c52dcd4ce4ab8,ec70d03454bb4a89bfdfd10e0cde868cd9d6eb7d,2026-07-16,2026-07-26
FL,Hotelbeds,ALTAMONTE SPRINGS,2019-05-03,2019-06-30,11,unknown,,0,0,1,https://reactwarn.floridajobs.org/WarnList/,e826d01e7b61c10a0352109abd86fc02e4c922ff2b15ba2813071d51,98ebf195fe86ecf388f71c066986df669f6aa4d9,2026-07-16,2026-07-26
FL,Hotelbeds,ORLANDO,2019-05-03,2019-06-30,13,unknown,,0,0,1,https://reactwarn.floridajobs.org/WarnList/,fc71d172ef499d7a3025992b731b39f39f1c7ad300d633778c1a9217,a5ad913b5dcdceffc6b5f91cec4125c20de1cdf6,2026-07-16,2026-07-26
FL,Lamplight Inn of Fort Myers,FORT MYERS,2019-05-06,2019-05-31,56,unknown,,0,0,1,https://reactwarn.floridajobs.org/WarnList/,cb0bd5fd22204092307ed7064079badc5c27f3eabe7827b2f9a61896,268450961c7bd1e8c354c6e675acf341a760a4b3,2026-07-16,2026-07-26
FL,NOVO Health Services,TAMPA,2019-05-06,2019-06-28,57,unknown,,0,0,1,https://reactwarn.floridajobs.org/WarnList/,641dfe540a225a1f5a013851d85c6d6d7285a84c9f4457a841cb3c8a,8cf776069e6c07ad30aa883f9ccaecae78fa5851,2026-07-16,2026-07-26
FL,Our Kids of Miami-Dade/Monroe,MIAMI,2019-05-06,2019-06-30,150,unknown,,0,0,1,https://reactwarn.floridajobs.org/WarnList/,8bfa89aeab89139d61c01469bb7fa8633a147fb64c79db7538086092,3dec2d1e408bb6e9cdaf22d1ee936495056268f0,2026-07-16,2026-07-26
FL,Shriners Hospitals for Children,TAMPA,2019-05-06,2019-08-01,60,unknown,,0,0,1,https://reactwarn.floridajobs.org/WarnList/,7d9e69ee19f92869fa7d51a9b4e1c6e43a4cbdd5fb2110031e518444,0b399726933d7dbd625df4a847faff8061b21146,2026-07-16,2026-07-26
FL,"Iron Bow Technologies, LLC",TAMPA,2019-05-08,2019-06-28,178,unknown,,0,0,1,https://reactwarn.floridajobs.org/WarnList/,c25d5cd9f1c618c512c85aa091e403e09410c1984bb7c177b530799f,8822fb8d1d21417c94bcb850af8cd2f223bf7aa4,2026-07-16,2026-07-26
FL,1 Hotel South Beach,MIAMI,2019-05-13,2019-07-15,139,unknown,,0,0,1,https://reactwarn.floridajobs.org/WarnList/,db75e75e5bff9543cc4bdc2293afa0cab467f198e4113a3932fb4998,016c418163d888d5ed8bf264b12b7c4b46fa4bde,2026-07-16,2026-07-26
FL,Keystone Peer Review Organization,TAMPA,2019-05-17,2019-06-08,150,unknown,,0,0,1,https://reactwarn.floridajobs.org/WarnList/,4f5352fe0c0b83add736eac17c940419bc5db312caf442f8482fafa3,7681105882bbdd03af729639b0f24d01220ab1f1,2026-07-16,2026-07-26
FL,Hotelbeds,ORLANDO,2019-05-20,2019-06-03,1,unknown,,0,0,1,https://reactwarn.floridajobs.org/WarnList/,9476124bbdd1e3bf1b5e53efa948f63b4cdf0217a33621870c95baa7,04336e0bc390f4413e371f3c9c0dbea095872373,2026-07-16,2026-07-26
FL,The Nursing Center at Mercy,MIAMI,2019-05-22,2019-06-19,141,unknown,,0,0,1,https://reactwarn.floridajobs.org/WarnList/,6ed9c37cae445a60be23b7f5a2e6ef91e2cead7745a3861ba5fa490e,f87a1fb7f552b70db26aeb691551f51213e11fe4,2026-07-16,2026-07-26
FL,Arcadia Group (USA) Limited,MIAMI,2019-05-28,2019-06-19,80,unknown,,0,0,1,https://reactwarn.floridajobs.org/WarnList/,5ccecaf151a5c6e384645803d85f21aa839c5bbf7df20873ff67b5a8,ede3a56661bdaf53bd77e03d41836cb615e4f8c8,2026-07-16,2026-07-26
FL,"Sodexo, Inc.",PANAMA CITY,2019-05-28,2019-06-30,95,unknown,,0,0,1,https://reactwarn.floridajobs.org/WarnList/,0f0df9a4f6409c6a8dd4d88c9c0eac5d45cfc44feae6fdc6e2d33f8e,49f3f11e869fc309221df5c269e5f7b7b3166b75,2026-07-16,2026-07-26
FL,Spotmaster Linens,OPA LOCKA,2019-05-28,2019-05-10,98,unknown,,0,0,1,https://reactwarn.floridajobs.org/WarnList/,e170d980daa393917ef911270a7d2e2607a09249670b042b337700b7,b07878f8686a8ad725725e26b67fe28723a8e79b,2026-07-16,2026-07-26
FL,Commcare Specialty Pharmacy,PLANTATION,2019-06-03,2019-07-31,47,unknown,,0,0,1,https://reactwarn.floridajobs.org/WarnList/,b56122b4a066790160befbb7a1131c4c3d4bc850fa0a9dcb089bedfb,eafc8e39e6c10b76799b069566de86fc1efa23b1,2026-07-16,2026-07-26
FL,Qorvo,APOPKA,2019-06-03,2019-08-02,142,unknown,,0,0,1,https://reactwarn.floridajobs.org/WarnList/,dad02ab6a8a145ff0cb5759947dcf3b43fd369d02a1cc2ba5ae53bbd,1658e7eb900d3b91ea4d190c60cc0fe088d95355,2026-07-16,2026-07-26
FL,Hotelbeds,ALTAMONTE SPRINGS,2019-06-05,2019-06-30,2,unknown,,0,0,1,https://reactwarn.floridajobs.org/WarnList/,982d9abbdc61097fe37e9549d0ce539380e87433410e4deac9d01696,1c80375f5b3cb62cc74390eab79e89821afbec26,2026-07-16,2026-07-26
FL,Hotelbeds,ORLANDO,2019-06-05,2019-07-31,2,unknown,,0,0,1,https://reactwarn.floridajobs.org/WarnList/,6a0998b304a87bea9aba40967a0c747d91879e91f8540703c2a4c1d6,26675e9410ba73c5c9bde93f6991c6d4e1af95d3,2026-07-16,2026-07-26
FL,"Bongos Cuban Cafe, Inc.",LAKE BUENA VISTA,2019-06-21,2019-08-18,245,unknown,,0,0,1,https://reactwarn.floridajobs.org/WarnList/,f95ef56ccf0e66435fde53c5cb35b1a2e05243ab0720071bb4562ddc,69d21bddc731b062545129b357ff84ecaa7d027c,2026-07-16,2026-07-26
FL,Hotelbeds,ORLANDO,2019-06-21,2019-08-15,7,unknown,,0,0,1,https://reactwarn.floridajobs.org/WarnList/,3ed8934a719e5bd074b01edf4eb07c845085fcbb7b27bedece8371a1,e4e016e1a5f59a594715b313737d12e9c2f9a6a1,2026-07-16,2026-07-26
FL,State Farm Mutual Automobile Insurance Co.,JACKSONVILLE,2019-06-26,2019-08-31,300,unknown,,0,0,1,https://reactwarn.floridajobs.org/WarnList/,cd91f766e1be60303cf7ec1b6d37f7a43b5ad8ecec7dab17cab5eabf,1894dd6b4ef4bd5d8f235b67420d5fa8c6f83f6f,2026-07-16,2026-07-26
FL,American Technical Ceramics,JACKSONVILLE,2019-06-27,2019-08-30,2,unknown,,0,0,1,https://reactwarn.floridajobs.org/WarnList/,a588d0e82f4a4ebd249539c29b7b5782d1f3391057edc20d5e9563fb,4c609004bcf7b2763234fdfe7ad28040f04684f7,2026-07-16,2026-07-26
FL,"Cooper Standard Automotive, Inc.",SANFORD,2019-06-27,2019-11-01,62,unknown,,0,0,1,https://reactwarn.floridajobs.org/WarnList/,8c91b8e31f3f7d11848f01895e1e259a949712d5b726c5214f41224a,4547bc290218e9ee0aadc3ef1e4696a3f21bccf2,2026-07-16,2026-07-26
FL,AMETEK MRO Florida,DORAL,2019-07-01,2019-10-25,66,unknown,,0,0,1,https://reactwarn.floridajobs.org/WarnList/,92f5c814bb6203ce3117f6ca547a666c51fa81e330e976f9399dded5,3cb1d3aba4c43d308c031002320ee2998bb2583b,2026-07-16,2026-07-26
FL,Hotelbeds,ALTAMONTE SPRINGS,2019-07-02,2019-09-30,3,unknown,,0,0,1,https://reactwarn.floridajobs.org/WarnList/,20ad2f52197cccc13ac53611a9f6b58fcffaa7c16d18c41299e4fad8,ef5ef8f94d1215767aae5ecc394e13f112b86292,2026-07-16,2026-07-26
FL,Hotelbeds,ORLANDO,2019-07-02,2019-08-15,6,unknown,,0,0,1,https://reactwarn.floridajobs.org/WarnList/,f62e616181ef46aa93061a92b6647c6d7a3c53b5b0a974e789d7a6fe,f65550dfb16d4ff3ceb54765250691144e9351f7,2026-07-16,2026-07-26
FL,Voya Financial,JACKSONVILLE,2019-07-02,2019-09-25,267,unknown,,0,0,1,https://reactwarn.floridajobs.org/WarnList/,f410ca210a5626971c8c4f97620615e65e94a49a5a5682e2a82c6269,a92417046166a7c76883388a62738b7e08646ac9,2026-07-16,2026-07-26
FL,"GCA Production Services, Inc.",JACKSONVILLE,2019-07-11,2019-09-07,73,unknown,,0,0,1,https://reactwarn.floridajobs.org/WarnList/,771dbc15eb064fdf5c2e443583f439b83fb2e4e61813feb64aca5c39,063139a81ce55408711798236f27d303d3fc0c1a,2026-07-16,2026-07-26
FL,"GCA Production Services, Inc.",FORT LAUDERDALE,2019-07-11,2019-09-05,90,unknown,,0,0,1,https://reactwarn.floridajobs.org/WarnList/,1de420106ea7927af56522fa15f625a8eb930a10fd7d5a13f08d2d24,d6303b8350a4a3222e6c54cbfa7db65bb893b239,2026-07-16,2026-07-26
FL,Ryder,DORAL,2019-07-17,2019-09-15,41,unknown,,0,0,1,https://reactwarn.floridajobs.org/WarnList/,cb4af01cfa1645b6df0c1e5cffa888a0e44597bd2d144f64cea01855,4dbb9d2dcedc9980cc0d945002293ba58db197f0,2026-07-16,2026-07-26
FL,SP Plus Corporation,FORT LAUDERDALE,2019-07-23,2019-08-05,80,unknown,,0,0,1,https://reactwarn.floridajobs.org/WarnList/,77589c26c579d08d7e4fa72dd1f679cf1ea5f61e72539fde276f5e1e,95219ed3fadde8635a8b7ac93484abbd8ada7664,2026-07-16,2026-07-26
FL,The Sarasota Family YMCA,SARASOTA,2019-07-24,2019-09-21,177,unknown,,0,0,1,https://reactwarn.floridajobs.org/WarnList/,b73aae66cbd08fe82e43297704ba28298168a35ccba1ef2d61855f3c,6f4f4bd863e6328f76261c6c2085801f3625654a,2026-07-16,2026-07-26
FL,Republic Services,WEST PALM BEACH,2019-07-31,2019-09-30,55,unknown,,0,0,1,https://reactwarn.floridajobs.org/WarnList/,4c25203be015f50bb88dafb12199ee4d6138511a1b5b042b93199d36,74f781023233cf27a53f3326e000b80ac0de61ca,2026-07-16,2026-07-26
FL,Werner Co.,PENSACOLA,2019-07-31,2019-09-19,31,unknown,,0,0,1,https://reactwarn.floridajobs.org/WarnList/,14615337e2cf73bd6ba74339b167f886680f157ef0d5cc110cbcea9b,b5df13c756aee59ca675e4ac83af49c6da064875,2026-07-16,2026-07-26
FL,"Western Union, LLC",MIAMI,2019-07-31,2019-09-30,49,unknown,,0,0,1,https://reactwarn.floridajobs.org/WarnList/,63a168137274db34266a237de8a6bddceedc49a7014179822597a1a7,85232fbd98b0346e1ffbe9c00e8f039f021bf83d,2026-07-16,2026-07-26
FL,Hotelbeds,ALTAMONTE SPRINGS,2019-08-05,2019-09-30,6,unknown,,0,0,1,https://reactwarn.floridajobs.org/WarnList/,6e2f9ad077c787b0c9a998c22600106bdfef8cf5b041fcbc8a2d0315,a715323832f2eb3c7d8b316452c3203868de6023,2026-07-16,2026-07-26
FL,Hotelbeds,ORLANDO,2019-08-05,2019-09-30,11,unknown,,0,0,1,https://reactwarn.floridajobs.org/WarnList/,3494cc7358cbc7005ca5e82396e66f6c542a5a7e69c016211f2bab12,e4e82064a8501fb18d3c228283ef892ef08f27ea,2026-07-16,2026-07-26
FL,ICON Aircraft,TAMPA,2019-08-05,2019-10-01,1,unknown,,0,0,1,https://reactwarn.floridajobs.org/WarnList/,ace00afbe1b4bf7c83a55cbfb7c7260f785cc676594866d05817cfbd,cbc39878da15242df51ccc91060da5f5202c2747,2026-07-16,2026-07-26
FL,European Wax Center,HALLANDALE,2019-08-06,2019-10-01,100,unknown,,0,0,1,https://reactwarn.floridajobs.org/WarnList/,c5f1384828977fefd500e8ba8223faee83d17ae4f8b4c4764da5836c,034ef490632341b82bf970d0ae1f267b2a03cfd0,2026-07-16,2026-07-26
FL,AECOM,JACKSONVILLE,2019-08-15,2019-09-30,9,unknown,,0,0,1,https://reactwarn.floridajobs.org/WarnList/,c532c892922dee00e407b493c8daa967ed6ced822cc83abf0ad672bc,00f19347be5bf84cd9ddde572d6fe8d8619455b1,2026-07-16,2026-07-26
FL,AECOM,ALTOONA,2019-08-15,2019-09-30,15,unknown,,0,0,1,https://reactwarn.floridajobs.org/WarnList/,45d6e13a910c7f0c4aed6e7f4f7ce2a8bdcd17e22bf6d524e0cf582f,bd6576b5244815d56c83cbcd014cfce11de080dd,2026-07-16,2026-07-26
FL,AECOM,KEY WEST,2019-08-15,2019-09-30,10,unknown,,0,0,1,https://reactwarn.floridajobs.org/WarnList/,5bdba536bfd7a8b7a8a45b71f9b93eef543189e98daba77985f35c02,f4975ba0d8959af68cdabd0a25a630058c2221f5,2026-07-16,2026-07-26
FL,"Nestle USA, Inc.",WESTON,2019-08-19,2019-10-18,67,unknown,,0,0,1,https://reactwarn.floridajobs.org/WarnList/,011f8cc05ff411c11fde197e329580c045054c0d3168a15bf936642d,cdb5d6e6478c5046ddba9a3950d229bf4a9d8354,2026-07-16,2026-07-26
FL,"Alorica, Inc.",SUNRISE,2019-08-27,2019-10-31,216,unknown,,0,0,1,https://reactwarn.floridajobs.org/WarnList/,d6afeb0eed3eaaf42ecbb2efbb654cb795af7297f1408e0242a481d8,42999738300912cbc55f1de83c53bd9073cb572e,2026-07-16,2026-07-26
FL,TrueCore Behavioral Solutions,AVON PARK,2019-08-29,2019-11-05,127,unknown,,0,0,1,https://reactwarn.floridajobs.org/WarnList/,de383dec12b4a2423eaa35ed2a057bfb0d7575561c81e4812da2223e,ff999ddf90bb37d6973ea605f2c9a4bb13ec883b,2026-07-16,2026-07-26
FL,"Benchmark Hospitality at Grand Cypress, LLC",ORLANDO,2019-09-04,2019-11-04,178,unknown,,0,0,1,https://reactwarn.floridajobs.org/WarnList/,ca8993290925a4446ddf8a0ca8a1637eb974e79384d9aa401e93c008,ca19db04b28fdde04db61c25655e91bf197025ff,2026-07-16,2026-07-26
FL,Hotelbeds,ALTAMONTE SPRINGS,2019-09-04,2019-10-31,2,unknown,,0,0,1,https://reactwarn.floridajobs.org/WarnList/,bba7539bc37461d616c2e4abde55763c794aa3c0403fb58e0375c7a6,5168aa7ac03142a8549de4164522d19d1e723e69,2026-07-16,2026-07-26
FL,Hotelbeds,ORLANDO,2019-09-04,2019-10-31,1,unknown,,0,0,1,https://reactwarn.floridajobs.org/WarnList/,fe2d75db4ad20c12ad5d23068ddb25aa784413dd342ebf8eb3ce41dd,fcb77102f899a446437d42522a04b73ed408f65c,2026-07-16,2026-07-26
FL,"The Watershed Treatment Programs, Inc.",DELRAY BEACH,2019-09-04,2019-08-26,77,unknown,,0,0,1,https://reactwarn.floridajobs.org/WarnList/,94b7ff420bcaaed0b26d925c4dc582840879d5e3150b0b222d4cbdd9,2e829a466fb68f766a9769b3c35427c768453c4c,2026-07-16,2026-07-26
FL,"The Watershed Treatment Programs, Inc.",BOYNTON BEACH,2019-09-04,2019-08-26,154,unknown,,0,0,1,https://reactwarn.floridajobs.org/WarnList/,3eda0c7615e8af004314dc34482c51dd54d6e308b4239e9612316881,a1226cda7377d6250740fa97f626d9d407bef20e,2026-07-16,2026-07-26
FL,"Panelfold, Inc.",MIAMI,2019-09-05,2019-10-30,131,unknown,,0,0,1,https://reactwarn.floridajobs.org/WarnList/,b67104f1909494dd303408d7cfaa603241c0a38e920798ae384fb082,f3dfbdb8e2259837e546f49826df122eb7d41de1,2026-07-16,2026-07-26
FL,Transform KM LLC,MIAMI,2019-09-05,2019-12-01,99,unknown,,0,0,1,https://reactwarn.floridajobs.org/WarnList/,fb5de6b937936a56457a5797cdbca9d7ebae85075f5f6ced5da6333a,80f0961ea3f80bfebef6d61fd944e706286d0c9c,2026-07-16,2026-07-26
FL,"Paradise, Inc.",PLANT CITY,2019-09-09,2019-11-05,83,unknown,,0,0,1,https://reactwarn.floridajobs.org/WarnList/,4295279d8d17e5b815242a0f92aea77ca9483e90442d5e6d16105048,0351a740d5f75cf5482084bea1fd69b463d54e5e,2026-07-16,2026-07-26
FL,Enhanced Resource Centers,MELBOURNE,2019-09-10,2019-11-09,218,unknown,,0,0,1,https://reactwarn.floridajobs.org/WarnList/,e038738095ee7a5636a205c9b9eeabf5eac90c96166dd3872e12c500,3c5f73df1f6d6b295165bbb4086a022d4547867d,2026-07-16,2026-07-26
FL,Hotelbeds,ALTAMONTE SPRINGS,2019-09-10,2019-11-15,1,unknown,,0,0,1,https://reactwarn.floridajobs.org/WarnList/,6c4dc49ba63f2e6070fa4123a6cd849b1d001ecea1b279df3e2824e2,4235032495eac1855a00cd2b77ca085de212674b,2026-07-16,2026-07-26
FL,Southern Gardens Citrus Processing Corporation,CLEWISTON,2019-09-10,2019-11-09,98,unknown,,0,0,1,https://reactwarn.floridajobs.org/WarnList/,3cc3bdcb8b9cf9c76fc6759c6dd4367c786fb7af13b689378cef6827,e023c430079211d82af5107ebe3c74c7a104ca5a,2026-07-16,2026-07-26
FL,TrueCore Behavioral Solutions,FLORIDA CITY,2019-09-11,2019-11-12,74,unknown,,0,0,1,https://reactwarn.floridajobs.org/WarnList/,7316200825bd0116b5dfa385bb8eb80afac3d920c96841889732d65d,3fdfdd983c75259c99316fee97484cdc7ec1e36b,2026-07-16,2026-07-26
FL,SeaWorld Parks & Entertainment,ORLANDO,2019-09-17,2019-11-15,105,unknown,,0,0,1,https://reactwarn.floridajobs.org/WarnList/,90e3f274fd8d9156f033cdfc89350598900aa2209ad9216b42f1949d,fb38c5116597f58f10e1483c2518cf4ae6357fbb,2026-07-16,2026-07-26
FL,"Leggett & Platt, Incorporated",JACKSONVILLE,2019-09-24,2019-11-22,100,unknown,,0,0,1,https://reactwarn.floridajobs.org/WarnList/,ed7be730f930e88ea3230f9526c06bfb047c600231416fc4307bcb9b,c61cfd09b5ae32c8c9e336c8aba709027d952827,2026-07-16,2026-07-26
FL,"Inpax Final Mile Delivery, Inc.",MIAMI,2019-10-01,2019-10-02,59,unknown,,0,0,1,https://reactwarn.floridajobs.org/WarnList/,2331e9770bfc1e38a6903f8fba2a6f984393286ed06abbb81038ffbc,9e9e86cb233a51c3f662918fdbfc6bc04f819d75,2026-07-16,2026-07-26
FL,"Toll Bros., Inc.",JUPITER,2019-10-01,2019-10-28,71,unknown,,0,0,1,https://reactwarn.floridajobs.org/WarnList/,6c0e8c37c5a9f34dd998ee76e1fc2461349269cdee305cb0f41a96c8,0522a3d80dcff2ff9936d7e11513905628fb0bcb,2026-07-16,2026-07-26
FL,Hotelbeds,ALTAMONTE SPRINGS,2019-10-02,2019-11-30,1,unknown,,0,0,1,https://reactwarn.floridajobs.org/WarnList/,be8d869e15d3615ed366ca2661054d12f510004f935a68736bc3e020,40cd50c3d2f35068f3a9aed2e03e5ba8d4899d81,2026-07-16,2026-07-26
FL,"Taurus Holdings, Inc.",MIAMI LAKES,2019-10-04,2019-12-20,175,unknown,,0,0,1,https://reactwarn.floridajobs.org/WarnList/,a88b6c85564cf9c40ac94fb93d1e7fc8ebbd564a4a208907912ecb2a,a816860cd2d842754085a760060faa12d1a2c04e,2026-07-16,2026-07-26
FL,SUSHISAMBA Miami Beach,MIAMI BEACH,2019-10-09,2019-12-22,53,unknown,,0,0,1,https://reactwarn.floridajobs.org/WarnList/,7878485dfb89d752bf4f542d4934ca2d885ba6d0851730477c70e9cd,347a2e1aff310345d40462f404d35425fd6b3b1a,2026-07-16,2026-07-26
FL,Lockheed Martin Corporation,WEST MELBOURNE,2019-10-16,2019-12-16,79,unknown,,0,0,1,https://reactwarn.floridajobs.org/WarnList/,dccee1b0475dea4e0162030b3e48707c99995eca908cb5562187afd3,fe05a9d3b43c712ceeb877667e542c17606b6ab2,2026-07-16,2026-07-26
FL,Hotelbeds,ALTAMONTE SPRINGS,2019-10-17,2019-12-15,2,unknown,,0,0,1,https://reactwarn.floridajobs.org/WarnList/,76db64fd19986c7ee29a1ae3e442e0e4122eecbd3b71a71ba14631fc,1eca81e0d94f5c58385030ff9766ffa75664fb05,2026-07-16,2026-07-26
FL,"Huddle House, Inc.",ORLANDO,2019-10-23,2019-12-31,1,unknown,,0,0,1,https://reactwarn.floridajobs.org/WarnList/,9bea525e00d27836c31cd4b6ca44eadb7da7d6355b479c6af89bfbb1,dae22f6887d8255480049219aa4e002fb99ea3fd,2026-07-16,2026-07-26
FL,Concentrix CVG Corporation,LAKE MARY,2019-10-24,2019-12-31,122,unknown,,0,0,1,https://reactwarn.floridajobs.org/WarnList/,cf2c3e49d5080e7ad408ae48a7dbada5017d835482136619b123a3c1,2426393754af4eabe43183b3905aca8d8c4881f0,2026-07-16,2026-07-26
FL,"Vista Building Maintenance Services, Inc.",MIAMI,2019-11-01,2020-02-29,51,unknown,,0,0,1,https://reactwarn.floridajobs.org/WarnList/,4f8c3eceed6156f5678458c0ebbc4bb271df97cfd9f7b971b87965e6,42d5c8c99e9e5592233e411706b00e586fa21f12,2026-07-16,2026-07-26
FL,"BEMC, LLC",SAINT PETERSBURG,2019-11-04,2020-01-05,131,unknown,,0,0,1,https://reactwarn.floridajobs.org/WarnList/,c813ccbea2113c4f4a028e8c368d4d14d9717021064ba0d0a36fcb44,3d1bafd8be5885d3a3a390ca1c78057d8463ae5e,2026-07-16,2026-07-26
FL,Hotelbeds,ALTAMONTE SPRINGS,2019-11-04,2019-12-31,5,unknown,,0,0,1,https://reactwarn.floridajobs.org/WarnList/,61f61fb1a2292bbf9cab573bad050c882a10ec0d6cd24e01448ca963,4924e0d3dd33ff5b1795c8892acd9862e0699357,2026-07-16,2026-07-26
FL,Tenet Florida Service Center,BOCA RATON,2019-11-08,2020-01-31,67,unknown,,0,0,1,https://reactwarn.floridajobs.org/WarnList/,db828f40e065187f4c1005e42401589e56efbbbd7dfbf552b35601ed,569f1abde9b129ab5f9c04c9d4238bbc40b0c84d,2026-07-16,2026-07-26
FL,"Vista Building Manitenance Services, Inc.",MIAMI,2019-11-15,2020-03-31,161,unknown,,0,0,1,https://reactwarn.floridajobs.org/WarnList/,405cfe4ecbb1c489264d2a9998f7845ce219fd7b6793cb0703729fbb,6970b979021b7a4e3665a2101fed5cb99da012af,2026-07-16,2026-07-26
FL,Hotelbeds,ORLANDO,2019-11-19,2020-01-15,2,unknown,,0,0,1,https://reactwarn.floridajobs.org/WarnList/,eb37f28bc3da96a551f71c3e86939e1cb50515e7834ec658da1fa7d4,58d5d2a4234d30c55aaa969ffc9d8bcda094f9b9,2026-07-16,2026-07-26
FL,Transform KM LLC - Unit # 03818,HOLLYWOOD,2019-11-19,2020-02-16,88,unknown,,0,0,1,https://reactwarn.floridajobs.org/WarnList/,1bea7ecebe8729a5f645f2669707e31c0ae43cad01f4fd887e4adfcd,3a53bef2c57bedc4319302dd0690d8fccbabdd89,2026-07-16,2026-07-26
FL,Transform SR LLC - Unit # 01365,MIAMI,2019-11-19,2020-02-16,66,unknown,,0,0,1,https://reactwarn.floridajobs.org/WarnList/,c17779ad20eed7ebef28cba9e16c80d519c4350fc8cf98eb118be75f,c1b1479c8cbbb07708e371ee3d9ffc128ed59b97,2026-07-16,2026-07-26
FL,Transform SR LLC - Unit # 06875,MIAMI,2019-11-19,2020-02-16,14,unknown,,0,0,1,https://reactwarn.floridajobs.org/WarnList/,b1b3bc730fb266b24873dca8c42d5552c8b7d6592dee1aafae9dd06d,ff0a8a43ee4d3e3b3e514417015b8dd424a98068,2026-07-16,2026-07-26
FL,Concentrix CVG Corporation,TAMPA,2019-11-25,2020-01-19,245,unknown,,0,0,1,https://reactwarn.floridajobs.org/WarnList/,0c547941c44bedd223c6d649b63494c4ab3cc42050b2ed0dda6aca02,ac854c71d06569fdc05065d4ef08f4a8f4543aee,2026-07-16,2026-07-26
FL,TrueCore Behavioral Solutions,PALMETTO,2019-11-25,2020-02-29,49,unknown,,0,0,1,https://reactwarn.floridajobs.org/WarnList/,72a5ba33ab778ba859861e2465bdf9793e06ff43569e79cc00b3632a,3b34d79b7d864953f00fb63910e351d641a30d5d,2026-07-16,2026-07-26
FL,U.S.A. Medical Svcs. Corp. & Bupa Worldwide Co.,PALMETTO BAY,2019-11-25,2020-01-20,63,unknown,,0,0,1,https://reactwarn.floridajobs.org/WarnList/,a6a83d7fc2bde0ff3c62433b4f470d2b68d2042d4de51884afeabe1c,b4b8ff4e62fbca257dd928f35ad8ae78eff9fdc3,2026-07-16,2026-07-26
FL,US Laboratories,SAINT PETERSBURG,2019-11-25,2019-12-31,71,unknown,,0,0,1,https://reactwarn.floridajobs.org/WarnList/,705e60362052ad0c125d184160f75a0d3b12d3ee6158cb2bca67ca0c,2adde4b5e25ac03ea82c49410fd4360fe8a9f2da,2026-07-16,2026-07-26
FL,US Laboratories,DANIA,2019-11-25,2019-12-31,31,unknown,,0,0,1,https://reactwarn.floridajobs.org/WarnList/,5497cd39ebaa729a155bc18a78a073cad4b90653e673d238a6218b26,b3db94d1d25f24a3c31497c47e957e915d1963db,2026-07-16,2026-07-26
FL,Holy Cross Hospital,FORT LAUDERDALE,2019-11-26,2020-01-21,63,unknown,,0,0,1,https://reactwarn.floridajobs.org/WarnList/,73531e5e3953dfedac4cddda4eac4d9608ffa3f032a77a1b8f3faad5,10a4881568d02a36bc7697914495a10b452b3faa,2026-07-16,2026-07-26
FL,Charter Communications,DELAND,2019-11-27,2019-08-22,120,unknown,,0,0,1,https://reactwarn.floridajobs.org/WarnList/,31b9faeddbac1d14f506259741e2419f4dc7e162d13f13b6bb52c991,129999b98bd7a9ba275e3bafdcef52952a9d6b5c,2026-07-16,2026-07-26
FL,"CoSTAR Services, Inc.",JACKSONVILLE,2019-12-02,2020-01-31,63,unknown,,0,0,1,https://reactwarn.floridajobs.org/WarnList/,10084d7c32d13595b169b619a2fd1ffd8876949de2a4771b4a3aaf64,281dc7aa1970188fddb9dfd0d4a4405c32930046,2026-07-16,2026-07-26
FL,"CoSTAR Services, Inc.",MAYPORT,2019-12-02,2020-01-31,31,unknown,,0,0,1,https://reactwarn.floridajobs.org/WarnList/,7cd5a22a21aa25106a0a5343124ee3fa15248587bd34c92e1f6f7bd3,e65114e57ca3f84c45a159950df4fb4f3d5b0560,2026-07-16,2026-07-26
FL,GKN Aerospace Florida LLC,PANAMA CITY,2019-12-02,2020-01-30,60,unknown,,0,0,1,https://reactwarn.floridajobs.org/WarnList/,ad5d647483315ec572ea665185cbb6d5adccfcfe92b18d87389da820,ae3071570cff76aba5cf374fc53913924b4ba290,2026-07-16,2026-07-26
FL,"KRS Global Biotechnology, Inc.",BOCA RATON,2019-12-03,2019-11-26,60,unknown,,0,0,1,https://reactwarn.floridajobs.org/WarnList/,8325921b53a3f590a511096f092ede93f7809387c05d3b4a19fbed20,b69d0665c63ffcc5d24fae92b3959bf9e7f8caf2,2026-07-16,2026-07-26
FL,Hotelbeds,ORLANDO,2019-12-04,2020-01-31,3,unknown,,0,0,1,https://reactwarn.floridajobs.org/WarnList/,92258b4224b1890ac721f03cd2a90f15902b61cc1359cfee8d0d0c40,6d985ad0882dd4e20c432c786fc7a6aed0bc4e7d,2026-07-16,2026-07-26
FL,"Costa Del Mar, Inc.",DAYTONA BEACH,2019-12-05,2020-02-07,295,unknown,,0,0,1,https://reactwarn.floridajobs.org/WarnList/,d915cba51289fd633c629c243923c66dfcb27a4546bd75ffce046576,53de03313ded523dc8b9ba34ea73e652d475eb35,2026-07-16,2026-07-26
FL,"Alorica, Inc.",TAMPA,2019-12-09,2020-02-09,482,unknown,,0,0,1,https://reactwarn.floridajobs.org/WarnList/,661c0872b6fbf58c5c8dcf909bdbca448ac24977c78c5b6be486cb6e,4c20dcff3495b82a0ba0049d94ba2eadecf1ca43,2026-07-16,2026-07-26
FL,"Smart Pharmacy, Inc.",JACKSONVILLE,2019-12-13,2019-12-12,73,unknown,,0,0,1,https://reactwarn.floridajobs.org/WarnList/,1498bdfb8e5e8342ce8a0021abbbfe6ea1e2bdac6669d4d21b97ab72,512e5457901d9a7ee4f8cf4146af8a86b786129a,2026-07-16,2026-07-26
FL,Gannett Publishing Services,NAPLES,2019-12-17,2020-02-17,49,unknown,,0,0,1,https://reactwarn.floridajobs.org/WarnList/,3eb03a4f930a9d5e3e0c7a3c8102e09d2a5db1ffbcf5df8ebaf3d802,ade4f6cfc9a8e2f31a77631d5ee6bdec26e37807,2026-07-16,2026-07-26
FL,Cognizant,TAMPA,2019-12-19,2020-02-29,556,unknown,,0,0,1,https://reactwarn.floridajobs.org/WarnList/,5f8151ade1e3aa4f3471a235d11ea9281fecbcc5dac897dfe2ffa4e0,e998cde9a6348e2ee28dc55740b0e5775ee8f0a5,2026-07-16,2026-07-26
FL,Bloomingdale's The Falls,MIAMI,2020-01-07,2020-03-07,146,unknown,,0,0,1,https://reactwarn.floridajobs.org/WarnList/,51f4e481dc1df5fe0be7df221b11319895aad21e95f13521217ffc71,ca2855cce947cfe1fadcff6d68f7b8383f530114,2026-07-16,2026-07-26
FL,Macy's,POMPANO BEACH,2020-01-07,2020-03-17,105,unknown,,0,0,1,https://reactwarn.floridajobs.org/WarnList/,09a3a53cb6a9c5412f6c3614bdc6b942749deb7f2c3c5838d28b23db,59bb41775b532bfb31578d66ca6b651288ee15bc,2026-07-16,2026-07-26
FL,Macy's,VERO BEACH,2020-01-07,2020-03-17,85,unknown,,0,0,1,https://reactwarn.floridajobs.org/WarnList/,1170e866c7e3013a8914ed78f3fcfb63c0058599f7134adb6247ca52,7e24779e6bc7714431afca5ad0117ad9d3151674,2026-07-16,2026-07-26
FL,Macy's,SANFORD,2020-01-07,2020-03-17,111,unknown,,0,0,1,https://reactwarn.floridajobs.org/WarnList/,d98f6c83d97c06f1b7738ec1b4dbff173ea2b09172e30ecc7dabe132,7fdfbd0554ebba398bf44b00d7a36e06aba17fca,2026-07-16,2026-07-26
FL,Ditech Financial LLC,JACKSONVILLE,2020-01-13,2020-01-31,305,unknown,,0,0,1,https://reactwarn.floridajobs.org/WarnList/,368f0b0a9d3280aa298fdcaa5a4191a7a9888ea3f12496ffddb75c61,ad84572322a202310835db3f503c0f09be3d07b6,2026-07-16,2026-07-26
FL,Concentrix CVG Corporation,TAMPA,2020-01-21,2020-03-21,174,unknown,,0,0,1,https://reactwarn.floridajobs.org/WarnList/,dc086e27b1a7bc3b5f822f8f952c74c5761c83f163c37c589d8241e9,3526cc419ce308b827b0003e3ee27ef1bbbb5c7a,2026-07-16,2026-07-26
FL,"Huddle House, Inc./Perkins LLC",ORLANDO,2020-01-22,2020-03-31,2,unknown,,0,0,1,https://reactwarn.floridajobs.org/WarnList/,208a2528abc2f8c7381d932eba88cb70b8c86cbeac2027434ea04954,3e733f86e28b8f812a358edf50e06c842b9c9aac,2026-07-16,2026-07-26
FL,Miami Herald,DORAL,2020-01-22,2020-04-26,70,unknown,,0,0,1,https://reactwarn.floridajobs.org/WarnList/,82722282fd552c7ca27ee7773f624f9ae498b148f14c3eb335834161,48ddc56d1cb6f3933b19855507fa8502b372e0d3,2026-07-16,2026-07-26
FL,Lucky's Market,MELBOURNE,2020-01-24,2020-01-24,96,unknown,,0,0,1,https://reactwarn.floridajobs.org/WarnList/,e32c73cf825e81dd41015e834903c380f65ceaf54bf9b61fc4556004,4f03f387878d42fa8e11e9eadce30115e44bb304,2026-07-16,2026-07-26
FL,Lucky's Market,GAINESVILLE,2020-01-24,2020-01-24,90,unknown,,0,0,1,https://reactwarn.floridajobs.org/WarnList/,5dea6a8bd33c4d34c26474923f0b7f05f600aba2d720a7d12a757b01,751180befbe0789309f3882e3ec495c7f1d4cb60,2026-07-16,2026-07-26
FL,Lucky's Market,SAINT PETERSBURG,2020-01-24,2020-01-24,89,unknown,,0,0,1,https://reactwarn.floridajobs.org/WarnList/,2ef6bb6a2cb4a45d62c7eb378046ad9ada7df2c3e62881c2bde1638a,a6446c4fb62eafda0a319e87f6dbc3dbbadb0015,2026-07-16,2026-07-26
FL,AECOM,JACKSONVILLE,2020-01-27,2020-03-14,9,unknown,,0,0,1,https://reactwarn.floridajobs.org/WarnList/,f86a0702dcf39b74b9b14aa167a86f7d33ebc9516e1901f7574c4196,283f590868578cded859783cb04a6d0ed0e16e48,2026-07-16,2026-07-26
FL,AECOM,ALTOONA,2020-01-27,2020-03-14,15,unknown,,0,0,1,https://reactwarn.floridajobs.org/WarnList/,a307e416c0c59ff5b8a5b8cf557a002b99720f6c96a45569a429e6c2,328ee4897a8c7f764d29d9b73fba430646d602e9,2026-07-16,2026-07-26
FL,AECOM,KEY WEST,2020-01-27,2020-03-14,10,unknown,,0,0,1,https://reactwarn.floridajobs.org/WarnList/,7427f2e94b2d01fd2418f31e3e7a4072983fdaa19b490337bec7ebbd,bd47d820f012cb1a289b4b592e3d8fce9dac8313,2026-07-16,2026-07-26
FL,Grille 66 & Bar,FORT LAUDERDALE,2020-02-03,2020-05-11,58,unknown,,0,0,1,https://reactwarn.floridajobs.org/WarnList/,4d18f17e0c0ca91f34620d982a88a8979a6f12e599200e6d2f77f825,0d16db80cf034607f3eeb8443eb3a89a4d66dffa,2026-07-16,2026-07-26
FL,Hotelbeds,ORLANDO,2020-02-03,2020-03-31,23,unknown,,0,0,1,https://reactwarn.floridajobs.org/WarnList/,ea23878c256607e5662a6903694c6b336da160118c99419b31e5616f,d4b118334818ad83706f9ea27a46962e87d9fc93,2026-07-16,2026-07-26
FL,"NCP Solutions, LLC",JACKSONVILLE,2020-02-03,2020-06-20,57,unknown,,0,0,1,https://reactwarn.floridajobs.org/WarnList/,d9f8c3fe6745bb9b5c5816449c99a531e2dc6e3f283dcd3078c6515c,5305aed9f2e3e354b6b107e37238c041af6706b5,2026-07-16,2026-07-26
FL,"Quantum Energy Holdings, LLC",LARGO,2020-02-06,2020-04-10,14,unknown,,0,0,1,https://reactwarn.floridajobs.org/WarnList/,a1fbc122f6e246c065466ab0d5df76d1d03e03b24c68b423f8ed9825,074bee48a654e59c6b5111eb45744febf7713e64,2026-07-16,2026-07-26
FL,"Twin Pines Minerals, LLC",STARKE,2020-02-06,2020-02-07,40,unknown,,0,0,1,https://reactwarn.floridajobs.org/WarnList/,572fe467c4abc07ad1165a6f299bc13a9800517419e06aa21cf305ad,697be313f8b677b55ec2c8f0af3ccdb5d6daa16e,2026-07-16,2026-07-26
FL,"HCFS Health Care Financial Services, LLC",SUNRISE,2020-02-10,2020-04-07,11,unknown,,0,0,1,https://reactwarn.floridajobs.org/WarnList/,384e917430e0faa761c7570551af9a06f31cfcfce09dac96f0b20b14,14821209836773d64f8785aa15b302de5cdfe64c,2026-07-16,2026-07-26
FL,RCX Logistics,TAMPA,2020-02-12,2020-04-12,72,unknown,,0,0,1,https://reactwarn.floridajobs.org/WarnList/,60fe40fd37855cbaedc26a0eeb83b79cb5ab433e3cb0227499bc6281,8e4650f7af7d243e5408c0495f36d504ec945bd5,2026-07-16,2026-07-26
FL,"DAL Global Services, LLC",ORLANDO,2020-02-13,2020-02-29,64,unknown,,0,0,1,https://reactwarn.floridajobs.org/WarnList/,fdf46f6151d8d0cb50a10e9fa6f0ddcc03b4265ebe73cf4038bf5bd1,7a21732b844d176c94fe41a5db17cfcd309a758c,2026-07-16,2026-07-26
FL,"Express Parcel Service, LLC",SAINT PETERSBURG,2020-02-13,2020-04-12,54,unknown,,0,0,1,https://reactwarn.floridajobs.org/WarnList/,be5e623f7f02c21da29174f3c8fdd9847c20c02da0e35d742547cd6e,1eee4734e66ac03a7e34a02958ca6d0afe43f72f,2026-07-16,2026-07-26
FL,"Express Parcel Service, LLC",FORT MYERS,2020-02-13,2020-04-12,43,unknown,,0,0,1,https://reactwarn.floridajobs.org/WarnList/,533d49a67b73859328b48828fa5ec8891ad8ea3efd079a0defb83694,75986c39a657a127a3c080846af7e70e4e369591,2026-07-16,2026-07-26
FL,"Express Parcel Service, LLC",MIAMI,2020-02-13,2020-04-12,61,unknown,,0,0,1,https://reactwarn.floridajobs.org/WarnList/,341bba652e624e94d656f5bd6d24d94082cf876c586ca72a36f53f4d,c01bf23e0aaf962bc89b331deb91f557919ba739,2026-07-16,2026-07-26
FL,"Express Parcel Service, LLC",TAMPA,2020-02-13,2020-04-12,54,unknown,,0,0,1,https://reactwarn.floridajobs.org/WarnList/,3b148653d8af31fcdf100548764d49fc4d81fd273d476e614582e21f,e47cdce34eb059cd52b676d3d465c1d737ac344a,2026-07-16,2026-07-26
FL,"Express Parcel Service, LLC",PALMETTO,2020-02-13,2020-04-12,55,unknown,,0,0,1,https://reactwarn.floridajobs.org/WarnList/,dc4612ecbc142be545df069847630497f4fca92001af62210206863c,e798cc39fa850fe4d09cc9824c8039146c26c500,2026-07-16,2026-07-26
FL,"Earth Fare, INc.",LUTZ,2020-02-17,2020-02-17,87,unknown,,0,0,1,https://reactwarn.floridajobs.org/WarnList/,de555bfcdee7fc456e5f63901fa05c9af3ab58b66462f2cb9f2bb6e7,385dc8e2e8e0ad767202e7ee77248d52542cf3d9,2026-07-16,2026-07-26
FL,"Earth Fare, Inc.",OCALA,2020-02-17,2020-02-17,75,unknown,,0,0,1,https://reactwarn.floridajobs.org/WarnList/,ea64e24829a8ba377506da5633d5a981f49917a4a662ace7c68194bc,119bd5ace1dce4c0a0254bd8881080579f1085d0,2026-07-16,2026-07-26
FL,"Earth Fare, Inc.",SEMINOLE,2020-02-17,2020-02-17,96,unknown,,0,0,1,https://reactwarn.floridajobs.org/WarnList/,fe31582ab095293305de9ad91675175b7e7cfcec62215fadc029983a,2db8b1dba9d6794b2a7fe29b289853dd5d0e9dde,2026-07-16,2026-07-26
FL,"Earth Fare, Inc.",LAKEWOOD RANCH,2020-02-17,2020-02-17,95,unknown,,0,0,1,https://reactwarn.floridajobs.org/WarnList/,a90f2659469847fa08017597357d2e79e323130bd6747538dc1bc90c,647519e8e1cbaa39a8372e0210681ec399380c23,2026-07-16,2026-07-26
FL,"Earth Fare, Inc.",PALM BEACH,2020-02-17,2020-02-17,66,unknown,,0,0,1,https://reactwarn.floridajobs.org/WarnList/,1b3e75cd44f3953f8658a11c94c4f78dc4720a893810292f4678d288,ea72193cb7748332f233c138ecafebfc7f49df9e,2026-07-16,2026-07-26
FL,"Earth Fare, Inc.",OLDSMAR,2020-02-17,2020-02-17,64,unknown,,0,0,1,https://reactwarn.floridajobs.org/WarnList/,4f5be0e9771c083f080dab845a33a871260d3b09ff3389ae0a524182,ffc92b6b3d212bfbf36a327d2f46deede7be8212,2026-07-16,2026-07-26
FL,"Holy Land Experience Ministries, Inc.",ORLANDO,2020-02-17,2020-04-18,118,unknown,,0,0,1,https://reactwarn.floridajobs.org/WarnList/,6d7f10c56d5a16507321ff28bbe0b520828c9ddc09449f03207c408b,bbc8c865518dc0036bb9ab79170a1796535204a8,2026-07-16,2026-07-26
FL,Hotelbeds,ORLANDO,2020-02-18,2020-04-15,3,unknown,,0,0,1,https://reactwarn.floridajobs.org/WarnList/,dd59219906e864a677a6bef6d98f7bbfd737ebf6b56ef07889c6b097,071d637ee99585e36f29f6173f13112ca777bb87,2026-07-16,2026-07-26
FL,Transform SR LLC,CORAL SPRINGS,2020-02-18,2020-04-12,53,unknown,,0,0,1,https://reactwarn.floridajobs.org/WarnList/,93e47f995f3a788624ff2eb9ca476806c435fa9532ccae481a4ab68e,c006b53030ee834ec7804a55b28e79fac6db671a,2026-07-16,2026-07-26
FL,"Conduent Federal Solutions, LLC",TALLAHASSEE,2020-02-24,2020-04-25,98,unknown,,0,0,1,https://reactwarn.floridajobs.org/WarnList/,af883d998b803762a85cddd9128e531cb7631212f1de4c1fcb91f705,3b7e0a73019bbe8b041acc7ef3f0b82497d23edf,2026-07-16,2026-07-26
FL,"Toll Bros., Inc.",PARKLAND,2020-02-26,2020-04-28,153,unknown,,0,0,1,https://reactwarn.floridajobs.org/WarnList/,00211a65c71684d4d7aaa01f01cab5081a05c89e9fc6aeaf59fdc475,5d46e789b9120b5cce51528b2003d96baca2414a,2026-07-16,2026-07-26
FL,"Windhaven Claims Management, LLC; Windhaven Select, LLC & Windhaven Underwriters, LLC",TAMPA,2020-02-26,2020-03-06,61,unknown,,0,0,1,https://reactwarn.floridajobs.org/WarnList/,0a68b6682625509234d8abb5f8e5229037c7fbb8112134120ccb129e,1d05407c0a3dfcd8fd287bbce6b7c3437a9042cc,2026-07-16,2026-07-26
FL,"Windhaven Claims Management, LLC; Windhaven Select, LLC; and Windhaven Underwriters, LLC",MIAMI,2020-02-26,2020-02-28,125,unknown,,0,0,1,https://reactwarn.floridajobs.org/WarnList/,3f05b795a787df845bd377c7ef0d40d43870152d525924b8c22c0b5c,f0b9b24bfcdb455bd520de24ca7c942cb8fb4929,2026-07-16,2026-07-26
FL,"JARS TD, Inc.",ORLANDO,2020-02-27,2020-04-30,78,unknown,,0,0,1,https://reactwarn.floridajobs.org/WarnList/,16263588373f6a5377f261984a96b51f9b50ad17391bdb07f448d89c,44fffd97920336e1796794fa4613fa6a141fa595,2026-07-16,2026-07-26
FL,Avante Assisted Living Facilities,LAUDERHILL,2020-03-02,2020-04-29,104,unknown,,0,0,1,https://reactwarn.floridajobs.org/WarnList/,9c4858d0911d072720aea8bacbf16d01d2525d5e536138281fc6a6bc,740273f5a7d6c90076f8104e94c39b3cbc55656d,2026-07-16,2026-07-26
FL,Avante Assisted Living Facilities,HOLLYWOOD,2020-03-02,2020-04-29,53,unknown,,0,0,1,https://reactwarn.floridajobs.org/WarnList/,2d7170ccfcb2bdb08dc644492f03a1bff431ca63f5ec37f53609b689,ba0eeed734b695e6b347831c5cacd4f3af2e4ee1,2026-07-16,2026-07-26
FL,Shands Live Oak Regional Medical Center,LIVE OAK,2020-03-02,2020-04-30,150,unknown,,0,0,1,https://reactwarn.floridajobs.org/WarnList/,178ea65d8ff13087af254cf0e4931560e5626ab1236cbcfcb823f629,a4c8b5feeb864b92840ab9c4f853786739849b38,2026-07-16,2026-07-26
FL,Shands Starke Regional Medical Center,STARKE,2020-03-02,2020-04-30,176,unknown,,0,0,1,https://reactwarn.floridajobs.org/WarnList/,e7bcb2f13e51ed558d4e1c2e0f0822e877a49a8b3d1d44804e347308,01fd8690dd3fa4fbdfad6f0cc308da28e9d89d11,2026-07-16,2026-07-26
FL,HCFS Health Care Financial Services LLC,SUNRISE,2020-03-03,2020-05-01,17,unknown,,0,0,1,https://reactwarn.floridajobs.org/WarnList/,d9bb65cd796571068d3947b963d4b2d46951258c9721aca1ae3a2cd3,d950ae01d98be372ca159a86f327660713f31742,2026-07-16,2026-07-26
FL,Hotelbeds,ORLANDO,2020-03-03,2020-04-30,1,unknown,,0,0,1,https://reactwarn.floridajobs.org/WarnList/,8a8f3e2094aafb91dddae2eccb7f8353c57f96b87b21944cc5f4f99d,77312676648089337dd4431052c90554e1818026,2026-07-16,2026-07-26
FL,"Vista Products, Inc.",JACKSONVILLE,2020-03-03,2020-05-29,52,unknown,,0,0,1,https://reactwarn.floridajobs.org/WarnList/,e9caa90456a8d8934b4857656eb5169ba739554679675e1ab2aabfb8,a60b9c407d6c79470887cd5601af01764b7d5824,2026-07-16,2026-07-26
FL,Amentum,JACKSONVILLE,2020-03-13,2020-05-12,9,unknown,,0,0,1,https://reactwarn.floridajobs.org/WarnList/,18aac03e0cc0e144bb427fe6144d4b02a6f974310e1383ffd7e48909,083fd34a08956fea2a5f5dee54f0f6d3dc7bd5a5,2026-07-16,2026-07-26
FL,Amentum,KEY WEST,2020-03-13,2020-05-12,10,unknown,,0,0,1,https://reactwarn.floridajobs.org/WarnList/,70a3dc068fd642789dead325301008023207a23642914a11f11e775e,161b24e4421437dcb4442df827248326a29eba2b,2026-07-16,2026-07-26
FL,Amentum,ALTOONA,2020-03-13,2020-05-12,15,unknown,,0,0,1,https://reactwarn.floridajobs.org/WarnList/,5800c75350c6d14bbfe12850e1c3f59732b2d63ff8041cebd85257b9,81559cc2cf1044698d277e1dcbd5e637b810c4f4,2026-07-16,2026-07-26
FL,Interactive Response Technologies LLC,MIRAMAR,2020-03-16,2020-05-13,123,unknown,,0,0,1,https://reactwarn.floridajobs.org/WarnList/,6dd669c61cdca0a3324666246a2eb1776d100d3b1ac68c768a11bc10,46f0aa354ead2df7ca7168ee0ae3b8d823f77e41,2026-07-16,2026-07-26
FL,Hotelbeds,ORLANDO,2020-03-17,2020-05-15,1,unknown,,0,0,1,https://reactwarn.floridajobs.org/WarnList/,bdb73ed4360156dde66dbd380ce764da5cbc9cda85de485372542de2,9e5e9497178d17572ff07693490173ebf62dacfb,2026-07-16,2026-07-26
FL,"Airport Concessions Group, Inc.",MIAMI,2020-03-19,2020-03-19,74,unknown,,0,0,1,https://reactwarn.floridajobs.org/WarnList/,760b8165c96dcfbbd667da1ea97c6b6ed5bafe09996e49143d7bf60a,baa956e7fcfad7965c043458669306696a9f268f,2026-07-16,2026-07-26
FL,BLT Prime Doral,DORAL,2020-03-19,2020-03-18,98,unknown,,0,0,1,https://reactwarn.floridajobs.org/WarnList/,799a17376d887e277cd181961463f88e23d8e8e91b4a4f7df7f0ed3b,e5edb8e11967e03e90e617fb242d9f7553c9b658,2026-07-16,2026-07-26
FL,Eden Roc Hotel,MIAMI BEACH,2020-03-19,2020-03-18,257,unknown,,0,0,1,https://reactwarn.floridajobs.org/WarnList/,43db9cbdee8a6a29e01b0df57c4ceff2fcb25e7d01d86c521fcffb1a,aa88fed6926d2f807604bdba038ad82033f5ea38,2026-07-16,2026-07-26
FL,Global Miami Joint Venture,MIAMI,2020-03-19,2020-03-19,684,unknown,,0,0,1,https://reactwarn.floridajobs.org/WarnList/,8078519995c8f40b5ff79f971f390145fff54c1f041b081fc94a9241,ddee6ec934604d0b06ebfd6e2a307008aee8c29f,2026-07-16,2026-07-26
FL,"OSM Aviation, Inc.",FORT LAUDERDALE,2020-03-19,2020-03-22,160,unknown,,0,0,1,https://reactwarn.floridajobs.org/WarnList/,ce5b9b56cbdf54a5ed8084844784e0a5ea148d1d47d63c9b32269abb,09d584a6fca2d08ea47f4af71fcdaf0f2582e480,2026-07-16,2026-07-26
FL,"Punch Bowl Miami Wynwood, LLC",MIAMI,2020-03-19,2020-03-16,194,unknown,,0,0,1,https://reactwarn.floridajobs.org/WarnList/,e911eb9d7298d2f1ca4f1c059e0359e8736a863fbf488fde52cd7ea2,340a19983438560e956f7e2b567a1fc38fe3a31a,2026-07-16,2026-07-26
FL,"Cafe La Carreta, Inc.",MIAMI,2020-03-20,2020-03-18,21,unknown,,0,0,1,https://reactwarn.floridajobs.org/WarnList/,0af6c859b79b1b56e8c5b057ba1d6f134153a927313bd17c355df3fe,c1290f7ad3833a0586cccb6bb4dc5dbea2a1ce8e,2026-07-16,2026-07-26
FL,"Casa Juancho RE Holdings, LLC",MIAMI,2020-03-20,2020-03-17,80,unknown,,0,0,1,https://reactwarn.floridajobs.org/WarnList/,3295d49f7dc738361287f9d4f77cabca664a26af3d754ea3313e81fa,c8b65089672c6aeb3e3106d3d741110d9e2cd214,2026-07-16,2026-07-26
FL,"Cova, Inc.",MIAMI,2020-03-20,2020-03-18,89,unknown,,0,0,1,https://reactwarn.floridajobs.org/WarnList/,245a160200d754664c6f2416a86efd5bf15abe43fe937b8c81d939b4,9da98f458137e01d991db70d947b46d398811cdf,2026-07-16,2026-07-26
FL,"La Carreta Enterprises, Inc.",MIAMI,2020-03-20,2020-03-18,36,unknown,,0,0,1,https://reactwarn.floridajobs.org/WarnList/,7d2c13bc275661e3e64f589963978796c778026060440f48c101841a,b49cb519e5d7f8bf57d54e9c846fb9aee094443e,2026-07-16,2026-07-26
FL,"La Carreta No II, Inc.",MIAMI,2020-03-20,2020-03-18,65,unknown,,0,0,1,https://reactwarn.floridajobs.org/WarnList/,2152a88ef090da9f00d64befc29f941b89584304a05ab60dd7b34c9c,72d515316ed7e30d11c365ad28900028701990b8,2026-07-16,2026-07-26
FL,"La Carreta Restaurant IV, Inc.",HIALEAH,2020-03-20,2020-03-18,35,unknown,,0,0,1,https://reactwarn.floridajobs.org/WarnList/,b9fde0b38e474e0553d0476544ef9735ff121875f9feb8a637857fd0,9d5eb19ae2e06a94f10ba4993a07970ab9c77e6f,2026-07-16,2026-07-26
FL,"La Carreta V, Inc.",MIAMI,2020-03-20,2020-03-18,38,unknown,,0,0,1,https://reactwarn.floridajobs.org/WarnList/,924608e88d5e22f31d5f3a24d0a4191f537cd8efcea6c3623e8c4ad0,a99c6cef27996e933cb066eb8a2bb1d2d696ee58,2026-07-16,2026-07-26
FL,"V & M Enterprises, Inc.",MIAMI,2020-03-20,2020-03-18,55,unknown,,0,0,1,https://reactwarn.floridajobs.org/WarnList/,3370c8aa41488aa9c92246a5d05c3e6962c43b22415e42aa5d5e110d,c21f72f6372b06c23441679a82d1e99e280af1fc,2026-07-16,2026-07-26
FL,Cafe Boulud,PALM BEACH,2020-03-23,2020-03-22,99,unknown,,0,0,1,https://reactwarn.floridajobs.org/WarnList/,bdf0aec21dd67bdf4fa64634e950b0a29e22b87c95091051fff34907,68fa55b3bda4d73c8e55fe120ab79bd07e90c090,2026-07-16,2026-07-26
FL,Gold Coast Linen Service,WEST PALM BEACH,2020-03-23,2020-03-20,87,unknown,,0,0,1,https://reactwarn.floridajobs.org/WarnList/,58385708c8e0273f710779e96daedf8f8d70125cc036fabf4539e897,68c02b5c9b47f8d3ec614d1ee9afa0978959b42c,2026-07-16,2026-07-26
FL,Grand Orlando Resort,KISSIMMEE,2020-03-23,2020-03-16,102,unknown,,0,0,1,https://reactwarn.floridajobs.org/WarnList/,70393b5540374ebc9383f0047388834ea8cf2676c9d90536364dec69,10bbee1f7f722143c732ec57b465330f88f6a51e,2026-07-16,2026-07-26
FL,InterContinental Miami,MIAMI,2020-03-23,2020-04-03,377,unknown,,0,0,1,https://reactwarn.floridajobs.org/WarnList/,421e26484c5c3c35886816edb21997198222516a77723f3983fe72c4,02ce49762b6e5d16a1474e165557ebd6af65a9a0,2026-07-16,2026-07-26
FL,Isla Bella Beach Resort,MARATHON,2020-03-23,2020-03-20,130,unknown,,0,0,1,https://reactwarn.floridajobs.org/WarnList/,28685e120f255e754b6e0f168877e850c5a407ef423ba5d40aaecbd7,6a70ca540f075d111a85fe15991f7b1ef8a1bf46,2026-07-16,2026-07-26
FL,"La Carreta Group, Inc.",PEMBROKE PINES,2020-03-23,2020-03-20,30,unknown,,0,0,1,https://reactwarn.floridajobs.org/WarnList/,348b1a5498efc88663f4591a40ff5b1c49c971b9297018980d71db1b,66de39d774c2a20452ad426a3e2b2a79d75ba48d,2026-07-16,2026-07-26
FL,Magnuson Hotel Marina Cove,SAINT PETERSBURG,2020-03-23,2020-03-25,55,unknown,,0,0,1,https://reactwarn.floridajobs.org/WarnList/,96c8a7a873cb447153fecda53a3b6fb87e59e8a8443ffe8d9a39f1de,0ce234ff1d6f72c663bd3ef3192e9a23d456af8e,2026-07-16,2026-07-26
FL,Sheraton Orlando North Hotel,MAITLAND,2020-03-23,2020-03-16,86,unknown,,0,0,1,https://reactwarn.floridajobs.org/WarnList/,c6fe104eb6a541495fae63ee092c031c5668e7897545b060bda216c6,49aaaf28e7d2794b894d3f0197d33aa1f2abda2a,2026-07-16,2026-07-26
FL,SportsMEDIA Technology Corporation,JACKSONVILLE,2020-03-23,2020-03-18,97,unknown,,0,0,1,https://reactwarn.floridajobs.org/WarnList/,07e62aa512ba457e809dcee8404a309b8a8abf53fbba7170b896f666,35ac1c3b5456a3ffdf54168ad3596c47e6561f14,2026-07-16,2026-07-26
FL,Sprinklermatic,DAVIE,2020-03-23,2020-03-20,41,unknown,,0,0,1,https://reactwarn.floridajobs.org/WarnList/,25137efb1bbd4993b16b80e51bdb08c709a2072d09ffe755c5dd03df,4010b9624c4a8b2b657d3082d8550bf096b04de5,2026-07-16,2026-07-26
FL,Sprinklermatic,PINELLAS PARK,2020-03-23,2020-03-20,4,unknown,,0,0,1,https://reactwarn.floridajobs.org/WarnList/,30f13d37db3bcf7bed2a8a99b4c34ebee3e6dc819b854e0b7778d6e4,e406b70f8e618a982113b99036fac3a689948f0b,2026-07-16,2026-07-26
FL,The Keys Collection,KEY WEST,2020-03-23,2020-03-20,36,unknown,,0,0,1,https://reactwarn.floridajobs.org/WarnList/,f147e61d995937498eaa919ec446d57a62efd3fa0831e4505694defc,181628313b720ef21309365d753f56b54d36dd14,2026-07-16,2026-07-26
FL,Waterstone Resort & Marina,BOCA RATON,2020-03-23,2020-03-22,111,unknown,,0,0,1,https://reactwarn.floridajobs.org/WarnList/,4a5404cb41cbef5d81b76ed0b0fc47034a3a2f15e9d755593c991fa9,c51d4a958b39c5168215be92f4e7185b31153c4b,2026-07-16,2026-07-26
FL,Beachcomber Beach Resort,ST. PETE BEACH,2020-03-24,2020-03-20,117,unknown,,0,0,1,https://reactwarn.floridajobs.org/WarnList/,dc50937d22c070be229cb95b69678a9d3b8515de93af58ca080923a6,55548180068bea6e04efdaeb47876f5937ceee35,2026-07-16,2026-07-26
FL,DoubleTree by Hilton Hotel and Airport Convention Center,MIAMI,2020-03-24,2020-03-16,206,unknown,,0,0,1,https://reactwarn.floridajobs.org/WarnList/,7493ca65e1278acb304a34aad5f290eded1d9e98b7d497803dc967d1,d5c871b7b7fae3ff78a74bbcf5f81641294e5a06,2026-07-16,2026-07-26
FL,"Flying Food Group, LLC",ORLANDO,2020-03-24,2020-03-20,63,unknown,,0,0,1,https://reactwarn.floridajobs.org/WarnList/,840dea84d71b55ec1b325bf254da5db31dfa6b2014b5ed587a9c0f7f,e3f5b17706c51c9da761d77d0f402c8bd1a12c07,2026-07-16,2026-07-26
FL,Four Seasons Hotel Miami,MIAMI,2020-03-24,2020-03-30,312,unknown,,0,0,1,https://reactwarn.floridajobs.org/WarnList/,4cca91e08dd2b677ab6fe58be3a704cf2a14039e95a71fd30dd7e989,b7b1798ca2870f1ca18186142d29c4eef5ef51e1,2026-07-16,2026-07-26
FL,"Freedom Fresh, LLC",MEDLEY,2020-03-24,2020-03-21,52,unknown,,0,0,1,https://reactwarn.floridajobs.org/WarnList/,d01ac4c96b55a6492b0308fe5f045747897affcb752a87a7e9efcbb2,4276774564e36188a5dbc96a0fe7565f5573fb2f,2026-07-16,2026-07-26
FL,Grand Plaza Hotel,ST. PETE BEACH,2020-03-24,2020-03-20,239,unknown,,0,0,1,https://reactwarn.floridajobs.org/WarnList/,128da20f0796bae8e6ca3635e0bad0236bd4b7213fe4f1ae5c30a244,ffd5510a9a48320895b85cab5498f562171bbe37,2026-07-16,2026-07-26
FL,Hilton Boca Raton Suites,BOCA RATON,2020-03-24,2020-03-24,41,unknown,,0,0,1,https://reactwarn.floridajobs.org/WarnList/,6b845b085be38ef298e72176a1be347a9c169a62c959c5669d272778,98de9835ef6f0a0bb08da8a95fc5b10413382aba,2026-07-16,2026-07-26
FL,Holiday Inn Port of Miami Downtown,MIAMI,2020-03-24,2020-03-22,72,unknown,,0,0,1,https://reactwarn.floridajobs.org/WarnList/,daf161a18f31183a0c4c260834a171c360aef018fd690ed32c569fa2,41d0d65fc6c251c4135ec5f34e941e7c09ffe875,2026-07-16,2026-07-26
FL,Hyatt Regency Sarasota,SARASOTA,2020-03-24,2020-03-20,114,unknown,,0,0,1,https://reactwarn.floridajobs.org/WarnList/,aa1d9332e1ee01d66a3e69ab4cba95aa501e962f112d0a780ea772e4,89ac21bf459ca09426a10cc581d5a44065fd8818,2026-07-16,2026-07-26
FL,Alsco,SAINT PETERSBURG,2020-03-25,2020-03-24,16,unknown,,0,0,1,https://reactwarn.floridajobs.org/WarnList/,c3b391950f2a75f7954eaf5ff2447479b54cac3d5c8aac6b48f0f9ca,35c49a36fd9b4cffd4f5ae58bc966f3aeb088506,2026-07-16,2026-07-26
FL,Alsco,SARASOTA,2020-03-25,2020-03-24,8,unknown,,0,0,1,https://reactwarn.floridajobs.org/WarnList/,e695e0a322a52fba7e3fd6f237b663709b42cf0a6b866d02bf2f5eae,3aa0dd6318d61fe0e4f21fb952ef94e50be439c5,2026-07-16,2026-07-26
FL,Alsco,JACKSONVILLE,2020-03-25,2020-03-19,24,unknown,,0,0,1,https://reactwarn.floridajobs.org/WarnList/,aad3833822f2c946924187ab3a1e52b64d3da6285f70024155b35ef5,56e0978084511dbe2deac92d38d22fe480d75f22,2026-07-16,2026-07-26
FL,Alsco,TAMPA,2020-03-25,2020-03-24,15,unknown,,0,0,1,https://reactwarn.floridajobs.org/WarnList/,bb76793520532c61e6431b6f1ea23fd4d779ad23e9c079cfc6d955c1,a8370799df219e00a47e327650f3ae2e2185d643,2026-07-16,2026-07-26
FL,Alsco,MIAMI,2020-03-25,2020-03-01,56,unknown,,0,0,1,https://reactwarn.floridajobs.org/WarnList/,ff761ad618ee8a75fb272d28ab542b0872b06574eebf00c0deaa22cc,ad3c896f1fbd7078a15c0f9158ed6c6aba7a6a4c,2026-07-16,2026-07-26
FL,Alsco,POMPANO BEACH,2020-03-25,2020-03-24,28,unknown,,0,0,1,https://reactwarn.floridajobs.org/WarnList/,7a0276b99fdc50975736e5030dfcc58f20957cb2dca96b2e1d1afb57,b5b0f57cc2b2575132c6f8a667668595f1420181,2026-07-16,2026-07-26
FL,Alsco,ORLANDO,2020-03-25,2020-03-20,39,unknown,,0,0,1,https://reactwarn.floridajobs.org/WarnList/,48a4a847fd661f5b8fda60bf872b4539409355272500496f9284269a,dd0af7cf5301d6a308c4d284f6e7b8b6128b7fa8,2026-07-16,2026-07-26
FL,Alsco,NAPLES,2020-03-25,2020-03-24,24,unknown,,0,0,1,https://reactwarn.floridajobs.org/WarnList/,36c7d6e74c10f540e7561e9080e0a7db93f8496d1342925c74dbe319,f134b7b3a18890db23766544841ea32929f50d90,2026-07-16,2026-07-26
FL,Alsco,TALLAHASSEE,2020-03-25,2020-03-23,3,unknown,,0,0,1,https://reactwarn.floridajobs.org/WarnList/,2573faae90e93ee0634b03e4f249fe5da0f7e62b5212c228de97ffd9,f299b14d0cd3d94d05cde71b4abba7f77b29ddf6,2026-07-16,2026-07-26
FL,Buena Vista Construction Company,LAKE BUENA VISTA,2020-03-25,2020-03-15,1215,unknown,,0,0,1,https://reactwarn.floridajobs.org/WarnList/,34a8ce3314a82dfdf9bf4fa68c763304ad2a86ad0a9fd8d71179e01f,9165137e747c282c1beff9830043f0c04ab03fae,2026-07-16,2026-07-26
FL,Four Seasons Orlando at Walt Disney World,ORLANDO,2020-03-25,2020-03-24,835,unknown,,0,0,1,https://reactwarn.floridajobs.org/WarnList/,44340e7acf9e7b1b800c000ed5acea34881514f1aeb19b427ff7cdd3,b8260c8e12f2f6193559b3c75f3eec4b8538abc6,2026-07-16,2026-07-26
FL,"Italian Terrazzo and Tile Co. of Brevard, LLC",MELBOURNE,2020-03-25,2020-03-20,63,unknown,,0,0,1,https://reactwarn.floridajobs.org/WarnList/,10428443f5d5497a6cab799349d2a7445a313a5e200a738371b75a9a,b5fc2e64cc8a7d7940d21ca1397924db158bbafb,2026-07-16,2026-07-26
FL,SUGARCANE Raw Bar Grill,MIAMI,2020-03-25,2020-03-17,93,unknown,,0,0,1,https://reactwarn.floridajobs.org/WarnList/,765169ddaf86301ad3553f0b8599f728314d83a756c4093565d0a302,8baf20258a940e2dc2bba81b4964372d37be87c9,2026-07-16,2026-07-26
FL,"Sunset Restaurant Group, Inc.",SOUTH MIAMI,2020-03-25,2020-03-18,36,unknown,,0,0,1,https://reactwarn.floridajobs.org/WarnList/,630adb60187577f139061c9bf8ee2090732d86e844a854c1965daff7,7e17dec11f71ac9291ce9c4708dd1bea1d926f58,2026-07-16,2026-07-26
FL,"COVA, INC.",MIAMI,2020-03-26,2020-03-24,32,unknown,,0,0,1,https://reactwarn.floridajobs.org/WarnList/,4dee507876144928a42e1e6f3e748a41f9fc1ac9a936d2d790d51a1d,086671ab67e003752cb9587eda285f5acd3abca6,2026-07-16,2026-07-26
FL,"Earl's Restaurants USA, Inc.",ORLANDO,2020-03-26,2020-03-25,81,unknown,,0,0,1,https://reactwarn.floridajobs.org/WarnList/,bc5ed51c7870b9d9442bbdeb1dc3cfee989433cec774e8b5430d0ae4,5f54723b2494bf724202d0100881fe5343234e45,2026-07-16,2026-07-26
FL,"Earl's Restaurants USA, Inc.",MIAMI,2020-03-26,2020-03-25,138,unknown,,0,0,1,https://reactwarn.floridajobs.org/WarnList/,94f26466df33bb3e260cec4ee748c05f7d0bc57c0f5d04a74914255e,61878f9468e0b17d0becd3c0ba7c3e814278210e,2026-07-16,2026-07-26
FL,Hard Rock Hotel Daytona Beach,DAYTONA BEACH,2020-03-26,2020-03-16,103,unknown,,0,0,1,https://reactwarn.floridajobs.org/WarnList/,f0fe1e58d97b9c8102c09cf1bcf613634398103b070af20292a688b6,a38c4654e4edf56a6e889e3045c78a089aa0931b,2026-07-16,2026-07-26
FL,Insight Optical Manufacturing Company of Florida,HIALEAH,2020-03-26,2020-04-01,79,unknown,,0,0,1,https://reactwarn.floridajobs.org/WarnList/,37022eefc50871ab28ed61acf65b8f8cd975f66cb7b4982dd1c81587,0ee0efe58ffc9ad9fb2d03842b3e50336d7af499,2026-07-16,2026-07-26
FL,"La Carreta Enterprises, Inc.",MIAMI,2020-03-26,2020-03-24,13,unknown,,0,0,1,https://reactwarn.floridajobs.org/WarnList/,314ee3469d1b03e1ac6fbbfcb4e849d35c888f89ae51296dee83a592,89862b1bb2a2b7b9c27f9a3af32c3df57983cbca,2026-07-16,2026-07-26
FL,"La Carreta Group, Inc.",PEMBROKE PINES,2020-03-26,2020-03-24,5,unknown,,0,0,1,https://reactwarn.floridajobs.org/WarnList/,f28edc4d5534bfed62a247f8856ef009c747cb94cd073cdb8a5779f5,0b5713366f48fd40ffa119bf42bd3202b636ef73,2026-07-16,2026-07-26
FL,"La Carreta No. II, Inc.",MIAMI,2020-03-26,2020-03-24,18,unknown,,0,0,1,https://reactwarn.floridajobs.org/WarnList/,998f71b6ab9c9fe5ca4eb8dc295b59a5c9ff295642c66b72f354b6c3,9edfac4aea69608f7ad7f9886d5357317f854ebe,2026-07-16,2026-07-26
FL,"La Carreta Restaurant IV, Inc.",HIALEAH,2020-03-26,2020-03-24,7,unknown,,0,0,1,https://reactwarn.floridajobs.org/WarnList/,8af957b944621d73300fe69f00f48637a6d7ef19e824a643858c7f41,e7c3fbeef7fc7b6c1c2865f207ac48b63ab34c51,2026-07-16,2026-07-26
FL,"La Carreta Restaurant V, Inc.",MIAMI,2020-03-26,2020-03-24,4,unknown,,0,0,1,https://reactwarn.floridajobs.org/WarnList/,1f31b409c276727246128a64544e04e54bdbbd4fe21f80248832dd38,c3babe1e4c3819bbffc75036f6e6be34b9f3a261,2026-07-16,2026-07-26
FL,"La Carreta at Miramar, Inc.",MIRAMAR,2020-03-26,2020-03-24,16,unknown,,0,0,1,https://reactwarn.floridajobs.org/WarnList/,b211f9d5d0a02e29ff44f39525085aa08a8c80bdc8338258fee33f91,31b42de7a6ddcd4d24aa8aef7c7ad44d25a69719,2026-07-16,2026-07-26
FL,NFI,DORAL,2020-03-26,2020-03-22,64,unknown,,0,0,1,https://reactwarn.floridajobs.org/WarnList/,9a5ec815a5246fe420701a89c4b6acf322cbd29795482f051e68b778,e4b59e5c01cbcb8808aa88fda15da725c0aec7e4,2026-07-16,2026-07-26
FL,"Paradies-Broward, LLC",FORT LAUDERDALE,2020-03-26,2020-03-19,71,unknown,,0,0,1,https://reactwarn.floridajobs.org/WarnList/,3aee026fad768730d5febb285e2839f3abef55a1536b964e6d015365,a163ca22cfa4c824421a0adb230df70254444cdc,2026-07-16,2026-07-26
FL,"Sunset Restaurant Group, Inc.",SOUTH MIAMI,2020-03-26,2020-03-24,10,unknown,,0,0,1,https://reactwarn.floridajobs.org/WarnList/,8b58143b67f544ac3302809ed75e2bc8662515c622206c695fc6b387,2df08fc214fbb66081b25a86713c7b925c4d99c9,2026-07-16,2026-07-26
FL,"Versailles Bakery, Inc.",MIAMI,2020-03-26,2020-03-24,6,unknown,,0,0,1,https://reactwarn.floridajobs.org/WarnList/,811cae2aff78d12ee036e546d5b195f44d9221a4d87103f93889cc56,6fc2cd583ce218932c61d0d0d1c203462d9b62c4,2026-07-16,2026-07-26
FL,"AFP 109 Corporation, Marriott Orlando Downtown",ORLANDO,2020-03-27,2020-03-20,90,unknown,,0,0,1,https://reactwarn.floridajobs.org/WarnList/,925847e87828b39dfeb96c813973ed5eabbc404259c06455c4b09c08,caa7accbb9117a5b00bfc25802507ce7391d740a,2026-07-16,2026-07-26
FL,Bagatelle Miami LLC,MIAMI BEACH,2020-03-27,2020-03-16,55,unknown,,0,0,1,https://reactwarn.floridajobs.org/WarnList/,ad235087230b6a42fa0e088d9fb0cfde848ffae8c5eeed52de320a3f,86476f95b08195cf17cb89972df223f1e8def316,2026-07-16,2026-07-26
FL,Brightline Management LLC,FORT LAUDERDALE,2020-03-27,2020-04-01,18,unknown,,0,0,1,https://reactwarn.floridajobs.org/WarnList/,889bde53c3da3bee2ed6261961e379c0396a2737e20000de9de829c5,4a6c709307d54eb05f5afa2289d2d3924bc080cc,2026-07-16,2026-07-26
FL,Brightline Management LLC,WEST PALM BEACH,2020-03-27,2020-04-01,64,unknown,,0,0,1,https://reactwarn.floridajobs.org/WarnList/,d741683700cdbc5ff769c20b9f7d3f5ca7452d0b55504aa582d9dbbb,980b1d21d466f89336ac226fb5e34d9f49f37e7c,2026-07-16,2026-07-26
FL,Brightline Management LLC,MIAMI,2020-03-27,2020-04-01,33,unknown,,0,0,1,https://reactwarn.floridajobs.org/WarnList/,4536a07d5f9285a036de3cdf55a12b55e1e5cd3194bb1f5afd5652df,c5a98ec64cd1e8ebfdf3045780ba15df4450dd1f,2026-07-16,2026-07-26
FL,Brightline Management LLC’s,MIAMI,2020-03-27,2020-04-01,81,unknown,,0,0,1,https://reactwarn.floridajobs.org/WarnList/,313e278e6e2446e63ebe5e5afe206ed15d65e612e7e3d83a014d1ee4,6f60cf44bbe9e207f2fce530e8118191d40c12b1,2026-07-16,2026-07-26
FL,Embassy Suites by Hilton St. Augustine Beach Oceanfront Resort,ST. AUGUSTINE BEACH,2020-03-27,2020-03-16,61,unknown,,0,0,1,https://reactwarn.floridajobs.org/WarnList/,0617eefd271cdb2745ed7bfd51ac9aa82c07a5d23a5431de85da9bc7,55c42d465707c77102d993e8b72b3ffb6df0bf34,2026-07-16,2026-07-26
FL,Four Seasons at The Surf Club Hotel and Private Residences,SURFSIDE,2020-03-27,2020-03-20,360,unknown,,0,0,1,https://reactwarn.floridajobs.org/WarnList/,489e38d9fa4904933039a4c7ac7778e93efe4878317ed8c5b5b027e0,c8b3cf55351b1540dbe8c3492e2b59dbb65438ef,2026-07-16,2026-07-26
FL,"Hooters III, Inc.",SAINT PETERSBURG,2020-03-27,2020-03-23,40,unknown,,0,0,1,https://reactwarn.floridajobs.org/WarnList/,2615e83ecb13a5d82e961e1006be05844b78d797f6f3eaec2b154b57,1ef30d6f276ab348aa1e544119ec427a35ab0c14,2026-07-16,2026-07-26
FL,"Hooters III, Inc.",SPRING HILL,2020-03-27,2020-03-23,40,unknown,,0,0,1,https://reactwarn.floridajobs.org/WarnList/,e65b1e7224651caf674890d485013a94ab543fc0cc553df111e3defa,32ccd6917f71d8f774ac143cd3400287461e849c,2026-07-16,2026-07-26
FL,"Hooters III, Inc.",CLEARWATER,2020-03-27,2020-03-23,64,unknown,,0,0,1,https://reactwarn.floridajobs.org/WarnList/,056a851799794f86ed8861be3989b27fa91d719f1f6b74d536ca4436,4202068d586a47d0a7922b5ed0449c1fdce32e0f,2026-07-16,2026-07-26
FL,"Hooters III, Inc.",TAMPA,2020-03-27,2020-03-23,73,unknown,,0,0,1,https://reactwarn.floridajobs.org/WarnList/,01bed519efd2da9cc101717130d3dff06cb104f33d73126ee98357fe,42acce9d2f81a86cd52341072ffe49e7cb3eedc0,2026-07-16,2026-07-26
FL,"Hooters III, Inc.",CLEAR WATER,2020-03-27,2020-03-23,69,unknown,,0,0,1,https://reactwarn.floridajobs.org/WarnList/,57c6458f311aa3f86127bc07a6206fab990e973319b4f91cc45ac92e,51cef5950b783944379b2556afe5d7272b237c50,2026-07-16,2026-07-26
FL,"Hooters III, Inc.",PORT RICHEY,2020-03-27,2020-03-23,100,unknown,,0,0,1,https://reactwarn.floridajobs.org/WarnList/,8e5d5e5327760dd291f92ba5fe7e8bef198e206db4f5428684249e4b,6ab1c5bc3f0c6a4e47fd083524ffa1ccef65affd,2026-07-16,2026-07-26
FL,"Hooters III, Inc.",MADEIRA BEACH,2020-03-27,2020-03-23,60,unknown,,0,0,1,https://reactwarn.floridajobs.org/WarnList/,1506ff290d27f4dfe71a5d75f59ad844adadf984b9a8af9eb6686125,d45ae23d45d2fbd5ed6e3d876cfcae325b637876,2026-07-16,2026-07-26
FL,Keolis Transit America’s,FORT LAUDERDALE,2020-03-27,2020-03-25,123,unknown,,0,0,1,https://reactwarn.floridajobs.org/WarnList/,7a6a025c41a836fa9d83f9940933a4ae63cf8592bb0bdef0ab9f2da8,75b0dadd7d760ff8cff317c8ae65bb7fe7ad8cc9,2026-07-16,2026-07-26
FL,"Mandarin Oriental, Miami",MIAMI,2020-03-27,2020-03-26,488,unknown,,0,0,1,https://reactwarn.floridajobs.org/WarnList/,96b384b0b95787b19b5b924f4953d52bc7536185b07291b45840333e,719e46b173a77963996ad17f22726c1888ff7f2c,2026-07-16,2026-07-26
FL,"Morgans Hotel Group Management, LLC d/b/a Delano Hotel",MIAMI BEACH,2020-03-27,2020-03-31,261,unknown,,0,0,1,https://reactwarn.floridajobs.org/WarnList/,078760d42dff14d545fd96ed80400d06b5bf7c9ec4f52cb86126320a,a3ea2b7486a7f4407712e82751c95a727482f34c,2026-07-16,2026-07-26
FL,Sheraton Suites Orlando Int'l Airport,ORLANDO,2020-03-27,2020-03-25,70,unknown,,0,0,1,https://reactwarn.floridajobs.org/WarnList/,5804657ec4e2d8d13eea66d6f2439cda36013967fee01c0f73a6b20b,fd401842110992ce2c89963b00a67b8307b3d832,2026-07-16,2026-07-26
FL,"Silver Wings Aerospace, Inc., a Wencor Group, LLC",PRINCETON,2020-03-27,2020-03-27,32,unknown,,0,0,1,https://reactwarn.floridajobs.org/WarnList/,af725369d78e3377a11040726d3c1810ed0c152e06c9841dbd68f29e,b8f560a45ce73ec1e9413b10a00e02c1e6601604,2026-07-16,2026-07-26
FL,"Spinecare Associates, LLC and Clearwater Orthopaedics LLC",CLEARWATER,2020-03-27,2020-03-20,62,unknown,,0,0,1,https://reactwarn.floridajobs.org/WarnList/,01b6eef8fd29a5acfa27185ecb9f4ef4d62dc923f1baf5a3cd5328f8,3995066010d4d61d5bc4ee114abfacce0ff528f0,2026-07-16,2026-07-26
FL,Almod Diamonds Limited,DORAL,2020-03-30,2020-03-26,81,unknown,,0,0,1,https://reactwarn.floridajobs.org/WarnList/,b057b662c9421e0b0f5648a24420de3e8f212ee294ac869c17eff769,6ed33a7f2a644cb44051b9ecba1d7d87471f392c,2026-07-16,2026-07-26
FL,America's Auto Auction,JACKSONVILLE,2020-03-30,2020-03-17,42,unknown,,0,0,1,https://reactwarn.floridajobs.org/WarnList/,56afd96641bf9375495337b30ddf4a4bbdc58c0113e60dd7ee659300,bff4b310ae0ff8da10fb2007f06c3629feed5fc0,2026-07-16,2026-07-26
FL,America's Auto Auction,PENSACOLA,2020-03-30,2020-03-17,9,unknown,,0,0,1,https://reactwarn.floridajobs.org/WarnList/,bb99704be8248af4f49ff6608b43d16ff2434cb2e42d64758a5d6f54,c96411f8d4be09eaa3992f421fec237f7ea87c8c,2026-07-16,2026-07-26
FL,Claire’s,PEMBROKE PINES,2020-03-30,2020-03-28,9,unknown,,0,0,1,https://reactwarn.floridajobs.org/WarnList/,52d942ba8c7d1d853ee38139d6cde87e49b53aa9e3b00235355459cd,ef1dc5120247afdf7dbdebbee9198431d194721e,2026-07-16,2026-07-26
FL,DriveTime,CLEARWATER,2020-03-30,2020-03-30,68,unknown,,0,0,1,https://reactwarn.floridajobs.org/WarnList/,0d49c0f3a4b6a1d21bb3d1268ff83467510080fc0246c6bf387e9c7c,4324dee633c879cbaf5fcdb40d9663b081bd3446,2026-07-16,2026-07-26
FL,DriveTime,SANFORD,2020-03-30,2020-03-30,113,unknown,,0,0,1,https://reactwarn.floridajobs.org/WarnList/,d0e98c7c4955d500f298c3d13342a2ce6419ca01485ebda3804541ac,5aeba2ca3e43b09f3f81f2f75691fac7a146af00,2026-07-16,2026-07-26
FL,Hammock Beach Resort,PALM COAST,2020-03-30,2020-03-30,246,unknown,,0,0,1,https://reactwarn.floridajobs.org/WarnList/,d26fac151ff512b68c9961c7db7f4a1da390f6c3bbc40564e255192a,328224b10ab5166797c1968f9e6a7aa1a93c5c5f,2026-07-16,2026-07-26
FL,Hilton Singer Island Oceanfront/Palm Beaches Resort Hotel,RIVIERA BEACH,2020-03-30,2020-03-24,88,unknown,,0,0,1,https://reactwarn.floridajobs.org/WarnList/,65f1c3deb441b50984d28a850e7907a9e5bddf19347231babb9c2623,452c6fb3bc01ac2263cbe932077a34fb0dfbc064,2026-07-16,2026-07-26
FL,IM NY Boca LLC,BOCA RATON,2020-03-30,2020-03-17,46,unknown,,0,0,1,https://reactwarn.floridajobs.org/WarnList/,8a2e46f933249828c97d8bb25f0a2fc7001d91eb27f7e060a150c7ee,41c6d5b27d67f0e45234b2cd08494ae8e94fe9c6,2026-07-16,2026-07-26
FL,IM NY Florida LLC,SUNNY ISLES,2020-03-30,2020-03-18,100,unknown,,0,0,1,https://reactwarn.floridajobs.org/WarnList/,4c07c2c02d93b82d001ad7e4b9e1194177af84f868d1cb11c91d696a,7761a05edd672b11b6f8f8a8e94c3177856b317e,2026-07-16,2026-07-26
FL,"Lynx FBO Destin, LLC",DESTIN,2020-03-30,2020-04-01,7,unknown,,0,0,1,https://reactwarn.floridajobs.org/WarnList/,da83e59f6bd8a6b9ad765e05c34819755e2e3950f807eaf8917d34ff,a70d85132823b1909bfae3545a82a77e5b94b3f9,2026-07-16,2026-07-26
FL,Miami Air International,MIAMI,2020-03-30,2020-03-31,171,unknown,,0,0,1,https://reactwarn.floridajobs.org/WarnList/,794ca37eec561a4567fc0cf741758876c36a8b8350c9c6ae3c473ae1,1343d649b196df30ebed847c774505b9fd909135,2026-07-16,2026-07-26
FL,Paper Source,WEST PALM BEACH,2020-03-30,2020-03-29,9,unknown,,0,0,1,https://reactwarn.floridajobs.org/WarnList/,d955772e3f394911a6586c1a95874e552b9f3dce868a998e0ad2d905,4f3f8188f484cb7ba5d13fdac56ef88b18e4f8ed,2026-07-16,2026-07-26
FL,Paper Source,TAMPA,2020-03-30,2020-03-29,10,unknown,,0,0,1,https://reactwarn.floridajobs.org/WarnList/,21d006e47736201080ba5b5d82154ca90db561a1ee9d6893787916c0,7e2e2c3dbe7c7bbcdce5d09797efb51103d4c139,2026-07-16,2026-07-26
FL,Paper Source,NAPLES,2020-03-30,2020-03-29,10,unknown,,0,0,1,https://reactwarn.floridajobs.org/WarnList/,980ed55080dbf89e950c54783f6cb2b2cff835542f1c23b726233458,88be192ba6762d7b892495655bfcaf44d662e401,2026-07-16,2026-07-26
FL,Plunge Beach Resort,LAUDERDALE BY THE SEA,2020-03-30,2020-03-16,51,unknown,,0,0,1,https://reactwarn.floridajobs.org/WarnList/,95360b26c9ffadc99b78ff62f6bb11c313c4f50178997977cb816ea7,207498ad778caa953500fb3e3bab8bdacf25f789,2026-07-16,2026-07-26
FL,"The Standard Spa, Miami Beach",MIAMI BEACH,2020-03-30,2020-04-01,236,unknown,,0,0,1,https://reactwarn.floridajobs.org/WarnList/,0ac62b3c5dcf017d9e766d431a0a031991820fb6b4f0335b442c68d9,d8e8b8e54601c75bacbdf6ef1028c9b69ae95b10,2026-07-16,2026-07-26
FL,Trump Miami Resorts Management LLC,DORAL,2020-03-30,2020-03-19,560,unknown,,0,0,1,https://reactwarn.floridajobs.org/WarnList/,5e1766156b08cfdc9b23b4f35dd3e75b193cd6910c9e46a3ef8f671b,5475cda1348e35b7bdf58b46fa5a8d501dbc3bf4,2026-07-16,2026-07-26
FL,"AFP 109 Corporation, Marriott Orlando Downtown",ORLANDO,2020-03-31,2020-03-20,116,unknown,,0,0,1,https://reactwarn.floridajobs.org/WarnList/,c4a5947099e4d8c4734d21d47c9a1f1babaccd6736eb6ab07d5ebdac,816ffc3f859657d0123f6d22d57e91e2a77e7747,2026-07-16,2026-07-26
FL,"Ahern Rentals, Inc.",ORLANDO,2020-03-31,2020-03-30,2,unknown,,0,0,1,https://reactwarn.floridajobs.org/WarnList/,a4177decd3f69816b3fa952853e8d8dd016d2ddd227f2e5a1ead2bcc,1592d5bfbea500ea8c9dbf4d33c9b5fb873eb923,2026-07-16,2026-07-26
FL,Audi West Palm Beach,WEST PALM BEACH,2020-03-31,2020-03-30,31,unknown,,0,0,1,https://reactwarn.floridajobs.org/WarnList/,f764406408a3c9a5fc98cde0784dd048a6dbcde34e2f101e36ef8d2a,710f0d510aaa04ca7e3300f4f05143f91ab47a24,2026-07-16,2026-07-26
FL,Braman Honda of Palm Beach,GREENACRES,2020-03-31,2020-03-30,41,unknown,,0,0,1,https://reactwarn.floridajobs.org/WarnList/,0bfea60a06bae4d5ca479447f94beab5da829bf275a1be50ce52ca50,3e6e02f8a929d6a20903051db0efdb91fdfba23c,2026-07-16,2026-07-26
FL,Braman Imports d/b/a Braman Honda,MIAMI,2020-03-31,2020-03-30,57,unknown,,0,0,1,https://reactwarn.floridajobs.org/WarnList/,54622b3bdb740163002575f84b17a772544beb48ddb0e54ad09304a5,254d4ad4cf5bed03036508225de6c4ff6cf326c4,2026-07-16,2026-07-26
FL,"Braman Motorcars, Inc.",WEST PALM BEACH,2020-03-31,2020-03-30,159,unknown,,0,0,1,https://reactwarn.floridajobs.org/WarnList/,9cc057c5132c2f276a22d42a484bc4c3af26d67c1a96eefc8dbd238e,3cec47a388f9a67a642471e612b44db069585a95,2026-07-16,2026-07-26
FL,"Braman Motors, Inc.",MIAMI,2020-03-31,2020-03-30,94,unknown,,0,0,1,https://reactwarn.floridajobs.org/WarnList/,153b0b073f9d7150ffb186b46d04670764122b2f94fd83533ead69ae,62bcec8a55c414add642db6ab4f56237fd9c671a,2026-07-16,2026-07-26
FL,Cirque Du Soleil,LAKE BUENA VISTA,2020-03-31,2020-03-17,151,unknown,,0,0,1,https://reactwarn.floridajobs.org/WarnList/,b9088858e307a8653f62b9f668dff7196bdcb9bfdc871ebffaf9e33e,0c235f0a789a38f0c64746885b1960d45fe0627e,2026-07-16,2026-07-26
FL,"Diversified Consultants, Inc.",JACKSONVILLE,2020-03-31,2020-04-01,250,unknown,,0,0,1,https://reactwarn.floridajobs.org/WarnList/,bc74941d15628f4f9b16cc563e844f164e345e93a4cc4758b20078a9,7fab1cf454c3c3a0db8698c431601ab63227e2f8,2026-07-16,2026-07-26
FL,"Enterprise Holdings (Enterprise, Alamo & National Rent a Car)",FORT MYERS,2020-03-31,2020-04-30,24,unknown,,0,0,1,https://reactwarn.floridajobs.org/WarnList/,2f08fc694b2f75f9f9e3784fdbf6f69407a6a59315b6ae2c17ff9403,c175f5a5465d145edc002c06207d190f8e483dbf,2026-07-16,2026-07-26
FL,Exploria Resorts,WINTER GARDEN,2020-03-31,2020-03-25,88,unknown,,0,0,1,https://reactwarn.floridajobs.org/WarnList/,14a2345c9abbb9b6d14c318f0eebd203dcd3a77e156da315fd1e92f8,a0229ffc02b61a1c2f5795bccc07578958afaaf5,2026-07-16,2026-07-26
FL,"Four Seasons Hotels Corporate Services, Inc.",BOCA RATON,2020-03-31,2020-04-01,14,unknown,,0,0,1,https://reactwarn.floridajobs.org/WarnList/,2a45e74e097a07ff7415888ea02adc5c565bc3257be1c70449dcb967,1faeb161645e35daf852a6408bb4dc36643bcfe1,2026-07-16,2026-07-26
FL,Hilton Cabana,MIAMI BEACH,2020-03-31,2020-03-23,65,unknown,,0,0,1,https://reactwarn.floridajobs.org/WarnList/,65df5b92f55aa4738fcb0802ad1173d21ae1848f23f56c7c09aa237e,ecf7591400b96a90ab32490deda8100314a06c2c,2026-07-16,2026-07-26
FL,"Mar-a-Lago Club, LLC",PALM BEACH,2020-03-31,2020-03-27,153,unknown,,0,0,1,https://reactwarn.floridajobs.org/WarnList/,3d6a1e7dd5ed1798f98f648c2e8bb894af5dd58a73b3e97f39b4ad3b,c2e2852f58c441853796020fbfd9cdb8dd925754,2026-07-16,2026-07-26
FL,MetaCoastal,MARCO ISLAND,2020-03-31,2020-03-20,12,unknown,,0,0,1,https://reactwarn.floridajobs.org/WarnList/,683d9c067e6e21a07b47d1d2101ac5cd9bb140c4d40d89e43fa5a934,bf06c1be24d67f98503b944e0f95f6229ab75f13,2026-07-16,2026-07-26
FL,Apple Leisure Group,ORLANDO,2020-04-01,2020-03-31,73,unknown,,0,0,1,https://reactwarn.floridajobs.org/WarnList/,b17bc89d6848ed5e0f1d592608f37857ed1f508acfce501a66a57905,4694b0b972682a5f6f25eadb76e8ca1bec7d2428,2026-07-16,2026-07-26
FL,Cirque Du Soleil,ORLANDO,2020-04-01,2020-03-19,59,unknown,,0,0,1,https://reactwarn.floridajobs.org/WarnList/,794dec3a71c1ab7c5494a2da854e94613bef7bd579daa332ff56b792,23b621ed6146640af39483fc4a5a05a67987be9b,2026-07-16,2026-07-26
FL,Cirque du Soleil Entertainment Group,POMPANO BEACH,2020-04-01,2020-03-19,17,unknown,,0,0,1,https://reactwarn.floridajobs.org/WarnList/,392f27af927f3100c27a50c062c53a250aae1626fdcb220a563e45b8,b9273b98a7be519ffe0545492b118224fbb39173,2026-07-16,2026-07-26
FL,Homewood Suites by Hilton Orlando-International Drive/Convention Center,ORLANDO,2020-04-01,2020-03-24,40,unknown,,0,0,1,https://reactwarn.floridajobs.org/WarnList/,6f7d2127a3b50036ef38f2bd4f11c0cfd6a1092b221282ee7eb1cbbb,b8bde12a442253a524927d69596c29e6ee26e0c7,2026-07-16,2026-07-26
FL,Marriott St. Petersburg,SAINT PETERSBURG,2020-04-01,2020-03-27,81,unknown,,0,0,1,https://reactwarn.floridajobs.org/WarnList/,45178d85b70aba1f3fa3b829f8ba377316a4c46e8e8e499a3de750e5,39eac6f63c5c649f869f3156e683d0308db731f8,2026-07-16,2026-07-26
FL,Quick Weight Loss Center,PORT SAINT LUCIE,2020-04-01,2020-03-25,3,unknown,,0,0,1,https://reactwarn.floridajobs.org/WarnList/,cb50cfd399046d135feea72aa635335cffa210c22b818a2d19ab77e1,0daaa52714541cfbe0deb81fdf2a7dd5cbbfc715,2026-07-16,2026-07-26
FL,Quick Weight Loss Center,VERO BEACH,2020-04-01,2020-03-25,3,unknown,,0,0,1,https://reactwarn.floridajobs.org/WarnList/,9684364e4160fd8ca796bc703849666b49acc259dd2b4253275e76cf,222de24a89af571ba459e92fa92856cf49cd3b53,2026-07-16,2026-07-26
FL,Quick Weight Loss Center,POMPANO BEACH,2020-04-01,2020-03-25,4,unknown,,0,0,1,https://reactwarn.floridajobs.org/WarnList/,ad773465239cbba9533f8b8102024553a366a63a6a24811be8d3771c,8c169f1f29af8ab28344d4ea4ae87a9712fd8f6a,2026-07-16,2026-07-26
FL,Quick Weight Loss Center,NORTH MIAMI,2020-04-01,2020-03-25,4,unknown,,0,0,1,https://reactwarn.floridajobs.org/WarnList/,b09dc7d084d028d708ccc155ef3288a2f330262676ef69d644505d17,cc43c4949a16a05fbc5cfa3ac683a776c514e02b,2026-07-16,2026-07-26
FL,Quick Weight Loss Center,WILTON MANORS,2020-04-01,2020-03-25,3,unknown,,0,0,1,https://reactwarn.floridajobs.org/WarnList/,246a4d0303967427843e777b7a6fc638fdfde2c35307b4b45768cfb0,e4633d9a5fd7a3a761d71361d45cf19b34e29fcd,2026-07-16,2026-07-26
FL,Quick Weight Loss Centers,WESTON,2020-04-01,2020-03-25,3,unknown,,0,0,1,https://reactwarn.floridajobs.org/WarnList/,a3345d7f99b77d2c2e593f9a16115307bd503a1ae83e1b03a6761d6b,2ccd38a6212693ff9815d6e3cedf690d1dc5d6f1,2026-07-16,2026-07-26
FL,Quick Weight Loss Centers,STUART,2020-04-01,2020-03-25,3,unknown,,0,0,1,https://reactwarn.floridajobs.org/WarnList/,60a91e5126fefb3c45ae6adeb84b36e6df9f37849afabbf3b7af7214,36f01abfdacdcc4159fe877c943fd22777fe53a6,2026-07-16,2026-07-26
FL,Quick Weight Loss Centers,BOCA RATON,2020-04-01,2020-03-25,3,unknown,,0,0,1,https://reactwarn.floridajobs.org/WarnList/,b9a716f2fe543aadd77e3110d90fb4330e9d811b2c8a5e25c6abbd8b,3ae6bf44a17fbf40845dbde0abbef71f4bb6f403,2026-07-16,2026-07-26
FL,Quick Weight Loss Centers,CORAL SPRINGS,2020-04-01,2020-03-25,2,unknown,,0,0,1,https://reactwarn.floridajobs.org/WarnList/,15106f416ab1e6efc62fcfe765f0b40977f8505a8aa06681fa11ffea,53db627e9d84150c426fcfdc116a70fe3f5d852d,2026-07-16,2026-07-26
FL,Quick Weight Loss Centers,WEST PALM BEACH,2020-04-01,2020-03-25,3,unknown,,0,0,1,https://reactwarn.floridajobs.org/WarnList/,203e98a11b0465228461c1039ae15fd076961406162d723cae6b8d86,59066d5927d4a9bf9f329da65c4b1bba00e4d587,2026-07-16,2026-07-26
FL,Quick Weight Loss Centers,LAKE WORTH,2020-04-01,2020-03-25,4,unknown,,0,0,1,https://reactwarn.floridajobs.org/WarnList/,6275712bc25e47cb08b3e24c6c08a59c3b679e39b752d7d567cc0ee6,5bafee796a2ae27b9abf68521e3bce3099c3b655,2026-07-16,2026-07-26
FL,Quick Weight Loss Centers,PEMBROKE PINES,2020-04-01,2020-03-25,4,unknown,,0,0,1,https://reactwarn.floridajobs.org/WarnList/,04e1bd2f36fb1e528caa117db442df28bd9f2f243f0990f59ba51d28,63af247cb8d7d87835b1ea5c43aa9aee5499f536,2026-07-16,2026-07-26
FL,Quick Weight Loss Centers,DORAL,2020-04-01,2020-03-25,2,unknown,,0,0,1,https://reactwarn.floridajobs.org/WarnList/,b65250d68ec8e9970793a38f321749d3113be5f0e50baa2a3767dd3d,688465574f9dac913bf7ab03de854dc17c01407f,2026-07-16,2026-07-26
FL,Quick Weight Loss Centers,JUPITER,2020-04-01,2020-03-25,5,unknown,,0,0,1,https://reactwarn.floridajobs.org/WarnList/,9669af5e1fbccca8772925fe37f0ca4451e64d66845821857c340eec,6ffedd493141c6aa1ee98ea7c3309da1b0a70acf,2026-07-16,2026-07-26
FL,Quick Weight Loss Centers,POMPANO BEACH,2020-04-01,2020-03-25,14,unknown,,0,0,1,https://reactwarn.floridajobs.org/WarnList/,3f9086c02301cf015a94a6edfa0ef5a59ed4ad75e6b92ff5cb5bba22,9b1e5c860a6ff72bc850eacd5ff503a22f7f69c1,2026-07-16,2026-07-26
FL,Quick Weight Loss Centers,BOYNTON BEACH,2020-04-01,2020-03-25,4,unknown,,0,0,1,https://reactwarn.floridajobs.org/WarnList/,8cada289a590c7f31c18a265f1db7f05c185ad54516d67627cfbaeb8,afa1b366eb630a3794ea2dd13317e029bb130088,2026-07-16,2026-07-26
FL,Quick Weight Loss Centers,SUNRISE,2020-04-01,2020-03-25,4,unknown,,0,0,1,https://reactwarn.floridajobs.org/WarnList/,8cd051fb794b6ca4a994ba147b40cca5e96e691285f1948639c2bcb9,ed2f5df8dec370168ef4164066758e39c426f15a,2026-07-16,2026-07-26
FL,Quick Weight Loss Centers,MIAMI,2020-04-01,2020-03-25,4,unknown,,0,0,1,https://reactwarn.floridajobs.org/WarnList/,072e7a7c183b601df527727b89889c0b5e4d5bbebc101113688bffef,f42e540f8834769a93b49acafac9ebd023af6f33,2026-07-16,2026-07-26
FL,Sheraton Jacksonville Hotel,JACKSONVILLE,2020-04-01,2020-03-16,48,unknown,,0,0,1,https://reactwarn.floridajobs.org/WarnList/,9abf62d6d01d330cb67327300415f34348094bd17b59d23ef3419773,b846ba91f62e7e19b3534aa1ba28875ca92e8654,2026-07-16,2026-07-26
FL,Towne Park,MIAMI BEACH,2020-04-01,2020-03-15,124,unknown,,0,0,1,https://reactwarn.floridajobs.org/WarnList/,2e5b8a37c05c212fbf9fa64eb40078609ab364b843e5e0fdb4f01caa,baf61c21bfb791e94655e98ff264560d48d4a70c,2026-07-16,2026-07-26
FL,"3720 Croydon, LLC",MIAMI BEACH,2020-04-02,2020-03-16,110,unknown,,0,0,1,https://reactwarn.floridajobs.org/WarnList/,d0a013d34241b0e916d69393d67d76dae897c6bda28619b195736d9c,5ecd64eef4af0dfa78c33e1855394ca762b6fc23,2026-07-16,2026-07-26
FL,"Areas USA MIA, LLC",MIAMI,2020-04-02,2020-03-19,127,unknown,,0,0,1,https://reactwarn.floridajobs.org/WarnList/,0b0eb9a099b2bd2626869219eb3a4383906dc9c053d23ad9d1f68990,d2a0d6e4fac7d521df5fe9d179f875f9e3e4d79d,2026-07-16,2026-07-26
FL,BIC Graphic North America,CLEARWATER,2020-04-02,2020-03-12,120,unknown,,0,0,1,https://reactwarn.floridajobs.org/WarnList/,08402b0cde884dc268b1f85fb91e2b90362db5586f4d9980cdf9ddbb,11f4a02ba858f7271dc384162948045c46824044,2026-07-16,2026-07-26
FL,BIC Graphic North America,CLEAR WATER,2020-04-02,2020-03-12,7,unknown,,0,0,1,https://reactwarn.floridajobs.org/WarnList/,9d7cdb0619674caecaa922e4095496c4f2c48fb751d5264884841a0e,bb57c8138bed7a2de022512f51289e841f93134d,2026-07-16,2026-07-26
FL,Barteca dba bartaco,TAMPA,2020-04-02,2020-03-21,104,unknown,,0,0,1,https://reactwarn.floridajobs.org/WarnList/,8194c658407ff4c78d6f13f467dca8d52d60d3bdb26db3878c8cf420,766ba761e587ba4f00094cfe05a3d692ec99beab,2026-07-16,2026-07-26
FL,Barteca dba bartaco,ORLANDO,2020-04-02,2020-03-21,45,unknown,,0,0,1,https://reactwarn.floridajobs.org/WarnList/,59abf52b2f81ce6e7287d641755a398b708c655fe38c6566928646f1,9bccbc7070a8929911ce2fad6fd558380ece0c61,2026-07-16,2026-07-26
FL,Barteca dba bartaco,AVENTURA,2020-04-02,2020-03-21,63,unknown,,0,0,1,https://reactwarn.floridajobs.org/WarnList/,7057389ecfb089ff82ed93dc19e31e718fbaa003b11b2725a117bc6f,edacfd1fad4024b10304173ee61468b12645c25e,2026-07-16,2026-07-26
FL,Catalina Hotel,MIAMI BEACH,2020-04-02,2020-03-16,214,unknown,,0,0,1,https://reactwarn.floridajobs.org/WarnList/,5b8626adaae6dedb1468cfa0f1f5dc602f67187d219079d14e6c79dc,937aea60bee9f5ee0f0572b4aeb18f38793af404,2026-07-16,2026-07-26
FL,"Chesterfield Hotel and Suites, LLC",MIAMI BEACH,2020-04-02,2020-03-16,38,unknown,,0,0,1,https://reactwarn.floridajobs.org/WarnList/,d7feff636d670aa5133b54ac3760fa418f43441bd1568a0b2eabb86b,6cbabe9996e3b3e2c3c4b498d1f97acca1ded3b4,2026-07-16,2026-07-26
FL,Dentsply Sirona,SARASOTA,2020-04-02,2020-04-01,148,unknown,,0,0,1,https://reactwarn.floridajobs.org/WarnList/,8e417e6f824a62b8c218ff24baaec096bd01f06afb59c19b3f97465a,9b79c86c9cb2656c3f279243602dbae19a2fba01,2026-07-16,2026-07-26
FL,Eden Roc Hotel,MIAMI BEACH,2020-04-02,2020-03-22,458,unknown,,0,0,1,https://reactwarn.floridajobs.org/WarnList/,315612d52bfb5781e56d960ba4bd4b9379b0574a3df301b1863cf084,38de740cb8a5d4d9d6377c9cbaa6970e10414773,2026-07-16,2026-07-26
FL,"Harding Hotel, LLC",MIAMI BEACH,2020-04-02,2020-03-16,79,unknown,,0,0,1,https://reactwarn.floridajobs.org/WarnList/,46389859c63a4485926f854e99f9d547b4bf00d14da68aba47139bb5,22dfa3a5112c08fa48d353b23d2cc1066cf54982,2026-07-16,2026-07-26
FL,"Harding Hotel, LLC1",MIAMI BEACH,2020-04-02,2020-03-16,32,unknown,,0,0,1,https://reactwarn.floridajobs.org/WarnList/,83efd9bdf86410815fda5e1dccaecbb0dfee0a040e3e95263ab30932,6e3307c51f5e49f822ef0934c6f152e32a8acc2d,2026-07-16,2026-07-26
FL,Holiday Inn Orlando Disney Springs Area,ORLANDO,2020-04-02,2020-03-23,70,unknown,,0,0,1,https://reactwarn.floridajobs.org/WarnList/,b84154fe0b2c94385b0146e7fa093ab55ee596934366ef722d62c1e5,05bd1f3a144bfc5a4348cc9f47df10d13898d67b,2026-07-16,2026-07-26
FL,"Hollywood All Suites, LLC",HOLLYWOOD,2020-04-02,2020-03-31,52,unknown,,0,0,1,https://reactwarn.floridajobs.org/WarnList/,528c2d958abbc7af8fa18481bbf9266a913a7f7d6f5e8d9f96d942ce,1f8518c75c722599a20219c4d2464f63b39b59f5,2026-07-16,2026-07-26
FL,"Hotel Chelsea South Beach, LLC",MIAMI BEACH,2020-04-02,2020-03-31,14,unknown,,0,0,1,https://reactwarn.floridajobs.org/WarnList/,087b70317f3cdc9632d3cf9cd49560f74daf155cd2e87e306d246372,4fa825c9851425a76f33a1d1de331e18c9f966c8,2026-07-16,2026-07-26
FL,"Hotel Shelley, LLC",MIAMI BEACH,2020-04-02,2020-03-31,10,unknown,,0,0,1,https://reactwarn.floridajobs.org/WarnList/,2ae35565cc93c9e18af545c825cc81f7a57fd447df3c9f7a7db1bb7d,47d113f04c4f34b27ae17340fb43380857738b58,2026-07-16,2026-07-26
FL,Hotelbeds,ORLANDO,2020-04-02,2020-05-31,10,unknown,,0,0,1,https://reactwarn.floridajobs.org/WarnList/,07effdf3e986e18137e9651e0994082b0854b04e600f3d4abcc1677e,7eb1c16007acb5942ed39f5f61771ffec41c2434,2026-07-16,2026-07-26
FL,"Lincoln Arms of Miami Beach, LLC",MIAMI BEACH,2020-04-02,2020-03-31,16,unknown,,0,0,1,https://reactwarn.floridajobs.org/WarnList/,8b584479016487dce648d642715210817ac7075ace98655b65a8c43b,a14543d65b2804adbce2d505bcc01b951f284cb4,2026-07-16,2026-07-26
FL,"Lynx FBO Fort Lauderdale, LLC",FORT LAUDERDALE,2020-04-02,2020-03-28,8,unknown,,0,0,1,https://reactwarn.floridajobs.org/WarnList/,ff9402037f57aaa9335d69ef78c75be892007f1f7ef0cb32becd79dd,e24297607cc5d8755f4f7cf41d9971b8d58d0652,2026-07-16,2026-07-26
FL,"Martin-Brower Company, LLC",ORLANDO,2020-04-02,2020-04-02,50,unknown,,0,0,1,https://reactwarn.floridajobs.org/WarnList/,ffb408bb0847bcde1a0a2801a56f0a7daeccfdb9abc1dd6f89ca36b8,42c3c14e3716f7e0684163684acc4b383fd4f6f1,2026-07-16,2026-07-26
FL,"Metropole Hotel Apartments, LLC",MIAMI BEACH,2020-04-02,2020-03-16,14,unknown,,0,0,1,https://reactwarn.floridajobs.org/WarnList/,f577a91db227a4ded53961e4eecc3323d770e90b8715679553123b48,e8ca15b8c127756c495d037f2a7cb8f9bbfb326f,2026-07-16,2026-07-26
FL,"Museum Walk Apartments, LLC",MIAMI BEACH,2020-04-02,2020-03-16,49,unknown,,0,0,1,https://reactwarn.floridajobs.org/WarnList/,cadff002f73aed872e9790e94a91eb24787fbb3c44d679772d00d7a8,d12bf9a946c5bde007d5b3711fcde5f64f7dbe64,2026-07-16,2026-07-26
FL,"Riviera Loft Hotel, LLC",MIAMI BEACH,2020-04-02,2020-03-16,64,unknown,,0,0,1,https://reactwarn.floridajobs.org/WarnList/,cdacfa9e79183d9b3c8cbd6a633d60f761d6bbbd271b27638bb0cd44,4dffd3678688abb9b3430e8b5e9590256b51e692,2026-07-16,2026-07-26
FL,"Seaside Apartment Hotel, LLC",MIAMI BEACH,2020-04-02,2020-03-16,34,unknown,,0,0,1,https://reactwarn.floridajobs.org/WarnList/,8c39e78133d8b9ec9746a004d1df82183be0c413b2615412426a1277,bd389c84480d905f2de1e6342a0a98e847068db9,2026-07-16,2026-07-26
FL,"South Beach Group, Inc.",MIAMI BEACH,2020-04-02,2020-03-16,20,unknown,,0,0,1,https://reactwarn.floridajobs.org/WarnList/,4d8f3ebd6fbb7f9df0be128e30ebd4a574cd793172f4689954b79915,90315ab790afca75305a492bd119952836149fd0,2026-07-16,2026-07-26
FL,South Seas Island Resort,CAPTIVA,2020-04-02,2020-03-20,254,unknown,,0,0,1,https://reactwarn.floridajobs.org/WarnList/,d4468658607d750b092eb4fa5f851d34b460d5b25717b575d9e73e7c,6a170eaf2aa162692e7dc4e876404f9c7265a74f,2026-07-16,2026-07-26
FL,Stein Mart,JACKSONVILLE,2020-04-02,2020-03-30,132,unknown,,0,0,1,https://reactwarn.floridajobs.org/WarnList/,4dc85a7c7e254ee9fe62ee3e93c4689a551851d58f7ebc7f5fe695da,6605fb24e27d82c2eb1d8fb5aad4234b7e3407ed,2026-07-16,2026-07-26
FL,"Whitelaw Hotel South Beach, LLC",MIAMI BEACH,2020-04-02,2020-03-16,22,unknown,,0,0,1,https://reactwarn.floridajobs.org/WarnList/,34b551196cc00e67436775ac240993f3e34d610cacc58ed6a0da6a36,5838447950b28d943d17ffa937219ac155135354,2026-07-16,2026-07-26
FL,Embassy Suites by Hilton Orlando International Drive,ORLANDO,2020-04-03,2020-03-24,84,unknown,,0,0,1,https://reactwarn.floridajobs.org/WarnList/,eaa0e194a8f9c9073ea9b7834f4c3fd70bf04320600ae533d8dc9ddf,b460e68b50bcf145a154ea8bbb558c9ae78ccd49,2026-07-16,2026-07-26
FL,"Jupiter Golf Club, LLC",JUPITER,2020-04-03,2020-03-27,92,unknown,,0,0,1,https://reactwarn.floridajobs.org/WarnList/,f6a942b623c1d4f4b5c2b66f3d79179b18b6dfee1d4250c6ec6a0bde,1273b8740db7d498ad76986ab5e61b85c3f95335,2026-07-16,2026-07-26
FL,Streamsong Resort,BOWLING GREEN,2020-04-03,2020-03-26,200,unknown,,0,0,1,https://reactwarn.floridajobs.org/WarnList/,a927f875925e384cf371aa89b59bbc31a6a7a09fc121b9f8b4ef78ad,36a384a7770cc6e980a1fc038bc03e4f2abd84e2,2026-07-16,2026-07-26
FL,"Ultimate Fitness Group, LLC",BOCA RATON,2020-04-03,2020-04-02,45,unknown,,0,0,1,https://reactwarn.floridajobs.org/WarnList/,f2c287cd7b9a3be3ddb9a6f553e41509e93e86519357c4fbd45b7ca2,9ecd0db75746accbf7e6860de82818886d2222e6,2026-07-16,2026-07-26
FL,"Areas USA MCO, LLC",ORLANDO,2020-04-06,2020-03-19,103,unknown,,0,0,1,https://reactwarn.floridajobs.org/WarnList/,663fcd7b8f50d20f2449e8bd31743081a3c9355f60cbfb87e12aa2e8,29efc3fe803f1fa6addae98464b34c0a1bcea7d0,2026-07-16,2026-07-26
FL,Asbury Automotive Group,ORANGE CITY,2020-04-06,2020-04-03,17,unknown,,0,0,1,https://reactwarn.floridajobs.org/WarnList/,f5ec41880f74136451d5a9f513fd60b34c4bdd1ae0206ac6a1605eca,3406814d15934233437fefe5b334eecb9d709a82,2026-07-16,2026-07-26
FL,Asbury Automotive Group,ORLANDO,2020-04-06,2020-04-03,56,unknown,,0,0,1,https://reactwarn.floridajobs.org/WarnList/,db5fc89900dda18b766b60507588e43376bd321fe5aebf8e4f2adfbc,3f54bf1cf3ffca00898fef1d79fff61544132173,2026-07-16,2026-07-26
FL,Asbury Automotive Group,DELAND,2020-04-06,2020-04-03,9,unknown,,0,0,1,https://reactwarn.floridajobs.org/WarnList/,9b051ef331e9c132d46254d7a6dd4b54e4e658cfcdb2b6327f8bbfd3,81c381ffe4ad7c1d83b066e15e8ab4eff159de53,2026-07-16,2026-07-26
FL,Asbury Automotive Group,PALM HARBOR,2020-04-06,2020-04-03,27,unknown,,0,0,1,https://reactwarn.floridajobs.org/WarnList/,224b30d6bcbe75c3767907511dfbe45392ea9a0790779591b052a8ce,a7cbd6e27fff5bb06c912b29256ecc123919c011,2026-07-16,2026-07-26
FL,Asbury Automotive Group,TAMPA,2020-04-06,2020-04-03,22,unknown,,0,1,3,https://reactwarn.floridajobs.org/WarnList/,798de2bde2707cc45ec6684e06db0a26250e5080c3a6131c77b61ad0,e2e028f87986c3b7b58473d8119cb648d8074388,2026-07-16,2026-07-26
FL,CAI,BOCA RATON,2020-04-06,2020-03-31,1,unknown,,0,0,1,https://reactwarn.floridajobs.org/WarnList/,08c683671cd08453b6f9b8f637e8020635642d5cf3bf03030175ba26,18cc9f938041bdb7c47ed98ad25a6ae49063aef2,2026-07-16,2026-07-26
FL,CAI,POMPANO BEACH,2020-04-06,2020-03-31,7,unknown,,0,0,1,https://reactwarn.floridajobs.org/WarnList/,c7af43e64c9d019b39f8d248ebdcb57d017da1e3bc5ffbf9157452ae,1b610e1c53c97b08ba0e9693730fe7e971f854da,2026-07-16,2026-07-26
FL,CAI,NALCREST,2020-04-06,2020-03-31,6,unknown,,0,0,1,https://reactwarn.floridajobs.org/WarnList/,609ea4d03d7c8b8b2818ccb02643cb579721eca33406b2d02e9938ea,1eb7319fa589f1897c28d5c85d278c3767e72005,2026-07-16,2026-07-26
FL,CAI,COCONUT CREEK,2020-04-06,2020-03-31,1,unknown,,0,0,1,https://reactwarn.floridajobs.org/WarnList/,e8dbc5eaeaba9e5cff2330b1278b91510951b366f158549dd0c3eedd,261c2ea18e36d73377cfd43b5bd7bbaf01555d14,2026-07-16,2026-07-26
FL,CAI,MIAMI,2020-04-06,2020-03-31,4,unknown,,0,0,1,https://reactwarn.floridajobs.org/WarnList/,3917d22652ff5a1570d5e5536a31ff912392ae9ac1af2af11ab76a90,2bebed7882f1b4652eff48ba810550549c750a58,2026-07-16,2026-07-26
FL,CAI,TAMPA,2020-04-06,2020-03-31,11,unknown,,0,0,1,https://reactwarn.floridajobs.org/WarnList/,28316becd91d206fd95bcbadbd7a57ca63f3a68c212747393e893909,3fd9887f0637896a6027f73f1297c4efd9f6deb5,2026-07-16,2026-07-26
FL,CAI,MILTON,2020-04-06,2020-03-31,2,unknown,,0,0,1,https://reactwarn.floridajobs.org/WarnList/,361f0134815748ef263e5d9d5fba6826905cb6449062921c97ad21ff,a428644bb96355c5b3f7025f179023948519f36c,2026-07-16,2026-07-26
FL,CAI,PALM CITY,2020-04-06,2020-03-31,12,unknown,,0,0,1,https://reactwarn.floridajobs.org/WarnList/,7db46fdaddc1d480f212a5e493ca768161f1d4689a0131f4e9ac29cb,cb6e2fc71969f78f8b29c8a6c8c0d32d33ca9e6d,2026-07-16,2026-07-26
FL,CAI,ORLANDO,2020-04-06,2020-03-31,10,unknown,,0,0,1,https://reactwarn.floridajobs.org/WarnList/,3007733d740553ea2af3248ff327c08e79ed9ceb3320c22f0ab27ab7,daa3389607150ec49f47a70f6e80db2642283603,2026-07-16,2026-07-26
FL,Embassy Suites by Hilton St. Augustine Beach Oceanfront Resort,SAINT AUGUSTINE,2020-04-06,2020-03-16,78,unknown,,0,0,1,https://reactwarn.floridajobs.org/WarnList/,fc9a3b33b02f02693de94e56d35d0a058cffb0b1194b343933a6e825,d18b41c1634c245b9348e664c2fcbb2107b8a754,2026-07-16,2026-07-26
FL,"HCFS Health Care Financial Services, LLC",SUNRISE,2020-04-06,2020-06-01,51,unknown,,0,0,1,https://reactwarn.floridajobs.org/WarnList/,03c6b4468b208f3a55d941f7442b03a337fd1ae54948de341ccf8da0,ef654e70726234e0f97bf1492e1392a8ac84cac0,2026-07-16,2026-07-26
FL,Jewish Community Center of Greater Orlando,MAITLAND,2020-04-06,2020-03-27,137,unknown,,0,0,1,https://reactwarn.floridajobs.org/WarnList/,19f71477cd3022241fc43e00bf59b4c6f42335d1e5863113d3de5fd8,8dd0b2a415521220129bbc9b7a3544a82447cf72,2026-07-16,2026-07-26
FL,"Sunshine Fitness Management, LLC",SEBRING,2020-04-06,2020-04-05,12,unknown,,0,0,1,https://reactwarn.floridajobs.org/WarnList/,7b9c6910774209667a645725e25fb68fbb830182c7498d4767385364,11d69994ed0558a77fe2f24de9af7e690fc60247,2026-07-16,2026-07-26
FL,"Sunshine Fitness Management, LLC",MARIANNA,2020-04-06,2020-04-05,11,unknown,,0,0,1,https://reactwarn.floridajobs.org/WarnList/,ea4392edbc4c6c55a48692cdc86830d21fc02d854b6d6b7016c7e550,1654ee926fc9852bcc629e4de5cbbf1367c49ae1,2026-07-16,2026-07-26
FL,"Sunshine Fitness Management, LLC",PALM BAY,2020-04-06,2020-04-05,8,unknown,,0,0,1,https://reactwarn.floridajobs.org/WarnList/,defab07585e848aefe7d3b55e588a3528b6274d4d14135fb87595cb8,183499bd567994df763e340171c9255574a0cbd7,2026-07-16,2026-07-26
FL,"Sunshine Fitness Management, LLC",CLERMONT,2020-04-06,2020-04-05,14,unknown,,0,0,1,https://reactwarn.floridajobs.org/WarnList/,4e0bb23355a768aa2f39f34f8f9576bde37f18cf360330e8fe178183,1c0a56996e09cafb1c333d2ed8f0bf8c96f8fa08,2026-07-16,2026-07-26
FL,"Sunshine Fitness Management, LLC",WEST PALM BEACH,2020-04-06,2020-04-05,13,unknown,,0,0,1,https://reactwarn.floridajobs.org/WarnList/,a5d306df025ae1e0a73dd297aa66862ca0a232a8d24946db8843fac8,2b0c610d04c87a57d3cb40d1f216c088027cf06a,2026-07-16,2026-07-26
FL,"Sunshine Fitness Management, LLC",OVIEDO,2020-04-06,2020-04-05,12,unknown,,0,0,1,https://reactwarn.floridajobs.org/WarnList/,bc91f237933bfc014b9c69ad6ef7f165eead5999e6719826b0a1e3af,427dc0d9eebea606c099fce7da652681e1be2a24,2026-07-16,2026-07-26
FL,"Sunshine Fitness Management, LLC",SAINT CLOUD,2020-04-06,2020-04-05,10,unknown,,0,0,1,https://reactwarn.floridajobs.org/WarnList/,7362224b23e9eedc8fccc332d07a67a3967057faaada6397534bd3a2,46095252ff9a16daf4c021318703c3eccf43ccaf,2026-07-16,2026-07-26
FL,"Sunshine Fitness Management, LLC",LAKE WORTH,2020-04-06,2020-04-05,13,unknown,,0,0,1,https://reactwarn.floridajobs.org/WarnList/,22e5a44f18263172bcf9e2f224ceea2fc25a4fd623f19be47a0f7f30,4f3dfdba343ce6c421ec9accc06bcf4603b7da42,2026-07-16,2026-07-26
FL,"Sunshine Fitness Management, LLC",BOYNTON BEACH,2020-04-06,2020-04-05,11,unknown,,0,0,1,https://reactwarn.floridajobs.org/WarnList/,a66626ded4a8f0f64745f676ddf0f36f5bce4a276ee89f2d88c371a0,546d71d2b78e69ecf1781bd10502a1eaca1bbf1b,2026-07-16,2026-07-26
FL,"Sunshine Fitness Management, LLC",COCOA,2020-04-06,2020-04-05,7,unknown,,0,0,1,https://reactwarn.floridajobs.org/WarnList/,abb32217d98319cbe23b3cf487f56e0c4d7b717da1b73bba53763a88,580a0a78a61f1163ce1955f3ea2bbb028d3e00f7,2026-07-16,2026-07-26
FL,"Sunshine Fitness Management, LLC",ORLANDO,2020-04-06,2020-04-05,11,unknown,,0,0,1,https://reactwarn.floridajobs.org/WarnList/,0e5c337d2365b39c781a4d614c72df8f026cfb4a8f96fe023a5b1618,6f9376966b1687aba9bb2eee021d3bee0806617a,2026-07-16,2026-07-26
FL,"Sunshine Fitness Management, LLC",MARY ESTHER,2020-04-06,2020-04-05,10,unknown,,0,0,1,https://reactwarn.floridajobs.org/WarnList/,cb63dad05aad695d099cd6b24196add75c6837d0f7e875371771bf5c,7dc8bb6ba0295d53c8f6a846461234306bf4584b,2026-07-16,2026-07-26
FL,"Sunshine Fitness Management, LLC",ALTAMONTE SPRINGS,2020-04-06,2020-04-05,10,unknown,,0,0,1,https://reactwarn.floridajobs.org/WarnList/,fb0861f1b03049ac75142a2a555ed7b76f23c89c259f04a134cf6460,8f2918da8fb14f392cecd95cd577e19a7eb70cfe,2026-07-16,2026-07-26
FL,"Sunshine Fitness Management, LLC",LEESBURG,2020-04-06,2020-04-05,11,unknown,,0,0,1,https://reactwarn.floridajobs.org/WarnList/,314fe5680b3492b227eced32b3f925a78fc087d8722e144acc9af23d,9009f53bd82e194452c9efcc4592447f73e17d23,2026-07-16,2026-07-26
FL,"Sunshine Fitness Management, LLC",ORANGE CITY,2020-04-06,2020-04-05,12,unknown,,0,0,1,https://reactwarn.floridajobs.org/WarnList/,9bdc45966530b969e928acd07f1aa1dfde6b79dd4185018fafe8228f,91a6925ccfe454e345b174ff03e1d692d6230dad,2026-07-16,2026-07-26
FL,"Sunshine Fitness Management, LLC",PORT SAINT LUCIE,2020-04-06,2020-04-05,13,unknown,,0,0,1,https://reactwarn.floridajobs.org/WarnList/,c2725f19bebc35b0eaab5308c880e5ad107f84fff932ffc715e58b42,9543d55589936e3339452643f734973591aac445,2026-07-16,2026-07-26
FL,"Sunshine Fitness Management, LLC",LAKE MARY,2020-04-06,2020-04-05,13,unknown,,0,0,1,https://reactwarn.floridajobs.org/WarnList/,29ca132b66141be92e5485b3eb6a6b58674c37ecafb6914164119ea1,9d06d13a26a4ebdc51d91f5b1e91ec65c4261786,2026-07-16,2026-07-26
FL,"Sunshine Fitness Management, LLC",VERO BEACH,2020-04-06,2020-04-05,13,unknown,,0,0,1,https://reactwarn.floridajobs.org/WarnList/,4276eae5080bb87bc5543a2bf7883cf298f56b687df4c70342d8dca2,ac4a48cb2f654dae4c8546703c60e453b7b8fe3b,2026-07-16,2026-07-26
FL,"Sunshine Fitness Management, LLC",JUPITER,2020-04-06,2020-04-05,12,unknown,,0,0,1,https://reactwarn.floridajobs.org/WarnList/,027539629f70372c5d9527acd420f4a32a12dd8cc46ea7f8b5b14914,b7af9dd78de52f3ffd5f01588ffd64cd9468b1d7,2026-07-16,2026-07-26
FL,"Sunshine Fitness Management, LLC",APOPKA,2020-04-06,2020-04-05,11,unknown,,0,0,1,https://reactwarn.floridajobs.org/WarnList/,1c77980cedbc4841c18a9b16f41d095c10b23da722a916770e8dd3b1,c274518469f18f53f3b654618fb9d615a65a7023,2026-07-16,2026-07-26
FL,"Sunshine Fitness Management, LLC",ROYAL PALM BEACH,2020-04-06,2020-04-05,11,unknown,,0,0,1,https://reactwarn.floridajobs.org/WarnList/,aa9f6e3078ddf5f4708963514a668920dab923f3d5b5ca9e07cbc06a,cf3214a6d7dd0d07e5ce26079e2b8b0429c970c0,2026-07-16,2026-07-26
FL,"Sunshine Fitness Management, LLC",KISSIMMEE,2020-04-06,2020-04-05,12,unknown,,0,0,1,https://reactwarn.floridajobs.org/WarnList/,1c6c5370210c5427aca5e4b282096bac1c6a52b7e4e7bca525a62dc2,eb179f23025fc6c1ec1ed4245b603f72a27843c7,2026-07-16,2026-07-26
FL,"Sunshine Fitness Management, LLC",LANTANA,2020-04-06,2020-04-05,10,unknown,,0,0,1,https://reactwarn.floridajobs.org/WarnList/,11f965979a772bcc9ea4c0183f28acd590f9aa9e6e70c9e98927ad5a,eb26ba6f9672f3368f47d1d6124f47d09eae1140,2026-07-16,2026-07-26
FL,"Sunshine Fitness Management, LLC",DELRAY BEACH,2020-04-06,2020-04-05,14,unknown,,0,0,1,https://reactwarn.floridajobs.org/WarnList/,3714be25dc1d6833349f83a3104eea900a576e53ac81cfc56dcf6580,eb38ff303bd6992a53765df7aa51b6d22b6c3b7e,2026-07-16,2026-07-26
FL,"Sunshine Fitness Management, LLC",OCOEE,2020-04-06,2020-04-05,12,unknown,,0,0,1,https://reactwarn.floridajobs.org/WarnList/,98ae9fae025d4fd36a2ac5fdb39dac779a3f9eff1ce72fab93e6acbe,eb90e2385e8d9adeb989f6f00b950e6d1580027c,2026-07-16,2026-07-26
FL,"Sunshine Fitness Management, LLC",AUBURNDALE,2020-04-06,2020-04-05,10,unknown,,0,0,1,https://reactwarn.floridajobs.org/WarnList/,72555a2eb10c3c0c8d71c5206228e8881a68b7e3d081914c714d9070,eda4bb936c62bad576dd86a15265727d4e3872e6,2026-07-16,2026-07-26
FL,"Sunshine Fitness Management, LLC",PALM BEACH,2020-04-06,2020-04-05,12,unknown,,0,0,1,https://reactwarn.floridajobs.org/WarnList/,511617d03d0b254e6e0f7e3192ab297f1976ebe323e2eeae8258d701,f01ccbdd581b97315a454b44d96dcc04c95fbf89,2026-07-16,2026-07-26
FL,"Sunshine Fitness Management, LLC",STUART,2020-04-06,2020-04-05,12,unknown,,0,0,1,https://reactwarn.floridajobs.org/WarnList/,f3ee712c44b97de936562567a3c67ff185ab771df8d0f7326707077b,f23705dddc1ad8ea0e1eba96eac5a45662d4bb9e,2026-07-16,2026-07-26
FL,"Sunshine Fitness Management, LLC",PENSACOLA,2020-04-06,2020-04-05,10,unknown,,0,0,1,https://reactwarn.floridajobs.org/WarnList/,eb45edaf8758aed6da873e223c685226bf25be08769cf6fb989bc3f8,f623968814ef04be4635674a55b72483459cddf3,2026-07-16,2026-07-26
FL,Uncle Julio's Orlando,ORLANDO,2020-04-06,2020-03-19,187,unknown,,0,0,1,https://reactwarn.floridajobs.org/WarnList/,39c9fad342fa34932f6b16ffb70f59c2576d391c16fb89925eb004a3,7b43ef3b29ddbae874d2aa433302c97759589e8c,2026-07-16,2026-07-26
FL,"Asbury Automotive Group, Inc.",FORT PIERCE,2020-04-07,2020-04-03,17,unknown,,0,0,1,https://reactwarn.floridajobs.org/WarnList/,c375fd2c0af36dd1f710a5c81184a511b0dc705e07e073ba6c5878ad,1685da2ea053ac9b3dc7a27db542805e503d3096,2026-07-16,2026-07-26
FL,"Asbury Automotive Group, Inc.",SAINT AUGUSTINE,2020-04-07,2020-04-03,18,unknown,,0,0,1,https://reactwarn.floridajobs.org/WarnList/,686dc553adb2fc49a177ea3b36d7fcfc0987b6749bbace23c191a446,a0adfed90dd78c65bd9b43c406d5fa0c310881fd,2026-07-16,2026-07-26
FL,"Asbury Automotive Group, Inc.",JACKSONVILLE,2020-04-07,2020-04-03,37,unknown,,0,1,3,https://reactwarn.floridajobs.org/WarnList/,e603c272ddc1a42c4806392df65e263cdc0ac72512a2872b1b4bed95,e0a248a98ea3030a00b183f76324d6b60d8d0160,2026-07-16,2026-07-26
FL,Benihana Boca Raton Corp.,BOCA RATON,2020-04-07,2020-03-21,42,unknown,,0,0,1,https://reactwarn.floridajobs.org/WarnList/,454c71eee0025f5d9bdab05e94587b14be5220de7368cc115658b1b5,c613c5fccc55f87472cd72691498f50d430248e0,2026-07-16,2026-07-26
FL,Benihana Coral Springs Corp.,CORAL SPRINGS,2020-04-07,2020-03-21,51,unknown,,0,0,1,https://reactwarn.floridajobs.org/WarnList/,29c360ecdaeb987d899032d8f410ad19d9be4184c9767cf4d063f7b3,b6ffad3da03a2d10d25732031e414e673a09baf8,2026-07-16,2026-07-26
FL,Benihana National of Florida Corp.,NORTH BAY VILLAGE,2020-04-07,2020-03-18,128,unknown,,0,0,1,https://reactwarn.floridajobs.org/WarnList/,d1cdbd76a3018ec298ba8008d5f34e4f06e2f2508b960b686f13472e,10cb716bdcd7c8a6c7f3b81417b4153fe7d45726,2026-07-16,2026-07-26
FL,Benihana National of Florida Corp.,LAUDERDALE BY THE SEA,2020-04-07,2020-03-18,63,unknown,,0,0,1,https://reactwarn.floridajobs.org/WarnList/,7e834d4f250116ec3867639f891bfce447cc5534ba07948c47c620d9,514c7945d73d9add1438ad02031c02708fc354d8,2026-07-16,2026-07-26
FL,Benihana National of Florida Corp.,MIRAMAR,2020-04-07,2020-03-18,78,unknown,,0,0,1,https://reactwarn.floridajobs.org/WarnList/,39687e6416e0cdd4e09ed3954c13d5f5f8539cd1d21f1df6fc5af83f,c34788cfece006fef5f7e6d7b3a2394075a4945d,2026-07-16,2026-07-26
FL,Benihana National of Florida Corp.,STUART,2020-04-07,2020-03-18,50,unknown,,0,0,1,https://reactwarn.floridajobs.org/WarnList/,be067fac34fdece72e320126f077cd2e390d0418e21eb97cbd487bee,ccaddf1f4f0a835a51aca13da31b48b5cde5d261,2026-07-16,2026-07-26
FL,Benihana Orlando Corp.,ORLANDO,2020-04-07,2020-03-20,81,unknown,,0,0,1,https://reactwarn.floridajobs.org/WarnList/,80176b4616fc0a0de4de9d6cbe4b2e64f9ceefcd9272851d8dc8b88e,92fe806ff429697f021f33e11fbf9ea9d38c75be,2026-07-16,2026-07-26
FL,Benihana Orlando Corp.,LAKE BUENA VISTA,2020-04-07,2020-03-20,50,unknown,,0,0,1,https://reactwarn.floridajobs.org/WarnList/,610946509d6dfd47b960dc8b07cf490e1e518bb73e1d9cd56edc1dc6,cebafa56050cc36a4dd0ac08df717adf13780030,2026-07-16,2026-07-26
FL,Big Splash Kendall Corp.,CORAL GABLES,2020-04-07,2020-03-18,52,unknown,,0,0,1,https://reactwarn.floridajobs.org/WarnList/,bf4c91521401a8158bd6d562bb32b9220c36009f6baa156bf661ba67,52b4239e36ab5e6b14e552b05dc5f92e1411c3bc,2026-07-16,2026-07-26
FL,Embassy Suites West Palm Beach,WEST PALM BEACH,2020-04-07,2020-03-20,42,unknown,,0,0,1,https://reactwarn.floridajobs.org/WarnList/,36ed0e1a9c4c0300e7d003e8e08a35286a716e5b2cb3ef111a3d4d91,f6e920a8c6cb3b40173a8763d5c525225ffeb380,2026-07-16,2026-07-26
FL,HGC Prestancia LLC,SARASOTA,2020-04-07,2020-03-25,26,unknown,,0,0,1,https://reactwarn.floridajobs.org/WarnList/,9bd5bb5d1de194fc732206181f3f655cb4982d11f8ce95deb0c01971,219d84b68b50e6f83d3cbd7f2de5b0c5890ffb92,2026-07-16,2026-07-26
FL,"HGC TPC Tampa Bay, LLC",LUTZ,2020-04-07,2020-03-25,33,unknown,,0,0,1,https://reactwarn.floridajobs.org/WarnList/,7a78518c305eb3a8dcf7e7b9b2fbaf074a3d0fbb47add15cd9e20212,18ab2f60bac6ecac1d4898d89ffc60bcaaa13c71,2026-07-16,2026-07-26
FL,"Highgate Hotels, LP",MIAMI BEACH,2020-04-07,2020-03-27,42,unknown,,0,0,1,https://reactwarn.floridajobs.org/WarnList/,7ee71908c2fcec8ad75281d233b7b5f0ed24a70c6b065e1e4f8d55a5,3adb1964fc496601309628955bc5964f60cbe13f,2026-07-16,2026-07-26
FL,Holiday Inn Resort Orlando Suites Waterpark,ORLANDO,2020-04-07,2020-04-08,325,unknown,,0,0,1,https://reactwarn.floridajobs.org/WarnList/,6f0cd5608a81f373136c35cc62ad28ac101fd5b4bef5e6362440fa50,57d191ee4dd5bf34defa249a3619f4ef3b210af2,2026-07-16,2026-07-26
FL,"MG Hospitality Group, Inc.",MIAMI,2020-04-07,2020-03-24,21,unknown,,0,0,1,https://reactwarn.floridajobs.org/WarnList/,d5b50a6427675e2c0bd17c114371f04771ef9f6ee8d4adfcf9d57c07,77c715738acd607a9d7bacc8b8b5a332be1407ae,2026-07-16,2026-07-26
FL,"MG Hospitality Group, Inc’s",MIAMI,2020-04-07,2020-03-24,99,unknown,,0,0,1,https://reactwarn.floridajobs.org/WarnList/,1cbbda2c96e0cc293bb2e74fb5f1eff341fb349ce9896448f829c8e5,928cb881258caa262e314a9359de0f2284f5fab0,2026-07-16,2026-07-26
FL,"MG Hospitality Met II, Inc. and MG DB Met II, Inc.",MIAMI,2020-04-07,2020-03-20,277,unknown,,0,0,1,https://reactwarn.floridajobs.org/WarnList/,f5536450ebbc8571ea8f58f291b3d15066151ee3865b1562df6b2c5d,e079472f8b907fc6339836b6cd6992e1095344d0,2026-07-16,2026-07-26
FL,"MG Hospitality Services, Inc.",MIAMI,2020-04-07,2020-03-23,128,unknown,,0,0,1,https://reactwarn.floridajobs.org/WarnList/,b0287fab72ab89bcf54051f3d0acacf5c57edc7a5534a3c6db636b35,6120d67681129b8e2c704635d54d35b3f68f708b,2026-07-16,2026-07-26
FL,"PPI, Inc.",POMPANO BEACH,2020-04-07,2020-04-11,521,unknown,,0,0,1,https://reactwarn.floridajobs.org/WarnList/,7fd6fb60258ed66055704ae3591f7278e76833db0be9af2a99a7a5f3,f949054d9d5066388bb8eacdae7e370c53068a62,2026-07-16,2026-07-26
FL,Ra Pembroke Pines Corp.,PEMBROKE PINES,2020-04-07,2020-03-21,69,unknown,,0,0,1,https://reactwarn.floridajobs.org/WarnList/,2cd5c8e841b8441af503dc662ac0c93c4fe8835be00344c81134adb2,c8d62dc5b29193a3279f9f8253b275a52de3f7e5,2026-07-16,2026-07-26
FL,Samurai Inc.,MIAMI,2020-04-07,2020-03-18,103,unknown,,0,0,1,https://reactwarn.floridajobs.org/WarnList/,f3b6705b0eec476773e11c0f9fc4a4bb0122d046591690fde0bab6c7,6a53cbea8d1b85b659654f45304503f8ce421bad,2026-07-16,2026-07-26
FL,Medieval Times,KISSIMMEE,2020-04-08,2020-04-12,171,unknown,,0,0,1,https://reactwarn.floridajobs.org/WarnList/,de39d9bdd309f9f0a34c99eb9d0d023456030fd937fb0caefc2fbecb,3589e1f16821e0ae909cbb30334f36c6b7675801,2026-07-16,2026-07-26
FL,Nobu Miami Beach,MIAMI BEACH,2020-04-08,2020-03-20,123,unknown,,0,0,1,https://reactwarn.floridajobs.org/WarnList/,1f02b4e759049b529897a7feb3e986fe5ff0b5caecff3c3d5c3fa226,0a7ed4ef9f2b839ca2c578726523bffd1bb6f723,2026-07-16,2026-07-26
FL,"Suit Supply (USA), Inc.",TAMPA,2020-04-08,2020-03-29,8,unknown,,0,0,1,https://reactwarn.floridajobs.org/WarnList/,163b9ebc1703ccdc45e6ec1725c63ba867264942869b6ea6f75be356,1957e2d06f81f836b23bce0b443b473b5a6e07fa,2026-07-16,2026-07-26
FL,"Suit Supply (USA), Inc. Suit Supply (USA), Inc.",MIAMI,2020-04-08,2020-03-29,14,unknown,,0,0,1,https://reactwarn.floridajobs.org/WarnList/,5dd644cd81e30392e64f437fee02835294a7321298cc57939c9ea07f,2bca1566a7ced49157edb5f1dd638b183565a552,2026-07-16,2026-07-26
FL,"Suit Supply Miami Beach, Inc. Inc.",MIAMI,2020-04-08,2020-03-29,7,unknown,,0,0,1,https://reactwarn.floridajobs.org/WarnList/,aa6da79fd30bca208bd260a44afd0ab1e1c73927eb02980ae7c48db8,2ebdc5f3374ac1be9ad1eb7f97ede00611e3d001,2026-07-16,2026-07-26
FL,The Ruby Slipper Cafe,PENSACOLA,2020-04-08,2020-03-20,25,unknown,,0,0,1,https://reactwarn.floridajobs.org/WarnList/,1c4770fe307bda44d7b2fcc2c35165bbb445f89dc36cabc5e958a60e,390c8673f3d4b70ab40d1cea80547d5695787236,2026-07-16,2026-07-26
FL,"Tropitone Furniture Co., Inc.",SARASOTA,2020-04-08,2020-04-10,14,unknown,,0,0,1,https://reactwarn.floridajobs.org/WarnList/,2a73b9fd8238ef2c605a2efc7709dc3210e1ac50ccddebd5752e4551,76a831c42863cbb9946f83678aae4a9764807d1b,2026-07-16,2026-07-26
FL,"Beasley Media Group, Inc. - St. Petersburg",SAINT PETERSBURG,2020-04-09,2020-04-01,70,unknown,,0,0,1,https://reactwarn.floridajobs.org/WarnList/,112a3572f720773d12db73ff292447ff32a526a2c2ec05f8c3ef0033,cca5df1082402a86be6f302a9a79f8181ab79258,2026-07-16,2026-07-26
FL,"Beasley Media Group, Inc. – Estero",ESTERO,2020-04-09,2020-04-01,6,unknown,,0,0,1,https://reactwarn.floridajobs.org/WarnList/,ff84d26569a95b10c66913c0041ebc0b6e3550572e515208f1053f95,28b1f3daecdf2ff69e2b7e74ebfdd2cf085d7af7,2026-07-16,2026-07-26
FL,Feld Entertainment,PALMETTO,2020-04-09,2020-03-20,1464,unknown,,0,0,1,https://reactwarn.floridajobs.org/WarnList/,0fc48b73701701d26dee71b4363d0979e9983fb7d374dc60ca840cd3,18deea0611db8d12810b941b819be6e8a0121505,2026-07-16,2026-07-26
FL,Miller's Ale House,TAMPA,2020-04-09,2020-03-21,101,unknown,,0,0,1,https://reactwarn.floridajobs.org/WarnList/,747fdad28a8630c5efcca66dfd0aa3b9f0bff08201cc957b967ade66,2118e19b5dc78a82bb4a11be9d6ba3028c53c3db,2026-07-16,2026-07-26
FL,Miller’s Ale House,SEMINOLE,2020-04-09,2020-03-21,79,unknown,,0,0,1,https://reactwarn.floridajobs.org/WarnList/,11351d8efde0ebbb7f68c02736283f8be08dae905c04886011d869e6,c3392be1b44b07bbfbeb0f8f140822fc684d236a,2026-07-16,2026-07-26
FL,"Prospect of Orlando, Ltd., Co.",ORLANDO,2020-04-09,2020-03-20,166,unknown,,0,0,1,https://reactwarn.floridajobs.org/WarnList/,7a81e0af5582d84d166de2bf3a6a1f4fc78acfd81b15724ab694bfe5,068e247eb18d5dd3833cd191f5c4cabd68f7863b,2026-07-16,2026-07-26
FL,The Gulf - Fort Walton,FORT WALTON BEACH,2020-04-09,2020-03-20,50,unknown,,0,0,1,https://reactwarn.floridajobs.org/WarnList/,d8e9e37df9159a8762a5b35c7b7ecf850beb4c66a4a459ba93a45e9a,ad93c7c4bd35aabd6106171e9d3fd08149837b54,2026-07-16,2026-07-26
FL,"Calvary Chapel Church, Inc",FORT LAUDERDALE,2020-04-10,2020-04-04,81,unknown,,0,0,1,https://reactwarn.floridajobs.org/WarnList/,4606e87d40b02554a987fdf00cf731d9b6c35e45bd114f1cba8fea9c,2dd6298376cb29bcf924c72293bd99c377064dc8,2026-07-16,2026-07-26
FL,Claire's,PEMBROKE PINES,2020-04-10,2020-04-11,14,unknown,,0,0,1,https://reactwarn.floridajobs.org/WarnList/,9285cdb692d3061316eafa2c13444c046e4197b5f6e6753ad6dc0cec,67b530fdab4ffd8d1ee59d8b616bbbec4682cf71,2026-07-16,2026-07-26
FL,"Global Widget, LLC",TAMPA,2020-04-10,2020-04-09,67,unknown,,0,0,1,https://reactwarn.floridajobs.org/WarnList/,a5ca7939449fde410183b612bf75ad2135b052a095f5b30412b4f6af,7c30d84ec407a97840b578b374674bb8ab8b85d9,2026-07-16,2026-07-26
FL,"Leggett & Platt, Inc.",SPRING HILL,2020-04-10,2020-03-24,104,unknown,,0,0,1,https://reactwarn.floridajobs.org/WarnList/,a1a149397d588b968ac48e84c83822d997ecff37026cbba76f5ef773,7c6799cfd7df4f2324ed7774016225342e7f26c1,2026-07-16,2026-07-26
FL,"Leggett & Platt, Inc.",TAMPA,2020-04-10,2020-03-24,9,unknown,,0,0,1,https://reactwarn.floridajobs.org/WarnList/,15b7c9925542d25acaaff5763010c45b1bff877f065acbab0b5ce600,97325ba709d021b84a10d4598272b16710dd19d8,2026-07-16,2026-07-26
FL,NewsLink,MIAMI,2020-04-10,2020-04-06,20,unknown,,0,0,1,https://reactwarn.floridajobs.org/WarnList/,07f998950866f4fcfc96e722823c0136c77503045c73d328dc52a02e,3aa38fc7e774f2d0684ba88bcd7f778c49ab5fae,2026-07-16,2026-07-26
FL,VSPOne Tampa,CLEAR WATER,2020-04-10,2020-04-10,39,unknown,,0,0,1,https://reactwarn.floridajobs.org/WarnList/,bd7240ba7d4d0f5e518804f4c4dfe8c64e16649aeee74255a4e00463,3a863e35147630ba87530d46d410291973d13387,2026-07-16,2026-07-26
FL,"Avis Budget Car Rental, LLC",FORT LAUDERDALE,2020-04-13,2020-03-20,93,unknown,,0,0,1,https://reactwarn.floridajobs.org/WarnList/,a8d730937f07d55192c6fbe1e0d0c58f19c19b877adf503883bf75c5,806c39fd6baff5d1d5a84f15a70f340cea12e64a,2026-07-16,2026-07-26
FL,"Avis Budget Car Rental, LLC",MIAMI,2020-04-13,2020-03-23,64,unknown,,0,0,1,https://reactwarn.floridajobs.org/WarnList/,7ff95575be9fd1c3cfd1431af013a1f2b8dda03ea44f14ee195e240e,fa7a93a2fcb2957244872d11e01208de03cb9f8a,2026-07-16,2026-07-26
FL,"HAECO Airframe Services, LLC",LAKE CITY,2020-04-13,2020-04-30,514,unknown,,0,0,1,https://reactwarn.floridajobs.org/WarnList/,36b397e5673f8808456d48c5f01295d4e29cd8bac6bbba2134987163,91110f850f1c2015bbec009eb2075117668a9abf,2026-07-16,2026-07-26
FL,Aeropost,MIAMI,2020-04-14,2020-04-07,49,unknown,,0,0,1,https://reactwarn.floridajobs.org/WarnList/,66aebd4fc4b4bc5f67ed223d0c806dae7fdfe1c01a7c6380f97b47a1,471dac9ca3318940069d2f3a790237aeca41dd82,2026-07-16,2026-07-26
FL,CBCS,JACKSONVILLE,2020-04-14,2020-04-01,1,unknown,,0,0,1,https://reactwarn.floridajobs.org/WarnList/,9d5ebff5d7c74b23ed1f15a6e78e1d7fb82b0acb47d0e0e425f74284,fb6cc4f78da5c0114299281e30f83d27ec288115,2026-07-16,2026-07-26
FL,"Deco Otto, LLC (d/b/a Rosetta Bakery)",MIAMI BEACH,2020-04-14,2020-04-17,30,unknown,,0,0,1,https://reactwarn.floridajobs.org/WarnList/,427d0964b6e7938613ab892f8d4eadd74312bc38c7de5713e7ce42c6,31882323ae4bc9464c2fd068e50e9a8e7537f6c0,2026-07-16,2026-07-26
FL,"Deco Otto, LLC (d/b/a Rosetta Bakery)",MIAMI,2020-04-14,2020-04-17,14,unknown,,0,0,1,https://reactwarn.floridajobs.org/WarnList/,0090afcc40479aa300f5e18fb721445ce9a16db8f49b71cf75e0b864,dda9eb53244d1df28993694101b19eb3ebfd981b,2026-07-16,2026-07-26
FL,"Deco Otto, LLC (d/b/a Rosetta Bakery)",AVENTURA,2020-04-14,2020-04-17,54,unknown,,0,0,1,https://reactwarn.floridajobs.org/WarnList/,4233aede1d2c5ffd4c8f8f0c3cc239f51f72e16a12fd54a02e799c02,f35146f7e6022cb6c6030fd982f575b0ce52b097,2026-07-16,2026-07-26
FL,"Grand Harbor Golf & Beach Club, Inc.",VERO BEACH,2020-04-14,2020-04-12,70,unknown,,0,0,1,https://reactwarn.floridajobs.org/WarnList/,697e289cf8cfc1b0b728f106afcc83d158502bf85017a44e94388e80,e6a30e1fb4f1459ea9629682428321e805e1a00b,2026-07-16,2026-07-26
FL,Phelan Hallinan Diamond & Jones,FORT LAUDERDALE,2020-04-14,2020-03-27,31,unknown,,0,0,1,https://reactwarn.floridajobs.org/WarnList/,a194f444555f7a7d94c6d9d013e297776465e03089402f2145eaf65f,8bd98b0e842634f5fcdc8fafb7a987e7a4ca0d4f,2026-07-16,2026-07-26
FL,"Prospect of Tampa, Ltd., Co.",TAMPA,2020-04-14,2020-03-19,156,unknown,,0,0,1,https://reactwarn.floridajobs.org/WarnList/,5730e7ef7ecdaaad3c4a6f7fd82c9af567be4d9f641fda91fc4bdb39,ce8aa05976cee5c6224d6509cfd7403213a5ec0e,2026-07-16,2026-07-26
FL,"Soho Beach House, LLC",MIAMI,2020-04-14,2020-03-20,34,unknown,,0,0,1,https://reactwarn.floridajobs.org/WarnList/,126d1f91f02c1fff40ef4235876b6be4c57826352a2e24abecf7529e,5a882b0ceb9d8f2d0e6dad6904c330c5dc92e031,2026-07-16,2026-07-26
FL,YMCA,CLEARWATER,2020-04-14,2020-03-18,1206,unknown,,0,0,1,https://reactwarn.floridajobs.org/WarnList/,64238f98478e4e90d2d0140b92170bc7e5d2c546d23d5447ac980d5f,d40150b7fb30afcea6afc41871d1dd5c2a6818ab,2026-07-16,2026-07-26
FL,Beaver Chevrolet LLC,JACKSONVILLE,2020-04-15,2020-03-26,22,unknown,,0,0,1,https://reactwarn.floridajobs.org/WarnList/,c0720f5d2f057ecf8946c9e6031aafdc78308b9cc6e3fdd223e7066b,dd813a0a556ea9bf77b3e23585a56be2621eb13e,2026-07-16,2026-07-26
FL,"Crown World, Inc.",DORAL,2020-04-15,2020-03-27,3,unknown,,0,0,1,https://reactwarn.floridajobs.org/WarnList/,9590e4e34a91a12d693e0ada6b931125e278eed26a42e4c51166714c,455ee01e977500cd2421455ab2f0113ce5c02d50,2026-07-16,2026-07-26
FL,"Dentalium Dental Ceramics, Inc.",DORAL,2020-04-15,2020-03-27,9,unknown,,0,0,1,https://reactwarn.floridajobs.org/WarnList/,b0dd95947bc09acec19c02ea94807801c7f6f7fac7228200c01fd0df,bcd91a6cc94c32c0864d9149eebe1d22be1c7886,2026-07-16,2026-07-26
FL,"Earl of Sandwich (Orlando), LLC",ORLANDO,2020-04-15,2020-03-17,85,unknown,,0,0,1,https://reactwarn.floridajobs.org/WarnList/,623721cdd7b7ee70480bb97562b7497a3aa524a6d1a28144953d5a59,2848fea569102b2a3114442aa6cb7bf7f585f135,2026-07-16,2026-07-26
FL,Perry Ellis International Inc.,TAMPA,2020-04-15,2020-04-24,127,unknown,,0,0,1,https://reactwarn.floridajobs.org/WarnList/,c5cf3448c2f5184e1f394e2c5be20a3df16a5f01f57660e50b502415,9ae7a27c197566b0ac6f22773c3da15d00aa84dd,2026-07-16,2026-07-26
FL,Perry Ellis International Inc.,MIAMI,2020-04-15,2020-04-24,201,unknown,,0,0,1,https://reactwarn.floridajobs.org/WarnList/,aee5c32d437f3dd30bb9d9a82910bd62a036182a453989fe76ec2b6e,aec83ccd0ca299b54359169535d8fad68c9c4f9b,2026-07-16,2026-07-26
FL,"Planet Hollywood (Orlando), LLC",ORLANDO,2020-04-15,2020-03-17,328,unknown,,0,0,1,https://reactwarn.floridajobs.org/WarnList/,7c5d7be1593622e8dd72459fed948c63b393662fd72ec90ab2c9e89c,63275fa01a3f8cade1ce4318eedf8387e7ec728f,2026-07-16,2026-07-26
FL,"Prismatik Dentalcraft, Inc.",FORT LAUDERDALE,2020-04-15,2020-03-27,6,unknown,,0,0,1,https://reactwarn.floridajobs.org/WarnList/,45ed7e9f4856b6d61024125ee3af4def66db5df1faae0245c4146df6,7c981b98463416b855d038f8d7dae3ef4bbdb32a,2026-07-16,2026-07-26
FL,DMEAutomotive LLC,DAYTONA BEACH,2020-04-16,2020-04-06,83,unknown,,0,0,1,https://reactwarn.floridajobs.org/WarnList/,c6af11b4f1acb1de8b37c0b799dbddb2c6952a906476347c0e09cde9,48cd5db779a5a6b5b9b081d9d626865a886ce757,2026-07-16,2026-07-26
FL,Hotelbeds,ORLANDO,2020-04-16,2020-06-15,10,unknown,,0,0,1,https://reactwarn.floridajobs.org/WarnList/,2ff22de8daabefda6cadcb2826449cb13abd3b9e83aff38c7aa8481b,a829517bd7bef255d58c573d8f7eba9bcdf1fb11,2026-07-16,2026-07-26
FL,Cinepolis,DAVENPORT,2020-04-17,2020-04-04,14,unknown,,0,0,1,https://reactwarn.floridajobs.org/WarnList/,94f34d008e981bf370e90367a872e396bbe00e4e797944cdd3434cde,68eff25bba5f6269c0475447760e165c26932593,2026-07-16,2026-07-26
FL,Cinepolis,DEERFIELD BEACH,2020-04-17,2020-04-04,5,unknown,,0,0,1,https://reactwarn.floridajobs.org/WarnList/,8fda56d3aa895fede9afb7896d723df2690d5acec716c1dcc13590e5,93a4d575c368e9f78928a4d54d75adbd2cc88df3,2026-07-16,2026-07-26
FL,Cinepolis,WINTER GARDEN,2020-04-17,2020-04-04,26,unknown,,0,0,1,https://reactwarn.floridajobs.org/WarnList/,498aae507ee0805632f0b7c9d69325c3553a5758c149f23d20f1d3e1,9f58784b7a2adb633ee4d0e9c9f4f8a6ed3d29d4,2026-07-16,2026-07-26
FL,Cinepolis,JUPITER,2020-04-17,2020-04-04,27,unknown,,0,0,1,https://reactwarn.floridajobs.org/WarnList/,3301ff699f8ccac6a49910095258711ba38daea8c58577c515588014,d248e9f208ec8585cbd20aa9f598e30b6bffa26f,2026-07-16,2026-07-26
FL,Miller's Ale House,ORANGE PARK,2020-04-17,2020-03-21,65,unknown,,0,0,1,https://reactwarn.floridajobs.org/WarnList/,168681fee183eb631867e469ded0c4cabe742ff3a899034a0f2acc94,2f5e22f03051ea056676c5b57c37ed910a673351,2026-07-16,2026-07-26
FL,Miller's Ale House,PALMETTO BAY,2020-04-17,2020-03-21,79,unknown,,0,0,1,https://reactwarn.floridajobs.org/WarnList/,76ed279fd17fd292e0d2032a78e1aeb174dbf2216dc651ae105c4d1a,5b425af3879a7e3d346aced62e1267bbbef51694,2026-07-16,2026-07-26
FL,Miller's Ale House,JACKSONVILLE,2020-04-17,2020-03-21,102,unknown,,0,0,1,https://reactwarn.floridajobs.org/WarnList/,db125ecad04a5b062fa12f6030d163ea9f816ec2780644983651dfb0,875f59aa1d05b04269d9d3005aa415ee06da79e7,2026-07-16,2026-07-26
FL,Miller's Ale House - Brandon,BRANDON,2020-04-17,2020-03-21,65,unknown,,0,0,1,https://reactwarn.floridajobs.org/WarnList/,1e54fdea96015de42055472bf569293c7ba2e1d504332d7b82e2ea11,b581d6d4c3e55318853cbb2384bbb3c732650708,2026-07-16,2026-07-26
FL,Miller's Ale House - Sanford,SANFORD,2020-04-17,2020-03-21,66,unknown,,0,0,1,https://reactwarn.floridajobs.org/WarnList/,cc039956efb7c606f021718f9735bbc432076a6cdf6dc30cbdb4fd2b,2aa4dba76fd64158f849d4eaacf15548fc3dd1e1,2026-07-16,2026-07-26
FL,"Miller's Ale House, Inc.",MIAMI,2020-04-17,2020-03-21,66,unknown,,0,0,1,https://reactwarn.floridajobs.org/WarnList/,6aee2f5101a409936bbdff8a32affe735846c62cdca007f88c8e02e7,25627a9d3b5a63a711ea09c8e0b2d56b297b61dc,2026-07-16,2026-07-26
FL,"Miller's Ale House, Inc. - Orlando",ORLANDO,2020-04-17,2020-03-21,144,unknown,,0,0,1,https://reactwarn.floridajobs.org/WarnList/,b90636b879c37a24e0228534b188733460cff4dbbfcf66a96224ee71,154c846adfe680828b8122f31541c85712baee5a,2026-07-16,2026-07-26
FL,Miller’s Ale House,ALTAMONTE SPRINGS,2020-04-17,2020-03-21,93,unknown,,0,0,1,https://reactwarn.floridajobs.org/WarnList/,708d0495ca2e969692d98fa4438d4413e6e42db1a109173f66d38296,3802d75019e6e628fe655ef8492b96e21bf9a71f,2026-07-16,2026-07-26
FL,Miller’s Ale House,DAYTONA BEACH,2020-04-17,2020-03-21,64,unknown,,0,0,1,https://reactwarn.floridajobs.org/WarnList/,690bc1f3f19ead91be2b567895cd38ea4727fb0c2f88adcdee9cf1d4,60f3d13d4507cbec936637613618b652d73739e5,2026-07-16,2026-07-26
FL,Miller’s Ale House,WINTER PARK,2020-04-17,2020-03-21,83,unknown,,0,0,1,https://reactwarn.floridajobs.org/WarnList/,32c6f5cd4cc0e39c85db26738231f400156f98a55b7711c12ac186c0,8644ef54d4cdf48742770d6634d688b782c31798,2026-07-16,2026-07-26
FL,Miller’s Ale House,OVIEDO,2020-04-17,2020-03-21,83,unknown,,0,0,1,https://reactwarn.floridajobs.org/WarnList/,3b1fcef717c72b21f7153db22321c17fc95763d947221a3e54cc9a94,c591cfbddafd042fa0ab65580b8b395eac92b012,2026-07-16,2026-07-26
FL,Miller’s Ale House,ORLANDO,2020-04-17,2020-03-21,106,unknown,,0,0,1,https://reactwarn.floridajobs.org/WarnList/,d74ec034fa3f373c4f8d9148e5c24855ffd331840fce207ee4106114,f943505873a5f9d2200ee51fe3220d5c21f93964,2026-07-16,2026-07-26
FL,"Miller’s Ale House, Inc.",FORT MYERS,2020-04-17,2020-03-21,99,unknown,,0,0,1,https://reactwarn.floridajobs.org/WarnList/,f3d44007008c9b21eedd3eb88fda334da1dfa5f494e1b831f45bd4cf,7de7ad3e2e5ce4678c9579667dd39df992585447,2026-07-16,2026-07-26
FL,"Miller’s Ale House, Inc.",OCALA,2020-04-17,2020-03-21,84,unknown,,0,0,1,https://reactwarn.floridajobs.org/WarnList/,6de6627a1f8ebb5e68a29c3263d2b9e28e461aea79d74db1edc13c5a,9bdfe67f2a7607dc5770523b9e2fc0fc6fff1d97,2026-07-16,2026-07-26
FL,"Miller’s Ale House, Inc.",HOLLYWOOD,2020-04-17,2020-03-21,103,unknown,,0,0,1,https://reactwarn.floridajobs.org/WarnList/,568a9c10dceddb25a616687ddb28ddb573f4bfa4406b887a9da2ab52,b6b00f8be494f04a33932c1a0c26e4b9dc401e70,2026-07-16,2026-07-26
FL,"World Wrestling Entertainment, Inc. dba WWE",ORLANDO,2020-04-17,2020-04-18,7,unknown,,0,0,1,https://reactwarn.floridajobs.org/WarnList/,f36a94a0ce8a1a8b120037151eb446ad4f55a144a6b82202cc02056a,75f4a375c7906fa2a96b78b78f234f7a435c194f,2026-07-16,2026-07-26
FL,"Miller's Ale House, Inc.",DAVIE,2020-04-18,2020-03-21,63,unknown,,0,0,1,https://reactwarn.floridajobs.org/WarnList/,11ee546bf38a6258e84ae255ba441dc14bda8020ba101ef99d2bbf2b,44f4592c69a203e55ae23c76ffa4dd6c4cbaa952,2026-07-16,2026-07-26
FL,"Miller’s Ale House, Inc.",WINTER PARK,2020-04-20,2020-03-21,49,unknown,,0,0,1,https://reactwarn.floridajobs.org/WarnList/,3a462e27e23cf4d2c604262c219e2d4f1887e1117b924bb2cf806e42,a33dbc9bdf0b388d93d0c7740d4d247d35585a23,2026-07-16,2026-07-26
FL,"Miller’s Ale House, Inc.",JACKSONVILLE,2020-04-20,2020-03-21,59,unknown,,0,0,1,https://reactwarn.floridajobs.org/WarnList/,36f5c54b6b2788e6a9c3a4793433bf16b599cb0a35db8f9d2d048121,c8c59df2321ab26f6cdde9bc9eaf9200aadbe13a,2026-07-16,2026-07-26
FL,"Miller’s Ale House, Inc.",ORLANDO,2020-04-20,2020-03-21,49,unknown,,0,0,1,https://reactwarn.floridajobs.org/WarnList/,fd917e2bd85b6253a9153090bedff277b77bedc1a18c00569d4f0eac,cd7e49d4cc9e9b22538557f9259530402506e7f9,2026-07-16,2026-07-26
FL,"Miller’s Ale House, Inc.",TALLAHASSEE,2020-04-20,2020-03-21,68,unknown,,0,0,1,https://reactwarn.floridajobs.org/WarnList/,d302328b0099b277b29746046eb9362f9d76964d22b4559680f4d6bf,fea33baa074ca4595293c13f713cacf9e0635ee6,2026-07-16,2026-07-26
FL,"Sunshine Cleaning Systems, Inc",FORT LAUDERDALE,2020-04-20,2020-04-06,62,unknown,,0,0,1,https://reactwarn.floridajobs.org/WarnList/,0b610513d618ff0b3c079329e19106f43efb771a90be339c533533e2,8ceebdebfe710ff51c7b7baf85fc0a6c62f922bd,2026-07-16,2026-07-26
FL,"Zuma Japanese Restaurant Miami, LLC dba Zuma Miami",MIAMI,2020-04-20,2020-03-27,115,unknown,,0,0,1,https://reactwarn.floridajobs.org/WarnList/,7d0b652887191336a568eaa006fa65603066d945a854f7c44e44c6d3,ae3c29dcd5d38fc6c645ccb8f65d052d7ee4be51,2026-07-16,2026-07-26
FL,Miller's Ale House,GAINESVILLE,2020-04-21,2020-03-21,90,unknown,,0,0,1,https://reactwarn.floridajobs.org/WarnList/,e2d1771d0f9a8aacd233487a0b83673ab8d2e1375957fe873a041f75,0fb04f33ebbdb8f13d28f4b5f8cf7841e3f361b5,2026-07-16,2026-07-26
FL,Miller’s Ale House,CORAL GABLES,2020-04-21,2020-03-21,48,unknown,,0,0,1,https://reactwarn.floridajobs.org/WarnList/,8d8bd74743b732d8ede27460fed11d5f0312d3efee2e559fc62edbdf,139d5d60f257cd75aa25da38dad2a10a2932f939,2026-07-16,2026-07-26
FL,Miller’s Ale House,DESTIN,2020-04-21,2020-03-21,60,unknown,,0,0,1,https://reactwarn.floridajobs.org/WarnList/,bbdb1dfc2687fe29bf002bd0271e12d856a48a7d2d987379844f82fa,928a80657c08836f2864793aa7b67d5a6867a645,2026-07-16,2026-07-26
FL,Miller’s Ale House,PENSACOLA,2020-04-21,2020-03-21,63,unknown,,0,0,1,https://reactwarn.floridajobs.org/WarnList/,fe8c169b5fdf81a27fb112fd3b6970de6f352b0e13870ca24345bf07,b90a08ddbe3bd887dd47a052453aa36dad382e2a,2026-07-16,2026-07-26
FL,Miller’s Ale House,LAKELAND,2020-04-21,2020-03-21,62,unknown,,0,0,1,https://reactwarn.floridajobs.org/WarnList/,49ec0607c45331a978d8b20673d4fa0cf2645904d3123013f5456a5d,e245593797f14e8025e3d93a8aea44db66e1255d,2026-07-16,2026-07-26
FL,Miller’s Ale House,SAINT PETERSBURG,2020-04-21,2020-03-21,56,unknown,,0,0,1,https://reactwarn.floridajobs.org/WarnList/,3d10a59ace548f8d1daf275718ed251fcafe868ac3706294d1ba4d01,fe981287f49d129caf7d6ef5c751da1c78224e6d,2026-07-16,2026-07-26
FL,"Miller’s Ale House, Inc.",TAMPA,2020-04-21,2020-03-21,58,unknown,,0,0,1,https://reactwarn.floridajobs.org/WarnList/,2d2240837168f604de27e791b5c85f3c4c05ebad0e97b39c89e7a83a,c1b5a3e62c76b46f7aa2842da51a28299c5d31a3,2026-07-16,2026-07-26
FL,NewsLink,TAMPA,2020-04-21,2020-04-20,57,unknown,,0,0,1,https://reactwarn.floridajobs.org/WarnList/,c294f864761f4dc3c7870974d255f4f26a7a94290a6395ea272ac045,e643087c4819477d443a7ae0dac463be48dc1bd6,2026-07-16,2026-07-26
FL,Sand Key Associates Limited Partnership dba Sheraton Sand Key Resort,CLEARWATER,2020-04-21,2020-03-21,231,unknown,,0,0,1,https://reactwarn.floridajobs.org/WarnList/,d893294c3f25d69002ddd52e9cd83f7bfd827b58e27fcf3f70bf8b63,09528c21ba100875758c2f8c326cdb9f442e9d73,2026-07-16,2026-07-26
FL,"USNR, LLC",JACKSONVILLE,2020-04-21,2020-03-30,43,unknown,,0,0,1,https://reactwarn.floridajobs.org/WarnList/,30c1788801c7b0112a373d70488f702d5ef0eaa466773cc72b13392e,826da1514d427f5e5080e471ae55d2a396524729,2026-07-16,2026-07-26
FL,VSPOne Ft. Lauderdale,FORT LAUDERDALE,2020-04-21,2020-04-10,50,unknown,,0,0,1,https://reactwarn.floridajobs.org/WarnList/,70745be4c3cf94018cae00bed59af103ab4dfbc204fac8c84c23b749,cfac394432f98166588bddf20cca88be2f45a88b,2026-07-16,2026-07-26
FL,"Broder Bros., Co. d/b/a alphabroder",ORLANDO,2020-04-22,2020-03-23,84,unknown,,0,0,1,https://reactwarn.floridajobs.org/WarnList/,1d2f869168b11ebf4813d39f56a1de3d48c4d722b5a097a10f6ab7eb,30cd1ab5b47ef0d460065c25ff30105934c2ca6f,2026-07-16,2026-07-26
FL,Circa 39 Hotel,MIAMI BEACH,2020-04-22,2020-03-26,44,unknown,,0,0,1,https://reactwarn.floridajobs.org/WarnList/,468d8970da1afba06449bf866277392ad32031826d90d0bf689cb87e,586c504b9a1678423f5e8127e04805dbdd885a03,2026-07-16,2026-07-26
FL,"Interamerican Medical Center Group, Inc",MIAMI,2020-04-22,2020-04-22,5,unknown,,0,0,1,https://reactwarn.floridajobs.org/WarnList/,667a72b76f489c1c2a525055163dac1ae5f25997cc87accc7bef27c0,5399d284279c2e58edbaf8e50ee442e4ae1e67e7,2026-07-16,2026-07-26
FL,"Interamerican Medical Center Group, Inc.",LAUDERHILL,2020-04-22,2020-04-22,2,unknown,,0,0,1,https://reactwarn.floridajobs.org/WarnList/,80bdd0c02631fd7394074d8ee7cd671b060637c6689e7265fb878f58,194233d11652b9035078e2dcf511a4b988f89cac,2026-07-16,2026-07-26
FL,"Interamerican Medical Center Group, Inc.",HOLLYWOOD,2020-04-22,2020-04-22,1,unknown,,0,0,1,https://reactwarn.floridajobs.org/WarnList/,468558ad39103e1ca978848e2c7ddb689ec705acff5952cc8fc3e623,30a2912a375d70064f3a919821c3eccfc209a6ce,2026-07-16,2026-07-26
FL,"Interamerican Medical Center Group, Inc.",ORLANDO,2020-04-22,2020-04-22,6,unknown,,0,0,1,https://reactwarn.floridajobs.org/WarnList/,7e9122bfbe409dd326c4d0710dad0bf3688883378a7e95c8e4aafec2,601705f10f6c22a1ff5867f023f6902f1ebfab9b,2026-07-16,2026-07-26
FL,"Interamerican Medical Center Group, Inc.",HIALEAH,2020-04-22,2020-04-22,4,unknown,,0,0,1,https://reactwarn.floridajobs.org/WarnList/,27a6cabb75f3a40de4d22e6e03785ceeed814e0b56047f1624883d67,902a1c28b6c58fd698adc39b42b42dc97dd1960b,2026-07-16,2026-07-26
FL,"Interamerican Medical Center Group, Inc.",HOMESTEAD,2020-04-22,2020-04-22,5,unknown,,0,0,1,https://reactwarn.floridajobs.org/WarnList/,82f5f235016164f624a9f142f15fab12dd7f754425212b27f6235349,ae0e261f208c56177020aac863011edc906f11f4,2026-07-16,2026-07-26
FL,"Interamerican Medical Center Group, Inc.",MIAMI LAKES,2020-04-22,2020-04-22,34,unknown,,0,0,1,https://reactwarn.floridajobs.org/WarnList/,0076efd4a4f17dab1c0b146d5dc144f6df72b0330c66f3b06ae6bcd6,c818e54faeaaa07894b36a25166aa5e1f7fa97cd,2026-07-16,2026-07-26
FL,SLS South Beach Hotel,MIAMI BEACH,2020-04-22,2020-05-01,340,unknown,,0,0,1,https://reactwarn.floridajobs.org/WarnList/,91904cb219618470ef954f74d83ca8673fc0c441dcea53227ec0073c,afbf9de13a394ded18a28287a33260f7d725fa34,2026-07-16,2026-07-26
FL,The Palms Hotel and Spa,MIAMI BEACH,2020-04-22,2020-03-26,230,unknown,,0,0,1,https://reactwarn.floridajobs.org/WarnList/,f56c062ea207349629fe1c5f7610538a2ed67cdb2914a2b2f05092f9,84be57fe02cb6bfd1096e787530bef9d65feda08,2026-07-16,2026-07-26
FL,"Vista Products, Inc.",JACKSONVILLE,2020-04-22,2020-04-07,52,unknown,,0,0,1,https://reactwarn.floridajobs.org/WarnList/,651a0a24b5b54420b521f223e075476a57f51124ef60882a71c83774,33ef8c843d0a45672cda1cde24df286bb842e060,2026-07-16,2026-07-26
FL,Crystal Cruises,MIAMI,2020-04-23,2020-04-22,56,unknown,,0,0,1,https://reactwarn.floridajobs.org/WarnList/,294174e41e851892a138783a4ec5605187f7e3fe06eae3f39d7265e6,b74ede3edc57157512bfd2673b0bdfdcc443cf25,2026-07-16,2026-07-26
FL,Hard Rock Cafe Orlando,ORLANDO,2020-04-23,2020-04-13,510,unknown,,0,0,1,https://reactwarn.floridajobs.org/WarnList/,a698b12c2f7d868625b4ed762132ae1733cc807ab7d4a52b43105fec,ba650a96aeb0928957db6c629ff0ea240a2604f8,2026-07-16,2026-07-26
FL,Hard Rock Café Hollywood,HOLLYWOOD,2020-04-23,2020-04-13,183,unknown,,0,0,1,https://reactwarn.floridajobs.org/WarnList/,539a4f0d27a8cd75ed6ce1ab14f26c2dcb6da9451f8d094984ad75a6,fa3e2a649aac372a9841dbbfc9424ee5bcd7c2bc,2026-07-16,2026-07-26
FL,Hard Rock Café Key West,KEY WEST,2020-04-23,2020-04-13,39,unknown,,0,0,1,https://reactwarn.floridajobs.org/WarnList/,bddd39a704bd12d18d85bb26261fae12fa2dabc09c97e5e4e8a19a97,9e15c66a56e2cf9f47b11033e2e06c19e0ed5efc,2026-07-16,2026-07-26
FL,Hard Rock Café Miami,MIAMI,2020-04-23,2020-04-13,132,unknown,,0,0,1,https://reactwarn.floridajobs.org/WarnList/,adb7a389a867545a1a4908885969be5534663265f9eb94ba25f295c1,2dbf1a4472fb161b25c00d71885d1ec45b2ff7f2,2026-07-16,2026-07-26
FL,Visionworks,WESLEY CHAPEL,2020-04-23,2020-04-04,2,unknown,,0,0,1,https://reactwarn.floridajobs.org/WarnList/,57a6c0cd79cc95f82bd4813440c556b241f7278d075157eb3960da62,8fdf84d91d7826cfe7c514548fb4dde3192402bf,2026-07-16,2026-07-26
FL,Visionworks,PORT ORANGE,2020-04-23,2020-04-04,9,unknown,,0,0,1,https://reactwarn.floridajobs.org/WarnList/,fd9211f952acf1ee751a7f7cbde91b12f66a891f0fb389b7bd6daad3,b54783381b9d4f745f42dfe5c6ead64d236e055d,2026-07-16,2026-07-26
FL,Visionworks,NORTH MIAMI BEACH,2020-04-23,2020-04-04,6,unknown,,0,0,1,https://reactwarn.floridajobs.org/WarnList/,0ea71b8c898b0995728425efd83f5237aed874f49f1adc1546d21afc,bb306589a15047eb8ec25fdd8767762afd25f100,2026-07-16,2026-07-26
FL,"Visionworks, Inc.",PENSACOLA,2020-04-23,2020-04-04,7,unknown,,0,0,1,https://reactwarn.floridajobs.org/WarnList/,07ac366be91c5e145ae34a43a9e5ee413d262ee3bae093370e014b26,034c5a61bf34da8ad6c66ead9fe33d30f9b72206,2026-07-16,2026-07-26
FL,"Visionworks, Inc.",PALM HARBOR,2020-04-23,2020-04-04,9,unknown,,0,0,1,https://reactwarn.floridajobs.org/WarnList/,68c9c593618355dce2b76170494c3ab9f481b2d8cb6493f75402e25d,03525245df663e4439f2b81ea083ad6dfe5f33a7,2026-07-16,2026-07-26
FL,"Visionworks, Inc.",JACKSONVILLE,2020-04-23,2020-04-04,2,unknown,,0,0,1,https://reactwarn.floridajobs.org/WarnList/,b405ebb3d802d19f9651f6f27cd525cbc157e14d1ce8c118e9598232,20e5ce7e5af8ccdff5218ecb5deb397721cbb49b,2026-07-16,2026-07-26
FL,"Visionworks, Inc.",MIAMI,2020-04-23,2020-04-04,12,unknown,,0,0,1,https://reactwarn.floridajobs.org/WarnList/,ef387e9d6e3c259fc62f793eb909927bb9b2ae914484bf43322f896a,2878b87d806142d65240d8cd8e778b68cccd9657,2026-07-16,2026-07-26
FL,"Visionworks, Inc.",SARASOTA,2020-04-23,2020-04-04,3,unknown,,0,0,1,https://reactwarn.floridajobs.org/WarnList/,a94f13741d07085c1a9ee34bbf72a6332985d21606be6896d38a70b7,367c4487ea096be267a06f69b322a6d2fb5ab5c5,2026-07-16,2026-07-26
FL,"Visionworks, Inc.",WEST PALM BEACH,2020-04-23,2020-04-04,4,unknown,,0,0,1,https://reactwarn.floridajobs.org/WarnList/,fc5551476b812afed757686b5a1475a571fcc44abc767e679008ce94,3dddc6a86da5b6bc37f50e23d269b79f52338d7c,2026-07-16,2026-07-26
FL,"Visionworks, Inc.",PORT CHARLOTTE,2020-04-23,2020-04-04,5,unknown,,0,0,1,https://reactwarn.floridajobs.org/WarnList/,1c72c709b4703f386c4aeb9ce7fe7a185fb6ba6a2138e79925550598,3f4223d402ede73408cd9bd7bf5b9a7b5839632a,2026-07-16,2026-07-26
FL,"Visionworks, Inc.",CLEARWATER,2020-04-23,2020-04-04,5,unknown,,0,0,1,https://reactwarn.floridajobs.org/WarnList/,58c79d69c9468e2c559eab5fb18d58099e5a81320fa3fb933ff9e5bd,43ba81287072118ac87ef1a9d5ca6d9ad47fa17d,2026-07-16,2026-07-26
FL,"Visionworks, Inc.",TAMPA,2020-04-23,2020-04-04,4,unknown,,0,0,1,https://reactwarn.floridajobs.org/WarnList/,6eebba1fdb713d02bf713b647c03ac83f9aa156e6a1c1823719108de,49219d676e43e3d4e6a6f26a3d6f017ef16f0bfa,2026-07-16,2026-07-26
FL,"Visionworks, Inc.",PORT RICHEY,2020-04-23,2020-04-04,6,unknown,,0,0,1,https://reactwarn.floridajobs.org/WarnList/,e56bc014c790e56364bdcdbbe87d0f96403ecce2e0293028c1e41e81,4bc457779a2565a327031b78005df605e335ea8b,2026-07-16,2026-07-26
FL,"Visionworks, Inc.",TALLAHASSEE,2020-04-23,2020-04-04,1,unknown,,0,0,1,https://reactwarn.floridajobs.org/WarnList/,dc3880450d2ddea82d6b52affb6b96ef81efe5b478531f4f5c848ef8,512198827d7f4ed5fa15184e9d51ded2d05cb8e8,2026-07-16,2026-07-26
FL,"Visionworks, Inc.",BRADENTON,2020-04-23,2020-04-04,3,unknown,,0,0,1,https://reactwarn.floridajobs.org/WarnList/,270bd47f9cc4285e796cc3a7afcc4d218c449d36e51da98014c151d5,60f92fa74dc67e10daed929b9d0381364eebab7a,2026-07-16,2026-07-26
FL,"Visionworks, Inc.",SEMINOLE,2020-04-23,2020-04-04,4,unknown,,0,0,1,https://reactwarn.floridajobs.org/WarnList/,dabca4e7dc9fedce4f727e05d79f963ba29d97b484f3f1debf182899,6a06190d3edf35cd6c2ab27abb973d6ac3af08f3,2026-07-16,2026-07-26
FL,"Visionworks, Inc.",KISSIMMEE,2020-04-23,2020-04-04,3,unknown,,0,0,1,https://reactwarn.floridajobs.org/WarnList/,3e3a87045118681d9570529889f576041229b2a464f049efed8ecbf7,8318bff7b1ead4033582cb46cf5ae4b31746d21f,2026-07-16,2026-07-26
FL,"Visionworks, Inc.",HOMESTEAD,2020-04-23,2020-04-04,5,unknown,,0,0,1,https://reactwarn.floridajobs.org/WarnList/,b736a4eb1127e4b7e1e7e117ad2ae588d1825664c7117e7c7e14cb56,838c41efb7ba208ae05c9d0cc4171e258ac02e7b,2026-07-16,2026-07-26
FL,"Visionworks, Inc.",ALTAMONTE SPRINGS,2020-04-23,2020-04-04,5,unknown,,0,0,1,https://reactwarn.floridajobs.org/WarnList/,dcea0ed139157333e20f4df6c8f9daa0aee215325810757aa77a4b58,8392fe430893f597bb179214c9501447785bd122,2026-07-16,2026-07-26
FL,"Visionworks, Inc.",CORAL SPRINGS,2020-04-23,2020-04-04,1,unknown,,0,0,1,https://reactwarn.floridajobs.org/WarnList/,251ce135a47dbe1c2a4c1d783a8c08f59026200c66c3cbc016bbec63,9fb44c1c3a73cc80bec247a1fdf008998e3f7b9b,2026-07-16,2026-07-26
FL,"Visionworks, Inc.",ORANGE PARK,2020-04-23,2020-04-04,4,unknown,,0,0,1,https://reactwarn.floridajobs.org/WarnList/,4a29299ada9ec7761b78ee12d42623da4c57a6b03870c95c6d697b47,a6b0ca6d7bbbad1f227c7a038f7ae72e334c5ffb,2026-07-16,2026-07-26
FL,"Visionworks, Inc.",NAPLES,2020-04-23,2020-04-04,8,unknown,,0,0,1,https://reactwarn.floridajobs.org/WarnList/,73d6062b7bfd2395781f83d1992c597e140f2e0ebe05b4654f094874,a79ec2a766553a1acdefa6d76cfa39ec8d1bcf33,2026-07-16,2026-07-26
FL,"Visionworks, Inc.",SPRING HILL,2020-04-23,2020-04-04,5,unknown,,0,0,1,https://reactwarn.floridajobs.org/WarnList/,ca79c2e1bd9b7bed3738bd2f47932937a26179ff558d850bbd404023,baa854f50a57774c53ecede7e888e4c7e254452d,2026-07-16,2026-07-26
FL,"Visionworks, Inc.",POMPANO BEACH,2020-04-23,2020-04-04,2,unknown,,0,0,1,https://reactwarn.floridajobs.org/WarnList/,da87e706c16af64aa64733a5cbfcd6449440bae8f4f1109f2b4cc3f5,c1455113b3f0e5c0f51f67fc324bd59e4c6c2ec4,2026-07-16,2026-07-26
FL,"Visionworks, Inc.",ORLANDO,2020-04-23,2020-04-04,7,unknown,,0,0,1,https://reactwarn.floridajobs.org/WarnList/,ebcc06ef803d76342f172992e33c1402abe212f3be4ef625b69c6534,c14b66171d508e4aa715d7cb24c4b193fc7dcf80,2026-07-16,2026-07-26
FL,"Visionworks, Inc.",BOYNTON BEACH,2020-04-23,2020-04-04,3,unknown,,0,0,1,https://reactwarn.floridajobs.org/WarnList/,7d2b349372baae104eb65fbd2d036d99284cfdcaa841bc8b6372055e,c4540b7080933be34ec21176a361ba4c5cf74021,2026-07-16,2026-07-26
FL,"Visionworks, Inc.",SAINT PETERSBURG,2020-04-23,2020-04-04,3,unknown,,0,0,1,https://reactwarn.floridajobs.org/WarnList/,30b79f0e02a3765650a650e62deb11103ced51e79a378fd195dca97d,cf8803ddfd051c0ed012713aafbe80d15938035d,2026-07-16,2026-07-26
FL,"Visionworks, Inc.",PEMBROKE PINES,2020-04-23,2020-04-04,7,unknown,,0,0,1,https://reactwarn.floridajobs.org/WarnList/,47c117ca6b843779658d3af41fb4cb6d9f9f166e8fa95980710b86d2,e2d3b7829b3dfa8beb9aa1765fb24f4028a49451,2026-07-16,2026-07-26
FL,"Visionworks, Inc.",SANFORD,2020-04-23,2020-04-04,10,unknown,,0,0,1,https://reactwarn.floridajobs.org/WarnList/,1d970b7902cc9e9f8a11d0f6c90bf2aae90c62c7877dfef62bc3ad49,eab90d37c69d578b915feb73efb5f598df06ddc5,2026-07-16,2026-07-26
FL,"Visionworks, Inc.",PLANTATION,2020-04-23,2020-04-04,9,unknown,,0,0,1,https://reactwarn.floridajobs.org/WarnList/,42fda809837c1da387fde06d1a29d7ae9f0b936770fc00a76a499148,ebf14c28332c81769dc4df7a86caa9904bf675ec,2026-07-16,2026-07-26
FL,"Visionworks, Inc.",BRANDON,2020-04-23,2020-04-04,11,unknown,,0,0,1,https://reactwarn.floridajobs.org/WarnList/,be1e47142229d39f81218cc0baecd23b8364c628f29b8b41cdd843d0,ede779b506ba771fcb0ae1280dfc82891ac475bb,2026-07-16,2026-07-26
FL,"Visionworks, Inc.",FORT MYERS,2020-04-23,2020-04-04,2,unknown,,0,0,1,https://reactwarn.floridajobs.org/WarnList/,fc8a89abd0292fc76277692ac937fb66ccade3c5ac804da238093333,ee167903e494066a0ef1ea0ecd883974753cee21,2026-07-16,2026-07-26
FL,"Visionworks, Inc.",HIALEAH,2020-04-23,2020-04-04,7,unknown,,0,0,1,https://reactwarn.floridajobs.org/WarnList/,749bf91583ff01ae7c51905bdec5a790f14e440f0c86cf02037d9b74,f4a384edda7844600892b9c87c6479a585c69841,2026-07-16,2026-07-26
FL,"Visionworks, Inc.",DELAND,2020-04-23,2020-04-04,4,unknown,,0,0,1,https://reactwarn.floridajobs.org/WarnList/,179b828c30cbf511e3de2d099fcd9011e2ae250e157983a60ccfe328,fae725f37f6b7dcc055a332c8ef696801611549c,2026-07-16,2026-07-26
FL,Alamo Rent a Car,PUNTA GORDA,2020-04-27,2020-04-30,14,unknown,,0,0,1,https://reactwarn.floridajobs.org/WarnList/,60a615a59ee7968715b1504420258d24b76fe3ca11be4a2cab255f78,f1c44c9391b7dfd858f0258b9663e85547cea983,2026-07-16,2026-07-26
FL,CAI,BOCA RATON,2020-04-27,2020-06-30,69,unknown,,0,0,1,https://reactwarn.floridajobs.org/WarnList/,6695e6ec9921d4d7157d3f0c122756178e2abfe67f729c96bce9689a,e752d1c5aa414a23023d4ad4757e38d36464b1f8,2026-07-16,2026-07-26
FL,Enterprise Holdings,FORT MYERS,2020-04-27,2020-04-30,2,unknown,,0,0,1,https://reactwarn.floridajobs.org/WarnList/,82a29053121893ec396d3316bbf926c95edb557bc21c50a0c9c9db64,7c6dc5654b76b8794c7882935a59e106d86a06c2,2026-07-16,2026-07-26
FL,"Magic Leap, Inc.",ORLANDO,2020-04-27,2020-06-21,1,unknown,,0,0,1,https://reactwarn.floridajobs.org/WarnList/,6596983aa5ffbb762986aa4b050000dbfe3074806233156f5ae096a2,08abc3cdbcacc59e3923fd2269034362462bbec7,2026-07-16,2026-07-26
FL,"Magic Leap, Inc.",PLANTATION,2020-04-27,2020-06-21,402,unknown,,0,0,1,https://reactwarn.floridajobs.org/WarnList/,9a18ce5897e9cc99b22fd1830c748b67ef7df3b1298be0cbbdbe99e7,fbca9c9670c005e149e2214a27b5140a7c28458c,2026-07-16,2026-07-26
FL,"Silver Wings Aerospace, Inc., a Wencor Group, LLC",PRINCETON,2020-04-27,2020-04-26,40,unknown,,0,0,1,https://reactwarn.floridajobs.org/WarnList/,27d9e6268efcdde8bfb71edf3aa7003390dd4e14135532d0eaae518c,6d34d5d4f1bf76c6305868caf6ced38d9d985e09,2026-07-16,2026-07-26
FL,Ark Deerfield Beach LLC d/b/a JB's,DEERFIELD BEACH,2020-04-28,2020-03-18,144,unknown,,0,0,1,https://reactwarn.floridajobs.org/WarnList/,abea0b25fc3f9e21a71fe642943213fe39dbe6d14d7120b1b8c92cea,c325a7feff726d0e848bc64f35c0abd44d56b20d,2026-07-16,2026-07-26
FL,Ark Hollywood/Tampa Investment LLC,DAVIE,2020-04-28,2020-03-18,115,unknown,,0,0,1,https://reactwarn.floridajobs.org/WarnList/,385fd88c93ebe3e761401cb88009bf7969bebe683d7c3bba186dd577,815a1b71ed7669afdbb61cdb642db02f777dd9a4,2026-07-16,2026-07-26
FL,Ark Shuckers LLC d/b/a Shuckers,JENSEN BEACH,2020-04-28,2020-03-18,105,unknown,,0,0,1,https://reactwarn.floridajobs.org/WarnList/,a5bd7052b9a764d76ae7f30bd626bd6a09a8b9752f9879140b5cb87d,904eafa0af59759dfb1b9a9b0307400dceb94d95,2026-07-16,2026-07-26
FL,Avianca,ORLANDO,2020-04-28,2020-04-01,1,unknown,,0,0,1,https://reactwarn.floridajobs.org/WarnList/,9085b114c31811c28f5dd21a2ad4eb344b5dd36e3c16c40d659b1c8b,8643a9600a7aa11b03f119456e23808a103370cf,2026-07-16,2026-07-26
FL,Avianca,FORT LAUDERDALE,2020-04-28,2020-04-01,1,unknown,,0,0,1,https://reactwarn.floridajobs.org/WarnList/,5244a778e6fdb518fcff25a1b3a048b85e42e09c25770ad445404ee0,c2b085656ada892c67a1389e7c90b225038ae206,2026-07-16,2026-07-26
FL,Avianca,MIAMI,2020-04-28,2020-04-01,9,unknown,,0,0,1,https://reactwarn.floridajobs.org/WarnList/,72c40f5ebd0e38d58698e483f5c8426007536406bb40d334a4acc59e,dc2f58cb92cd0f52b7c2802c2a5f502245d03556,2026-07-16,2026-07-26
FL,Avianca,DORAL,2020-04-28,2020-04-01,18,unknown,,0,0,1,https://reactwarn.floridajobs.org/WarnList/,1e558db9cc65fd7207e97131770883f51ae6d0718ac1ffcd395eb462,e713507ebb6b94137c2fe5e8863098df78682ef0,2026-07-16,2026-07-26
FL,"Carillon Hotel Management, LLC",MIAMI BEACH,2020-04-28,2020-03-31,157,unknown,,0,0,1,https://reactwarn.floridajobs.org/WarnList/,7d5f5fb079c7a32aba88194a1fac4a3e968fa69f1c65bede97f54c36,76d4ae571c25774196366fb2add4f87d002def7d,2026-07-16,2026-07-26
FL,"EAN Services, LLC",GAINESVILLE,2020-04-28,2020-03-30,111,unknown,,0,0,1,https://reactwarn.floridajobs.org/WarnList/,397ae0dc093628c73fcc2973df2c7edaea446fc50d005f563aa00c94,887382ebfd0456b7838f397faf5ca661673cfe0c,2026-07-16,2026-07-26
FL,Enterprise Holdings,FORT MYERS,2020-04-28,2020-03-23,151,unknown,,0,0,1,https://reactwarn.floridajobs.org/WarnList/,1be38852523c93ad294b8de7f0e183ad42fafc6c9510b273d4155fc4,04a6f1a1616b3b84fbd2ec2bed66b23409d36b75,2026-07-16,2026-07-26
FL,Enterprise Holdings/55KA/PT/9V FT Walton Airport,EGLIN AFB,2020-04-28,2020-04-30,11,unknown,,0,0,1,https://reactwarn.floridajobs.org/WarnList/,1a0499a82777a5cf311de421ac66149ef15756ec23000c71f47e32ca,4f2a6a3990dcd1f5902d8499de3033ce8d6a24b6,2026-07-16,2026-07-26
FL,Enterprise Holdings/55PN Pensacola REG ARPT,PENSACOLA,2020-04-28,2020-04-30,10,unknown,,0,0,1,https://reactwarn.floridajobs.org/WarnList/,78cf3e10e75a5051a506d7b73007d00adcdb99c8e99e8085a07107e1,583ab0d5c5927b3bb8e925af395c671880719653,2026-07-16,2026-07-26
FL,Enterprise Holdings/55PN/PA Pensacola REG ARPT,PENSACOLA,2020-04-28,2020-03-23,16,unknown,,0,0,1,https://reactwarn.floridajobs.org/WarnList/,9c1333c2c1b2991b69c2eea6ac25cca4c800eb5cb85b40e3a23206bf,03f96da770a559d7d82a60d030a471651a72ec57,2026-07-16,2026-07-26
FL,Enterprise Holdings/55PT Destin-Fort Walton Beach,EGLIN AFB,2020-04-28,2020-03-23,24,unknown,,0,0,1,https://reactwarn.floridajobs.org/WarnList/,5ba2b4f8921c3c512a1022d1bcb79e4cee6188162cf69c00f1b12387,da39c68e676ab5a9f54dbc93d9bcc142f897c779,2026-07-16,2026-07-26
FL,Enterprise Holdings/55RP Remarketing Pensacola,PENSACOLA,2020-04-28,2020-03-23,85,unknown,,0,0,1,https://reactwarn.floridajobs.org/WarnList/,117a7767845b44e83a29efdacb45cd04b172c464f99036d556029b44,b2b89d0036b93cdc0e0d192fc81f5c5a91cb8a1a,2026-07-16,2026-07-26
FL,"Enterprise Leasing Company of Orlando, LLC",ORLANDO,2020-04-28,2020-03-20,108,unknown,,0,0,1,https://reactwarn.floridajobs.org/WarnList/,c8dfd6dbd2da3ebc1100e9992fbe4da8ab19351254b6118976842da5,5cf5c9f77db9eb184a27a3afb9827027073e7ee6,2026-07-16,2026-07-26
FL,Food Court at Seminole Hard Rock Hotel and Casino Tampa,TAMPA,2020-04-28,2020-03-18,43,unknown,,0,0,1,https://reactwarn.floridajobs.org/WarnList/,64823265571ad5f7591a00eefc615267e701df6749d4a18e9e0506cc,9fca7362ac169e6caa48f09a5f8efffa7c31af5d,2026-07-16,2026-07-26
FL,HIG Weston Management LLC,WESTON,2020-04-28,2020-03-14,161,unknown,,0,0,1,https://reactwarn.floridajobs.org/WarnList/,2f3fc529a2b0a71654a75821397859b4714c68ff89c64b1c06fb7af9,7c239ac942776bd09bee5dbe05f454846b59f542,2026-07-16,2026-07-26
FL,"OS Restaurant Services, LLC",ORLANDO,2020-04-28,2020-03-15,49,unknown,,0,0,1,https://reactwarn.floridajobs.org/WarnList/,e485849deb1cc490a5022c77e4ee53120fb9a1ad605fc7fd1f34c4d8,0311f3ba435598f5514906c4cedbc5516e184305,2026-07-16,2026-07-26
FL,"OS Restaurant Services, LLC",TAMPA,2020-04-28,2020-03-15,73,unknown,,0,0,1,https://reactwarn.floridajobs.org/WarnList/,ea1915a4cc0c0cc2796fbf35ed6c8c8e90261bb835702f82212cc37d,260c52303bd5927166c868076361000c7b7d15c4,2026-07-16,2026-07-26
FL,"OS Restaurant Services, LLC",RIVERVIEW,2020-04-28,2020-03-15,31,unknown,,0,0,1,https://reactwarn.floridajobs.org/WarnList/,1508814439c1033d33d044defb88e23ce78794b3bdef4f1252baff52,287b6de65c0c76ede6fa9190995fc8858d14c2a0,2026-07-16,2026-07-26
FL,"OS Restaurant Services, LLC",MIAMI,2020-04-28,2020-03-15,80,unknown,,0,0,1,https://reactwarn.floridajobs.org/WarnList/,fec5bc4ab54c7b5662fcc7c3f303f496ad1ca60bd03aeb560929ad1a,6caa6f49466bb9c37de0cfe514494923861c3cbc,2026-07-16,2026-07-26
FL,"OS Restaurant Services, LLC",CORAL GABLES,2020-04-28,2020-03-15,60,unknown,,0,0,1,https://reactwarn.floridajobs.org/WarnList/,49b4d3ef0e3e8eb79ec81fce94da1574ed303e7422062e4d9c7e4595,74ef8658af07b962afa8e67ae3a29c85e6068596,2026-07-16,2026-07-26
FL,"OS Restaurant Services, LLC",LUTZ,2020-04-28,2020-03-15,3,unknown,,0,0,1,https://reactwarn.floridajobs.org/WarnList/,9255652480c6cc2621f668c7b1db96d5df7b8af3a4d9e032e5197a72,886ce02851547fd39acd0df3dc889c188594f15c,2026-07-16,2026-07-26
FL,"OS Restaurant Services, LLC",BRANDON,2020-04-28,2020-03-15,18,unknown,,0,0,1,https://reactwarn.floridajobs.org/WarnList/,db0aa814e02e543ec4a8e67cf73ab519545f1e0b81ee1dd31101e2c0,97a412ad010c1b7ad511a2f657d5ae46805bd578,2026-07-16,2026-07-26
FL,"OS Restaurant Services, LLC",NAPLES,2020-04-28,2020-03-15,69,unknown,,0,0,1,https://reactwarn.floridajobs.org/WarnList/,c9ebf95bb422b0e7a1c66defd840f45fe8ccff3ffd0136efb96b02a2,a6842c67da949ef2ffbb4ab523be6327666b55df,2026-07-16,2026-07-26
FL,"OS Restaurant Services, LLC",STATEWIDE,2020-04-28,2020-03-15,3216,unknown,,0,0,1,https://reactwarn.floridajobs.org/WarnList/,12883c0ec75d8c0d300c5ecaed4ce0867884ded472b3d893dd9d16f0,abf8c7f4950f9802f25e8c3abe3c61e40d54c4b1,2026-07-16,2026-07-26
FL,"OS Restaurant Services, LLC",WINTER PARK,2020-04-28,2020-03-15,64,unknown,,0,0,1,https://reactwarn.floridajobs.org/WarnList/,189b451c2eb965909ce840480c38ee7d9d841e70a033a8ca49da3ca8,af9c7fcfb3966d4d9be749da49f1500548046f23,2026-07-16,2026-07-26
FL,"OS Restaurant Services, LLC",SARASOTA,2020-04-28,2020-03-15,57,unknown,,0,0,1,https://reactwarn.floridajobs.org/WarnList/,4b392daf1a4b32f5939107841456c7f90665da536b0f2b2365d5ea9b,c807fca7b8fbdd2079ca05aac38e0890faf6927b,2026-07-16,2026-07-26
FL,"OS Restaurant Services, LLC",SANDESTIN,2020-04-28,2020-03-15,48,unknown,,0,0,1,https://reactwarn.floridajobs.org/WarnList/,c87271c92b2b73b2c919445bc5722df06dc7b1a02d7dea6ba4671d87,d07af85c8e8f5c727451b37cac54a770120d67e4,2026-07-16,2026-07-26
FL,Orlando Sanford International Airport,SANFORD,2020-04-28,2020-04-30,327,unknown,,0,0,1,https://reactwarn.floridajobs.org/WarnList/,79331802545a18fbd4439346eec560a8ce28414b81efff7370bd61bf,1817c8866f631a8e78d93bef4a834b0539ea2ffb,2026-07-16,2026-07-26
FL,Ponte Vedra Inn & Club,PONTE VEDRA BEACH,2020-04-28,2020-04-05,118,unknown,,0,0,1,https://reactwarn.floridajobs.org/WarnList/,ba6ae0e304c2d31d550d24888db7505e1513c1b4bda791a9e22dc145,9dff5fca3e8759cf71bfd64ee01e83b09521710b,2026-07-16,2026-07-26
FL,Rustic Inn Crabhouse,FORT LAUDERDALE,2020-04-28,2020-03-18,151,unknown,,0,0,1,https://reactwarn.floridajobs.org/WarnList/,9eca47aa90cc3931632f046393fb7ff95c5dc65f217d8def1bd7382d,7ed8aac3c1e667d8047b63561b2ff71a63b31ad7,2026-07-16,2026-07-26
FL,Alamo Rent a Car,PUNTA GORDA,2020-04-29,2020-03-25,38,unknown,,0,0,1,https://reactwarn.floridajobs.org/WarnList/,aea837e710e618cfb65ffb1d92c003c561fae8572b8323376f971dfc,cbb45dac15f8d83292135f10f683c8b84ecdb6f9,2026-07-16,2026-07-26
FL,Four Seasons Resort Palm Beach,PALM BEACH,2020-04-29,2020-03-24,393,unknown,,0,0,1,https://reactwarn.floridajobs.org/WarnList/,b5bdd070bd50d9a506f6e0f74da86e42b217c79e00c7e5aa26b992e9,ff0ce62c521b9ca246bb75e4a1fcac58e9ef0938,2026-07-16,2026-07-26
FL,PatientPop,PALM CITY,2020-04-29,2020-03-27,1,unknown,,0,0,1,https://reactwarn.floridajobs.org/WarnList/,80fe2e4886a405cb63232fdf13b945cdb2c2bd10818785f65abdd64f,bfc81854b3549f3d3b2429f35e6cc9ce4fcc5c39,2026-07-16,2026-07-26
FL,"PatientPop, Inc.",TAMPA,2020-04-29,2020-03-27,1,unknown,,0,0,1,https://reactwarn.floridajobs.org/WarnList/,7937c426138b2fd62b77130ac7d5a6db367d8087d9212b1bedd982d5,7e5c6ed7883043cb67d531f3d97d73130c0f5dbf,2026-07-16,2026-07-26
FL,STARBOARD CRUISE SERVICES,MIAMI,2020-04-29,2020-04-09,119,unknown,,0,0,1,https://reactwarn.floridajobs.org/WarnList/,0d962bc35d8554d420c3bd8d74ec3d42eb879632bbe95732d0bc65ea,0af0532feb9c7f8647485be5769aa591d22411eb,2026-07-16,2026-07-26
FL,STARBOARD CRUISE SERVICES,MEDLEY,2020-04-29,2020-04-09,96,unknown,,0,0,1,https://reactwarn.floridajobs.org/WarnList/,e41410bdefc9d39ab669a604819e967a428a05d6cf25924722b6f256,3b0eb24a052ca0e251159bf05922ee4320d5e31c,2026-07-16,2026-07-26
FL,"EAN Services, LLC – Enterprise",GAINESVILLE,2020-04-30,2020-04-30,8,unknown,,0,0,1,https://reactwarn.floridajobs.org/WarnList/,5144406c52de78bc30616332aeee2eae3f8acaeacf5f9f0b982fbad5,369d39f273a98d30f201118cf40ceb059d946caf,2026-07-16,2026-07-26
FL,Enterprise Holdings,JACKSONVILLE,2020-04-30,2020-04-30,164,unknown,,0,0,1,https://reactwarn.floridajobs.org/WarnList/,ad51704430fbd599d89685997532d07e206f8efd98cc3ed2b1fecbe1,813f5de948057930350b88ba945c28ad911739d8,2026-07-16,2026-07-26
FL,"Enterprise Leasing Company of Florida LLC, Tampa Division",TAMPA,2020-04-30,2020-04-30,71,unknown,,0,0,1,https://reactwarn.floridajobs.org/WarnList/,73626340b9078263a1e6ca6535eb2b58efd64a3437cf111651e54701,94e8b9d13142128bd61c35c320d2522e85cb2f96,2026-07-16,2026-07-26
FL,"Micro Matic USA, Inc.",BROOKSVILLE,2020-04-30,2020-03-23,104,unknown,,0,0,1,https://reactwarn.floridajobs.org/WarnList/,43303db467bfd6cd12679379b121edcabc6ccd86ab4dd37aab17d2b1,fa423686a76c573ae56b46618c797683b26e4f3c,2026-07-16,2026-07-26
FL,SLS LUX Brickell Hotel,MIAMI,2020-04-30,2020-04-30,70,unknown,,0,0,1,https://reactwarn.floridajobs.org/WarnList/,4008f95b69f4e341929d530ae9327ccbe09478c028346a9c33664e23,2ba6d2961a1780e922c1df5cb2ee781424566f7c,2026-07-16,2026-07-26
FL,Go Rentals,OPA LOCKA,2020-05-01,2020-03-22,4,unknown,,0,0,1,https://reactwarn.floridajobs.org/WarnList/,fe9d216c6792f51830aa1cad0dda6e8120b5546aef9d7dc339e4d79c,10674a1f864733c24c1e32f28b9fc17f8f630f05,2026-07-16,2026-07-26
FL,Go Rentals,FORT LAUDERDALE,2020-05-01,2020-03-22,5,unknown,,0,0,1,https://reactwarn.floridajobs.org/WarnList/,d99407f323e2b2956a0bd93a4ca808eb63ab2a4be124b7da5b37907a,139b08584e9f049efc3cd74636c36b591d78bee8,2026-07-16,2026-07-26
FL,Go Rentals,BOCA RATON,2020-05-01,2020-03-22,4,unknown,,0,0,1,https://reactwarn.floridajobs.org/WarnList/,9c841662ad1449ae2aa0450579498f7c850699a3ad2b2f3b6421577b,436b8bfb47a793e704596a0ca1994b6f76512df9,2026-07-16,2026-07-26
FL,Go Rentals,WEST PALM BEACH,2020-05-01,2020-03-22,6,unknown,,0,0,1,https://reactwarn.floridajobs.org/WarnList/,aaa29cd168d592029e81d8afc5ad39f8a25f7314934e91dbce3ba32a,5f2f39d4909829ffa261f4e2383e5fff6cda7e74,2026-07-16,2026-07-26
FL,Go Rentals,NAPLES,2020-05-01,2020-03-22,1,unknown,,0,0,1,https://reactwarn.floridajobs.org/WarnList/,271be3bc3576f56565f928202473f6e590b42d758383a8d2aed3366c,8bbd5e523df55a734ddbadf5fd5fb767caa49cbd,2026-07-16,2026-07-26
FL,Go Rentals,SARASOTA,2020-05-01,2020-03-22,3,unknown,,0,0,1,https://reactwarn.floridajobs.org/WarnList/,21a9b03afc9ffd6ed6b0293e8bbcf2e7c287ecfa4718f2894839a8ad,96aa4f36e489b096a27b92b758971926069d05fc,2026-07-16,2026-07-26
FL,Go Rentals,DESTIN,2020-05-01,2020-03-22,2,unknown,,0,0,1,https://reactwarn.floridajobs.org/WarnList/,46293b1313c10faa7761c6b3137c43ddf6bef42c3c040c2f336161f2,a9132353e00d8d0e5764d033ab47c156ee66a44f,2026-07-16,2026-07-26
FL,Go Rentals,STUART,2020-05-01,2020-03-22,3,unknown,,0,0,1,https://reactwarn.floridajobs.org/WarnList/,305a3d3eb9c2d128d888d053a1413233f3bf6103e9b50f0bd0a0e626,d031fa8e9393236778220a95f2103cac0ec6c699,2026-07-16,2026-07-26
FL,"Harte Hanks Direct Marketing/Jacksonville, LLC",JACKSONVILLE,2020-05-01,2020-06-30,63,unknown,,0,0,1,https://reactwarn.floridajobs.org/WarnList/,a3891ea312932946228ad7a1792965ed2adb3aea711e82d40bff12d8,2f8fdaa4e438e10638f3b0257d693bafba6c5ab2,2026-07-16,2026-07-26
FL,Health Care and Social Assistance,CAPE CANAVERAL,2020-05-01,2020-04-24,8,unknown,,0,0,1,https://reactwarn.floridajobs.org/WarnList/,c9a71edb67261fa3ec6add76ff819accfaae4b6964e85455cdd87402,986e881360b6fe14c1dae996bf5d739a153af50c,2026-07-16,2026-07-26
FL,The Hertz Corporation,ORLANDO,2020-05-01,2020-04-14,235,unknown,,0,0,1,https://reactwarn.floridajobs.org/WarnList/,dca977bef19432c27026d0590ad6b1c1835a891c4fe816b658e8ef46,86eebde43bc910d2df5493305cfcb5531c00cb7b,2026-07-16,2026-07-26
FL,The Hertz Corporation,MIAMI,2020-05-01,2020-04-14,157,unknown,,0,0,1,https://reactwarn.floridajobs.org/WarnList/,877229c1dff221c66a90d8685c52601c03d58facbadaea45e2f85b4e,a08c1217010dbfc16514f4ff0d8d551b955c7303,2026-07-16,2026-07-26
FL,The Hertz Corporation,TAMPA,2020-05-01,2020-04-14,170,unknown,,0,0,1,https://reactwarn.floridajobs.org/WarnList/,220f7430c3d31fbc459bd45a0fceebfca7d30a646e6a564b1ad259d8,a4941f2bfd211227d25fd68d5850919af3fc03c8,2026-07-16,2026-07-26
FL,The Hertz Corporation,FORT LAUDERDALE,2020-05-01,2020-04-14,116,unknown,,0,0,1,https://reactwarn.floridajobs.org/WarnList/,44eec434cf5a3d93851b1269b2d31c4ea0e7027e0c531527e54876bb,fd0c72d12e873cf2fc3e6c3a74c390590f74969c,2026-07-16,2026-07-26
FL,Check N’ Go Florida,JACKSONVILLE,2020-05-04,2020-05-01,1,unknown,,0,0,1,https://reactwarn.floridajobs.org/WarnList/,c29fc0f4caea1331500601e61ffb5f29cbf352dd2296fdfb70e15b20,ca548841a2d932f14e227d3bb634dfdbcbd40103,2026-07-16,2026-07-26
FL,Check N’ Go of Florida,PORT CHARLOTTE,2020-05-04,2020-05-01,1,unknown,,0,0,1,https://reactwarn.floridajobs.org/WarnList/,3adffaf179e5c45dff1d856411995ea4d9233ae7b12e30a23148fbfd,00b7feee3177931ad85f4993c7835bf37f7eed90,2026-07-16,2026-07-26
FL,Check N’ Go of Florida,OPA LOCKA,2020-05-04,2020-05-01,1,unknown,,0,0,1,https://reactwarn.floridajobs.org/WarnList/,65b839b0896a180b6155dad06872cae023352c73a62bdd9335c87837,0d45ff9d558674c577b4e4bc0571709964c5a63c,2026-07-16,2026-07-26
FL,Check N’ Go of Florida,LAKE WORTH,2020-05-04,2020-05-01,1,unknown,,0,0,1,https://reactwarn.floridajobs.org/WarnList/,1e291af0643cf041932a0cc6ef09e589de674f7580e9deb1b24b9608,13c2499387ab641d7e218bbc8cf028c0c49b1227,2026-07-16,2026-07-26
FL,Check N’ Go of Florida,MIAMI,2020-05-04,2020-05-01,1,unknown,,0,0,1,https://reactwarn.floridajobs.org/WarnList/,a0680196b97b423999f2ebc25293b08d548cf7c36e873f15f174f540,249d3bdad088ff44c9794a13405a09e8726663b5,2026-07-16,2026-07-26
FL,Check N’ Go of Florida,LAKELAND,2020-05-04,2020-05-01,1,unknown,,0,0,1,https://reactwarn.floridajobs.org/WarnList/,47c2c9f6d706839067e0d6a24dd94d6b0bc79ba74042606c9ab91ee5,42f2cc23275802b745e3044dcf022e2258f3abad,2026-07-16,2026-07-26
FL,Check N’ Go of Florida,PORT SAINT LUCIE,2020-05-04,2020-05-01,1,unknown,,0,0,1,https://reactwarn.floridajobs.org/WarnList/,00a779f0a5bff1dd2d316b137f39fa8fd3d4a3628fa778910ed340af,bcd11493f0338a8a9f863524778ce5b8c236bc63,2026-07-16,2026-07-26
FL,Check N’ Go of Florida,ORANGE PARK,2020-05-04,2020-05-01,1,unknown,,0,0,1,https://reactwarn.floridajobs.org/WarnList/,3979c52f939fc82c75bcf199ba723a1f6f6bd942360bc1c8c50540ff,bdfa8f46ddb02948086f0f6804012783bb0b2a17,2026-07-16,2026-07-26
FL,Check N’ Go of Florida,TAMPA,2020-05-04,2020-05-01,1,unknown,,0,0,1,https://reactwarn.floridajobs.org/WarnList/,54484cd2933aff2c053e52fd9e453b945afda7f28db095abb562e61f,c337f8a983b2d6d0f5925e2a6e8fd14d502fa603,2026-07-16,2026-07-26
FL,Check N’ Go of Florida,FORT LAUDERDALE,2020-05-04,2020-05-01,1,unknown,,0,0,1,https://reactwarn.floridajobs.org/WarnList/,a47a303e06246d93450d624d4d5ebc61c27dabd6b2efc17c930a4072,d7d43ecc547924250e6a0c77e9a0398619eb3898,2026-07-16,2026-07-26
FL,Check N’ Go of Florida,JACKSONVILLE,2020-05-04,2020-05-01,1,unknown,,0,0,1,https://reactwarn.floridajobs.org/WarnList/,2222e98709c7072fa81cc3e5343b692fd959c260f56f16191a7293b9,d87680937d2cab7d090ef0b42fb9335ce29380ed,2026-07-16,2026-07-26
FL,Check N’ Go of Florida,OCALA,2020-05-04,2020-05-01,1,unknown,,0,0,1,https://reactwarn.floridajobs.org/WarnList/,7495a62389c2c0fd1c8a8947821c4f180781107b606b78260f533533,e2a0402118b402520fce94fc4dbfa2bfec29b2da,2026-07-16,2026-07-26
FL,Check N’ Go of Florida,PALM BEACH,2020-05-04,2020-05-01,1,unknown,,0,0,1,https://reactwarn.floridajobs.org/WarnList/,443cc53cfcf6e81b6f5c6e172d2a4926ada73c72ad5d4c24613a9717,e814f29fbfa82a92e4dc8172ff5714bf37079621,2026-07-16,2026-07-26
FL,Enterprise Holdings,COCONUT CREEK,2020-05-04,2020-04-30,203,unknown,,0,0,1,https://reactwarn.floridajobs.org/WarnList/,3606110665a0c987b764bcd542757c394299249cebff5a031cdbe048,2a0b73236545d4b5234ca3a0710d97746a02718d,2026-07-16,2026-07-26
FL,Enterprise Holdings – Ft. Lauderdale-Hollywood Airport,FORT LAUDERDALE,2020-05-04,2020-04-30,116,unknown,,0,0,1,https://reactwarn.floridajobs.org/WarnList/,d9cab9bb67290b0f8a66d248acdc3c883ada2b3814ec7947ad11ed5e,1694552a820dbeb7ebfb61407377ff8cb8c9be70,2026-07-16,2026-07-26
FL,Enterprise Holdings – Region 41EE Miami Dade,MIAMI,2020-05-04,2020-04-30,115,unknown,,0,0,1,https://reactwarn.floridajobs.org/WarnList/,2ad28a67dc3a41cec1d7ecda803976c806fb1279eba98db03aec0d41,df6482bef318d117182283dd55d6bd040b084ccb,2026-07-16,2026-07-26
FL,Fluid Routing Solutions,OCALA,2020-05-04,2020-03-23,61,unknown,,0,0,1,https://reactwarn.floridajobs.org/WarnList/,611e84c2873ee72b7274f992e733d7c7d68805254458a3efdcc89383,956f8976c6645207c50052a068567e755de98b7a,2026-07-16,2026-07-26
FL,Four Seasons Resort Nevis,MIRAMAR,2020-05-04,2020-06-01,12,unknown,,0,0,1,https://reactwarn.floridajobs.org/WarnList/,7fac9f222ef2282d020f8a08cad6aacf22d1490053f3646b9a58ac8f,bd774b656f7a5247010b7d4e2dda8ddbd1f5675f,2026-07-16,2026-07-26
FL,Hotelbeds,ORLANDO,2020-05-04,2020-06-30,6,unknown,,0,0,1,https://reactwarn.floridajobs.org/WarnList/,6fb563af5de4c104731b94ff10686dd628c5bb7f5a535f5eb1ee4bc2,42cc202e11e08ff0af21759ed4faa9a8279740dd,2026-07-16,2026-07-26
FL,"OTF Studios, LLC",LAKE MARY,2020-05-04,2020-03-21,10,unknown,,0,0,1,https://reactwarn.floridajobs.org/WarnList/,6008675ecb5ffb7ce08a026d762700389deed5e75d0b4eba8d8b58b2,0d9b6c44c581c7c0375f61fe04458432c437bd8b,2026-07-16,2026-07-26
FL,"OTF Studios, LLC",BOCA RATON,2020-05-04,2020-03-21,4,unknown,,0,0,1,https://reactwarn.floridajobs.org/WarnList/,8b8ac4b53a4e3d01c6642034cf4418555922758ce4f26439912b76da,112baac4dde0f69c85172fa6f00e36ab11af691b,2026-07-16,2026-07-26
FL,"OTF Studios, LLC",FORT LAUDERDALE,2020-05-04,2020-03-21,7,unknown,,0,0,1,https://reactwarn.floridajobs.org/WarnList/,08c99893bd7cb282cea31aa65cf4cd3bab4200429e3832f6e1557496,2fd6da3cd109243dcfb6ee2642cde64a749c44b4,2026-07-16,2026-07-26
FL,"OTF Studios, LLC",LIGHTHOUSE POINT,2020-05-04,2020-03-21,9,unknown,,0,0,1,https://reactwarn.floridajobs.org/WarnList/,fa99de61fa8de27cc030dc2b1031b2a5197052ceb106f97b8ef9c00a,4a46be0480c9fd406dd7d6c521a9b6811e9a57e8,2026-07-16,2026-07-26
FL,"OTF Studios, LLC",KENDALL,2020-05-04,2020-03-21,7,unknown,,0,0,1,https://reactwarn.floridajobs.org/WarnList/,b63172ec1fb0ff62f4075ab375d075295347d2c73d8e746149e1474c,50394789939ae1a758284335776ed7bcb7d303b1,2026-07-16,2026-07-26
FL,"OTF Studios, LLC",CORAL GABLES,2020-05-04,2020-03-21,16,unknown,,0,0,1,https://reactwarn.floridajobs.org/WarnList/,3e2392e982cd8da084bc9f430cec4541d3b148ee6e2ed5908723d5b8,590be0b4ec2422f8b92966a6e73f6d3031394867,2026-07-16,2026-07-26
FL,"OTF Studios, LLC",ORLANDO,2020-05-04,2020-03-21,10,unknown,,0,0,1,https://reactwarn.floridajobs.org/WarnList/,916804361bf1ea812fb5891b274dd5005496576a584a1d73be75c2b8,758d3d61e6a0acc8394639a61dbd6ea2c0f1124a,2026-07-16,2026-07-26
FL,"OTF Studios, LLC",PINECREST,2020-05-04,2020-03-21,12,unknown,,0,0,1,https://reactwarn.floridajobs.org/WarnList/,9336768e703124a65228779ff5d6b13c62b41e6f4cabc0c2607255f4,7ba58da1c250ce9b863935053dab2dbe3ccba81c,2026-07-16,2026-07-26
FL,"OTF Studios, LLC",WINTER PARK,2020-05-04,2020-03-21,12,unknown,,0,0,1,https://reactwarn.floridajobs.org/WarnList/,ebd78e34ab5108612561f65f29b57a7d12100c9b6df76df47fcad3ff,93fa701f5dc1d5a0dfa943045a9afb6f6be19479,2026-07-16,2026-07-26
FL,"OTF Studios, LLC",OVIEDO,2020-05-04,2020-03-21,10,unknown,,0,0,1,https://reactwarn.floridajobs.org/WarnList/,b8fa53530289414863f346fe479cf3caee24dca3a9c211266b4bd2b6,bf0b5267ddde262b5bc6878bcd48db370a1c4905,2026-07-16,2026-07-26
FL,"OTF Studios, LLC’s",ALTAMONTE SPRINGS,2020-05-04,2020-03-21,9,unknown,,0,0,1,https://reactwarn.floridajobs.org/WarnList/,9d62c2e3ccbfe95e9d0dce9beac77a9dfed7eec33b3e17292bd4bdcf,1ef4b0288a1fdf39243b3744a831bd366d56cf36,2026-07-16,2026-07-26
FL,Renaissance St. Augustine Resort,SAINT AUGUSTINE,2020-05-04,2020-03-12,163,unknown,,0,0,1,https://reactwarn.floridajobs.org/WarnList/,c828eb0c1b51f3f65666f3032bb58390f4090aeaf04a4dfcbccde226,935231d8b595e527d1bebfa193bc00c8b5055500,2026-07-16,2026-07-26
FL,Sheraton Jacksonville Hotel,JACKSONVILLE,2020-05-04,2020-04-30,59,unknown,,0,0,1,https://reactwarn.floridajobs.org/WarnList/,6a0be6a09e593639789b938224bfd1e5d8b6bd8d73c488971a2fbb68,af46e0c7dbc83eb4a923dee05576248ffc504c59,2026-07-16,2026-07-26
FL,"Walt Disney Parks and Resorts U.S., Inc.",LAKE BUENA VISTA,2020-05-04,2020-03-31,6882,unknown,,0,0,1,https://reactwarn.floridajobs.org/WarnList/,b1b2c073f6b2e248c3f1b1f3cea184d2f6afd12b2b19fe1a5738ab72,92cf3285a3bc1ecfc9f0eb8702a2e5a9c28f33b2,2026-07-16,2026-07-26
FL,"A & M Administration, LLC dba Charlotte Russ",PENSACOLA,2020-05-05,2020-03-27,2,unknown,,0,0,1,https://reactwarn.floridajobs.org/WarnList/,e4afba43cfe6459c32179e595559defae96bfcbaebb48552e022ed27,17f5d2353bc0a319c52554ddc0fcd445c515d247,2026-07-16,2026-07-26
FL,"A & M Administration, LLC dba Charlotte Russ",TAMPA,2020-05-05,2020-03-27,1,unknown,,0,0,1,https://reactwarn.floridajobs.org/WarnList/,3cf15c8cd255c42e029205f5cefbdfe35984bceedf1bda30c528befa,1aa33e35c420101d3cb03ecb7c2cd0a31bf79a77,2026-07-16,2026-07-26
FL,"A & M Administration, LLC dba Charlotte Russ",BOYNTON BEACH,2020-05-05,2020-03-27,2,unknown,,0,0,1,https://reactwarn.floridajobs.org/WarnList/,7186a0172fda55a642b601161771d62b42b06dc4c1777d93bb9f4018,3759984f998d5a4dc691208e4158bf9f4509bf1d,2026-07-16,2026-07-26
FL,"A & M Administration, LLC dba Charlotte Russ",JACKSONVILLE,2020-05-05,2020-03-27,1,unknown,,0,0,1,https://reactwarn.floridajobs.org/WarnList/,4a42ee0e806be7bd24bffc3748305cd67ed6678d8a8b0782d5db4354,437ba99069f78537c0a9bdf1fc6a13e451d0973b,2026-07-16,2026-07-26
FL,"A & M Administration, LLC dba Charlotte Russ",LAKELAND,2020-05-05,2020-03-27,1,unknown,,0,0,1,https://reactwarn.floridajobs.org/WarnList/,daaaf424685ad303416c117c0885904fd05ec0116ec6f33b8153b5bb,4849c6c8b590bbfe642a0a9a27cdde32f0e852be,2026-07-16,2026-07-26
FL,"A & M Administration, LLC dba Charlotte Russ",ALTAMONTE SPRINGS,2020-05-05,2020-03-27,1,unknown,,0,0,1,https://reactwarn.floridajobs.org/WarnList/,01db9a5100ee7e6bae8e6c3c760cf1280c97285bfdbb3fb49ee169c5,4de7fde4cd694492ec3a01f1b3c46d4715a03d1a,2026-07-16,2026-07-26
FL,"A & M Administration, LLC dba Charlotte Russ",ORANGE PARK,2020-05-05,2020-03-27,2,unknown,,0,0,1,https://reactwarn.floridajobs.org/WarnList/,7103c69663b9c4f8a63b714b3ef035574725808607e7cd5e8d48077c,556050b6ebad2fa966fe4248a9a49e8936c8e421,2026-07-16,2026-07-26
FL,"A & M Administration, LLC dba Charlotte Russ",DAYTONA BEACH,2020-05-05,2020-03-27,2,unknown,,0,0,1,https://reactwarn.floridajobs.org/WarnList/,a2abee6453a6a4723533e5949b7ac8f88a5c8560c7009c5d9a19866d,808762d471c93be74564108d40b5c7825246c13d,2026-07-16,2026-07-26
FL,"A & M Administration, LLC dba Charlotte Russ",ORLANDO,2020-05-05,2020-03-27,1,unknown,,0,0,1,https://reactwarn.floridajobs.org/WarnList/,cf83ec5a84a39f89cf0853d5b20aeaaa49b8f58e5fb23ecd7846b3f3,a7f2b83e6d88bdf849864f20ce9f6895ab40ca59,2026-07-16,2026-07-26
FL,"A & M Administration, LLC dba Charlotte Russ",OCALA,2020-05-05,2020-03-27,2,unknown,,0,0,1,https://reactwarn.floridajobs.org/WarnList/,6b47f8696741e3f876bf3fe64d0fecad43cb941c7be2ae1aadeadc1c,ace880b0c006191b96839811944232d559fca97c,2026-07-16,2026-07-26
FL,"A & M Administration, LLC dba Charlotte Russ",PEMBROKE PINES,2020-05-05,2020-03-27,1,unknown,,0,0,1,https://reactwarn.floridajobs.org/WarnList/,d2dd5edc1a9c76101b358dcb9ff4a7e2adb19482c8735b45473c1dca,afae85fb31be36328b55ed756b7dd57ea0ed875b,2026-07-16,2026-07-26
FL,"A & M Administration, LLC dba Charlotte Russ",NAPLES,2020-05-05,2020-03-27,1,unknown,,0,0,1,https://reactwarn.floridajobs.org/WarnList/,ecd79ec5cf89cfee069a86eb0e737c64757a76a5d3293236cdf0a1d0,b8cb563b75fb4a3b997ce1d98ddf7d0005a6e979,2026-07-16,2026-07-26
FL,"A & M Administration, LLC dba Charlotte Russ",CORAL SPRINGS,2020-05-05,2020-03-27,2,unknown,,0,0,1,https://reactwarn.floridajobs.org/WarnList/,6b0a3d62e90bc97d793df8dd32fe6537f631a5f47185beef01c9530f,b9a4aa258295f790bc346a552a5beca66bafa40b,2026-07-16,2026-07-26
FL,"A & M Administration, LLC dba Charlotte Russ",WELLINGTON,2020-05-05,2020-03-27,1,unknown,,0,0,1,https://reactwarn.floridajobs.org/WarnList/,bf3d6f71899cfc98618b98accfeccb7cdc1b133cec9275f4881de157,c134a0666acb9138120976b32e389ee879a0a46d,2026-07-16,2026-07-26
FL,"A & M Administration, LLC dba Charlotte Russ",ELLENTON,2020-05-05,2020-03-27,1,unknown,,0,0,1,https://reactwarn.floridajobs.org/WarnList/,ad6deac47263e20164f49de926cb9c8b3a50d3f6c57bc6f26ab8cc0b,cfe604cab49f5ccbdf654b8a00cc2d65be20cd9c,2026-07-16,2026-07-26
FL,"A & M Administration, LLC dba Charlotte Russ",TALLAHASSEE,2020-05-05,2020-03-27,1,unknown,,0,0,1,https://reactwarn.floridajobs.org/WarnList/,42a533ee98902e4e2100f4bca44a058763ef954ebd7aa325801e6b34,ef26d45c59a400111f17767c4545fb31135f0591,2026-07-16,2026-07-26
FL,Alamo Rent A Car,MIAMI,2020-05-05,2020-03-25,70,unknown,,0,0,1,https://reactwarn.floridajobs.org/WarnList/,1426ea206008ca379ab56d627aa6985b74467e10d95c116b5e7a3b02,8b0a91be2aaf5e67135af047e9ec250d61b7cb78,2026-07-16,2026-07-26
FL,Beaver Toyota,SAINT AUGUSTINE,2020-05-05,2020-03-27,41,unknown,,0,0,1,https://reactwarn.floridajobs.org/WarnList/,f10edf75fe5f4e3b69c7f633e33792c027cd819b95f6ae9dba4e911a,6389dd2fa6ba72340ba1ab832e7b8b089331d642,2026-07-16,2026-07-26
FL,Enterprise Holdings – Ft. Lauderdale Administrative Office,FORT LAUDERDALE,2020-05-05,2020-04-30,97,unknown,,0,0,1,https://reactwarn.floridajobs.org/WarnList/,858a8f309fe2a36f82548ff0a5bc24d355249e8dc919cbd2a502ba12,05b23488918ce18ca7d425cd8c23821c1f8f5ecc,2026-07-16,2026-07-26
FL,"HCFS Health Care Financial Services, LLC",SUNRISE,2020-05-05,2020-06-01,60,unknown,,0,0,1,https://reactwarn.floridajobs.org/WarnList/,a0235073d5b8742d2ddb163d9e25f4402d39412a86522f209e472753,cf8f27e1e0978f62fa9eefd0d278bd21cb533aa4,2026-07-16,2026-07-26
FL,Hilton Hotel Carillon Park,SAINT PETERSBURG,2020-05-05,2020-05-06,150,unknown,,0,0,1,https://reactwarn.floridajobs.org/WarnList/,387c04848da9154e7836a2561b79f1407926d97c838af83222abdf0f,0d5a698152bed6545880a51d2c57d81f8dbb488e,2026-07-16,2026-07-26
FL,Islander Bayside Resort,ISLAMORADA,2020-05-05,2020-05-06,145,unknown,,0,0,1,https://reactwarn.floridajobs.org/WarnList/,20953c5cf98ec58b1aabd8e45145b804043507df7147149a1eb3af71,f59981640661ace30f146fe08bab6deff325a07b,2026-07-16,2026-07-26
FL,"Enterprise Holdings, National and Enterprise Brands",MIAMI,2020-05-06,2020-04-30,33,unknown,,0,0,1,https://reactwarn.floridajobs.org/WarnList/,5c66d7fe35cbfa37d6bf63630150eecfabe1572c1b4bfbcf5b9f4c5c,40c6fef063f0b6668ec03e2c4a6d39afc48a8871,2026-07-16,2026-07-26
FL,"Triad Digital Media, LLC",SAINT PETERSBURG,2020-05-06,2020-04-30,96,unknown,,0,0,1,https://reactwarn.floridajobs.org/WarnList/,981b4e3a8f8dc213d30d0b70b6af26571b35d457a925d6f6a72cf7ab,3f9f7a3f73be7b8a08b2b484e4824251409af78d,2026-07-16,2026-07-26
FL,A & M (2015) LLC dba Sirens,PLANTATION,2020-05-07,2020-03-27,7,unknown,,0,0,1,https://reactwarn.floridajobs.org/WarnList/,e5ed3e780b012dc8214f60b8ead7e7f672db94f67602875f25a60bc9,50f663df26ceaef340cd77c53971895718c0a28f,2026-07-16,2026-07-26
FL,A & M (2015) LLC dba Sirens,SANFORD,2020-05-07,2020-03-27,8,unknown,,0,0,1,https://reactwarn.floridajobs.org/WarnList/,57bb906351827c085277b7e75888650982de587b3f51c976bad3e4ef,93c06d855ee2199c76859058281e65a9d48d682a,2026-07-16,2026-07-26
FL,A & M (2015) LLC dba Urban Planet,MIAMI BEACH,2020-05-07,2020-03-27,6,unknown,,0,0,1,https://reactwarn.floridajobs.org/WarnList/,dd4dc7e356a957581e18c7b681c3f3d8075924c68501d04c919a4903,7d51c0bdb4f272b4733dc82f837976245e04e326,2026-07-16,2026-07-26
FL,A & M (2015) LLC dba Urban Planet,DAYTONA BEACH,2020-05-07,2020-03-27,6,unknown,,0,0,1,https://reactwarn.floridajobs.org/WarnList/,2a2ef14b44ec8cc8b1bbbc03a844d3cbc1fe40860406ff5af397d141,9c010fc6d0e75e5151caeb54f57f6b5a3e88ba18,2026-07-16,2026-07-26
FL,Baker’s Cay Resort,KEY LARGO,2020-05-07,2020-05-07,120,unknown,,0,0,1,https://reactwarn.floridajobs.org/WarnList/,78de41738d5c48cb696e838137ad0a49167380392c7a704ea7c74ea1,965004dd8fff0ed2fc078109028817da567bf71c,2026-07-16,2026-07-26
FL,"Flying Food Group, LLC",ORLANDO,2020-05-07,2020-04-29,64,unknown,,0,0,1,https://reactwarn.floridajobs.org/WarnList/,e415ab27448e1c01bb24f8e62c24acb32d8f1281d55bab376321549b,6415f857b8b941c3c1f8c3bb2d868e8a05a8f452,2026-07-16,2026-07-26
FL,Gate Petroleum Company,JACKSONVILLE,2020-05-07,2020-04-16,2,unknown,,0,0,1,https://reactwarn.floridajobs.org/WarnList/,9d53891ffe9d67fa79866af4be11cdb1acb3dc7b528ce489deec72fd,ac11d9126c694c4ec7478b100604539430abd61b,2026-07-16,2026-07-26
FL,Hotel Colonnade – Coral Gables,CORAL GABLES,2020-05-07,2020-05-06,97,unknown,,0,0,1,https://reactwarn.floridajobs.org/WarnList/,70e624b4ae41d6b30f81e1436de071b536e50e7f6ebdce3f63f9d0b7,8b70a058ac8b0cded11b5260273adab2509bdd0d,2026-07-16,2026-07-26
FL,"Team Member Services, LLC",JACKSONVILLE,2020-05-07,2020-03-27,62,unknown,,0,0,1,https://reactwarn.floridajobs.org/WarnList/,f6d0893ced99a3cd3810aabed8c89d083ddf7859998f03a15b892416,1a555dac7d5d21f2831615e457e88ce9d36ee816,2026-07-16,2026-07-26
FL,The Sarasota Modern,SARASOTA,2020-05-07,2020-03-19,30,unknown,,0,0,1,https://reactwarn.floridajobs.org/WarnList/,1df2da013ceab6116c458871f42235bc837795d8bb9b8f96c6900d6a,a4bf28fdb872e5d32750258b2ac0f60dd54b9023,2026-07-16,2026-07-26
FL,"Cameron Mitchell Restaurants, LLC",TAMPA,2020-05-08,2020-03-16,150,unknown,,0,0,1,https://reactwarn.floridajobs.org/WarnList/,97ba4f846aadc72832fdbf2dbe0b0f58180d92d9f900146f42f4cd49,47b00b2ec3e4e7781c14d5aa42078107ac3578b9,2026-07-16,2026-07-26
FL,"Cameron Mitchell Restaurants, LLC",ORLANDO,2020-05-08,2020-03-16,90,unknown,,0,0,1,https://reactwarn.floridajobs.org/WarnList/,1e2c948ec3e63230a70a8f9861f639f019fcd2399cd25d568a6eeafb,c48ab272e6312cf7e0ba99052ddffc8e99c13336,2026-07-16,2026-07-26
FL,"Cameron Mitchell Restaurants, LLC",NAPLES,2020-05-08,2020-03-16,90,unknown,,0,0,1,https://reactwarn.floridajobs.org/WarnList/,2e0f946c549b4ca97069fd182c8f930ebe24d316a32c3a7d63174acb,f25c9e5924b9c0e9b1c1ce1d2512ad52cd82b505,2026-07-16,2026-07-26
FL,"GWB, LLC d/b/a Grand Western",FORT LAUDERDALE,2020-05-08,2020-03-18,52,unknown,,0,0,1,https://reactwarn.floridajobs.org/WarnList/,120d1b95f8b719affdcfe5bb29d456f050a5e656832dc2cc37f19a2a,ae9abd762385a4fc415ca3f4cc38504889d5e107,2026-07-16,2026-07-26
FL,"Miller’s Ale House, Inc. Restaurant Support Center",ORLANDO,2020-05-08,2020-03-21,57,unknown,,0,0,1,https://reactwarn.floridajobs.org/WarnList/,988d6d73b841b22ecb6f79827052687d788d7f43658b7c86b2026a7c,504f99493cb1abd3469824ef8d83bf6574b90397,2026-07-16,2026-07-26
FL,Royal Caribbean Cruises Ltd.,MIAMI,2020-05-08,2020-04-24,226,unknown,,0,0,1,https://reactwarn.floridajobs.org/WarnList/,b0cbdaf76e6cab01cdfdcc8327bc2894820d4b0da485e1778148cc6e,1663ee02eafe40b3e6ad44af10401426e41e43d0,2026-07-16,2026-07-26
FL,"Bluegreen Vacations Unlimited, Inc.",ORLANDO,2020-05-11,2020-03-23,208,unknown,,0,0,1,https://reactwarn.floridajobs.org/WarnList/,42d473860d370251d6727717a56613626c1c10606a725f52be37577c,a007243ca7b63bd402adc429ab71914a7673a5a5,2026-07-16,2026-07-26
FL,"Cheney Bros., Inc.",PUNTA GORDA,2020-05-11,2020-03-18,128,unknown,,0,0,1,https://reactwarn.floridajobs.org/WarnList/,8f2633294e269e7eaa6fe48b7c996d0b97b217009c939c589fe4678b,1b6e996908494985f2acaaa87c9a3304d3a05f07,2026-07-16,2026-07-26
FL,"Cheney Bros., Inc.",RIVIERA BEACH,2020-05-11,2020-03-18,271,unknown,,0,0,1,https://reactwarn.floridajobs.org/WarnList/,24d3d45e495eed6f1c9b7a89e9afc674cee8ecae315359a67fb82766,30166aa04b967a1a0b6b378795e8cfb20d3ecc01,2026-07-16,2026-07-26
FL,"Cheney Bros., Inc.",OCALA,2020-05-11,2020-03-18,172,unknown,,0,0,1,https://reactwarn.floridajobs.org/WarnList/,675ef46eaca8a36a421671ba50ca270761977741e597e498380bbc32,a6484975d84cc937231fbb9b09b80bdec3257b7d,2026-07-16,2026-07-26
FL,"Harbour Restaurant Partners, LLC",BAL HARBOUR,2020-05-11,2020-03-23,222,unknown,,0,0,1,https://reactwarn.floridajobs.org/WarnList/,d1407c4818fae0621e0f98d75d54f936d5e2b656e0e005e996f1ccd5,5a3472a6a2db8c2ed4f345a0b12b5bf8cfe3e68f,2026-07-16,2026-07-26
FL,Hard Rock Hotel Daytona Beach,DAYTONA BEACH,2020-05-11,2020-03-01,119,unknown,,0,0,1,https://reactwarn.floridajobs.org/WarnList/,9dc85cd1aeaa85da606cf1c4e51f83e38d0e4aab55bf01ad08934340,46c24b993b9c806e4ec9a571c33f218b3fba9f53,2026-07-16,2026-07-26
FL,Hawks Cay Resort,DUCK KEY,2020-05-11,2020-03-23,309,unknown,,0,0,1,https://reactwarn.floridajobs.org/WarnList/,94101b572b44186453802e7f1ea30d9df3472c4d1c6248ee910b45cb,4916356492e5a1f997df40f865d73eae331ebf04,2026-07-16,2026-07-26
FL,"Merci Merci Me, LLC",BAL HARBOUR,2020-05-11,2020-03-23,101,unknown,,0,0,1,https://reactwarn.floridajobs.org/WarnList/,7adf572b5ad0a6fa4aad7198c8f78e7ec8e98363365739f4fe6c6524,f8450665f48b0247f98bfe29e20c71634737e74b,2026-07-16,2026-07-26
FL,"Starr Restaurants Hotel Group, LP d/b/a El Vez FL",FORT LAUDERDALE,2020-05-11,2020-03-23,157,unknown,,0,0,1,https://reactwarn.floridajobs.org/WarnList/,0b8622173d0cbc1d78508029aebb98577ca2334ad3d23696c6c60a14,5e96e8a010fef1b81c4fa1fe8f03f7ef1234da49,2026-07-16,2026-07-26
FL,"Starr Restaurants Hotel Group, LP d/b/a Steak 954",FORT LAUDERDALE,2020-05-11,2020-03-23,143,unknown,,0,0,1,https://reactwarn.floridajobs.org/WarnList/,7902dfb81d1a60423753c41ef5c9dc36de8d4c730b1833854d3db290,bbcd4b47c2fe0c680c847c01e03f76476265b2d4,2026-07-16,2026-07-26
FL,Dadeland Nordstrom,MIAMI,2020-05-12,2020-06-01,242,unknown,,0,0,1,https://reactwarn.floridajobs.org/WarnList/,d8e8ec3933d41e74454e2107693499d4c5034a736066615c452a3ace,98c846234f424c48d27047ee7328e1fa9b6ce093,2026-07-16,2026-07-26
FL,DoubleTree Orlando at Sea World,ORLANDO,2020-05-12,2020-03-18,341,unknown,,0,0,1,https://reactwarn.floridajobs.org/WarnList/,c99b165948a7a38e31b1fc6ffe2355a4dee4336db6590544f34c85c3,1c8d17c91c0db82e0c857584c927d109830687d3,2026-07-16,2026-07-26
FL,MSC Cruises (USA) Inc.,FORT LAUDERDALE,2020-05-12,2020-05-04,128,unknown,,0,0,1,https://reactwarn.floridajobs.org/WarnList/,b700f234b5d99c5191ec6950270335a918bfc73c2bc269a058991113,94bae9296633b6e50125ce814e940437a2ea87ab,2026-07-16,2026-07-26
FL,Nordstrom Waterside,NAPLES,2020-05-12,2020-06-01,158,unknown,,0,0,1,https://reactwarn.floridajobs.org/WarnList/,f2df8f8f53f043b31b6000481057e1471e2b5bfa1f50a1ebc2153a3c,eb831097e3e179dee7df45605d7330e013628e36,2026-07-16,2026-07-26
FL,SLS Brickell Hotel,MIAMI,2020-05-12,2020-04-30,98,unknown,,0,0,1,https://reactwarn.floridajobs.org/WarnList/,e846ced3fae06bae6159a4c5aa720fc45fe8e1facd2b911b34a3faa2,699507fb24be62a50364bdf6b9a34bd4f5384316,2026-07-16,2026-07-26
FL,"Silver Wings Aerospace, Inc., a Wencor Group, LLC",PRINCETON,2020-05-12,2020-05-10,11,unknown,,0,0,1,https://reactwarn.floridajobs.org/WarnList/,3e005f4b7da04e0b29fa204f23dffc1688f06e37643d75276f0ca8d2,6de94535cca50952a3e66d43d5710f502590c3f9,2026-07-16,2026-07-26
FL,"The Nielsen Company (US), LLC",OLDSMAR,2020-05-12,2020-04-27,178,unknown,,0,0,1,https://reactwarn.floridajobs.org/WarnList/,69c8f640cc948fdcebee6719d1dd48486d03130af845a3e058c23321,43c4445f56d635e1cc94128394eb9e789b39109d,2026-07-16,2026-07-26
FL,Don CeSar Hotel,SAINT PETERSBURG,2020-05-13,2020-05-13,213,unknown,,0,0,1,https://reactwarn.floridajobs.org/WarnList/,3fe5e4689ca553f395cc5838605ed632f6e459218470c0d3b32c1bc5,05070b8897577c3e5b1c0710a147f8ab818a217e,2026-07-16,2026-07-26
FL,Electro Rent Corporation,ORLANDO,2020-05-13,2020-05-14,1,unknown,,0,0,1,https://reactwarn.floridajobs.org/WarnList/,0a46cdb6281dc841a34a7158dc94df4ecb66ca45811df6e55831d490,0cca58140793d232435fc1c3809dad87b1173a79,2026-07-16,2026-07-26
FL,"Master Concessionair, LLC",MIAMI,2020-05-13,2020-03-19,218,unknown,,0,0,1,https://reactwarn.floridajobs.org/WarnList/,c5d46a553dd753eb1fe7900e63f97aa3f483fea98b997743ff042a95,099fd19235fdb83cb1c3ee8fc7a1dfe8a0e3401c,2026-07-16,2026-07-26
FL,Sheraton Lake Buena Vista,ORLANDO,2020-05-13,2020-03-21,127,unknown,,0,0,1,https://reactwarn.floridajobs.org/WarnList/,f9d6d94c25beece3d5af66aedc7525abe310ca5f32963d84b7c94f42,0eab92f2ab5e9df0a3c65b6cc6b9719fe79ed176,2026-07-16,2026-07-26
FL,Wolf Miami LLC d/b/a Wolfgang’s Steakhouse by Wolfgang Zwiener,MIAMI,2020-05-13,2020-03-20,47,unknown,,0,0,1,https://reactwarn.floridajobs.org/WarnList/,68a06413a15c8e9e22314e1baa8e58802bc29ee66210cbd392433342,7fe98e8ad1c79e6308b9436ade1b839d3017e9d2,2026-07-16,2026-07-26
FL,Goodwill Industries of Central Florida,WEST MELBOURNE,2020-05-14,2020-03-23,11,unknown,,0,0,1,https://reactwarn.floridajobs.org/WarnList/,0e8a174ecf67d097b432387840a5f574e2e323361163abbc11bfc255,00e28405ff208564729e3d9201b8fbb232475d8f,2026-07-16,2026-07-26
FL,Goodwill Industries of Central Florida,WINDERMERE,2020-05-14,2020-03-23,4,unknown,,0,0,1,https://reactwarn.floridajobs.org/WarnList/,3f30be19fde44ec3e4edf1205b36d24af77c11af13e507bb2526bdac,036cb5fc39228683a783e467572b2f12f60067d1,2026-07-16,2026-07-26
FL,Goodwill Industries of Central Florida,CASSELBERRY,2020-05-14,2020-03-23,26,unknown,,0,0,1,https://reactwarn.floridajobs.org/WarnList/,fc5459ed4cc31ecd3bb1217193c87b1a0298f473a814c787b7b7ae8d,11a3572bc6d43db52f1514d1330c0faab1c870e6,2026-07-16,2026-07-26
FL,Goodwill Industries of Central Florida,MELBOURNE,2020-05-14,2020-03-23,4,unknown,,0,1,3,https://reactwarn.floridajobs.org/WarnList/,af065e3d65034f739c29c737f2856541db2f84ad6b82b121d9a43fff,3ce18717351433a927f20ac021b19e656b553267,2026-07-16,2026-07-26
FL,Goodwill Industries of Central Florida,WINTER GARDEN,2020-05-14,2020-03-23,29,unknown,,0,0,1,https://reactwarn.floridajobs.org/WarnList/,186070b54a92ba0ca4827ba8688af583555bb29221a8dcc98c7c2098,3f9ebdea4841ffa7a4e274296f50ade077f69acb,2026-07-16,2026-07-26
FL,Goodwill Industries of Central Florida,LONGWOOD,2020-05-14,2020-03-23,2,unknown,,0,0,1,https://reactwarn.floridajobs.org/WarnList/,a1011a6c08f1157ecf4b0d1945f31f6b7da7321385508e39e0eddd67,4189b8168ebd1ff302b051d0135687bb86b74151,2026-07-16,2026-07-26
FL,Goodwill Industries of Central Florida,LAKE MARY,2020-05-14,2020-03-23,4,unknown,,0,0,1,https://reactwarn.floridajobs.org/WarnList/,55d826372f2b619684d1f518c08c2fd4391608829731f6b577eb7e7f,49834785dbaebe044439d138cab4fbbf347d4c7c,2026-07-16,2026-07-26
FL,Goodwill Industries of Central Florida,ROCKLEDGE,2020-05-14,2020-03-23,58,unknown,,0,0,1,https://reactwarn.floridajobs.org/WarnList/,59b9c2823c94d1d9a30de453954c6507fab4eb78463ed844aab9f84b,55f95581a2c5277d56fcbdd104da90feb4d93fb5,2026-07-16,2026-07-26
FL,Goodwill Industries of Central Florida,SATELLITE BEACH,2020-05-14,2020-03-23,2,unknown,,0,0,1,https://reactwarn.floridajobs.org/WarnList/,38fa62efc383a7bcbdfd42dc7d2cedb6865b7b7cddc0a6871ba2e2a2,5c9184c00a85eaaa7896139380264578ff940b1c,2026-07-16,2026-07-26
FL,Goodwill Industries of Central Florida,SAINT CLOUD,2020-05-14,2020-03-23,2,unknown,,0,0,1,https://reactwarn.floridajobs.org/WarnList/,442f76b24bb6608583ab02945640c70c2c915978d1951c7e37385fcf,6d946887916e4ee029433a4787955cb87d03ad27,2026-07-16,2026-07-26
FL,Goodwill Industries of Central Florida,DELAND,2020-05-14,2020-03-23,15,unknown,,0,0,1,https://reactwarn.floridajobs.org/WarnList/,b6dacdddfaf66f89f6be39f083728e5129ada5dade65768af089edba,7b001295e8ee71c35e10a3df9a99d814bbb2c251,2026-07-16,2026-07-26
FL,Goodwill Industries of Central Florida,FERN PARK,2020-05-14,2020-03-23,20,unknown,,0,0,1,https://reactwarn.floridajobs.org/WarnList/,3ec473e4c23e5c324312bf92460b98b50531346d85b2b27a14ec1c79,7c72d4f2a45bc01ccef43ea23e28d6f39f098468,2026-07-16,2026-07-26
FL,Goodwill Industries of Central Florida,ORANGE CITY,2020-05-14,2020-03-23,32,unknown,,0,0,1,https://reactwarn.floridajobs.org/WarnList/,bce8b3105e2bd4e5383455287338932510cc7281de196645a59cfed3,7f318c82d5b9c42298079655b2115c3c19059f7e,2026-07-16,2026-07-26
FL,Goodwill Industries of Central Florida,DAYTONA BEACH,2020-05-14,2020-03-23,3,unknown,,0,0,1,https://reactwarn.floridajobs.org/WarnList/,bad0e206cd5c332112b098075bd7fed84aeb4638f0300e7165bdbea1,8a9999d73c85bfa4efa409231bdd1ce5e0fb070e,2026-07-16,2026-07-26
FL,Goodwill Industries of Central Florida,ORLANDO,2020-05-14,2020-03-23,4,unknown,,0,0,1,https://reactwarn.floridajobs.org/WarnList/,70f5317c6dfc2b10cae6f9d4faef45f0bf2411d4a427cd19442f8aca,8e7821b6b2afd3146257e668f972402d13ad92f7,2026-07-16,2026-07-26
FL,Goodwill Industries of Central Florida,PALM BAY,2020-05-14,2020-03-23,26,unknown,,0,0,1,https://reactwarn.floridajobs.org/WarnList/,029bbb685b61d9b6449aa1dbd217514962e780d90f4c5f3ca055be38,9a7e1b0a38d81d7777ecaa30c82117a29a9a6124,2026-07-16,2026-07-26
FL,Goodwill Industries of Central Florida,OVIEDO,2020-05-14,2020-03-23,45,unknown,,0,0,1,https://reactwarn.floridajobs.org/WarnList/,970a3204ad505b0a74f8819d40dd3b2c39e462129ab89b82c458e745,a0811ada40bbfc1fa87e73e15488cf33676545a0,2026-07-16,2026-07-26
FL,Goodwill Industries of Central Florida,MERRITT ISLAND,2020-05-14,2020-03-23,21,unknown,,0,0,1,https://reactwarn.floridajobs.org/WarnList/,459e8fcbd0234989a920103812cd588aa60eee8fa221a43d7a673d81,a9aeeecc3a6b641f54500e213ca92f35a022589c,2026-07-16,2026-07-26
FL,Goodwill Industries of Central Florida,LEESBURG,2020-05-14,2020-03-23,74,unknown,,0,0,1,https://reactwarn.floridajobs.org/WarnList/,d917e4c55fe5a346bf34ac69563ab8e392d7f7d75b20e2531e9b3ec9,ae20c68e1a97d869f3aa17192e90c5c4f0202b15,2026-07-16,2026-07-26
FL,Goodwill Industries of Central Florida,WINTER PARK,2020-05-14,2020-03-23,2,unknown,,0,0,1,https://reactwarn.floridajobs.org/WarnList/,a99973eb240fee9b6ca87241bcc43d86b16086129f863178b6d2d0ca,b9a5ab0e483a383d11c30c3fda794a654b0a8439,2026-07-16,2026-07-26
FL,Goodwill Industries of Central Florida,PORT ORANGE,2020-05-14,2020-03-23,27,unknown,,0,0,1,https://reactwarn.floridajobs.org/WarnList/,74a9301046837a0e5885076a67fa537ecfb732fdf2c0e6ccc688189f,ba8f486d9430a4e480cd4864789add3e2cacf469,2026-07-16,2026-07-26
FL,Goodwill Industries of Central Florida,PINE HILLS,2020-05-14,2020-03-23,15,unknown,,0,0,1,https://reactwarn.floridajobs.org/WarnList/,789c24e0dbf62776f1ec38fb1650680894b0d0eb1907bdfcd25efa23,bf94d96cbf231688e5add1b27e27392babc7fb18,2026-07-16,2026-07-26
FL,Goodwill Industries of Central Florida,EUSTIS,2020-05-14,2020-03-23,33,unknown,,0,0,1,https://reactwarn.floridajobs.org/WarnList/,60e0c887f9731bca8a4a505d5ff480e9910b13e89063dda4168aa723,c6e45ee1574f717feff56744f5d650a17c11c063,2026-07-16,2026-07-26
FL,Goodwill Industries of Central Florida,DELTONA,2020-05-14,2020-03-23,5,unknown,,0,0,1,https://reactwarn.floridajobs.org/WarnList/,53e419b3608efe1586d4187ee8556eca1e20d222a23d989973da75b8,cc4111463a4eba0af0dcc6ed1ddc172b27cda172,2026-07-16,2026-07-26
FL,Goodwill Industries of Central Florida,CLERMONT,2020-05-14,2020-03-23,43,unknown,,0,0,1,https://reactwarn.floridajobs.org/WarnList/,4ef5a3a9cbda92711563d0850488d28f1a1278fd505dc62bb5adc3c9,d778d18b5c8f1b56c14a3ee14c3edf633a21bd9e,2026-07-16,2026-07-26
FL,Goodwill Industries of Central Florida,WINTER SPRINGS,2020-05-14,2020-03-23,2,unknown,,0,0,1,https://reactwarn.floridajobs.org/WarnList/,0a7bec4d4a9541fbe6886affde1141a44578c092f674a67df9510923,dc72697a9d404baff7d0e6cd8534c147b97223df,2026-07-16,2026-07-26
FL,Goodwill Industries of Central Florida,APOPKA,2020-05-14,2020-03-23,31,unknown,,0,0,1,https://reactwarn.floridajobs.org/WarnList/,05c409f41b0d15e186b1df7d5c5331282a3000f5fd369c5280e64b5d,e8c2e0a2d2abe3271d203412fb25e2da708effd3,2026-07-16,2026-07-26
FL,Goodwill Industries of Central Florida,SANFORD,2020-05-14,2020-03-23,16,unknown,,0,0,1,https://reactwarn.floridajobs.org/WarnList/,4f989678db0b688c6664277469fe6ac78194867558b4783b3a44d149,f2b35de1c7d49159a4c603506510b3796c2b45f1,2026-07-16,2026-07-26
FL,Goodwill Industries of Central Florida,HOLLY HILL,2020-05-14,2020-03-23,22,unknown,,0,0,1,https://reactwarn.floridajobs.org/WarnList/,fe662abe6f9ba85ba43d7250972babb0349c31e63a7b7d0e0775d3cc,f692f2eba243ed2468d7325e127e6e2eec88d989,2026-07-16,2026-07-26
FL,Goodwill Industries of Central Florida,KISSIMMEE,2020-05-14,2020-03-23,3,unknown,,0,0,1,https://reactwarn.floridajobs.org/WarnList/,430da097b5f54c483093b704cbcca06bf62e641205cc825e63e97729,fe2cbc7a1c8a5c07dceff2b9533218ae79d450c4,2026-07-16,2026-07-26
FL,Goodwill Industries of Central Florida,OCOEE,2020-05-14,2020-03-23,2,unknown,,0,0,1,https://reactwarn.floridajobs.org/WarnList/,a04771b140216c7ac6d52f72a18683fcbbb1ba065e6d3e6a2e6e7703,ff459c3b8457b0ae49ea435ccf80549502a8c95f,2026-07-16,2026-07-26
FL,Newport Beachside Resort,SUNNY ISLES,2020-05-14,2020-03-24,207,unknown,,0,0,1,https://reactwarn.floridajobs.org/WarnList/,524ccf26153ff0a4842c272a41cdd352d16d2cbcbd67acd996f53e05,8f0d287dfe42c4a46ee743da866ed637b1679d59,2026-07-16,2026-07-26
FL,AAR Landing Gear Systems,MIAMI,2020-05-15,2020-04-07,172,unknown,,0,0,1,https://reactwarn.floridajobs.org/WarnList/,9962e84d3365c20906efce8a4e3171570d1ca6bc8c69194b8952304a,e3f0c09f7443597981007a983cfe102c99c3aacc,2026-07-16,2026-07-26
FL,"Calimira, LLC d/b/a Rusty Bucket Restaurant & Tavern",SARASOTA,2020-05-15,2020-03-16,65,unknown,,0,0,1,https://reactwarn.floridajobs.org/WarnList/,fc89551861ceb2f6ef78e31ead2a1191a6872c78b3cdcc5d25f24a5f,5d932f072600f69c6cf9f27d391fb7e722ff9ceb,2026-07-16,2026-07-26
FL,Doubletree by Hilton Orlando Airport,ORLANDO,2020-05-15,2020-03-16,142,unknown,,0,0,1,https://reactwarn.floridajobs.org/WarnList/,a9bfd7a3c81b1db4abccaf4b8bebd89eb3b691f8d1a59809f3b16128,18811b25f49427ac872346d4c49d04adf73b474f,2026-07-16,2026-07-26
FL,Embassy Suites Orlando Lake Buena Vista Resort,ORLANDO,2020-05-15,2020-03-16,105,unknown,,0,0,1,https://reactwarn.floridajobs.org/WarnList/,65b4a388f246b109349bb61e888dabf12ebd3716cec08faa0c4b5a04,2f39d90ce0abe4652519df1a188bfcd0b773fe66,2026-07-16,2026-07-26
FL,Fort Lauderdale Marriott Coral Springs Hotel & Convention Center,CORAL SPRINGS,2020-05-18,2020-03-12,144,unknown,,0,0,1,https://reactwarn.floridajobs.org/WarnList/,81273aefe47a868fe3853297c342d50eb7439419284e113c0189f1a6,ab1a83b0b0ab38556ab284d466f099d12546ca97,2026-07-16,2026-07-26
FL,"TBI U.S. Operations, Inc",SANFORD,2020-05-18,2020-03-26,26,unknown,,0,0,1,https://reactwarn.floridajobs.org/WarnList/,6ab06f994bdacb059b8437f47963639d7f02174b19ca1d3f48b53d93,691910eec6b193ce76c1f99d8427e2641da725f3,2026-07-16,2026-07-26
FL,"Trump Miami Resort Management LLC, d/b/a Trump National Doral Miami",DORAL,2020-05-18,2020-05-15,250,unknown,,0,0,1,https://reactwarn.floridajobs.org/WarnList/,e0424bba7ddcade5754f405620bff267c6f7c0a80607bd7ed216cea3,7a0201bb0eaebb2410d453c757173f2754e20bfb,2026-07-16,2026-07-26
FL,Air Canada – Tampa Call Centre,TAMPA,2020-05-19,2020-07-01,70,unknown,,0,0,1,https://reactwarn.floridajobs.org/WarnList/,4978d5460095cb2fd5f94cc1faa2bc4b36114216918ff4fccfb4d482,1daaa2694f1f576092e41426ea56a6540ae495ab,2026-07-16,2026-07-26
FL,Carnival Corporation,DORAL,2020-05-19,2020-06-01,157,unknown,,0,0,1,https://reactwarn.floridajobs.org/WarnList/,6d9955ecff0eeff1cc09c73eac692da41383ba4202c815380611054a,350ceeee4ad7af2600c1b5797c0bae5a4502b0b5,2026-07-16,2026-07-26
FL,Carnival Corporation d/b/a Carnival Cruise Line,MIRAMAR,2020-05-19,2020-06-01,541,unknown,,0,0,1,https://reactwarn.floridajobs.org/WarnList/,7001e1ffd68a2290f7898afb130775a8a4edbdd219c05bb087481fe7,3870315a3079fcf58a160c9ecb23728586dc74f5,2026-07-16,2026-07-26
FL,Carnival Corporation d/b/a Carnival Cruise Line,DORAL,2020-05-19,2020-06-01,567,unknown,,0,0,1,https://reactwarn.floridajobs.org/WarnList/,a866156df0c4f2b3531f4d9ac1d243c5eeaf64c3fa53465ca5490c3d,edbba22fd83ed1b3f4d1137d50c9a5053cc020be,2026-07-16,2026-07-26
FL,Gate Gourmet,ORLANDO,2020-05-19,2020-05-20,110,unknown,,0,0,1,https://reactwarn.floridajobs.org/WarnList/,73ad8db8364afc80a4680fab5c4dc1d34a64876cbed860bd0a4f21a2,57eb0ff44e2ea94ab3c15c17614d4780b46f8ed0,2026-07-16,2026-07-26
FL,Hotelbeds,ORLANDO,2020-05-19,2020-07-15,1,unknown,,0,0,1,https://reactwarn.floridajobs.org/WarnList/,e059569b3ee6818100b2800528387667b69610ffef72abce60649b9f,fc8973914e268d7f1510824e284d316d2a097f6d,2026-07-16,2026-07-26
FL,Innisbrook,PALM HARBOR,2020-05-19,2020-06-30,433,unknown,,0,0,1,https://reactwarn.floridajobs.org/WarnList/,e55b79e6521cb54802c7efe99ce770a3ad41ef86416d69d5005c29b5,0ac3b6550ec727c2c66497e83b0209496ff8cc69,2026-07-16,2026-07-26
FL,Tampa Embassy Suites,TAMPA,2020-05-19,2020-03-12,124,unknown,,0,0,1,https://reactwarn.floridajobs.org/WarnList/,f28381502c78ec3bb9d03eb30cf781f478ceeadf5f8cb2ef33dc2c99,3b5e97ec75eadf3f352b0a377899f8c889bf361a,2026-07-16,2026-07-26
FL,DoubleTree Tampa Airport Westshore,TAMPA,2020-05-20,2020-05-15,88,unknown,,0,0,1,https://reactwarn.floridajobs.org/WarnList/,e8debfec2367950d2fafc2aa038e5a59e435cef06b16292ab67ef7e6,737b2c6c52e8373c7b47c2566b074996db4ee15c,2026-07-16,2026-07-26
FL,North Pinellas Children’s Medical Center,PALM HARBOR,2020-05-20,2020-03-27,45,unknown,,0,0,1,https://reactwarn.floridajobs.org/WarnList/,9cd08e141c0b8fc4eb12f56468d8df06f49dcefa251faf347efb695b,7dedddc3c7924dc956b6d7c0254cdcd147989b5c,2026-07-16,2026-07-26
FL,Gate Gourmet,MIAMI,2020-05-21,2020-05-20,127,unknown,,0,0,1,https://reactwarn.floridajobs.org/WarnList/,d07b4146b513f49ce9881869bc3794b31d7acbf986338b4140eb291f,79f5591fcc76eebcc228abb028dc1f91bde5a598,2026-07-16,2026-07-26
FL,"HCFS Health Care Financial Services, LLC",SUNRISE,2020-05-22,2020-06-01,60,unknown,,0,0,1,https://reactwarn.floridajobs.org/WarnList/,49652cf3a42cf941a896b2a749100bc006962c6fcd627ce325a690e2,ad7a42d5864ee9ef99d58b871f7c38f275850865,2026-07-16,2026-07-26
FL,The Hertz Corporation,FORT MYERS,2020-05-22,2020-05-20,268,unknown,,0,0,1,https://reactwarn.floridajobs.org/WarnList/,e298dfd2fe44a847ce995226b120401f23ea32787d5900db7c57fd7c,738156a9b50ec2c8796a5bd42e8e366bf49ea8ed,2026-07-16,2026-07-26
FL,The Hertz Corporation,FORT LAUDERDALE,2020-05-22,2020-05-20,10,unknown,,0,0,1,https://reactwarn.floridajobs.org/WarnList/,763a27707285fec3bc5fb5541c4203492d231ea73df9dd3a78713474,be6e6be3182b9afab7e2eb6505b2912b69e2c84d,2026-07-16,2026-07-26
FL,The Hertz Corporation,TAMPA,2020-05-22,2020-05-20,3,unknown,,0,0,1,https://reactwarn.floridajobs.org/WarnList/,5cd4011a74c27dda0d344c352bf8f0f3f8fcac46853c051cf7cc45c2,d695433d0ea3706b00401463101ad3029d550dd9,2026-07-16,2026-07-26
FL,The Hertz Corporation,ORLANDO,2020-05-22,2020-05-20,46,unknown,,0,0,1,https://reactwarn.floridajobs.org/WarnList/,1f5ff8ffa854ae53849d85077fa70c68ede2c10363b630d128ef11df,e003e74b91584a2e4b404d57238ab6fe945bef78,2026-07-16,2026-07-26
FL,The Hertz Corporation,MIAMI,2020-05-22,2020-05-20,21,unknown,,0,0,1,https://reactwarn.floridajobs.org/WarnList/,6b8e82396e25f2a715e24fecdb74ebeeeef3238201f770977e62e796,f370f15b9d9a8bd3d7cbba4adc16edd1bcb6278a,2026-07-16,2026-07-26
FL,"Silver Wings Aerospace, Inc., a Wencor Group, LLC",PRINCETON,2020-05-26,2020-05-24,10,unknown,,0,0,1,https://reactwarn.floridajobs.org/WarnList/,89b0f25afcada6d9236f800ef9e7b01838f48bc6bd6b74ef39d025c8,5074acd625aa572cc13364e019f7b4078b5376d3,2026-07-16,2026-07-26
FL,"Tampa Bay Ctr. Performing Arts Ctr., Inc. dba The David A. Straz Jr. Ctr. for the Performing Arts",TAMPA,2020-05-26,2020-03-16,102,unknown,,0,0,1,https://reactwarn.floridajobs.org/WarnList/,173d60f4a81662fa498d9a6355c23a20ff5be141f761c2f466729b25,ef3fd5993d9176bcb778599f4edd0744dd451bf8,2026-07-16,2026-07-26
FL,Conrad Miami,MIAMI,2020-05-28,2020-05-18,154,unknown,,0,0,1,https://reactwarn.floridajobs.org/WarnList/,5079a5090bb57ca1c21eeba5eae3e73401649fc60ce294da0189dac4,22edd1a23fbacaa81dd723079aea1021988f4e3b,2026-07-16,2026-07-26
FL,Air Canada,FORT LAUDERDALE,2020-06-01,2020-08-02,51,unknown,,0,0,1,https://reactwarn.floridajobs.org/WarnList/,849b674ccc09dbbe0adb18f25a7dbce0906242b43e8a2d3944308933,7bc1394604e436fc967d5f7663575450e27fce71,2026-07-16,2026-07-26
FL,Loews Miami Beach Hotel,MIAMI BEACH,2020-06-01,2020-05-27,723,unknown,,0,0,1,https://reactwarn.floridajobs.org/WarnList/,30b568a3662ccbeb7fa6b1f59d535540493d1d76711d0295e0098573,dc9d6d22c414c758bf98ee5b1a8183857f3a965b,2026-07-16,2026-07-26
FL,"Marriott Hotel Services, Inc. d/b/a/ JW Marriott Orlando Bonnet Creek Resort and Spa",ORLANDO,2020-06-01,2020-03-14,362,unknown,,0,0,1,https://reactwarn.floridajobs.org/WarnList/,b1e5f109c31b7b5f5d687bebd2670852972f50892e52dd18e9766895,c1ff16bd0e5f1828437c093f4d0aa0acae2a093b,2026-07-16,2026-07-26
FL,"Marriott International, Inc. d/b/a Orlando World Center Marriott",ORLANDO,2020-06-01,2020-03-21,1319,unknown,,0,0,1,https://reactwarn.floridajobs.org/WarnList/,5978794e4c5dcca5911633e14e00fdef5d313ad53dd04b19554015b8,acbc7f0f585f3b5b223ecdae513b38ee14cc01d5,2026-07-16,2026-07-26
FL,Morgans Hotel Group Management LLC d/b/a Delano Hotel,MIAMI BEACH,2020-06-01,2020-07-31,191,unknown,,0,0,1,https://reactwarn.floridajobs.org/WarnList/,05a03c09f341817bbe0d2785e450f1f15e247bed68506808504c866e,7799d6bb18b2b5c6087ee03940ef9178e634d218,2026-07-16,2026-07-26
FL,"PGT Industries, Inc.",ORLANDO,2020-06-01,2020-06-19,204,unknown,,0,0,1,https://reactwarn.floridajobs.org/WarnList/,fdd225d3987cf63fa3265a0430006df848dd820ae1fb361ba7c865fc,12c88112bb8be959a6ac518b3488167f861638a0,2026-07-16,2026-07-26
FL,Sheraton Suites Fort Lauderdale Plantation,PLANTATION,2020-06-01,2020-03-16,64,unknown,,0,0,1,https://reactwarn.floridajobs.org/WarnList/,dda36e2eacda8e8fc78635b240ad68d6515f71718ed5721ad3b47775,ffdae7747f417e612c2bc5ea6acdcc21229e40b4,2026-07-16,2026-07-26
FL,West Palm Beach Marriott,WEST PALM BEACH,2020-06-01,2020-03-14,143,unknown,,0,0,1,https://reactwarn.floridajobs.org/WarnList/,08f6e2db09a28b8b91495c7deb5c7f9a04040f9b441356d638ed3cb1,bd542dd7b299741c8ce40522d3c6f6a877c2f202,2026-07-16,2026-07-26
FL,DoubleTree By Hilton Orlando at SeaWorld,ORLANDO,2020-06-02,2020-07-25,184,unknown,,0,0,1,https://reactwarn.floridajobs.org/WarnList/,dfa5b20fd02936ba80b12e9b2a0d5c2bd855611c4eb29d6608680436,fef317cece7dbfe6d1820d06ebd35c171c0d2f36,2026-07-16,2026-07-26
FL,Ft. Lauderdale Marriott Harbor Beach Resort & Spa,FORT LAUDERDALE,2020-06-02,2020-03-14,564,unknown,,0,0,1,https://reactwarn.floridajobs.org/WarnList/,67883839971c6f70c329ef5f863b7030a6ebbaf1cabb469783c30245,270488510bb8318e37385d8553e411b486d42a50,2026-07-16,2026-07-26
FL,Marriott Orlando Downtown,ORLANDO,2020-06-02,2020-06-29,50,unknown,,0,0,1,https://reactwarn.floridajobs.org/WarnList/,e18e0322971d752f4ae77a465a8a262a99ab08fd1874d9c85b0a34eb,bd0bdb3ad7b05589a480ef023263f5f94705dfde,2026-07-16,2026-07-26
FL,Miami Marriott Biscayne Bay,MIAMI,2020-06-02,2020-03-21,239,unknown,,0,0,1,https://reactwarn.floridajobs.org/WarnList/,e3afbd9cf368528f2150e0bf20a0502fd3b97c8c92ba3cdd476f9353,0f5106624b46ada36565c8bac3deb4953dc6f839,2026-07-16,2026-07-26
FL,Renaissance Orlando at SeaWorld,ORLANDO,2020-06-02,2020-03-21,482,unknown,,0,0,1,https://reactwarn.floridajobs.org/WarnList/,b810f90eb22083a4979d22cb89ff547d8d4d0e357f55ed1b64668349,4127290430fdaae94ad2c900565a2c96c9b8fe13,2026-07-16,2026-07-26
FL,Renaissance Tampa International Plaza Hotel,TAMPA,2020-06-02,2020-03-21,152,unknown,,0,0,1,https://reactwarn.floridajobs.org/WarnList/,19d7d4bf6340d55acb16b0b62860834cc720f2350fcc606757966406,f2d7764536b53f324e1360fa83ea026e321f20f3,2026-07-16,2026-07-26
FL,Sirata Beach Resort and Conference Center,SAINT PETERSBURG,2020-06-02,2020-05-20,108,unknown,,0,0,1,https://reactwarn.floridajobs.org/WarnList/,84c1b0440a387ca4ff6fe4640553902d2cfef57a04d69cc73127b7fe,d4b3174e2b73657182f56f8cea1ba11b7b48902b,2026-07-16,2026-07-26
FL,Tampa Airport Marriott,TAMPA,2020-06-02,2020-03-21,125,unknown,,0,0,1,https://reactwarn.floridajobs.org/WarnList/,b0a64401ee796be07914a4f087559ffa7d9f6cc6a0954a9e22dce1f6,e1fd854a52bf3a2483d94841416893586b91e270,2026-07-16,2026-07-26
FL,Tampa Marriott Water Street,TAMPA,2020-06-02,2020-03-14,496,unknown,,0,0,1,https://reactwarn.floridajobs.org/WarnList/,64d10d20f9c02d52ac604db222108c7ef1e91233892f6900cacbc7dc,9f0947d2c4e78b5c18e6ee872fcee74df2dd8068,2026-07-16,2026-07-26
FL,The Royal Palm,MIAMI BEACH,2020-06-02,2020-05-29,141,unknown,,0,0,1,https://reactwarn.floridajobs.org/WarnList/,7e88e92ca891c1eab5d0520d1e202f1ee8530e8ef758799e9623289f,7c838ff39a4bab3788242fb56bac8365653ef895,2026-07-16,2026-07-26
FL,Westin Beach Resort Fort Lauderdale,FORT LAUDERDALE,2020-06-02,2020-05-22,235,unknown,,0,0,1,https://reactwarn.floridajobs.org/WarnList/,aa23cd22645f0ec116d587fd5a2584e50632f44ef0985249ef07247b,f0f5f69ca1fd8c2b42346cbdd6cf543b63d820ff,2026-07-16,2026-07-26
FL,Westshore Grand,TAMPA,2020-06-02,2020-05-21,67,unknown,,0,0,1,https://reactwarn.floridajobs.org/WarnList/,9766ed72f9b2c24461a9c69e2849d91dd4d20f893ec91cc76ff59ff8,81e428f9611bedabea3855ec048408a050d7453d,2026-07-16,2026-07-26
FL,CACI,TAMPA,2020-06-03,2020-08-01,254,unknown,,0,0,1,https://reactwarn.floridajobs.org/WarnList/,2ebb97acc4aa788d25caa2baf744b108e07ae3b92b7a39cda1904c62,2b7b8740af73d074aece8c7fd738df9044e80067,2026-07-16,2026-07-26
FL,"Global Experience Specialists, Inc.",ORLANDO,2020-06-03,2020-03-26,99,unknown,,0,0,1,https://reactwarn.floridajobs.org/WarnList/,88896cf847775b4c7944d1dfe8a2e0490e5f11eb69cbd80f44271936,95c33063894d071a15b96d242b75d041940cdffb,2026-07-16,2026-07-26
FL,Grand Hyatt Tampa Bay,TAMPA,2020-06-03,2020-03-25,209,unknown,,0,0,1,https://reactwarn.floridajobs.org/WarnList/,9c62cde4f23123b4dd9e8b4b53c05e3a1bb44c65f7a3c51cf18889fe,fcfde19835122eb0f434d0d99f2c36a2b6fcce67,2026-07-16,2026-07-26
FL,Hilton Daytona Beach Oceanfront Resort,DAYTONA BEACH,2020-06-03,2020-05-28,96,unknown,,0,0,1,https://reactwarn.floridajobs.org/WarnList/,d9e7f57a844a2679959f34f9cac251d9741dfa209cf820983cb6b218,5780253349cad526bde0d6bf17f6e8ababa15dc4,2026-07-16,2026-07-26
FL,Hyatt Regency Grand Cypress,ORLANDO,2020-06-03,2020-03-27,382,unknown,,0,0,1,https://reactwarn.floridajobs.org/WarnList/,01d1b0135b6921291d78395f05319ea320dd3a68c36dcdddd587b27e,4e4f43514c31fbbefbae602fba071f82653e71d9,2026-07-16,2026-07-26
FL,JW Marriott Marco Island Beach Resort,MARCO ISLAND,2020-06-03,2020-03-21,1038,unknown,,0,0,1,https://reactwarn.floridajobs.org/WarnList/,e9a840fa88b335a2b9985ad4be73b51a0fc15663c371bf63361625e0,6a919d666e1a87bb2cf5024ea8e7fddf887a55ff,2026-07-16,2026-07-26
FL,"JW Marriott Orlando, Grande Lakes",ORLANDO,2020-06-03,2020-03-14,777,unknown,,0,0,1,https://reactwarn.floridajobs.org/WarnList/,163d3aa640df41abbaf936343d5b5665e2af1f37dc5050e9d1ac588d,9b792848f300b30927e706e7a403caa58f58ac3c,2026-07-16,2026-07-26
FL,Sheraton Miami Airport Hotel & Executive Meeting Center,MIAMI,2020-06-03,2020-05-28,84,unknown,,0,0,1,https://reactwarn.floridajobs.org/WarnList/,fc70529382eb8d7c7050511361991e347b0ad88c1e5b4ddfd2b20636,2ee9942a11d2d52f5fa2f440e6a04b00974aa671,2026-07-16,2026-07-26
FL,"The Ritz-Carlton Orlando, Grande Lakes",ORLANDO,2020-06-03,2020-03-14,666,unknown,,0,0,1,https://reactwarn.floridajobs.org/WarnList/,71673e8f9157ba56edffa1872e2108283bd593c30590b53dccdba92c,c87b6ae8ed0c8f2b1275cdb4d7f9e38bb603b5bb,2026-07-16,2026-07-26
FL,The Vinoy Renaissance St. Petersburg Resort & Golf Club,SAINT PETERSBURG,2020-06-03,2020-03-24,488,unknown,,0,0,1,https://reactwarn.floridajobs.org/WarnList/,88001395ccc407ffd680c5350f8e1ba36f35b66b7a20baf389d8e0ea,7b6912fb4b87b29b30f8e80589e2407c866974f3,2026-07-16,2026-07-26
FL,Genpak,SEBRING,2020-06-04,2020-08-01,80,unknown,,0,0,1,https://reactwarn.floridajobs.org/WarnList/,f12fc9fac0ceaadd85e658181824a7d56a291c60c7052825a098839c,f9d19cd5b0e39548b8ebe669509064ff2433a2c0,2026-07-16,2026-07-26
FL,"LAZ Florida Parking, LLC",MIAMI BEACH,2020-06-04,2020-03-13,270,unknown,,0,0,1,https://reactwarn.floridajobs.org/WarnList/,0d8a78d426d014871d9cf9a11f0e06c80c9b4334eb85b3589bff1432,efc388d8d5b0e17b26797f5be74f6d2965bd694f,2026-07-16,2026-07-26
FL,Marriott Village Orlando Complex,ORLANDO,2020-06-04,2020-03-21,136,unknown,,0,0,1,https://reactwarn.floridajobs.org/WarnList/,2ad799f7832fee156799b6690680a6473067ffec727d45fa4ef2bf6e,89ef5b6bd610b1fd67bbdb3b85f49f620bc96343,2026-07-16,2026-07-26
FL,The Miami Beach EDITION,MIAMI BEACH,2020-06-04,2020-03-21,489,unknown,,0,0,1,https://reactwarn.floridajobs.org/WarnList/,cc00d509d6df96965af03472c80c4fcb0c20d003e7c6c7019552e81b,5926353804e58e0de3411b7f3378b54b193ba986,2026-07-16,2026-07-26
FL,"The Ritz-Carlton Coconut Grove, Miami",MIAMI,2020-06-04,2020-03-18,113,unknown,,0,0,1,https://reactwarn.floridajobs.org/WarnList/,a76c932a2adf0d3ad1d97da9cb5dde207803a5a0d33788d8508d8dc9,ffe859a1f9441e21e7b8ebfcdd10d0f3dc2c6559,2026-07-16,2026-07-26
FL,"The Ritz-Carlton Key Biscayne, Miami",KEY BISCAYNE,2020-06-04,2020-03-18,515,unknown,,0,0,1,https://reactwarn.floridajobs.org/WarnList/,b19929e64a8b36040965e1f6579d850ffe4125e1b0db8fd410c05f3a,df66e1f90e4c0adf7ac024e4e5f5d4edd17b5505,2026-07-16,2026-07-26
FL,The Ritz-Carlton South Beach,MIAMI BEACH,2020-06-04,2020-03-21,311,unknown,,0,0,1,https://reactwarn.floridajobs.org/WarnList/,58712d7bf6e46de2413263b6d0ece4b3c5443f7f9cd6a6d8da4800cd,4da66a90b8d6cd1dd288b96464a9ee62efc0d297,2026-07-16,2026-07-26
FL,"The Ritz-Carlton, Sarasota",SARASOTA,2020-06-04,2020-03-21,488,unknown,,0,0,1,https://reactwarn.floridajobs.org/WarnList/,bd4724e622025637ad7f6404121db15b0ee5293a5e4994967187bf82,977035e8a1242b1e14c56da53bdaae4b8193e7fb,2026-07-16,2026-07-26
FL,"The Ritz.Carlton, Amelia Island",AMELIA ISLAND,2020-06-04,2020-03-28,638,unknown,,0,0,1,https://reactwarn.floridajobs.org/WarnList/,6f065e51399ac1ae4feafba06ead2fd76df25b7e54f6ba14d7473e0b,5fa7f53f6495e30e3c67a1b08fed8cc25712e2b1,2026-07-16,2026-07-26
FL,The St. Regis Bal Harbour Resort,BAL HARBOUR,2020-06-04,2020-03-17,419,unknown,,0,0,1,https://reactwarn.floridajobs.org/WarnList/,078e2737fdd7573024a558c1a4d45f65f988e5489efc29b134d6808f,268cf7dbaef2d97312613656de6159c41ac34f7c,2026-07-16,2026-07-26
FL,"W Hotel Management, Inc. d/b/a W Miami",MIAMI,2020-06-04,2020-03-21,131,unknown,,0,0,1,https://reactwarn.floridajobs.org/WarnList/,d32c072eb35cc7357c806403c736c59ec32e11c58f3709ae4478786c,2a1a9e01bddc0098647e85454844b91695c01c26,2026-07-16,2026-07-26
FL,Walt Disney World Swan and Dolphin Resort,LAKE BUENA VISTA,2020-06-04,2020-03-14,1999,unknown,,0,0,1,https://reactwarn.floridajobs.org/WarnList/,2412a983d4381a2648d4433eb527b72a325cbe2dd822e8c2807e0b7f,014966e67df9cf32e766b3d5e1afa8333e458d38,2026-07-16,2026-07-26
FL,Gate Gourmet,ORLANDO,2020-06-05,2020-03-21,15,unknown,,0,0,1,https://reactwarn.floridajobs.org/WarnList/,d940d916bede3759ac0c2661afbe616d5c8d5609abd331182846c45c,02c204d85c7708c5a731b7b05cf2d63a150b65cb,2026-07-16,2026-07-26
FL,Gate Gourmet,MIAMI,2020-06-05,2020-03-24,28,unknown,,0,0,1,https://reactwarn.floridajobs.org/WarnList/,f8b45acc35b2892c14e2f3c8781ec6a0b63931b9537a1469c235a4e3,765626d6559a1d164684f5f1f57c478a3d6318a8,2026-07-16,2026-07-26
FL,"HCFS Health Care Financial Services, LLC",SUNRISE,2020-06-05,2020-08-03,10,unknown,,0,0,1,https://reactwarn.floridajobs.org/WarnList/,52f8b67298a14b807bbde052d8b03525dc3e6ca57b285aad7894624a,7625152e9d090139a047b0ffecac4db1e8b1f6a6,2026-07-16,2026-07-26
FL,"SW Hotels & Resorts WW, LLC d/b/a W Fort Lauderdale",FORT LAUDERDALE,2020-06-05,2020-03-14,305,unknown,,0,0,1,https://reactwarn.floridajobs.org/WarnList/,8dc2a233ed9139f0436d9433da7ed4454685ea516260110659965613,33337499cd1f300a40c565a8eb9caa4cf9abd83a,2026-07-16,2026-07-26
FL,"The Ritz-Carlton Bal Harbour, Miami",BAL HARBOUR,2020-06-05,2020-03-21,138,unknown,,0,0,1,https://reactwarn.floridajobs.org/WarnList/,fc08b9ee9d8dff62d2ecd26708274741e8a6250529edead2836992f5,6d897416223bf3d82a7caa2ec1b620df72fcac25,2026-07-16,2026-07-26
FL,"The Ritz-Carlton Golf Resort, Naples",NAPLES,2020-06-05,2020-03-21,305,unknown,,0,0,1,https://reactwarn.floridajobs.org/WarnList/,531050918709028d08220f156a7caf18908c2ffda4cb04de8b1fda6a,d19a307cb33c30c439b6069b020b5fbcd6df0c77,2026-07-16,2026-07-26
FL,"The Ritz-Carlton, Naples",NAPLES,2020-06-05,2020-03-21,939,unknown,,0,0,1,https://reactwarn.floridajobs.org/WarnList/,2a24dcda5e44f32ab0eb3e5308f4a8f420239bff9ee8c7de56b166fe,690e5cf60b1fed50fa25ad75b2dee54eb8c94f38,2026-07-16,2026-07-26
FL,Hyatt Regency Jacksonville Riverfront,JACKSONVILLE,2020-06-08,2020-06-03,200,unknown,,0,0,1,https://reactwarn.floridajobs.org/WarnList/,a4b0448a13f896a550de66e2f730bfd6408c60aff0a720c655a31b6d,d1bde4be64082da97a875d0eba4eef144883ae25,2026-07-16,2026-07-26
FL,Hyatt Regency Orlando,ORLANDO,2020-06-08,2020-05-15,694,unknown,,0,0,1,https://reactwarn.floridajobs.org/WarnList/,38cb84608f95b271f2adb73b4031e2176e1f3d3ad3e703753867ea9f,50b16cdd6a486112b33090266c3873e45f85b897,2026-07-16,2026-07-26
FL,Hyatt Regency Orlando Intrnational Airport,ORLANDO,2020-06-08,2020-06-06,220,unknown,,0,0,1,https://reactwarn.floridajobs.org/WarnList/,81545b0861b29e85d99d869b3f14d6b1f77a9f630f662ded487ef4ca,c366151872616f99ffd572082d669112dbf2a265,2026-07-16,2026-07-26
FL,Courtyard by Marriott Miami Airport,MIAMI,2020-06-09,2020-03-14,61,unknown,,0,0,1,https://reactwarn.floridajobs.org/WarnList/,15cfba52343044f320859006ca54e9146dd7339d8875ae94b7779a01,f1a5c346dbbcc4ded5b76fcd6c195773d4e5d467,2026-07-16,2026-07-26
FL,"Give Kids The World, Inc.",KISSIMMEE,2020-06-09,2020-06-27,171,unknown,,0,0,1,https://reactwarn.floridajobs.org/WarnList/,122dc7286bef3b6ae54b6cf389a580180188254d49c14e9d0cfc3353,ea387a90dfa5964d76bf910361b84c12e6ebf154,2026-07-16,2026-07-26
FL,Mears Transportation Group,ORLANDO,2020-06-09,2020-06-08,72,unknown,,0,0,1,https://reactwarn.floridajobs.org/WarnList/,d89d9365ec1ed0652e8b664443f4e599527637051a05145fac5dc6f8,2465c7906b9e3e9a1f6fac16267f7d8e831e22cc,2026-07-16,2026-07-26
FL,Miami Airport Marriott,MIAMI,2020-06-09,2020-03-14,154,unknown,,0,0,1,https://reactwarn.floridajobs.org/WarnList/,5035ddbcf5e9daea22a11f13e12ef75f080491f5ec0236c5e3a66fd2,205b8dfe3a6efdae9e1ba451641bf8a9aae7038d,2026-07-16,2026-07-26
FL,"Sabre GLBL, Inc.",ORLANDO,2020-06-09,2020-08-07,63,unknown,,0,0,1,https://reactwarn.floridajobs.org/WarnList/,d4a68d02431b097648fba552636004deedc6c4812725bb79e2d2bece,740cc060aa27225b281a569619cd2eff30f1d52b,2026-07-16,2026-07-26
FL,Sawgrass Marriott Golf Resort & Spa,PONTE VEDRA BEACH,2020-06-09,2020-03-14,408,unknown,,0,0,1,https://reactwarn.floridajobs.org/WarnList/,9812163d346badb50328bfb7661f5e8d34da2333599980443d826730,4905e733592838078024a12f62c2681dda0a91ff,2026-07-16,2026-07-26
FL,The Ritz-Carlton Ft. Lauderdale,FORT LAUDERDALE,2020-06-09,2020-03-17,294,unknown,,0,0,1,https://reactwarn.floridajobs.org/WarnList/,ede4cf06f615b52f777a3625d4c07f3dd32c852b9912e1e025a1b60c,6353c54a04fb61eeb4478b185a619e8543482f60,2026-07-16,2026-07-26
FL,Westin Tampa Harbour Island,TAMPA,2020-06-09,2020-05-29,93,unknown,,0,0,1,https://reactwarn.floridajobs.org/WarnList/,ce1c00ea3691d5d9e610213fef02bb5954a1ce30424030f84f25e7e7,dc31aef9d722853538a148fd4e3f0c67326baa9c,2026-07-16,2026-07-26
FL,"Century 21 Department Stores, LLC",SUNRISE,2020-06-10,2020-06-09,66,unknown,,0,0,1,https://reactwarn.floridajobs.org/WarnList/,5c768805cac71722b2193509a133e4047b58bbe1258a6be80b3becca,791337d907135b30ada6d22ca5cd99ad82590dae,2026-07-16,2026-07-26
FL,"Historic Tours of America, Inc.",KEY WEST,2020-06-10,2020-03-23,435,unknown,,0,0,1,https://reactwarn.floridajobs.org/WarnList/,b429ccad97abfe597c998024ff8c2b5bf7d97a95299ec28f9eac2ef2,74e18bce50461196c9faede9117516b0eb35d659,2026-07-16,2026-07-26
FL,Hyatt Regency Coconut Point Resort and Spa,BONITA SPRINGS,2020-06-10,2020-06-19,227,unknown,,0,0,1,https://reactwarn.floridajobs.org/WarnList/,eb8bfaa2d38ace362f2eb6714f36bd14eb5e2861671898c6ea8487c2,9448f28c1c76bfd3d94637a35d808d95b28134cc,2026-07-16,2026-07-26
FL,Propulsion Technologies International,MIRAMAR,2020-06-10,2020-06-12,52,unknown,,0,0,1,https://reactwarn.floridajobs.org/WarnList/,aea6c5553f7c24c74cec386c2984712130fdd314f6394946dd65ca36,a0de62e6f0482171cb4c6f7827b499d3b880727f,2026-07-16,2026-07-26
FL,THE CONFIDANTE,MIAMI BEACH,2020-06-10,2020-06-13,98,unknown,,0,0,1,https://reactwarn.floridajobs.org/WarnList/,cd49906ceccbbad66cded8344f2bf593c813609e68adff59b078af0a,02b5f7a212c8c7fbf14aaa22ee0467552801c58c,2026-07-16,2026-07-26
FL,W South Beach,MIAMI BEACH,2020-06-11,2020-06-20,385,unknown,,0,0,1,https://reactwarn.floridajobs.org/WarnList/,e13d003953aaf99cad372e85b5eda0680bab8b1372e675549568a745,949304b0e85c8a16501329978cc3785c255234b4,2026-07-16,2026-07-26
FL,Gaylord Palms Resort & Convention Center,KISSIMMEE,2020-06-12,2020-03-15,1311,unknown,,0,0,1,https://reactwarn.floridajobs.org/WarnList/,c91bb9d16230cf7046d2253ce0eca99ae367f369162b3141f00ddfaa,921841adce3c9fd5b48e91bcf6720ceee02bfafc,2026-07-16,2026-07-26
FL,MH Employment Services,MIAMI BEACH,2020-06-12,2020-06-12,38,unknown,,0,0,1,https://reactwarn.floridajobs.org/WarnList/,cea90b1cdc47ea3ce8ccde0737220c7ea1d9afcec29ffee4375929f9,840660f25a1d959df3a79dc59dd71d5c759d109a,2026-07-16,2026-07-26
FL,"Fluent Servicing, LLC",WINTER GARDEN,2020-06-15,2020-08-13,97,unknown,,0,0,1,https://reactwarn.floridajobs.org/WarnList/,d7de1bde319579161e992414a62b4cb3eebe02e4f1599b48f299a1f6,d4d6f5c2ffe682f47c73be7d8288bbfccd8dc92f,2026-07-16,2026-07-26
FL,Hyatt Regency Miami,MIAMI,2020-06-15,2020-06-19,209,unknown,,0,0,1,https://reactwarn.floridajobs.org/WarnList/,c8a0af670211931e7c067971a5b8f2fc4bbc7b5f030b40ab246d1742,eac233ab64a1d59221373dfb0e302b932f2a0ab7,2026-07-16,2026-07-26
FL,The Hertz Corporation,ESTERO,2020-06-15,2020-08-17,12,unknown,,0,0,1,https://reactwarn.floridajobs.org/WarnList/,89374d5469473db49ef8aab8c1723236696307c620b256b2c2d46e60,72a02dfc2ee2131883f1fd5307f60c5d1c0fee10,2026-07-16,2026-07-26
FL,The Hertz Corporation,TAMPA,2020-06-15,2020-08-17,1,unknown,,0,0,1,https://reactwarn.floridajobs.org/WarnList/,f35198ad7909247df8f5be189346589199d7b1d3da6126b409498fc3,9beee30fa5a2fbc155ea0113b50c2cef52c0dd57,2026-07-16,2026-07-26
FL,The Hertz Corporation,FORT LAUDERDALE,2020-06-15,2020-08-17,2,unknown,,0,0,1,https://reactwarn.floridajobs.org/WarnList/,a192987577b1533bd2096e57b2e3b3f8d832c29e93e3a0e90d320c69,ec58b36ec8047ae4c65e5ab2cf9f4411dc77d18a,2026-07-16,2026-07-26
FL,The Village Tavern,BOYNTON BEACH,2020-06-15,2020-06-15,59,unknown,,0,0,1,https://reactwarn.floridajobs.org/WarnList/,e35e88a5cb225803575907f8ce7a6b8dddaa8a612b6336c5ca202299,e67fb503c6bf616a1c04d5c5bbad5295c3a2f5fc,2026-07-16,2026-07-26
FL,"Silver Wings Aerospace, Inc., a Wencor Group, LLC",PRINCETON,2020-06-16,2020-06-07,2,unknown,,0,0,1,https://reactwarn.floridajobs.org/WarnList/,c4a0044eb1e6b15f90818b56d23324355b5482a00bcac6e01cd22252,7a4cc9df2d95ca018158b21c4aa968282a161289,2026-07-16,2026-07-26
FL,Bed Bath & Beyond,OCOEE,2020-06-17,2020-08-22,221,unknown,,0,0,1,https://reactwarn.floridajobs.org/WarnList/,822f86ca1a992f8d6103830397dc672fddbd9366945bc4b0c2edcee7,d7040d2103c8d5bb9ed7161b50f1472a50fcd9e5,2026-07-16,2026-07-26
FL,"ProVest, LLC",TAMPA,2020-06-18,2020-03-25,86,unknown,,0,0,1,https://reactwarn.floridajobs.org/WarnList/,6e83622e11e46c79d701d41f2204ec4907217725956534177dacf305,7b67470c37514ce572609ef4200ce9efa5af8c1d,2026-07-16,2026-07-26
FL,Streamsong Resort,BOWLING GREEN,2020-06-18,2020-06-30,68,unknown,,0,0,1,https://reactwarn.floridajobs.org/WarnList/,492ab56f9a58d4b0fe34cbbb29322b1b4bf67bb05eafeadde35a54c9,e5b0de35d454151819f895eaf26d52560ae40a49,2026-07-16,2026-07-26
FL,DoubleTree Orlando Downtown,ORLANDO,2020-06-19,2020-07-01,61,unknown,,0,0,1,https://reactwarn.floridajobs.org/WarnList/,7f6dfcc80537c4bdcc62a4b850fac5faec1b66b2c8d4e2da5d270463,a2f4e8a8567c59c2a5125e45356a8d955fa94916,2026-07-16,2026-07-26
FL,Marriott International Customer Engagement Center,DORAL,2020-06-19,2020-03-24,165,unknown,,0,0,1,https://reactwarn.floridajobs.org/WarnList/,1ab9f1a7b80a4fddc4f0175a2462d7b17ec0be1cf9a44165f9766aa3,1942ec40a3d07b4e2232829037abe79b63876e36,2026-07-16,2026-07-26
FL,Marriott International Shared Services,MIAMI,2020-06-19,2020-04-04,103,unknown,,0,0,1,https://reactwarn.floridajobs.org/WarnList/,2fcf089e70965c993fd3b9087443ad12370c2fd1fd75e5e458294934,5cd5099f220b7bd839a13195643ccebd3f10a86c,2026-07-16,2026-07-26
FL,PGA National Resort and Spa,PALM BEACH GARDENS,2020-06-19,2020-03-20,348,unknown,,0,0,1,https://reactwarn.floridajobs.org/WarnList/,9477780770a39d435da4fdf21b59c4c131e2bc1c29e2cce0cf898708,9042ba95487bef2dc1a174a53c440ff7be716338,2026-07-16,2026-07-26
FL,"Prismatik Dentalcraft, Inc.",FORT LAUDERDALE,2020-06-22,2020-05-09,3,unknown,,0,0,1,https://reactwarn.floridajobs.org/WarnList/,1c789b0ff7d2721166a3ced2b01926e45e60650c29cada9a3b79510c,7a46748cf8db35d7d14d54ee1f5c7e47576c64cd,2026-07-16,2026-07-26
FL,"Freeman Expositions, LLC",ORLANDO,2020-06-23,2020-06-30,128,unknown,,0,0,1,https://reactwarn.floridajobs.org/WarnList/,54bcf732559c20e5e94e60782c7bc985b5837532cd95c642b5ba21cf,13bb5b6e923f6c60cc0659f8ee4d516ced7d2d6a,2026-07-16,2026-07-26
FL,"HCFS Health Care Financial Services, LLC",SUNRISE,2020-06-23,2020-06-22,3,unknown,,0,0,1,https://reactwarn.floridajobs.org/WarnList/,c2e3f4365ee281ab48dbd4cc6f13f4fc1e134f3497f2ca6b91b643f6,47ee523c81aceec91fa194a10b62d162ab914544,2026-07-16,2026-07-26
FL,"Silver Wings Aerospace, Inc., a Wencor Group, LLC",PRINCETON,2020-06-23,2020-06-21,8,unknown,,0,0,1,https://reactwarn.floridajobs.org/WarnList/,5f968c6639bedce95919f70d137559848c582f1655e99d739c8ab27a,47e9f0b8aa55f450539e6a7fcc4411c31ee16b4a,2026-07-16,2026-07-26
FL,Swissport SAUSA,ORLANDO,2020-06-23,2020-05-01,402,unknown,,0,0,1,https://reactwarn.floridajobs.org/WarnList/,c066d7a5ee2a875598e194ca06ebda19d04ee93b0418faed7db54dc7,eac85f14dc31b852ae0c1f586e9d6cc262923bcd,2026-07-16,2026-07-26
FL,"The Freeman Company, LLC",ORLANDO,2020-06-23,2020-06-30,65,unknown,,0,0,1,https://reactwarn.floridajobs.org/WarnList/,8abf4cbdee1a64242503da19c2e57113830a6e42093613cf0219590d,7987ee0f8fa12eca400d1aedc920b910af7328d9,2026-07-16,2026-07-26
FL,The Mayfair at Coconut Grove,MIAMI,2020-06-23,2020-03-20,59,unknown,,0,0,1,https://reactwarn.floridajobs.org/WarnList/,20c97cc089143361b675a811b35ef88a36a3a7be1a811030157ec56f,7d9e3175adc711bf0c1c73fa25b7d22fd7d17fa9,2026-07-16,2026-07-26
FL,Hyatt Regency Coral Gables,CORAL GABLES,2020-06-24,2020-06-21,107,unknown,,0,0,1,https://reactwarn.floridajobs.org/WarnList/,a3eb919a43ea70456fb9a10d6185786bc574aa4ca27f1060a6241dcf,1067f0e29c88a13b122ea4ea881bca50a3c24cd4,2026-07-16,2026-07-26
FL,State FArm Mutual Automobile Insurance Company,MEDLEY,2020-06-24,2020-08-31,143,unknown,,0,0,1,https://reactwarn.floridajobs.org/WarnList/,575ccaccafcbce4b8aa00a7453d27c33f60ac5273fcf3e65ca05ee1a,4f7b4a3098a1bee5d676630403ac9255dfe0f930,2026-07-16,2026-07-26
FL,"Swissport USA, Inc.",MIAMI,2020-06-24,2020-03-13,837,unknown,,0,0,1,https://reactwarn.floridajobs.org/WarnList/,9d3f380de01850d6337203fc8d963bdc031ff2400bab03e66eacf719,f8859b38b83cf8729a5977f16811c68df78d2ff3,2026-07-16,2026-07-26
FL,T-Mobile,MAITLAND,2020-06-24,2020-06-16,144,unknown,,0,0,1,https://reactwarn.floridajobs.org/WarnList/,4ffcf5745785de406fa4e16663b99a4405c2484ba5a665289d9b01a1,190921d745d8878ca80d235c73cf1391ae9182a3,2026-07-16,2026-07-26
FL,The Golf Channel,ORLANDO,2020-06-24,2020-08-29,342,unknown,,0,0,1,https://reactwarn.floridajobs.org/WarnList/,bbbc89d064f8a6b758ed60cd0c6bbea5b3b67c69fad59253966d07f0,dbdbc7e0a379d5d2f323eb0d60838abab5905ff5,2026-07-16,2026-07-26
FL,HMSHost,ORLANDO,2020-06-25,2020-03-16,807,unknown,,0,0,1,https://reactwarn.floridajobs.org/WarnList/,f83d7690ed99357a64b6ee93bf906f591073ea6f1e0edf74f3c210b7,61c9c3ce900f8fcadcbc03b0b1557f080c1c5cc8,2026-07-16,2026-07-26
FL,"Swissport SA USA, LLC",FORT LAUDERDALE,2020-06-25,2020-03-13,103,unknown,,0,0,1,https://reactwarn.floridajobs.org/WarnList/,e041b7de5479d0dc5e034acdbc12975d05056f95cecadf356b084cf1,341b9833a6c39043d5ebecf56f943bd954d012b1,2026-07-16,2026-07-26
FL,Paddlefish,LAKE BUENA VISTA,2020-06-26,2020-08-01,161,unknown,,0,0,1,https://reactwarn.floridajobs.org/WarnList/,56cb8ef596fd42f062fddc309fad99eaa4385c00a59e7d945a86b47e,50984a50ee1aac83f9416c67a7d453ff2b8d119f,2026-07-16,2026-07-26
FL,Terralina Crafted Italian,LAKE BUENA VISTA,2020-06-26,2020-08-01,110,unknown,,0,0,1,https://reactwarn.floridajobs.org/WarnList/,490a47a42ce45d7cdc0a5a4a0e33976cc940f8baaadadf5f0bbc1b40,51bef71382391391f904ebe9260532a05f1db058,2026-07-16,2026-07-26
FL,Cirque Du Soleil,ORLANDO,2020-06-29,2020-06-30,65,unknown,,0,0,1,https://reactwarn.floridajobs.org/WarnList/,877cdd09928be39b0771ff4e39157359e0bb970624e13c4198ad54e3,9142d065a8a8c8831a93de74ec08b947b1419491,2026-07-16,2026-07-26
FL,Levy,ORLANDO,2020-06-29,2020-08-01,448,unknown,,0,0,1,https://reactwarn.floridajobs.org/WarnList/,b981e09f0b36910d54a0a700a286c67e8b372109bb429299e6fb0020,7161d5e659ce1eb7739d7a665213747adba68f96,2026-07-16,2026-07-26
FL,Levy,MIAMI,2020-06-29,2020-08-01,587,unknown,,0,0,1,https://reactwarn.floridajobs.org/WarnList/,26461d0c38b87a2b4c2099874a664f958cb9f531472d63829770ed68,7486118c67e6dfa435a02aacfee30bd079282e38,2026-07-16,2026-07-26
FL,Levy,SAINT PETERSBURG,2020-06-29,2020-08-01,422,unknown,,0,0,1,https://reactwarn.floridajobs.org/WarnList/,9cb5765b8f14cc07f955233f2760261233bf5893afa9ebd8aa3103c5,c8211c173ce6c0ac18cb4bd68a692a574712d09a,2026-07-16,2026-07-26
FL,Mandarin Oriental Miami Hotel,MIAMI,2020-06-29,2020-06-24,180,unknown,,0,0,1,https://reactwarn.floridajobs.org/WarnList/,83bb591dfbb3dc3a114a3c7c512a285e511b785aaa543185892189e3,4aad4e2edc7bc399fca713da8234b26a26ba28c9,2026-07-16,2026-07-26
FL,TrueCore Behavioral Solutions,OKEECHOBEE,2020-06-29,2020-09-30,38,unknown,,0,0,1,https://reactwarn.floridajobs.org/WarnList/,83d878cb7dffa91fc0ee0cc8ceaf83eb1f60c18675e07ccee5618406,b5bdf9b3a364acc9d416cadc279e2af394493431,2026-07-16,2026-07-26
FL,JW Marriott Miami Turnberry Resort & Spa,AVENTURA,2020-07-01,2020-03-16,306,unknown,,0,0,1,https://reactwarn.floridajobs.org/WarnList/,9e3735f2468be42d2debc922a3b0aa94173d604cfdfd6aeeacc92605,1a1886481beef1fba911bcc39152d5df72396a10,2026-07-16,2026-07-26
FL,Starboard Cruise Services,MEDLEY,2020-07-01,2020-07-01,80,unknown,,0,0,1,https://reactwarn.floridajobs.org/WarnList/,2d4a8a6da32e545e370c8084009aaab46a13a05ed18066aa8c9e2dbb,1bce807523c4e53e23052b33cd7db5462063305a,2026-07-16,2026-07-26
FL,Starboard Cruise Services,MIAMI,2020-07-01,2020-06-08,28,unknown,,0,0,1,https://reactwarn.floridajobs.org/WarnList/,3711cd63db71bb8a9cbfb377fc3cd5c825021d2ef4a6cb65198c9f17,f99779bd2367081d7ee26ef45a2143856909752a,2026-07-16,2026-07-26
FL,"IAP Worldwide Services, Inc.",MAYPORT,2020-07-02,2020-08-31,95,unknown,,0,0,1,https://reactwarn.floridajobs.org/WarnList/,2b97d28bcf851a8fb075329c40c3043570575fb690f52b007ad8d304,3abcba1c67aa2a53dd27d13619bbaa7e3fbe955c,2026-07-16,2026-07-26
FL,Boca Raton Resort & Club,BOCA RATON,2020-07-06,2020-03-18,995,unknown,,0,0,1,https://reactwarn.floridajobs.org/WarnList/,5576d0d476fd0723a6de3ea568fee50be4004a16946765ba6c607296,eb313345e62ecb9107e41b90293d5be0dfd7f77f,2026-07-16,2026-07-26
FL,Embassy Suites West Palm Beach,WEST PALM BEACH,2020-07-06,2020-06-30,40,unknown,,0,0,1,https://reactwarn.floridajobs.org/WarnList/,c32681cb92b9a8bfe5384ce5f7dcf16f1fbca42b42be1f93be4bc376,37033383ee2e2e10000ff05c478828b5afc6c182,2026-07-16,2026-07-26
FL,Hilton Grand Vacations,ORLANDO,2020-07-06,2020-07-01,286,unknown,,0,0,1,https://reactwarn.floridajobs.org/WarnList/,258639fbe3a47aa6b96c4ddaf9ce387230887ccf7b1a90e87df3f9b7,d0e128e487fadffe421fc6aca200b5e9d330a7b5,2026-07-16,2026-07-26
FL,Hotelbeds,ORLANDO,2020-07-06,2020-08-31,28,unknown,,0,0,1,https://reactwarn.floridajobs.org/WarnList/,24df1d6bfd3fac63b074fabcf9e7ae60fd9bdf83697da52ddd3ee1cc,be8ab5c727acdcf40f2568730f7981d0a94ce5dd,2026-07-16,2026-07-26
FL,Renaissance Plantation,PLANTATION,2020-07-06,2020-07-02,80,unknown,,0,0,1,https://reactwarn.floridajobs.org/WarnList/,aabafdc51df59f44d45110f57cfcee4481d05273d0ef35f34ad73170,aa4a7f8c09ea2e115b858b2ed1171386701b1d89,2026-07-16,2026-07-26
FL,"Silver Wings Aerospace, Inc., a Wencor Group, LLC",PRINCETON,2020-07-06,2020-07-05,4,unknown,,0,0,1,https://reactwarn.floridajobs.org/WarnList/,269773426dc8de89a80ccd1ed98fb8f7a0360cf24dc0f50d807e08a2,dc979809382c7c58f23b2ed6bc23f6c4b62240ad,2026-07-16,2026-07-26
FL,The Diplomat Beach Resort,HOLLYWOOD,2020-07-06,2020-03-22,915,unknown,,0,0,1,https://reactwarn.floridajobs.org/WarnList/,306421811027e41a935f181bae4f5eedf06228949a1c11f2b59d1a4e,a4b6190c1001256758b15cc898f3735033ce834c,2026-07-16,2026-07-26
FL,Aloft Delray Beach,DELRAY BEACH,2020-07-07,2020-03-07,13,unknown,,0,0,1,https://reactwarn.floridajobs.org/WarnList/,223f7b0ef7ab92850c02480f4247e257a58c13c788458d403911b957,1d944da8f90338dd6caca46d86670cc7b6e15514,2026-07-16,2026-07-26
FL,Cirque Du Soleil,LAKE BUENA VISTA,2020-07-07,2020-06-30,36,unknown,,0,0,1,https://reactwarn.floridajobs.org/WarnList/,65fbd711609c17246831e71c0a77413334d2d563c0a92fdc00d02f9b,99dda7ab92263d94d4164aaebb5bc262821fcdc0,2026-07-16,2026-07-26
FL,Faena Hotel Miami Beach,MIAMI BEACH,2020-07-07,2020-08-30,163,unknown,,0,0,1,https://reactwarn.floridajobs.org/WarnList/,dea939687fc59760941bf35dfc53ffae9ca47977cab77b28b5632e11,8cff337431722b4509a3ed852c1b4c1b57298a45,2026-07-16,2026-07-26
FL,Fontainebleau Hotel,MIAMI BEACH,2020-07-07,2020-03-30,1309,unknown,,0,0,1,https://reactwarn.floridajobs.org/WarnList/,3f946a05194fcc17c9e3c1444aff615a0f6a62ad9a88038c5a26a72c,e6829fb3e0b5186d970be7cd053154ef33b01ab5,2026-07-16,2026-07-26
FL,STORY Nightclub,MIAMI BEACH,2020-07-07,2020-04-01,109,unknown,,0,0,1,https://reactwarn.floridajobs.org/WarnList/,c86392a92e24566a71348811de4604a4db05b2a1d34665d7fcee3552,6cbea8cf494992eb6fc525c2612c6685346d19ba,2026-07-16,2026-07-26
FL,"Delaware North Companies, Inc.",TAMPA,2020-07-09,2020-03-23,592,unknown,,0,0,1,https://reactwarn.floridajobs.org/WarnList/,e787e7cf7038480ddf4ed5bb38c209287996c2ea08d96a1483856d59,13b89f25ed581b7d796f6060ee2f23d786fe4ba3,2026-07-16,2026-07-26
FL,"Delaware North Companies, Inc.",ORANGE CITY,2020-07-09,2020-03-23,25,unknown,,0,0,1,https://reactwarn.floridajobs.org/WarnList/,cca1c30ded37b389a8fc741cbf2b5735314b7052a9296753cd9964a5,290e4575833b4844ff58c2ed194db8c0223a4624,2026-07-16,2026-07-26
FL,"Delaware North Companies, Inc.",KENNEDY SPACE CENTER,2020-07-09,2020-03-23,525,unknown,,0,0,1,https://reactwarn.floridajobs.org/WarnList/,2991a7e8ef602f44bdf3066f799b685e69905a20e7a5c3882e68c8ac,36bd086d33591ca59a6da62939bb5a7746115a65,2026-07-16,2026-07-26
FL,"Delaware North Companies, Inc.",JACKSONVILLE,2020-07-09,2020-03-23,727,unknown,,0,0,1,https://reactwarn.floridajobs.org/WarnList/,4a7f739de918d46b833f67c70dcbac1cb7e085d935d5b8071fa0bb35,446149a6c18b0b04b272cdd473b7503f2a401861,2026-07-16,2026-07-26
FL,"Delaware North Companies, Inc.",FORT LAUDERDALE,2020-07-09,2020-03-23,622,unknown,,0,0,1,https://reactwarn.floridajobs.org/WarnList/,ee7a8177d4277b2343f253b3e9df55a177b693d14a1fa8875b02a81b,adc7aafd1e8c419dfa575a20919aea075e5ff46c,2026-07-16,2026-07-26
FL,"Delaware North Companies, Inc.",DAYTONA BEACH,2020-07-09,2020-03-23,27,unknown,,0,0,1,https://reactwarn.floridajobs.org/WarnList/,b4ff782c364663f49e5fe48e7a7e13f396961cfee5fa86d432d623e6,b4e45ec058b651deaa4f7de64cd9f82854693cee,2026-07-16,2026-07-26
FL,"Delaware North Companies, Inc.",LAKE BUENA VISTA,2020-07-09,2020-03-23,216,unknown,,0,0,1,https://reactwarn.floridajobs.org/WarnList/,423d72d885e2dd556aad43c174c97fc76050af2c4dcc2e171dbb330c,dc4ab31f5b4124f54705059aea63aac7bbccbc02,2026-07-16,2026-07-26
FL,"Fluorotek USA, Inc.",RIVIERA BEACH,2020-07-09,2020-07-03,81,unknown,,0,0,1,https://reactwarn.floridajobs.org/WarnList/,1cde9a29c6a82870ebf3130e097f282b6f4561bac5b8a348e040bd45,a5e9b5d5650d55678faf198fc0bac70800b8123a,2026-07-16,2026-07-26
FL,KPMG Lakehouse,ORLANDO,2020-07-10,2020-03-22,152,unknown,,0,0,1,https://reactwarn.floridajobs.org/WarnList/,e2ded7d48640273143ba1cfeb797ec29419cb729a6b6a7c5599eb701,3d8fb1f589052afab039c276f236e418452c5e87,2026-07-16,2026-07-26
FL,Faena Hotel Miami Beach,MIAMI BEACH,2020-07-13,2020-09-08,58,unknown,,0,0,1,https://reactwarn.floridajobs.org/WarnList/,05a75d15077b70afcbed495a0c6b57c7179b19f9f36bafcbb81c3538,390cfdedaa31e32db0221efdb84d4379acc74f7b,2026-07-16,2026-07-26
FL,Rosen Hotels & Resorts,ORLANDO,2020-07-13,2020-07-31,1948,unknown,,0,0,1,https://reactwarn.floridajobs.org/WarnList/,18367cd79f0ac52b152af1f18f706c8f4d71d8bc4df509112d3895ca,e3c443ac898e0168f1f8af46b3c4fc1c7f65ac5f,2026-07-16,2026-07-26
FL,"Brookfield Properties, LLC",PLANTATION,2020-07-14,2020-09-16,146,unknown,,0,0,1,https://reactwarn.floridajobs.org/WarnList/,ee6cd274f04eeb34e119105c56c816bd4dfa3c677a4f482d2b1e68f0,35f4f74897a54b5d0e244ba65fb8d841e229ddf4,2026-07-16,2026-07-26
FL,Embassy Suites by Hilton Orlando International Drive,ORLANDO,2020-07-14,2020-07-04,41,unknown,,0,0,1,https://reactwarn.floridajobs.org/WarnList/,398d83e1d8d89ee9cc2bbf26951a16bc3c7fe26290de04711f2f1b8a,d52a5f24ce5ae048056851ab939511de72a689c5,2026-07-16,2026-07-26
FL,Homewood Suites by Hilton Orlando-International Drive/Convention Center,ORLANDO,2020-07-14,2020-06-19,10,unknown,,0,0,1,https://reactwarn.floridajobs.org/WarnList/,41260a4f406bcf78a891386e47f8df5c5dfa462e7cc29dc23354c9b1,a2d449cce42f0737ba799ec4874f560e96e696a7,2026-07-16,2026-07-26
FL,TrueCore Behavioral Solutions,OKEECHOBEE,2020-07-14,2020-12-31,152,unknown,,0,0,1,https://reactwarn.floridajobs.org/WarnList/,90986bb021451a3d309c5666d43381c890ce30bb9c40f3dfb7ec1c2d,4a438d2e3a93acd67bcdceb33ab0ebfa7d5c3ade,2026-07-16,2026-07-26
FL,"Expedia Group, Inc.",ORLANDO,2020-07-16,2020-09-16,53,unknown,,0,0,1,https://reactwarn.floridajobs.org/WarnList/,10cf6065b20dcf4c48bd06b0301841ebbd1fb23fb1dd3a70b9f4d507,e024b0bc372b084d8930b6f564891041d89de01a,2026-07-16,2026-07-26
FL,Hilton Fort Lauderdale Marina,FORT LAUDERDALE,2020-07-16,2020-03-21,167,unknown,,0,0,1,https://reactwarn.floridajobs.org/WarnList/,41a8638a79b0a5a5e697705607bf9405513454dde9902be68d3d45ac,69901b0ec8176e6c01d03225c38d6c824eb6ec78,2026-07-16,2026-07-26
FL,"HBF Tampa Partners JV, LLC",TAMPA,2020-07-17,2020-03-20,107,unknown,,0,0,1,https://reactwarn.floridajobs.org/WarnList/,e6e01454d3412e047006b218c6319752c7ea095f47af5ee16c48e5c4,26c804baad6a8ef83ecccaa0b00c8bbc6c998c32,2026-07-16,2026-07-26
FL,JCPenney,JACKSONVILLE,2020-07-17,2020-10-18,81,unknown,,0,0,1,https://reactwarn.floridajobs.org/WarnList/,139326123c66eb596eda55fec07980b41ec6563a771f1f9492995e73,c36bccc6ed39c7324ed1d5f3112a0d544b7b6497,2026-07-16,2026-07-26
FL,"Paradies-Broward, LLC",FORT LAUDERDALE,2020-07-17,2020-03-19,74,unknown,,0,0,1,https://reactwarn.floridajobs.org/WarnList/,ae9704fef6cf33d77f2c91b8e5c657ad3d73c6dd745e9428fe42ca88,b446dde6da5421cdd07b611874aa4b4888d7337e,2026-07-16,2026-07-26
FL,Wyndham Orlando Resort,ORLANDO,2020-07-17,2020-03-07,112,unknown,,0,0,1,https://reactwarn.floridajobs.org/WarnList/,2a25a93573be6ff401c6021f3bccc585125ff6b124e538eb260f260d,e3f5b92a2f6c235af6368b90379290ddbbe38761,2026-07-16,2026-07-26
FL,Calder Casino,MIAMI GARDENS,2020-07-20,2020-06-12,254,unknown,,0,0,1,https://reactwarn.floridajobs.org/WarnList/,42f7fc01cdecfa22aed577518bf7235ed692e0dd226de9b5e6b4d17e,f403b6e868826078c0f90a765ddd6b67214d55b5,2026-07-16,2026-07-26
FL,Faena Hotel Miami Beach,MIAMI BEACH,2020-07-20,2020-08-30,261,unknown,,0,0,1,https://reactwarn.floridajobs.org/WarnList/,75e671720c98613c876ccbb927262f68c962f9b15e8cbdf4a2ed9835,66664367f39a6a8d37b476e73e208e904066d9b9,2026-07-16,2026-07-26
FL,Hilton Fort Lauderdale Beach Resort,FORT LAUDERDALE,2020-07-20,2020-03-23,108,unknown,,0,0,1,https://reactwarn.floridajobs.org/WarnList/,7cd3817a248c37fab630a8bce8fd0323da434f75136d2d3f11b747ae,bb2ad1e927b9c55efc4da535e5403d78b5ca59d9,2026-07-16,2026-07-26
FL,Hotelbeds,ORLANDO,2020-07-20,2020-09-15,1,unknown,,0,0,1,https://reactwarn.floridajobs.org/WarnList/,f203c9bcf66eb4b467eeb85a9e5e2f158cb5ede6139d67fbb89d394d,ed528be9b1a0334609a42268c6dd403209f4f348,2026-07-16,2026-07-26
FL,Kimpton EPIC Hotel,MIAMI,2020-07-20,2020-05-21,168,unknown,,0,0,1,https://reactwarn.floridajobs.org/WarnList/,6d774a27e954f12341622e66eb30ed0d48246fb15d980ff00c3c8712,d38c0dd44f34c7619df26ef24aa64f128c0a5b7b,2026-07-16,2026-07-26
FL,"Silver Wings Aerospace, Inc., a Wencor Group, LLC",PRINCETON,2020-07-20,2020-07-19,1,unknown,,0,0,1,https://reactwarn.floridajobs.org/WarnList/,5df4983c2a595be7be4cb27d85ae4419bde732b76eb77794dafacc7a,4a8e813327355baaac098c0684ef531583a8c021,2026-07-16,2026-07-26
FL,"United Airlines, Inc.",TAMPA,2020-07-20,2020-10-01,111,unknown,,0,0,1,https://reactwarn.floridajobs.org/WarnList/,99b36c19109a7128453fa39bd0d3a615df16816fdd30dc72f6266d89,5bc59f463583782a68b7613ca5aeade53cc0aac5,2026-07-16,2026-07-26
FL,"United Airlines, Inc.",ORLANDO,2020-07-20,2020-10-01,456,unknown,,0,0,1,https://reactwarn.floridajobs.org/WarnList/,33b1408f621ddb141288d49398f77fb1ba213c7e248d85a354f561bd,743268b4b98d36e3ca2bfbc3c3ffff20abc60793,2026-07-16,2026-07-26
FL,Caribe Royale Orlando,ORLANDO,2020-07-23,2020-03-20,360,unknown,,0,0,1,https://reactwarn.floridajobs.org/WarnList/,df1b0a9152630b18cae095cfe5aa3e057aa4a8169964817a0274d7a7,fd0aeae94638aaeea62956163c27a0dfea481c20,2026-07-16,2026-07-26
FL,Eau Palm Beach Resort & Spa,MANALAPAN,2020-07-23,2020-09-25,295,unknown,,0,0,1,https://reactwarn.floridajobs.org/WarnList/,14deaec7446701ffdab1b34659d05c81adec9785120080ea3b1dc00e,9f701d748e5e41cdebfe1e4e8109a380f2218deb,2026-07-16,2026-07-26
FL,Miami Herald,DORAL,2020-07-23,2020-04-26,72,unknown,,0,0,1,https://reactwarn.floridajobs.org/WarnList/,788941e4dbd7c812d28977d836ef39a5516738e2475eb851b14ccdbb,6a0144e4c4efe72c9e2fe64902d1de1d4bf39d2c,2026-07-16,2026-07-26
FL,"Derby Building Products, LLC",MIAMI,2020-07-24,2020-09-30,13,unknown,,0,0,1,https://reactwarn.floridajobs.org/WarnList/,c1304c3fccb380c215ed6cc1e3e0d35d421b071a0563f5eb3bbf1b19,a04dd7ee376e76ada8e111817833d4657d1f7dd0,2026-07-16,2026-07-26
FL,"Merritt Island Boat Works, Inc.",MERRITT ISLAND,2020-07-24,2020-09-08,103,unknown,,0,0,1,https://reactwarn.floridajobs.org/WarnList/,e94d435ffcd1db9b91b51ceea20ce32fe638889cd8db70371d52ec5d,a6caa3b9d57b4e3b527e1a01ca6592ac9e1e401b,2026-07-16,2026-07-26
FL,"Paradies-TPA 2014, LLC",TAMPA,2020-07-24,2020-03-29,38,unknown,,0,0,1,https://reactwarn.floridajobs.org/WarnList/,f3d4257273a9c761c05446a7891d95fe02cb99ae769e90d3f13b8f20,4a45951d122171de78950f95be188f50b5ebba57,2026-07-16,2026-07-26
FL,Ruth's Chris,NORTH PALM BEACH,2020-07-24,2020-07-31,43,unknown,,0,0,1,https://reactwarn.floridajobs.org/WarnList/,753c8ab512d5407fcb1672824d74136fa2404e8991f7fd2f1b939fc1,95414d1d4c747f0f41b58387bf1906a16b57535c,2026-07-16,2026-07-26
FL,SSP America,TAMPA,2020-07-24,2020-09-23,205,unknown,,0,0,1,https://reactwarn.floridajobs.org/WarnList/,54f0552c92abc6f3afb1bed1b4955767c1b1602ac1856f6699a7fcf6,6c8f64e441aafea2f5393fee9faabb1096ec67f1,2026-07-16,2026-07-26
FL,Hilton Tampa Downtown,TAMPA,2020-07-27,2020-03-20,126,unknown,,0,0,1,https://reactwarn.floridajobs.org/WarnList/,54dc26120f8bf084fddbbf2e3408643cdb66032215df52a98ac575c0,8b581e4658c05fedfc0016302a8b4854740d7d81,2026-07-16,2026-07-26
FL,"Paradies-Shell Factory, LLC",FORT MYERS,2020-07-27,2020-03-29,81,unknown,,0,0,1,https://reactwarn.floridajobs.org/WarnList/,b4b4e441165adbf1310ba13703c3cdce13262bce6cf817a7955be042,d0ab2b9f3f4218b2ec0db64c22cbb169b2a9fed4,2026-07-16,2026-07-26
FL,The Naples Beach Hotel & Golf Club,NAPLES,2020-07-27,2020-09-26,90,unknown,,0,0,1,https://reactwarn.floridajobs.org/WarnList/,822e17849c22b48a1a54eb6fe0ff9b31ea79f7fe93f0d2f8c9d6c8f2,ab73e06d8cb027f4e4cd7b7eeb548035edb48ce7,2026-07-16,2026-07-26
FL,Wyndham Grand Clearwater Beach,CLEAR WATER BEACH,2020-07-27,2020-03-21,74,unknown,,0,0,1,https://reactwarn.floridajobs.org/WarnList/,f736e2529fd8f6c6b0326ce64c68a29fac3c9a9b60993b38c47db374,1460ef4054c3e5172596a6694f747b1575854e6f,2026-07-16,2026-07-26
FL,Guest Services,LAKELAND,2020-07-28,2020-09-26,14,unknown,,0,0,1,https://reactwarn.floridajobs.org/WarnList/,e65640c84a16d5469c9bdb1e35b96eb3f80ab2d306d7285c014cb5fd,0da803f11a4fa6a8dea517ef6a798eee02792fad,2026-07-16,2026-07-26
FL,Guest Services,NAPLES,2020-07-28,2020-09-26,10,unknown,,0,0,1,https://reactwarn.floridajobs.org/WarnList/,ab6dd5fa800ac5126cf7357c91ae20a203297d03948fe9923b344164,314a639d7e00613b3b9c5f84f2011591f7311eb2,2026-07-16,2026-07-26
FL,Guest Services,HOMESTEAD,2020-07-28,2020-09-26,2,unknown,,0,0,1,https://reactwarn.floridajobs.org/WarnList/,144fe5b13e39a3c2f8deacd2e82599c7a405606cdf8c466852369201,3bb7dd7b4bc7416173b2ecd4f419df70985f0045,2026-07-16,2026-07-26
FL,Guest Services,SPRING HILL,2020-07-28,2020-09-26,12,unknown,,0,0,1,https://reactwarn.floridajobs.org/WarnList/,5efc72689717ecdcbc854b3816c83d1430758ff765311977482630df,49895847dde6f359d993d0a48cd921950096077b,2026-07-16,2026-07-26
FL,Guest Services,WAKULLA SPRINGS,2020-07-28,2020-09-26,8,unknown,,0,0,1,https://reactwarn.floridajobs.org/WarnList/,0cfd8888eeb15c44d100998ad65faeaa2318c40e7e555ef61c33c29a,e71670642a3c2a40a749b071d487ae75d37eb7a2,2026-07-16,2026-07-26
FL,Jungle Island,MIAMI,2020-07-28,2020-07-24,82,unknown,,0,0,1,https://reactwarn.floridajobs.org/WarnList/,ca4f196871ef9d13a8fc51d86f24db0815a3a26cf8832a472c658503,3cebef4b7ee9116692bcf32dd7592cc5e6d7c288,2026-07-16,2026-07-26
FL,Cinepolis USA,MIAMI,2020-07-29,2020-07-31,2,unknown,,0,0,1,https://reactwarn.floridajobs.org/WarnList/,061502f578d8bd28b43d3e07c6d6104c68073bb31975ba76c3af3bb4,9cf47a2ee5a2290934f1bde5190b25a343bbd8d2,2026-07-16,2026-07-26
FL,Cinepolis USA,JUPITER,2020-07-29,2020-07-31,1,unknown,,0,0,1,https://reactwarn.floridajobs.org/WarnList/,40cdba76577b17cd3cc413a4e2a162edec72cad55158ad91ae3eda84,aea1640cf720d576909be1ae05a5b54e1d71d963,2026-07-16,2026-07-26
FL,Kimpton Surfcomber Hotel,MIAMI BEACH,2020-07-29,2020-05-21,78,unknown,,0,0,1,https://reactwarn.floridajobs.org/WarnList/,ba5b8e65e60bd0402ac2bf8971c4c6a88414025fde8bcbc59cdc9b0c,2ed0717ebc38c7243b851d5c5fc3c73cf09208d6,2026-07-16,2026-07-26
FL,Buena Vista Suites,ORLANDO,2020-07-30,2020-03-20,56,unknown,,0,0,1,https://reactwarn.floridajobs.org/WarnList/,f94ef2d5bea5570a424824ce2b80065dbc0397241dd659f5c1a6f667,a45ec2d997a3079a096ca853bae1fd515fbc4bac,2026-07-16,2026-07-26
FL,Craig Zinn Automotive Group Dealer Services,HOLLYWOOD,2020-07-30,2020-09-29,1,unknown,,0,0,1,https://reactwarn.floridajobs.org/WarnList/,d4fd41692159897b81f6d8553389f077cd807c12b3f7a5b5792c8e62,8f25456157d7d58ad06ada5c00fbb971ef797631,2026-07-16,2026-07-26
FL,Embassy Suites by Hilton Orlando Lake Buena Vista South,KISSIMMEE,2020-07-30,2020-03-20,95,unknown,,0,0,1,https://reactwarn.floridajobs.org/WarnList/,d069ed9a4be4d16993c788cfc329a1f16bd1262a6835b325ba0b3685,aafa15b912c3b1fc00306471b540b3a2cbe25d9f,2026-07-16,2026-07-26
FL,"Integrated Mission Support Services, LLC",MERRITT ISLAND,2020-07-30,2020-09-30,138,unknown,,0,0,1,https://reactwarn.floridajobs.org/WarnList/,7bbd7eca9e1606436edacca0956bbee6ecd4e8c6e54bdec7a76c64ea,cfd7ae327fe60bcae3de1b94f9de9fd3698f2bcd,2026-07-16,2026-07-26
FL,Lexus of North Miami,NORTH MIAMI,2020-07-30,2020-09-29,32,unknown,,0,0,1,https://reactwarn.floridajobs.org/WarnList/,0f84275b5d9944db0277e9aeb9054953e03fb1d84807341cebb9068e,3ea88ece24a53fd8aff311d25360b51da86a2adf,2026-07-16,2026-07-26
FL,Lexus of Pembroke Pines,PEMBROKE PINES,2020-07-30,2020-09-29,33,unknown,,0,0,1,https://reactwarn.floridajobs.org/WarnList/,caeb017b4f4ea425fe312b62ccf1c59be53b822e7880c6cd387aa453,99d19918734dce9ea8014af320b963c6b38a41ec,2026-07-16,2026-07-26
FL,Silver Airways,ORLANDO,2020-07-30,2020-10-01,90,unknown,,0,0,1,https://reactwarn.floridajobs.org/WarnList/,a259f92c7e37f18f715b61518296c5d7a045b64cefdfb1ee33ea3bde,557ef0cee5cd07a90c3f19400231ad7df6ca3a7a,2026-07-16,2026-07-26
FL,Silver Airways,FORT LAUDERDALE,2020-07-30,2020-10-01,79,unknown,,0,0,1,https://reactwarn.floridajobs.org/WarnList/,2769e3d8ed07566468104ca68a3aac48b7bf15736207c360d801922a,eb6a59426175d2218c59d6a7e64757df3ba8ebe6,2026-07-16,2026-07-26
FL,Silver Airways,TAMPA,2020-07-30,2020-10-01,55,unknown,,0,0,1,https://reactwarn.floridajobs.org/WarnList/,5cb38f467494ad728000c0e95f1105abb99459db548520a0486c9b47,edcecd56c29d7c7ca9cdccdc8a5720347689d6b8,2026-07-16,2026-07-26
FL,"Spirit Airlines, Inc.",FORT LAUDERDALE,2020-07-30,2020-10-01,946,unknown,,0,0,1,https://reactwarn.floridajobs.org/WarnList/,d078bae2ccf9152ff0257d4506554c1892b47e63d7e1fd8da16fc551,4f8ae269e82cfb8ff8073949e9d4b8291b445cfa,2026-07-16,2026-07-26
FL,"Spirit Airlines, Inc.",MIRAMAR,2020-07-30,2020-10-01,30,unknown,,0,0,1,https://reactwarn.floridajobs.org/WarnList/,7e86b17a84dbc4d65ec6db5ab749493cd06e6c7440772da455ea997f,ec735a4e38f5425e08ca33adaed43b4c4a9af60c,2026-07-16,2026-07-26
FL,Subaru of Pembroke Pines,PEMBROKE PINES,2020-07-30,2020-09-29,6,unknown,,0,0,1,https://reactwarn.floridajobs.org/WarnList/,bd3bf8fe53103ea0140edede897e69776542d51ae37baac6412f3546,f40e478b0de70a72fd56d8f1fb0a9a7316886ecc,2026-07-16,2026-07-26
FL,Toyota of Hollywood,HOLLYWOOD,2020-07-30,2020-09-29,7,unknown,,0,0,1,https://reactwarn.floridajobs.org/WarnList/,e0f5a082afdd585a2753a61cc29c76a9637db6c04cf8934d6162be23,ab72818d73f3d4e6e219f6463ab02e00c23e72ce,2026-07-16,2026-07-26
FL,Wyndham Vacation Ownership,ORLANDO,2020-07-30,2020-07-03,405,unknown,,0,0,1,https://reactwarn.floridajobs.org/WarnList/,7b92046cfcb6a7c8dc78c4de46ddae00dad987caf219828f5b7d02c0,4ee8e42bf60bd54d5fe72674fccefc75354191e4,2026-07-16,2026-07-26
FL,"iAero Thurst, LLC, a subsidiary of iAero Group",MIAMI,2020-07-30,2020-07-30,92,unknown,,0,0,1,https://reactwarn.floridajobs.org/WarnList/,1f04f22cbf850cd26df375b971e97394fcbb83543689654ef31137d5,2a6cb06d63fc5cc6cf0b8c2d43d8acdbd1a7a254,2026-07-16,2026-07-26
FL,Airport Management Services and Hudson Group,FORT LAUDERDALE,2020-07-31,2020-07-31,77,unknown,,0,0,1,https://reactwarn.floridajobs.org/WarnList/,042075a1dbc72ddea8ba464360f33a8735185fd54f8589a0cf85d686,4d342c6805b9ec514f62099344be22a4e77372a9,2026-07-16,2026-07-26
FL,Airport Management Services and Hudson Group,MIAMI,2020-07-31,2020-07-31,105,unknown,,0,0,1,https://reactwarn.floridajobs.org/WarnList/,9a161f56e50916587eb44735e781d24c1db867de44d518fa4a49441e,6c3ff0fd7db9e511e83d11cf39d5e59fa02f80c2,2026-07-16,2026-07-26
FL,Airport Management Services and Hudson Group,ORLANDO,2020-07-31,2020-07-31,49,unknown,,0,0,1,https://reactwarn.floridajobs.org/WarnList/,57b15ff35c8e2e86f5ded2c8005adf98e32c56bdc42fffc00a71d20e,7b0768d2ffd7d82d7834a4d11d0949225a2000e1,2026-07-16,2026-07-26
FL,Avianca Holding,MIAMI,2020-07-31,2020-04-01,14,unknown,,0,0,1,https://reactwarn.floridajobs.org/WarnList/,55b4ec6970cdaa7f247eb1e2cbbb67d8e3f1609691d48743b3239a1a,dc87fd8a3b79f07014011aaa05ff03e17796388d,2026-07-16,2026-07-26
FL,Hilton Miami Airport Blue Lagoon,MIAMI,2020-07-31,2020-03-18,158,unknown,,0,0,1,https://reactwarn.floridajobs.org/WarnList/,36b89dc24395e484d163e3e09b8e168eab68328da34997d094230729,3ca89cac5aaac338cf9a74135dad9845d6294e19,2026-07-16,2026-07-26
FL,"PetIQ, LLC",DAYTONA BEACH,2020-07-31,2020-09-30,63,unknown,,0,0,1,https://reactwarn.floridajobs.org/WarnList/,8cf6909e7abc2eb0425b3e9247b7bba051c707d8c0568068db112625,50b822fa0275c2f4d290d6829e45f7fe22bce37f,2026-07-16,2026-07-26
FL,Republic Airways,MIAMI,2020-07-31,2020-10-01,159,unknown,,0,0,1,https://reactwarn.floridajobs.org/WarnList/,1163130829b096e86279c26d15268ac37ac11eac598ec15375889357,d9aab65fca2fac93cd80e8a33c33360226ab06c8,2026-07-16,2026-07-26
FL,Canaveral Port Authority,CAPE CANAVERAL,2020-08-03,2020-04-02,85,unknown,,0,0,1,https://reactwarn.floridajobs.org/WarnList/,0c3ccbd3478c84eb7692c970e7ea4e723d52934ef478e7248656e52e,a8fb30e3752931e956fa4827c3e3635b0d85d039,2026-07-16,2026-07-26
FL,"Frontier Airlines, Inc.",ORLANDO,2020-08-03,2020-10-01,346,unknown,,0,0,1,https://reactwarn.floridajobs.org/WarnList/,dac0197dc6bc7f1d8b34d0ab59b22927ec8c5dfb4696cb8bcdaeba0e,8f9b53367267a4561bcf7858a0a9c2172ea69689,2026-07-16,2026-07-26
FL,"Frontier Airlines, Inc.",MIAMI,2020-08-03,2020-10-01,138,unknown,,0,0,1,https://reactwarn.floridajobs.org/WarnList/,c0ab177ed765b153e4adda826a7e2eb5fbade08c2d19e9ab49e23816,f12edc466fb3ac03c3cc5ba21db9f9338023c411,2026-07-16,2026-07-26
FL,Hotelbeds,ORLANDO,2020-08-03,2020-09-30,17,unknown,,0,0,1,https://reactwarn.floridajobs.org/WarnList/,4cec596482d62895a2d185628ea49dca374b323b61b3f5e2eded7cfc,a534b9aff7ebe4c9cdaa2b7aa501458400066c4c,2026-07-16,2026-07-26
FL,Mears Transportation Group,ORLANDO,2020-08-03,2020-07-31,11,unknown,,0,0,1,https://reactwarn.floridajobs.org/WarnList/,49e9596e8b6c8a048cafba131ecc4396dd8be01a3670e36a559b119a,84b02937d555688f71c21103dd0fe61f965798ae,2026-07-16,2026-07-26
FL,Neiman Marcus,PALM BEACH,2020-08-03,2020-10-02,73,unknown,,0,0,1,https://reactwarn.floridajobs.org/WarnList/,73a94a6f6824f1b6977a4dbd59080bf6744b181316919252f86106ed,5c1bb64cd99e177be7e8b07e327d794a1435a280,2026-07-16,2026-07-26
FL,Neiman Marcus,FORT LAUDERDALE,2020-08-03,2020-10-02,122,unknown,,0,0,1,https://reactwarn.floridajobs.org/WarnList/,4db2f0e7e31cb0b7ad2f83edbc44c9db409a0f69b8514d5231d9d38c,ceb38e227e0e590bed7a0a197fc585558779a163,2026-07-16,2026-07-26
FL,Wyndham Grand Orlando Resort Bonnet Creek,ORLANDO,2020-08-03,2020-03-20,64,unknown,,0,0,1,https://reactwarn.floridajobs.org/WarnList/,a4774dbd7e7a3a12663730e5994d1acd41544d710ce72392f6ca1b56,d6b68592bd9424a01c53876e7430a4f46d3fe4ce,2026-07-16,2026-07-26
FL,Holiday Inn Miami Beach -Oceanfront,MIAMI BEACH,2020-08-04,2020-09-25,70,unknown,,0,0,1,https://reactwarn.floridajobs.org/WarnList/,8bfe74c917876761c534ce4f30357edd85a7207cc78b9f7cbd7f4fab,4dc7ae13b89ddb158615186ee676d77460d3f141,2026-07-16,2026-07-26
FL,Joyson Safety Systems,LAKELAND,2020-08-04,2020-09-30,37,unknown,,0,0,1,https://reactwarn.floridajobs.org/WarnList/,d0879cfa95c82516b4e732e9cc9437f37f2a9e945c33ab1fd03c4642,aefcf10a31aa6ea45143fbf5bfa3551909f4a7c0,2026-07-16,2026-07-26
FL,"Maximus, Inc.",JACKSONVILLE,2020-08-04,2020-09-12,55,unknown,,0,0,1,https://reactwarn.floridajobs.org/WarnList/,aa327c3ece7647a39fc5758bfef9e467f4c44f3d2caaa23cbb9a4a91,cc9f8dc6eaa406fc233502ac02f8d32ed807d99e,2026-07-16,2026-07-26
FL,Qatar Airways,SUNRISE,2020-08-04,2020-09-30,90,unknown,,0,0,1,https://reactwarn.floridajobs.org/WarnList/,1859cabed45ca3c8f2f8bcdaa78b9ebd45e4cee6a22460c4fd511e64,273e6102c6617df0893070877317260b6a14d825,2026-07-16,2026-07-26
FL,The Sarasota Modern,SARASOTA,2020-08-04,2020-03-20,2,unknown,,0,0,1,https://reactwarn.floridajobs.org/WarnList/,4a60c685aec53bb4b853543d3ea8b3d410e73eee7a11d5ad6bfb1872,5f2c9842e3a412f2b2287ab156405f4c3e3119e2,2026-07-16,2026-07-26
FL,"AREAS USA FLTP, LLC",MIAMI,2020-08-05,2020-07-28,147,unknown,,0,0,1,https://reactwarn.floridajobs.org/WarnList/,c115115b1dca1865eb7f356538341ada0c90159af35f0ae5f34b12cb,7f46a69a8316b7b890001a9eedad2e82b08fb853,2026-07-16,2026-07-26
FL,Embassy Suites Deerfield Beach Florida,DEERFIELD BEACH,2020-08-05,2020-03-20,40,unknown,,0,0,1,https://reactwarn.floridajobs.org/WarnList/,08ec46212b77ce9d35163ecee565995ad63ebb88c4c621fb5e58f5fb,0bd050ecfb81a2d62521f8fe62f0382e8e2919cc,2026-07-16,2026-07-26
FL,Hilton Orlando,ORLANDO,2020-08-05,2020-03-21,605,unknown,,0,0,1,https://reactwarn.floridajobs.org/WarnList/,37a826eb031e9e42febf74ba9b56b411a0f9089283a5333ccd91f930,2aa44e5006d61e509b19b80eba1eeb8971da70ef,2026-07-16,2026-07-26
FL,Hilton Orlando Bonnet Creek and Waldorf Astoria Orlando,ORLANDO,2020-08-05,2020-03-19,745,unknown,,0,0,1,https://reactwarn.floridajobs.org/WarnList/,b0df7bd313dd36153e2ab1276fd5e2146baef2e623caa116bcc212db,5fee8450b44fa54d9185cfab05dd565e8c339187,2026-07-16,2026-07-26
FL,"Sky Chefs, Inc.",MIAMI,2020-08-05,2020-10-01,397,unknown,,0,0,1,https://reactwarn.floridajobs.org/WarnList/,ef8e0f1973e9866f6c2463351de79ef82fd610f46ab92c0bc3ade9c7,34a467cd8827421d888ed74a58a47801246c75ff,2026-07-16,2026-07-26
FL,Embassy Suites by Hilton Orlando,ORLANDO,2020-08-06,2020-03-24,32,unknown,,0,0,1,https://reactwarn.floridajobs.org/WarnList/,41fe26f865cfabde80a9adcf82431142b3b57e3e1901eac5c13c0154,aec190d669b8fd22f649b02375a5bd7392a3ebb7,2026-07-16,2026-07-26
FL,Four Seasons Hotel & Private Residences at The Surf Club,SURFSIDE,2020-08-06,2020-03-23,89,unknown,,0,0,1,https://reactwarn.floridajobs.org/WarnList/,a9b022e61a7caa476aefffcdb2e72aec200a8af74b8245a9be5b2964,63e564b84ac2c3739ba1f53d2568ea2e1c1837bd,2026-07-16,2026-07-26
FL,Hilton West Palm Beach,WEST PALM BEACH,2020-08-06,2020-03-19,87,unknown,,0,0,1,https://reactwarn.floridajobs.org/WarnList/,333c8d23eda89f06da576bc67fff5c4b9cb8e617160195741bef4a1c,078d94d7b4ac15534752bf3f3920ccdc43dac3cd,2026-07-16,2026-07-26
FL,IPIC Theaters LLC,NORTH MIAMI BEACH,2020-08-06,2020-08-03,99,unknown,,0,0,1,https://reactwarn.floridajobs.org/WarnList/,72067e7fa5e8a61608f9eb70effc3307fe41b50779db750d4ca7e693,cd9a6006144a78273757cfb9d4d9a455ca157fb5,2026-07-16,2026-07-26
FL,The DoubleTree by HIlton Orlando at SeaWorld,ORLANDO,2020-08-06,2020-03-23,56,unknown,,0,0,1,https://reactwarn.floridajobs.org/WarnList/,af0840c893948d41c4ac4eae5f90b49f08fd58b2dd899512de192d54,dd02188387507d64fe7b7438d314b319f662f673,2026-07-16,2026-07-26
FL,Dentsply Sirona,SARASOTA,2020-08-07,2020-10-13,86,unknown,,0,0,1,https://reactwarn.floridajobs.org/WarnList/,d1bb9a7a95a3656aca89459f80878124e52d20c5b5da78e426da0685,c6239c55c808e53c1e84010ae138d32d4810a042,2026-07-16,2026-07-26
FL,Embassy Suites by Hilton Orlando Airport,ORLANDO,2020-08-07,2020-03-17,52,unknown,,0,0,1,https://reactwarn.floridajobs.org/WarnList/,d0648b519d0bfa4a5f5a4eb30c56d6182807a9369b4a26e41dc407ca,c9cfa618acc78c98f84a2111607a06f614d0c2c8,2026-07-16,2026-07-26
FL,Hilton Miami Downtown,MIAMI,2020-08-07,2020-04-01,249,unknown,,0,0,1,https://reactwarn.floridajobs.org/WarnList/,4ade829b230e11d02c57a00aa47da008039dc020f3151016ef63c8fb,20b799310564b12f252298a1d096808276215148,2026-07-16,2026-07-26
FL,PAE,WEST PALM BEACH,2020-08-07,2020-09-30,7,unknown,,0,0,1,https://reactwarn.floridajobs.org/WarnList/,a9ec2f45c1281fb40f3d6df83c51cc93c009f1ca6d02cb0ed272cbf8,229c150d4d7a9a4a2fa966a1508ce6b4290bcda8,2026-07-16,2026-07-26
FL,PAE,CAPE CANAVERAL,2020-08-07,2020-09-30,3,unknown,,0,0,1,https://reactwarn.floridajobs.org/WarnList/,df9c02daf81da4ff772a300c94019a42265841aa55885eecc8e520f3,72770ec2e535a431b4842d8e59b1bc03427332a4,2026-07-16,2026-07-26
FL,APR Energy,JACKSONVILLE,2020-08-10,2020-09-28,50,unknown,,0,0,1,https://reactwarn.floridajobs.org/WarnList/,622e1d3effcb7972bfd3dbb773be2e769150fb00a3214b9c37c5920d,fc2a18b14ab70ff119345115a0c20b14b7ec4358,2026-07-16,2026-07-26
FL,Circa 39 Hotel,MIAMI BEACH,2020-08-10,2020-06-30,43,unknown,,0,0,1,https://reactwarn.floridajobs.org/WarnList/,d1f34fcdf4aa5862ba334be1eccb3f39fe92a26f8e8bb6fe2f4d3aa1,6f089326afab74a60e33d9e80d6bf1340c87c2cb,2026-07-16,2026-07-26
FL,Hotelbeds,ORLANDO,2020-08-10,2020-10-04,1,unknown,,0,0,1,https://reactwarn.floridajobs.org/WarnList/,fcca3688200dc95c38833b9fda6a4a53fe182e371eccb8000139d918,7a4e8e1c0fddf44e9b951060aead0137fc1a87bb,2026-07-16,2026-07-26
FL,The Palms Hotel and Spa,MIAMI BEACH,2020-08-10,2020-06-30,105,unknown,,0,0,1,https://reactwarn.floridajobs.org/WarnList/,c3a599810476470c10dc0933cd28f5135f3bd5fae31bfe170f6c8704,52e607186c128d523556045f2c9fc9e3a5cbafc6,2026-07-16,2026-07-26
FL,"Wine Bar at MCO, LLC",ORLANDO,2020-08-10,2020-04-05,10,unknown,,0,0,1,https://reactwarn.floridajobs.org/WarnList/,0263b3f799eaca0e9c67ffbe7328222a92902ce0919def6452a4012e,8391bf4351b4f16a385451ca4814bb8a506d6ade,2026-07-16,2026-07-26
FL,"AREAS USA FLTP, LLC",MIAMI,2020-08-11,2020-08-03,15,unknown,,0,0,1,https://reactwarn.floridajobs.org/WarnList/,65590f2e8a8585276a080253e8d9247217ffead46b0b434c256a401c,ba0817cef14285ce5b358a8ed2e223f940e9e060,2026-07-16,2026-07-26
FL,DoubleTree by Hilton Bahia Mar Fort Lauderdale,FORT LAUDERDALE,2020-08-11,2020-03-20,67,unknown,,0,0,1,https://reactwarn.floridajobs.org/WarnList/,d3bf698e54b6526ec2949f579bb2607efd1ebc69c632e72e16d7baf4,3b3af710a2d94370123f66d21778bc3efc90e3cc,2026-07-16,2026-07-26
FL,Hilton Orlando Buena Vista Palace,ORLANDO,2020-08-11,2020-03-22,443,unknown,,0,0,1,https://reactwarn.floridajobs.org/WarnList/,d73f15ea724ac74c99b0c05337b11bd0c374d4563ebae42afa25d7c8,60ffce08452c37d1d5a701a024b1a21b9fde55f5,2026-07-16,2026-07-26
FL,Hilton Orlando Lake Buena Vista,LAKE BUENA VISTA,2020-08-11,2020-03-23,338,unknown,,0,0,1,https://reactwarn.floridajobs.org/WarnList/,34b394b0690c8ceddca9c6199445e6142c3d18ee10b0485401fa0be7,ced5481b47347cb6647031798beb8a286b2590c9,2026-07-16,2026-07-26
FL,Hilton Singer Island Oceanfront/Palm Beaches Resort Hotel,RIVIERA BEACH,2020-08-11,2020-04-01,63,unknown,,0,0,1,https://reactwarn.floridajobs.org/WarnList/,9c0e5d71be8ad510980df4da8a45e97b01fd7abc2b57ad12d93ed080,e7160c174e9eb29172a7c7b40a0500aebadfc38b,2026-07-16,2026-07-26
FL,The Westin Tampa Bay,TAMPA,2020-08-11,2020-03-13,75,unknown,,0,0,1,https://reactwarn.floridajobs.org/WarnList/,320e2fc3131a6a477277547983c1a0a807e19213431f8af12c2b9b79,428cf3ef02f5ab397df7857e476ba36eb1fe2bfb,2026-07-16,2026-07-26
FL,GALLERYone a DoubleTree Suites by HIlton,FORT LAUDERDALE,2020-08-12,2020-03-20,62,unknown,,0,0,1,https://reactwarn.floridajobs.org/WarnList/,3ec9f270db87a95e0fb9803425f0a5c4ca7e8f825f638c8ad2506948,ab36242759e4e58ec93567d8c05940f63bcb592c,2026-07-16,2026-07-26
FL,HMSHost,MIAMI,2020-08-12,2020-10-15,445,unknown,,0,0,1,https://reactwarn.floridajobs.org/WarnList/,c1e706671ae903638f6106876a3a1f053f75e7e98d4757d587ca20f1,174d73d73763836d84d4c8babb19cbf17aa9ab21,2026-07-16,2026-07-26
FL,HMSHost,ORLANDO,2020-08-12,2020-10-15,782,unknown,,0,0,1,https://reactwarn.floridajobs.org/WarnList/,b9b2caebfae4c29858ab99015519a114b3019683cccab425adefb894,7764f3f8f66d5fdc8693291d008f46e62b200e54,2026-07-16,2026-07-26
FL,HMSHost,WEST PALM BEACH,2020-08-12,2020-10-15,141,unknown,,0,0,1,https://reactwarn.floridajobs.org/WarnList/,e51898b43f8331de3ecf429880fc905e617e0df4f6193ca28bbbcb35,dc8587d76a50ac970a4be9e98d0b82be90137865,2026-07-16,2026-07-26
FL,HMSHost,FORT LAUDERDALE,2020-08-12,2020-10-15,533,unknown,,0,0,1,https://reactwarn.floridajobs.org/WarnList/,94ceb75937e121728debc9f60b67f267cb57c8e5c0563cc4cc836ce5,fdbfcbe8a352be8977c870832d320c44768262b1,2026-07-16,2026-07-26
FL,1 Hotel South Beach,MIAMI BEACH,2020-08-13,2020-07-24,84,unknown,,0,0,1,https://reactwarn.floridajobs.org/WarnList/,42f9d5e32b2f17dc6d16df8d4bfd3e05fb891787503979c912ff2edb,7e0a411ec124871421bf468ae981893a488f2fb1,2026-07-16,2026-07-16
FL,DoubleTree Suites by Hilton Orlando - Disney Springs Area,LAKE BUENA VISTA,2020-08-13,2020-03-17,57,unknown,,0,0,1,https://reactwarn.floridajobs.org/WarnList/,26d9e8ee78b48a0336e919ea5172d67dfb0de2938b0ec25464c47d1b,764491623757b43ff4fb4488eab4133b234277b4,2026-07-16,2026-07-26
FL,Embassy Suites Fort Lauderdale,FORT LAUDERDALE,2020-08-13,2020-03-20,118,unknown,,0,0,1,https://reactwarn.floridajobs.org/WarnList/,0c316a9dcc5945e2dad2839df1208efa6fee484077288f863f975b4a,21401d16e8cb4e8d39753aa1a856994fecfce02a,2026-07-16,2026-07-26
FL,Four Palms Hotel Miami Beach,MIAMI BEACH,2020-08-13,2020-10-01,100,unknown,,0,0,1,https://reactwarn.floridajobs.org/WarnList/,159d101148ab18bde1cfb9ecb88c69cb8028031025d1e869455ad830,0575e8393a727b8a785e0f7b5c7da918cb1a4425,2026-07-16,2026-07-26
FL,Stein Mart,JACKSONVILLE,2020-08-13,2020-08-14,134,unknown,,0,0,1,https://reactwarn.floridajobs.org/WarnList/,e218196188b37dcf8f622b542c89957399910ca0acbf98beb02bee29,92332e1393c9147d6aba8a326192dd1347a1c44e,2026-07-16,2026-07-26
FL,"Flying Food Group, LLC",ORLANDO,2020-08-14,2020-10-01,17,unknown,,0,0,1,https://reactwarn.floridajobs.org/WarnList/,49dea836f49dd6709b68cb83b06f0618eed61c76547b520d45b975b8,20f6a49406eb74e8ed5fe7591c4968defb630891,2026-07-16,2026-07-26
FL,Grand Plaza Hotel,ST. PETE BEACH,2020-08-17,2020-08-11,94,unknown,,0,0,1,https://reactwarn.floridajobs.org/WarnList/,a2abbaded9d6563c39fa58e33e5e7e974bc645353cf1c05634e24d03,db7637f763ece74e4d26b5e37a7436d75250a786,2026-07-16,2026-07-26
FL,KPMG Lakehouse,ORLANDO,2020-08-17,2020-08-14,242,unknown,,0,0,1,https://reactwarn.floridajobs.org/WarnList/,aa2d421d0e2372461e46dae5be0441301576c2d6a871293750f1fa8c,77818e7401cad1309e310fb9c0e4ecdc1a35a7f3,2026-07-16,2026-07-26
FL,Shore Club South Beach Hotel,MIAMI BEACH,2020-08-17,2020-08-16,117,unknown,,0,0,1,https://reactwarn.floridajobs.org/WarnList/,ae322bc729e78d6153c0d237e6a09f307e997d70b6d09f4f970fd45c,10c81b667f537c77c30ac820da1589043324edff,2026-07-16,2026-07-26
FL,TI Fluid Systems,SANFORD,2020-08-17,2020-10-16,41,unknown,,0,0,1,https://reactwarn.floridajobs.org/WarnList/,660057820d25a661bb24a4e64e872eba48e86e6a00b16eeba4667c92,dce5286004fd4cdbb74752cd5dbbd89e1f5947cd,2026-07-16,2026-07-26
FL,The Beachcomber,ST. PETE BEACH,2020-08-17,2020-08-11,38,unknown,,0,0,1,https://reactwarn.floridajobs.org/WarnList/,ec5b1ed0f5235cdc4763d76b52caa7b064cccdd833a0795e368e0e70,37972f1036eba947ea90c8265ec4e774687cb67e,2026-07-16,2026-07-26
FL,Best Western Plus Atlantic Beach Resort,MIAMI BEACH,2020-08-18,2020-09-30,39,unknown,,0,0,1,https://reactwarn.floridajobs.org/WarnList/,5c69a34cfac01dd87b5629bb2d49dc03782cc4c06bf27f0748e45ca4,439cf6b51781121761d20484b7a232e934a0b17b,2026-07-16,2026-07-26
FL,Embassy Suites by Hilton Tampa Downtown Convention Center,TAMPA,2020-08-18,2020-03-20,75,unknown,,0,0,1,https://reactwarn.floridajobs.org/WarnList/,17f4bf1f7075618b23cf2c690943d65c6718083a131883fbad74f560,a11b9d2811bc643eb3596583554339b916cff913,2026-07-16,2026-07-26
FL,HMSHost,JACKSONVILLE,2020-08-18,2020-10-16,190,unknown,,0,0,1,https://reactwarn.floridajobs.org/WarnList/,bfb3a06f1edfff5938aee15bb97bc63b5bf0a191dbaa6673dd219cbb,1d7555be49e3437bcbcde61ee695529bc0016dc3,2026-07-16,2026-07-26
FL,HMSHost,FORT MYERS,2020-08-18,2020-10-16,169,unknown,,0,0,1,https://reactwarn.floridajobs.org/WarnList/,40f8481772f7f6f8bce2ce59539b90d52b0b72f8fa1424d611bfcd17,37c29dc8deda6076ba6bb75cb12077d73ae3a4a4,2026-07-16,2026-07-26
FL,HMSHost,TAMPA,2020-08-18,2020-10-16,322,unknown,,0,0,1,https://reactwarn.floridajobs.org/WarnList/,52cb1167cebf76a4b3884ad9b09841d2975257427907164d710822ed,62c0a23dc15d5acb058d831b774ec221c3a01e73,2026-07-16,2026-07-26
FL,HMSHost,SARASOTA,2020-08-18,2020-10-16,37,unknown,,0,0,1,https://reactwarn.floridajobs.org/WarnList/,b1ca9d87b17fd5282a061130993f425716950460b347d445f2d77a7b,83c7203c07a04e272463f3d16f6403e604afa6be,2026-07-16,2026-07-26
FL,American Medical Depot,TAMPA,2020-08-19,2020-08-03,2,unknown,,0,0,1,https://reactwarn.floridajobs.org/WarnList/,9063dbea74e2f15b4bda6acdb6ec8eea14f85cfd9f2f2d94ef73de45,06ec9b4ee2dba0570e7a1c54bab007f7892cc805,2026-07-16,2026-07-26
FL,American Medical Depot,MIRAMAR,2020-08-19,2020-08-03,20,unknown,,0,0,1,https://reactwarn.floridajobs.org/WarnList/,ea67f933daba1cc3d947bc2f1665c491c1ce7867e7ecbc2632e2ab3b,71f6c12bbc6aea024968630bfdf38bab953cb149,2026-07-16,2026-07-26
FL,Embassy Suites Ft. Myers Estero,ESTERO,2020-08-19,2020-03-20,36,unknown,,0,0,1,https://reactwarn.floridajobs.org/WarnList/,9729db7dfcd39c3f244cede929fc947d08a110054b997772cd2a18e4,3b133236c7ebea4b048c751f90ba7dd58f3a28fa,2026-07-16,2026-07-26
FL,The Don CeSar Hotel,ST. PETE BEACH,2020-08-19,2020-08-18,146,unknown,,0,0,1,https://reactwarn.floridajobs.org/WarnList/,6ed7765d0b7e1cfc0437dc1fd7c5d8ccfb5c9b6d1c3ffbd675715c5d,99e025794698ad45a7fa52ed74150efb31a82395,2026-07-16,2026-07-26
FL,SunStream Hotels & Resorts,NAPLES,2020-08-20,2020-03-31,19,unknown,,0,0,1,https://reactwarn.floridajobs.org/WarnList/,0460b9de70f039917f427732b3e3fd3303e007ba918688a98585b10f,14ecbfdea44ab014f807020911720abe996c233d,2026-07-16,2026-07-26
FL,SunStream Hotels & Resorts,FORT MYERS BEACH,2020-08-20,2020-03-31,71,unknown,,0,0,1,https://reactwarn.floridajobs.org/WarnList/,3cd51ee1eef3ff772f52d3a46900c5d7a91a345f7cac3710a1a1569f,f1f604c39c01a8132cf4c1347d4c2f955d790a1a,2026-07-16,2026-07-26
FL,Marriott Village Orlando Complex,ORLANDO,2020-08-21,2020-10-23,73,unknown,,0,0,1,https://reactwarn.floridajobs.org/WarnList/,7780e9f1ee29c30219cd5e3a1b60bc06c5a4299c569922af3f864009,c6768b43d310479260f0f2f7f6ce1a498d26dc7a,2026-07-16,2026-07-26
FL,Orlando World Center Marriott,ORLANDO,2020-08-21,2020-10-30,601,unknown,,0,0,1,https://reactwarn.floridajobs.org/WarnList/,5d4a92045393a872981b69ab69f8aa62fb1c5631029fb44a080c397d,27fdc60858af003a27b8fa8495ba72552b4b9667,2026-07-16,2026-07-26
FL,University of West Florida,PENSACOLA,2020-08-21,2020-07-31,4,unknown,,0,0,1,https://reactwarn.floridajobs.org/WarnList/,f878b7623c9ee2946b01244f1a5b2d23904307081e395cf691609cf0,158e1d583573e82ae0894ab93d4b0907345cf42d,2026-07-16,2026-07-26
FL,University of West Florida,TALLAHASSEE,2020-08-21,2020-08-31,3,unknown,,0,0,1,https://reactwarn.floridajobs.org/WarnList/,5eae8e305cc6119de2548df143be96dc5cf4358de5beffadd702f3c5,6bfab7220b0526b5b277300bcfb0fc931be11c8f,2026-07-16,2026-07-26
FL,Hotel Colonnade,CORAL GABLES,2020-08-24,2020-08-19,83,unknown,,0,0,1,https://reactwarn.floridajobs.org/WarnList/,133f0abc7bf8b3813d792ddf73e278e6999610b8b4d56923e66b3751,a0e5d5a56defd0daae55e00240dc62f2afd917a7,2026-07-16,2026-07-26
FL,JW Marriott Orlando Bonnet Creek Resort and Spa,ORLANDO,2020-08-24,2020-10-30,187,unknown,,0,0,1,https://reactwarn.floridajobs.org/WarnList/,827045b75870c943b4a76b09dbd4979a2bea530b888d6f88e3b7e152,2dbb16fa47a8b8e0f2a2a73694bb074c50a62ff8,2026-07-16,2026-07-26
FL,University of West Florida,TALLAHASSEE,2020-08-24,2020-07-31,2,unknown,,0,0,1,https://reactwarn.floridajobs.org/WarnList/,cca4ba06798c0d66e24510ef184fac3ae7f8a5f40cdec57ca7f88b98,3560a0b06f52b76e432040b6039bb5b302b6fe65,2026-07-16,2026-07-26
FL,University of West Florida,PENSACOLA,2020-08-24,2020-07-31,17,unknown,,0,0,1,https://reactwarn.floridajobs.org/WarnList/,420e1912578399d504bb01f3da47755870f9d38d67124d49bc2f1dd5,b5314036228a002ae45dce474ed7f0078fda5a6d,2026-07-16,2026-07-26
FL,"Starboard Holdings, Ltd.",MEDLEY,2020-08-25,2020-09-06,48,unknown,,0,0,1,https://reactwarn.floridajobs.org/WarnList/,71d6223cbab2d65ed6a7e9bcc43fbeaa38732cff06dfd170d3b40baa,3618e4b354ecccda172c53b59e4f4412cfd2d715,2026-07-16,2026-07-26
FL,"Starboard Holdings, Ltd.",MIAMI,2020-08-25,2020-07-01,46,unknown,,0,0,1,https://reactwarn.floridajobs.org/WarnList/,a7c84277aed188067da55d7bef0c7026293313a1d870477da93e3368,5e07d59d9c0f4f7d8aa45edded4f38b58882cebf,2026-07-16,2026-07-26
FL,"Stellar Partners, Inc.",MIAMI,2020-08-26,2020-10-15,17,unknown,,0,0,1,https://reactwarn.floridajobs.org/WarnList/,571de97606e46f304dc6e548ecb1341050d28d5fe75705de81e94b0c,194c5746c53ca481e72b954e16faa6282ee35675,2026-07-16,2026-07-26
FL,"Stellar Partners, Inc.",ORLANDO,2020-08-26,2020-10-15,22,unknown,,0,0,1,https://reactwarn.floridajobs.org/WarnList/,d40e155c331b828771a93a7711c4143008fb16a60a1ef735049c678e,504ee68f448daf47a00aa66ef445728411067e39,2026-07-16,2026-07-26
FL,"Stellar Partners, Inc.",TAMPA,2020-08-26,2020-10-15,20,unknown,,0,0,1,https://reactwarn.floridajobs.org/WarnList/,fef2550f9b8ce3315b84341799dda55f5982803ea3d6769b5b5708a7,f748902cde639ca7736616cece44496ab54490ae,2026-07-16,2026-07-26
FL,The Casa Marina Resort,KEY WEST,2020-08-26,2020-03-19,25,unknown,,0,0,1,https://reactwarn.floridajobs.org/WarnList/,79e6015663ec48b27b8c8e7f30be674536dbf6adfccf9a11a61a9a9d,3eb5ce084095cb98db0ea4f9fc7e5ef7d2af3bcf,2026-07-16,2026-07-26
FL,UCF Hotel Venture,ORLANDO,2020-08-26,2020-08-25,311,unknown,,0,0,1,https://reactwarn.floridajobs.org/WarnList/,c0f8c1909f8fe5512142e803615852eb597d2e8bb0f260f2a4fc2201,ecc7cde6c063007e31a519cd59ddad6dc21a7351,2026-07-16,2026-07-26
FL,UCF Hotel Venture II,ORLANDO,2020-08-26,2020-08-25,164,unknown,,0,0,1,https://reactwarn.floridajobs.org/WarnList/,4ffffb579a426977249d74d320b75a0c956083f03756162c17f0fb8e,893bb72c9212794f79a290e358d553c54e1fe00c,2026-07-16,2026-07-26
FL,UCF Hotel Venture III,ORLANDO,2020-08-26,2020-08-25,457,unknown,,0,0,1,https://reactwarn.floridajobs.org/WarnList/,2cb4f6a7a5f11e55282d2f990192e6f06873d498febbd0f5bdfc6115,1f5867a290d077be2d1452ade1bd4d02d863a390,2026-07-16,2026-07-26
FL,UCF Hotel Venture IV,ORLANDO,2020-08-26,2020-08-25,191,unknown,,0,0,1,https://reactwarn.floridajobs.org/WarnList/,526b4be7f43c06193df6ad2e679d9dc632e9a1e98f3b373e41694baf,8a9e6e48ad51a1a85ea2db0847f209c5b78a41cf,2026-07-16,2026-07-26
FL,UCF Hotel Venture V,ORLANDO,2020-08-26,2020-08-25,76,unknown,,0,0,1,https://reactwarn.floridajobs.org/WarnList/,df36604085a27d4ba1d1aa8b818682edd287ac9b9b4dcee4411d79ef,f1dc4a307c2cddba371b23c4a1e99f2f755fa470,2026-07-16,2026-07-26
FL,Faena Hotel Miami Beach,MIAMI BEACH,2020-08-27,2020-10-25,73,unknown,,0,0,1,https://reactwarn.floridajobs.org/WarnList/,4f78cc5fdb425f6dbb2f18690813205091b73c403fa9d238c2b66d40,bd0e242c44297c00d0700c815aa53cd7da3e05f5,2026-07-16,2026-07-26
FL,Hilton Orlando,ORLANDO,2020-08-27,2020-08-28,25,unknown,,0,0,1,https://reactwarn.floridajobs.org/WarnList/,02e9bcf67c8bac211a9f49894c6bc2ee0553af8d29f4bcf81c4cbe03,6464fc131bba4c3ffdcc6a542ce4e53f271b1250,2026-07-16,2026-07-26
FL,Hyatt Regency Coconut Point Resort And Spa,BONITA SPRINGS,2020-08-27,2020-09-01,92,unknown,,0,0,1,https://reactwarn.floridajobs.org/WarnList/,2fe957fa2e2f393d88d7dd45adbc771edb5db7626b6ccd3e2e567b4c,f19aa8a78772af49403e1db6ab6f45bfe317b684,2026-07-16,2026-07-26
FL,Hyatt Regency Grand Cypress,ORLANDO,2020-08-27,2020-08-31,49,unknown,,0,0,1,https://reactwarn.floridajobs.org/WarnList/,ff0d1692697451a57041d30bc3b18981fe8cd21e62a78edae08be51c,8da0a48e4722cc1dec6d1340fb34909027171cd5,2026-07-16,2026-07-26
FL,Hyatt Regency Jacksonville Riverfront,JACKSONVILLE,2020-08-27,2020-08-27,24,unknown,,0,0,1,https://reactwarn.floridajobs.org/WarnList/,a9c793492cb57b63c192e08a722cb0bbbc95040b9b7d17d02ca52fce,afdb7bf8584a920e3013703ebf81c306fd4ad44d,2026-07-16,2026-07-26
FL,Hyatt Regency Miami,MIAMI,2020-08-27,2020-08-31,72,unknown,,0,0,1,https://reactwarn.floridajobs.org/WarnList/,5d8947be12b00811523ce31656d73a684a18766008ab3213866dfa36,dc562f80000f54787538f9e4c55ca8e8d42006b7,2026-07-16,2026-07-26
FL,"Spirit Airlines, Inc.",FORT LAUDERDALE,2020-08-27,2020-10-01,11,unknown,,0,0,1,https://reactwarn.floridajobs.org/WarnList/,d4d5f44f8bec529c489164a6db56cde283002039338f45b300e05a31,813da4452ddbb5240cfcbb27c71f334beea1819b,2026-07-16,2026-07-26
FL,"Spirit Airlines, Inc.",ORLANDO,2020-08-27,2020-10-01,1,unknown,,0,0,1,https://reactwarn.floridajobs.org/WarnList/,de671ac8e6036b6577bda41849432448834b316cb637c6900635a7c2,e21d92990069b6c3ae0f2e0e6a9e6eba2b224d6d,2026-07-16,2026-07-26
FL,Renaissance Boca Raton Hotel,BOCA RATON,2020-08-28,2020-08-28,76,unknown,,0,0,1,https://reactwarn.floridajobs.org/WarnList/,347c2fb6f1fef241597aeaed8bf9062bf359608b74cb9b366b37ce5a,ce98d39e7fa01b94ef20ab834b318a94aa227972,2026-07-16,2026-07-26
FL,ABB Inc.,LAKE MARY,2020-08-31,2020-10-31,44,unknown,,0,0,1,https://reactwarn.floridajobs.org/WarnList/,94e810c1e303229cd399afbf4507ffc78e7d486984a9178acaea5d9d,cebd6d1bb0e62a48753f76dc43b69db24437424e,2026-07-16,2026-07-26
FL,Pullman Miami Airport,MIAMI,2020-08-31,2020-06-15,70,unknown,,0,0,1,https://reactwarn.floridajobs.org/WarnList/,e5a2dc855bc8fb7c37f83e77ea4a1f2d707e6e5b6f0ff1f300a2c6e8,04aebf60aa94149b183c29a9c0781c23fde986fb,2026-07-16,2026-07-26
FL,Renaissance Plantation,PLANTATION,2020-08-31,2020-08-31,24,unknown,,0,0,1,https://reactwarn.floridajobs.org/WarnList/,9fb0dbddc4265b20387b0b928d15c9be679d94447e80e39e295435f2,e69e31bd60139597d30d48a02e7059502ec5455d,2026-07-16,2026-07-26
FL,Seminole Hard Rock Hotel & Casino - Hollywood,HOLLYWOOD,2020-08-31,2020-12-31,1527,unknown,,0,0,1,https://reactwarn.floridajobs.org/WarnList/,2074c71e79a34952421bd83ee7707d40471c5bf59aeaf6f150e06bfc,7a592659e591145e2febdd065cba4cc65a13bb5e,2026-07-16,2026-07-26
FL,Airport Management Services and Hudson Group,MIAMI,2020-09-01,2020-08-31,88,unknown,,0,0,1,https://reactwarn.floridajobs.org/WarnList/,cb52b413a95c2a5129224945efa1d91295e7a440f2368be4875b99a2,86fe27d9bcf058c58469f6b58d8349bd5d6053ac,2026-07-16,2026-07-26
FL,Airport Management Services and Hudson Group,FORT LAUDERDALE,2020-09-01,2020-08-31,37,unknown,,0,0,1,https://reactwarn.floridajobs.org/WarnList/,67817b92f954ce823626b3e84ac581f43a81dda8cc4f076bdea05424,9713948b98e1b738d647f97522530c39f7a59695,2026-07-16,2026-07-26
FL,"Derby Building Products, LLC",MIAMI,2020-09-01,2020-10-30,33,unknown,,0,0,1,https://reactwarn.floridajobs.org/WarnList/,2cbbd9e643d6908c7b9e518931c75ca4e8f258dbb8646398f8d2754c,9287de0e1fe8df96e530985703a43bb7d22142e6,2026-07-16,2026-07-26
FL,"Mitsukoshi USA, Inc.",ORLANDO,2020-09-01,2020-09-01,15,unknown,,0,0,1,https://reactwarn.floridajobs.org/WarnList/,61a92cb023c8ae176dbd9b894ab586fcf1399e7229382a21fc4270dd,d3445d275ebdee031460fdfa562683696a8a726a,2026-07-16,2026-07-26
FL,"G2 Secure Staff, LLC",MIAMI,2020-09-02,2020-10-27,32,unknown,,0,0,1,https://reactwarn.floridajobs.org/WarnList/,a81c24d25e5a2104b4dbec60dd39b7aca927bc37ed298fcf58ee1864,d3f28312f5e6a355ab681c8b91ef0af07e8278ef,2026-07-16,2026-07-26
FL,"Live Nation Entertainment, Inc.",ORLANDO,2020-09-02,2020-04-24,77,unknown,,0,0,1,https://reactwarn.floridajobs.org/WarnList/,d2a93d4a2847c0141aec43b73ab04b800b9e412fc05663e5e1757f25,e2c86d6f302a33274a6f97548822939f38d7a739,2026-07-16,2026-07-26
FL,Margaritaville Hollywood Beach Resort,HOLLYWOOD,2020-09-02,2020-08-18,303,unknown,,0,0,1,https://reactwarn.floridajobs.org/WarnList/,186678c2d72ab0b22e90e636c6f9fcb55f0d6f15f1836f22661b25bd,8bcb55ab670475c023548b5963524b51ac57a890,2026-07-16,2026-07-26
FL,Sur La Table Store 159,MIAMI,2020-09-02,2020-09-01,23,unknown,,0,0,1,https://reactwarn.floridajobs.org/WarnList/,61c957310a9ffb9a50a66041ae295de3587816823b286b48efb0f596,2c98f0294c4183670393029aa910c0d70e814fbc,2026-07-16,2026-07-26
FL,Sur La Table Store 162,WEST PALM BEACH,2020-09-02,2020-09-01,18,unknown,,0,0,1,https://reactwarn.floridajobs.org/WarnList/,5753f1a2972713199c4effe1aefa7170a6caaded325984587d0d5440,586bd65e3d672db60bdfb14fe1f72609f885791a,2026-07-16,2026-07-26
FL,Sur La Table Store 57,PALM BEACH GARDENS,2020-09-02,2020-09-01,8,unknown,,0,0,1,https://reactwarn.floridajobs.org/WarnList/,c373eb4166d4f6a7e6a0b24e502c186b6d344e823dce760cfb31efe8,557b8c3725afc73e37063e5a115a2829e4d79747,2026-07-16,2026-07-26
FL,Sur La Table Store 65,SARASOTA,2020-09-02,2020-09-01,10,unknown,,0,0,1,https://reactwarn.floridajobs.org/WarnList/,f3e8f25ab74ce6ebdbdc6e546e0cbd315c1a8d8e0cb6bb0c39c9a721,75ed9ec4ac039dfd5538f842aa261a1ccb0af9bf,2026-07-16,2026-07-26
FL,Sur La Table Store 68,PEMBROKE PINES,2020-09-02,2020-09-01,10,unknown,,0,0,1,https://reactwarn.floridajobs.org/WarnList/,0110d7db670bdb407ff598212b77f07a0f3d6fb2d67bb5ca4e73b17c,3ddebb0b0df8385414d8f802ed53efe4b466f965,2026-07-16,2026-07-26
FL,Sur La Table Store 83,AVENTURA,2020-09-02,2020-09-01,11,unknown,,0,0,1,https://reactwarn.floridajobs.org/WarnList/,5fd5d8f46aa40d7110f81cd507287cf00e6296f22ea84ffb411264b8,2e9f2563f6c8bfa388118826df1aeb131597e83d,2026-07-16,2026-07-26
FL,"Venus Fashion, Inc.",JACKSONVILLE,2020-09-02,2020-10-10,133,unknown,,0,0,1,https://reactwarn.floridajobs.org/WarnList/,1885f46c610594665efeaf653bacb839626f6a78a4453896cf72deb7,1787c3b0d596c0f116223628744c93f3e15fc449,2026-07-16,2026-07-26
FL,iVox Solutions,PORT SAINT LUCIE,2020-09-02,2020-10-30,148,unknown,,0,0,1,https://reactwarn.floridajobs.org/WarnList/,06960c2082f3dc8da97f618de7b8f4368b92e4d481b30b8b9b6e8db9,fae26a80a2f35161973289ecea6e0f6296a68936,2026-07-16,2026-07-26
FL,Entertainment Benefits Group,ORLANDO,2020-09-03,2020-09-03,60,unknown,,0,0,1,https://reactwarn.floridajobs.org/WarnList/,6aa8c556bfb5f5b02183d92538f6395b197ca7934f19f673d9265900,62abd90b4568aa3788b2cd57dfaba28ae37d6a32,2026-07-16,2026-07-26
FL,"MVW SSC, INC.",ORLANDO,2020-09-03,2020-11-13,17,unknown,,0,0,1,https://reactwarn.floridajobs.org/WarnList/,d440dc490991837fe0c2cc2434645ce422e329dd03329a772e5ddc77,8c8a27507311ced99c835a5275d5d69e9c1e35a4,2026-07-16,2026-07-26
FL,"Marriott Ownership Resorts, Inc.",ORLANDO,2020-09-03,2020-11-13,47,unknown,,0,0,1,https://reactwarn.floridajobs.org/WarnList/,ab3c21d08a54c8fc1b95ce78f3927a9441bd1fb7078a791c235dc4bd,786d331436699f5a0d780a9a7a84777469378bc2,2026-07-16,2026-07-26
FL,Marriott Resorts Hospitality Corporation,ORLANDO,2020-09-03,2020-11-13,243,unknown,,0,0,1,https://reactwarn.floridajobs.org/WarnList/,9605f5c910193c54cfc1c40bb6b1799601bdc14361eec8e9fb2f50b7,4389035988e23f15f724c09b5307fb27fc82eaa1,2026-07-16,2026-07-26
FL,"Vistana Development, Inc.",ORLANDO,2020-09-03,2020-11-13,34,unknown,,0,0,1,https://reactwarn.floridajobs.org/WarnList/,4977d45c8a4ba33f2ccf1d55da522f3bcc2dfa9ca29e350e6a5e8780,537760bef5829e38809886964e7db8b9eb85145a,2026-07-16,2026-07-26
FL,"Vistana Management, Inc.",ORLANDO,2020-09-03,2020-11-13,301,unknown,,0,0,1,https://reactwarn.floridajobs.org/WarnList/,338638ca3b9963b259d18f71417a5bb05f669c6c768fcc1e29345dcc,1fec399fb4741409737f6b36301f8c88ef1ef571,2026-07-16,2026-07-26
FL,"Vistana Vacation Ownership, Inc.",ORLANDO,2020-09-03,2020-11-13,6,unknown,,0,0,1,https://reactwarn.floridajobs.org/WarnList/,a0723f5f56d151897eeff0b8a50473d6523ee77edfa45978e9c482c3,844be02e8acc2430f962ac3efd1007e24a677edc,2026-07-16,2026-07-26
FL,WARN Marriott Ownership Resorts Inc,ORLANDO,2020-09-03,2020-11-13,20,unknown,,0,0,1,https://reactwarn.floridajobs.org/WarnList/,d5d889e61542a98428b8bfdee11d4685153412af749c932c7c07dde6,78b946945f8d9ce4572968692c27a2ac283e2401,2026-07-16,2026-07-26
FL,Worldwide Vacation & Travel,ORLANDO,2020-09-03,2020-11-13,1,unknown,,0,0,1,https://reactwarn.floridajobs.org/WarnList/,5fb51b5bc0f547d24c79bed97a9e8d5a79f0c147d0123ea9e0d3731a,42b38ad4369d162e5b7b1f58a7130928854e5c07,2026-07-16,2026-07-26
FL,"Avis Budget Car Rental, LLC",FORT LAUDERDALE,2020-09-04,2020-04-01,1,unknown,,0,0,1,https://reactwarn.floridajobs.org/WarnList/,d728d6467f9a661fe3de6b8848c5b3ec479d88b12919407f0cfaf091,2746f0d31129bd238cbfe4f0ec2944e2675392eb,2026-07-16,2026-07-26
FL,"Avis Budget Car Rental, LLC",TAMPA,2020-09-04,2020-04-01,1,unknown,,0,0,1,https://reactwarn.floridajobs.org/WarnList/,f307f6842998b50421bbeb2abfb8e58baf43811112f8ca6b97ecfe6c,2b992c8080b63c637bb834f01d8dd3fe04e15db5,2026-07-16,2026-07-26
FL,"Avis Budget Car Rental, LLC",SARASOTA,2020-09-04,2020-04-01,7,unknown,,0,0,1,https://reactwarn.floridajobs.org/WarnList/,f522458fc52e9af53c64100f452e20db9181b3761805579a54147fce,32e7e3aaa0aaa051fe5183f31adbcf78b3b895b7,2026-07-16,2026-07-26
FL,"Avis Budget Car Rental, LLC",DANIA,2020-09-04,2020-04-01,9,unknown,,0,0,1,https://reactwarn.floridajobs.org/WarnList/,1f7b8e378d97610ea74782a7d87e40810e8b5cfd98d4b17b82ddcbb7,381caed7926e59824593285d770f26b992fd3c4f,2026-07-16,2026-07-26
FL,"Avis Budget Car Rental, LLC",JACKSONVILLE,2020-09-04,2020-09-04,12,unknown,,0,0,1,https://reactwarn.floridajobs.org/WarnList/,cbe32230656a5d66ac3732929649dd2ba13269b01d76a33337faabef,4d0f05189d0fd00954c8dcc5c25570229e3013da,2026-07-16,2026-07-26
FL,"Avis Budget Car Rental, LLC",KEY WEST,2020-09-04,2020-04-01,1,unknown,,0,0,1,https://reactwarn.floridajobs.org/WarnList/,8d35d44302c487d39b04e367cc75fe26378f86702138c26f7ab0fca1,4f8e7d36c36919550e20264b7e5749256b9a1694,2026-07-16,2026-07-26
FL,"Avis Budget Car Rental, LLC",MIAMI,2020-09-04,2020-04-01,17,unknown,,0,0,1,https://reactwarn.floridajobs.org/WarnList/,62e28883a2e9c564af0701d9134e2279d3bfcf883ff47faa29d4f518,5defaad35ed19b52c971ec0229ff264a50137a17,2026-07-16,2026-07-26
FL,"Avis Budget Car Rental, LLC",PENSACOLA,2020-09-04,2020-04-01,7,unknown,,0,0,1,https://reactwarn.floridajobs.org/WarnList/,904c826edc1fb1527bec4e4a042e098e6450508e8c2b0b3da58c2f95,5e99845fa2cbf231e2aa6cfc1482aca0074d7619,2026-07-16,2026-07-26
FL,"Avis Budget Car Rental, LLC",ORLANDO,2020-09-04,2020-04-01,7,unknown,,0,0,1,https://reactwarn.floridajobs.org/WarnList/,5f7ca2e8cbbc4713c33fa7475039c89dc3e9af7a89cd0a8df1f28c9e,635c42b47cef411dafd2fa0da0da50f2513af39a,2026-07-16,2026-07-26
FL,"Avis Budget Car Rental, LLC",GAINESVILLE,2020-09-04,2020-04-01,1,unknown,,0,0,1,https://reactwarn.floridajobs.org/WarnList/,726e292bda9fc817ab220c9e4294e0e2f58ee2429316f11fa5a895cd,67f11f75daaddd71e68c3293718f714677b63b82,2026-07-16,2026-07-26
FL,"Avis Budget Car Rental, LLC",PANAMA CITY,2020-09-04,2020-04-01,2,unknown,,0,0,1,https://reactwarn.floridajobs.org/WarnList/,47e44fc95fe7ebc16e900c5259aa41c2ed910591949821b136a1e477,af6420465c462bc50d8f73c9682bdf54cb24f913,2026-07-16,2026-07-26
FL,"Avis Budget Car Rental, LLC",TALLAHASSEE,2020-09-04,2020-04-01,1,unknown,,0,0,1,https://reactwarn.floridajobs.org/WarnList/,609a07e8eb24c9fa80648e8f434ae1534afc0aad56e675e7f84c6a2a,d3ec864d9721667c8db1207c5faf31d209e91ed4,2026-07-16,2026-07-26
FL,"Avis Budget Car Rental, LLC",FORT MYERS,2020-09-04,2020-04-01,42,unknown,,0,0,1,https://reactwarn.floridajobs.org/WarnList/,9c861c527c86de869cb64fe9a51cb80862327da487b0fd0817acc5a6,e1a64cac80aee28e249dd29da2e34eab954a00bf,2026-07-16,2026-07-26
FL,"DirectBuy Home Improvements Inc., DBA Z",PALM BEACH,2020-09-04,2020-08-29,8,unknown,,0,0,1,https://reactwarn.floridajobs.org/WarnList/,c820d86b8dd8835dac90436e0046f4a0c0a81fface2aa34e1cf92e69,03fd97d0828d453541e190529bb490eddf3860d9,2026-07-16,2026-07-26
FL,"DirectBuy Home Improvements Inc., DBA Z",TAMPA,2020-09-04,2020-08-29,10,unknown,,0,0,1,https://reactwarn.floridajobs.org/WarnList/,3acf40244e95a55ae97b78f696e08b63ed740781f76f9108ca5a0380,2f9f3fe2463cdcbbb1ab5dea8098b76471dff32b,2026-07-16,2026-07-26
FL,"DirectBuy Home Improvements Inc., DBA Z",BOCA RATON,2020-09-04,2020-08-29,18,unknown,,0,0,1,https://reactwarn.floridajobs.org/WarnList/,797c8ff2d8c92c50ecad865db9772308ed2f9db0a9a5c47df7132352,463de8b05d0c783eb38d94c568aa67b59d754784,2026-07-16,2026-07-26
FL,"DirectBuy Home Improvements Inc., DBA Z",NAPLES,2020-09-04,2020-08-29,8,unknown,,0,0,1,https://reactwarn.floridajobs.org/WarnList/,26a867453d355d01e10fc1d189799ef82c100ce293ab88820934f324,80f37e7264e6d3f42a4aedbc5da5f7dafd52c291,2026-07-16,2026-07-26
FL,Hotelbeds,ORLANDO,2020-09-04,2020-08-31,29,unknown,,0,0,1,https://reactwarn.floridajobs.org/WarnList/,0d78b6bd7d83fc431e4e6c26f3ec8a9f70947d4477a7dd4b6da7883c,52b36e4f688a2facea8804582e5461c8f3ba3997,2026-07-16,2026-07-26
FL,SeaWorld Parks and Entertainment LLC d/b/a Busch Gardens,TAMPA,2020-09-04,2020-09-04,948,unknown,,0,0,1,https://reactwarn.floridajobs.org/WarnList/,770eb82338c80b7f95889cd3cdcbdd58983df16a6b27507d13b6029f,993d9a9421ff3180ad9fbf3526976a231b0db62f,2026-07-16,2026-07-26
FL,"SeaWorld of Florida LLC, SWBG Orlando Corporate Operations Group, LLC",ORLANDO,2020-09-04,2020-09-04,1896,unknown,,0,0,1,https://reactwarn.floridajobs.org/WarnList/,5276e8ea78f9c266cd0e6aaedd3f3ac29f5903a028ad59bcaa655f70,0f2ffa598a91e6ef64780a8d00a430f8cc9937c3,2026-07-16,2026-07-26
FL,Trump Miami Resort Management LLC,DORAL,2020-09-04,2020-03-19,88,unknown,,0,0,1,https://reactwarn.floridajobs.org/WarnList/,8df5f77ca861b49a2fe1d909f00e85c72aee84da5dfb3d6b74a325cf,20347c9da9f485d1d9c686239ae932bdff70e645,2026-07-16,2026-07-26
FL,Universal City Development Partners,ORLANDO,2020-09-04,2020-05-03,5389,unknown,,0,0,1,https://reactwarn.floridajobs.org/WarnList/,0af4ec40781564c326b59f4cd54300a1ffd155d31f7b95a9b347454d,0a2ca8e249638ee66a80b281e812e92a22597f61,2026-07-16,2026-07-26
FL,Wyndham Lake Buena Vista Resort,LAKE BUENA VISTA,2020-09-04,2020-08-28,139,unknown,,0,0,1,https://reactwarn.floridajobs.org/WarnList/,c4dbe7067155d11a513e63123359e9cef88e67cc64eaf78af88abf5c,4c73dd1bf3d9829620333e31453057004e683edf,2026-07-16,2026-07-26
FL,"Hotelier Consulting Services, LLC",MIAMI LAKES,2020-09-08,2020-09-08,172,unknown,,0,0,1,https://reactwarn.floridajobs.org/WarnList/,eed89b2d61da76dfbb41efb8ca17ee52759d9e701217800f65223d53,a090e26df5383a47d50d77525fe76fba949e4dd5,2026-07-16,2026-07-26
FL,"Hotelier Laundry, LLC",LAKELAND,2020-09-08,2020-09-08,93,unknown,,0,0,1,https://reactwarn.floridajobs.org/WarnList/,7ad01c2d05dc792a9470ff6d545bda22a4661a49fd6ea814ec003b0d,b043ca1c8e857c373b5570bd9c5ee30344ed24af,2026-07-16,2026-07-26
FL,"Mears Destination Services, Inc. and City Cab Company of Orlando, LLC",ORLANDO,2020-09-08,2020-09-06,2,unknown,,0,0,1,https://reactwarn.floridajobs.org/WarnList/,4ec1aa5cf176506ca14710932f6a8c6a26070dc5d28d294f434b6d8a,d65d49b623f4790d98e6ca11ace9493a9cf69a11,2026-07-16,2026-07-26
FL,Century 21 Stores,SUNRISE,2020-09-09,2020-10-09,39,unknown,,0,0,1,https://reactwarn.floridajobs.org/WarnList/,93960f7a46ee6ebffec8af832f89f0e84746edc234cb6f9ae2e58b8a,ff308fb87f488896acbc2a077530df6e42b2f328,2026-07-16,2026-07-26
FL,American Technical Ceramics,JACKSONVILLE,2020-09-10,2020-11-12,45,unknown,,0,0,1,https://reactwarn.floridajobs.org/WarnList/,d53553f25cce599314c5634e4fc63064d23583a0b9ceaca378f330a1,719cf339e576658fbdf7d060c56ac2622a6b4772,2026-07-16,2026-07-26
FL,WHC Payroll Company dba Walt Disney World Swan,LAKE BUENA VISTA,2020-09-10,2020-11-13,1136,unknown,,0,0,1,https://reactwarn.floridajobs.org/WarnList/,3eaa50f7eca6571d23e660801f8878283dd64958f791677e6e9d7117,40277ba5d50da26b5c6b4a28c6e9784f906656ff,2026-07-16,2026-07-26
FL,Airport Management Services and Hudson Group,ORLANDO,2020-09-14,2020-10-01,35,unknown,,0,0,1,https://reactwarn.floridajobs.org/WarnList/,db7f932e5087062cb99a849bf2d55be00586bad9b8f64c1349eb2b94,fd3971cbe1f8bdcd6f7731a195bc37fc40649903,2026-07-16,2026-07-26
FL,"Mears Destination Services, Inc. and City Cab Company of Orlando, LLC",ORLANDO,2020-09-14,2020-08-31,8,unknown,,0,0,1,https://reactwarn.floridajobs.org/WarnList/,b1e00d7561eafb8f1b7fa92cbf4b9dc39e87ea71cd21f0f9c6673a47,e48f23090f7ee16df9fcb6e13f451268c1f6f185,2026-07-16,2026-07-26
FL,"Vista Building Maintenance Services, Inc.",MIAMI,2020-09-14,2020-11-01,184,unknown,,0,0,1,https://reactwarn.floridajobs.org/WarnList/,a2a0cba5b6f0d6388f53b937cd50df1db421deb7ce34d85f6a952bd5,b8f3073fee302ddafecb8f689bcac885224aa004,2026-07-16,2026-07-26
FL,"Vistana Management, Inc.",ORLANDO,2020-09-14,2020-11-13,307,unknown,,0,0,1,https://reactwarn.floridajobs.org/WarnList/,dda57f85062da94a8a8800438970ce145a203c4dd1a038eb31b7bc75,6e8b72fc11cb3fb1160614b44b89b955a44b93c6,2026-07-16,2026-07-26
FL,"Vistana Vacation Ownership, Inc.",ORLANDO,2020-09-14,2020-11-13,1,unknown,,0,0,1,https://reactwarn.floridajobs.org/WarnList/,bbffdb901a2d91196c2afd16ad1bb4e60146e2dbd95f781f3e238b50,595406f570d0d9bb6f469f720b84da323767b8c4,2026-07-16,2026-07-26
FL,Lags Medical Centers,BRADENTON,2020-09-15,2020-11-02,1,unknown,,0,0,1,https://reactwarn.floridajobs.org/WarnList/,d0934c31a38bd40416584e2e022df676f623d9dcf3960cf53b867b2f,f4097f36cd060bafc9a6f33ed15d38425b019f72,2026-07-16,2026-07-26
FL,"Avis Budget Car Rental, LLC",WEST PALM BEACH,2020-09-16,2020-04-01,1,unknown,,0,0,1,https://reactwarn.floridajobs.org/WarnList/,7f665b0cc2026ef9e9b3a1d76016c57c85180b62180e14cf746a222d,4b509ec1c77bae116f07d2810154aadcc69af22f,2026-07-16,2026-07-26
FL,"Sodexo, Inc.",LAKE BUENA VISTA,2020-09-16,2020-03-01,144,unknown,,0,0,1,https://reactwarn.floridajobs.org/WarnList/,320d4e9756af83c8e41c032d2657276b95ec358ea50f6518346f5efa,d3c8ccc14000883bdff3d663b02dc26c87055337,2026-07-16,2026-07-26
FL,Amentum,JACKSONVILLE,2020-09-18,2020-10-26,13,unknown,,0,0,1,https://reactwarn.floridajobs.org/WarnList/,b8f6d87bd1805f224d8a1e6938bc0a36ffa37beddbe03976737721b6,115dd745a240cd1c170d52c73f1c1e98626c65ab,2026-07-16,2026-07-26
FL,Amentum,KEY WEST,2020-09-18,2020-10-26,10,unknown,,0,0,1,https://reactwarn.floridajobs.org/WarnList/,49ae6a76284bcd2de492c3f90bfe614949b019f7d1455114cc1b4319,7563bc45eb88bc12ea7c973a1dca2789f2f1344a,2026-07-16,2026-07-26
FL,Amentum,ALTOONA,2020-09-18,2020-10-26,16,unknown,,0,0,1,https://reactwarn.floridajobs.org/WarnList/,e1922eb7246f9557111aabf0740aa88b859c4085036cb9a198567cea,d8c34f7267b9f1419e9d0dcc5cc5796b386e327c,2026-07-16,2026-07-26
FL,Nationwide Insurance,GAINESVILLE,2020-09-18,2020-11-16,101,unknown,,0,0,1,https://reactwarn.floridajobs.org/WarnList/,a2d73d6543be138c2e06a4c812e45e52d54d21e7edcaeb16f1817c1c,8bef766f509da13c7dff7385f1315076de8fe665,2026-07-16,2026-07-26
FL,"Production Resource Group, LLC",ORLANDO,2020-09-18,2020-03-22,104,unknown,,0,0,1,https://reactwarn.floridajobs.org/WarnList/,53395bc39cdd0f4354e73abf8d2e7f41d554f13252582c4c0ed20fea,ecef3678531916c0687807444c576529090b8323,2026-07-16,2026-07-26
FL,Sonesta Fort Lauderdale Beach Hotel,FORT LAUDERDALE,2020-09-18,2020-11-10,53,unknown,,0,0,1,https://reactwarn.floridajobs.org/WarnList/,9fdfd9f316085758c1b7dd71056f5bb47c5d5be20afcf1a23570d3b9,8d9c13f2dc929853c0b53f72ddf65d166a028377,2026-07-16,2026-07-26
FL,"Freeman Expositions, LLC",ORLANDO,2020-09-21,2020-09-23,102,unknown,,0,0,1,https://reactwarn.floridajobs.org/WarnList/,2dbf11fc2320bb6ea94f3edae9f435902f91a35bcc2be6e32e003476,7ff67877426b2614dd1026001d605989346997d2,2026-07-16,2026-07-26
FL,TI Fluid Systems,SANFORD,2020-09-21,2020-11-16,18,unknown,,0,0,1,https://reactwarn.floridajobs.org/WarnList/,d448bd0d313487404945a2dc4c30128f84e771279b18c4371675d9c7,c570b8311df2240acf1a8e9facb52d9882fd8970,2026-07-16,2026-07-26
FL,"The Freeman Company, LLC",ORLANDO,2020-09-21,2020-09-23,36,unknown,,0,0,1,https://reactwarn.floridajobs.org/WarnList/,bc390b79b0e35d0ccae076c62d8f6ccd5a5821c3f3b706838d5e2f39,a45887fe53b3aade43439b2baaa226c5cf85d7ca,2026-07-16,2026-07-26
FL,DoubleTree by Hilton Grand Hotel Biscayne Bay,MIAMI,2020-09-22,2020-03-20,38,unknown,,0,0,1,https://reactwarn.floridajobs.org/WarnList/,aa92b5f57dcab3ba51f819cddd27dcb2538e84e87299fca4ab0d85a2,bdadf8135e2e2b15df9ecddae5254a0388364657,2026-07-16,2026-07-26
FL,Omni-ChampionsGate Resort Hotel LP dba Omni Orlando Resort Hotel at ChampionsGate,CHAMPIONSGATE,2020-09-22,2020-03-20,541,unknown,,0,0,1,https://reactwarn.floridajobs.org/WarnList/,004ba8a84df086f5ea8794408b37a25c2c39238a7c6d3a5ddc9382c8,03bc4009441f64498b8f8b4019b182263d9ce65b,2026-07-16,2026-07-26
FL,"The Breakers Palm Beach, Inc.",PALM BEACH,2020-09-22,2020-03-18,642,unknown,,0,0,1,https://reactwarn.floridajobs.org/WarnList/,d8f17073aab12e9c79c27f2c6f1679468a2726b81c740c68f22b3693,b0198ec7f3eed94740f4bd91fe37c4ed192b58ca,2026-07-16,2026-07-26
FL,Bright Horizons Children's Centers LLC,JACKSONVILLE,2020-09-23,2020-04-30,89,unknown,,0,0,1,https://reactwarn.floridajobs.org/WarnList/,b58a000b05b9232f08830a5ccaa8d6dbb3d1f4b19686a17ba12c0985,0420422d04db507c757fc71330e72197efcad4b8,2026-07-16,2026-07-26
FL,SP+ Corporation,FORT LAUDERDALE,2020-09-23,2020-09-23,119,unknown,,0,0,1,https://reactwarn.floridajobs.org/WarnList/,09964a39f7470770db63f73b844d26661b2d60aafe620d9ba7fa47bd,9b703e2c9703b0a47ed5a3f0eb4657c0e91053f8,2026-07-16,2026-07-26
FL,Baggage Airline Guest Services,ORLANDO,2020-09-25,2020-09-23,213,unknown,,0,0,1,https://reactwarn.floridajobs.org/WarnList/,34eb55ca1977b43136fb897b6e68ff0905e3c093d649c82fad557cdb,15ad5ee254281fcd16d2a226415b91e0b874bd13,2026-07-16,2026-07-26
FL,"MVW SSC, INC.",ORLANDO,2020-09-25,2020-11-13,14,unknown,,0,0,1,https://reactwarn.floridajobs.org/WarnList/,4c3d6bf64e80edeac2dab0e08b04d7fd711e90e93a0d6e7559b2a7f8,ff0f188719f2b1c8c1132b285d1e67e3421910b3,2026-07-16,2026-07-26
FL,Marriott Resorts Hospitality Corporation,ORLANDO,2020-09-25,2020-11-13,223,unknown,,0,0,1,https://reactwarn.floridajobs.org/WarnList/,934c667289190d0ec6b003f3f6dfdd5ab691d0fbb9897a822a263098,4f9d6c2a96a76e5e7e81e8b75a1dc910b64fcb3d,2026-07-16,2026-07-26
FL,"VISTANA MANAGEMENT, INC.",ORLANDO,2020-09-25,2020-11-13,295,unknown,,0,0,1,https://reactwarn.floridajobs.org/WarnList/,24f147905cb41f485b54cbc8478356cf8c1d53f8e635ed34c44f10d9,a947a1913101b8ac5ee81b6a8248a7a015383f79,2026-07-16,2026-07-26
FL,"Vistana Development, Inc.",ORLANDO,2020-09-25,2020-11-13,130,unknown,,0,0,1,https://reactwarn.floridajobs.org/WarnList/,91adc794ff7475f343fa1ccc620da916101a37ca9ad0e0449f274940,1636e9143158a83660fb0692f85709b174d13ad5,2026-07-16,2026-07-26
FL,Victoria's Secret,SUNRISE,2020-09-28,2020-11-28,99,unknown,,0,0,1,https://reactwarn.floridajobs.org/WarnList/,cafb5554994a8f1bd7a503e39cc15f254f7035e7cedaa724f74fdefc,a75c4035a153865b2ed521112aa1331dd38bf898,2026-07-16,2026-07-26
FL,Crowne Plaza Miami Airport,MIAMI,2020-09-29,2020-11-30,55,unknown,,0,0,1,https://reactwarn.floridajobs.org/WarnList/,d0586dbe5ac90c34b8e79446872882003907a3c1f08ab251a5dc65c6,30771bb4c4b3d72d0d74ca8dafaf142ed3693e11,2026-07-16,2026-07-26
FL,"DVD, Inc.",CELEBRATION,2020-09-30,2020-12-04,32,unknown,,0,0,1,https://reactwarn.floridajobs.org/WarnList/,e21be6dc030477de0c060393b8c74ff36bd511acfbd023c5fd9d19ce,0d5d583434bedf27dd15259549da6df2066fb916,2026-07-16,2026-07-26
FL,"DVD, Inc.",LAKE BUENA VISTA,2020-09-30,2020-12-04,244,unknown,,0,0,1,https://reactwarn.floridajobs.org/WarnList/,c38e61797551b12ce850f826d3ce48b19ca4135d4bf9afbf0699e124,75ea697af010f9f5d7715b10716a003fbf808ff2,2026-07-16,2026-07-26
FL,"Walt Disney Parks and Resorts U.S., Inc.",CELEBRATION,2020-09-30,2020-12-04,61,unknown,,0,0,1,https://reactwarn.floridajobs.org/WarnList/,144a6c13783449c31fc335a7ac57a7bf5a633f6df83bc1492038ddd3,4ec55e1a50c0c18112d84fcbbe79f8b310485ca0,2026-07-16,2026-07-26
FL,"Walt Disney Parks and Resorts U.S., Inc.",LAKE BUENA VISTA,2020-09-30,2020-12-04,6246,unknown,,0,0,1,https://reactwarn.floridajobs.org/WarnList/,c8024f0ef05c0538b9d5137d6c467a4a3bce3148972ac3721bc1f250,55f7bf13f87d7c6621553e3331f1ce01f5944f86,2026-07-16,2026-07-26
FL,"Walt Disney Parks and Resorts U.S., Inc.",ORLANDO,2020-09-30,2020-12-04,49,unknown,,0,0,1,https://reactwarn.floridajobs.org/WarnList/,114bbc55957f5546722ece26b71556c1083682a126aacb0e965d3e0b,ef57a7b7f12cc67e0e9b8a587556437e8b098c06,2026-07-16,2026-07-26
FL,"Brickell Financial Services - Motor Club, Inc., d/b/a Road America Motor Club",MIAMI,2020-10-01,2020-11-30,115,unknown,,0,0,1,https://reactwarn.floridajobs.org/WarnList/,e4aa11183d5a94985c1dc332b1ca2a7b9a9416ff969fe306f1b96e77,b620a0beb2b30ae6ea95cfa42fc42b59fd3126d6,2026-07-16,2026-07-26
FL,Hyatt Regency Grand Cypress,ORLANDO,2020-10-01,2020-10-10,27,unknown,,0,0,1,https://reactwarn.floridajobs.org/WarnList/,3baa6b380113bf5fa356750278b16d16fc3a34b6e8254ec4aa3eceb5,b98b55ce1c002f7655a6d0a5bdafcb64ef4523e4,2026-07-16,2026-07-26
FL,Miami International Airport Hotel,MIAMI,2020-10-01,2020-12-01,81,unknown,,0,0,1,https://reactwarn.floridajobs.org/WarnList/,5d44a5a9ff4c8663eeea327cecc746dbde1452f9db7bb2bc11ff8272,fc894270cca9c834db355e0ce4fc582cc3992311,2026-07-16,2026-07-26
FL,Baggage Airline Guest Services,ORLANDO,2020-10-05,2020-09-25,560,unknown,,0,0,1,https://reactwarn.floridajobs.org/WarnList/,637561060ae1db87ab09fdc10f05fd3eeee2d61aa204307ee2a7ee7f,c590098f6ccc894f8bd4050070ad6e12b92b24cf,2026-07-16,2026-07-26
FL,P.F. Chang's China Bistro,MIAMI BEACH,2020-10-05,2020-03-20,115,unknown,,0,0,1,https://reactwarn.floridajobs.org/WarnList/,ce05878ca1abc32eee226fd85d332cea5e3d88a7da0f174b75d030dc,20c4dd4ab9e335c69ab613a6e130c19d234d489d,2026-07-16,2026-07-26
FL,P.F. Chang's China Bistro,MIAMI,2020-10-05,2020-03-20,70,unknown,,0,0,1,https://reactwarn.floridajobs.org/WarnList/,c5ed97c19a0a4ae29141e1d35ec8d6f2171e17951fa0fcd2a1cd5351,2936ee4ccec2d460360d5d9763cbda7cba9ad488,2026-07-16,2026-07-26
FL,P.F. Chang's China Bistro,JACKSONVILLE,2020-10-05,2020-03-20,109,unknown,,0,0,1,https://reactwarn.floridajobs.org/WarnList/,a3fa98683587a42be7e239741d2f45237edea7b90f36193ca2a457c9,334e59ce8f4c9550d8aa8cf9f74cf16f9567a064,2026-07-16,2026-07-26
FL,P.F. Chang's China Bistro,PALM BEACH GARDENS,2020-10-05,2020-03-20,78,unknown,,0,0,1,https://reactwarn.floridajobs.org/WarnList/,282a6ae8c4b8c22879b52c90b7f3878405002f1d317afb91e5ddebde,39f8c2e1abb1a3c7a67228fd3f8566448308928a,2026-07-16,2026-07-26
FL,P.F. Chang's China Bistro,BOCA RATON,2020-10-05,2020-03-20,82,unknown,,0,0,1,https://reactwarn.floridajobs.org/WarnList/,8d226b277b57c39cbf9168ca80185e10b40c23482629516e8b152fe0,460169a9f31c411e453ff5c00da3748cfedcadc7,2026-07-16,2026-07-26
FL,P.F. Chang's China Bistro,FORT LAUDERDALE,2020-10-05,2020-03-20,82,unknown,,0,0,1,https://reactwarn.floridajobs.org/WarnList/,fbcdef3a94dad2785091a9670bd9bfa4a5ac6d3e7c456d8ef0a42cda,4fd36d6bbafb09fecae269d636c29b6f2290818d,2026-07-16,2026-07-26
FL,P.F. Chang's China Bistro,ORLANDO,2020-10-05,2020-03-20,105,unknown,,0,0,1,https://reactwarn.floridajobs.org/WarnList/,aa30771f416ce1030282fa189b6a50b2af8dc95804e467e43757e74d,529661dc048e269c844ad35763d2c9cc0f5537cd,2026-07-16,2026-07-26
FL,P.F. Chang's China Bistro,DAYTONA BEACH,2020-10-05,2020-03-20,93,unknown,,0,0,1,https://reactwarn.floridajobs.org/WarnList/,1487d35eec510658d0d6e69eb7b35b618c3541a1ed76fb259dc2eac0,53bf0ef2753e019c13cad10d87121e9be4a702d9,2026-07-16,2026-07-26
FL,P.F. Chang's China Bistro,SARASOTA,2020-10-05,2020-03-20,64,unknown,,0,0,1,https://reactwarn.floridajobs.org/WarnList/,3ac3f4e85c46acf695e4571e2907222bd9288968960e1369a13c242a,70c8c33e1e01b236c695229f0df7e6945b9b3fcd,2026-07-16,2026-07-26
FL,P.F. Chang's China Bistro,SANDESTIN,2020-10-05,2020-03-20,55,unknown,,0,0,1,https://reactwarn.floridajobs.org/WarnList/,b18904eba2d081c1ff8f09b490fcf3789bd69ef92b41aa23a2c13dc4,7abacfebdaf1ccd02b869820ee69d184adcaf5ce,2026-07-16,2026-07-26
FL,P.F. Chang's China Bistro,BRANDON,2020-10-05,2020-03-20,103,unknown,,0,0,1,https://reactwarn.floridajobs.org/WarnList/,560efcc49df460c743455ce4cff9b54e57bbb1e6211b1d6c768cbf80,8fa4a05e1af42be5a1fbb08de7d58a4c1fc827e7,2026-07-16,2026-07-26
FL,P.F. Chang's China Bistro,GAINESVILLE,2020-10-05,2020-03-20,71,unknown,,0,0,1,https://reactwarn.floridajobs.org/WarnList/,f77e2c2cbb9a90b1b4b83222e25ce5324c7080b74c1cfd5fa24c81f8,d350e62ba9667d8eb5a50dba1dbc11b920655ccb,2026-07-16,2026-07-26
FL,P.F. Chang's China Bistro,CLEARWATER,2020-10-05,2020-03-20,76,unknown,,0,0,1,https://reactwarn.floridajobs.org/WarnList/,b303e497359dd893e4b40536426b4f0b490299bf2681b74c713149e4,d8d28763a513343cc8dcd52abbeb5c70cd4e5025,2026-07-16,2026-07-26
FL,P.F. Chang's China Bistro,FORT MYERS,2020-10-05,2020-03-20,97,unknown,,0,0,1,https://reactwarn.floridajobs.org/WarnList/,d1bdfb5a960a914a5f9f703c692272c401c69ce74e76a24a5f476717,da278615de977994fe2df910e29b3f1b1ac9f0ec,2026-07-16,2026-07-26
FL,P.F. Chang's China Bistro,NAPLES,2020-10-05,2020-03-20,76,unknown,,0,0,1,https://reactwarn.floridajobs.org/WarnList/,c80e8ae0129ead23b4558f4422e849068349ddfbc6047bbee3d33098,e10ff81a9553b8c965a7d6e2575869fdd6b20972,2026-07-16,2026-07-26
FL,P.F. Chang's China Bistro,SUNRISE,2020-10-05,2020-03-20,103,unknown,,0,0,1,https://reactwarn.floridajobs.org/WarnList/,519b93193b6cf8a1784b04025b2cf2e4c1a80819e8f53d94afbb56aa,e6b76f057234415aafd583bc9e845962672a6223,2026-07-16,2026-07-26
FL,P.F. Chang's China Bistro,WINTER PARK,2020-10-05,2020-03-20,91,unknown,,0,0,1,https://reactwarn.floridajobs.org/WarnList/,918bfe0f61ec472ee9ef3e6981ea9b5cb269533f8191ab5fe489463c,f81e81f09422908c0e0c84619b5a9de8924daee4,2026-07-16,2026-07-26
FL,P.F. Chang's China Bistro,TAMPA,2020-10-05,2020-03-20,90,unknown,,0,0,1,https://reactwarn.floridajobs.org/WarnList/,2f73cec41b705abbf234b0302d5e30b6d734840e4b258b9a7ada857a,f9686494bd543d98dbd59da490430b6e6f1dd0b1,2026-07-16,2026-07-26
FL,Grand Hyatt Tampa Bay,TAMPA,2020-10-07,2020-10-09,11,unknown,,0,0,1,https://reactwarn.floridajobs.org/WarnList/,b3c1a9af14eb51d7c7a593d0dc1fef5364d738c568d7fb5e740033bf,a791e3d624ecae74bbaef757cf830a3c86f09610,2026-07-16,2026-07-26
FL,"Cuba Libre Orlando, LLC t/a Cuba Libre Restaurant & Rum Bar",ORLANDO,2020-10-08,2020-10-10,120,unknown,,0,0,1,https://reactwarn.floridajobs.org/WarnList/,72323bd50a1ed82ed048fbd3ffca015da0e1af6fbb9e26d122e660a7,f090c46176e51e2c51bda4fe3844dbc58c0ae5f5,2026-07-16,2026-07-26
FL,TrueCore Behavioral Solutions,OKEECHOBEE,2020-10-08,2020-09-28,101,unknown,,0,0,1,https://reactwarn.floridajobs.org/WarnList/,898ab12520e2d88089ce97fb57be14a2ece0eb7133fe36d3d513be58,7999b73c5ab84c39deed22db2ec83daf5bee4162,2026-07-16,2026-07-26
FL,ABM. Inc.,FORT LAUDERDALE,2020-10-12,2020-11-30,269,unknown,,0,0,1,https://reactwarn.floridajobs.org/WarnList/,4bbd7e46a477c25d0d2909fc2b6c4091420624135b52e354ab8d8d2c,3195db590e7b96e24914862a2bd8e8185c5659cc,2026-07-16,2026-07-26
FL,Hyatt Regency Orlando,ORLANDO,2020-10-12,2020-10-17,315,unknown,,0,0,1,https://reactwarn.floridajobs.org/WarnList/,8c466afdcdf7ca5116b3ec917b0e54e70a13f9ee011546dd8bacbfe6,a2e88698a91871664ed24a4262fa83b394b077ff,2026-07-16,2026-07-26
FL,"Dr. Smood, LLC",MIAMI BEACH,2020-10-13,2020-11-04,4,unknown,,0,0,1,https://reactwarn.floridajobs.org/WarnList/,016dc2d301c862ecb102f5ce52cb4eaa0094441a11e8457f90b4cf8a,20e3a0500cd667c44f5c1a0ee412fbf5d66a2394,2026-07-16,2026-07-26
FL,"Dr. Smood, LLC",MIAMI,2020-10-13,2020-11-04,5,unknown,,0,0,1,https://reactwarn.floridajobs.org/WarnList/,79c72d0e2972958e2f04f114480c4076897753d8d0ba78e28584fc09,457b171742ba40253a9b2168c3dfa6f53f454d04,2026-07-16,2026-07-26
FL,"Dr. Smood, LLC",CORAL GABLES,2020-10-13,2020-11-04,1,unknown,,0,0,1,https://reactwarn.floridajobs.org/WarnList/,36067158284748ab82a506c3554644e4590732782d57e20f6f6a7e5c,8c4be6c432eaf2bb5785345030f2d0ff710871de,2026-07-16,2026-07-26
FL,Newport Beachside Resort,SUNNY ISLES BEACH,2020-10-13,2020-11-30,100,unknown,,0,0,1,https://reactwarn.floridajobs.org/WarnList/,c971049200611bb13eba450af85181389778f3e7d6126fa4246c70bd,545841e6e318d39c59c69a6e240b97484557e669,2026-07-16,2026-07-26
FL,Wyndham Vacation Ownership/The Bonnet Creek Resort,ORLANDO,2020-10-14,2020-09-04,6,unknown,,0,0,1,https://reactwarn.floridajobs.org/WarnList/,d061746b72cea67dd409be4e4eabda10aabdd5a580dbfab53295925b,4484bc6199694e187e8b1ce7cad63a6d1b91364c,2026-07-16,2026-07-26
FL,Embassy Suites by HIlton Orlando International Drive,ORLANDO,2020-10-15,2020-11-17,20,unknown,,0,0,1,https://reactwarn.floridajobs.org/WarnList/,b3499c9eca9d86684a6cfa1efb2dea0648810d4cc2cfa0625a56a23e,477273fe0ea6f750a494826eb18172a0b008b477,2026-07-16,2026-07-26
FL,Hilton Singer Island Oceanfront/Palm Beaches Resort Hotel,RIVIERA BEACH,2020-10-15,2020-11-17,19,unknown,,0,0,1,https://reactwarn.floridajobs.org/WarnList/,a8e71c7631a382d2d259df6985a7c65c380e6d4b91d757454535d826,fdff65a1f736cfd4b758bdd309b9dcae367b2714,2026-07-16,2026-07-26
FL,Homewood Suites by Hilton Orlando-International Drive/Convention Center,ORLANDO,2020-10-15,2020-11-17,22,unknown,,0,0,1,https://reactwarn.floridajobs.org/WarnList/,efd957ec221020d3b2482ab0e63e52792ba521059f4fac6bef8a381a,8e0587747d454a0c087693acca176cd8a4c75b48,2026-07-16,2026-07-26
FL,Hyatt Regency Miami,MIAMI,2020-10-16,2020-09-30,12,unknown,,0,0,1,https://reactwarn.floridajobs.org/WarnList/,6ac0af74c65f760a57878be7332e6609a93223e7f381fb16d9a3663c,b53eb4b3edb5b9c53a35e036cbb20f021ff4cdb0,2026-07-16,2026-07-26
FL,American Sales Management Organization LLC d/b/a Eulen America,MIAMI,2020-10-20,2020-11-29,123,unknown,,0,0,1,https://reactwarn.floridajobs.org/WarnList/,052422293aff1121f06459e56b962de8ff7b29bf09df2ffc77e15a4b,847955c60cd7e22937f92cca7c4117c7d8283236,2026-07-16,2026-07-26
FL,"Derby Building Products, LLC",MIAMI,2020-10-20,2020-12-31,10,unknown,,0,0,1,https://reactwarn.floridajobs.org/WarnList/,63112d61431626778f9c856a9ced4a63ff9aba0de8a6a51374ed0d0f,051f3886026216752a35c666295e0d477e739853,2026-07-16,2026-07-26
FL,"St. Petersburg Kennel Club, Inc. dba Derby Lane",SAINT PETERSBURG,2020-10-20,2020-12-27,62,unknown,,0,0,1,https://reactwarn.floridajobs.org/WarnList/,3b8895e98d3c2d2cec1aee8300ff748bd061f505fb2bbf88e6f0cd87,9e14bceb94588cc527ef9056a9260be684eb1821,2026-07-16,2026-07-26
FL,Hilton Orlando Lake Buena Vista,LAKE BUENA VISTA,2020-10-21,2020-10-25,72,unknown,,0,0,1,https://reactwarn.floridajobs.org/WarnList/,29dd727205ed53793fc8f79c543290574c5e3aa4cf71f5cf42bcd7d0,7f9872d93943cb2e4a40a97709544ff71e102708,2026-07-16,2026-07-26
FL,The Casa Marina Resort,KEY WEST,2020-10-21,2020-10-24,8,unknown,,0,0,1,https://reactwarn.floridajobs.org/WarnList/,409c677e7d41140d37f287ea2defa683837d68dd345f79162829e476,216492bc67083e65908fd8ddca229db3b67b99a2,2026-07-16,2026-07-26
FL,"Starboard Holdings, Ltd.",MIAMI,2020-10-22,2020-10-22,9,unknown,,0,0,1,https://reactwarn.floridajobs.org/WarnList/,0844efec8344e67aff63efe35c001671ba61c0f1d98d3f5c3a0d61a7,85df254679b2964907e46b879e6db16b007c1e8f,2026-07-16,2026-07-26
FL,Aramark at Clover Park - Port St. Lucie,PORT SAINT LUCIE,2020-10-27,2020-03-12,107,unknown,,0,0,1,https://reactwarn.floridajobs.org/WarnList/,a78f8bfc7e8ca48fca65ce6c6e2d318118229ae82bf21f0bea2dad8c,297a4336e41465eeb10df91c7fc2d4302c937bf9,2026-07-16,2026-07-26
FL,Aramark at JetBlue Park,FORT MYERS,2020-10-27,2020-03-23,118,unknown,,0,0,1,https://reactwarn.floridajobs.org/WarnList/,fbd152df152866b7fe004c59eb4036760deaf74c18aac0583c3076bc,b909292943a9e0876c91ee7692622af1503fe1b1,2026-07-16,2026-07-26
FL,Aramark at Tampa Convention Center,TAMPA,2020-10-27,2020-03-20,143,unknown,,0,0,1,https://reactwarn.floridajobs.org/WarnList/,8d0d45a94e7cc1c53e71083ee525fadbb5ddd98ec1c33521dfa9b2d4,8199c72bd8e46f030ebe3b1ccd9e6db930b10b0b,2026-07-16,2026-07-26
FL,Hilton Orlando Bonnet Creek and Waldorf Astoria Orlando,ORLANDO,2020-10-28,2020-10-29,130,unknown,,0,0,1,https://reactwarn.floridajobs.org/WarnList/,46ed03f2d2283d01017f45b53becd7c3db673e347ca831269c2ca205,c2f537c40cdb4652211c97a27d44b8125a38cbe7,2026-07-16,2026-07-26
FL,Lockheed Martin Logistic Services,JACKSONVILLE,2020-10-30,2020-12-31,90,unknown,,0,0,1,https://reactwarn.floridajobs.org/WarnList/,4dc4a66b9fb8515e202a506e37fffaebae70b01056be86d6f559cfd8,a3f87d0866c4be14014169d414ded52b10a87d10,2026-07-16,2026-07-26
FL,Magic Kingdom,KISSIMMEE,2020-10-30,2020-12-14,52,unknown,,0,0,1,https://reactwarn.floridajobs.org/WarnList/,cd310860af7e0050bfe9898396beec40b9a1d7c8f28e9b22a221f7e7,e67a40099bacfa0a8425bef7497665214bdea226,2026-07-16,2026-07-26
FL,"Walt Disney Parks and Resorts U.S., Inc.",KISSIMMEE,2020-10-30,2020-12-31,285,unknown,,0,0,1,https://reactwarn.floridajobs.org/WarnList/,77dae719e4c8da65a92f04605839c9990029d70699306bf64ca80d46,397792137d646692d3adc2121fd817b041a0ade6,2026-07-16,2026-07-26
FL,"Walt Disney Parks and Resorts U.S., Inc.",ORLANDO,2020-10-30,2020-12-31,51,unknown,,0,0,1,https://reactwarn.floridajobs.org/WarnList/,df96f07786e8e62670fa83097d731d8a63a442e964e7abae84312bd5,5d9147e4e89716e175b531dcf34e5262b91a5b5e,2026-07-16,2026-07-26
FL,"Walt Disney Parks and Resorts U.S., Inc.",LAKE BUENA VISTA,2020-10-30,2020-12-31,10903,unknown,,0,0,1,https://reactwarn.floridajobs.org/WarnList/,d9cbd7734112f01ded6262841ae4f1d9f3bba216d3167d238d5456a8,8232fa8460a77d19cd5857dbd32a962f338f3740,2026-07-16,2026-07-26
FL,"Walt Disney Parks and Resorts U.S., Inc.",TAMPA,2020-10-30,2020-12-31,1,unknown,,0,0,1,https://reactwarn.floridajobs.org/WarnList/,e5221c990a179edfe89c155d1b64a988cd433ca492c6ebad59cb6389,91174268f51af0c0a8293f5f8219665bb7372c22,2026-07-16,2026-07-26
FL,"Walt Disney Parks and Resorts U.S., Inc.",CELEBRATION,2020-10-30,2020-12-31,3,unknown,,0,0,1,https://reactwarn.floridajobs.org/WarnList/,3a5fde1c3feaa100bb33058223f9656db6915644803f414ee49f9a29,c7624cc7f615579c6b1a3a503a3a440da762a54b,2026-07-16,2026-07-26
FL,Centerplate,ORLANDO,2020-11-02,2020-10-15,471,unknown,,0,0,1,https://reactwarn.floridajobs.org/WarnList/,317295997f5536fe448380e6673905c0d776161e7ebb5e58c760a557,c2ed3a648145fde43193651d5bab8f8d54e29796,2026-07-16,2026-07-26
FL,"Roth Staffing Companies, L.P., dba Ultimate Staffing Services",HEATHROW,2020-11-02,2020-12-31,112,unknown,,0,0,1,https://reactwarn.floridajobs.org/WarnList/,0a06244aef1e6c73b3dd4f7e14f61934c1e8d4853df863f93f54967c,c6ae1950f21217003ecec40db1699882110d2663,2026-07-16,2026-07-26
FL,Eden Roc Miami Beach Hotel,MIAMI BEACH,2020-11-03,2021-01-07,126,unknown,,0,0,1,https://reactwarn.floridajobs.org/WarnList/,7e491e0172ea42d8fa47bad9ded53501fe694e58ea7d82745062a6ec,9969f367ede9ee0cf7ffb7bb9dd0d24f0e16aa7d,2026-07-16,2026-07-26
FL,Mayo Clinic,JACKSONVILLE,2020-11-03,2021-01-01,2,unknown,,0,0,1,https://reactwarn.floridajobs.org/WarnList/,6a11dcf1d3683fc658736fdb46e4549b946b16092159dcbba68df420,c0c3bdfb7a4bd8595342b7eac4675e9c9aaebcb0,2026-07-16,2026-07-26
FL,"ABB, Inc.",LAKE MARY,2020-11-04,2020-12-26,40,unknown,,0,0,1,https://reactwarn.floridajobs.org/WarnList/,59523a9103f375e8d65ad87c5976f9d2e9886748201b8603c88cc5eb,0c21e5115d4067453c7035e887c8530c2f73eec8,2026-07-16,2026-07-26
FL,Aimbridge Hospitality,BOWLING GREEN,2020-11-04,2020-12-31,280,unknown,,0,0,1,https://reactwarn.floridajobs.org/WarnList/,2374ba3234d4e0f5c0960da63f922bf3107e40f0328eff39a36f0a18,9c1f072b7314718821acb2318cedb3642d14e56a,2026-07-16,2026-07-26
FL,"Soho House Beach House, LLC",MIAMI BEACH,2020-11-04,2020-11-04,52,unknown,,0,0,1,https://reactwarn.floridajobs.org/WarnList/,564bf5c8c8bb916938cd18b6ae1b2b6ee65e0736e1cd082b6e8e2011,fa772559551e2b952143830a9537903f4740ea7e,2026-07-16,2026-07-26
FL,Grand Lux Cafe,AVENTURA,2020-11-05,2020-12-31,101,unknown,,0,0,1,https://reactwarn.floridajobs.org/WarnList/,a722bf43b4b5cac718ffcb9203bb23cf631b66b46cb315a3da588c8e,222f2e94a99ca5d79943d59d86587510a3e7b0a2,2026-07-16,2026-07-26
FL,"Elite Laundry Services of Florida, Inc.",MEDLEY,2020-11-06,2020-10-31,130,unknown,,0,0,1,https://reactwarn.floridajobs.org/WarnList/,588e3a3ac2f06329a498044eb73807a78389ee8cef821af6e9b5304e,a613935da48e44993c9f2df6c03c685ee5914660,2026-07-16,2026-07-26
FL,"Silver Wings Aerospace, Inc., a Wencor Grou, LLC",PRINCETON,2020-11-06,2020-11-06,25,unknown,,0,0,1,https://reactwarn.floridajobs.org/WarnList/,3760d0ca607c660a9b4827d75b50ff7deb5ed49889d3a52d5b288a9a,776127dce28e48e1fc3aae68275fb2c97ceb87e1,2026-07-16,2026-07-26
FL,Southwest Airlines,ORLANDO,2020-11-06,2021-01-11,8,unknown,,0,0,1,https://reactwarn.floridajobs.org/WarnList/,2de98c02f1a379d1f33627371b876596c33739e9727d96cf781fb635,f1e437d8e59a3e8939d07bb7d40ef3a6eda29676,2026-07-16,2026-07-26
FL,Four Seasons Hotel & Private Residences at The Surf Club,SURFSIDE,2020-11-09,2020-12-01,31,unknown,,0,0,1,https://reactwarn.floridajobs.org/WarnList/,52af205185879369340a9d5505692fc49aa64ec5894f9bf80f4eb42a,91e549b08a29e1ec2b2fc67fb9d0e1d568873315,2026-07-16,2026-07-26
FL,Bridge Connector,PALM BEACH GARDENS,2020-11-10,2020-12-31,154,unknown,,0,0,1,https://reactwarn.floridajobs.org/WarnList/,8ee361398bd743a5fe5eebae91d27aedf79e7f12d22f7f062df975ff,b4e60006ab159ca87ee02abcbbcdeb8abf7410d8,2026-07-16,2026-07-26
FL,Hyatt Regency Miami,MIAMI,2020-11-10,2020-11-14,2,unknown,,0,0,1,https://reactwarn.floridajobs.org/WarnList/,affe75f6b2b0374b1cda31b7fc573b448ffbc10eddc59b727c68f320,9c34b6851a8bdce60995b29acf5c08d331976d2e,2026-07-16,2026-07-26
FL,Hyatt Regency Grand Cypress,ORLANDO,2020-11-12,2020-11-20,124,unknown,,0,0,1,https://reactwarn.floridajobs.org/WarnList/,5467cd513e4d58655429e67981ed5b5f817c99a0aea67b1630028251,bb472ef33c845c1f81046cca16865001bba2f6b7,2026-07-16,2026-07-26
FL,"Universal City Development Partners, Ltd.",ORLANDO,2020-11-13,2020-08-24,678,unknown,,0,0,1,https://reactwarn.floridajobs.org/WarnList/,b5794fe40b3ea1a97830d51c2e32c5787f53844c94db8505cf4eb1fc,af12941eee2973706bd371e2648d82199e2f1e00,2026-07-16,2026-07-26
FL,Hotelbeds,ORLANDO,2020-11-16,2021-01-15,1,unknown,,0,0,1,https://reactwarn.floridajobs.org/WarnList/,2974d5bcf47e9519990097c3d29c08db06694ba370faeb0d0f1da176,077d4f0e2248fd727a03beb3cfde6f24eff2c356,2026-07-16,2026-07-26
FL,Princess Cruise Lines Ltd.,FORT LAUDERDALE,2020-11-16,2020-12-01,13,unknown,,0,0,1,https://reactwarn.floridajobs.org/WarnList/,34e82f6a5a8be7e6ee9795e2f8996b8054a953d9836a88e5ea056254,f386ce80a3deaccb51ea5a4e4dc12c16a1cb4f66,2026-07-16,2026-07-26
FL,Southwest Airlines/Aircraft Appearance Technicians Workgroup,FORT LAUDERDALE,2020-11-18,2021-01-25,2,unknown,,0,0,1,https://reactwarn.floridajobs.org/WarnList/,5fd056c21c5b15b653468bb96ddd49c6808f3a32529fc525738b8464,170064d10e710a87c8daf03c7b1dce635fe82153,2026-07-16,2026-07-26
FL,Southwest Airlines/Aircraft Appearance Technicians Workgroup,ORLANDO,2020-11-18,2021-01-25,2,unknown,,0,0,1,https://reactwarn.floridajobs.org/WarnList/,91a972cb4d9f9de7ac4b95e26d972eaa28ab8529496fb6d3f5f48a79,1a8976f3e7253db3e92c847ad098f2708f87f78f,2026-07-16,2026-07-26
FL,Southwest Airlines/Mechanic and Related Workgroup,ORLANDO,2020-11-18,2021-01-25,29,unknown,,0,0,1,https://reactwarn.floridajobs.org/WarnList/,05c3d098fc45c34df3e9a1de84b13cd363a1f7b3dff2308491653247,1f31d11cfa901b72bdad4e908b03b451a8cd1c94,2026-07-16,2026-07-26
FL,Southwest Airlines/Mechanic and Related Workgroup,TAMPA,2020-11-18,2021-01-25,31,unknown,,0,0,1,https://reactwarn.floridajobs.org/WarnList/,4e9d8bf768a993d4522f147b1b727f8e647ca4e53af515bd8cfdcd24,23c42980aadb59c8b6811778fec52eaaa1f0d432,2026-07-16,2026-07-26
FL,Southwest Airlines/Mechanic and Related Workgroup,FORT LAUDERDALE,2020-11-18,2021-01-25,6,unknown,,0,0,1,https://reactwarn.floridajobs.org/WarnList/,463a2b9dfffdafd67e42218d7813e54d5e1970d5c14773862155cec0,93c94220b2dafed5f4c8f72aa3af3a3d5c663fc3,2026-07-16,2026-07-26
FL,TTEC,ORLANDO,2020-11-19,2021-01-31,59,unknown,,0,0,1,https://reactwarn.floridajobs.org/WarnList/,6264c745b9b97d92e27e2fa3091f97f31a03501ac4b0cc7d9fca8467,e6daa51584a0cc64e292f59ba695e8a1fbb178b3,2026-07-16,2026-07-26
FL,Canaveral Port Authority,CAPE CANAVERAL,2020-11-30,2020-11-26,16,unknown,,0,0,1,https://reactwarn.floridajobs.org/WarnList/,8e96ba965bdbcf08664a37b29a63163de93c9586855e19b7bfcfb722,2e5ce68d4f422743ffd47f018588d9a17d48580d,2026-07-16,2026-07-26
FL,Hyatt Regency Coconut Point Resort and Spa,BONITA SPRINGS,2020-11-30,2020-11-30,45,unknown,,0,0,1,https://reactwarn.floridajobs.org/WarnList/,fb93fcf880ec556760603283aa62cfc43df468ccf5690b5f74706832,0b654039d13e6c2068fd7a7aa157199b6963d2c3,2026-07-16,2026-07-26
FL,"MVW SSC, Inc.",ORLANDO,2020-11-30,2020-11-13,5,unknown,,0,0,1,https://reactwarn.floridajobs.org/WarnList/,1808eaa6123527222e506bfabfa064b08bc4c81ee64b6040f08171d4,12e0dccde87cf4d4d38d4167a38a2d191d5cefc6,2026-07-16,2026-07-26
FL,"Marriott Ownership Resorts, Inc.",ORLANDO,2020-11-30,2020-11-13,37,unknown,,0,0,1,https://reactwarn.floridajobs.org/WarnList/,88672faf916d5afd4765754ecb7589a66d1e184b4ad8110fb09a63c1,63e6035047e2b5e06d9cae06dd228320a7ea3619,2026-07-16,2026-07-26
FL,"Vistana Management, Inc.",ORLANDO,2020-11-30,2020-11-13,178,unknown,,0,0,1,https://reactwarn.floridajobs.org/WarnList/,05971461638166658c48cc1004e29b5759f2dc0190d94482e3b49e70,936fb60595ebb8042006d32142de5a7d43294e3a,2026-07-16,2026-07-26
FL,Southwest Airlines,ORLANDO,2020-12-04,2021-03-15,376,unknown,,0,0,1,https://reactwarn.floridajobs.org/WarnList/,eb28753896abe92897ba6988894952d01595fdf7ef5d05b56792508f,360c546794bcffbd32b42d30c19d9342300e81b2,2026-07-16,2026-07-26
FL,Southwest Airlines,TAMPA,2020-12-04,2021-03-15,139,unknown,,0,0,1,https://reactwarn.floridajobs.org/WarnList/,cba403fbf895681cc3861addf0d957fc38011fd524c5966b29acaa9b,6732daaa14ade04ede27464786cf5fd6b2a8f129,2026-07-16,2026-07-26
FL,Southwest Airlines,FORT LAUDERDALE,2020-12-04,2021-03-15,271,unknown,,0,0,1,https://reactwarn.floridajobs.org/WarnList/,c9f446868086dfec2e21149512ef8c87e52bd8f1b6e5ce6272bc130b,9b3f5316d8e5cd2b794f8775cd7753a052a9755d,2026-07-16,2026-07-26
FL,Hyatt Regency Miami,MIAMI,2020-12-09,2020-12-12,1,unknown,,0,0,1,https://reactwarn.floridajobs.org/WarnList/,8383360be1812658f6f1fa81eb6e4d0413df893ff5a9b86a112fbd96,b6363b97ae5ac76583467e25a53f3622c748f82b,2026-07-16,2026-07-26
FL,"ABB, Inc.",LAKE MARY,2020-12-11,2020-10-31,44,unknown,,0,0,1,https://reactwarn.floridajobs.org/WarnList/,2d95bbcd260486a8f9324a5b52a597da488cde8879f5f238089a627d,b48bfca3bb32bb6b08a67884447b0804b913edd3,2026-07-16,2026-07-26
FL,"The Boca Raton, LLC",BOCA RATON,2020-12-15,2021-02-06,664,unknown,,0,0,1,https://reactwarn.floridajobs.org/WarnList/,00f255a1d592fa87fff793697feb5731033977837606b9e88a27a431,8f9e61d6b8134790c11d393d93e5856c8db0934a,2026-07-16,2026-07-26
FL,"LAZ Florida Parking, LLC",MIAMI BEACH,2020-12-16,2020-11-23,124,unknown,,0,0,1,https://reactwarn.floridajobs.org/WarnList/,f629beccd57a3f0f88c40680f8d5332b99c30aa26c03a772fe69480d,896908bc977f6e2f82218ae10731e9d7d7a07616,2026-07-16,2026-07-26
FL,"ABB, Inc.",LAKE MARY,2020-12-21,2021-02-28,6,unknown,,0,0,1,https://reactwarn.floridajobs.org/WarnList/,d8e33b628c7a1edcb4a3e41b909f524f421b40494a42fef0dfbfd88a,f5ae7396bea90b8d10c8ce7a58c7e22c713d6d1c,2026-07-16,2026-07-26
FL,Hotelbeds,ORLANDO,2020-12-21,2021-02-15,16,unknown,,0,0,1,https://reactwarn.floridajobs.org/WarnList/,643501a2abb977c940565d16eadda15a555d13cf957c1100576fa9f5,08f36a51631f0a6dc683c9111a781e2423b7bfad,2026-07-16,2026-07-26
FL,TIAA Bank,JACKSONVILLE,2021-01-04,2021-03-01,59,unknown,,0,0,1,https://reactwarn.floridajobs.org/WarnList/,ff353e2991b7973a0df2482b241dbb054cf11835cb72481f47c3f38a,f236e6ca50a98cb54ca9daefdc13acb2afebf974,2026-07-16,2026-07-26
FL,The Opici Company/Opici Family Distributing of Florida,OCALA,2021-01-06,2021-03-05,41,unknown,,0,0,1,https://reactwarn.floridajobs.org/WarnList/,51b975e3a797278a1ed3426d8e2fafd5293b8a26b90eb8151febf676,334f0a7c960964d160b7fff8b29a3a2f56d2508c,2026-07-16,2026-07-26
FL,The Opici Company/Opici Family Distributing of Florida,LAKE PARK,2021-01-06,2021-03-05,41,unknown,,0,0,1,https://reactwarn.floridajobs.org/WarnList/,0612cd5548d014d1228fcda47cbf162c721d0463a8d43b7a8be4c97f,9136dea216224e0545db09f9f56f4855d449d174,2026-07-16,2026-07-26
FL,Rosen Hotels & Resorts,ORLANDO,2021-01-08,2020-12-31,202,unknown,,0,0,1,https://reactwarn.floridajobs.org/WarnList/,b2093929473c4d521d77494e27d609ff9eb36638bd529fcc70b614a9,37d3ad620b2533b7f7b326b221131d67ad88cf6d,2026-07-16,2026-07-26
FL,Berg Pipe Panama City,PANAMA CITY,2021-01-11,2021-02-27,87,unknown,,0,0,1,https://reactwarn.floridajobs.org/WarnList/,9042d1d1ad56b9caa2dab8aefbc97cd6c380e3cb6826a56775b847fb,daccbec233bc385f6a960353770a05eac0e6cccb,2026-07-16,2026-07-26
FL,Tampa Bay Times,SAINT PETERSBURG,2021-01-12,2021-03-06,160,unknown,,0,0,1,https://reactwarn.floridajobs.org/WarnList/,ccc6495593fe865ac16757ad51e5d5490bf6b14ff7dddb042d538905,a41216e5b77f74a9c4d5b3dc8138b4b74e9241df,2026-07-16,2026-07-26
FL,Wyndham Vacation Ownership,ORLANDO,2021-01-15,2021-01-08,50,unknown,,0,0,1,https://reactwarn.floridajobs.org/WarnList/,1f9e0ccd6ef3d30ba7c74b3a1320edaf2e2150c2a285902415d77e92,ac0327d0f3b7c689c4a41406fadea2876468e3e4,2026-07-16,2026-07-26
FL,"Esplanade Golf & Country Club of Naples, Inc.",NAPLES,2021-01-19,2021-03-31,124,unknown,,0,0,1,https://reactwarn.floridajobs.org/WarnList/,b797dde0d073d41b01d086bee6686d19962eff6868ae40f07846e176,079ccaa5e9fc9f0a2f458ad826a4d88322332db2,2026-07-16,2026-07-26
FL,Hialeah Hospital,HIALEAH,2021-01-19,2021-04-05,62,unknown,,0,0,1,https://reactwarn.floridajobs.org/WarnList/,b6fb93026c6c0e74b8d73d8cc08b6976aecf7e9fdb39892c3fb84fed,826417de80cb331c2227c1fec5e09064007da7c5,2026-07-16,2026-07-26
FL,Hotelbeds,ORLANDO,2021-01-20,2021-03-15,3,unknown,,0,0,1,https://reactwarn.floridajobs.org/WarnList/,adc571c383a8b0a1f1546fa7cc5da80ee10a52f66cb0f7e16e62e2ca,4c0f1adac5a175cc7ecf2a23d865f7acb082f29f,2026-07-16,2026-07-26
FL,"Walt Disney Parks and Resorts U.S., Inc.",LAKE BUENA VISTA,2021-01-20,2021-03-20,15,unknown,,0,0,1,https://reactwarn.floridajobs.org/WarnList/,3e6958714b0540e2217ef7ecd01ed3ea30ea855a103170491b6c2394,d2b278d36f58cef44dc142f1dbc389296cc3b3cf,2026-07-16,2026-07-26
FL,"Walt Disney Parks and Resorts U.S., Inc.",KISSIMMEE,2021-01-20,2021-03-20,1,unknown,,0,0,1,https://reactwarn.floridajobs.org/WarnList/,3016d5f5a94acf02791e7111dc14025f8f70d28ece3f30292a6ba6cc,e9221d197dfa432f6b1360824cc05e614f7853a3,2026-07-16,2026-07-26
FL,"Walt Disney Parks and Resorts U.S., Inc.",CELEBRATION,2021-01-20,2021-03-20,3,unknown,,0,0,1,https://reactwarn.floridajobs.org/WarnList/,5de6ed9c43b77a19c48b22538fef15430d2625eed1231a6b0e1d84f4,eb0ceecbc243d909a1f1be4244521b948f485728,2026-07-16,2026-07-26
FL,Joyson Safety Systems,LAKELAND,2021-01-21,2021-03-15,47,unknown,,0,0,1,https://reactwarn.floridajobs.org/WarnList/,54372060dc4a0e8ff81039b8d669555c08e593b0fab10987216bf47e,3376162bf2fa0ae3a783ee28de80743d26c9c756,2026-07-16,2026-07-26
FL,"ABB, Inc.",LAKE MARY,2021-01-25,2021-02-28,6,unknown,,0,0,1,https://reactwarn.floridajobs.org/WarnList/,27caf2db5a2a6e810a28c6f860c0ddde497cc6494abd6ee42a92e160,18fdf99fe854a12d384f1b71f694697e2f34ef21,2026-07-16,2026-07-26
FL,"Bergeron Land Development, Inc.",VENICE,2021-01-29,2021-04-07,26,unknown,,0,0,1,https://reactwarn.floridajobs.org/WarnList/,751de829516a2f91721b08d77670498882d18ec77cc68ab6a0682208,0ff65f044ee6ef116ad2df5dbd78c68f16845069,2026-07-16,2026-07-26
FL,"Bergeron Land Development, Inc.",LONGWOOD,2021-01-29,2021-04-07,12,unknown,,0,0,1,https://reactwarn.floridajobs.org/WarnList/,727037d3740f7d2449c26c2b285a083084cab53a3e8c7acc4948f9bc,1d8cb01314765dce52f1628ce65403a923648a9f,2026-07-16,2026-07-26
FL,"Bergeron Land Development, Inc.",INDIANTOWN,2021-01-29,2021-04-07,26,unknown,,0,0,1,https://reactwarn.floridajobs.org/WarnList/,6f846c5dc0dad1f6a4d6c4d8e9f2255478a7248c923094dcb1a6381d,c977a184e9c2b70e290718908d361b6c89fe849c,2026-07-16,2026-07-26
FL,"Centrex Revenue Solutions, LLC, d/b/a Integra Practice Solutions",FORT MYERS,2021-01-29,2021-04-01,73,unknown,,0,0,1,https://reactwarn.floridajobs.org/WarnList/,e37e985cfd3694cf5f093d78fd499d06c8a319442c3ca8544c5a8886,8ef3b7306716b3ab21be9e5f8f2876e3815da613,2026-07-16,2026-07-26
FL,"HSS, Inc.",ORLANDO,2021-01-29,2021-03-31,131,unknown,,0,0,1,https://reactwarn.floridajobs.org/WarnList/,212e962d48d073ab1863f31f099175b24770d43a226127e576ea0513,ce859e9cb9bf34f4734d9c895e7a7c5b72412638,2026-07-16,2026-07-26
FL,Hotelbeds,ORLANDO,2021-01-29,2021-03-31,4,unknown,,0,0,1,https://reactwarn.floridajobs.org/WarnList/,4fafa9448b6a6dfea28ab5158d93263c1ff52d17460e781acffc2525,31c6291a354c0ee080709d3b693423f084537d54,2026-07-16,2026-07-26
FL,"Parsec, Inc.",MIAMI,2021-02-04,2021-04-04,59,unknown,,0,0,1,https://reactwarn.floridajobs.org/WarnList/,eedd2cd650822e9a94be9f11bd79f39c0f6266da169209586a192283,15977fd4487f38b59bfb9303b515ae5cc04f21e8,2026-07-16,2026-07-26
FL,"American Airlines, Inc.",MIAMI,2021-02-09,2021-04-01,1068,unknown,,0,0,1,https://reactwarn.floridajobs.org/WarnList/,3e6c4416c21d4695e5cb05b4a858cc546c1db7b80457d61c1668031c,d7f7ff06799c1320ab5e5b58702e2387f3faca51,2026-07-16,2026-07-26
FL,Gannett,SARASOTA,2021-02-12,2021-05-02,100,unknown,,0,0,1,https://reactwarn.floridajobs.org/WarnList/,41dd318d2e6bff0527be74be6f55963dd3d23f7a1859feaa9371f606,78c78f2c4b6879e04b62a6b6b32a47cf80d42375,2026-07-16,2026-07-26
FL,Norwegian Air Resources US,FORT LAUDERDALE,2021-02-12,2021-02-11,154,unknown,,0,0,1,https://reactwarn.floridajobs.org/WarnList/,51eb6b5e1cab7a12b44f36501f336587d1fc4e790b5161b3feeb762e,22dae5e277b6504ab6aead588ea8d816c7867769,2026-07-16,2026-07-26
FL,Johnson & Wales University,NORTH MIAMI,2021-02-18,2021-05-04,182,unknown,,0,0,1,https://reactwarn.floridajobs.org/WarnList/,bf3dc4b1d411bdda7d7e173c99550dd22c5a0fa49196ba39f5467cc0,74bd396a9a627bb6eb2a47f832c7034fab3cef1d,2026-07-16,2026-07-26
FL,"Parsec, Inc.",JACKSONVILLE,2021-02-22,2021-05-01,55,unknown,,0,0,1,https://reactwarn.floridajobs.org/WarnList/,e626cea4e3c321a28f93bedc556727ee998313dcc5fd562f7ec8aaea,3ec99b6a967fe678914ecc979b1745302c628532,2026-07-16,2026-07-26
FL,"Marriott Hutchinson Island Beach Resort, Golf & Marina",STUART,2021-02-25,2021-04-08,169,unknown,,0,0,1,https://reactwarn.floridajobs.org/WarnList/,0181c16631acd2f82abe6866dcf0d70a7b2dd2afe5ea14f090b426a5,eda8b629efabebddc57c716c3d2b2e09998d7711,2026-07-16,2026-07-26
FL,The Naples Beach Hotel & Golf Club,NAPLES,2021-03-15,2021-05-23,293,unknown,,0,0,1,https://reactwarn.floridajobs.org/WarnList/,cca3737715a3b98dd42ac646badd320d0099ea484096b90ae5215fac,223b7fee01b0c9497edea13ec59734dea24d7c64,2026-07-16,2026-07-26
FL,"Independent Management Business Center, LLC",TAMPA,2021-03-22,2021-05-18,94,unknown,,0,0,1,https://reactwarn.floridajobs.org/WarnList/,0a479989d76c9ce875f876451194627e66a3a52a9358dffbc0227ff6,64b21fcaf49fb26e93ebd7048f8385be7d9d375d,2026-07-16,2026-07-26
FL,Orlando Airport Marriott Lakeside,ORLANDO,2021-03-23,2020-10-31,69,unknown,,0,0,1,https://reactwarn.floridajobs.org/WarnList/,3c47bf04d38396bcf343bf416748f24f418af3c341e69af54f8453ac,9d1bdfb904a2434cda901c09a7a5a4bc8a4607c8,2026-07-16,2026-07-26
FL,Sanibel Marriott Harbour Resort & Spa,FORT MYERS,2021-03-23,2020-10-31,52,unknown,,0,0,1,https://reactwarn.floridajobs.org/WarnList/,10e658c7eb211c1c4e5ec1fb2349a17899cb2d9973dc26ff4f224c38,202a49445d44891ad30daba7e46baed0092ed054,2026-07-16,2026-07-26
FL,Hilton Orlando Buena Vista Palace,ORLANDO,2021-03-25,2021-03-31,43,unknown,,0,0,1,https://reactwarn.floridajobs.org/WarnList/,7933d422cbb1c6e71237b61eb7930815103b191340972d5d1dcb1b1a,4e16158bd9f6b19eec34b412d66f7a3bee19ebce,2026-07-16,2026-07-26
FL,TrueCore Behavioral Solutions,HASTINGS,2021-04-01,2021-06-01,102,unknown,,0,0,1,https://reactwarn.floridajobs.org/WarnList/,4943c4a6f000bce0bdfda60af72b7d948c71de02eb51608d552afbce,83fd50388848b4a8882e127e58428d4eb8320f98,2026-07-16,2026-07-26
FL,DynCorp International LLC,MILTON,2021-04-12,2021-05-31,333,unknown,,0,0,1,https://reactwarn.floridajobs.org/WarnList/,2023880e5b68a5499857ab2c584168cb5cf5f38d960fe9fdddb89c11,554f0c6e8d9062ef81a7490662d5eb4bc1af966b,2026-07-16,2026-07-26
FL,Joyson Safety Systems,LAKELAND,2021-04-16,2021-06-12,28,unknown,,0,0,1,https://reactwarn.floridajobs.org/WarnList/,5cc2e333272e630268ea63aef9f440294c33b87921efd8b86a82becc,258e2631e94f8f9d1dbfaaf04f456137f7a51118,2026-07-16,2026-07-26
FL,"Perry Ellis International, Inc.",TAMPA,2021-04-19,2021-07-01,114,unknown,,0,0,1,https://reactwarn.floridajobs.org/WarnList/,8150b3e679636c4edcc34fbf7d6ce0a4099bb91232112936540b6805,d0448316f55eb6795b5a4976a2c59f848618f35f,2026-07-16,2026-07-26
FL,CareerSource Tampa Bay,TAMPA,2021-04-20,2021-06-30,51,unknown,,0,0,1,https://reactwarn.floridajobs.org/WarnList/,7c26282bfa9951ac858114b501fbc7c336ffaf5a433d2f26212f6588,0313d647d1d404541c8a5df0cc5193037e706683,2026-07-16,2026-07-26
FL,"Five Star Senior Living, Inc.",POMPANO BEACH,2021-04-22,2021-06-21,54,unknown,,0,0,1,https://reactwarn.floridajobs.org/WarnList/,6037a3a814c900b6c65e9bbd0057d57a8e209021b44c66cb7e6e9cdb,a58c11506fbc64bca246a758c60ed7aac6245041,2026-07-16,2026-07-26
FL,"Five Star Senior Living, Inc.",DEERFIELD BEACH,2021-04-22,2021-06-21,67,unknown,,0,0,1,https://reactwarn.floridajobs.org/WarnList/,ac4784096a802c45278baa0c33617537441312306f1910713881a30d,d540078f9fd4de094e2d2f95ed1a640735ea5afb,2026-07-16,2026-07-26
FL,"Five Star Senior Living, inc.",FORT MYERS,2021-04-22,2021-06-21,79,unknown,,0,0,1,https://reactwarn.floridajobs.org/WarnList/,c0171cd1a53145af08629f0c3b95e7a8bd4a1d627bc44569f840bbd3,ddf2084b3dd06804204508446a69408e5175f9e9,2026-07-16,2026-07-26
FL,The Naples Beach Hotel & Golf Club,NAPLES,2021-04-22,2021-06-30,7,unknown,,0,0,1,https://reactwarn.floridajobs.org/WarnList/,d2f15ea451675c744ac453a82c8fb5e6691e1791fee5131f5cf37868,b7c743bc464d9ffb759f095be92b177c23dd8df2,2026-07-16,2026-07-26
FL,"ABM Industry Groups, Inc.",JACKSONVILLE,2021-04-27,2021-06-30,960,unknown,,0,0,1,https://reactwarn.floridajobs.org/WarnList/,5572836f411d40418c9c3a86dd2074f48e31f389de491a1b9d38d1d7,6811a497097d4f143f70134980a4a320901b4af1,2026-07-16,2026-07-26
FL,TIAA Bank,JACKSONVILLE,2021-04-27,2021-09-07,90,unknown,,0,0,1,https://reactwarn.floridajobs.org/WarnList/,7f6ac167654781c7cabe1dd6f974fa3f0eb0840a632045655c1275f7,b8ee79b309c2b9fee1765b898e7a77aa42fc5422,2026-07-16,2026-07-26
FL,Portus Services LLC,JACKSONVILLE,2021-04-29,2021-06-30,138,unknown,,0,0,1,https://reactwarn.floridajobs.org/WarnList/,a033fe69cf59857443955732276087bf428fb97d4fd00e2b842dc99d,82ef69c06c6a9c188b356b68bace9a449ac23797,2026-07-16,2026-07-26
FL,Gas South,GAINESVILLE,2021-05-07,2021-06-30,53,unknown,,0,0,1,https://reactwarn.floridajobs.org/WarnList/,52c4c051468b3cf4898b7473c71baee8ce0304fda4999ad6dc203722,0f3730bbcaca8af60a5527a55ba27bafbe0d4c26,2026-07-16,2026-07-26
FL,Genpact LLC,JACKSONVILLE,2021-05-17,2021-08-31,489,unknown,,0,0,1,https://reactwarn.floridajobs.org/WarnList/,740e76f1ff54cb022352c4384de4ecdbbcf5ea3720b77dde3cd185f1,90a4da3ca8a145701575235d80dc691a9a90b647,2026-07-16,2026-07-26
FL,"ABM Industry Groups, LLC",DELAND,2021-05-21,2021-07-01,116,unknown,,0,0,1,https://reactwarn.floridajobs.org/WarnList/,b6d98b1f16b3cc35cf0b7eec7e8a58bb34fb70197dc4b0c54d05fbd7,2f0a8f2336bcb2e15da274ac358ef9911b3f610d,2026-07-16,2026-07-26
FL,"Premier Manufacturing Products, LLC",FORT MYERS,2021-05-21,2021-05-20,22,unknown,,0,0,1,https://reactwarn.floridajobs.org/WarnList/,3551ba0f13ad3a37a0faa0f24b65a0ec10a3135e678edffa38b36657,3c1acb33370b6a235a699e84bb3fd244f78ff4d9,2026-07-16,2026-07-26
FL,"Premier Manufacturing Products, LLC",CAPE CORAL,2021-05-21,2021-05-20,3,unknown,,0,0,1,https://reactwarn.floridajobs.org/WarnList/,b1c66e16728b3e655676a249923576ef95b41cf28800278d197fc8fe,9781f90b016dd5d953a086b9332afa56f4f33ae7,2026-07-16,2026-07-26
FL,TIAA Bank,JACKSONVILLE,2021-06-01,2021-07-16,48,unknown,,0,0,1,https://reactwarn.floridajobs.org/WarnList/,1c82bbd9bc1009068ffe798ece3fb1c7ad633f5e372251764b13b3d6,e54a25d28d3e40ee00cec8e8652e55641b32a122,2026-07-16,2026-07-26
FL,"beIN SPORTS, LLC",MIAMI,2021-06-07,2021-06-04,43,unknown,,0,0,1,https://reactwarn.floridajobs.org/WarnList/,cd5311a3daff408093744b985b9e859c7c148333cd876a22410e3fc0,783c398415d9db2277ea4e59788a12828b1d9ba2,2026-07-16,2026-07-26
FL,"GEO Secure Services, LLC",PANAMA CITY,2021-06-09,2021-08-07,152,unknown,,0,0,1,https://reactwarn.floridajobs.org/WarnList/,3bb3c205ae74f6b1cf9e9055ea964235e15d82002b812cfddf2e6d9e,d34715767935cc05f64949af4945a808e2a92518,2026-07-16,2026-07-26
FL,"Southern Auto Finance Company, LLC",ORLANDO,2021-06-15,2021-08-16,48,unknown,,0,0,1,https://reactwarn.floridajobs.org/WarnList/,6b1f77d77dfd8ec94f83548cac8d516d61c85ed3bb52fe4997c25f37,16aa4f6fe3c115cfa7731ab659a0e85858b3686e,2026-07-16,2026-07-26
FL,Frontier Communications,DELAND,2021-06-24,2021-08-17,107,unknown,,0,0,1,https://reactwarn.floridajobs.org/WarnList/,af9a78a91a2b9983b63b227aab9a3a21e7177bd0da9c1fccfa6fd689,668b35d1174b7ec5c0f3ed62179cc454b842dca8,2026-07-16,2026-07-26
FL,"Sodexo, Inc. and Affiliates",MELBOURNE,2021-06-30,2021-08-31,54,unknown,,0,0,1,https://reactwarn.floridajobs.org/WarnList/,6509483a5fe712b7c93f53cae1f298ff2bdd1703e85db0c67c3a81e1,6250638e3379fde5c18442c5e7709f796b4a23ec,2026-07-16,2026-07-26
FL,"GEO Secure Services, LLC",GRACEVILLE,2021-07-01,2021-08-31,213,unknown,,0,0,1,https://reactwarn.floridajobs.org/WarnList/,5758f102adef1d59625c273342618b173ef49e113fba545b72ef9881,e92d4340a3cac69453570068d2b0371c1d0470d0,2026-07-16,2026-07-26
FL,"Sodexo, Inc. and Affiliates",PALM BAY,2021-07-01,2021-08-29,70,unknown,,0,0,1,https://reactwarn.floridajobs.org/WarnList/,78f8f74094385a7f9053d18af8acd388ecffe1bc0ef0f07bdaba8375,096d0c570110a960db672e5cc488cbb480012dfa,2026-07-16,2026-07-26
FL,"Sodexo, Inc. and Affiliates",COCOA BEACH,2021-07-01,2021-08-29,71,unknown,,0,0,1,https://reactwarn.floridajobs.org/WarnList/,bf05a12598a45fc2e260aaca90f1dddfcda4ecad18cb508b3d055de2,27066055c1f0447023c2ce1d6c82ecf9145309f3,2026-07-16,2026-07-26
FL,TIAA Bank,JACKSONVILLE,2021-07-06,2021-09-01,21,unknown,,0,0,1,https://reactwarn.floridajobs.org/WarnList/,1dc1757d9c8ffab4cff1f236bae9860443111ce0747f5012dd873d7f,1c000dedc4adf5a056903f80651b5c09625df6e8,2026-07-16,2026-07-26
FL,Symbol Mattress of Florida,KISSIMMEE,2021-08-02,2021-12-15,61,unknown,,0,0,1,https://reactwarn.floridajobs.org/WarnList/,333cf3f403781a4481b73e3f5c5434d12a786f2f5a89470c656333e3,7d7452cc4916cc4c5fbbbb2dba1d984892c2ccf5,2026-07-16,2026-07-26
FL,"Mednax Services, Inc.",SUNRISE,2021-08-04,2021-10-31,671,unknown,,0,0,1,https://reactwarn.floridajobs.org/WarnList/,01ef1072f7c47713db8808a4565e2b29782d578bade0176e8bb7d4a7,9a97dcc2afc0f073c43a06f34bc1546c1629c6e3,2026-07-16,2026-07-26
FL,COLSA Corporation,SHALIMAR,2021-08-09,2021-09-30,134,unknown,,0,0,1,https://reactwarn.floridajobs.org/WarnList/,6785d320becd7dcb4934c892dc4ed65985b9c0665998bddd2213941f,c163703c67485dbb147a2d536e2ebc71b0b7d2ef,2026-07-16,2026-07-26
FL,"Eclipse Advantage, LLC",MIAMI,2021-08-12,2021-10-10,150,unknown,,0,0,1,https://reactwarn.floridajobs.org/WarnList/,db989ab0cc7bcd2ec39849473bac246f14afa0cf63fd3b549461f62e,d8510dd08be04913362ccd41d8c578b2bccdde21,2026-07-16,2026-07-26
FL,"Hitachi Cable America, Inc.",PENSACOLA,2021-08-31,2021-08-31,202,unknown,,0,0,1,https://reactwarn.floridajobs.org/WarnList/,e82fd22e96e12cb8ef921d9356d6f5aa5ae0008bdc9f2e52620db02b,3574eedfcb2fa2ae45efe887912641a90586d697,2026-07-16,2026-07-26
FL,"Dillon Logistics, Inc.",MULBERRY,2021-09-13,2021-08-31,95,unknown,,0,0,1,https://reactwarn.floridajobs.org/WarnList/,537d1527c0464de9bb663b89268be651a05f39f7d49b4f879386b353,97641c4cd53f48ed9bb9b55d9730328baed8056d,2026-07-16,2026-07-26
FL,"Dillon Logistics, Inc.",TAMPA,2021-09-13,2021-08-31,98,unknown,,0,0,1,https://reactwarn.floridajobs.org/WarnList/,069a5cb29932023893bbfcd0d1262c1c023f4d2378fdf9c4c970f142,997038e7792bbafe1c5a3897dd9480513b172d37,2026-07-16,2026-07-26
FL,3 Dreamers LLC,LAKELAND,2021-09-20,2021-09-30,61,unknown,,0,0,1,https://reactwarn.floridajobs.org/WarnList/,9874ed1de725d04389a39285d925a862e35b32dc21e06fc40bb2abd7,5c1936a36de759184bcca0d307c88e78aef4d315,2026-07-16,2026-07-26
FL,Hapori Logistics LLC,LAKELAND,2021-09-20,2021-09-30,77,unknown,,0,0,1,https://reactwarn.floridajobs.org/WarnList/,f862cc0814e213165a0273f64a7f9e0fcb9b597336959bcf61b947ab,4077bd840822bbb1d9d9aa0644c4eb84ecd27c48,2026-07-16,2026-07-26
FL,"Beacon Health Options, Inc.",MIAMI,2021-09-24,2021-12-31,2,unknown,,0,0,1,https://reactwarn.floridajobs.org/WarnList/,e62cccf1c08dffa2238b27643b714228eed45f446026f70590327615,3705173e0883423744d96781b52785de1641f402,2026-07-16,2026-07-26
FL,"Brown Distributing Co., Inc. f/k/a Brown Distributing of West Palm Beach",WEST PALM BEACH,2021-09-27,2021-10-15,89,unknown,,0,0,1,https://reactwarn.floridajobs.org/WarnList/,85aa6600b5480fd2ae083d7a72f716049145ae14e8af4249ae422def,1e0843b4b46f7d1f85e51ee1635797681355fc5f,2026-07-16,2026-07-26
FL,"Brown Distributing Co., Inc. f/k/a Brown Distributing of West Palm Beach",WEST PALM BEACH,2021-10-01,2021-12-03,188,unknown,,0,0,1,https://reactwarn.floridajobs.org/WarnList/,f6b909153e22ed21af922f3109c578f17d0f951f071ff28b18f5eb12,7d2a151edcac9b0d1d284ba909d546f7af5b866e,2026-07-16,2026-07-26
FL,Health System Solutions,MIAMI,2021-10-04,2021-12-18,616,unknown,,0,0,1,https://reactwarn.floridajobs.org/WarnList/,27bf56785479916fc341cd781dfd76a0f9abe5301a06d8127911428f,d5c21874b98fde2140d4d82d831fcdee19a71a70,2026-07-16,2026-07-26
FL,Service Response Partners LLC,SAINT PETERSBURG,2021-10-04,2021-11-15,1,unknown,,0,0,1,https://reactwarn.floridajobs.org/WarnList/,f16de1dacc896a3bde1ae4cd61d283aa2355fa86b2936fd0f94b4b76,10481df8562a15da4c0224ab39f50979bdbe8e64,2026-07-16,2026-07-26
FL,Ace Hardware,TAMPA,2021-10-11,2022-02-05,181,unknown,,0,0,1,https://reactwarn.floridajobs.org/WarnList/,d73aec778f4e2e29c4527316e10d7aa6256cfd72e4a70718dca6638d,4577e21e7c74780a238d5bf0d691bc35be5030d4,2026-07-16,2026-07-26
FL,Garden Highway Foods LLC,GREEN COVE SPRINGS,2021-10-22,2021-11-19,154,unknown,,0,0,1,https://reactwarn.floridajobs.org/WarnList/,11685e785f1f0b16421b01aac758f4567422fcb4cef7303bf83b0fbb,b44e42294dd139ac80eadaf5bdca42796831b5f7,2026-07-16,2026-07-26
FL,"Eclipse Advantage, LLC",MIAMI,2021-10-26,2022-01-07,90,unknown,,0,0,1,https://reactwarn.floridajobs.org/WarnList/,77643877d2aa73a09c8919f65cfe4a88e977054f7bc6b402f0f5e948,98081a449bd8c8599cc1e8ae79935a6f9109a047,2026-07-16,2026-07-26
FL,"Stryker Employment Company, LLC",LAKELAND,2021-10-29,2021-12-31,26,unknown,,0,0,1,https://reactwarn.floridajobs.org/WarnList/,4295a18611ba2b252635588306c26d6de601fd0e68a8fd511b50e289,0c2d654c50c4115b05126e6ff16ff3f57f429f62,2026-07-16,2026-07-26
FL,Holiday Retirement,WINTER PARK,2021-11-02,2021-12-31,77,unknown,,0,0,1,https://reactwarn.floridajobs.org/WarnList/,4b7786039a120e6506d89daad1c7503c4396fb54bbbd1e9cdc6be42e,3f600ec55fb96e9030e1d0425b8eb58cb6ad4430,2026-07-16,2026-07-26
FL,Philips North America LLC,GAINESVILLE,2021-11-02,2021-12-31,49,unknown,,0,0,1,https://reactwarn.floridajobs.org/WarnList/,fd2a45ed8665232013a67ba6340a8633761866bb9a03f216dbadb7af,2030c9895345fa2a0a91ea7a6b74d672ca4294b0,2026-07-16,2026-07-26
FL,University Center Club at Florida State University,TALLAHASSEE,2021-11-04,2021-12-31,188,unknown,,0,0,1,https://reactwarn.floridajobs.org/WarnList/,ccea6a77582f3823000838a07b116fe875a8e1fd95053af7414310cb,0e598cf9c7d4fbebfc63b9905205b556b9dbcea6,2026-07-16,2026-07-26
FL,"Odle Management Group, LLC",SAINT PETERSBURG,2021-11-08,2021-12-25,49,unknown,,0,0,1,https://reactwarn.floridajobs.org/WarnList/,9353b3c69da6b0eb891ac85c0ae54920bdffadf3ed4f7287c199347e,1cde4b4af49564f186554e84d2ea07c1e2d3e5da,2026-07-16,2026-07-26
FL,Eckerd Community Alternatives - Circuit 6,LARGO,2021-11-09,2021-12-31,197,unknown,,0,0,1,https://reactwarn.floridajobs.org/WarnList/,eb7f56b5a4b04bfa87dbd965d78ece6e56416f5ca0eaebfc1ede3a81,29bf5c4fd765ba47d92eb17fba92dee63f8148ee,2026-07-16,2026-07-26
FL,Eckerd Community Alternatives - Circuit 6,DADE CITY,2021-11-09,2021-12-31,4,unknown,,0,0,1,https://reactwarn.floridajobs.org/WarnList/,9a5c6923d37eb4a5058c9137c15518519ce77d40a8115130ab3c4b3b,57d7c25296e7dd77d80fd31b8ed350fb3b511b07,2026-07-16,2026-07-26
FL,Eckerd Community Alternatives - Circuit 6,TRINITY,2021-11-09,2021-12-31,30,unknown,,0,0,1,https://reactwarn.floridajobs.org/WarnList/,1cf18648ef899d288f107063f3e049784c5037248bbc177716e47367,f61ec504fdff91b52ef5f9d7a2d6a2fcea1f9b13,2026-07-16,2026-07-26
FL,Gannett,PORT SAINT LUCIE,2021-11-12,2022-01-16,74,unknown,,0,0,1,https://reactwarn.floridajobs.org/WarnList/,b402a97005b29611b9124fd3ba0affd0114f99ca9d12f9af24539b31,3fabd6aa7825f7c143dcad4ab00a4e5d8a5565c4,2026-07-16,2026-07-26
FL,Gannett,PANAMA CITY,2021-11-12,2022-01-16,50,unknown,,0,0,1,https://reactwarn.floridajobs.org/WarnList/,4bc5ac581cc8eb2330a741d98a7d64e5321802863b0151f2b7cfae88,7fc59c4f36e4740d9f92e3688571c0680bb95942,2026-07-16,2026-07-26
FL,"Zillow Group, Inc.",TAMPA,2021-11-12,2022-01-03,17,unknown,,0,0,1,https://reactwarn.floridajobs.org/WarnList/,0bafbe90ffb974a2cade2c96a18e9fa09990ad60d4c6ec2b8d59156b,40a5c62e81ba5d88f1ccef24c11c52a59e5e78d1,2026-07-16,2026-07-26
FL,Mphasis Corporation,LAKE MARY,2021-11-17,2021-12-31,125,unknown,,0,0,1,https://reactwarn.floridajobs.org/WarnList/,298c1a4952b64bedd68259e883b3ff756d8806063c57f983941d3523,5f724857aabbb62db2d1c9d89bf89b1245b0c6b2,2026-07-16,2026-07-26
FL,"Zillow Group, Inc.",TAMPA,2021-11-18,2022-01-17,1,unknown,,0,0,1,https://reactwarn.floridajobs.org/WarnList/,db946cac87c0e1fa283b3d8ec5edd4c06d7233d1c6fea021f4ad6730,933445d0ba10f01a7a3b2c20d4528aff318cbcb2,2026-07-16,2026-07-26
FL,Franklin Templeton,SAINT PETERSBURG,2021-11-29,2022-01-31,175,unknown,,0,0,1,https://reactwarn.floridajobs.org/WarnList/,3b7069e8bdf58b840f1b29ef8cd9925e8748c3566b5b5d5ecf334571,e26f0bccb14d0cefe7c799739ff57ffdb7b97091,2026-07-16,2026-07-26
FL,Grand Lux Cafe LLC,BOCA RATON,2021-11-29,2022-01-31,105,unknown,,0,0,1,https://reactwarn.floridajobs.org/WarnList/,db9b3e3f64b16a9f7ff5488178cb8b9aea24de8a565d5cd7c8d92b47,15c1be0074d0522b2e37161b87a48f4de9edccf4,2026-07-16,2026-07-26
FL,Watsonville Community Hospital,FORT PIERCE,2021-11-29,2022-08-30,1,unknown,,0,0,1,https://reactwarn.floridajobs.org/WarnList/,0df50c9fb145a74cc3a50a062e7af2e7f34a4b7a4a6222fc0ce2b875,08ce604e8476f763c63fea2bb3e99c47fcc705e6,2026-07-16,2026-07-26
FL,Watsonville Community Hospital,OCALA,2021-11-29,2022-08-30,1,unknown,,0,0,1,https://reactwarn.floridajobs.org/WarnList/,470a6f7081f661f7b06aaf9a12bfa537a0bd20f7e912488820e669c4,cb269e69dac7a130a28e9e39bb1a2b6691456101,2026-07-16,2026-07-26
FL,Baptist Health Care Corporation,PENSACOLA,2021-11-30,2022-02-01,188,unknown,,0,0,1,https://reactwarn.floridajobs.org/WarnList/,a3b081109a31da0e348177f2e4e5eae43a4ee046ce5b1054ff9df779,25e2f29aeb79ff38d1cb2e710a6a56f7ebcf90d4,2026-07-16,2026-07-26
FL,Baptist Health Care Corporation,JAY,2021-11-30,2022-02-01,16,unknown,,0,0,1,https://reactwarn.floridajobs.org/WarnList/,8f141060b591b2b91e828466be91a099357b155ddaeb02a1f045817e,83a3262eebae92e208c832077d55199a250347ed,2026-07-16,2026-07-26
FL,Baptist Health Care Corporation,GULF BREEZE,2021-11-30,2022-02-01,7,unknown,,0,0,1,https://reactwarn.floridajobs.org/WarnList/,3f70ec3593af56752e5525e34b10838a888fd28d8db04775a39a3e6d,f463463a98ac6a83e5130c494faab786e8d7bd0b,2026-07-16,2026-07-26
FL,VSE Corporation,JACKSONVILLE,2021-12-01,2022-01-31,118,unknown,,0,0,1,https://reactwarn.floridajobs.org/WarnList/,29d8b20d5f127364d9887b89dd60482e2c2964531950273c7d8c24c7,5d8aaf110756b1d9e770d4ec86cfcd4c39910462,2026-07-16,2026-07-26
FL,Franklin Templeton,SAINT PETERSBURG,2021-12-02,2022-01-31,206,unknown,,0,0,1,https://reactwarn.floridajobs.org/WarnList/,074f295f4824f7fbe2d0922b9481f479051692113c629773f0cfcc76,a5a0279174787dd4e863ef4723d9ad9e47089653,2026-07-16,2026-07-26
FL,"Vista Building Maintenance Services, Inc.",MIAMI,2021-12-02,2022-02-01,174,unknown,,0,0,1,https://reactwarn.floridajobs.org/WarnList/,24ffa883ab05c1ed93a43b7b3aca5da5c099bf5af493808285a32579,5905842f1f0dce12d86cf20759363fe3ca07b744,2026-07-16,2026-07-26
FL,"Sodexo, Inc. and Affiliates",ORANGE PARK,2021-12-03,2022-01-31,72,unknown,,0,0,1,https://reactwarn.floridajobs.org/WarnList/,0cc19fc6ccf2bf87a04b3b2f7af69c451e4f4c5101fc9f089175700c,3ce4315c08b376db55c94825b77775b6c11c89ec,2026-07-16,2026-07-26
FL,Philips North America LLC,GAINESVILLE,2021-12-20,2022-02-25,277,unknown,,0,0,1,https://reactwarn.floridajobs.org/WarnList/,a655217e13928d8cbf345e672eab9a6e7db92c08626044ec2fab72d9,b180df3587e2ea734e5cbf1067bd06dde24c0e8e,2026-07-16,2026-07-26
FL,PAE,CAPE CANAVERAL,2022-01-03,2022-02-04,2,unknown,,0,0,1,https://reactwarn.floridajobs.org/WarnList/,3e2a684b2e73da0df5493179186a503bfa41f415693b42db3cb732fd,3d9d1c97c4f9211a1d3c2686d175d5cd23c902b7,2026-07-16,2026-07-26
FL,PAE,WEST PALM BEACH,2022-01-03,2022-02-04,7,unknown,,0,0,1,https://reactwarn.floridajobs.org/WarnList/,e7d75b0b4ed740ecba2f2be2881083d67d6fa6bb70490f3c5d7c1df5,6a3e0ade12f9b275685e8df9ea4cc6f3047dcdab,2026-07-16,2026-07-26
FL,MH Employment Services LLC,MIAMI BEACH,2022-01-10,2022-03-08,88,unknown,,0,0,1,https://reactwarn.floridajobs.org/WarnList/,b843cac1bac72c25563a63ea6c6e5e4baecd68dd490d25773ceccd23,d8b2a90d47bdb6c4ea52e77287c12acde6cb99ea,2026-07-16,2026-07-26
FL,St. Mary's Medical Center,WEST PALM BEACH,2022-01-20,2022-04-11,49,unknown,,0,0,1,https://reactwarn.floridajobs.org/WarnList/,9717dc63c5677064f1c9bc30bb147b2490884f03785ef14e2d3ceb34,6fc27ad585195424273d04ec7b2e81eccf4ccbcb,2026-07-16,2026-07-26
FL,"BAYADA Home Health Care, Inc.",PORT RICHEY,2022-01-24,2022-04-01,144,unknown,,0,0,1,https://reactwarn.floridajobs.org/WarnList/,5741ed73ce3ef439601d0aa58bdeaa931fc57559f271721c2f5c6808,11c05a694327c6a74364c062505f0698a3c85e10,2026-07-16,2026-07-26
FL,"BAYADA Home Health Care, Inc.",TAMPA,2022-01-24,2022-04-01,3,unknown,,0,0,1,https://reactwarn.floridajobs.org/WarnList/,2e2369e03e46d3fec08eea670195a9372f32092b5f31ea1b7873212d,1aa49621335e80e478c2e783c6d7117410f5cb2a,2026-07-16,2026-07-26
FL,"BAYADA Home Health Care, Inc.",BROOKSVILLE,2022-01-24,2022-04-01,306,unknown,,0,0,1,https://reactwarn.floridajobs.org/WarnList/,ecc6c72f499a00b63884a50e04cd65f0bc5d8d71232397ccb43bf98c,3b7b413144db24e8556a82b6520e85de4b47af5e,2026-07-16,2026-07-26
FL,"BAYADA Home Health Care, Inc.",BRANDON,2022-01-24,2022-04-01,150,unknown,,0,0,1,https://reactwarn.floridajobs.org/WarnList/,cc5a6ff4ff3e888b29e126143fd4ba86a998524b7b9bcff34736afeb,9f5fc0e1f291c192f42809bb2c95fba4e5e193e2,2026-07-16,2026-07-26
FL,"BAYADA Home Health Care, Inc.",CLEARWATER,2022-01-24,2022-04-01,79,unknown,,0,0,1,https://reactwarn.floridajobs.org/WarnList/,bbc78393b6ee6bacd24ee57a49f6d455bbe7b5a348dca69fd0b9c0f2,fcb95719d6c3413e5311b721662d285e15645717,2026-07-16,2026-07-26
FL,First Coast Security Services,STATEWIDE,2022-01-28,2022-01-24,289,unknown,,0,0,1,https://reactwarn.floridajobs.org/WarnList/,5e61db228c1061f62c5aabc239f00de962d374b34323febbc6d54607,17107f9d8397d404d2be9e5892a7d86f5e165324,2026-07-16,2026-07-26
FL,"MAXIMUS, Inc. - WARN CANCELLED",TALLAHASSEE,2022-02-01,2022-03-31,4,unknown,,0,0,1,https://reactwarn.floridajobs.org/WarnList/,72ccf71f063fa9bd65c63f0f4c72e65ba4aeac7afdf2e682a35d3aa2,368c1d1d402f26a2382310a912483132b81bf2cc,2026-07-16,2026-07-26
FL,"MAXIMUS, Inc. - WARN CANCELLED",FORT PIERCE,2022-02-01,2022-03-31,96,unknown,,0,0,1,https://reactwarn.floridajobs.org/WarnList/,a4217138e174da776300d3a47bbca57216c4e185905501113889abda,81f280df5893e86b1f79a9447530d3abefe90766,2026-07-16,2026-07-26
FL,Shriners Healthcare for Children Florida,TAMPA,2022-02-04,2022-04-03,38,unknown,,0,0,1,https://reactwarn.floridajobs.org/WarnList/,7f9c5f6e4eaff5d642bb113d0f147f3cb7343f8c829d493a23fd2555,cfc6bbc9516a917d6c4756c317315588abe90bf7,2026-07-16,2026-07-26
FL,"Camelot Community Care, Inc.",WEST PALM BEACH,2022-02-08,2022-03-16,10,unknown,,0,0,1,https://reactwarn.floridajobs.org/WarnList/,192da62fe359c8f32252aa48e4ca26c0563429ec2f1b5239dd475ef6,01df1017ef2f04ea49c112e008d9c24bc67ebae6,2026-07-16,2026-07-26
FL,"Camelot Community Care, Inc.",CLEARWATER,2022-02-08,2022-03-16,10,unknown,,0,0,1,https://reactwarn.floridajobs.org/WarnList/,b78badfda5d0e59bcee66a184641f997c07c153e49dd3d8445c1dea8,096f0ab65ea3d4602459559a78f6b5e5e3a5093d,2026-07-16,2026-07-26
FL,"Camelot Community Care, Inc.",BRADENTON,2022-02-08,2022-03-16,11,unknown,,0,0,1,https://reactwarn.floridajobs.org/WarnList/,8fd4d319770ab05a7483e20abaf9e0cd925eef10e902b77089e47f72,0e1aee6544155d58b62c2c39b165372ec8626a78,2026-07-16,2026-07-26
FL,"Camelot Community Care, Inc.",COCOA,2022-02-08,2022-03-16,6,unknown,,0,0,1,https://reactwarn.floridajobs.org/WarnList/,ac3ced625b4d144e3473df556bfca947854bdb4774d2f0602b93945c,0e6ffe9cef2f96678e40a4280c7ce78c41232c56,2026-07-16,2026-07-26
FL,"Camelot Community Care, Inc.",JACKSONVILLE,2022-02-08,2022-03-16,11,unknown,,0,0,1,https://reactwarn.floridajobs.org/WarnList/,30185ab883cb8c7f12940bc37cf7339e8089e289433a79a7b391522a,12f8314b15c25d254b3092d7a7bbff6db4f07ba6,2026-07-16,2026-07-26
FL,"Camelot Community Care, Inc.",TAMPA,2022-02-08,2022-03-16,13,unknown,,0,0,1,https://reactwarn.floridajobs.org/WarnList/,efb931003e2407a547977277a95edea7d65306daf1f6aca99ff2c8a6,15bd1e9470d0786cf77eca371579b0f8c5a3985d,2026-07-16,2026-07-26
FL,"Camelot Community Care, Inc.",FORT LAUDERDALE,2022-02-08,2022-03-16,9,unknown,,0,0,1,https://reactwarn.floridajobs.org/WarnList/,bac5c759094bd3267ba6b358cf3917a78973b41ff251e064720127f3,2317994af969a7a7e1dca77352ad38e2d25ae5bf,2026-07-16,2026-07-26
FL,"Camelot Community Care, Inc.",FORT PIERCE,2022-02-08,2022-03-16,10,unknown,,0,0,1,https://reactwarn.floridajobs.org/WarnList/,d8d459f59589c5ca6886f1153f640b979e33e8840c5d445169798429,32e0c413cb0cff0a20d7dd70bab86eb9d4ca39a8,2026-07-16,2026-07-26
FL,"Camelot Community Care, Inc.",PENSACOLA,2022-02-08,2022-03-16,10,unknown,,0,0,1,https://reactwarn.floridajobs.org/WarnList/,943a9a718581603192567e9191caeb858f392cd7ff47ad6322e0eb9e,5f4d161e80b646248b74ea2d6b4b8c406405eb9c,2026-07-16,2026-07-26
FL,"Camelot Community Care, Inc.",ORLANDO,2022-02-08,2022-03-16,20,unknown,,0,0,1,https://reactwarn.floridajobs.org/WarnList/,78660fe3df3fa17f8628fb22d1dda950ba3192ba0a1432458b47c991,78d2c938685cb4fe04e56afaef44111d3d4ee2ea,2026-07-16,2026-07-26
FL,"Camelot Community Care, Inc.",GAINESVILLE,2022-02-08,2022-03-16,11,unknown,,0,0,1,https://reactwarn.floridajobs.org/WarnList/,f671c8701288fb005dd953a33c6ed87e5a816b8efa72d11d9197ec15,8861a8342a9057ca4f9ddcfffdfa24cf8679f1e8,2026-07-16,2026-07-26
FL,"Camelot Community Care, Inc.",MIAMI,2022-02-08,2022-03-16,12,unknown,,0,0,1,https://reactwarn.floridajobs.org/WarnList/,c9709484dfff8fc567f3c1da9b70ee066c4c71f49acff271843e0c39,9981fc5070254d161e649295df1d656d95158c82,2026-07-16,2026-07-26
FL,"Camelot Community Care, Inc.",CRESTVIEW,2022-02-08,2022-03-16,9,unknown,,0,0,1,https://reactwarn.floridajobs.org/WarnList/,98836f0358a4a70c5d34de7f8f3b1285aec5fcdb21a69bc9e3a89091,9a50a49cb20ec6a208ca11bca9a7569242638eaa,2026-07-16,2026-07-26
FL,"Camelot Community Care, Inc.",PANAMA CITY,2022-02-08,2022-03-16,11,unknown,,0,0,1,https://reactwarn.floridajobs.org/WarnList/,b39c18a59005389d5bdbf7c30d7c39c67fc2a5a7d1eb61799b4ff9ec,a4bc2a634affaf0c949a7159193cf848cac7e24b,2026-07-16,2026-07-26
FL,"Camelot Community Care, Inc.",FORT MYERS,2022-02-08,2022-03-16,11,unknown,,0,0,1,https://reactwarn.floridajobs.org/WarnList/,2d659f7f1bf95f249df14d487a9607c7c80cffb9c74a302fbab82fe6,b28920bfb3afa0171e09fd27bb13c667a7bb4756,2026-07-16,2026-07-26
FL,"Camelot Community Care, Inc.",NAPLES,2022-02-08,2022-03-16,9,unknown,,0,0,1,https://reactwarn.floridajobs.org/WarnList/,41a809433b15af58cc4bc3a7bed177d7c60e741bb33c2f1a5948b80f,b65a8a43aad1cf50af875ee02e126ded2578d1b1,2026-07-16,2026-07-26
FL,"Camelot Community Care, Inc.",DAYTONA BEACH,2022-02-08,2022-03-16,7,unknown,,0,0,1,https://reactwarn.floridajobs.org/WarnList/,45bc98094a3b83b3803609c7f6829b53a6b3a51772d7d5671b2b057c,b87387c27ec8095e3aaafd8ec59dc097579f50b9,2026-07-16,2026-07-26
FL,"Camelot Community Care, Inc.",KEY WEST,2022-02-08,2022-03-16,2,unknown,,0,0,1,https://reactwarn.floridajobs.org/WarnList/,64d0089f58a1c5fc97a4a614dc59d5ef3adb534c441c40c7c9b85cb2,c18d0600e378a5d95761f21029b86dac0f8893fa,2026-07-16,2026-07-26
FL,"Camelot Community Care, Inc.",TALLAHASSEE,2022-02-08,2022-03-16,14,unknown,,0,0,1,https://reactwarn.floridajobs.org/WarnList/,9aec9e408c94ef1c3b3f3227c0f1f63957df14421cfb9b0acc5440ad,c93dfbfcc1b35ed8e743693bfede3fa373c49de1,2026-07-16,2026-07-26
FL,"Camelot Community Care, Inc.",OCALA,2022-02-08,2022-03-16,10,unknown,,0,0,1,https://reactwarn.floridajobs.org/WarnList/,453abe62c8d540452548dc04443065814bcda6aceb0e25289fd8302a,cc29f922cef4d12dd2207a351faf6ae8c7fe364e,2026-07-16,2026-07-26
FL,"Camelot Community Care, Inc.",SAN ANTONIO,2022-02-08,2022-03-16,7,unknown,,0,0,1,https://reactwarn.floridajobs.org/WarnList/,09b88bd613573161c0b1567f3e65be2941e34175793230cd3674095d,ee371fd196968900de854110a1ef6ab14fd3cda9,2026-07-16,2026-07-26
FL,"Peloton Interactive, Inc.",LAKELAND,2022-02-08,2022-02-08,58,unknown,,0,0,1,https://reactwarn.floridajobs.org/WarnList/,8fc20a4a77152927b950636e309c99977f42081516a92e4293cf6859,a72332390d935147a45ff14c162ea914f417f03d,2026-07-16,2026-07-26
FL,Crystal Cruises LLC,MIAMI,2022-02-11,2022-01-21,238,unknown,,0,0,1,https://reactwarn.floridajobs.org/WarnList/,49e923fdadf3a69b8a62274e4d4cd392caaa4bfb285b3c04c2016400,0b87420d926fa6a7b739b89dc3dbcb7b659eed52,2026-07-16,2026-07-26
FL,"Zillow Group, Inc.",TAMPA,2022-02-21,2022-04-18,19,unknown,,0,0,1,https://reactwarn.floridajobs.org/WarnList/,7419e5a5fed83b3c21e9200c18ef1e61e8c42535a2f7cec07af84433,d1825fd959a16c51a7cab28787c481de8f064072,2026-07-16,2026-07-26
FL,Target,GAINESVILLE,2022-03-17,2022-06-11,51,unknown,,0,0,1,https://reactwarn.floridajobs.org/WarnList/,e6f9b77b57306e2fb8678aed72297a7919262a07717b211893ef9b6a,0996e88f7d7846d04254c0427dd19056e5e1b50b,2026-07-16,2026-07-26
FL,"Zillow Group, Inc.",TAMPA,2022-03-22,2022-05-20,3,unknown,,0,0,1,https://reactwarn.floridajobs.org/WarnList/,eeee2217558fda9d57e4c313f94883851e23189463f28488f6f2fac6,aa3287b8b2414865116a4ab09a3bf15d2e58947e,2026-07-16,2026-07-26
FL,"Credence Management Solutions, LLC",HURLBURT FIELD,2022-03-28,2022-04-20,66,unknown,,0,0,1,https://reactwarn.floridajobs.org/WarnList/,4926c8e445c1a58f1a52b0c59b9afb1ea9751cb2643134dd59092cc0,b71a58cccbbe98406df0c018e18ee5547857a31c,2026-07-16,2026-07-26
FL,"Stryker Employment Company, LLC",LAKELAND,2022-03-31,2022-05-31,88,unknown,,0,0,1,https://reactwarn.floridajobs.org/WarnList/,9615a97a1d1f647778086c1c8a3d68e6017e96ccec3acc837b16c438,bfe26843a3b00373a13da02b5220902a6e8f4c68,2026-07-16,2026-07-26
FL,Borden Dairy,MIAMI,2022-04-04,2022-05-31,154,unknown,,0,0,1,https://reactwarn.floridajobs.org/WarnList/,bee6f99a0f7660b3e4fe92cb78101090fe9469462dce4ed35505f452,e0d6d7d1184e38a1873b55dfde96c9a96e0f2a55,2026-07-16,2026-07-26
FL,"Zillow Group, Inc.",TAMPA,2022-04-07,2022-06-05,1,unknown,,0,0,1,https://reactwarn.floridajobs.org/WarnList/,48d3cf839974a59203449ee1539aabeb37cafc5b89196ee8394627ff,1707c5befe41488c08cc661c8c98788dfac5cec9,2026-07-16,2026-07-26
FL,"WestRock Services, LLC",PANAMA CITY,2022-04-08,2022-06-06,426,unknown,,0,0,1,https://reactwarn.floridajobs.org/WarnList/,f1d715a59a7d028bda6ab7f3c1a3d1476f8e39b2854394976d68c215,6de10a5c6982b305f94d262fd0a77147800df268,2026-07-16,2026-07-26
FL,Residences by Armani/Casa,SUNNY ISLES BEACH,2022-04-11,2022-06-04,55,unknown,,0,0,1,https://reactwarn.floridajobs.org/WarnList/,a3d9ec7d5e79dd540c348376ae0948e5c2f46ed4481f6cf0a9601575,1261dc6788ef9adef231fc27a59cded909756ae8,2026-07-16,2026-07-26
FL,Eckerd Community Alternatives - Circuit 13,TAMPA,2022-04-14,2022-06-30,176,unknown,,0,0,1,https://reactwarn.floridajobs.org/WarnList/,014c6fff2625c5709caa12915bc18ce84509776c1da27d9bc37fcdf6,fdb5dea3237490c3f630caf9c92a6a546dcaaa68,2026-07-16,2026-07-26
FL,Aramark at University of Florida,GAINESVILLE,2022-04-18,2022-06-30,949,unknown,,0,0,1,https://reactwarn.floridajobs.org/WarnList/,9a314d1b38565336f27daaf1f894a078ef7059e6c7f1b746e539d1f1,b8b8a917e54fd4feeccd83d1726e830e05b70af6,2026-07-16,2026-07-26
FL,"Stryker Employment Company, LLC",LAKELAND,2022-04-21,2022-06-30,30,unknown,,0,0,1,https://reactwarn.floridajobs.org/WarnList/,399e46cdf006c7fecefc7d1589b2555c515b357bb593b30a88230b3b,ee6306d10641827d616ab8f4d344bdb8d8069277,2026-07-16,2026-07-26
FL,"ABM/GCA Education Services, Inc.",DELTONA,2022-05-05,2022-06-30,166,unknown,,0,0,1,https://reactwarn.floridajobs.org/WarnList/,832bfc6a42f5c591a9dc3b887f6c968ff29747b2b2c6218aab3de3e8,fddd1aebb577505ecd9cd6d21016933102253cf7,2026-07-16,2026-07-26
FL,"Draken International, LLC",LAKELAND,2022-05-05,2022-05-20,100,unknown,,0,0,1,https://reactwarn.floridajobs.org/WarnList/,622f586370e25dd32fe52fb56fb708c446165525d503252fffee2acf,ac0af6ba3abac4ca5604149525a4d3a407f7f171,2026-07-16,2026-07-26
FL,"Stryker Employment Company, LLC",LAKELAND,2022-05-19,2022-08-31,63,unknown,,0,0,1,https://reactwarn.floridajobs.org/WarnList/,df328146cd5e52ae5668b6ebb44fda7ba661762ab0fd4d40b856b7d2,078840ead4368d153e2150f358a6e25b25925259,2026-07-16,2026-07-26
FL,"Avante Care of Hollywood, Inc.",HOLLYWOOD,2022-05-31,2022-07-26,42,unknown,,0,0,1,https://reactwarn.floridajobs.org/WarnList/,1de8b45a7fc51d4c4938223749b1d4cb9a9ef90c359c794d638da754,6261518574ac77fa3523946ee4007f604eff9a7e,2026-07-16,2026-07-26
FL,"Avante Care of Lauderhill, Inc.",LAUDERHILL,2022-05-31,2022-07-26,91,unknown,,0,0,1,https://reactwarn.floridajobs.org/WarnList/,dce76175e985d968d5cf80d742493573de2cd479b6d08fc8ff4bddcc,211ee52f523e228915d65dc3307481971c75d6cd,2026-07-16,2026-07-26
FL,The Colony Palm Beach,PALM BEACH,2022-05-31,2022-07-06,135,unknown,,0,0,1,https://reactwarn.floridajobs.org/WarnList/,17bff3d3b356ef928bc2854da55ce8c390cd304a175f3f5af1604f44,3dc59b15091b99f44b58d372025266e890d29a10,2026-07-16,2026-07-26
FL,City Facilities Management (FL) LLC,JACKSONVILLE,2022-06-02,2022-07-31,126,unknown,,0,0,1,https://reactwarn.floridajobs.org/WarnList/,c6b78787d5390a3ec782deeea90d9d7fc6b8268e178c38dad4551d6f,99c4d06e893a96a028af664f7c32f5a60b2e4dcb,2026-07-16,2026-07-26
FL,Coram,MIRAMAR,2022-06-06,2022-07-17,71,unknown,,0,0,1,https://reactwarn.floridajobs.org/WarnList/,733130b6c114e99d9fb8ff7940477f9ed9ec465f858a3db76cc39c79,a222637b6e8c56284ef7a5766bee5483d17b9d62,2026-07-16,2026-07-26
FL,"Convey Health Solutions, Inc.",POMPANO BEACH,2022-06-29,2022-08-21,88,unknown,,0,0,1,https://reactwarn.floridajobs.org/WarnList/,464933fdaa8d122985e38559d7f21df5f97ee4b88f126f756003a57f,7ecf4e1715761c8d89a6984940c29d246ad48438,2026-07-16,2026-07-26
FL,"VSP Optical Group, Inc.",FORT LAUDERDALE,2022-06-29,2022-10-21,43,unknown,,0,0,1,https://reactwarn.floridajobs.org/WarnList/,442cbeee9cefa8bf9fe251f1dab594caae2f3da4cb74e20fc1cc380b,34e3ffb9d15bdfd252f7347e826012f4ea62b02d,2026-07-16,2026-07-26
FL,"Holiday Village of Sandpiper, Inc.",PORT SAINT LUCIE,2022-07-06,2022-09-05,226,unknown,,0,0,1,https://reactwarn.floridajobs.org/WarnList/,1d07966be53f8ce74e7a735ceeb4d6b454eab48f1ff06852d269f5a6,9104fd0f8e3b7094c1034c8c281e90388a82f03e,2026-07-16,2026-07-26
FL,Holy Cross Home Health Services,OAKLAND PARK,2022-07-06,2022-09-05,47,unknown,,0,0,1,https://reactwarn.floridajobs.org/WarnList/,b39ae924d462bc1cbc8f22b2f661d83323d2047c4c20d9e4939ba85a,cadb428827fa8e4c4ec4b2f91e6434d1dce58ace,2026-07-16,2026-07-26
FL,"Stryker Employment Company, LLC",LAKELAND,2022-07-15,2022-09-15,6,unknown,,0,0,1,https://reactwarn.floridajobs.org/WarnList/,ede9d53f316b7707a5676916804ab058698fac371cba79360fbde586,9f4d7ba08fecec0daaee9cac2a5db137a22bfca2,2026-07-16,2026-07-26
FL,Tropicana,FORT PIERCE,2022-07-19,2022-07-15,29,unknown,,0,0,1,https://reactwarn.floridajobs.org/WarnList/,4f948ed8776320f02488fe48d3cec601c5ecc6e9f70f91aca08443b7,c372a9e645c15fcd6633cc8cd4bcd4de201575dc,2026-07-16,2026-07-26
FL,"Captel Service Specialists, LLC",ORLANDO,2022-07-21,2022-09-20,243,unknown,,0,0,1,https://reactwarn.floridajobs.org/WarnList/,a2cd4995d75dc0a16b89f68237844a7259f1e076e896fcccf106d302,11d6d7170414403ff3378018244b9b20e1f6b3d5,2026-07-16,2026-07-26
FL,"Captel Service Specialists, LLC",TAMPA,2022-07-21,2022-09-20,106,unknown,,0,0,1,https://reactwarn.floridajobs.org/WarnList/,d19230de7fcf64ed54c01022837e5b42b2437ca5224410e01dadbc4e,17968943daf40df93e113caffbc4491d954737b0,2026-07-16,2026-07-26
FL,Peacock Garden Resto Bar + Grill,MIAMI,2022-07-28,2022-09-21,45,unknown,,0,0,1,https://reactwarn.floridajobs.org/WarnList/,485f1be35cf4c4a5b226b9120634caf87b51cbfd159651bac810a3bd,2d427178fd0cb56fa1b9e828dfc298bd61525d81,2026-07-16,2026-07-26
FL,Anthem South LLC,MEDLEY,2022-08-01,2022-08-12,85,unknown,,0,0,1,https://reactwarn.floridajobs.org/WarnList/,9ed8e78dc171e41ac66854ab8a44a0a9dfffbc2217d5533d5c0cadc4,3bee060a1e28188ae190d3940cecc3d231a74b05,2026-07-16,2026-07-26
FL,"Healthcare, Inc.",MIAMI,2022-08-02,2022-08-02,149,unknown,,0,0,1,https://reactwarn.floridajobs.org/WarnList/,3f0d159422436aec8ec00bce06c3f86c5f7cd41ff738c11a8f35f900,2f7b150738cbc29ec19400fdba0675fa11b0a56f,2026-07-16,2026-07-26
FL,Shriners Healthcare for Children Florida,TAMPA,2022-08-02,2022-09-30,20,unknown,,0,0,1,https://reactwarn.floridajobs.org/WarnList/,c81a1c089f472c922b5b69c0380df33872964d60edc89d59b2524f77,7d4f67eca33a434864392c6c8fefc3612cff263c,2026-07-16,2026-07-26
FL,"First Coast Security Services, Inc.",JACKSONVILLE,2022-08-17,2022-09-30,90,unknown,,0,0,1,https://reactwarn.floridajobs.org/WarnList/,eae2aadb9fc1c440c492f97a88dad85b9de5d8d1125b3fafcd6f018f,667c14ee89d79a5472486a8d046bc16096770f89,2026-07-16,2026-07-26
FL,"Stryker Employment Company, LLC",LAKELAND,2022-08-29,2022-10-31,8,unknown,,0,0,1,https://reactwarn.floridajobs.org/WarnList/,b5ef4024d90eaa1d31391040e8f44faf6557e4491fbba254d7dcc175,4ee322fe6a3413517066ed3f0c96434ce92e9236,2026-07-16,2026-07-26
FL,Home Point Financial Corporation d/b/a Homepoint,CLEARWATER,2022-09-01,2022-11-01,57,unknown,,0,0,1,https://reactwarn.floridajobs.org/WarnList/,30c6dceafbb87276b1832f3a4c5d690a6c71e312cf0401e7945661dc,e6d847f8b19be96cba1375ce40f6fb8af5f910b2,2026-07-16,2026-07-26
FL,"Shriners Healthcare for Children Florida (""SHC"")",TAMPA,2022-09-01,2022-10-31,19,unknown,,0,0,1,https://reactwarn.floridajobs.org/WarnList/,f651a92d3c36bd13a61871945de35e972c80a11b7f37cd566f88ab5a,2feb89946a5d49985d4750cad955b4cfc8abbbbc,2026-07-16,2026-07-26
FL,"Captel Service Specialists, LLC",ORLANDO,2022-09-02,2022-11-03,112,unknown,,0,0,1,https://reactwarn.floridajobs.org/WarnList/,7206d4a1e7ddc67e28ffc4b74fe43c096b2e533978a6bf2133a76528,f3a431686950605d1e50af8a103f236aef17765e,2026-07-16,2026-07-26
FL,"Captel Services Specialists, LLC",TAMPA,2022-09-02,2022-11-03,60,unknown,,0,0,1,https://reactwarn.floridajobs.org/WarnList/,9fb862fad74737eb094cf7e6639adbb5f1425d4e9c13eaff2931fddb,f2e89e6d5d2daed71bcc8e0fe47fdab5e237e7ad,2026-07-16,2026-07-26
FL,Deluxe Corporation,LONGWOOD,2022-09-08,2023-02-28,58,unknown,,0,0,1,https://reactwarn.floridajobs.org/WarnList/,47a3915a35565f89c5b13a50546fe0621ffc20ce10b71e3aad7344ab,880a6f1eeca1913c9093562824d6f5ea00f2fa61,2026-07-16,2026-07-26
FL,National Youth Advocate Program,HOMESTEAD,2022-09-09,2022-10-31,84,unknown,,0,0,1,https://reactwarn.floridajobs.org/WarnList/,5e0d7425019c80e61321bf47944b90ef7d1428ad30ba2314f39b3ad8,19f8b5cd8c2fc06e6883444c1949bfcc33f744a3,2026-07-16,2026-07-26
FL,BayFirst Financial,CLEARWATER,2022-09-29,2022-11-25,58,unknown,,0,0,1,https://reactwarn.floridajobs.org/WarnList/,1703da932337ea9b54d7572d64b559b1cb14b11da814dfae63128701,eaaecf4d8a7b47f95484f38be467e1f17ea3d402,2026-07-16,2026-07-26
FL,BayFirst Financial,STATEWIDE,2022-09-30,2022-11-25,20,unknown,,0,0,1,https://reactwarn.floridajobs.org/WarnList/,6d6b2d86ca667d4c5af4344eb9c4cc67da36033eb88d5b544841e749,5f4e305f8c8b2cc4f1fbd81b948259e28b553409,2026-07-16,2026-07-26
FL,"DZS, Inc.",SEMINOLE,2022-10-04,2022-12-05,58,unknown,,0,0,1,https://reactwarn.floridajobs.org/WarnList/,bb826d8317b20684772af0babe21b824f126fbb5b20ca7d0f0618c59,c14f1598591b2222a0e1b8318a4140da3046bfc4,2026-07-16,2026-07-26
FL,"VistaPharm, Inc.",LARGO,2022-10-11,2023-01-13,36,unknown,,0,0,1,https://reactwarn.floridajobs.org/WarnList/,bdd492d6d1e5e8fe3b42ca5822c87b3edce3bbaa9d566b7c60dd043f,a386e3d5985a4a7d76db8471a7e54e7e0b737d2b,2026-07-16,2026-07-26
FL,Amentum,KENNEDY SPACE CENTER,2022-10-12,2022-11-30,188,unknown,,0,0,1,https://reactwarn.floridajobs.org/WarnList/,d17dc3c0bf744d3cba4238833d4a5452aebe710c9da0b3d854f975ef,5f7998e9e7d36a18674db1cf99684029351db9ec,2026-07-16,2026-07-26
FL,"Bookings.com Customer Service Center (U.S.A.), Inc.",ORLANDO,2022-10-13,2022-12-18,199,unknown,,0,0,1,https://reactwarn.floridajobs.org/WarnList/,47a63d35376d44f347a62f76bfd062d0e646b0c96e2496d5465fc445,c6afb313e2c54cdf83dec1c5a9f54cfa5400d12f,2026-07-16,2026-07-26
FL,DoubleTree Tampa Airport Westshore,TAMPA,2022-10-18,2022-12-19,74,unknown,,0,0,1,https://reactwarn.floridajobs.org/WarnList/,73d0b226968d89fa7598aa009bdaf87daf7580729de46a3e5672f2e3,cfd7eaf1e9ddc294885c2448279ab4adf5fe472b,2026-07-16,2026-07-26
FL,South Seas Island Resort,CAPTIVA,2022-10-18,2022-10-10,238,unknown,,0,0,1,https://reactwarn.floridajobs.org/WarnList/,10dd992d4548d8db84978329a11ea316da3776c28999e8fcecc59be1,37337796036339b411fa51098a21c39a41a7d73d,2026-07-16,2026-07-26
FL,"The Ritz Carlton, Naples",NAPLES,2022-10-20,2022-10-13,591,unknown,,0,0,1,https://reactwarn.floridajobs.org/WarnList/,656112f1686153edbe2a4f67349f890b0a254865141c3eefaff62832,38d094150a8ee22f29d4dd5b2f9fb22833c17b43,2026-07-16,2026-07-26
FL,"CCL Aviation, Inc.",MIAMI,2022-10-21,2022-12-31,67,unknown,,0,0,1,https://reactwarn.floridajobs.org/WarnList/,727ca4784c6aa4fa7178d09abe3c41e58bfa34430ee92ed11e13e059,2d17c82247de0285d9b4514ccc9062a7315fb582,2026-07-16,2026-07-26
FL,Pink Shell Beach Resort,FORT MYERS BEACH,2022-10-28,2022-10-14,195,unknown,,0,0,1,https://reactwarn.floridajobs.org/WarnList/,edfa84ae3de2e8d37a71e33fef0eeadbb13ef05b7f55cfbc8d60e522,0f98fea2c5b7f3f7e3c7b2dbe2c2d60b01149136,2026-07-16,2026-07-26
FL,Legoland Florida Resort,WINTER HAVEN,2022-10-31,2023-01-15,519,unknown,,0,0,1,https://reactwarn.floridajobs.org/WarnList/,3f2be7c8d2269a0f386682bf027a44aa61a763151df6f703560b8f3f,ac12c3b626d37c9fb3e6f344ce002b7bd7a94126,2026-07-16,2026-07-26
FL,DZConneX,STATEWIDE,2022-11-08,2022-12-31,92,unknown,,0,0,1,https://reactwarn.floridajobs.org/WarnList/,00cacc9cb8b9dd2b01f1c99966dcb900c6f72a97a98edd3ecd9de347,0a199b8f5ea8c5e0855e376614cdafc7c2e08603,2026-07-16,2026-07-26
FL,"Argo AI, LLC",MIAMI,2022-11-09,2022-11-01,79,unknown,,0,0,1,https://reactwarn.floridajobs.org/WarnList/,3e6f677ab71550bd00d222600cb1dc68377985daf20c1e7daa81636b,92f8b344031fa59405e386fb977c7c0b7b0a17e7,2026-07-16,2026-07-26
FL,Frontier,TAMPA,2022-11-09,2022-12-30,62,unknown,,0,0,1,https://reactwarn.floridajobs.org/WarnList/,7991ad2c4c565303878559212634ffd50a4b5f246cfa1eb1de304117,73b22f055f680de116d25e43b8b1d9390a77e627,2026-07-16,2026-07-26
FL,"Astra Space, Inc.",ROCKLEDGE,2022-11-10,2022-11-09,1,unknown,,0,0,1,https://reactwarn.floridajobs.org/WarnList/,bf65bf4783b330e0dc7ccd7fabb4c269849c49f673af56acee4acef8,32cf10853e390aef7ae4f751fb43a5cae90a0d0a,2026-07-16,2026-07-26
FL,"Stryker Employment Company, LLC",LAKELAND,2022-11-16,2023-01-15,1,unknown,,0,0,1,https://reactwarn.floridajobs.org/WarnList/,66369e8721aa6bfdd0cb022c765e2a7cb9267f5698e22152bd643507,5d016fceffa1f3dc7dc467dd849f0948224ac9c2,2026-07-16,2026-07-26
FL,Home Point Financial Corporation,CLEAR WATER,2022-11-21,2022-11-17,10,unknown,,0,0,1,https://reactwarn.floridajobs.org/WarnList/,ed81e3d409fed52f871d0bdfd43a8570a050b3557f7574e60e659dc7,3a68728b540157a2e5c661927b7131ade1017e0d,2026-07-16,2026-07-26
FL,Humana,JUPITER,2022-11-21,2023-01-03,157,unknown,,0,0,1,https://reactwarn.floridajobs.org/WarnList/,acf640534c38c0b56df42e31af8df157b351f0bf650fc266e56b9630,9d472df2e1e029c66077e4adecea588ec14bfce0,2026-07-16,2026-07-26
FL,VSE Corporation,JACKSONVILLE,2022-12-05,2023-01-31,122,unknown,,0,0,1,https://reactwarn.floridajobs.org/WarnList/,404a082a02ebb313485e02c913023d27f5938d70e4158c71091ff8c0,9556b13044e012001d78721ff13aea0df5b08a08,2026-07-16,2026-07-26
FL,TherapeuticsMD,BOCA RATON,2022-12-07,2022-12-06,212,unknown,,0,0,1,https://reactwarn.floridajobs.org/WarnList/,4102c816e490a014d1fd9bc7b5eb0a5676b58f2d616e2c22978fe2ce,2fc1e2b744fd5d54a7fbfcbe2c71c3b775dc7a53,2026-07-16,2026-07-26
FL,Computershare,JACKSONVILLE,2022-12-14,2022-12-12,14,unknown,,0,0,1,https://reactwarn.floridajobs.org/WarnList/,1c0e65174aff2e0239552c14d5656c8a49c7bd83eef154344ebd9c76,c77d60c2b2f5aa574b384fe850e1fd7c32333117,2026-07-16,2026-07-26
FL,Sciolex Corporation,HIALEAH,2022-12-27,2022-12-20,22,unknown,,0,0,1,https://reactwarn.floridajobs.org/WarnList/,d5fc170e0754131f4db6faa09eafc7be0429c48fa88e44d3cff437a5,0a2b2feeb8f2ba48cd14dd93c941fbc07ae0c2e6,2026-07-16,2026-07-26
FL,Sciolex Corporation,MIAMI,2022-12-27,2022-12-20,20,unknown,,0,0,1,https://reactwarn.floridajobs.org/WarnList/,3eec08c63685b92d9de8877911e814fd4415711bc6501d8496ba499f,57239928945e5776ad9293a895ed81777c3d9518,2026-07-16,2026-07-26
FL,Sciolex Corporation - Kendall,MIAMI,2022-12-27,2022-12-20,18,unknown,,0,0,1,https://reactwarn.floridajobs.org/WarnList/,b40f05d6f4ef266b2d363548c13aee400f2f56ea67dd7604622ccd30,fb60769728e096d2575db26212f4f075b7edb8a3,2026-07-16,2026-07-26
FL,Brinks Home,ORLANDO,2023-01-05,2023-03-05,4,unknown,,0,0,1,https://reactwarn.floridajobs.org/WarnList/,b8824df5ae9f504ab65151fb345c5d5df4efa2c5b46459dcb9f4dd36,e5e3c2c0301d141a2a50730b8a3f8707b9506ca9,2026-07-16,2026-07-26
FL,"Delphi Behavioral Health Group - Breakthrough Living Recovery Community, LLC",WEST PALM BEACH,2023-01-05,2023-03-05,8,unknown,,0,0,1,https://reactwarn.floridajobs.org/WarnList/,e4501d99628787f62f477ec6e53427ed57a3318df411f36c0ad151ff,eb7eee98ad299039a4789300e9492744d967584b,2026-07-16,2026-07-26
FL,"Delphi Behavioral Health Group - Family Recovery Specialists, LLC",FORT LAUDERDALE,2023-01-05,2023-03-05,5,unknown,,0,0,1,https://reactwarn.floridajobs.org/WarnList/,8cdf27715ca6a0e91f04f1a5b0ff92720c5947551b88099cfbeac6cd,c2fcb3a7103b2d299fe621c9698903b2e7c4d794,2026-07-16,2026-07-26
FL,"Delphi Behavioral Health Group - Ocean Breeze Detox, LLC",FORT LAUDERDALE,2023-01-05,2023-03-05,79,unknown,,0,0,1,https://reactwarn.floridajobs.org/WarnList/,cd0030971a68ef9168d66bcf94daf0db210b719b309b235e28b6a9b7,28acdabf9f90a0633ca81da7d7b30d5b2b2deabe,2026-07-16,2026-07-26
FL,"Delphi Behavioral Health Group - Palm Beach Recovery, LLC",WEST PALM BEACH,2023-01-05,2023-03-05,41,unknown,,0,0,1,https://reactwarn.floridajobs.org/WarnList/,a0d28e4c78995218806ff0d738af49a3d9a87d352355193548b9b621,c5f5b21c526a4561d8391f957566656c11092b3b,2026-07-16,2026-07-26
FL,Railcrew Xpress,PENSACOLA,2023-01-05,2023-02-20,1,unknown,,0,0,1,https://reactwarn.floridajobs.org/WarnList/,e4018dc6b615493d5e2c0b938f2f0d05cfb073c18bb53376cfed5d55,cc9a062dcac5dedfb5d3953248131a97e6767c5b,2026-07-16,2026-07-26
FL,Metropolitan Delivery Corporation (MDC),DORAL,2023-01-06,2023-03-25,62,unknown,,0,0,1,https://reactwarn.floridajobs.org/WarnList/,ac15b7870525f3162bad87086855ee64e2d5680a1e89aae34ce5bcdd,7e5225bdf4257744d56eedaba50dfe99c2a775cc,2026-07-16,2026-07-26
FL,Metropolitan Delivery Corporation (MDC),MIAMI,2023-01-06,2023-03-25,51,unknown,,0,0,1,https://reactwarn.floridajobs.org/WarnList/,dbb754d9cb33f86e86c44c50a484755f7f1a1175c0a52881c3b8f7e8,de275b5d6868db3974b55c854f3f2c737a74a040,2026-07-16,2026-07-26
FL,"Quiet Logistics, Inc.",JACKSONVILLE,2023-01-06,2023-03-07,74,unknown,,0,0,1,https://reactwarn.floridajobs.org/WarnList/,e079ae073a909b20713e609d958afce02908f0da9a43a8e5b84feee0,04b2f45003567af322d17f28639a237a0e409f62,2026-07-16,2026-07-26
FL,"West Fraser, Inc.,",PERRY,2023-01-10,2023-03-13,127,unknown,,0,0,1,https://reactwarn.floridajobs.org/WarnList/,bf90a0dea0e4f7de50191d48077809e29232fef281f66e3afc6d69cc,4f5c31ac44267c1483ae7968b5aa3b6f693afb58,2026-07-16,2026-07-26
FL,Ascension St. Vincent’s Riverside,JACKSONVILLE,2023-01-17,2023-03-19,68,unknown,,0,0,1,https://reactwarn.floridajobs.org/WarnList/,35196f172815ffaa18532dda67c09d4bf4eb19c8dcdae9333a0d0f3f,109d85f54059907d6b11d7e02e680ac88e0a82ac,2026-07-16,2026-07-26
FL,GameStop’s Pembroke Pines Support Center,PEMBROKE PINES,2023-01-17,2023-03-18,54,unknown,,0,0,1,https://reactwarn.floridajobs.org/WarnList/,28a99ec9603ab907ed9f686d379101ef9bc21fcec52f4f2a40f134ca,4a0e730763c7650751b02ae8a5ac384f8e6d1d8e,2026-07-16,2026-07-26
FL,"Quirch Foods, LLC.",ORLANDO,2023-01-19,2023-03-31,42,unknown,,0,0,1,https://reactwarn.floridajobs.org/WarnList/,4c1bf210de809fcc7575f11f6fb95e4fb014d7d8a316feaaaae8fd4a,a4d9a711901c923b390213deac17cac3386cde21,2026-07-16,2026-07-26
FL,Kaman Precision Products Inc,ORLANDO,2023-01-25,2023-01-26,100,unknown,,0,0,1,https://reactwarn.floridajobs.org/WarnList/,b049cd6b0428c40f139f004d34bb8f56ab5ade30fbe42881ce0eb225,e4c35ece5d67f520f135619724ada7f0cf13838a,2026-07-16,2026-07-26
FL,"Vista Building Maintenance Services, Inc.",MIAMI,2023-01-30,2023-04-01,163,unknown,,0,0,1,https://reactwarn.floridajobs.org/WarnList/,01099a3d84e6c1161dd16c47cc84a89732dfc460e58265d02c63d9ca,50e58e9dadaa62f0b5c9667575bceab95d24e2a4,2026-07-16,2026-07-26
FL,"Wright Tree Service Inc.,",MILTON,2023-02-06,2023-02-28,100,unknown,,0,0,1,https://reactwarn.floridajobs.org/WarnList/,17174c78d741ad2cbcff748b68f5aed193fc4887861524eaf98aad21,960dc847f71539c6a2630674ab2f9e49cb99d88d,2026-07-16,2026-07-26
FL,North American Savings Bank,CAPE CORAL,2023-02-08,2023-03-07,1,unknown,,0,0,1,https://reactwarn.floridajobs.org/WarnList/,9d44a5d647fbd174a8619f91a88d5d2ed1e5c100eaf090f45ae737aa,bf2feeb3bb53c4623d715488fda7f7019a45d5b3,2026-07-16,2026-07-26
FL,Walmart #4669,PINELLAS PARK,2023-02-08,2023-03-10,71,unknown,,0,0,1,https://reactwarn.floridajobs.org/WarnList/,4a027194958bbadd855a9713e01847f1adc6a9dade67af0cdc787e48,8293702c7cc582b0470ffdef436f56e39342720c,2026-07-16,2026-07-26
FL,WIX,MIAMI BEACH,2023-02-15,2023-04-16,144,unknown,,0,0,1,https://reactwarn.floridajobs.org/WarnList/,c883f761c871e5930994998a28a61a0be41bdd00d137be65b1059ca8,b6170fd7891c10719725a0d31175dae77adcb6eb,2026-07-16,2026-07-26
FL,"CRITICAL IDEAS, INC.",GAINESVILLE,2023-02-17,2023-02-17,1,unknown,,0,0,1,https://reactwarn.floridajobs.org/WarnList/,47d10e9d6ddc37d37964742de572a8fa0344fb6a9bfc0b9a859f6090,430f516ad80635e6a4b9568ec898bc93f01280da,2026-07-16,2026-07-26
FL,Custom Brands Group of Hunter Douglas Fabrication Company,JACKSONVILLE,2023-02-17,2023-04-17,79,unknown,,0,0,1,https://reactwarn.floridajobs.org/WarnList/,c8784e7c89a8815c5662ce317e08c85c6f1dd17afdab364419d06702,db7f1f009e64100c98ac2b0cea2156980644f33d,2026-07-16,2026-07-26
FL,Venice HMA LLC d/b/a Shore Point Venice,VENICE,2023-02-22,2022-09-22,50,unknown,,0,0,1,https://reactwarn.floridajobs.org/WarnList/,8910ed790dc004dc758660792266c1ae96273e7e12f59ca3cca0b19a,5b0ad712e891e6fb480669ba605ad71ae1853b09,2026-07-16,2026-07-26
FL,Centurion,DAYTONA BEACH,2023-02-23,2023-04-25,80,unknown,,0,0,1,https://reactwarn.floridajobs.org/WarnList/,0f8b3b84bcfbaad47873b69ccd07418ce60d989cb5c20dfeaf3131e2,0b2b25050cf955a5da85fa8ac51fb35380e999d4,2026-07-16,2026-07-26
FL,"Sunrun, Inc. & Sunrun Installation Services, Inc.",FORT LAUDERDALE,2023-02-24,2023-04-16,111,unknown,,0,0,1,https://reactwarn.floridajobs.org/WarnList/,e00513db15de2c63464aedb01430a5f177c954f26120cee184edce4e,f0bf2225dadf4080867a97f9b9e4f37bc3c64d02,2026-07-16,2026-07-26
FL,"Advanced Marketing and Processing, Inc. d/b/a Protect My Car (“Protect My Car”)",SAINT PETERSBURG,2023-03-01,2023-02-23,75,unknown,,0,0,1,https://reactwarn.floridajobs.org/WarnList/,c5cff13e342371c68042aa4387d593fd0cabd082b4a0c6feaf06239b,747d8a70f770b7b61e5aa1c1a162671615931d06,2026-07-16,2026-07-26
FL,Menzies Aviation,FORT LAUDERDALE,2023-03-07,2023-04-17,78,unknown,,0,0,1,https://reactwarn.floridajobs.org/WarnList/,462b58ea2b0b4bf74fe1dffab23fa1f190846160c986c904a76e5b5d,d748e6175fb6614c24cc9777bef1ac6ba9de0bbb,2026-07-16,2026-07-26
FL,Radius Global Solutions LLC,RUSKIN,2023-03-07,2023-04-03,1,unknown,,0,0,1,https://reactwarn.floridajobs.org/WarnList/,e267fdf2830d50afb2a767c2f65b4e17f0ec78367b5238e8bcb6fc6e,3341eb9c8c5742550bde155f70191ac3e4800b0e,2026-07-16,2026-07-26
FL,Radius Global Solutions LLC,HUDSON,2023-03-07,2023-04-03,2,unknown,,0,0,1,https://reactwarn.floridajobs.org/WarnList/,3b51e8304c4517ba28e9d3f1abbda528da68c156778534240b8bfdd7,533ec00baf9aec80fc784d44b3cb8435ade3e546,2026-07-16,2026-07-26
FL,Radius Global Solutions LLC,SUN CITY CENTER,2023-03-07,2023-04-03,1,unknown,,0,0,1,https://reactwarn.floridajobs.org/WarnList/,c14b096e3efdbccd2d1d1f16decc2fbd157b76bdfbf1a7f25a75c21b,6b7d665b03f093c45161eac0cf06da88d3c1dbfa,2026-07-16,2026-07-26
FL,Radius Global Solutions LLC,HOLIDAY,2023-03-07,2023-04-03,1,unknown,,0,0,1,https://reactwarn.floridajobs.org/WarnList/,fd007ab8062ac121d6988ac6e4d924a2d11407c643724f72ff1d0a09,a271ab270c7dfbcebda4b49b0269761636125b55,2026-07-16,2026-07-26
FL,"Leggett & Platt, Inc",TAMPA,2023-03-09,2023-05-12,31,unknown,,0,0,1,https://reactwarn.floridajobs.org/WarnList/,65af7246db8d77bfc8811dc44e680ca2550766bb358fb5b8ca674a06,35861402e9d79b701c964341761380523a50cedf,2026-07-16,2026-07-26
FL,"Leggett & Platt, Inc.",SPRING HILL,2023-03-09,2023-05-12,6,unknown,,0,0,1,https://reactwarn.floridajobs.org/WarnList/,c737d8a6768419d77bf073db9529c661d17387075e0c0ca3f80b2af8,01c5510dcf0928cbb5c7ce2c3a6194dda2f35d70,2026-07-16,2026-07-26
FL,"Amsive, LLC",TAMPA,2023-03-13,2023-05-15,48,unknown,,0,0,1,https://reactwarn.floridajobs.org/WarnList/,457fe388fe35cff1c95771ce7697bcc92efde501d5fb62dc6d7a530c,e7d81d7f1af0f51abc359f54a26ee2553df3597f,2026-07-16,2026-07-26
FL,Multi-Color Corporation,PALM CITY,2023-03-14,2023-09-29,40,unknown,,0,0,1,https://reactwarn.floridajobs.org/WarnList/,edd74a48ff1c16a6f9650900e1b35bc1d949c63579c41a870c67824f,2b6c255315f8acba7e4211f6c734502e44f13f1f,2026-07-16,2026-07-26
FL,Wipro Limited,TAMPA,2023-03-14,2023-05-13,120,unknown,,0,0,1,https://reactwarn.floridajobs.org/WarnList/,e944bf15c8b24722bd21978e914a8d19da90b56a9670b10c56af303b,6ae419f9b9e6f1dc7335e7d316184d883c3e29c2,2026-07-16,2026-07-26
FL,Curio Employer LLC d/b/a The Casa Marina Key West,KEY WEST,2023-03-15,2023-05-15,80,unknown,,0,0,1,https://reactwarn.floridajobs.org/WarnList/,6e75841eb5d3795076fbc2be8e4c2c9df2b0f3fca2c4d5020be6d6d1,d71151487897e1daaca320f4950c0340a8adc06c,2026-07-16,2026-07-26
FL,"Stryker Employment Company, LLC",LAKELAND,2023-03-15,2023-05-15,1,unknown,,0,0,1,https://reactwarn.floridajobs.org/WarnList/,740c03f01163b25e76ea8159100cb0ba20ea2308d2e6f446c68ec490,171c06d32a14e67f09813fb8ae949e5841103197,2026-07-16,2026-07-26
FL,Walmart,JACKSONVILLE,2023-03-20,2023-05-19,69,unknown,,0,0,1,https://reactwarn.floridajobs.org/WarnList/,0bdbf9dbef17e777431f81b02b2cb031e9280789ab3cdbb422ad0a59,b9138b46a29ceb00dfa2be8366d24e7501039614,2026-07-16,2026-07-26
FL,"Aspiration Partners, Inc",KISSIMMEE,2023-03-24,2023-05-26,1,unknown,,0,0,1,https://reactwarn.floridajobs.org/WarnList/,ac18482610c1171221c6e404dfb74c2eade374dbb0acdbaa66cf5bb3,3adecdd4dbb6932030b17afc114da61a3a8f10b1,2026-07-16,2026-07-26
FL,"Aspiration Partners, Inc",LAKE MARY,2023-03-24,2023-05-26,1,unknown,,0,0,1,https://reactwarn.floridajobs.org/WarnList/,a45f7903a3aff1ee4580fdfa6afbe1f4c2c14d14def52ad57543ea6e,573f88c4f4c23ac3c67269c9a7c3a47bfd588a56,2026-07-16,2026-07-26
FL,"Aspiration Partners, Inc",GAINESVILLE,2023-03-24,2023-05-26,1,unknown,,0,0,1,https://reactwarn.floridajobs.org/WarnList/,a5acb2f3cac19e0d7ad3606d30a7efa743777c2f39a4512c4c32d24c,bd8f6fcd44bfcbaad72bece1e32c2d0478127c99,2026-07-16,2026-07-26
FL,"Aspiration Partners, Inc",TAMPA,2023-03-24,2023-05-26,1,unknown,,0,0,1,https://reactwarn.floridajobs.org/WarnList/,c94e13c31d663fd31b2ab510a49b1b03fdf0d9765118d5a7b2a3280c,c51d9f885861cb0547de2ba206db716d2daa57c1,2026-07-16,2026-07-26
FL,United Community Options,LAKE WORTH,2023-03-24,2023-06-01,30,unknown,,0,0,1,https://reactwarn.floridajobs.org/WarnList/,a33a222fb9b0784ecb37a3879c7119d4c4ee6cb4a6cdd90b75ed91cf,af8aa4bb5221b52ebd946bc64deda4b5dfe3c6bb,2026-07-16,2026-07-26
FL,WALMART,DAVENPORT,2023-03-24,2023-06-02,400,unknown,,0,0,1,https://reactwarn.floridajobs.org/WarnList/,606abe62caa192eee78506811a588be1722170cbbdbaa2c7de9dc71a,41e57cc9572e91acc1b9fd9152e3501c50a22957,2026-07-16,2026-07-26
FL,Ovation Credit Services,JACKSONVILLE,2023-04-06,2023-06-19,123,unknown,,0,0,1,https://reactwarn.floridajobs.org/WarnList/,f2c8f4a0f62f1cf29c3ce35fbdaf8f3ffdc65cd94e1e4580540fd413,930788bcc64c7a7284c63923d87f7952f1e00138,2026-07-16,2026-07-26
FL,"Covanta Energy, LLC",DORAL,2023-04-14,2023-04-14,64,unknown,,0,0,1,https://reactwarn.floridajobs.org/WarnList/,41a820fb4b0026174e252f4b347c1438a4bb4ddb4781df32032efacd,3e10f532a7584b1186ad32629eb1c88b1b6b4841,2026-07-16,2026-07-26
FL,"Stryker Employment Company, LLC",LAKELAND,2023-04-19,2023-06-30,4,unknown,,0,0,1,https://reactwarn.floridajobs.org/WarnList/,bde19e5e0c4d354a4f47d512124e9007f2b7583a74d54bbca4584157,68988c48665bf951fbbcf794a818087fbbd37519,2026-07-16,2026-07-26
FL,Walmart,JACKSONVILLE,2023-04-26,2023-07-14,14,unknown,,0,0,1,https://reactwarn.floridajobs.org/WarnList/,f36ab88b71a227e67771c06a64fd033a17b4887a07872b6adb0abb47,ea0e54851bf2404b9b7454f4162dc43a7035f394,2026-07-16,2026-07-26
FL,"GCA Education Services, INC",EDGEWATER,2023-04-28,2023-06-30,4,unknown,,0,0,1,https://reactwarn.floridajobs.org/WarnList/,1d305be64bfb2260c9e1ce605ee3cd59b25ad615412754cea900821d,010b375e1c6cad9d0e104e6190d0111169a9eb36,2026-07-16,2026-07-26
FL,"GCA Education Services, INC",ORANGE CITY,2023-04-28,2023-06-30,3,unknown,,0,0,1,https://reactwarn.floridajobs.org/WarnList/,9165835e7a2de258b22c2367363d703eafbc442a9872b60cc89299ed,027476d972227e78e2b6c968d40007d6b2535ad8,2026-07-16,2026-07-26
FL,"GCA Education Services, INC",ORMOND BEACH,2023-04-28,2023-06-30,3,unknown,,0,0,1,https://reactwarn.floridajobs.org/WarnList/,f3746d1a5bd451b6e58dbbeab8ba19e1593ce354c0cc62b858fd288b,249fc4c6ac7af15521be56c60da6f845e3277dfd,2026-07-16,2026-07-26
FL,"GCA Education Services, INC",OSTEEN,2023-04-28,2023-06-30,5,unknown,,0,0,1,https://reactwarn.floridajobs.org/WarnList/,f4dfc2501adb7df2e854c294a48bf776e9ef1b2b97aa4cb704169d82,25b615636cad27d24e2018e89b7f7a77cd4cf0aa,2026-07-16,2026-07-26
FL,"GCA Education Services, INC",DAYTONA BEACH,2023-04-28,2023-06-30,2,unknown,,0,0,1,https://reactwarn.floridajobs.org/WarnList/,df86c85bf0b031067b6cddb7aab35488220020a2030868678231cfc2,2b9dcef14fdda9fdb499f300e10272ab9815dba2,2026-07-16,2026-07-26
FL,"GCA Education Services, INC",DELAND,2023-04-28,2023-06-30,6,unknown,,0,0,1,https://reactwarn.floridajobs.org/WarnList/,6c5655d59b094bee80cb649bba3f738fcef0142aa1cd51331a67d09c,4943c9e3ed1e787b20dd0dba8d4d26e74263043b,2026-07-16,2026-07-26
FL,"GCA Education Services, INC",DEBARY,2023-04-28,2023-06-30,7,unknown,,0,0,1,https://reactwarn.floridajobs.org/WarnList/,06af6f71259a2fd41cb19c33706e818e16c66716a26d976df6dcd30d,4a1b0cec49f48f75bc9e6f2988b9643d5542c9e0,2026-07-16,2026-07-26
FL,"GCA Education Services, INC",LAKE HELEN,2023-04-28,2023-06-30,5,unknown,,0,0,1,https://reactwarn.floridajobs.org/WarnList/,b299145d97afb548ea89622fe281e624312a8e3e96722e325a76b022,56250b230327aef4442ea1dbaeeeb060668402ba,2026-07-16,2026-07-26
FL,"GCA Education Services, INC",NEW SMYRNA BEACH,2023-04-28,2023-06-30,5,unknown,,0,0,1,https://reactwarn.floridajobs.org/WarnList/,8e81a8886f862f12b4590dbaf5a4091229fa63f9d7c6d5ccb1c8f2d4,58c7ec476669da47fc59b76fc3dc867f18b45c2d,2026-07-16,2026-07-26
FL,"GCA Education Services, INC",PORT ORANGE,2023-04-28,2023-06-30,6,unknown,,0,0,1,https://reactwarn.floridajobs.org/WarnList/,f246b7d74a0767fdaee679084843e559abe774437a1965931fc2d131,b028a8e02467c47775e062ddb725c2f195f02ddb,2026-07-16,2026-07-26
FL,"GCA Education Services, INC",ENTERPRISE,2023-04-28,2023-06-30,4,unknown,,0,0,1,https://reactwarn.floridajobs.org/WarnList/,cd048ae0bbd3e4a6e683f95e41aefb2fa6f7bcf12896de70b1f7e8cb,df93929c2df8af42cf6521673c2e4a472a492515,2026-07-16,2026-07-26
FL,"GCA Education Services, INC",DELTONA,2023-04-28,2023-06-30,1,unknown,,0,0,1,https://reactwarn.floridajobs.org/WarnList/,d0a716df92de881105da2f8da1e22032054e24b8b560fdaf1215f74e,e82998cffbe38c4bb5ae8af48ab286a56820f781,2026-07-16,2026-07-26
FL,"Makita U.S.A., Inc",BONITA SPRINGS,2023-04-28,2023-06-28,1,unknown,,0,0,1,https://reactwarn.floridajobs.org/WarnList/,2a1289bd74f713b350bde81567098beb0696127b922542a1e4934b23,5fe6a481f54fdbd77f66ce3b0c8e8abd3ce2caee,2026-07-16,2026-07-26
FL,"Makita U.S.A., Inc",POMPANO BEACH,2023-04-28,2023-06-28,7,unknown,,0,0,1,https://reactwarn.floridajobs.org/WarnList/,587c244b66f0ae7d22c0937e6560685b483c47b420f27c39294bd18c,89d2b24fa0367594d2c1bc6d47aa46c06ff0f735,2026-07-16,2026-07-26
FL,"Makita U.S.A., Inc",BOYNTON BEACH,2023-04-28,2023-06-28,1,unknown,,0,0,1,https://reactwarn.floridajobs.org/WarnList/,f519fabf9b79be33ac97f08074cb62c0154a30592caf696c55d507fd,9a2ebe94c9369bb209cecb4064cb33735865c2d1,2026-07-16,2026-07-26
FL,"Makita U.S.A., Inc",SEMINOLE,2023-04-28,2023-06-28,1,unknown,,0,0,1,https://reactwarn.floridajobs.org/WarnList/,c0b463c1c426f35c9f53f6088a6b4e8250245f629423cac1da6900d9,a667ff0ed8ef8bca67672bd0e9506d3d61894f46,2026-07-16,2026-07-26
FL,"Makita U.S.A., Inc",MELBOURNE,2023-04-28,2023-06-28,1,unknown,,0,0,1,https://reactwarn.floridajobs.org/WarnList/,db6857a7229a6778ff811ec684054a29c70bc41ac4a6e5334cfd3fd5,dd67f6c1c133bef5d4cae7d49b34acc8b9bc0ddf,2026-07-16,2026-07-26
FL,"Makita U.S.A., Inc",KISSIMMEE,2023-04-28,2023-06-28,1,unknown,,0,0,1,https://reactwarn.floridajobs.org/WarnList/,2d393da5ffc8c823c1fc242c28d1355764d902f573cebf4a79dd3a47,f9c81f752da0f5b22adffe0bae200cc33d75bc5e,2026-07-16,2026-07-26
FL,Ch Opco,PALM BEACH,2023-05-01,2023-08-01,155,unknown,,0,0,1,https://reactwarn.floridajobs.org/WarnList/,f62e4c322d5d8b759bdbd6e0ed4668fb7acbdb8c4eebe47d54904046,309a6930ddd23476380d3db81a6f39f52747a249,2026-07-16,2026-07-26
FL,The Fishel Company,TAMPA,2023-05-10,2023-05-10,34,unknown,,0,0,1,https://reactwarn.floridajobs.org/WarnList/,dea948395e95c5007a30e27e7bb4a6b23412ab596d34c52f6f1a50b2,79fa2f95be226ca89282e060ee0b6df0ef746a20,2026-07-16,2026-07-26
FL,Vista Building Maintenance Service,CORAL WAY,2023-05-10,2023-07-01,94,unknown,,0,0,1,https://reactwarn.floridajobs.org/WarnList/,c0c460a5a2033519458df583e15e954ddcfecb31ee765049c5e65be0,17fd35173ea5a991ecae36cf9941e1d7b394d601,2026-07-16,2026-07-26
FL,"Trulieve, Inc.",LEE,2023-05-15,2023-07-14,155,unknown,,0,0,1,https://reactwarn.floridajobs.org/WarnList/,b60139ef122dde0c6987c24bdb6570d3f165e5c0353f2cab23c33419,ceb5f206b3bb90e13e76e06ae3b4eb1f6bb257b3,2026-07-16,2026-07-26
FL,Baker Hughes,JACKSONVILLE,2023-05-18,2024-01-08,183,unknown,,0,0,1,https://reactwarn.floridajobs.org/WarnList/,2af5dad69c5caad4461c21696ca249d6335debb4f459fbd8cd2ccdbc,10b2519354cdae1dc37e6bc65640d0b27d6af67d,2026-07-16,2026-07-26
FL,Covenant House Florida,ORLANDO,2023-05-25,2023-07-28,22,unknown,,0,0,1,https://reactwarn.floridajobs.org/WarnList/,eb995e5498bd4c28618a6bcca28c1dfe0d126acffd32954091de17f3,e483ebdc713892b2f7d6cf47069d9c137fdc5341,2026-07-16,2026-07-26
FL,VSE Corporation,JACKSONVILLE,2023-06-06,2023-07-31,112,unknown,,0,0,1,https://reactwarn.floridajobs.org/WarnList/,e19bb3015b6331510b877aff97504870a30761ff4e6088164781dc45,23d62457987bb0b6563f4d89738fd128dcc3c995,2026-07-16,2026-07-26
FL,"Progressus Therapy, LLC",SPRING HILL,2023-06-20,2023-06-20,56,unknown,,0,0,1,https://reactwarn.floridajobs.org/WarnList/,75eef2003c026323a820dcee00d61f9bcbe33319443d03f048f948c2,17e9958e61a1f32af2d0aaf905612a42f1877fcb,2026-07-16,2026-07-26
FL,"Progressus Therapy, LLC",YULEE,2023-06-20,2023-06-20,22,unknown,,0,0,1,https://reactwarn.floridajobs.org/WarnList/,888a9310257cc6cf1d235a7a7b36b489ee13aa1e5a2afc010cb20e30,24e54922375f4618645d3311403daf245406f533,2026-07-16,2026-07-26
FL,"Progressus Therapy, LLC",TAMPA,2023-06-20,2023-06-20,24,unknown,,0,0,1,https://reactwarn.floridajobs.org/WarnList/,5de8250fec5961f651e9f06e08bf08e3c3f9e70c2b8419a75023a6e4,47672120af69ed738f004b8810ed62cca16053b2,2026-07-16,2026-07-26
FL,"Progressus Therapy, LLC",NORTH PORT,2023-06-20,2023-06-20,28,unknown,,0,0,1,https://reactwarn.floridajobs.org/WarnList/,d69aa4a8c6e1fa18b3cab9e95f8bfb8e6a175f15442dcc197ab8df3f,73b52b10759e453446641dd1d148518b3c91f871,2026-07-16,2026-07-26
FL,"Progressus Therapy, LLC",RIVERVIEW,2023-06-20,2023-06-20,31,unknown,,0,0,1,https://reactwarn.floridajobs.org/WarnList/,16b1aab18df437a92c2afa6743bc3e11144d96f4e4dcc4409141923f,858b102b80d31c98647e2b2bede495367a91a25f,2026-07-16,2026-07-26
FL,"Progressus Therapy, LLC",SARASOTA,2023-06-20,2023-06-20,21,unknown,,0,0,1,https://reactwarn.floridajobs.org/WarnList/,24873de29b2bf4349b5478fe80da099a51581d4e33c639647a2e3aa2,8fb79daee7535be5059fbda7dc7d666dc5832570,2026-07-16,2026-07-26
FL,"Progressus Therapy, LLC",SAINT PETERSBURG,2023-06-20,2023-06-20,15,unknown,,0,0,1,https://reactwarn.floridajobs.org/WarnList/,4617dcaf9eac73fc34103f2738da874a786c088f5340db642c298689,cd62fb8660d5b890bdf8945343b8b609d74f2822,2026-07-16,2026-07-26
FL,"Progressus Therapy, LLC",JACKSONVILLE,2023-06-20,2023-06-20,21,unknown,,0,0,1,https://reactwarn.floridajobs.org/WarnList/,71f3b091df64e4c1a88577c9413b43edfb7aef4dd69bc0c9085cf6bf,dded56c1514abdb45f733e94fc1475060a222d9c,2026-07-16,2026-07-26
FL,"Progressus Therapy, LLC",WESLEY CHAPEL,2023-06-20,2023-06-20,23,unknown,,0,0,1,https://reactwarn.floridajobs.org/WarnList/,79ab1d1f4d8819a66bfc1259907ec635d603695832fe4ad74cfd4ab0,e78f76dbca3feb6eb3ca1690dd45e8418194079b,2026-07-16,2026-07-26
FL,"Progressus Therapy, LLC",TALLAHASSEE,2023-06-20,2023-06-20,32,unknown,,0,0,1,https://reactwarn.floridajobs.org/WarnList/,ba156a5b904669f9e18596296025a04a9d0049894cd48a2796ddd52d,f37217245c5e854968e4adce291434c6e03b08e1,2026-07-16,2026-07-26
FL,ASRC Federal: KIAC Contract,MERRITT ISLAND,2023-06-23,2023-08-31,262,unknown,,0,0,1,https://reactwarn.floridajobs.org/WarnList/,dc3c49e194568a6cb5451f42f262c3f71bc0c9eb9c36a764c65b666f,a3d29cb25f3f295d513646af01cd5241afc62763,2026-07-16,2026-07-26
FL,"Radial, Inc.",MELBOURNE,2023-06-23,2023-08-25,87,unknown,,0,0,1,https://reactwarn.floridajobs.org/WarnList/,2b0fc46e5bc6417dda5f46f7c70affe82808a0bc4dcac557ea04a3f4,b56592999dfd3185a47aa16b95c0a81ab6efa20e,2026-07-16,2026-07-26
FL,"Robinhood Markets, Inc.",LAKE MARY,2023-06-29,2023-09-01,61,unknown,,0,0,1,https://reactwarn.floridajobs.org/WarnList/,af0bff4e5df3cdc5860b25a847d889ea7da384a73bef63509f101a95,44bd50c8b85a2ff5e22084d21166c21903ff2882,2026-07-16,2026-07-26
FL,VOXX Automotive Corp.,ORLANDO,2023-06-29,2023-07-31,54,unknown,,0,0,1,https://reactwarn.floridajobs.org/WarnList/,3e095cfc72ad8fd7acdcc6e32884b40205cbfd67d885160af7fb94d9,478002a5a04c7f51928b544205bf961bf7bcd37d,2026-07-16,2026-07-26
FL,MH Employment Services LLC,MIAMI BEACH,2023-07-05,2023-08-29,60,unknown,,0,0,1,https://reactwarn.floridajobs.org/WarnList/,fab1e0d291eeff483e8d2361834306c9cf1b2f8dd1328e55b2d33a31,64af2c0e0a6e49e97ea0853aa19468b6478ad1f5,2026-07-16,2026-07-26
FL,"Vital Pharmaceuticals, Inc.",WESTON,2023-07-06,2023-09-03,397,unknown,,0,0,1,https://reactwarn.floridajobs.org/WarnList/,090b3cf2d012a9b3850c022c7494633f9db0efa54f21903879589ce4,6ea1447d2ca1d5c7f836e76f3d5adb4d6e280a08,2026-07-16,2026-07-26
FL,"Vital Pharmaceuticals, Inc.",MEDLEY,2023-07-06,2023-09-03,47,unknown,,0,0,1,https://reactwarn.floridajobs.org/WarnList/,f641566c5a292296434bfdaf439551d6259a72624aefefdaadb43394,b05fabbb6e690c6fe7921a3014e24dc24a99c40c,2026-07-16,2026-07-26
FL,"Vital Pharmaceuticals, Inc.",PEMBROKE PINES,2023-07-06,2023-09-03,19,unknown,,0,0,1,https://reactwarn.floridajobs.org/WarnList/,69b5077cac7da03d11940a0fb696f621c684c1b8f2f9522f3247e42b,b2112baf19e822b559b622973aa390f861f39425,2026-07-16,2026-07-26
FL,Computershare,JACKSONVILLE,2023-07-10,2023-09-15,9,unknown,,0,0,1,https://reactwarn.floridajobs.org/WarnList/,bda790e33b005d0c0872fc351ab63578797b2f0ca05440ff20826964,4f088996c9d34d7cf639109a3aa5308a8e4347c8,2026-07-16,2026-07-26
FL,"Ivy H. Smith, LLC",ORLANDO,2023-07-11,2023-08-31,64,unknown,,0,0,1,https://reactwarn.floridajobs.org/WarnList/,e059814f2590d519a683ee182b06178f566b3d79474e8af02c87f3ab,704e2be8606e1d7c6cda63fb1959b27ea16ceeb3,2026-07-16,2026-07-26
FL,Wells Fargo,ORLANDO,2023-07-12,2023-07-11,103,unknown,,0,0,1,https://reactwarn.floridajobs.org/WarnList/,8c915512530b22c3a4de32bbf32b34b9b3aebd71805abd97789c6c68,d8bae8a4182212018ef702dddc627e2502ded44f,2026-07-16,2026-07-26
FL,Ag-Mart Produce Inc.,IMMOKALEE,2023-07-18,2023-05-03,10,unknown,,0,0,1,https://reactwarn.floridajobs.org/WarnList/,bfdfed5d3ce78d15c2d9533aff6a38d01c5f5025d84c5301539526be,0ace5ba9f3c36004fd0418189ce43eb1e944a666,2026-07-16,2026-07-26
FL,Ag-Mart Produce Inc.,JENNINGS,2023-07-18,2023-05-03,8,unknown,,0,0,1,https://reactwarn.floridajobs.org/WarnList/,1929c41eb0c50702b093d842f09550a46d5bc783bdd7c587f7235ebe,507d9d89ee88f9e70ff9afd53f04c2c9b997fab9,2026-07-16,2026-07-26
FL,Ag-Mart Produce Inc.,DUETTE,2023-07-18,2023-05-03,4,unknown,,0,0,1,https://reactwarn.floridajobs.org/WarnList/,884d5b3bb4c88510013f65f3beb1e96b89b7016fc33b21ba36def5fe,74a65db1c105645705a7d79bfbbc8788c6681931,2026-07-16,2026-07-26
FL,Ag-Mart Produce Inc.,MYAKKA CITY,2023-07-18,2023-05-03,4,unknown,,0,0,1,https://reactwarn.floridajobs.org/WarnList/,5bb661ed4e5895e7013515e03ff67eaff6372cde93e35089ff7c6d0b,a552f6ad99615f0529fc077b80c85715428cf277,2026-07-16,2026-07-26
FL,Ag-Mart Produce Inc.,PLANT CITY,2023-07-18,2023-05-03,104,unknown,,0,0,1,https://reactwarn.floridajobs.org/WarnList/,c343eec16393c31a17abeff287f667b48a8485da763128c9f6397e39,a88daf9c5cf9578105369df3db6613b9100314ad,2026-07-16,2026-07-26
FL,Orlando Sanford International Airport,SANFORD,2023-07-20,2023-09-25,93,unknown,,0,0,1,https://reactwarn.floridajobs.org/WarnList/,d7992badb0053d9b3711cae2e8e6b1ac6bd9ad0997d0eecb54af19e5,b6da539886f4f3d05f7937e2d6450c13d4a1be67,2026-07-16,2026-07-26
FL,VOXX Automotive Corp.,ORLANDO,2023-07-24,2023-08-31,63,unknown,,0,0,1,https://reactwarn.floridajobs.org/WarnList/,bbadabe877874cec2470de7f215073858d34bc902c8a9b1964049b0d,baab414e0303eada05323031d1e58c05c4dfe40a,2026-07-16,2026-07-26
FL,Wells Fargo,ORLANDO,2023-07-25,2023-07-25,1,unknown,,0,0,1,https://reactwarn.floridajobs.org/WarnList/,b80d75e0f8b356c1e6c19b9ec09d4ccf3983c065d1f44b2d5c212057,5c6d52be1f946290df2292b96d216a358f7b4537,2026-07-16,2026-07-26
FL,Walmart,JACKSONVILLE,2023-08-04,2023-06-26,12,unknown,,0,0,1,https://reactwarn.floridajobs.org/WarnList/,32c57e41668b3863e2db878ab68dc2193d5d23b4224123b27e8801af,a33a4773c8493ebb4e23b97b41cde127928f301c,2026-07-16,2026-07-26
FL,Thermo Fisher Scientific,ALACHUA,2023-08-08,2023-10-09,18,unknown,,0,0,1,https://reactwarn.floridajobs.org/WarnList/,5cbe4e58757e554c06df8ff3d1dabac19b3dd1d5c6d492cd6e403f83,0288c59ca5ae7623cdf4c7072036e2dd16f0bfd9,2026-07-16,2026-07-26
FL,Wells Fargo,ORLANDO,2023-08-08,2023-08-08,1,unknown,,0,0,1,https://reactwarn.floridajobs.org/WarnList/,8a4518b3d606fdf3c82d8f1927e98da6180a1425e93395379d49920e,724832d6b6eea116024e1fdb9cf386979c570d5b,2026-07-16,2026-07-26
FL,"vitaCare Prescription Services, Inc. (“vitaCare”)",BOCA RATON,2023-08-09,2023-10-07,9,unknown,,0,0,1,https://reactwarn.floridajobs.org/WarnList/,56d6c6a0e3bd28c3002fc05b6d8a976c2f9dce0c9dcd3ee49cb925ff,7664993dab7bc835380a5786908c4d23d68328de,2026-07-16,2026-07-26
FL,"LGSTX Cargo Services, Inc.",TAMPA,2023-08-11,2023-10-12,191,unknown,,0,0,1,https://reactwarn.floridajobs.org/WarnList/,8cf153b4d0f27478c44f873b568ec7e5a903a914b9b032d5eaca705c,be1d6f2a61d971d1779ffe82370b913e7f38312f,2026-07-16,2026-07-26
FL,"LGSTX Services, Inc.",TAMPA,2023-08-11,2023-10-12,26,unknown,,0,0,1,https://reactwarn.floridajobs.org/WarnList/,bb4fef109586d0361514c3bd031665e4d7409f3346998e5035741edc,ba41a89b834935ebadde1b645564e7e7ce4b2124,2026-07-16,2026-07-26
FL,Yellow Corporation,BOYNTON BEACH,2023-08-11,2023-07-30,39,unknown,,0,0,1,https://reactwarn.floridajobs.org/WarnList/,50458b002f6b66e21d2fba668d91360d5c4769e3c19d88e51672935d,011ddad25d7600eb8652650dc28e5aa6493c0bb9,2026-07-16,2026-07-26
FL,Yellow Corporation,FORT MYERS,2023-08-11,2023-07-30,19,unknown,,0,0,1,https://reactwarn.floridajobs.org/WarnList/,a004a5e23b60c3ee374350cf162cb0a74e39f20ca6dc72f9c1409bd1,092cdc60f4bf38dfa5439085558c9fb251514a41,2026-07-16,2026-07-26
FL,Yellow Corporation,JACKSONVILLE,2023-08-11,2023-07-30,45,unknown,,0,0,1,https://reactwarn.floridajobs.org/WarnList/,2d4713c2934daef2694a1a2e58fbd7fb16454f3aa561afe4239b23de,2a3e155977425ebe895cc9541eea2b5374947c3d,2026-07-16,2026-07-26
FL,Yellow Corporation,OCALA,2023-08-11,2023-07-30,19,unknown,,0,0,1,https://reactwarn.floridajobs.org/WarnList/,d18065d22299b171609ed2b363c45efa63dfa7225b1fb26aaddecbbe,4368aea65dd904ebd314e747ae4bbdd5f2ac354e,2026-07-16,2026-07-26
FL,Yellow Corporation,MIAMI,2023-08-11,2023-07-30,191,unknown,,0,0,1,https://reactwarn.floridajobs.org/WarnList/,926f46357989f7f8b4188859afe96e4614f2ac65165588b997221206,8136441d2739bd1eb6489e79b10f094c8dd50c0d,2026-07-16,2026-07-26
FL,Yellow Corporation,TAMPA,2023-08-11,2023-07-30,97,unknown,,0,0,1,https://reactwarn.floridajobs.org/WarnList/,8f8cc410b03b4a3f8ce148d2b097ecffbb2136da71586ce9bab77a89,82c3e1740138b4ef5f69c96efbd744ed67b422e0,2026-07-16,2026-07-26
FL,Yellow Corporation,ORLANDO,2023-08-11,2023-07-30,114,unknown,,0,0,1,https://reactwarn.floridajobs.org/WarnList/,54cdd2b5acfb8eb638e1a34cb82fb4ef14ae3ff0cfeadddf7fb80972,9758ef6637733417c23254a7d1ede090f2437f73,2026-07-16,2026-07-26
FL,Centerra,CAPE CANAVERAL,2023-08-14,2023-09-30,57,unknown,,0,0,1,https://reactwarn.floridajobs.org/WarnList/,c870093ded5ea83e6702fe1aa5308c45a4832ef1df5435612939296c,382320d4957f7894a2be179aa547299ace185cf9,2026-07-16,2026-07-26
FL,Centrex Revenue Solutions,FORT MYERS,2023-08-14,2023-08-31,71,unknown,,0,0,1,https://reactwarn.floridajobs.org/WarnList/,e927ff5efb0ac0fe1960b5d4d683132c8c177c753448fd17e1976a7e,b6a4635e68d95ca8fcee463d82cd51a629d05c3c,2026-07-16,2026-07-26
FL,Paragon Water Systems,OLDSMAR,2023-08-14,2023-10-13,127,unknown,,0,0,1,https://reactwarn.floridajobs.org/WarnList/,28e8a3e894b79d545d092c29bf0aa37cee719b3fca838718ae3a827d,97ff26a925eb45df339852f3958cbf8721628f64,2026-07-16,2026-07-26
FL,Paragon Water Systems,TAMPA,2023-08-14,2023-10-13,34,unknown,,0,0,1,https://reactwarn.floridajobs.org/WarnList/,e2f4c608b4f78cf345628beac0f531225f8fc73748bdc808432a43ad,b1996b1568a89c1e7354b4458fa5635580fe8f00,2026-07-16,2026-07-26
FL,"WayForth, LLC",FORT MYERS,2023-08-15,2023-08-18,20,unknown,,0,0,1,https://reactwarn.floridajobs.org/WarnList/,f7f184834b4fbd6f7aef794155195afb53f66dcb2074624025795b62,50aa063cb5d3643e6aeacc34b11bec45b0c23cbe,2026-07-16,2026-07-26
FL,"WayForth, LLC",SARASOTA,2023-08-15,2023-08-18,11,unknown,,0,0,1,https://reactwarn.floridajobs.org/WarnList/,960f89c86818b04bd3f54c87968eefbc42ac2d68bd496c51c1153ed0,ea22cc409d63760b5ebafbc318f757369ecf4ac6,2026-07-16,2026-07-26
FL,CVS,PLANTATION,2023-08-18,2023-10-21,288,unknown,,0,0,1,https://reactwarn.floridajobs.org/WarnList/,de1987bce87b9bdb2760cbe5503cf1b59e1993d83da175efb563f1a9,ef2c6263234fe496d82a7cab1b937da34ca036eb,2026-07-16,2026-07-26
FL,"ImmunityBio, Inc.",HIALEAH,2023-08-18,2023-10-17,1,unknown,,0,0,1,https://reactwarn.floridajobs.org/WarnList/,d882c4fca8fb869cba83c1c77713f4fafe13579245f108ad3e41668c,6c0594e501e37ee50a512b3b7e597cfdef666f61,2026-07-16,2026-07-26
FL,"The Ritz-Carlton Hotel Company, LLC (Food and Beverage Operations)",MIAMI BEACH,2023-08-18,2023-10-20,121,unknown,,0,0,1,https://reactwarn.floridajobs.org/WarnList/,fa51336e77a1bf7239e387de2e6d43edf0337e92f031ddca0c5ed5c2,208f2586f57516486a57c800c89e5922e9694b26,2026-07-16,2026-07-26
FL,"VSP Optical Group, Inc.",CLEARWATER,2023-08-24,2023-10-26,12,unknown,,0,0,1,https://reactwarn.floridajobs.org/WarnList/,4271770a0b1042ee83b847bc99677fd2b5a5e966cf9cebc31b3e679d,6e38dbeb6216333ba1ed0973d1d8c7f49c63f0b3,2026-07-16,2026-07-26
FL,"Vista Building Maintenance Services, Inc.",MIAMI,2023-08-31,2023-11-01,93,unknown,,0,0,1,https://reactwarn.floridajobs.org/WarnList/,0d7df0a3f582d0330d8c290cddd8647d1cda29a75e0e7fcde24513d1,1383737547573c5084f4eb22ac0a310ba181209c,2026-07-16,2026-07-26
FL,"Brightline Trains, LLC",WEST PALM BEACH,2023-09-01,2023-10-04,66,unknown,,0,0,1,https://reactwarn.floridajobs.org/WarnList/,e804a1cbf4737c24b45874fe9be1d2166073b4db025c6cf281282b41,96da3e46a3a0bac04176fa3bd4f36729bf302965,2026-07-16,2026-07-26
FL,Wells Fargo,ORLANDO,2023-09-05,2023-11-03,1,unknown,,0,0,1,https://reactwarn.floridajobs.org/WarnList/,8f0ed67251d6c4b6c131a9000e72783aa927a45415a3c038391239d1,15b5d7c68c77aded469476e2d4571c3a960daa22,2026-07-16,2026-07-26
FL,Off Lease Only LLC,BRADENTON,2023-09-06,2023-09-07,49,unknown,,0,0,1,https://reactwarn.floridajobs.org/WarnList/,0cdf465b508b79c10832c6602577afc782dbe6f809229b729d796bda,0140958aa601c4281098fe2f35eb12970d8e55eb,2026-07-16,2026-07-26
FL,Off Lease Only LLC,ORLANDO,2023-09-06,2023-09-07,111,unknown,,0,0,1,https://reactwarn.floridajobs.org/WarnList/,0f6bbb137b7da2de09db082c36638306fb7070af5dd4679f07dfeb6e,81f1608c9d5b31f572f6bb73e5b2a06b63f81cbd,2026-07-16,2026-07-26
FL,Off Lease Only LLC,OPA LOCKA,2023-09-06,2023-09-07,75,unknown,,0,0,1,https://reactwarn.floridajobs.org/WarnList/,95accc5d486be865ef83d98960118073343aa42b79d8ad1083f50154,9fdb6f1fa5cf2def835b35eb79230d9f58d98daf,2026-07-16,2026-07-26
FL,Off Lease Only LLC,WEST PALM BEACH,2023-09-06,2023-09-07,163,unknown,,0,0,1,https://reactwarn.floridajobs.org/WarnList/,389a718f9747602010298030b6bebc7b89119c085f0f970392b44d3e,e5525769a6aede41ac109b05266290b7480508a1,2026-07-16,2026-07-26
FL,Off Lease Only LLC,NORTH LAUDERDALE,2023-09-06,2023-09-07,68,unknown,,0,0,1,https://reactwarn.floridajobs.org/WarnList/,9c81bb189a9bebb701b4a79a459e8e728e740a889ed114cebb802cf2,f2ffa1c881c3a9c23b18d76eae44e10a2d16ee5d,2026-07-16,2026-07-26
FL,Divvy Homes Inc.,WESLEY CHAPEL,2023-09-07,2023-11-07,2,unknown,,0,0,1,https://reactwarn.floridajobs.org/WarnList/,98ec38ea2261a60cf69801f3beb74a5e41ae34b6146d2c088ff8b0a2,33ed1d3cbf6741e6f7e0f116b4eb16de387c1b74,2026-07-16,2026-07-26
FL,Divvy Homes Inc.,FORT LAUDERDALE,2023-09-07,2023-11-07,1,unknown,,0,0,1,https://reactwarn.floridajobs.org/WarnList/,880c8d56b2405dae47a021b4353c6745f294b57e3968e02c55ef29a8,4f143fd2397c0a2191f81235396c0eae6ee71721,2026-07-16,2026-07-26
FL,Divvy Homes Inc.,ORMOND BEACH,2023-09-07,2023-11-07,1,unknown,,0,0,1,https://reactwarn.floridajobs.org/WarnList/,1a76553bcade2e83638f750234a6ab688bcf0ffeb1d2c28faf05b7fd,573f0078d892ae9a7d5559c346ebf2a9114672f3,2026-07-16,2026-07-26
FL,Divvy Homes Inc.,SUN CITY CENTER,2023-09-07,2023-11-07,1,unknown,,0,0,1,https://reactwarn.floridajobs.org/WarnList/,36b6675694c609728c9d7bb2611f07f8b1c5782268529f9b19a1a3c7,a046b43c537ea4c79780cea805c3c02fb02bc827,2026-07-16,2026-07-26
FL,SP Plus Corporation,FORT MYERS,2023-09-12,2023-09-30,99,unknown,,0,0,1,https://reactwarn.floridajobs.org/WarnList/,be0c8cc493223a2a7a0c4f87307a1129afe85afb675306fdf06d3e79,4004659bc943068876402feddd74d47218e90c53,2026-07-16,2026-07-26
FL,Enhanced Resource Centers,JACKSONVILLE,2023-09-15,2023-11-15,164,unknown,,0,0,1,https://reactwarn.floridajobs.org/WarnList/,b3c06c013cfdd146db3a0e251bb74cbedc9fd224be0dd124c4c30c19,48bf7cd6aa83b865228cd10d710676b8769c4bfa,2026-07-16,2026-07-26
FL,"Thriveworks Administrative Services, LLC",OAKLAND PARK,2023-09-15,2023-11-30,1,unknown,,0,0,1,https://reactwarn.floridajobs.org/WarnList/,f22e4a050a5506082914833f2b4846c91fa61f00bc66d42f258a30e7,36ab961e4cf34df7adb7f01a718c35c52ade823f,2026-07-16,2026-07-26
FL,"Thriveworks Administrative Services, LLC",CASSELBERRY,2023-09-15,2023-11-30,1,unknown,,0,0,1,https://reactwarn.floridajobs.org/WarnList/,e8700505df90cf30b74036030fe5c4d1aafb25f158509c3877806fed,43a931a6739a290c8a538754b5a0e13203a2e58e,2026-07-16,2026-07-26
FL,"Thriveworks Administrative Services, LLC",SATELLITE BEACH,2023-09-15,2023-11-30,1,unknown,,0,0,1,https://reactwarn.floridajobs.org/WarnList/,7eed26b99890a04c114f23c54b600e760209141f939c56e1394fb49e,8aca3dff53f65f8484e9e9edf41a197b2fba11ac,2026-07-16,2026-07-26
FL,"Thriveworks Administrative Services, LLC",LAND O LAKES,2023-09-15,2023-11-30,1,unknown,,0,0,1,https://reactwarn.floridajobs.org/WarnList/,06bdbcdeb69de3ccdb493e354a32976d861304ac71c8e1fc910fbd04,ccb5d2bc03363f79244d2844a8cca2aa86a62d91,2026-07-16,2026-07-26
FL,Georgia-Pacific Foley Cellulose,PERRY,2023-09-18,2023-09-18,516,unknown,,0,0,1,https://reactwarn.floridajobs.org/WarnList/,7fd702f3742c2b32231bf3299a936234893d8ad8615cc3973789dd18,1bce064492857008ad2f7048e416d1ffda857f3b,2026-07-16,2026-07-26
FL,Wells Fargo,ORLANDO,2023-09-20,2023-11-17,1,unknown,,0,0,1,https://reactwarn.floridajobs.org/WarnList/,0dfb756c4f15d6e92cb4e4070a328a957ad7d9660b98571165088163,dfa07a4dede255d8a9b9eb29eb3d82d90ed2ad51,2026-07-16,2026-07-26
FL,Alutiiq Commercial Enterprises LLC,TYNDALL AFB,2023-09-21,2023-11-13,62,unknown,,0,0,1,https://reactwarn.floridajobs.org/WarnList/,35572ac29f2c97980bb6d34f1990a18c2860a603be12359fcd94b4d2,5280f69e4da4ce2513661f4f812887a7ddd75684,2026-07-16,2026-07-26
FL,"Stryker Employment Company, LLC",LAKELAND,2023-09-28,2023-11-30,2,unknown,,0,0,1,https://reactwarn.floridajobs.org/WarnList/,2991e0ae118c61508b7e046d6d12d19603fb0efc3f11829442d88d25,fdf2f3477b7592d719e12cf89bcd537a3046c00c,2026-07-16,2026-07-26
FL,"Covanta Energy, LLC",DORAL,2023-10-02,2023-10-14,42,unknown,,0,0,1,https://reactwarn.floridajobs.org/WarnList/,7b03f86797150b9db1aa7642cff2f2011d57f255b2b27216ae430a75,a6321946276d0139dbc1775dbd6888dbb677f34c,2026-07-16,2026-07-26
FL,First Savings Bank,LAKE MARY,2023-10-02,2023-11-30,1,unknown,,0,0,1,https://reactwarn.floridajobs.org/WarnList/,9cf6cfae10c5b92e4f3c85fb687f226331a27de6fc796017f109f12a,32ed607d7b9a7bad4f1fb4e6a1ea0341a0ddd413,2026-07-16,2026-07-26
FL,First Savings Bank,JACKSONVILLE,2023-10-02,2023-11-30,2,unknown,,0,0,1,https://reactwarn.floridajobs.org/WarnList/,a3242ea9d503d7840ac8c0fbf8b38b45558c5cd34f6a8410ec816848,549076069735b0ae52bd64d70d65de42a05ac117,2026-07-16,2026-07-26
FL,First Savings Bank,HUDSON,2023-10-02,2023-11-30,1,unknown,,0,0,1,https://reactwarn.floridajobs.org/WarnList/,3bb7d6bb6186d818046411ed7908958944422ac1e180036183b73e2e,596aa7f4c1fb9b93a05c782476f740c8351a3d7e,2026-07-16,2026-07-26
FL,First Savings Bank,BOCA RATON,2023-10-02,2023-11-30,1,unknown,,0,0,1,https://reactwarn.floridajobs.org/WarnList/,edd305454ec903058f2d3cd2222c25874c4c68caa82aa5ea332920bf,5a0edb334721e3514af7132a9b94b6091150f679,2026-07-16,2026-07-26
FL,First Savings Bank,NAPLES,2023-10-02,2023-11-30,1,unknown,,0,0,1,https://reactwarn.floridajobs.org/WarnList/,7f5b527bdddaae54a95fe80057d6eab27323cc1a7e7227b0e6638b2b,64af3f1d80f95474548c874a229febbbe68468d3,2026-07-16,2026-07-26
FL,First Savings Bank,PORT CHARLOTTE,2023-10-02,2023-11-30,1,unknown,,0,0,1,https://reactwarn.floridajobs.org/WarnList/,d364208b1dab8fa30945ae6a4f92dfb6ed56be489844c6f80c2e73fd,aec29da9997c84bdeaae5b56925d1dbdab68c355,2026-07-16,2026-07-26
FL,First Savings Bank,FREEPORT,2023-10-02,2023-11-30,1,unknown,,0,0,1,https://reactwarn.floridajobs.org/WarnList/,69ba676a7d277256972801308a4ebfdde08cf7ea3bda3e662ce05006,b98604639d546f3344772c78914825d07fb7e6f9,2026-07-16,2026-07-26
FL,First Savings Bank,FORT WALTON BEACH,2023-10-02,2023-11-30,1,unknown,,0,0,1,https://reactwarn.floridajobs.org/WarnList/,7d8a3aa801c0157cf79419dfcbacbb9d8cc7349045bd47e258e71538,d0759417aee5ce10c39a3724d1965a6612446b87,2026-07-16,2026-07-26
FL,First Savings Bank,LAKE PLACID,2023-10-02,2023-11-30,1,unknown,,0,0,1,https://reactwarn.floridajobs.org/WarnList/,d97ce2d3d5e86803be70978524959186505559d6ec8ac6943c973e5a,d5d0176bfff60b167c19f4a47714516ed0ef398f,2026-07-16,2026-07-26
FL,First Savings Bank,WEST MELBOURNE,2023-10-02,2023-11-30,1,unknown,,0,0,1,https://reactwarn.floridajobs.org/WarnList/,d937a7ffe933e00a9a985e54cc244e3fe182b3d7c9f986ec70320c85,f4d89400b24e7b2166b61ab4b1784512ca2f744f,2026-07-16,2026-07-26
FL,First Savings Bank,CAPE CORAL,2023-10-02,2023-11-30,1,unknown,,0,0,1,https://reactwarn.floridajobs.org/WarnList/,2d9c5b7db6133a8e45a0496b4a05444645304a631b412ba07a5ab827,f6a8bcd2339d35b3b9cf1267b3ea3fd3593a5630,2026-07-16,2026-07-26
FL,Formulated Solutions,LARGO,2023-10-02,2023-10-02,66,unknown,,0,0,1,https://reactwarn.floridajobs.org/WarnList/,bd3d9f51c0b6813ae1ca9c3b2adceb1290fc71c593377c190652c47d,a2289a275d3b9a821e2316c9de2d7908ed5266c4,2026-07-16,2026-07-26
FL,"vitaCare Prescription Services, Inc.",BOCA RATON,2023-10-03,2023-12-02,126,unknown,,0,0,1,https://reactwarn.floridajobs.org/WarnList/,ada85219af27db58ce9d7a4501df4950e85cc74618b0582b8d842cf2,30f9f338cc14c785189830dee285f46d487793cd,2026-07-16,2026-07-26
FL,"Cygnus Home Services, LLC d/b/a Yelloh",SAN ANTONIO,2023-10-25,2023-12-15,7,unknown,,0,0,1,https://reactwarn.floridajobs.org/WarnList/,38dd3c8c1d70f57d5fe3dd67390a98882e3dd95ca53db3311f257f0a,3e935de4af451bd4aefc62220ceca787ac33ebab,2026-07-16,2026-07-26
FL,"Cygnus Home Services, LLC d/b/a Yelloh",SANFORD,2023-10-25,2023-12-15,12,unknown,,0,0,1,https://reactwarn.floridajobs.org/WarnList/,beca31c50d1d9afadb1aa63b477e65fea7d3eb4e1ed2174145d0fb53,591bed5cf4987aa445ae002449da53417dd66bc5,2026-07-16,2026-07-26
FL,"Cygnus Home Services, LLC d/b/a Yelloh",PENSACOLA,2023-10-25,2023-12-15,6,unknown,,0,0,1,https://reactwarn.floridajobs.org/WarnList/,7d50df79461fe7a91c1b0fa13798d38e6a42d5432e71881d4f97e0be,94f3c703233b2818c125d62b16b76879f86b1e73,2026-07-16,2026-07-26
FL,"Cygnus Home Services, LLC d/b/a Yelloh",CLEARWATER,2023-10-25,2023-12-15,5,unknown,,0,0,1,https://reactwarn.floridajobs.org/WarnList/,0b40bdead4abbff77521e92aa73236852632df679588f6a1b196b45d,955a82389f63b7468d433abe0f9c95acd29547c7,2026-07-16,2026-07-26
FL,"Cygnus Home Services, LLC d/b/a Yelloh",JACKSONVILLE,2023-10-25,2023-12-15,11,unknown,,0,0,1,https://reactwarn.floridajobs.org/WarnList/,1a5a92555fbdb3d4e82b999db1d2a6d334e41e22062f1cc6f0ff3ae4,a1cb14678788cf362fc4428cb4f1dc0b3d91cf74,2026-07-16,2026-07-26
FL,"Cygnus Home Services, LLC d/b/a Yelloh",SUMMERFIELD,2023-10-25,2023-12-15,7,unknown,,0,0,1,https://reactwarn.floridajobs.org/WarnList/,ea5d869e3ee31a0806cb8b480f5817a634eb9b88de53ee468291fe99,e8d65161d5934e7330b0992e6ffa9056b7521990,2026-07-16,2026-07-26
FL,"Cygnus Home Services, LLC d/b/a Yelloh",LAKELAND,2023-10-25,2023-12-15,7,unknown,,0,0,1,https://reactwarn.floridajobs.org/WarnList/,a6f3e49d55b8bffeb858d009c4f183bf946da25234e675822bde35a0,e9e1ef6989f757fd24f7441a301a55c212b7c541,2026-07-16,2026-07-26
FL,"Cygnus Home Services, LLC d/b/a Yelloh",PUNTA GORDA,2023-10-25,2023-12-15,6,unknown,,0,0,1,https://reactwarn.floridajobs.org/WarnList/,e16dc09183ef113da5f453ec3de7b350e104e00bc81092a469b80588,ea2b20e573fb825a741e1bc3d41f0f3fadfee6ab,2026-07-16,2026-07-26
FL,CVS,PLANTATION,2023-10-26,2023-12-30,1,unknown,,0,0,1,https://reactwarn.floridajobs.org/WarnList/,e6eede667d21fa0ad2171a779953467bd757da4357fe408313e90075,24432d5fd8c4cc01beef721aba0588bd000be322,2026-07-16,2026-07-26
FL,Jacobs Technology Inc.,EGLIN AFB,2023-11-01,2024-01-01,173,unknown,,0,0,1,https://reactwarn.floridajobs.org/WarnList/,233b7108bf49cd9103defb823c8d38909d22ae611fa6f30e663d17ce,8ad161878c9e463f852c0ef4269e883fd9b3f729,2026-07-16,2026-07-26
FL,Monterey Mushrooms LLC,ZELLWOOD,2023-11-08,2024-01-13,214,unknown,,0,0,1,https://reactwarn.floridajobs.org/WarnList/,fcc06919bb2cd2d2e756fea30857bab795655ddcccbf232adda6ec3f,d1f9d72381bc262b3d9123e8965508819611fce5,2026-07-16,2026-07-26
FL,"Tyson Foods, Inc.",JACKSONVILLE,2023-11-08,2024-01-08,219,unknown,,0,0,1,https://reactwarn.floridajobs.org/WarnList/,05f03c94fcd2f3faea05db95e1fd3900efe5f02585e192284526df6f,7bc154b5681a0f55bdf67b6eb0a884bdd95789a0,2026-07-16,2026-07-26
FL,"Venus Fashion, Inc.",JACKSONVILLE,2023-11-13,2024-01-13,129,unknown,,0,0,1,https://reactwarn.floridajobs.org/WarnList/,9366f850e1e634f1cc2a079f989ebfa79d2d81d9c2079daed06cc48a,730d2d02995506dcb314fe32cefbbb02045798db,2026-07-16,2026-07-26
FL,HMSHost,MIAMI,2023-11-20,2024-01-28,166,unknown,,0,0,1,https://reactwarn.floridajobs.org/WarnList/,ca71f1a5936de56d80875ecdfe4845500b28fd303415507442d45b01,a918d2d6ef0c1e9a38fe86e5b2d7f33491b56f4a,2026-07-16,2026-07-26
FL,Essendant Co.,MEDLEY,2023-11-28,2024-01-31,47,unknown,,0,0,1,https://reactwarn.floridajobs.org/WarnList/,7812850533312c75797ec593a382c6e7fc4b34c83b80bba3292e9682,2fbbca4e78e1288219bae633829aa63d6ae93688,2026-07-16,2026-07-26
FL,InteLogix,LAKELAND,2023-11-28,2024-01-31,102,unknown,,0,0,1,https://reactwarn.floridajobs.org/WarnList/,ffa7e39754a3c327548807b12e36e3210b53d84f9a12375625074826,355588e899d23e13d5c1ab5b55db5f3490154b6e,2026-07-16,2026-07-26
FL,"Southwire Company, LLC",CRESTVIEW,2023-12-04,2024-02-02,71,unknown,,0,0,1,https://reactwarn.floridajobs.org/WarnList/,efe70d47121f949c21ea1043e2b7a7ce7833f79006c6550b33283ce9,2f3a6c7a32057698a8b2dd511642c5733cfff726,2026-07-16,2026-07-26
FL,"vitaCare Prescription Services, Inc.",BOCA RATON,2023-12-05,2023-12-05,53,unknown,,0,0,1,https://reactwarn.floridajobs.org/WarnList/,2919ceb0cb0ca2b323b2fc575401bf63019054fd13fc42e9fb3d93df,4b6e75dfd429f0536e1830a18dd080a1bf4a32c0,2026-07-16,2026-07-26
FL,"Orlando Sanford International, Inc.",SANFORD,2023-12-06,2024-02-15,267,unknown,,0,0,1,https://reactwarn.floridajobs.org/WarnList/,ecc667dc0061eee370fb523c67d74c8ba191c2ade6ba96c651af9ffe,b66b218d0dba1dfa8b239004616cd7e1076a0de5,2026-07-16,2026-07-26
FL,"TBI US Operations, Inc.",SANFORD,2023-12-13,2024-02-15,7,unknown,,0,0,1,https://reactwarn.floridajobs.org/WarnList/,31a05a4dee7c31982297d9934c79e2fc2bed1957d5d5ccb28b058aa1,f8dbc1fcb9d2f9951a0869d4c6edad8f8b1fb4c1,2026-07-16,2026-07-26
FL,"Tyson Foods, Inc.",JACKSONVILLE,2023-12-13,2024-01-12,11,unknown,,0,0,1,https://reactwarn.floridajobs.org/WarnList/,a865b8a7a865922857af6fbc5971ac84b1adc9a0898bb92f1761b4a9,1c6bdf7d902847336a0ab63a78f7d4daed4a7f7f,2026-07-16,2026-07-26
FL,The Rockhill Group Inc.,HURLBURT FIELD,2023-12-27,2024-01-16,6,unknown,,0,0,1,https://reactwarn.floridajobs.org/WarnList/,b7dc88f01d602dc135bfbd860130dc80e1d0f15959c804176ceaaea6,3679cff39f979402f5d5042fa88ae6a178c24a11,2026-07-16,2026-07-26
FL,"Global Benefits Group, Inc.",MIAMI,2023-12-31,2024-01-05,25,unknown,,0,0,1,https://reactwarn.floridajobs.org/WarnList/,237441cd4d7316259e980c6f78fcb46fe4f82bcbd49169f5db3047b2,e41e66da6a487ef8b1ee34b37521bc709385a9ad,2026-07-16,2026-07-26
FL,Percepta,MELBOURNE,2024-01-03,2024-03-29,98,unknown,,0,0,1,https://reactwarn.floridajobs.org/WarnList/,1beb3c5313f9c40067f60a5ca6a7567413767eebed66bc43875fe565,fcab888db66f2cf0af1d19196f24b46ddd94f16e,2026-07-16,2026-07-26
FL,GDI Services,AUBURNDALE,2024-01-05,2024-03-05,38,unknown,,0,0,1,https://reactwarn.floridajobs.org/WarnList/,ae70dc0553bde159b772c8b575d0092edbee79aa700c058e64798724,4760e426011ac4fdb8131492f8c9bf20f63a8ff9,2026-07-16,2026-07-26
FL,GDI Services,ORLANDO,2024-01-05,2024-03-05,106,unknown,,0,0,1,https://reactwarn.floridajobs.org/WarnList/,1acc9c221f4e141ba3242ea10f4becc8f38277331add0d5a480d635a,6c7b2db35c9dfb79de3fee7887336a19048fabe3,2026-07-16,2026-07-26
FL,GDI Services,RUSKIN,2024-01-05,2024-03-05,101,unknown,,0,0,1,https://reactwarn.floridajobs.org/WarnList/,7d99991c6def1b1ee56ab8b473e9bc66da07f3ad7dd3b28a8cd76022,80c6c2dd1fa49891adcf850323a67646f35b4f8d,2026-07-16,2026-07-26
FL,GDI Services,LAKELAND,2024-01-05,2024-03-05,49,unknown,,0,0,1,https://reactwarn.floridajobs.org/WarnList/,04298e6f0fccbde3d38e5cceeb6fde9121cfd200f2d1c7ae997c84c2,92a9cda05b311a88b65f58e64e31de0a8b150d30,2026-07-16,2026-07-26
FL,GDI Services,DELTONA,2024-01-05,2024-03-05,45,unknown,,0,0,1,https://reactwarn.floridajobs.org/WarnList/,0fd0f02160ce7e1fb8abec9c19c7360772b24bcc42f189740c75a902,a0376031eb4e7b69dc4735b51ba24d9ae29e4d15,2026-07-16,2026-07-26
FL,GDI Services,OPA LOCKA,2024-01-05,2024-03-05,99,unknown,,0,0,1,https://reactwarn.floridajobs.org/WarnList/,f1af3a66dfdabff35b30c1871584bd0f8eb335bc55a10bb4cf70c9c1,f319209904c6c0cd2a10134acdd1cec65a5532ff,2026-07-16,2026-07-26
FL,"West Fraser, Inc.",JACKSONVILLE,2024-01-09,2024-03-19,79,unknown,,0,0,1,https://reactwarn.floridajobs.org/WarnList/,9d1770e5a4666675d4372ce7baf1fa6c60e872a5114544a497dc250f,0a0238aadf404c03c0ee19efae543f35d2654c80,2026-07-16,2026-07-26
FL,"G2 Secure Staff, LLC",MIAMI,2024-01-10,2024-03-04,130,unknown,,0,0,1,https://reactwarn.floridajobs.org/WarnList/,28aa0d2b7ebf0747ee8c567acce604ba6ae834be0dabac8232ba16cf,d4474f692bf597385af8b21c0d4b54de94447611,2026-07-16,2026-07-26
FL,"Fanatics, LLC",JACKSONVILLE,2024-01-11,2024-04-01,218,unknown,,0,0,1,https://reactwarn.floridajobs.org/WarnList/,69768704ece9a19f069e45cd6ac4e301b42ccfb2ab1dfa6d3891d81a,f38df8a6a85a99177e1f4d7febc52cce4e0085e8,2026-07-16,2026-07-26
FL,"Lost Boys Interactive, LLC",CAPE CORAL,2024-01-12,2024-03-15,1,unknown,,0,0,1,https://reactwarn.floridajobs.org/WarnList/,ea26e62e467c17d62d6faed21a06d9e86af185c507ec0a5dc552449e,58fb9bcc0499a572ff23ae79825860dea40ffaa5,2026-07-16,2026-07-26
FL,"Lost Boys Interactive, LLC",ORLANDO,2024-01-12,2024-03-15,2,unknown,,0,0,1,https://reactwarn.floridajobs.org/WarnList/,0112fa0b46911b4126f9c4e8ba2021a24c7673c927b63865b841c496,59caa11f11a06f3c84025067e38a1f2ad071724c,2026-07-16,2026-07-26
FL,"Lost Boys Interactive, LLC",MOUNT DORA,2024-01-12,2024-03-15,1,unknown,,0,0,1,https://reactwarn.floridajobs.org/WarnList/,d4b0cb064000b8c6991510c74b22711a88c66ec74c31fc718150ea8b,9c6732e9408c16029d731916041fac9a12cd4fa5,2026-07-16,2026-07-26
FL,"Lost Boys Interactive, LLC",PANAMA CITY,2024-01-12,2024-03-15,1,unknown,,0,0,1,https://reactwarn.floridajobs.org/WarnList/,0437ab3f1932dfee3c31820f0806a5edf1676b6b27a4f1fbf5fea6df,c0943e1d020381118c77c545fd18a51072cdf721,2026-07-16,2026-07-26
FL,"Lost Boys Interactive, LLC",DELTONA,2024-01-12,2024-03-15,1,unknown,,0,0,1,https://reactwarn.floridajobs.org/WarnList/,75cb2b7215e147bc001fc8d0b8acca62cff463515777b8284bb26330,fb7053ecb5798c65b6d836a7666f656f486931d4,2026-07-16,2026-07-26
FL,"Fathom Manufacturing, LLC",MIAMI LAKES,2024-01-23,2024-03-24,54,unknown,,0,0,1,https://reactwarn.floridajobs.org/WarnList/,85aea7f6df30ff44fa3da3448c67e92c126cf8547f677f6b8951abdf,58fca73d2cae160c48570e412761e35563b342ad,2026-07-16,2026-07-26
FL,Los Angeles Times Communications LLC,MIAMI,2024-01-23,2024-03-25,1,unknown,,0,0,1,https://reactwarn.floridajobs.org/WarnList/,2a91207f9ed2e647090e2f524223bb3515ba412dd0798b0748f7b6d1,9d4da917eccff2971549af8651cc98ba026d5ccf,2026-07-16,2026-07-26
FL,"Corsair Gaming, Inc.",MIAMI,2024-02-01,2024-04-02,55,unknown,,0,0,1,https://reactwarn.floridajobs.org/WarnList/,b16960243a0a8d347de208d9fc3bb7c958f8dc8d0f057fd76a7495ca,3d79b0d4ac684073e2f0bd4fb830fe04808b17af,2026-07-16,2026-07-26
FL,"BioDerm, Inc",LARGO,2024-02-05,2024-04-06,50,unknown,,0,0,1,https://reactwarn.floridajobs.org/WarnList/,434a12ef89b4aa7c4b977d5a85a06b956907f744b99acbad66483152,e8e2641c0f41b128d34fc639ce16cad34cfeb75c,2026-07-16,2026-07-26
FL,Coca Cola Company,DUNEDIN,2024-02-06,2024-04-06,198,unknown,,0,0,1,https://reactwarn.floridajobs.org/WarnList/,f6a8d8bf9de2d534ffed369f7a1469381f79db2cfbd7d017c93f4517,e50d40d89c69696c7df1d2e4f60223ba132e1af3,2026-07-16,2026-07-26
FL,"Fence Outlet MDC, LLC",LAKE WALES,2024-02-09,2024-03-31,69,unknown,,0,0,1,https://reactwarn.floridajobs.org/WarnList/,482eab6d6fdd42397f137f4694c1614f868cea90925dc328e011fc99,3a615382e9e65a29cace844ac9eb82590008b977,2026-07-16,2026-07-26
FL,Alto Operations Florida LLC,MIAMI,2024-02-12,2024-04-12,121,unknown,,0,0,1,https://reactwarn.floridajobs.org/WarnList/,9e82b7358c68bb283c34cf7a8932cb8a00b656f62f017c1b4a34c416,d05671783564dfe673d1d780fcd6d2c1a6917c19,2026-07-16,2026-07-26
FL,"New vison Pharmaceuticals, LLC (NVP)",TAMARAC,2024-02-12,2024-02-09,88,unknown,,0,0,1,https://reactwarn.floridajobs.org/WarnList/,9fff4d78468b4ea1209239e1bc2674fccec7d283dcde6dd97dc4cad2,9766636cfb97f88c8bc84f4cfe42314609307a7f,2026-07-16,2026-07-26
FL,Orlando Sanford International Airport,SANFORD,2024-02-12,2024-02-15,6,unknown,,0,0,1,https://reactwarn.floridajobs.org/WarnList/,c2758224b29b65b76b21a50936ea58d402bf72a77cf443da86577e29,e4ed9fc4c7940df9febfeea55b2be0870a818fae,2026-07-16,2026-07-26
FL,"TBI US Operations, Inc.",SANFORD,2024-02-12,2024-02-15,3,unknown,,0,0,1,https://reactwarn.floridajobs.org/WarnList/,670d2932720047cf012099c210add3725674c5f9508e5f642955d06a,1309b8a0958cf205b6988bc506fd002d68f19b94,2026-07-16,2026-07-26
FL,LATAM Global Security Services,MIAMI,2024-02-19,2024-04-14,166,unknown,,0,0,1,https://reactwarn.floridajobs.org/WarnList/,4fb754eb0a07ae53a181d9cad7c5e5709b38884794bc17c8dc211dec,d972cb8d8f37cedd893501e44eef53771a552b51,2026-07-16,2026-07-26
FL,"American Queen Steamboat Operating Company, LLC",FORT LAUDERDALE,2024-02-20,2024-02-20,64,unknown,,0,0,1,https://reactwarn.floridajobs.org/WarnList/,14a5a021f6e88d2139dd20494b5c5668e10590b9d503163d6206413e,45e177148c17515bfb8fade91f1649b45220cd41,2026-07-16,2026-07-26
FL,OBXtek,HURLBURT FIELD,2024-02-20,2024-04-21,57,unknown,,0,0,1,https://reactwarn.floridajobs.org/WarnList/,67b0230f01b5ed4c842de619dad0ddc8627c6800602a9d11ce5fc58a,b704c5928bbcf9803ab89ea258de1857f2596282,2026-07-16,2026-07-26
FL,"Anuvu Operations, LLC’s Maritime, Energy and Government business",MIRAMAR,2024-02-22,2024-04-20,135,unknown,,0,0,1,https://reactwarn.floridajobs.org/WarnList/,c13d71a454d07c170bdda695a5f35a1d59e4edbb8325fb4a42a83d9c,9189a115c1b62da55f4c4f46dbaee8685a1d173b,2026-07-16,2026-07-26
FL,MV Transportation,SOUTH BAY,2024-03-01,2024-04-30,31,unknown,,0,0,1,https://reactwarn.floridajobs.org/WarnList/,d397adca6bf2fb11655e2bd8e83de1d554947ca1eadbb6c05e7d8cc8,d6fe264ee0279169dc3e7a843fb423a389ea58de,2026-07-16,2026-07-26
FL,MV Transportation,WEST PALM BEACH,2024-03-01,2024-04-30,187,unknown,,0,0,1,https://reactwarn.floridajobs.org/WarnList/,f7a09c1ad6c6eae94dc8ad597919e244df7060173d322bbecfbb5bac,f5bf0b64e1179c7176dcf4ba741dd68d2660745c,2026-07-16,2026-07-26
FL,ADT Solar,FORT LAUDERDALE,2024-03-06,2024-02-23,45,unknown,,0,0,1,https://reactwarn.floridajobs.org/WarnList/,cfcada15b12e7490580d5fa8fe99006ecfd654aa6cb336ec618251db,1fa0e0b802555b2cd9b9d5334cd03b49a6db3a8e,2026-07-16,2026-07-26
FL,Jacobs,TAMPA,2024-03-07,2024-03-01,536,unknown,,0,0,1,https://reactwarn.floridajobs.org/WarnList/,3ae16107dbec51be3a626cfcf22b8179a1306984a3ab108209c75c0d,76d5774591675b15a94b2e9d27520c8dd9c080c9,2026-07-16,2026-07-26
FL,Walgreen Co.,ORLANDO,2024-03-14,2024-05-17,324,unknown,,0,0,1,https://reactwarn.floridajobs.org/WarnList/,8dd66420683acecf70456ecef1c2b9552e51fd3024b4f7d437d0fa95,13d5ff495bd3e9413b3e174283fe84972165195d,2026-07-16,2026-07-26
FL,Seagate,DELRAY BEACH,2024-03-18,2024-05-20,39,unknown,,0,0,1,https://reactwarn.floridajobs.org/WarnList/,50f119cda019ec36cda241dd1cc1bf79b8db197c365e1c10971a13b9,95dd76969937430757db9a42a028a7498fc30399,2026-07-16,2026-07-26
FL,"Bionano Genomics, INC LLC",GAINESVILLE,2024-03-25,2024-05-24,1,unknown,,0,0,1,https://reactwarn.floridajobs.org/WarnList/,c142f95b954ff30e1a485f4ece86cc2d232e4547201fadac680b3476,4b969344c21262947c393f56164b07925cebdc31,2026-07-16,2026-07-26
FL,Kroger Fulfillment Network LLC,OPA LOCKA,2024-03-26,2024-05-25,109,unknown,,0,0,1,https://reactwarn.floridajobs.org/WarnList/,8e95e46a166f70145247362dbe0b859a93d32311663db1654c69924d,2b9873f0d9bb54d1b53e4a90ca65011c9c8b363d,2026-07-16,2026-07-26
FL,"Stryker Employment Company, LLC",LAKELAND,2024-03-27,2024-05-31,1,unknown,,0,0,1,https://reactwarn.floridajobs.org/WarnList/,0d625f6bf417c871d65a3c8f9cf2c6c0ea92c0dc9d2c00d67d25b8e0,2b51ed34516933d36ce6f93a4e695a4b2353d84e,2026-07-16,2026-07-26
FL,Student Transportation of America,JACKSONVILLE,2024-03-27,2024-05-30,225,unknown,,0,0,1,https://reactwarn.floridajobs.org/WarnList/,b2a4a6c8d73b15de76bd1f05254990133d4389e49fcd334add7bb197,5362307a9798e615cf47ea13199aea907c1a569a,2026-07-16,2026-07-26
FL,Varis,BOCA RATON,2024-03-27,2024-03-27,75,unknown,,0,0,1,https://reactwarn.floridajobs.org/WarnList/,0262085b7973af6c32f9b79b9e9c72bb679434f013bddc6f8482ceee,a83692383aaef5d19da38da81242b3cee8c65bba,2026-07-16,2026-07-26
FL,Volta Charging Industries,COOPER CITY,2024-04-01,2024-05-31,1,unknown,,0,0,1,https://reactwarn.floridajobs.org/WarnList/,18bbd4687b8d6c8225d516f11a867cc3f757a89043615527b68c97cf,11bd04f54d8dab275593a488a606455d464e87cd,2026-07-16,2026-07-26
FL,Volta Charging Industries,MIAMI,2024-04-01,2024-05-31,1,unknown,,0,0,1,https://reactwarn.floridajobs.org/WarnList/,32a3c823bd7a18f3c7fbd4f47872dd4b1bea795ab4841678a8bb0ed1,4fddabd36225505badda369799e0234662ade790,2026-07-16,2026-07-26
FL,Volta Charging Industries,JACKSONVILLE BEACH,2024-04-01,2024-05-31,1,unknown,,0,0,1,https://reactwarn.floridajobs.org/WarnList/,c11c45a9045d73e93ba860d3025b32e9c580bca1f1fc5fee6d0f7fc8,f16b9618e4a2f8535dfde6b79c5788cde3c0db17,2026-07-16,2026-07-26
FL,Block INC,PONTE VEDRA BEACH,2024-04-03,2024-04-02,1,unknown,,0,0,1,https://reactwarn.floridajobs.org/WarnList/,de42aa3ec3cb315c05e4f8485ccc7a5ab35ec2d082abb8f341090d1a,d38458bafd2b4cdabae4ec6f00b01169d42b7a5c,2026-07-16,2026-07-26
FL,"Beekman 1082, Inc.",ORLANDO,2024-04-15,2024-06-14,72,unknown,,0,0,1,https://reactwarn.floridajobs.org/WarnList/,e9bfb0094a8b5ad0315563f1a0184dccfd2c2b4003fc5b153ce92065,35ed6bd378381b43ebb4dbf265b2dc94eba9c8fe,2026-07-16,2026-07-26
FL,FedEX,PUNTA GORDA,2024-04-17,2024-07-29,76,unknown,,0,0,1,https://reactwarn.floridajobs.org/WarnList/,1c28c5dd16dcb776e1b6ef3c196a002c6504b00d1ceae028a56e0229,362a6f943ad3d26caad0e32f97634ac00caea7e2,2026-07-16,2026-07-26
FL,FedEX,FORT MYERS,2024-04-17,2024-07-29,64,unknown,,0,0,1,https://reactwarn.floridajobs.org/WarnList/,2504ecf2a28f5f76b57e678cbc896948edd4f1311d3f6f921adfcb22,7f733ade0e00eba40004da74cdd38c9f453c65b6,2026-07-16,2026-07-26
FL,FedEX,NAPLES,2024-04-17,2024-07-29,48,unknown,,0,0,1,https://reactwarn.floridajobs.org/WarnList/,85a7ea62ae9e11708e03ada24748d1e9c7a63bf90dbe27b769c428a6,da351ddd81bb69a6a4aef8d025538b991cec853c,2026-07-16,2026-07-26
FL,Fernlea Flowers Ltd.,STUART,2024-04-23,2024-06-20,31,unknown,,0,0,1,https://reactwarn.floridajobs.org/WarnList/,d8da3392cac8aaa04db2e1cc3adaff3a2a74cb4cb8f1e7e10e0c2994,2f80d7443c0f13a4c0ecd1abd10fd4a929c55904,2026-07-16,2026-07-26
FL,Fernlea Flowers Ltd.,PALM CITY,2024-04-23,2024-06-20,31,unknown,,0,0,1,https://reactwarn.floridajobs.org/WarnList/,b9310fc6c41f0ab018c704b51167914a2e619f331ed8eba3d8cb8580,54dd2de659edd9b6f6808ad85fd2fb84f5994c34,2026-07-16,2026-07-26
FL,"GCA Educational Services, INC(“ABM”)",LAKE PLACID,2024-04-26,2024-06-30,8,unknown,,0,0,1,https://reactwarn.floridajobs.org/WarnList/,894c00865b442881b17a2e14093649fef8805565321b139db14e6b46,156db39672880949dadff44f527745c776cabd1c,2026-07-16,2026-07-26
FL,"GCA Educational Services, INC(“ABM”)",AVON PARK,2024-04-26,2024-06-30,9,unknown,,0,0,1,https://reactwarn.floridajobs.org/WarnList/,0bedf5d44d44004279d8be6c0818ca2fa22df21520caef11ef6471a1,518fbe48f2f172ea1265e43353dbc94418d6d077,2026-07-16,2026-07-26
FL,"GCA Educational Services, INC(“ABM”)",SEBRING,2024-04-26,2024-06-30,5,unknown,,0,0,1,https://reactwarn.floridajobs.org/WarnList/,e0c28476a43974de7afab77b80bb0376a3a37adac51542229cb658fe,f5ad510a179627d96c0791488672724c9d50ba9c,2026-07-16,2026-07-26
FL,"Medline Industries, LP",CORAL SPRINGS,2024-04-30,2024-07-01,59,unknown,,0,0,1,https://reactwarn.floridajobs.org/WarnList/,726240b1bbda58422f2e6f08f791e8e227dd748f9d43a8b499e98b29,2ffc63048f2f96bae625c099a4d1d474d384b7db,2026-07-16,2026-07-26
FL,Wyndham Orlando Resort,ORLANDO,2024-04-30,2024-06-29,167,unknown,,0,0,1,https://reactwarn.floridajobs.org/WarnList/,d05e5d5a0eae9a8fce41edf5022b3b1307f60d3ca0d266efd7c4caab,62d8dd2328a83b49178b68b64bc6fa9f2fd61193,2026-07-16,2026-07-26
FL,"Raven Transport Holding, Inc",JACKSONVILLE,2024-05-01,2024-06-30,83,unknown,,0,0,1,https://reactwarn.floridajobs.org/WarnList/,6422e0e50c90de4cad99340569a9a420da265e5aa85b92e979bdf434,83455872503caf9f1d14f4a8d3cc77e07617c33e,2026-07-16,2026-07-26
FL,Newrez LLC,JACKSONVILLE,2024-05-02,2024-07-01,53,unknown,,0,0,1,https://reactwarn.floridajobs.org/WarnList/,ac188db4e16db157a041c3d98baf595baa9393caf939e15c4f4c33de,c6f7cb7a045ee125b73bca0cd96136479999a7dd,2026-07-16,2026-07-26
FL,T-ROC,APOPKA,2024-05-03,2024-05-31,302,unknown,,0,0,1,https://reactwarn.floridajobs.org/WarnList/,eb34f75ad3a867b7745ed643011ee8d662ea754a9eb1640d34177e19,631c892f4ea52a0b8f193e19a75fa32a4590adbc,2026-07-16,2026-07-26
FL,GSP Companies,CORAL SPRINGS,2024-05-06,2024-06-30,94,unknown,,0,0,1,https://reactwarn.floridajobs.org/WarnList/,52a998363c743eba2dc666be297286a695082434667511dc7b1814d8,ef0b1eafe90b21d8e2d5b6ec2312bb0dfb79b110,2026-07-16,2026-07-26
FL,"VSP Optical Group, Inc.",CLEAR WATER,2024-05-15,2024-07-18,44,unknown,,0,0,1,https://reactwarn.floridajobs.org/WarnList/,216d78dc753f08435a8a5ebd22f244d9667d41188be8b37966cd96a5,00194d22b226c31733207f4d83fd2834e29d5a08,2026-07-16,2026-07-26
FL,"Cutrale Citrus Juices USA, Inc.",LEESBURG,2024-05-20,2024-07-31,117,unknown,,0,0,1,https://reactwarn.floridajobs.org/WarnList/,269cdeaa884bd23e37f11f3def142a4acc28c8c0a3b2a6505fa05a62,2687f49f2e7d976ed4c3f3e0795cf23cbead6be7,2026-07-16,2026-07-26
FL,"Sanitas USA, Inc",DORAL,2024-05-20,2024-05-17,56,unknown,,0,0,1,https://reactwarn.floridajobs.org/WarnList/,c043ba8b811313864d92903772c28d13ff3c39efb310dc212e757408,bc739ae1520680920b91ef576705b20b8a8c9e95,2026-07-16,2026-07-26
FL,Fairfield Gourmet Food Corp,LONGWOOD,2024-05-24,2024-07-31,137,unknown,,0,0,1,https://reactwarn.floridajobs.org/WarnList/,0e64caa6f9c52685aedace21652991f6479db0f4e4a24997e0c033f6,474174a92cc9f8a977115462eaf2ea79e254c9eb,2026-07-16,2026-07-26
FL,"Republic Services of Florida, LP",SAINT AUGUSTINE,2024-05-28,2024-07-31,60,unknown,,0,0,1,https://reactwarn.floridajobs.org/WarnList/,47a3ffff8603825fa14e20d70e83510519fb069ce70dd6a8e5cedf0e,3a180ae24da5eaa59c0d46d76c521560dad35a04,2026-07-16,2026-07-26
FL,"Customized Distribution, LLC",JACKSONVILLE,2024-05-30,2024-07-29,107,unknown,,0,0,1,https://reactwarn.floridajobs.org/WarnList/,32a185cc01fb22b186da9e03bf17b75b2829ddcc9e573570b1cbfa85,e8428422e2734b6cd1bb240a709e04d00ebba0e2,2026-07-16,2026-07-26
FL,ADT,BOCA RATON,2024-05-31,2024-07-29,73,unknown,,0,0,1,https://reactwarn.floridajobs.org/WarnList/,aef456597c7ce7b1d07127241f7a6c6849ddd9a9447eff55ea059da2,ff638b9feab08127999f662f814d87fb6998887b,2026-07-16,2026-07-26
FL,"Columbia Vehicle Group, Inc",LEESBURG,2024-05-31,2024-08-02,20,unknown,,0,0,1,https://reactwarn.floridajobs.org/WarnList/,e49c45d243d42e0908bd8ee926a5d8d5bdebc2e7e786baefd538dffd,fe469db8eba073de3fb79e53fb9d2d58a5eaf88a,2026-07-16,2026-07-26
FL,Refresco Beverages US Inc.,DADE CITY,2024-06-03,2024-08-02,42,unknown,,0,0,1,https://reactwarn.floridajobs.org/WarnList/,fc562956e76c089998cefd47a46adf547065bf39fb68044e83483bfe,1ec42c0482965f8e747442c1360f1eb8de9e2ca8,2026-07-16,2026-07-26
FL,"Sodexo, Inc., and Affiliates",TAMPA,2024-06-24,2024-07-31,62,unknown,,0,0,1,https://reactwarn.floridajobs.org/WarnList/,615dd2bb2e8794079a1c87ed7ae0ea13868ea307fb9ff01c1537ddac,1ff01c49f0bf70d3cc5309c0d6a69a3c883b06e6,2026-07-16,2026-07-26
FL,"Averitt Express, Inc.",WEST PALM BEACH,2024-06-27,2024-09-01,55,unknown,,0,0,1,https://reactwarn.floridajobs.org/WarnList/,d187008a0ea8208f0799afe1aa711348ea4a74b914e87d2929e940c3,d28e1dc323a618ad13fcb0c035244ee4744decdb,2026-07-16,2026-07-26
FL,"Newrez, LLC",JACKSONVILLE,2024-06-28,2024-08-26,12,unknown,,0,0,1,https://reactwarn.floridajobs.org/WarnList/,8ca830b1dcef84f5163f7e43a8dcc8de79dfb833a14a547d83d39f7c,ea7f889f0a6e8d13d225b47ee7d00261804c01bd,2026-07-16,2026-07-26
FL,"Westgate Marketing, LLC and Westgate Resorts, Inc.",ORLANDO,2024-06-28,2024-08-30,357,unknown,,0,0,1,https://reactwarn.floridajobs.org/WarnList/,5810282623fdf56f2ecce04728abcf50e825e0b243c6279a92596216,9f090c0bd3c211eda1355235f5cdf62e76b50b7b,2026-07-16,2026-07-26
FL,"Delta Apparel, Inc",PEMBROKE PINES,2024-06-30,2024-08-29,3,unknown,,0,0,1,https://reactwarn.floridajobs.org/WarnList/,faf2f97a2e6f26dce0d14830a216cb0be4c085b207305b532037564f,441492716b0445af53ba8c6bed824af0bc74219e,2026-07-16,2026-07-26
FL,"Delta Apparel, Inc",POMPANO BEACH,2024-06-30,2024-08-29,5,unknown,,0,0,1,https://reactwarn.floridajobs.org/WarnList/,7e58f981e122b5bc5c93fdce299eb351d89b5211b7dd893c882d167e,632d1948d0db41c8986caa32896bf7a55328ac18,2026-07-16,2026-07-26
FL,"Delta Apparel, Inc.",MIRAMAR,2024-06-30,2024-08-29,6,unknown,,0,0,1,https://reactwarn.floridajobs.org/WarnList/,274eefa69e6e71e1c83b8b4b7f3ac5610b921569543af573a523828c,03b8aaae47c7e359b969b36d0e567b1e068d967b,2026-07-16,2026-07-26
FL,"Delta Apparel, Inc.",HIALEAH,2024-06-30,2024-08-29,12,unknown,,0,0,1,https://reactwarn.floridajobs.org/WarnList/,49f82b229d47ca3356cb367e2868412a9a01b5d0fc9ab162992a8832,3edd052c636b9467ff6411ae910515da1a7c36fb,2026-07-16,2026-07-26
FL,"Delta Apparel, Inc.",JACKSONVILLE,2024-06-30,2024-08-29,8,unknown,,0,0,1,https://reactwarn.floridajobs.org/WarnList/,17796dabcd031e1cf5162736692e4cebd87af9fbde3f3d1781189462,3ef60cba6a4198322af73962e2277b1fb439e7cf,2026-07-16,2026-07-26
FL,"Delta Apparel, Inc.",KEY WEST,2024-06-30,2024-08-29,5,unknown,,0,0,1,https://reactwarn.floridajobs.org/WarnList/,259db3cbe691e0dc0f2c5eb4e048c6cca45702d3866db39a2a4b0c77,3f333891045ef447758559f022a8ba76d2afc051,2026-07-16,2026-07-26
FL,"Delta Apparel, Inc.",LUTZ,2024-06-30,2024-08-29,7,unknown,,0,0,1,https://reactwarn.floridajobs.org/WarnList/,4d657b629528d720f15dcab90c6fb134be82549170a8b275b0a2868c,64800a5282dff5cfcd2db670078cfb9ea29c7283,2026-07-16,2026-07-26
FL,"Delta Apparel, Inc.",ESTERO,2024-06-30,2024-08-29,8,unknown,,0,0,1,https://reactwarn.floridajobs.org/WarnList/,adf9dc24113c61db82d9a5a9b22b2c7b155cf54a80fadbbce422c213,a3fec2624f761833cc1f7a9637ffb0ab8a8886d4,2026-07-16,2026-07-26
FL,"Delta Apparel, Inc.",DAYTONA BEACH,2024-06-30,2024-08-29,6,unknown,,0,0,1,https://reactwarn.floridajobs.org/WarnList/,03b5b53596eb4320c31bac8e671067a886cab6eae81cdf9ef097635c,f27d09baf6aa9e4bfd3216bcdb3c96b0fb90f9e6,2026-07-16,2026-07-26
FL,"Delta Apparel, Inc.",ORLANDO,2024-06-30,2024-08-29,4,unknown,,0,0,1,https://reactwarn.floridajobs.org/WarnList/,3c5d9f6e8d3142946493a2a3868694c641afb80ebd95725588ec4c8d,f47343961f2c7b02a3705281193bfd68fe401e30,2026-07-16,2026-07-26
FL,"Delta Apparel, Inc.",SARASOTA,2024-06-30,2024-08-29,9,unknown,,0,0,1,https://reactwarn.floridajobs.org/WarnList/,5fa5d5d4cabee706756543f2409e71830586931bfcc29625fa71896b,fca68109188a024abf3868630209fd705d84ae24,2026-07-16,2026-07-26
FL,"Delta Apparel, Inc.,",PALM BEACH GARDENS,2024-06-30,2024-08-29,6,unknown,,0,0,1,https://reactwarn.floridajobs.org/WarnList/,40c1234ed59a373d190de475cbb2d42cd6818031f5647daa02838fe7,83df987401202fe5447aa2253ad8b1ff382eba60,2026-07-16,2026-07-26
FL,Delta Apparel. Inc,JUPITER,2024-06-30,2024-08-29,4,unknown,,0,0,1,https://reactwarn.floridajobs.org/WarnList/,140a30c62429052eed4e29a0d202611ebd5ed2557a2efedb9ee6d5c2,7b71bae1a6e1926c61aa991a28a9286d1fb54e61,2026-07-16,2026-07-26
FL,Delta Apparel. Inc,BOCA RATON,2024-06-30,2024-08-29,5,unknown,,0,0,1,https://reactwarn.floridajobs.org/WarnList/,f2638c3300ed5431407b7b77d82e5e5c5f5a6a2a2d5437624b42dbaa,a8be47a9cd29be76bd4ac190a229552fb74b7b98,2026-07-16,2026-07-26
FL,Delta Apparel. Inc,FORT LAUDERDALE,2024-06-30,2024-08-29,4,unknown,,0,0,1,https://reactwarn.floridajobs.org/WarnList/,62f55ef754a096a2192e038391d06f05e177522c7c75122ee87fa3ee,fcabdadc93632ebb309c1b1c328d7d44614c1e32,2026-07-16,2026-07-26
FL,Delta Apparel. Inc.,SAINT AUGUSTINE,2024-06-30,2024-08-29,6,unknown,,0,0,1,https://reactwarn.floridajobs.org/WarnList/,465336a45bf50c5870b360aa961338a129de6d825a77b38cb4ff58c0,7f40067ffbd5e0bcb211f03ac3082f833e22d9c4,2026-07-16,2026-07-26
FL,"AMA Consulting Group, LLC",PENSACOLA,2024-07-01,2024-07-31,1,unknown,,0,0,1,https://reactwarn.floridajobs.org/WarnList/,318054cbde6462f5ca0ec8f8e102a81410c6fd4757a9dd16cb5acb7b,2fcbf6298d7cd3dcdff5a6f11a57b9204f58651b,2026-07-16,2026-07-26
FL,"AMA Consulting Group, LLC",SANFORD,2024-07-01,2024-07-31,1,unknown,,0,0,1,https://reactwarn.floridajobs.org/WarnList/,6236803699813340333a7686fa62fc229009ed2f2b5bd05476d6e083,463813e0baabee61d66ac9ac3b9870108559ad7c,2026-07-16,2026-07-26
FL,"AMA Consulting Group, LLC",OVIEDO,2024-07-01,2024-07-31,1,unknown,,0,0,1,https://reactwarn.floridajobs.org/WarnList/,4135a369db175eb5e913160b4f8dbae601497e0d6279cae565b2ed43,481c9762f0a8bcde6aa4f8232d7c6f4a6b4d96f0,2026-07-16,2026-07-26
FL,"AMA Consulting Group, LLC",KISSIMMEE,2024-07-01,2024-07-31,1,unknown,,0,0,1,https://reactwarn.floridajobs.org/WarnList/,c87ab440bbed5a1138cfcdb408d33881b9aac63290d8e9f12661bd26,55043d48fbd8bbf1b1d2b4feb1f75318a76639a3,2026-07-16,2026-07-26
FL,"AMA Consulting Group, LLC",ORLANDO,2024-07-01,2024-07-31,1,unknown,,0,0,1,https://reactwarn.floridajobs.org/WarnList/,3b84bb68a0e526a1cc2cc25dae60ed2ceb6a7dfa4e55a8debeafa205,5c87aff67a149cb3e5233812fb84d6a9a0c963d0,2026-07-16,2026-07-26
FL,"AMA Consulting Group, LLC",RIVERVIEW,2024-07-01,2024-07-31,1,unknown,,0,0,1,https://reactwarn.floridajobs.org/WarnList/,fc7b0816f2f2419ab98e62cf8d5896031c5d2314f150ff080c1bf31d,7d47a1075ec257861f20a6a4f0e0a3a119bda014,2026-07-16,2026-07-26
FL,"AMA Consulting Group, LLC",PORT ORANGE,2024-07-01,2024-07-31,1,unknown,,0,0,1,https://reactwarn.floridajobs.org/WarnList/,a3f98e41fa56229faa8eb0eeefc2ec5925998f5d35f1636abc90356d,94cb05c45ce1aabe86c2052fffe27ed90ce094ac,2026-07-16,2026-07-26
FL,"AMA Consulting Group, LLC",NORTH PORT,2024-07-01,2024-07-31,1,unknown,,0,0,1,https://reactwarn.floridajobs.org/WarnList/,dc3f6adb1e1275cc8e3359d6b1815ddca08a60723356695f95230e82,b0cf27d3ec4c0dc09113c32dd4bcabefdca6905f,2026-07-16,2026-07-26
FL,"AMA Consulting Group, LLC",DELTONA,2024-07-01,2024-07-31,1,unknown,,0,0,1,https://reactwarn.floridajobs.org/WarnList/,169e027cc9aecbdb1574c180df57a3582e694c6b7866232d37fcfcb8,d9311ecf6365f94fea4b62f87c04936f53825385,2026-07-16,2026-07-26
FL,"AMA Consulting Group, LLC",PORT SAINT JOE,2024-07-01,2024-07-31,1,unknown,,0,0,1,https://reactwarn.floridajobs.org/WarnList/,7546dfeddb975d112559ab57266556528426a571e004821fde8d925e,e0baeb2b6abd3866517bec2a06b470b8c5559754,2026-07-16,2026-07-26
FL,"AMA Consulting Group, LLC",TEMPLE TERRACE,2024-07-01,2024-07-31,1,unknown,,0,0,1,https://reactwarn.floridajobs.org/WarnList/,5dc3c9b671c503e405793144bbf264dd9f25285ce8a86fb37e652a2d,e624045ec28fd7d0f93064808daad966d1c4bd80,2026-07-16,2026-07-26
FL,New York Sports Club,CAPE CORAL,2024-07-01,2024-08-31,37,unknown,,0,0,1,https://reactwarn.floridajobs.org/WarnList/,7b8c0bd3d84e9192a408000c70f5a9159a20105215b64dfc5e2f926f,4b2cf56010aff60a9dbf832d8b24e776492f9490,2026-07-16,2026-07-26
FL,New York Sports Club,FORT MYERS,2024-07-01,2024-08-31,34,unknown,,0,0,1,https://reactwarn.floridajobs.org/WarnList/,ad25f48f23f208b1eb4079ae59b78652ad5af0ef8826ab31e12727d6,de910032d124d3c768a90996a4c9b8f0c02d9d40,2026-07-16,2026-07-26
FL,HMS HOST,SARASOTA,2024-07-02,2024-08-31,97,unknown,,0,0,1,https://reactwarn.floridajobs.org/WarnList/,aa9dc0ee8a44db15f97f5ff8039ebf1b9833f6f766bb05f40c2fd19c,1c2779811cf556e0934dc52bdd4a283508a2de16,2026-07-16,2026-07-26
FL,WestRock Company,JACKSONVILLE,2024-07-02,2024-08-30,1,unknown,,0,0,1,https://reactwarn.floridajobs.org/WarnList/,c981bd3d99aad88eb2366b344fffd2ca791e2192ae72546ac5e9fcdf,bcfeb3f5cec6975c7e45cdbefad0f85b8726694d,2026-07-16,2026-07-26
FL,Diagnostic Clinic Medical Group (DCMG),LARGO,2024-07-03,2024-09-03,155,unknown,,0,0,1,https://reactwarn.floridajobs.org/WarnList/,33dc2f8e04d2286b230edd717ab6f4bb5564fab7e3b7310daa79415d,2ea111e8ebc92d2fd84d6ee977e8891bd8b1de6d,2026-07-16,2026-07-26
FL,Diagnostic Clinic Medical Group (DCMG),CLEARWATER,2024-07-03,2024-09-03,70,unknown,,0,0,1,https://reactwarn.floridajobs.org/WarnList/,56357f0d7f4a9162d85e1bd60ed5d4bdcc271501a941c23dfb308398,53671e856447847cb81da72d4950b5a130eea29f,2026-07-16,2026-07-26
FL,Diagnostic Clinic Medical Group (DCMG),WINTER HAVEN,2024-07-03,2024-09-03,5,unknown,,0,0,1,https://reactwarn.floridajobs.org/WarnList/,705351d0ab981358db9ffecbfc04fb06506f416bc9b9726dee0eba29,6d4da873923297017bd0f0048c587ce1da7413ec,2026-07-16,2026-07-26
FL,Diagnostic Clinic Medical Group (DCMG),SAINT PETERSBURG,2024-07-03,2024-09-03,15,unknown,,0,0,1,https://reactwarn.floridajobs.org/WarnList/,cb69dedbff89085ae365dd3b9d60ba74eebd075f0f3f58e8046e1cd3,b77b3194a805335393f6cf3447c9c56d7d3fa769,2026-07-16,2026-07-26
FL,"Costa Delray, LLC",VENUS,2024-07-11,2024-10-11,170,unknown,,0,0,1,https://reactwarn.floridajobs.org/WarnList/,7b8ae9678a408880418741da2c62389a79200cd759d7c473bd121cad,5bb60e3da68e867f6654726eab70d85157f217d7,2026-07-16,2026-07-26
FL,Menzies Aviation,MIAMI,2024-07-17,2024-09-16,409,unknown,,0,0,1,https://reactwarn.floridajobs.org/WarnList/,80824dbd6fc1320c925401bca6086529c0be4242503ed3f587c56cf1,80cf41c9c6cb1230443718d86901f2195f3fdbd5,2026-07-16,2026-07-26
FL,Pitney Bowes Inc,ORLANDO,2024-07-17,2024-09-17,1,unknown,,0,0,1,https://reactwarn.floridajobs.org/WarnList/,e641c622f0ccdca4727ca384c55427e855c6690d76349429c2acf230,ffc002746ec01336ee518b4bf77acfe6e6633a59,2026-07-16,2026-07-26
FL,Wells Fargo,JACKSONVILLE,2024-07-23,2024-07-23,74,unknown,,0,0,1,https://reactwarn.floridajobs.org/WarnList/,2e42fc75ebdad0039489526fc34e397c24888a3e7fe2d9286c3eea01,38c4264be3d65c8ef9f5fc95d669b79012ad2dfd,2026-07-16,2026-07-26
FL,W.S. Badcock LLC,MULBERRY,2024-07-24,2024-09-23,101,unknown,,0,0,1,https://reactwarn.floridajobs.org/WarnList/,dddbcfc74f85c8fd8304b169040b9b77082d82971a1dcbfdbe4f09d1,f8e28e030fd544055899e48015bc9fbac9545b48,2026-07-16,2026-07-26
FL,Volusia Tolling Program,DAYTONA BEACH SHORES,2024-07-30,2024-09-30,126,unknown,,0,0,1,https://reactwarn.floridajobs.org/WarnList/,01ba4a3fbe6884047877ce75166cb2a3574c67548fe40523f13c8880,4349e1f628d66d95d8d684c68b619a1039551da3,2026-07-16,2026-07-26
FL,Winn-Dixie,LAKELAND,2024-07-30,2024-07-29,48,unknown,,0,0,1,https://reactwarn.floridajobs.org/WarnList/,cbd48be7179dbf4cbaa0e137c80dbe62b46f89396ee9101e9f83d8db,e9ced91620285a80cbe48b7ef067eeb65db62d7c,2026-07-16,2026-07-26
FL,"Lutheran Services Florida, Inc.",TAMPA,2024-08-01,2024-09-30,150,unknown,,0,0,1,https://reactwarn.floridajobs.org/WarnList/,b1528eb4924192053c06cb45cd70c7aef54b9114a107b7a83336138b,715dd7978c6df394c817f6da271c0d1e7394fdc6,2026-07-16,2026-07-26
FL,W.S. Badcock LLC,MULBERRY,2024-08-07,2024-10-07,28,unknown,,0,0,1,https://reactwarn.floridajobs.org/WarnList/,2efb126e9eff46030bccaf7ce30f51b3dad3a4cba252b1a06dc626cd,29d3679d96e552fca5db4664928d835e362cda13,2026-07-16,2026-07-26
FL,"Aviara Boats, LLC",MERRITT ISLAND,2024-08-08,2024-08-08,181,unknown,,0,0,1,https://reactwarn.floridajobs.org/WarnList/,e2829d427d62fdc2a5dff5b9a11732c2f22dfee0b2aaccf7423b3b4d,67e7ed56424bd8fc23326986c2a3eb8311c43dfe,2026-07-16,2026-07-26
FL,Sodexo,LAUDERDALE LAKES,2024-08-12,2024-10-14,48,unknown,,0,0,1,https://reactwarn.floridajobs.org/WarnList/,f6dd8f7e319800b86f6ef29fa9f1ac095e0a2da4470feecf5d0a4fce,f61e204295ba6dcf061baa6948cc6552872b23f2,2026-07-16,2026-07-26
FL,"VSP Optical Group, Inc.",CLEARWATER,2024-08-14,2024-10-18,43,unknown,,0,0,1,https://reactwarn.floridajobs.org/WarnList/,1d0578d6947a531598e39877fdf2ef4e01a8de53ebebacf22c70e1d2,92b70e74e5ac7f3a43433edf159eae8fe03e3954,2026-07-16,2026-07-26
FL,Leggett & Plat,PLANT CITY,2024-08-22,2024-10-21,78,unknown,,0,0,1,https://reactwarn.floridajobs.org/WarnList/,9fc6399debc11e3d1fc23acbe02e18ec9f979b4407fad3ebc25f7338,4dc6fc168f48a02fbfb17a2db51a950e79d39d14,2026-07-16,2026-07-26
FL,Smurfit Westrock Company,JACKSONVILLE,2024-08-26,2024-10-18,2,unknown,,0,0,1,https://reactwarn.floridajobs.org/WarnList/,6fa52c1a504b97a461fa5c0b33091067713697eacb1ba52c1e5d8050,ff970e0fa965c70d4b61671f907292ec03ff5a3d,2026-07-16,2026-07-26
FL,Yard-Nique,KISSIMMEE,2024-08-28,2024-10-31,106,unknown,,0,0,1,https://reactwarn.floridajobs.org/WarnList/,f512b86c3c4f8773b60fb6711e68ece18167b84f980519dd0704705c,27e71c84d267f4e8420e82df527ef11b39e969ca,2026-07-16,2026-07-26
FL,Immunity Bio,FORT LAUDERDALE,2024-08-30,2024-10-29,1,unknown,,0,0,1,https://reactwarn.floridajobs.org/WarnList/,1ee2fe6f63debab27befa143e4115bf03082127b866f4b0d24fc3449,b610d902a58fe70de36de5f431f3faaad888de4e,2026-07-16,2026-07-26
FL,iVox Solutions,PORT SAINT LUCIE,2024-08-30,2024-10-31,109,unknown,,0,0,1,https://reactwarn.floridajobs.org/WarnList/,19d36a2fd23e16c3d0226fd7d10e20932e476805a5f8d6f277de1b81,8424703889502c23dc35e3d4a7c3fabfcaa16423,2026-07-16,2026-07-26
FL,"CHG Healthcare Services, Inc.",BOCA RATON,2024-09-09,2024-11-08,56,unknown,,0,0,1,https://reactwarn.floridajobs.org/WarnList/,af1ed13667e6ff53e616f81c815c6a38ce5e62e122553a36715ab31b,45c8701fd9a95d0c747363f4652b83d7ad4b387d,2026-07-16,2026-07-26
FL,"Immunity Lost Boys Interactive, LLC",ALTAMONTE SPRINGS,2024-09-09,2024-09-09,1,unknown,,0,0,1,https://reactwarn.floridajobs.org/WarnList/,ef9c25d6fc5080506c6efab78449493b31cc1a83fa187d341130167e,4a505bf131336bae46b60f0aca4ed3b2447974d9,2026-07-16,2026-07-26
FL,"Immunity Lost Boys Interactive, LLC",PALM BAY,2024-09-09,2024-09-09,1,unknown,,0,0,1,https://reactwarn.floridajobs.org/WarnList/,612a2f4583c742aeb0235c4646c42716cadf2409be99189db2dcde53,93dca69bfd05d4160637e7eef9eec9d4e0a8eaa4,2026-07-16,2026-07-26
FL,"Immunity Lost Boys Interactive, LLC",WINTER PARK,2024-09-09,2024-09-09,1,unknown,,0,0,1,https://reactwarn.floridajobs.org/WarnList/,95906fa52360bb7f9f730861ad34824d8e225aa8e8ad80ee229d15f3,dff56b45e9551adde8af8278477cb1001a71b26e,2026-07-16,2026-07-26
FL,Tervis Tumbler Company,ELLENTON,2024-09-10,2024-11-11,4,unknown,,0,0,1,https://reactwarn.floridajobs.org/WarnList/,cd91477b5647582dd7460ff6c72337f33a2ac780b7c1ecff564b62ef,0ef4c627fb987a04b2b923522e4e812815d32be2,2026-07-16,2026-07-26
FL,Tervis Tumbler Company,OSPREY,2024-09-10,2024-11-11,1,unknown,,0,0,1,https://reactwarn.floridajobs.org/WarnList/,05ed0722d2dd3299d243bb940ab13404b720bdaf00dbcc11e1981ba5,56044b581835fe84a43f9ba980b13d6fd143dcb3,2026-07-16,2026-07-26
FL,Tervis Tumbler Company,SAINT AUGUSTINE,2024-09-10,2024-11-11,4,unknown,,0,0,1,https://reactwarn.floridajobs.org/WarnList/,d0ec61a9d2af50b796fb95ae024a48081cc1e70aa028f08a5d6d7ca2,64cde29dc2f5adeb57edfa89621cfb2cbc4583f8,2026-07-16,2026-07-26
FL,Tervis Tumbler Company,PANAMA CITY BEACH,2024-09-10,2024-11-11,5,unknown,,0,0,1,https://reactwarn.floridajobs.org/WarnList/,2bb79a33c7699297864e911a2a77a999df47c2c9a3803c701daf4840,8e12ba35d13e77576cd644989554864e6ea1338a,2026-07-16,2026-07-26
FL,Tervis Tumbler Company,VENICE,2024-09-10,2024-11-11,30,unknown,,0,0,1,https://reactwarn.floridajobs.org/WarnList/,eec1528c69ffe834927bf255e67d14c6510f331ffa17a34bfe2ce3a0,f65a2ed7c2dcac34e50bef5497ae58981b1418cb,2026-07-16,2026-07-26
FL,Tervis Tumbler Company,KEY WEST,2024-09-10,2024-11-11,4,unknown,,0,0,1,https://reactwarn.floridajobs.org/WarnList/,13f0ae744a617e2e1da9db00d6e8bf21bbdc5466d796d2ac80e23179,f93917ae33b8f87d3ff30cb9a2cd376ed3bb9553,2026-07-16,2026-07-26
FL,Smurfit Westrock Company,JACKSONVILLE,2024-09-11,2024-10-18,2,unknown,,0,0,1,https://reactwarn.floridajobs.org/WarnList/,e525d2e36c5e4e1ea427d2bf660b06b1fb3ebbe58d28ac587086a1ae,d118277fb7acc443ebf0244356ea508eaa0ed209,2026-07-16,2026-07-26
FL,"Conn Appliances, Inc",LAKELAND,2024-09-13,2024-10-31,67,unknown,,0,0,1,https://reactwarn.floridajobs.org/WarnList/,a9f7eae02ef1af27cb3608d2edc219dc7564f5b7b1b5b031fee362c9,6ea8383bf4801b13d29370520ffdc6ec6b6f8838,2026-07-16,2026-07-26
FL,Labcorp,MELBOURNE,2024-09-16,2024-11-22,65,unknown,,0,0,1,https://reactwarn.floridajobs.org/WarnList/,b2c35a2bc6044c7380067659a8c6d5a8d6f25a1154fe349ced4ad7b8,8325d421333e715197f345a68e28b7659539d166,2026-07-16,2026-07-26
FL,"FK Irons, Inc",DORAL,2024-09-17,2024-11-18,4,unknown,,0,0,1,https://reactwarn.floridajobs.org/WarnList/,284892542298c95ebb783a25395a80431a246a292538e14363db7b63,53f8f876997adc9bf5379c15bdd392ec2ecc8c4d,2026-07-16,2026-07-26
FL,"West Fraser, Inc",LAKE BUTLER,2024-09-19,2024-11-19,131,unknown,,0,0,1,https://reactwarn.floridajobs.org/WarnList/,879edf2ba9edf095f2b5d5239af8d16928599b11a7b8e23d7445274b,a794ab2a3dc83f658e560b7b6321168802bfff6a,2026-07-16,2026-07-26
FL,OBXtek,HURLBURT FIELD,2024-09-25,2024-10-20,69,unknown,,0,0,1,https://reactwarn.floridajobs.org/WarnList/,ce9b2b9f307819f394233e06356cc20fa8ccb635a33fffa2f815bdaf,5b473b66a4f7015d72c8c3dde067a4a14cc2b2ea,2026-07-16,2026-07-26
FL,Genpact LLC,JACKSONVILLE,2024-09-26,2024-11-30,60,unknown,,0,0,1,https://reactwarn.floridajobs.org/WarnList/,0d04a39be305722f4339dc5663925c1f8db8a2b37b06462a582eda06,161dd3eaa074d47926131cb6ff1628c7fc1e64fd,2026-07-16,2026-07-26
FL,"Kaleo, Inc",BOYNTON BEACH,2024-09-30,2024-11-30,1,unknown,,0,0,1,https://reactwarn.floridajobs.org/WarnList/,603a7937175b6b48405560c3dfbb9b342607dbeff329ec0bc94a1344,7508e7f087ee462863ca7de2037b674c8dc468e8,2026-07-16,2026-07-26
FL,"Kaleo, Inc",KISSIMMEE,2024-09-30,2024-11-30,1,unknown,,0,0,1,https://reactwarn.floridajobs.org/WarnList/,d0ef96ea73623e5272d777dc671725c346ccddfa54ca48da499525ee,7642be7ea672d7a6e0b1d51271578a8b5b1c931d,2026-07-16,2026-07-26
FL,"Kaleo, Inc",WELLINGTON,2024-09-30,2024-11-30,2,unknown,,0,0,1,https://reactwarn.floridajobs.org/WarnList/,3b72f32972a55529de212266c9104ba3f18fd0609a00de0fec572f4b,8300d2e1c8d9b94bfc37b044af3cda64b9253802,2026-07-16,2026-07-26
FL,Mayhew Bestway,ORMOND BEACH,2024-09-30,2024-11-29,41,unknown,,0,0,1,https://reactwarn.floridajobs.org/WarnList/,06d62c005a408e9f4a04a0d306c1a2a6e24c503c2a3ae8f1d7454d3a,2f4fc149c2eeb11dc5e170ac8cdae16805e125fe,2026-07-16,2026-07-26
FL,"Midwest Transport, Inc",JACKSONVILLE,2024-09-30,2024-09-02,111,unknown,,0,0,1,https://reactwarn.floridajobs.org/WarnList/,4b49b22d522a766c79cd3e96ae3b6b1cd061d3a742c241bbe5ba8881,cab314b4d6f79ae598f40ca1d54e1bbeb4ce2cd0,2026-07-16,2026-07-26
FL,"Midwest Transport, Inc",TAMPA,2024-09-30,2024-09-02,111,unknown,,0,0,1,https://reactwarn.floridajobs.org/WarnList/,09613e5f3b9b7bf857b05f1234a462ba6fee07b29d31f3b3b4ff6b73,dd3d10b6dbf2d894a18613fd394daa536773af35,2026-07-16,2026-07-26
FL,"Stryker Employment Company, LLC",LAKELAND,2024-09-30,2024-11-30,6,unknown,,0,0,1,https://reactwarn.floridajobs.org/WarnList/,8634a6a9f9a7ee1eb1a13826a904deb12ab4ce7bf4a94d1f4910d3c0,14fd5f03dfa3ad63f05d917e01d48a61027d872f,2026-07-16,2026-07-26
FL,"Gelato Petrini, LLC",DELRAY BEACH,2024-10-11,2024-09-20,35,unknown,,0,0,1,https://reactwarn.floridajobs.org/WarnList/,b5657ef8f3d3d0c8ed81c89a2ebf838308a2dabb64982d76fcb36713,3076b7e6b604fb6f545b0e7cc2c5b475a70dc8d4,2026-07-16,2026-07-26
FL,DP Holdings Colorado LLC,PALATKA,2024-10-16,2024-12-31,113,unknown,,0,0,1,https://reactwarn.floridajobs.org/WarnList/,4f87e0710d5bed63ce26dade82b314ecf5d65703ee6168ce476e434b,4550b0f9e0d4247203e5b08f40a45e28b9269101,2026-07-16,2026-07-26
FL,AmeriHealth Caritas,PALM BEACH GARDENS,2024-10-30,2024-12-31,50,unknown,,0,0,1,https://reactwarn.floridajobs.org/WarnList/,fe9a34db4e6ac87c33bdd73e3252f822a6479b4ef524d5de432bc9cf,a626bd2f8dc4e55f8d56b5d71368b88cb2308fb1,2026-07-16,2026-07-26
FL,"Stryker Employment Company, LLC",LAKELAND,2024-10-30,2024-12-31,6,unknown,,0,0,1,https://reactwarn.floridajobs.org/WarnList/,26f473937a359e8800977a84fc72e2609492a5b1b7b0fe1d40b41c14,3a8536443847b0b7645825f2972a82e7f12208b4,2026-07-16,2026-07-26
FL,"CHG Healthcare Services, Inc.",BOCA RATON,2024-10-31,2024-12-31,7,unknown,,0,0,1,https://reactwarn.floridajobs.org/WarnList/,c5bdf8f003d83ce4db1565c3fda5868435b340552a879d38144db260,9519155387d3b0e0e80ba12342b6504183dcfdf0,2026-07-16,2026-07-26
FL,ASMO d/b/a Eulen Aviation,MIAMI,2024-11-01,2024-11-30,87,unknown,,0,0,1,https://reactwarn.floridajobs.org/WarnList/,9f303fd33a3809b0e00934be3b7b97240fe4212c28c1a4340da1e71d,1ac6a2f97796da2b9b27778e112a2ae671cbe9bf,2026-07-16,2026-07-26
FL,"Dart Industries, Inc",ORLANDO,2024-11-04,2024-12-31,145,unknown,,0,0,1,https://reactwarn.floridajobs.org/WarnList/,71498a581800c4cab0238c20570970df1e690d7264fc30b7f4ced3fc,c9294dfdc2e1e2ea8b31230d6954b1e6e07e48b8,2026-07-16,2026-07-26
FL,Kimball Electronics,TAMPA,2024-11-04,2025-01-05,250,unknown,,0,0,1,https://reactwarn.floridajobs.org/WarnList/,a42f081d0e9887fc3beecd7f75d57dc01266a6d1b57e99667675de13,c7732d8006c05be7b55038a8e4ae0fefddc023f6,2026-07-16,2026-07-26
FL,Allied Universal,SUNRISE,2024-11-07,2025-01-09,77,unknown,,0,0,1,https://reactwarn.floridajobs.org/WarnList/,3f9bee80f19afa19cde3a331cd2f8e38606264423d842b23c38d6c20,68c8647768f8c1f5a9c122cfe825f83dae124d81,2026-07-16,2026-07-26
FL,Nidec Motor Corporation dba Control,CORAL SPRINGS,2024-11-07,2025-01-07,76,unknown,,0,0,1,https://reactwarn.floridajobs.org/WarnList/,8fd37ef0372b9f5bade61896d81b49ce3ca4634c040bf4bb345ed29f,ef93e47bb1440e4f15f2f32292bf3bfb0887a292,2026-07-16,2026-07-26
FL,MCR Health,SEMINOLE,2024-11-08,2024-11-08,1,unknown,,0,0,1,https://reactwarn.floridajobs.org/WarnList/,74e0638614f4714239030c21d5b17ee1b4a3d13cd7894d1be12eac28,293a9e71efa532f15cda81e2f9fb86e7fc106da0,2026-07-16,2026-07-26
FL,MCR Health,BRADENTON,2024-11-08,2024-11-08,33,unknown,,0,0,1,https://reactwarn.floridajobs.org/WarnList/,11b3f8ade0347d027f9358c036b6a835c4f4b1309628c2cb1805f931,8634d21e78ac5ade90780635defadf30a470cf76,2026-07-16,2026-07-26
FL,MCR Health,ARCADIA,2024-11-08,2024-11-08,5,unknown,,0,0,1,https://reactwarn.floridajobs.org/WarnList/,f0160f2544253d2ba4ef33414cef17a472eef296061b1b1771edda3c,bfa04f99226a075253b1ce94aead43be5d750579,2026-07-16,2026-07-26
FL,"Stryker Employment Company, LLC",LAKELAND,2024-11-14,2025-01-14,12,unknown,,0,0,1,https://reactwarn.floridajobs.org/WarnList/,40e2ca6dae38c80a7748ba2453ed0228a13b99ec5f8e7f432f8d82f6,9d3d115a3b63d3c2a69c14c720c1facfeeeb9045,2026-07-16,2026-07-26
FL,"Lukka, Inc",NAPLES,2024-11-15,2024-11-15,31,unknown,,0,0,1,https://reactwarn.floridajobs.org/WarnList/,7eab7a748960b445c167d1b6ec4a7e980917b7625a2a8d2629c0e9ca,ac14099a66a60e3c5c9a87de4ae93371577f1493,2026-07-16,2026-07-26
FL,Anchor Glass Container Corporation,JACKSONVILLE,2024-11-18,2025-01-17,144,unknown,,0,0,1,https://reactwarn.floridajobs.org/WarnList/,5bf69fb879865912576a2a1bb5652d249526073758e17aad1955a996,451bfbe2a6c9d5167e52df5de6251076c0706ddf,2026-07-16,2026-07-26
FL,BOEING,STUART,2024-11-18,2025-01-17,1,unknown,,0,0,1,https://reactwarn.floridajobs.org/WarnList/,e305d9f040300f6be1215a9854552b639bf09ffbed720ae009c21e15,0b72a95ae4aa2291e255d3da72d150f1e921a307,2026-07-16,2026-07-26
FL,BOEING,FORT LAUDERDALE,2024-11-18,2025-01-17,3,unknown,,0,0,1,https://reactwarn.floridajobs.org/WarnList/,c145e97bf07cb61c086495f7d3a94f719f1ea2f8c218b2aa2b01a570,29eb688bfada19aeaf3df41a0fb965c1a2a110a3,2026-07-16,2026-07-26
FL,BOEING,MERRITT ISLAND,2024-11-18,2025-01-17,6,unknown,,0,0,1,https://reactwarn.floridajobs.org/WarnList/,b7fbb33fd1114193521dd54afceed073e80080d22b49a6861006c946,3db9689e967dbb427be9daf4a25ac8e65cf9d80e,2026-07-16,2026-07-26
FL,BOEING,TITUSVILLE,2024-11-18,2025-01-17,20,unknown,,0,0,1,https://reactwarn.floridajobs.org/WarnList/,688b43eec91525aa18d9420f6bb576826ce3e0f4bf2eea5aba5953a1,467b49913927d02d276da141e95eccad6185baa3,2026-07-16,2026-07-26
FL,BOEING,CRESTVIEW,2024-11-18,2025-01-17,1,unknown,,0,0,1,https://reactwarn.floridajobs.org/WarnList/,626b690c72931b79e961595de7e3225695683655ae194662cc872ede,472309af3b4df3ff65386a02e1c5b9734e275999,2026-07-16,2026-07-26
FL,BOEING,PANAMA CITY,2024-11-18,2025-01-17,1,unknown,,0,0,1,https://reactwarn.floridajobs.org/WarnList/,af1826b536fc4883617006695c52996ea1fd8119358eb49c3536f597,49ab0e86c1990873ed8f03d5d17675a86592fde6,2026-07-16,2026-07-26
FL,BOEING,EGLIN AIR FORCE BASE,2024-11-18,2025-01-17,3,unknown,,0,0,1,https://reactwarn.floridajobs.org/WarnList/,29030ce6026fccc2952ae7d478ed929899baf5676cc75c8513edc1a5,4a03c9813a5deddd4dd1a8b59c21876b9785ce0a,2026-07-16,2026-07-26
FL,BOEING,MELBOURNE,2024-11-18,2025-01-17,1,unknown,,0,0,1,https://reactwarn.floridajobs.org/WarnList/,de7e15e2fa1d09fe116f8a69b52f707a5d8f680790cb7551b0a2f462,54874c8b0ba77252ea91c953cd91ac777304eabb,2026-07-16,2026-07-26
FL,BOEING,NICEVILLE,2024-11-18,2025-01-17,1,unknown,,0,0,1,https://reactwarn.floridajobs.org/WarnList/,7cb7d656f64607560027bc2db1ddec8e4ee868e9ad1ae5630a45190c,573a01946f6f4f7a2d630279f110b6f379fa52f4,2026-07-16,2026-07-26
FL,BOEING,CAPE CANAVERAL,2024-11-18,2025-01-17,1,unknown,,0,0,1,https://reactwarn.floridajobs.org/WarnList/,f916a6abb8d35709392de6a5098ecd3405124b71c83f701c354322ea,59c0f76cf3de6ca14d85a8bab94df09dd4b4adbf,2026-07-16,2026-07-26
FL,BOEING,MIAMI,2024-11-18,2025-01-17,5,unknown,,0,0,1,https://reactwarn.floridajobs.org/WarnList/,f938e461e81d7e0409ab92a7029a433ad29d05cc57645459ac379aca,87d70b95fa1adb09a83b7d912817a27853cee003,2026-07-16,2026-07-26
FL,BOEING,JACKSONVILLE,2024-11-18,2025-01-17,1,unknown,,0,0,1,https://reactwarn.floridajobs.org/WarnList/,b12a00b1ee80a816e0c51ef509596be4e3c0ff61c6fe87649a0043ab,a44bf1894da1f0c2da81f1574f834cc9d8b63bb2,2026-07-16,2026-07-26
FL,BOEING,TAMPA,2024-11-18,2025-01-17,1,unknown,,0,0,1,https://reactwarn.floridajobs.org/WarnList/,fabf05338a5d0476ade6f155f7a00034a80c074a0faed48b987e047a,a94066c51abe595b66747ac4c6e0e05631ac68ac,2026-07-16,2026-07-26
FL,BOEING,FORT WALTON BEACH,2024-11-18,2025-01-17,7,unknown,,0,0,1,https://reactwarn.floridajobs.org/WarnList/,b72a9e0ddd44034ebcffc62fcc60b61f3b4454e212693c704d292681,ac126413aa9506bd13ab719ebc7c41e78e9ab12e,2026-07-16,2026-07-26
FL,BOEING,COCOA BEACH,2024-11-18,2025-01-17,1,unknown,,0,0,1,https://reactwarn.floridajobs.org/WarnList/,ce3a5e176306e77727a64d89fbfebcb84185aaa83bf723ca03475649,adbbc619dc26c0192ea71bb30277574449261636,2026-07-16,2026-07-26
FL,BOEING,PENSACOLA,2024-11-18,2025-01-17,1,unknown,,0,0,1,https://reactwarn.floridajobs.org/WarnList/,d39e88cce512c5d97d82ca830d5567ebd353fd8e4f7a94f95fe01546,bb903ba8f8400807358095f2f4f4b729a3a6f013,2026-07-16,2026-07-26
FL,BOEING,HURLBURT FIELD,2024-11-18,2025-01-17,3,unknown,,0,0,1,https://reactwarn.floridajobs.org/WarnList/,39c88130e1649c557d2293305b32c620befc180d9c8f46c40c0625ed,e0ea1e42a6bfd1dd426ddf0a708868967ee6949d,2026-07-16,2026-07-26
FL,BOEING,DAYTONA BEACH,2024-11-18,2025-01-17,1,unknown,,0,0,1,https://reactwarn.floridajobs.org/WarnList/,ec3f6255021a539cf93de0c71ee2f6654aa732706925147f4083ebf3,f2e5cc645b59ef92ef2b35ec79cb3338522d8ca4,2026-07-16,2026-07-26
FL,BOEING,ORLANDO,2024-11-18,2025-01-17,4,unknown,,0,0,1,https://reactwarn.floridajobs.org/WarnList/,ef6bfb300e3fb1861c700ae81cc7ce81cea6ff0edd8796e8dc3e6285,f50aaf875e44beb232ac23deae09d73229d13e64,2026-07-16,2026-07-26
FL,BOEING,SAINT PETERSBURG,2024-11-18,2025-01-17,3,unknown,,0,0,1,https://reactwarn.floridajobs.org/WarnList/,d3cc9ea28fbe7b9a28dddc278e6ae76ae9d3836086c1c11ac8b93318,f8032cf15626f495160de9b1459f8b9d78a4a7a1,2026-07-16,2026-07-26
FL,"NewSouth Window Solutions, LLC",TAMPA,2024-11-18,2025-01-18,225,unknown,,0,0,1,https://reactwarn.floridajobs.org/WarnList/,6d7194b6f2df757435623954015f5f627d1c65335ce3149d5e84aaf9,289bf18d59f69ded2f5da3b36f53387230320389,2026-07-16,2026-07-26
FL,Lehigh Regional Medical Center,LEHIGH ACRES,2024-11-19,2025-01-18,294,unknown,,0,0,1,https://reactwarn.floridajobs.org/WarnList/,77930e24a3e35055d6e96c0f895aa624328385c638989784e198974c,64b38ccc544f7ca6a4fbc1e68dec1113e1f246c7,2026-07-16,2026-07-26
FL,CVS Health,TAMPA,2024-11-26,2025-01-25,53,unknown,,0,0,1,https://reactwarn.floridajobs.org/WarnList/,3e22ea8761141e22fd84ae7f495f8f21658d92a992ed504cab726bc2,e054b006f6389dd933e513424bb49d6e5a00b08c,2026-07-16,2026-07-26
FL,"CareMax, Inc",MIAMI,2024-12-02,2025-01-31,530,unknown,,0,0,1,https://reactwarn.floridajobs.org/WarnList/,72995338f889178a25e299ca796fc1b812e8c5e94dc228b60fadd6f9,8b2f2bc6614b7fe202446431d7b5e4f2f86147d4,2026-07-16,2026-07-26
FL,KIRA Government Services,JACKSONVILLE,2024-12-02,2025-01-31,50,unknown,,0,0,1,https://reactwarn.floridajobs.org/WarnList/,2fd9b96c93eacf1e2c8c03016a6a7d3e9f89806724afc0f89f0262af,0a8d39e61413f2f62eb1a00a2e4ca3b4995b405c,2026-07-16,2026-07-26
FL,"CHG Healthcare Services, Inc.",BOCA RATON,2024-12-04,2025-02-01,6,unknown,,0,0,1,https://reactwarn.floridajobs.org/WarnList/,ef91d628f5dcd5db94aa8301a0d2fcbde5e398f702186c8d0964cca0,f3a05d0ba5955fd9a96ddcc505408d463b86583c,2026-07-16,2026-07-26
FL,Resilience Government Services,ALACHUA,2024-12-05,2025-02-03,105,unknown,,0,0,1,https://reactwarn.floridajobs.org/WarnList/,daf18a5d03e20d0ccc8eccc01567fddad67fc4d00f47763b2899d113,830f2c8ef84cd61b98ee35b129b41dc791b7b4c1,2026-07-16,2026-07-26
FL,Bags ( Metropolis Company),GOLDEN OAK,2024-12-13,2025-01-20,41,unknown,,0,0,1,https://reactwarn.floridajobs.org/WarnList/,b377e759fe1cbbc1df5c72586769ee5a94bd83290463fef1732d4aad,6bdf70f06d33165e1cc1aa0f15dc53c0a8ec2e9a,2026-07-16,2026-07-26
FL,Bags ( Metropolis Company),LAKE BUENA VISTA,2024-12-13,2025-01-20,26,unknown,,0,0,1,https://reactwarn.floridajobs.org/WarnList/,88b361f79452f2389a0e98aef2e4abefcac537a796868881dafa077e,ad394d20d0658ee0a20bdb5f71f2c1d4f26cab11,2026-07-16,2026-07-26
FL,AT&T,FLEMING ISLAND,2024-12-17,2025-01-21,138,unknown,,0,0,1,https://reactwarn.floridajobs.org/WarnList/,1049956cddca252ab1207172e902f2f316fb3772c49c878c9d526a9c,ceaa567edd8ceb20ae0d71e63eada81cae188794,2026-07-16,2026-07-26
FL,Crothall Healthcare,CORAL GABLES,2024-12-20,2024-12-15,28,unknown,,0,0,1,https://reactwarn.floridajobs.org/WarnList/,1976da2b8a8db654a13c0a1ab021b20fd3465dc72c0529fce3a53c2f,5edbac316eb271b58f138c6038188846c5eee1ec,2026-07-16,2026-07-26
FL,Crothall Healthcare,HIALEAH,2024-12-20,2024-12-15,78,unknown,,0,0,1,https://reactwarn.floridajobs.org/WarnList/,098c71262adf752ba40e1c098eafd5426704573759cbeb392a129692,c28d40cfb61a39bc57a02b40f7c02e83413df712,2026-07-16,2026-07-26
FL,Crothall Healthcare,LAUDERDALE LAKES,2024-12-20,2024-12-15,36,unknown,,0,0,1,https://reactwarn.floridajobs.org/WarnList/,486d5925c827b879899d9b2da541bdc7830431334daedd2807f34011,e887db61588ebcb5f79919fa0b97fdb9b566da87,2026-07-16,2026-07-26
FL,Crothall Healthcare,MIAMI,2024-12-20,2024-12-15,44,unknown,,0,0,1,https://reactwarn.floridajobs.org/WarnList/,107be0cf8074939d3551d142ff0ae745000bc243cde6aca7975ab43c,fa790bc3896891a22fb57953c2226c9562777875,2026-07-16,2026-07-26
FL,"Group 1001 Resources, LLC",MIRAMAR,2024-12-20,2025-03-10,51,unknown,,0,0,1,https://reactwarn.floridajobs.org/WarnList/,d632921a559eb0a3ee96755dd0fcfbc21c9853ac46d2a7ef882150e2,c51de039f5a3e01f6936c1071c79d40f6d764808,2026-07-16,2026-07-26
FL,Pfizer,TAMPA,2024-12-20,2025-02-24,62,unknown,,0,0,1,https://reactwarn.floridajobs.org/WarnList/,3583207ae0aba5bc37e985c5c78d332766d7fd2f2d7163d748509ffa,d503b5744855722fe07b66d96ac6a9554575ee09,2026-07-16,2026-07-26
FL,"Vimo, Inc. dba",JACKSONVILLE,2024-12-20,2025-02-19,3,unknown,,0,0,1,https://reactwarn.floridajobs.org/WarnList/,9b24e2ac53f4571fbc09d49e389bba776d5cc6c6b88b552da0cfc159,08952491e43dd66c496b2ca2aec850940cace638,2026-07-16,2026-07-26
FL,"Vimo, Inc. dba",BROOKSVILLE,2024-12-20,2025-02-19,1,unknown,,0,0,1,https://reactwarn.floridajobs.org/WarnList/,0dd215a9566809cbb1eb3d39243c8cb1bf73960c9c270ec5642c5820,324f166e8c86920d19976e10cacdef61d3fc3df1,2026-07-16,2026-07-26
FL,"Vimo, Inc. dba",NEW PORT RICHEY,2024-12-20,2025-02-19,1,unknown,,0,0,1,https://reactwarn.floridajobs.org/WarnList/,91a9c12dd92b30d388ef20ce167a85e06e3d5c2721579d935464990f,33e3ced840e47281d00ef2f927403631a9aec451,2026-07-16,2026-07-26
FL,"Vimo, Inc. dba",PANAMA CITY,2024-12-20,2025-02-19,2,unknown,,0,0,1,https://reactwarn.floridajobs.org/WarnList/,1a285aafc797fe6d101533c712ba903bf87ba128ccd5ec926120deb8,4da6de2308f2b4d6e00c4c87fc9f1544d4981526,2026-07-16,2026-07-26
FL,"Vimo, Inc. dba",ORANGE CITY,2024-12-20,2025-02-19,4,unknown,,0,0,1,https://reactwarn.floridajobs.org/WarnList/,57ea1bbed5f3776df2d64708838b4ab95ec23cbd9d44f43186c050ca,6a374152f298a842d809726b84ac05a4049d0635,2026-07-16,2026-07-26
FL,"Vimo, Inc. dba",LEE,2024-12-20,2025-02-19,3,unknown,,0,0,1,https://reactwarn.floridajobs.org/WarnList/,b466c4812aa7fe7b4ea0ccaad66cd97b4c3ab3f9a8b4e4dfb9db32e6,79db8d07bb7ce83ee11099f974af9c1ccd7eb37b,2026-07-16,2026-07-26
FL,"Vimo, Inc. dba",ALACHUA,2024-12-20,2025-02-19,1,unknown,,0,0,1,https://reactwarn.floridajobs.org/WarnList/,e05dbbcad57e3055df50ba4ba7ab7c27d923e24f3b42a61c52fe8c0b,93fe60c4094ecc6aa73aeb207b57589e5ba2ad9b,2026-07-16,2026-07-26
FL,"Vimo, Inc. dba",MIAMI,2024-12-20,2025-02-19,3,unknown,,0,0,1,https://reactwarn.floridajobs.org/WarnList/,1546bf148d028265ed1e14d4f2c79e817f76778a484822ee164bba3a,b43799f15e185fccf0567f632aadc209c26216af,2026-07-16,2026-07-26
FL,"Vimo, Inc. dba",PINELLAS PARK,2024-12-20,2025-02-19,1,unknown,,0,0,1,https://reactwarn.floridajobs.org/WarnList/,fd12d5af02fd2abdeb2ec05fcfa19495156fa412aaa2edc97c7085ce,bdad2eb1e353207ba9804c55501ef802b3cf95d9,2026-07-16,2026-07-26
FL,"Vimo, Inc. dba",MELBOURNE,2024-12-20,2025-02-19,1,unknown,,0,0,1,https://reactwarn.floridajobs.org/WarnList/,5ca57079f78ae8d8e46be86c3d89c1d781400d66c81693ca4b8afe15,cff9d5a211a95cc847d1dd0333bc8c44da1d7b55,2026-07-16,2026-07-26
FL,"Vimo, Inc. dba",TAMPA,2024-12-20,2025-02-19,8,unknown,,0,0,1,https://reactwarn.floridajobs.org/WarnList/,6440fd2cd4a65362df0e33e310cf0aeaf94d9fab5870ee0325a56a88,d673a8cdc6524ae6f6e853725b4d24347410ca74,2026-07-16,2026-07-26
FL,"Vimo, Inc. dba",DAYTONA BEACH,2024-12-20,2025-02-19,1,unknown,,0,0,1,https://reactwarn.floridajobs.org/WarnList/,b16a75d26a211e9fd44fbab66016c71a2dfb428a6155f37c1c9b85a3,e1dd7b98fb5de14ca65aaa5ace14b8311b71b031,2026-07-16,2026-07-26
FL,"Vimo, Inc. dba",FORT MYERS,2024-12-20,2025-02-19,3,unknown,,0,0,1,https://reactwarn.floridajobs.org/WarnList/,aaec0ba2e6814b03902dc97f544318a9a17fe79107dd4bff7b96d5cd,e26f908aa259148bc2f3a595e16331d8f52fe642,2026-07-16,2026-07-26
FL,"Vimo, Inc. dba",POLK CITY,2024-12-20,2025-02-19,2,unknown,,0,0,1,https://reactwarn.floridajobs.org/WarnList/,7991c14d47b694d0e2e3a03f9f4bbb1d96dabd3299f8d2f56303c116,eb982a76e7568202696e9c013aa9ec49649325ff,2026-07-16,2026-07-26
FL,"Vimo, Inc. dba",FORT LAUDERDALE,2024-12-20,2025-02-19,5,unknown,,0,0,1,https://reactwarn.floridajobs.org/WarnList/,340c0357f908836ea7aa849b0137afde7fb1ef0c9566dd71ba2feb7c,ffd22e8aebb0318e9b5d29430fa6578399da2067,2026-07-16,2026-07-26
FL,"Vimo, Inc. dba,",HERNANDO,2024-12-20,2025-02-19,1,unknown,,0,0,1,https://reactwarn.floridajobs.org/WarnList/,43a331d930b2b32869f4085b266b9dc08c3e86fcee61dc61ed746f59,7208f4b5796dc1e5346a96a22a1a31de9a81499a,2026-07-16,2026-07-26
FL,"Vimo, Inc. dba,",PALM BEACH,2024-12-20,2025-02-19,5,unknown,,0,0,1,https://reactwarn.floridajobs.org/WarnList/,1d750955428935cd8e0b4d5701156c36baa2156b399cfb6c5288a0c6,c7dd9f8bd433b7d0230d584b9804a1734b90bc9e,2026-07-16,2026-07-26
FL,Crothall Healthcare,LAUDERDALE LAKES,2024-12-26,2025-01-13,15,unknown,,0,0,1,https://reactwarn.floridajobs.org/WarnList/,267462ad59b083d4ba73485462103c350ad9b5dfb584d51b2259bd4e,ada7394de066e3b302ff551ea5f0e0101330d3c3,2026-07-16,2026-07-26
FL,Morrison Healthcare,MIAMI,2024-12-27,2024-12-15,31,unknown,,0,0,1,https://reactwarn.floridajobs.org/WarnList/,b5aa2c244e28889eb4a58dc2dc6c310f655bea254582c3fe54925c32,31794009a603d7c180b35f62ac3467a5f9c4812f,2026-07-16,2026-07-26
FL,Morrison Healthcare,CORAL GABLES,2024-12-27,2024-12-15,25,unknown,,0,0,1,https://reactwarn.floridajobs.org/WarnList/,9f29ad334e4209cfe8d34509e3b1caf6ce7b0899fc5a33e13770345f,6a8083d4061bdf7f7b13beaf38cd35d2e1643f9a,2026-07-16,2026-07-26
FL,Morrison Healthcare,LAUDERDALE LAKES,2024-12-27,2024-12-15,33,unknown,,0,0,1,https://reactwarn.floridajobs.org/WarnList/,b07c240dcd443192ccaf9b679bdfb36888e42a4917018421e96b8e4f,8f7c196c246be2ba969aed3355daef644cc439f9,2026-07-16,2026-07-26
FL,Morrison Healthcare,HIALEAH,2024-12-27,2024-12-15,31,unknown,,0,0,1,https://reactwarn.floridajobs.org/WarnList/,1370fd1ebe9f1610e74e5a088d8d0307ced91bde3dc9891fac6afa09,e90f38198d5c916d2b2b93853c8e048732bb1e6b,2026-07-16,2026-07-26
FL,"CHG Healthcare Services, Inc.",BOCA RATON,2025-01-02,2025-03-01,8,unknown,,0,0,1,https://reactwarn.floridajobs.org/WarnList/,531e54bb6fce426e38379d62b6217fc6add3dd0db40dcb7c01dcb2cb,0ed2a05f208344d946c773d111f34cc86171e480,2026-07-16,2026-07-26
FL,"Alico, Inc",ARCADIA,2025-01-06,2025-01-06,72,unknown,,0,0,1,https://reactwarn.floridajobs.org/WarnList/,ace76e00f9875f3457f60c6ea270e077864800e689a486ad1cc28c4e,34e24a7ede57986b0cb373efeb0e62ea50e86876,2026-07-16,2026-07-26
FL,"Stryker Employment Company, LLC",LAKELAND,2025-01-10,2025-03-09,22,unknown,,0,0,1,https://reactwarn.floridajobs.org/WarnList/,237715b17ee4582c9e67cea4d98ce8818555614e7cc53d834e5ab2f5,a126224fdb91c8295546c669291495fa2f1fbd66,2026-07-16,2026-07-26
FL,NeuroBehavioral Hospitals,WEST PALM BEACH,2025-01-14,2025-01-25,95,unknown,,0,0,1,https://reactwarn.floridajobs.org/WarnList/,32c6c34434e2fd76cba02045b41300cd69940b0f01fb50cd60e20723,696e4ef03e0d4f7300c4fb8ed7e0490f2949e5f2,2026-07-16,2026-07-26
FL,NeuroBehavioral Hospitals,BOYNTON BEACH,2025-01-14,2025-01-25,79,unknown,,0,0,1,https://reactwarn.floridajobs.org/WarnList/,d0bd8b048ba233ecf9743998443b51cf548eaf2138510ce4d27af7fb,97cf5c48fba5945c0f479c2236f2301e14ca7e5b,2026-07-16,2026-07-26
FL,Metropolis Company,LAKE BUENA VISTA,2025-01-22,2025-02-19,25,unknown,,0,0,1,https://reactwarn.floridajobs.org/WarnList/,f848be229f29bf5c06bbff24a8111789f89278c45ae68b42be46e8f0,999e20388280adb80cd43735d2c770a7bf7cb6a3,2026-07-16,2026-07-26
FL,Metropolis Company,ORLANDO,2025-01-22,2025-02-19,32,unknown,,0,0,1,https://reactwarn.floridajobs.org/WarnList/,e18ec6b397cc7283da19912c1f696621cdfe076498a20386a59c21dd,9b52ee407de0c79cb391ce3d2d73d22fbd407398,2026-07-16,2026-07-26
FL,"LEGOLAND Florida, Inc",WINTER HAVEN,2025-01-24,2025-03-25,234,unknown,,0,0,1,https://reactwarn.floridajobs.org/WarnList/,86a4ba6b3474be32638f1981d49b4e42cce12c0ce0b52839e0c6e365,cd1f3ff680c04d7356edac15430261cb23494897,2026-07-16,2026-07-26
FL,Bellwether Beach Resort,ST. PETE BEACH,2025-01-27,2024-11-11,107,unknown,,0,0,1,https://reactwarn.floridajobs.org/WarnList/,c0255af181b2d2d8988df28165c4a258f3bf10ff6dcc71308d986c5e,d8498556a63e0d4853ad3a86d63ea48bd05f1dc8,2026-07-16,2026-07-26
FL,e-TeleQuote Insurance,TAMPA,2025-02-03,2025-04-04,218,unknown,,0,0,1,https://reactwarn.floridajobs.org/WarnList/,aeb62c91a4e806b9c0096001464abdc2e3c9750b4fe7b5185a64a57c,048706087a39234bc390276b89b75a5d6bd7b45f,2026-07-16,2026-07-26
FL,"CHG Healthcare Services, Inc.",BOCA RATON,2025-02-06,2025-04-01,8,unknown,,0,0,1,https://reactwarn.floridajobs.org/WarnList/,4f2c6d1b8165930c97e8f19b63f3380230a1ff92ba58486a9ee24ea6,18df72af3e9e3f3de6c03b7447734d404275b965,2026-07-16,2026-07-26
FL,"Wise US, Inc",TAMPA,2025-02-07,2025-04-08,306,unknown,,0,0,1,https://reactwarn.floridajobs.org/WarnList/,c76f1ca19839c57e29d8a2b1605a0b550609961e3e35967b7a48bcd3,c58ba2ae2e67bf336f4a9c79aba9ac986820b913,2026-07-16,2026-07-26
FL,Sky Lease Cargo,MIAMI,2025-02-10,2025-04-07,129,unknown,,0,0,1,https://reactwarn.floridajobs.org/WarnList/,b654d7068b0ba174e461fa651ae23973398bc2d5afc7cb4befebb54a,8e5fab68694cfd0f82d2088a15ca1dbe9dbc4b48,2026-07-16,2026-07-26
FL,"Stryker Employment Company, LLC",LAKELAND,2025-02-12,2025-04-15,500,unknown,,0,0,1,https://reactwarn.floridajobs.org/WarnList/,f682359266949890009bdf12640deb00bc77522b8ef334f4355480a6,2d2c789c280c6168248bbafd2157730392cbcd6d,2026-07-16,2026-07-26
FL,Behavioral Health Link,ROTONDA WEST,2025-02-18,2025-03-23,1,unknown,,0,0,1,https://reactwarn.floridajobs.org/WarnList/,415e7b203e9e7aad4aa7d95410d4962d071e97c9d77eefc63936a55b,45e0cc77b70a63841a85bcb22806b801c246a53e,2026-07-16,2026-07-26
FL,Behavioral Health Link,JACKSONVILLE,2025-02-18,2025-03-23,1,unknown,,0,0,1,https://reactwarn.floridajobs.org/WarnList/,6fe4047d19b6c1fe9f08641fc5c1eaf811d9f4fac71baf166b7b313e,9f5e99d3cd4f3c63b342c7bd658ae69f03f62be0,2026-07-16,2026-07-26
FL,Behavioral Health Link,MIDDLEBURG,2025-02-18,2025-03-23,1,unknown,,0,0,1,https://reactwarn.floridajobs.org/WarnList/,8cd7e04a03e034c3acc07f457a64683c932c6709d4db6bcaa9930515,b3ddc015ccdcb4dd0015b0606ca66326885f094e,2026-07-16,2026-07-26
FL,Harvest Sherwoord Food Distributors,ORLANDO,2025-02-18,2025-02-18,41,unknown,,0,0,1,https://reactwarn.floridajobs.org/WarnList/,d3431aad11d4f9e4fffd9205234ca4dccb291267e69f14d61f7d23b1,4e5fd14bf6062fececf96f6ecaa19305df2867a8,2026-07-16,2026-07-26
FL,Harvest Sherwoord Food Distributors,OPA LOCKA,2025-02-18,2025-02-18,131,unknown,,0,0,1,https://reactwarn.floridajobs.org/WarnList/,338de187c95859b7fa6e684641a33958ad0e0c7aa005e14a55d6a5ec,d721c8d0d2f7467fd779f42d15ecbab8e1d2db32,2026-07-16,2026-07-26
FL,Orlando Health,ROCKLEDGE,2025-02-20,2025-04-22,940,unknown,,0,0,1,https://reactwarn.floridajobs.org/WarnList/,3f1cd8067a008ff65b2f95faba09f8121372e7a973b1446a9e4e95d7,96932b1353b4b5d228c079f060725b40c01d84f1,2026-07-16,2026-07-26
FL,Enhance Health LLC,SUNRISE,2025-02-21,2025-04-22,196,unknown,,0,0,1,https://reactwarn.floridajobs.org/WarnList/,0dd53c42da9dc89e91a23e109d899158b6d182a959cd5e47eb466e33,5bc607244f77f512f51aa4dde4f6611add9f2a42,2026-07-16,2026-07-26
FL,FirstService Residential,DANIA,2025-02-24,2025-03-31,42,unknown,,0,0,1,https://reactwarn.floridajobs.org/WarnList/,1a3392cad0016906ee761520e0e8db76cf70f3ea04db1d7c50008b42,77eae162b5f5caa9619111c3241762939eeb08a5,2026-07-16,2026-07-26
FL,"Miami Mezze LLC, d/b/a Aba Restaurant",BAL HARBOUR,2025-02-24,2025-05-01,60,unknown,,0,0,1,https://reactwarn.floridajobs.org/WarnList/,a95c567c4f955f4a3562953beaae8459960969e2351b38e85d751189,acc1248b527141bb44a4b5646723e226e6476f08,2026-07-16,2026-07-26
FL,Sodexo,ROCKLEDGE,2025-02-24,2025-04-22,170,unknown,,0,0,1,https://reactwarn.floridajobs.org/WarnList/,e150c3c5b4d3a6b9840e012b6b36b19f4325105464cef132a0fe1f9a,81c2d78a8ef75d765251c201bc5dc7cb918ee105,2026-07-16,2026-07-26
FL,The Ritz-Carlton,MIAMI,2025-02-24,2025-05-01,425,unknown,,0,0,1,https://reactwarn.floridajobs.org/WarnList/,83b4387d58376bff0273091d973c39c0ae5604c99972767a550a7a00,9eb1b31c64e58f1c299a0e238d4559aa73d2be0b,2026-07-16,2026-07-26
FL,Transportation Operations & Management Solution LLC,ORLANDO,2025-02-24,2025-04-22,50,unknown,,0,0,1,https://reactwarn.floridajobs.org/WarnList/,c1c533cf877e7731c532df8912ab98f247027eae5102e46e8eb92ae3,4df3ce6646f4846f4b30dfdb50f5231718033a59,2026-07-16,2026-07-26
FL,UPS,HIALEAH,2025-02-25,2025-04-27,65,unknown,,0,0,1,https://reactwarn.floridajobs.org/WarnList/,ee754a743e93b8ec7dae952deaa926b6706c4fa4780d84a178a975e8,e400b6397a1681c51120e1b08012878c375f0f2d,2026-07-16,2026-07-26
FL,Kindred Hospital East LLC d/b/aTampa Bay Area Hospital,TAMPA,2025-02-27,2025-04-30,143,unknown,,0,0,1,https://reactwarn.floridajobs.org/WarnList/,3c3137beebe9ee07a69f1d92b9a9169d08f8ce642ba79b5bdd96639d,2178978cb0fa2e88c2c4709b56d40e962138d68c,2026-07-16,2026-07-26
FL,"Veyer, LLC",ORLANDO,2025-02-28,2025-04-28,55,unknown,,0,0,1,https://reactwarn.floridajobs.org/WarnList/,f73f47f88e5eefcdb4615465f67ea056cf1290ec383ec5572e2e51a6,488f8cbd0f770e925db153bf978781e2b30c2f79,2026-07-16,2026-07-26
FL,Royal Palm South Beach Miami,MIAMI BEACH,2025-03-04,2025-05-04,134,unknown,,0,0,1,https://reactwarn.floridajobs.org/WarnList/,eeb9990ed87693a8fa56715bc14db9d500574aa51ac9df6e1d654b85,a22500e6ee2a179d47c59aba66794add4867dc8f,2026-07-16,2026-07-26
FL,"Primo Brands, Inc",LAKELAND,2025-03-05,2025-06-06,39,unknown,,0,0,1,https://reactwarn.floridajobs.org/WarnList/,82d04d7f9c9f20506449818c968f6aa806d833293b6539364aac5722,5c4cd5089a4898602920170d613711376bb2651d,2026-07-16,2026-07-26
FL,Wells Fargo,JACKSONVILLE,2025-03-05,2025-02-04,90,unknown,,0,0,1,https://reactwarn.floridajobs.org/WarnList/,2f2847af03f11b8a631cbbe99751996dfc83168a4ea80ea8158f3881,02bb0152d5367016c68cfcec1b035c851b6bce87,2026-07-16,2026-07-26
FL,"SP+, A Metropolis Company",ORLANDO,2025-03-06,2025-05-01,110,unknown,,0,0,1,https://reactwarn.floridajobs.org/WarnList/,7ffefeb8b2bc4ecb9e1ebefa800bb6302257b39a8ead3e5368464a08,2a3e1aed24e416e8c2b611ebb20587a642e6a44e,2026-07-16,2026-07-26
FL,AT&T,SUNRISE,2025-03-14,2025-05-13,88,unknown,,0,0,1,https://reactwarn.floridajobs.org/WarnList/,e52f713a7928ba777bc6af67b204bbe9ba7c2c914752c7b1c3fd63e8,21c51cc2389a9302e4983eab415f0e8ef7247ba4,2026-07-16,2026-07-26
FL,SPOONFUL MANAGEMENT MIAMI LLC,MIAMI BEACH,2025-03-14,2025-05-28,134,unknown,,0,0,1,https://reactwarn.floridajobs.org/WarnList/,42339d92bf7eac2f96f9975977d4dc52b127ba0703344852c97eeb0e,bfb8980b71910f8e1ac4ade146efcb144ebe0126,2026-07-16,2026-07-26
FL,"SLS South Beach Employer, LLC",MIAMI BEACH,2025-03-17,2025-05-28,66,unknown,,0,0,1,https://reactwarn.floridajobs.org/WarnList/,65eca069e750a9b1ae604ee474fa3aa7593d877e004dcebe17cad0c9,a72a34b5246d98389a645b9c896b5471448ce294,2026-07-16,2026-07-26
FL,Wells Fargo,JACKSONVILLE,2025-03-19,2025-03-18,4,unknown,,0,0,1,https://reactwarn.floridajobs.org/WarnList/,482bda488bdbc2ce6d6d5aeeceee50df10e4ec3f1294b6d62de67047,32a20bc9ebe5ad0eec90860743cf944d88c1bbe2,2026-07-16,2026-07-26
FL,National Distribution Centers LLC,ORLANDO,2025-03-20,2025-05-19,73,unknown,,0,0,1,https://reactwarn.floridajobs.org/WarnList/,29695376039ccdf9d1a696c72b4789704deacfb191ae4cbaa4e9ef09,a2793fa525157efc5cc4c5da58252d91af3d349d,2026-07-16,2026-07-26
FL,"Cayuga Home for Children, dba Cayuga Centers",FORT LAUDERDALE,2025-03-21,2025-06-22,9,unknown,,0,0,1,https://reactwarn.floridajobs.org/WarnList/,9235b263761e6897548b7a391801835ea9c0a3abb8e8cde087645f59,2efed7f34e815dfd468d009dfbd8b419f306a59b,2026-07-16,2026-07-26
FL,"Cayuga Home for Children, dba Cayuga Centers",MIAMI BEACH,2025-03-21,2025-06-22,72,unknown,,0,0,1,https://reactwarn.floridajobs.org/WarnList/,f41de773e23c72387fceb59daddbb09835e3474cbaa4e1448447f024,9a5ea8dd4ed37ab4a58f1025c3a1d79263eb0a23,2026-07-16,2026-07-26
FL,"Cayuga Home for Children, dba Cayuga Centers",BOYNTON BEACH,2025-03-21,2025-06-22,4,unknown,,0,0,1,https://reactwarn.floridajobs.org/WarnList/,16c266048dfdda0558f2104f26e37fad697027f9eea9a1e5e17e7c66,c8b1511e7b30053edb1b45523580769fd2e2dace,2026-07-16,2026-07-26
FL,"Cayuga Home for Children, dba Cayuga Centers",PORT SAINT LUCIE,2025-03-21,2025-06-22,16,unknown,,0,0,1,https://reactwarn.floridajobs.org/WarnList/,efcf3393bc592e0e9d3083c19e5b33efa48e5d0ad9627f893557ea07,ef9b29581386c6039c4ec558e7ac3d82d566eafe,2026-07-16,2026-07-26
FL,"CSG Systems, Inc",CRAWFORDVILLE,2025-03-25,2025-05-30,99,unknown,,0,0,1,https://reactwarn.floridajobs.org/WarnList/,1bd874ffd2440222a1e1fa0a830c396e6f3994435b7b640e5f1a25fa,1d5b62f367cf2a486ac53a95623095e294dd9acd,2026-07-16,2026-07-26
FL,"Interstate Management Company, LLC (""Aim bridge"")",SARASOTA,2025-03-26,2025-06-01,101,unknown,,0,0,1,https://reactwarn.floridajobs.org/WarnList/,200d078ed5485dfdd0e075c4038bb1096c9f643f1e1bf09f21d19861,7ef92762750a4dfb1c66ba5b5e07772ea455ed8c,2026-07-16,2026-07-26
FL,"HSNi, LLC and HSN, Inc",SAINT PETERSBURG,2025-03-27,2025-05-26,145,unknown,,0,0,1,https://reactwarn.floridajobs.org/WarnList/,b73ea498ae0822d2311adf165ce2f849d78ecfdc889bce048e9c8ba7,464302788ef788087a25715a1041c9f43a7ca557,2026-07-16,2026-07-26
FL,"Mandarin Oriental, Miami, FL",MIAMI,2025-03-28,2025-05-31,430,unknown,,0,0,1,https://reactwarn.floridajobs.org/WarnList/,7a5180f30ec16b4fb404201be7e3ea0d593c4a5123e69c736b7f3683,01f2dee4155364f9caaf8905ca1463ea4c1c82a1,2026-07-16,2026-07-26
FL,"FedEx Supply Chain, Inc.",JACKSONVILLE,2025-03-31,2025-05-31,87,unknown,,0,0,1,https://reactwarn.floridajobs.org/WarnList/,d1cbc87da7e4c1a945c5b8113b555aafbbc2241660193b841a647e74,24ab4154fd6457899014fa9e114de85d59a5e5a5,2026-07-16,2026-07-26
FL,Jacksonville Orthopedic Institute,FLEMING ISLAND,2025-03-31,2025-05-30,8,unknown,,0,0,1,https://reactwarn.floridajobs.org/WarnList/,373e6443d2293ed3a6a29dc78a9c7b417268155dc639b2cfad02fabd,232bf1f8d7be388d997ec319bedf9eb6c9988aa3,2026-07-16,2026-07-26
FL,Jacksonville Orthopedic Institute,JACKSONVILLE,2025-03-31,2025-05-30,1,unknown,,0,0,1,https://reactwarn.floridajobs.org/WarnList/,f28513a6223e348dbfc620937c4b002ff808d6ed2e60f4d3116d19fb,2ea36c629ba196ab01f0a5007133c63543c52c9f,2026-07-16,2026-07-26
FL,Jacksonville Orthopedic Institute,SAINT AUGUSTINE,2025-03-31,2025-05-30,4,unknown,,0,0,1,https://reactwarn.floridajobs.org/WarnList/,9c543419e9d03434be342d031e7949b1609bfe95b0beeab4f9feaf8b,d19ebca65a8f78f832719b5694a02976ec29a4cc,2026-07-16,2026-07-26
FL,"Pretium Packaging, L.L.C",JACKSONVILLE,2025-03-31,2025-05-30,48,unknown,,0,0,1,https://reactwarn.floridajobs.org/WarnList/,d281de8d983c8b34f6b0a68229bc5f207d09a487889fb9c6028a68d7,b2aa44e5c54959efe063384a6d413d1db314c7be,2026-07-16,2026-07-26
FL,Merlin Magic Shop,LAKE WALES,2025-04-01,2025-05-31,31,unknown,,0,0,1,https://reactwarn.floridajobs.org/WarnList/,e93794296d59e2e54f2cdb33b38cf0110820b2e833cb9a263c432f86,6c9a8f0a7355718fdc2f93849bc234dac2c2a011,2026-07-16,2026-07-26
FL,"Aramark Campus, LLC",TAMPA,2025-04-08,2025-06-18,949,unknown,,0,0,1,https://reactwarn.floridajobs.org/WarnList/,e4cf575335a91513c94d1b4918b25a3c5ae06af8e17b1e06a0c9f60c,9e8cf546676acd825f3d609eb21a09a1430d5c6c,2026-07-16,2026-07-26
FL,"Jones Lang LaSalle Americas, Inc. (“JLL”)",ORLANDO,2025-04-15,2025-06-14,86,unknown,,0,0,1,https://reactwarn.floridajobs.org/WarnList/,188b11e15342d8ac1979718356fb7e61e2234a3f86705d8d72701c73,0e2c2c7d22e2a41e967ae7556252dc743b483895,2026-07-16,2026-07-26
FL,"Davis Express, Inc.",STARKE,2025-04-16,2025-06-15,163,unknown,,0,0,1,https://reactwarn.floridajobs.org/WarnList/,3c9f4fd9fe75009852aec280e92c85a8e6b8f98c8bf925da921eebe8,68d06a562af11ac90f83e297b16164ee5c6b5eaf,2026-07-16,2026-07-26
FL,"Amerant Mortgage, LLC",LAKELAND,2025-04-24,2025-06-23,58,unknown,,0,0,1,https://reactwarn.floridajobs.org/WarnList/,e8e124e2329a18f21c590cfccfa2d12ee77713dfacdd037c06e3cf26,1ac7ef19e44d9bc90c84002cb472d81f50bc3bf7,2026-07-16,2026-07-26
FL,"Tampa Sportservice, Inc.",TAMPA,2025-04-25,2025-06-30,580,unknown,,0,0,1,https://reactwarn.floridajobs.org/WarnList/,664f5603eb631372c22f5e8dd788751d0ab6a760d44f9ce82663ce37,c5b2a76af443b879aed2cf75bf921fb75dc0317e,2026-07-16,2026-07-26
FL,Center for Family & Child Enrichment,MIAMI GARDENS,2025-04-27,2025-06-30,106,unknown,,0,0,1,https://reactwarn.floridajobs.org/WarnList/,29aa3fd4b77e16866f2f52a6124cedb518e5a87e2ef2908f34f0b374,2238c9ac26be6873878ee9aa66df4dc05793417a,2026-07-16,2026-07-26
FL,Cano Health LLC,CLERMONT,2025-04-28,2025-06-30,11,unknown,,0,0,1,https://reactwarn.floridajobs.org/WarnList/,37038804f00afb01a8ee050187898eb82ad73891c6b38fd616fa149f,17d2b5c01bd68493e263ce3c8eb39e4b32b05e16,2026-07-16,2026-07-26
FL,Cano Health LLC,ORLANDO,2025-04-28,2025-06-30,11,unknown,,0,0,1,https://reactwarn.floridajobs.org/WarnList/,fc5a7f420c892120ff77d37d24dd7a7e255b532dddd1d971121d1335,7489abfdf28ca495decef213343a870b5fb7eaf4,2026-07-16,2026-07-26
FL,Cano Health LLC,SAINT CLOUD,2025-04-28,2025-06-30,27,unknown,,0,0,1,https://reactwarn.floridajobs.org/WarnList/,7573ffa13017ef1ad25d731ee87377cad00556aa13a651569fdfd46f,e8e3b0a24538122947938125a01cf25ff58833b5,2026-07-16,2026-07-26
FL,Cano Health LLC,KISSIMMEE,2025-04-28,2025-06-30,29,unknown,,0,0,1,https://reactwarn.floridajobs.org/WarnList/,5d6b25748ed3fbf52cbe85f361f07e99194d9e132bb39e96035d34a9,fec59713a3188ebd5f8464e046dee4cbb23b9ec5,2026-07-16,2026-07-26
FL,Thermo Fisher Scientific,ORLANDO,2025-04-29,2025-06-28,59,unknown,,0,0,1,https://reactwarn.floridajobs.org/WarnList/,a5522feb8f99680d3c4c76634e93e2d433ca4944895fc16988299408,4ae6e735489d57534ce22d8ab1fe324cc1db8900,2026-07-16,2026-07-26
FL,ABM Industries,ORLANDO,2025-04-30,2025-07-01,175,unknown,,0,0,1,https://reactwarn.floridajobs.org/WarnList/,ab4b4aeed880e9184c388b7f211df3ee2eb4a179252c750fb82c8853,ccc86943d89af1f056de3eec05d9f8a43cec5a7f,2026-07-16,2026-07-26
FL,C&S Wholesale Services,BALDWIN,2025-04-30,2025-07-04,490,unknown,,0,0,1,https://reactwarn.floridajobs.org/WarnList/,03c2788764a7a92749288a8216a68652f96ee5ef569d21f725e55a02,c5964afb04fff36d74216d99ad679f68906f9243,2026-07-16,2026-07-26
FL,ERMC Aviation Services,FORT LAUDERDALE,2025-04-30,2025-06-30,95,unknown,,0,0,1,https://reactwarn.floridajobs.org/WarnList/,6ec93a1e4b5085c99e6ad112141359d71050cdd230187a14a1047641,2bbb1ef23c44bf0c8991d3d36da4d4280694a30e,2026-07-16,2026-07-26
FL,Northern Air Cargo LLC,MIAMI,2025-05-01,2025-06-30,30,unknown,,0,0,1,https://reactwarn.floridajobs.org/WarnList/,9673b8cbaffcddcdc659b7e0e84d142ebe714f91bf841c6a4a49c31b,209b0377af315fde52f149b486fa745a1da2c728,2026-07-16,2026-07-26
FL,"Institute for Intergovernmental Research, Inc",TALLAHASSEE,2025-05-02,2025-04-23,200,unknown,,0,0,1,https://reactwarn.floridajobs.org/WarnList/,a2cd0da590578631e210ae6d378c587da11368032e74c6848f97c951,34404b85fc0874258a76571e66e950ca6dd346c2,2026-07-16,2026-07-26
FL,S&S Activewear,POMPANO BEACH,2025-05-03,2025-07-03,51,unknown,,0,0,1,https://reactwarn.floridajobs.org/WarnList/,a8168d3a6cbf88a137937f6d3bd97f1dd85c4d3b347d004da2a9599c,0eaa913b5ffab882dd1bbe0d2c07fc448550953d,2026-07-16,2026-07-26
FL,"GroundGame.Health, Inc.",TAMPA,2025-05-12,2025-07-11,97,unknown,,0,0,1,https://reactwarn.floridajobs.org/WarnList/,4623f42069cc963455268f482b5cc5a0d54a3ea4fa78be62aba4ddab,1f8fc03a0bad579cee1ca92ced88263c2b33b1fb,2026-07-16,2026-07-26
FL,"HSNi, LLC and HSN, Inc",SAINT PETERSBURG,2025-05-12,2025-07-01,529,unknown,,0,0,1,https://reactwarn.floridajobs.org/WarnList/,b82992f108984244564527c009d1ed6d6cec79692c40d71c176c6a79,6ebc5748ba6ed803ae773676aaf6779862d50996,2026-07-16,2026-07-26
FL,Technology Partner,MIAMI GARDENS,2025-05-14,2025-07-14,58,unknown,,0,0,1,https://reactwarn.floridajobs.org/WarnList/,c1672c43ead2dce8ef6e2e5fdb289f5aa058b117129c53d48aeaad0a,548087cd6d19a5ecca226121ab54a2f6ac6f9d0f,2026-07-16,2026-07-26
FL,Bahama Breeze,DAYTONA BEACH,2025-05-15,2025-05-15,69,unknown,,0,0,1,https://reactwarn.floridajobs.org/WarnList/,06fe1bdf0cbe4098129c1ffcf27ac8c35c347807100c7175b27148a8,04f9135e30d681997f09d62fa4e4bc4266daa08c,2026-07-16,2026-07-26
FL,Bahama Breeze,GAINESVILLE,2025-05-15,2025-05-15,68,unknown,,0,0,1,https://reactwarn.floridajobs.org/WarnList/,9e10fc8be5360825f00edbd8c71a1ae2b8764786c06aef97ed9b2216,2d72acac63935e31d1c8ea4110d4ddffe3409711,2026-07-16,2026-07-26
FL,Bahama Breeze,OAKLAND PARK,2025-05-15,2025-05-15,68,unknown,,0,0,1,https://reactwarn.floridajobs.org/WarnList/,c98a2fc934d0dd4e9584c5dbafc25ce28f91f5bf1097ebd479c1e59c,9b13b4f10051b98b002b57ba794b73ed4b150e8e,2026-07-16,2026-07-26
FL,Bahama Breeze,SUNRISE,2025-05-15,2025-05-15,69,unknown,,0,0,1,https://reactwarn.floridajobs.org/WarnList/,154f565b3618d0ead6b065f2d7d26c954cc7a98fa3b8f2a66d75a69e,b892ac847f8361fdb9aaa11ab314d7030ed825d3,2026-07-16,2026-07-26
FL,Bahama Breeze,NAPLES,2025-05-15,2025-05-15,68,unknown,,0,0,1,https://reactwarn.floridajobs.org/WarnList/,4ebe0649907eb6716592983192534e521e7c5fcccf5a930e2f2b6fcc,e98c3ae414661e462f133d5fe8279c45e714630f,2026-07-16,2026-07-26
FL,"Panera, LLC",ORLANDO,2025-05-15,2025-07-23,114,unknown,,0,0,1,https://reactwarn.floridajobs.org/WarnList/,bf52c91ee2dbd52fb72bc3c72efde4d3351f3268949739e18d272415,04a2b31a04b8b9cf32143e19a5312fa2a8b66d65,2026-07-16,2026-07-26
FL,Revlon Consumer Products LLC,JACKSONVILLE,2025-05-16,2025-07-18,127,unknown,,0,0,1,https://reactwarn.floridajobs.org/WarnList/,2ecaf02fb26636b45ce40c6dec7753657dca6505fc061c4d5e450b10,c897f64a2178781a4e18a8be600b62770b976bbc,2026-07-16,2026-07-26
FL,Eagle Healthcare LLC,SARASOTA,2025-05-19,2025-07-14,22,unknown,,0,0,1,https://reactwarn.floridajobs.org/WarnList/,15c6e79f0bedc85e6a5681bbd318af4e2a3dc85779139f00670113e1,0a59e8ff091b126852050954a2176a76c3ae5fe4,2026-07-16,2026-07-26
FL,Eagle Healthcare LLC,DUNEDIN,2025-05-19,2025-07-14,23,unknown,,0,0,1,https://reactwarn.floridajobs.org/WarnList/,a0241e15d6b19b22e593a76c530528910f3b5b875a299729c63635d2,1667a0809060176bb5232fc183152e449dd37ed1,2026-07-16,2026-07-26
FL,Eagle Healthcare LLC,MIAMI,2025-05-19,2025-07-14,23,unknown,,0,0,1,https://reactwarn.floridajobs.org/WarnList/,a82ad2140101e1611ddbb17075d1efdcd02fa892c17d7732639cad39,3d9f02e5aea026d4572f120a07d99072a8981a68,2026-07-16,2026-07-26
FL,Eagle Healthcare LLC,MONTICELLO,2025-05-19,2025-07-14,26,unknown,,0,0,1,https://reactwarn.floridajobs.org/WarnList/,da451ece708faa0b370c8a38287ef720fdaa0be9d854beffa3941338,4f1ca1537090e997f2853ec7c74e3def91c9497b,2026-07-16,2026-07-26
FL,Eagle Healthcare LLC,PORT SAINT JOE,2025-05-19,2025-07-14,23,unknown,,0,0,1,https://reactwarn.floridajobs.org/WarnList/,2686738337f04510854674bad38cc588912f3da89e506a126686d4e5,80bf863063cc6e6a11246c29f199ac1a596e9a33,2026-07-16,2026-07-26
FL,Eagle Healthcare LLC,OAKLAND PARK,2025-05-19,2025-07-14,23,unknown,,0,0,1,https://reactwarn.floridajobs.org/WarnList/,ce4b4ae1f89cda4e57d07dd1f3c44fec2e23dd874766282c75e1002e,81afd9d27d4fd9196b1f109f469fbefe90170219,2026-07-16,2026-07-26
FL,Eagle Healthcare LLC,DANIA BEACH,2025-05-19,2025-07-14,22,unknown,,0,0,1,https://reactwarn.floridajobs.org/WarnList/,fc528879efcab91d48a6ead0722b915506263a7631fc92096f23401c,8f24ecd12c31db6441e46d48785e330dcd321fca,2026-07-16,2026-07-26
FL,Eagle Healthcare LLC,GREENVILLE,2025-05-19,2025-07-14,22,unknown,,0,0,1,https://reactwarn.floridajobs.org/WarnList/,c37636d75633f19ba4770f2c9e750bc1d9aa051d6e5416336c5e9530,cac63b8dd23692c354ccf6b488cbe7b4d2494664,2026-07-16,2026-07-26
FL,Eagle Healthcare LLC,LAKE WORTH,2025-05-19,2025-07-14,22,unknown,,0,0,1,https://reactwarn.floridajobs.org/WarnList/,df0220e20a60e4fe0e27df166451472f6a4b1b5cfed17e3c3b56a0ac,cf97fdc032a3ba8e554c5b73d4565be271c13068,2026-07-16,2026-07-26
FL,Eagle Healthcare LLC,JACKSONVILLE,2025-05-19,2025-07-14,22,unknown,,0,0,1,https://reactwarn.floridajobs.org/WarnList/,dd257374d496a3e9852a1a1161f7f9fb73eb48bc4075f9e07dec9add,eda79c124de08b1052a875ef8c1cc58085b36993,2026-07-16,2026-07-26
FL,Eagle Healthcare LLC,DAVENPORT,2025-05-19,2025-07-14,22,unknown,,0,0,1,https://reactwarn.floridajobs.org/WarnList/,eb49d5d37f92baa9de7caeba852e9963e69330dd239a93b5953d4c82,fd8a7a9f487f7f2b4b92a4eb9cfe0d8c996a0483,2026-07-16,2026-07-26
FL,Lacroix,TALLAHASSEE,2025-05-19,2025-06-20,1,unknown,,0,0,1,https://reactwarn.floridajobs.org/WarnList/,49fb186281dc5febf79c49d991259ac1c592c6041ba29a8dd43e9574,8db1aa63a377607613ecc815e80cadbc9719aecb,2026-07-16,2026-07-26
FL,Exceed LLC,SAINT PETERSBURG,2025-06-02,2025-06-02,119,unknown,,0,0,1,https://reactwarn.floridajobs.org/WarnList/,72a540b339efc605ea5f0259413608e00d9323eb8e8e620d69686801,f9c4892b20f109a3c9cffb1426ed9b787d2b145f,2026-07-16,2026-07-26
FL,Stephens Distributing Company,FORT LAUDERDALE,2025-06-02,2025-08-01,110,unknown,,0,0,1,https://reactwarn.floridajobs.org/WarnList/,ad98a880486540ccc1c2e02a707c150bfb78fbdf425f2f449ca44f87,d345b62ab93d22d3e2c1d22afd609b804a860569,2026-07-16,2026-07-26
FL,Eckerd Connects,SAINT PETERSBURG,2025-06-03,2025-06-13,47,unknown,,0,0,1,https://reactwarn.floridajobs.org/WarnList/,e4356fdfb28426d9709cc8413a8b77d3d26c400d693bc802a7345f97,af84a6833e18a5de517751da58ed19cdd8221a20,2026-07-16,2026-07-26
FL,"Lewis Tree Service, Inc",MIAMI,2025-06-05,2025-07-20,110,unknown,,0,0,1,https://reactwarn.floridajobs.org/WarnList/,fca8f28dbe6c5920d7bed30d582a83a38fda220f544d9df2efd351a0,3ed6dbe82e7ba00dbf3e68a5a19c39910bfe52f1,2026-07-16,2026-07-26
FL,"Lewis Tree Service, Inc",MIAMI GARDENS,2025-06-05,2025-07-20,2,unknown,,0,0,1,https://reactwarn.floridajobs.org/WarnList/,43197e7990027cb41a9a55b29033f6bd30952df99e89e0883e7ec061,42a779c9db4e9aeb817b953f9d39859530dc6b3e,2026-07-16,2026-07-26
FL,"Resilience US, Inc",ALACHUA,2025-06-09,2025-06-20,76,unknown,,0,0,1,https://reactwarn.floridajobs.org/WarnList/,f793f47c78da39f6ed57d6aef3c0b64a66a15462e25428a3c4cee39a,91881f50f1bf26d0c93d7c085e361f98bc147bbd,2026-07-16,2026-07-26
FL,Need It Now,JUPITER,2025-06-11,2025-08-09,103,unknown,,0,0,1,https://reactwarn.floridajobs.org/WarnList/,8d5beaf7ebb73103209357ca262b179ab7acb7bc3537dfd5660ee09c,2242162c306cc22979c0cba5f517761fdcb80d45,2026-07-16,2026-07-26
FL,Need It Now,FORT LAUDERDALE,2025-06-11,2025-08-09,68,unknown,,0,0,1,https://reactwarn.floridajobs.org/WarnList/,3893a0f7e49d3476d45ced12e92eaa4cbb3094e1c55e8e5ecb91475c,7775a1bf8850a364554000ddb4306b82ae67caf4,2026-07-16,2026-07-26
FL,Lightspeed Logistics Miami LLC,HIALEAH,2025-06-13,2025-08-17,110,unknown,,0,0,1,https://reactwarn.floridajobs.org/WarnList/,2ef3c6073c467e7fed75d423290fcf0bf3da23488271d1d1ba8605f8,4e875e1aeae6df7979e62ec2a66f83c7bfc90890,2026-07-16,2026-07-26
FL,"Transit Management of Volusia County, Inc.",SOUTH DAYTONA,2025-06-16,2025-08-15,267,unknown,,0,0,1,https://reactwarn.floridajobs.org/WarnList/,8b3fa1089f2521419d523d9e4efa2df2ec7d08ff0e54358b84b058da,cbb1ad19236ec65c23b34768a61b5aa078fd190b,2026-07-16,2026-07-26
FL,"Group 1001 Resources, LLC",MIRAMAR,2025-06-25,2025-10-01,32,unknown,,0,0,1,https://reactwarn.floridajobs.org/WarnList/,57dabd172f332a8c89cd7f824c91b8fa91d8cd03ccbef2a68e0d5200,0b1aa730578bddb64875ede9db1f828976c143fe,2026-07-16,2026-07-26
FL,"Gulf Coast Optometry, P.A., D.Ba. Global Care Optometry",LAKE MARY,2025-07-01,2025-07-30,3,unknown,,0,0,1,https://reactwarn.floridajobs.org/WarnList/,9fe6f186615b3fd34616bea7c8f25145048e90d02707453a9762309e,01329606415c8b24bb79c176bc4ff136b064ee4e,2026-07-16,2026-07-26
FL,"Gulf Coast Optometry, P.A., D.Ba. Global Care Optometry",MERRITT ISLAND,2025-07-01,2025-07-30,3,unknown,,0,0,1,https://reactwarn.floridajobs.org/WarnList/,7c6ea0021821c741f3ecaef885c99eef219e0ddc27508df62b4f0070,04e1819694220da759c3f5919fb39912b9881889,2026-07-16,2026-07-26
FL,"Gulf Coast Optometry, P.A., D.Ba. Global Care Optometry",SARASOTA,2025-07-01,2025-07-30,2,unknown,,0,0,1,https://reactwarn.floridajobs.org/WarnList/,ad09f12dcd1106289a8462b483f73d1e23391a0c16bbb506e3bfada1,08b55c386edc2c6ae2428f542dd385d518afb5dc,2026-07-16,2026-07-26
FL,"Gulf Coast Optometry, P.A., D.Ba. Global Care Optometry",FORT WALTON BEACH,2025-07-01,2025-07-30,2,unknown,,0,0,1,https://reactwarn.floridajobs.org/WarnList/,661a0735c38e67eeb90018ab377f7e2c17e4ffbf00c781e471e462cf,17c478616029f99e14a560cf34dba354bef26c49,2026-07-16,2026-07-26
FL,"Gulf Coast Optometry, P.A., D.Ba. Global Care Optometry",LAKELAND,2025-07-01,2025-07-30,3,unknown,,0,0,1,https://reactwarn.floridajobs.org/WarnList/,cde58a58116038cbb4343f28388ef0fc1f324552535e0b3426729730,1820c6241fc320eaea502fd138999133df55134e,2026-07-16,2026-07-26
FL,"Gulf Coast Optometry, P.A., D.Ba. Global Care Optometry",VENICE,2025-07-01,2025-07-30,5,unknown,,0,0,1,https://reactwarn.floridajobs.org/WarnList/,e133328101a9c73e6a293b53ba62640ec48a048cca8585b26549fce4,1c81594f739de781e3b2a612d297dba6a3ede03b,2026-07-16,2026-07-26
FL,"Gulf Coast Optometry, P.A., D.Ba. Global Care Optometry",WESLEY CHAPEL,2025-07-01,2025-07-30,2,unknown,,0,0,1,https://reactwarn.floridajobs.org/WarnList/,d836505175e40cee906e6725c868254714a71120f8cbd662979c4d27,20a2a16460a0e046012783f16a14cb56886131ca,2026-07-16,2026-07-26
FL,"Gulf Coast Optometry, P.A., D.Ba. Global Care Optometry",CLEARWATER,2025-07-01,2025-07-30,2,unknown,,0,0,1,https://reactwarn.floridajobs.org/WarnList/,ce3d264512a979a6daa834c5d6bfa781810cfed69ea4ae571ecb901d,26c93c8cf25b47c0ad06a1dc954f09b2aad7a185,2026-07-16,2026-07-26
FL,"Gulf Coast Optometry, P.A., D.Ba. Global Care Optometry",RIVERVIEW,2025-07-01,2025-07-30,4,unknown,,0,0,1,https://reactwarn.floridajobs.org/WarnList/,669236b836cb8092548fd4a6ebc39934cd0cb67e0c4804f40f7311a2,2d1d6982d49665f05daab3c05f64e9af7517b8bb,2026-07-16,2026-07-26
FL,"Gulf Coast Optometry, P.A., D.Ba. Global Care Optometry",SAINT PETERSBURG,2025-07-01,2025-07-30,2,unknown,,0,0,1,https://reactwarn.floridajobs.org/WarnList/,431fd99171e7e45c2801461e9a9accaf6c41049dba53c3040571eb37,3184bf1879e39a79d83644bf507aafcd660dad43,2026-07-16,2026-07-26
FL,"Gulf Coast Optometry, P.A., D.Ba. Global Care Optometry",BOYNTON BEACH,2025-07-01,2025-07-30,2,unknown,,0,0,1,https://reactwarn.floridajobs.org/WarnList/,1ed9e91e6941c0002b3c8c5e6fc85fca5a2502d5912d8bc55d2d70d1,324c4730dc40ba9a879f87ae65e9ba2a822a38b5,2026-07-16,2026-07-26
FL,"Gulf Coast Optometry, P.A., D.Ba. Global Care Optometry",OCOEE,2025-07-01,2025-07-30,2,unknown,,0,0,1,https://reactwarn.floridajobs.org/WarnList/,d4f8ef3b12838df4178df0cfeeb8a1828678423f9638a62c623372a0,484151a0a28a35dc659a0e0b8b2e9451d1b4e405,2026-07-16,2026-07-26
FL,"Gulf Coast Optometry, P.A., D.Ba. Global Care Optometry",FORT MYERS,2025-07-01,2025-07-30,3,unknown,,0,0,1,https://reactwarn.floridajobs.org/WarnList/,12567e403959bff5907bdc725fa993ac48f6abbf26fb4da996d25639,4fcbb271fb12b8208fc320d4b4bf34ed32240868,2026-07-16,2026-07-26
FL,"Gulf Coast Optometry, P.A., D.Ba. Global Care Optometry",ALTAMONTE SPRINGS,2025-07-01,2025-07-30,2,unknown,,0,0,1,https://reactwarn.floridajobs.org/WarnList/,731e5a8c1942310ce78f36f88efc2e12264d6eba7b5898b2423ab695,5492b225b535f13288df5a5a214bc6f2032ce4b9,2026-07-16,2026-07-26
FL,"Gulf Coast Optometry, P.A., D.Ba. Global Care Optometry",NAPLES,2025-07-01,2025-07-30,3,unknown,,0,0,1,https://reactwarn.floridajobs.org/WarnList/,415cbace611154aa1cc19a4d01c1f250b702d862edb85310583bcf91,5d5f49407c9e8b1ed70d7ecf7ed12afadfb613a7,2026-07-16,2026-07-26
FL,"Gulf Coast Optometry, P.A., D.Ba. Global Care Optometry",ORLANDO,2025-07-01,2025-07-30,2,unknown,,0,0,1,https://reactwarn.floridajobs.org/WarnList/,913bd70e56e5c88eb2377cc22ad4a0e782587897e09f1ca23b6e2a8d,63e385333197934825667f39b00b5fcd63b5d13e,2026-07-16,2026-07-26
FL,"Gulf Coast Optometry, P.A., D.Ba. Global Care Optometry",NEW PORT RICHEY,2025-07-01,2025-07-30,3,unknown,,0,0,1,https://reactwarn.floridajobs.org/WarnList/,43bd03c8833f14e0e2666b408d15ec3179b0ca8910b39db5de5a49d8,6812965ad3d9668189e6c02b8cc3791a2bdc8a5d,2026-07-16,2026-07-26
FL,"Gulf Coast Optometry, P.A., D.Ba. Global Care Optometry",WATERFORD LAKES,2025-07-01,2025-07-30,4,unknown,,0,0,1,https://reactwarn.floridajobs.org/WarnList/,1698fba4e3574f1803aae90235932eafb9f8f19cfd6e2629c3850804,713329dae3682c238e6aed5ddadd74532359cae3,2026-07-16,2026-07-26
FL,"Gulf Coast Optometry, P.A., D.Ba. Global Care Optometry",ORANGE PARK,2025-07-01,2025-07-30,4,unknown,,0,0,1,https://reactwarn.floridajobs.org/WarnList/,8b00af2cefd3bfbf3b5123971c5a0aad5d386031ba0800bc51eb9dd5,7e8ac279f8b999cbb0c81e542e0400fb74553840,2026-07-16,2026-07-26
FL,"Gulf Coast Optometry, P.A., D.Ba. Global Care Optometry",PALM BEACH GARDENS,2025-07-01,2025-07-30,4,unknown,,0,0,1,https://reactwarn.floridajobs.org/WarnList/,dea58271cea376024a9c1b0c3f8e2e77f6b7dda5ce7a0f5281c1eb51,866b7f4802e452e2540ec5051b55d79b36871a72,2026-07-16,2026-07-26
FL,"Gulf Coast Optometry, P.A., D.Ba. Global Care Optometry",PORT CHARLOTTE,2025-07-01,2025-07-30,3,unknown,,0,0,1,https://reactwarn.floridajobs.org/WarnList/,b04d6e770f7eb4d3c90fd033408eeecb59aeaeeadc37a479566d10ff,879ba0a9e91db2476d950270aa1596bf671936c5,2026-07-16,2026-07-26
FL,"Gulf Coast Optometry, P.A., D.Ba. Global Care Optometry",JACKSONVILLE,2025-07-01,2025-07-30,3,unknown,,0,0,1,https://reactwarn.floridajobs.org/WarnList/,a21911b6c4f72a7d1a30ffcc739c74b51012a34994e65ccc0bba1882,8d063e3fa72860b64fa261f0d5e817d13c82c6c1,2026-07-16,2026-07-26
FL,"Gulf Coast Optometry, P.A., D.Ba. Global Care Optometry",BRADENTON,2025-07-01,2025-07-30,3,unknown,,0,0,1,https://reactwarn.floridajobs.org/WarnList/,59096a34250213df5e7c8ec9f3f27bc6074bfe24d978711ec71490f9,a989901e68ad8eee75fee9fb2d4953926c5a0777,2026-07-16,2026-07-26
FL,"Gulf Coast Optometry, P.A., D.Ba. Global Care Optometry",MELBOURNE,2025-07-01,2025-07-30,3,unknown,,0,0,1,https://reactwarn.floridajobs.org/WarnList/,d8a2e00efe0684b3251014f5ad70ca92dcad9884b310004c1829ccac,abb981e19beadc88fd581cdfd761ce5958ae9761,2026-07-16,2026-07-26
FL,"Gulf Coast Optometry, P.A., D.Ba. Global Care Optometry",ESTERO,2025-07-01,2025-07-30,2,unknown,,0,0,1,https://reactwarn.floridajobs.org/WarnList/,376c9abe8df2eb78e8962ef70b82dca37bc8a3392afd5cfdfcef0576,b0e3d867f06603d0c9e161126f99fcae654196f5,2026-07-16,2026-07-26
FL,"Gulf Coast Optometry, P.A., D.Ba. Global Care Optometry",CLEAR WATER,2025-07-01,2025-07-30,2,unknown,,0,0,1,https://reactwarn.floridajobs.org/WarnList/,eedd4997c698d60570a406934ab15fd1485afe9e1553faee73dd09ed,b1908172ace240d7711bd3a15e12c30607732d79,2026-07-16,2026-07-26
FL,"Gulf Coast Optometry, P.A., D.Ba. Global Care Optometry",LADY LAKE,2025-07-01,2025-07-30,3,unknown,,0,0,1,https://reactwarn.floridajobs.org/WarnList/,e85ecf1cf29e69b82cfbaa9d8dc474383d96e76064097e98fd7b5201,c293baaa8e56e28543491729327c3b11900a43d1,2026-07-16,2026-07-26
FL,"Gulf Coast Optometry, P.A., D.Ba. Global Care Optometry",OCALA,2025-07-01,2025-07-30,3,unknown,,0,0,1,https://reactwarn.floridajobs.org/WarnList/,bdd3b8b4ccf6f6d8da25ea678241fb953da6b005e2c037a14313ae54,c385798f12ad49c685997490b59ea44fa7a18b29,2026-07-16,2026-07-26
FL,"Gulf Coast Optometry, P.A., D.Ba. Global Care Optometry",KISSIMMEE,2025-07-01,2025-07-30,3,unknown,,0,0,1,https://reactwarn.floridajobs.org/WarnList/,56608f8f79c1a1c1fd93f62f0537c559817d5c89ab95d91afde05abc,c6573978f2c850e17dc71c148351b2314e10430b,2026-07-16,2026-07-26
FL,"Gulf Coast Optometry, P.A., D.Ba. Global Care Optometry",LAKE WORTH,2025-07-01,2025-07-30,4,unknown,,0,0,1,https://reactwarn.floridajobs.org/WarnList/,6eead31c8db75eb8d833ebb37dd6ce6d2919a2e22f80869396624f6f,c7854481d09c66a3139c5dab861614afa5eafec6,2026-07-16,2026-07-26
FL,"Gulf Coast Optometry, P.A., D.Ba. Global Care Optometry",BRANDON,2025-07-01,2025-07-30,2,unknown,,0,0,1,https://reactwarn.floridajobs.org/WarnList/,9dd70f2f6cc51a157b10152391943353b76ff47d08dabd555fb5fdf3,c9761854993ae7e191a4a7ad568b8090c4407797,2026-07-16,2026-07-26
FL,"Gulf Coast Optometry, P.A., D.Ba. Global Care Optometry",DAYTONA BEACH,2025-07-01,2025-07-30,3,unknown,,0,0,1,https://reactwarn.floridajobs.org/WarnList/,f648966fcec909b69a7772fbd36f3116b61d3e47eedab847d59583d3,d38a2e7f85cad083bc2162af9cfae6de073319ef,2026-07-16,2026-07-26
FL,"Gulf Coast Optometry, P.A., D.Ba. Global Care Optometry",PORT SAINT LUCIE,2025-07-01,2025-07-30,2,unknown,,0,0,1,https://reactwarn.floridajobs.org/WarnList/,de65e8322120b2acbe63a9d1355321551a6168af78adadb25b62692f,d55b09060a85cf21dc9ba9ec362701aad3170dc5,2026-07-16,2026-07-26
FL,"Gulf Coast Optometry, P.A., D.Ba. Global Care Optometry",EUSTIS,2025-07-01,2025-07-30,2,unknown,,0,0,1,https://reactwarn.floridajobs.org/WarnList/,09bb963da987d9d87193ef40d33f5c3d87577d89197a66293898149b,dece69208bffd1021345ce58499bbb753b692af8,2026-07-16,2026-07-26
FL,"Gulf Coast Optometry, P.A., D.Ba. Global Care Optometry",CAPE CORAL,2025-07-01,2025-07-30,2,unknown,,0,0,1,https://reactwarn.floridajobs.org/WarnList/,638c37c8e4bd90e99315447fadc9c2510a7d6201f52872f715c97db8,e34c4b84fe52f78dcedaa818c6e7257eb032bb42,2026-07-16,2026-07-26
FL,"Gulf Coast Optometry, P.A., D.Ba. Global Care Optometry",LARGO,2025-07-01,2025-07-30,2,unknown,,0,0,1,https://reactwarn.floridajobs.org/WarnList/,4dbb51a354b2989b1894df820507d5f31972f849821a14a152f38256,e8b3a1c88ed9021c9c660a67daedd1b118b82b0c,2026-07-16,2026-07-26
FL,"Gulf Coast Optometry, P.A., D.Ba. Global Care Optometry",CARROLLWOOD,2025-07-01,2025-07-30,2,unknown,,0,0,1,https://reactwarn.floridajobs.org/WarnList/,c7ce54b8359fe6c295bdd94343187d7b7d00a5b3a1597cfdd01be536,f0128acc983c1f5691c1621641faff27fa34d59a,2026-07-16,2026-07-26
FL,"Gulf Coast Optometry, P.A., D.Ba. Global Care Optometry",TAMPA,2025-07-01,2025-07-30,2,unknown,,0,0,1,https://reactwarn.floridajobs.org/WarnList/,b0641df095b7bcc4f2ddf6da884a2658ba569dd7f5a4ed1c8d299b79,f9b4c6cf3b16cca4428d7da339c372f63c0e636f,2026-07-16,2026-07-26
FL,"Pourlessoins, LLC d/b/a Synergy Health Services and Zomleben, LLC d/b/a Synergy Healthcare Solutions",TAVARES,2025-07-02,2025-08-31,1,unknown,,0,0,1,https://reactwarn.floridajobs.org/WarnList/,c7b3aabbaf677ade1b0b932368ba44cc323090fe31238b3840d05f32,0278eecb8654b7a7593c13f19b18d8a7ece99c82,2026-07-16,2026-07-26
FL,"Pourlessoins, LLC d/b/a Synergy Health Services and Zomleben, LLC d/b/a Synergy Healthcare Solutions",KISSIMMEE,2025-07-02,2025-08-31,2,unknown,,0,0,1,https://reactwarn.floridajobs.org/WarnList/,52515e1b8a042be8039470ba02684c622f65824c835b55283e08b093,06a6518a3646dc2038d5474bbe066fa8d9c5f4a8,2026-07-16,2026-07-26
FL,"Pourlessoins, LLC d/b/a Synergy Health Services and Zomleben, LLC d/b/a Synergy Healthcare Solutions",SORRENTO,2025-07-02,2025-08-31,3,unknown,,0,0,1,https://reactwarn.floridajobs.org/WarnList/,520691b0e57e8bfa13284ce1c2cb68926ef8a7eda996afc73d6e00c1,1be7546a44b36585e041488bd9e1622440cbcfdc,2026-07-16,2026-07-26
FL,"Pourlessoins, LLC d/b/a Synergy Health Services and Zomleben, LLC d/b/a Synergy Healthcare Solutions",TAMPA,2025-07-02,2025-08-31,1,unknown,,0,0,1,https://reactwarn.floridajobs.org/WarnList/,f79d55bad53d13d40c6ac379ac3c77f856398a4adae805841cfa6543,33758e07fe993b9ce03746786565dae109240ba8,2026-07-16,2026-07-26
FL,"Pourlessoins, LLC d/b/a Synergy Health Services and Zomleben, LLC d/b/a Synergy Healthcare Solutions",WINTER HAVEN,2025-07-02,2025-08-31,1,unknown,,0,0,1,https://reactwarn.floridajobs.org/WarnList/,ca6e8817dfddcd2b89f416d2cff4084e3ed5b3b5fd724b4aaf0bf57d,3d8f4d42e0f1051b39ca3ef79f37255148f3d0b4,2026-07-16,2026-07-26
FL,"Pourlessoins, LLC d/b/a Synergy Health Services and Zomleben, LLC d/b/a Synergy Healthcare Solutions",JACKSONVILLE,2025-07-02,2025-08-31,1,unknown,,0,0,1,https://reactwarn.floridajobs.org/WarnList/,431d219f4bb7ccdd5274e039a442c9aad8f5f45b92bcccbee352ce49,581566c01e0914bd459216372edad9b5f37b4608,2026-07-16,2026-07-26
FL,"Pourlessoins, LLC d/b/a Synergy Health Services and Zomleben, LLC d/b/a Synergy Healthcare Solutions",SAINT AUGUSTINE,2025-07-02,2025-08-31,1,unknown,,0,0,1,https://reactwarn.floridajobs.org/WarnList/,a408c1df5922197e532cbc1bc80f021f709c404fc53ede6a17683a96,58c81e79fdcb66dc3667aa3ed2b9a7340c31f6a8,2026-07-16,2026-07-26
FL,"Pourlessoins, LLC d/b/a Synergy Health Services and Zomleben, LLC d/b/a Synergy Healthcare Solutions",PANAMA CITY,2025-07-02,2025-08-31,1,unknown,,0,0,1,https://reactwarn.floridajobs.org/WarnList/,34d7eb9e89e7c9b170f54eaadd4a601c4ef68d2ecf8e0ae773c3784a,5c74e3b74b19c964a12e604895b2dc347a105b7c,2026-07-16,2026-07-26
FL,"Pourlessoins, LLC d/b/a Synergy Health Services and Zomleben, LLC d/b/a Synergy Healthcare Solutions",LAKE MARY,2025-07-02,2025-08-31,1,unknown,,0,0,1,https://reactwarn.floridajobs.org/WarnList/,e21078bb4c95fc326003786f0e337edb2f9e29683b2676f9716c70db,63c04844084cac1f49c68d005555e46822e80fe3,2026-07-16,2026-07-26
FL,"Pourlessoins, LLC d/b/a Synergy Health Services and Zomleben, LLC d/b/a Synergy Healthcare Solutions",LAKE CITY,2025-07-02,2025-08-31,1,unknown,,0,0,1,https://reactwarn.floridajobs.org/WarnList/,30f8d80453d299116b57d4f19afe1706b24ddb456a1c5f0d4fd4bcff,646ce3b96921b97443149f909e75f0cffce5fac7,2026-07-16,2026-07-26
FL,"Pourlessoins, LLC d/b/a Synergy Health Services and Zomleben, LLC d/b/a Synergy Healthcare Solutions",APOPKA,2025-07-02,2025-08-31,2,unknown,,0,0,1,https://reactwarn.floridajobs.org/WarnList/,97f881d7d43668d10f21213b213799b590023c2ecda576e463872582,6b1103ca4c4b6c7471656f225403a39a58e8723b,2026-07-16,2026-07-26
FL,"Pourlessoins, LLC d/b/a Synergy Health Services and Zomleben, LLC d/b/a Synergy Healthcare Solutions",MOUNT DORA,2025-07-02,2025-08-31,2,unknown,,0,0,1,https://reactwarn.floridajobs.org/WarnList/,e6a831891478bfe10255e17de2c70408dcb9662697c6bab6ce280641,82e7c07e25a07a5d7d3f005f1f04daf284aca1e8,2026-07-16,2026-07-26
FL,"Pourlessoins, LLC d/b/a Synergy Health Services and Zomleben, LLC d/b/a Synergy Healthcare Solutions",TALLAHASSEE,2025-07-02,2025-08-31,1,unknown,,0,0,1,https://reactwarn.floridajobs.org/WarnList/,a4f9d6b39b93264b1e064f31a6573da5c73e1faae7b3aa2c0103044c,923a568e5d6919fe19f7b56539854dc66cebe3fe,2026-07-16,2026-07-26
FL,"Pourlessoins, LLC d/b/a Synergy Health Services and Zomleben, LLC d/b/a Synergy Healthcare Solutions",OCOEE,2025-07-02,2025-08-31,1,unknown,,0,0,1,https://reactwarn.floridajobs.org/WarnList/,25476d29e43736ad3eee63f5f2b360441cb83e06acd173e429500401,94305463cc7d0ad2cf04e47bb3e929fa06bf6758,2026-07-16,2026-07-26
FL,"Pourlessoins, LLC d/b/a Synergy Health Services and Zomleben, LLC d/b/a Synergy Healthcare Solutions",DAYTONA BEACH,2025-07-02,2025-08-31,1,unknown,,0,0,1,https://reactwarn.floridajobs.org/WarnList/,407d08526725deedb5d42cc494f4ae4bf48d00a048b1690920f5ffa9,9f90a59697e07112ef7048cf9faef1a565d45749,2026-07-16,2026-07-26
FL,"Pourlessoins, LLC d/b/a Synergy Health Services and Zomleben, LLC d/b/a Synergy Healthcare Solutions",SANFORD,2025-07-02,2025-08-31,1,unknown,,0,0,1,https://reactwarn.floridajobs.org/WarnList/,46f32b0acba27f12191f6783d10638c8728c12a11e113cbbdcacbb2c,bba4c55dd6e62cd1d62a2592e958331a186a2fda,2026-07-16,2026-07-26
FL,"Pourlessoins, LLC d/b/a Synergy Health Services and Zomleben, LLC d/b/a Synergy Healthcare Solutions",WINTER PARK,2025-07-02,2025-08-31,3,unknown,,0,0,1,https://reactwarn.floridajobs.org/WarnList/,c877b59a13c2b784c349b0a2e85b3ee9cf8328e42d6862caae90eae7,bca535c03f76c03144150640858d88d35ffc918b,2026-07-16,2026-07-26
FL,"Pourlessoins, LLC d/b/a Synergy Health Services and Zomleben, LLC d/b/a Synergy Healthcare Solutions",MILTON,2025-07-02,2025-08-31,2,unknown,,0,0,1,https://reactwarn.floridajobs.org/WarnList/,9eb26ade450324297c4072635f79550fcdcfc485b25ac021f100a9fb,ca35584531a7e59bade6c6fe4ccc76e7ccb79bd6,2026-07-16,2026-07-26
FL,"Pourlessoins, LLC d/b/a Synergy Health Services and Zomleben, LLC d/b/a Synergy Healthcare Solutions",LONGWOOD,2025-07-02,2025-08-31,2,unknown,,0,0,1,https://reactwarn.floridajobs.org/WarnList/,c0ed2c5d232985286fab87794c1cf077c296556c5478d51e005af01b,cad6732e1cd8f24de7702ad93560bfb035c2c493,2026-07-16,2026-07-26
FL,"Pourlessoins, LLC d/b/a Synergy Health Services and Zomleben, LLC d/b/a Synergy Healthcare Solutions",VERO BEACH,2025-07-02,2025-08-31,1,unknown,,0,0,1,https://reactwarn.floridajobs.org/WarnList/,b7d2a67efad563c34ce33782fdab2100ba6dabbb6313b78e2409cc1e,d1f8b6b8fb4ec789e27c60dd2ecc5236f5320e02,2026-07-16,2026-07-26
FL,"Pourlessoins, LLC d/b/a Synergy Health Services and Zomleben, LLC d/b/a Synergy Healthcare Solutions",ZELLWOOD,2025-07-02,2025-08-31,1,unknown,,0,0,1,https://reactwarn.floridajobs.org/WarnList/,bd3aa51a32e3a94f02403680fc01b31b7db409a15d78419d509a70bf,dbb56e2d09d9114f732e06ef11830ffa2734df38,2026-07-16,2026-07-26
FL,"Pourlessoins, LLC d/b/a Synergy Health Services and Zomleben, LLC d/b/a Synergy Healthcare Solutions",WINTER SPRINGS,2025-07-02,2025-08-31,3,unknown,,0,0,1,https://reactwarn.floridajobs.org/WarnList/,7011a6baa978e8dc62a2c4c53fb73d3daaa88427d6a9d7825ee91578,dc803503a8c1cae7cb6446cd78c3060b671596ff,2026-07-16,2026-07-26
FL,"Pourlessoins, LLC d/b/a Synergy Health Services and Zomleben, LLC d/b/a Synergy Healthcare Solutions",ALTAMONTE SPRINGS,2025-07-02,2025-08-31,2,unknown,,0,0,1,https://reactwarn.floridajobs.org/WarnList/,bdca264e2f560fec957854e0ae0aa6dd7c0078f8cf3c0d05697c674a,e22f257a0cf53412a0cd911b95d557d1895a0ee0,2026-07-16,2026-07-26
FL,"Pourlessoins, LLC d/b/a Synergy Health Services and Zomleben, LLC d/b/a Synergy Healthcare Solutions",ORLANDO,2025-07-02,2025-08-31,6,unknown,,0,0,1,https://reactwarn.floridajobs.org/WarnList/,8e4ce7d10715a9fdacca35c6ef7c6e5f4347132eefc14f625bdc58c7,e49d9d94dfc17121ad53b10525c7a29da94d61a1,2026-07-16,2026-07-26
FL,"Pourlessoins, LLC d/b/a Synergy Health Services and Zomleben, LLC d/b/a Synergy Healthcare Solutions",DUNNELLON,2025-07-02,2025-08-31,1,unknown,,0,0,1,https://reactwarn.floridajobs.org/WarnList/,06932e1ef6666f51e74b995c76c566e4106c876740fa9ef2c2b1c00c,e7ffe1622047ef8a1704a21f34fe209a90de5a91,2026-07-16,2026-07-26
FL,"Pourlessoins, LLC d/b/a Synergy Health Services and Zomleben, LLC d/b/a Synergy Healthcare Solutions",DELTONA,2025-07-02,2025-08-31,3,unknown,,0,0,1,https://reactwarn.floridajobs.org/WarnList/,8907b37bacfffabfc113b836fd064cabcbad044d7554cb521ee5b218,f8f86cec8635ca02e5722fd8fa801380f73645c2,2026-07-16,2026-07-26
FL,"QB Intermediate Holdings, LLC, Quality Built, LLC, Foresite Technology Solutions, LLC (f/k/a QB Technology Co., LLC), SMC Systems LLC (d/b/a SkyeTec), SkyeTec Engineering Services, LLC, and DuctTesters, Inc.",FORT LAUDERDALE,2025-07-07,2025-07-03,50,unknown,,0,0,1,https://reactwarn.floridajobs.org/WarnList/,bfb062b1794bf27ee0c7989e7b390ecffc3f65c5471666a54b2538d8,0b1cf0821617f3c2fe237ea1c53e005822a8ff26,2026-07-16,2026-07-26
FL,"QB Intermediate Holdings, LLC, Quality Built, LLC, Foresite Technology Solutions, LLC (f/k/a QB Technology Co., LLC), SMC Systems LLC (d/b/a SkyeTec), SkyeTec Engineering Services, LLC, and DuctTesters, Inc.",JACKSONVILLE,2025-07-07,2025-07-03,20,unknown,,0,0,1,https://reactwarn.floridajobs.org/WarnList/,2d3d2b6d4911f52caa4d931c4629d30ddeb310c53d9a8214f409b408,d79316446355de4062c9ae5ff249a3393fd87a58,2026-07-16,2026-07-26
FL,Sofgen Pharmaceuticals LLC,RIVIERA BEACH,2025-07-07,2025-09-11,45,unknown,,0,0,1,https://reactwarn.floridajobs.org/WarnList/,8dbd0851e951addbaf4dd5101d638786bf72b95a7c3b08e364175d27,f61c0c35cff43af4fd28f3d97f1b4e0e639f4511,2026-07-16,2026-07-26
FL,KIRA Services LLC and KIRA Training Services,JACKSONVILLE,2025-07-16,2025-08-11,6,unknown,,0,0,1,https://reactwarn.floridajobs.org/WarnList/,828c3d3e80ed34f1e94496d49ac9a193c0979b8c5c86db08e5918f4a,4ea42af3fff59fa9c41e82699160ea9a13fd1167,2026-07-16,2026-07-26
FL,KIRA Services LLC and KIRA Training Services,ALTOONA,2025-07-16,2025-08-11,14,unknown,,0,0,1,https://reactwarn.floridajobs.org/WarnList/,e55e3583ef2eba809f2d477dab99fb589d65a348016c6f9dcdda6864,8495ee65144a95690574bf06390c1e5956b51ef8,2026-07-16,2026-07-26
FL,KIRA Services LLC and KIRA Training Services,DUNNELLON,2025-07-16,2025-08-11,1,unknown,,0,0,1,https://reactwarn.floridajobs.org/WarnList/,3a9272dc987dcb8112df793dda560de7bd0602c6b196971977f4edbd,b8831722e15b07e8145a4e9c3dc5e8ba16f7b213,2026-07-16,2026-07-26
FL,KIRA Services LLC and KIRA Training Services,KEY WEST,2025-07-16,2025-08-11,8,unknown,,0,0,1,https://reactwarn.floridajobs.org/WarnList/,e33f221a6cffd32ca99b4db5477de500edd8361fcecf7ef46bec6363,f22851ec75aeba2c743801182defa061af495083,2026-07-16,2026-07-26
FL,"Mizkan America, Inc",LAKE ALFRED,2025-07-17,2025-09-19,57,unknown,,0,0,1,https://reactwarn.floridajobs.org/WarnList/,8094668c8753597c4741e8c14b9a3110266785e9b1b0a9d6d439af01,0fc0540e9b687cc619da063eb2b67feba655152a,2026-07-16,2026-07-26
FL,Materia Group Corporation,BOCA RATON,2025-07-28,2025-08-01,77,unknown,,0,0,1,https://reactwarn.floridajobs.org/WarnList/,8464ea6f8a70166a4e480efaa941f9ebef8e1682b82941077aad664c,838ec1a79bfb92facf1a96f9a0e2233d4a45c5fa,2026-07-16,2026-07-26
FL,Carroll Fulmer Logistics Corporation,GROVELAND,2025-07-29,2025-09-27,330,unknown,,0,0,1,https://reactwarn.floridajobs.org/WarnList/,e1bcceaf46076132a070ef0a5601fbe750149a7de9eb7ede19a7279e,09dccb309827a05d007c255f3d3921186d555ad5,2026-07-16,2026-07-26
FL,"MV Transportation, Inc",NAPLES,2025-07-31,2025-09-30,146,unknown,,0,0,1,https://reactwarn.floridajobs.org/WarnList/,b7a13ee3200791913ba46883f1510becb651f25ac55d4ae12cea9ede,3e57f265b2bbcd86c53e87da44d50e274824ae61,2026-07-16,2026-07-26
FL,BayFirst National Bank,SAINT PETERSBURG,2025-08-04,2025-08-04,73,unknown,,0,0,1,https://reactwarn.floridajobs.org/WarnList/,f555decb3197d1643458fcbf298d97d909ec1717c2b8793ef354d2af,6a78686d56ae60e8cb5313479ec158df0b4cd678,2026-07-16,2026-07-26
FL,"LGSTX Distribution Services, Inc",ORLANDO,2025-08-06,2025-10-05,26,unknown,,0,0,1,https://reactwarn.floridajobs.org/WarnList/,11f6651aa2b0d515369e0a7099b63a2108146678179de301fefddcca,f14a00f5ce4b507a190d00a46b9897e803785f55,2026-07-16,2026-07-26
FL,Marriott Vacations Worldwide,LAKELAND,2025-08-08,2025-10-07,136,unknown,,0,0,1,https://reactwarn.floridajobs.org/WarnList/,17356ab8e3bb34e3565de4df1778c2ab96ed5c8dc655b1001af09341,f1fdef50f07ec5a6c615a021da4f8fceb357304b,2026-07-16,2026-07-26
FL,"Pasa Services, Inc. d/b/a Flamingo Graphics",OPA LOCKA,2025-08-08,2025-10-09,36,unknown,,0,0,1,https://reactwarn.floridajobs.org/WarnList/,f0c82db4be7a473f0d8b932aac2b96ad7b3a9c88415a44f08bc0bc7b,5900353a7e0110e6419cc3acb7d5c9548cc1427f,2026-07-16,2026-07-26
FL,"Block, Inc.",APOPKA,2025-08-12,2025-08-12,1,unknown,,0,0,1,https://reactwarn.floridajobs.org/WarnList/,176a8b532626bf6f416677adc0c4da9984d466095dc50bcda2239bf5,891bfa60da0e013e6e3208369662920af50b52b6,2026-07-16,2026-07-26
FL,General Dynamics Information Technology,DORAL,2025-08-18,2025-10-24,151,unknown,,0,0,1,https://reactwarn.floridajobs.org/WarnList/,7fc54d300e07b8e89e1f69530491d34a6086a7eadbe2771d1539306a,6881346e1e2db8baf3383bbbbf398dd8a1cdc8d5,2026-07-16,2026-07-26
FL,"Promises Behavioral Health, LLC",ORMOND BEACH,2025-08-18,2025-08-18,64,unknown,,0,0,1,https://reactwarn.floridajobs.org/WarnList/,e7dd86270880cddca3993cc8f513b1f1300b5d6d95edc2ebae2f4f96,ed9cc45700464d5aae8f41316df062e6b961fdeb,2026-07-16,2026-07-26
FL,"Zeco Systems, Inc.",JACKSONVILLE BEACH,2025-08-18,2025-10-04,1,unknown,,0,0,1,https://reactwarn.floridajobs.org/WarnList/,9355d30a5ec4cf51735fabee004ac8d7c2dcee713fab39a3a9064963,162de34e7cb3a7892e9d4055e59c0ed2d0d3199f,2026-07-16,2026-07-26
FL,"Zeco Systems, Inc.",SAINT JOHNS,2025-08-18,2025-10-04,1,unknown,,0,0,1,https://reactwarn.floridajobs.org/WarnList/,fdf455d1732d6c433c1bae3de5ab5a8ce527034e41295970602d71b4,4ee621277358f3215c3e45b50c716a3a5966c931,2026-07-16,2026-07-26
FL,"Zeco Systems, Inc.",FORT LAUDERDALE,2025-08-18,2025-10-04,1,unknown,,0,0,1,https://reactwarn.floridajobs.org/WarnList/,2c24e9143145d9b2f80dde8190d18cc12c88baa2e9b136bb4dbee81b,b853f5551f917dbc35938f23f440ecdf18f233ba,2026-07-16,2026-07-26
FL,"Zeco Systems, Inc.",MILTON,2025-08-18,2025-10-04,1,unknown,,0,0,1,https://reactwarn.floridajobs.org/WarnList/,0f563a5a2dce750b9390ff1a20ffed9c61a646a971dc29db88fd8508,baafb9eaec644a020e4b7ef26f9c9a2c2a46fe6c,2026-07-16,2026-07-26
FL,"Tata Consultancy Services, Ltd",JACKSONVILLE,2025-08-19,2025-10-18,58,unknown,,0,0,1,https://reactwarn.floridajobs.org/WarnList/,6939ca03d32b65c14bdf9ca4bfe7c19910bae33a867b1d0c4807f080,7e88bb2b3d45c528d749f336713a4281a95ce723,2026-07-16,2026-07-26
FL,Havana Harry's,CORAL GABLES,2025-08-28,2025-08-24,28,unknown,,0,0,1,https://reactwarn.floridajobs.org/WarnList/,f59a4293b87780e28789c27f425444df99ee1a857096a6e61ef754f1,83fce7bc2415b27f277a1789954383c0b9e0503c,2026-07-16,2026-07-26
FL,Guide to Insure,TAMPA,2025-08-29,2025-08-29,76,unknown,,0,0,1,https://reactwarn.floridajobs.org/WarnList/,f1cb446241a45cb4ab354b91c419747e80979cabf698ed755b482de4,1c7c37ac69a641ab341b5abc858d00c3b6e6fe70,2026-07-16,2026-07-26
FL,"PGT Industries, LLC’s",MEDLEY,2025-09-02,2025-11-01,60,unknown,,0,0,1,https://reactwarn.floridajobs.org/WarnList/,ee805d34ee452ee5ff0f366629ac6f41e1e3e70ebd52a8dfa2d2742b,04b94bd9daad60de608e8a5c6da0bda6ed18a45d,2026-07-16,2026-07-26
FL,"PGT Industries, LLC’s",HIALEAH,2025-09-02,2025-11-01,382,unknown,,0,0,1,https://reactwarn.floridajobs.org/WarnList/,1459c6f896c20a2847de19f95eb5bd8095efecb174f957cc93e42515,8648245f2de3f819fea38facb822c41b9910fb39,2026-07-16,2026-07-26
FL,CyraCom International Inc,TAMPA,2025-09-04,2025-11-01,150,unknown,,0,0,1,https://reactwarn.floridajobs.org/WarnList/,b9bfbbadec4d120c7fb1ab9f5b5ac78acec73b04686369ed8cf325c9,ce6c87e799a89ac724a1ca6f0b6b8636a8a48647,2026-07-16,2026-07-26
FL,Essendant,ORLANDO,2025-09-04,2025-12-31,73,unknown,,0,0,1,https://reactwarn.floridajobs.org/WarnList/,afed2997f0c30ebb499a52eaf370e8d35d5ab350b8909d024fe77a65,7d6114bdbb65014d410f8fcf7d3e645ad8829d13,2026-07-16,2026-07-26
FL,Jewish Community Center and Federation,TAMPA,2025-09-12,2025-10-24,61,unknown,,0,0,1,https://reactwarn.floridajobs.org/WarnList/,da0b9d0c901e25865da473ce488fc3db0f94767de3fd45cf0ce3e603,ee94cfd9d6904c4fc4845c4747a97de74e407de9,2026-07-16,2026-07-26
FL,"Lazydays Holdings, Inc.",TAMPA,2025-09-16,2025-11-16,76,unknown,,0,0,1,https://reactwarn.floridajobs.org/WarnList/,f83d4c4e6239812be4c8ad48cb3623475d4e6b891106ab84ea017767,9f7b6b8820b54c65fc58f2e0f7263d2b2c27a4cd,2026-07-16,2026-07-26
FL,"Boston Whaler, Inc.",FLAGLER BEACH,2025-09-17,2026-01-16,272,unknown,,0,0,1,https://reactwarn.floridajobs.org/WarnList/,cc203ed7b45165ddd4502589308eae0fb6c88387b7ad3e85af3e3f7b,5c9f2b18d0c5dad099cf6d1eb3756234370a3de2,2026-07-16,2026-07-26
FL,Spirit Airlines,ORLANDO,2025-09-25,2025-12-01,350,unknown,,0,0,1,https://reactwarn.floridajobs.org/WarnList/,916198543da6825ec2ffc1fdc731af5c1fe1d63a4acdd878d89071ce,31e7a79229f83a524eedcb44326f2b1a45c2d581,2026-07-16,2026-07-26
FL,Spirit Airlines,MIAMI,2025-09-25,2025-12-01,71,unknown,,0,0,1,https://reactwarn.floridajobs.org/WarnList/,c7467c2d6b8c879d87bb678816ea70f6c98babaea19626fee1adfe29,cbac5e2f6a0b8116bc3faab5f566bf6b9169f557,2026-07-16,2026-07-26
FL,Spirit Airlines,FORT LAUDERDALE,2025-09-25,2025-12-01,309,unknown,,0,0,1,https://reactwarn.floridajobs.org/WarnList/,e19ac7bb3706f0a36f5edaae8647674ef5a08606e52d0fc83be18d08,eec8e6403d7969cf8819f776a33261f21de25a10,2026-07-16,2026-07-26
FL,MS Leisure Company,MIAMI,2025-09-26,2025-11-25,129,unknown,,0,0,1,https://reactwarn.floridajobs.org/WarnList/,5f0de7453255a0bfe62ad829dcbcbd35c6fdb7c9ea8285fd6cb6c52b,cd9854df482f7690cd2db643e921c1f548672711,2026-07-16,2026-07-26
FL,Roll-N-Lock Corporation,POMPANO BEACH,2025-09-30,2025-12-30,73,unknown,,0,0,1,https://reactwarn.floridajobs.org/WarnList/,73bb5591b566a1e33ad1179f79522f359daa936a6bca9d8ab592d445,c6c9e57db5ca0b731a11e13fc57e81c753daf75b,2026-07-16,2026-07-26
FL,Spirit Airlines,FORT LAUDERDALE,2025-09-30,2025-12-01,100,unknown,,0,0,1,https://reactwarn.floridajobs.org/WarnList/,f82a9b4a0b4e41724e99f8dc7536d65e44b24758d3863fa658409ffa,b28a74f0ffad83c502657f0247b6ab2de90ede3b,2026-07-16,2026-07-26
FL,ID Logistics,SAINT PETERSBURG,2025-10-02,2025-12-14,55,unknown,,0,0,1,https://reactwarn.floridajobs.org/WarnList/,d84eb29264ffd69dddaaceb7a648a56e30958e06e880ff8d122fc6a1,30fff743e9e6ee097d331cf76d095df6045eb96d,2026-07-16,2026-07-26
FL,Sentara Health,DORAL,2025-10-03,2025-12-05,80,unknown,,0,0,1,https://reactwarn.floridajobs.org/WarnList/,f25065e1641f7c896c4c399b03205b9a5ff22d797016629ec3c4e6f5,ed79057fc5e98d625d93fb91d07fe3696db593fc,2026-07-16,2026-07-26
FL,"Simply IOA, LLC",LONGWOOD,2025-10-07,2025-12-02,66,unknown,,0,0,1,https://reactwarn.floridajobs.org/WarnList/,2b878930435b2ed29541c932f8ac6275bd0f13a8e6389f40cda39447,ecb798d2bf38774bf8a7a375de1794e88c6337c7,2026-07-16,2026-07-26
FL,RGNext,PATRICK SFB,2025-10-10,2025-11-30,228,unknown,,0,0,1,https://reactwarn.floridajobs.org/WarnList/,5e4c0e164eec74e79973ddfeabe0f1bfba638c717423a6aeb6507ca7,3950739410ee8dc2c2b9aeb1f95dbdd75cebe76e,2026-07-16,2026-07-26
FL,RGNext,CAPE CANAVERAL,2025-10-10,2025-11-30,255,unknown,,0,0,1,https://reactwarn.floridajobs.org/WarnList/,37a29004b198b427d11481f7adcc9dc63d5a623fc192d5dea1ce6c5c,7b6ad2b1f2a5836c7ba3ce940a9a7cbd6f035fe9,2026-07-16,2026-07-26
FL,RGNext,MERRITT ISLAND,2025-10-10,2025-11-30,22,unknown,,0,0,1,https://reactwarn.floridajobs.org/WarnList/,55bd9b2074bf83e8ad84f1fdfa97fd1a47e8599e2480bf70d5212264,af4664f4c9f51ca3cb3c3bdc1180ad5f732edc54,2026-07-16,2026-07-26
FL,"Reworld Projects, LLC",SAINT PETERSBURG,2025-10-10,2025-12-31,70,unknown,,0,0,1,https://reactwarn.floridajobs.org/WarnList/,4bc96d087168aab77e628dab6938582185dc4d53067878985aa52d47,5077a7cc6660dc1a108e737b9595d938076023e3,2026-07-16,2026-07-26
FL,"ONX, Inc.",HOMESTEAD,2025-10-14,2025-12-14,107,unknown,,0,0,1,https://reactwarn.floridajobs.org/WarnList/,2972194a8a95b125b32c90de41e14b1719e631d7baa2e89c688db014,6110c09e3433cbb1c5dd6944ba5e196c277f81b5,2026-07-16,2026-07-26
FL,"ONX, Inc.",POMPANO BEACH,2025-10-14,2025-12-14,30,unknown,,0,0,1,https://reactwarn.floridajobs.org/WarnList/,40c29504ca77839655f2e5012b86b12ee3ab56cebb11604ee09cda3d,907f930dd30678d7f98dde030872b936420900e6,2026-07-16,2026-07-26
FL,"Republic Services, Inc",HUDSON,2025-10-16,2025-12-31,72,unknown,,0,0,1,https://reactwarn.floridajobs.org/WarnList/,91d62598e6bcb04ca03a324c34816d2872b232f1852ea37c1fa1dfec,ad76a56ce4b8f99c2258b620f4fe1cfb24f85f57,2026-07-16,2026-07-26
FL,"Heinlein Foods USA, Inc.",DELRAY BEACH,2025-10-17,2025-10-19,72,unknown,,0,0,1,https://reactwarn.floridajobs.org/WarnList/,b5baaae0307c9b7d5f5397e6d7853059c5fec5b3f3c9d18a557733f9,535730eeab39b6be6819030b2a7e213885e91206,2026-07-16,2026-07-26
FL,"Niagara Bottling, LLC",OCALA,2025-10-21,2025-12-31,85,unknown,,0,0,1,https://reactwarn.floridajobs.org/WarnList/,923ef208cf192a55f03db3e8e4b3a9314994f6154ec6f95562facc31,e25bb92a69d9c1de3be94699f04e773a2d307614,2026-07-16,2026-07-26
FL,Eulen Aviation,MIAMI,2025-10-23,2025-12-06,100,unknown,,0,0,1,https://reactwarn.floridajobs.org/WarnList/,6e22f68ac6652d9598df2b766a14cc4f8c1102745c3ed1849b6897ec,10ae67b78cce4e6119d6abf955d0bd1e095f3dcc,2026-07-16,2026-07-26
FL,Hudson,ORLANDO,2025-10-24,2025-12-28,14,unknown,,0,0,1,https://reactwarn.floridajobs.org/WarnList/,1256c162ed31b6875662488232a51b5a9be2f0464ba85ec3d2f139b7,67b87479392f0e005ef69c9dd1410ed31fa5d293,2026-07-16,2026-07-26
FL,North Florida Surgeons Orthopaedic Associates,PANAMA CITY,2025-10-30,2025-12-29,82,unknown,,0,0,1,https://reactwarn.floridajobs.org/WarnList/,6e1dee9fecc1940b083e8c9799ce621b483c4683fed8d4d22975c131,69e1f887f8baf8df9a07688820f1caa332008370,2026-07-16,2026-07-26
FL,"Marvin Lumber and Cedar Company, LLC.",WEST PALM BEACH,2025-11-03,2026-04-17,167,unknown,,0,0,1,https://reactwarn.floridajobs.org/WarnList/,aea0740f164939dc1ef852b2efc022187cad65c201eeb7909a8bb99c,a01ab50f0f3152e996c86db58f63d72b3068d7de,2026-07-16,2026-07-26
FL,"Bambu Systems, LLC",WEST PALM BEACH,2025-11-04,2025-11-03,141,unknown,,0,0,1,https://reactwarn.floridajobs.org/WarnList/,679855d35e200506d122b7edc61a17d9fe98dd8064c1611a08d13640,bf4c52b0ed5b890675e4fab4fd4e86417db17fc5,2026-07-16,2026-07-26
FL,"Frito-Lay, Inc",ORLANDO,2025-11-04,2025-11-04,46,unknown,,0,0,1,https://reactwarn.floridajobs.org/WarnList/,fa14ddd95b66a523ae5abb6ccad76c0544cdf98617b3add5e359fe99,45624fae944fb47b31fba96f5918143a67f98dba,2026-07-16,2026-07-26
FL,"T&H Solutions, LLC",ORLANDO,2025-11-07,2025-11-30,4,unknown,,0,0,1,https://reactwarn.floridajobs.org/WarnList/,415b40fe90777da9427ba90f22f019eb1cb3822353541f6193b492e6,6edf61ad55cf614ef23781a023b1527ca2a54a69,2026-07-16,2026-07-26
FL,"Bechtel National, Inc.",MERRITT ISLAND,2025-11-11,2026-01-16,248,unknown,,0,0,1,https://reactwarn.floridajobs.org/WarnList/,8e7133b5401b1911014edf39e2a7ade611e102b55852f2e62fa430ab,5154357b454baa26c90fd72af5a54982f01ad098,2026-07-16,2026-07-26
FL,"Fanatics, LLC",RIVERVIEW,2025-11-14,2026-03-01,286,unknown,,0,0,1,https://reactwarn.floridajobs.org/WarnList/,50478174d81664d3ea532c88cb47c07fd4a9ed8eba60d071be670c15,05a87f35acda33b5c4ba7088efbbf938d2d8a4a2,2026-07-16,2026-07-26
FL,CNO Financial Group,ORLANDO,2025-11-18,2026-01-30,247,unknown,,0,0,1,https://reactwarn.floridajobs.org/WarnList/,311010f0aa2b91e9cddad4c2c1df1046761b04ffc6c22a1cd30fe62d,25e7fcede525f7cd9ba37b0db57bca38c0908786,2026-07-16,2026-07-26
FL,Hudson,ORLANDO,2025-11-18,2026-01-23,133,unknown,,0,0,1,https://reactwarn.floridajobs.org/WarnList/,2fcb7e1d9b475b81bc199c6ad4fb52b7a022dcb832111725cf6bb3d5,25d4d97d0c36e76f1a3b840b7d2e54e908734c07,2026-07-16,2026-07-26
FL,Kroger Fulfillment Network LLC,TAMPA,2025-11-18,2026-02-01,234,unknown,,0,0,1,https://reactwarn.floridajobs.org/WarnList/,ab59a794461af8be7deebbce08ec9b25ce3db7dbabb94bb922ae5cd3,30ddd9dc730205dccfd374aa8a39ebd3e4aa189e,2026-07-16,2026-07-26
FL,Kroger Fulfillment Network LLC,GROVELAND,2025-11-18,2026-02-01,935,unknown,,0,0,1,https://reactwarn.floridajobs.org/WarnList/,657de4d3f2a996c34c4c60ffc0b5ebaabb77dd5f3b51507030b10b2e,77985d59ee9b365956f1eacebe84be8a5523af9b,2026-07-16,2026-07-26
FL,Kroger Fulfillment Network LLC,ROCKLEDGE,2025-11-18,2026-02-01,53,unknown,,0,0,1,https://reactwarn.floridajobs.org/WarnList/,f0cac142a9029650fd3aefc3ab2e0e077f83332c2f5648f8a2099ce1,d41c9309d21ed362b3032fac3253465f00b59988,2026-07-16,2026-07-26
FL,"Kroger Fulfillment Network LLC,",JACKSONVILLE,2025-11-18,2026-02-01,181,unknown,,0,0,1,https://reactwarn.floridajobs.org/WarnList/,ed95d11f4dd86fe33dcf9d1520fb27724593b000ec3a4a02f66d1114,ccb762dc66d49d7513c881b4d8799356112ba462,2026-07-16,2026-07-26
FL,Nordstrom,CLEARWATER,2025-11-19,2026-03-01,1,unknown,,0,0,1,https://reactwarn.floridajobs.org/WarnList/,65b4f510504b03b3bb4ce3553dfffb1e9b654e8c33cca7ed015acdf1,365ba6b3f421166882789d9b02f9036047418300,2026-07-16,2026-07-26
FL,Nordstrom,SAINT PETERSBURG,2025-11-19,2026-03-01,1,unknown,,0,0,1,https://reactwarn.floridajobs.org/WarnList/,94e6b86adad7bb5e83981a19a03e2e5ba81687093fc88aa7dffef38d,b66c06e059ee7816007306707e729926a88d01f4,2026-07-16,2026-07-26
FL,Nordstrom,PUNTA GORDA,2025-11-19,2026-03-01,1,unknown,,0,0,1,https://reactwarn.floridajobs.org/WarnList/,50b35140374a1ccb464648df1d45ed0bd47891a909baea6f1442a61c,cfe0caeb9c9214d6cd56366440c6aa27eb687b73,2026-07-16,2026-07-26
FL,Nordstrom,ORLANDO,2025-11-19,2026-03-01,1,unknown,,0,0,1,https://reactwarn.floridajobs.org/WarnList/,3d78a2348dc01186c276c2cf128383a740b1cc6884655e6d6a1d4784,f482f15eb50c36c397f560ca5e137fd1f05f00df,2026-07-16,2026-07-26
FL,Invincible Boat Company,OPA LOCKA,2025-11-20,2026-01-20,80,unknown,,0,0,1,https://reactwarn.floridajobs.org/WarnList/,bd1002f2a2032784c8f173ec790ca92b06f6adfb364b90cbd5396a78,d324330286af7df28378bab2855247cc4f7ea79f,2026-07-16,2026-07-26
FL,"Sodexo, Inc and Affiliates",MIAMI,2025-11-22,2026-02-28,163,unknown,,0,0,1,https://reactwarn.floridajobs.org/WarnList/,ad985196a46cb84540692229b20244c67813924da01b5d264f61aaae,d1b226ef6d37480b4478e7b5a550ac951ffdbbb5,2026-07-16,2026-07-26
FL,Roads Express LLC,TAMPA,2025-12-01,2026-01-30,84,unknown,,0,0,1,https://reactwarn.floridajobs.org/WarnList/,6d5e7d207185eb67b00c279692cb343ce8e709094eb88af454d02e04,0b4b7294c56de3f1a5b1e1b9ef84c02eba8da0b0,2026-07-16,2026-07-26
FL,Tampa Bay Girls Academy,TAMPA,2025-12-09,2025-12-11,144,unknown,,0,0,1,https://reactwarn.floridajobs.org/WarnList/,be8457db52f02c04312a09253a1d1e8ce68c18071af8e35edf2432e0,e2d0612876755390e0b1ca0580ec1efcd4a2d1f7,2026-07-16,2026-07-26
FL,Avanti Installation,MEDLEY,2025-12-15,2026-02-15,14,unknown,,0,0,1,https://reactwarn.floridajobs.org/WarnList/,4c297f1ecdc154131e46a81928ef68d702f9c79dcd39184c0ad93d2a,7ff877f4cd1c5a170c919613a01c7daeae478c7b,2026-07-16,2026-07-26
FL,Avanti Installation,FORT MYERS,2025-12-15,2026-02-15,19,unknown,,0,0,1,https://reactwarn.floridajobs.org/WarnList/,cb163e9cc5da0aa240e1a0f4a2e5df928b850b6efd49dd71434ee38e,82d5eddeddaadeadcb736bf02cbcdc8d1c0a6677,2026-07-16,2026-07-26
FL,Avanti Installation,WEST PALM BEACH,2025-12-15,2026-02-15,19,unknown,,0,0,1,https://reactwarn.floridajobs.org/WarnList/,c297832ee33b8f94dfa37a76a36bb44488ef6285bd79dac41202fa62,ec0a2675796288cbbc79f6a60d14c2dbd25a51ee,2026-07-16,2026-07-26
FL,Ideal Image,TAMPA,2025-12-22,2026-02-20,255,unknown,,0,0,1,https://reactwarn.floridajobs.org/WarnList/,534a78cc3aaabb3c43f9b1b1939b9c73e1d94c7d2ed9573a789e7963,7163e68cd227d0661ab334d25100a5a8b4a821e8,2026-07-16,2026-07-26
FL,Railcrew Xpress,MULBERRY,2025-12-22,2026-02-27,24,unknown,,0,0,1,https://reactwarn.floridajobs.org/WarnList/,af1984ce4099923110cdbbca3b9d4594dba10a04a799583a2fe97228,20c772c2a0736399a4b2d7941c9130923c7d8bfe,2026-07-16,2026-07-26
FL,Railcrew Xpress,ORLANDO,2025-12-22,2026-02-27,7,unknown,,0,0,1,https://reactwarn.floridajobs.org/WarnList/,2e8bea2562b0522e54a8ea4d19671946d23c0ed948e069dc54f85aba,491a04a5155f4b71ab41c0f3b2d3b95e95f40403,2026-07-16,2026-07-26
FL,Railcrew Xpress,MIAMI,2025-12-22,2026-02-27,4,unknown,,0,0,1,https://reactwarn.floridajobs.org/WarnList/,f3087b86065249be4aeaaf57fee81080f0e63fe0a2ac2f5edbd68f25,bff071d0beecb189a7974d4f71b4bffba80aa89d,2026-07-16,2026-07-26
FL,Railcrew Xpress,TAMPA,2025-12-22,2026-02-27,10,unknown,,0,0,1,https://reactwarn.floridajobs.org/WarnList/,d18a2ad7a206bc27e67cdad58d4da35c5127962b4818effa1cd3073c,c80d428a6bf602a5b3098f66d1a21766c64025ee,2026-07-16,2026-07-26
FL,Railcrew Xpress,JACKSONVILLE,2025-12-22,2026-02-27,34,unknown,,0,0,1,https://reactwarn.floridajobs.org/WarnList/,9040765df5fb9befb022c0da45c2caf02c63c5591ce0449050c728f7,e27e9ec431df2bdc0fa4fe86c4a0adf5c1f7e73d,2026-07-16,2026-07-26
FL,Chemours,MACCLENNY,2026-01-05,2026-03-06,19,unknown,,0,0,1,https://reactwarn.floridajobs.org/WarnList/,df7dbdad62c60961cc1f18749c38b25da07b1b8bd641baf7955190ec,b14b143e3b9469dbe6f4d07d21940761d114c10a,2026-07-16,2026-07-26
FL,Chemours,STARKE,2026-01-05,2026-03-06,12,unknown,,0,0,1,https://reactwarn.floridajobs.org/WarnList/,be1d43703de48059228217d062814c9f991e982a86ac5fbbe747680f,d3f834d0791f1528bf42e984d7e90b36df5e4ccb,2026-07-16,2026-07-26
FL,SMBC MANUBANK,BONITA SPRINGS,2026-01-08,2026-03-10,1,unknown,,0,0,1,https://reactwarn.floridajobs.org/WarnList/,c05ffe6f8713268d90c7c7c32bc511f13d4d80b1aec50f15ee5a6c0d,38e6336646f93069d8a0c57b9735f9c1137bcdb8,2026-07-16,2026-07-26
FL,SMBC MANUBANK,PONTE VEDRA BEACH,2026-01-08,2026-03-10,1,unknown,,0,0,1,https://reactwarn.floridajobs.org/WarnList/,041f0844d1a6fda622f731857554d5d5aa80412fdeae45b376f1a8d0,5a55ad7f29cead3166f4ce9637da36eac9b89c6a,2026-07-16,2026-07-26
FL,SMBC MANUBANK,LAND O LAKES,2026-01-08,2026-03-10,1,unknown,,0,0,1,https://reactwarn.floridajobs.org/WarnList/,bccba2ad78fc9ebd7538efeb5724a57df8bcaf776b060b390509a2c8,6ae03c43d4d11b3d2089232745a26e606003b641,2026-07-16,2026-07-26
FL,SMBC MANUBANK,MIAMI,2026-01-08,2026-03-10,1,unknown,,0,0,1,https://reactwarn.floridajobs.org/WarnList/,d61fd7f3d702f92124a720d601182b677de11831fb594c66a7b52c2f,88635df58a904fa4d102c644e5103a38af015767,2026-07-16,2026-07-26
FL,SMBC MANUBANK,BRADENTON,2026-01-08,2026-03-10,1,unknown,,0,0,1,https://reactwarn.floridajobs.org/WarnList/,6ac4ecbda28eae89ac5c3bc7ec4aa535535f474d4e56c0ff53515dad,acd0d22b392749858309cc56eff703ce1df3a28b,2026-07-16,2026-07-26
FL,SMBC MANUBANK,ORLANDO,2026-01-08,2026-03-10,1,unknown,,0,0,1,https://reactwarn.floridajobs.org/WarnList/,3b2791cefbf2e6af9f92d3e7c205cdfbf9cb3a065ce7d979f71bbd7c,b08af59aac4bba7c232ccf64aad4b469e5651965,2026-07-16,2026-07-26
FL,SMBC MANUBANK,INDIALANTIC,2026-01-08,2026-03-10,1,unknown,,0,0,1,https://reactwarn.floridajobs.org/WarnList/,ed7f6f0abd2b8e6884269f8ec26fe9bc388e941671355c0025a8a5dd,b7b4fb4a4aca630fb13ca0a859d000a42e3adcd7,2026-07-16,2026-07-26
FL,SMBC MANUBANK,FORT MYERS,2026-01-08,2026-03-10,1,unknown,,0,0,1,https://reactwarn.floridajobs.org/WarnList/,aa67b03d604141538d4b6b3150c02b96161e4b9ec902ab660d78b53c,bc934bc9d958e0d985eb3d033ed3d2239bde1a8a,2026-07-16,2026-07-26
FL,SMBC MANUBANK,VALRICO,2026-01-08,2026-03-10,1,unknown,,0,0,1,https://reactwarn.floridajobs.org/WarnList/,38a1662bcb7178d440b6d08249b4f1d23039a99283ab156da752461e,bcb1357efa73b224c6fbc6203de0728be81b6049,2026-07-16,2026-07-26
FL,SMBC MANUBANK,MARCO ISLAND,2026-01-08,2026-03-10,1,unknown,,0,0,1,https://reactwarn.floridajobs.org/WarnList/,3406eb088cf5d434b5aa91e20f4f53e75f59eb84a25b22e7a4a1a8eb,e92bec3dbce88fe9448b35651bd7d07d8ad39bbd,2026-07-16,2026-07-26
FL,SMBC MANUBANK,JACKSONVILLE,2026-01-08,2026-03-10,4,unknown,,0,0,1,https://reactwarn.floridajobs.org/WarnList/,2e5df97e7ee752ebabdfdc255d664eb597d727a90ef7ac9ffd5705b8,f7d9987158b1dc6b88aa428a7185d7ec6ed6605b,2026-07-16,2026-07-26
FL,"Host International, Inc.",ORLANDO,2026-01-16,2026-01-30,92,unknown,,0,0,1,https://reactwarn.floridajobs.org/WarnList/,117773689f72a31c9f0ed763c8d0e35ad778bba4e1da61c8b2c7b715,645e4977e4a30e341b1ec8e8568323cfc1f2a85a,2026-07-16,2026-07-26
FL,"TelaForce, LLC",FORT WALTON BEACH,2026-01-19,2026-03-20,59,unknown,,0,0,1,https://reactwarn.floridajobs.org/WarnList/,27788c32230fd85f1d87d91585442a9d6bc79b35bd9df9057a16ca22,cb2ffbd3b4d2aec7048b2aa0f7f23192b736461b,2026-07-16,2026-07-26
FL,Aimbridge,MIAMI,2026-01-23,2026-03-24,66,unknown,,0,0,1,https://reactwarn.floridajobs.org/WarnList/,df73a8d147871d322bb0fd44dd37af82bd62b3c657886b98542c094b,6ec43834ddfee19f3cdf3828e44036e41e367a26,2026-07-16,2026-07-26
FL,"ECS Federal, LLC",ORLANDO,2026-01-23,2026-02-14,117,unknown,,0,0,1,https://reactwarn.floridajobs.org/WarnList/,03111db752178c5326ede7824ed7fb40507daf0dc8115039e7c42b85,a3ba5040143aa807170cdb9393d172227f3855f0,2026-07-16,2026-07-26
FL,"Paradies Lagardere FL EE Dining, LLC",ORLANDO,2026-01-23,2026-01-23,87,unknown,,0,0,1,https://reactwarn.floridajobs.org/WarnList/,acd7f561625cc0976e22c434b3adf60ae632a279445e6a18f49f1966,c116b9cdeb5f4a61175d43061920ce020e9a0d76,2026-07-16,2026-07-26
FL,Saks & Company LLC,MIRAMAR,2026-01-23,2026-03-27,74,unknown,,0,0,1,https://reactwarn.floridajobs.org/WarnList/,0252cde20059b831d47a2636d0020cfc2f2849443da2e12b54e2b821,017b44f3fba8851e610b002b1b50dccf34ea7ae6,2026-07-16,2026-07-26
FL,Naples Grande Beach Resort,NAPLES,2026-01-27,2026-04-03,235,unknown,,0,0,1,https://reactwarn.floridajobs.org/WarnList/,f4ee360eddfd862ef1285f4be26231b61ab2065426e43d6c779e242e,3ebf9731ca559ded7f43413bb1c57a9f1e84de10,2026-07-16,2026-07-26
FL,Bahama Breeze,KISSIMMEE,2026-02-03,2026-04-05,75,unknown,,0,0,1,https://reactwarn.floridajobs.org/WarnList/,de9f461b890bec1c73b3abc9b30b75f70e4ba5b117bb4a1b0762d523,14130d61ad50dd65b8c787456548381627734e01,2026-07-16,2026-07-26
FL,Bahama Breeze,MIAMI,2026-02-03,2026-04-05,77,unknown,,0,0,1,https://reactwarn.floridajobs.org/WarnList/,30bc7a21c46dfd8c13613126fe0aaec399b65a8a08e7c09fc7c18134,9be0c2c4499c81fdf49fde54ddbc7a13e420a5fa,2026-07-16,2026-07-26
FL,Bahama Breeze,SANFORD,2026-02-03,2026-04-05,75,unknown,,0,0,1,https://reactwarn.floridajobs.org/WarnList/,15e752cd8b4f67b7fd66f33fa7a7e18a9a8dcd976e093708ae896f76,9c660b3c0b0793786a5124079f85475751528f95,2026-07-16,2026-07-26
FL,Bahama Breeze,JACKSONVILLE,2026-02-03,2026-04-05,75,unknown,,0,0,1,https://reactwarn.floridajobs.org/WarnList/,cb93dc5771afa479fd9cb3df2b5fb07ab7379e8c78397c679afb9330,ae4fb2fd30c3b2f8b3a99a4ff1609df5e0970383,2026-07-16,2026-07-26
FL,Bahama Breeze,PEMBROKE PINES,2026-02-03,2026-04-05,75,unknown,,0,0,1,https://reactwarn.floridajobs.org/WarnList/,4daaed33dc6126b3abd137f74cdd04d9603065b7990386fac3b6bc89,d4cf12b7af4b28790a84b6f480df58a5108afd10,2026-07-16,2026-07-26
FL,"Innodata Services, LLC",LUTZ,2026-02-03,2026-02-06,1,unknown,,0,0,1,https://reactwarn.floridajobs.org/WarnList/,e1bdb1755aa148be07d035b8e6c38b65107b8eac451ecaba9ab38242,0d7b9854d172998facfe11ca15105aa166b9c575,2026-07-16,2026-07-26
FL,"Innodata Services, LLC",VENICE,2026-02-03,2026-02-06,1,unknown,,0,0,1,https://reactwarn.floridajobs.org/WarnList/,995e3f70eaeeef088809b94006dc9abb519ab99f4bd25c379a458475,2dbc3d9dbac0c441731ccbf68c38a80d9daeaf79,2026-07-16,2026-07-26
FL,"Innodata Services, LLC",SAINT CLOUD,2026-02-03,2026-02-06,2,unknown,,0,0,1,https://reactwarn.floridajobs.org/WarnList/,7ba52cd76c3a84d5258db526f35f14b63532961f4b8b8f804aafc62b,3b15b30d15c9a046c20c2c7459914dfbc8498fea,2026-07-16,2026-07-26
FL,"Innodata Services, LLC",PENSACOLA,2026-02-03,2026-02-06,1,unknown,,0,0,1,https://reactwarn.floridajobs.org/WarnList/,90f507be98e6bc52465d110a9e4709af0df34612ab69eeb07a85b6b6,636d693e2d7bb828f013a5652bf6cf2c6b8ee061,2026-07-16,2026-07-26
FL,"Innodata Services, LLC",SUNNY ISLES BEACH,2026-02-03,2026-02-06,1,unknown,,0,0,1,https://reactwarn.floridajobs.org/WarnList/,475c2b60fcfc145fc32f06bf14b4707c94b491d7ed3bb68b9200aa38,66a961e0089b1f78f102da9743e28c856cb191cf,2026-07-16,2026-07-26
FL,"Innodata Services, LLC",HIALEAH,2026-02-03,2026-02-06,1,unknown,,0,0,1,https://reactwarn.floridajobs.org/WarnList/,06aaa1877fc90fb8b570b0846c9f9d788ffc3ef93f60163c98bc1322,700a3cc7613d22a63ea3a378b6f85c9cf1776b16,2026-07-16,2026-07-26
FL,"Innodata Services, LLC",SAINT PETERSBURG,2026-02-03,2026-02-06,1,unknown,,0,0,1,https://reactwarn.floridajobs.org/WarnList/,cf7ed89697bb4ad1bfbf74b389fd8552c12cc60cbc6589651b8f731e,800ee2af3fb2ce964f816420d72b45e3b957c098,2026-07-16,2026-07-26
FL,"Innodata Services, LLC",WINTER HAVEN,2026-02-03,2026-02-06,1,unknown,,0,0,1,https://reactwarn.floridajobs.org/WarnList/,0d9e2abca41bcf25be593a11d3b9c3017554bf46a218c3ae5b6de7aa,8273115ef328737aa7fb13e3702e9648e9b0b541,2026-07-16,2026-07-26
FL,"Innodata Services, LLC",TAMPA,2026-02-03,2026-02-06,2,unknown,,0,0,1,https://reactwarn.floridajobs.org/WarnList/,945976dcb8c8d46f74ea3324a46552335f23113e6be9c23209352255,834ed13dafe5704873e7dfd24f59233d3e422764,2026-07-16,2026-07-26
FL,"Innodata Services, LLC",CLEAR WATER,2026-02-03,2026-02-06,1,unknown,,0,0,1,https://reactwarn.floridajobs.org/WarnList/,c47fc59e73b15c381b49ab206142ad7756f9a926a0dfe242292285d1,8c09348b203811f3e3f07689cb54521aed3d881d,2026-07-16,2026-07-26
FL,"Innodata Services, LLC",MIDDLEBURG,2026-02-03,2026-02-06,1,unknown,,0,0,1,https://reactwarn.floridajobs.org/WarnList/,1131780571c9067e2acf508282c8e4fe5af4221248f55c6c759db6e1,953fc7e685cb8b17eeb881abf0f6ea8220caa130,2026-07-16,2026-07-26
FL,"Innodata Services, LLC",MIAMI,2026-02-03,2026-02-06,4,unknown,,0,0,1,https://reactwarn.floridajobs.org/WarnList/,9aeaceb55983a353a34380818cbfd062f12731578b803af78f152021,9ae8b84ffe1cbee88b56730b57d11ad51d3033a0,2026-07-16,2026-07-26
FL,"Innodata Services, LLC",SUNRISE,2026-02-03,2026-02-06,1,unknown,,0,0,1,https://reactwarn.floridajobs.org/WarnList/,4249e210c39b9721ada6cbf703f02deacdb9292901f3f3c1385e4581,9b73273637f0043b47087a4b54fdbb2c8b0352df,2026-07-16,2026-07-26
FL,"Innodata Services, LLC",POMPANO BEACH,2026-02-03,2026-02-06,1,unknown,,0,0,1,https://reactwarn.floridajobs.org/WarnList/,2f5fce063b08e481c4c1f8e182a6b1e3ef66ee13dc0f26b92de5d4d7,a2daf4b99c817e7e0ddf5d2b13fe358b451b85ca,2026-07-16,2026-07-26
FL,"Innodata Services, LLC",KISSIMMEE,2026-02-03,2026-02-06,3,unknown,,0,0,1,https://reactwarn.floridajobs.org/WarnList/,b863a06db197e077dc40df1a317ce0bf59841154b05d8fb65235d765,b31d79873e6a69cfba7c059a2164b9d86b4974b9,2026-07-16,2026-07-26
FL,"Innodata Services, LLC",OVIEDO,2026-02-03,2026-02-06,1,unknown,,0,0,1,https://reactwarn.floridajobs.org/WarnList/,b4be8d4d636ef38b2a9b9b1e84d5e5c41a944a5db992be50983c416e,b50ccf4e8302be8dad591bb99ad09b36879807fa,2026-07-16,2026-07-26
FL,"Innodata Services, LLC",ORLANDO,2026-02-03,2026-02-06,3,unknown,,0,0,1,https://reactwarn.floridajobs.org/WarnList/,9e3ccd955312de55f74cf3fef49b6c2ca5cf6334951045c7821bab60,b6a6a26b7c30a7a9849c75ba9338db9e5ee26e24,2026-07-16,2026-07-26
FL,"Innodata Services, LLC",SAINT JOHNS,2026-02-03,2026-02-06,1,unknown,,0,0,1,https://reactwarn.floridajobs.org/WarnList/,043f608c351eac96ee17d2bab410398e8c1e571ac1caffbcb2bfcfe4,c18bee356a4bfcc288d365c5ca6d5e8219afc7b3,2026-07-16,2026-07-26
FL,"Innodata Services, LLC",DORAL,2026-02-03,2026-02-06,1,unknown,,0,0,1,https://reactwarn.floridajobs.org/WarnList/,bfd9e66fad541e0523fc87174e5ac900b0bc7c142272936366d06e25,c6f218cb099d4ce6501c0bb3c1ae0cafd5ca2fed,2026-07-16,2026-07-26
FL,"Innodata Services, LLC",GREENACRES,2026-02-03,2026-02-06,1,unknown,,0,0,1,https://reactwarn.floridajobs.org/WarnList/,7eb12fd5bbd7eb26b88b1935fda622fef21c0289d514b60d68afef26,dac752873266ea3405f2a0c23ee2925cec35f22f,2026-07-16,2026-07-26
FL,"Innodata Services, LLC",PINELLAS PARK,2026-02-03,2026-02-06,1,unknown,,0,0,1,https://reactwarn.floridajobs.org/WarnList/,09ef36ba3ca87450b8cf74cb60860b6a6680f88d456224a12a8ffaa2,dcf259f52666fb507c9ecbfd3375947593ed6174,2026-07-16,2026-07-26
FL,HGS USA,ORLANDO,2026-02-04,2026-03-31,1,unknown,,0,0,1,https://reactwarn.floridajobs.org/WarnList/,c8db3ab3315eedf845891a8f5ae5a5b69dca75fc4ac234f2d8f6441f,8f2730f500a6e05f107d5427fba510b1e991a6a2,2026-07-16,2026-07-26
FL,Liberty Dental Plan Corporation,TAMPA,2026-02-05,2026-04-06,102,unknown,,0,0,1,https://reactwarn.floridajobs.org/WarnList/,640f3e77ab0b2684932c4ad5dba57c52cece0ac1391d304417fb9ee5,07eee159d9ec1e2d1c8ce0836071b52e3eccfac0,2026-07-16,2026-07-26
FL,"Ritz-Carlton, Bal Harbour",BAL HARBOUR,2026-02-06,2026-04-06,108,unknown,,0,0,1,https://reactwarn.floridajobs.org/WarnList/,fc0d77dcee11f71368eb1ed937534d2409ed956f4b4221ce08a5bf48,e88168d0a92605fe97154982d8db590e459108f9,2026-07-16,2026-07-26
FL,DHL Supply Chain,LAKELAND,2026-02-10,2026-04-01,203,unknown,,0,0,1,https://reactwarn.floridajobs.org/WarnList/,c6e16b71d5e1c5f69b2cae31a5e162d4021e42b3abba75fa53ba2366,e680c0f1c7728593c140df57cbc3a586e9a42c54,2026-07-16,2026-07-26
FL,ILLUMUS,TITUSVILLE,2026-02-13,2026-04-15,84,unknown,,0,0,1,https://reactwarn.floridajobs.org/WarnList/,c7838ed12b39975f5ffe7c13220c37434e23b06bca835f2e6803b955,1433c742015e979082431f38ac960e3d2fe6e788,2026-07-16,2026-07-26
FL,"Main Street Sports Group, LLC",FORT LAUDERDALE,2026-02-13,2026-04-10,20,unknown,,0,0,1,https://reactwarn.floridajobs.org/WarnList/,4799c34c7c2760f90fa0031ae35d09a6a7d78c08367eda7e43623143,2486a23c7859d4cc1c9815c917219b797edf3079,2026-07-16,2026-07-26
FL,"Main Street Sports Group, LLC",TAMPA,2026-02-13,2026-04-10,4,unknown,,0,0,1,https://reactwarn.floridajobs.org/WarnList/,9f2335d106d103ce6041c4f28c77ff46cf1cea4c116065acf71dc321,eabfddbb21dea3a5c9f40ff68531b077fd7a6799,2026-07-16,2026-07-26
FL,TTEC,SAINT PETERSBURG,2026-02-13,2026-04-14,57,unknown,,0,0,1,https://reactwarn.floridajobs.org/WarnList/,5d4d8e4953ca06b5e91140027cc2f5abce2872ebcbb941455fe6e9d9,454d2cbf5f1b0b7e94853afdd4947d306f138cbf,2026-07-16,2026-07-26
FL,HCL,LAKELAND,2026-02-17,2026-04-20,98,unknown,,0,0,1,https://reactwarn.floridajobs.org/WarnList/,f5c81f87442d80321fc5b0ece39e297a287afb7dce23ce3d00d50800,45d8b0ce4164cc3dcc987c1f0a64c2cca08ef2b5,2026-07-16,2026-07-26
FL,Clarifying LLC,CLEAR WATER,2026-02-18,2026-04-19,103,unknown,,0,0,1,https://reactwarn.floridajobs.org/WarnList/,492d0bfd9eaec7f8e5ed7f46e4f77c59033ea255551273ef3d58c095,435c37bf77ed8cd7418b1e8eedb141f0a390de21,2026-07-16,2026-07-26
FL,UF Health Central Florida,THE VILLAGES,2026-02-18,2026-05-01,102,unknown,,0,0,1,https://reactwarn.floridajobs.org/WarnList/,bbf1cfe5be616f8f4c2bbc4843c3dfb17048f2a9ab94edd25e3c686f,17003c245e5359a42d8649e5b6ca0b499fbd11c5,2026-07-16,2026-07-26
FL,UF Health Central Florida,LEESBURG,2026-02-18,2026-05-01,58,unknown,,0,0,1,https://reactwarn.floridajobs.org/WarnList/,d84c82459f29c4f0aa1270ad76dfa15912903de1669f74da9f5d7346,cc63841af21dec7efa4755c2dff6334660fd6d86,2026-07-16,2026-07-26
FL,UF Health Shands,GAINESVILLE,2026-02-18,2026-05-01,139,unknown,,0,0,1,https://reactwarn.floridajobs.org/WarnList/,2013d0b4d71352962872443184bc7dc4494bb4de57ba1def33b2dde2,738f64a139dc2c9cfeab258da9471a59e4639217,2026-07-16,2026-07-26
FL,"Parsec, LLC",JACKSONVILLE,2026-02-23,2026-05-01,147,unknown,,0,0,1,https://reactwarn.floridajobs.org/WarnList/,509cc3e0b2e92820f7684ff3f19692f0d2f8ebc21af9b68de6850912,3914aa192bf4fd616b355fa5b3ba1d26fc2ba18f,2026-07-16,2026-07-26
FL,"IPIC Theaters, LLC",BOCA RATON,2026-02-26,2026-04-28,98,unknown,,0,0,1,https://reactwarn.floridajobs.org/WarnList/,8fe29cd8149eea0eb4d6c0ed2d1c57f1673d60fdd1c1b57f11816651,18e2db0bb910dc2f86de61823bac37c12f5d4246,2026-07-16,2026-07-26
FL,"IPIC Theaters, LLC",DELRAY BEACH,2026-02-26,2026-04-28,51,unknown,,0,0,1,https://reactwarn.floridajobs.org/WarnList/,06df18f040fe2c6b7c209ba116e529df3bb1d25a099bdc8af18c24e6,2210133c45e6b936e24c314ff243c9559c44bb9f,2026-07-16,2026-07-26
FL,"IPIC Theaters, LLC",NORTH MIAMI BEACH,2026-02-26,2026-04-28,58,unknown,,0,0,1,https://reactwarn.floridajobs.org/WarnList/,cd343eb34dd3af684274133700c22f59969e56f8432353a08f884b10,5d67fe4dda48bfc19963bc6555a71eb4ea02a872,2026-07-16,2026-07-26
FL,L3Harris,ORLANDO,2026-02-27,2026-04-30,63,unknown,,0,0,1,https://reactwarn.floridajobs.org/WarnList/,5d0cc9f114c2ab8f4024cce07559290643e9ad4c295ea399d3df9fa2,0e4061aff4e7e2abfe55b01a193b3190971d6b37,2026-07-16,2026-07-26
FL,Professional Course Management II LTD,MIAMI SHORES,2026-02-27,2026-05-01,68,unknown,,0,0,1,https://reactwarn.floridajobs.org/WarnList/,c23c0ae958026a8fa9958ddb132c949ebebbb5df16a39a3ec002590f,5868076615df30551f9d007f17d64cacd8321370,2026-07-16,2026-07-26
FL,"Trulieve, Inc.",CLEAR WATER,2026-03-02,2026-05-01,58,unknown,,0,0,1,https://reactwarn.floridajobs.org/WarnList/,2d8092057bd03300f0d00ed1ca280fd460420748a09084d708c36a74,16c1b1ba8f0fe03bb1ea2f608e63e0c8b33b2d18,2026-07-16,2026-07-26
FL,C2 Technologies,APOPKA,2026-03-05,2026-03-06,1,unknown,,0,0,1,https://reactwarn.floridajobs.org/WarnList/,d70ffe3805c497feffed8723104fc6f3936002b97797d824dbc5a1e7,06fc47f3b85aaa6ea8dfd980494c1723ee980e2c,2026-07-16,2026-07-26
FL,C2 Technologies,PORT SAINT LUCIE,2026-03-05,2026-03-06,1,unknown,,0,0,1,https://reactwarn.floridajobs.org/WarnList/,5557de2b85f21108fece41360d01fa01ef33fc4266ec38ced5636a65,0a811397cad77d5cde2b6e64dca5be98b66d222d,2026-07-16,2026-07-26
FL,C2 Technologies,DELAND,2026-03-05,2026-03-06,1,unknown,,0,0,1,https://reactwarn.floridajobs.org/WarnList/,6ba9aa3927bf99705cc15f3845b2ee95b69a161e7c98b7b6fd362d35,1889220af8655298d639d97908d02ad0a0dfcd30,2026-07-16,2026-07-26
FL,C2 Technologies,WINTER SPRINGS,2026-03-05,2026-03-06,1,unknown,,0,0,1,https://reactwarn.floridajobs.org/WarnList/,2df53edba9f23c4b8de10ddc32def12d955e5a54323b9e644f7c8846,2342c33cbd4072074dd5be1ec0cb52e61d277ea2,2026-07-16,2026-07-26
FL,C2 Technologies,LAKELAND,2026-03-05,2026-03-06,1,unknown,,0,0,1,https://reactwarn.floridajobs.org/WarnList/,235229c96d1726d983c2c369987864c11caa97d5b24b7a2cc2969b8c,283afdfc5f4bbdfd90c5c4da23eecd82c4c95d81,2026-07-16,2026-07-26
FL,C2 Technologies,TAMPA,2026-03-05,2026-03-06,1,unknown,,0,0,1,https://reactwarn.floridajobs.org/WarnList/,33d60572957105998b6e645f1136254fa1bfaa54a9e2245a1578e62e,579b74cd0a552d7566d29e5626c0ff18fe9653d7,2026-07-16,2026-07-26
FL,C2 Technologies,GREEN COVE SPRINGS,2026-03-05,2026-03-06,1,unknown,,0,0,1,https://reactwarn.floridajobs.org/WarnList/,b75e8e0e750252e9c55d16a38e59a8e130011f8f0c471ba74945a665,620e398566daca084f1879fad252fcceb1bd8ec9,2026-07-16,2026-07-26
FL,C2 Technologies,KISSIMMEE,2026-03-05,2026-03-06,1,unknown,,0,0,1,https://reactwarn.floridajobs.org/WarnList/,c18e36d8a2e2ca60766e45a459057cd3961b499d6e743add7bbc5e88,6a0d46d733f2013187a2da26edec9477e3e7436c,2026-07-16,2026-07-26
FL,C2 Technologies,DELTONA,2026-03-05,2026-03-06,1,unknown,,0,0,1,https://reactwarn.floridajobs.org/WarnList/,ea51c9f3f7bf25b54ed320c78f50619012be4883dd7bab3e0611c531,6be315b320161e9e766c95673ee35567a5ba4835,2026-07-16,2026-07-26
FL,C2 Technologies,ORLANDO,2026-03-05,2026-03-06,3,unknown,,0,0,1,https://reactwarn.floridajobs.org/WarnList/,7f6515d8dece8b083ae5f2b8167f3567be206427f5abba571c8b6617,765cf5eda6d35e931317c7845393e9b5bfc522bf,2026-07-16,2026-07-26
FL,C2 Technologies,JACKSONVILLE,2026-03-05,2026-03-06,1,unknown,,0,0,1,https://reactwarn.floridajobs.org/WarnList/,92813521adf8caf5f38fb5d9cd90748c47c152ea94593cedbee7e9f0,794926ce0efc828e8b1fc8d8c140a70904913e22,2026-07-16,2026-07-26
FL,C2 Technologies,ALTAMONTE SPRINGS,2026-03-05,2026-03-06,1,unknown,,0,0,1,https://reactwarn.floridajobs.org/WarnList/,353fe9524bffc7e6b5bf654ec7df6ae617eba86d1d49fa9c0ab54b4b,9bf77d27fbcf098e2454f29c9ba60545e7277f35,2026-07-16,2026-07-26
FL,C2 Technologies,OCALA,2026-03-05,2026-03-06,1,unknown,,0,0,1,https://reactwarn.floridajobs.org/WarnList/,14251cd27f9a83cc9a40381c237a85954bdf9e908c3d55eb4bc6da3e,a37ee415c6209513e4ab761b41e434b06cf3b44f,2026-07-16,2026-07-26
FL,C2 Technologies,TALLAHASSEE,2026-03-05,2026-03-06,2,unknown,,0,0,1,https://reactwarn.floridajobs.org/WarnList/,de0e15180c8d230182709978b73544ca08fcd19c9acb193c2d80588f,d72d63faf041768364b4d73b235b57cb1acb5b29,2026-07-16,2026-07-26
FL,C2 Technologies,BRANDON,2026-03-05,2026-03-06,1,unknown,,0,0,1,https://reactwarn.floridajobs.org/WarnList/,fed2706fe4e1070ea2ad7584a1bced6529ec88c099ad7e3d2aa75671,e1a501e89b4a4ab69e31bd7043e22934238628ec,2026-07-16,2026-07-26
FL,C2 Technologies,SHALIMAR,2026-03-05,2026-03-06,1,unknown,,0,0,1,https://reactwarn.floridajobs.org/WarnList/,e77262143361c9b46511ab66a0e25cf83363980571e66c5bb2661eab,e478039f426e9fb3cbaf1f67e1b7d55fc0113d3d,2026-07-16,2026-07-26
FL,C2 Technologies,PALM BAY,2026-03-05,2026-03-06,1,unknown,,0,0,1,https://reactwarn.floridajobs.org/WarnList/,c25138d5655605903ff39917aa5e2c89a392214582287855b50ebf61,efd8391eeb726e44f430a669372a5d02d6e9fc32,2026-07-16,2026-07-26
FL,C2 Technologies,PLANT CITY,2026-03-05,2026-03-06,1,unknown,,0,0,1,https://reactwarn.floridajobs.org/WarnList/,2c2db4ba15374903c32e8ff144dc8cbf6920fd93f0172af35ff6cb98,efda0f5d02cdeeadd084fad0a34a0e995c29d86c,2026-07-16,2026-07-26
FL,Nan McKay & Associates,MIAMI GARDENS,2026-03-11,2026-05-11,4,unknown,,0,0,1,https://reactwarn.floridajobs.org/WarnList/,e0243caf7f54a652705cbd2d3e102e07185a36f25a99c47b1284540a,8c125b7646a02c3b04529f4a54e8074de2be6287,2026-07-16,2026-07-26
FL,Nan McKay & Associates,MIAMI,2026-03-11,2026-05-11,97,unknown,,0,0,1,https://reactwarn.floridajobs.org/WarnList/,5ec5159c55d020b64f5a7d6a624b8989f2d600ac57da328f49c213ee,bfa2d187ac4a152476ebcf8a7000b1952b0bf0d2,2026-07-16,2026-07-26
FL,"Milestone Reporting Company, LLC",ORLANDO,2026-03-16,2026-05-15,80,unknown,,0,0,1,https://reactwarn.floridajobs.org/WarnList/,160055d9f111010059810eca5e4757e09782e507d86330ce86b1ff03,9ebafdd52467273196a68dd138fb630de48f6c1f,2026-07-16,2026-07-26
FL,City Cellar,WEST PALM BEACH,2026-03-25,2026-05-24,96,unknown,,0,0,1,https://reactwarn.floridajobs.org/WarnList/,6c5355b016bece7cf2d137d94062d7416f83eb65acd7523137b4da19,e1c367d53105ef963e0d5f51dd0bf40e96cc6ba0,2026-07-16,2026-07-26
FL,"HCL America, Inc",ORLANDO,2026-03-27,2026-05-26,120,unknown,,0,0,1,https://reactwarn.floridajobs.org/WarnList/,7ac37f632902f8e2f830d3dd97092aa47e811d4daf79117b59128cc2,01d61c98751df827f1789dcfdfffbf2cd0fb9c72,2026-07-16,2026-07-26
FL,"Highgate Hotels, L.P",MIAMI BEACH,2026-04-01,2026-05-31,114,unknown,,0,0,1,https://reactwarn.floridajobs.org/WarnList/,179077b8e31efa0d8dee749bbd8be62fc08f151ef08497488b5e29dd,94ac0b005c14d1d9ac064af8de0545ccccc85730,2026-07-16,2026-07-26
FL,U.S. Committee for Refugees and Immigrants,LAKE WORTH,2026-04-01,2026-03-31,53,unknown,,0,0,1,https://reactwarn.floridajobs.org/WarnList/,8b264b3741b06e7c72a69f30cb1aa4a4385408af1cdbf218d67faa88,5861083fdb4b296985589da13af40d3debb614c9,2026-07-16,2026-07-26
FL,Bahama Breeze,BRANDON,2026-04-07,2026-04-20,86,unknown,,0,0,1,https://reactwarn.floridajobs.org/WarnList/,bb8325de4f59736b8450044b09d35b66f24f1201e75e609065b83e69,45585932c1500f4a4742918191c4975358f2932b,2026-07-16,2026-07-26
FL,Ari Ben Aviator Inc,FORT PIERCE,2026-04-13,2026-04-15,50,unknown,,0,0,1,https://reactwarn.floridajobs.org/WarnList/,46ddd679b4c50e6a1872c7704451e26f2a5bdc954a87da1187096f5b,dea2a20d7318a2589293da48e081a7ed0bc5c6b2,2026-07-16,2026-07-26
FL,Amazon,HOMESTEAD,2026-04-17,2026-07-02,616,unknown,,0,0,1,https://reactwarn.floridajobs.org/WarnList/,2eeda99e77c479739aef83e93e6ff6f5a79008d161277a7a9362588b,1208789cbc7a086384dcae6dadcd9c7e374a86f1,2026-07-16,2026-07-26
FL,"Iron Galaxy Studios, LLC",ORLANDO,2026-04-17,2026-04-17,50,unknown,,0,0,1,https://reactwarn.floridajobs.org/WarnList/,4075acd86514bcad90ae13070b0b85ee5133d09c6b733b369c3bbb1b,32307f35991a5bdf895d66663ddc6de36fb9f737,2026-07-16,2026-07-26
FL,Republic National Distributing Company,TAMPA,2026-04-22,2026-06-21,393,unknown,,0,0,1,https://reactwarn.floridajobs.org/WarnList/,06dacc08004b1eeda4a623e237f410d980247a83033751804285f11b,3e4714372cce84bfc8e1b0e3bfca10bb6cef6f84,2026-07-16,2026-07-26
FL,Republic National Distributing Company,DEERFIELD BEACH,2026-04-22,2026-06-21,363,unknown,,0,0,1,https://reactwarn.floridajobs.org/WarnList/,5919154fc84c3e1351df165ec0faed54e6e5483730d922ca22ba2486,827770c6aabe9f77454106231e5fc4746a18e487,2026-07-16,2026-07-26
FL,Republic National Distributing Company,PENSACOLA,2026-04-22,2026-06-21,121,unknown,,0,0,1,https://reactwarn.floridajobs.org/WarnList/,c8562d8a00a2f58221bd14cfe9a84839f0ace53c221e9a0081056bb3,d02c5b9b73ef00be9c1bb569717442e7e4df5475,2026-07-16,2026-07-26
FL,Republic National Distributing Company,JACKSONVILLE,2026-04-22,2026-06-21,169,unknown,,0,0,1,https://reactwarn.floridajobs.org/WarnList/,28e0807f9d20c1215b3a98d82b35f48e394ac6dc389b1a0b1cfdfb5d,d6ffb042c897892b53622daf66b28fc1d6224803,2026-07-16,2026-07-26
FL,Management & Training Corporation,GRACEVILLE,2026-04-27,2026-08-31,259,unknown,,0,0,1,https://reactwarn.floridajobs.org/WarnList/,21191b194b66db89df1c870ef221ccfb580f9e7bd4faccf0426c1992,5b39c662e3504a8ec7428e63edf106ddcaf48808,2026-07-16,2026-07-26
FL,Management & Training Corporation,PANAMA CITY,2026-04-27,2026-08-31,161,unknown,,0,0,1,https://reactwarn.floridajobs.org/WarnList/,e2a544e623929568fc64fb4e99f425618a04b739d5c5f37097437804,ed6a7c5df193e9163c7a34c72efb65b518b4b08b,2026-07-16,2026-07-26
FL,Msgr. Bryan Walsh Children’s Village,MIAMI,2026-04-27,2026-05-31,84,unknown,,0,0,1,https://reactwarn.floridajobs.org/WarnList/,6f9066da307b56c4ef12275cceca82eb760c611dbdc81ea719e98d5a,26fbbdadd00b24a4a43fce672cdf182e61e21359,2026-07-16,2026-07-26
FL,Peterson Brands,FORT MYERS,2026-04-27,2026-06-27,135,unknown,,0,0,1,https://reactwarn.floridajobs.org/WarnList/,af764ee8edbc17fd0ac253fb008bedbdf1df00a549e38cf7e7a3b5e7,24b346e549a3f76c57b8f29c533798e7dc99a34d,2026-07-16,2026-07-26
FL,Atento,MIRAMAR,2026-04-28,2026-06-26,91,unknown,,0,0,1,https://reactwarn.floridajobs.org/WarnList/,f5e58179f0394b3bd48ef9c0f475c037c7bbb1317831f767b2eb0eda,e4370fb6b89764b428909c7a174ce4c6e0dfcc68,2026-07-16,2026-07-26
FL,Spirit Airlines,FORT LAUDERDALE,2026-05-04,2026-05-02,2529,unknown,,0,0,1,https://reactwarn.floridajobs.org/WarnList/,1479d0bbf498e95d59eb91db66086527b6c225133431acf594410177,1b2c6791c72592f76aebb0905a4fdaa644f7c98e,2026-07-16,2026-07-26
FL,Spirit Airlines,DANIA BEACH,2026-05-04,2026-05-02,551,unknown,,0,0,1,https://reactwarn.floridajobs.org/WarnList/,3c8d0bbf1b83d520aca3855bbad98847a366a36643cab810f4292820,489658c658ade7c84838d9c84aa4d7c586618cb6,2026-07-16,2026-07-26
FL,Spirit Airlines,ORLANDO,2026-05-04,2026-05-02,796,unknown,,0,0,1,https://reactwarn.floridajobs.org/WarnList/,ea8e2f854e2859aa8e56fe1ddc7a99e11f42481c851fa10519e3611f,6c0bb7d405ab47499b18feaa2a09b9b90d286658,2026-07-16,2026-07-26
FL,Spirit Airlines,MIAMI,2026-05-04,2026-05-02,181,unknown,,0,0,1,https://reactwarn.floridajobs.org/WarnList/,4b32fac016ea44b21a4b7eaec931c3c8976386d4befffbf2a03254bc,f58f949f02d35ac2be65a699ef1eac0296b4fa23,2026-07-16,2026-07-26
FL,"Areas USA MCO, LLC (GastroHub-Orlando International Airport)",ORLANDO,2026-05-06,2026-06-30,101,unknown,,0,0,1,https://reactwarn.floridajobs.org/WarnList/,fd007cbfef4674ff9c48c4824a6f16203988bea7bfd708aad594754b,1c608101308052c6937e8f22b5a18d8782f10cca,2026-07-16,2026-07-26
FL,Maximus Global Services,FORT LAUDERDALE,2026-05-06,2026-05-03,123,unknown,,0,0,1,https://reactwarn.floridajobs.org/WarnList/,6e1742e6837204f54e418b47e9035771ae792b5615c258529da944f4,4ec336ee6575e8744315a20a33dedf0f7b548d87,2026-07-16,2026-07-26
FL,Stryker Employment Services,LAKELAND,2026-05-07,2026-07-10,2,unknown,,0,0,1,https://reactwarn.floridajobs.org/WarnList/,721ee9eef2ab2f8d31833af2fba09e489ed0e396fd8f713868515a21,eae77fd7d9b468b5d98d29a79b06f5a8f161bab7,2026-07-16,2026-07-26
FL,ACL Roofing,ENGLEWOOD,2026-05-16,2026-07-14,65,unknown,,0,0,1,https://reactwarn.floridajobs.org/WarnList/,fb681fa2e809bed5b654d2198e8014243aef44d1ef7fdcd581b1f5eb,f9ccf59d67345d65eada834e407ff9be38909694,2026-07-16,2026-07-26
FL,Mittera,JACKSONVILLE,2026-05-18,2026-07-17,100,unknown,,0,0,1,https://reactwarn.floridajobs.org/WarnList/,7cc26d16cb114938781dd429ee860cf93aa8d82123bd9f36b379cc6d,92efef4b99b85ccd9412a7046c88a70e81b7cd72,2026-07-16,2026-07-26
FL,Maersk,MIAMI,2026-05-29,2026-07-31,56,unknown,,0,0,1,https://reactwarn.floridajobs.org/WarnList/,3155541ea87115459b21d9ba252beb385c4ea88dc4883d7dbc6b8939,f6be87079d33e5c42ed9eb71e3f5ad2d1f7e46f2,2026-07-16,2026-07-26
FL,"Rifle, LLC",MAITLAND,2026-05-29,2026-07-31,74,unknown,,0,0,1,https://reactwarn.floridajobs.org/WarnList/,dad3c2b3753a421e1b461866aaa80efe3664f481cfd29ce6f98a5ca4,3e6f0324d1c9011dc54a00d0254e7f70f09dbde3,2026-07-16,2026-07-26
FL,Sanitas Medical Centers,JACKSONVILLE,2026-06-08,2026-06-09,1,unknown,,0,0,1,https://reactwarn.floridajobs.org/WarnList/,1e5a7011e2edd72c2fb86ee5b6780444cd6077b0a12ee74ff960a74f,236ea6a7f38b66b61d12605810007ae4e7d773bf,2026-07-16,2026-07-26
FL,Sanitas Medical Centers,TAMPA,2026-06-08,2026-06-09,3,unknown,,0,0,1,https://reactwarn.floridajobs.org/WarnList/,7064169f74273ac77e49011e2e45f5043484afed76e55afeece94cfb,2941c90bb84b955e2ef53052e65ee9a933d3b52d,2026-07-16,2026-07-26
FL,Sanitas Medical Centers,COCONUT CREEK,2026-06-08,2026-06-09,5,unknown,,0,0,1,https://reactwarn.floridajobs.org/WarnList/,ae8963ae94716bfb3a2f63b6adcfabf75d9832a08e78c92842a533b4,2d383b4684767d91d83c9edf00553e8367ab93d2,2026-07-16,2026-07-26
FL,Sanitas Medical Centers,CORAL SPRINGS,2026-06-08,2026-06-09,3,unknown,,0,0,1,https://reactwarn.floridajobs.org/WarnList/,0c45adf0f1e9a89e90dacc8581c85785c7894ee2a3f72e0ad9fc9287,43fb6825f64d0151bffe0cbfaeae09e4aa308daa,2026-07-16,2026-07-26
FL,Sanitas Medical Centers,LAUDERDALE LAKES,2026-06-08,2026-06-09,2,unknown,,0,0,1,https://reactwarn.floridajobs.org/WarnList/,96d8880f0d76163ca6352699f3dcb9741cfa7ae66f2a8243ba4dd1d8,53fdc2ca1e04a3684f91c487f4867d731f634a2c,2026-07-16,2026-07-26
FL,Sanitas Medical Centers,CLERMONT,2026-06-08,2026-06-09,25,unknown,,0,0,1,https://reactwarn.floridajobs.org/WarnList/,9ec763ba2d0cb4ca5af2c7dc8f22963ae902a3961c39eecd90399d50,570faa52f558609ea3807685f099c93fa2adda91,2026-07-16,2026-07-26
FL,Sanitas Medical Centers,SAINT CLOUD,2026-06-08,2026-06-09,12,unknown,,0,0,1,https://reactwarn.floridajobs.org/WarnList/,0520a368f2a792eb25bea936fb0ddac7a1c04d22be17bf796deda344,58a0378ce956da7b564b69ead3d32c96c3cf3286,2026-07-16,2026-07-26
FL,Sanitas Medical Centers,DORAL,2026-06-08,2026-06-09,115,unknown,,0,0,1,https://reactwarn.floridajobs.org/WarnList/,7631127acf7bdc66543937e4f90d7a4a109174d528c56d02467a34cc,6d744636ec40673c03e14116d65aa1adddc9a591,2026-07-16,2026-07-26
FL,Sanitas Medical Centers,HOLLYWOOD,2026-06-08,2026-06-09,3,unknown,,0,0,1,https://reactwarn.floridajobs.org/WarnList/,da1778f1e63e205c53e9cabcf769744f724cdda00db34665979643cb,6debe9816bb581ad2c58407116141631774a61dc,2026-07-16,2026-07-26
FL,Sanitas Medical Centers,TALLAHASSEE,2026-06-08,2026-06-09,2,unknown,,0,0,1,https://reactwarn.floridajobs.org/WarnList/,3a93c17e0b881e3a762c340b9ab620c8f3153b1aee7010ddef17bca2,7d551c3d05b4c4e5764ce2623bf0d6ce05dfca7c,2026-07-16,2026-07-26
FL,Sanitas Medical Centers,TEMPLE TERRACE,2026-06-08,2026-06-09,6,unknown,,0,0,1,https://reactwarn.floridajobs.org/WarnList/,84133f5f029ab85922cea28d84a45b61e28a53f07bdbeada7ca8303b,7fc44f56816937784217eeb663c9a0fb909e160c,2026-07-16,2026-07-26
FL,Sanitas Medical Centers,PLANTATION,2026-06-08,2026-06-09,2,unknown,,0,0,1,https://reactwarn.floridajobs.org/WarnList/,2cb7225c06617a80ba88f22b36126453b5b967db58c0c93f96e961ed,86eb124bb1263ea1a4e6a47a900f482fe67034a1,2026-07-16,2026-07-26
FL,Sanitas Medical Centers,FORT MYERS,2026-06-08,2026-06-09,3,unknown,,0,0,1,https://reactwarn.floridajobs.org/WarnList/,f36d3acf3824552853c7078f01a5e36f44700c2e034ce0114d4dc545,9a45bf00d6e5c5b6f5282bd9dcd27a8e9bbad455,2026-07-16,2026-07-26
FL,Sanitas Medical Centers,CORAL GABLES,2026-06-08,2026-06-09,20,unknown,,0,0,1,https://reactwarn.floridajobs.org/WarnList/,31d31f61f7502ab1787d4d339167ce7d02af38edd7244cebd063e0d7,9bd56951af248fd737f11abde8ba14f05ee6b99a,2026-07-16,2026-07-26
FL,Sanitas Medical Centers,LAUDERHILL,2026-06-08,2026-06-09,2,unknown,,0,0,1,https://reactwarn.floridajobs.org/WarnList/,89baddb3625a25a2ff3fa26ef764f56fc87d160141b15503f1ced06a,a15b553b81472855d37ea2111c90a1734f30bbca,2026-07-16,2026-07-26
FL,Pitney Bowes Inc.,JACKSONVILLE,2026-06-10,2026-08-14,68,unknown,,0,0,1,https://reactwarn.floridajobs.org/WarnList/,25bf3a5e83c435575fb3205b94161f382bc1d89434eae5f6aef67dc2,172c859582543ebd4be14538dfc69e14699df4d6,2026-07-16,2026-07-26
FL,Southeast Home Care,TAMPA,2026-06-18,2026-08-31,23,unknown,,0,0,1,https://reactwarn.floridajobs.org/WarnList/,01433a900e167da56979c0dd7a3b1e06a8aa31c2ebf24dc83698a169,3fcb60035738f2fc906298a0d6c8d17b9c3df938,2026-07-16,2026-07-26
FL,Southeast Home Care,FORT LAUDERDALE,2026-06-18,2026-08-31,39,unknown,,0,0,1,https://reactwarn.floridajobs.org/WarnList/,08f1c5601c6b289f0502070fc99d6a6c55d28cb8e4d07e677c636d5d,4b4b4a4459a39ccbed9973a6d236c63fb422e02c,2026-07-16,2026-07-26
FL,Southeast Home Care,JACKSONVILLE,2026-06-18,2026-08-31,10,unknown,,0,0,1,https://reactwarn.floridajobs.org/WarnList/,3ed1b3064999f93836fa4b7eec8bc3a0b845bd940aef4cdeab768e72,53b02fc1311ffce66cb929b9461eb342e6c983c0,2026-07-16,2026-07-26
FL,Southeast Home Care,DORAL,2026-06-18,2026-08-31,73,unknown,,0,0,1,https://reactwarn.floridajobs.org/WarnList/,dfb2af374add21f1cc617ff2a0070c4d7d885a36e16c769f21307f58,7db5a984578a687e12dd10f4ddcc43b43e443d10,2026-07-16,2026-07-26
FL,Southeast Home Care,SAINT PETERSBURG,2026-06-18,2026-08-31,12,unknown,,0,0,1,https://reactwarn.floridajobs.org/WarnList/,f68d29eaf9b2ce540b97a370fd45259f3368a1d8ec5ee63ee6d30d55,b5f8bde90ab815c3c55f7bf254df0646d921e826,2026-07-16,2026-07-26
FL,Southeast Home Care,ORLANDO,2026-06-18,2026-08-31,21,unknown,,0,0,1,https://reactwarn.floridajobs.org/WarnList/,1b94c79d3db5f7b4d7b05e5387c99f07196861b28537f5efff379e5f,dccd9d82a2f4afea24391f0f51fa646595846908,2026-07-16,2026-07-26
FL,W South Beach & Residences,MIAMI BEACH,2026-06-18,2026-08-19,337,unknown,,0,0,1,https://reactwarn.floridajobs.org/WarnList/,e25b74e4f876404b0708c9922d39584e1fa827b7b06dca6b7f4143e6,df45e886d6574d1f7b901593e74c2ccc8a34611e,2026-07-16,2026-07-26
FL,Hard Rock Cafe Miami,MIAMI,2026-06-20,2026-08-19,117,unknown,,0,0,1,https://reactwarn.floridajobs.org/WarnList/,453318a76651f7c5b6f75097bf73b338845c3d1d92c7cae51e8a9555,8cc05c0935bc7b9266ac8eb08148f55fefb75ee8,2026-07-16,2026-07-26
FL,"Enkei America, Inc.",JACKSONVILLE,2026-06-24,2026-08-30,62,unknown,,0,0,1,https://reactwarn.floridajobs.org/WarnList/,a4327f6e0cab008b24db767e3f837e10bf37f8c1a84e2081f8979516,be39d709e35c1f9fcfbdbedceff6d4a7324be830,2026-07-16,2026-07-26
FL,Conduent,PALM COAST,2026-06-27,2026-07-31,1,unknown,,0,0,1,https://reactwarn.floridajobs.org/WarnList/,e4e5d3473d378eb98d3e767353639e5177d2aa0bc33134f07ed36389,0149f92df3861f10cf1a9552b50a95f047c394b9,2026-07-16,2026-07-26
FL,Conduent,PEMBROKE PINES,2026-06-27,2026-07-31,1,unknown,,0,0,1,https://reactwarn.floridajobs.org/WarnList/,13014bd85090b18b9b85f619d411e0323d93ec28862c978b3b8c1830,05cec449869925dd77743cbbfb988ad807dff06f,2026-07-16,2026-07-26
FL,Conduent,ORLANDO,2026-06-27,2026-07-31,1,unknown,,0,0,1,https://reactwarn.floridajobs.org/WarnList/,8c135c5b9fd280d0a338e9a220e5d38c52f3bf1ff80d1f023fb1e8e7,1b3c9886914255d90c7e755188580a3742ed53a5,2026-07-16,2026-07-26
FL,Conduent,JACKSONVILLE,2026-06-27,2026-07-31,1,unknown,,0,0,1,https://reactwarn.floridajobs.org/WarnList/,879cf220045b56d1cfffa97d50d7744f4bbe0e10c35b3ebc3546ea18,1e8dbd00b886ceb611d12a47ba2510cf2c7ca57f,2026-07-16,2026-07-26
FL,Conduent,FORT LAUDERDALE,2026-06-27,2026-07-31,1,unknown,,0,0,1,https://reactwarn.floridajobs.org/WarnList/,fc005110c29a78ab47dffb2cf8a15381fffa6b8dd36796ab43822c2b,1ec7c800643196f7b01c7d161597cae766c07374,2026-07-16,2026-07-26
FL,Conduent,RUSKIN,2026-06-27,2026-07-31,1,unknown,,0,0,1,https://reactwarn.floridajobs.org/WarnList/,760a40ef9b28a9fefed83c57d0b0236efddb3fc25f6d080dfed1888c,27fbb5617625508f979761f7fbfdad009d755042,2026-07-16,2026-07-26
FL,Conduent,WINTER PARK,2026-06-27,2026-07-31,1,unknown,,0,0,1,https://reactwarn.floridajobs.org/WarnList/,ba5e2488f5094164eabe1cffcefbc87a4d6cc502e5897bbc1b39541e,3094c53f9d19d939ba7d1ef6cc876ef7110f8ea3,2026-07-16,2026-07-26
FL,Conduent,PALM BAY,2026-06-27,2026-07-31,1,unknown,,0,0,1,https://reactwarn.floridajobs.org/WarnList/,9c79f8d25d547f773b5fd6965dd2bcde18a320fceaa1f90b9cdd15c4,3194d99d6ab8a5df6eed7e0a93be1c0af4d3b1a5,2026-07-16,2026-07-26
FL,Conduent,MIDDLEBURG,2026-06-27,2026-07-31,1,unknown,,0,0,1,https://reactwarn.floridajobs.org/WarnList/,2fe8a41ac49e66318568d77083dbd491f24de5eae6a0479025ea9db4,35a4d72bb7d4a34f2a0fb61c347e0a4d0d3b044b,2026-07-16,2026-07-26
FL,Conduent,LOXAHATCHEE,2026-06-27,2026-07-31,1,unknown,,0,0,1,https://reactwarn.floridajobs.org/WarnList/,8c5cc2e52e7ad231f08dd416d70729ea8c0d2c014d984c890e4efdc2,3715c7413af3940b429b55449d4643f512fd3a2a,2026-07-16,2026-07-26
FL,Conduent,WEST PALM BEACH,2026-06-27,2026-07-31,1,unknown,,0,0,1,https://reactwarn.floridajobs.org/WarnList/,bf1694b743f4c4eba44484482d45f966c90283a262094089015cc20d,4103442d93fe8f84c697c89d0d9d088fce17f8ad,2026-07-16,2026-07-26
FL,Conduent,LYNN HAVEN,2026-06-27,2026-07-31,1,unknown,,0,0,1,https://reactwarn.floridajobs.org/WarnList/,c66a99ac39cc204e7a428b5c2825cec9ad5f8843d2f32f5243ac1662,41c66289836a29cd46c4f003eb92044eff69138a,2026-07-16,2026-07-26
FL,Conduent,KISSIMMEE,2026-06-27,2026-07-31,1,unknown,,0,0,1,https://reactwarn.floridajobs.org/WarnList/,f5b5cbab3e3a6ef703967f69ab9d2b922d68d338552a4433a2ed7a19,499b835a87a64d6d38bcd9041f5e205a7e451da6,2026-07-16,2026-07-26
FL,Conduent,HIALEAH,2026-06-27,2026-07-31,1,unknown,,0,0,1,https://reactwarn.floridajobs.org/WarnList/,4663b0b211ce097fa9d7dfa6afced5df25c8b40fec0119f2a193eb36,4fd1dc5ef80431bbc1dfa0cc172ac00b639140cd,2026-07-16,2026-07-26
FL,Conduent,TARPON SPRINGS,2026-06-27,2026-07-31,1,unknown,,0,0,1,https://reactwarn.floridajobs.org/WarnList/,2949169d27ebaf7bef62408d7d7c8342b97db3377036302b75dbf221,5327337617d383f6d57c1f52daffcc01f3c01f16,2026-07-16,2026-07-26
FL,Conduent,POINCIANA,2026-06-27,2026-07-31,1,unknown,,0,0,1,https://reactwarn.floridajobs.org/WarnList/,a4d85f2f2bf0fe5b3ad5b80d2038bbffe894fd193f8f33db0cfad384,53c08515110410e00238a7c42412f9a24e283f3b,2026-07-16,2026-07-26
FL,Conduent,HERNANDO,2026-06-27,2026-07-31,1,unknown,,0,0,1,https://reactwarn.floridajobs.org/WarnList/,b1e8826bb57e570a9473f1c091d5b2aabaedff8dc60e9b94225b2305,56004d08a06eb0c15a51656c1ddab3b78b36a67d,2026-07-16,2026-07-26
FL,Conduent,WESLEY CHAPEL,2026-06-27,2026-07-31,1,unknown,,0,0,1,https://reactwarn.floridajobs.org/WarnList/,4f50d45c78c5c9b2a1e1f741fff0f2d8108686d41498dda957014a42,586324ecb4bf4c814202d7f0226f5b770c7b8090,2026-07-16,2026-07-26
FL,Conduent,MALABAR,2026-06-27,2026-07-31,1,unknown,,0,0,1,https://reactwarn.floridajobs.org/WarnList/,671da7d63f26d9272beefcbddfc25d75a178fe70b77b865ee7481ff2,5f3e5d367b19794cb45423f265b43e9939c8932f,2026-07-16,2026-07-26
FL,Conduent,PORT SAINT LUCIE,2026-06-27,2026-07-31,1,unknown,,0,0,1,https://reactwarn.floridajobs.org/WarnList/,60d129bf1af33ecdcbbd754ef55e522e9a6d35626ef2836a868751a4,5f9350e48de252ee2b8f2c28f991eda718df8072,2026-07-16,2026-07-26
FL,Conduent,APOPKA,2026-06-27,2026-07-31,1,unknown,,0,0,1,https://reactwarn.floridajobs.org/WarnList/,dccf89e7dea80d2c354bdcd00e65f73d29e2e7399d0715400a5d7ae8,78332699b34c02ce787f5a40926f172d34ef92ab,2026-07-16,2026-07-26
FL,Conduent,CLERMONT,2026-06-27,2026-07-31,1,unknown,,0,0,1,https://reactwarn.floridajobs.org/WarnList/,f56a03cf8a9ccbd6b335b40ec174269533d0af5faa9b74168ed9b5a8,82ffe03d4b6d0cae98bd870d5c5de0d65c4d4759,2026-07-16,2026-07-26
FL,Conduent,NEW PORT RICHEY,2026-06-27,2026-07-31,1,unknown,,0,0,1,https://reactwarn.floridajobs.org/WarnList/,6c7a86cb8af532131c775b4b8225483101489f8d0eaa6e36d3395b36,874fcc920590de0be591142c455958f82de93296,2026-07-16,2026-07-26
FL,Conduent,ORANGE PARK,2026-06-27,2026-07-31,1,unknown,,0,0,1,https://reactwarn.floridajobs.org/WarnList/,26e7795bcb812961d3613a1f7a2a04be1ab8c756245f24728e4f1985,899ad6dc9d94a3357d9e37e9ac4554a5bd1440f1,2026-07-16,2026-07-26
FL,Conduent,LAKE CITY,2026-06-27,2026-07-31,1,unknown,,0,0,1,https://reactwarn.floridajobs.org/WarnList/,8c8b91ad4c2cc27bbd5c86b016716302751c51635c08e32d265ea237,950153fe16dcdb2a960d94f7804f06e0490a9f62,2026-07-16,2026-07-26
FL,Conduent,GAINESVILLE,2026-06-27,2026-07-31,1,unknown,,0,0,1,https://reactwarn.floridajobs.org/WarnList/,10b01da3ad12c22cef610897bb395faa26fb715bd39342cb858b3ddc,9641d48f0cf30d4def5e981a74c3179a664cb5e2,2026-07-16,2026-07-26
FL,Conduent,PANAMA CITY,2026-06-27,2026-07-31,1,unknown,,0,0,1,https://reactwarn.floridajobs.org/WarnList/,a88236adec7ab1e50a956722ee11b715aa17a3fbe63b0ad74926772e,99c3335e0cb059ddd4cc60bebb30434aa49b5fdd,2026-07-16,2026-07-26
FL,Conduent,TALLAHASSEE,2026-06-27,2026-07-31,1,unknown,,0,0,1,https://reactwarn.floridajobs.org/WarnList/,b4c2263598b2b87de9ce1ff72ce283649b00cf411bffcd215158a9bd,9ab98c266dd5a384370836e8229c18371b30399f,2026-07-16,2026-07-26
FL,Conduent,TAMARAC,2026-06-27,2026-07-31,1,unknown,,0,0,1,https://reactwarn.floridajobs.org/WarnList/,595b8b71e8fdae02e3a9dad27e54b8c8eccf3bb345939cf4e0f7941a,a250e3a2072f8370a048c32166eba636b121d8e3,2026-07-16,2026-07-26
FL,Conduent,LAND O LAKES,2026-06-27,2026-07-31,1,unknown,,0,0,1,https://reactwarn.floridajobs.org/WarnList/,817dc4d86f4bf4845ee2a385e8846f4307e9ff460d4f06bd3543b3f3,a30044f2d84a6f646736dff000330d06f75230dc,2026-07-16,2026-07-26
FL,Conduent,SEBASTIAN,2026-06-27,2026-07-31,1,unknown,,0,0,1,https://reactwarn.floridajobs.org/WarnList/,367435921247fc1dc51931b05b1a96f194057307b48829eea177f0d7,a49dd8b230964b87c2d849ddc11895d58ceaa43f,2026-07-16,2026-07-26
FL,Conduent,DAVENPORT,2026-06-27,2026-07-31,1,unknown,,0,0,1,https://reactwarn.floridajobs.org/WarnList/,95e5873f980ebefd4e6f2d24ccb6efee8d9a5ddb3b49ddd729cf4c14,aa04bf2068b9a5b46a9ca2a68d9394291d4d44b1,2026-07-16,2026-07-26
FL,Conduent,DELTONA,2026-06-27,2026-07-31,1,unknown,,0,0,1,https://reactwarn.floridajobs.org/WarnList/,b807b855b8ba04aa1debe789068929d43c8541b9a984aebf4201c12e,b027cef0efab85e69d7787f4b94183317b2e59fa,2026-07-16,2026-07-26
FL,Conduent,TAMPA,2026-06-27,2026-07-31,1,unknown,,0,0,1,https://reactwarn.floridajobs.org/WarnList/,c4cae77559f891409b96e3937eb182de25e13f48b04a958f33e7e341,c37c37748b81a11598d90bad671fa3b7f9956430,2026-07-16,2026-07-26
FL,Conduent,MIAMI,2026-06-27,2026-07-31,1,unknown,,0,0,1,https://reactwarn.floridajobs.org/WarnList/,3374282ecc7959ecae8778d529f2afea72d699a2ccff61f855fcd9c4,c590ecb20867632d64233cce9dd04feb5084b33f,2026-07-16,2026-07-26
FL,Conduent,CLEAR WATER,2026-06-27,2026-07-31,1,unknown,,0,0,1,https://reactwarn.floridajobs.org/WarnList/,0876b9f5a8c93dfd8bd951e6b218441d4e6c3b76f881b99080976b77,d1bcde118805c6f6a42760560bc92c1c14ca236d,2026-07-16,2026-07-26
FL,Conduent,CITRUS SPRINGS,2026-06-27,2026-07-31,1,unknown,,0,0,1,https://reactwarn.floridajobs.org/WarnList/,fc74d7356496918661551ea41cbe2500fbf89f29dda7b7a4102d8a9f,da7d771454af94aae79ab8fd94e4967640a57c4c,2026-07-16,2026-07-26
FL,Conduent,DAVIE,2026-06-27,2026-07-31,1,unknown,,0,0,1,https://reactwarn.floridajobs.org/WarnList/,68bce562310a9122a210a1c61d1871d703251d1b31b1c39039065441,dc2918ffd0f358f3f3921e079694329d3d973898,2026-07-16,2026-07-26
FL,Conduent,WELLBORN,2026-06-27,2026-07-31,1,unknown,,0,0,1,https://reactwarn.floridajobs.org/WarnList/,eab52d7999f5ffe99aed8ef6dc3c9c873fb8574e8e4c864e1b10fdef,ef4015363120e9c49ccc037223795bb8af8e0ccb,2026-07-16,2026-07-26
FL,"MV Transportation, Inc.",FORT WALTON BEACH,2026-06-30,2026-08-31,53,unknown,,0,0,1,https://reactwarn.floridajobs.org/WarnList/,031f51993c8a307386a99ba45f7baef8da8c1a6f262c51af2716a043,3e925e4f3ac223966302f81db88c34574ce29e4f,2026-07-16,2026-07-26
FL,Notions Marketing,CLEAR WATER,2026-07-02,2026-06-28,3,unknown,,0,0,1,https://reactwarn.floridajobs.org/WarnList/,7f1b83b1f04054c83c220a4c3fadcebe95a7f0fe86c19a6be1864d70,e50dc6f2ea55a9fd2cf717ae8363f47d0910ab8c,2026-07-16,2026-07-26
FL,Amazon,PORT SAINT LUCIE,2026-07-16,2026-09-17,494,unknown,,0,0,1,https://reactwarn.floridajobs.org/WarnList/,7b8f057ff673f929698480702b35a55db3d8a3603f55975daffe0367,5f52b0904324909a13adc746aa0750bb6376a3dc,2026-07-16,2026-07-26
FL,Magic Leap,PLANTATION,2026-07-16,2026-10-01,193,unknown,,0,0,1,https://reactwarn.floridajobs.org/WarnList/,77cef0f242d2e60b499f75cd580ecbb96d082c43146e3c4939be10f2,7e45421129d1354a0295685bc624402917f32619,2026-07-21,2026-07-26
FL,Temco Logistics,HIALEAH,2026-07-16,2026-10-03,60,unknown,,0,0,1,https://reactwarn.floridajobs.org/WarnList/,fb0b2843280682e61aaf0870f203f83d15500072a106e91642e6e364,7d8818d98eb60ea17f621279ece9b5d4bc0f5ad6,2026-07-16,2026-07-26
FL,"Freight Handlers, LLC (FHI)",SARASOTA,2026-07-20,2026-09-19,17,unknown,,0,0,1,https://reactwarn.floridajobs.org/WarnList/,9ab26e2fd04e2f8af212cb0d9621038c4fd875a01960ff466712e17f,81b6e88ac721eb53cfd67f5c063481277cd55cfa,2026-07-21,2026-07-26
FL,"Freight Handlers, LLC (FHI)",LAKELAND,2026-07-20,2026-09-19,37,unknown,,0,0,1,https://reactwarn.floridajobs.org/WarnList/,df6f1fed1c1259e56e62404943024010a9837bd40a12bb6c9a05a502,e0e060dfdf792ad4564caa6a4abfa0aaad5418d0,2026-07-21,2026-07-26
FL,"Parallel Florida, LLC",WIMAUMA,2026-07-21,2026-07-06,157,unknown,,0,0,1,https://reactwarn.floridajobs.org/WarnList/,f080ec047a3e8f77e63cca4b2d5b1756aa8464a10b11dce16227bc53,8b34cd789a9acb9c3ab6356de2707e7718ad9234,2026-07-22,2026-07-26
FL,"Parallel Florida, LLC",LAKELAND,2026-07-21,2026-07-06,54,unknown,,0,0,1,https://reactwarn.floridajobs.org/WarnList/,c18480d40a55928a2d2df7b8d6da7e85cabbd5e99ca569872696926e,cfac913868001314500948dff2f2b4310021bc44,2026-07-22,2026-07-26
