state,employer_name,normalized_name,canonical_name,industry,naics,naics_basis,cik,ticker,cik_match,sic,sic_description,ein,ntee,lei,wikidata_qid,wikidata_match,parent_company,parent_cik,identity_source,employer_key,location,notice_date,effective_date,employees_affected,layoff_type,is_temporary,is_amendment,is_amended,current_version,source_url,source_notice_id,dedupe_key,first_seen,last_seen
IN,"Mitsubishi Heavy Equipment Climate Control, Inc",mitsubishi heavy equipment climate control,,Manufacturing,333999,source,,,,,,,,,,,,,,n:mitsubishi heavy equipment climate control,Franklin,2008-07-10,2008-09-12,60,closure,,0,0,1,https://www.in.gov/dwd/warn-notices/current-warn-notices/,a6d6f34edcece7fba0c92ab9ecdce6e3c40a4a23128883ce85cc61d0,55b02b9fdadc2d6dde3caa933bc5ecbdf5ac0423,2026-07-16,2026-07-19
IN,"American Airlines, Inc.",american airlines,American Airlines,Air Transportation,481111,source,4515,,exact,4512,"Air Transportation, Scheduled",,,,Q32396,cik,AMR Corporation,,automatic,qid:Q32396,Indianapolis,2008-07-14,2008-09-05,4,unknown,,0,0,1,https://www.in.gov/dwd/warn-notices/current-warn-notices/,3c7d17b97b2fa3a237fe27deef80faeaff4b05bf3c07241957a076b3,2ba88bc40f28ae11da645989c03735548f1c3b72,2026-07-16,2026-07-19
IN,Republic Airways,republic airways,Republic Airways Holdings,Air Transportation,481111,source,1159154,,suffix,4512,"Air Transportation, Scheduled",,,,Q1536457,cik,,,automatic,qid:Q1536457,Indianapolis,2008-07-14,2008-09-10,,unknown,,0,0,1,https://www.in.gov/dwd/warn-notices/current-warn-notices/,91d32c0b8f7cc4bac1926c2b44b90ed61dbaa474b9ad1c6b05dd244f,57bb929db318074136dad1b8a155d3fdbef21b9a,2026-07-16,2026-07-19
IN,Monaco Coach,monaco coach,Monaco Coach Corporation,Motor Home Manufacturing,336213,source,910619,,exact,3711,Motor Vehicles & Passenger Car Bodies,,,,Q6897773,label,,,automatic,qid:Q6897773,Elkhart & Nappanee,2008-07-17,2008-09-17,1430,closure,,0,0,1,https://www.in.gov/dwd/warn-notices/current-warn-notices/,eda0a371af6784b77a2e8cce4392569c7a51db68c4da40c6e87a5d47,198a9b64c7cedc0da262c11199335d26980b03e1,2026-07-16,2026-07-19
IN,GECOM Corp,gecom,,Engine Parts Manufacturing,336312,source,,,,,,,,,,,,,,n:gecom,North Vernon,2008-07-20,2008-09-28,136,unknown,,0,0,1,https://www.in.gov/dwd/warn-notices/current-warn-notices/,0919158a502a60dbe0816765c690c6e21545b89aa9501fb1fb2b9c07,946323ee34705fc8c7ba2b2fa3397d44d5e6f016,2026-07-16,2026-07-19
IN,Sundowner Trailers,sundowner trailers,,Motor Home Manufacturing,336213,source,,,,,,,,,,,,,,n:sundowner trailers,Elkhart,2008-08-01,2008-10-03,80,closure,,0,0,1,https://www.in.gov/dwd/warn-notices/current-warn-notices/,f4012195084cd3ba518be6bb353f432352b5b848853d7356458258e6,1b917b7025de2408622036af72c64276173e5601,2026-07-16,2026-07-19
IN,Trellborg Automotive,trellborg automotive,,Engine Parts Manufacturing,336312,source,,,,,,,,,,,,,,n:trellborg automotive,Peru,2008-08-12,2008-10-08,180,closure,,0,0,1,https://www.in.gov/dwd/warn-notices/current-warn-notices/,30c27b6b9965eb5362a30b37af86dc991908208ab25d37b58a9674d5,5992536e52c89a3157b84b21ad159874bdb7d1e2,2026-07-16,2026-07-19
IN,Parsons,parsons,PARSONS INC,Radioactive Material Disposal,562211,source,,,,,,823822343,X20,549300ZXH0VRBSEPX752,,,PARSONS CORP,275880,automatic,ein:823822343,Newport,2008-08-15,2008-08-23,412,closure,,0,0,1,https://www.in.gov/dwd/warn-notices/current-warn-notices/,c37d8774cf1bc2df94ee53a802d9a6149d3621ec8e0359546167f7b4,0a06ef40604804144cb0a5380da05bcfdc9aff0d,2026-07-16,2026-07-19
IN,Atlantis Plastics (1121 Herman Street),atlantis plastics 1121 herman street,,Plastics Manufacturing,326199,source,811828,,exact:base,3081,Unsupported Plastics Film & Sheet,,,,,,,,automatic,cik:811828,Elkhart,2008-08-17,2008-10-31,20,closure,,0,0,1,https://www.in.gov/dwd/warn-notices/current-warn-notices/,544d30069d105313f40356b233ef699821f0b10720880d8b9b0a8a97,c281ef55353140a74a41056fd08e1e532b230e3a,2026-07-16,2026-07-19
IN,Atlantis Plastics (2965 La Vanture Place),atlantis plastics 2965 la vanture place,,Plastics Manufacturing,326199,source,811828,,exact:base,3081,Unsupported Plastics Film & Sheet,,,,,,,,automatic,cik:811828,Elkhart,2008-08-17,2008-10-27,78,closure,,0,0,1,https://www.in.gov/dwd/warn-notices/current-warn-notices/,6708012244eba65061d7f1c8d505236e264e991a29b0fd28e8376f8d,0b742021648b86a7cccd59a3dbd541b102a7cfa9,2026-07-16,2026-07-19
IN,Atlantis Plastics (54500 Country Road 3),atlantis plastics 54500 country road 3,,Plastics Manufacturing,326199,source,811828,,exact:base,3081,Unsupported Plastics Film & Sheet,,,,,,,,automatic,cik:811828,Elkhart,2008-08-17,2008-10-31,72,closure,,0,0,1,https://www.in.gov/dwd/warn-notices/current-warn-notices/,447a85b7182411bdb902c9340a489352c5ef74a7468ce1df1a725300,a44bacc577bd95e08f714e9d64db997c3f9b8c79,2026-07-16,2026-07-19
IN,"MasterBrand Cabinets, Inc",masterbrand cabinets,MASTERBRAND CABINETS LLC,Wood Product Manufacturing,32199,source,,,,,,,,5493007WQW6SY8P4PA49,,,,,automatic,lei:5493007WQW6SY8P4PA49,Richmond,2008-08-26,2008-10-26,275,unknown,,0,0,1,https://www.in.gov/dwd/warn-notices/current-warn-notices/,a1b5391e42ad26387e80bf0a1e76251d8ca95b91d3404a2b521a18f4,29028d3c85406f651b2c3c7e699bc492fcea4170,2026-07-16,2026-07-19
IN,"Driggs Farms of Indiana, Inc.",driggs farms of indiana,,Ice Cream Manufacturing,31152,source,,,,,,,,,,,,,,n:driggs farms of indiana,Decatur,2008-08-27,2008-08-26,200,closure,,0,0,1,https://www.in.gov/dwd/warn-notices/current-warn-notices/,0497eca7610ca68c135450ded4c892a724b7a78ea85596e7a83cb899,2061a35794e635c76bc22daf20b98202c22091f3,2026-07-16,2026-07-19
IN,Eli Lilly and Company,eli lilly,Eli Lilly and Company,Pharmaceutical Preparation Manufacturing,325412,source,,,,,,,,FRDRIPF3EKNDJ2CQJL29,Q632240,label,,,automatic,qid:Q632240,"Indianapolis, 1400 West Raymond Street",2008-08-28,2008-10-30,98,unknown,,0,0,1,https://www.in.gov/dwd/warn-notices/current-warn-notices/,5a5a8f42e03fe388372e9fcd2d72c3e4822818f7dd4bbbf78031b13d,018fbe1306ad7d4066eeda8e95201d6a3f7288ef,2026-07-16,2026-07-19
IN,Eli Lilly and Company,eli lilly,Eli Lilly and Company,Pharmaceutical Preparation Manufacturing,325412,source,,,,,,,,FRDRIPF3EKNDJ2CQJL29,Q632240,label,,,automatic,qid:Q632240,"Indianapolis, Corporate Center",2008-08-28,2008-10-30,84,unknown,,0,0,1,https://www.in.gov/dwd/warn-notices/current-warn-notices/,cab4574bdedad832260611a48634e2c210cea3c0680ad08d38d109ac,459aa96d28f10ae967b621af3d90ea08f24f37bd,2026-07-16,2026-07-19
IN,PSC Metals Inc,psc metals,,Secondary Smelting/Alloying of Aluminum,331314,source,,,,,,,,,,,ICAHN ENTERPRISES HOLDINGS L.P.,1034563,,n:psc metals,Burns Harbor,2008-08-28,2008-10-14,108,closure,,0,0,1,https://www.in.gov/dwd/warn-notices/current-warn-notices/,a2b6c101f89e014c091c851cede987172feef0a14f861abb72316197,1b66fe122d92a3f502f022de84b3c42a3eb2c0f9,2026-07-16,2026-07-19
IN,LEAR Corporation,lear,Lear Corporation,Automotive Interior Systems and Components,336399,source,842162,LEA,exact,3714,Motor Vehicle Parts & Accessories,,,,Q502344,cik,,,automatic,qid:Q502344,Hammond,2008-09-03,2008-11-03,121,unknown,,0,0,1,https://www.in.gov/dwd/warn-notices/current-warn-notices/,0272ec6803369fed330421724ae7805acdce9c3e80c7ec47d86fda77,64f24772e2fc922168ad766da3757d5eb02606f4,2026-07-16,2026-07-19
IN,Kurz Kasch,kurz kasch,,Coil Manufacturing,335931,source,,,,,,,,,,,,,,n:kurz kasch,Wabash,2008-09-04,2008-09-04,72,unknown,,0,0,1,https://www.in.gov/dwd/warn-notices/current-warn-notices/,306c6b5adc4fed3e4a24ca2112f3a1e28e61ab5f646f47500cc160d9,ddc3d279f049d9bf208cd17d1eb176fa470b5d44,2026-07-16,2026-07-19
IN,Flexsteel,flexsteel,,"Household Furniture, Ex. Wood or Metal",337125,source,37472,FLXS,listed-extension,2510,Household Furniture,,,,,,,,automatic,cik:37472,New Paris,2008-09-10,2008-11-09,157,closure,,0,0,1,https://www.in.gov/dwd/warn-notices/current-warn-notices/,e4a4b629ce5178c2c0b442a2121f9e1bfe90d4a820f7e62262191c9e,06c26e1192d202ee51acfaa8ba08a0735fdec075,2026-07-16,2026-07-19
IN,DriveSol Worldwide Inc.,drivesol worldwide,,Motor Vehicle Body Manufacturing,336211,source,1348080,,suffix,,,,,,,,,,automatic,cik:1348080,Kendallville,2008-09-11,2008-12-21,157,closure,,0,0,1,https://www.in.gov/dwd/warn-notices/current-warn-notices/,0235eae175c417e30a76af55250595199e7516a892e9e1e65dea32ce,e2a01d055c8ece9210038ef6ada35cd021931528,2026-07-16,2026-07-19
IN,Southwest Research Institute,southwest research institute,,All Other Professional & Technical Svc,541990,source,,,,,,,,,,,,,,n:southwest research institute,Clinton,2008-09-23,2008-01-09,92,unknown,,0,0,1,https://www.in.gov/dwd/warn-notices/current-warn-notices/,dc31acab729d648486b1131442e64c979f796849c6d896cd9305982b,2db87e7952907f891e8a0811347fae4738da5364,2026-07-16,2026-07-19
IN,Scott Brass Inc.,scott brass,,Other Fabricated Wire Product Manufacturing,332618,source,1391272,,suffix,,,,,,,,,,automatic,cik:1391272,Mishawaka & New Carlisle,2008-10-08,2008-10-08,107,unknown,,0,0,1,https://www.in.gov/dwd/warn-notices/current-warn-notices/,b2ce6a5296dc6b596190f967625f7f77cd1674ef204ddbdbdcc501cc,7965ec97d7e8d94f6fda44ba66049dfc24c2c453,2026-07-16,2026-07-19
IN,Great Dane Trailers,great dane trailers,Great Dane Trailers,Truck Trailer Manufacturing,336212,source,,,,,,,,,Q28404758,label,,,automatic,qid:Q28404758,Terre Haute,2008-10-09,2008-10-17,108,unknown,,0,0,1,https://www.in.gov/dwd/warn-notices/current-warn-notices/,c957bafa749b7668498cbd8820f025c787969ce7fe179ddb00321309,dae878d04c14803d948fde9bd36f21594ae7445f,2026-07-16,2026-07-19
IN,Kmart Corporation,kmart,,All Other General Merchandise Stores,452990,source,56824,,exact,5331,Retail-Variety Stores,,,,,,,,automatic,cik:56824,Clarksville,2008-10-15,2008-12-18,53,closure,,0,0,1,https://www.in.gov/dwd/warn-notices/current-warn-notices/,61ae463f241d592d528a3c736cc68b827b32608db725dad7a51e72e6,7f9f64c00b958ec5cd6488df91157a0d225e37bf,2026-07-16,2026-07-19
IN,Sears Holdings Corporation,sears holdings,Sears Holdings Corporation,"Department Stores, ex. Discount",452111,source,1310067,,exact,5311,Retail-Department Stores,,,,Q966556,cik,,,automatic,qid:Q966556,Indianapolis (2 locations),2008-10-15,2009-01-11,110,closure,,0,0,1,https://www.in.gov/dwd/warn-notices/current-warn-notices/,872bf12cdfc30601e71eaf49aee690e2676162aff0877fbe57c98144,9d8e1289185dd9358a839e3941396acddd65ebb2,2026-07-16,2026-07-19
IN,Taylor University,taylor university,TAYLOR UNIVERSITY,Colleges and Universities,611310,source,,,,,,350868181,B42Z,,,,,,automatic,ein:350868181,Fort Wayne,2008-10-16,2008-11-01,93,closure,,0,0,1,https://www.in.gov/dwd/warn-notices/current-warn-notices/,755e612772d2c931d4ff3412c7ffd4c3bf81e0a25b878738e4a72682,1c92cc5897adfc2258e2ce36a2d19b9407db3dec,2026-07-16,2026-07-19
IN,Salga Inc.,salga,,All Other Plastics Product Manufacturing,326199,source,,,,,,,,,,,,,,n:salga,Fremont,2008-10-21,2008-12-20,83,closure,,0,0,1,https://www.in.gov/dwd/warn-notices/current-warn-notices/,a18177a7d4b146b245436a27e16d90cf3064e80b4bf8134b8e26639c,5173693d67d17f4145b8a9fcfe16672721e7053e,2026-07-16,2026-07-19
IN,"Archer Land Title, Inc.",archer land title,,Other Depository Credit Intermediation,522190,source,,,,,,,,,,,,,,n:archer land title,Indianapolis,2008-10-24,2008-11-03,48,unknown,,0,0,1,https://www.in.gov/dwd/warn-notices/current-warn-notices/,53bca985ed6baf27b8323fb4030ebd486faffea14810c324b17986e1,c1515523b8484452b351fdba02cee7db14593253,2026-07-16,2026-07-19
IN,HYOSUNG (America) INC.,hyosung america,,Iron and Steel Pipe and Tube Manufacturing,33121,source,,,,,,,,,,,,,,n:hyosung,Scottsburg,2008-10-31,2008-12-31,154,closure,,0,0,1,https://www.in.gov/dwd/warn-notices/current-warn-notices/,6da83c7edccbbc228c6dfd772838e02fcdaa86e49d2d2d4be601cb7a,f92c7a5f6b3dde6f9c77e79aaf3c5d537d377a25,2026-07-16,2026-07-19
IN,Roche Diagnostics,roche diagnostics,Roche Diagnostics,Surgical and Medical,339112,source,,,,,,,,,Q1592110,label,Hoffmann-La Roche,,automatic,qid:Q1592110,Indianapolis,2008-10-31,2008-12-31,323,unknown,,0,0,1,https://www.in.gov/dwd/warn-notices/current-warn-notices/,9243a58b244c771ab1598d752ff59c73513bf506881440a64be3172f,c93d583b8e382717d29a75d745b842c3da55531e,2026-07-16,2026-07-19
IN,"Kinro, Inc",kinro,,Manufacturer of windows for homes and RV industry,32721,source,,,,,,,,,,,,,,n:kinro,Bristol,2008-11-05,2009-01-05,143,unknown,,0,0,1,https://www.in.gov/dwd/warn-notices/current-warn-notices/,5d3dfbec11880609d32ced22e0eea39277769f22aba7e042830908a1,4e2f5d863a4c201171dcfa5b2e6180abcb1f2ace,2026-07-16,2026-07-19
IN,Meridian Automotive,meridian automotive,,Miscellaneous Fabricated Metal,332999,source,,,,,,,,,,,,,,n:meridian automotive,Huntington,2008-11-05,2008-11-14,186,closure,,0,0,1,https://www.in.gov/dwd/warn-notices/current-warn-notices/,1588e6d530ca9393d0e29b0d32f8bae927d3e685f3503d329db68be6,6d1cb77e410619fbbba369100e1f961ade887d0b,2026-07-16,2026-07-19
IN,Target Store,target store,,Discount Department,452112,source,,,,,,,,,,,,,,n:target store,Indianapolis S. East Street,2008-11-05,2008-11-17,80,closure,,0,0,1,https://www.in.gov/dwd/warn-notices/current-warn-notices/,aed47384bfe3c77f62c41d3627c7786fa0de8317489fc50c6fce71ca,5862f799f519f00045ea8dedda074fc60de8f7b3,2026-07-16,2026-07-19
IN,Fruedenburg-NOK,fruedenburg nok,,All Other Motor Vehicle Parts Mfg,336399,source,,,,,,,,,,,,,,n:fruedenburg nok,Scottsburg,2008-11-06,2009-01-09,85,closure,,0,0,1,https://www.in.gov/dwd/warn-notices/current-warn-notices/,6566a65f70caadaefed5407334526eb80eadd318dfe3fe8f60c1fc1f,272fabb788937e7a722b909d76ea2a836dc79282,2026-07-16,2026-07-19
IN,Thomson Inc.,thomson,Thomson Reuters,Audio and Visual Equipment,334310,source,1075124,TRI,exact:listed,2741,Miscellaneous Publishing,,,,Q1141267,cik,The Woodbridge Company,,automatic,qid:Q1141267,Carmel,2008-11-06,2008-01-04,71,unknown,,0,0,1,https://www.in.gov/dwd/warn-notices/current-warn-notices/,bade0482d2d4ac9fee537d029425a33162939d52ff99e0a7860f29b5,49c7261eef4a890423d37303a6cef02d2234afdb,2026-07-16,2026-07-19
IN,"Central Manufacturing, Inc",central manufacturing,,Motor Vehicle Metal Stamping,336370,source,,,,,,,,,,,,,,n:central manufacturing,Parker City,2008-11-07,2009-01-06,58,closure,,0,0,1,https://www.in.gov/dwd/warn-notices/current-warn-notices/,a47ade322932320b2de563e51eeadb7d0f14543db44f80e6e427b184,932b688c4f2fa8b162809051ee86914b3a28df87,2026-07-16,2026-07-19
IN,Palladium-Item,palladium item,,Newspaper Publishers,511110,source,,,,,,,,,,,,,,n:palladium item,Richmond,2008-11-11,2009-01-10,60,unknown,,0,0,1,https://www.in.gov/dwd/warn-notices/current-warn-notices/,835bcec9a0e19796f40ca04020dcba0875a83d1db4b7386fc0f3b807,9b58444c5df4f35915a60bc1f6ee008d415119ee,2026-07-16,2026-07-19
IN,Modine Manufacturing,modine manufacturing,,All Other Motor Vehicle Parts,336399,source,67347,MOD,exact,3714,Motor Vehicle Parts & Accessories,,,,,,,,automatic,cik:67347,Logansport,2008-11-17,2009-01-23,147,closure,,0,0,1,https://www.in.gov/dwd/warn-notices/current-warn-notices/,98d40a8ba33f752f1ab9de304b09fd161ac60cd9beafb98b6bc5d1e2,fc54a7c72fa577623cc17f217887483208d6d830,2026-07-16,2026-07-19
IN,"Starcraft RV, Inc.",starcraft rv,,Travel Trailer and Camper,336214,source,,,,,,,,,,,,,,n:starcraft rv,Topeka,2008-11-17,2009-01-17,244,closure,,0,0,1,https://www.in.gov/dwd/warn-notices/current-warn-notices/,c5fb42f1176b1e6d879dab0f1cf4054e905d08eecce682bb45d856b8,61942fbef20cffe8ef85762ab47dcc5b706299b5,2026-07-16,2026-07-19
IN,Knauf Insulation,knauf insulation,"Knauf Insulation, Inc.",All Other Miscellaneous Manufacturing,339999,source,,,,,,,,549300DV3I8VJDFMH812,,,,,automatic,lei:549300DV3I8VJDFMH812,Shelbyville,2008-11-18,2008-01-18,65,unknown,,0,0,1,https://www.in.gov/dwd/warn-notices/current-warn-notices/,57cec2d2d94041591ba1f6df333c3a8dc3bda5d95206238b04d2afbf,8da66864e076e31ede8dc509a2e340ad7309f664,2026-07-16,2026-07-19
IN,Accent Marketing,accent marketing,,All Other Business Support Services,561499,source,,,,,,,,,,,"Startek, Inc.",1031029,,n:accent marketing,New Albany,2008-11-20,2009-01-20,164,unknown,,0,0,1,https://www.in.gov/dwd/warn-notices/current-warn-notices/,45837a6651b3525cb1be335b574dd7a4ebebfb61c296a8c0d756e9f6,a3a893e575631dfa908d2c8b5c83b1fd5cc21ee3,2026-07-16,2026-07-19
IN,Bluegreen Corp.,bluegreen,Bluegreen Corporation,All Other Professional & Technical Svc,541990,source,778946,,exact,6531,Real Estate Agents & Managers (For Others),,,,Q4930359,cik,,,automatic,qid:Q4930359,Indianapolis,2008-11-20,2009-01-20,92,unknown,,0,0,1,https://www.in.gov/dwd/warn-notices/current-warn-notices/,99686aa5fe65113a15e1de36ecab8290e61aac035739f726ff132045,77e7a7054c23f1c2fd2b41450469034e35206ad8,2026-07-16,2026-07-19
IN,MI Windows and Doors Inc,mi windows and doors,,Other Metal Manufacturing,332999,source,,,,,,,,,,,,,,n:mi windows and doors,Lebanon,2008-11-20,2008-11-20,133,closure,,0,0,1,https://www.in.gov/dwd/warn-notices/current-warn-notices/,a17e153774152deabae2ee7f09ab9dc0009b8fb6c33557d884f62097,2edded027b80957ca42681542c3a78ac6344d5d1,2026-07-16,2026-07-19
IN,ArcelorMittal USA Inc.,arcelormittal usa,,Iron and Steel Mills,331111,source,,,,,,,,,,,,,,n:arcelormittal usa,Burns Harbor,2008-11-21,2009-01-25,2444,unknown,,0,0,1,https://www.in.gov/dwd/warn-notices/current-warn-notices/,5ff934fb6a4b7089a37ce0b9e533eee4f71ab661851d573591860bf9,253e253b55c73eb9cfdedf1ca2a080780d902103,2026-07-16,2026-07-19
IN,Fleetwood,fleetwood,,Travel Trailer and Camper Manufacturing,336214,source,,,,,,,,,,,,,,n:fleetwood,Crawfordsville,2008-11-21,2009-01-16,109,closure,,0,0,1,https://www.in.gov/dwd/warn-notices/current-warn-notices/,b0b54aff3693556fd9c80bfdce4e4a1249be372d82dac9a352ba8d53,c693793d53e5053a167f5f017f5f4abf76ae6475,2026-07-16,2026-07-19
IN,"Harford Metal Products, Inc",harford metal products,,All Other Motor Vehicle Parts Mfg,336399,source,,,,,,,,,,,,,,n:harford metal products,Hartford City,2008-11-21,2009-01-20,38,closure,,0,0,1,https://www.in.gov/dwd/warn-notices/current-warn-notices/,30531babe4d44b327c78c069fcbb3e9d4e48c586ec1bb1314dcf15ab,2b47b2f3488ca4090f1f2b026b9e2aa09b79199f,2026-07-16,2026-07-19
IN,KM Plan Services,km plan services,,Other Services to Buildings & Dwellings,561790,source,,,,,,,,,,,,,,n:km plan services,Hammond,2008-11-26,2008-01-23,239,unknown,,0,0,1,https://www.in.gov/dwd/warn-notices/current-warn-notices/,8e4b7706c589e2c67f3a300f279ad8080f491f2b5b6abed880964bb1,013f828aa04d4ae674d45bf042f80d9e086ca729,2026-07-16,2026-07-19
IN,Dexter Axle Company,dexter axle,,Fabricated Structural Metal Mfg,332312,source,,,,,,,,,,,,,,n:dexter axle,North Manchester,2008-12-01,2009-02-02,164,closure,,0,0,1,https://www.in.gov/dwd/warn-notices/current-warn-notices/,41d1f041d22cfc129998bb2276f6e605fc661bb58b61e86b4e7c1050,46c29d5ab11366a0d33414eb995b9d9efaf77adb,2026-07-16,2026-07-19
IN,Hoosier Hand-Pak,hoosier hand pak,,Packaging and Labeling,561910,source,,,,,,,,,,,,,,n:hoosier hand pak,Terre Haute,2008-12-01,2008-10-17,60,closure,,0,0,1,https://www.in.gov/dwd/warn-notices/current-warn-notices/,a10dc19e70f45f882c5317066d5ad9168e33ab69851e09198f5425b4,71fd7f25bd0654c3b9f97c4367438074b43d4ecd,2026-07-16,2026-07-19
IN,SourceNet inc.,sourcenet,,Employment Placement Agencies,561310,source,,,,,,,,,,,,,,n:sourcenet,East Chicago,2008-12-01,2009-12-05,48,closure,,0,0,1,https://www.in.gov/dwd/warn-notices/current-warn-notices/,b7cf651ff14b62f276fa5e9dae69ead08dc27f1c57d8fd4048f8507a,4fbedd23fb50bf3199b82cc21793b3fdf00e328e,2026-07-16,2026-07-19
IN,DHL Express,dhl express,DHL,Couriers,492110,source,,,,,,,,,Q489815,label,Deutsche Post AG,,automatic,qid:Q489815,"Indianapolis, Johnson Road",2008-12-03,2008-01-23,80,unknown,,0,0,1,https://www.in.gov/dwd/warn-notices/current-warn-notices/,e87f2214c84969d66a7bab943ce8838fc28aa2603845011fd21b638e,1c41f57a28337615f66dd88b0eafc4923a38107b,2026-07-16,2026-07-19
IN,DHL Express,dhl express,DHL,Couriers,492110,source,,,,,,,,,Q489815,label,Deutsche Post AG,,automatic,qid:Q489815,Lafayette,2008-12-03,2008-01-23,34,unknown,,0,0,1,https://www.in.gov/dwd/warn-notices/current-warn-notices/,ec53377b337013a68a99fff46f8b22e43cde3b7a3c73825445527d74,3b7e7b72580da2b03018929237be16ae9856c364,2026-07-16,2026-07-19
IN,DHL Express,dhl express,DHL,Couriers,492110,source,,,,,,,,,Q489815,label,Deutsche Post AG,,automatic,qid:Q489815,South Bend,2008-12-03,2008-01-23,70,unknown,,0,0,1,https://www.in.gov/dwd/warn-notices/current-warn-notices/,a24a36842ebf2326ca2a194b5f2af88497dcd4baff1418f1369c6f85,76c2d195b768e2bfd6ea2d6634eed7a4b6d253d7,2026-07-16,2026-07-19
IN,DHL Express,dhl express,DHL,Couriers,492110,source,,,,,,,,,Q489815,label,Deutsche Post AG,,automatic,qid:Q489815,"Indianapolis, Fortune Circle",2008-12-03,2008-01-23,109,unknown,,0,0,1,https://www.in.gov/dwd/warn-notices/current-warn-notices/,63bf2acfee41c27940b99212da0e3f55913ba23984255b3ede710d6a,9c623c5af2d5d4d61d4eb1318bd269ea09dd56ce,2026-07-16,2026-07-19
IN,DHL Express,dhl express,DHL,Couriers,492110,source,,,,,,,,,Q489815,label,Deutsche Post AG,,automatic,qid:Q489815,Bloomington,2008-12-03,2008-01-23,30,unknown,,0,0,1,https://www.in.gov/dwd/warn-notices/current-warn-notices/,5583369bf7b7c2c4ec96a971ce728d9fd4570f4f5538fa3a22330713,ec9ad0408e76b104a7aaddcd2f82ac6a4cc09086,2026-07-16,2026-07-19
IN,Arbonne International,arbonne international,,Other Direct Selling Establishments,454390,source,,,,,,,,,,,,,,n:arbonne international,Greenwood,2008-12-08,2009-02-08,95,unknown,,0,0,1,https://www.in.gov/dwd/warn-notices/current-warn-notices/,8a398241fc3bce4620c28c8f2034c28c1edfdfd0f0f723c7c731cfe1,94460fe5aee22882aa5fccc5bddbce1ba5828887,2026-07-16,2026-07-19
IN,Odyssey Group LLC,odyssey group,,Wiring & Equipment,423610,source,,,,,,,,,,,,,,n:odyssey group,Bristol,2008-12-08,2008-12-01,170,closure,,0,0,1,https://www.in.gov/dwd/warn-notices/current-warn-notices/,7d286fc34e197fe54ea9b83f1e52598c0220ff6b9edc8614da7ff95a,c884a0e2c3e29db223ce6fe30d2b62af8b23b012,2026-07-16,2026-07-19
IN,Dalton Corporation,dalton,Dalton Corporation (Japan),Iron Foundries,331511,source,,,,,,,,,Q138860523,label,,,automatic,qid:Q138860523,Kendallville,2008-12-09,2009-05-01,281,closure,,0,0,1,https://www.in.gov/dwd/warn-notices/current-warn-notices/,5ad1ef9549880920aa7622679bd799a3c2360aae11c869910e9c79e0,424ea19e90ebb5399d9efc64bba4b1f49a6a9baa,2026-07-16,2026-07-19
IN,Entegra Coach,entegra coach,,Travel Trailer and Camper Manufacturing,336214,source,,,,,,,,,,,,,,n:entegra coach,Wakarusa,2008-12-09,2009-02-07,134,closure,,0,0,1,https://www.in.gov/dwd/warn-notices/current-warn-notices/,2d5bababe5a2bc25986f7d32c0fd92a2878ebb4307474a73c0127c2e,15cfb7c55054057d5bff17291c28c777f8946dc0,2026-07-16,2026-07-19
IN,deflect-o Corporation,deflect o,,All Other Miscellaneous,339999,source,,,,,,,,,,,,,,n:deflect o,Indianapolis and Fishers,2008-12-11,2009-02-13,219,closure,,0,0,1,https://www.in.gov/dwd/warn-notices/current-warn-notices/,7ea3f38bec045769598667c412174c5aa6942266b2db181d4cc89064,6ab864a5baa5542f17eb4b3edd6cd09e30abb3e8,2026-07-16,2026-07-19
IN,Fortis Plastics,fortis plastics,,Other plastics product,32619,source,,,,,,,,,,,,,,n:fortis plastics,Elkhart,2008-12-17,2009-02-16,,unknown,,0,0,1,https://www.in.gov/dwd/warn-notices/current-warn-notices/,bee55ec3a01a6319c41c4d8a175386c3b64f40b80443ccfa4bea4af8,ccaee1b5f8e424425ceb0b950b79a657eda2e6b0,2026-07-16,2026-07-19
IN,ATI Alleheny Ludlum,ati alleheny ludlum,,Rolled Steel Shape,31221,source,,,,,,,,,,,,,,n:ati alleheny ludlum,New Castle,2008-12-22,2008-08-01,115,unknown,,0,0,1,https://www.in.gov/dwd/warn-notices/current-warn-notices/,6970d11e84e36e07d0023d3a641aed7131a0f1a5f21180bb3e975008,90d2a6761c882870119b7ef7dec94a9ebde6bc6f,2026-07-16,2026-07-19
IN,Roadway Express,roadway express,Roadway Express,"General Freight Trucking, Long-Dist TL",484121,source,1163562,,suffix,,,,,,Q109062339,cik,Yellow Corporation,,automatic,qid:Q109062339,South Bend,2008-12-28,2009-03-01,69,unknown,,0,0,1,https://www.in.gov/dwd/warn-notices/current-warn-notices/,8f8b2f841db4bbb2e60063ed647404ae5522403de62092633d92e8d0,3b6f1467b806576c58b4ed6cb336822e5bfba4f0,2026-07-16,2026-07-19
IN,Yellow Transportation,yellow transportation,,"General Freight Trucking, Long-Dist TL",484121,source,1266668,,exact:post-era,,,,,,,,,,automatic,cik:1266668,South Bend,2008-12-28,2009-03-01,60,unknown,,0,0,1,https://www.in.gov/dwd/warn-notices/current-warn-notices/,ab562ba64f48513e5440953bc4632f071c7b6c53350838e7d02e2944,2d0dbcd2bfb7c2b67f889848f9665cf7f974a402,2026-07-16,2026-07-19
IN,Beach Mold and Tool Inc.,beach mold and tool,,Industrial Mold Manufacturing,333511,source,,,,,,,,,,,,,,n:beach mold and tool,Albany,2009-01-06,2009-01-09,193,unknown,,0,0,1,https://www.in.gov/dwd/warn-notices/current-warn-notices/,dfc782efa331f5a21154bb419e72bb0a8cc91e9e9b18a2fefe69dd37,5cc5a897270e1cd5006392d893f2d0546b4cf27c,2026-07-16,2026-07-19
IN,Macy's Department Store,macy s department store,,"Department Stores, ex. Discount",452111,source,,,,,,,,,,,,,,n:macy s department store,Indianapolis,2009-01-08,2009-03-26,98,closure,,0,0,1,https://www.in.gov/dwd/warn-notices/current-warn-notices/,526cf520db8b3ffe5d3bdb82d8e5c43e54d1a42875887e83fd92e154,0b8107f786ed8fbe49fd7531bc7be5895cf9a3fe,2026-07-16,2026-07-19
IN,Color-Box,color box,,Abrasive Product Manufacturing,327910,source,,,,,,,,,,,,,,n:color box,Indianapolis,2009-01-09,2009-03-10,74,closure,,0,0,1,https://www.in.gov/dwd/warn-notices/current-warn-notices/,6cb34e184bd9f432d612e2adc8d81fe9040cb9da0b2194f0a5ca9cd1,f6d9fa374957ae56875540c0d338270a58f7df83,2026-07-16,2026-07-19
IN,General Aluminum,general aluminum,,Automotive Components,331524,source,,,,,,,,,,,,,,n:general aluminum,Richmond,2009-01-09,2009-03-08,84,unknown,,0,0,1,https://www.in.gov/dwd/warn-notices/current-warn-notices/,be90d50128775b459104a99cb89197619108bc599f7746f8b3c69917,7e4e9b600d266c4db4f8f59e990ae1550fa041be,2026-07-16,2026-07-19
IN,Patriot Homes,patriot homes,,Manufactured/Mobile Home Manufacturing,321991,source,,,,,,,,,,,,,,n:patriot homes,Middlebury,2009-01-09,2009-01-23,125,closure,,0,0,1,https://www.in.gov/dwd/warn-notices/current-warn-notices/,d71971fa03533f24520377eb17327df281473d23953b8e2f908ac7d3,c2b554bfc76b6b15cfb294b9c0edc789b51251c8,2026-07-16,2026-07-19
IN,Holm Industries,holm industries,,All Other Plastics Product Manufacturing,326199,source,,,,,,,,,,,,,,n:holm industries,Scottsburg,2009-01-12,2009-03-16,38,closure,,0,0,1,https://www.in.gov/dwd/warn-notices/current-warn-notices/,ff1d95fc2d458eadc2b31d9cc4585b840958994c195ea757fa4067fd,e5f4c65cb4ad751dbf1932bb2d4eb14ad520996c,2026-07-16,2026-07-19
IN,Kimball Office,kimball office,,Wood Office Furniture Manufacturing,337211,source,,,,,,,,,,,,,,n:kimball office,Borden,2009-01-12,2009-03-31,75,unknown,,0,0,1,https://www.in.gov/dwd/warn-notices/current-warn-notices/,53cb912fd9be85387a6532a226f971245565dc993b822da064cf32f5,30e4474c7da2ea8bdb8ad2b442d4626d4ed60938,2026-07-16,2026-07-19
IN,MAHLE,mahle,,Packages gaskets,322299,source,,,,,,,,,,,,,,n:mahle,Churubusco,2009-01-12,2009-06-01,78,closure,,0,0,1,https://www.in.gov/dwd/warn-notices/current-warn-notices/,e70349c9100ef2e18cf315c0dc58e0ce16c0e92bd3807da59f02da98,9d2617ca3b526ca06712eefb68262333031fdfa5,2026-07-16,2026-07-19
IN,"Sleep Innovations, Inc.",sleep innovations,,Other household products,314129,source,,,,,,,,,,,,,,n:sleep innovations,Elkhart,2009-01-12,2009-04-27,104,closure,,0,0,1,https://www.in.gov/dwd/warn-notices/current-warn-notices/,c1127cb66a4b81750683192f02f1b1e896b77724bd8fd0e0c2d28e9a,1d44bb672eaeaecf0c7678b87f1be5cbab5400fe,2026-07-16,2026-07-19
IN,AT&T,at t,AT&T,Other Electronic Parts Merchant Whsle,423690,source,732717,T,exact,4813,Telephone Communications (No Radiotelephone),,,,Q35476,cik,,,automatic,qid:Q35476,Indianapolis,2009-01-13,2009-03-16,115,unknown,,0,0,1,https://www.in.gov/dwd/warn-notices/current-warn-notices/,88b5f6904ca1412a7385a240d7dae35dd4b50f17ba4466d3ba18386b,6b7f31d4e6b2f1ce9255d5a37eea222ad74565a7,2026-07-16,2026-07-19
IN,"Liberty Homes, Inc",liberty homes,,New Single-Family Housing Construction,236115,source,59240,,exact:post-era,2452,Prefabricated Wood Bldgs & Components,,,,,,,,automatic,cik:59240,Syracuse,2009-01-16,2009-03-20,81,closure,,0,0,1,https://www.in.gov/dwd/warn-notices/current-warn-notices/,8791c44c66d4e4619e1809be62661a8492d92d613f58c627227d30b3,f322291cc27a2e4f3b842818e9aa8d678a272047,2026-07-16,2026-07-19
IN,OFS Brands,ofs brands,,Laboratory Apparatus and Furniture,339111,source,,,,,,,,,,,,,,n:ofs brands,Huntingburg,2009-01-22,2009-03-23,68,closure,,0,0,1,https://www.in.gov/dwd/warn-notices/current-warn-notices/,0d3caf15c5b157bce49bb92ab3f459e8643f9b4468eb21634111a01f,47f578b6f22fd23f8fdf290ec5d879c972f2d5d8,2026-07-16,2026-07-19
IN,International Paper,international paper,International Paper,Corrugated/SolidFiber Box Manufacturing,322211,source,51434,IP,exact,2621,Paper Mills,,,,Q202972,cik,International Power and Paper Company,,automatic,qid:Q202972,Hartford City,2009-01-23,2009-03-02,99,closure,,0,0,1,https://www.in.gov/dwd/warn-notices/current-warn-notices/,d075a35084f5bd3e117d7a4dbde06de7913f692228114c7cfd420ef3,0bffdcf7c14319e75ed7c9b6490012a7668308b9,2026-07-16,2026-07-19
IN,Teleperformance USA,teleperformance usa,,All Other Professional & Technical Svc,541990,source,1406914,,fuzzy:0.96,,,,,,,,,,automatic,cik:1406914,Fishers,2009-01-29,2009-04-03,395,unknown,,0,0,1,https://www.in.gov/dwd/warn-notices/current-warn-notices/,f237fb6113b54383187eb3dc45578a74c421d267074b6d2538c6bf07,69adc722d4f826c2cb55c8532e09198007a6637f,2026-07-16,2026-07-19
IN,Continental Automotive Systems,continental automotive systems,Continental Automotive Systems,Miscellaneous Electrical Equipment,335999,source,,,,,,,,,Q16250565,label,Continental AG,,automatic,qid:Q16250565,Elkhart,2009-01-30,2009-03-31,119,closure,,0,0,1,https://www.in.gov/dwd/warn-notices/current-warn-notices/,97d4e28a53b3c80b17b99c7f1fe086899a1b6a162b36d6744bf097e1,8407513d0c7127d5f1cc4a062e37eaff90597b55,2026-07-16,2026-07-19
IN,Dexter Axel,dexter axel,,All Other Motor Vehicle Parts Mfg,336399,source,1516778,,fuzzy:0.98,,,,,,,,,,automatic,cik:1516778,Manchester,2009-01-30,2009-02-02,156,closure,,0,0,1,https://www.in.gov/dwd/warn-notices/current-warn-notices/,b0e120fd5f38e5645ff0d93d5fd44a655fec9fef94a48b22688745e6,21f3f57cde16519b31088fb37b3773d69f442ac6,2026-07-16,2026-07-19
IN,Pelco Inc.,pelco,,Vide and Security Systems Manufacturing,334310,source,,,,,,,,,,,,,,n:pelco,Indianapolis,2009-01-31,2009-03-31,42,closure,,0,0,1,https://www.in.gov/dwd/warn-notices/current-warn-notices/,ceaf110d02e7ca039ff9af253aedb46b3bce9dbf2999af7e6924e388,3ad0df5e0fa8f2e247c52543a5f1f83034453036,2026-07-16,2026-07-19
IN,Keystone RV Company,keystone rv,,Motor Home Manufacturing,336213,source,,,,,,,,,,,,,,n:keystone rv,Goshen Howe,2009-02-02,2009-04-03,265,closure,,0,0,1,https://www.in.gov/dwd/warn-notices/current-warn-notices/,cb9dc16c0ec27c94bf937971ae61d9ed5ae3f9e1656d655cb2001559,160adcfca6d06980a82a9b8d1da323b880a7aae6,2026-07-16,2026-07-19
IN,Porter Inc.,porter,,Boat Building,336612,source,,,,,,,,,,,,,,n:porter,Decatur,2009-02-03,2009-02-27,225,unknown,,0,0,1,https://www.in.gov/dwd/warn-notices/current-warn-notices/,8ef92a38a51584a5ddf46e989497b7c56b05539e57d4098124d05bfb,0ba415970a277f3fafaf1686be62e347f6fe23d5,2026-07-16,2026-07-19
IN,hhgregg distribution center,hhgregg distribution center,,Household Appliance Stores,443111,source,,,,,,,,,,,,,,n:hhgregg distribution center,Indianapolis,2009-02-05,2009-04-06,51,unknown,,0,0,1,https://www.in.gov/dwd/warn-notices/current-warn-notices/,4375e3492affba2616558e17fc4556b519405066fe0a681620fa1f57,029568d4c4a5a15240a8ca853a07fecb611d54a5,2026-07-16,2026-07-19
IN,Amsted Rail/ASF-ASF Keystone,amsted rail asf asf keystone,,Spring (Heavy Gauge) Manufacturing,332611,source,,,,,,,,,,,,,,n:amsted rail asf asf keystone,Hammond,2009-02-06,2009-04-08,80,unknown,,0,0,1,https://www.in.gov/dwd/warn-notices/current-warn-notices/,f618cbc06bd2d79fde6365b339d76098c63491eb1282b2fb38e0524f,f8c61d5e0fc903db6dd74a26454cd9672ab9933b,2026-07-16,2026-07-19
IN,Firestone,firestone,Firestone Tire and Rubber Company,All Other Rubber Product Manufacturing,326299,source,,,,,,,,,Q420837,label,Bridgestone,1495240,automatic,qid:Q420837,Noblesville,2009-02-10,2009-06-26,238,closure,,0,0,1,https://www.in.gov/dwd/warn-notices/current-warn-notices/,330a54432262a2896913deb67843cc3196aab02494c58df3c8211853,c5cb52da76b3033c2efcf1d08bd06b0f1ca56bba,2026-07-16,2026-07-19
IN,BorgWarner,borgwarner,BorgWarner,All Other Motor Vehicle Parts Mfg,336399,source,908255,BWA,exact,3714,Motor Vehicle Parts & Accessories,,,,Q825943,cik,,,automatic,qid:Q825943,Muncie,2009-02-11,2009-04-13,750,unknown,,0,0,1,https://www.in.gov/dwd/warn-notices/current-warn-notices/,2ab73f5036a8a80e0e6b425f962b161abf62adb1b259f71bb899a262,02c7417d85ac90f74897f228222044f3bd678e6a,2026-07-16,2026-07-19
IN,Martin Transportation Systems,martin transportation systems,,"Support Activities, Transport",488999,source,,,,,,,,,,,,,,n:martin transportation systems,Gas City,2009-02-13,2009-04-30,92,closure,,0,0,1,https://www.in.gov/dwd/warn-notices/current-warn-notices/,c265bd8c96f8fa130257672d0164bba368af2295099271f0e5dab623,efcd8a7cbf38ecf2bd7e7a1632b9b7cbb725bf3f,2026-07-16,2026-07-19
IN,Navistar,navistar,International,All Other Motor Vehicle Parts Mfg,336399,source,51296,,exact,3711,Motor Vehicles & Passenger Car Bodies,,,,Q29739,cik,Traton,,automatic,qid:Q29739,Indianapolis,2009-02-19,2009-12-31,1336,closure,,0,0,1,https://www.in.gov/dwd/warn-notices/current-warn-notices/,cdf9fdb5dab265220546df1d591d7b46fc9343be1714abc3f7f21624,81a48bf284ce4215b88b15abde9d14ee4d2e3439,2026-07-16,2026-07-19
IN,Caterpillar,caterpillar,Caterpillar Inc.,Fabricated Pipe and Pipe Fittings,332996,source,18230,CAT,exact,3531,Construction Machinery & Equip,,,,Q459965,cik,,,automatic,qid:Q459965,Plainfield,2009-02-20,2009-04-30,23,unknown,,0,0,1,https://www.in.gov/dwd/warn-notices/current-warn-notices/,23e4c4787efe4622a5f645e195d955ce4280789d5ac9a4d4fdfa97a2,fe132907d7e3e52d6ce71a52f3596c6ea9f08d18,2026-07-16,2026-07-19
IN,"Anderson Services, LLC",anderson services,,News Dealers and Newsstands,451212,source,,,,,,,,,,,,,,n:anderson services,Bloomington,2009-02-24,2009-02-11,56,closure,,0,0,1,https://www.in.gov/dwd/warn-notices/current-warn-notices/,4293b07f82c825c75c76853e2b2a10aa9b29aee05f8aac6074bf6753,2873719a63a7fd5c421b0c7272dcef38e38bdbbf,2026-07-16,2026-07-19
IN,Kmart Corp.,kmart,,Discount Department Stores,452112,source,56824,,exact,5331,Retail-Variety Stores,,,,,,,,automatic,cik:56824,Vincennes,2009-02-26,2009-07-08,67,unknown,,0,0,1,https://www.in.gov/dwd/warn-notices/current-warn-notices/,410a5a83723585507231ee9f8b2ff54b4b8dc8806838f97054cd29b0,b3ff62095cea6682fa56359cfef24d2549a05ba0,2026-07-16,2026-07-19
IN,"Sears, Roebuck & Co.",sears roebuck,,"Department Stores, ex. Discount",452111,source,319256,,exact,5311,Retail-Department Stores,,,,,,,,automatic,cik:319256,Noblesville,2009-02-26,2009-05-31,69,closure,,0,0,1,https://www.in.gov/dwd/warn-notices/current-warn-notices/,5aad02da70dc05d27f373222027b65ea57bb9527383fb20b60f7ab21,ceffbbd44231b11f5a7e2d14e5728a8be5aa2d23,2026-07-16,2026-07-19
IN,Vibracoustic North America (Fruedenburg-NOK),vibracoustic north america fruedenburg nok,,All Other Motor Vehicle Parts Mfg,336399,source,,,,,,,,,,,,,,n:vibracoustic north america,Ligonier,2009-02-27,2009-03-13,54,unknown,,0,0,1,https://www.in.gov/dwd/warn-notices/current-warn-notices/,366abf1dc620117cbeabdad875cdace9432d763d2207ad1811c09104,c7759dca3a9970ce0319c925410c31ba50a53ac7,2026-07-16,2026-07-19
IN,Monaco Coach Corporation,monaco coach,Monaco Coach Corporation,Travel Trailer and Camper Manufacturing,336214,source,910619,,exact,3711,Motor Vehicles & Passenger Car Bodies,,,,Q6897773,label,,,automatic,qid:Q6897773,"Wakarusa, Milford, Warsaw",2009-03-03,2009-03-02,515,closure,,0,0,1,https://www.in.gov/dwd/warn-notices/current-warn-notices/,d6f5a3fd64ed0034cdca287d429c1de2430773e0fb40a1e80cd7a6ca,652e9b2f0e9398dbf7b08f61dce621f076c65fc1,2026-07-16,2026-07-19
IN,PK U.S.A Inc.,pk u s a,,Motor Vehicle Metal Stamping,336370,source,,,,,,,,,,,,,,n:pk u s a,Shelbyville,2009-03-03,2009-03-04,70,unknown,,0,0,1,https://www.in.gov/dwd/warn-notices/current-warn-notices/,3d0ee1428b6d7236aceac5da6936726ef09a998b2d6f7cd3bb6916b3,1aa2a3eed3f68f3432102ea23f3e707bc586d993,2026-07-16,2026-07-19
IN,Eaton Corporation,eaton,Eaton Corporation,Motor Vehicle Power Train Components,336350,source,,,,,,,,,Q48872,label,,,automatic,qid:Q48872,Greenfield,2009-03-10,2009-05-11,103,closure,,0,0,1,https://www.in.gov/dwd/warn-notices/current-warn-notices/,841dd03af483247d3926be929c6795bd406ba39f7c66d29ba974a68c,25f26bd2c6eb5a65e5d0bb2378799482524469e7,2026-07-16,2026-07-19
IN,Sportsman's Warehouse,sportsman s warehouse,Sportsman's Warehouse,Discount Department Stores,452112,source,,,,,,,,,Q7579979,label,,1132105,automatic,qid:Q7579979,Lafayette,2009-03-10,2009-05-11,44,closure,,0,0,1,https://www.in.gov/dwd/warn-notices/current-warn-notices/,fbd0dbb0ad79a94c29105f8e87a2ceadc4476abf88a4ce7fbbb4290a,3756d7722d071b7798d8c782a998bfd74cffd76e,2026-07-16,2026-07-19
IN,Wishard Health Services,wishard health services,,General Medical and Surgical Hospitals,622110,source,,,,,,,,,,,,,,n:wishard health services,Indianapolis,2009-03-11,2009-05-13,250,unknown,,0,0,1,https://www.in.gov/dwd/warn-notices/current-warn-notices/,f929e660535ac6590d27833a179f53361e4f9149f29068f4d5c95133,78e69359cd2c54bccccc9db727bbbd42784a8f66,2026-07-16,2026-07-19
IN,Small Parts Incorporated,small parts,,Motor Vehicle Metal Stamping,336370,source,,,,,,,,,,,,,,n:small parts,Logansport,2009-03-12,2008-12-19,107,unknown,,0,0,1,https://www.in.gov/dwd/warn-notices/current-warn-notices/,adff9e990feb741be77dd330fdd72e19e4e4f1e2a543c7d92bc063bc,04d1f57a7969e26300cb6228a3cabe65e97faf70,2026-07-16,2026-07-19
IN,"Sumco, Inc",sumco,,Primary smelting and refining of nonferrous metal,331419,source,1347141,,exact,,,,,,,,,,automatic,cik:1347141,Indianapolis,2009-03-12,2009-05-12,110,closure,,0,0,1,https://www.in.gov/dwd/warn-notices/current-warn-notices/,45ccb798f666549cf6258c71170e9aa7840fdacfd401039ed14ad76b,0bf3a49be709def8ce4371c3971676472afeffe0,2026-07-16,2026-07-19
IN,"Iceberg Enterprises, LLC",iceberg enterprises,,All Other Motor Vehicle Parts Mfg,326199,source,,,,,,,,,,,,,,n:iceberg enterprises,Howe,2009-03-13,2009-05-12,48,unknown,,0,0,1,https://www.in.gov/dwd/warn-notices/current-warn-notices/,0147ab652358f3aad31ed7b98a0133557febbfadad565bf9ba1a6f9b,53c86a818f4a0cf3bfd6f8b62dcbd13f53a7fc4c,2026-07-16,2026-07-19
IN,Caterpillar,caterpillar,Caterpillar Inc.,Fabricated Pipe and Pipe Fittings,33996,source,18230,CAT,exact,3531,Construction Machinery & Equip,,,,Q459965,cik,,,automatic,qid:Q459965,Lafayette,2009-03-17,2009-05-29,439,unknown,,0,0,1,https://www.in.gov/dwd/warn-notices/current-warn-notices/,2e969da52e1ce4984bbef6674de1c07eda5ea60ff4ef4f8cd44b4959,cc2d7b123eee04c416dbaa3385da66cfd69c1cbf,2026-07-16,2026-07-19
IN,Dexter Axle,dexter axle,,All Other Motor Vehicle Parts Mfg,336399,source,1516778,,exact,,,,,,,,,,automatic,cik:1516778,Elkhart,2009-03-20,2009-06-26,119,closure,,0,0,1,https://www.in.gov/dwd/warn-notices/current-warn-notices/,968052a75a7de4c8222e80aad51dfa5019f5f2513507dc6934384c32,db6922b95d80881c7c0e1b9b6faa368438ec6074,2026-07-16,2026-07-19
IN,Rea Magnet Wire,rea magnet wire,,Other Fabricated Wire Product Mfg,332618,source,,,,,,,,,,,,,,n:rea magnet wire,Fort Wayne,2009-03-20,2009-05-20,85,closure,,0,0,1,https://www.in.gov/dwd/warn-notices/current-warn-notices/,8f40c0b7cd11fe0e269b86ea410de0b2eee968821b88f0972d44f8b2,7c63bc4d85358f7e77c583c76d4926ffb3524255,2026-07-16,2026-07-19
IN,Aleris Rolled Products,aleris rolled products,,All Other Miscellaneous Manufacturing,339999,source,,,,,,,,,,,,,,n:aleris rolled products,Terre Haute,2009-03-24,2009-05-23,50,closure,,0,0,1,https://www.in.gov/dwd/warn-notices/current-warn-notices/,899907872c0b3b7ebfaa1886241c4c60d304c50aae873100c7ccf2b0,46e321de788d2f9aac12c750f2c035592a2f45ca,2026-07-16,2026-07-19
IN,Amazon,amazon,"Amazon.com, Inc.",General Warehousing and Storage,493110,source,1018724,AMZN,listed-extension,5961,Retail-Catalog & Mail-Order Houses,,,,Q133848906,cik,,,automatic,qid:Q133848906,Munster,2009-03-25,2009-05-25,45,closure,,0,0,1,https://www.in.gov/dwd/warn-notices/current-warn-notices/,bea2c853ca871f3c6d616a15cbf06b60dec984d8693c2c99d5999459,bd4668a0ac32fa7240508aad7d775cb411323b5f,2026-07-16,2026-07-19
IN,"Columbus Components Group, LLC",columbus components group,,All Other Motor Vehicle Parts Mfg,336399,source,,,,,,,,,,,,,,n:columbus components group,Columbus,2009-03-25,2009-04-09,338,unknown,,0,0,1,https://www.in.gov/dwd/warn-notices/current-warn-notices/,88842455c0b1368c3cf4ff0cee4be59bfbdf509894cf522565aa05c0,7e7b16608aeaefe32cbbcbfc14b3070511a16d72,2026-07-16,2026-07-19
IN,Direct Brands Inc.,direct brands,,Distributor of media products,339999,source,,,,,,,,,,,,,,n:direct brands,Terre Haute,2009-03-25,2009-05-29,147,unknown,,0,0,1,https://www.in.gov/dwd/warn-notices/current-warn-notices/,74e3788eb4e43e4a8ffecbfe64c78b2b42d811a617111a2428f990ad,22bc6349696b0f336d31860b06bc0fd5c8b03394,2026-07-16,2026-07-19
IN,Direct Brands Inc.,direct brands,,Distributor of media products,339999,source,,,,,,,,,,,,,,n:direct brands,Indianapolis,2009-03-25,2009-06-01,151,unknown,,0,0,1,https://www.in.gov/dwd/warn-notices/current-warn-notices/,d042404ed106988257697a1cd5d868373916af4a2247dd5c6ac0ccb4,6151ceb3f95089900410b026c2956aaf90fa9b2a,2026-07-16,2026-07-19
IN,Fort Wayne Foundry (Lima Road Division),fort wayne foundry lima road division,,Iron and Steel Mills,331111,source,,,,,,,,,,,,,,n:fort wayne foundry,Fort Wayne,2009-03-25,2009-06-28,174,closure,,0,0,1,https://www.in.gov/dwd/warn-notices/current-warn-notices/,b7780b732653d44a2bf99ef2c4665ecb7b97ef71506f1c5fbd6d1125,fdb2521698d9c942492e79f4162749f0e4501e6b,2026-07-16,2026-07-19
IN,Fort Wayne Foundry (Machining Division),fort wayne foundry machining division,,Iron and Steel Mills,331111,source,,,,,,,,,,,,,,n:fort wayne foundry,Fort Wayne,2009-03-25,2009-06-28,52,closure,,0,0,1,https://www.in.gov/dwd/warn-notices/current-warn-notices/,5c167d98f132199bed15af4805912aac4d242747f590e13a0283368f,945dd21ec12d4665e8c6c224a2fe81a8fc60b80e,2026-07-16,2026-07-19
IN,Metaldyne,metaldyne,,Other Metal Valves and Pipe Fittings,332919,source,745448,,exact,3714,Motor Vehicle Parts & Accessories,,,,,,,,automatic,cik:745448,Fremont,2009-03-27,2009-01-05,67,unknown,,0,0,1,https://www.in.gov/dwd/warn-notices/current-warn-notices/,5722ebec843d07264f320ea188b7f10776d90cb4595466c3fa0870d8,5245b68c67c372cebb40673531711c30cbae3e56,2026-07-16,2026-07-19
IN,Graphic Packaging,graphic packaging,Graphic Packaging,Packaging Machinery Manufacturing,333993,source,886239,,exact,2631,Paperboard Mills,,,,Q5597139,label,,,automatic,qid:Q5597139,Muncie,2009-03-30,2009-05-29,151,closure,,0,0,1,https://www.in.gov/dwd/warn-notices/current-warn-notices/,ab87f3a2b711279b016c2222d62e327d3e882de7e5a97377dfed9d9e,5e33f95e128fe9cdd682aa2b8d2cbc5c093e1750,2026-07-16,2026-07-19
IN,"Smoker Craft, Inc",smoker craft,,Boat Building,336612,source,,,,,,,,,,,,,,n:smoker craft,Topeka,2009-03-30,2008-08-30,25,closure,,0,0,1,https://www.in.gov/dwd/warn-notices/current-warn-notices/,b068e81ff0257c6368bdc6733c7aaca871ad11cff282eff9cd002785,5f4e499b5b6047a3ee95e3ff6ec94e022d08177d,2026-07-16,2026-07-19
IN,"Smoker Craft, Inc",smoker craft,,Boat Building,336612,source,,,,,,,,,,,,,,n:smoker craft,New Paris,2009-03-30,2008-08-30,69,unknown,,0,0,1,https://www.in.gov/dwd/warn-notices/current-warn-notices/,63e9614f847d3aee14309f6c9364574a916436c98c652fbb179bfc44,747366da94259ddafdeb578b29621892570a53e7,2026-07-16,2026-07-19
IN,Sun Microsystems,sun microsystems,Sun Microsystems,Electronic Computer Manufacturing,334111,source,709519,,exact,3571,Electronic Computers,,,,Q14647,cik,Oracle Corporation,,automatic,qid:Q14647,Indianapolis,2009-03-30,2009-05-30,7,unknown,,0,0,1,https://www.in.gov/dwd/warn-notices/current-warn-notices/,621cfea38ac15d8640610b70c3490eaa0d1b1183862ff8bc8464ecf0,727a1fe29e58db25eb38ee5f834e6d54ad96bc11,2026-07-16,2026-07-19
IN,Fleetwood,fleetwood,,Travel Trailer and Camper Manufacturing,336214,source,,,,,,,,,,,,,,n:fleetwood,Decatur,2009-04-01,2009-06-30,443,closure,,0,0,1,https://www.in.gov/dwd/warn-notices/current-warn-notices/,5d876e52529a06a468a5a10407b86b10a5461fb9dd5c0961d04e44da,1a3c1b9521e6881ad42adca96c4a188bdc441642,2026-07-16,2026-07-19
IN,Moody's Analytics,moody s analytics,,Credit Rating Services,561450,source,,,,,,,,,,,MOODYS CORP /DE/,1059556,,n:moody s analytics,South Bend,2009-04-01,2009-06-12,70,closure,,0,0,1,https://www.in.gov/dwd/warn-notices/current-warn-notices/,35362581e05c78afbee00874b4e802024e0a7f3a7ff0fed6c5ec04cd,e43f59e1919726951201b354aaf42f9abb8372b3,2026-07-16,2026-07-19
IN,Dawn Food Products,dawn food products,Dawn Foods,Commercial Bakeries,311812,source,,,,,,,,549300NZ98MTMCV8IG03,Q1178784,label,,,automatic,qid:Q1178784,Ossian,2009-04-07,2009-06-30,59,closure,,0,0,1,https://www.in.gov/dwd/warn-notices/current-warn-notices/,83997849e1d68224162182da4c4ad8f3d55692b1330e35b1ff1fb399,ea4b0dc8e06cf7c3b2b4f915a339f1fe43503829,2026-07-16,2026-07-19
IN,Mitsubishi Heavy Industries Climate Control Inc.,mitsubishi heavy industries climate control,,Manufacturing,333999,source,,,,,,,,,,,,,,n:mitsubishi heavy industries climate control,Franklin,2009-04-07,2009-06-07,87,unknown,,0,0,1,https://www.in.gov/dwd/warn-notices/current-warn-notices/,67848f2ecccf44c4f113f56a3c243614be603e5deaa1b5486001d51e,7e124370e87b1caeb23447cf084cd2929a6780cb,2026-07-16,2026-07-19
IN,United,united,United Airlines,Scheduled Passenger Air Transportation,481111,source,,,,,,,,549300631WQW7LPEC356,Q174769,label,United Airlines Holdings,,automatic,qid:Q174769,Indianapolis,2009-04-13,2009-06-16,47,unknown,,0,0,1,https://www.in.gov/dwd/warn-notices/current-warn-notices/,df6fe1ed5dc9730a607cab98b3a37ee5db93be11b33d670ab9c08462,5f1dced9d5fb172e1fa30fb50dd018aaa0d677bb,2026-07-16,2026-07-19
IN,Valmont Industries,valmont industries,Valmont Industries,Fabricated Structural Metal Manufacturing,332312,source,102729,VMI,exact,3440,Fabricated Structural Metal Products,,,,Q7912506,cik,,,automatic,qid:Q7912506,Elkhart,2009-04-15,2009-06-16,70,unknown,,0,0,1,https://www.in.gov/dwd/warn-notices/current-warn-notices/,d7d394453d2dc364cbbd3ec4edb8fb6a65de026d4a90bfabe054a39a,9951f3e7bbb0c1d869bf0f60deda8c775987672e,2026-07-16,2026-07-19
IN,Cinram Inc.,cinram,,Audio and Video Media Reproduction,334612,source,,,,,,,,,,,,,,n:cinram,Richmond,2009-04-17,2009-06-16,330,closure,,0,0,1,https://www.in.gov/dwd/warn-notices/current-warn-notices/,836f5ae6e0f67507b12e76d88371923e307086965e6d7e50f6d05b5e,17f3786a029d1bff776dad06950531df9ade8898,2026-07-16,2026-07-19
IN,Noble International,noble international,,Rolled Steel Manufacturing,331221,source,1034258,,exact,3714,Motor Vehicle Parts & Accessories,,,,,,,,automatic,cik:1034258,Butler,2009-04-21,2009-06-20,153,closure,,0,0,1,https://www.in.gov/dwd/warn-notices/current-warn-notices/,7f38a44578289fcf1059eb9774b94bd3248063a4c1b354d0ad2735f2,a01b81cd77808cad8a24b49512b41af9f91d2bcf,2026-07-16,2026-07-19
IN,Harsco Metals,harsco metals,,Metal Cutting Machine Tool Manufacturing,333512,source,,,,,,,,,,,,,,n:harsco metals,East Chicago,2009-04-24,2009-07-31,57,closure,,0,0,1,https://www.in.gov/dwd/warn-notices/current-warn-notices/,9226c728f49edd637ed18526e9ae8432e7fec2ca44e91c7706f0c1e6,88d0ab0f87d0e481cdf0b9b4dd9a074a9797f8ec,2026-07-16,2026-07-19
IN,Baldor,baldor,,Other Motor Vehicle Electrical Equipment,336322,source,,,,,,,,,,,BALDOR ELECTRIC CO,9342,,n:baldor,Columbus,2009-04-30,2009-06-30,122,unknown,,0,0,1,https://www.in.gov/dwd/warn-notices/current-warn-notices/,4de9e8f0ac0833805ecfa2a4844f664ad4aa24aa04d72492be3a7b5e,8043994fd999c291a25ccefca51dab990e478771,2026-07-16,2026-07-19
IN,"American Medical Response Ambulance Service, Inc",american medical response ambulance service,,Ambulance Services,621910,source,1530660,,exact,,,,,,,,,,automatic,cik:1530660,Fort Wayne,2009-05-01,2009-06-30,116,closure,,0,0,1,https://www.in.gov/dwd/warn-notices/current-warn-notices/,57150be1f80b9d53372ab21a49c96f628bebd19a0096802dd2c6636c,3298abb23bdc6b07aeedde41881683a8429f3925,2026-07-16,2026-07-19
IN,Wabash National,wabash national,Wabash National,Truck Trailer Manufacturing,336212,source,879526,WNC,exact,3715,Truck Trailers,,,,Q7958645,label,,,automatic,qid:Q7958645,Lafayette,2009-05-01,2009-01-01,790,unknown,,0,0,1,https://www.in.gov/dwd/warn-notices/current-warn-notices/,81110f22ef88968f929ec0c5c17424b4c0ed539d8a854c34248aad4e,c3f2de35c0e19acdce02fc3a9ca73f9a469a7603,2026-07-16,2026-07-19
IN,Guardian Automotive Products,guardian automotive products,,Motor Vehicle Body Manufacturing,336211,source,,,,,,,,,,,,,,n:guardian automotive products,Ligonier,2009-05-04,2009-05-08,133,unknown,,0,0,1,https://www.in.gov/dwd/warn-notices/current-warn-notices/,dd9fc110a1edbb8cc9ea44285eb0a0b6d5ec21a67e75c1f2dd746d3e,6c9698f19eec6c81fa45a0868f5e5970b63d2f6c,2026-07-16,2026-07-19
IN,Icon Metal Forming LLC,icon metal forming,,All Other Motor Vehicle Parts Mfg,336399,source,,,,,,,,,,,,,,n:icon metal forming,Corydon,2009-05-05,2009-05-06,140,unknown,,0,0,1,https://www.in.gov/dwd/warn-notices/current-warn-notices/,d9a1fc3ce555a4d1648b74362777b9c71f207a00cf7f089fe6e150b3,b44e0fff6298fab508796ca2a1ac18b6b010f0bc,2026-07-16,2026-07-19
IN,Caterpillar,caterpillar,Caterpillar Inc.,Fabricating Pipe and Pipe Fittings,332996,source,18230,CAT,exact,3531,Construction Machinery & Equip,,,,Q459965,cik,,,automatic,qid:Q459965,Lafayette,2009-05-06,2009-07-31,141,unknown,,0,0,1,https://www.in.gov/dwd/warn-notices/current-warn-notices/,06e1c21ab3ee7344202570443d7882df452c1f57f5e5991d08a6d8af,be7eca44e57fa6491eaa926cdca7345afd199a65,2026-07-16,2026-07-19
IN,"Mars Petcare US, Inc",mars petcare us,,Dog and Cat Food Manufacturing,311111,source,,,,,,,,,,,,,,n:mars petcare us,Portland,2009-05-06,2009-06-08,51,closure,,0,0,1,https://www.in.gov/dwd/warn-notices/current-warn-notices/,b30b954e7a22e05138b5df553513077f8b0f6cf1b4e73a7030d1703e,5e4f8daa11393055bac908fe4a7e79f40397f59d,2026-07-16,2026-07-19
IN,Cummins Inc,cummins,Cummins,Other Engine Equipment Manufacturing,333618,source,26172,CMI,exact,3510,Engines & Turbines,,,,Q173476,cik,,,automatic,qid:Q173476,Walesboro,2009-05-07,2009-05-13,694,unknown,,0,0,1,https://www.in.gov/dwd/warn-notices/current-warn-notices/,8e5bbbd1d0742a4975fb50148ca1f8315024840158a0f2400e5c890d,a9e02c2d9f063a877dace4363f8b9917a81e8245,2026-07-16,2026-07-19
IN,ArcelorMittal,arcelormittal,ArcelorMittal,Iron and Steel Mills,331111,source,1243429,MT,exact:listed,3312,"Steel Works, Blast Furnaces & Rolling Mills (Coke Ovens)",,,,Q27893,cik,,,automatic,qid:Q27893,East Chicago,2009-05-12,2009-07-12,978,unknown,,0,0,1,https://www.in.gov/dwd/warn-notices/current-warn-notices/,5d1975aa8175a60a01d9339691783946421e3987af251f7330180f32,f6ea9651968017ed44c582b1690d5d9ea469d256,2026-07-16,2026-07-19
IN,Stock Building Supply,stock building supply,,Other Building Material Dealers,444190,source,,,,,,,,,,,,,,n:stock building supply,Franklin,2009-05-12,2009-07-12,85,closure,,0,0,1,https://www.in.gov/dwd/warn-notices/current-warn-notices/,71377affdcc2462ceec924b1b6777909b4bbbd865ae2fbf0d4e0529b,41b5eefaddcba66d0b6173cc3477d255d981d9b2,2026-07-16,2026-07-19
IN,"Standard Locknut, LLC",standard locknut,,"Bolts, Nuts, Screws, Rivets, and Washers",332722,source,,,,,,,,,,,,,,n:standard locknut,Westfield,2009-05-13,2009-04-10,78,unknown,,0,0,1,https://www.in.gov/dwd/warn-notices/current-warn-notices/,5fdb1117f5f1eb9c7ac244401b650c2d087717ddcc97db6e9586b8e9,eb7b13cc251e747f45645689adc61118d9772045,2026-07-16,2026-07-19
IN,Caterpillar,caterpillar,Caterpillar Inc.,Construction Machinery Manufacturing,333120,source,18230,CAT,exact,3531,Construction Machinery & Equip,,,,Q459965,cik,,,automatic,qid:Q459965,Lafayette,2009-05-15,2009-08-24,985,unknown,,0,0,1,https://www.in.gov/dwd/warn-notices/current-warn-notices/,898ce984fc5092fdf4a53c5f2e5eef1fc345518a024f7bd35840baf9,fe58bd1600c7b12bf6cde50a1cebdfe303285e43,2026-07-16,2026-07-19
IN,Altec Aluminum Technologies,altec aluminum technologies,,Aluminum Extruded Product Manufacturing,331316,source,,,,,,,,,,,,,,n:altec aluminum technologies,Jeffersonville,2009-05-22,2009-07-24,60,unknown,,0,0,1,https://www.in.gov/dwd/warn-notices/current-warn-notices/,457dc9301fb54709ce1e7a5e14e9699c1f2a4c8449f70390d2fa09bf,38e9ef77c66b72355a573b2ec046ec1118e8a2ff,2026-07-16,2026-07-19
IN,The Mitchell Group,mitchell group,,Precision Manufacturing,332721,source,1190327,,exact,,,,,,,,,,automatic,cik:1190327,Indianapolis,2009-05-26,2008-12-01,104,unknown,,0,0,1,https://www.in.gov/dwd/warn-notices/current-warn-notices/,dd0476b860de6025758a962350d185ca737adb392d166a7f0383c9f8,176dbfb2e0e9271d70e80e891be02a6cf0391471,2026-07-16,2026-07-19
IN,Delta Faucet,delta faucet,,All Other Miscellaneous Manufacturing,339999,source,,,,,,,,,,,,,,n:delta faucet,Greensburg,2009-05-27,2009-07-29,265,unknown,,0,0,1,https://www.in.gov/dwd/warn-notices/current-warn-notices/,7b7ac0af7dc9f055ab20feee535a6f76a4eebf7ff9912326d71f37fd,03bfbe4a2619be9ed808344ad44b43c45d419341,2026-07-16,2026-07-19
IN,"Caterpillar Logistics Services, Inc.",caterpillar logistics services,,Motor Vehicle Supplies and New Parts Merchant Wholesalers,423120,source,,,,,,,,,,,CATERPILLAR INC,18230,,n:caterpillar logistics services,Lafayette,2009-05-28,2009-08-24,158,unknown,,0,0,1,https://www.in.gov/dwd/warn-notices/current-warn-notices/,8877f59ba185d29b37ff1b20d77dae3e51845e7c9e06488ade92eb08,9ea6ead40ab6033c6a1ce22104fe8af7b1bb888e,2026-07-16,2026-07-19
IN,Fort Wayne Foundry,fort wayne foundry,,Iron and Steel Mills,331111,source,,,,,,,,,,,,,,n:fort wayne foundry,Columbia City,2009-05-29,2009-05-28,287,closure,,0,0,1,https://www.in.gov/dwd/warn-notices/current-warn-notices/,11052b667fde7e235d15504ac3c87e06f651b7a7c55dabae23ca9202,a0ac6ccadb947d8e8814a04dbd7fb05f7a513cf2,2026-07-16,2026-07-19
IN,Fort Wayne Foundry,fort wayne foundry,,Iron and Steel Mills,331111,source,,,,,,,,,,,,,,n:fort wayne foundry,Fort Wayne,2009-05-29,2009-05-29,174,closure,,0,0,1,https://www.in.gov/dwd/warn-notices/current-warn-notices/,017f227c444fac5c9b93ad0965a01ced2a9ce312f2c354d6e8fea3c5,e528a1cbdf0dbf9c00426025eddf99cd854d88a8,2026-07-16,2026-07-19
IN,NAL Worldwide LLC,nal worldwide,,"Process, physical distribution, and logistics Consulting services",541614,source,,,,,,,,,,,,,,n:nal worldwide,Fort Wayne,2009-05-29,2009-05-29,70,closure,,0,0,1,https://www.in.gov/dwd/warn-notices/current-warn-notices/,3c686c6729c90579f11a57e5853db8c462f799566d72ebecd4c1b878,bf773fd4afc47ee3dcd6301f6409cedac806cf31,2026-07-16,2026-07-19
IN,Apria Healthcare,apria healthcare,,Other Residential Care Facilities,623990,source,1493690,,exact,,,,,,,,,,automatic,cik:1493690,Indianapolis,2009-06-01,2009-07-22,11,unknown,,0,0,1,https://www.in.gov/dwd/warn-notices/current-warn-notices/,6887ff6ce8172dd8990766f167cf8b78dd52a7185f0d23287ab9fa9f,3b545bf65b9c24c357c76a28f5f1698b60425010,2026-07-16,2026-07-19
IN,Harsco Metals,harsco metals,,Metal Cutting Machine Tool Manufacturing,333512,source,,,,,,,,,,,,,,n:harsco metals,East Chicago,2009-06-01,2009-07-31,92,closure,,0,0,1,https://www.in.gov/dwd/warn-notices/current-warn-notices/,35c0fad5847695df034bda112abbbfa7cc77cba43fe3c43980917d5d,dd31b4b5f7efaed3a1e86990ae3dff6f136b723d,2026-07-16,2026-07-19
IN,Contech,contech,,Ornamental and Architectural Metal Work,332323,source,,,,,,,,,,,UFP TECHNOLOGIES INC,914156,,n:contech,Pierceton,2009-06-02,2009-07-01,59,unknown,,0,0,1,https://www.in.gov/dwd/warn-notices/current-warn-notices/,655c3e6e66ca073ffc7277870403fdf8192c1f7e1310d3ecb83ea9c9,abb2a91d0347081159d00423cbd8a75ff459e0e2,2026-07-16,2026-07-19
IN,Philips Products,philips products,,Metal Window and Door Manufacturing,332321,source,,,,,,,,,,,,,,n:philips products,Elkhart,2009-06-03,2009-08-05,249,closure,,0,0,1,https://www.in.gov/dwd/warn-notices/current-warn-notices/,93621027abe4981d68e36b2346cbb7b9770dfb0dcbefcda275b9d753,5f23111123d1dd49ea7f5090d02561aaa7d6d654,2026-07-16,2026-07-19
IN,Philips Products,philips products,,Metal Window and Door Manufacturing,332321,source,,,,,,,,,,,,,,n:philips products,Bristol,2009-06-03,2009-08-05,8,closure,,0,0,1,https://www.in.gov/dwd/warn-notices/current-warn-notices/,2b53df5974577e86e8a6b178e26972130844f889f69ba41d68f17820,a6bc6a6a43d80b1ad6f402cf721200b8b7d40b0d,2026-07-16,2026-07-19
IN,Jasper Group,jasper group,,Nonupholstered Wood Household Furniture,337122,source,,,,,,,,,,,,,,n:jasper group,Batesville,2009-06-05,2009-08-02,110,closure,,0,0,1,https://www.in.gov/dwd/warn-notices/current-warn-notices/,7ff5f2d318ceaa498e11d7bc0382382b370168031fd5a0813ebc81f0,af74f4656a8545a4c426cae950dc8c6e66574d9b,2026-07-16,2026-07-19
IN,Meridian Automotive Systems,meridian automotive systems,,Manufacture reinforced plastic panels for the automotive and truck,339999,source,1177292,,exact:post-era,5013,Wholesale-Motor Vehicle Supplies & New Parts,,,,,,,,automatic,cik:1177292,Shelbyville,2009-06-08,2009-07-02,295,unknown,,0,0,1,https://www.in.gov/dwd/warn-notices/current-warn-notices/,8d3d8b240da07b1cf9780b57e4ede6f2285f858322e844143b27febc,d78941d2c1ce8fc05bc3441ea6f73469108b60ec,2026-07-16,2026-07-19
IN,Thermo Fisher Scientific,thermo fisher scientific,Thermo Fisher Scientific Inc.,Medical Laboratories,621511,source,97745,TMO,exact,3829,"Measuring & Controlling Devices, NEC",,,,Q643674,cik,,,automatic,qid:Q643674,Indianapolis,2009-06-08,2009-12-31,114,closure,,0,0,1,https://www.in.gov/dwd/warn-notices/current-warn-notices/,04844d4ffb1188d8ac2a6fcfc97b370a2986d8953f36e2a2689667ed,ac56c124a64b4fc2d526286fc34d9f25873ad0ad,2026-07-16,2026-07-19
IN,"Columbus Components Group, LLC",columbus components group,,All Other Motor Vehicle Parts Mfg,336399,source,,,,,,,,,,,,,,n:columbus components group,Columbus,2009-06-10,2009-07-31,215,closure,,0,0,1,https://www.in.gov/dwd/warn-notices/current-warn-notices/,e91ddbb0321fd11e184e407fd129b08cb73b421c89dc5cbad0a714a6,4f395c904e010abaa2b891f56fb4389eb0fad69a,2026-07-16,2026-07-19
IN,Girtz Industries Inc.,girtz industries,,Miscellaneous Fabricated Metal Products,332999,source,,,,,,,,,,,,,,n:girtz industries,Monticello,2009-06-11,2009-08-10,60,unknown,,0,0,1,https://www.in.gov/dwd/warn-notices/current-warn-notices/,3d22d9e91bdcce10576e9c43bd0e4b70445251f0243e7e766bdafd53,75db6477859dc910c683a35b75cd7baf0f71b891,2026-07-16,2026-07-19
IN,US Food Service Inc.,us food service,,General Line Grocery Merchant Wholesale,424410,source,,,,,,,,,,,,,,n:us food service,Bloomington,2009-06-23,2009-10-03,400,closure,,0,0,1,https://www.in.gov/dwd/warn-notices/current-warn-notices/,61e3989b91e694a6c2096d90b6c034c675160d18478b9c4cab1d01a1,bf1fd974917355eb342b49c2194f19dce67467e8,2026-07-16,2026-07-19
IN,Fleetwood Homes,fleetwood homes,,Manufactured Mobile Home Manufacturing,321991,source,,,,,,,,,,,FLEETWOOD ENTERPRISES INC/DE/,314132,,n:fleetwood homes,Garrett,2009-07-02,2009-08-31,87,closure,,0,0,1,https://www.in.gov/dwd/warn-notices/current-warn-notices/,3091dcfab6097d5022abdb31c86941765d3b728795783e92831f12e2,e66ad849fe63c836fea26ede04665e09b5861647,2026-07-16,2026-07-19
IN,Meridian Automotive Systems,meridian automotive systems,,Manufacture reinforced plastic panels for the automotive and truck,339999,source,1177292,,exact:post-era,5013,Wholesale-Motor Vehicle Supplies & New Parts,,,,,,,,automatic,cik:1177292,Grabill,2009-07-02,2009-07-02,122,unknown,,0,0,1,https://www.in.gov/dwd/warn-notices/current-warn-notices/,878c96663aa5302e4ff2381f7027a7f9a6721a7f4d0e14c0593fb3bf,09a1665f53f0844b15b43c456449b8440863f009,2026-07-16,2026-07-19
IN,Altec LLC,altec,,Heavy Duty Truck Manufacturing,339610,source,,,,,,,,,,,,,,n:altec,Fort Wayne,2009-07-10,2009-10-31,64,closure,,0,0,1,https://www.in.gov/dwd/warn-notices/current-warn-notices/,fc92eeb52c03ec8550270561a0f4101caf6f181ed77f6564fc5da1d2,b57364b69e469f004a9f5f065261a2f0e3210219,2026-07-16,2026-07-19
IN,Stride Rite Corporation,stride rite,,Footwear Manufacturing,31621,source,94887,,exact,3140,"Footwear, (No Rubber)",,,,,,,,automatic,cik:94887,Huntington,2009-07-10,2009-09-11,120,closure,,0,0,1,https://www.in.gov/dwd/warn-notices/current-warn-notices/,db1253fbf4bc2adc2c93ede406c1db459ce507719d750a33ad842c5b,56d199315d7b3683ebb407c10775c0522a0688eb,2026-07-16,2026-07-19
IN,Plymouth Tube Co.,plymouth tube,,Iron and Steel Pipe and Tube Manufacturing from Purchased Steel,331210,source,,,,,,,,,,,,,,n:plymouth tube,Winamac,2009-07-14,2009-08-03,19,unknown,,0,0,1,https://www.in.gov/dwd/warn-notices/current-warn-notices/,511ecd170679342e9774aa1ea262fb92fff1e50e3d929cfab103ceb8,6695519da3c29c958078986199c703d8d2e5c0bb,2026-07-16,2026-07-19
IN,Reiter Automotive,reiter automotive,,All Other Motor Vehicle Parts Mfg,33639,source,,,,,,,,,,,,,,n:reiter automotive,Lowell,2009-07-23,2009-12-31,130,closure,,0,0,1,https://www.in.gov/dwd/warn-notices/current-warn-notices/,b1332f4ad95c5f1babf08387a686b31cbf85019967d2cc7d835733cf,729b8da309a137c43bd544caf58f5831b54b8b1c,2026-07-16,2026-07-19
IN,Valmont Industries,valmont industries,Valmont Industries,Fabricated Structural Metal Mfg,332312,source,102729,VMI,exact,3440,Fabricated Structural Metal Products,,,,Q7912506,cik,,,automatic,qid:Q7912506,Elkhart,2009-07-23,2009-09-23,15,unknown,,0,0,1,https://www.in.gov/dwd/warn-notices/current-warn-notices/,1f853dcbfe857cb6544d9d8d929900849b732075c8afc6eeddc4c30d,0e7de09e3fd2e2811512ea74fea2dd5729e4844b,2026-07-16,2026-07-19
IN,Duffy Tool and Stamping,duffy tool and stamping,,Metal Stamping,332113,source,,,,,,,,,,,,,,n:duffy tool and stamping,Muncie,2009-07-27,2009-10-30,130,closure,,0,0,1,https://www.in.gov/dwd/warn-notices/current-warn-notices/,93648acdd86497da27b1fa441cbd4c92fcdd5bd9ebad641c7461015e,515964311aedc0b20265e9b7c5bb1a6ba30946ce,2026-07-16,2026-07-19
IN,MANN+HUMMEL USA Inc.,mann hummel usa,,All Other Miscellaneous Manufacturing,339999,source,,,,,,,,,,,,,,n:mann hummel usa,South Bend,2009-07-30,2009-09-30,57,closure,,0,0,1,https://www.in.gov/dwd/warn-notices/current-warn-notices/,e82fe2b3a6d7b9dfd88e47ead5e1a32cf55f58681e743b0f62064e23,c156088c239f75769671e593c4222a5b83df8f5f,2026-07-16,2026-07-19
IN,Continental Automotive Systems,continental automotive systems,Continental Automotive Systems,Miscellaneous Electrical Equipment,335999,source,,,,,,,,,Q16250565,label,Continental AG,,automatic,qid:Q16250565,Elkhart,2009-08-03,2009-09-30,42,closure,,0,0,1,https://www.in.gov/dwd/warn-notices/current-warn-notices/,aa067919b316a20126f52fdfc07a52fafc4989ec9c41925592f6e851,ec7c7e4cce8306c9209578d83f5984ff68e527ad,2026-07-16,2026-07-19
IN,Kmart Corp.,kmart,,Discount Department Stores,452112,source,56824,,exact,5331,Retail-Variety Stores,,,,,,,,automatic,cik:56824,Martinsville,2009-08-06,2009-11-08,48,closure,,0,0,1,https://www.in.gov/dwd/warn-notices/current-warn-notices/,8c42a7d13f02917c4cacc27517d52a6a5f84617674407bf2fd4810ea,46e3571727240c4c86c8e7ba48e692c7a99a2a2f,2026-07-16,2026-07-19
IN,International Aerospace Tubes,international aerospace tubes,,Aerospace Product Manufacturing,33641,source,,,,,,,,,,,,,,n:international aerospace tubes,Indianapolis,2009-08-27,2009-10-28,106,closure,,0,0,1,https://www.in.gov/dwd/warn-notices/current-warn-notices/,6bf8f39a6f2d0c522945b8e99070e164e9687f77f0a05dc73338c49d,9a07107b515fdc457c6c1bb5bdf30eeeaa05f1a1,2026-07-16,2026-07-19
IN,"Peabody Midwest Management Services, LLC",peabody midwest management services,,Coal Mining,21211,source,1469794,,exact,,,,,,,,,,automatic,cik:1469794,Francisco,2009-09-23,2009-11-23,133,closure,,0,0,1,https://www.in.gov/dwd/warn-notices/current-warn-notices/,dfb7659af96f7cabf827bd03f9a78f4ed2e783bb88b0c6d8e735353c,76b016c1633be985f5f693fa49f3d624d2aaf293,2026-07-16,2026-07-19
IN,Heraeus Electro-Nite Co.,heraeus electro nite,,Other Electronic Component Manufacturing,334419,source,,,,,,,,,,,,,,n:heraeus electro nite,Peru,2009-10-06,2009-12-07,109,unknown,,0,0,1,https://www.in.gov/dwd/warn-notices/current-warn-notices/,56e2696e634b782198acb3e474112aad591615f546f295fdfd2f4fff,08e5bfd7cbe030ac0e599f0766720c2d5c82c02b,2026-07-16,2026-07-19
IN,Lockheed Martin,lockheed martin,Lockheed Martin,Aerospace product manufacturing,33641,source,936468,LMT,exact,3760,Guided Missiles & Space Vehicles & Parts,,,,Q7240,cik,,,automatic,qid:Q7240,Indianapolis,2009-10-14,2009-12-12,25,unknown,,0,0,1,https://www.in.gov/dwd/warn-notices/current-warn-notices/,44cf979fbb75cbacda6406e87d1326fbd349109459aeda52bd4e514d,5857fdf452cc947d48bac3a28db335b5c8c37289,2026-07-16,2026-07-19
IN,Bristol-Myers Squibb Company,bristol myers squibb,Bristol-Myers Squibb,Druggists' Goods Merchant Wholesalers,424210,source,14272,BMY,exact,2834,Pharmaceutical Preparations,,,,Q266423,cik,,,automatic,qid:Q266423,Evansville and Mount Vernon,2009-10-20,2009-12-31,113,unknown,,0,0,1,https://www.in.gov/dwd/warn-notices/current-warn-notices/,7368b1dc8e7af99cef6a7473d0eade9e5a87180d308fba6ef1a767fa,f83141a21436b2c8b781bf8984b9f6dc82d36e32,2026-07-16,2026-07-19
IN,Masonite Corporation,masonite,,Woo Product Manufacturing,321999,source,63049,,exact,2400,Lumber & Wood Products (No Furniture),,,,,,,,automatic,cik:63049,South Bend,2009-10-22,2009-12-23,73,closure,,0,0,1,https://www.in.gov/dwd/warn-notices/current-warn-notices/,12695bbdb569963351a03e0224baa95134e80ecc8b8a6f36d7dc4625,9f1150160283efc2cd97e63f78c63208a2ce24b5,2026-07-16,2026-07-19
IN,Carlisle Industrial Brake and Friction (Carlisle Corp),carlisle industrial brake and friction carlisle,,Motor Vehicle Brake System Manufacturing,336340,source,,,,,,,,,,,,,,n:carlisle industrial brake and friction,Logansport,2009-11-02,2009-12-25,118,closure,,0,0,1,https://www.in.gov/dwd/warn-notices/current-warn-notices/,2ed80cf25321dff83af1cc224b19ffb745390ec336b898a2d787d42f,d222fa3789ac900871b79bd17440194fa81a0e20,2026-07-16,2026-07-19
IN,Eli Lilly,eli lilly,Eli Lilly and Company,Pharmaceutical Preparation Manufacturing,325412,source,,,,,,,,FRDRIPF3EKNDJ2CQJL29,Q632240,label,,,automatic,qid:Q632240,Indianapolis,2009-11-02,2009-12-31,191,closure,,0,0,1,https://www.in.gov/dwd/warn-notices/current-warn-notices/,8d488d9a915cddfc3528cd23bcbbd02d9c80dbf85d914cdbf023cbc5,a8e39f7691efd6cb633f0a35269247b523bc0e94,2026-07-16,2026-07-19
IN,"Workhorse Custom Chassis, LLC",workhorse custom chassis,,Automotive Manufacturing,336111,source,,,,,,,,,,,,,,n:workhorse custom chassis,Union City,2009-11-02,2010-01-04,90,unknown,,0,0,1,https://www.in.gov/dwd/warn-notices/current-warn-notices/,cb4bbfbbbbb797225b02c377d16a0dfb6ff7b75006c09c3a46389210,25447455fafdca2684238cfa255756ace2fc8196,2026-07-16,2026-07-19
IN,Graphic Packaging,graphic packaging,Graphic Packaging,Folding Paperboard box Manufacturing,322212,source,886239,,exact,2631,Paperboard Mills,,,,Q5597139,label,,,automatic,qid:Q5597139,Fort Wayne,2009-11-03,2010-06-30,118,closure,,0,0,1,https://www.in.gov/dwd/warn-notices/current-warn-notices/,6b837c03c1d5a25597edd4e8be343b3b6076884525741691a5353061,f28b01b860ae2b31cfa51dbf2e70352cafcbd5df,2026-07-16,2026-07-19
IN,Apria Healthcare,apria healthcare,,Other Residential Care Facilities,623990,source,1493690,,exact,,,,,,,,,,automatic,cik:1493690,Indianapolis,2009-11-18,2009-12-31,35,unknown,,0,0,1,https://www.in.gov/dwd/warn-notices/current-warn-notices/,0212f91952e67cab6a86403bc8669ecde82928ada5571ca299240920,b04d9cdceea5d5659083ab0f63cebafd437fd89d,2026-07-16,2026-07-19
IN,Visteon Corporation,visteon,,Engine Parts Manufacturing,336312,source,1111335,VC,exact,3714,Motor Vehicle Parts & Accessories,,,,,,,,automatic,cik:1111335,Indianapolis,2009-12-01,2010-01-29,187,unknown,,0,0,1,https://www.in.gov/dwd/warn-notices/current-warn-notices/,32c183590e2befe5240fe40b91079b482c6dc8704a4f8b54bc05915a,141e4038f4009d206632d31a19c735690854e2d9,2026-07-16,2026-07-19
IN,Lincoln Food Service Products Inc.,lincoln food service products,,Other Commercial and Service Machinery,333319,source,,,,,,,,,,,,,,n:lincoln food service products,Fort Wayne,2009-12-02,2010-02-01,190,closure,,0,0,1,https://www.in.gov/dwd/warn-notices/current-warn-notices/,a27b46dbf5aa59e36e5675cb603241839c77bba3e290dc765e4b77d7,6f6c04245299cd5baf6b2ed2d4ad7d6d971b496d,2026-07-16,2026-07-19
IN,K-Mart Store No. 3321,k mart store no 3321,,Discount Department Store,452112,source,,,,,,,,,,,,,,n:k mart store no 3321,Jeffersonville,2009-12-03,2010-02-07,69,closure,,0,0,1,https://www.in.gov/dwd/warn-notices/current-warn-notices/,e1bb751459cec3ef21966c18429afa5c793bd8890fb1294bc57e6cca,7117dc8ba9a5dc67272c76a3e6afa39311892ec3,2026-07-16,2026-07-19
IN,Madison Center,madison center,,Psychiatric and Substance Abuse Hospital,622210,source,,,,,,,,,,,,,,n:madison center,South Bend,2009-12-09,2010-01-04,100,unknown,,0,0,1,https://www.in.gov/dwd/warn-notices/current-warn-notices/,84e0020cb1420628f218dbab24dfa1efe281f7f3406c7f0f9c740f45,c0bb1551a4ff9eb886d3115df959f7e6a8c3df94,2026-07-16,2026-07-19
IN,Rock-Tenn Converting Company,rock tenn converting,,Newsprint Mills,322122,source,,,,,,,,,,,,,,n:rock tenn converting,Columbus,2009-12-15,2010-02-13,71,closure,,0,0,1,https://www.in.gov/dwd/warn-notices/current-warn-notices/,aff809562804648547ceff10b23f71164475aaa3585b6903e0b6bd23,aaa0733c8d0be19ad4233ce2efce2887e589684e,2026-07-16,2026-07-19
IN,Newport Chemical Depot,newport chemical depot,,Radioactive Material Disposal,562211,source,,,,,,,,,,,,,,n:newport chemical depot,Newport,2009-12-28,2009-12-30,207,unknown,,0,0,1,https://www.in.gov/dwd/warn-notices/current-warn-notices/,9ca46c26e7976e03a0d71907f37c34f6188989e8226ce9e4fe89934a,f4ec855f84e29fdb81ecd2081b034b7575c91500,2026-07-16,2026-07-19
IN,Acubuilt,acubuilt,,Motor Home Manufacturing,336213,source,,,,,,,,,,,,,,n:acubuilt,Elkhart,2010-01-06,2010-03-06,73,closure,,0,0,1,https://www.in.gov/dwd/warn-notices/current-warn-notices/,3fabb91836ecd3dd30a002a59973d1fbd9f6a3d8a0366344ab7f5784,fb6a8d59c3353f26bce048cf8b21aa120d51a346,2026-07-16,2026-07-19
IN,Gunite Corporation,gunite,,Motor Vehicle Brake System Manufacturing,336340,source,923152,,exact,3711,Motor Vehicles & Passenger Car Bodies,,,,,,,,automatic,cik:923152,Elkhart,2010-01-12,2010-03-23,136,unknown,,0,0,1,https://www.in.gov/dwd/warn-notices/current-warn-notices/,e282aca1590eba7d32f1ff98125905eb4920229cfdf54d6d710ba6c2,a97b874f5446e0a1a24137341d0c368fc8c5ec4e,2026-07-16,2026-07-19
IN,Apria Healthcare,apria healthcare,,Other Residential Care Facility,623990,source,1493690,,exact,,,,,,,,,,automatic,cik:1493690,Indianapolis,2010-01-18,2010-01-29,32,unknown,,0,0,1,https://www.in.gov/dwd/warn-notices/current-warn-notices/,cfc19911aa6142571a617311e0d2e63f8d198a3cea814ee8408e97bf,184edd3af883824d1c07853bad8125563bde6b7c,2026-07-16,2026-07-19
IN,Visteon,visteon,,Engine Part Manufacturing,336312,source,1111335,VC,exact,3714,Motor Vehicle Parts & Accessories,,,,,,,,automatic,cik:1111335,Indianapolis,2010-01-26,2010-03-31,15,unknown,,0,0,1,https://www.in.gov/dwd/warn-notices/current-warn-notices/,47856e0f5d9a06d9def3135bab96ce89de3e2ac98ca392e44f402138,91cb409264f5c935092edc51b06a7924967bc71f,2026-07-16,2026-07-19
IN,Cardinal Health,cardinal health,Cardinal Health,Surgical Medical Instrument mfg,339112,source,721371,CAH,exact,5122,"Wholesale-Drugs, Proprietaries & Druggists' Sundries",,,,Q902397,cik,,,automatic,qid:Q902397,Indianapolis,2010-02-02,2010-04-03,49,unknown,,0,0,1,https://www.in.gov/dwd/warn-notices/current-warn-notices/,98fa2812464f4693ff0140c692e6828450a4ac0a6b7111642db52d3c,c55e4a28efc09b9cd4f76d0b0b53767ad674fe55,2026-07-16,2026-07-19
IN,NAL Worldwide,nal worldwide,,General Warehousing and Storage,493110,source,,,,,,,,,,,,,,n:nal worldwide,Plainfield,2010-02-02,2010-03-31,126,closure,,0,0,1,https://www.in.gov/dwd/warn-notices/current-warn-notices/,01b49c87329f5beeeee99d3fc570fc15bc90f46dabf2c7cefb674d65,cf9d167fdf1816efe8f295e2963d2d24d1ae3223,2026-07-16,2026-07-19
IN,AAA Hoosier Motor Club,aaa hoosier motor club,,Professional Organization,813920,source,,,,,,,,,,,,,,n:aaa hoosier motor club,Indianapolis,2010-02-03,2010-06-30,61,closure,,0,0,1,https://www.in.gov/dwd/warn-notices/current-warn-notices/,9784261b8e52a8f43b04201606a233e2567277a0e653aea6940faf73,8616a8452079e6fb6af6e078dab6f74b7a5fb027,2026-07-16,2026-07-19
IN,K-Mart Store No. 9187,k mart store no 9187,,Discount Department Store,452112,source,,,,,,,,,,,,,,n:k mart store no 9187,Connersville,2010-02-05,2010-05-31,59,closure,,0,0,1,https://www.in.gov/dwd/warn-notices/current-warn-notices/,bbf49947fe03c1a69cb5568c36473878437988e1f96f7fb0312d0bfa,8d98f63e646e625c42bf4d530a44de052b8ceccf,2026-07-16,2026-07-19
IN,Gunite Corporation,gunite,,Motor Vehicle Brake System Manufacturing,336340,source,923152,,exact,3711,Motor Vehicles & Passenger Car Bodies,,,,,,,,automatic,cik:923152,Elkhart,2010-02-18,2010-05-31,100,closure,,0,0,1,https://www.in.gov/dwd/warn-notices/current-warn-notices/,fdaea30c65f74e68f4303fd161be77f774dbe622ba13e2c0c8421667,6e5838a37a93383afc4ee55e5669863665a1f535,2026-07-16,2026-07-19
IN,K-Mart Store No. 4913,k mart store no 4913,,Discount Department Store,452112,source,,,,,,,,,,,,,,n:k mart store no 4913,Terre Haute,2010-02-19,2010-05-07,141,unknown,,0,0,1,https://www.in.gov/dwd/warn-notices/current-warn-notices/,bfb032f25e17d227500c77250093f245f06ebe0cf76c968fae599121,585edeefbc937706421a9a4b945f79742d2b472b,2026-07-16,2026-07-19
IN,Universal Music Group,universal music group,,Unknown,,,,,,,,,,,,,,,,n:universal music group,Fishers,2010-02-23,2010-05-09,34,unknown,,0,0,1,https://www.in.gov/dwd/warn-notices/current-warn-notices/,e83b6ed58c10f42aa76a286558df2f9beeb601546522d3ce3f766f32,298706bb1d577aa7e99ed4d19fa5c25bfc3525c3,2026-07-16,2026-07-19
IN,Diversified System Inc.,diversified system,,Circuit Board Mfg,334412,source,,,,,,,,,,,,,,n:diversified system,Indianapolis,2010-02-25,2010-04-30,104,closure,,0,0,1,https://www.in.gov/dwd/warn-notices/current-warn-notices/,d7936288aa27755aeb90615cab267a216ffd05e758d32df0e9881225,43c2a68309fc3f285c4100c80711b19bb8400f49,2026-07-16,2026-07-19
IN,I.V.C Industrial Coating,i v c industrial coating,,Paint and Coating Manufacturing,32551,source,,,,,,,,,,,,,,n:i v c industrial coating,Indianapolis,2010-03-02,2010-06-01,55,closure,,0,0,1,https://www.in.gov/dwd/warn-notices/current-warn-notices/,cf721a8911749e6e8002ff5d1e8ac75d86d2f7c07ba8a7e29971ce32,7f619d6985732a3bd5a7f3f3984a44f5778e6b70,2026-07-16,2026-07-19
IN,Ceva Logistics U.S. Inc,ceva logistics u s,"CEVA Logistics U.S., Inc.",Other Warehouse and Storage,493190,source,,,,,,,,254900491IYJ08QHUN06,,,,,automatic,lei:254900491IYJ08QHUN06,Plainfield,2010-03-17,2010-06-30,253,closure,,0,0,1,https://www.in.gov/dwd/warn-notices/current-warn-notices/,84af4ed366aeafedbb266bf775b9bd53f13a3ec199e81069a8c80aa5,7b13cd583a2fcf33db36c48485cb798151a1ed87,2026-07-16,2026-07-19
IN,Temple-Inland,temple inland,,Corrugated/Solid Fiber Box Manufacturing,322211,source,731939,,exact,2631,Paperboard Mills,,,,,,,,automatic,cik:731939,Evansville,2010-03-29,2010-05-28,97,unknown,,0,0,1,https://www.in.gov/dwd/warn-notices/current-warn-notices/,3c45e693b024652e986ce9b05dc213d5d975a9bf18bc910188697b8d,7d2b8c544c6466854d37371852df83458fef8952,2026-07-16,2026-07-19
IN,Knauf Insulation GmbH,knauf insulation,"Knauf Insulation, Inc.",All Other Miscellaneous Manufacturing,339999,source,,,,,,,,549300DV3I8VJDFMH812,,,,,automatic,lei:549300DV3I8VJDFMH812,Shelbyville,2010-04-07,2010-06-06,100,unknown,,0,0,1,https://www.in.gov/dwd/warn-notices/current-warn-notices/,54589d8bd05133e7111c7a34da83d1419f5ec14b43dec84b3785bfe3,e63d2a8d481c917adf20e263e4acd740ae70a5fc,2026-07-16,2026-07-19
IN,Dawn Foods,dawn foods,,Frozen Pastry Manufacturing,311813,source,,,,,,,,,,,,,,n:dawn foods,Crown Point,2010-04-08,2010-08-31,160,closure,,0,0,1,https://www.in.gov/dwd/warn-notices/current-warn-notices/,46101c6d3e0eb415961bfddbe2ce68621739ee14ce1d941248c9b191,4b4d486418ad076a8c63f2ad4d6c68a464df1b9b,2026-07-16,2026-07-19
IN,Navistar (dba Indpls Casting Corp.),navistar dba indpls casting,International,All Other Motor Vehicle Parts Mfg.,336399,source,51296,,exact:base,3711,Motor Vehicles & Passenger Car Bodies,,,,Q29739,cik,Traton,,automatic,qid:Q29739,Indianapolis,2010-04-26,2010-07-01,415,closure,,0,0,1,https://www.in.gov/dwd/warn-notices/current-warn-notices/,583005f460c482da6d57076aeaf3b29fd7f7e11ea9b9a8989e8a49e1,2a72ffbcec603129191a1590a54bd18943f7cc8e,2026-07-16,2026-07-19
IN,ADCO Products Inc.,adco products,,Adhesive Manufacturing,325520,source,,,,,,,,,,,,,,n:adco products,Evansville,2010-05-24,2010-08-06,68,unknown,,0,0,1,https://www.in.gov/dwd/warn-notices/current-warn-notices/,ea0d7ca0917462d025e91fa33ac4cb6f100925652a44857bc02e7904,5c58f29854a19e3d70550d70126f30dba4269ccb,2026-07-16,2026-07-19
IN,Pace American,pace american,,Travel Trailer and Camper Mfg.,336214,source,,,,,,,,,,,,,,n:pace american,Middlebury,2010-06-01,2010-07-31,150,closure,,0,0,1,https://www.in.gov/dwd/warn-notices/current-warn-notices/,7da52d4dcab643777c14ffc5cecd91440496189553d3d8f0502f4745,e7533a386c93af6f4309b33d9e3902fc407535e6,2026-07-16,2026-07-19
IN,MHP Pharmacy -dba- Freedom Pharmacy,mhp pharmacy dba freedom pharmacy,,Misc. Ambulatory Health Care Svc,621999,source,,,,,,,,,,,,,,n:mhp pharmacy,Indianapolis,2010-06-02,2010-08-02,55,closure,,0,0,1,https://www.in.gov/dwd/warn-notices/current-warn-notices/,b52a89bbd6d8954a37b8e00b607da65f3902e3e74dea42bc04178e36,8469aefb210e55824f44e41e098b08105567c122,2026-07-16,2026-07-19
IN,Engineered Plastic Components Inc. -dba- Innatech LLC,engineered plastic components inc dba innatech,"Engineered Plastic Components, Inc.",All Other Plastics Product Manufacturing,326199,source,,,,,,,,549300F4GT56C0LWZR32,,,,,automatic,lei:549300F4GT56C0LWZR32,Richmond,2010-06-29,2010-08-17,75,closure,,0,0,1,https://www.in.gov/dwd/warn-notices/current-warn-notices/,209d1bdded26a5cb2081515b1b2a9b63aedc6c6610b1f889531df4a1,7ada6cb8a4957d671c887143975960140a5d9731,2026-07-16,2026-07-19
IN,Indiana Medical Associates LLC,indiana medical associates,,Other Hospitals,622310,source,,,,,,,,,,,,,,n:indiana medical associates,Fort Wayne,2010-07-01,2010-09-01,102,closure,,0,0,1,https://www.in.gov/dwd/warn-notices/current-warn-notices/,c25579657313f399208782c2c9715b0bb27245422291a5719d2a40d3,1c44ae1010a82a4421b3613da17a060d01b1aa32,2026-07-16,2026-07-19
IN,Peabody Indiana Services LLC,peabody indiana services,,Bituminous Coal & Lignite Surface Mining,212111,source,1469797,,exact,,,,,,,,,,automatic,cik:1469797,Pimento,2010-07-01,2010-08-31,90,closure,,0,0,1,https://www.in.gov/dwd/warn-notices/current-warn-notices/,547b78bc73872f3e3624a57f614517dc14e174cbdac2cd2ca681ab2f,a4ed56e83d9626374919d2d0c1e4eb269cb5fa2d,2026-07-16,2026-07-19
IN,Peabody Midwest Management Services LLC,peabody midwest management services,,Bituminous Coal & Lignite Surface Mining,212111,source,1469794,,exact,,,,,,,,,,automatic,cik:1469794,Pimento,2010-07-01,2010-08-31,10,closure,,0,0,1,https://www.in.gov/dwd/warn-notices/current-warn-notices/,9ff3ad144e9622c43a3c370710e71cfcc229128d182797d52a20dd72,2c6a778ba5a802df097dc6ad4ac6cdc3b7349913,2026-07-16,2026-07-19
IN,Norwood Promotional Products LLC,norwood promotional products,,Business to Consumer retail sales Internet sites,454111,source,902793,,exact:post-era,2300,Apparel & Other Finishd Prods of  Fabrics & Similar Matl,,,,,,,,automatic,cik:902793,Indianapolis,2010-07-08,2011-01-31,57,closure,,0,0,1,https://www.in.gov/dwd/warn-notices/current-warn-notices/,561fba1b19537f561aadffee17c56fb4ff8166b3e57c38a112cb9353,0c8046678829b3cb1dd419ab696c4e60e3098d4b,2026-07-16,2026-07-19
IN,Perfect Fit Industries,perfect fit industries,,Other Household Textile Product Mills,314129,source,,,,,,,,,,,,,,n:perfect fit industries,Loogootee,2010-08-06,2010-12-31,95,closure,,0,0,1,https://www.in.gov/dwd/warn-notices/current-warn-notices/,fb48866b36037db805c4bde0084c9c1c419297246f5f82d33b5c2042,16d0b2d820cb233862e7415efc36bbe03aa5dcb7,2026-07-16,2026-07-19
IN,Eli Lilly and Company,eli lilly,Eli Lilly and Company,Pharmaceutical Preparation Manufacturing,325412,source,,,,,,,,FRDRIPF3EKNDJ2CQJL29,Q632240,label,,,automatic,qid:Q632240,Indianapolis,2010-08-09,2010-11-30,500,unknown,,0,0,1,https://www.in.gov/dwd/warn-notices/current-warn-notices/,181d9b6696e9bde1dc741fc93fe04c9728c8ab6d00dbdd17a11190f4,4e1628afd0252cb6e255d661f18251c94c845d36,2026-07-16,2026-07-19
IN,Spa Chakra - Conrad Hotel,spa chakra conrad hotel,,Hotels (except casino hotels),721110,source,1326675,,exact:base,,,,,,,,,,automatic,cik:1326675,Indianapolis,2010-08-31,2010-08-20,18,closure,,0,0,1,https://www.in.gov/dwd/warn-notices/current-warn-notices/,cd7c719adbf5520339b5ae1ff81a6ac6681823180823f48b15a40b6a,b550713a2cec9f058611373cfcbb75ad810bb4fb,2026-07-16,2026-07-19
IN,IAC International Automotive Components,iac international automotive components,,Automobile Manufacturing,336111,source,,,,,,,,,,,,,,n:iac international automotive components,Greencastle,2010-09-09,2010-11-10,202,unknown,,0,0,1,https://www.in.gov/dwd/warn-notices/current-warn-notices/,e85d157b0d1b30ae24fdae082e76b0b02c1714102e72e7e5566a1fe8,d16ed5b606c578d0c861bbce3d9cd3e2409dadea,2026-07-16,2026-07-19
IN,"DMI Furniture, Inc",dmi furniture,,Nonupholstered Wood Household Furniture,337122,source,225261,,exact:post-era,2511,"Wood Household Furniture, (No Upholstered)",,,,,,,,automatic,cik:225261,Huntingburg,2010-09-15,2010-11-19,62,closure,,0,0,1,https://www.in.gov/dwd/warn-notices/current-warn-notices/,3f4833ef2b197bf0999f686f474f11d204c1d24b871ee5e9c328e69b,b0a726c47178a3cb107e61fbb448b772f1c0f375,2026-07-16,2026-07-19
IN,Ford Motor Company,ford motor,Ford Motor Company,Motor Vehicle Steering,336330,source,37996,F,exact,3711,Motor Vehicles & Passenger Car Bodies,,,,Q44294,cik,,,automatic,qid:Q44294,Indianapolis,2010-09-17,2011-05-06,46,closure,,0,0,1,https://www.in.gov/dwd/warn-notices/current-warn-notices/,f745b806aeab971816188afe9d44a65a59b02df2e6158860a49f99e0,2ff4d6443d356c2465e2b6e3469e5b609ba7daab,2026-07-16,2026-07-19
IN,"Xanodyne Pharmaceuticals, Inc.",xanodyne pharmaceuticals,,Pharmaceutical Preparation Manufacturing,325412,source,1335480,,exact,2834,Pharmaceutical Preparations,,,,,,,,automatic,cik:1335480,"Newport, KY",2010-09-21,2010-11-21,4,unknown,,0,0,1,https://www.in.gov/dwd/warn-notices/current-warn-notices/,f292f8c57270cf02d81d19052c512f1ba91d181eb1212cb872694221,a6a9176031c7c563ebb1d54b895378ccc408839f,2026-07-16,2026-07-19
IN,Camryn Industries,camryn industries,,Motor Vehicle Seating and Interior Trim Manufacturing,336360,source,,,,,,,,,,,,,,n:camryn industries,Berne,2010-10-04,2010-10-15,250,closure,,0,0,1,https://www.in.gov/dwd/warn-notices/current-warn-notices/,4cb4f125caad60fd889887a96b01aa2fa6450f574c20b308929ca9b1,4daf8eaad9d8c04c618b9fba4125b93b73ccfeda,2026-07-16,2026-07-19
IN,TeleServices Direct,teleservices direct,,Telephone Call Centers,56142,source,,,,,,,,,,,,,,n:teleservices direct,Greenwood,2010-10-04,2010-12-04,260,closure,,0,0,1,https://www.in.gov/dwd/warn-notices/current-warn-notices/,049b0d1fbecd902029a9fb7537cc83aa082668c4f74b524fdd1076b5,06d0ba4047ca5dea43aa7a836fc9b2d0f2b6c73e,2026-07-16,2026-07-19
IN,Hoffmaster Group Inc dba Creative Converting,hoffmaster group inc dba creative converting,,General Warehousing and Storage,49311,source,,,,,,,,,,,,,,n:hoffmaster group,Indianapolis,2010-10-07,2011-02-25,80,closure,,0,0,1,https://www.in.gov/dwd/warn-notices/current-warn-notices/,2012732fcb2558c36aacd026b741cae1b6083dd01d1e6f68621a3f55,21b2ca47f3646984cb5b8375ff512b7bcdf11628,2026-07-16,2026-07-19
IN,Principal Financial Group,principal financial group,Principal Financial Group,Misc. Financial Investment Activities,523999,source,1126328,PFG,exact,6321,Accident & Health Insurance,,,,Q3403513,cik,,,automatic,qid:Q3403513,Indianapolis,2010-10-11,2010-12-10,60,unknown,,0,0,1,https://www.in.gov/dwd/warn-notices/current-warn-notices/,cf1c3116c25ee940c38d146e196ced1e54cc21e4c6b1ce1d89437ed2,b864b78b8a566015ba7c28aefd2c8adaa4cedbdd,2026-07-16,2026-07-19
IN,"Automotive Components Holding, LLC",automotive components holding,,Motor Vehicle Steering and Suspension Components Manufacturing,336330,source,,,,,,,,,,,,,,n:automotive components holding,Indianapolis,2010-10-28,2011-01-14,26,closure,,0,0,1,https://www.in.gov/dwd/warn-notices/current-warn-notices/,282284c272cea346e7fec38edb175ee708dd86c4aae074c30cb5dbf0,97de9eca594c78a9df72e3c7a8a1e0a6f03d8fcd,2026-07-16,2026-07-19
IN,Weil-McLain,weil mclain,,Air-Conditioning & Warm Air Heating Equipment Manufacturing,333415,source,,,,,,,,,,,,,,n:weil mclain,Michigan City,2010-11-08,2011-01-09,87,unknown,,0,0,1,https://www.in.gov/dwd/warn-notices/current-warn-notices/,c149c97268321430db3e72414a1d3a0d60e09f0dca1edbb06bb645e4,91934053b9c6d526d0b4735ec9deafbd48f87df7,2026-07-16,2026-07-19
IN,Printpack Inc.,printpack,,Coated & Laminated Packaging Materials Mfg.,322221,source,202930,,exact:post-era,2673,"Plastics, Foil & Coated Paper Bags",,,,,,,,automatic,cik:202930,Greensburg,2010-11-17,2011-01-20,230,closure,,0,0,1,https://www.in.gov/dwd/warn-notices/current-warn-notices/,b4333fc7443c92cddc0756d83c038fefcc8599eed5c46971f31f713e,a9d6e417a139ebd58ea4ff99367039efee418442,2026-07-16,2026-07-19
IN,General Motors Stamping Plant,general motors stamping plant,,Motor Vehicle Metal Stamping,336370,source,,,,,,,,,,,,,,n:general motors stamping plant,Indianapolis,2010-11-29,2011-06-30,443,closure,,0,0,1,https://www.in.gov/dwd/warn-notices/current-warn-notices/,c59656dee8d80423bcc5625e7fd3ce525404f966db6ea917a717ba02,ed9f0d69aebe8e08e1a228dbe575dc9b0aafb6fa,2026-07-16,2026-07-19
IN,AJWright,ajwright,AJWright,Family Clothing Stores,448140,source,,,,,,,,,Q4652087,label,,,automatic,qid:Q4652087,South Bend,2010-12-10,2011-02-08,725,closure,,0,0,1,https://www.in.gov/dwd/warn-notices/current-warn-notices/,bf7b7f7c8bb07df545b2a85712a3201af1f3d1557f8b96c761c88c7b,fc12456aaa165a7b6e5ef2810d5fb299a7bb6882,2026-07-16,2026-07-19
IN,Siemens Industry Inc.,siemens industry,,Relay and Industrial Control Manufacturing,335314,source,,,,,,,,,,,,,,n:siemens industry,Rockport,2011-01-04,2011-03-11,63,unknown,,0,0,1,https://www.in.gov/dwd/warn-notices/current-warn-notices/,294e26feaafc79702feb6b210bc3c85c32df665fee27365c8aaff7bc,688e081cd2557fa57a686709a399eb46e665620b,2026-07-16,2026-07-19
IN,Fluor,fluor,Fluor Corporation,Masonry Construction,238140,source,1124198,FLR,exact,1600,Heavy Construction Other Than Bldg Const - Contractors,,,,Q653581,cik,,,automatic,qid:Q653581,Rockport,2011-01-06,2011-03-11,132,unknown,,0,0,1,https://www.in.gov/dwd/warn-notices/current-warn-notices/,9a86bb31e91669cdb9e5554a7dc67118ec781751fc447e9a137ce76a,4a8e50f7692a178a8eaf2f8bda81ffc0d9673813,2026-07-16,2026-07-19
IN,Milbank Manufacturing Co.,milbank manufacturing,,Current Carrying Wiring Device Manufacturing,335931,source,,,,,,,,,,,,,,n:milbank manufacturing,Kokomo,2011-01-07,2011-03-08,75,closure,,0,0,1,https://www.in.gov/dwd/warn-notices/current-warn-notices/,3cc50e797574b9e65b2264aa00bdebff862f25f9337a64fbd5adf62f,fb5a75584bce37bc5b15c4e140fc5d7106592a4d,2026-07-16,2026-07-19
IN,Medtec Ambulance Corp.,medtec ambulance,,Motor Vehicle Body Manufacturing,336211,source,1487265,,exact,,,,,,,,,,automatic,cik:1487265,Goshen,2011-01-11,2011-03-31,154,closure,,0,0,1,https://www.in.gov/dwd/warn-notices/current-warn-notices/,e2c1379aa82b326df7600525417dd278f3f827cf018b87cc22a1c9a4,7874665bbbc97b12b35f8667500134d19a02418d,2026-07-16,2026-07-19
IN,"Caterpillar Logistics, Inc.",caterpillar logistics,,Construction Machinery Manufacturing,333120,source,,,,,,,,,,,CATERPILLAR INC,18230,,n:caterpillar logistics,Greenfield,2011-01-24,2011-05-01,84,unknown,,0,0,1,https://www.in.gov/dwd/warn-notices/current-warn-notices/,45327c3d55c64e0ea9931a7c2e17c4f7bf4bb50341e5aa8f129065d6,4f457ca4f40e4bc0705707098514a6931851c073,2026-07-16,2026-07-19
IN,"Key Plastics, LLC",key plastics,,Plastics Materials Merchant Wls,424610,source,1494198,,exact,,,,,,,,,,automatic,cik:1494198,Hartford City,2011-01-27,2011-07-29,214,closure,,0,0,1,https://www.in.gov/dwd/warn-notices/current-warn-notices/,bd6050ec5545b74ab048c71f5d5f248525231e5c40d30647554783f2,d7fb13de57e5d83f4de204f6f9f485ced3254dff,2026-07-16,2026-07-19
IN,Masco Support Services,masco support services,,Wood Kitchen Cabinet and Countertop Manufacturing,337110,source,,,,,,,,,,,,,,n:masco support services,Indianapolis,2011-02-07,2011-07-29,67,closure,,0,0,1,https://www.in.gov/dwd/warn-notices/current-warn-notices/,7c2af1637eaa1f6d6a810a800e9c088bf29c5a86004a3ad5e91826e2,be0d156af8316480cb3430dd895a440b0959600f,2026-07-16,2026-07-19
IN,Genco ATC,genco atc,,General Warehousing and Storage,493110,source,,,,,,,,,,,,,,n:genco atc,Brownsburg,2011-02-14,2011-04-30,76,closure,,0,0,1,https://www.in.gov/dwd/warn-notices/current-warn-notices/,8bebd720f4295ccb1e33db5ae8cd611d35af3f94809ce83c13b0471a,057f91245df7f8662af29704bce5bb7f73692bc0,2026-07-16,2026-07-19
IN,Monroe Bank (Division of Old National Bank),monroe bank division of old national bank,,Commercial Banking,522110,source,,,,,,,,,,,,,,n:monroe bank,Bloomington,2011-02-15,2011-06-01,59,unknown,,0,0,1,https://www.in.gov/dwd/warn-notices/current-warn-notices/,f025526d078dcb458a4519155d5c553964a75c655b7961e636f6b3a0,b36c87329f6f8d7f5c1a1e47a6e284040bb23b04,2026-07-16,2026-07-19
IN,Northstar Aerospace Inc,northstar aerospace,,Other Aircraft Parts and Auxiliary Equipment Manufacturing,336413,source,1036652,,exact:post-era,3728,"Aircraft Parts & Auxiliary Equipment, NEC",,,,,,,,automatic,cik:1036652,Anderson,2011-03-02,2011-06-24,48,closure,,0,0,1,https://www.in.gov/dwd/warn-notices/current-warn-notices/,e7cdf8e4e1d5d52e0b560be005119a530b2a4b500d4a3a659f24c54e,cd10da93f976b73b6293735a027777ee40ce5a4d,2026-07-16,2026-07-19
IN,Lafayette Life Insurance Company,lafayette life insurance,,Direct Life Insurance Carriers,524113,source,,,,,,,,,,,,,,n:lafayette life insurance,Lafayette,2011-03-24,2011-07-01,159,closure,,0,0,1,https://www.in.gov/dwd/warn-notices/current-warn-notices/,c2e868affc56f670b53713973627e5d6814c5094f6f2704a9e89e5dd,632b8f5634a62b8836997b2ad63a3d761f6960e8,2026-07-16,2026-07-19
IN,Ruan Transport Corporation,ruan transport,,"General Freight Trucking, Long-Distance, Truckload",484121,source,,,,,,,,,,,,,,n:ruan transport,Decatur,2011-03-30,2011-06-01,58,closure,,0,0,1,https://www.in.gov/dwd/warn-notices/current-warn-notices/,9bf62ebd32c11feedf78390cc99c8e7a3dd30dc942e361ff7458e860,60a4a8989656be7215de48212a7562a7f7d8ce92,2026-07-16,2026-07-19
IN,Ditan Distribution,ditan distribution,,Advertising Material Distribution Svcs,541870,source,,,,,,,,,,,,,,n:ditan distribution,Plainfield,2011-04-19,2011-08-05,76,closure,,0,0,1,https://www.in.gov/dwd/warn-notices/current-warn-notices/,d5b9f3b50204b0f527d2c359c40f79e591ef98703492d1f0a29389e1,29e7d9a63a4eeac4fee7b8d02b94578208ccdeaf,2026-07-16,2026-07-19
IN,Dietrich Metal Framing,dietrich metal framing,,Iron and Steel Mills,331111,source,,,,,,,,,,,,,,n:dietrich metal framing,Hammond,2011-05-04,2011-06-26,105,unknown,,0,0,1,https://www.in.gov/dwd/warn-notices/current-warn-notices/,2144bc2713227a01b81d9f83970431b115ff625d8e35db4f3924fab3,0167fa814e7cfda9f0f7e967140b430669972364,2026-07-16,2026-07-19
IN,Best Buy,best buy,Best Buy,"Radio, TV & Other Electronics",443112,source,764478,BBY,exact,5731,"Retail-Radio, Tv & Consumer Electronics Stores",,,,Q533415,cik,,,automatic,qid:Q533415,Franklin,2011-05-16,2011-03-31,301,closure,,0,0,1,https://www.in.gov/dwd/warn-notices/current-warn-notices/,cf55816218a2c0c57e2e476ab85c2a8fc6c851ba06e154a54c5a6c1f,056f10fb21b12e4fcb0ecb5fd7328bd554400eec,2026-07-16,2026-07-19
IN,Nordstrom,nordstrom,Nordstrom,Department Store,452111,source,72333,,exact,5651,Retail-Family Clothing Stores,,,,Q174310,cik,,,automatic,qid:Q174310,Indianapolis,2011-05-27,2011-07-31,203,closure,,0,0,1,https://www.in.gov/dwd/warn-notices/current-warn-notices/,6c792bd204b26af2e8694d8c719e2aac236e576c5b30dcba834a6328,32a65db8548a406f0847609fb45b32891adde07d,2026-07-16,2026-07-19
IN,"Flextronics Americas, LLC",flextronics americas,,Cellular Telephone Services,517210,source,1578894,,fuzzy:0.99,,,,,,,,,,automatic,cik:1578894,Statewide- Various Locations,2011-05-31,2011-08-31,41,unknown,,0,0,1,https://www.in.gov/dwd/warn-notices/current-warn-notices/,156559d271b37f4204f1d46d8b12d65751961f9afbe6ae9048d8d4a0,ba69c2df5186319d4f59ce3e7795017913c3dcb7,2026-07-16,2026-07-19
IN,R.R. Donnelley & Sons,r r donnelley sons,,Books Printing,323117,source,,,,,,,,,,,RR Donnelley & Sons Co,29669,,n:r r donnelley sons,South Bend,2011-05-31,2012-07-24,107,closure,,0,0,1,https://www.in.gov/dwd/warn-notices/current-warn-notices/,326a91e1e9d373786bb99c23444e5c0917b044b3bd2f95055fee7946,13c677d7a8053c2890542fb9ee1cf2c483f61226,2026-07-16,2026-07-19
IN,Tree.Com.Inc,tree com inc,,Miscellaneous Intermediation,523910,source,,,,,,,,,,,,,,n:tree com inc,Carmel,2011-06-03,2011-08-03,64,closure,,0,0,1,https://www.in.gov/dwd/warn-notices/current-warn-notices/,2ca4083a9746be7f25c39644cad6a5dc0cf1cbc273d77fe59748877a,d4cce988b4176443e5572c57a7557265586988a4,2026-07-16,2026-07-19
IN,Nidec Motor Corp.,nidec motor,,Industrial & Commercial Fan & Blower Manufacturing,333412,source,,,,,,,,,,,,,,n:nidec motor,Frankfort,2011-06-16,2011-08-16,94,closure,,0,0,1,https://www.in.gov/dwd/warn-notices/current-warn-notices/,42d2c161332c7c505fda4dc97cd7b7c0e506c7f81a6a04186b6963b2,294c6d60c2a4b77850e14169d22a7fb42871f9dd,2026-07-16,2026-07-19
IN,Comcast Cable,comcast cable,Xfinity,Cable & Other Subscription Programming,515210,source,925692,,suffix,4813,Telephone Communications (No Radiotelephone),,,,Q5151002,label,,,automatic,qid:Q5151002,Indianapolis,2011-06-29,2011-09-11,103,unknown,,0,0,1,https://www.in.gov/dwd/warn-notices/current-warn-notices/,1deff214651551eefe6c1bd8c6868fc0897de9d9b153c45db27b42b8,f2ca45313b14bde17894df15c12eaf6949e28a74,2026-07-16,2026-07-19
IN,Regional Elite Airline Services,regional elite airline services,Regional Elite Airline Services,Scheduled Passenger Air Transportation,481111,source,,,,,,,,,Q7309049,label,,,automatic,qid:Q7309049,Indianapolis,2011-07-18,2011-10-01,59,closure,,0,0,1,https://www.in.gov/dwd/warn-notices/current-warn-notices/,65f26579b3a086c712c59e53a07bb32cd69da13687a6084e289d7b6d,4967f1b89735902b4f091f25f8f7a44169db5654,2026-07-16,2026-07-19
IN,"Kearney & Company, P.C.",kearney,,Accountants,541211,source,1119336,,exact:post-era,6770,Blank Checks,,,,,,,,automatic,cik:1119336,Indianapolis,2011-07-21,2011-10-01,84,closure,,0,0,1,https://www.in.gov/dwd/warn-notices/current-warn-notices/,238f95d291627efaeb8e0ff8e2f4b1b71aa57824a7e1e8c72c74a5b6,396dcf84ad0506b86dbd18efe27c0c981f1f7313,2026-07-16,2026-07-19
IN,Ficosa North America,ficosa north america,Ficosa North America Corporation,All Other Home Furnishings Stores,442299,source,,,,,,,,,Q140312344,label,,,automatic,qid:Q140312344,Berne,2011-07-25,2012-04-30,175,unknown,,0,0,1,https://www.in.gov/dwd/warn-notices/current-warn-notices/,9d31730e70836a05d1359ef1d4c4dd4991e0fc0686615de945fbc9fc,cc0df88d7df6a93753045c79dd164c3df820695a,2026-07-16,2026-07-19
IN,Lockheed Martin Corporation,lockheed martin,Lockheed Martin,Engineering Svcs,541330,source,936468,LMT,exact,3760,Guided Missiles & Space Vehicles & Parts,,,,Q7240,cik,,,automatic,qid:Q7240,Crane,2011-07-28,2011-09-30,7,unknown,,0,0,1,https://www.in.gov/dwd/warn-notices/current-warn-notices/,8e3ec42d45bc98c54f2cb8d25e2c3a1eaadfba33f584bd5dd28fb48b,586f485c2586bd2e98243facf8671ab7d12a1c0a,2026-07-16,2026-07-19
IN,Caribbean Cove Hotel and Water Park,caribbean cove hotel and water park,,Amusement & Theme Parks,713110,source,,,,,,,,,,,,,,n:caribbean cove hotel and water park,Indianapolis,2011-08-09,2011-10-09,206,closure,,0,0,1,https://www.in.gov/dwd/warn-notices/current-warn-notices/,eb7c189b478fa309ad9f52adaa5abd550fb4d817827b14263b786f12,9c90ea67cf3b01ffcbc50d0e496b32ac1b4bd657,2026-07-16,2026-07-19
IN,Lockheed Martin Corporation,lockheed martin,Lockheed Martin,Engineering Svcs,541330,source,936468,LMT,exact,3760,Guided Missiles & Space Vehicles & Parts,,,,Q7240,cik,,,automatic,qid:Q7240,Indianapolis,2011-08-15,2011-10-16,47,unknown,,0,0,1,https://www.in.gov/dwd/warn-notices/current-warn-notices/,bdfca732ac0cccdb0e79bda9a950ff1f9a3a5a30ac1b820638b50e5c,bddfc25082937658073c3f9dcac31e1ad7c28403,2026-07-16,2026-07-19
IN,Ingersoll Rand,ingersoll rand,Ingersoll Rand,Other Heavy Construction,237990,source,1466258,TT,exact:listed,3822,Auto Controls For Regulating Residential & Comml Environments,,,,Q1663044,cik,,,automatic,qid:Q1663044,Indianapolis And Carmel,2011-09-01,2011-11-01,17,unknown,,0,0,1,https://www.in.gov/dwd/warn-notices/current-warn-notices/,36777c2775c571430436485c048dadf5d72c1785e3abca507d2591c8,8ae55973c85f6b4af4944c5d8ec0338e1fbdd438,2026-07-16,2026-07-19
IN,Workhorse Custom Chassis LLC,workhorse custom chassis,,Automobile Manufacturing,336111,source,,,,,,,,,,,,,,n:workhorse custom chassis,Union City,2011-09-12,2011-11-01,212,closure,,0,0,1,https://www.in.gov/dwd/warn-notices/current-warn-notices/,6cab7181aedcfd62cac57b818b2455a1ef6be0c02797fd4176675e40,38387a12b74bfb7e188670770f375e3241201dae,2026-07-16,2026-07-19
IN,"Pace American Enterprises, Inc",pace american enterprises,,Truck Trailer Manufacturing,336212,source,,,,,,,,,,,,,,n:pace american enterprises,Middlebury,2011-09-13,2011-11-18,106,unknown,,0,0,1,https://www.in.gov/dwd/warn-notices/current-warn-notices/,75d0f416315c42d24afd67a985bfc1cf20bc8cf96679e0dc6dcdd99c,5d27f87da966db78c99f1cfc44f46f2dec501b16,2026-07-16,2026-07-19
IN,"Vantiv, LLC",vantiv,Worldpay,"Data Processing, Hosting, andRelated Services",518210,source,1533932,,exact,7389,"Services-Business Services, NEC",,,,Q2900982,cik,Bain Capital,,automatic,qid:Q2900982,Evansville,2011-09-16,2011-11-07,25,unknown,,0,0,1,https://www.in.gov/dwd/warn-notices/current-warn-notices/,d0a3ab2febe54d5d736acdd06aad52cbbe758de1e79c4194c9f66c1a,97d63a55a0fee712179fbdd0264586a8c45f9091,2026-07-16,2026-07-19
IN,Comcast,comcast,Comcast,Cable and Other Subscriptionbr />Programming,515210,source,1166691,CMCSA,exact,4841,Cable & Other Pay Television Services,,,,Q1113804,cik,,,automatic,qid:Q1113804,Fishers,2011-09-22,2011-09-16,57,unknown,,0,0,1,https://www.in.gov/dwd/warn-notices/current-warn-notices/,9d6e74b3f3d9b9d13f7e0f359fc76847d9222c555059a6fafb27b042,e80e0c264cd2abe372796ae4a17e9c1c9e4a1142,2026-07-16,2026-07-19
IN,"Navistar, Inc",navistar,International,Automobile Manufacturing,336111,source,51296,,exact,3711,Motor Vehicles & Passenger Car Bodies,,,,Q29739,cik,Traton,,automatic,qid:Q29739,Fort Wayne,2011-09-30,2011-12-02,133,unknown,,0,0,1,https://www.in.gov/dwd/warn-notices/current-warn-notices/,7b5ec85c206ed8c4b5d252814dd3b05c15bfd84dbb97db91f6869101,899271681bd4ed0f7c97f814ece01f63136bedd4,2026-07-16,2026-07-19
IN,TEREX Corporation,terex,Terex,Construction MachineryManufacturing,333120,source,97216,TEX,exact,3537,"Industrial Trucks, Tractors, Trailors & Stackers",,,,Q1937503,cik,,,automatic,qid:Q1937503,Fort Wayne,2011-10-04,2011-12-02,53,unknown,,0,0,1,https://www.in.gov/dwd/warn-notices/current-warn-notices/,a75304f5dda6c8c0bde5c6f3075722d8901cd8c1bc32318e5f7c30a4,7ed618d7a5c01ba49a2cb40327ad8139ad0117ee,2026-07-16,2026-07-19
IN,"Vantiv, LLC",vantiv,Worldpay,"Data Processing, Hosting, andbr />Related Services",518210,source,1533932,,exact,7389,"Services-Business Services, NEC",,,,Q2900982,cik,Bain Capital,,automatic,qid:Q2900982,Evansville,2011-10-05,2012-02-10,55,unknown,,0,0,1,https://www.in.gov/dwd/warn-notices/current-warn-notices/,0024e6bc4b9b91a729414923f4a1af1c7a4f43a5d17d74fac3419b1c,7aa30167a845e5d5e76966fdbcc204f1a2701067,2026-07-16,2026-07-19
IN,Graphic Packaging International,graphic packaging international,,Paperboard Mills,322130,source,1005011,,exact,2631,Paperboard Mills,,,,,,,,automatic,cik:1005011,LaPorte,2011-10-12,2012-02-24,128,closure,,0,0,1,https://www.in.gov/dwd/warn-notices/current-warn-notices/,a441e022bf4cebccc417b7ea4d8521fa8dcb0d78d15c4695f62ba29f,f78d0163b0bbb06b4a1b5775a510f132b63e68cc,2026-07-16,2026-07-19
IN,"Musician's Friend, Inc.",musician s friend,,Musical Instrument & Supplies Stores,451140,source,1521702,,exact,,,,,,,,,,automatic,cik:1521702,South Bend,2011-10-14,2011-12-30,64,closure,,0,0,1,https://www.in.gov/dwd/warn-notices/current-warn-notices/,abe87ed37f93076408ad401be0395de6c714490d074a53680c5f6957,8af003c665fbca55eb6a7203595a4d8a4fba2049,2026-07-16,2026-07-19
IN,Arby's Restaurant,arby s restaurant,,Full-Service Restaurants,722110,source,1467949,,exact,,,,,,,,,,automatic,cik:1467949,Westville,2011-10-20,2011-12-23,8,closure,,0,0,1,https://www.in.gov/dwd/warn-notices/current-warn-notices/,2576742194fb0c76c97b252e6db802f737a31c43c03ddc88b9d631e8,f5558bfd62ed1e971b6efca8ffa1c2b529edc07b,2026-07-16,2026-07-19
IN,Ford Motor Company,ford motor,Ford Motor Company,Motor Vehicle Steering,336330,source,37996,F,exact,3711,Motor Vehicles & Passenger Car Bodies,,,,Q44294,cik,,,automatic,qid:Q44294,Indianapolis,2011-10-20,2012-06-01,163,closure,,0,0,1,https://www.in.gov/dwd/warn-notices/current-warn-notices/,d711ecb4e480833d40b5f4e916b31d96c2540b2882a6309150e0e4a6,d125d6bbe45e65b8a9ee38c51264e943dd6b7883,2026-07-16,2026-07-19
IN,International Bedding Corporation,international bedding,,Mattress Manufacturing,337910,source,,,,,,,,,,,,,,n:international bedding,New Haven,2011-10-21,2011-12-22,73,closure,,0,0,1,https://www.in.gov/dwd/warn-notices/current-warn-notices/,fd12e10d0f69f3f342cd5580139410ad1e6142dfdf914011a331c646,83751ab0b09654a8c203c86c0e7ad7ae7bc622d4,2026-07-16,2026-07-19
IN,"Lawrenceburg Distillers Indiana, LLC",lawrenceburg distillers indiana,,Distilleries,312140,source,,,,,,,,,,,,,,n:lawrenceburg distillers indiana,Lawrenceburg,2011-10-21,2011-12-20,176,unknown,,0,0,1,https://www.in.gov/dwd/warn-notices/current-warn-notices/,72f1dce82d8b7bc8f1bf6ff9bfcc73ede3182897204629e5af7b3f86,4474ba77ae94ae7cbf9774cd3cbd6d2b742999cc,2026-07-16,2026-07-19
IN,Fortis Plastics,fortis plastics,,All Other Plastics ProdManufacturing,326199,source,,,,,,,,,,,,,,n:fortis plastics,South Bend,2011-10-28,2011-12-23,88,closure,,0,0,1,https://www.in.gov/dwd/warn-notices/current-warn-notices/,1cf9517a839d0c0ebbe8c07e415c27ef30ea1581bcc93d677b39a79b,7a4ac41cf957742398d57a55deb38c0653ee790e,2026-07-16,2026-07-19
IN,Best Buy,best buy,Best Buy,Radio Tv & Other Electronics Stores,443112,source,764478,BBY,exact,5731,"Retail-Radio, Tv & Consumer Electronics Stores",,,,Q533415,cik,,,automatic,qid:Q533415,Franklin,2011-11-03,2012-01-31,223,closure,,0,0,1,https://www.in.gov/dwd/warn-notices/current-warn-notices/,079f886fcec7e834f1f04110cb91d7a35c96ec4a0b02436fe38d5b0a,7fb80a6010b3e49872122aa93fe5d9677df85166,2026-07-16,2026-07-19
IN,U.S Airways,u s airways,,Scheduled Passenger Air Transportation,481111,source,,,,,,,,,,,,,,n:u s airways,Indianapolis,2011-11-07,2012-01-09,52,unknown,,0,0,1,https://www.in.gov/dwd/warn-notices/current-warn-notices/,cc8650108cd5215b3eec3ed11f16d9c6ab5d39e6134ac9e7a2b0351b,4bd91557eb5e9bb7dab60b52de41f6b25c94076a,2026-07-16,2026-07-19
IN,Bayer HealthCare,bayer healthcare,Bayer HealthCare,Misc Ambulatory Health Care Svcs,621999,source,,,,,,,,5493006OUWQHGWPOJG16,Q812134,label,,,automatic,qid:Q812134,Mishawaka,2011-11-16,2012-01-15,132,unknown,,0,0,1,https://www.in.gov/dwd/warn-notices/current-warn-notices/,bf1fb9724efe4dfcf8f754315dbdb9998de5fe8165902a91deeba7b8,4fe22a12ba9aa47754c32bfc4e3ffb9ea66dc06e,2026-07-16,2026-07-19
IN,International Paper Company Shorewood Packaging,international paper company shorewood packaging,,Setup Paperboard Box Manufacturing,322213,source,,,,,,,,,,,,,,n:international paper company shorewood packaging,Indianapolis,2011-11-22,2011-11-02,78,unknown,,0,0,1,https://www.in.gov/dwd/warn-notices/current-warn-notices/,e94cb3b80b44bc7967ae0a7913cfe2522778c0b994950a0bb850777e,d8a4ed2f8e9504c52f785aaca66871e573c396e6,2026-07-16,2026-07-19
IN,RCF Kitchens Indiana,rcf kitchens indiana,,Full-Service Restaurants,722110,source,,,,,,,,,,,,,,n:rcf kitchens indiana,Cambridgebr />City,2011-11-28,2011-12-31,131,closure,,0,0,1,https://www.in.gov/dwd/warn-notices/current-warn-notices/,b849b2d2b06f226b81e3fb674ce7317e85480720f3b40a3f4063c670,a969e4f811ab2e66c03c400cdb27940502877567,2026-07-16,2026-07-19
IN,Georgia Gulf Corporation (Royal Outdoor Products facility),georgia gulf corporation royal outdoor products facility,,All Other Plastics ProductManufacturing,326199,source,805264,,exact:base,2821,"Plastic Materials, Synth Resins & Nonvulcan Elastomers",,,,,,,,automatic,cik:805264,Milford,2011-12-14,2012-02-14,60,closure,,0,0,1,https://www.in.gov/dwd/warn-notices/current-warn-notices/,a5962835914e6c69d2836fac9d796935a4f8fa4d98c0fa9d5378ad6f,adc8be670ffbce5c7be4b1a0c6c217369de83402,2026-07-16,2026-07-19
IN,Clondalkin Pharma & Healthcare,clondalkin pharma healthcare,,Offices of Other HoldingCompanies,551112,source,,,,,,,,,,,,,,n:clondalkin pharma healthcare,Evansville,2011-12-16,2011-12-05,32,unknown,,0,0,1,https://www.in.gov/dwd/warn-notices/current-warn-notices/,41fe9a727a9c84423b9fc2fd2fbf292b171bdb392b7edc1349f35e29,c727aa049795dcc0fcbaca80036ec4e884124ddd,2026-07-16,2026-07-19
IN,AmeriQual Foods,ameriqual foods,,Prepared Food Manufacturing,311991,source,,,,,,,,,,,,,,n:ameriqual foods,Evansville,2012-01-19,2012-01-12,45,unknown,,0,0,1,https://www.in.gov/dwd/warn-notices/current-warn-notices/,1af1e8e391c5e1646102c0ef70fde859fc058ca1ad1118948b32c81f,301a4cb39fb8e9a0b428acccd596e90f0b0a71a0,2026-07-16,2026-07-19
IN,Kmart Store #4108,kmart store 4108,,Discount Department Stores,452112,source,56824,,exact:base,5331,Retail-Variety Stores,,,,,,,,automatic,cik:56824,Portage,2012-01-24,2012-04-08,209,closure,,0,0,1,https://www.in.gov/dwd/warn-notices/current-warn-notices/,58a6de3980401064b4ce6377827a18599210f69cd00efb3f66cc15fb,906518b2cd78e6b80fb05ece18bd25f946487d17,2026-07-16,2026-07-19
IN,Alverno Clinical Laboratories,alverno clinical laboratories,ALVERNO CLINICAL LABORATORIES INC,Medical and Diagnostic Laboratories,62151,source,,,,,,352060754,,,,,,,automatic,ein:352060754,Hammond,2012-01-25,2012-04-22,79,unknown,,0,0,1,https://www.in.gov/dwd/warn-notices/current-warn-notices/,46dab1b93e0284d4b4fe4209a5f2a38898f00287d0d41fdfb172219e,0022eda7b42c7b651158d0c1e6c246b51247ebca,2026-07-16,2026-07-19
IN,Kmart Store #7474,kmart store 7474,,Discount Department Stores,452112,source,56824,,exact:base,5331,Retail-Variety Stores,,,,,,,,automatic,cik:56824,St. John,2012-01-25,2012-04-08,62,closure,,0,0,1,https://www.in.gov/dwd/warn-notices/current-warn-notices/,0cbccdb8c53b6b4229c169e5c4f4469dbfa9f3682280626e7ae20967,0b6bba531ff507ccb7f2a80ba6a525768625ba7d,2026-07-16,2026-07-19
IN,MetLife,metlife,MetLife,Mortgage and Nonmortgage Loan Brokers,522310,source,1099219,MET,exact,6311,Life Insurance,,,,Q607131,cik,,,automatic,qid:Q607131,Indianapolis,2012-01-27,2012-03-31,56,closure,,0,0,1,https://www.in.gov/dwd/warn-notices/current-warn-notices/,4ca91a5b6696511e4279ce61e662294b75a0d891eacf6a78c400f211,d47bfbb6824ddd073d72706a6d5cfb485d558bb8,2026-07-16,2026-07-19
IN,Dominion/State Line Energy Station,dominion state line energy station,,Electric Power Generation,22111,source,,,,,,,,,,,,,,n:dominion state line energy station,Hammond,2012-01-30,2012-03-31,109,closure,,0,0,1,https://www.in.gov/dwd/warn-notices/current-warn-notices/,a75e193293d3c3ff643eef8c9edccdbbb6edce187ac93cb050b1e09c,bb8ca028fdf5abe5dbf8ba75dc3e7d573f9bd706,2026-07-16,2026-07-19
IN,Bon L Manufacturing Co.,bon l manufacturing,,Aluminum Extruded Product Manufacturing,331316,source,,,,,,,,,,,,,,n:bon l manufacturing,Kentland,2012-02-01,2012-04-03,146,closure,,0,0,1,https://www.in.gov/dwd/warn-notices/current-warn-notices/,9e64c5f8313401db10cd5ab0f3363bd88c78d960c7d93e0ae06c8240,ecd3462749aaa002b17d0a3f67c3b913cf1323f5,2026-07-16,2026-07-19
IN,"GasAmerica Services, Inc. Main Headquarters",gasamerica services inc main headquarters,,"Service stations, gasoline",447190,source,,,,,,,,,,,,,,n:gasamerica services inc main headquarters,Greenfield,2012-02-20,2012-06-01,65,closure,,0,0,1,https://www.in.gov/dwd/warn-notices/current-warn-notices/,f179c5e2612192a4f934b315cbfe42d1f3ab055035fc927a7c433be9,9a013e44367d2c2691ff5540e1ced04048369f24,2026-07-16,2026-07-19
IN,CertainTeed Corporation,certainteed,CERTAINTEED CORPORATION,Clay Refractory Manufacturing,327124,source,,,,,,,,5299003OM9J01H0OSD63,,,,,automatic,lei:5299003OM9J01H0OSD63,Terre Haute,2012-02-24,2012-04-30,53,unknown,,0,0,1,https://www.in.gov/dwd/warn-notices/current-warn-notices/,6130ecd619cf6448821bd68fe0fed763a60ed34225971104af30075d,aede0be421eae54a09a86e44a4bca0abb18bcb44,2026-07-16,2026-07-19
IN,Indiana Developmental Training Center,indiana developmental training center,,Other Individual & Family Svcs,624190,source,,,,,,,,,,,,,,n:indiana developmental training center,Indianapolis,2012-03-22,2012-05-25,134,closure,,0,0,1,https://www.in.gov/dwd/warn-notices/current-warn-notices/,775b3a75a2fbad0916e77e54fc4929c0de735e4a8cc69ffd055914f7,b9c305170d9b0c41e3db9ecb139f6467f951f16c,2026-07-16,2026-07-19
IN,"Ross Sand Casting Industries, Inc. Plant 3",ross sand casting industries inc plant 3,,Iron Foundries,331511,source,,,,,,,,,,,,,,n:ross sand casting industries inc plant 3,Winchester,2012-03-27,2012-06-16,51,closure,,0,0,1,https://www.in.gov/dwd/warn-notices/current-warn-notices/,e86ed7579ab2b0531b74ae99c04ad3c42e469cea238c1019cb109908,b9dc00d3b77dcc56558af80985c8debe3ba3d64f,2026-07-16,2026-07-19
IN,Integra Speciality Hospital,integra speciality hospital,,General Medical & Surgical Hospitals,622110,source,,,,,,,,,,,,,,n:integra speciality hospital,Muncie,2012-04-19,2012-06-17,72,closure,,0,0,1,https://www.in.gov/dwd/warn-notices/current-warn-notices/,fdfb1b2671bace2e14092b054dc792b95c1372e16cb5878d415e094a,6aff9c3962cc30d59b7a602b1faf1fac098b9859,2026-07-16,2026-07-19
IN,"Aurora Bank FSB, Aurora Loan Services",aurora bank fsb aurora loan services,,Federal Savings Bank,522120,source,,,,,,,,,,,,,,n:aurora bank fsb aurora loan services,Indianapolis,2012-04-23,2012-07-07,450,unknown,,0,0,1,https://www.in.gov/dwd/warn-notices/current-warn-notices/,c9625e01f3829c0e6083b8b0a7a4c6b2d7a035a0d514fc3a764dc3b3,33e342bd56ccb045dcbfe30a14448552bd6da91a,2026-07-16,2026-07-19
IN,International Paper Company,international paper,International Paper,Corrugated and Solid Fiber Box Manufacturing,322211,source,51434,IP,exact,2621,Paper Mills,,,,Q202972,cik,International Power and Paper Company,,automatic,qid:Q202972,Crawfordsville,2012-04-26,2012-06-26,57,unknown,,0,0,1,https://www.in.gov/dwd/warn-notices/current-warn-notices/,9df429cf3625fc631e60eb96eaf4c99a7de76bac07bb9a32b6288a13,fede33010f193abbc0c2890d617b7b449b69f55f,2026-07-16,2026-07-19
IN,Arden Companies,arden companies,,Broad-Woven Fabric Mills,313210,source,,,,,,,,,,,CENTRAL GARDEN & PET CO,887733,,n:arden companies,Kendallville,2012-04-27,2012-06-29,46,closure,,0,0,1,https://www.in.gov/dwd/warn-notices/current-warn-notices/,db6f121ffb01d20a94fa6868a7ec8af53c9627fb838bc58cff94d5df,a5ba89916c7fd3737738693c5589cfcaa63f7e45,2026-07-16,2026-07-19
IN,First Transit,first transit,,Interurban & Rural Bus Transportation,485210,source,,,,,,,,,,,,,,n:first transit,Hammond,2012-05-01,2012-06-30,46,closure,,0,0,1,https://www.in.gov/dwd/warn-notices/current-warn-notices/,05da2439bfc0de234d9aeaa4503c215c58a0e1d1e97fa6b7c69daeb4,e6371a97037174d9b001a28752523ecdf1640b7c,2026-07-16,2026-07-19
IN,"Exopack, LLC",exopack,,Paperboard Mills,322130,source,1371925,,exact,,,,,,,,,,automatic,cik:1371925,Seymour,2012-05-02,2012-07-01,111,closure,,0,0,1,https://www.in.gov/dwd/warn-notices/current-warn-notices/,2b6115eb1eb70c8c4f0e3e2e2625bd0175dfccbc7f89cb666adab66f,3f760a935c99fd63179c5ed3f534771f9ab1f38a,2026-07-16,2026-07-19
IN,Hostess Brands Notice for Anderson,hostess brands notice for anderson,,Commercial Bakeries,311812,source,,,,,,,,,,,,,,n:hostess brands notice for anderson,Anderson,2012-05-04,2012-07-02,18,closure,,0,0,1,https://www.in.gov/dwd/warn-notices/current-warn-notices/,21aaf07e07cf10724b3e47c96c14b34d09bcd6294fecfa42c42b5a21,243b08b731724e5cb6faee0cbfebe34dd9a71084,2026-07-16,2026-07-19
IN,Hostess Brands Notice for Bloomington,hostess brands notice for bloomington,,Commercial Bakeries,311812,source,,,,,,,,,,,,,,n:hostess brands notice for bloomington,Bloomington,2012-05-04,2012-07-02,16,closure,,0,0,1,https://www.in.gov/dwd/warn-notices/current-warn-notices/,ae1d0a4605784b2ca97634333a408cae5c5591b212dc93a4cb01af61,4729ad9effc9d166f9cfd383c20a12976c7529c3,2026-07-16,2026-07-19
IN,Hostess Brands Notice for Evansville,hostess brands notice for evansville,,Commercial Bakeries,311812,source,,,,,,,,,,,,,,n:hostess brands notice for evansville,Evansville,2012-05-04,2012-07-02,14,closure,,0,0,1,https://www.in.gov/dwd/warn-notices/current-warn-notices/,19bc661b087e0377a7410f7670a1c3193cf32af182c8c5b0b0e0894c,d85e297cb5bdf2d9e688a602371d22bef3e102b6,2026-07-16,2026-07-19
IN,Hostess Brands Notice for Fort Wayne,hostess brands notice for fort wayne,,Commercial Bakeries,311812,source,,,,,,,,,,,,,,n:hostess brands notice for fort wayne,Fort Wayne,2012-05-04,2012-07-02,17,closure,,0,0,1,https://www.in.gov/dwd/warn-notices/current-warn-notices/,7c8867e4849fd6013572189535febe9471764e8d1bb3226f2d8ce20e,df0e38665fa5839305f6a9cb5c568f52d84b4c10,2026-07-16,2026-07-19
IN,Hostess Brands Notice for Greenwood,hostess brands notice for greenwood,,Commercial Bakeries,311812,source,,,,,,,,,,,,,,n:hostess brands notice for greenwood,Greenwood,2012-05-04,2012-07-02,29,closure,,0,0,1,https://www.in.gov/dwd/warn-notices/current-warn-notices/,3de270ee83919d41fd39062225724a72857ffb0992b33719d6a2ca4c,8a5ae9b640dad6b3638659f02ab94a12fc1c62e9,2026-07-16,2026-07-19
IN,Hostess Brands Notice for Hobart,hostess brands notice for hobart,,Commercial Bakeries,311812,source,,,,,,,,,,,,,,n:hostess brands notice for hobart,Hobart,2012-05-04,2012-07-02,23,closure,,0,0,1,https://www.in.gov/dwd/warn-notices/current-warn-notices/,e6259ae8103dbeb14780ab7d1173a0970916dfeca6d1399f5f63d652,b07c32701e2232bd48cd30335d8735ae747a69d9,2026-07-16,2026-07-19
IN,Hostess Brands Notice for Jeffersonville,hostess brands notice for jeffersonville,,Commercial Bakeries,311812,source,,,,,,,,,,,,,,n:hostess brands notice for jeffersonville,Jeffersonville,2012-05-04,2012-07-02,2,closure,,0,0,1,https://www.in.gov/dwd/warn-notices/current-warn-notices/,86b5036fe6ea6901fc0540088e7ef3d7c889cd160618e96ae6f553d3,e15541bde8f4ebc507eada06a6a810658852eb43,2026-07-16,2026-07-19
IN,Hostess Brands Notice for Kokomo,hostess brands notice for kokomo,,Commercial Bakeries,311812,source,,,,,,,,,,,,,,n:hostess brands notice for kokomo,Kokomo,2012-05-04,2012-07-02,18,closure,,0,0,1,https://www.in.gov/dwd/warn-notices/current-warn-notices/,4a898f638f5a0457c3dda907316c088d728fe4e225412f080de450aa,09d2eab4bafbf96b4c0f31958c20b90548fb14d8,2026-07-16,2026-07-19
IN,Hostess Brands Notice for Lafayette,hostess brands notice for lafayette,,Commercial Bakeries,311812,source,,,,,,,,,,,,,,n:hostess brands notice for lafayette,Lafayette,2012-05-04,2012-07-02,16,closure,,0,0,1,https://www.in.gov/dwd/warn-notices/current-warn-notices/,6a3a366b5dde0158bd287b51e3030325b0c7dd9fd5af1c518a15ce06,a668be318c427b4d058bd2a35d7b08800ddf2371,2026-07-16,2026-07-19
IN,Hostess Brands Notice for Madison,hostess brands notice for madison,,Commercial Bakeries,311812,source,,,,,,,,,,,,,,n:hostess brands notice for madison,Madison,2012-05-04,2012-07-02,12,closure,,0,0,1,https://www.in.gov/dwd/warn-notices/current-warn-notices/,2c643d625d008b80809db66bbf06e2e54526c3f527d3f8b863e9d5dd,9d1bd7441ac1efda85d08c85844fc5933aacc5f3,2026-07-16,2026-07-19
IN,Hostess Brands Notice for Merrillville,hostess brands notice for merrillville,,Commercial Bakeries,311812,source,,,,,,,,,,,,,,n:hostess brands notice for merrillville,Merrillville,2012-05-04,2012-07-02,23,closure,,0,0,1,https://www.in.gov/dwd/warn-notices/current-warn-notices/,f31c29f15d52ddeac2f5fe859963b9237d6c3a6dfad617ec32ca3539,0be7f398ab6a1c1065afbde93344ae0f148408c7,2026-07-16,2026-07-19
IN,Hostess Brands Notice for Michigan City,hostess brands notice for michigan city,,Commercial Bakeries,311812,source,,,,,,,,,,,,,,n:hostess brands notice for michigan city,Michigan City,2012-05-04,2012-07-02,4,closure,,0,0,1,https://www.in.gov/dwd/warn-notices/current-warn-notices/,72991da9e6d97a319256519b09644cac7c21e3b91373e63d4b6ee704,f64074b235e6ebb54d361319dd8208cae9ec36ee,2026-07-16,2026-07-19
IN,Hostess Brands Notice for Munster,hostess brands notice for munster,,Commercial Bakeries,311812,source,,,,,,,,,,,,,,n:hostess brands notice for munster,Munster,2012-05-04,2012-07-02,3,closure,,0,0,1,https://www.in.gov/dwd/warn-notices/current-warn-notices/,fcaeb586f852e50aef833dce98f86178a5ffc47fdc1fc8f5966416b2,a8b65d086da62db2503a8a257a80802111cb0680,2026-07-16,2026-07-19
IN,Hostess Brands Notice for Rushville,hostess brands notice for rushville,,Commercial Bakeries,311812,source,,,,,,,,,,,,,,n:hostess brands notice for rushville,Rushville,2012-05-04,2012-07-02,16,closure,,0,0,1,https://www.in.gov/dwd/warn-notices/current-warn-notices/,e8d99689a88f17e881cb274e42395c3bf8a3cea2abe312e264119884,a8bfc785c4efd1c9efd64f36edf15b38c3338329,2026-07-16,2026-07-19
IN,Hostess Brands Notice for Scottsburg,hostess brands notice for scottsburg,,Commercial Bakeries,311812,source,,,,,,,,,,,,,,n:hostess brands notice for scottsburg,Scottsburg,2012-05-04,2012-07-02,3,closure,,0,0,1,https://www.in.gov/dwd/warn-notices/current-warn-notices/,de7964d877ada5bd5ad84de1778d0d6e73279d5029361518f2d770b6,62ffaaf10baa2c71ec1aafdab03c33ea0bd1f69b,2026-07-16,2026-07-19
IN,Hostess Brands Notice for South Bend,hostess brands notice for south bend,,Commercial Bakeries,311812,source,,,,,,,,,,,,,,n:hostess brands notice for south bend,South Bend,2012-05-04,2012-07-02,25,closure,,0,0,1,https://www.in.gov/dwd/warn-notices/current-warn-notices/,602cf97a0402253383602d3dc249fa4f31bd801a5a8bf48ac8567f1d,dc2fa0acd02384894504a1f4bd2a578d9b45bf4e,2026-07-16,2026-07-19
IN,Hostess Brands Notice for Versailles,hostess brands notice for versailles,,Commercial Bakeries,311812,source,,,,,,,,,,,,,,n:hostess brands notice for versailles,Versailles,2012-05-04,2012-07-02,3,closure,,0,0,1,https://www.in.gov/dwd/warn-notices/current-warn-notices/,464b07174c1dd6aac5d40752750604a83bfef21c7d3b1a02d6659de0,fa7ae9d1f010ef37283790cbe4e1337336a9cee7,2026-07-16,2026-07-19
IN,Hostess Brands Notice for Vincennes,hostess brands notice for vincennes,,Commercial Bakeries,311812,source,,,,,,,,,,,,,,n:hostess brands notice for vincennes,Merrillville,2012-05-04,2012-07-02,14,closure,,0,0,1,https://www.in.gov/dwd/warn-notices/current-warn-notices/,0bec61b8ed9adc8952673f91623ede1a6c087cdad30027f9ca81941e,aaeba4a88ce6635dca9e3a1215d2086021f1813a,2026-07-16,2026-07-19
IN,Hostess Brands Notices for:2801 Lafayette Road2929 North Shadeland3806 Madison Ave5353 West 10th Street9233 East 33rd Street,hostess brands notices for 2801 lafayette road2929 north shadeland3806 madison ave5353 west 10th street9233 east 33rd street,,Commercial Bakeries,311812,source,,,,,,,,,,,,,,n:hostess brands notices for 2801 lafayette road2929 north shadeland3806 madison ave5353 west 10th street9233 east 33rd street,Indianapolis,2012-05-04,2012-07-02,340,closure,,0,0,1,https://www.in.gov/dwd/warn-notices/current-warn-notices/,6e6af9a0a2314b5d376975fb6481f27420170af675e42f9b1c74560a,c0eb6b3ebd90eff616ac04b1f7d3111a842dd9ad,2026-07-16,2026-07-19
IN,Hostess Brands Notices for:3060 National Road3080 National Road930 Washington Street,hostess brands notices for 3060 national road3080 national road930 washington street,,Commercial Bakeries,311812,source,,,,,,,,,,,,,,n:hostess brands notices for 3060 national road3080 national road930 washington street,Columbus,2012-05-04,2012-07-02,237,closure,,0,0,1,https://www.in.gov/dwd/warn-notices/current-warn-notices/,e88b46412dc202452d73007b2caee0d2d039a0232c0409423cf0a724,1e3c1f4ad5a6691f1477d926c7703a39ba9dcebb,2026-07-16,2026-07-19
IN,Hostess Brands Notices for:425 Fort Harrison Road4429 US HWY 414443 South US HWY 41,hostess brands notices for 425 fort harrison road4429 us hwy 414443 south us hwy 41,,Commercial Bakeries,311812,source,,,,,,,,,,,,,,n:hostess brands notices for 425 fort harrison road4429 us hwy 414443 south us hwy 41,Terre Haute,2012-05-04,2012-07-02,23,closure,,0,0,1,https://www.in.gov/dwd/warn-notices/current-warn-notices/,f326b2996166cfe17c53aadc5d9dc3d8e951ade3431dd3609065b94d,ad42c4becbdbbba0bd8e36d9efa0cb1cf1240088,2026-07-16,2026-07-19
IN,Hostess Brands-Revised,hostess brands revised,,Commercial Bakeries,311812,source,,,,,,,,,,,,,,n:hostess brands revised,Statewide,2012-05-04,2012-07-01,856,closure,,0,0,1,https://www.in.gov/dwd/warn-notices/current-warn-notices/,80af02a586e880d3b448c437e4d286f1e2111427bf19a751038b06cb,76af194d3b322dc9e7c66dbb61a6c48a72867abf,2026-07-16,2026-07-19
IN,Lipari Foods,lipari foods,,Frozen Specialty Food Manufacturing,311412,source,,,,,,,,,,,,,,n:lipari foods,"Delphos, OH",2012-05-08,2012-06-05,175,unknown,,0,0,1,https://www.in.gov/dwd/warn-notices/current-warn-notices/,fc9676ae5465b2ae823439656abc5f655d9daece8bd29cb0b76f9d52,b368d4b5f3b8cb94b4c89353a06de6cbd282b9c7,2026-07-16,2026-07-19
IN,Sony DADC US Inc.,sony dadc us,,Record Production/Distribution,512220,source,,,,,,,,,,,,,,n:sony dadc us,Fishers,2012-05-11,2012-07-15,226,closure,,0,0,1,https://www.in.gov/dwd/warn-notices/current-warn-notices/,db11b9b3edab0a1912783cd7375e71e7421a7afc83d127bc7b70171a,1cd6c807692fce46cb613e5a0e6081d51d35d25f,2026-07-16,2026-07-19
IN,"Sunrise Publications, Inc.",sunrise publications,,"Cards, greeting, merchant wholesalers",424120,source,1360493,,exact:post-era,,,,,,,,,,automatic,cik:1360493,Bloomington,2012-05-15,2012-07-20,93,closure,,0,0,1,https://www.in.gov/dwd/warn-notices/current-warn-notices/,9b4a0d0d1a12f727d296cdc96ae606e0e9d5f5bce9a6e405eb5bf4f7,a5c29e086c63e30274d232d8d4ab7428355e837f,2026-07-16,2026-07-19
IN,Ferry-Morse Seed Company,ferry morse seed,,Farm Supplies Merchant Whls,424910,source,,,,,,,,,,,CENTRAL GARDEN & PET CO,887733,,n:ferry morse seed,Fremont,2012-05-21,2012-12-31,5,closure,,0,0,1,https://www.in.gov/dwd/warn-notices/current-warn-notices/,f0f2b068e8b5eef59c3c4e60e34b001b8ba6f79d60d5cb55a3bf112d,f6acac9d00e74a5d7413c356fa470d087116d823,2026-07-16,2026-07-19
IN,National Government Services,national government services,,All Other Insurance Related Activities,524298,source,,,,,,,,,,,,,,n:national government services,Indianapolis,2012-05-22,2012-07-20,112,closure,,0,0,1,https://www.in.gov/dwd/warn-notices/current-warn-notices/,1a78ef12eeca1b267d31dde7dc6e1b75990ea30f950198cfb2ac9105,fb854b925f281f590aae3451be0bcc791829300e,2026-07-16,2026-07-19
IN,Illinois Central School Bus,illinois central school bus,ILLINOIS CENTRAL SCHOOL BUS LLC,Charter Bus Industry,485510,source,,,,,,,,BVPMDUKMLGPLU7BXCK91,,,,,automatic,lei:BVPMDUKMLGPLU7BXCK91,Gary,2012-05-30,2012-08-15,86,unknown,,0,0,1,https://www.in.gov/dwd/warn-notices/current-warn-notices/,c5e254df11d7ba58a9ca90c15322fd444e75f2d86eeb0c731870e4e1,ccb4d1d68c98aff86a5a15c5fbe3b8181fc0ac03,2026-07-16,2026-07-19
IN,"JCIM, LLC",jcim,,All Other Plastics Prod Manufacturing,326199,source,,,,,,,,,,,,,,n:jcim,Kendallville,2012-06-15,2012-08-31,179,closure,,0,0,1,https://www.in.gov/dwd/warn-notices/current-warn-notices/,8f92e3cb9098e5ccf529a88d5630acad26379661738f0dc475e0d458,ff3b81db4f1a7eb538f28bc2cecb19941b5faaa5,2026-07-16,2026-07-19
IN,Xanodyne Pharmaceuticals,xanodyne pharmaceuticals,,Pharmaceutical Preparation Manufacturing,325412,source,1335480,,exact:post-era,2834,Pharmaceutical Preparations,,,,,,,,automatic,cik:1335480,"Evansville, Plainfield, and Indianapolis",2012-06-21,2012-08-20,3,unknown,,0,0,1,https://www.in.gov/dwd/warn-notices/current-warn-notices/,af392b9d53f300d2f5f1ea0339c24f9980d2377787d8c63a62915b2e,8d750e87a594b7245f67c61fae454b35edf53ca3,2026-07-16,2026-07-19
IN,Comcast (cable),comcast cable,Xfinity,Cable and Other Subscription Programming,515210,source,925692,,suffix,4813,Telephone Communications (No Radiotelephone),,,,Q5151002,label,,,automatic,qid:Q5151002,Fishers,2012-06-22,2012-08-22,59,unknown,,0,0,1,https://www.in.gov/dwd/warn-notices/current-warn-notices/,7d66f512481c4b20710c6af16e6b95c5c946ffedd0ed29bed2d83d09,291e6298357fb78c4340b330958ab52de38a9841,2026-07-16,2026-07-19
IN,ARAMARK at GM,aramark at gm,,Janitorial Services,561720,source,,,,,,,,,,,,,,n:aramark at gm,Marion,2012-06-26,2012-08-01,56,closure,,0,0,1,https://www.in.gov/dwd/warn-notices/current-warn-notices/,30bc14955b2ec686ce1cd8bae532586d217cfca9f2c1230bb9700a8f,ba81a8b5839f9f46036377e6d807464a66dbe6b6,2026-07-16,2026-07-19
IN,JC Penny - Store Support Center,jc penny store support center,,Department Stores (except Discount Department Stores),452111,source,,,,,,,,,,,,,,n:jc penny,Plainfield,2012-06-29,2012-09-29,176,closure,,0,0,1,https://www.in.gov/dwd/warn-notices/current-warn-notices/,4976f04dfd92b22be0262fa6758266dd12787eee103cae30fe5b0a90,4f3a1888459d169d50d85e5b8e934fd6e3b49068,2026-07-16,2026-07-19
IN,Federal Mogul,federal mogul,Federal-Mogul,"Gasket, Packing, and Sealing Device Manufacturing",339991,source,,,,,,,,,Q289761,label,,,automatic,qid:Q289761,Michigan City,2012-07-10,2012-09-01,96,closure,,0,0,1,https://www.in.gov/dwd/warn-notices/current-warn-notices/,3798f15ccf7db96111a53b4eb3ff985653b2332b2660306771dc090d,b3770dbb7077ef42130ceb66143e16eb73505d02,2026-07-16,2026-07-19
IN,"Lipari Foods, LLC",lipari foods,,Frozen Specialty Food Manufacturing,311412,source,,,,,,,,,,,,,,n:lipari foods,"Delphos, OH",2012-07-12,2012-09-15,9,closure,,0,0,1,https://www.in.gov/dwd/warn-notices/current-warn-notices/,d584339169f5beddfff8eecd3b55a136f7f0e05525fa378aef0ef9a7,42118cdc1b8b5c54bed28cbdf4c6d79a50db6528,2026-07-16,2026-07-19
IN,Jewel-Osco Store Enclosure,jewel osco store enclosure,,Supermarkets and Other Grocery (except Convenience) Stores,445110,source,,,,,,,,,,,,,,n:jewel osco store enclosure,Michigan City,2012-08-09,2012-10-08,121,closure,,0,0,1,https://www.in.gov/dwd/warn-notices/current-warn-notices/,7d691ea14a871f3e19eca84d9e563af0b25300ad685f83b99dda91af,bad3b45f36ee4af9a291c6de7d38aa4b93f6044c,2026-07-16,2026-07-19
IN,Peabody Energy,peabody energy,,Bituminous Coal & Lignite Surface Mining,212111,source,1064728,BTU,exact,1221,Bituminous Coal & Lignite Surface Mining,,,,,,,,automatic,cik:1064728,Vincennes,2012-09-05,2013-02-28,230,closure,,0,0,1,https://www.in.gov/dwd/warn-notices/current-warn-notices/,a69ba5ee987f8f569381eaabc2b0ba0c9ff979a49454adbb2e080a5f,983c61e5b0494e38c4d2e2e801165bac1ce269d5,2026-07-16,2026-07-19
IN,Manitowoc Foodservice,manitowoc foodservice,,Other Commercial and Service Industry Machinery Manufacturing,333318,source,,,,,,,,,,,PENTAIR plc,77360,,n:manitowoc foodservice,Fort Wayne,2012-09-07,2013-04-30,235,closure,,0,0,1,https://www.in.gov/dwd/warn-notices/current-warn-notices/,39bef31e7fb324af6d0d872d78d8ac5c2c6b2ba346f081319b3626c1,cb3efbae5c52ed24fbea7aa7c9b237d9fa1c98d8,2026-07-16,2026-07-19
IN,Ashland Hardware Systems,ashland hardware systems,,All Other Plastics Product Manufacturing,326199,source,,,,,,,,,,,,,,n:ashland hardware systems,Lowell,2012-09-14,2013-03-31,66,closure,,0,0,1,https://www.in.gov/dwd/warn-notices/current-warn-notices/,343fe0c6336c517d9e3ec32cdeacb419d3e1ba560743dd4e35b7b5e2,908333bd7d16d316a5f16eb1d304376d0b32455b,2026-07-16,2026-07-19
IN,Whirlpool Corporation,whirlpool,Whirlpool,Other Major Household Appliance Manufacturing,335228,source,106640,WHR,exact:listed,3630,Household Appliances,,,,Q1471346,cik,,,automatic,qid:Q1471346,Evansville,2012-09-19,2014-12-31,217,closure,,0,0,1,https://www.in.gov/dwd/warn-notices/current-warn-notices/,43487c98cb808ddec401abb660bf8fb6457542c390a2ab9c653bd6ae,3df26d217a69130400be557aad648c7e405a0f63,2026-07-16,2026-07-19
IN,"Precision Cutoff, LLC",precision cutoff,,Fabricated Pipe and Pipe Fitting Manufacturing,332996,source,,,,,,,,,,,,,,n:precision cutoff,Franklin,2012-09-26,2013-02-28,39,closure,,0,0,1,https://www.in.gov/dwd/warn-notices/current-warn-notices/,3375eac2b93da956092a2d2e23df9f839c2144925227c298729b926b,a24cf4920b352b090f617d315ca7c383c92da146,2026-07-16,2026-07-19
IN,"Vantiv, LLC-Revised",vantiv llc revised,,"Data Processing, Hosting, andbr /> Related Services",518210,source,,,,,,,,,,,,,,n:vantiv llc revised,Evansville,2012-10-10,2013-03-01,24,closure,,0,0,1,https://www.in.gov/dwd/warn-notices/current-warn-notices/,9be41aa99db99972081afcbe81eeaaf5459877178598eb97e4c29224,c9929ca30ff3f4b2ab056c23b461d120ddaa7279,2026-07-16,2026-07-19
IN,Amsted Rail Inc,amsted rail,,Steel Foundries Except Investment,331513,source,,,,,,,,,,,,,,n:amsted rail,Hammond,2012-10-15,2012-12-17,94,unknown,,0,0,1,https://www.in.gov/dwd/warn-notices/current-warn-notices/,bc9adce959bf122b3f959db37915a048c12fb82408f0650529db769f,e510be0e10de0634652a89f2d1d846c4a59849a9,2026-07-16,2026-07-19
IN,"Diamond Foods, Inc",diamond foods,Diamond Foods,Confectionery Mfg From Purchased Chocolate,311330,source,1320947,,exact,2090,Miscellaneous Food Preparations & Kindred Products,,,,Q5270794,cik,,,automatic,qid:Q5270794,Fishers,2012-10-25,2013-01-31,100,closure,,0,0,1,https://www.in.gov/dwd/warn-notices/current-warn-notices/,fb441c4a89a679fa63415601c4178e90fcffbf1376fe1805a4a351b9,bdfa5f7d469a0441201f9b6f3a7778c968cd32c5,2026-07-16,2026-07-19
IN,facadeTek,facadetek,,"Curtain Wall, Metal, Manufacturing",332323,source,,,,,,,,,,,,,,n:facadetek,Whitestown,2012-11-02,2013-01-02,72,unknown,,0,0,1,https://www.in.gov/dwd/warn-notices/current-warn-notices/,ea2ad81fe9a22c3901d2c1403c65a7f73a11ed52fafd82a6896e610e,1cc17569043d04c25c38e2789df8d6674c2f6130,2026-07-16,2026-07-19
IN,Vertafore,vertafore,,Data Processing & Related Svcs,518210,source,,,,,,,,,,,ROPER TECHNOLOGIES INC,882835,,n:vertafore,Indianapolis,2012-11-26,2013-01-31,23,unknown,,0,0,1,https://www.in.gov/dwd/warn-notices/current-warn-notices/,7ada89ce4de486559a1c4c8d2ad787d111d1c4e0e0b1eab757609efa,24989102eb13fdb77522d20a434ead842c891767,2026-07-16,2026-07-19
IN,"Arbor E&T, LLC dba ResCare Workforce Services",arbor e t llc dba rescare workforce services,,Other Individual and Family Services,624190,source,1351364,,exact:base,,,,,,,,,,automatic,cik:1351364,Indianapolis,2012-12-06,2013-03-31,117,unknown,,0,0,1,https://www.in.gov/dwd/warn-notices/current-warn-notices/,ac952d07c584282d3e4e9e06dfd2d0122333e37a30987e48ec734158,ad6e1fd1edd77117b93abd5cf4a61cd977eb42cd,2026-07-16,2026-07-19
IN,Cequent Performance Products Inc.,cequent performance products,,"Trailer hitches, motor vehicle, manufacturing",336390,source,,,,,,,,,,,,,,n:cequent performance products,Goshen,2012-12-20,2013-02-22,434,closure,,0,0,1,https://www.in.gov/dwd/warn-notices/current-warn-notices/,d1c097801c8bd5d4d09aa3e2ea16c20ce34e719f72bc91d2f7f82304,e72abd4608b17dbf0aa44cab2db02a8687f41d91,2026-07-16,2026-07-19
IN,Steel Parts Manufacturing Inc,steel parts manufacturing,,Fabricated Structural Metal Manufacturing,332312,source,,,,,,,,,,,,,,n:steel parts manufacturing,Tipton,2012-12-27,2013-03-14,173,closure,,0,0,1,https://www.in.gov/dwd/warn-notices/current-warn-notices/,336952b2f4d1dcbd425dc887845792daee3e27334291495a0393b255,be756db72fa3e52390da825b2900fe750b9baf44,2026-07-16,2026-07-19
IN,Suzuki Motor Company,suzuki motor,,All Other Durable Goods Merchant Whls,423990,source,1263521,,exact,,,,,,,,,,automatic,cik:1263521,Indianapolis,2013-01-14,2013-03-14,1,closure,,0,0,1,https://www.in.gov/dwd/warn-notices/current-warn-notices/,5b8892ee98b6c9aa04757a65c94de42125f941060b70f344c7bce261,14709cdabc110e7c99253de2b5e1cfc4e07cc4e7,2026-07-16,2026-07-19
IN,"Hologic, Inc.",hologic,Hologic,Irradiation Apparatus Manufacturing,334517,source,859737,,exact,3844,X-Ray Apparatus & Tubes & Related Irradiation Apparatus,,,,Q5884072,cik,,,automatic,qid:Q5884072,Indianapolis,2013-01-15,2013-06-28,140,closure,,0,0,1,https://www.in.gov/dwd/warn-notices/current-warn-notices/,405aa440fc5d5cde72ade95c42c000663e0c2c003b065a678c11ca1f,63cb210f75de71d1c636aac8244b3764464c4194,2026-07-16,2026-07-19
IN,Sencient Flavors,sencient flavors,,Spice & Extract Mfg,311942,source,,,,,,,,,,,,,,n:sencient flavors,Indianapolis,2013-02-07,2013-05-01,125,unknown,,0,0,1,https://www.in.gov/dwd/warn-notices/current-warn-notices/,d61e7d340b873d144deab840449998b3f8fb62fd4549c449e11b4c23,488e86e1af78a6a14b8888b397f418d7916d2db0,2026-07-16,2026-07-19
IN,"Whitley Products, Inc",whitley products,,Fabricated Pipe & Pipe Fitting Manufacturing,332996,source,,,,,,,,,,,,,,n:whitley products,Plymouth,2013-02-19,2013-04-22,86,closure,,0,0,1,https://www.in.gov/dwd/warn-notices/current-warn-notices/,a3e7029fb748c9096fe723662b6dcef3b6e121df8e9807dff128f038,beb7f78f4a4c8bb1e676bde827e91941eb6e3c7d,2026-07-16,2026-07-19
IN,Contech Castings LLC,contech castings,,Aluminum Die-Casting Foundries,331521,source,,,,,,,,,,,,,,n:contech castings,Pierceton,2013-02-21,2013-02-25,80,unknown,,0,0,1,https://www.in.gov/dwd/warn-notices/current-warn-notices/,cf713ac370fd182302d1e328abd9cdd9ddf246a91231ac08ef3b98dc,3323af6166f00af050e82e4c31f48845fd33f4e1,2026-07-16,2026-07-19
IN,Contech Castings LLC,contech castings,,Aluminum Die-Casting Foundries,331521,source,,,,,,,,,,,,,,n:contech castings,Auburn,2013-02-21,2013-02-25,128,unknown,,0,0,1,https://www.in.gov/dwd/warn-notices/current-warn-notices/,a766c0b3162e0bd0ac4413a270bc198c2e47d1d6e51b77349356643b,f0528b42ea0a650eea8bd8e5ea6686721ee49697,2026-07-16,2026-07-19
IN,Ficosa North America Corporation,ficosa north america,Ficosa North America Corporation,Motor Vehicle Supplies and New Parts Wholesalers,423120,source,,,,,,,,,Q140312344,label,,,automatic,qid:Q140312344,Berne,2013-03-04,2013-05-31,137,closure,,0,0,1,https://www.in.gov/dwd/warn-notices/current-warn-notices/,301e54c6fae6efa92a6e903b01753b1d18d1e8143ba1981395e5fef3,464b2337728cd4ddc9c8665228d7617743212740,2026-07-16,2026-07-19
IN,Pitney Bowes,pitney bowes,,Office Equip Merchant Whls,423420,source,78814,PBI,exact,3579,"Office Machines, NEC",,,,,,,,automatic,cik:78814,Plainfield,2013-03-04,2013-05-07,137,closure,,0,0,1,https://www.in.gov/dwd/warn-notices/current-warn-notices/,99b4560a33c7f36fca7da66a827ac8cb4236ba7936a58627662e8614,0d051216d3fbdd811c8774f5ab0210554ba7f67a,2026-07-16,2026-07-19
IN,U.S. Cellular Corporation,u s cellular,,Wireless Telecommunications Carriers,517210,source,,,,,,,,,,,,,,n:u s cellular,"Elkhart, Fort Wayne, Merrillville, Michigan City, Mishawaka, Portage, Schererville, South Bend",2013-03-15,2013-05-17,55,closure,,0,0,1,https://www.in.gov/dwd/warn-notices/current-warn-notices/,35bf97281141eeb8d1e06ed665168040250eb9e560d4bcf997702f36,8b65af7b7a65b9f44b145054c7ee5a7d4e912213,2026-07-16,2026-07-19
IN,Monogram Food Solutions,monogram food solutions,,Food packaging manufacturing,333993,source,1365130,,exact,,,,,,,,,,automatic,cik:1365130,Muncie,2013-03-18,2013-05-18,87,closure,,0,0,1,https://www.in.gov/dwd/warn-notices/current-warn-notices/,839ed2e97199986cae727e5dcbbb8a363de02e6b5cbe01da0913ae2b,cbd17db0f8ae8499666c53c36e4bb62ed6790d96,2026-07-16,2026-07-19
IN,"Deufol Sunman, Inc",deufol sunman,,Packaging Services,561910,employer,,,,,,,,,,,,,,n:deufol sunman,Sunman,2013-03-22,2013-03-22,138,unknown,,0,0,1,https://www.in.gov/dwd/warn-notices/current-warn-notices/,308f145ff54a21550b333bb68372b13dbed5724e79fc00142de24d22,21019bcbbbb78b98a61dbc9ae5de044afc032fdb,2026-07-16,2026-07-19
IN,"Briljent, LLC",briljent,,Administrative Management and General Management Consulting Services,611430,source,,,,,,,,,,,,,,n:briljent,Indianapolis,2013-03-27,2013-05-31,100,unknown,,0,0,1,https://www.in.gov/dwd/warn-notices/current-warn-notices/,0e87b0139b214121ee9b4a65c3e787c6ed281da52ffd44c8d17481c8,a02afcd05deccd509567b41497e99f98f35cbdf5,2026-07-16,2026-07-19
IN,ADM Trucking Inc.,adm trucking,,"Trucking, general freight",484121,source,,,,,,,,,,,Archer-Daniels-Midland Co,7084,,n:adm trucking,Mt. Vernon,2013-04-17,2013-07-14,20,closure,,0,0,1,https://www.in.gov/dwd/warn-notices/current-warn-notices/,8f0208cf69e39251fac9ff00476494aa652a85b9b4c7449b329c9161,5ccfb6bcf934d62d1eafcc0d619ddd56aa8a4f66,2026-07-16,2026-07-19
IN,AM General Military Assembly Plant,am general military assembly plant,,"Assembly plants, light trucks on chassis of own manufacture",336112,source,,,,,,,,,,,,,,n:am general military assembly plant,Mishawaka,2013-04-19,2012-12-30,387,unknown,,0,0,1,https://www.in.gov/dwd/warn-notices/current-warn-notices/,2ac76eb9beae1b38342aa275486a001d611bf29286e7834eeb3bc24b,8292f1c0f2afee9ce1ff0afc6354c398ba56d55f,2026-07-16,2026-07-19
IN,International Paper Company,international paper,International Paper,Corrugated & Solid Fiber Box Manufacturing,322211,source,51434,IP,exact,2621,Paper Mills,,,,Q202972,cik,International Power and Paper Company,,automatic,qid:Q202972,Indianapolis,2013-04-19,2013-06-19,91,closure,,0,0,1,https://www.in.gov/dwd/warn-notices/current-warn-notices/,85d3f88d6bfa74dc4d6a04a9f05e52bcd34fdf1d120c7a0afe229c5b,3b74e3a67d0064c2c3b503e174dd3107e3b9dce7,2026-07-16,2026-07-19
IN,Meade Electric Company,meade electric,,All Other Miscellaneous Electrical Equipment and Component Manufacturing,335999,source,,,,,,,,,,,,,,n:meade electric,Whiting,2013-04-22,2013-06-28,569,unknown,,0,0,1,https://www.in.gov/dwd/warn-notices/current-warn-notices/,836be780b1e933275b2d49b3c5e1898b8ca65eed3192d07cef4a9521,8c2dae1986e96bba30eb682f0a869d4420971ae4,2026-07-16,2026-07-19
IN,"Lilly USA, LLC",lilly usa,,Pharmaceutical Preparation Manufacturing,325412,source,,,,,,,,,,,,,,n:lilly usa,Indianapolis,2013-04-26,2013-07-15,1624,unknown,,0,0,1,https://www.in.gov/dwd/warn-notices/current-warn-notices/,922f34d0fc53509f5b7dff0c00c0cf59b3e431de17cabb5a73943a89,4eac2eb1a9dc26db794a19f6e5f76dafd75f5090,2026-07-16,2026-07-19
IN,ALSAC Volunteer Service Center,alsac volunteer service center,,Other Individual and Family Services,624190,source,,,,,,,,,,,,,,n:alsac volunteer service center,New Albany,2013-04-29,2013-06-28,64,closure,,0,0,1,https://www.in.gov/dwd/warn-notices/current-warn-notices/,f1635ff71b066fdb8604df5e7918b94d32f603688a9151252e4a56c2,88a6aa799454b1277a7272b2e9e49e97293727a7,2026-07-16,2026-07-19
IN,Blissfield Manufacturing CompanyParent Company of Jay Products,blissfield manufacturing companyparent company of jay products,,"Transmissions and parts, automotive, truck, and bus, manufacturing",336350,source,,,,,,,,,,,,,,n:blissfield manufacturing companyparent company of jay products,Portland,2013-04-29,2013-09-30,61,closure,,0,0,1,https://www.in.gov/dwd/warn-notices/current-warn-notices/,436a78b7204c13005da743af9fb1ad1e21a49e71b10564cfd45959b3,907fdf99ef77b117fa70f5f38def0710b7b48931,2026-07-16,2026-07-19
IN,SJC Industries Corp,sjc industries,,Motor Vehicle Body Manufacturing,336211,source,,,,,,,,,,,,,,n:sjc industries,Elkhart,2013-05-07,2013-07-08,165,closure,,0,0,1,https://www.in.gov/dwd/warn-notices/current-warn-notices/,21f08a9d37b994e23ded92922cc5de548a96ef11dff3829eda707a2a,c19391c3e4da934f8f3711382ce47b081eac4eb1,2026-07-16,2026-07-19
IN,Warner Transitional Services,warner transitional services,,"Self-help organizations for disabled persons, the elderly, and persons
        diagnosed with intellectual and developmental disabilities",624120,source,,,,,,,,,,,,,,n:warner transitional services,Indianapolis,2013-05-07,2013-06-07,112,closure,,0,0,1,https://www.in.gov/dwd/warn-notices/current-warn-notices/,a7c4cecda121d1498728726c06d84d48d7db04cb8ff517dbd0df412c,e4523436617ebc47310703c93b892c90119bdc94,2026-07-16,2026-07-19
IN,Hartmann USA,hartmann usa,,"Bandages and dressings, surgical and orthopedic, manufacturing",339113,source,,,,,,,,,,,,,,n:hartmann usa,Bloomington,2013-05-15,2014-06-15,72,closure,,0,0,1,https://www.in.gov/dwd/warn-notices/current-warn-notices/,71e09920f17736da1b0e85fd8354be1147d6c78c8c892dbbd5170b04,bb62012b2ade50cbf3dd474b1c82e78b569b2c19,2026-07-16,2026-07-19
IN,Unilever Ice Cream Manufacturing,unilever ice cream manufacturing,,Ice Cream Manufacturing,311520,source,,,,,,,,,,,,,,n:unilever ice cream manufacturing,Huntington,2013-06-21,2013-09-30,157,closure,,0,0,1,https://www.in.gov/dwd/warn-notices/current-warn-notices/,09d7986a792a5d6d4a13df0b099b7a5f026a98b9a3d106791fbef4cf,0053199c1de921f93b972c8bfd21a33aa5e5a0fe,2026-07-16,2026-07-19
IN,TsiCorp,tsicorp,,Logistics management consulting services,541614,source,,,,,,,,,,,,,,n:tsicorp,Edinburgh,2013-06-27,2013-08-30,50,unknown,,0,0,1,https://www.in.gov/dwd/warn-notices/current-warn-notices/,9e1db2e3dd051ffe0af84b575b6a819f794e1d2f31aaab3031fc84ea,a85297de0fef15a3815f86925c6a44955c37b571,2026-07-16,2026-07-19
IN,"Cequent Performance Products, Inc",cequent performance products,,General Warehousing/Distribution and Storage,493110,source,,,,,,,,,,,,,,n:cequent performance products,Huntington,2013-07-01,2013-12-31,9,closure,,0,0,1,https://www.in.gov/dwd/warn-notices/current-warn-notices/,065298fc8a132f3c0c31035a559296d4bd6f8e804d8915f423f12e97,c73412b438e3e0fea4920fc45dcb95a3aa5bbbd6,2026-07-16,2026-07-19
IN,Allied Speciality Vehicles (formally Monaco),allied speciality vehicles formally monaco,,Motor home manufacturing,33613,source,,,,,,,,,,,,,,n:allied speciality vehicles,Wakarusa,2013-07-17,2013-10-31,16,unknown,,0,0,1,https://www.in.gov/dwd/warn-notices/current-warn-notices/,cae2963585d3f8786a2734ce8eb3f1ac201814f77c42c1e0a2baf0b6,609261c4c13db366059968dde45fe329c2ee9856,2026-07-16,2026-07-19
IN,Kerry Inc.,kerry,KERRY INC.,Flavoring concentrates (except coffee based) manufacturing,311930,source,,,,,,,,254900WC09LFTFJ6YC87,,,,,automatic,lei:254900WC09LFTFJ6YC87,Indianapolis,2013-07-22,2013-10-01,47,closure,,0,0,1,https://www.in.gov/dwd/warn-notices/current-warn-notices/,188c24f2812e52f0db979383c51ea9a416b8d79415d793d496bb3563,f31244e8c6618dd6d45d9dedc58a5de291deca97,2026-07-16,2026-07-19
IN,RoadLink Workforce Solutions,roadlink workforce solutions,,Transportation and Warehousing Services,488510,source,,,,,,,,,,,,,,n:roadlink workforce solutions,Shelbyville,2013-08-12,2013-09-15,119,unknown,,0,0,1,https://www.in.gov/dwd/warn-notices/current-warn-notices/,b155d6b9ce0fbb383d68d2019315c4500af498f87c3c13c804c019db,2b74f018cba71ec1bd2355358320f69280dfa204,2026-07-16,2026-07-19
IN,Strategic Resources Inc.,strategic resources,,Business Management Consultants,,,,,,,,,,,,,,,,n:strategic resources,Edinburgh,2013-09-03,2013-09-30,207,unknown,,0,0,1,https://www.in.gov/dwd/warn-notices/current-warn-notices/,ecea6dca369d8ec4db18b94fd70cdbc261c2ce60f4f4bcb77db5d30b,43b1825df27c77d1bfed41e25aef9c86e62e7c6f,2026-07-16,2026-07-19
IN,Capital Senior Living ILM-B Inc. d/b/a Town Centre Health Care,capital senior living ilm b inc d b a town centre health care,,Nursing Care Facility,623110,source,,,,,,,,,,,"SONIDA SENIOR LIVING, INC.",1043000,,n:capital senior living ilm b,Merrillville,2013-09-04,2013-11-04,121,closure,,0,0,1,https://www.in.gov/dwd/warn-notices/current-warn-notices/,41e469771db5a3f41c24959b9ee639a9cb3d57fabbed35ce9a362804,04264b6939dd990aa204b9a8f98b8005f063eda7,2026-07-16,2026-07-19
IN,Frontier Communications Corporation,frontier communications,,Communications Services,517919,source,20520,,exact,4813,Telephone Communications (No Radiotelephone),,,,,,,,automatic,cik:20520,Carmel,2013-09-19,2013-11-18,54,unknown,,0,0,1,https://www.in.gov/dwd/warn-notices/current-warn-notices/,806053b1cecbd05123a461e93afb350e86275e09392cd2d7fb6dbb35,eeab38292f0eb80f4b7a48767f13e6cc4fc84c54,2026-07-16,2026-07-19
IN,JPMorgan Chase & Co.,jpmorgan chase,JPMorgan Chase,"Banking, commercial",332117,source,19617,JPM,exact:listed,6021,National Commercial Banks,,,,Q192314,cik,,,automatic,qid:Q192314,Indianapolis,2013-09-23,2013-11-22,7,unknown,,0,0,1,https://www.in.gov/dwd/warn-notices/current-warn-notices/,379bb2b6f5db73a3e1c7c4b12d886f9392bb72f08c3f737fa35f5ea0,2c12a74429f97ecdd2314768609319fd3aa30e66,2026-07-16,2026-07-19
IN,CMW International Inc.,cmw international,,Powder Metallurgy Part Manufacturing,522110,source,,,,,,,,,,,,,,n:cmw international,Indianapolis,2013-09-24,2013-11-23,100,closure,,0,0,1,https://www.in.gov/dwd/warn-notices/current-warn-notices/,455e61eefd436c537ea5a64322d029f9ee3083e2f9f865447c7fc1f3,0824103953a638ac5955d26c863503dbb9c987e3,2026-07-16,2026-07-19
IN,Indiana University Ball Memorial Hospital Affected Positions,indiana university ball memorial hospital affected positions,,General Medical & Surgical Hospitals,622110,source,,,,,,,,,,,,,,n:indiana university ball memorial hospital affected positions,Muncie,2013-09-30,2013-12-01,120,unknown,,0,0,1,https://www.in.gov/dwd/warn-notices/current-warn-notices/,d8a513de3c7a56415d708a264f470b6743cd664e88e4c3bb590a45fc,04613a7df955778c2e549b62563b0df85a0606ae,2026-07-16,2026-07-19
IN,Indiana University Health,indiana university health,Indiana University Health,General Medical & Surgical Hospitals,622110,source,,,,,,351955872,E220,5493005H76YOO81B8D75,Q6023587,label,,,automatic,qid:Q6023587,Statewide,2013-09-30,2013-12-01,819,unknown,,0,0,1,https://www.in.gov/dwd/warn-notices/current-warn-notices/,5bec382d172941a6ab0e1378674dfa0e7c30f0f30b51c4da319f6daa,943513051ab87392b3ac9d76e564d60a9f8f4a35,2026-07-16,2026-07-19
IN,Indiana University Health North HospitalAffected Positions,indiana university health north hospitalaffected positions,,General Medical & Surgical Hospitals,622110,source,,,,,,,,,,,,,,n:indiana university health north hospitalaffected positions,Carmel,2013-09-30,2013-12-01,66,unknown,,0,0,1,https://www.in.gov/dwd/warn-notices/current-warn-notices/,3b52f36b13a8293669467d88a0095b22cc55fb1c7e0ff492530cba27,939082c3f81a372bb310bf0e4d706cb379c0ffc3,2026-07-16,2026-07-19
IN,Indiana University Health PhysiciansAffected Positions,indiana university health physiciansaffected positions,,General Medical & Surgical Hospitals,622110,source,,,,,,,,,,,,,,n:indiana university health physiciansaffected positions,Indianapolis,2013-09-30,2013-12-01,14,unknown,,0,0,1,https://www.in.gov/dwd/warn-notices/current-warn-notices/,e3a52f7e6ceac07f12a082a2700615ce0d59073a292588971da87f04,00673bfbe91d3c32d0e87139c758f3c87c0f1fde,2026-07-16,2026-07-19
IN,Indiana University Health Saxony HospitalAffected Positions,indiana university health saxony hospitalaffected positions,,General Medical & Surgical Hospitals,622110,source,,,,,,,,,,,,,,n:indiana university health saxony hospitalaffected positions,Fishers,2013-09-30,2013-12-01,2,unknown,,0,0,1,https://www.in.gov/dwd/warn-notices/current-warn-notices/,ea5fe6fe0c887dc32898de43cbb47dab817785c995346d09b8508d67,0a4e103743ada3ea35d57cd12a93f2bc5ac66f0b,2026-07-16,2026-07-19
IN,Indiana University HealthAffected Positions,indiana university healthaffected positions,,General Medical & Surgical Hospitals,622110,source,,,,,,,,,,,,,,n:indiana university healthaffected positions,Indianapolis,2013-09-30,2013-12-01,617,unknown,,0,0,1,https://www.in.gov/dwd/warn-notices/current-warn-notices/,59cd961c0aaf2b9c96748e36641c723ca567d7c4643acb5b85a2426f,7bae73604d3c17021fbe77fad24aa9379d350cfe,2026-07-16,2026-07-19
IN,"Nyloncraft, Inc.",nyloncraft,,All Other Plastics Prod Manufacturing,326199,source,1168899,,exact:post-era,,,,,,,,,,automatic,cik:1168899,Fort Wayne,2013-10-01,2014-09-01,96,closure,,0,0,1,https://www.in.gov/dwd/warn-notices/current-warn-notices/,e26e48f689c9d30da18036ebc281690a89896b3b7728582efeabb652,10e9a5565c9ae0e01c005d5eeea793c556816caf,2026-07-16,2026-07-19
IN,First Merchants Bank,first merchants bank,First Merchants Corporation,"Banking, commercial",522110,source,712534,FRME,fuzzy:0.95,6021,National Commercial Banks,,,,Q5453261,cik,,,automatic,qid:Q5453261,Lake County,2013-10-03,2013-12-06,84,unknown,,0,0,1,https://www.in.gov/dwd/warn-notices/current-warn-notices/,3efb046f9396b2bb21c038c4451b117c743f01836a65caed774944dd,b02cfe5de7bdcd7916a4ecd3baab33526c743675,2026-07-16,2026-07-19
IN,"The Arc of Northwest Indiana, Inc",arc of northwest indiana,THE ARC OF NORTHWEST INDIANA INC,Services for the Elderly and Persons with Disabilities,624120,source,,,,,,351055076,P820,,,,,,automatic,ein:351055076,Lake and Porter Counties,2013-10-03,2013-10-03,114,closure,,0,0,1,https://www.in.gov/dwd/warn-notices/current-warn-notices/,e68cd67276819f6a8d2842383b4eb5bf6c49aebdff8922c04f0c36e6,d8505ba565974d57730f768d063b0f83ab4df278,2026-07-16,2026-07-19
IN,"Fabri-Form, Inc",fabri form,,All Other Plastics Prod Manufacturing,326199,source,,,,,,,,,,,,,,n:fabri form,Pekin,2013-10-07,2014-01-01,37,closure,,0,0,1,https://www.in.gov/dwd/warn-notices/current-warn-notices/,455bc7a7d55a02cb96efc37571c9d13f1d408bfb6ba6fac38a26a9c7,084a6ff100319235c19014b2097f664ab6b3f2b1,2026-07-16,2026-07-19
IN,"Peabody Indiana Services, LLC",peabody indiana services,,Bituminous Coal & Lignite Surface Mining,212111,source,1469797,,exact,,,,,,,,,,automatic,cik:1469797,Cannelburg,2013-10-31,2014-04-30,86,closure,,0,0,1,https://www.in.gov/dwd/warn-notices/current-warn-notices/,1813af40e4c90c15b71a01ba89799995871eb77e8b3741d84ffcdd9d,4916337249e5bff21f03ee81d501d4d33ce53aa4,2026-07-16,2026-07-19
IN,"Peabody Midwest Management Services, LLC",peabody midwest management services,,Bituminous Coal & Lignite Surface Mining,212111,source,1469794,,exact,,,,,,,,,,automatic,cik:1469794,Cannelburg,2013-10-31,2013-12-31,3,closure,,0,0,1,https://www.in.gov/dwd/warn-notices/current-warn-notices/,b2c91a4600d956bdfc9724afedd4d9e8dcf99d7e42bfafcf73166d62,e6634a1e8490a8c43a078e1da406c7617a626e39,2026-07-16,2026-07-19
IN,Multi Packing Solutions,multi packing solutions,,Commercial Lithographic Printing,323110,source,,,,,,,,,,,,,,n:multi packing solutions,Terre Haute,2013-11-01,2013-12-31,150,closure,,0,0,1,https://www.in.gov/dwd/warn-notices/current-warn-notices/,a09933af417b8c74ee5750eb7f03d3c93911c4277645782076a73ce8,76a432369a8273b21b6f20873d0b314734688876,2026-07-16,2026-07-19
IN,PolyOne Designed Structures and Solutions,polyone designed structures and solutions,,Plastics Packaging Film and Sheet Manufacturing,326112,source,,,,,,,,,,,,,,n:polyone designed structures and solutions,Warsaw,2013-11-05,2014-01-06,110,closure,,0,0,1,https://www.in.gov/dwd/warn-notices/current-warn-notices/,4c5f31410facd1c931781f9e5320843d4e086d5fc19554abb1eadbe2,8f16156899d25c46a52c23574c7d57c31a5ea39a,2026-07-16,2026-07-19
IN,New Age Healthcare,new age healthcare,,Services for the Elderly and Persons with Disabilities,624120,source,,,,,,,,,,,,,,n:new age healthcare,Arcadia,2013-11-11,2013-12-31,100,closure,,0,0,1,https://www.in.gov/dwd/warn-notices/current-warn-notices/,0afafe3f394d2297e9706693f336954a2447ce04f2a19293259c1f94,5c6cebc092252743cfc0b277da70194a1069315f,2026-07-16,2026-07-19
IN,"Fulton Industries, Inc",fulton industries,,Machine Shops,332710,source,,,,,,,,,,,,,,n:fulton industries,Rochester,2013-12-10,2014-03-01,90,closure,,0,0,1,https://www.in.gov/dwd/warn-notices/current-warn-notices/,d5147d90680e7dccb9bc59c11f791172b0ade2a813d77ce7eb8755fc,5e94f13b097f0dc985b5daecd176981bc1c7461a,2026-07-16,2026-07-19
IN,Pearson Education,pearson education,Pearson Education,Periodical Publishers,511120,source,,,,,,,,,Q6420723,label,Pearson plc,,automatic,qid:Q6420723,Lebanon,2013-12-11,2014-12-31,160,closure,,0,0,1,https://www.in.gov/dwd/warn-notices/current-warn-notices/,1e69fd6446aa3ca19ad33719f9fdd0e6e76fb3d36cda0c2f19abe9b6,f9dcc5529c4647133826df7c430d086eb0423058,2026-07-16,2026-07-19
IN,Comlux,comlux,,Aircraft seats manufacturing,336360,source,,,,,,,,,,,,,,n:comlux,Indianapolis,2014-01-09,2014-01-17,45,unknown,,0,0,1,https://www.in.gov/dwd/warn-notices/current-warn-notices/,a213b10191610222ab31cfdc377229692d9e6fa4cb4253ff09a929e7,422177de2df7085a60733aa1a67633d20cfcca95,2026-07-16,2026-07-19
IN,Archiver's Stores,archiver s stores,,Craft supply stores,451120,source,,,,,,,,,,,,,,n:archiver s stores,Indianapolis,2014-01-10,2014-02-14,21,closure,,0,0,1,https://www.in.gov/dwd/warn-notices/current-warn-notices/,f5f0ce3312a4a3ac24c931c438f396cd82f9048ec35aeca47084fe7b,523a5985c81937d1c376309efe44f96ec979f1e5,2026-07-16,2026-07-19
IN,AGI - Shorewood Group,agi shorewood group,,Container board stock manufacturing,322130,source,,,,,,,,,,,Multi Packaging Solutions International Ltd,1645926,,n:agi shorewood group,Indianapolis,2014-01-14,2014-03-31,203,closure,,0,0,1,https://www.in.gov/dwd/warn-notices/current-warn-notices/,bf4fc159a6bf59b0bc13d3ef252c2b8cb4e1835e26603a3575347cbe,216b32297d7e64d86dde0aa740e3bba5e19b3293,2026-07-16,2026-07-19
IN,"N-Store Merchandising & HAD, Inc.",n store merchandising had,,Craft supply stores,561499,source,,,,,,,,,,,,,,n:n store merchandising had,Statewide,2014-02-04,2014-02-03,85,closure,,0,0,1,https://www.in.gov/dwd/warn-notices/current-warn-notices/,c6b7da7db33db507cab16dddc617d236eddbc4fe20962a85d23b6bfb,f7434216a8cb9d07d54d1249a3fa78334f795e41,2026-07-16,2026-07-19
IN,Allied Specialty Vehicles,allied specialty vehicles,,Recreational Vehicles & Campers-Mfrs,,,,,,,,,,,,,,,,n:allied specialty vehicles,Elkhart,2014-02-10,2014-02-10,85,closure,,0,0,1,https://www.in.gov/dwd/warn-notices/current-warn-notices/,7809f9b40e48a39d39715c540b23634d7069f32e06947399d1973398,5618109075af295c07d2e89a809444ff6123aa1e,2026-07-16,2026-07-19
IN,Federal-Mogul,federal mogul,Federal-Mogul,All Other Plastics Prod Manufacturing,326199,source,1419581,,exact,3714,Motor Vehicle Parts & Accessories,,,,Q289761,label,,,automatic,qid:Q289761,Avilla,2014-02-11,2014-10-01,95,closure,,0,0,1,https://www.in.gov/dwd/warn-notices/current-warn-notices/,4c9f98fe7692f2dedd24a3abe4d95cd7cc1fd8a1ff3eeedd036dda03,b2ed03c2448ddef216ce4157cd3363d218d98f11,2026-07-16,2026-07-19
IN,Indiana Limestone Company,indiana limestone,,"Brick, Stone, and Related Construction Material Merchant Wholesalers",423320,source,,,,,,,,,,,,,,n:indiana limestone,Bloomington and Oolitic,2014-02-24,2014-04-28,166,closure,,0,0,1,https://www.in.gov/dwd/warn-notices/current-warn-notices/,f4e7c9b309f7bcddb79a2996c09e2a6aefa1a94771416293586e7ef7,d719bf60c302be3380b8abdc6ad4ad41a374fbc9,2026-07-16,2026-07-19
IN,"Consolidated Transport Systems, Inc.",consolidated transport systems,,Transport Company,48410,source,,,,,,,,,,,,,,n:consolidated transport systems,Michigan City,2014-03-05,2014-03-31,130,closure,,0,0,1,https://www.in.gov/dwd/warn-notices/current-warn-notices/,ccc616d01bc74f92b282831e797c8e83e530c572302ddd7d7bca6b19,2a871258500268e5a87626935e8f9da4a548c5c0,2026-07-16,2026-07-19
IN,Old National Bancorp,old national bancorp,Old National Bank,Banking,522110,source,707179,ONB,exact:listed,6021,National Commercial Banks,,,,Q7084595,cik,,,automatic,qid:Q7084595,Fort Wayne,2014-03-10,2014-03-16,41,unknown,,0,0,1,https://www.in.gov/dwd/warn-notices/current-warn-notices/,08748b432f1b5796ffca395cbd5a80eb61628a72a417bc0c7f2010fc,24fcc375d0414bd2fc72c5d4d0daecf5025dbb7b,2026-07-16,2026-07-19
IN,Supreme Corporation,supreme,,Shuttle Bus Bodies,336211,source,,,,,,,,,,,,,,n:supreme,Goshen,2014-03-12,2014-05-23,50,closure,,0,0,1,https://www.in.gov/dwd/warn-notices/current-warn-notices/,064417c9b17d8a7bb2f21eab489294decf1e8840616b55b7ee23e2a7,9838427599a65fb0315a9ef1d88a05756be59a6f,2026-07-16,2026-07-19
IN,Hickory Creek Healthcare,hickory creek healthcare,,Powder Metallurgy Part Manufacturing,332117,source,,,,,,,,,,,"ENSIGN GROUP, INC",1125376,,n:hickory creek healthcare,Gaston,2014-03-17,2014-05-23,91,closure,,0,0,1,https://www.in.gov/dwd/warn-notices/current-warn-notices/,e300b36812c56444094ef537969e57fc5e197707be98c0a1ec1df069,ab435e4011d2a3a9f44be02f21a63050668ce22a,2026-07-16,2026-07-19
IN,Chesapeake Pharmaceutical and Healthcare Packaging,chesapeake pharmaceutical and healthcare packaging,,Packaging machinery manufacturing,333993,source,,,,,,,,,,,,,,n:chesapeake pharmaceutical and healthcare packaging,Evansville,2014-04-15,2014-06-27,59,closure,,0,0,1,https://www.in.gov/dwd/warn-notices/current-warn-notices/,d778153b97aa5905bedfffed932f580bccbb949f703e30aa1c5278d3,e3252c56e19b8c2f4b69f5b960c97d4cc1017f6d,2026-07-16,2026-07-19
IN,Allegheny Technologies Incorporated,allegheny technologies,Allegheny Technologies,Metal Manufacturing,331491,source,1018963,ATI,exact,3317,Steel Pipe & Tubes,,,,Q1361648,cik,,,automatic,qid:Q1361648,LaPorte,2014-04-22,2014-06-18,123,closure,,0,0,1,https://www.in.gov/dwd/warn-notices/current-warn-notices/,0c9d24dfcf50c92fe58596f94306a432eaf72ee55d52125aecdf80a9,6ccad7cce79c880045fd08965956e2d2eaec9ecf,2026-07-16,2026-07-19
IN,Irwin Tools,irwin tools,,Power Driven Hand Tool Manufacturing,333991,source,,,,,,,,,,,,,,n:irwin tools,Greenfield,2014-04-22,2014-07-18,79,closure,,0,0,1,https://www.in.gov/dwd/warn-notices/current-warn-notices/,c4e4718ae2cfe66bdef96da5f6dbca5ea506f11e76d344bf4d4c2965,85f1eec65af166f197b256edf9016b3045373a4a,2026-07-16,2026-07-19
IN,MKM Distribution Services,mkm distribution services,,Distribution and Warehousing,493110,source,,,,,,,,,,,,,,n:mkm distribution services,Indianapolis,2014-04-22,2014-06-23,84,unknown,,0,0,1,https://www.in.gov/dwd/warn-notices/current-warn-notices/,1e422de51e8a89f12aa62d4d4f082981a36596eced6b8da3147885e2,11ced34d23a67aa1e6c9d496b3947977bfd665ce,2026-07-16,2026-07-19
IN,Hartzell Air Movement,hartzell air movement,,Industrial & Commercial Fan & Blower Manufacturing,333413,source,,,,,,,,,,,,,,n:hartzell air movement,Portland,2014-05-05,2014-07-07,44,closure,,0,0,1,https://www.in.gov/dwd/warn-notices/current-warn-notices/,eb1966c5b9ca214eaa295f755edd9503aaacbc40edcba7a5198d53cf,5eeae07a791c0685e6f093a28f9e45e68ff9b575,2026-07-16,2026-07-19
IN,ABC Companies,abc companies,,Recreational Vehicle Dealers,441210,source,,,,,,,,,,,,,,n:abc companies,Nappanee,2014-05-12,2014-09-15,160,closure,,0,0,1,https://www.in.gov/dwd/warn-notices/current-warn-notices/,5b6d131e5cab76199d6dd697b50e86595f25b88699c9d9391c9e9682,38d955ba841bbaa4c269b759a2a6ccf46c9b0d7e,2026-07-16,2026-07-19
IN,URS Federal Services,urs federal services,,Engineering Services,541330,source,1563378,,exact,,,,,,,,,,automatic,cik:1563378,Odon,2014-06-16,2014-07-08,59,unknown,,0,0,1,https://www.in.gov/dwd/warn-notices/current-warn-notices/,d6f70015b0916a5ca8f59d6cea06ae375fdc5041c4ac7104d4ac54f5,0f36085408376bd08008535d9960daf17aa88c6b,2026-07-16,2026-07-19
IN,Parkview Health-Parkview Oaks and Parkview Pointe Assisted Living Facilities,parkview health parkview oaks and parkview pointe assisted living facilities,,Continuing Care Retirement Communities,623311,source,,,,,,,,,,,,,,n:parkview health parkview oaks and parkview pointe assisted living facilities,Columbia City,2014-06-17,2014-09-14,52,closure,,0,0,1,https://www.in.gov/dwd/warn-notices/current-warn-notices/,4d54caa5e9cf0e1342705459371390351876a7b78c8aca992501d879,c21951f6d127221a04cf084a6b10032bb0645aed,2026-07-16,2026-07-19
IN,Novitex Enterprise Solutions,novitex enterprise solutions,,Commercial Printing,323111,source,,,,,,,,,,,"Exela Technologies, Inc.",1620179,,n:novitex enterprise solutions,Plainfield,2014-06-24,2014-08-28,155,closure,,0,0,1,https://www.in.gov/dwd/warn-notices/current-warn-notices/,1d6ffb7c433da77910965a43d28539ce79652ca426ec0ab7e8540d89,ba6f53e90a5454c7d7e369a114fb141933dad9e0,2026-07-16,2026-07-19
IN,Black Panther Mining,black panther mining,,Bituminous Coal Underground Mining,212112,source,,,,,,,,,,,,,,n:black panther mining,Oaktown,2014-07-02,2014-09-14,494,unknown,,0,0,1,https://www.in.gov/dwd/warn-notices/current-warn-notices/,a753451d33b68a176534ad15b7e533932419d7a39d67db5fed0033d9,b84c18948d1c673508798b7bdd28a4625893b891,2026-07-16,2026-07-19
IN,Five Star Mining,five star mining,,Bituminous Coal Underground Mining,212112,source,,,,,,,,,,,,,,n:five star mining,Petersburg,2014-07-02,2014-09-14,380,unknown,,0,0,1,https://www.in.gov/dwd/warn-notices/current-warn-notices/,c15f0cc4838c85795a32ddd146a345cc370bf8d43b859320e9fe90d8,692fe459e03697d984146e199075834355ce4752,2026-07-16,2026-07-19
IN,Herff Jones,herff jones,,Book publishers and printing combined,511130,source,812549,,exact:post-era,2732,Book Printing,,,,,,,,automatic,cik:812549,Indianapolis,2014-07-11,2014-11-14,110,closure,,0,0,1,https://www.in.gov/dwd/warn-notices/current-warn-notices/,472a8cb8baee7bf0543ee12be0dd548cb21635c029cc356e026db6c2,d99900c1f4ce0841073c2a1f84c085b741ea5015,2026-07-16,2026-07-19
IN,Springleaf Financial,springleaf financial,,Finance Companies,522291,source,1589064,,suffix,,,,,,,,,,automatic,cik:1589064,Evansville,2014-08-05,2014-09-30,170,closure,,0,0,1,https://www.in.gov/dwd/warn-notices/current-warn-notices/,3fb27bb5c65dadccc71137838ee28af9054234234d21d6e3ced9bca5,957ee0dbae90fd873422b684b205ac3cd95489c5,2026-07-16,2026-07-19
IN,"DIY Group, Inc",diy group,,Fruit and Vegetable Canning Manufacturing,311421,source,,,,,,,,,,,,,,n:diy group,Muncie,2014-08-12,2015-04-01,261,unknown,,0,0,1,https://www.in.gov/dwd/warn-notices/current-warn-notices/,7bfe4bf3a6ced7112285d117c96aaed1a7dd5a7626f95fec654373d3,ee750797d64daf1df35264ca935ab645083a62a0,2026-07-16,2026-07-19
IN,ModusLink,moduslink,,Warehousing distribution,493110,source,,,,,,,,,,,Steel Connect LLC,914712,,n:moduslink,Indianapolis,2014-08-12,2014-10-31,110,closure,,0,0,1,https://www.in.gov/dwd/warn-notices/current-warn-notices/,1dfd1f585c0b0ac12b2af091b28b9ecb64c0e0312a150be0668bbf5f,272dd52639cc460087eb677942bfe6ae31cb6211,2026-07-16,2026-07-19
IN,Rural Metro Corporation,rural metro,,Ambulance Services,621910,source,,,,,,,,,,,RURAL/METRO CORP /DE/,906326,,n:rural metro,Indianapolis,2014-08-18,2014-08-18,84,unknown,,0,0,1,https://www.in.gov/dwd/warn-notices/current-warn-notices/,5a11090358cf5a5625e990da47b2c2471c6dac989b9d7e6428ae3d94,11f1e87a5e6245119150fda2f810a2670459aaf4,2026-07-16,2026-07-19
IN,Rural Metro Corporation,rural metro,,Ambulance Services,621910,source,,,,,,,,,,,RURAL/METRO CORP /DE/,906326,,n:rural metro,"Indianapolis, Anderson, Logansport, Martinsville, and Richmond",2014-08-18,2014-08-18,277,unknown,,0,0,1,https://www.in.gov/dwd/warn-notices/current-warn-notices/,f3cf50e56142dd33492bfcb3e9a6e3e001a20e08e6add583769e0f1e,d478c51856c23fc872a6d94a7af68741147a3a90,2026-07-16,2026-07-19
IN,Indiana University Cyclotron Operations,indiana university cyclotron operations,,Analytical Laboratory Instrument Manufacturing,334516,source,,,,,,,,,,,,,,n:indiana university cyclotron operations,Bloomington,2014-08-22,2014-11-25,120,closure,,0,0,1,https://www.in.gov/dwd/warn-notices/current-warn-notices/,1cc440f710640ee9b6773186a599d349b5523ca4b2d6f71cee925c6d,8ec1d9fb66cff43d962c2d6a2f8e37849bb20dd0,2026-07-16,2026-07-19
IN,Talon Logistics,talon logistics,,General Warehousing and Storage,493110,source,,,,,,,,,,,,,,n:talon logistics,Sellersburg,2014-08-25,2014-09-22,62,unknown,,0,0,1,https://www.in.gov/dwd/warn-notices/current-warn-notices/,623e0fae8552eb081174b9c50a55fa9b3ab985983cdf928a59d75f7d,ad660d99f7678697494054956fca9842acf6e562,2026-07-16,2026-07-19
IN,Kmart Corporation - Sears Holdings,kmart corporation sears holdings,,Discount Department Stores,452112,source,56824,,exact:base,5331,Retail-Variety Stores,,,,,,,,automatic,cik:56824,Indianapolis,2014-09-23,2014-11-30,131,closure,,0,0,1,https://www.in.gov/dwd/warn-notices/current-warn-notices/,b8bf65745ef38ac7a423560a643aca7ba2176621ef251e8ae2edcdaa,07d3b6e45ea5a3fb67d2a6e296a65da8dd23ee31,2026-07-16,2026-07-19
IN,St. Vincent Seton Specialty Hospital,st vincent seton specialty hospital,,Specialty (except Psychiatric and Substance Abuse) Hospitals,622310,source,,,,,,,,,,,,,,n:st vincent seton specialty hospital,Lafayette,2014-10-01,2014-12-03,83,closure,,0,0,1,https://www.in.gov/dwd/warn-notices/current-warn-notices/,88752cf8dd9c6bde8cc17a435003b1cdee5b5f2ce3a5f3df105c0d51,f218fb46e3bfa96c9ecea1dfe7e9ad4fc53bdef6,2026-07-16,2026-07-19
IN,Domtar,domtar,,Paper Manufacturing,322222,source,1381531,,exact,2621,Paper Mills,,,,,,,,automatic,cik:1381531,Indianapolis,2014-10-13,2014-12-12,55,closure,,0,0,1,https://www.in.gov/dwd/warn-notices/current-warn-notices/,751bf06e69d0d3e9ec0ef5fb1f64b1d9dd3b58d0e4a57270cb9d71a5,39ed36c85af91d8205e0e5de20afaba1844d11af,2026-07-16,2026-07-19
IN,Hilton Indianapolis North,hilton indianapolis north,,Hotels and Motels,721110,source,,,,,,,,,,,,,,n:hilton indianapolis north,Indianapolis,2014-10-15,2014-12-23,46,closure,,0,0,1,https://www.in.gov/dwd/warn-notices/current-warn-notices/,d18354abe46eae81339b7c03de216c7a694f3e710455068cda4b73ef,4ec57f71676e382289474aad0bcd3e684c12ea34,2026-07-16,2026-07-19
IN,R & D Concrete and Country Stone,r d concrete and country stone,,"Brick, Stone, and Related Construction Material Merchant Wholesalers",426620,source,,,,,,,,,,,,,,n:r d concrete and country stone,various Indiana locations,2014-10-17,2014-12-01,43,closure,,0,0,1,https://www.in.gov/dwd/warn-notices/current-warn-notices/,6cd59d5efac175a2e4b42bc0ba401c37bc6e76b3f0bc8db1fb2a6508,596adc39988f3e32972409da02a34b436f2fbf30,2026-07-16,2026-07-19
IN,Genesis Casket Company,genesis casket,,Burial caskets and cases manufacturing,339995,source,,,,,,,,,,,,,,n:genesis casket,Indianapolis,2014-10-28,2014-12-27,56,unknown,,0,0,1,https://www.in.gov/dwd/warn-notices/current-warn-notices/,5daf93d277486aa92563fa106d945523982fb54065fd948b1a9306f5,dbda89eb973ecdd0f51eff10b136d39af0e59d60,2026-07-16,2026-07-19
IN,GE Power Conversion,ge power conversion,,Motor and Generator Manufacturing,335312,source,,,,,,,,,,,,,,n:ge power conversion,Fort Wayne,2014-11-03,2015-01-31,56,closure,,0,0,1,https://www.in.gov/dwd/warn-notices/current-warn-notices/,90d89592fa576044f57504c0dbb5f2bfaa908e5c2f88506985842c5d,12f22ef411d951a3e02727be9b7fc211f672f6bb,2026-07-16,2026-07-19
IN,Pearson Education,pearson education,Pearson Education,Periodical Publishers,511120,source,,,,,,,,,Q6420723,label,Pearson plc,,automatic,qid:Q6420723,Lebanon,2014-11-04,2015-02-28,209,closure,,0,0,1,https://www.in.gov/dwd/warn-notices/current-warn-notices/,90244de750f6b24e48237efd5ef94e888de4152b2d2d55884f06c589,f7c3e0fed48e252e1f8a32a47b3221746ca6ecc2,2026-07-16,2026-07-19
IN,"Shopko Operating Stores Co., LLC",shopko operating stores,,General Warehousing and Storage,493110,source,,,,,,,,,,,,,,n:shopko operating stores,Lebanon,2014-11-13,2015-01-12,72,closure,,0,0,1,https://www.in.gov/dwd/warn-notices/current-warn-notices/,452375223c1f255a4568f4023a67a0621c8e3a4e7c3aed673a221222,9ac89863432b5af4a5b48d7477ba19c8adb9059f,2026-07-16,2026-07-19
IN,GE Alliances & Lighting,ge alliances lighting,,"Electric motors, wiring supplies, and lighting fixtures merchant
        wholesalers",423610,source,,,,,,,,,,,,,,n:ge alliances lighting,Batesville,2014-11-19,2015-01-23,34,closure,,0,0,1,https://www.in.gov/dwd/warn-notices/current-warn-notices/,3b0f394cc49ee6ae4b07e8c1392abedcb68a9c68d1ead79fb29dfdb1,e408269685debb14c607eb1e008728611f2d0567,2026-07-16,2026-07-19
IN,Marion General Hospital,marion general hospital,MARION GENERAL HOSPITAL,General Medical and Surgical Hospital,622110,source,,,,,,350868130,E220,,,,,,automatic,ein:350868130,Marion,2014-11-24,2015-02-01,69,unknown,,0,0,1,https://www.in.gov/dwd/warn-notices/current-warn-notices/,23cfab33232e348b7d8ef63a130582167320df56d20ef7aa48508971,fc6b7d08c3852d436a2903bb2a575efa80b020ba,2026-07-16,2026-07-19
IN,Caremark subsidiary of CVS,caremark subsidiary of cvs,,Health Pharmacy,446110,source,,,,,,,,,,,,,,n:caremark subsidiary of cvs,Indianapolis,2014-12-30,2015-02-27,124,closure,,0,0,1,https://www.in.gov/dwd/warn-notices/current-warn-notices/,274bdeb9b74a84b93f859a3c93cd08a24f80d30536cc058470c4fc35,d60aba617cdabe7ab90f568ad428b3d9e18c760c,2026-07-16,2026-07-19
IN,Harvey Industries LLC,harvey industries,,Aluminum die-casting foundries,331523,source,,,,,,,,,,,,,,n:harvey industries,Wabash,2015-01-02,2014-12-31,141,unknown,,0,0,1,https://www.in.gov/dwd/warn-notices/current-warn-notices/,b70aa6d235ccfbd33ab50b633c432c8b457819f5b7fe6b3a289f00ba,8a26459374aa473293f25489edf5a781c909fa90,2026-07-16,2026-07-19
IN,Market Day LLC,market day,,Groceries Merchant Wholesalers,424410,source,,,,,,,,,,,,,,n:market day,Indianapolis,2015-01-07,2015-03-07,40,unknown,,0,0,1,https://www.in.gov/dwd/warn-notices/current-warn-notices/,52d217f94a15ce9e676c990dca67a5a8f416add3089801c877a51e60,3280f486b8a020bdcddd85d6e67721ecef5351fa,2026-07-16,2026-07-19
IN,Hoosier Park Racing Casino,hoosier park racing casino,,Casinos,713210,source,,,,,,,,,,,,,,n:hoosier park racing casino,Merrillville,2015-01-12,2015-03-15,33,closure,,0,0,1,https://www.in.gov/dwd/warn-notices/current-warn-notices/,701511d5fd5b43201067ba2f184cac8b688d14a73b321ca728cc9869,14e8eae31188c13692f531deedf9dfca258c03bc,2026-07-16,2026-07-19
IN,Golden Living Center - North Willow,golden living center north willow,,Group homes for the disabled with nursing care,623110,source,,,,,,,,,,,,,,n:golden living center,Indianapolis,2015-01-14,2015-03-15,50,unknown,,0,0,1,https://www.in.gov/dwd/warn-notices/current-warn-notices/,278a7bbcb7addf3f3cce821a7d5c193724f811aa1694abe1ed7ac35b,6c23f9c111f9d1b41d6f6dd48245b4f17a2c8fd7,2026-07-16,2026-07-19
IN,Kmart,kmart,,Discount Department Stores,452112,source,56824,,exact,5331,Retail-Variety Stores,,,,,,,,automatic,cik:56824,Plymouth,2015-01-16,2015-04-12,68,unknown,,0,0,1,https://www.in.gov/dwd/warn-notices/current-warn-notices/,0b9151a33d13bb97e6c1fa8585fbd29afe4e6dcbfcf14a6ddef8d879,fdc6df42a70347c06b6842c1f82d059fc40ecc11,2026-07-16,2026-07-19
IN,United States Steel Corporation,united states steel,U.S. Steel,Iron and Steel Mills and Ferroalloy Manufacturing,331110,source,1163302,,exact,3312,"Steel Works, Blast Furnaces & Rolling Mills (Coke Ovens)",,,,Q72539,cik,Nippon Steel Corporation,,automatic,qid:Q72539,Gary,2015-01-20,2015-03-22,397,unknown,,0,0,1,https://www.in.gov/dwd/warn-notices/current-warn-notices/,d0c1065c24e9f25d4ce875fd9adbecac79a37c09955a004ed14fdd2c,6016f31533b844244ce8305217f224a1af34bc17,2026-07-16,2026-07-19
IN,IU Health Morgan Hospital,iu health morgan hospital,,General Medical and Surgical Hospital,622110,source,,,,,,,,,,,,,,n:iu health morgan hospital,Martinsville,2015-01-26,2015-03-31,96,unknown,,0,0,1,https://www.in.gov/dwd/warn-notices/current-warn-notices/,e36b60805af0cca5d890b72c5480388df2fdaf58899c5254fdbae2dc,f7a16efafac919bc08a0f484e4c2f3f709881125,2026-07-16,2026-07-19
IN,TeleServices Direct,teleservices direct,,Other Services Related to Advertising,541890,source,,,,,,,,,,,,,,n:teleservices direct,Lafayette,2015-01-30,2015-03-31,137,unknown,,0,0,1,https://www.in.gov/dwd/warn-notices/current-warn-notices/,d5e5c8b36bdfe73e77032a8e0cbfebaf506ede9c33bf3edc4f2865ef,9a6edcb02384b9744dd98612514a7d44e5e7daa0,2026-07-16,2026-07-19
IN,Sodexo,sodexo,Sodexo,Food Service Contractors,722310,source,1169715,,exact,8741,Services-Management Services,,,,Q1475554,label,,,automatic,qid:Q1475554,Richmond,2015-02-03,2015-03-15,65,closure,,0,0,1,https://www.in.gov/dwd/warn-notices/current-warn-notices/,34f30efc78e85bd7bb55cdf09f1fc937f36a7370258f9db4709af892,96b026db4164f07d50f58e53a5244120211ddeeb,2026-07-16,2026-07-19
IN,Huhtamaki,huhtamaki,"HUHTAMAKI, INC.",All other Converted Paper Product Manufacturing,322299,source,,,,,,,,549300I7FRMVFIPQLA59,,,,,automatic,lei:549300I7FRMVFIPQLA59,Marion,2015-02-13,2015-04-20,38,unknown,,0,0,1,https://www.in.gov/dwd/warn-notices/current-warn-notices/,bd93820d62156ca38be33720d5f62740eee09d5baa3381d3d9dea016,969a5b7731ee61960903f75d820706997f884f82,2026-07-16,2026-07-19
IN,ModusLink Global Solutions,moduslink global solutions,Steel Connect,Wireless Communications Equipment Manufacturing,334220,source,914712,,exact,7389,"Services-Business Services, NEC",,,,Q6889843,cik,,,automatic,qid:Q6889843,Bloomington,2015-02-20,2015-04-21,320,unknown,,0,0,1,https://www.in.gov/dwd/warn-notices/current-warn-notices/,903acda05795ca0a6384dcee52fa1b1757114ba938f879a1eb6fd424,b200e84a8e182194117d4be052c435e75aff0de1,2026-07-16,2026-07-19
IN,"Hartmann USA, Inc",hartmann usa,,"Bandages and dressings, surgical and orthopedic, manufacturing",339113,source,,,,,,,,,,,,,,n:hartmann usa,Bloomington,2015-02-23,2015-04-30,49,closure,,0,0,1,https://www.in.gov/dwd/warn-notices/current-warn-notices/,819ee3640bc30be32736287c2bb6e87ae10659f7d742c1d20682127d,fd66f9c76b0fe46417c7c7e5237c3b20c8bac407,2026-07-16,2026-07-19
IN,Schott Gemtron,schott gemtron,,All Other Miscellaneous Manufacturing,339999,source,,,,,,,,,,,,,,n:schott gemtron,Vincennes,2015-02-23,2015-03-24,40,closure,,0,0,1,https://www.in.gov/dwd/warn-notices/current-warn-notices/,de8a6bd3d214af5d0e474691c03b0ca6ef8e12b398270533ada64e79,2ce0cb60c0b5efe5c394843693eecc0be4e8f25a,2026-07-16,2026-07-19
IN,"Forward Air, Inc.",forward air,,Scheduled air freight transportation,481112,source,912728,FWRD,exact,4731,Arrangement of  Transportation of  Freight & Cargo,,,,,,,,automatic,cik:912728,South Bend,2015-03-09,,214,unknown,,0,0,1,https://www.in.gov/dwd/warn-notices/current-warn-notices/,019f3985a47bea00fc3f1c6e5aa943cf2b7f7fce0493df528759bac6,d3f12cb0f931817706466b0ce2a1e034c0b51560,2026-07-16,2026-07-19
IN,Indiana Michigan Power Company,indiana michigan power,,Electric Power Generation,221112,source,50172,,exact,4911,Electric Services,,,,,,,,automatic,cik:50172,Lawrenceburg,2015-03-16,2015-05-31,92,closure,,0,0,1,https://www.in.gov/dwd/warn-notices/current-warn-notices/,e928261eb927a6c1c778d6a282d0254bc93ff6bcced129272568672f,80c6121e4a2224b93ac7c30ab7219af89baa49c4,2026-07-16,2026-07-19
IN,United States Steel Corporation Gary Works Plant,united states steel corporation gary works plant,,Iron and Steel Mills and Ferroalloy Manufacturing,331110,source,,,,,,,,,,,,,,n:united states steel corporation gary works plant,Gary,2015-03-25,,323,closure,,0,0,1,https://www.in.gov/dwd/warn-notices/current-warn-notices/,c293df7df8348bc7fbb2b1eaa16139126c3b081abd30ec9957f8503c,cb63214064020e7f35c10454064f27b1b586f04e,2026-07-16,2026-07-19
IN,JP Morgan & Chase Co. Student Lending Servicing Group,jp morgan chase co student lending servicing group,,Commercial Banking,522110,source,,,,,,,,,,,,,,n:jp morgan chase co student lending servicing group,Indianapolis,2015-03-26,2015-05-25,73,closure,,0,0,1,https://www.in.gov/dwd/warn-notices/current-warn-notices/,dc03fd372811eec6d6074e5b72a81aac148fbbf430cd8504152b00f5,8ea29271f6a2c3bf809018f285a47105e1687fa4,2026-07-16,2026-07-19
IN,Tecomet - Symmetry Medical Manufacturing Inc.,tecomet symmetry medical manufacturing,,Surgical Appliance and Supplies Manufacturing,339113,source,,,,,,,,,,,,,,n:tecomet,Avilla,2015-03-30,2015-12-30,129,closure,,0,0,1,https://www.in.gov/dwd/warn-notices/current-warn-notices/,0f16e00f80120b11ede512ca613e635acdeecadcddae509f57c91a21,acca3034a9ce26ea2696d4c4ae4005a213b78385,2026-07-16,2026-07-19
IN,P.T.O Services Inc.,p t o services,,General freight trucking,484121,source,,,,,,,,,,,,,,n:p t o services,Gary,2015-04-01,2015-05-31,57,unknown,,0,0,1,https://www.in.gov/dwd/warn-notices/current-warn-notices/,ddd34d4471f75c7240698051f6d9a2bc5e0008cab3d1c611bb3401dd,65c775a7f488200e41f190a542cf4c4d41dec3aa,2026-07-16,2026-07-19
IN,Northrop Grumman,northrop grumman,Northrop Grumman Corporation,"Search, Detection, Navigation, Guidance, Aeronautical, and Nautical
        System and Instrument",334511,source,1133421,NOC,exact,3812,"Search, Detection, Navigation, Guidance, Aeronautical Sys",,,,Q329953,cik,,,automatic,qid:Q329953,Edinburg,2015-04-29,2015-06-29,49,unknown,,0,0,1,https://www.in.gov/dwd/warn-notices/current-warn-notices/,4b0d4ffa823a361e21bac180fb5fb029b7ccd5fb2c3da29de0e21a8c,ca1dbeedd441cb97c90da55b0dd3ddc36188b263,2026-07-16,2026-07-19
IN,Pure Power Technologies Metal Castings,pure power technologies metal castings,,All other Motor Vehicle Parts Mfg.,336399,source,,,,,,,,,,,,,,n:pure power technologies metal castings,Indianapolis,2015-04-29,2015-11-01,192,closure,,0,0,1,https://www.in.gov/dwd/warn-notices/current-warn-notices/,19c468628281d4c946c89717366e4578d94074e4776106656e11a04e,8acc6775ec1c5e7edcf2dc63cbfa1800dc3e779a,2026-07-16,2026-07-19
IN,AmeriHealth Caritas Services,amerihealth caritas services,,"Insurance carriers, health, direct",524114,source,,,,,,,,,,,,,,n:amerihealth caritas services,Indianapolis,2015-04-30,2015-07-01,95,unknown,,0,0,1,https://www.in.gov/dwd/warn-notices/current-warn-notices/,0907d7610703dfe64cc095edd6b9b3706bd46515f2b7d43d77f9b5f2,03a8765f5aba068d916a4cd0a39962d2ce3ff361,2026-07-16,2026-07-19
IN,Clondalkin Pharma & Healthcare,clondalkin pharma healthcare,,"Labeling (i.e., packaging) machinery manufacturing",339933,source,,,,,,,,,,,,,,n:clondalkin pharma healthcare,Evansville,2015-05-13,2015-10-31,149,closure,,0,0,1,https://www.in.gov/dwd/warn-notices/current-warn-notices/,3a973aa07715a04ea3112310c87cc78ecf0216fb374d053d9b424ab1,ae1f384be022074e38de21c1920c4d11cdb8cff6,2026-07-16,2026-07-19
IN,Goodwill Industries of Central Indiana,goodwill industries of central indiana,,Vocational rehabilitation agencies,624310,source,,,,,,,,,,,,,,n:goodwill industries of central indiana,Indianapolis,2015-05-20,2015-07-01,67,closure,,0,0,1,https://www.in.gov/dwd/warn-notices/current-warn-notices/,4216f266bb7ccb83ead763147c8a84c7a4893872ab6ff916993694e2,a395ce09b4c7bc95cb50983715a56c8e557e2bbb,2026-07-16,2026-07-19
IN,Silgan Plastics Corporation,silgan plastics,,All other Plastics Products Manufacturing,326199,source,,,,,,,,,,,SILGAN HOLDINGS INC,849869,,n:silgan plastics,Ligonier,2015-06-26,2015-06-29,69,unknown,,0,0,1,https://www.in.gov/dwd/warn-notices/current-warn-notices/,ac73bb8a2fae90ae8c06d348fb932702e110a7ef4341af31da4751af,0e52dd0a3b6f99a1ec32e4b5c1f4584d6fd4bcc6,2026-07-16,2026-07-19
IN,McGraw-Hill Education,mcgraw hill education,McGraw-Hill Education,Educational Testing Evaluation Services,611710,source,,,,,,,,,Q17153156,label,McGraw Hill Book Company,,automatic,qid:Q17153156,Indianapolis,2015-06-30,2015-08-29,107,unknown,,0,0,1,https://www.in.gov/dwd/warn-notices/current-warn-notices/,2f79836a2d342a083215c0854a79050934182d182592dfbd4c40f275,71e7e80b18eb555ff0d0c9b5b7f967e5263d2298,2026-07-16,2026-07-19
IN,Dean Foods Company of Indiana,dean foods company of indiana,,Fluid Milk Manufacturing,311511,source,,,,,,,,,,,,,,n:dean foods company of indiana,Rochester,2015-07-14,2015-10-16,138,closure,,0,0,1,https://www.in.gov/dwd/warn-notices/current-warn-notices/,d49e046f462434c3550f4d5c2151b0ed81c399a110b253e1d9833032,078db9dcbed4a5b777024483f3a4e94d8c4a7acf,2026-07-16,2026-07-19
IN,Stanrail,stanrail,,All other Miscellaneous Fabricated Metal Product Manufacturing,332999,source,,,,,,,,,,,,,,n:stanrail,Gary,2015-07-14,2015-10-31,88,closure,,0,0,1,https://www.in.gov/dwd/warn-notices/current-warn-notices/,0267747c5d43cc7e2b3b0ef557c04e283bc1bc93213297377a2864bd,141278c3b84f6ecbb4a85e4f0c952c96aa35a04a,2026-07-16,2026-07-19
IN,Parker Hannifin Corp.,parker hannifin,Parker Hannifin,"Air-Conditioning and Warm Air Heating Equipment and Commercial and
        Industrial Refrigeration Equipment Manufacturing",333415,source,76334,PH,exact,3490,Miscellaneous Fabricated Metal Products,,,,Q1470619,cik,,,automatic,qid:Q1470619,New Haven,2015-07-22,2016-06-30,150,closure,,0,0,1,https://www.in.gov/dwd/warn-notices/current-warn-notices/,f006abd3b2b4f12ff554ab663ff2d64aff3faa739507b16a230271ad,1253a279594e63d01eb882586ff34e8ab077afae,2026-07-16,2026-07-19
IN,"Pall Filter Specialists, Inc.",pall filter specialists,,All Other Miscellaneous General Purpose Machinery Manufacturing,333999,source,,,,,,,,,,,PALL CORP,75829,,n:pall filter specialists,Michigan City,2015-09-10,2015-11-15,28,closure,,0,0,1,https://www.in.gov/dwd/warn-notices/current-warn-notices/,c814a850bc9a6cc50a0ee825b85521d428a381874ca6d6f56e212a2c,5a347851fd0daac5aebef73875118e06faa30228,2026-07-16,2026-07-19
IN,Holiday Inn,holiday inn,Holiday Inn,Hotels (except Casino Hotels) and Motels,721110,source,,,,,,,,,Q2717882,label,IHG Hotels & Resorts,,automatic,qid:Q2717882,Terre Haute,2015-09-14,2015-11-15,70,closure,,0,0,1,https://www.in.gov/dwd/warn-notices/current-warn-notices/,1629a1693ad22ce1eb514e4dc20c412b1d018e4fc55d4ddbc2e2cf4e,587692f93afc684b9f92bcf4fa1689d2fee6ccbe,2026-07-16,2026-07-19
IN,Triple Crown Services,triple crown services,,Freight Transportation Arrangement,488510,source,,,,,,,,,,,,,,n:triple crown services,Fort Wayne,2015-09-18,2015-11-17,193,unknown,,0,0,1,https://www.in.gov/dwd/warn-notices/current-warn-notices/,7980bbe9035190e2c9ff980665b864b6e036d2f142915c8895c9ddcf,75e1eb17e4f64ab859dee0a84622767161684777,2026-07-16,2026-07-19
IN,Carter Fuel Systems,carter fuel systems,,Other Motor Vehicle Parts Manufacturing,336390,source,,,,,,,,,,,,,,n:carter fuel systems,Logansport,2015-09-23,2015-11-22,111,unknown,,0,0,1,https://www.in.gov/dwd/warn-notices/current-warn-notices/,78840af9427fa7f17b82c10a3d74d7ff746b0999ba8b3872378d2400,9c5d5efbc3d200019092ecd0c464662d992be8c4,2026-07-16,2026-07-19
IN,"C. H. Guenther & Son, Inc.",c h guenther son,,Food Product Manufacturing,333241,source,,,,,,,,,,,,,,n:c h guenther son,Indianapolis,2015-09-24,2015-12-31,62,closure,,0,0,1,https://www.in.gov/dwd/warn-notices/current-warn-notices/,3eb2553da323a28351e0d993553662cae81a87eab301a538f2970dba,c3b9714440b2126102a8b640826eac9ca32987ed,2026-07-16,2026-07-19
IN,Exelis Inc.,exelis,Exelis Inc.,Other Information Communications Technology Services,334210,source,1524471,,exact,3669,"Communications Equipment, NEC",,,,Q15302718,cik,,,automatic,qid:Q15302718,Fort Wayne,2015-09-25,2016-06-30,356,closure,,0,0,1,https://www.in.gov/dwd/warn-notices/current-warn-notices/,71f472ea42584a5febd46549ddc8fc6ee339f2d059ffcc82787095dc,7c196775fdcb637bde946267f76798229d210309,2026-07-16,2026-07-19
IN,ModusLink Global Solutions,moduslink global solutions,Steel Connect,Wireless Communications Equipment Manufacturing,334220,source,914712,,exact,7389,"Services-Business Services, NEC",,,,Q6889843,cik,,,automatic,qid:Q6889843,Bloomington,2015-09-25,2015-12-01,169,closure,,0,0,1,https://www.in.gov/dwd/warn-notices/current-warn-notices/,6568480106cd51c540e5d0d1e17c522dd64ba738dd4ad92ade0930d5,404e3e38c17145f7576997ea5fb742989d290f78,2026-07-16,2026-07-19
IN,"Indiana Marujun, LLC",indiana marujun,,Automobile Parts Manufacturing,336111,source,,,,,,,,,,,,,,n:indiana marujun,Winchester,2015-10-12,2016-11-15,734,closure,,0,0,1,https://www.in.gov/dwd/warn-notices/current-warn-notices/,cb1477b68545832180547a22234690f16a56e934276dc79c99b45f17,863d7f6678819cf3a70b20462916feeca658a7f5,2026-07-16,2026-07-19
IN,Sonoco,sonoco,Sonoco,Packaging Machinery Manufacturing,333993,source,91767,SON,listed-extension,2650,Paperboard Containers & Boxes,,,,Q7562151,label,,,automatic,qid:Q7562151,New Albany,2015-10-16,2016-08-31,76,closure,,0,0,1,https://www.in.gov/dwd/warn-notices/current-warn-notices/,ccd13ef470b3ada1760687dfebb13e96dfcaa17a5e4ba2960a26b33c,2d892536a36e59b026b7a07e1476e8c3907aca56,2026-07-16,2026-07-19
IN,General Mills,general mills,General Mills,Fats and Oils Refining and Blending,311225,source,40704,GIS,exact,2040,Grain Mill Products,,,,Q629998,cik,,,automatic,qid:Q629998,New Albany,2015-10-26,2016-09-01,343,closure,,0,0,1,https://www.in.gov/dwd/warn-notices/current-warn-notices/,e46750e9ff03487748cad8df6f6a8c67e6f7edcb1eb6331b385fde19,efee69f72e0fc7d6112e3043e9c0a972c18a14ec,2026-07-16,2026-07-19
IN,CB&I and Webster Construction,cb i and webster construction,,Industrial Building Construction,236210,source,,,,,,,,,,,,,,n:cb i and webster construction,Rockport,2015-10-27,2015-12-31,160,unknown,,0,0,1,https://www.in.gov/dwd/warn-notices/current-warn-notices/,9091be55e59343282e514ae911ae182d1e6423c8358d901b35ebe62d,1e06dba2aea047249306e297f764b6028879856c,2026-07-16,2026-07-19
IN,UMI LLC & United Minerals Company LLC,umi llc united minerals,,Bituminous Coal Underground Mining,212112,source,,,,,,,,,,,,,,n:umi llc united minerals,Huntingburg,2015-10-28,2015-12-31,138,unknown,,0,0,1,https://www.in.gov/dwd/warn-notices/current-warn-notices/,f1d1328f0ab4ba52ac3dc1bf0ea02793020a551688d3d788d5059690,f5cd787d86e1adc7d36fa5697211dad00f74e315,2026-07-16,2026-07-19
IN,Gibson County Coal,gibson county coal,"Gibson County Coal, LLC",Bituminous Coal Underground Mining,611710,source,,,,,,,,,Q137915490,label,,,automatic,qid:Q137915490,Princeton,2015-11-06,2016-01-06,130,unknown,,0,0,1,https://www.in.gov/dwd/warn-notices/current-warn-notices/,22f2d41435ab25669ce7bfc651c637c091ce607a87bca63181f12003,3d95853b8910382947ed9dfa41f8917494e48120,2026-07-16,2026-07-19
IN,"Trans-Industries, Inc",trans industries,,Automobile Parts Manufacturing,336111,source,99102,,exact:post-era,3990,Miscellaneous Manufacturing Industries,,,,,,,,automatic,cik:99102,Marion,2015-11-24,2015-11-24,7,closure,,0,0,1,https://www.in.gov/dwd/warn-notices/current-warn-notices/,993e78a100d6169cc0981dc171b1cf6f4b4598fa71b283798c45711f,cf340c74e9e675cdba9446a3735f0a8e8e6ae72d,2026-07-16,2026-07-19
IN,Pure Metal Recycling,pure metal recycling,,Metal scrap and waste merchant wholesalers,423930,source,,,,,,,,,,,,,,n:pure metal recycling,South Bend,2015-12-04,2015-12-04,13,closure,,0,0,1,https://www.in.gov/dwd/warn-notices/current-warn-notices/,88a291e5b883536fe62bdd37093e0614f7d51532fc1534b332fa6c41,0238e2d8ae496f544a99019a12b5e30e2dea4bb5,2026-07-16,2026-07-19
IN,Vigo Coal Company,vigo coal,,Bituminous Coal and Lignite Surface Mining,212111,source,,,,,,,,,,,,,,n:vigo coal,"Boonville, Evansville",2016-01-19,2016-03-26,66,unknown,,0,0,1,https://www.in.gov/dwd/warn-notices/current-warn-notices/,1c78060b4d407e0cf0febf80c4f162c4abe5fc09f5e32067c9e28eca,974df7aaa82ba3fa68aac999a1236f3cbb648487,2026-07-16,2026-07-19
IN,GENCO,genco,Genco,General Warehousing and Storage,493110,source,,,,,,,,,Q950479,label,,,automatic,qid:Q950479,Plainfield,2016-01-28,2016-03-31,90,unknown,,0,0,1,https://www.in.gov/dwd/warn-notices/current-warn-notices/,4b78fb381f1d2033a5f3cbee7ac1f9b810995ea0d9776292a686e47c,1acb75c26d143a84c2e2f9c69a1f1f24aa8b5693,2026-07-16,2026-07-19
IN,"ADVANTAGE Health Solutions, Inc",advantage health solutions,,Direct Health and Medical Insurance Carriers,524114,source,,,,,,,,,,,,,,n:advantage health solutions,Indianapolis,2016-01-29,2016-03-31,78,unknown,,0,0,1,https://www.in.gov/dwd/warn-notices/current-warn-notices/,b261b025d9ed036faa37ffe35a6ed7f92d99374feefa0645728b8c5b,4d906ffd95ad3df87e600d0bc2dd5bb4198a8444,2026-07-16,2026-07-19
IN,Southwire Company,southwire,Southwire,All Other Miscellaneous Fabricated Metal Product Manufacturing,332999,source,,,,,,,,549300AB48D8XD09VV45,Q56300392,label,,,automatic,qid:Q56300392,Plainfield,2016-01-29,2016-03-31,50,unknown,,0,0,1,https://www.in.gov/dwd/warn-notices/current-warn-notices/,0ba6a648c518c2ca3e416ea3b2f961b4be468bad0c20dae21f2fbc5a,a2a4e82395ebfe5ba207dae3877bed1c55bc2c7f,2026-07-16,2026-07-19
IN,"Hogan Transport, Inc.",hogan transport,,General freight trucking,484121,source,,,,,,,,,,,,,,n:hogan transport,Indianapolis,2016-02-01,2016-03-24,82,unknown,,0,0,1,https://www.in.gov/dwd/warn-notices/current-warn-notices/,e849bf0749487ad5f0d3b58372a210ea687583bea0b6b2fdafd9674f,ce20a5c9f5397ef4d8898fc2a03fe502f6720c15,2026-07-16,2026-07-19
IN,Silgan Containers,silgan containers,Silgan Containers LLC,Food Product Machinery Manufacturing,333241,source,,,,,,,,549300PLNDDNQ56EXE59,,,SILGAN HOLDINGS INC,849869,automatic,lei:549300PLNDDNQ56EXE59,LaPorte,2016-02-01,2016-04-02,62,closure,,0,0,1,https://www.in.gov/dwd/warn-notices/current-warn-notices/,41f1e80c055ca427f51dba34fd69f159b251b260e600ffe9c2bfd501,3162d7e9343b095536ddd7f594b0f6f64b6f0c50,2026-07-16,2026-07-19
IN,Alcoa Warrick Operations,alcoa warrick operations,,Primary smelting of aluminum,331313,source,,,,,,,,,,,,,,n:alcoa warrick operations,Newburgh,2016-02-05,2016-04-07,600,unknown,,0,0,1,https://www.in.gov/dwd/warn-notices/current-warn-notices/,7f9ba64ea0b09701987339f5c6650ee986957d0c6d87e60011c7a8b4,5d95aa1f0f58ea63d402d5e26a0f82dffba6cf23,2026-07-16,2026-07-19
IN,SpartanNash Company,spartannash,SpartanNash,General Line Grocery Merchant Wholesalers,424410,source,877422,,exact,5141,"Wholesale-Groceries, General Line",,,,Q7573912,cik,,,automatic,qid:Q7573912,Westville,2016-02-11,2016-04-11,76,closure,,0,0,1,https://www.in.gov/dwd/warn-notices/current-warn-notices/,a33cc877ed6fe64b571bdd371c02b401bf9124ce86741be78c20ca0d,4f0cc5b36a42e73f4ed22142f42ae0ff813dffb3,2026-07-16,2026-07-19
IN,"Aramark Educational Services, LLC",aramark educational services,,Cafeteria food services contractors,722310,source,1396757,,exact,,,,,,,,,,automatic,cik:1396757,Terre Haute,2016-03-02,2016-06-01,126,unknown,,0,0,1,https://www.in.gov/dwd/warn-notices/current-warn-notices/,33abba8ee78ed2b2b86d4df2e5e371133032e2c57a74010a55467264,56fcfa30c84747aa897b1d7eb4418ffa88ffcb9c,2026-07-16,2026-07-19
IN,CEC Liberty Hall,cec liberty hall,,Rehabilitation agencies for offenders,624190,source,,,,,,,,,,,,,,n:cec liberty hall,Indianapolis,2016-03-11,2016-05-15,50,unknown,,0,0,1,https://www.in.gov/dwd/warn-notices/current-warn-notices/,6d902c21079dc18ee9cac0274adf282bb5547484d144d12370bb99aa,78212d3a2962f3e8bf126565eee1600ab21b37ac,2026-07-16,2026-07-19
IN,Triad Mining LLC,triad mining,,Bituminous Coal Underground Mining,212112,source,1402584,,exact:post-era,,,,,,,,,,automatic,cik:1402584,Edwardsport,2016-03-24,2016-05-23,75,closure,,0,0,1,https://www.in.gov/dwd/warn-notices/current-warn-notices/,9c981fc16bbe34ae5998bccfe831a28aa2b9996dc4393c53651a4f92,a656f0f7701c39fe423243d2d2e26b9eabcf932d,2026-07-16,2026-07-19
IN,Sensient Flavors,sensient flavors,,Flavoring concentrates (except coffee based) manufacturing,311930,source,,,,,,,,,,,SENSIENT TECHNOLOGIES CORP,310142,,n:sensient flavors,Indianapolis,2016-04-04,2016-12-30,86,closure,,0,0,1,https://www.in.gov/dwd/warn-notices/current-warn-notices/,3816bb65fb1bf232bf421c6340d20a8d295dbbb25932d1ae078095e5,409b20a299d8d76847bc8f501c1bbff247385bc1,2026-07-16,2026-07-19
IN,"Applegate Livestock Equipment, Inc.",applegate livestock equipment,,"Complete Feed, Livestock, Manufacturing",311119,source,,,,,,,,,,,,,,n:applegate livestock equipment,Union City,2016-04-14,2016-07-31,80,closure,,0,0,1,https://www.in.gov/dwd/warn-notices/current-warn-notices/,169b1dc61d9a5b14331e52bed8d418a6198dd2a665a88a873d20b9ba,2347e3a762c7cae348ff0b66f5e28b6d88588f4c,2026-07-16,2026-07-19
IN,"Innovative Building Systems, LLC",innovative building systems,,Custom Home Builders,236115,source,,,,,,,,,,,,,,n:innovative building systems,Decatur,2016-05-03,2016-05-03,88,closure,,0,0,1,https://www.in.gov/dwd/warn-notices/current-warn-notices/,4b82c6729e8f3a733ccd61fd484a39193bdde846f2b6acbb7e1775d3,9ab7e30443f6a5f009cdd2d5fb4080730274b686,2026-07-16,2026-07-19
IN,Diversified Machine Bristol LLC,diversified machine bristol,,Nonferrous Metal Die-Casting Foundries,331523,source,,,,,,,,,,,,,,n:diversified machine bristol,Bristol,2016-05-20,2016-05-23,500,unknown,,0,0,1,https://www.in.gov/dwd/warn-notices/current-warn-notices/,9c22015b5b05244a55722b554e5e0222b3f135dd0fbb954753113231,15836f3e2c4acb28c478ee831ef539854f571b6a,2026-07-16,2026-07-19
IN,Sodexo,sodexo,Sodexo,Food Service Contractors,722310,source,1169715,,exact,8741,Services-Management Services,,,,Q1475554,label,,,automatic,qid:Q1475554,Huntington,2016-05-24,2016-07-05,71,closure,,0,0,1,https://www.in.gov/dwd/warn-notices/current-warn-notices/,3e720b5fc2744c97acbfc34b324dc643c022a2054b8e09d71f3c0172,ecb3d3b6265612482182c02d71e8d56be86dcd08,2026-07-16,2026-07-19
IN,Evergreen Recreational Vehicles,evergreen recreational vehicles,,Motor Home Manufacturing,336213,source,,,,,,,,,,,,,,n:evergreen recreational vehicles,Middlebury,2016-06-14,2016-06-24,270,closure,,0,0,1,https://www.in.gov/dwd/warn-notices/current-warn-notices/,ed0201bf4e5dab13ea025893255ce7d02eab3b8fa77489bac2ee4cc1,602395cf137dd1608bea26c28de9fbb785424fbc,2026-07-16,2026-07-19
IN,Indianapolis Haulage,indianapolis haulage,,"Warehousing and storage, general merchandise",493110,source,,,,,,,,,,,,,,n:indianapolis haulage,Indianapolis & Yorktown,2016-07-15,2016-09-29,51,closure,,0,0,1,https://www.in.gov/dwd/warn-notices/current-warn-notices/,6647fe69f8026640698ec95cc08a7967b53defa1c12455a24bc8ee67,8a2a49889d65e6cf61d59d7a12e05320e345effc,2026-07-16,2026-07-19
IN,Indianapolis Logistics,indianapolis logistics,,"Warehousing and storage, general merchandise",493110,source,,,,,,,,,,,,,,n:indianapolis logistics,Indianapolis & Yorktown,2016-07-15,2016-09-29,135,closure,,0,0,1,https://www.in.gov/dwd/warn-notices/current-warn-notices/,acaec4bf3ad98a2501f6298a7bf539aec474fbbd33bc7f37db4b0c7d,bea6cfb0e383bd5857dd985915d92870774c0457,2026-07-16,2026-07-19
IN,"VT Industries, Inc.",vt industries,,Wood Window and Door Manufacturing,321911,source,,,,,,,,,,,,,,n:vt industries,New Albany,2016-07-25,2016-09-30,120,closure,,0,0,1,https://www.in.gov/dwd/warn-notices/current-warn-notices/,d655f324b5111197efc2b29a9494118e59ad34997cf0182b7a002edc,711b5dca678605ee6f27e2f28a5d538765ccfa8a,2026-07-16,2026-07-19
IN,"TriEpiq Lab Group, LLC",triepiq lab group,,"Biotechnology research and development laboratories or services in
        health sciences",541711,source,,,,,,,,,,,,,,n:triepiq lab group,Out-of-State,2016-07-27,2016-07-28,1,closure,,0,0,1,https://www.in.gov/dwd/warn-notices/current-warn-notices/,0386790a5fabf2927bcc7e85e572eaade61f42c845afbf4a8c25d579,b53d28121f74f6582b223fccf7421753f8d5bf74,2026-07-16,2026-07-19
IN,"Triad Mining, LLC",triad mining,,Bituminous Coal and Lignite Surface Mining,212111,source,1402584,,exact:post-era,,,,,,,,,,automatic,cik:1402584,Oakland City,2016-08-08,2016-10-07,129,unknown,,0,0,1,https://www.in.gov/dwd/warn-notices/current-warn-notices/,0605c2fe381c30ec83a8e2a7fae40e7d281263ed22ca1d8888e895bc,f6073102467907b11d30c411096b63cb4d56848f,2026-07-16,2026-07-19
IN,"Manitowoc Foodservice, Inc.",manitowoc foodservice,,Food service equipment,423440,source,1650962,,exact,3580,Refrigeration & Service Industry Machinery,,,,,,,,automatic,cik:1650962,Sellersburg,2016-08-10,2016-10-11,84,unknown,,0,0,1,https://www.in.gov/dwd/warn-notices/current-warn-notices/,1a9f3f48c1ac672ed34f1f58d4f6b1aa2e2fd8888aefede406689a6e,c5327266a94174d17190d1437cc4464c30971b5b,2026-07-16,2026-07-19
IN,Vertellus Specialties,vertellus specialties,,Chemical Manufacturing,325180,source,,,,,,,,,,,,,,n:vertellus specialties,Indianapolis,2016-08-17,2016-10-17,40,unknown,,0,0,1,https://www.in.gov/dwd/warn-notices/current-warn-notices/,5a91c52217a5d7c9d954220175f63f16a5a962833b24a513e9ba1ab5,9a273c189a0784bb5bc1e159e7c6447565f37129,2026-07-16,2026-07-19
IN,Magnetation,magnetation,,All Other Metal Ore Mining,212299,source,1484705,,exact:post-era,,,,,,,,,,automatic,cik:1484705,Reynolds,2016-08-26,2016-10-25,160,closure,,0,0,1,https://www.in.gov/dwd/warn-notices/current-warn-notices/,b507c03d3543b69ad0678746bfc760d0ba60d6de23bab7faf2525bf2,7de6aa01c6cbad346e057aa42d30c4316ba6b441,2026-07-16,2026-07-19
IN,Stanrail,stanrail,,All Other Miscellaneous Fabricated Metal Product Manufacturing,332999,source,,,,,,,,,,,,,,n:stanrail,Gary,2016-08-26,2016-10-27,103,closure,,0,0,1,https://www.in.gov/dwd/warn-notices/current-warn-notices/,1c3b4f906149c4ea6c3da58c8a97f1f77f91a8b1f8b67b0dcfe11292,856fb6db8c8f19086259223b99d31e7fff09d18d,2026-07-16,2026-07-19
IN,Goshen Coach,goshen coach,,Motor Vehicle Body Manufacturing,336211,source,,,,,,,,,,,"REV Group, Inc.",1687221,,n:goshen coach,Elkhart,2016-08-31,2016-10-31,159,closure,,0,0,1,https://www.in.gov/dwd/warn-notices/current-warn-notices/,2a25752437523b840891c73688308b2679c0c2b85c408ba85245530a,680489a94c9f27a3616d8c5fdfc679aaa35ed940,2026-07-16,2026-07-19
IN,Packers Sanitation Services,packers sanitation services,,Janitorial Services,561720,source,,,,,,,,,,,,,,n:packers sanitation services,Orland,2016-08-31,2016-09-23,28,unknown,,0,0,1,https://www.in.gov/dwd/warn-notices/current-warn-notices/,8864f8577a7a83e1e334f396ff3ddbe5bc71d6eef7a9f4c927931e65,da1ad03272f637a962d227bf2b2d4bdf0884d250,2026-07-16,2026-07-19
IN,CPX Incorporated,cpx,,Molding for plastics manufacturing,333249,source,,,,,,,,,,,,,,n:cpx,Kentland & North Vernon,2016-09-12,2016-09-12,214,closure,,0,0,1,https://www.in.gov/dwd/warn-notices/current-warn-notices/,a6595f32887d27dfd4e2cc6c49cbde7ef562d89bfc004c88f86187cd,f45f93d67aec38efcb4ac47ce6b72bca59e85d32,2026-07-16,2026-07-19
IN,Kmart,kmart,,Discount Department Stores,452112,source,56824,,exact,5331,Retail-Variety Stores,,,,,,,,automatic,cik:56824,Merrillville,2016-09-16,2016-12-11,99,closure,,0,0,1,https://www.in.gov/dwd/warn-notices/current-warn-notices/,146289d65bde5fe21e831d9c7e1354859f3af17ba24ba79c5ed9c435,be84a9d4851e6ad560027d923ec4e747f74ce276,2026-07-16,2026-07-19
IN,"Pharmakon Long Term Care Pharmacy, Inc",pharmakon long term care pharmacy,,Pharmaceutical Preparation Manufacturing,325412,source,,,,,,,,,,,,,,n:pharmakon long term care pharmacy,Noblesville,2016-09-23,2016-09-30,180,unknown,,0,0,1,https://www.in.gov/dwd/warn-notices/current-warn-notices/,d88f76e151914f97219abaa4d1dd9d4902a0fa327468670e8e67ce68,7ae64fe25d8798bbfd5d59de5b80987ba6f581ea,2026-07-16,2026-07-19
IN,"Pharmakon Pharmaceuticals, Inc",pharmakon pharmaceuticals,,Pharmaceutical Preparation Manufacturing,325412,source,,,,,,,,,,,,,,n:pharmakon pharmaceuticals,Noblesville,2016-09-23,2016-09-30,15,unknown,,0,0,1,https://www.in.gov/dwd/warn-notices/current-warn-notices/,680cf117ac3d673eee77fab3bbf9ebf1fd6a0ba3efdae648dc7e70ea,b3e9788148c870adc560961f386f108ad8d42a8e,2026-07-16,2026-07-19
IN,Paoli LLC,paoli,,Office Furniture Manufacturing,337214,source,,,,,,,,,,,,,,n:paoli,Orleans,2016-10-07,2017-10-01,425,closure,,0,0,1,https://www.in.gov/dwd/warn-notices/current-warn-notices/,5e23b1fb594aaa8133db465e3d12146a4d9d1758f3d86abfed7ab540,855a668f29aa1cdcdf9a6f9890f38b9c10d55683,2026-07-16,2026-07-19
IN,Community Westview Hospital,community westview hospital,,"Hospital, general medical and surgical",622110,source,,,,,,,,,,,,,,n:community westview hospital,Indianapolis,2016-10-11,2016-12-31,187,closure,,0,0,1,https://www.in.gov/dwd/warn-notices/current-warn-notices/,f524ce3e89f9d678b880915efb78b2e4c376538399b8257b139d6a4a,0f3b886fa8112f33ef8554a27e2b754b9cf46829,2026-07-16,2026-07-19
IN,SUEZ Water Indiana,suez water indiana,,Water Treatment Plants,221310,source,,,,,,,,,,,,,,n:suez water indiana,Indianapolis,2016-10-20,2016-12-20,179,unknown,,0,0,1,https://www.in.gov/dwd/warn-notices/current-warn-notices/,2bcf46d6334b24e4eba59393f1b42e43a2a3642cd2aeb0f4e0381249,f400045814394b7563680623db7213b7004e6af0,2026-07-16,2026-07-19
IN,Republic Services,republic services,Republic Services,Customer service call center,561442,source,1060391,RSG,exact,4953,Refuse Systems,,,,Q7314415,cik,,,automatic,qid:Q7314415,Morocco,2016-10-26,2016-12-30,70,closure,,0,0,1,https://www.in.gov/dwd/warn-notices/current-warn-notices/,0c130f9cf4b7a54e5e30cced65042e825df275e978947063cd36aca4,21099722981fad1f2bd9ee4c6f1dedc8b2e0a7c2,2026-07-16,2026-07-19
IN,PrimeSource Health Care Systems,primesource health care systems,,Offices of All Other Miscellaneous Health Practitioners,621399,source,,,,,,,,,,,,,,n:primesource health care systems,Out of State,2016-10-31,2016-12-31,43,closure,,0,0,1,https://www.in.gov/dwd/warn-notices/current-warn-notices/,ae56a217a3710dff662962a44b593d57801984298c103da4f110f162,609215cafee5bec6ac22118aa6d2459ad66da2fe,2026-07-16,2026-07-19
IN,VMS BioMarketing,vms biomarketing,,Marketing consulting services,541613,source,,,,,,,,,,,,,,n:vms biomarketing,Out of State,2016-11-02,2017-01-03,1,unknown,,0,0,1,https://www.in.gov/dwd/warn-notices/current-warn-notices/,e8a0b850d913c0f9c10164421026a9bd3310b3d6115e143dc922317c,722c5ecdc8edf827c25770eea4f29817381808b0,2026-07-16,2026-07-19
IN,Select Medical Corporation - Select Speciality Hospital,select medical corporation select speciality hospital,,Offices of Physicians,621111,source,1035688,,exact:base,8093,"Services-Specialty Outpatient Facilities, NEC",,,,,,,,automatic,cik:1035688,Fort Wayne,2016-11-08,2017-01-06,103,closure,,0,0,1,https://www.in.gov/dwd/warn-notices/current-warn-notices/,e1a6d9f0a71105fc5624f18c1f64f0f03d74484a237451ff9a243c9c,f02d3775a188d7a30ff60e268238b60a85c7babb,2026-07-16,2026-07-19
IN,Express Group Holdings,express group holdings,,Industrial Design Services,541420,source,,,,,,,,,,,,,,n:express group holdings,Michigan City,2016-11-09,2016-11-07,5,closure,,0,0,1,https://www.in.gov/dwd/warn-notices/current-warn-notices/,920d25b2ef25fb6a1bdd3eb84247f4ea1a16a53252932fdc0ae72096,3c8ec80ea6dda707272651ac838b950af8084537,2026-07-16,2026-07-19
IN,TRW Automotive U. S. LLC,trw automotive u s,,"Motor Vehicle Steering and Suspension Components (except Spring)
        Manufacturing",336330,source,,,,,,,,,,,,,,n:trw automotive u s,Michigan City,2016-11-16,2017-01-15,65,unknown,,0,0,1,https://www.in.gov/dwd/warn-notices/current-warn-notices/,3b9951c47337674339a9a44e5f4d0331d694f8a3a79755a9dc8e17fc,d1f924cf3ff05b409ef78bfd33d9e67c73c3af25,2026-07-16,2026-07-19
IN,Saint Meinrad Archabbey,saint meinrad archabbey,,Theological Seminary,611310,source,,,,,,,,,,,,,,n:saint meinrad archabbey,Saint Meinrad,2016-12-02,2017-06-30,76,unknown,,0,0,1,https://www.in.gov/dwd/warn-notices/current-warn-notices/,fb7c4faed0ed2e3259d78f9498d6e37a180ef0a925463785ca1cedb8,6283c22de93a670d647d58100a233241ed06515c,2026-07-16,2026-07-19
IN,Rexnord Industries,rexnord industries,,Ball and Roller Bearing Manufacturing,332991,source,1213357,,exact,3560,General Industrial Machinery & Equipment,,,,,,,,automatic,cik:1213357,Indianapolis,2016-12-15,2017-06-01,350,closure,,0,0,1,https://www.in.gov/dwd/warn-notices/current-warn-notices/,0159e1d9210ba1371cc3b3065d37481ad10b6dd046e331302d69b219,7ad5a41a924ca2be00231f37939bc09bf62e7ec1,2026-07-16,2026-07-19
IN,CHEP Recycled Pallet Solutions,chep recycled pallet solutions,,"Pallet parts, wood, manufacturing",321920,source,,,,,,,,,,,,,,n:chep recycled pallet solutions,Indianapolis,2016-12-27,2017-02-05,165,unknown,,0,0,1,https://www.in.gov/dwd/warn-notices/current-warn-notices/,7d9a827ead9bda5f5bbc79ce542e1aebb3c244fcd83c5a9547ec8457,74547699a5c6618bb8d8e6e27032cdf4b3bd9848,2026-07-16,2026-07-19
IN,United Technologies Electronic Controls,united technologies electronic controls,United technologies electronic controls,"Automatic Environmental Control Manufacturing for Residential,
        Commercial, and Appliance Use",334512,source,,,,,,,,,Q22675082,label,United Technologies Corporation,,automatic,qid:Q22675082,Huntington,2017-01-05,2017-03-08,738,unknown,,0,0,1,https://www.in.gov/dwd/warn-notices/current-warn-notices/,bf7aaec457b204e7d3046da2a820553fbacf00e1d061e6a614ef418e,126434fa99c02c2e29b527717803768901cf233b,2026-07-16,2026-07-19
IN,Eli Lilly and Company,eli lilly,Eli Lilly and Company,Pharmaceutical Preparation Manufacturing,325412,source,59478,LLY,exact,2834,Pharmaceutical Preparations,,,,Q632240,cik,,,automatic,qid:Q632240,Nationwide,2017-01-06,2017-03-31,75,unknown,,0,0,1,https://www.in.gov/dwd/warn-notices/current-warn-notices/,82970b7e5e983408bae5276a98ce6a82847003ed6f30db16bf5ae084,d0485e38a644ba6f31dc965f81f37ff39379b150,2026-07-16,2026-07-19
IN,PendaForm/Fabriform,pendaform fabriform,,All Other Plastics Product Manufacturing,326199,source,,,,,,,,,,,,,,n:pendaform fabriform,Bluffton,2017-01-24,2017-03-25,75,unknown,,0,0,1,https://www.in.gov/dwd/warn-notices/current-warn-notices/,6b580498b8beb4efb77eba9648341ffbf97c6c229198e61fa10f5b29,e1fc16898fb25016b41bbecdaf7c6c56c693ebda,2026-07-16,2026-07-19
IN,Gannett Publishing Services,gannett publishing services,,Newspaper Publishers,511110,source,,,,,,,,,,,,,,n:gannett publishing services,Evansville,2017-01-25,2017-03-27,48,closure,,0,0,1,https://www.in.gov/dwd/warn-notices/current-warn-notices/,8cb974d7aaa3a753a2086712dcd44ad7a271a2964b25e5d215de4537,65fe7ab6260e23ca56b46704204595462051f27e,2026-07-16,2026-07-19
IN,Briarwood Health and Rehabilitation/u>,briarwood health and rehabilitation u,,Physical Rehabilitation,622310,source,,,,,,,,,,,,,,n:briarwood health and rehabilitation u,Indianapolis,2017-02-01,2017-04-01,87,closure,,0,0,1,https://www.in.gov/dwd/warn-notices/current-warn-notices/,744e1743db4cc63f2f0d7794e2c562f1aee73f23f3f37840942cc984,8c99deb47eccc08d3716b3dc423497cf377c3528,2026-07-16,2026-07-19
IN,Harman International Industries,harman international industries,,Audio and Video Equipment Manufacturing,334310,source,800459,,exact,3651,Household Audio & Video Equipment,,,,,,,,automatic,cik:800459,Elkhart,2017-02-01,2017-04-05,105,unknown,,0,0,1,https://www.in.gov/dwd/warn-notices/current-warn-notices/,412e873a043bb3e16fcf9799eb0e4bb05c494152503fd97fb4be106d,36500f5f22a6b424c6685475b234a1bb0ec4c74b,2026-07-16,2026-07-19
IN,CB&I Services,cb i services,,Coke oven products make in iron and steel mills,331110,source,,,,,,,,,,,,,,n:cb i services,East Chicago,2017-02-09,2017-03-06,149,unknown,,0,0,1,https://www.in.gov/dwd/warn-notices/current-warn-notices/,3ee53fef4378067416adec49d6972a83655f521e95e308884c1fe1c6,f03851f298a8aefad38a7d2a4f79e62453dfdfe6,2026-07-16,2026-07-19
IN,Saint Joseph's College,saint joseph s college,,Private College,611310,source,,,,,,,,,,,,,,n:saint joseph s college,Rensselaer,2017-02-14,2017-04-17,395,closure,,0,0,1,https://www.in.gov/dwd/warn-notices/current-warn-notices/,cddb664d0fce7f8b4099cde31f86844719e4052fcb1f7dfcedcef00a,3ec3696c7512831e8c52e15a0c969be5171e1740,2026-07-16,2026-07-19
IN,MDwise,mdwise,MDWISE INC,Health Insurance carriers,524114,source,,,,,,351931354,,,,,,,automatic,ein:351931354,Indianapolis,2017-02-16,2017-04-17,80,unknown,,0,0,1,https://www.in.gov/dwd/warn-notices/current-warn-notices/,f88238ad0d42ecf607711ecb59540e7437b2659aeb6cc0d8648b3f6b,99090b632cdb51ae3484489abd8e2fdd4ecb5ad5,2026-07-16,2026-07-19
IN,Corizon Health,corizon health,Correctional Medical Services,Facility support services on contract basis,561210,source,,,,,,,,,Q5172791,label,,,automatic,qid:Q5172791,Statewide,2017-02-23,2017-03-31,699,unknown,,0,0,1,https://www.in.gov/dwd/warn-notices/current-warn-notices/,0df0fee2df25c276e00aba929d0c741a1475c677a9c0c108355dabcc,dff03dab2140b9ad66003c1c70b857425f249c26,2026-07-16,2026-07-19
IN,Strack & Van Til,strack van til,,Grocery Stores,445110,source,,,,,,,,,,,,,,n:strack van til,Merrillville,2017-03-01,2017-04-30,81,closure,,0,0,1,https://www.in.gov/dwd/warn-notices/current-warn-notices/,44d6b503bcf1b8adc27fdac2ecda9e702c2c325cbee3dd23ccc9848f,f860cfc83f2157acab67f606982bc203a46eded3,2026-07-16,2026-07-19
IN,Schneider Electric,schneider electric,,Switchgear and Switchboard Apparatus Manufacturing,335313,source,,,,,,,,,,,,,,n:schneider electric,Peru,2017-03-08,2017-05-08,73,unknown,,0,0,1,https://www.in.gov/dwd/warn-notices/current-warn-notices/,4ac3a7f0b590debdd51b0ff76b37e9b24826a716c9b689e17bb775f8,6c0c8e8249f70f060fd854ccfd1d3e241506c74d,2026-07-16,2026-07-19
IN,Saran,saran,,"Billet mill machinery, metalworking, manufacturing",333519,source,,,,,,,,,,,,,,n:saran,Indianapolis,2017-03-10,2017-06-30,110,closure,,0,0,1,https://www.in.gov/dwd/warn-notices/current-warn-notices/,f71d80fb1ab10c31b17d07b80959ee511a95fa78717b04a5598dec28,2781a41d4ab4a8e7bd5a0d70852263f4f091a6db,2026-07-16,2026-07-19
IN,"Gordmans, Inc.",gordmans,,Apparel Accessory Stores,448150,source,1490636,,suffix,5600,Retail-Apparel & Accessory Stores,,,,,,,,automatic,cik:1490636,Clayton,2017-03-13,2017-05-12,139,closure,,0,0,1,https://www.in.gov/dwd/warn-notices/current-warn-notices/,67aaafc546ffda1ed0fad3c826c54e50b9ce3bb3c3d2b58b8f69439c,182081d9f177d95d8725ae9dc14fcf415c06c28b,2026-07-16,2026-07-19
IN,Pretium Packaging,pretium packaging,"Pretium Packaging, L.L.C.","Flexible packaging, plastics film, manufacturing",326112,source,,,,,,,,549300SPG0HN0BVQB017,,,,,automatic,lei:549300SPG0HN0BVQB017,Seymour,2017-03-29,2017-05-29,55,closure,,0,0,1,https://www.in.gov/dwd/warn-notices/current-warn-notices/,3bd33b2acdcac5f87613e5c7a75934ca668b906ab15b59d81edb60dd,5e8abc77d4818b11ea95a796ba067be8103331d6,2026-07-16,2026-07-19
IN,Dollar Express,dollar express,,Dollar Stores,452319,source,1100731,,exact:post-era,5900,Retail-Miscellaneous Retail,,,,,,,,automatic,cik:1100731,"Gary, Fort Wayne & Indianapolis",2017-03-30,2017-06-30,38,closure,,0,0,1,https://www.in.gov/dwd/warn-notices/current-warn-notices/,cfb714e8bd67086e9827755abed171a32e1e5e6742c09d34c0102ce1,93e8924eb0ae2b67eeb3a567557cb5b80cc6dff4,2026-07-16,2026-07-19
IN,St. Vincent Frankfort Hospital,st vincent frankfort hospital,,"Hospitals, general medical and surgical",622110,source,,,,,,,,,,,,,,n:st vincent frankfort hospital,Frankfort,2017-03-31,2017-05-31,124,closure,,0,0,1,https://www.in.gov/dwd/warn-notices/current-warn-notices/,0dd00e0351886d9f108416d7bcd6161024dce39561f9b780aafbe38c,55ea6a121b5b0ea701cc0b0ab92d4826bdd8a4ad,2026-07-16,2026-07-19
IN,hhgregg,hhgregg,Hhgregg,Appliance stores,443141,source,1396279,,exact,5731,"Retail-Radio, Tv & Consumer Electronics Stores",,,,Q5750102,cik,,,automatic,qid:Q5750102,Indianapolis,2017-04-07,2017-05-31,268,closure,,0,0,1,https://www.in.gov/dwd/warn-notices/current-warn-notices/,6959899cb54acbe066699dd6369ac4bd1ed5397c66dfb9de775356a0,5f219830b0850c4ead9c7b741910b66bc6e722a1,2026-07-16,2026-07-19
IN,Cooper-Standard Automotive,cooper standard automotive,,Automotive parts manufacturing,336310,source,1320459,,exact:post-era,3714,Motor Vehicle Parts & Accessories,,,,,,,,automatic,cik:1320459,Plymouth,2017-04-17,2017-06-21,161,closure,,0,0,1,https://www.in.gov/dwd/warn-notices/current-warn-notices/,ce979ea9fbfaf504eea86a5b4bec668a3f079562a1174eb8dfec47dc,ee0a0a5512a9d4b22deba02cdd6eae03f2258824,2026-07-16,2026-07-19
IN,Ultra Foods,ultra foods,,Grocery stores,445110,source,,,,,,,,,,,,,,n:ultra foods,"Gary, Merrillville",2017-04-18,2017-06-17,174,closure,,0,0,1,https://www.in.gov/dwd/warn-notices/current-warn-notices/,97ef2c749f7c492a8e83e5e3c5853a0f337b2b3dc918421c08eb19ae,f48be7e3ca53b0e54cd725ad907447e10483a457,2026-07-16,2026-07-19
IN,Covance,covance,,Medical research laboratories,541715,source,1023131,,exact,8731,Services-Commercial Physical & Biological Research,,,,,,,,automatic,cik:1023131,Evansville,2017-04-24,2017-07-24,101,closure,,0,0,1,https://www.in.gov/dwd/warn-notices/current-warn-notices/,e2286a7a382bf322b9ef0b87b880d01b41c9af896cdf2af02c5976d8,fc8e41f96f7c00e69c7ffb5e2e3a245dffc931c1,2026-07-16,2026-07-19
IN,Haan Crafts,haan crafts,,General merchandise,423990,source,,,,,,,,,,,,,,n:haan crafts,Otterbein,2017-04-24,2017-06-30,27,closure,,0,0,1,https://www.in.gov/dwd/warn-notices/current-warn-notices/,773821256392764d3bd06b4ed19dc976342509e1b3685515d0ca89db,198cb2c992157e4d80b2ef150f6633ccf930ffef,2026-07-16,2026-07-19
IN,STARTEK,startek,,Business Management Consultant Services,541611,source,1031029,,exact,7363,Services-Help Supply Services,,,,,,,,automatic,cik:1031029,Tell City,2017-04-24,2017-06-16,207,unknown,,0,0,1,https://www.in.gov/dwd/warn-notices/current-warn-notices/,c4b3d96e55b7c06c0d6e13dee5dea753abfe270e4e4fd9ac9191954e,d82126d593a6fbc4c48e47188d638e260ff28913,2026-07-16,2026-07-19
IN,Marsh Supermarket,marsh supermarket,,Grocery Stores,445110,source,1045319,,exact:post-era,,,,,,,,,,automatic,cik:1045319,Statewide,2017-05-04,2017-07-04,1535,closure,,0,0,1,https://www.in.gov/dwd/warn-notices/current-warn-notices/,929944053772ebc8fb03192db7d5033325b60a4e7d44ea0456a01a5e,3fafac2fef80cd40a22f13a793b194780ff94733,2026-07-16,2026-07-19
IN,Carrier,carrier,Carrier Corporation,"Automatic Environmental Control Manufacturing for Residential,
        Commercial, and Appliance Use",334512,source,1783180,CARR,listed-extension,3585,Air-Cond & Warm Air Heatg Equip & Comm & Indl Refrig Equip,,,,Q731912,cik,United Technologies Corporation,,automatic,qid:Q731912,Indianapolis,2017-05-19,2017-12-30,632,unknown,,0,0,1,https://www.in.gov/dwd/warn-notices/current-warn-notices/,84be6b8acf1def9a7b11eb73b6690db4022ebd991e2e38f8549536ea,e8d118ebaa60335b1ad944a45eea2e592c74991b,2026-07-16,2026-07-19
IN,Mark Line Industries,mark line industries,,"Modular Duplex (i.e., side-by-side) construction general contractors",236115,source,,,,,,,,,,,,,,n:mark line industries,Bristol,2017-05-22,2017-05-22,73,closure,,0,0,1,https://www.in.gov/dwd/warn-notices/current-warn-notices/,15fbd50b7f528519d62f843a085e936a552d3d60c02bbd6ac04752d9,1142597d714710d499168823df7555dfc128d49f,2026-07-16,2026-07-19
IN,Buckhorn Inc,buckhorn,,"Plastics (i.e., containers), manufacturing",326199,source,1715850,,exact,,,,,,,,,,automatic,cik:1715850,Bluffton,2017-05-26,2017-08-31,86,closure,,0,0,1,https://www.in.gov/dwd/warn-notices/current-warn-notices/,1dc886bcd57e688f835422614168f800714c90bdb81539fc50e07ccd,ec690cfbb69b6de1108ad51193e5c1c204f11667,2026-07-16,2026-07-19
IN,Continental Structural Plastics,continental structural plastics,,Composite plastics manufacturing,322219,source,,,,,,,,,,,,,,n:continental structural plastics,Huntington,2017-05-26,2017-07-31,164,mass_layoff,,0,0,1,https://www.in.gov/dwd/warn-notices/current-warn-notices/,2e0585aa42b701f8bd02a4640b370549febd91a9ebae7091766837e3,4eef99af58e7fa157d600144c1e6837a5e1c4ad1,2026-07-16,2026-07-19
IN,St. Vincent Health,st vincent health,,Medical Office Management Services,561110,source,,,,,,,,,,,TENET HEALTHCARE CORP,70318,,n:st vincent health,"Anderson, Evansville, Indianapolis, Kokomo, Salem",2017-05-31,2017-08-31,111,closure,,0,0,1,https://www.in.gov/dwd/warn-notices/current-warn-notices/,747493d63302872c359a27a7ee94e5af3b110ebbacd8874bcfb400e4,5e098d6bb14a7909c3f40a008949cfd20e13c380,2026-07-16,2026-07-19
IN,Cintas Corporation,cintas,Cintas,Industrial Launderers,812332,source,723254,CTAS,exact,2320,"Men's & Boys' Furnishgs, Work Clothg, & Allied Garments",,,,Q1092571,cik,,,automatic,qid:Q1092571,Indianapolis,2017-06-01,2017-07-31,69,closure,,0,0,1,https://www.in.gov/dwd/warn-notices/current-warn-notices/,e89bda0d6cda5ae32786dd4db4c8549dec4cc02c6e157f09d64e4573,90e5bb369e207c6b9fe9ae7477987df9d2eb707b,2026-07-16,2026-07-19
IN,White's Residential and Family Services,white s residential and family services,,Family Social Services Agency,624190,source,,,,,,,,,,,,,,n:white s residential and family services,Wheatfield,2017-06-01,2017-08-31,68,closure,,0,0,1,https://www.in.gov/dwd/warn-notices/current-warn-notices/,376f991952086ec4904a9573aa1b2fed5684e57f7332dcbd8cce33fb,2a58661f6edc65bcc0353e33dcaace3e11d2c74b,2026-07-16,2026-07-19
IN,Kellogg Company,kellogg,Kellanova,Snack Food Manufacturing,311919,source,55067,,exact,2040,Grain Mill Products,,,,Q856897,cik,,,automatic,qid:Q856897,Terre Haute,2017-06-13,2017-08-13,92,closure,,0,0,1,https://www.in.gov/dwd/warn-notices/current-warn-notices/,ee0890ad7a23d8a0e54c387f0a5612af33503fbb9437439075eae7c8,64a509fd6200d5ec7af894a336fb6d198a50ca17,2026-07-16,2026-07-19
IN,Carter Fuel Systems,carter fuel systems,,Manufacturing,325412,source,,,,,,,,,,,,,,n:carter fuel systems,Logansport,2017-06-26,2017-08-21,82,unknown,,0,0,1,https://www.in.gov/dwd/warn-notices/current-warn-notices/,5a7ed35ebb71bac5a1595f08cef66375927b1201029e0da209d4a63b,d6a9baa2c5a2c1c65ee1c5750b8ebe2f710010ad,2026-07-16,2026-07-19
IN,Tokusen USA Inc,tokusen usa,,Metal Manufacturing,332312,source,,,,,,,,,,,,,,n:tokusen usa,Scottsburg,2017-07-13,2017-09-15,62,unknown,,0,0,1,https://www.in.gov/dwd/warn-notices/current-warn-notices/,bb63de474c697092a601523008a24f41bbcd7ad82bff414f892af857,492cce300f936bfa59130c1bece6299220c8bb8c,2026-07-16,2026-07-19
IN,Ultra Foods,ultra foods,,Grocery Stores,445110,source,,,,,,,,,,,,,,n:ultra foods,Highland,2017-07-18,2017-09-15,139,closure,,0,0,1,https://www.in.gov/dwd/warn-notices/current-warn-notices/,34092ef7340cda4d2c2551dadccceb1383938e2033afc4102abe09fd,f61beaaa859ded3ffc6a43f223777b38105ee8a9,2026-07-16,2026-07-19
IN,ResCare,rescare,,Employment Services,561311,source,,,,,,,,,,,,,,n:rescare,Statewide,2017-07-24,2017-09-30,169,unknown,,0,0,1,https://www.in.gov/dwd/warn-notices/current-warn-notices/,a9ab19b5c04f765c65ee6a5f067dccb18268694482bc9e6ef0c70183,7d6b498cf729d8b9c0ec64b3532bcc4734e0cd7d,2026-07-16,2026-07-19
IN,AM General,am general,AM General,Motor and Generator Manufacturing,335312,source,946642,,exact:post-era,3790,Miscellaneous Transportation Equipment,,,,Q295481,label,,,automatic,qid:Q295481,Mishawaka,2017-07-28,2017-10-31,435,unknown,,0,0,1,https://www.in.gov/dwd/warn-notices/current-warn-notices/,e65756084bea562fdca8c782b1f462638e2a57c5210e79f43b1038c6,a86198ad0e92c4427a36bb75d044415c3abed7e1,2026-07-16,2026-07-19
IN,"Deufol Sunman, Inc",deufol sunman,,Packaging Services,561910,employer,,,,,,,,,,,,,,n:deufol sunman,Sunman,2017-07-31,2017-09-30,243,unknown,,0,0,1,https://www.in.gov/dwd/warn-notices/current-warn-notices/,d1455aa56b6bd312c6fb5d8bc8086f9563a0dfd65562ce34273c3f91,ab80f7b57595ee4e6d1c26f268f19b935375ad5c,2026-07-16,2026-07-19
IN,Five Seasons Family Sports Club,five seasons family sports club,,"Sports club facilities, physical fitness",713940,source,,,,,,,,,,,,,,n:five seasons family sports club,Indianapolis,2017-08-01,2017-09-30,84,closure,,0,0,1,https://www.in.gov/dwd/warn-notices/current-warn-notices/,c1d694cbd7695da273e7f8c0461e23594c5201f752315ada02503c75,def0f9583ce8a51bb372c412c670905fed3934d8,2026-07-16,2026-07-19
IN,"Bay Valley Foods LLC, Tree House Foods Occupations Affected",bay valley foods llc tree house foods occupations affected,,Leading provider of shelf stable foods,311991,source,,,,,,,,,,,,,,n:bay valley foods llc tree house foods occupations affected,Plymouth,2017-08-31,2017-10-30,,closure,,0,0,1,https://www.in.gov/dwd/warn-notices/current-warn-notices/,7c242616c8fe10082bdfac3448abc854a8ad989671ab5721b2ade5f3,0b78190929dbb6900bde4d77f7e89a65c5c6ec16,2026-07-16,2026-07-19
IN,Prompt Ambulance Services,prompt ambulance services,,Ambulance Services,621910,source,,,,,,,,,,,,,,n:prompt ambulance services,Lake Counties,2017-08-31,2017-10-29,140,closure,,0,0,1,https://www.in.gov/dwd/warn-notices/current-warn-notices/,d493444bcdf6c0a585c01de3e37abf7eccc5e28988d5d031dbc38862,fcb279a3139a2261bb641f0fdfcee1e5b98fb9de,2026-07-16,2026-07-19
IN,Kindred Hospital,kindred hospital,,Nursing care facilities,623110,source,,,,,,,,,,,"KINDRED HEALTHCARE, INC",1060009,,n:kindred hospital,Greenwood,2017-09-08,2017-11-07,86,unknown,,0,0,1,https://www.in.gov/dwd/warn-notices/current-warn-notices/,54f9c22491ba4a9d4f62c6cbf44f90da54842de7258dc000f7310901,73ba705c600b1422384809d5ec206d17f6014cf4,2026-07-16,2026-07-19
IN,Veolia North America,veolia north america,,Environmental Services,541380,source,,,,,,,,,,,,,,n:veolia north america,Indianapolis,2017-09-08,2018-07-31,70,closure,,0,0,1,https://www.in.gov/dwd/warn-notices/current-warn-notices/,93302b61db00d1d8c5df4e36ced011440a400e12716e634acc0af14f,031be3fcb28c2647da3c430c5d784c9402591ad1,2026-07-16,2026-07-19
IN,Del Monte Foods,del monte foods,Del Monte Foods,Fruit and vegetable canning,311421,source,866873,,exact:post-era,2033,"Canned, Fruits, Veg, Preserves, Jams & Jellies",,,,Q1183805,label,,,automatic,qid:Q1183805,Plymouth,2017-09-12,2018-02-01,107,closure,,0,0,1,https://www.in.gov/dwd/warn-notices/current-warn-notices/,2cdc3a20d40e628b6adb5cd987dabd8efea58c8deac743d25d84cf62,856ef86f2b6e9131e2835ebccdcf9f3f3fc6c94e,2026-07-16,2026-07-19
IN,Vance & Hines Performance,vance hines performance,,"Motorcycle, Bicycle, and Parts Manufacturing",336991,source,,,,,,,,,,,,,,n:vance hines performance,Brownsburg,2017-09-19,2017-12-31,70,unknown,,0,0,1,https://www.in.gov/dwd/warn-notices/current-warn-notices/,6e2971f7fb35d7058a29c28e15d90f1572810756efcceb77625d3826,e1f50f6867418d8f49dfa1ea1ee1e14f4c8eb4d3,2026-07-16,2026-07-19
IN,Harman International Industries,harman international industries,,Audio and Video Equipment Manufacturing,334310,source,800459,,exact,3651,Household Audio & Video Equipment,,,,,,,,automatic,cik:800459,Elkhart,2017-10-16,2017-12-21,88,closure,,0,0,1,https://www.in.gov/dwd/warn-notices/current-warn-notices/,89806d2ddcef6218a66188d256e154f2a303b6765cf037d15044d3e9,7c46090a58a6fb5d5b470d3eba26912959b0b568,2026-07-16,2026-07-19
IN,Technicolor,technicolor,,Audio and Video Equipment Manufacturing,334310,source,1080259,,exact,3651,Household Audio & Video Equipment,,,,,,,,automatic,cik:1080259,Indianapolis,2017-10-18,2017-12-17,95,unknown,,0,0,1,https://www.in.gov/dwd/warn-notices/current-warn-notices/,5df219395b6c037bc76dd8edefc67f8f9a385e90d7b4f1d59bb96a2d,e23268cb85f1adb8a3c51d7e3007db9d13d73f0f,2026-07-16,2026-07-19
IN,Ascensia Diabetes Care,ascensia diabetes care,,Medical Equipment and Supply,423450,source,,,,,,,,,,,,,,n:ascensia diabetes care,Mishawaka,2017-10-25,2017-12-29,113,closure,,0,0,1,https://www.in.gov/dwd/warn-notices/current-warn-notices/,28489f56213250b4536ad42eee3bd70e27424313058db6580400ad60,e7432e8928cd4c7057a608bac0937ea8089b8fa9,2026-07-16,2026-07-19
IN,Carlisle Fluid Technologies,carlisle fluid technologies,,Other Industrial Machinery Manufacturing,333249,source,,,,,,,,,,,,,,n:carlisle fluid technologies,Angola,2017-10-30,2017-12-31,31,closure,,0,0,1,https://www.in.gov/dwd/warn-notices/current-warn-notices/,0bc35d2a7779a17311443de0ae9afa6d31c8ae542094268c6292fa4f,6fd1d9b2ba89f33a32400984e8812d970f813a41,2026-07-16,2026-07-19
IN,Jeffboat,jeffboat,,Ship Building and Repairing,336611,source,1068087,,exact:post-era,,,,,,,,,,automatic,cik:1068087,Jeffersonville,2017-11-01,2018-01-01,278,unknown,,0,0,1,https://www.in.gov/dwd/warn-notices/current-warn-notices/,bd019c655cedb332f4bfd557f606f8e2d8318782eddfb576ee428616,baf102cbbf5d1c579f40542fe20b7cda0ffa7768,2026-07-16,2026-07-19
IN,Parker Hannifin Corporation,parker hannifin,Parker Hannifin,"Gasket, Packing and Sealing Device Manufacturer",339991,source,76334,PH,exact,3490,Miscellaneous Fabricated Metal Products,,,,Q1470619,cik,,,automatic,qid:Q1470619,Tell City,2017-11-02,2018-09-30,61,closure,,0,0,1,https://www.in.gov/dwd/warn-notices/current-warn-notices/,d06c071aaa6b32adabea343a90836b0d084a5db97716abf191c316d5,c65d697664f06dd806281b8e1ea8ffef7b129561,2026-07-16,2026-07-19
IN,"Prysm, Inc.",prysm,,"Computer software analysis and design services, custom",541511,source,,,,,,,,,,,,,,n:prysm,Carmel,2017-11-22,2018-01-21,61,closure,,0,0,1,https://www.in.gov/dwd/warn-notices/current-warn-notices/,e8d620526dc1c05893a87aeec5783fd794a0cf5936727af0bb8e49d3,07605c6e0458fa864aade4afd558101ab524c6c4,2026-07-16,2026-07-19
IN,Tridien Medical,tridien medical,,Medical Manufacturing,334510,source,,,,,,,,,,,,,,n:tridien medical,Fishers,2017-12-04,2018-09-30,69,closure,,0,0,1,https://www.in.gov/dwd/warn-notices/current-warn-notices/,febaeb7827b240ccdefcbe351a37a25c44803b73bf0d370179e52bab,3f4230cf5cd3af5a3d3cec9581ab4a142c89eaf1,2026-07-16,2026-07-19
IN,White Lodging,white lodging,,Hotel Management Services,721110,source,,,,,,,,,,,,,,n:white lodging,Merrillville,2017-12-06,2018-04-01,50,closure,,0,0,1,https://www.in.gov/dwd/warn-notices/current-warn-notices/,a1a3b3eb5e565939dec9c04681356bd8c651a85dbd1d981ed2d5f708,3857e9461c26ad61127162eaccf8ac4bfcf89bd9,2026-07-16,2026-07-19
IN,Care Ambulance,care ambulance,,"Ambulance services, air or ground",621910,source,,,,,,,,,,,,,,n:care ambulance,Indianapolis,2017-12-08,2018-02-02,82,closure,,0,0,1,https://www.in.gov/dwd/warn-notices/current-warn-notices/,93e239b6eae6f16572187ca5b8c7bbff28b626901c0df3aae8ca7a21,b0d133ac2506500cf638d55054baa5619d12d0c1,2026-07-16,2026-07-19
IN,Janesville Acoustics,janesville acoustics,,Motor vehicle parts and accessories,423120,source,,,,,,,,,,,,,,n:janesville acoustics,Richmond,2017-12-14,2018-08-01,67,closure,,0,0,1,https://www.in.gov/dwd/warn-notices/current-warn-notices/,401c481abd97540cc6ae19c61416716ce5b5602eabf59d7ce26d649f,4eb912a7b62c7f18da41239c16fd9e1993493da8,2026-07-16,2026-07-19
IN,Kmart,kmart,,Discount Department Stores,452112,source,56824,,exact,5331,Retail-Variety Stores,,,,,,,,automatic,cik:56824,Indianapolis,2018-01-04,2018-04-08,44,closure,,0,0,1,https://www.in.gov/dwd/warn-notices/current-warn-notices/,cbe98857ac2968975d7f3653f7b0265bd49c23bf89e948a6c73084f4,3ac31f5b402f48298e29a5b424d36f02d082b63d,2026-07-16,2026-07-19
IN,Sam's Club - E. Washington Street Store,sam s club e washington street store,Sam's Club,Discount Department Stores,452112,source,,,,,,,,,Q1972120,label,,,automatic,qid:Q1972120,Indianapolis,2018-01-11,2018-01-26,157,closure,,0,0,1,https://www.in.gov/dwd/warn-notices/current-warn-notices/,f9a174f354f2ef9bf9f527a4fe8efc30fea96a28ed07a00d88cb1d2f,b198b3ed0a50602bd2eacb662022f049f7a592e2,2026-07-16,2026-07-19
IN,Sam's Club - Elkhart Road Store,sam s club elkhart road store,Sam's Club,Discount Department Stores,452112,source,,,,,,,,,Q1972120,label,,,automatic,qid:Q1972120,Goshen,2018-01-11,2018-01-26,110,closure,,0,0,1,https://www.in.gov/dwd/warn-notices/current-warn-notices/,6bb59c7bf0aa43bd8f010828afb081d3d75052fa3325a19a468be3a5,95743823eb10da618f878da610fd318fd72ac2d4,2026-07-16,2026-07-19
IN,Sam's Club - W 86th Street Store,sam s club w 86th street store,Sam's Club,Discount Department Stores,452112,source,,,,,,,,,Q1972120,label,,,automatic,qid:Q1972120,Indianapolis,2018-01-11,2018-01-26,152,closure,,0,0,1,https://www.in.gov/dwd/warn-notices/current-warn-notices/,780ee2635227a972441b7c456800907f8acb791ec9374aaa51e912b1,4419778c4d3bf1bbc7582c4ef6f5e71c1924fa44,2026-07-16,2026-07-19
IN,Schneider Electric,schneider electric,,Switchgear and Switchboard Apparatus Manufacturing,335313,source,,,,,,,,,,,,,,n:schneider electric,Peru,2018-01-15,2018-03-16,61,unknown,,0,0,1,https://www.in.gov/dwd/warn-notices/current-warn-notices/,7401f44c1b2e02bbaf3b7bba405094fc46cfe2d789a632395fa5d125,2d7574f994455f5be3f2825b2dc66d9c1774bcbf,2026-07-16,2026-07-19
IN,Sony DADC US Inc.,sony dadc us,,"Software and Other Pre-recorded Compact Disc, Tape and Recording
        Reproducing",334614,source,,,,,,,,,,,,,,n:sony dadc us,Terre Haute,2018-01-16,2018-03-23,375,unknown,,0,0,1,https://www.in.gov/dwd/warn-notices/current-warn-notices/,2245e88c3f80fbd6f48d420adaf3fb1c94e53ae39cc11370ae1132c8,f05d9b83c905a2460bea2363c802b540767dd7bc,2026-07-16,2026-07-19
IN,Conduent Commercial Solutions,conduent commercial solutions,,Marketing Consulting Services,541613,source,,,,,,,,,,,CONDUENT Inc,1677703,,n:conduent commercial solutions,Indianapolis,2018-01-29,2018-03-30,107,unknown,,0,0,1,https://www.in.gov/dwd/warn-notices/current-warn-notices/,006346c6d92a28a15538c986406e873ab209aa499c407d28022f43e2,3b56e487308f407facb53c87ad949385373c972c,2026-07-16,2026-07-19
IN,Lee Enterprises,lee enterprises,Lee Enterprises,Newspaper publishers and printing combined,511110,source,58361,LEE,exact,2711,Newspapers: Publishing or  Publishing & Printing,,,,Q6513538,cik,,,automatic,qid:Q6513538,Crown Point and Munster,2018-01-29,2018-03-30,93,closure,,0,0,1,https://www.in.gov/dwd/warn-notices/current-warn-notices/,6e897f2d4623a478c0a2f43febbda9f5b4891eed74763ee1ce11289a,091b310e5f52f7192f3d338e7fa649f78c432af6,2026-07-16,2026-07-19
IN,MV Transportation,mv transportation,MV Transportation,Charter Bus Industry,485510,source,,,,,,,,5493002NJRI8E3HPDN45,Q6720138,label,,,automatic,qid:Q6720138,Indianapolis,2018-01-30,2018-03-31,142,closure,,0,0,1,https://www.in.gov/dwd/warn-notices/current-warn-notices/,920310f13e32fa06d549c58577ef8512e11e36090710a635a7b4c759,454fc7baed3c9597fe08b7822d163a0d880722bd,2026-07-16,2026-07-19
IN,Jeffboat,jeffboat,,Ship Building and Repairing,336611,source,1068087,,exact:post-era,,,,,,,,,,automatic,cik:1068087,Jeffersonville,2018-02-01,2018-04-01,226,unknown,,0,0,1,https://www.in.gov/dwd/warn-notices/current-warn-notices/,7a1f52dfc5a22851142d2435a850886ba13113ec95e84db77999af17,89797d9849865dcec1b2958180850393c8c02c1f,2026-07-16,2026-07-19
IN,Walmart,walmart,,Discount Department Stores,452112,source,104169,WMT,exact,5331,Retail-Variety Stores,,,,,,,,automatic,cik:104169,Rushville,2018-02-01,2018-04-13,95,closure,,0,0,1,https://www.in.gov/dwd/warn-notices/current-warn-notices/,543cf54764acf407ab98bfce81c48e44d79e2e6f143fb618e5da62e9,3558bc4685e5bd205f49e3218e450cd8483327c5,2026-07-16,2026-07-19
IN,Bon Ton Stores (Carson's) (additional information and notice),bon ton stores carson s additional information and notice,,Discount Department Stores,452112,source,878079,,exact:base,5311,Retail-Department Stores,,,,,,,,automatic,cik:878079,"Anderson, Columbus, Elkhart, Indianapolis and Marion",2018-02-02,2018-04-30,306,closure,,0,0,1,https://www.in.gov/dwd/warn-notices/current-warn-notices/,bb2871b81355cf2ef0f32a57627bc6619691b540133b293557d4f533,5bb6b72ef9d8819f3753f5788f718eee80ed42ed,2026-07-16,2026-07-19
IN,DHL Supply Chain,dhl supply chain,,Transportation and integrated supply chain services,541614,source,,,,,,,,,,,,,,n:dhl supply chain,Greenfield,2018-02-08,2018-05-04,511,unknown,,0,0,1,https://www.in.gov/dwd/warn-notices/current-warn-notices/,5a7d3b742c74ae3ed6483f43c9bbecf225d4605f811cda3e3d82d239,5eef8b1b36e329fbef50da5fe4f69afa77c57cb2,2026-07-16,2026-07-19
IN,Indianapolis Power & Light Company,indianapolis power light,,Electric Power Transmission and Control,221121,source,50217,,exact:post-era,4911,Electric Services,,,,,,,,automatic,cik:50217,"Indianapolis, Martinsville, Petersburg",2018-02-09,2018-04-08,100,unknown,,0,0,1,https://www.in.gov/dwd/warn-notices/current-warn-notices/,d4b72a902abdc5efaa4f454923d3e686d38f8b7b8229ee01792ae6df,f6f77e00d9aeee4d7d44bb18a0db037a2488ee2b,2026-07-16,2026-07-19
IN,Readerlink Distribution Services,readerlink distribution services,,Direct Distribution Services,541870,source,,,,,,,,,,,,,,n:readerlink distribution services,Indianapolis,2018-02-28,2018-08-31,147,closure,,0,0,1,https://www.in.gov/dwd/warn-notices/current-warn-notices/,70dbcb909393ec8c0a56473cdb9ebb545aeb6284228aa003f62c4580,5bee7ad4dff08a4778c16d6bcccb8126b14ca506,2026-07-16,2026-07-19
IN,Jeffboat,jeffboat,,Ship Building and Repairing,336611,source,1068087,,exact:post-era,,,,,,,,,,automatic,cik:1068087,Jeffersonville,2018-03-26,2018-05-14,207,closure,,0,0,1,https://www.in.gov/dwd/warn-notices/current-warn-notices/,7896a694afbdf34f580557ab2eee0b9bcd14889412b4d3dbeb26fd3e,098b72ec8eae95a41e1fd6391dcf364515f340ea,2026-07-16,2026-07-19
IN,Bon Ton Stores (Carson's)(additional information and notice),bon ton stores carson s additional information and notice,,Discount Department Stores,452112,source,878079,,exact:base,5311,Retail-Department Stores,,,,,,,,automatic,cik:878079,Merrillville,2018-04-05,2018-06-05,137,closure,,0,0,1,https://www.in.gov/dwd/warn-notices/current-warn-notices/,5a999a7526ed2d6ac9bc36888a9710a0ca26cc95b24e1b65d895fdbe,e0a9f26463e0cdd37c9f95e34787227fbb7b7773,2026-07-16,2026-07-19
IN,Sodexo,sodexo,Sodexo,Food Services Operations,722310,source,1169715,,exact,8741,Services-Management Services,,,,Q1475554,label,,,automatic,qid:Q1475554,Hanover,2018-04-13,2018-06-30,81,closure,,0,0,1,https://www.in.gov/dwd/warn-notices/current-warn-notices/,0c9dc1acbc2466cc1739a26d8a58852b54b93bfd681a05348c7b4a9f,372d11dd5fe8df35886d7f58ca75f8a821ced469,2026-07-16,2026-07-19
IN,CVR Associates,cvr associates,,Housing Assistance Agencies,624229,source,,,,,,,,,,,,,,n:cvr associates,Chicago,2018-05-09,2018-06-29,5,closure,,0,0,1,https://www.in.gov/dwd/warn-notices/current-warn-notices/,2d9348ddbb4f72d0c6e8a1ca4ce545ac949164236d1a9ff3e026bc6c,da8ec701e4176c663c26de6db8572b513851044d,2026-07-16,2026-07-19
IN,Hoosier Academy,hoosier academy,HOOSIER ACADEMY INC,Charter School,611110,source,,,,,,205926653,B29,,,,,,automatic,ein:205926653,Indianapolis,2018-05-15,2018-06-08,62,closure,,0,0,1,https://www.in.gov/dwd/warn-notices/current-warn-notices/,8d307f6db0c9979485dd7bac353537308062f1199bc4d0698c9c9834,90d1d1a55e672c41258af004aa9e2cecb362bd31,2026-07-16,2026-07-19
IN,Federal-Mogul Motorparts,federal mogul motorparts,,Motor Vehicle Supplies and New Parts Merchant Wholesalers,423120,source,1627562,,exact:post-era,,,,,,,,,,automatic,cik:1627562,Indianapolis,2018-05-16,2019-01-01,83,closure,,0,0,1,https://www.in.gov/dwd/warn-notices/current-warn-notices/,0ae3afc25eba22d1f8cc5e0a0073375e378594e15a8e3e2f53824163,d992eafa9394acf36b610e5eb5b44fafc2ddb727,2026-07-16,2026-07-19
IN,"Deufol Sunman, Inc.",deufol sunman,,Packaging Services,561910,source,,,,,,,,,,,,,,n:deufol sunman,Sunman,2018-05-22,2018-08-03,270,unknown,,0,0,1,https://www.in.gov/dwd/warn-notices/current-warn-notices/,73249956da8890df5c04372ca8288b1c0fabcef835ec6e58cd212354,5fabe1aa05153e9326e50e7427cc510be92ab227,2026-07-16,2026-07-19
IN,DJO Global,djo global,DJO Global,Surgical and Medical Instrument Mfg,339112,source,,,,,,,,,Q16991871,label,,,automatic,qid:Q16991871,Plainfield,2018-05-23,2018-10-31,70,closure,,0,0,1,https://www.in.gov/dwd/warn-notices/current-warn-notices/,4fa877bdf7928607afb17e78430abbbc2d2ae5267da5af61a96a9e6c,5218745366731d20bc10f96b8eeaa3e5606a5cf8,2026-07-16,2026-07-19
IN,Syneos Health (inVentic Health Inc.),syneos health inventic health,,Clinical Research,541712,source,1610950,,exact:base,,,,,,,,,,automatic,cik:1610950,Indianapolis,2018-05-30,2018-08-14,98,closure,,0,0,1,https://www.in.gov/dwd/warn-notices/current-warn-notices/,f9531826ce22a570b6716d49c4abece641dadf341391fe69b31e4da0,7f0ade91c6dd973e80223d33c44b6ffa36887b47,2026-07-16,2026-07-19
IN,New Flyer,new flyer,,Transit bus and motor coach manufacturer and parts distributor.,336111,source,,,,,,,,,,,,,,n:new flyer,Elkhart,2018-06-19,2019-04-05,78,closure,,0,0,1,https://www.in.gov/dwd/warn-notices/current-warn-notices/,24eafe1e63eb13eea1e9f2eff636f598151defba23ea6b8a7e41e5ab,1420b14f5efa9abdbc52b257eee063ff099aea65,2026-07-16,2026-07-19
IN,Diversified Machine Bristol LLC,diversified machine bristol,,Nonferrous Metal Die-Casting Foundries,331523,source,,,,,,,,,,,,,,n:diversified machine bristol,Bristol,2018-06-22,2018-08-24,95,closure,,0,0,1,https://www.in.gov/dwd/warn-notices/current-warn-notices/,0f7974ab5022840e64dafa56665fb31d68bfd60606559a3589b3ade4,5ae226ba5b25418bc55ea665a24685a172aef9cc,2026-07-16,2026-07-19
IN,Monarch Beverage Co. INC,monarch beverage,,Distributor of Beer and Wine,111419,source,,,,,,,,,,,,,,n:monarch beverage,Indianapolis,2018-06-29,2018-08-31,76,unknown,,0,0,1,https://www.in.gov/dwd/warn-notices/current-warn-notices/,81857ef5f0282a5388f36790e179116cbbdb87b646e7750bb34099cc,c915d61ffea4d2daafc6a0bd5b53a6aeaeea3643,2026-07-16,2026-07-19
IN,"Koontz-Wagner Custom Controls Holdings, LLC",koontz wagner custom controls holdings,,Prefabricated Metal Building and Component Manufacturing,332311,source,,,,,,,,,,,,,,n:koontz wagner custom controls holdings,South Bend,2018-07-11,2018-07-11,104,closure,,0,0,1,https://www.in.gov/dwd/warn-notices/current-warn-notices/,1442b808431d24176ed528c18ec972c6005baff082ad73171bfbeead,a60bc5b08c7f7b1a807df840741070b8857a7cb0,2026-07-16,2026-07-19
IN,Walmart Optical Lab,walmart optical lab,,Ophthalmic Goods Manufacturing,339115,source,,,,,,,,,,,,,,n:walmart optical lab,Crawfordsville,2018-07-17,2018-07-17,108,unknown,,0,0,1,https://www.in.gov/dwd/warn-notices/current-warn-notices/,b2741bf0f029b40a175e72fcd284cbfeab9aa5d2aad5b40a5b9224b5,8c471d5eca815bfd450352513da4d006c5f4f889,2026-07-16,2026-07-19
IN,First Vehicle Services,first vehicle services,,General Automotive Repair,811111,source,,,,,,,,,,,,,,n:first vehicle services,Fort Wayne,2018-07-18,2018-09-28,25,closure,,0,0,1,https://www.in.gov/dwd/warn-notices/current-warn-notices/,dac7b347a7a3230ee75323c1442e47fca2c9f1f9cf1dd2e9c901af28,8ccc6e88d112158bb8a95be255990e4378332c6e,2026-07-16,2026-07-19
IN,CTS Corp.,cts,,Electronic Resistor Manufacturing,334415,source,26058,CTS,exact,3672,Printed Circuit Boards,,,,,,,,automatic,cik:26058,Elkhart,2018-07-24,2018-12-31,103,closure,,0,0,1,https://www.in.gov/dwd/warn-notices/current-warn-notices/,c2320760f3d403cfe9c48c4e712e100de5f262ab63b23fbed747c1e1,2fdee0126b805986f97b709e91d75daa2a860710,2026-07-16,2026-07-19
IN,Kindred Hospital Northern Indiana,kindred hospital northern indiana,,General Medical and Surgical Hospital,622110,source,,,,,,,,,,,,,,n:kindred hospital northern indiana,Mishawaka,2018-07-31,2018-09-29,117,closure,,0,0,1,https://www.in.gov/dwd/warn-notices/current-warn-notices/,38e996357c396dc6e5105ce0c4d452b54ba1d5c46e0f7d7394766925,3974623ecc8146d67f8be96d9156f6bfdc0c5c6f,2026-07-16,2026-07-19
IN,Charter Communications,charter communications,Spectrum,Customer Service Management Consulting Service,541613,source,1091667,CHTR,exact:listed,4841,Cable & Other Pay Television Services,,,,Q2961234,cik,,,automatic,qid:Q2961234,Indianapolis,2018-08-02,2018-08-28,84,unknown,,0,0,1,https://www.in.gov/dwd/warn-notices/current-warn-notices/,ff9de43b8db30c3d7fa8b3d75332e567d3a30e97ad32fe5b214e9c02,2c605bc7b784e7b2c59ec4fbb8d62c72d571f085,2026-07-16,2026-07-19
IN,"West Pharmaceutical Services, Inc.",west pharmaceutical services,West Pharmaceutical Services UK,Medical Equipment and Supplies Manufacturing,33911,source,105770,WST,exact,3841,Surgical & Medical Instruments & Apparatus,,,,Q124358903,cik,West Pharmaceutical Services (United States),,automatic,qid:Q124358903,Frankfort,2018-08-02,2018-11-26,54,closure,,0,0,1,https://www.in.gov/dwd/warn-notices/current-warn-notices/,dcf4e58ae5ff0c718f4b4562b98388694d8efa7cc923660ef2827e90,ad1ce48f2b5057c10f3031d7a244f33a8d15409d,2026-07-16,2026-07-19
IN,"Andy Frain Services, Inc.",andy frain services,,Security Guards and Patrol Service,561612,source,,,,,,,,,,,,,,n:andy frain services,Indianapolis,2018-08-15,2018-09-30,148,closure,,0,0,1,https://www.in.gov/dwd/warn-notices/current-warn-notices/,d00bdabffbba914d307b1d5e8c5a98da9752e2a7d19adef89e9a2668,86c026f15829dbb969c257ce92de7a1c0cb7b682,2026-07-16,2026-07-19
IN,Quality Packaging Specialists Int'l LLC,quality packaging specialists int l,,Packaging and Labeling Services,561910,source,,,,,,,,,,,,,,n:quality packaging specialists int l,Mooresville,2018-09-04,2018-12-31,85,closure,,0,0,1,https://www.in.gov/dwd/warn-notices/current-warn-notices/,2ff76e13e7e292291588e35255c59d91f559ee088cd128ac5bdd8a60,57fd23a98a7b01b90ffcdd4d17560133b536d7f3,2026-07-16,2026-07-19
IN,LGSTX Distribution Services,lgstx distribution services,,All Other Support Activities for Transportation,488999,source,,,,,,,,,,,,,,n:lgstx distribution services,Indianapolis,2018-09-05,2018-09-30,256,closure,,0,0,1,https://www.in.gov/dwd/warn-notices/current-warn-notices/,8f39e0e610c9b3dfea5fb6f47791c566b0d474e9b724d4e735cccb8a,b22d87a766c390f92bcb7a3cc0f5bac8528958cf,2026-07-16,2026-07-19
IN,"Cardinal Metal Finishing, LLC",cardinal metal finishing,,Forging and Stamping,33211,source,,,,,,,,,,,,,,n:cardinal metal finishing,Kokomo,2018-09-27,2018-09-26,79,unknown,,0,0,1,https://www.in.gov/dwd/warn-notices/current-warn-notices/,24d538d166b924c1f9f14499a741688fd4be50252a4afa43118f0ed4,1c8cf4a18aecce04bd3112e3f2487cb890178af4,2026-07-16,2026-07-19
IN,JD Norman Industries,jd norman industries,,Manufacturing,336320,source,,,,,,,,,,,,,,n:jd norman industries,Muncie,2018-10-11,2018-12-15,130,unknown,,0,0,1,https://www.in.gov/dwd/warn-notices/current-warn-notices/,2ea89fbfe03d3e99b7941145d7be024071cfe7f625d2cc6c43c41692,f612f553fcea7bc0808be7f19c310b2c0ffd82d9,2026-07-16,2026-07-19
IN,Kmart Corporation - Sears Holdings,kmart corporation sears holdings,,Department Store,452210,source,56824,,exact:base,5331,Retail-Variety Stores,,,,,,,,automatic,cik:56824,Griffith,2018-10-15,2018-12-31,113,closure,,0,0,1,https://www.in.gov/dwd/warn-notices/current-warn-notices/,47f4196d0ad50bad5df402073a6dc62aac63821f0658f22f2751d8e4,9e637cd1f875bdeb2ed38fe6dfb866100d0271fa,2026-07-16,2026-07-19
IN,"Alorica, Inc.",alorica,ALORICA INC.,Marketing Consulting Services,541613,source,,,,,,,,549300I7BKCLNE05U640,,,,,automatic,lei:549300I7BKCLNE05U640,Terre Haute,2018-10-29,2018-12-29,195,closure,,0,0,1,https://www.in.gov/dwd/warn-notices/current-warn-notices/,725311893ac03f12ac972ee24937d8d90115a18efdc19934404b26d5,b7f3fc28b6b94ee270dec757f3162faf04353678,2026-07-16,2026-07-19
IN,Q-Edge Corp. and Foxconn/Hon Hai Logistics Corp.,q edge corp and foxconn hon hai logistics,,Electronic Computer Manufacturing,334111,source,,,,,,,,,,,,,,n:q edge corp and foxconn hon hai logistics,Plainfield,2018-11-21,2019-02-28,155,unknown,,0,0,1,https://www.in.gov/dwd/warn-notices/current-warn-notices/,a35ed50f484ca9bbc455c8e9935f7638b3876d151bc3c22ab0cddf7f,0446ddd66a86f8aa14a62f86e93902fb0c21b109,2026-07-16,2026-07-19
IN,Textron Specialized Vehicles,textron specialized vehicles,,Gasoline Engine and Engine Parts Manufacturing,336312,source,,,,,,,,,,,TEXTRON INC,217346,,n:textron specialized vehicles,Coatesville,2018-11-27,2019-01-01,107,closure,,0,0,1,https://www.in.gov/dwd/warn-notices/current-warn-notices/,b7eb90767b071a2676e364f38e49ca33879f3c8f59d684208997c556,a354e809427786acae7fb2d292099a060ebaa59d,2026-07-16,2026-07-19
IN,"Vibra Hospital of Fort Wayne, LLC",vibra hospital of fort wayne,,General Medical and Surgical Hospitals,622110,source,,,,,,,,,,,,,,n:vibra hospital of fort wayne,Fort Wayne,2018-12-18,2019-01-31,120,closure,,0,0,1,https://www.in.gov/dwd/warn-notices/current-warn-notices/,dfedb2836e16212aad5458d962645d34ccdd8a4c3bca01102109fed2,bda74f81cb278b883a54bef0d2ca802608cafd61,2026-07-16,2026-07-19
IN,"PMAB,LLC dba Meduit",pmab llc dba meduit,,Management of Companies and Enterprises,55111,source,,,,,,,,,,,,,,n:pmab llc,Greensburg,2018-12-26,2019-03-15,82,closure,,0,0,1,https://www.in.gov/dwd/warn-notices/current-warn-notices/,4f05565bc9312fe125a5b39c8e59378c96e2b53d1eea4c1b48385b56,36edf2c1e3f4bf400219af3e81976c271677b01a,2026-07-16,2026-07-19
IN,Silberline Manufacturing Co.,silberline manufacturing,,"Other Aluminum Rolling, Drawing and Extruding",331318,source,,,,,,,,,,,,,,n:silberline manufacturing,Decatur,2019-01-11,2019-07-19,50,unknown,,0,0,1,https://www.in.gov/dwd/warn-notices/current-warn-notices/,4045dc2b4c991abc53e73d5d0258284d9231e635fba496589e18f554,7030c4a6df0a90c9b6446011522f028a4e3364c5,2026-07-16,2026-07-19
IN,White Stallion Energy,white stallion energy,,Coal Mining,21211,source,,,,,,,,,,,,,,n:white stallion energy,Boonville,2019-02-12,2019-02-14,82,closure,,0,0,1,https://www.in.gov/dwd/warn-notices/current-warn-notices/,dedc54ec5e754b789a07826be290c4bc3347938808d0dcf6dc9b6498,70df7e4c6304b596742e5731de780936d02b9528,2026-07-16,2026-07-19
IN,"KGP Telecommunications, LLC",kgp telecommunications,"KGP telecommunications, LLC",All Other Miscellaneous Manufacturing,339999,source,,,,,,,,549300EFTCZ3EG5H2U24,,,,,automatic,lei:549300EFTCZ3EG5H2U24,Warsaw,2019-02-15,2019-04-17,300,unknown,,0,0,1,https://www.in.gov/dwd/warn-notices/current-warn-notices/,e77c643ba4dcc581742e0027acfd9f0ef08d7de572aa173b9e26c414,246477080e8ad578ed69f40a641a93c649c9f102,2026-07-16,2026-07-19
IN,Matthews International Corporation,matthews international,,Burial Casket Manufacturing,339995,source,63296,MATW,exact,3360,Nonferrous Foundries (Castings),,,,,,,,automatic,cik:63296,Richmond,2019-02-27,,122,closure,,0,0,1,https://www.in.gov/dwd/warn-notices/current-warn-notices/,fa7e528b0862aa4b59aadf5e16a576d8606fa533d789ad68f46a228f,0138eee60a005669b1fb916b1d4ffb39e479a1e3,2026-07-16,2026-07-19
IN,Kentuckiana Medical Center,kentuckiana medical center,Kentuckiana Medical Center,Hospitals,622,source,,,,,,,,,Q87932458,label,,920760,automatic,qid:Q87932458,Clarksville,2019-03-04,2019-05-01,269,closure,,0,0,1,https://www.in.gov/dwd/warn-notices/current-warn-notices/,56358e7a2ed88b7800affb4a43bd543cd2ce1e8be8e08841c4daf89a,476a4a5a0fe4741246654afd28977848fceba81b,2026-07-16,2026-07-19
IN,"Aramark Educational Services, LLC",aramark educational services,,Food Service Contractors,722310,source,1396757,,exact,,,,,,,,,,automatic,cik:1396757,Indianapolis,2019-03-06,2019-05-12,200,unknown,,0,0,1,https://www.in.gov/dwd/warn-notices/current-warn-notices/,dd4dd02c69b6415f8eb7973785ac33be2cbeae4f9a86a8c5188e22b7,fd4164ca0f3d7817ad0b267f9abca5b5cf4ed482,2026-07-16,2026-07-19
IN,Fayette Regional Health System,fayette regional health system,Fayette Regional Health System,General Medical and Surgical Hospitals,622110,source,,,,,,,,,Q87932338,label,,,automatic,qid:Q87932338,Connersville,2019-05-03,2019-07-03,437,closure,,0,0,1,https://www.in.gov/dwd/warn-notices/current-warn-notices/,f7722cb95a757b2c6e3840abb21e8c76fd6fb8819e289ca20f88e0d3,43d3ba724941b7954a6e4717ae45bb26c88ab617,2026-07-16,2026-07-19
IN,Ryder Integrated Logistics,ryder integrated logistics,,General Warehousing and Storage,493110,source,,,,,,,,,,,RYDER SYSTEM INC,85961,,n:ryder integrated logistics,Plainfield,2019-05-07,2019-07-12,436,closure,,0,0,1,https://www.in.gov/dwd/warn-notices/current-warn-notices/,513c1e65a35d5be5e337144672b2befa791e49dd2ea6942cf04e6fc5,e419d8dc3bdeab323d41478ebe3ff2236f496499,2026-07-16,2026-07-19
IN,Schneider Electric,schneider electric,,Switchgear and Switchboard Apparatus,335313,source,,,,,,,,,,,,,,n:schneider electric,Peru,2019-05-14,2019-07-12,248,closure,,0,0,1,https://www.in.gov/dwd/warn-notices/current-warn-notices/,7f1bd7afab464b8ec6fae29fcfa0da515cdf2e96564e788172d6f4ab,3c5dfb10f2c1057d3933c5f620f90b9ceba898b4,2026-07-16,2026-07-19
IN,"NIBCO, Inc.",nibco,,All Other Plastics Product Manufacturing,326199,source,,,,,,,,,,,,,,n:nibco,Charlestown,2019-05-16,2019-07-19,97,closure,,0,0,1,https://www.in.gov/dwd/warn-notices/current-warn-notices/,3acbd02c9baa8730df66bc7c9d34de1f65442ef62172633d4deb1186,a877a6f19a465d0e0cd314c54b181a633f94283f,2026-07-16,2026-07-19
IN,Penske Logistics,penske logistics,,All Other Transportation Equipment Manufacturing,336999,source,,,,,,,,,,,,,,n:penske logistics,Fort Wayne,2019-05-18,2019-07-20,80,closure,,0,0,1,https://www.in.gov/dwd/warn-notices/current-warn-notices/,a223e1a0c22809588ca34429f6289a9348143322219b28530e8cbfbf,a4979c0b13ae4053b76e903ac02814935ab82b75,2026-07-16,2026-07-19
IN,EDM Americas,edm americas,,"All Other Professional, Scientific, and Technical Services",541990,source,,,,,,,,,,,,,,n:edm americas,Indianapolis,2019-05-20,2019-07-31,88,unknown,,0,0,1,https://www.in.gov/dwd/warn-notices/current-warn-notices/,65e8347a3965aeecce83f63551b5c23003acfda8cf48727f2329e86f,d3b9fbbbca3cf81d7e0229781679e4d9a1912efa,2026-07-16,2026-07-19
IN,Walmart,walmart,,Supermarkets and Other Grocery (Except Convenience) Stores,445110,source,104169,WMT,exact,5331,Retail-Variety Stores,,,,,,,,automatic,cik:104169,Indianapolis,2019-06-12,2019-07-12,109,closure,,0,0,1,https://www.in.gov/dwd/warn-notices/current-warn-notices/,bdf8b99a178c1172cf99c0934d3dc52e3cb8b9a33f1cd0f2dc85e024,bc609e71ac0f4cbc309b55918b409c4c3ec7ec11,2026-07-16,2026-07-19
IN,State Farm Mutual Automobile Insurance Company,state farm mutual automobile insurance,,Insurance Carriers,5241,source,315032,,exact,0000,,,,,,,,,automatic,cik:315032,Indianapolis,2019-06-26,2019-08-31,97,closure,,0,0,1,https://www.in.gov/dwd/warn-notices/current-warn-notices/,84e3aa10ea908face57f9425686466798e3a66affafd260c621f86ac,fad9feb5351a4407189f5e36858f4bc220bb5a89,2026-07-16,2026-07-19
IN,Alorica,alorica,ALORICA INC.,Marketing Consulting Services,541613,source,,,,,,,,549300I7BKCLNE05U640,,,,,automatic,lei:549300I7BKCLNE05U640,Lafayette,2019-07-25,2019-09-27,147,closure,,0,0,1,https://www.in.gov/dwd/warn-notices/current-warn-notices/,d250513815da252248e6f9160e94687e78f0366afcb7bfbbdfa9f1ab,ce42d802f67a12871acd305eab4f4a40250abfa9,2026-07-16,2026-07-19
IN,"Packer's Sanitation Services, Inc.",packer s sanitation services,,Janitorial Services,561720,source,,,,,,,,,,,,,,n:packer s sanitation services,Cambridge City,2019-07-26,2019-08-24,55,closure,,0,0,1,https://www.in.gov/dwd/warn-notices/current-warn-notices/,aead86e63be6f4f9c7e948668c5437a0fe5e1b54c6d6f048089a5d4c,9ff8ef210c07fc6008793a030318bab4ab3800c6,2026-07-16,2026-07-19
IN,Kuehne & Nagel,kuehne nagel,KUEHNE + NAGEL INC.,"Process, Physical Distribution, and Logistics Consulting Services",541614,source,,,,,,,,549300RF6XNTFMZUVL29,,,,,automatic,lei:549300RF6XNTFMZUVL29,Indianapolis,2019-07-30,2019-09-30,241,closure,,0,0,1,https://www.in.gov/dwd/warn-notices/current-warn-notices/,3a990e930ff57181e8cfb206e2a67ddeb5adb621c2781f7860221cae,6837e87eea5680ae48819fc0f749bd44819de127,2026-07-16,2026-07-19
IN,"Peabody Indiana Services, LLC Attachment 2",peabody indiana services llc attachment 2,,Bituminous Coal and Lignite Surface Mining,212111,source,,,,,,,,,,,,,,n:peabody indiana services llc attachment 2,Oakland City,2019-08-02,2019-10-04,128,closure,,0,0,1,https://www.in.gov/dwd/warn-notices/current-warn-notices/,92b3f64bd3777d6629ff2e71a19b5b4792665f73d34f23fac6ec7552,547ca884a3e7e858c3494e2e9042e0b8a2a1af42,2026-07-16,2026-07-19
IN,"HOYA Optical Labs of America, Inc.",hoya optical labs of america,,Opthalmic Goods Manufacturing,339115,source,,,,,,,,,,,,,,n:hoya optical labs of america,Plymouth,2019-08-06,2020-03-02,83,closure,,0,0,1,https://www.in.gov/dwd/warn-notices/current-warn-notices/,65cbac6dd305768de147c0b41e9d510ec3125d38c3b73be22d8e1963,98d90fdd6e34ba54e696f9040efdcdab1f16a279,2026-07-16,2026-07-19
IN,Justus Rental Properties,justus rental properties,,Management of Companies and Enterprises,55,source,,,,,,,,,,,,,,n:justus rental properties,Indianapolis,2019-08-13,2019-10-14,104,closure,,0,0,1,https://www.in.gov/dwd/warn-notices/current-warn-notices/,16540792dab7debff592af5caeb5ca8759a036c514c4371ec175ca4b,2c929d11fa1dd8ba486a97e293b942cc6f7b6a32,2026-07-16,2026-07-19
IN,"Caito Foods, LLC",caito foods,,Fresh Fruits and Vegetable Merchant Wholesalers,424480,source,,,,,,,,,,,SpartanNash Co,877422,,n:caito foods,Indianapolis,2019-08-15,2019-10-15,53,unknown,,0,0,1,https://www.in.gov/dwd/warn-notices/current-warn-notices/,e4531d4dd35e85222596890caeca705eb9e333650944ae19d6c0f544,cceeae62453b7ae02e8947abbda276964c42ea2f,2026-07-16,2026-07-19
IN,"Nestle USA, Inc.",nestle usa,"NESTLE USA, INC.",Frozen Specialty Food Manufacturing,311412,source,,,,,,,,549300ZWOWV3MECPLN21,,,,,automatic,lei:549300ZWOWV3MECPLN21,Fort Wayne,2019-08-16,2019-10-18,69,closure,,0,0,1,https://www.in.gov/dwd/warn-notices/current-warn-notices/,d798f1f4af44fe45f4fc7859f0fca966a9fd7801cdd29d4d781561c2,db3ba074ec46c5baccd74b001d8d76dcc889f7e3,2026-07-16,2026-07-19
IN,"POET Biorefining- Cloverdale, LLC",poet biorefining cloverdale,,Ethyl Alcohol Manufacturing,325193,source,,,,,,,,,,,,,,n:poet biorefining cloverdale,Cloverdale,2019-08-20,2019-10-18,50,unknown,,0,0,1,https://www.in.gov/dwd/warn-notices/current-warn-notices/,cdf03ea6f481d4e7e239ac2366273b8920f7bf15842026acd61e2978,4a9b6e2189da155d76cb81c620552ff5e5c0edd8,2026-07-16,2026-07-19
IN,Westech Building Products,westech building products,,Unlaminated Plastics Profile Shape Manufacturing,326121,source,1262831,,exact:post-era,,,,,,,,,,automatic,cik:1262831,Mount Vernon,2019-08-23,2019-11-21,81,closure,,0,0,1,https://www.in.gov/dwd/warn-notices/current-warn-notices/,c72aafc4c00ee1b93e83443a131c8226350a21341222205c367ab608,ad0ac4f75900291597d254229f4cff9544e31991,2026-07-16,2026-07-19
IN,"The Mitchel Group, Inc.",mitchel group,,Manufacturing (31-33),31,source,,,,,,,,,,,,,,n:mitchel group,Indianapolis,2019-08-27,2019-10-25,137,closure,,0,0,1,https://www.in.gov/dwd/warn-notices/current-warn-notices/,781eab3d2b65fde83e498ab47ee777a883de5245f277e058fefc064b,8eaec0b221c36a1b3a02ee066f0d15edf4261cd4,2026-07-16,2026-07-19
IN,"Nestle USA, Inc.",nestle usa,"NESTLE USA, INC.",Frozen Specialty Food Manufacturing,311520,source,,,,,,,,549300ZWOWV3MECPLN21,,,,,automatic,lei:549300ZWOWV3MECPLN21,Indianapolis,2019-09-02,2019-12-31,172,closure,,0,0,1,https://www.in.gov/dwd/warn-notices/current-warn-notices/,161b8339bab9ed06d4a48cba47511dab07576f4a2db3502e096f8748,1fb24fb80ce031cf4d96fbb0eca09993b96f029e,2026-07-16,2026-07-19
IN,"Bayer U.S., LLC",bayer u s,,"All Other Professional, Scientific, and Technical Services",541990,source,,,,,,,,,,,,,,n:bayer u s,Mishawaka,2019-09-04,2019-11-08,172,closure,,0,0,1,https://www.in.gov/dwd/warn-notices/current-warn-notices/,a1226be15a83304cc78dc75df47ae9d533c5544a754e4e7137e17c81,d79a4be0d352dfdebc52e2ac289c58896fc2124f,2026-07-16,2026-07-19
IN,United States Steel Corporation,united states steel,U.S. Steel,Iron and Steel Forging,332111,source,1163302,,exact,3312,"Steel Works, Blast Furnaces & Rolling Mills (Coke Ovens)",,,,Q72539,cik,Nippon Steel Corporation,,automatic,qid:Q72539,East Chicago,2019-09-06,2019-11-09,314,unknown,,0,0,1,https://www.in.gov/dwd/warn-notices/current-warn-notices/,a0f5cced6459ef424e15c1ea538910dfe85094e8455d2da53cb347ba,81b92f522643ca6d7ab5b16b7f6200cc133ba84b,2026-07-16,2026-07-19
IN,Columbian Home Products,columbian home products,,All Other Misc. Fabricated Metal Product Manufacturing,332999,source,,,,,,,,,,,,,,n:columbian home products,Terre Haute,2019-09-30,2019-12-01,82,closure,,0,0,1,https://www.in.gov/dwd/warn-notices/current-warn-notices/,9075ada97ba85c811d4cba02ee9cc923da8ef0aa5fc61f9f156929db,39be3ecd6ec4616955aea69f23ee99357ee5a25f,2026-07-16,2026-07-19
IN,Winona PVD Coatings LLC,winona pvd coatings,,"Metal Coating, Engraving (except Jewelry and Silverware), and Allied
        Services to Manufacturers",332812,source,1458281,,exact:post-era,,,,,,,,,,automatic,cik:1458281,Warsaw,2019-10-19,2019-12-31,108,closure,,0,0,1,https://www.in.gov/dwd/warn-notices/current-warn-notices/,14305a646fc8349ccd2f699e013ee547b59ad9438ae4fc22f06c323d,d720989d7378be27f6a170afd259b46d3153173b,2026-07-16,2026-07-19
IN,"Motionwear, LLC",motionwear,,Clothing Accessories Stores,448150,source,,,,,,,,,,,,,,n:motionwear,Indianapolis,2019-11-14,2020-01-14,146,closure,,0,0,1,https://www.in.gov/dwd/warn-notices/current-warn-notices/,c268a2d3e00cab969a5033873a9a896d88377cdf53438e50216f5e08,899b5e44eade63c62aedfc87268bbe801ff342c4,2026-07-16,2026-07-19
IN,"Gibson County Coal, LLC",gibson county coal,"Gibson County Coal, LLC",Bituminous Coal Underground Mining,212112,source,,,,,,,,,Q137915490,label,,,automatic,qid:Q137915490,Owensville,2019-11-15,2019-11-15,184,unknown,,0,0,1,https://www.in.gov/dwd/warn-notices/current-warn-notices/,24e59782e51030151104984e4fccf74dc4d6139312e6b16091679ba1,d99775beac2ab26860ee79e1fda779c1007e815d,2026-07-16,2026-07-19
IN,Stanley Black & Decker,stanley black decker,Stanley Black & Decker,Machine Tool Manufacturing,333517,source,93556,SWK,exact,3420,"Cutlery, Handtools & General Hardware",,,,Q706094,cik,,,automatic,qid:Q706094,Greenfield,2019-11-19,2020-01-23,140,unknown,,0,0,1,https://www.in.gov/dwd/warn-notices/current-warn-notices/,dbbe36aaed8b624792dcb87bfd60966045b068b45c9d895169139711,ca786ad11cf9ae312d3d03e1a49cebf69cd7457a,2026-07-16,2026-07-19
IN,"Tri-Starr Management Services, Inc.",tri starr management services,,"Process, Physical Distribution, and Logistics Consulting Services",541614,source,,,,,,,,,,,,,,n:tri starr management services,Jeffersonville,2020-01-06,2020-03-08,257,closure,,0,0,1,https://www.in.gov/dwd/warn-notices/current-warn-notices/,87bd39c40819e9927d340d76b4c42f0081f42c6d0a63f7914978af50,0154e8012a2204bfdefc1127474e986b28ec46b8,2026-07-16,2026-07-19
IN,"Merchants Metals, LLC",merchants metals,,Other Fabricated Wire Product Manufacturing,332618,source,,,,,,,,,,,,,,n:merchants metals,New Paris,2020-01-20,2020-03-20,68,closure,,0,0,1,https://www.in.gov/dwd/warn-notices/current-warn-notices/,6a32119576da82d364f35ac205a81e39f1ac1a6d4ddd4dddd7a2e6ed,554b2167e81c8b6df56c4935fe7af2c409b1b498,2026-07-16,2026-07-19
IN,Dometic Corporation,dometic,,Refrigeration Equipment and Supplies Merchant Wholesalers,42374,source,,,,,,,,,,,,,,n:dometic,LaGrange,2020-01-22,2020-03-21,197,closure,,0,0,1,https://www.in.gov/dwd/warn-notices/current-warn-notices/,d6df522743b0ecc32f7e59036791686be04493c8873f009882353cf7,6d1505bc4d7502ee8e16841f738d72d28e8212a4,2026-07-16,2026-07-19
IN,"Genova Products, Inc.",genova products,,All Other General Merchandise Stores,452319,source,,,,,,,,,,,,,,n:genova products,Fort Wayne,2020-01-28,2020-02-10,116,closure,,0,0,1,https://www.in.gov/dwd/warn-notices/current-warn-notices/,ecf0a3d55e3cd9698f792786b1b9e560829b17dcd91dfb5bb1aec395,72a040cbe6fc3c9b9c16e422ed9965201977733a,2026-07-16,2026-07-19
IN,"Genova Products, Inc.",genova products,,All Other General Merchandise Stores,452319,source,,,,,,,,,,,,,,n:genova products,Rensselaer,2020-01-28,2020-02-10,88,closure,,0,0,1,https://www.in.gov/dwd/warn-notices/current-warn-notices/,85f25b64bbb1e854b5342ba9d5e1dc438057557ebc616b88e1075ee7,9cbe9fa6fb72560ca509ff9b66a5590eff8978a1,2026-07-16,2026-07-19
IN,Durham School Services,durham school services,Durham School Services,School and Employee Bus Transportation,485410,source,,,,,,,,2138006P1REFCUJGH779,Q5316559,label,Mobico Group,,automatic,qid:Q5316559,Indianapolis,2020-02-07,2020-06-30,514,closure,,0,0,1,https://www.in.gov/dwd/warn-notices/current-warn-notices/,fd2c1b673efa4ca7cbd78d48c50fe31ccc74d9719018884fd8f056ba,d4242f1750f12842a8dcb874e2c05117e717ead5,2026-07-16,2026-07-19
IN,19th Capital,19th capital,,Other Commercial and Industrial Machinery and Equipment,532490,source,,,,,,,,,,,,,,n:19th capital,Indianapolis,2020-02-26,2020-03-27,199,closure,,0,0,1,https://www.in.gov/dwd/warn-notices/current-warn-notices/,9949eb1506044dbdec5baca2e023584cc1b92139e29d187cbf767040,d1924d7a9b2b4221dcf932275bf737fb6dafedfe,2026-07-16,2026-07-19
IN,Caito Foods,caito foods,,Fresh Fruits and Vegetable Merchant Wholesalers,424480,source,,,,,,,,,,,SpartanNash Co,877422,,n:caito foods,Indianapolis,2020-02-27,2020-04-27,333,closure,,0,0,1,https://www.in.gov/dwd/warn-notices/current-warn-notices/,c110a6eac3c5e71505132f1c54b6ce37027023db0fe1aa3de4e88f7b,d8f86803f900111d4d71e0cc8b480ddf9ce5b6c4,2026-07-16,2026-07-19
IN,Wayzata Home Products,wayzata home products,,Wood Kitchen Cabinet and Countertop Manufacturing,337110,source,,,,,,,,,,,,,,n:wayzata home products,Connersville,2020-03-13,2020-03-13,165,closure,,0,0,1,https://www.in.gov/dwd/warn-notices/current-warn-notices/,2012df654382505fd65ffb3d4fd649fcfb5b16d96ec1982b2733645a,8425ea01a1cc659cdbc19bc0facd9298a6c40b89,2026-07-16,2026-07-19
IN,Ceres Enterprises,ceres enterprises,,Hotels (except Casino Hotels) and Motels,721110,source,,,,,,,,,,,,,,n:ceres enterprises,Noblesville & Westfield,2020-03-18,2020-03-16,65,unknown,,0,0,1,https://www.in.gov/dwd/warn-notices/current-warn-notices/,da22e3a40f6be393c4331880370f1159900f6efe0366132d52b62bb6,01aee7dd4fa004d1233cb7cafb0bcd46fa428916,2026-07-16,2026-07-19
IN,"Direct Buy Home Products, Inc.",direct buy home products,,Furniture Merchant Wholesalers,423210,source,,,,,,,,,,,,,,n:direct buy home products,Merrillville,2020-03-18,2020-03-19,26,unknown,,0,0,1,https://www.in.gov/dwd/warn-notices/current-warn-notices/,eddf4ca0f27b16925206e1586c79b10a798cba540cb17e9b3103f0ff,5eaca70085202cfd53bf1654efde527d35b59b00,2026-07-16,2026-07-19
IN,Punch Bowl Indianapolis,punch bowl indianapolis,,Full-Service Restaurants,722511,source,,,,,,,,,,,,,,n:punch bowl indianapolis,Indianapolis,2020-03-18,2020-03-16,91,unknown,,0,0,1,https://www.in.gov/dwd/warn-notices/current-warn-notices/,47cf036b62f0c0592256d5a0b8b86f53d9ab175236d2f549536c2fc2,52845c391e981658a3254770f3b4a0c09d22a3d8,2026-07-16,2026-07-19
IN,"Haynes International, Inc.",haynes international,Haynes International,Machine Tool (Metal Cutting Types) Manufacturing,333516,source,858655,,exact,3310,"Steel Works, Blast Furnaces & Rolling & Finishing Mills",,,,Q1591976,cik,Acerinox,,automatic,qid:Q1591976,Kokomo,2020-03-19,2020-03-22,392,unknown,,0,0,1,https://www.in.gov/dwd/warn-notices/current-warn-notices/,5333542bd26e02ef61ad3340325bb4b23d223b4c452d8a8e6e530b56,0bb452672a7ca0d8d87fccfdab95a41acbd536e3,2026-07-16,2026-07-19
IN,Sheraton Indianapolis at Keystone Crossing,sheraton indianapolis at keystone crossing,,Hotels (except Casino Hotels) and Motels,721110,source,,,,,,,,,,,,,,n:sheraton indianapolis at keystone crossing,Indianapolis,2020-03-19,2020-03-19,80,unknown,,0,0,1,https://www.in.gov/dwd/warn-notices/current-warn-notices/,801c34099fa34ecb0a5bc6361132e322dc65fbbd9fe9b66a508230fd,f480547465e119e5622dd0f1c926b7eba52cbabd,2026-07-16,2026-07-19
IN,Mitchell Plastics,mitchell plastics,,All Other Plastics Product Manufacturing,326199,source,,,,,,,,,,,,,,n:mitchell plastics,Charlestown,2020-03-20,2020-04-03,380,unknown,,0,0,1,https://www.in.gov/dwd/warn-notices/current-warn-notices/,2cbf9307185ff0317e959c57dd9f24dafd99b5bec3acced79839c740,9c183511d0f689e170d4a26a0308fe81c31071fd,2026-07-16,2026-07-19
IN,Double Tree Evansville,double tree evansville,,Hotels (except Casino Hotels) and Motels,721110,source,,,,,,,,,,,,,,n:double tree evansville,Evansville,2020-03-22,2020-03-25,83,unknown,,0,0,1,https://www.in.gov/dwd/warn-notices/current-warn-notices/,5c26bb842df861529d71e11addce28eb5aeae002b9bd8cdbe0fefd0c,57a42972ec23992668d81e2db6cc8de06c0749bf,2026-07-16,2026-07-19
IN,Indianapolis Marriott East,indianapolis marriott east,,"Agents and Managers for Artists, Athletes, Entertainers, and Other
        Public Figures",711410,source,,,,,,,,,,,,,,n:indianapolis marriott east,Indianapolis,2020-03-22,2020-03-23,112,unknown,,0,0,1,https://www.in.gov/dwd/warn-notices/current-warn-notices/,b18a4db625807f4227d404a628cb7a43ba94795b77b6344fc1d53bd0,0d5bc0d78abf538bb9ff83733142c397b598a423,2026-07-16,2026-07-19
IN,Le Meridien Indianapolis,le meridien indianapolis,,Hotels (except Casino Hotels) and Motels,721110,source,,,,,,,,,,,,,,n:le meridien indianapolis,Indianapolis,2020-03-22,2020-03-23,35,unknown,,0,0,1,https://www.in.gov/dwd/warn-notices/current-warn-notices/,25d3bc88df9f4daad34fe2742eab8d4eaf921bab2f7e64b3611a0337,3dc11848ed62ff2256f52049d7164aaea590af9c,2026-07-16,2026-07-19
IN,Benteler,benteler,Benteler,Motor Vehicle Metal Stamping,336370,source,,,,,,,,,Q818227,label,,,automatic,qid:Q818227,Goshen,2020-03-23,2020-04-13,162,unknown,,0,0,1,https://www.in.gov/dwd/warn-notices/current-warn-notices/,fbdb88619ac501a29470cb23bbb0b21070557ba9e11db117fd2a8d8a,9df17922375938bac164ffb4f3128e65561545cb,2026-07-16,2026-07-19
IN,"Calimira, LLC dba Rusty Bucket Restaurant & Tavern(Locations)",calimira llc dba rusty bucket restaurant tavern locations,,Full-Service Restaurants,722511,source,1402160,,exact:post-era:base,,,,,,,,,,automatic,cik:1402160,Indianapolis,2020-03-23,2020-03-31,65,unknown,,0,0,1,https://www.in.gov/dwd/warn-notices/current-warn-notices/,cf98d13ce3e2d42a742df4a4a604225d097945070837d23f3eb53610,9bff0502e7cdfe4942a505da8d740a57e8d7ab73,2026-07-16,2026-07-19
IN,"Cameron Mitchell Restaurant, LLC",cameron mitchell restaurant,,Full-Service Restaurants,722511,source,,,,,,,,,,,,,,n:cameron mitchell restaurant,Indianapolis,2020-03-23,2020-03-31,90,unknown,,0,0,1,https://www.in.gov/dwd/warn-notices/current-warn-notices/,7b16edefa4c13b231149f812613629fb96a0622edb3dd5d854073224,c0d9674a568b201087ce7da8c61b6b0b51fc286e,2026-07-16,2026-07-19
IN,"Coastal Credit, LLC",coastal credit,,Finance and Insurance,52,source,,,,,,,,,,,,,,n:coastal credit,Indianapolis,2020-03-23,2020-05-26,127,unknown,,0,0,1,https://www.in.gov/dwd/warn-notices/current-warn-notices/,ecefb7b3fd5227b92bfeafaf85517d3ae4923c714c03dae2944701b2,741e750a4b3f9b174fc3dad58f6961e703d3c117,2026-07-16,2026-07-19
IN,"Collegiate Hotel Group, LLC",collegiate hotel group,,Hotel (Except Casino Hotel) and Motel,7211,source,,,,,,,,,,,,,,n:collegiate hotel group,Bloomington,2020-03-23,2020-03-16,53,unknown,,0,0,1,https://www.in.gov/dwd/warn-notices/current-warn-notices/,c6a58513ccc342d978a08eff3bdec655eda62c955edd0a11b7f675b7,0ee8d92bf1c23e7e857f5415e7e882e68f67a1ee,2026-07-16,2026-07-19
IN,Double Tree by Hilton South Bend (Furlough Count by Position),double tree by hilton south bend furlough count by position,,Full-Service Restaurants,722511,source,,,,,,,,,,,,,,n:double tree by hilton south bend,South Bend,2020-03-23,2020-03-20,63,unknown,,0,0,1,https://www.in.gov/dwd/warn-notices/current-warn-notices/,e12a4447699e01325b8536eb91b104eed30ebef77be00224c15a347c,90055482c1a751122720d56e8c882375a77aa371,2026-07-16,2026-07-19
IN,Driven Brands dba Take 5 Oil Change,driven brands dba take 5 oil change,,Automotive Oil Change and Lubrication Shops,811191,source,1804745,DRVN,listed-extension:base,,,,,,,,,,automatic,cik:1804745,"Lawrenceburg,Merrillville,Valparaiso &Crown Point",2020-03-23,2020-03-22,34,unknown,,0,0,1,https://www.in.gov/dwd/warn-notices/current-warn-notices/,f752acdcc13921ff68dad3d944e62e5c5e4f18f0e6179dee15b57a3b,07d86b9459e6c1a1f08b3a13900c1851a6122cb7,2026-07-16,2026-07-19
IN,"Hooters of America, LLC",hooters of america,,Full Service Restaurants,722511,source,,,,,,,,,,,,,,n:hooters of america,"Merrillville, Schererville, Portage, Mishawaka, Lafayette, Clarksville, Jeffersonville, Evansville and Indianapolis",2020-03-23,2020-03-20,502,unknown,,0,0,1,https://www.in.gov/dwd/warn-notices/current-warn-notices/,0b8fc79179478fbe7ad590696b7205cbbe9f849240744e9d4f77688a,55efffd55bfb48cae3b3a72e0c8a019a7106f6cb,2026-07-16,2026-07-19
IN,"Image One, LLC",image one,,Sign Manufacturing,339950,source,,,,,,,,,,,,,,n:image one,McCordsville,2020-03-23,2020-03-18,101,unknown,,0,0,1,https://www.in.gov/dwd/warn-notices/current-warn-notices/,a4c9540c5850e4e81db537c540bba13e36cac4c01f6f44c39d2f3aef,d37ae77fc18b845fafc2d41c3cb07d53ccadfb75,2026-07-16,2026-07-19
IN,Facility Concepts Inc.,facility concepts,,Residential Remodelers,236118,source,,,,,,,,,,,,,,n:facility concepts,Whitestown,2020-03-24,2020-03-23,75,unknown,,0,0,1,https://www.in.gov/dwd/warn-notices/current-warn-notices/,8de7064f8fe2100f6f7c5a4fbdce87498e0cb7f88d17d6fe0ab820b0,094fbba21349b1da76e850aca9a3dce27f6cf120,2026-07-16,2026-07-19
IN,"Fire King Commercial Services, LLC & Fire King Security Products, LLC",fire king commercial services llc fire king security products,,"Electrical Apparatus and Equipment, Wiring Supplies, and Related
        Equipment Merchant Wholesalers",423610,source,,,,,,,,,,,,,,n:fire king commercial services llc fire king security products,New Albany,2020-03-24,2020-03-26,39,unknown,,0,0,1,https://www.in.gov/dwd/warn-notices/current-warn-notices/,a6b1d484f781b34a28619add07ab474e42926ce8bcd34e28a57320ad,d0c48e6afde62a5a2e031bb9ba380ef33034a0b7,2026-07-16,2026-07-19
IN,"GDC, Inc.",gdc,,Plastics and Rubber Products Manufacturing,326,source,,,,,,,,,,,,,,n:gdc,GoshenElkhart,2020-03-24,2020-03-24,293,unknown,,0,0,1,https://www.in.gov/dwd/warn-notices/current-warn-notices/,ec910fa1205ed15b0eb96802ae9dbe61fda893ba2d414ade7349f1a0,031052759a916ef8678215f428b1c8e717b5e707,2026-07-16,2026-07-19
IN,"LM Corporation, Inc.",lm,,General Freight Trucking,4841,source,,,,,,,,,,,,,,n:lm,Goshen,2020-03-24,2020-03-23,10,unknown,,0,0,1,https://www.in.gov/dwd/warn-notices/current-warn-notices/,7080506655b10d51d381ad23120844fd44afb569a670ad4cf6f86816,609b9a7dfeba1391e71011dd41352d44e69f0a85,2026-07-16,2026-07-19
IN,Hilton Garden Inn South Bend,hilton garden inn south bend,,Hotels (except Casino Hotels) and Motels,722111,source,,,,,,,,,,,,,,n:hilton garden inn south bend,South Bend,2020-03-25,2020-03-27,90,unknown,,0,0,1,https://www.in.gov/dwd/warn-notices/current-warn-notices/,5c099a3be084960d4732a3a8ce68fa7b0809c70b834767629fe91290,377f4eea6f49de85839985f48ce34aa1ba39b588,2026-07-16,2026-07-19
IN,"Prestige Maintenance USA, LP",prestige maintenance usa,"PRESTIGE MAINTENANCE USA, LTD.",Janitorial Services,561720,source,,,,,,,,549300MVVTHTKECJV906,,,,,automatic,lei:549300MVVTHTKECJV906,"Highland, Merrillville, Michigan City, Portage, Valparaiso, Elkhart, Goshen, Mishawaka, South Bend, Warsaw, Angola, Fort Wayne, Kokomo, Lafayette, Greenwood, Noblesville, Plainfield, Muncie, Richmond, Terre Haute, Jasper, Vincennes, Marion",2020-03-25,2020-03-19,69,unknown,,0,0,1,https://www.in.gov/dwd/warn-notices/current-warn-notices/,bdb8bf4b909356656261e4a9ce894ddd59da4cee6a5b33bd2999b646,cb7eb3d9940c026a0e821eadcadf6dc10d128536,2026-07-16,2026-07-19
IN,Alsco Inc.,alsco,Alsco Inc.,Linen Supply,812331,source,,,,,,,,5493002QZKTXPMZE9V93,Q60752605,label,,,automatic,qid:Q60752605,Indianapolis,2020-03-26,2020-04-03,72,closure,,0,0,1,https://www.in.gov/dwd/warn-notices/current-warn-notices/,8e56618e11328e3f72243e911750b8f6207c4fe1fcc6244a74410feb,eb5b084c86e901c5dfa0111682d1c1182082ce14,2026-07-16,2026-07-19
IN,BWI Group,bwi group,,Automobile Manufacturing,336111,source,,,,,,,,,,,,,,n:bwi group,Greenfield,2020-03-26,2020-03-24,,unknown,,0,0,1,https://www.in.gov/dwd/warn-notices/current-warn-notices/,2ce73e2e34663eabe0dd63bedd9a5a0fbed8ed2b789b141da07dca96,c2878d7a2699961c060360700ee7573d444f8c1b,2026-07-16,2026-07-19
IN,"Cinemark USA, Inc.",cinemark usa,Cinemark,Motion Picture Theaters (except Drive-Ins),512131,source,885975,,exact,7830,Services-Motion Picture Theaters,,,,Q707530,label,,,automatic,qid:Q707530,"Valparaiso, Mishawaka and Indianapolis",2020-03-26,2020-03-26,150,unknown,,0,0,1,https://www.in.gov/dwd/warn-notices/current-warn-notices/,cbfae9d62ed9014fb0521d7affd8767779866aa9f1bc11effc7b9cf2,90cfe7e44a890aa7baa8695d42c7135b7ee01e4e,2026-07-16,2026-07-19
IN,"Gaming Entertainment, LLC dba Rising Star Casino Resort",gaming entertainment llc dba rising star casino resort,,Casinos (except Casino Hotels),713210,source,1576575,,suffix:base,,,,,,,,,,automatic,cik:1576575,Rising Sun,2020-03-26,2020-03-31,407,closure,,0,0,1,https://www.in.gov/dwd/warn-notices/current-warn-notices/,2a79c38c8ed2744eefaa16c1c12a9614f6bf31b5fa2bdbed5c63c3c2,26e780f203fcb7382ae29aeb688738a3d601cd2b,2026-07-16,2026-07-19
IN,"Gaming Entertainment, LLC dba Rising Star Ferry",gaming entertainment llc dba rising star ferry,,Inland Water Freight Transportation,483211,source,1576575,,suffix:base,,,,,,,,,,automatic,cik:1576575,Rising Sun,2020-03-26,2020-03-31,10,closure,,0,0,1,https://www.in.gov/dwd/warn-notices/current-warn-notices/,d62946626e549356684bc3c332baaaffd29901d57410ba0e37c85df9,5f88333c55dde32762bfe20f736d1dd08d77efa9,2026-07-16,2026-07-19
IN,"Modex Global (Formerly Busche Performance Group, Inc.)",modex global formerly busche performance group,,Machine Shops,332710,source,,,,,,,,,,,,,,n:modex global,"Albion, Avilla & Franklin",2020-03-26,2020-03-31,535,unknown,,0,0,1,https://www.in.gov/dwd/warn-notices/current-warn-notices/,6ac4342a2b4618606ece9a7ed4d645949601471817ec1da4ee0b16cb,08c2665b71192247c230c0a1fccfc30b765758b5,2026-07-16,2026-07-19
IN,HMS Host,hms host,HMSHost,Food Service Contractors,722310,source,,,,,,,,,Q3786866,label,Autogrill,,automatic,qid:Q3786866,Indianapolis,2020-03-27,2020-04-01,89,unknown,,0,0,1,https://www.in.gov/dwd/warn-notices/current-warn-notices/,a9e87d11acb589f42fcad3180647930bad0205359674223cc214b6db,2907124c28a05d77e0847af83120fb4d72319efe,2026-07-16,2026-07-19
IN,Paper Source,paper source,Paper Source,Printing and Writing Paper Merchant Wholesalers,424110,source,,,,,,,,,Q25000269,label,,,automatic,qid:Q25000269,Indianapolis,2020-03-27,2020-03-29,12,unknown,,0,0,1,https://www.in.gov/dwd/warn-notices/current-warn-notices/,f7fc1527ee7e4190adb9b0b826c3ba8c62a5476dc5f0ee7415881449,ca98b72b39b4085d21a1d7a384590037ca763715,2026-07-16,2026-07-19
IN,"NHK Seating of America, LLC",nhk seating of america,,Other Motor Vehicle Parts Manufacturing,336390,source,,,,,,,,,,,,,,n:nhk seating of america,Frankfort,2020-03-28,2020-04-07,883,unknown,,0,0,1,https://www.in.gov/dwd/warn-notices/current-warn-notices/,7adba3c766c625c5e302eb03eac2f087cfc6bca273e2b889bc9aa1b6,07a60c33903b2543dca018b3605676222adc5acb,2026-07-16,2026-07-19
IN,"Three Floyds Brewpub, LLC",three floyds brewpub,,Other Grocery and Related Products Merchant Wholesaler,424490,source,1223618,,exact:post-era,,,,,,,,,,automatic,cik:1223618,Munster,2020-03-30,2020-03-31,49,unknown,,0,0,1,https://www.in.gov/dwd/warn-notices/current-warn-notices/,10dbc82149eb6c179b8d03ed5abd5c2f9736e084e19d7663f6389b47,e8f0a0a5887e2a125cc896ca4ec488a03698bef5,2026-07-16,2026-07-19
IN,"Three Floyds Distilling, LLC",three floyds distilling,,Distilleries,312140,source,,,,,,,,,,,,,,n:three floyds distilling,Munster,2020-03-30,2020-03-31,8,unknown,,0,0,1,https://www.in.gov/dwd/warn-notices/current-warn-notices/,2eaebad1ce18e77df2164ca835132c21130f622490a1ed007b381565,e56c60f861b02ba0c6225b5cfc4065997afd833c,2026-07-16,2026-07-19
IN,"Autoform Tool & Mfg., LLC",autoform tool mfg,,Other Motor Vehicle Parts Manufacturing,336390,source,,,,,,,,,,,,,,n:autoform tool mfg,Angola,2020-03-31,2020-04-03,240,unknown,,0,0,1,https://www.in.gov/dwd/warn-notices/current-warn-notices/,3673d6c4a50b084b86ec4d2d46b9a5ed1913cde807e495010e2809be,05b8090a021310b019aa0b10b193ec37ac38a9be,2026-07-16,2026-07-19
IN,"Jim’s Formal Wear, LLC",jim s formal wear,Jim's Formal Wear LLC,Men's and Boys' Clothing and Furnishings Merchant Wholesalers,424320,source,,,,,,,,549300FO50UJ4CVRYI57,,,,,automatic,lei:549300FO50UJ4CVRYI57,Anderson,2020-03-31,2020-03-20,,closure,,0,0,1,https://www.in.gov/dwd/warn-notices/current-warn-notices/,e45935e5abf1229804fb2df63f151582a00b5b97a6f8e16f07d154b1,bae7c721e2bd6b00684776845787cb4b2d22b45b,2026-07-16,2026-07-19
IN,Sodexo,sodexo,Sodexo,Janitorial Services,561720,source,1169715,,exact,8741,Services-Management Services,,,,Q1475554,label,,,automatic,qid:Q1475554,Westfield,2020-03-31,2020-06-01,68,closure,,0,0,1,https://www.in.gov/dwd/warn-notices/current-warn-notices/,e3b00868adb5a774389bb4dbbd21493691097d75c992cb6e6151aadd,c252b5309a10cfa0ba1c8d630786b76a6ae9253b,2026-07-16,2026-07-19
IN,Benihana National Corp,benihana national,,Full Service Restaurants,722511,source,,,,,,,,,,,,,,n:benihana national,Indianapolis,2020-04-01,2020-03-22,33,unknown,,0,0,1,https://www.in.gov/dwd/warn-notices/current-warn-notices/,dcc4874066fd9f85b6531468ddf97d63b4051942c0ae92c0db85439d,7ed0a2c5fb078e3eea9498f743b21884c80240d6,2026-07-16,2026-07-19
IN,"Carter Fuel Systems, LLC",carter fuel systems,,Other Motor Vehicle Parts Manufacturing,336390,source,,,,,,,,,,,,,,n:carter fuel systems,Logansport,2020-04-01,2020-04-01,128,unknown,,0,0,1,https://www.in.gov/dwd/warn-notices/current-warn-notices/,15ae459c7dfe3b389ac589c97138240e2654a3b2ae2b33ef51aaff60,cbc6dbb1273f9d00cd50d6e136dd5fd49cd2e3a8,2026-07-16,2026-07-19
IN,"Areas USA IND, LLC",areas usa ind,,Full- Service Restaurants,722511,source,,,,,,,,,,,,,,n:areas usa ind,Indianapolis,2020-04-02,2020-04-02,70,unknown,,0,0,1,https://www.in.gov/dwd/warn-notices/current-warn-notices/,8704fbd3b98a8348e4c7d71c438b2d787ef6141ab926717c1bd6ab48,0c4982f0074b66f746f513daabaa4310f09a3958,2026-07-16,2026-07-19
IN,"Delphi Production, Inc,. dba Group Delphi",delphi production inc dba group delphi,,Sign Manufacturing,339950,source,,,,,,,,,,,,,,n:delphi production,Roanoke,2020-04-02,2020-04-01,54,unknown,,0,0,1,https://www.in.gov/dwd/warn-notices/current-warn-notices/,0e191628f47eaf9037d179647f45e8f92622bb7537c9e5865863dce8,6e33ea4462b22950855fda7a199e880182896bf7,2026-07-16,2026-07-19
IN,Flex-N-Gate Corporation,flex n gate,FLEX-N-GATE LLC,Automobile Manufacturing,336111,source,,,,,,,,549300REAUV9ZD1VE488,,,,,automatic,lei:549300REAUV9ZD1VE488,Covington,2020-04-02,2020-04-13,43,unknown,,0,0,1,https://www.in.gov/dwd/warn-notices/current-warn-notices/,1471f4bf59b34881f5beafc8c0d5dcef503f1535d5c2bf92fe6e220d,72bf002c2a4f4d19464a8eb279393bf3586df057,2026-07-16,2026-07-19
IN,"Leggett & Platt, Inc dba L&P Springs Manufacturing, LLC",leggett platt inc dba l p springs manufacturing,Leggett & Platt,Mattress Manufacturing,337910,source,58492,LEG,exact:base,2510,Household Furniture,,,,Q1812555,cik,,,automatic,qid:Q1812555,Rensselaer,2020-04-02,2020-04-03,139,unknown,,0,0,1,https://www.in.gov/dwd/warn-notices/current-warn-notices/,775704c69632de06e81815fe96499b8d808b7a0023e733969a424ff5,229b158dfd1972633d0618fcb8378ccd678df444,2026-07-16,2026-07-19
IN,Master Guard,master guard,,Motor Vehicle Body Manufacturing,336211,source,,,,,,,,,,,,,,n:master guard,Veedersburg,2020-04-02,2020-04-02,680,unknown,,0,0,1,https://www.in.gov/dwd/warn-notices/current-warn-notices/,e1799e0a543613f75a992367537f39328fc5fa711ddcc0803a47de78,08c4457e2015732d45d18d6e23366aab357fd463,2026-07-16,2026-07-19
IN,PSI Molded Plastics,psi molded plastics,,Plastics and Rubber Industry Machinery Manufacturing,333220,source,,,,,,,,,,,,,,n:psi molded plastics,South Bend,2020-04-02,2020-04-02,55,unknown,,0,0,1,https://www.in.gov/dwd/warn-notices/current-warn-notices/,779930d33adb8376303590d47eaab14ad5b194c96b71542a223a1c2f,1f589e1e111b0f0723249561cdbd5a6a0d5ec738,2026-07-16,2026-07-19
IN,"Asbury Automotive Group Additional Documents(Doc 1, Doc 2, Doc 3, Doc 4, Doc 5, Doc 6, & Doc 7 )",asbury automotive group additional documents doc 1 doc 2 doc 3 doc 4 doc 5 doc 6 doc 7,,Automobile and Other Motor Vehicle Merchant Wholesalers,423110,source,,,,,,,,,,,,,,n:asbury automotive group additional documents,"Avon, Brownsburg, Indianapolis, Lebanon and Noblesville",2020-04-03,2020-04-03,254,unknown,,0,0,1,https://www.in.gov/dwd/warn-notices/current-warn-notices/,3796e1f3e710a513a979bb8c5db7e532ffbb41dae5aad95314545128,dba3125d8a2d72b0f62872c0fe9c3fcf89f5e5bb,2026-07-16,2026-07-19
IN,Plycem USA LLA dba Allura,plycem usa lla dba allura,,Asphalt Shingle and Coating Materials Manufacturing,,,,,,,,,,,,,,,,n:plycem usa lla,Terre Haute,2020-04-03,2020-06-02,83,unknown,,0,0,1,https://www.in.gov/dwd/warn-notices/current-warn-notices/,fe9bb937ce3b2c29ccb0c2407cdbff589ba90dc08a0c61662f1ae243,ef6d0898a0011b353fce6997caad865b595e4978,2026-07-16,2026-07-19
IN,ZF Active Safety & Electronics US LLC,zf active safety electronics us,,Other Motor Vehicle Parts Manufacturing,336390,source,,,,,,,,,,,,,,n:zf active safety electronics us,Lafayette,2020-04-03,2020-04-13,326,closure,,0,0,1,https://www.in.gov/dwd/warn-notices/current-warn-notices/,5943511649681a8b288e5350350223b6bd7cf1b3295d509ee00667c3,0c9b64c49dc3d84467d51830815212d2f1555830,2026-07-16,2026-07-19
IN,"Aztar Indiana Gaming Co., LLC dba Tropicana Evansville",aztar indiana gaming co llc dba tropicana evansville,,Casinos (except Casino Hotels),713210,source,1404887,,exact:base,,,,,,,,,,automatic,cik:1404887,Evansville,2020-04-07,2020-04-11,529,unknown,,0,0,1,https://www.in.gov/dwd/warn-notices/current-warn-notices/,9dd7ba5f37c110255a483a2c89fe0d5c86412783b0cff373c33efebf,5250258c2254a0f04095b4808549bb43b806b644,2026-07-16,2026-07-19
IN,Manchester Tank & Equipment Company,manchester tank equipment,,Metal Tank (Heavy Gauge) Manufacturing,332420,source,,,,,,,,,,,,,,n:manchester tank equipment,Bedford,2020-04-07,2020-09-30,117,closure,,0,0,1,https://www.in.gov/dwd/warn-notices/current-warn-notices/,b516dcf0cb59256e85da164d739bb74107d5dd94447dd272ef8b283e,8c4470e90328aafc482c20092cb5540f7e612534,2026-07-16,2026-07-19
IN,Agrati,agrati,,"Bolt, Nut, Screw, Rivet, and Washer Manufacturing",332722,source,,,,,,,,,,,,,,n:agrati,Valparaiso,2020-04-08,2020-04-13,51,unknown,,0,0,1,https://www.in.gov/dwd/warn-notices/current-warn-notices/,6b3e4890e5cbcee535b096ac899641cb69b377212ca668e576c2e154,15755c415ae4000303c56ffee6b008d05bb0647c,2026-07-16,2026-07-19
IN,Hendrickson,hendrickson,,Fabricated Metal Product Manufacturing,332,source,,,,,,,,,,,,,,n:hendrickson,Kendallville,2020-04-09,2020-04-13,103,closure,,0,0,1,https://www.in.gov/dwd/warn-notices/current-warn-notices/,e9eae90088ab9a367c2684ec080089a3fa2273d6c411f676c59a7bba,bf5c107dde6bca673c90c6c6e532b89505041c52,2026-07-16,2026-07-19
IN,Wildman Business Group,wildman business group,,Linen Supply,812331,source,,,,,,,,,,,,,,n:wildman business group,Warsaw,2020-04-10,2020-04-13,48,unknown,,0,0,1,https://www.in.gov/dwd/warn-notices/current-warn-notices/,649259928ec3ab2d27121c7ff4b4384cb877a6adde54dda6c7681bc2,d1262e04cc444817293c167bb0fead66fcdf6758,2026-07-16,2026-07-19
IN,"ArcelorMittal USA, Inc.",arcelormittal usa,ArcelorMittal,Iron and Steel Mills and Ferroalloy Manufacturing,331110,source,1243429,MT,fuzzy:0.95,3312,"Steel Works, Blast Furnaces & Rolling Mills (Coke Ovens)",,,,Q27893,cik,,,automatic,qid:Q27893,East Chicago,2020-04-13,2020-04-12,33,closure,,0,0,1,https://www.in.gov/dwd/warn-notices/current-warn-notices/,35cce51dad29b0deefbf17222c9aa7c3ca8f136d04a4a5ab61de02ec,1acda903754cbde752f7ffb0ef0a16153d609b38,2026-07-16,2026-07-19
IN,"ArcelorMittal USA, LLC dba ArcelorMittal Burns Harbor",arcelormittal usa llc dba arcelormittal burns harbor,ArcelorMittal,Iron and Steel Mills and Ferroalloy Manufacturing,331110,source,1243429,MT,fuzzy:0.95:base,3312,"Steel Works, Blast Furnaces & Rolling Mills (Coke Ovens)",,,,Q27893,cik,,,automatic,qid:Q27893,Burns Harbor,2020-04-13,2020-04-12,715,unknown,,0,0,1,https://www.in.gov/dwd/warn-notices/current-warn-notices/,b84bdf0bcd2f496c429089bcc5b11b68f50b09de8e50e4b94d8bbeba,d92820e9aef8b7fa7f7406cf7ae586730b75adaa,2026-07-16,2026-07-19
IN,Leggett & Platt dba Merit Steel Company,leggett platt dba merit steel,Leggett & Platt,Other Fabricated Wire Product Manufacturing,332618,source,58492,LEG,exact:base,2510,Household Furniture,,,,Q1812555,cik,,,automatic,qid:Q1812555,Kouts,2020-04-13,2020-03-26,81,unknown,,0,0,1,https://www.in.gov/dwd/warn-notices/current-warn-notices/,fc8a43472d5c73a60781578ec91b6ddd8fa9e287ce21eab24109cf94,410b4964eca8dc1691a8a2f768d40aa770012913,2026-07-16,2026-07-19
IN,Pokagon Gaming Authority dba Four Winds Casinos,pokagon gaming authority dba four winds casinos,,Casinos (except Casino Hotels),713210,source,,,,,,,,,,,,,,n:pokagon gaming authority,South Bend,2020-04-13,2020-04-13,414,unknown,,0,0,1,https://www.in.gov/dwd/warn-notices/current-warn-notices/,936d67ae6e20f29eae946bbdd23d0f1dfaa4d1fec0d0247cf788c278,d0e08a8809bb443b754ed5121c6d744920d33e97,2026-07-16,2026-07-19
IN,"Polaris Boats, LLC",polaris boats,,Ship Building and Repairing,336611,source,,,,,,,,,,,,,,n:polaris boats,Syracuse,2020-04-13,2020-07-14,100,closure,,0,0,1,https://www.in.gov/dwd/warn-notices/current-warn-notices/,7a90727f52d1b322c058c102eb7edfd4d41bb3387fd381c87b349d3f,9094b80d5fe798198265fbd9a4430de720a85609,2026-07-16,2026-07-19
IN,Leggett & Platt dba No-Sag Products,leggett platt dba no sag products,Leggett & Platt,Spring Manufacturing,332613,source,58492,LEG,exact:base,2510,Household Furniture,,,,Q1812555,cik,,,automatic,qid:Q1812555,Kendallville,2020-04-14,2020-04-17,95,unknown,,0,0,1,https://www.in.gov/dwd/warn-notices/current-warn-notices/,0fba5867dbeef5b9d44dd3ab9b6587426baf8a243693e71507ac5936,626a074647332155cc5aaf42c762e734d56d361a,2026-07-16,2026-07-19
IN,"Gibson County Coal, LLC",gibson county coal,"Gibson County Coal, LLC",Bituminous Coal Underground Mining,212112,source,,,,,,,,,Q137915490,label,,,automatic,qid:Q137915490,Owensville,2020-04-15,2020-04-26,117,unknown,,0,0,1,https://www.in.gov/dwd/warn-notices/current-warn-notices/,d891f3b77154c6d3f3a7015f438ca1f919afef042c99509f8ee231c0,bfab85609c73c0ba9971abb424afbf9251ca1f2d,2026-07-16,2026-07-19
IN,Klipsch Group Inc.,klipsch group,,Other Electronic Parts and Equipment Merchant Wholesalers,423690,source,,,,,,,,,,,GENTEX CORP,355811,,n:klipsch group,Indianapolis,2020-04-16,2020-04-06,18,unknown,,0,0,1,https://www.in.gov/dwd/warn-notices/current-warn-notices/,6b4b5fa26df39feab7ee9c9a280c1f73d788f0c635580dd126daac40,50884660938104baef3bf0af0fdb35ba00201f4c,2026-07-16,2026-07-19
IN,Parkhurst Dining Services,parkhurst dining services,,Food Service Contractors,722310,source,,,,,,,,,,,,,,n:parkhurst dining services,"Valparaiso, Franklin and Hanover",2020-04-17,2020-03-30,365,unknown,,0,0,1,https://www.in.gov/dwd/warn-notices/current-warn-notices/,e4bcb12acfa79d8e25551f6c17f714437b7f487819395be16b08abed,68fe8dde597ccdd2380a4c17044a5f028067fb2a,2026-07-16,2026-07-19
IN,Westfield Steel Inc.,westfield steel,,Metal Service Centers and Other Metal Merchant - US Industry,423510,source,,,,,,,,,,,,,,n:westfield steel,Westfield and Terre Haute,2020-04-17,2020-04-15,40,unknown,,0,0,1,https://www.in.gov/dwd/warn-notices/current-warn-notices/,dfe41fc1b6135c146e78ed8a0fbfc3e9c5d6b488ad2136189d6416b2,cba2ac4457e374944b7f37ff0f0a919d0fb89f44,2026-07-16,2026-07-19
IN,ArcelorMittal USA dba ArcelorMittal Indiana Harbor,arcelormittal usa dba arcelormittal indiana harbor,ArcelorMittal,Iron and Steel Mills and Ferroalloy Manufacturing,331110,source,1243429,MT,fuzzy:0.95:base,3312,"Steel Works, Blast Furnaces & Rolling Mills (Coke Ovens)",,,,Q27893,cik,,,automatic,qid:Q27893,East Chicago,2020-04-18,2020-04-12,877,closure,,0,0,1,https://www.in.gov/dwd/warn-notices/current-warn-notices/,b71b374e25ff720dd4571530798959fdee6439960b32080a763ea7f6,7f34dd395015fab8205e075741ae0e4e853d8c6b,2026-07-16,2026-07-19
IN,ArcelorMittal dba Mittal Steel Railways,arcelormittal dba mittal steel railways,ArcelorMittal,Iron and Steel Mills and Ferroalloy Manufacturing,331110,source,1243429,MT,exact:base,3312,"Steel Works, Blast Furnaces & Rolling Mills (Coke Ovens)",,,,Q27893,cik,,,automatic,qid:Q27893,Burns Harbor,2020-04-19,2020-04-19,5,unknown,,0,0,1,https://www.in.gov/dwd/warn-notices/current-warn-notices/,7dcacf396440e19e19faeddd1e5dfc747e88a59673803ec8c23b6836,fecfdc03968899a194917c0e0ff57eca18bb665a,2026-07-16,2026-07-19
IN,Lakota Corporation,lakota,,Automobile and Other Motor Vehicle Merchant Wholesalers,423110,source,1828815,,suffix,,,,,,,,,,automatic,cik:1828815,Bristol,2020-04-20,2020-04-17,37,unknown,,0,0,1,https://www.in.gov/dwd/warn-notices/current-warn-notices/,b72987427dd87e9d5f80637d07a807c2d9cfe0a15557f635aae010b0,861effb86563a3df7707bdebf2acd9e72cc9d4ee,2026-07-16,2026-07-19
IN,"PK USA, Inc.",pk usa,,Motor Vehicle Metal Stamping,336370,source,,,,,,,,,,,,,,n:pk usa,Shelbyville,2020-04-20,2020-04-27,483,unknown,,0,0,1,https://www.in.gov/dwd/warn-notices/current-warn-notices/,19cf8ee950bb2a120c010f3943c17f30612dde7f0330b6b478dacb44,65e39d7596bed3a1ccca4d099aa7428b7b06e2dd,2026-07-16,2026-07-19
IN,SMC Acquisition Corp,smc acquisition,,Travel Trailer and Camper Manufacturing,336214,source,1167286,,exact:post-era,,,,,,,,,,automatic,cik:1167286,Bristol,2020-04-20,2020-04-17,30,unknown,,0,0,1,https://www.in.gov/dwd/warn-notices/current-warn-notices/,96a90f0fea72788c951bd1f10326e6633d572a848f4d5d3573b1d5b6,056d1e1d8c91e7fc49f1c5b73ce1550b2899be3b,2026-07-16,2026-07-19
IN,Adelta Logis Inc.,adelta logis,,"Process, Physical Distribution, and Logistics Consulting Services",541614,source,,,,,,,,,,,,,,n:adelta logis,Indianapolis,2020-04-22,2020-04-22,114,unknown,,0,0,1,https://www.in.gov/dwd/warn-notices/current-warn-notices/,f7e0b9a96574d44377d2e8276a8f2cc8d0702b62e063d834a82ad042,a36b62dce912091a3572fb89b4e6e2c3d97909ab,2026-07-16,2026-07-19
IN,"Allison Transmission, Inc.",allison transmission,,Motor Vehicle Transmission and Power Train Parts Manufacturing,336350,source,1411207,ALSN,listed-extension,3714,Motor Vehicle Parts & Accessories,,,,,,,,automatic,cik:1411207,Indianapolis,2020-04-23,2020-05-04,427,unknown,,0,0,1,https://www.in.gov/dwd/warn-notices/current-warn-notices/,4e16e09702e49d4a11c9db0cbf456f1fdda6566e91a6115012171745,cf3c23fe0892668399afbed4c514ad2db7dd24f7,2026-07-16,2026-07-19
IN,"Enterprise Holdings Additional Documents(Doc 1, Doc 2, Doc 3, Doc 4, Doc 5, & Doc 6)",enterprise holdings additional documents doc 1 doc 2 doc 3 doc 4 doc 5 doc 6,,Passenger Car Rental,532111,source,,,,,,,,,,,,,,n:enterprise holdings additional documents,Mishawaka and Indianapolis,2020-04-23,2020-03-23,452,unknown,,0,0,1,https://www.in.gov/dwd/warn-notices/current-warn-notices/,23e8a656fbb76eb19020f98f44dfc10a3fd91cc0fe71ddfcdf3bd0bf,f052a076c3b6e3b197fd67b1c758b43dbc6f10fd,2026-07-16,2026-07-19
IN,Kosciusko Community YMCA,kosciusko community ymca,,Child and Youth Services,624110,source,,,,,,,,,,,,,,n:kosciusko community ymca,Warsaw,2020-04-23,2020-04-23,300,unknown,,0,0,1,https://www.in.gov/dwd/warn-notices/current-warn-notices/,df93d0a0decd227595e8485ba34a83fa330aaeaf2b7ad5d4e650821b,e579bc80bd9f8dec5a957e1360b692a31a836a50,2026-07-16,2026-07-19
IN,"Centaur Acquisition, LLC dba Indiana Grand Racing & Casino",centaur acquisition llc dba indiana grand racing casino,,Casinos (except Casino Hotels),713210,source,,,,,,,,,,,,,,n:centaur acquisition,Shelbyville,2020-04-24,2020-04-01,1126,unknown,,0,0,1,https://www.in.gov/dwd/warn-notices/current-warn-notices/,d177890fb80e3b4b052595096eb9f7724b781e6a741aa2f661cb8802,876d1a093befce4987d143dc99a8297b27ab37ca,2026-07-16,2026-07-19
IN,Integrity EDM LLC,integrity edm,,All Other Transportation Equipment Manufacturing,336999,source,,,,,,,,,,,,,,n:integrity edm,Tipton,2020-04-24,2020-04-26,47,unknown,,0,0,1,https://www.in.gov/dwd/warn-notices/current-warn-notices/,fdbf8db0d66344fb05806c28bb9fe5a53de9fa7608582bc4c524493b,fa396672e8cf6b508507abacd6c70cf175cf052e,2026-07-16,2026-07-19
IN,KM Plant Services,km plant services,,Warehousing and Storage,493,source,,,,,,,,,,,,,,n:km plant services,Highland,2020-04-24,2020-04-24,67,unknown,,0,0,1,https://www.in.gov/dwd/warn-notices/current-warn-notices/,ddccb274545b587d63bdafc172934ec7cad9d84b03b2be62ac161233,72f8d8a405d6ccd3b3a33d3af0d3c4becfca4899,2026-07-16,2026-07-19
IN,Visionworks Location List,visionworks location list,,Optical Goods Store,446130,source,,,,,,,,,,,,,,n:visionworks location list,"Highland, Merrillville, Lafayette, Avon, Carmel, Fishers, Greenwood, Terre Haute, Bloomington, Clarksville, New Albany, Evansville and Indianapolis",2020-04-24,2020-04-04,125,closure,,0,0,1,https://www.in.gov/dwd/warn-notices/current-warn-notices/,a80d1b4812b58064e4d8b61de8c6396d6f4d3d6c6ec5aabd6e69e170,f277ef04a05a1b79f023fa312a9688111b6b4ea3,2026-07-16,2026-07-19
IN,"Dental Arts Laboratories, Inc. Additional Documents(Locations and Positions)",dental arts laboratories inc additional documents locations and positions,,Dental Laboratories,339116,source,,,,,,,,,,,,,,n:dental arts laboratories inc additional documents,Lafayette and Indianapolis,2020-04-27,2020-03-31,14,closure,,0,0,1,https://www.in.gov/dwd/warn-notices/current-warn-notices/,d159fb0a1d3888782450659479236d20f472740c54a5e7f5cde1bf39,30e0828e8e000f537078bdc3718036c2dd159a34,2026-07-16,2026-07-19
IN,Hendrickson USA,hendrickson usa,,Other Motor Vehicle Parts Manufacturing,336390,source,,,,,,,,,,,,,,n:hendrickson usa,Lebanon,2020-04-27,2020-05-01,129,unknown,,0,0,1,https://www.in.gov/dwd/warn-notices/current-warn-notices/,7efbde173090168ba2e42708bc08e7b97a14e5672d787a594c13ba9b,59043455e03a6d395a4241f09983f4b7692e1295,2026-07-16,2026-07-19
IN,"OS Restaurant Services, LLC",os restaurant services,,Full Service Restaurants,722511,source,1415125,,exact:post-era,,,,,,,,,,automatic,cik:1415125,"Merrillville, Mishawaka, Fort Wayne, Kokomo, Greenwood, Muncie, Terre Haute, Bloomington, Clarksville, Evansville and Indianapolis",2020-04-27,2020-04-27,1448,unknown,,0,0,1,https://www.in.gov/dwd/warn-notices/current-warn-notices/,0197932c87ba8722994265941c10e352ac2e056105534be296aa4a1c,b57be5934cd52e26911ccfabaa2e984376651f27,2026-07-16,2026-07-19
IN,ArcelorMittal USA LLC dba North America Segment,arcelormittal usa llc dba north america segment,ArcelorMittal,Iron and Steel Mills and Ferroalloy Manufacturing,331110,source,1243429,MT,fuzzy:0.95:base,3312,"Steel Works, Blast Furnaces & Rolling Mills (Coke Ovens)",,,,Q27893,cik,,,automatic,qid:Q27893,East Chicago,2020-04-28,2020-05-08,3,closure,,0,0,1,https://www.in.gov/dwd/warn-notices/current-warn-notices/,eb2f674e126448f4dbdc4effd6c32bc626289305de5bbc93bd971ead,a018c50bf6f7bc5288686226368a8b3fe93ac745,2026-07-16,2026-07-19
IN,"Horseshoe Hammond, LLC",horseshoe hammond,,"Hobby, Toy, and Game Stores",451120,source,1447682,,exact:post-era,,,,,,,,,,automatic,cik:1447682,Hammond,2020-04-28,2020-03-16,1693,closure,,0,0,1,https://www.in.gov/dwd/warn-notices/current-warn-notices/,5d254f75a6732d79cb6529f13a942f9cbab49c838e31be8e70f4f155,ffe11f73c26af4e8c7ce69f58e66647877fd4630,2026-07-16,2026-07-19
IN,ArcelorMittal USA LLC dba I/N Tek LP,arcelormittal usa llc dba i n tek,ArcelorMittal,"Electroplating, Plating, Polishing, Anodizing, and Coloring",332813,source,1243429,MT,fuzzy:0.95:base,3312,"Steel Works, Blast Furnaces & Rolling Mills (Coke Ovens)",,,,Q27893,cik,,,automatic,qid:Q27893,New Carlisle,2020-04-29,2020-04-26,18,unknown,,0,0,1,https://www.in.gov/dwd/warn-notices/current-warn-notices/,59d1d9e99f6ba282b2d39f336f63ce86bf15b9561bb53a56b90354dd,836855839c40d38fbb17e1a294c5900dbf3bb395,2026-07-16,2026-07-19
IN,"Caesars Riverboat Casino, LLC",caesars riverboat casino,,Casinos (except Casino Hotels),713210,source,1447683,,exact:post-era,,,,,,,,,,automatic,cik:1447683,Elizabeth,2020-04-29,2020-03-30,1161,closure,,0,0,1,https://www.in.gov/dwd/warn-notices/current-warn-notices/,65d37769cbeb52b8217251a374a58fb0f21dcb555cc4cb189db59ff3,434a7dc7d5431cf5bf000fd6e69512edf09ba09d,2026-07-16,2026-07-19
IN,"Hoosier Park, LLC dba Harrah’s Hoosier Park Racing and Casino",hoosier park llc dba harrah s hoosier park racing and casino,,Casinos (except Casino Hotels),713210,source,,,,,,,,,,,,,,n:hoosier park,Anderson,2020-04-29,2020-03-16,998,closure,,0,0,1,https://www.in.gov/dwd/warn-notices/current-warn-notices/,0cc6b6ac3b01999e74c8c4df6f72ee7ae78af338db19fcb30d8e68a7,38c66fd4504221b6eecf0571a2e17a6ca71cf72e,2026-07-16,2026-07-19
IN,American Woodmark Corporation,american woodmark,American Woodmark,Wood Kitchen Cabinet and Countertop Manufacturing,337110,source,794619,,exact,2430,"Millwood, Veneer, Plywood, & Structural Wood Members",,,,Q4745391,cik,,,automatic,qid:Q4745391,Gas City,2020-05-01,2020-05-01,5,unknown,,0,0,1,https://www.in.gov/dwd/warn-notices/current-warn-notices/,02997008ee3fcf0b737b258d0a086d07ee3722977479a460863df258,03599b3cb0b983d25309101f98d952216144102c,2026-07-16,2026-07-19
IN,United States Steel Corporation Gary and Portage,united states steel corporation gary and portage,,Site Preparations Contractors,238910,source,,,,,,,,,,,,,,n:united states steel corporation gary and portage,Gary and Portage,2020-05-01,2020-05-03,3765,unknown,,0,0,1,https://www.in.gov/dwd/warn-notices/current-warn-notices/,e1fdd3fc7ee8db8612f1e3c23784a8d00e1f83704b2af5b0474bae0f,0920af7abf8ae091204edb754be7e4129ba69e39,2026-07-16,2026-07-19
IN,"Strick Trailers, LLC",strick trailers,,All Other Transportation Equipment Manufacturing,336999,source,,,,,,,,,,,,,,n:strick trailers,Monroe,2020-05-06,2020-07-06,174,unknown,,0,0,1,https://www.in.gov/dwd/warn-notices/current-warn-notices/,13078d0eeccee0df24e4750cfed1834c2a07d89e0515b648abe376d1,694b0a12ca4b9a4173e413975b8e4ff7e6db63a6,2026-07-16,2026-07-19
IN,The Westin Hotel Indianapolis,westin hotel indianapolis,,Hotels (except Casino Hotels) and Motels,721110,source,,,,,,,,,,,,,,n:westin hotel indianapolis,Indianapolis,2020-05-07,2020-08-20,95,unknown,,0,0,1,https://www.in.gov/dwd/warn-notices/current-warn-notices/,4968da0314be109b70ed9308ebc6cbde940175a1a895c0cb400ed5de,85ee1ca49e486083517e133920b7eea4921c1850,2026-07-16,2026-07-19
IN,"COX Automotive (Carmel, Clarksville and Indianapolis)",cox automotive carmel clarksville and indianapolis,,Automotive and Other Motor Vehicle Merchant Wholesale,423110,source,,,,,,,,,,,,,,n:cox automotive,"Carmel, Clarksville and Indianapolis",2020-05-08,2020-05-17,263,unknown,,0,0,1,https://www.in.gov/dwd/warn-notices/current-warn-notices/,749b566d9f30c339c5b605a64a39a66ec5fbb969cb1fc228bac02260,65063c59b784d70505e93d749b09d5b7a936a6b4,2026-07-16,2026-07-19
IN,Exide Technologies,exide technologies,,Nonferrous Metal (except Aluminum) Smelting and Refining,331410,source,813781,,exact:post-era,3690,"Miscellaneous Electrical Machinery, Equipment & Supplies",,,,,,,,automatic,cik:813781,Muncie,2020-05-19,2020-07-21,179,closure,,0,0,1,https://www.in.gov/dwd/warn-notices/current-warn-notices/,aadef04246fb4b8a98dbc90bed4b319cf711e19067c61421c4b64bff,4276d936634c59da8165cca255f303851e8b0264,2026-07-16,2026-07-19
IN,White Lodging Services Corporation,white lodging services,,Hotels (except Casino Hotels) and Motels,721110,source,,,,,,,,,,,,,,n:white lodging services,Merrillville,2020-05-20,2020-05-29,83,unknown,,0,0,1,https://www.in.gov/dwd/warn-notices/current-warn-notices/,e48db25d08e7cfcd6641b6054a9f1633acfddee26f5b0f58511e418a,1f502b41128eca2704ee7df47fcf82fe62b9fcff,2026-07-16,2026-07-19
IN,Boyd Gaming Casino dba Blue Chip Casino Hotel Spa,boyd gaming casino dba blue chip casino hotel,,Casinos (except Casino Hotels),713210,source,,,,,,,,,,,,,,n:boyd gaming casino,Michigan City,2020-05-22,2020-07-14,606,unknown,,0,0,1,https://www.in.gov/dwd/warn-notices/current-warn-notices/,b701d7ecfddd2c907d71c05a8280a01ca213a2aee8c16587b956d9bc,2e251dc7a4553435253e541aeba646bf9931eeab,2026-07-16,2026-07-19
IN,Boyd Gaming Corporation dba Belterra Casino Resort,boyd gaming corporation dba belterra casino resort,,Casinos (except Casino Hotels),713210,source,906553,BYD,exact:base,,,,,,,,,,automatic,cik:906553,Florence,2020-05-22,2020-07-14,516,unknown,,0,0,1,https://www.in.gov/dwd/warn-notices/current-warn-notices/,953a41d91759bfbd1e0f917ab930a05f3538ba1ca6a0c195075f4a82,3f3497a24c58d83a36e3bed56d778c28e857913c,2026-07-16,2026-07-19
IN,Sodexo,sodexo,Sodexo,Janitorial Services,561720,source,1169715,,exact,8741,Services-Management Services,,,,Q1475554,label,,,automatic,qid:Q1475554,Westfield,2020-05-27,2020-07-01,66,closure,,0,0,1,https://www.in.gov/dwd/warn-notices/current-warn-notices/,9ad6d966337246bbdb68cc15be2dc78d9d4b7a2800663f40518a5337,a8d39b03c6808ad140a1503af9975a26fd0fff2a,2026-07-16,2026-07-19
IN,"Daramic, LLC",daramic,,"Unlaminated Plastics Film and Sheet (except Packaging)
        Manufacturing",326113,source,1294820,,exact:post-era,,,,,,,,,,automatic,cik:1294820,Corydon,2020-06-01,2021-06-30,74,closure,,0,0,1,https://www.in.gov/dwd/warn-notices/current-warn-notices/,ac94b6abbe4949e1615dbb9c832ffde17c15e4066220558a124524f7,a91b8867123be12bb07576623adfa7a0771c162e,2026-07-16,2026-07-19
IN,Vitro Automotive / Pittsburgh Glass Works,vitro automotive pittsburgh glass works,,Miscellaneous Manufacturing,339,source,,,,,,,,,,,,,,n:vitro automotive pittsburgh glass works,Evansville,2020-06-01,2020-12-31,306,closure,,0,0,1,https://www.in.gov/dwd/warn-notices/current-warn-notices/,8e5135cdd4d4f5e2e3b9e9d62db1b8eea50441dd25e8c2245d7f8cb8,281ca71968f37f472aa894d6c27f05e09de47b20,2026-07-16,2026-07-19
IN,"Horizon Terra, Incorporated dba idX Louisville",horizon terra incorporated dba idx louisville,,Industrial Machinery and Equipment Merchant Wholesalers,423830,source,,,,,,,,,,,,,,n:horizon terra,Jeffersonville,2020-06-02,2020-08-03,114,closure,,0,0,1,https://www.in.gov/dwd/warn-notices/current-warn-notices/,6f972cc5cfb6d5517a0e1625c3fa81e0a815228a45f74ff5f816dc41,747c547f698ded04f1a049a987ea3ec117a35b1f,2026-07-16,2026-07-19
IN,Hollywood Casino Lawrenceburg,hollywood casino lawrenceburg,,Casinos (except Casino Hotels),713210,source,,,,,,,,,,,,,,n:hollywood casino lawrenceburg,Lawrenceburg,2020-06-11,2020-08-05,98,unknown,,0,0,1,https://www.in.gov/dwd/warn-notices/current-warn-notices/,952c4a7a5d5f0edffb5c4d5c847663ceab6cdf8aeb54e50ce188f7a2,cc600b58fd91a89ac393f927386e78b8f430085d,2026-07-16,2026-07-19
IN,Ameristar Casino Hotel East Chicago,ameristar casino hotel east chicago,,Casinos (except Casino Hotels),713210,source,,,,,,,,,,,,,,n:ameristar casino hotel east chicago,East Chicago,2020-06-12,2020-10-15,274,unknown,,0,0,1,https://www.in.gov/dwd/warn-notices/current-warn-notices/,e63f5fab8a6db809bba0c6f69e851a952dd53ccab6e5f2ffe1593c72,e68a8cd9a53e424782854b2461d659bf4fbb0df0,2026-07-16,2026-07-19
IN,Royal Crown Bottling Corp,royal crown bottling,,Soft Drink Manufacturing,312111,source,,,,,,,,,,,,,,n:royal crown bottling,Evansville,2020-06-18,2020-10-03,85,unknown,,0,0,1,https://www.in.gov/dwd/warn-notices/current-warn-notices/,e6dd420af0a8eeeccdf3a277cb7ef5a311bf56def393bbd1cee8f936,bdf8c42f0736dbf6660950cf283ec99bbe2d5a08,2026-07-16,2026-07-19
IN,"ADESA Indianapolis, LLC and Automotive Finance Corporation",adesa indianapolis llc and automotive finance,,Automobile and Other Motor Vehicle Merchant Wholesalers,423110,source,,,,,,,,,,,,,,n:adesa indianapolis llc and automotive finance,Plainfield,2020-06-24,2020-08-01,48,unknown,,0,0,1,https://www.in.gov/dwd/warn-notices/current-warn-notices/,81d529c6ba0a963f2d8d9a8a6df1daba97d1b1d6e03831e5de3aae58,2fc4db4aeae22e4963f8a2d42f251bd21e8b70bf,2026-07-16,2026-07-19
IN,Levy Premium Foodservice Limited Partnership,levy premium foodservice limited partnership,,Food Service Contactors,722310,source,,,,,,,,,,,,,,n:levy premium foodservice limited partnership,Indianapolis,2020-06-24,2020-08-01,21,unknown,,0,0,1,https://www.in.gov/dwd/warn-notices/current-warn-notices/,eddcb08d7f50d7ea1588cc72a4b3e53902d3915ab8bcac3e2728a35b,7d948bfcdaef46c2ea8cc017eb1c1f4204207fbb,2026-07-16,2026-07-19
IN,Medline,medline,,Advertising Material Distribution Services,541870,source,,,,,,,,,,,Medline Inc.,2046386,,n:medline,Plainfield,2020-06-24,2020-12-15,129,closure,,0,0,1,https://www.in.gov/dwd/warn-notices/current-warn-notices/,96fd014e1d12f66bafdc2bd21102d11ae35c8ab28fae33e29b5cc23e,eb7f1a4993bacffdb1de5b11d10e9ecfafbcd9c0,2026-07-16,2026-07-19
IN,"Howard Regional Specialty Care, LLC dba Howard Regional Health System-West Campus Specialty Hospital dba Community Howard Specialty Hospital and Replay Physical Therapy",howard regional specialty care llc dba howard regional health system west campus specialty hospital dba community howard specialty hospital and replay physical therapy,,Specialty (except Psychiatric and Substance Abuse) Hospitals,622310,source,,,,,,,,,,,,,,n:howard regional specialty care,Kokomo,2020-06-25,2020-08-30,121,closure,,0,0,1,https://www.in.gov/dwd/warn-notices/current-warn-notices/,8f7ca42e97c3078d15772325056a5e80d40bfec7aa2b4e7ae9edaa27,6d5757c4447ff849bdb6ae05b36ca45b7ac45b89,2026-07-16,2026-07-19
IN,Iron Mountain,iron mountain,Iron Mountain Incorporated,All Other Information Services,519190,source,1020569,IRM,exact,6798,Real Estate Investment Trusts,,,,Q1673079,cik,,,automatic,qid:Q1673079,Indianapolis,2020-06-29,2020-09-25,68,closure,,0,0,1,https://www.in.gov/dwd/warn-notices/current-warn-notices/,5e1acf3427d7d5a1710c77f1ac1abd02479b7018667196f81c5562dd,ccffef78bf8b9f254c9726543556ea772acdffc5,2026-07-16,2026-07-19
IN,"Universal Protection Service, LLC dba Allied Universal Security Services",universal protection service llc dba allied universal security services,,Security Systems Services (except Locksmiths),561621,source,,,,,,,,,,,,,,n:universal protection service,Indianapolis,2020-06-30,2020-07-10,48,unknown,,0,0,1,https://www.in.gov/dwd/warn-notices/current-warn-notices/,923bfe2b1844f8b03dc16dad4bbf8615a9c74a78c7b92bae38be8459,af13867a9ef13b6e179c49f3a2928d1c3717ea10,2026-07-16,2026-07-19
IN,"Heritage Food Service Group, LLC",heritage food service group,,Other Commercial Equipment Merchant Wholesalers,423440,source,,,,,,,,,,,,,,n:heritage food service group,Fort Wayne,2020-07-02,2020-12-31,86,unknown,,0,0,1,https://www.in.gov/dwd/warn-notices/current-warn-notices/,3252004e4eefc0b16d3e078a15b44562e75456f5b7b68d81d352b0fc,b7f281c210ff9c11a8d56dc0780c92eebf7d27ae,2026-07-16,2026-07-19
IN,White Lodging Services Corporation dba Courtyard Fort Wayne Downtown,white lodging services corporation dba courtyard fort wayne downtown,,Hotels (except Casino Hotels) and Motels,721110,source,,,,,,,,,,,,,,n:white lodging services,Fort Wayne,2020-07-02,2020-07-02,75,unknown,,0,0,1,https://www.in.gov/dwd/warn-notices/current-warn-notices/,d40fa1e170dd1f5ed8aa96060facf30c582a19aa4f2e2f248a809b56,756972c759839f1bb00449bc267288427822896e,2026-07-16,2026-07-19
IN,White Lodging Services Corporation dba JW Indianapolis,white lodging services corporation dba jw indianapolis,,Hotels (except Casino Hotels) and Motels,721110,source,,,,,,,,,,,,,,n:white lodging services,Indianapolis,2020-07-02,2020-07-02,559,unknown,,0,0,1,https://www.in.gov/dwd/warn-notices/current-warn-notices/,61cbfabce88096bce4e95d90af7f966ad24521075a87f0f4add3a75a,c9b6c87ddc478cd1f2da536dc5aa33dc6a5846a8,2026-07-16,2026-07-19
IN,White Lodging Services Corporation dba Marriot Indianapolis,white lodging services corporation dba marriot indianapolis,,Hotels (except Casino Hotels) and Motels,721110,source,,,,,,,,,,,,,,n:white lodging services,Indianapolis,2020-07-02,2020-07-02,324,unknown,,0,0,1,https://www.in.gov/dwd/warn-notices/current-warn-notices/,7ec46c530492b10125d4acb7b119cd24f6c187a6c2c953e92f08475b,ece520d29fdab0193a707d7d2c3ded081a6e71fb,2026-07-16,2026-07-19
IN,"Toll Brothers, Inc.",toll brothers,Toll Brothers,Lessors of Other Real Estate Property,531190,source,794170,TOL,exact,1531,Operative Builders,,,,Q7814310,cik,,,automatic,qid:Q7814310,Knox,2020-07-06,2020-09-04,35,closure,,0,0,1,https://www.in.gov/dwd/warn-notices/current-warn-notices/,a49de86012f5938fe4e845407eb8eb0d17fe70d2316ec0fd056034b9,2c1df4a9b5e53326ab8009d1e65900da43a0e660,2026-07-16,2026-07-19
IN,"United Airlines, Inc.",united airlines,United Airlines,Scheduled Passenger Air Transportation,481111,source,319687,,exact,4512,"Air Transportation, Scheduled",,,,Q174769,cik,UAL Corporation,,automatic,qid:Q174769,Indianapolis,2020-07-08,2020-10-01,70,unknown,,0,0,1,https://www.in.gov/dwd/warn-notices/current-warn-notices/,16bf16f3b4c26f23645fc9ed5fe824b7ea16d7d38cf383cde19c672e,7db7802aed67bc572ca801c3a5a5f15d2015adef,2026-07-16,2026-07-19
IN,"Horton, Inc.br />Phase 1 (7/28/20)Phase 2 (7/28/20)Phase 3 (8/13/20)Phase 4 (10/23/20)",horton inc br phase 1 7 28 20 phase 2 7 28 20 phase 3 8 13 20 phase 4 10 23 20,,Other Motor Vehicle Parts Manufacturing,336390,source,,,,,,,,,,,,,,n:horton inc br phase 1,Carmel,2020-07-14,2021-01-31,65,closure,,0,0,1,https://www.in.gov/dwd/warn-notices/current-warn-notices/,20c20da4dfa6bc37788ec15b02b15126cc1e8a52f51cb78ec3d495a1,7b9e303ae03343781e227bf18b213e5faa677c27,2026-07-16,2026-07-19
IN,"Fiserv, Inc.",fiserv,Fiserv,Paper Bag and Coated and Treated Paper Manufacturing,322220,source,798354,FISV,exact,7389,"Services-Business Services, NEC",,,,Q1420513,cik,,,automatic,qid:Q1420513,Indianapolis & Plainfield,2020-07-15,2020-11-09,119,unknown,,0,0,1,https://www.in.gov/dwd/warn-notices/current-warn-notices/,bbbac3bf9b696ee7c98f332f05fb0bb86297a0f2067919c01c7b1f3e,4217b7b070910c1923b8b47626d3da42179249e9,2026-07-16,2026-07-19
IN,Embassy Suites Hotel Indianapolis Downtown,embassy suites hotel indianapolis downtown,,Hotels (except Casino Hotels) and Motels,721110,source,,,,,,,,,,,,,,n:embassy suites hotel indianapolis downtown,Indianapolis,2020-07-17,2020-03-17,26,unknown,,0,0,1,https://www.in.gov/dwd/warn-notices/current-warn-notices/,3b42cbfa9a4d45a492e71077505833955f443f4cddcf3dec4c6d2726,4acec7f1801e187e3654ffd255912e4671b648e5,2026-07-16,2026-07-19
IN,Embassy Suites by Hilton at Notre Dame,embassy suites by hilton at notre dame,,Hotels (except Casino Hotels) and Motels,72111,source,,,,,,,,,,,,,,n:embassy suites by hilton at notre dame,South Bend,2020-07-17,2020-03-20,19,unknown,,0,0,1,https://www.in.gov/dwd/warn-notices/current-warn-notices/,573734f13df05a776318ffe734c68a28735e9166f793c26e4a2534f4,d3ae6dce11db40af843dbf33e3262af341792516,2026-07-16,2026-07-19
IN,Hilton Conrad Domestic Employer LLC,hilton conrad domestic employer,,Hotels (except Casino Hotels) and Motels,721110,source,,,,,,,,,,,,,,n:hilton conrad domestic employer,Indianapolis,2020-07-17,2020-03-20,86,unknown,,0,0,1,https://www.in.gov/dwd/warn-notices/current-warn-notices/,e7c32ac5d4648ee046fd7427b2a23f142160db001ab16f72d60b387a,8a9ce4aaa556c1ccefe5fa3712b400a44efeb501,2026-07-16,2026-07-19
IN,"CMR Partners, LLP dba Ponderosa Steakhouse",cmr partners llp dba ponderosa steakhouse,,Full Service Restaurants,722511,source,,,,,,,,,,,,,,n:cmr partners,Greenfield & Goshen,2020-07-20,2020-07-20,192,closure,,0,0,1,https://www.in.gov/dwd/warn-notices/current-warn-notices/,7328d0cba63c7861364e59fb298a5c3c86d6e0915eba4836946eb97d,688c20add08e3def54437df056f4cc8caa0c6a19,2026-07-16,2026-07-19
IN,American Queen Steamboat Company,american queen steamboat,,All Other Traveler Accommodation,721199,source,,,,,,,,,,,,,,n:american queen steamboat,New Albany,2020-07-22,2020-09-24,250,unknown,,0,0,1,https://www.in.gov/dwd/warn-notices/current-warn-notices/,798c8037e690e2710d2f7fc3ef49c37668cf3cf05dc93cdd9626b8a9,09206380faa873280f029204bad2d5156e9b7e1d,2026-07-16,2026-07-19
IN,Indianapolis Symphony Orchestra,indianapolis symphony orchestra,,Musical Instrument and Supplies Stores,451140,source,,,,,,,,,,,,,,n:indianapolis symphony orchestra,Indianapolis,2020-07-24,2020-06-08,111,unknown,,0,0,1,https://www.in.gov/dwd/warn-notices/current-warn-notices/,f44bcaecb0135166283492d4e8f8f1d5b2cbacc3ffa593ac77253593,3111c05bb8d1142d585929b21dfdbd77e3d6a9aa,2026-07-16,2026-07-19
IN,PL Marketing,pl marketing,,Marketing Consulting Services,541613,source,,,,,,,,,,,,,,n:pl marketing,Statewide,2020-07-27,2020-08-14,225,unknown,,0,0,1,https://www.in.gov/dwd/warn-notices/current-warn-notices/,47649fe79ac1c8cfdb21dc8730aa03a4259e9b8369e2985eea2cfb5e,06df5b639c10ac8649b75961dcf8e94fb6df043c,2026-07-16,2026-07-19
IN,Republic Airways,republic airways,Republic Airways,Scheduled Passenger Air Transportation,481111,source,,,,,,,,,Q1669658,label,Republic Airways Holdings,,automatic,qid:Q1669658,Indianapolis,2020-07-30,2020-11-01,293,unknown,,0,0,1,https://www.in.gov/dwd/warn-notices/current-warn-notices/,8da6214cdae60bf7a9dc68b9e3d2d721c6cefcd85c0d3c5197cb28eb,cd2df6c0abcd22d3cfc469520baff6f0e63460ba,2026-07-16,2026-07-19
IN,The Arch of Evansville dba Arc Industries Plant 1,arch of evansville dba arc industries plant 1,,Services for the Elderly and Persons with Disabilities,624120,source,,,,,,,,,,,,,,n:arch of evansville,Evansville,2020-08-04,2020-09-29,35,closure,,0,0,1,https://www.in.gov/dwd/warn-notices/current-warn-notices/,4fb938a97a274d9ad07195ad218ec795d552ba76d8d55050f9862fd5,b9a029be9acdacb60380994b0ef1612e63fe3b0c,2026-07-16,2026-07-19
IN,Hickory Springs Manufacturing,hickory springs manufacturing,,Institutional Furniture Manufacturing,337127,source,,,,,,,,,,,,,,n:hickory springs manufacturing,New Castle,2020-08-05,2020-10-09,59,unknown,,0,0,1,https://www.in.gov/dwd/warn-notices/current-warn-notices/,f3ee639c4a18a72cc86b786ae297c6eee25a7eebf8b4f38e87d9c9d4,7ae42c551aaca2aa1987cc9faf952ea926689f64,2026-07-16,2026-07-19
IN,HMS Host,hms host,HMSHost,Food Service Contractors,722310,source,,,,,,,,,Q3786866,label,Autogrill,,automatic,qid:Q3786866,Rolling Prairie,2020-08-11,2020-03-20,3,unknown,,0,0,1,https://www.in.gov/dwd/warn-notices/current-warn-notices/,91d6adde6baba7e238636c83521f44a253400f2282a51ae883339608,f858247d7706e828fbd55b1084eb3b5ca3c14b70,2026-07-16,2026-07-19
IN,The Alexander Hotel,alexander hotel,,Hotels (except Casino Hotels) and Motels,722110,source,,,,,,,,,,,,,,n:alexander hotel,Indianapolis,2020-08-13,2020-03-23,31,unknown,,0,0,1,https://www.in.gov/dwd/warn-notices/current-warn-notices/,827d50449e2f06156b941cf32c69c4ac634815e85a88a7637a88e97a,5d230ba374cf8e963edac70ab43d148ad98e29a1,2026-07-16,2026-07-19
IN,"CMR Partners, LLP dba Ponderosa Steakhouse",cmr partners llp dba ponderosa steakhouse,,Full Service Restaurants,722511,source,,,,,,,,,,,,,,n:cmr partners,Anderson & Indianapolis,2020-08-26,2020-08-28,140,closure,,0,0,1,https://www.in.gov/dwd/warn-notices/current-warn-notices/,e11092b5cc33506cc9b90a451adddccff45373e4f6cccbdf88e0d7da,b0448ebfd04a70a2fcc4735f77822addd77d1c9c,2026-07-16,2026-07-19
IN,"Avis Budget Car Rental, LLC",avis budget car rental,,Passenger Car Rental,532111,source,1391303,,exact:post-era,7510,Services-Auto Rental & Leasing (No Drivers),,,,,,,,automatic,cik:1391303,Fort Wayne & Indianapolis,2020-08-28,2020-04-01,19,unknown,,0,0,1,https://www.in.gov/dwd/warn-notices/current-warn-notices/,304da97f424e0c2bf457adabd74cd5967d1b023802d79739640a1d4f,ee19525e41294a5836153f1fe87a05826dafded7,2026-07-16,2026-07-19
IN,"Universal Bearings, LLC",universal bearings,,All Other Transportation Equipment Manufacturing,336999,source,,,,,,,,,,,,,,n:universal bearings,Bremen,2020-08-28,2020-04-13,61,unknown,,0,0,1,https://www.in.gov/dwd/warn-notices/current-warn-notices/,70e960ae1ceab7dba84df91e9fec8e6d79b8e3724fc195ca16e44dcc,dd665e4a355a32dda3b1304729cd8b3c53d44e18,2026-07-16,2026-07-19
IN,UAW-Chrysler National Training Center,uaw chrysler national training center,,All Other Miscellaneous Schools and Instruction,611699,source,,,,,,,,,,,,,,n:uaw chrysler national training center,Kokomo,2020-08-31,2020-10-31,,closure,,0,0,1,https://www.in.gov/dwd/warn-notices/current-warn-notices/,a70742b9290271326fc4662cb3d17460c493dc895b42ea33f258f3d3,749de6a7714bb161b08dbb6b70694a70b8c4d69b,2026-07-16,2026-07-19
IN,"LSC Communications US, LLC",lsc communications us,,Commercial Gravure Printing,323111,source,1669812,,fuzzy:0.97,2750,Commercial Printing,,,,,,,,automatic,cik:1669812,Kendallville,2020-09-01,2020-12-23,307,closure,,0,0,1,https://www.in.gov/dwd/warn-notices/current-warn-notices/,682ba0f90258acd91ea2269ee812cf83cd2b78bda70533931040fc8e,aa3a44917dcf9a9037266055934574b7e9149110,2026-07-16,2026-07-19
IN,"Regal Beloit America, Inc.",regal beloit america,,Ball and Roller Bearing Manufacturing,332991,source,,,,,,,,,,,,,,n:regal beloit america,Valparaiso,2020-09-08,2021-05-31,63,closure,,0,0,1,https://www.in.gov/dwd/warn-notices/current-warn-notices/,97a0bda53f5d7b5f315eaa0f3956245b8aae9c28d416a4f85a027294,b0e47d8a28bdd25cdfa89e1fbbe323be830e55a9,2026-07-16,2026-07-19
IN,Howmet Aerospace La Porte,howmet aerospace la porte,,Nonferrous Metal (except Aluminum) Smelting and Refining,331523,source,,,,,,,,,,,,,,n:howmet aerospace la porte,La Porte,2020-09-15,2020-11-09,150,unknown,,0,0,1,https://www.in.gov/dwd/warn-notices/current-warn-notices/,108a0c6663a1d0c56c3bad06b9041d90372a819049ff8ae66e33cd33,9b0b57cb85d03f1a80081a66f86df99c5475ff3c,2026-07-16,2026-07-19
IN,Omni Severin Hotel,omni severin hotel,,Hotels Except Casino Hotels and Motels,721110,source,,,,,,,,,,,,,,n:omni severin hotel,Indianapolis,2020-09-17,2020-03-18,69,unknown,,0,0,1,https://www.in.gov/dwd/warn-notices/current-warn-notices/,0a4770561aaff25de72179194d6c20244b5bac0e9af5266c76dd8ac7,f8161e0bfb2bf53b06a0a1278169778d301599bc,2026-07-16,2026-07-19
IN,"PF Chang's China Bistro (Indianapolis 1, Indianapolis 2, Fort Wayne)",pf chang s china bistro indianapolis 1 indianapolis 2 fort wayne,,Full Service Restaurants,722110,source,,,,,,,,,,,,,,n:pf chang s china bistro,Indianapolis & Fort Wayne,2020-09-18,2020-03-01,225,unknown,,0,0,1,https://www.in.gov/dwd/warn-notices/current-warn-notices/,1620697d3b9e51cb6b4911bf13595a294f63fcad6c7be69268f2078f,0fd61edfe02d23f97fc0c075761cc93d9b27c023,2026-07-16,2026-07-19
IN,Acument Global Technology,acument global technology,,Hardware Merchant Wholesalers,423710,source,,,,,,,,,,,,,,n:acument global technology,Rochester,2020-09-30,2021-03-26,59,closure,,0,0,1,https://www.in.gov/dwd/warn-notices/current-warn-notices/,3eb36b38c787be3fd396172607dd736990917d1dd12dec5bd60b1419,5066b990b73f3397ae8dee9497103e7c3c043134,2026-07-16,2026-07-19
IN,Leidos,leidos,,Mortgage and Nonmortgage Loan Brokers,522310,source,353394,,exact,7373,Services-Computer Integrated Systems Design,,,,,,,,automatic,cik:353394,Indianapolis,2020-09-30,2020-11-30,61,unknown,,0,0,1,https://www.in.gov/dwd/warn-notices/current-warn-notices/,6f4fb71247213ee746d8b3f1083e69f8654e985c340491045291b56c,071a4721c7a47355e5d4441ec296f1e6b2a40721,2026-07-16,2026-07-19
IN,"Monarch Beverage Co., EF Transit, Inc. & Monarch Beverage Co., EF Transit, Inc. & Monarch Medical Center, LLC",monarch beverage co ef transit inc monarch beverage co ef transit inc monarch medical center,,Beer and Ale Merchant Wholesalers,424810,source,,,,,,,,,,,,,,n:monarch beverage,EvansvilleIndianapolis,2020-10-05,2020-12-11,633,closure,,0,0,1,https://www.in.gov/dwd/warn-notices/current-warn-notices/,30497b147d49c60220222264b0eea3710211a887dafde193c1ac2936,079da8d259efd97066100e4d039003fed885584f,2026-07-16,2026-07-19
IN,AAA Sales & Engineering Inc.,aaa sales engineering,,Machine Shops,332710,source,,,,,,,,,,,,,,n:aaa sales engineering,Angola,2020-10-08,2021-01-31,53,closure,,0,0,1,https://www.in.gov/dwd/warn-notices/current-warn-notices/,575b44fb9d3fb86928f4f2256a6eccf41efbd8e96db57ee149f2316d,1c3131fe9f69d8bfe3d0e5f47dba79018b29b9f7,2026-07-16,2026-07-19
IN,Aramark,aramark,Aramark,Other Performing Arts Companies,711190,source,1584509,ARMK,exact,5812,Retail-Eating  Places,,,,Q625708,cik,,,automatic,qid:Q625708,Indianapolis,2020-10-16,2020-03-20,66,unknown,,0,0,1,https://www.in.gov/dwd/warn-notices/current-warn-notices/,affb44b470396264b7cfb7d423783dd295310273d0ea4c1a5c865dcb,79aa1ff462b31b9282f6c17b0629e4e6a8d0176b,2026-07-16,2026-07-19
IN,Tenneco (formerly Federal Mogul),tenneco formerly federal mogul,Tenneco,Motor Vehicle Transmission and Power Train Parts Manufacturing,336350,source,1024725,,exact:base,3714,Motor Vehicle Parts & Accessories,,,,Q1509038,cik,,,automatic,qid:Q1509038,South Bend,2020-10-21,2020-12-01,271,unknown,,0,0,1,https://www.in.gov/dwd/warn-notices/current-warn-notices/,7830de7c95222d17317187fa2a3ff5053d4452f7e5d4eef93f302fa4,9b38ba536687bb1113675fa85789f8a6f8c459e6,2026-07-16,2026-07-19
IN,Metaldyne BSM LLC - AAM Fremont Manufacturing Facility,metaldyne bsm llc aam fremont manufacturing facility,,Other Motor Vehicle Parts Manufacturing,336390,source,1634012,,exact:base,,,,,,,,,,automatic,cik:1634012,Fremont,2020-10-23,2021-06-30,62,closure,,0,0,1,https://www.in.gov/dwd/warn-notices/current-warn-notices/,62f001d85aeb6eff8f3edda8f57bdda4fa765b8b233e36f9e2166367,d33cd4054cfcc71ffff8b38a89d9b9c96dc9ffb1,2026-07-16,2026-07-19
IN,Bell Techlogix,bell techlogix,,Other Electronic and Precision Equipment Repair and Maintenance,811219,source,,,,,,,,,,,,,,n:bell techlogix,Plainfield,2020-10-30,2020-12-31,250,unknown,,0,0,1,https://www.in.gov/dwd/warn-notices/current-warn-notices/,244024ec496909c8389a8d2ff3984ed0dd68af3d83a6298a9ede016a,4f9f3769aadc2a950e9bdca03a8791b27b06a9c3,2026-07-16,2026-07-19
IN,Signature HealthCARE of Bluffton,signature healthcare of bluffton,,Other Electronic and Precision Equipment Repair and Maintenance,811219,source,,,,,,,,,,,,,,n:signature healthcare of bluffton,Plainfield,2020-10-30,2020-12-31,250,closure,,0,0,1,https://www.in.gov/dwd/warn-notices/current-warn-notices/,c7c39517629904e9489c2ce944a9bdd9ed72d3c8042aefc1f6581ab4,34525cc44adf65e2e816c2bfbb1f036f74e50e2e,2026-07-16,2026-07-19
IN,Eaton Corporation,eaton,Eaton Corporation,All Other Miscellaneous Electrical Equipment and Component Manufacturing,335999,source,1551182,ETN,exact:listed,3590,Misc Industrial & Commercial Machinery & Equipment,,,,Q48872,cik,,,automatic,qid:Q48872,Auburn,2020-11-05,2021-05-31,108,closure,,0,0,1,https://www.in.gov/dwd/warn-notices/current-warn-notices/,bb6f80064ccc80b06096f35b68167c54e7053463d16d5539c7c7e503,984dcd734ae0639570ee920cb92464a7901cb140,2026-07-16,2026-07-19
IN,Manchester Tank & Equipment,manchester tank equipment,,Metal Tank (Heavy Gauge) Manufacturing,332420,source,,,,,,,,,,,,,,n:manchester tank equipment,Elkhart,2020-11-10,2021-07-30,128,closure,,0,0,1,https://www.in.gov/dwd/warn-notices/current-warn-notices/,9a2d4b4eb86c35a85c5a65b1fb984ad97735a5c13cc17e527eb08cb1,28c5b48b86475e5e21078e6e9a922b78b8c61fea,2026-07-16,2026-07-19
IN,Wabash Valley,wabash valley,,Furniture and Related Product Manufacturing,337,source,,,,,,,,,,,,,,n:wabash valley,Silver Lake,2020-11-11,2021-03-19,80,closure,,0,0,1,https://www.in.gov/dwd/warn-notices/current-warn-notices/,e22c2a2e3ce495ff30f5e50df082189369552eac85a0401d8f5cc99f,31d57179cff30806dda06e010011195d85d0bf7f,2026-07-16,2026-07-19
IN,"Acuity Brands Lighting, Inc.",acuity brands lighting,,All Other Home Furnishings Stores,442299,source,1495451,,exact,3640,Electric Lighting & Wiring Equipment,,,,,,,,automatic,cik:1495451,Fishers,2020-11-20,2021-04-30,150,closure,,0,0,1,https://www.in.gov/dwd/warn-notices/current-warn-notices/,dbb2becafe353ef52136b865b7c95baa98bd4dd2ae26ae82551c073b,7f7075819ef20f7cda46a8911e3f89902b8d5f55,2026-07-16,2026-07-19
IN,Vibracoustic,vibracoustic,,Rubber Product Manufacturing for Mechanical Use,326291,source,,,,,,,,,,,,,,n:vibracoustic,Ligonier,2020-11-22,2021-06-30,84,closure,,0,0,1,https://www.in.gov/dwd/warn-notices/current-warn-notices/,cbc4577c9bf265d620f006c78509fef5d1b8d01fedaffea7f21aa102,9eb11711d0151da09498504b3560ce239fced8ba,2026-07-16,2026-07-19
IN,"SMI Division of DCX-CHOL Enterprises, INC.",smi division of dcx chol enterprises,,Other General Government Support,921190,source,,,,,,,,,,,,,,n:smi division of dcx chol enterprises,Fort Wayne,2020-12-01,2021-01-31,52,closure,,0,0,1,https://www.in.gov/dwd/warn-notices/current-warn-notices/,3444a78eaa3d787631dee9f8e699dceafe6c633e4e24a6fc1ad69f08,39c05f438704beca62f65b3064484dc2a9261347,2026-07-16,2026-07-19
IN,"White Stallion Energy, LLC",white stallion energy,,Coal Mining,21211,source,,,,,,,,,,,,,,n:white stallion energy,Evansville and Illinois,2020-12-02,2020-12-02,338,closure,,0,0,1,https://www.in.gov/dwd/warn-notices/current-warn-notices/,2cf2dfd1935128b956b85927b6f0975f623d76109648e08a06538441,1bd9583bde0cee7629717e2f9bd29140edfbd1ca,2026-07-16,2026-07-19
IN,Universal Protection Service LLC dba Allied Universal Security Services,universal protection service llc dba allied universal security services,,Security Guards and Patrol Services,561612,source,,,,,,,,,,,,,,n:universal protection service,Roanoke,2020-12-08,2021-02-01,57,closure,,0,0,1,https://www.in.gov/dwd/warn-notices/current-warn-notices/,db7a0e378c1b891acf539e8df5e18aba05ba6f7d827c03e7ac8efd13,d0c195737f3f33c9ffa71e123451ca7bb572c0a1,2026-07-16,2026-07-19
IN,Avery Dennison Corporation,avery dennison,Avery Dennison,Office Supplies and Stationery Stores,453210,source,8818,AVY,exact,2670,Converted Paper & Paperboard Prods (No Contaners/Boxes),,,,Q790650,cik,,,automatic,qid:Q790650,Fort Wayne,2020-12-18,2021-12-31,154,closure,,0,0,1,https://www.in.gov/dwd/warn-notices/current-warn-notices/,ff29d940f48cef08ef0fb4ac133df7e7ede5dcee313e6795283c9ee2,ff3e4081b92a3b5629f53d80868fd6b2bbdabb04,2026-07-16,2026-07-19
IN,"Dana Light Axle Products, LLC",dana light axle products,,Vehicular Lighting Equipment Manufacturing,336321,source,,,,,,,,,,,,,,n:dana light axle products,Albion,2021-01-20,2021-05-31,73,closure,,0,0,1,https://www.in.gov/dwd/warn-notices/current-warn-notices/,8e89a063acee9a8125ada10112dba5fa6dd76ba5687faa8cf49e75a0,ff403a930740e1f908cfe7befac1ef18e18cebe0,2026-07-16,2026-07-19
IN,Mitsubishi Heavy Industries Climate Control,mitsubishi heavy industries climate control,,Other Motor Vehicle Parts Manufacturing,336390,source,,,,,,,,,,,,,,n:mitsubishi heavy industries climate control,Franklin,2021-01-29,2021-12-31,82,closure,,0,0,1,https://www.in.gov/dwd/warn-notices/current-warn-notices/,37e94678628768ca1e48a666a00a80a668c521de91d813092887d523,c8b6e08dabf3dbda279240b7e0b49155da5064c2,2026-07-16,2026-07-19
IN,"Coca-Cola Consolidated, Inc.",coca cola consolidated,,Soft Drink Manufacturing,312111,source,317540,COKE,exact,2086,Bottled & Canned Soft Drinks & Carbonated Waters,,,,,,,,automatic,cik:317540,Lafayette,2021-02-15,2021-04-18,52,unknown,,0,0,1,https://www.in.gov/dwd/warn-notices/current-warn-notices/,32cfa848246932cf5217317ad0dbb9bca72e0166f3e20817263ffc9c,a9e660d58d5fd0f2fa95b84dc5453b4aff40f9a8,2026-07-16,2026-07-19
IN,"Performant Recovery, Inc.",performant recovery,,Collection Agencies,561440,source,,,,,,,,,,,,,,n:performant recovery,Indianapolis,2021-02-26,2021-05-07,115,unknown,,0,0,1,https://www.in.gov/dwd/warn-notices/current-warn-notices/,9c3c96306b55a08009b732c752d949061d32e2f139bd41d9e2f3104c,3daf9fcb0fdaab9c29df2df19bc0bdcbcdad5abf,2026-07-16,2026-07-19
IN,Crestview Management dba Hyatt Regency Indianapolis,crestview management dba hyatt regency indianapolis,,Hotels (except Casino Hotels) and Motels,721110,source,1767143,,exact:base,,,,,,,,,,automatic,cik:1767143,Indianapolis,2021-03-18,2020-03-16,78,unknown,,0,0,1,https://www.in.gov/dwd/warn-notices/current-warn-notices/,5d49d2f5c2f2c6847203e4f9149b20fc2b79917b406107700a7563c8,e5e109dc2b4b2bf93ca743e9c8358eaf375d402f,2026-07-16,2026-07-19
IN,Crestview Management dba Indianapolis Marriott North,crestview management dba indianapolis marriott north,,Hotels (except Casino Hotels) and Motels,721110,source,1767143,,exact:base,,,,,,,,,,automatic,cik:1767143,Indianapolis,2021-03-18,2020-03-16,73,unknown,,0,0,1,https://www.in.gov/dwd/warn-notices/current-warn-notices/,3eaf634a25bed9413e5e6b653372d1eea981f6d905b78d1181de37eb,8d74b1c9dbe5980c167546b11b911f42b3da9442,2026-07-16,2026-07-19
IN,Hubbell/RACO,hubbell raco,,All Other Miscellaneous Electrical Equipment and Component Manufacturing,335999,source,,,,,,,,,,,,,,n:hubbell raco,South Bend,2021-03-31,2021-06-01,75,closure,,0,0,1,https://www.in.gov/dwd/warn-notices/current-warn-notices/,544eae70902a3fd8b3baeb7bd69a7b94678184f77f765a2ca4129cf9,3f658fe027f153855f1b5293648b1c89bb6c6904,2026-07-16,2026-07-19
IN,"Rose Acre Farms, Inc.",rose acre farms,,Chicken Egg production,112310,source,,,,,,,,,,,,,,n:rose acre farms,Monon,2021-04-15,2021-06-14,94,closure,,0,0,1,https://www.in.gov/dwd/warn-notices/current-warn-notices/,9cb8876a84bbfffcd68b90c0f4297912b8237733f8060e2b43c3592d,c11d4766b919e005c02245eb08b59cc2ca8a9bed,2026-07-16,2026-07-19
IN,Five Star Senior Living Inc. Meadwood,five star senior living inc meadwood,,Homes for the Elderly,623312,source,,,,,,,,,,,,,,n:five star senior living inc meadwood,Indianapolis,2021-04-20,2021-05-01,96,closure,,0,0,1,https://www.in.gov/dwd/warn-notices/current-warn-notices/,710990c2c04419ab0e3c5579323bc93261891aaa24ccae4ecb2a0380,b7321f45573960f0b039ae6a974ad35b4083c489,2026-07-16,2026-07-19
IN,"IAC Greencastle, LLC dba International Automotive Components",iac greencastle llc dba international automotive components,,Motor Vehicle Body Manufacturing,336211,source,,,,,,,,,,,,,,n:iac greencastle,Greencastle,2021-05-25,2021-07-23,93,unknown,,0,0,1,https://www.in.gov/dwd/warn-notices/current-warn-notices/,74e70f2e288d15db2f77342aed599be99f3720111d625a33fbe2a2f1,c8ff8f916dad57901c113f24213d90019010e586,2026-07-16,2026-07-19
IN,"Steel Parts Manufacturing, Inc.",steel parts manufacturing,,Automobile Manufacturing,336111,source,,,,,,,,,,,,,,n:steel parts manufacturing,Tipton,2021-05-28,2021-08-13,107,closure,,0,0,1,https://www.in.gov/dwd/warn-notices/current-warn-notices/,6ab68498369f7a0622b233148c1c5fecc339330d4ac1c60b382551a6,8670952391e85327ede6872fe76f7aef27c2d823,2026-07-16,2026-07-19
IN,"DFA Dairy Brands Ice Cream, LLC",dfa dairy brands ice cream,,Ice Cream and Frozen Dessert Manufacturing,311520,source,,,,,,,,,,,,,,n:dfa dairy brands ice cream,Decatur,2021-06-11,2021-12-31,176,closure,,0,0,1,https://www.in.gov/dwd/warn-notices/current-warn-notices/,66fa26b0e306152cf8150278dfa8ab725892d6db56d2ad6bce190d0f,1c505b09aa2f6628c1ba1b1bfcbf44694c178724,2026-07-16,2026-07-19
IN,Franciscan Health,franciscan health,,General Medical and Surgical Hospitals,622110,source,,,,,,,,,,,,,,n:franciscan health,Hammond,2021-06-17,2021-08-21,83,unknown,,0,0,1,https://www.in.gov/dwd/warn-notices/current-warn-notices/,522f8792ffb19c4693009f125d0c9a6877b2f12715296f970b4bc8fa,3fa678dc1f23c4ae152f461e89a998271a22b060,2026-07-16,2026-07-19
IN,Transdev Inc.,transdev,,All Other Transit and Ground Passenger Transportation,485999,source,,,,,,,,,,,,,,n:transdev,Indianapolis,2021-08-08,2021-09-30,86,closure,,0,0,1,https://www.in.gov/dwd/warn-notices/current-warn-notices/,862101c15633f7465ca0bcf55ac06023a7d194bd5ad572eab95f855c,5375a4262e4ce60e0455993630fcdf613e6b03c1,2026-07-16,2026-07-19
IN,Triumph Hospital NW Indiana LLC DBA Kindred Hospital Northwest Indiana,triumph hospital nw indiana llc dba kindred hospital northwest indiana,,General Medical and Surgical Hospitals,622110,source,,,,,,,,,,,,,,n:triumph hospital nw indiana,Hammond,2021-08-10,2021-10-10,110,closure,,0,0,1,https://www.in.gov/dwd/warn-notices/current-warn-notices/,fed1838fd736c2177acdb3522ad73b1084d4753f79bc53b4a5a2e1b8,e91c88f819e0b6463c29ef623402fc01c042f5ed,2026-07-16,2026-07-19
IN,Diamond Chain Company,diamond chain,,Industrial Supplies Merchant Wholesalers,423840,source,,,,,,,,,,,,,,n:diamond chain,Indianapolis,2021-09-20,2021-11-26,146,closure,,0,0,1,https://www.in.gov/dwd/warn-notices/current-warn-notices/,16f3b54a57e9e261d94a1eb1f1929b467beb4c465fefd1fe1c276d6f,69c0af0ed02b19b756dbb1b8052162c2360e1943,2026-07-16,2026-07-19
IN,CoreCivic,corecivic,CoreCivic,Other Individual and Family Services,624190,source,1070985,CXW,exact:listed,6798,Real Estate Investment Trusts,,,,Q1135278,cik,,,automatic,qid:Q1135278,Indianapolis,2021-10-01,2021-12-31,143,unknown,,0,0,1,https://www.in.gov/dwd/warn-notices/current-warn-notices/,d3183d145b7dce2cab6d3cecf327aef194e57fc77c98372b0abe54ea,539139a29ee65cbfcd04c339cb9f54e12d346db9,2026-07-16,2026-07-19
IN,"IAC Greencastle, LLC dba International Automotive Components",iac greencastle llc dba international automotive components,,Motor Vehicle Body Manufacturing,336211,source,,,,,,,,,,,,,,n:iac greencastle,Greencastle,2021-10-30,2021-12-31,125,unknown,,0,0,1,https://www.in.gov/dwd/warn-notices/current-warn-notices/,91512c39eb334140d6c53edf251a4d20d57526f8272181a36c4fa64c,9177a6eeb6b2128e6bc4e49e10b26e9c406fdfae,2026-07-16,2026-07-19
IN,Kauffman Engineering,kauffman engineering,,Engineering Services,541330,source,,,,,,,,,,,,,,n:kauffman engineering,Lebanon,2021-11-18,2022-03-18,63,closure,,0,0,1,https://www.in.gov/dwd/warn-notices/current-warn-notices/,a4c422d65d1c93842c6c270ace88abb3fe88dc6a17e13403a5367ad4,758275f07b0d19c7c3c6a49967e6277ec40dca9a,2026-07-16,2026-07-19
IN,"Alexander Dennis, Inc",alexander dennis,,Automobile and Other Motor Vehicle Merchant Wholesalers,423110,source,1167708,,exact:post-era,,,,,,,,,,automatic,cik:1167708,Nappanee and Peru,2021-12-01,2022-05-06,192,closure,,0,0,1,https://www.in.gov/dwd/warn-notices/current-warn-notices/,de73002d5d169ef9858b8c94028459ad0e526bb7690d6eb24155239f,9dcd2a3de5658e490187a3ca5c6d2dc972833731,2026-07-16,2026-07-19
IN,"MAP of Easton, Inc",map of easton,,Drywall and Insulation Contractors,238310,source,,,,,,,,,,,,,,n:map of easton,Granger,2021-12-10,2022-02-22,114,closure,,0,0,1,https://www.in.gov/dwd/warn-notices/current-warn-notices/,f3ce26f77eb39363acd0bc8bea557c1d9067ee8a7eaaa157b40c8359,52ac39fb6aa1d58cd72e7bfd52b80a9b5b2dce10,2026-07-16,2026-07-19
IN,"Nash and Sons Trucking, Inc.",nash and sons trucking,,Other Waste Collection,562119,source,,,,,,,,,,,,,,n:nash and sons trucking,"Muncie, Bloomington, Chandler and Indianapolis",2021-12-28,2022-03-01,75,unknown,,0,0,1,https://www.in.gov/dwd/warn-notices/current-warn-notices/,6f4e93f4568f296358fdbc46b9e15d55164aa995b45def2226418346,76bb2851db1e70b2f256d62654a6bf5213954240,2026-07-16,2026-07-19
IN,PPG Industries,ppg industries,PPG Industries,Industrial Design Services,541420,source,79879,PPG,exact,2851,"Paints, Varnishes, Lacquers, Enamels & Allied Prods",,,,Q48754,cik,,,automatic,qid:Q48754,Lafayette,2022-01-11,2022-09-30,54,closure,,0,0,1,https://www.in.gov/dwd/warn-notices/current-warn-notices/,694080cbc88b9404afbeba297d832c9fd964e4fa0c0ac24f07e2bc69,959151cf9d8bd4a4ccf591cb843e2516d969736c,2026-07-16,2026-07-19
IN,Sony DADC US Inc,sony dadc us,,Wholesale Trade Agents and Brokers,425120,source,,,,,,,,,,,,,,n:sony dadc us,Terre Haute,2022-01-13,2022-03-31,80,unknown,,0,0,1,https://www.in.gov/dwd/warn-notices/current-warn-notices/,9220475682f5eed1d7c4ee9d151bdd5d29323b482d96f54d96e55073,275fae633ad05ea3af404db3609da431f2c40187,2026-07-16,2026-07-19
IN,"Averitt Express, Inc.",averitt express,,"General Freight Trucking, Long-Distance, Truckload",484121,source,,,,,,,,,,,,,,n:averitt express,Evansville,2022-02-02,2022-02-28,63,closure,,0,0,1,https://www.in.gov/dwd/warn-notices/current-warn-notices/,b12c76c03eba59b317cac6ea34857b20279625f8f8d300c497f36ca8,f4295c0c18cd79b93258314cdcdbadafa9010442,2026-07-16,2026-07-19
IN,Home Products International,home products international,,All Other Miscellaneous Fabricated Metal Product Manufacturing,332999,source,814457,,exact:post-era,3089,"Plastics Products, NEC",,,,,,,,automatic,cik:814457,Seymour,2022-03-15,2022-05-27,130,closure,,0,0,1,https://www.in.gov/dwd/warn-notices/current-warn-notices/,51eee1702bd513331e8ace4a560ea9daa3b5f70f89047494848f9b03,b16f11c75973a8dd65c8a38b0f85217291d03c21,2026-07-16,2026-07-19
IN,"McDaniel Technical Services, Inc",mcdaniel technical services,,Engineering Services,541330,source,,,,,,,,,,,,,,n:mcdaniel technical services,Evansville,2022-03-15,2022-05-31,78,closure,,0,0,1,https://www.in.gov/dwd/warn-notices/current-warn-notices/,597a076eaaf5619379582d101c7895cb3de2cdc4e6ae3d67adad4af3,0cc3b6081c4ae1a7add1ca0c8c7cef70780066d8,2026-07-16,2026-07-19
IN,Little Raymond’s Print Shop,little raymond s print shop,,Textile and Fabric Finishing Mills,313310,source,,,,,,,,,,,,,,n:little raymond s print shop,Indianapolis,2022-03-16,2022-03-18,114,closure,,0,0,1,https://www.in.gov/dwd/warn-notices/current-warn-notices/,ab50bec9a93bbd46ed9496c4f78e248d20b0f7a200ffe25a50a71ff3,4071cd28eba8f552dcf6ae46ca5a3dad491c0f9f,2026-07-16,2026-07-19
IN,Dometic Corporation,dometic,,"Air-Conditioning and Warm Air Heating Equipment and Commercial and
        Industrial Refrigeration Equipment Manufacturing",333415,source,,,,,,,,,,,,,,n:dometic,Elkhart,2022-03-21,2022-06-03,159,unknown,,0,0,1,https://www.in.gov/dwd/warn-notices/current-warn-notices/,4ae20d273352a42b04436ed80406c92e36f85db328f2c9bae354bc34,1e3c3385a12b4950a85119315c1597ea2e202429,2026-07-16,2026-07-19
IN,CJ Automotive,cj automotive,,Other Motor Vehicle Parts Manufacturing,336390,source,,,,,,,,,,,,,,n:cj automotive,Butler,2022-04-18,2022-07-01,110,closure,,0,0,1,https://www.in.gov/dwd/warn-notices/current-warn-notices/,61c07bbd6aca9dde34f8fb79d9fce9d15da4180dc588384d7c9228be,8aae7dc602eb431f4679ccd6006843414709b922,2026-07-16,2026-07-19
IN,Walmart Fulfillment Center,walmart fulfillment center,,General Warehousing and Storage,493110,source,,,,,,,,,,,,,,n:walmart fulfillment center,Plainfield,2022-04-22,2022-04-01,1132,closure,,0,0,1,https://www.in.gov/dwd/warn-notices/current-warn-notices/,cd062642470d665171b613c8967204e3a57fecd65cc631cc585987bb,616062e52d85474f4bdffa9a891a1da307f035c3,2026-07-16,2026-07-19
IN,Kuehne & Nagel,kuehne nagel,KUEHNE + NAGEL INC.,Freight Transportation Arrangement,488510,source,,,,,,,,549300RF6XNTFMZUVL29,,,,,automatic,lei:549300RF6XNTFMZUVL29,Plainfield,2022-04-28,2022-06-30,17,closure,,0,0,1,https://www.in.gov/dwd/warn-notices/current-warn-notices/,79ab590328366e0eb0d107e0c802dd68be9ffab9c639dcd14d655bc4,8af8b89758abb6f18df657faa18a69b5f46c901f,2026-07-16,2026-07-19
IN,Frontier Communications,frontier communications,,Cable and Other Program Distribution,517510,source,20520,,exact,4813,Telephone Communications (No Radiotelephone),,,,,,,,automatic,cik:20520,Fort Wayne,2022-04-29,2022-06-30,50,closure,,0,0,1,https://www.in.gov/dwd/warn-notices/current-warn-notices/,36081a2a5be829dc50c0d5a60a75141690ba67bfba7628605e45c84f,35ebadaa71efcc466ed5288cad703c1eb2feca0c,2026-07-16,2026-07-19
IN,"Miller’s Health Systems, Inc",miller s health systems,,All Other Miscellaneous Ambulatory Health Care Services,621999,source,,,,,,,,,,,,,,n:miller s health systems,"Indianapolis, Wakarusa, Tipton, Sullivan, Rushville, Peru, LaGrange, and Huntington",2022-05-02,2022-06-30,691,closure,,0,0,1,https://www.in.gov/dwd/warn-notices/current-warn-notices/,3b6d02cb6cc652ff750f68357ee35eae3646d7483c7c807cee049220,aef181e4b84188c3788e1f816acac72d1c0ede69,2026-07-16,2026-07-19
IN,Leed Selling Tools Corp,leed selling tools,,Other Services Related to Advertising,541890,source,,,,,,,,,,,,,,n:leed selling tools,"Ireland, Evansville",2022-06-01,2022-07-31,81,unknown,,0,0,1,https://www.in.gov/dwd/warn-notices/current-warn-notices/,cbf4b99a238701028a54b6f91635a5b52b14a3fb4183829aa2f33e03,fc8f2d83e270e58ee9cf2aa359c1e4bbf5d67f32,2026-07-16,2026-07-19
IN,Penske Logistics LLC,penske logistics,,Administrative Management and General Management Consulting Services,541611,source,,,,,,,,,,,,,,n:penske logistics,Shelbyville,2022-07-11,2022-09-11,517,unknown,,0,0,1,https://www.in.gov/dwd/warn-notices/current-warn-notices/,82408bc13fecf1d2f8c76480659132f655ec43dbc6c3a1b54791c802,e668a210b6a7ab31444b7666a6f8ff6a4b1cb1db,2026-07-16,2026-07-19
IN,Keystone RV Company,keystone rv,,Motor Home Manufacturing,336213,source,,,,,,,,,,,,,,n:keystone rv,Goshen,2022-07-18,2022-09-23,334,closure,,0,0,1,https://www.in.gov/dwd/warn-notices/current-warn-notices/,e841c392d951490b013cd89a3574176808ac073cdbad5b7a7025667c,b5ec9e30b19a40a786f563786c3cfdfbab1f31ca,2026-07-16,2026-07-19
IN,"Wittenberg Lutheran Village, Inc.",wittenberg lutheran village,WITTENBERG LUTHERAN VILLAGE INC,Professional Employer Organization,561330,source,,,,,,351299499,E910,,,,,,automatic,ein:351299499,Crown Point,2022-08-09,2022-10-31,71,unknown,,0,0,1,https://www.in.gov/dwd/warn-notices/current-warn-notices/,bc617e6a630d1c8aef79eb4ed83f82584c8f8334e76809525f491f1c,1415b2a8bf1c7d46c2e1f0ff3bc484af56286ce1,2026-07-16,2026-07-19
IN,goTRG,gotrg,,"Process, Physical Distribution, and Logistics Consulting Services",541614,source,,,,,,,,,,,,,,n:gotrg,Whitestown,2022-09-06,2022-11-23,91,closure,,0,0,1,https://www.in.gov/dwd/warn-notices/current-warn-notices/,8de5ddd01d7f517d4dc71522eae29f5e2236a6af9ec0a052ed323d36,9f8457d7020501b89b5f77ce3d035247fd983f7c,2026-07-16,2026-07-19
IN,"KGP Telecommunications, LLC",kgp telecommunications,"KGP telecommunications, LLC",All Other Miscellaneous Manufacturing,339999,source,,,,,,,,549300EFTCZ3EG5H2U24,,,,,automatic,lei:549300EFTCZ3EG5H2U24,Warsaw,2022-09-08,2023-01-06,189,unknown,,0,0,1,https://www.in.gov/dwd/warn-notices/current-warn-notices/,62c99fe76cbc7c7fa491056b6dd0943e9c0d68c4ab7c25c3d9e58139,c44d86021d9bd3ae8ce0e95c2fae02c95fa1a752,2026-07-16,2026-07-19
IN,Duke Realty Corporation,duke realty,Duke Realty,Offices of Real Estate Agents and Brokers,531210,source,783280,,exact,6798,Real Estate Investment Trusts,,,,Q48742298,cik,,,automatic,qid:Q48742298,Indianapolis,2022-09-16,2022-10-03,120,unknown,,0,0,1,https://www.in.gov/dwd/warn-notices/current-warn-notices/,1865d89c4818afb5dbaaedbedd6bc1f23a96013d81e75a7db92f72e1,42f2c2a89cfd02f57a5d2018859af7718277f94f,2026-07-16,2026-07-19
IN,Masonite Corporation,masonite,,All Other Miscellaneous Manufacturing,339999,source,893691,,suffix,2430,"Millwood, Veneer, Plywood, & Structural Wood Members",,,,,,,,automatic,cik:893691,Walkerton,2022-09-28,2022-11-27,74,unknown,,0,0,1,https://www.in.gov/dwd/warn-notices/current-warn-notices/,c278dad7b0a2d65380d2f3fccab353976556b5a0b56488ad38c0fb06,7df866e43460740044d4882b6240c097fb792fa3,2026-07-16,2026-07-19
IN,Ascension Medical Group St. Vincent,ascension medical group st vincent,,Freestanding Ambulatory Surgical and Emergency Centers,621493,source,,,,,,,,,,,,,,n:ascension medical group st vincent,Bedford,2022-09-29,2022-12-23,56,closure,,0,0,1,https://www.in.gov/dwd/warn-notices/current-warn-notices/,5505a11e1804a5b4b34c65fc4faacf37815e2599c5d49a49ebedaac3,356c85a01778257e6d9226eb708266b7828cfcdd,2026-07-16,2026-07-19
IN,Ascension St. Vincent Dunn,ascension st vincent dunn,,General Medical and Surgical Hospitals,622110,source,,,,,,,,,,,,,,n:ascension st vincent dunn,Bedford,2022-09-29,2022-12-17,77,closure,,0,0,1,https://www.in.gov/dwd/warn-notices/current-warn-notices/,348b7eeaa1189a4a4d51460ffef868687000fe58bbfa55e35d29e2cb,c11df41518b75facb3f7e813dd1c0b867f69546d,2026-07-16,2026-07-19
IN,IU Health Ball Memorial Hospital,iu health ball memorial hospital,,All Other Miscellaneous Ambulatory Health Care Services,621999,source,,,,,,,,,,,,,,n:iu health ball memorial hospital,Muncie,2022-10-07,2022-12-31,64,unknown,,0,0,1,https://www.in.gov/dwd/warn-notices/current-warn-notices/,3a462d5f7fa9973b9b6f922bb6dadd52f62b67d45bfa78647dc29dec,8ce3e5006c147f653f6e8d4930482658eeaf07fe,2026-07-16,2026-07-19
IN,Kauffman Engineering,kauffman engineering,,Other Communication and Energy Wire Manufacturing,335929,source,,,,,,,,,,,,,,n:kauffman engineering,Logansport,2022-10-24,2023-05-26,151,closure,,0,0,1,https://www.in.gov/dwd/warn-notices/current-warn-notices/,51c326961403ec61b5718daa1289025763d9c5a87b320274cda6fdf8,122bbc373675ed461bff0bb21ea04128d1b7540a,2026-07-16,2026-07-19
IN,J.D. Byrider,j d byrider,,Sales Financing,522220,source,,,,,,,,,,,,,,n:j d byrider,Carmel,2022-10-31,2022-12-30,43,unknown,,0,0,1,https://www.in.gov/dwd/warn-notices/current-warn-notices/,d7f4b412d59770252e032c68f566c40623811f963c131d20c14fbc4f,e546929fea5052e1b9a5e0aad82c87bf610b12fd,2026-07-16,2026-07-19
IN,Tenneco Automotive,tenneco automotive,Tenneco,All Other Motor Vehicle Parts Manufacturing,336399,source,1024725,,exact:post-era,3714,Motor Vehicle Parts & Accessories,,,,Q1509038,cik,,,automatic,qid:Q1509038,Jeffersonville,2022-10-31,2022-06-30,123,closure,,0,0,1,https://www.in.gov/dwd/warn-notices/current-warn-notices/,d33347be598f4d294462d4e1ee44143550b8b57a8abd83453d32f170,6b1d74d01e5a76659106a203791d5b814f2ddffe,2026-07-16,2026-07-19
IN,"Subaru of Indiana Automotive, Inc.",subaru of indiana automotive,,General Automotive Repair,811111,source,,,,,,,,,,,,,,n:subaru of indiana automotive,Lafayette,2022-11-07,2022-12-22,,unknown,,0,0,1,https://www.in.gov/dwd/warn-notices/current-warn-notices/,d7139693b05650b077df324bd36aa36fa5618efd8de93e6ca5b89844,629e610bd3c26cac1db0f2644fdbb73d4ba4076f,2026-07-16,2026-07-19
IN,"Wallace Construction, Inc",wallace construction,,"Highway, Street, and Bridge Construction",237310,source,,,,,,,,,,,,,,n:wallace construction,Martinsville,2022-11-16,2022-11-18,12,unknown,,0,0,1,https://www.in.gov/dwd/warn-notices/current-warn-notices/,144a9c1e231fa54b577aadd0bad127674914f316d9f721985c45655f,bd84855d95c2ff13e7d31c017ffd6b232726eef5,2026-07-16,2026-07-19
IN,"FedEx Supply Chain, Inc.",fedex supply chain,,General Warehousing and Storage,493110,source,,,,,,,,,,,FEDEX CORP,1048911,,n:fedex supply chain,Indianapolis,2022-12-02,2023-06-30,179,closure,,0,0,1,https://www.in.gov/dwd/warn-notices/current-warn-notices/,431bcd3931c38bb294929fa0a882b1f1f4d15472b55af7c13c945e9d,43f1ffa261e4442cbbab9836f6f5cb4078281961,2026-07-16,2026-07-19
IN,GXO Logistics,gxo logistics,,"Process, Physical Distribution, and Logistics Consulting Services",541614,source,1852244,GXO,exact,4700,Transportation Services,,,,,,,,automatic,cik:1852244,Fort Wayne,2022-12-20,2023-02-28,85,closure,,0,0,1,https://www.in.gov/dwd/warn-notices/current-warn-notices/,7f7c583b0b8351a6c11a22c7c60ac7a22765e90a72b491491922d16f,aa870d1bb791e983380cdebf6eb031ec2ff4c9cd,2026-07-16,2026-07-19
IN,Morrison Healthcare,morrison healthcare,,Food Service Contractors,722310,source,,,,,,,,,,,,,,n:morrison healthcare,Warsaw and Fort Wayne,2022-12-22,2023-01-25,126,closure,,0,0,1,https://www.in.gov/dwd/warn-notices/current-warn-notices/,0c46701f6b9e9bd9fb16695de82c0aa6826348f9056ee48305516dbf,1f4b255ba488c3163b2926fc89e1011f1838bb71,2026-07-16,2026-07-19
IN,US Steel Corporation Gary Works,us steel corporation gary works,,Site Preparations Contractors,238910,source,,,,,,,,,,,,,,n:us steel corporation gary works,Gary,2022-12-27,2023-02-26,244,unknown,,0,0,1,https://www.in.gov/dwd/warn-notices/current-warn-notices/,74596c03c2ba7140f503830d71f95998f6b7d501eddefee9b7cba0ee,1de35294b9b9ead6e0602c35fb928f0b6800d7c5,2026-07-16,2026-07-19
IN,Gannett Publishing Services,gannett publishing services,,Newspaper Publishers,511110,source,,,,,,,,,,,,,,n:gannett publishing services,Indianapolis,2023-01-04,2023-03-13,56,unknown,,0,0,1,https://www.in.gov/dwd/warn-notices/current-warn-notices/,5ad48b629adbe250052c0476f4f909a588ee426f9c6c4b3ac47eefb9,d00feb09e459b602e740c12f2a79c9273dd0746a,2026-07-16,2026-07-19
IN,Lincoln Industries,lincoln industries,,All Other Plastics Product Manufacturing,326199,source,,,,,,,,,,,,,,n:lincoln industries,Boonville,2023-01-04,2022-01-02,60,unknown,,0,0,1,https://www.in.gov/dwd/warn-notices/current-warn-notices/,3d3339eb5a9b31a19ea253f438836c2c1732d5acffd0df631ad288f1,9ce82157525b98c6a16c94148a9407c3106c9d52,2026-07-16,2026-07-19
IN,Railcrew Xpress,railcrew xpress,,"Transportation Equipment and Supplies (except Motor Vehicle) Merchant
        Wholesalers",423860,source,,,,,,,,,,,,,,n:railcrew xpress,"Lafayette, Avon, Terre Haute, Evansville, and Vincennes",2023-01-05,2023-02-20,70,closure,,0,0,1,https://www.in.gov/dwd/warn-notices/current-warn-notices/,2ae8c9c7aadc1c765a6d01e09c08cc84b9e96ac016e6417bb6b63016,3436fa32ae312d2c6e42f68a547e38659e87a1f4,2026-07-16,2026-07-19
IN,"Children’s Factory, LLC",children s factory,,Wood Office Furniture Manufacturing,337211,source,,,,,,,,,,,,,,n:children s factory,Angola,2023-01-09,2023-03-17,26,closure,,0,0,1,https://www.in.gov/dwd/warn-notices/current-warn-notices/,7fc8c424783bd8b280c0bdc52b5e9a6ec937db2a93bbf496fec6b439,9abed8b00adadd647627de3e70111e442b76b879,2026-07-16,2026-07-19
IN,"Stealth Enterprises, LLC",stealth enterprises,,All Other Miscellaneous Manufacturing,339999,source,,,,,,,,,,,,,,n:stealth enterprises,Bristol,2023-01-27,2022-12-31,53,unknown,,0,0,1,https://www.in.gov/dwd/warn-notices/current-warn-notices/,e6d062ea56d755558e1b6ac691bb8edc7dfab3e395faa1ae78431f65,befe8c2d84e93639cdc24d9bc0a73d840eb67e3c,2026-07-16,2026-07-19
IN,Catherine Kasper Life Center,catherine kasper life center,,Nursing Care Facilities,623110,source,,,,,,,,,,,,,,n:catherine kasper life center,Plymouth,2023-02-01,2023-03-31,60,closure,,0,0,1,https://www.in.gov/dwd/warn-notices/current-warn-notices/,3adaffff8eae047cfe3c16e387bd7f69265d67e0378db182ed674ee4,0a283f3aeed48ca77f07f15ae92ff7c9c5d1cfa3,2026-07-16,2026-07-19
IN,Kuehne & Nagel,kuehne nagel,KUEHNE + NAGEL INC.,Freight Transportation Arrangement,488510,source,,,,,,,,549300RF6XNTFMZUVL29,,,,,automatic,lei:549300RF6XNTFMZUVL29,Whitestown,2023-03-10,2023-05-10,294,unknown,,0,0,1,https://www.in.gov/dwd/warn-notices/current-warn-notices/,86c32bfa7404cc89bd10391af0105f906999f1a590a7a11d3a6a08c9,4b1177af8350bf2e017e165f3caaf1ae5167a996,2026-07-16,2026-07-19
IN,RR Donnelley,rr donnelley,RR Donnelley,Printing and Equipment Manufacturing,333244,source,,,,,,,,,Q2124539,label,,1669811,automatic,qid:Q2124539,Plainfield,2023-03-15,2023-05-14,79,closure,,0,0,1,https://www.in.gov/dwd/warn-notices/current-warn-notices/,b6e8ea1f0a94eccf55eeb93fd126437bede76e54cc44a282bb8f02d5,fb3390d909e36f931b4e28af7fbe554a2e6927d8,2026-07-16,2026-07-19
IN,Walmart Supercenter,walmart supercenter,,Supermarkets and Other Grocery (Except Convenience) Stores,455110,source,,,,,,,,,,,,,,n:walmart supercenter,South Bend,2023-03-23,2023-04-21,261,closure,,0,0,1,https://www.in.gov/dwd/warn-notices/current-warn-notices/,4dfcb5342d6b655aff323120ecf2fd083b6b4b25ba4cc8db4b376168,48af0b61670420ff67fa212f247211b0f21deae3,2026-07-16,2026-07-19
IN,HighPoint Digital,highpoint digital,,Direct Health and Medical Insurance Carriers,524114,source,,,,,,,,,,,,,,n:highpoint digital,Indianapolis,2023-03-24,2023-05-31,65,unknown,,0,0,1,https://www.in.gov/dwd/warn-notices/current-warn-notices/,253aef9e7cc5485604a85e4f429cb20bfaac01c5d88d86b7cdf2b902,0ffa57c1cda90a91f1b867b9033ad462e4fb7f90,2026-07-16,2026-07-19
IN,Parkhurst Dining at Taylor University,parkhurst dining at taylor university,,Food Service Contractors,722310,source,,,,,,,,,,,,,,n:parkhurst dining at taylor university,Upland,2023-04-17,2023-05-21,178,closure,,0,0,1,https://www.in.gov/dwd/warn-notices/current-warn-notices/,145de5dd9deacb7114c541c12b36af116a7a7af56d8ff3b98f1974a7,3f1dac1a4b9735accbaa127317ce9ffa18bfcc70,2026-07-16,2026-07-19
IN,Enjoy Life Foods,enjoy life foods,,Other Snack Food Manufacturing,311919,source,,,,,,,,,,,,,,n:enjoy life foods,Jeffersonville,2023-05-02,2023-07-03,105,closure,,0,0,1,https://www.in.gov/dwd/warn-notices/current-warn-notices/,e6e9e0b773642866a29c47b54905e316cf280ccfbe8487225257b62d,aab1105ee3aee4aa23a8a1c1c43d028ff8ecab0b,2026-07-16,2026-07-19
IN,"Graphic Packaging International, LLC",graphic packaging international,,Packaging Machinery Manufacturing,333993,source,1005011,,exact,2631,Paperboard Mills,,,,,,,,automatic,cik:1005011,Auburn,2023-05-24,2023-08-04,70,closure,,0,0,1,https://www.in.gov/dwd/warn-notices/current-warn-notices/,81a8400f8aa76a96b07be07a577812b89093f4dd0d4577f1968345d9,2350d82e944df165252d53ee3666143d0be06839,2026-07-16,2026-07-19
IN,"Proterial Cable America, Inc",proterial cable america,,Other Motor Vehicle Parts Manufacturing,336390,source,,,,,,,,,,,,,,n:proterial cable america,New Albany,2023-06-01,2023-11-17,109,unknown,,0,0,1,https://www.in.gov/dwd/warn-notices/current-warn-notices/,ea3d1cf3ec9fc66e96834eac1d622d296827080084dc13501b78d3c0,0583c5f68a7700ba9b40dfa96219ec219c7188de,2026-07-16,2026-07-19
IN,"LSC Communications, Print Solutions",lsc communications print solutions,,Commercial Printing (except Screen and Books),323111,source,,,,,,,,,,,,,,n:lsc communications print solutions,Warsaw,2023-06-06,2023-09-10,525,closure,,0,0,1,https://www.in.gov/dwd/warn-notices/current-warn-notices/,2eb3279e78fc4241778f74831edf731aabaedab77ebd9d5afe544f0e,ed0add002adf0b8b192b93355fd4e14c156bef30,2026-07-16,2026-07-19
IN,Pitney Bowes Inc.,pitney bowes,,"Process, Physical Distribution, and Logistics Consulting Services",541614,source,78814,PBI,exact,3579,"Office Machines, NEC",,,,,,,,automatic,cik:78814,Greenwood,2023-06-27,2023-09-04,240,closure,,0,0,1,https://www.in.gov/dwd/warn-notices/current-warn-notices/,dc586876fc2cc78ac4e425776457c3d076e128d759418fd1456e9e66,0eef9227616523c63243bf8c9c73eb792dae7bf9,2026-07-16,2026-07-19
IN,"FedEx Supply Chain, Inc",fedex supply chain,,General Warehousing and Storage,493110,source,,,,,,,,,,,FEDEX CORP,1048911,,n:fedex supply chain,Indianapolis,2023-06-29,2023-08-30,170,unknown,,0,0,1,https://www.in.gov/dwd/warn-notices/current-warn-notices/,0ddc824197558866d9324e6ffa9862abe4174324e9eb82aee9fcdc38,ea5f4a847d330a6237b8e2e9549338ac38c6dfaa,2026-07-16,2026-07-19
IN,"EverQuote, Inc",everquote,,Insurance Agencies and Brokerages,524210,source,1640428,EVER,exact,7370,"Services-Computer Programming, Data Processing, Etc.",,,,,,,,automatic,cik:1640428,Evansville,2023-06-30,2023-08-28,98,unknown,,0,0,1,https://www.in.gov/dwd/warn-notices/current-warn-notices/,a19b64d56cb6ad4584e243e45a584cdf866b0b01d9b7974fc5ca70af,e8cb9bdea5fc69c63a46e422e2cbc5471b047742,2026-07-16,2026-07-19
IN,Cenveo Worldwide,cenveo worldwide,,All Other Converted Paper Product Manufacturing,322299,source,,,,,,,,,,,,,,n:cenveo worldwide,Indianapolis,2023-07-10,2023-09-08,127,closure,,0,0,1,https://www.in.gov/dwd/warn-notices/current-warn-notices/,d65ae2d18df9de4709bbbae20cc329cd2ca20b89e2894b8e1d1fee37,595215bd3a3aa2f952125ee74a68eae7ed0a7625,2026-07-16,2026-07-19
IN,"Franciscan Alliance, Inc",franciscan alliance,FRANCISCAN ALLIANCE INC,General Medical and Surgical Hospitals,622110,source,,,,,,351330472,E210,,,,,,automatic,ein:351330472,"Michigan City, Dyer, Crown Point, Munster, Lafayette, Beech Grove, Indianapolis",2023-07-10,2023-09-30,61,unknown,,0,0,1,https://www.in.gov/dwd/warn-notices/current-warn-notices/,d2b8096360847bf6b013f40f78bfa85145abdf35cd74a8ea152e23f9,701c536102ec33b87c480d8d3761294496b2fbde,2026-07-16,2026-07-19
IN,MonoSol,monosol,,All Other Plastics Product Manufacturing,326199,source,,,,,,,,,,,,,,n:monosol,Merrillville,2023-07-26,2023-09-25,45,unknown,,0,0,1,https://www.in.gov/dwd/warn-notices/current-warn-notices/,16e1f468e11c7aff7aafccec354483dc184d3100abda37b36a137edd,0e6d6050d23e52a52a742fcd5fa69ee47d5dc126,2026-07-16,2026-07-19
IN,Yellow Corporation dba YRC Freight,yellow corporation dba yrc freight,Yellow Corporation,"Specialized Freight (except Used Goods) Trucking, Long-Distance",484230,source,,,,,,,,,Q8046013,label,,,automatic,qid:Q8046013,Statewide,2023-07-30,2023-07-30,,closure,,0,0,1,https://www.in.gov/dwd/warn-notices/current-warn-notices/,1c32df67bf191007a2515fad1538cdc48eeef7b69d686e534e354baa,c708328e55660c12014db85396e03d5521adb4b8,2026-07-16,2026-07-19
IN,Aurorium,aurorium,,All Other Miscellaneous Chemical Product and Preparation Manufacturing,325998,source,,,,,,,,,,,,,,n:aurorium,Indianapolis,2023-08-02,2023-10-03,159,closure,,0,0,1,https://www.in.gov/dwd/warn-notices/current-warn-notices/,629b80476b9afe7d873fcc002c058df0d9a6070f5d78e33c02c63ee8,0b1d9f756978297dfe8b29ee6f72365e4b800f56,2026-07-16,2026-07-19
IN,Alan Ritchey,alan ritchey,,General Warehousing and Storage,493110,source,,,,,,,,,,,,,,n:alan ritchey,Plainfield,2023-08-03,2023-10-16,242,closure,,0,0,1,https://www.in.gov/dwd/warn-notices/current-warn-notices/,665b50d012b85795fc70884b1e8c80671263ce904e6859b8335e2c05,1e8a4bfbe8154d3fd0dd8f512766b705a83ce304,2026-07-16,2026-07-19
IN,BWI Group,bwi group,,Specialized Automotive Repair,811114,source,,,,,,,,,,,,,,n:bwi group,Greenfield,2023-08-03,2023-10-03,9,unknown,,0,0,1,https://www.in.gov/dwd/warn-notices/current-warn-notices/,fa0ea05111858840fe8ff908ad3bbd3d28c2e8c9f80907f9c74d4085,9aacf5d72a3cd29b204c244c787101a97aa8f679,2026-07-16,2026-07-19
IN,Tyson Foods,tyson foods,Tyson Foods,Poultry Processing,311615,source,100493,TSN,exact,2015,Poultry Slaughtering and Processing,,,,Q1325987,cik,,,automatic,qid:Q1325987,Corydon,2023-08-07,2024-03-01,368,closure,,0,0,1,https://www.in.gov/dwd/warn-notices/current-warn-notices/,c37e82538bcac955774e60f93262da2773549c04a82a83d89986e56a,52c2a126c8b26a2b4dccbc369cf637a9ac987f22,2026-07-16,2026-07-19
IN,"Arrowhead Engineered Products, Inc",arrowhead engineered products,,Transportation and Warehouse,480000,source,,,,,,,,,,,,,,n:arrowhead engineered products,Jasper,2023-08-14,2023-10-14,52,closure,,0,0,1,https://www.in.gov/dwd/warn-notices/current-warn-notices/,4e77b4ffd1f60b27db80a7ec9362f585e0ee166b3d02cb7689459fb9,20c8a53be3869913b9533d024cfec2719454c83b,2026-07-16,2026-07-19
IN,WestRock,westrock,"WRKCo, Inc.",Other Paperboard Container Manufacturing,322219,source,1732845,,exact,2650,Paperboard Containers & Boxes,,,,Q21016487,cik,,,automatic,qid:Q21016487,Columbus,2023-08-15,2023-10-15,101,closure,,0,0,1,https://www.in.gov/dwd/warn-notices/current-warn-notices/,b71de74032d41466f288d7f1d78a5a1ec12305c39c474321cd7c574c,6c3f97d6f22afa812d8912c35ce9e88dcb794830,2026-07-16,2026-07-19
IN,Owens Corning,owens corning,Owens Corning,Engineering Services,541330,source,1370946,OC,exact,3290,"Abrasive, Asbestos & Misc Nonmetallic Mineral Prods",,,,Q7114736,cik,,,automatic,qid:Q7114736,Wabash,2023-08-18,2023-10-31,87,closure,,0,0,1,https://www.in.gov/dwd/warn-notices/current-warn-notices/,7269bbd580fc8e9b60a760e875326ba4466884b20fe9b02008aad69b,9a119748ba543310be919930aadc3ad3043a984b,2026-07-16,2026-07-19
IN,"TRIN, Inc",trin,,All Other Miscellaneous Manufacturing,339999,source,,,,,,,,,,,,,,n:trin,Ashley,2023-08-22,2023-11-01,155,closure,,0,0,1,https://www.in.gov/dwd/warn-notices/current-warn-notices/,2d8a579f9c82eee5dcdaf052cafd35391c86357f8a6d26ae35cd05aa,5c5e8812ff1ae95efe21da737aeb7520ed36d758,2026-07-16,2026-07-19
IN,BorgWarner,borgwarner,BorgWarner,Other Motor Vehicle Parts Manufacturing,336390,source,908255,BWA,exact,3714,Motor Vehicle Parts & Accessories,,,,Q825943,cik,,,automatic,qid:Q825943,Kokomo,2023-08-23,2023-10-22,82,closure,,0,0,1,https://www.in.gov/dwd/warn-notices/current-warn-notices/,034de7f6c5309eff823c97e2bbee63c6ca5c4bc2f9b1c2bdcf83e849,d833902823f62fcc8501a76d0bc95c9a613f7d82,2026-07-16,2026-07-19
IN,Trialon Corporation,trialon,,Automobile and Light Duty Motor Vehicle Manufacturing,336110,source,,,,,,,,,,,,,,n:trialon,Kokomo,2023-08-23,2023-10-22,110,unknown,,0,0,1,https://www.in.gov/dwd/warn-notices/current-warn-notices/,88d0b40d6e22f0311b1079c0687657518c48f577ba374cffe196f991,3d97cc64055fb567d55e9c196375296dd15df991,2026-07-16,2026-07-19
IN,Brinco,brinco,,Fabricated Structural Metal Manufacturing,332312,source,,,,,,,,,,,,,,n:brinco,Bristol,2023-08-28,2023-08-25,101,unknown,,0,0,1,https://www.in.gov/dwd/warn-notices/current-warn-notices/,8f4c182117047c57ccaf5ad0a88ecacce77f158a5af2d8439a3a2fcc,0aba9d3e9f1351ef6bc1b3bad148d4bb5733b285,2026-07-16,2026-07-19
IN,IU Health Blackford Hospital,iu health blackford hospital,,General Medical & Surgical Hospitals,811114,source,,,,,,,,,,,,,,n:iu health blackford hospital,Hartford City,2023-08-28,2023-10-27,84,unknown,,0,0,1,https://www.in.gov/dwd/warn-notices/current-warn-notices/,557e68cf02fb1561075236cb32d9f7d9d0d3939536b752eb18af064c,3a667d26efcef41c8095fe513be6dfb430c97645,2026-07-16,2026-07-19
IN,GDIT,gdit,,Custom Computer Programming Services,541511,source,,,,,,,,,,,,,,n:gdit,Odon,2023-09-01,2023-10-31,70,unknown,,0,0,1,https://www.in.gov/dwd/warn-notices/current-warn-notices/,571443b185ad4aca4d5575487692d295604330579140773092ebc9ba,09dd84ebfe3c70864dc6569ccdd96bce687e6912,2026-07-16,2026-07-19
IN,Exo-s,exo s,,All Other Plastics Product Manufacturing,326199,source,,,,,,,,,,,,,,n:exo s,Howe,2023-10-12,2023-10-15,56,unknown,,0,0,1,https://www.in.gov/dwd/warn-notices/current-warn-notices/,c83f1b1cb909b1628c2ae84ad61e0ace988152f8d686e7694c2b313a,7137fd8b2856a704d0097ab30987bf0c2d1685eb,2026-07-16,2026-07-19
IN,Sonoco Products Company (Sonoco TEQ),sonoco products company sonoco teq,,Plastics Packaging Film and Sheet Manufacturing,326112,source,91767,SON,exact:base,2650,Paperboard Containers & Boxes,,,,,,,,automatic,cik:91767,Fremont,2023-10-13,2024-06-30,63,closure,,0,0,1,https://www.in.gov/dwd/warn-notices/current-warn-notices/,33890fc1917be3bb69943843ead83ca3a32721c709a5e45ccb43c8d8,60df70d8fe99882271c50ee03f0256d404807bf4,2026-07-16,2026-07-19
IN,NYX,nyx,,Automobile and Light Duty Motor Vehicle Manufacturing,336110,source,,,,,,,,,,,,,,n:nyx,New Albany,2023-10-17,2023-10-16,100,unknown,,0,0,1,https://www.in.gov/dwd/warn-notices/current-warn-notices/,b16cb0d69356058a6d42d4ab4722790587dd3aaf9436535eb54b6241,0b8a9be1595c44a34fcd5a08b9ae4fd96fca1ff1,2026-07-16,2026-07-19
IN,"Dwyer Instruments, LLC.",dwyer instruments,,"Instruments and Related Products Manufacturing for Measuring,
        Displaying, and Controlling Industrial Process Variables",334513,source,,,,,,,,,,,,,,n:dwyer instruments,Wakarusa,2023-10-29,2024-03-24,55,closure,,0,0,1,https://www.in.gov/dwd/warn-notices/current-warn-notices/,147e26c3c0c3b6d4489b3615af22dea920d937dfc1391037f78307a7,f191ac1f9e12e1f3a96db215f7c6a8147eb7d10b,2026-07-16,2026-07-19
IN,Pepsi Beverages Company,pepsi beverages,,Soft Drink Manufacturing,312111,source,,,,,,,,,,,,,,n:pepsi beverages,Muncie,2023-10-30,2023-12-31,45,closure,,0,0,1,https://www.in.gov/dwd/warn-notices/current-warn-notices/,0fa3aac96d07d2a95ca9443e0f7cc194b4300e9b6c0336568d69574d,4d00359f9aa090f89f07ae750c08fa117faed339,2026-07-16,2026-07-19
IN,Twenty Twenty Custom Molded Plastics,twenty twenty custom molded plastics,,All Other Plastics Product Manufacturing,326199,source,,,,,,,,,,,,,,n:twenty twenty custom molded plastics,Bluffton,2023-11-02,2023-11-04,93,unknown,,0,0,1,https://www.in.gov/dwd/warn-notices/current-warn-notices/,6fc2d6c955ab169d8c83542556fb58c56667cfaf0b8ddad34b32decd,151b5ea987f262e591a82c5ebaf66cfd552879a8,2026-07-16,2026-07-19
IN,"Packers Sanitation Services, Inc (PSSI)",packers sanitation services inc pssi,,Janitorial Services,561720,source,,,,,,,,,,,,,,n:packers sanitation services,Delphi,2023-12-05,2023-12-08,76,closure,,0,0,1,https://www.in.gov/dwd/warn-notices/current-warn-notices/,d185441c8f5a9431caf538aad28fd1e129c822b23a8dbec045cb1e67,e3018b9977040d96522c2f809539a1c2d16b821d,2026-07-16,2026-07-19
IN,"Cygnus Home Service, LLC",cygnus home service,"CYGNUS HOME SERVICE, LLC",All Other Specialty Food Retailers,445298,source,,,,,,,,984500ECB7C79908D959,,,,,automatic,lei:984500ECB7C79908D959,"Noblesville, Kendallville",2023-12-11,2024-02-09,2,unknown,,0,0,1,https://www.in.gov/dwd/warn-notices/current-warn-notices/,0eed3ebcd5caaf8014f0753596544c038bfdaabe0ff69a1972721a49,e51511c116ccd42bdb9145ce22e763766b95cfc3,2026-07-16,2026-07-19
IN,BorgWarner PDS,borgwarner pds,,Other Motor Vehicle Parts Manufacturing,336390,source,,,,,,,,,,,,,,n:borgwarner pds,Kokomo,2023-12-19,2024-01-05,93,closure,,0,0,1,https://www.in.gov/dwd/warn-notices/current-warn-notices/,1b4798b56fc0bf9a890c738c5d219244ac6d56079025e0a7a208c1b3,98411196d612f73be30e14be245b722fa966e4ce,2026-07-16,2026-07-19
IN,"Wallace Construction, Inc",wallace construction,,"Highway, Street, and Bridge Construction",237310,source,,,,,,,,,,,,,,n:wallace construction,Martinsville,2023-12-20,2023-12-22,26,unknown,,0,0,1,https://www.in.gov/dwd/warn-notices/current-warn-notices/,91b2238fb56c9834f707a502c1aa4eed1e1a3d895ba03a671dbd2a17,18522d6e361bc53e1076a83a8aa2a53a1788baf8,2026-07-16,2026-07-19
IN,"U.S. Xpress, Inc",u s xpress,,Freight Transportation Arrangement,488510,source,,,,,,,,,,,,,,n:u s xpress,Marion,2023-12-21,2024-02-02,13,closure,,0,0,1,https://www.in.gov/dwd/warn-notices/current-warn-notices/,47b65d53bd6ac03eeebe6a77c846c58d6a5f32e73b62e09f8de66191,8ae783fc6d8aad16317953a902e888319be81fc4,2026-07-16,2026-07-19
IN,GDI Services,gdi services,,Janitorial Services,561720,source,,,,,,,,,,,,,,n:gdi services,Jeffersonville,2024-01-05,2024-03-05,67,closure,,0,0,1,https://www.in.gov/dwd/warn-notices/current-warn-notices/,1f6ec3a95231cdf7802175459c758518eccff78a1d9e9dea1af53901,daf401df9dd4d4fdacf81363718409f8a6c652ad,2026-07-16,2026-07-19
IN,Pitney Bowes Inc.,pitney bowes,,Office Equipment Merchant Wholesalers,423420,source,78814,PBI,exact,3579,"Office Machines, NEC",,,,,,,,automatic,cik:78814,Greenwood,2024-01-08,2024-03-09,107,closure,,0,0,1,https://www.in.gov/dwd/warn-notices/current-warn-notices/,00ea643936bfe71dfaaa91501e8103b6226439b53958ee31a96f0772,e856654a290cd16455a7d23562733ef3b25cb383,2026-07-16,2026-07-19
IN,"Lost Boys Interactive, LLC",lost boys interactive,,"Amusement, Gambling, and Recreation Industries",713,source,,,,,,,,,,,,,,n:lost boys interactive,"Merrillville, Bloomington",2024-01-11,2024-03-15,2,unknown,,0,0,1,https://www.in.gov/dwd/warn-notices/current-warn-notices/,7f553f8ee2664cc3acdc1624aac21a25075378a98d94855949d25366,963ac48c4cd6b571a8b4234173e0ee98ef714344,2026-07-16,2026-07-19
IN,Kenco Logistic Services,kenco logistic services,,"Process, Physical Distribution, and Logistics Consulting Services",541614,source,,,,,,,,,,,,,,n:kenco logistic services,Indianapolis,2024-01-19,2024-03-19,110,closure,,0,0,1,https://www.in.gov/dwd/warn-notices/current-warn-notices/,4057a6d4b639c0ecdfaca4e337c768944b3c422e4e6b162bb57690bf,c204e503d5f71d95aaf688f5847ce7ae4d186931,2026-07-16,2026-07-19
IN,Energizer,energizer,"Energizer Holdings, Inc.","Process, Physical Distribution, and Logistics Consulting Services",541614,source,1632790,ENR,listed-extension,3690,"Miscellaneous Electrical Machinery, Equipment & Supplies",,,,Q1200840,cik,,,automatic,qid:Q1200840,Franklin,2024-01-22,2024-04-01,64,closure,,0,0,1,https://www.in.gov/dwd/warn-notices/current-warn-notices/,f6fb0669361575ba51e440ecce0f5f2d77fdfa717173f84d9a4a8af2,9d676debd67d3dcb37397d6b24337e7a8d3ab029,2026-07-16,2026-07-19
IN,Meetings & Events International (MEI),meetings events international mei,,Professional Scientific & Technical Svc,54,source,,,,,,,,,,,,,,n:meetings events international,Evansville,2024-01-26,2024-03-31,69,closure,,0,0,1,https://www.in.gov/dwd/warn-notices/current-warn-notices/,2969d859e7e867f3d269848da28983e2e0eb63ee668eabff0a1904b0,6f6fa2cf4a3b7c9e4312e6e7a1f4491818e34c82,2026-07-16,2026-07-19
IN,Block Inc,block,"Block, Inc.",Finance and Insurance,52,source,1512673,XYZ,exact,7372,Services-Prepackaged Software,,,,Q110778747,cik,,,automatic,qid:Q110778747,"Carmel, Sellersburg",2024-01-30,2024-03-30,2,unknown,,0,0,1,https://www.in.gov/dwd/warn-notices/current-warn-notices/,d52d8759e485f42a1b1b613a260cd0c4227bc068ee79c7b363e23b0c,4d92c65d82dafc8e26eb7f8ec795f90b408ca7ef,2026-07-16,2026-07-19
IN,Gannett Publishing Services,gannett publishing services,,Newspaper Publishers,511110,source,,,,,,,,,,,,,,n:gannett publishing services,Indianapolis,2024-01-31,2024-04-07,90,closure,,0,0,1,https://www.in.gov/dwd/warn-notices/current-warn-notices/,c11d508617d50bd2998f41819b2be774be2294d4c4ba0c515bcc9138,59f30702eb4c93953e05107fa323cdd1fd49ffbf,2026-07-16,2026-07-19
IN,Integra Lifesciences,integra lifesciences,,Research and Development in Biotechnology,541711,source,917520,IART,listed-extension,3841,Surgical & Medical Instruments & Apparatus,,,,,,,,automatic,cik:917520,Lafayette,2024-01-31,2024-04-26,60,closure,,0,0,1,https://www.in.gov/dwd/warn-notices/current-warn-notices/,2717159f9202f05cc5c4b477f9eedb2638b00807637cf5c554ea2cbf,80167593c9a21eeae21fb71f908fc9a8b0b9db0b,2026-07-16,2026-07-19
IN,Forest River Inc.,forest river,,Automobile and Light Duty Motor Vehicle Manufacturing,336110,source,,,,,,,,,,,BERKSHIRE HATHAWAY INC,1067983,,n:forest river,Elkhart,2024-02-12,2024-04-19,83,closure,,0,0,1,https://www.in.gov/dwd/warn-notices/current-warn-notices/,5c280d6f02e98fac69a4f8cbae24133d259f31a8f92abe6f2d92e792,0858f1cf81e2bba2dfb9617d4b674b1a2c13e0e1,2026-07-16,2026-07-19
IN,Refresco,refresco,,Packaging Machinery Manufacturing,333993,source,,,,,,,,,,,,,,n:refresco,Evansville,2024-02-13,2024-03-28,45,closure,,0,0,1,https://www.in.gov/dwd/warn-notices/current-warn-notices/,75cba48252ad6262566e0ac39695b8eae5a7dda6b53eb24e6aff14cc,7cee9b325a3b960c691bcd9f769f1a2564c408ac,2026-07-16,2026-07-19
IN,BorgWarner PDSRevised (2/16/24),borgwarner pdsrevised 2 16 24,,Other Motor Vehicle Parts Manufacturing,336390,source,,,,,,,,,,,,,,n:borgwarner pdsrevised,Kokomo,2024-02-16,2024-04-12,101,closure,,0,0,1,https://www.in.gov/dwd/warn-notices/current-warn-notices/,d3e97ef5d0870a9473a51320f1b78e811fc5dfcd727cac719797d7d9,af6285d0814e0b20ba02875bbedf264d40a3537f,2026-07-16,2026-07-19
IN,Tyson FoodsRevised (2/19/24),tyson foodsrevised 2 19 24,,Poultry Processing,311615,source,,,,,,,,,,,,,,n:tyson foodsrevised,Corydon,2024-02-19,2024-08-10,168,closure,,0,0,1,https://www.in.gov/dwd/warn-notices/current-warn-notices/,83011c02a4ddd844ebe69cf1fbf53b1b7a0a36044d209703cafc73f6,31133c2f0ebc679f4b2b7728646be4b81c3e4d58,2026-07-16,2026-07-19
IN,Sunrise Coal,sunrise coal,,Surface Coal Mining,212114,source,,,,,,,,,,,HALLADOR ENERGY CO,788965,,n:sunrise coal,"Edwardsport, Freelandville, Oaktown, Petersburg",2024-02-23,2024-04-23,112,unknown,,0,0,1,https://www.in.gov/dwd/warn-notices/current-warn-notices/,ed5b49458c6a1ee558cf4c8181efb7b387d0a1f21c7d2ef1cead1974,8eecc8483469f8e6490b4f957784b9190e061281,2026-07-16,2026-07-19
IN,"Strick Trailers, LLC",strick trailers,,All Other Transportation Equipment Manufacturing,336999,source,,,,,,,,,,,,,,n:strick trailers,Monroe,2024-02-28,2025-09-01,103,unknown,,0,0,1,https://www.in.gov/dwd/warn-notices/current-warn-notices/,db3d1518b14df03b481c1562fd2c0340f3f4d4da4fee5c087d4d73a1,00985800a55c044786054a733ee7e5bd59b24bd5,2026-07-16,2026-07-19
IN,"Cygnus Home Services, LLC, DBA",cygnus home services llc dba,,Accommodation and Food Services,72,source,,,,,,,,,,,,,,n:cygnus home services,Bedford,2024-03-14,2024-05-03,1,unknown,,0,0,1,https://www.in.gov/dwd/warn-notices/current-warn-notices/,a900af04628efb35f8b1892d676f1091cc066c08e915720a32ef3502,59152032f50158223bda4e3831519d331ef7769f,2026-07-16,2026-07-19
IN,Kenco Logistics Services LLC,kenco logistics services,,Warehousing and Storage,493,source,,,,,,,,,,,,,,n:kenco logistics services,Indianapolis,2024-03-22,2024-06-28,10,closure,,0,0,1,https://www.in.gov/dwd/warn-notices/current-warn-notices/,f315e61175c1ed8dc6847c0f9b160ccb40f1a4ecb03a0f478087d447,0fc86179b93631784425ea20852a330b482c532d,2026-07-16,2026-07-19
IN,Geodis,geodis,Geodis,"Process, Physical Distribution, and Logistics Consulting Services",541614,source,,,,,,,,,Q825746,label,Société nationale des chemins de fer français,,automatic,qid:Q825746,Plainfield,2024-03-25,2024-06-12,99,unknown,,0,0,1,https://www.in.gov/dwd/warn-notices/current-warn-notices/,6df36d2b6b9bf46f6e05945d3e18930e54c73b066064a1595ea19468,d8b3417423ade5395930bcd07d0be2db9ddf1398,2026-07-16,2026-07-19
IN,KCARC,kcarc,,Miscellaneous Manufacturing,339,source,,,,,,,,,,,,,,n:kcarc,Vincennes,2024-04-15,2024-05-10,15,closure,,0,0,1,https://www.in.gov/dwd/warn-notices/current-warn-notices/,31034313f0167d49325c31218b86d39a1dd9b7378a6439dfa03fa154,c4f66630f20b11d12eae27e3ae1e57cd6fe5aa77,2026-07-16,2026-07-19
IN,"Pridgeon and Clay, Inc.",pridgeon and clay,,"Metal Crown, Closure, and Other Metal Stamping (except Automotive)",332119,source,,,,,,,,,,,,,,n:pridgeon and clay,Franklin,2024-04-17,2024-06-17,75,unknown,,0,0,1,https://www.in.gov/dwd/warn-notices/current-warn-notices/,e24b780bcf17df642341b73f187ed77e17c9e72bb400c66c7dfd32f9,fed6a59a887ec5323bb3356b9704889920e7e48f,2026-07-16,2026-07-19
IN,DHL Supply Chain,dhl supply chain,,General Warehousing and Storage,493110,source,,,,,,,,,,,,,,n:dhl supply chain,Clayton,2024-04-23,2024-08-01,170,closure,,0,0,1,https://www.in.gov/dwd/warn-notices/current-warn-notices/,69bf16aed3a831016dbdd213c3416e46f2d18968b91f71ffa5147920,8376ec59d7f18716bbbc220d48d57b900ba7aa06,2026-07-16,2026-07-19
IN,Gannett Publishing Services (Indianapolis Star),gannett publishing services indianapolis star,,Newspaper Publishers,511110,source,,,,,,,,,,,,,,n:gannett publishing services,Indianapolis,2024-04-30,2024-12-31,1,closure,,0,0,1,https://www.in.gov/dwd/warn-notices/current-warn-notices/,7ad3da2e84e7928634c374ae701ffcbba7935dcfccf3dc30cd62fbb7,87ecf18951837c864f4647877c232f5054e76026,2026-07-16,2026-07-19
IN,"HAAS Cabinet Co, INC",haas cabinet,,Wood Kitchen Cabinet and Countertop Manufacturing,337110,source,,,,,,,,,,,,,,n:haas cabinet,Sellersburg,2024-04-30,2024-07-11,119,closure,,0,0,1,https://www.in.gov/dwd/warn-notices/current-warn-notices/,9e08f2077d64c794886c912e69201ebdcd61299b6621ba152f23608f,cff553e1e18c7c68bcab7f58517b17321b57b4c6,2026-07-16,2026-07-19
IN,Campbell Snacks,campbell snacks,,Food Manufacturing,311,source,,,,,,,,,,,CAMPBELL'S Co,16732,,n:campbell snacks,Jeffersonville,2024-05-28,2024-07-27,85,unknown,,0,0,1,https://www.in.gov/dwd/warn-notices/current-warn-notices/,87adae32af6d301b54db516000cc908ad1368e80845e8c6a6514cf90,e51e8cc594e2732b851deaf0f3c18ce16ae437ee,2026-07-16,2026-07-19
IN,"Cygnus Home Services, LLC, DBA Yelloh",cygnus home services llc dba yelloh,,All Other Specialty Food Retailers,445298,source,,,,,,,,,,,,,,n:cygnus home services,"Elkhart, Muncie",2024-06-03,2024-07-27,21,unknown,,0,0,1,https://www.in.gov/dwd/warn-notices/current-warn-notices/,389a225b13e215e92542b2730af9367bb9be6672a632851e2ab4b210,412e69269412d1d2b61dd65cacea48d46ab3c91f,2026-07-16,2026-07-19
IN,Daimler Truck North America,daimler truck north america,Daimler Truck North America,Transportation Equipment Manufacturing,336,source,,,,,,,,54930017UG2CYHSOOG16,Q16834431,label,Daimler Truck,,automatic,qid:Q16834431,Plainfield,2024-06-17,2024-12-31,80,closure,,0,0,1,https://www.in.gov/dwd/warn-notices/current-warn-notices/,28eb707371b713afeb8a1e302e5c4b060625d61078434dba9fd9bf1a,a9ad39714686c4eca5eaeb5fcbe79c684866e868,2026-07-16,2026-07-19
IN,North American Stamping Group,north american stamping group,,Metal Stamping,332116,source,,,,,,,,,,,,,,n:north american stamping group,Muncie,2024-06-26,2024-11-30,62,closure,,0,0,1,https://www.in.gov/dwd/warn-notices/current-warn-notices/,393d900401468014e51b4d4a61616a580974e272787aae8c8125866d,57e423f2d39efb01be8bac59c6ff7ad061184496,2026-07-16,2026-07-19
IN,SmartStyle Salon,smartstyle salon,,Beauty Salons,812112,source,,,,,,,,,,,,,,n:smartstyle salon,Anderson,2024-07-15,2024-07-15,1,closure,,0,0,1,https://www.in.gov/dwd/warn-notices/current-warn-notices/,e5d9a6e31fe430dea568ed5316709f9de76229cbb087c3af42522077,a56a8ce75aae60add949198e58295208e3e5ec6b,2026-07-16,2026-07-19
IN,Triple Canopy,triple canopy,Triple Canopy,Security Guards and Patrol Services,561612,source,1276804,,exact:post-era,,,,,,Q2453960,label,,,automatic,qid:Q2453960,"Anderson, Auburn, Bloomington, Columbus, Elkhart, Evansville, Fort Wayne, Gary, Hammond, Indianapolis, Kokomo, Lafayette, Madison, Marion, Merrillville, Michigan City, Muncie, Richmond, South Bend, Terre Haute, Valparaiso, and Vincennes",2024-07-23,2024-09-30,123,closure,,0,0,1,https://www.in.gov/dwd/warn-notices/current-warn-notices/,c6b56388cea3681ad022ea5f7fb49da23d192852325e5456d04fa884,4a517e0a47a50e9dfff628bc3078501dbcd8af96,2026-07-16,2026-07-19
IN,TBK America Inc,tbk america,,Industrial Machinery and Equipment Merchant Wholesalers,423830,source,,,,,,,,,,,,,,n:tbk america,Richmond,2024-07-30,2024-09-30,86,closure,,0,0,1,https://www.in.gov/dwd/warn-notices/current-warn-notices/,c4a53b97c522e1a6a0f3e613aa4cc10901cf60f5652495fb7e488086,dc2f6925476cbb3ab0f04fa5b21dca2693176dc2,2026-07-16,2026-07-19
IN,EYM Chicken of Indiana,eym chicken of indiana,,Food Services and Drinking Places,722,source,,,,,,,,,,,,,,n:eym chicken of indiana,"Indianapolis, Franklin, Greencastle, Brazil, Batesville, Elkhart, Gary, Valparaiso, Hobart, Michigan City, Mooresville, Brazil",2024-08-21,2024-08-28,193,closure,,0,0,1,https://www.in.gov/dwd/warn-notices/current-warn-notices/,654f46a97a73941eb011be19c07c047f9c09064903047ed03e7df40f,1c8996e0f8046385087b6dd6ee654d5047109322,2026-07-16,2026-07-19
IN,Hancock Regional Hospital,hancock regional hospital,HANCOCK REGIONAL HOSPITAL,General Medical and Surgical Hospital,622110,source,,,,,,351092610,E220,,,,,,automatic,ein:351092610,Greenfield,2024-09-04,2024-11-03,50,unknown,,0,0,1,https://www.in.gov/dwd/warn-notices/current-warn-notices/,40b06da4191699f2dba4b384e1c255fcc2297721277ddbf8ff2aa52d,5f823c2b5854c263dd1e81847fc39703055b03d9,2026-07-16,2026-07-19
IN,Novae LLC,novae,,Truck Trailer Manufacturing,336212,source,,,,,,,,,,,,,,n:novae,North Manchester,2024-09-05,2024-11-02,80,closure,,0,0,1,https://www.in.gov/dwd/warn-notices/current-warn-notices/,406a3c118c8423f957470aae6618209dc714dbbdcdc2d4673e6acdf8,edb67d113f620e6a3d475f59ae4efd08d0d00c68,2026-07-16,2026-07-19
IN,Copeland Corp,copeland,,Other services (except Public Amin),81,source,,,,,,,,,,,"ENSIGN GROUP, INC",1125376,,n:copeland,Greenfield,2024-09-27,2025-01-13,75,closure,,0,0,1,https://www.in.gov/dwd/warn-notices/current-warn-notices/,0ea86be6a68c21abf56647d89942d0d66ba1ab8493730b4e167facc0,7656505fb8ed67d452cebdbc3675e3d40d7caf11,2026-07-16,2026-07-19
IN,"Pridgeon & Clay, Inc.",pridgeon clay,,Motor Vehicle Metal Stamping,336370,source,,,,,,,,,,,,,,n:pridgeon clay,Franklin,2024-10-07,2026-03-27,125,closure,,0,0,1,https://www.in.gov/dwd/warn-notices/current-warn-notices/,720099b2f2c0b1b9a9dc8756e1f29c908c057921f9de66bd2ff82f9a,848e87cb6601f9c6ba39d9e9719b8fc508c2d49e,2026-07-16,2026-07-19
IN,Forest River Inc.,forest river,,Automobile and Light Duty Motor Vehicle Manufacturing,336110,source,,,,,,,,,,,BERKSHIRE HATHAWAY INC,1067983,,n:forest river,Elkhart,2024-10-31,2024-12-31,160,closure,,0,0,1,https://www.in.gov/dwd/warn-notices/current-warn-notices/,b058f127bdf3b938d6de85b87dd8ab9dc74b8838847a8719d66e306f,0c137a25ca017ec28580eb63f6ad62029484784e,2026-07-16,2026-07-19
IN,"UNFI Wholesale Inc, (UNFI) Distribution Center",unfi wholesale inc unfi distribution center,,General Line Grocery Merchant Wholesalers,424410,source,,,,,,,,,,,,,,n:unfi wholesale,Fort Wayne,2024-11-12,2025-02-14,157,unknown,,0,0,1,https://www.in.gov/dwd/warn-notices/current-warn-notices/,fb0ecdd2003df955d6c37578f8b651d4f335d02d7a0900a741b8453e,e9482a75fe938e5aa43547e7a48ca9bbef0dba63,2026-07-16,2026-07-19
IN,"Management & Training Corp, dba Atterbury Job Corp Center",management training corp dba atterbury job corp center,,Education Services,61,source,,,,,,,,,,,,,,n:management training,Edinburgh,2024-11-13,2024-11-30,204,unknown,,0,0,1,https://www.in.gov/dwd/warn-notices/current-warn-notices/,59d2e8608cf44fba2373b0d23fbe4bc950c71436ac4f8bf81f3040f9,ee95e559d2420c1065a4ada0922f503557faf1be,2026-07-16,2026-07-19
IN,Resident Home,resident home,,Mattress Manufacturing,337910,source,,,,,,,,,,,,,,n:resident home,Jeffersonville,2025-01-15,2025-03-16,106,closure,,0,0,1,https://www.in.gov/dwd/warn-notices/current-warn-notices/,68d3133fb2c75ae5e932fb427c7bcaec5ee34ffa06e37e6c162f2715,d001951eddb6fa0674e722f4b2f57b35bc92796e,2026-07-16,2026-07-19
IN,Phoenix Financial Services,phoenix financial services,,Collection Agencies,561440,source,,,,,,,,,,,,,,n:phoenix financial services,Fishers,2025-01-24,2024-12-31,94,closure,,0,0,1,https://www.in.gov/dwd/warn-notices/current-warn-notices/,9ddd3b34e5b0d61154701c9af68acd8a8619d7d884b91af59c0a2d6d,f2c2b6b0d109527bc9cbf421bd04f7b39b7a6934,2026-07-16,2026-07-19
IN,US Arconic LLCRevised (3/27/25),us arconic llcrevised 3 27 25,,"Aluminum Sheet, Plate, and Foil Manufacturing",331315,source,,,,,,,,,,,,,,n:us arconic llcrevised,Lafayette,2025-02-05,2025-06-07,80,closure,,0,0,1,https://www.in.gov/dwd/warn-notices/current-warn-notices/,8f9ff6f071cf42b35adfe2d8ca9dcf28b17e9684439e15ae931928ac,e4285c0ac837d27161443857bc4fa7babb588ab9,2026-07-16,2026-07-19
IN,Jack Cooper Transport Company,jack cooper transport,,"Specialized Freight (except Used Goods) Trucking, Long-Distance",484230,source,1655875,,exact:post-era,,,,,,,,,,automatic,cik:1655875,Roanoke,2025-02-08,2025-02-08,251,closure,,0,0,1,https://www.in.gov/dwd/warn-notices/current-warn-notices/,3ae885085cfef3a7201e2745310aebb7049fc0814983462ddfe7f103,c9c797414439cd9e6bb1da78e5898365b104e57e,2026-07-16,2026-07-19
IN,ABM,abm,,Janitorial Services,561720,source,,,,,,,,,,,,,,n:abm,Indianapolis,2025-02-28,2025-04-30,77,closure,,0,0,1,https://www.in.gov/dwd/warn-notices/current-warn-notices/,04039fca12b0de6abad18a7095698702bcdaca44e5547394744d009f,15daba45b08d4ea2e7bfe47a9d68d108de4a66ae,2026-07-16,2026-07-19
IN,RR Donnelley,rr donnelley,RR Donnelley,Direct Mail Advertising,541860,source,,,,,,,,,Q2124539,label,,1669811,automatic,qid:Q2124539,Seymour,2025-03-04,2025-05-03,96,closure,,0,0,1,https://www.in.gov/dwd/warn-notices/current-warn-notices/,d181d4f2d24f3c80e4a7c926c82f53eebf0bcb46d97e5619d1d70313,6c38866ce6a3eb420eee7455bafc97c023e0fe68,2026-07-16,2026-07-19
IN,Nachi Technology Inc (NTI),nachi technology inc nti,,Saw Blade and Hand tool Manufacturing,332216,source,,,,,,,,,,,,,,n:nachi technology,Greenwood,2025-03-19,2025-12-31,72,closure,,0,0,1,https://www.in.gov/dwd/warn-notices/current-warn-notices/,479214959109222a5b99f0dfdc58c0c6fd05f31e2da413c6021c16a5,06f9243eea8ef285683f51d2e194d123ccae6f31,2026-07-16,2026-07-19
IN,Cruiser RV,cruiser rv,,Motor Vehicle Body and Trailer Manufacturing,3362,source,,,,,,,,,,,,,,n:cruiser rv,Howe,2025-04-21,2025-06-20,251,closure,,0,0,1,https://www.in.gov/dwd/warn-notices/current-warn-notices/,0c1acb2675f7f637c7dca92213f0bbb076f3e7b1e0200de9e84cda20,643c60c81a5ff36da56c935cbcda389f6be9354e,2026-07-16,2026-07-19
IN,"DRV, LLC",drv,,Recreational Vehicle Dealers,441210,source,,,,,,,,,,,,,,n:drv,Howe,2025-04-21,2025-06-20,51,closure,,0,0,1,https://www.in.gov/dwd/warn-notices/current-warn-notices/,3dc7350bcc167ebfd96880a5f9a69b45236b4874095a478a200b34d5,ab77038450fdaf98f8df9b62c8e6392640cb1ca2,2026-07-16,2026-07-19
IN,"Heartland Recreational Vehicles, LLC",heartland recreational vehicles,"Heartland Recreational Vehicles, LLC",Travel Trailer and Camper Manufacturing,336214,source,,,,,,,,,Q5692884,label,,,automatic,qid:Q5692884,Elkhart,2025-04-21,2025-06-20,147,closure,,0,0,1,https://www.in.gov/dwd/warn-notices/current-warn-notices/,15765fe7acca6a9e44b73e697dc8f6923a565ffbd621a8c4bac9ed02,0468fbdcd2b06eb4c22d42dfc5f66ffbce8c37c4,2026-07-16,2026-07-19
IN,SSC Services for Education dba Muncie Community Schools,ssc services for education dba muncie community schools,,Education Services,611,source,,,,,,,,,,,,,,n:ssc services for education,Muncie,2025-04-23,2025-06-30,58,closure,,0,0,1,https://www.in.gov/dwd/warn-notices/current-warn-notices/,a8452e7b66f1bb18a194ba833c95cc310dd89e97f0be586b1ce8a447,3a206d7a951c5387b8fa576bb7c147610a5de2c1,2026-07-16,2026-07-19
IN,SSC Services for Education dba South Bend School District,ssc services for education dba south bend school district,,Education Services,611,source,,,,,,,,,,,,,,n:ssc services for education,South Bend,2025-04-23,2025-06-30,203,closure,,0,0,1,https://www.in.gov/dwd/warn-notices/current-warn-notices/,d885ee47bf741eafe2a7aca13fc3cb67246f4070053f67a68b1d265e,6c406902ac74d36f0c562603d90d01801f627769,2026-07-16,2026-07-19
IN,NFI Industries,nfi industries,,Warehousing and Storage,493,source,,,,,,,,,,,,,,n:nfi industries,Crown Point,2025-05-02,2025-07-25,78,closure,,0,0,1,https://www.in.gov/dwd/warn-notices/current-warn-notices/,c7bbb6ec035de98a0c59bcbb7314ec551b4c4b549d4d1c2f702a0068,c9b031e85ad767e2aa0abd6ebd5387f0b83102d6,2026-07-16,2026-07-19
IN,"Hoffmaster Group, Inc",hoffmaster group,,Paper Manufacturing,322,source,,,,,,,,,,,,,,n:hoffmaster group,Fort Wayne,2025-05-13,2025-11-07,53,closure,,0,0,1,https://www.in.gov/dwd/warn-notices/current-warn-notices/,cf69c9fdbae1680fd71335cd7bb6f1e7ae8ffe8ff2c0edad2b96eab9,9fc3dfc37b984df152aa3309e65108cd3af09b6f,2026-07-16,2026-07-19
IN,Columbus Regional Health,columbus regional health,,All Other Miscellaneous Ambulatory Health Care Services,621999,source,,,,,,,,,,,,,,n:columbus regional health,Columbus,2025-06-24,2025-08-23,50,closure,,0,0,1,https://www.in.gov/dwd/warn-notices/current-warn-notices/,2a9dfa320cd6ed0fbee7085dc2aceada9795c3edbf30fcc7e13a79e5,0a2ee7ccc7aad8b64af6e42908522698bb9d8f09,2026-07-16,2026-07-19
IN,Community Development Institute Head Start,community development institute head start,,Child Care Services,624110,source,,,,,,,,,,,,,,n:community development institute head start,Richmond,2025-07-31,2025-09-30,65,closure,,0,0,1,https://www.in.gov/dwd/warn-notices/current-warn-notices/,acae67226427cc115dbaa4883d3325aa9d22535a0c5f9782fae6c70a,7f478bbc7ef8ee9fb9944fe2afae70de449783b5,2026-07-16,2026-07-19
IN,ASM Global/ Old National Event Plaza,asm global old national event plaza,,"Arts, Entertainment, and Recreation",71,source,,,,,,,,,,,,,,n:asm global old national event plaza,Evansville,2025-08-01,2025-09-01,248,unknown,,0,0,1,https://www.in.gov/dwd/warn-notices/current-warn-notices/,edd4b6eab4f1a7ad2098a1ec67489cbda3385e0f1d0c49b608a100cd,55d5ef1d75b7a46dabaf37e06f8cb2c25c726359,2026-07-16,2026-07-19
IN,Navient Solutions LLC,navient solutions,,Finance and Insurance,52,source,,,,,,,,,,,NAVIENT CORP,1593538,,n:navient solutions,Fishers,2025-08-04,2025-10-03,128,unknown,,0,0,1,https://www.in.gov/dwd/warn-notices/current-warn-notices/,5169fb39178d04fc2f70e7d3461e5a18a6950c3dc00b05dbad9bf582,d57b5b8756618879663411b24547b56f968a8dee,2026-07-16,2026-07-19
IN,"Shine Early Learning, Inc",shine early learning,,Child Care Services,624110,source,,,,,,,,,,,,,,n:shine early learning,Fishers,2025-08-05,2025-10-01,57,unknown,,0,0,1,https://www.in.gov/dwd/warn-notices/current-warn-notices/,556287416007d5fc9c7bce648e6e6ba5a515e46eb03f9d3c760d5e71,0063d2b8ef837f34454566cb876056a71f659c84,2026-07-16,2026-07-19
IN,Target Corp. Distribution Center,target corp distribution center,,Transportation and Warehousing,48,source,,,,,,,,,,,,,,n:target corp distribution center,Indianapolis,2025-08-05,2025-09-19,201,closure,,0,0,1,https://www.in.gov/dwd/warn-notices/current-warn-notices/,bbd7b9e395798eb9b3474e947ac3074a80bb1900969af3046e8307ce,81d59357fe0e0bd9099d7bcc4ae94b42165bfd10,2026-07-16,2026-07-19
IN,"National Distribution Centers, LLC & NFI Interactive Logistics, LLC",national distribution centers llc nfi interactive logistics,,Transportation and Warehousing,48,source,,,,,,,,,,,,,,n:national distribution centers llc nfi interactive logistics,Lebanon,2025-08-13,2025-10-18,79,closure,,0,0,1,https://www.in.gov/dwd/warn-notices/current-warn-notices/,840a1a98158080920031b09f11c31340c12952f49ab3fa551dae8af5,64fea8ed4dca56e3e082a68c17316d22bd8ea206,2026-07-16,2026-07-19
IN,"Thermal Structures, Inc.",thermal structures,,Other Motor Vehicle Parts Manufacturing,336390,source,1984961,,exact,,,,,,,,,,automatic,cik:1984961,Plainfield,2025-08-25,2025-11-24,155,unknown,,0,0,1,https://www.in.gov/dwd/warn-notices/current-warn-notices/,81d9b762f00273d1bda3a73872cf031115f2a9a104363d6a7097011f,cb6155702a56a09c0e0004d8d53d8fd12fcb579a,2026-07-16,2026-07-19
IN,General Aluminum,general aluminum,,Aluminum Foundries (except Die-Casting),331524,source,,,,,,,,,,,,,,n:general aluminum,Huntington,2025-08-29,2025-12-14,62,closure,,0,0,1,https://www.in.gov/dwd/warn-notices/current-warn-notices/,c16d5646fc4c0e6bb7ed3f90f952fe8e818fa343af6794622ee55cdc,f70fe27382ed1cea8afa7ec6157b933cf60f5a9b,2026-07-16,2026-07-19
IN,Perdue Foods LLC,perdue foods,,Poultry Processing,311615,source,,,,,,,,,,,,,,n:perdue foods,Washington,2025-09-03,2025-11-02,293,unknown,,0,0,1,https://www.in.gov/dwd/warn-notices/current-warn-notices/,ab3fbdb9a2b6b44138e0d479bf5e61dc3a5976d43aa6483d6a788a9f,a87c2c27a4bf19c523481bd43f7748ec0d660d7a,2026-07-16,2026-07-19
IN,Raydia Food Group,raydia food group,,Food and Beverage Retailers,445,source,,,,,,,,,,,,,,n:raydia food group,"Bloomington, Mishawaka, South Bend",2025-09-19,2025-11-26,200,closure,,0,0,1,https://www.in.gov/dwd/warn-notices/current-warn-notices/,3841c7537980dc0d8355d793564bed0bc4c3b2762b6fea37a18821f6,7b2d87268f4fac0166b7d97bde9ed131bb95782a,2026-07-16,2026-07-19
IN,"GT Industries, Inc.",gt industries,,Motor Vehicle Metal Stamping,336370,source,,,,,,,,,,,,,,n:gt industries,North Vernon,2025-09-29,2025-12-01,95,unknown,,0,0,1,https://www.in.gov/dwd/warn-notices/current-warn-notices/,9cec0248c1bc43934ca7ecc098f9b5fd52012b24db790b2c7c45bc83,8576edcf1e0080d9b55866d47d2ee12f8d795f8e,2026-07-16,2026-07-19
IN,"Freudenberg Residential Filtration Technologies, Inc.",freudenberg residential filtration technologies,,Manufacturing,31,source,,,,,,,,,,,,,,n:freudenberg residential filtration technologies,LaPorte,2025-10-06,2025-12-05,173,closure,,0,0,1,https://www.in.gov/dwd/warn-notices/current-warn-notices/,decae775974b39faf15d269ea6a37fb018a2f0e133dfe8873ee1793d,a4e02ca62866a291e86682ec8dd7e9de5e66bb39,2026-07-16,2026-07-19
IN,"JMS Engineered Plastics, Inc.",jms engineered plastics,,All Other Plastics Product Manufacturing,326199,source,,,,,,,,,,,,,,n:jms engineered plastics,South Bend,2025-10-29,2025-10-29,49,unknown,,0,0,1,https://www.in.gov/dwd/warn-notices/current-warn-notices/,a4bbf2ac8a0a0c345136ae67c315ea766d49859b29c8ed199e9f5bc8,e10cb69f621dbfbd03f5593d5655a90bd8d1e60f,2026-07-16,2026-07-19
IN,MDWise,mdwise,MDWISE INC,Insurance Carriers,5241,source,,,,,,351931354,,,,,,,automatic,ein:351931354,Indianapolis,2025-11-13,2026-01-16,238,closure,,0,0,1,https://www.in.gov/dwd/warn-notices/current-warn-notices/,5eef4d16a14abffbbde9be87281043b1215b781c7524adb73d12e3d6,dc470f14b5ce376c09427a292c5c20b1573d7362,2026-07-16,2026-07-19
IN,Kloeckner Metals,kloeckner metals,,Metal Service Centers and Other Metal Merchant Wholesalers,423510,source,,,,,,,,,,,,,,n:kloeckner metals,Indianapolis,2025-11-18,2026-01-20,54,unknown,,0,0,1,https://www.in.gov/dwd/warn-notices/current-warn-notices/,3de1667b481b9ed2de5c022532449fd7e6f0a25cc23ee5a167a647f5,0835e41a93ab933ac1e5d206829232f729f89bea,2026-07-16,2026-07-19
IN,FreshRealm,freshrealm,,Accommodation and Food Services,72,source,1863754,,exact,,,,,,,,,,automatic,cik:1863754,Indianapolis,2025-12-02,2026-01-31,168,closure,,0,0,1,https://www.in.gov/dwd/warn-notices/current-warn-notices/,e53b00d0efc56d26750c02d2611e4309c715223f7714f1e4a71aeda7,a2d17f686f053f2a1235b4d3aa15583ac2b34d21,2026-07-16,2026-07-19
IN,Spartech LLC,spartech,,Plastics Material and Resin Manufacturing,325211,source,77597,,exact:post-era,3080,Miscellaneous Plastics Products,,,,,,,,automatic,cik:77597,Muncie,2025-12-12,2025-12-23,125,closure,,0,0,1,https://www.in.gov/dwd/warn-notices/current-warn-notices/,113eb74ddf52d54d330d27c55e7597bfd2d1b0c28825633a1553ed6b,e42b87daa5808499e379db856cce20cd39828933,2026-07-16,2026-07-19
IN,AAR Aircraft Services,aar aircraft services,,Manufacturing,31,source,1562965,,exact:post-era,,,,,,,,,,automatic,cik:1562965,Indianapolis,2025-12-23,2026-02-15,329,closure,,0,0,1,https://www.in.gov/dwd/warn-notices/current-warn-notices/,d72f91745cba99e06c38000e5a142829762a0e9f849ba7e094deb12a,56a3dce2480d85a112fe7cc5351068673dafe602,2026-07-16,2026-07-19
IN,Dalton Corporation,dalton,Dalton Corporation (Japan),Manufacturing,31,source,,,,,,,,,Q138860523,label,,,automatic,qid:Q138860523,Warsaw,2025-12-29,2026-02-27,257,closure,,0,0,1,https://www.in.gov/dwd/warn-notices/current-warn-notices/,146ae6a3cd605471fe7d19539d605cbced709d8a26400f04b74e404d,e29cbdcddfc1e432d8188f5a79784e284df030cf,2026-07-16,2026-07-19
IN,Wabash,wabash,,Transportation and Warehousing,48,source,879526,WNC,listed-extension,3715,Truck Trailers,,,,,,,,automatic,cik:879526,Goshen,2026-01-05,2026-03-06,144,closure,,0,0,1,https://www.in.gov/dwd/warn-notices/current-warn-notices/,4e4c52e3d4a99c94c9ddb64c0cf779e4cc7d19f75f9cfe0168b622a0,314090c2c59740533e0519e7174906bed025abef,2026-07-16,2026-07-19
IN,Margaret Mary Community Hospital (dba Margaret Mary Health),margaret mary community hospital dba margaret mary health,,Hospitals,622,source,,,,,,,,,,,,,,n:margaret mary community hospital,Batesville,2026-01-13,2026-03-02,55,unknown,,0,0,1,https://www.in.gov/dwd/warn-notices/current-warn-notices/,82d54a802c995fe06a1910f71f5ccbf860ecf2b724acd85b81adfe70,66849471f2708fb6be9b2c17fb5c054c2e55721f,2026-07-16,2026-07-19
IN,"Inari Agriculture, Inc.",inari agriculture,Inari Agriculture (United States),"Agriculture, Forestry, Fishing, and Hunting",11,source,1749425,,exact:post-era,,,,,,Q100956122,cik,,,automatic,qid:Q100956122,West Lafayette,2026-01-20,2026-01-20,64,unknown,,0,0,1,https://www.in.gov/dwd/warn-notices/current-warn-notices/,8a7d7337348ae9cf35330d01944a3d761273c6aaf35d8d378ad099b1,956c2aaf500098a3bf7e5bab698ae3e79fb27573,2026-07-16,2026-07-19
IN,National Distribution Centers,national distribution centers,,Manufacturing and Warehousing,48,source,,,,,,,,,,,,,,n:national distribution centers,Lebanon,2026-01-30,2026-04-03,53,closure,,0,0,1,https://www.in.gov/dwd/warn-notices/current-warn-notices/,41058f4c15e9854ada39e2156a5835ea171206cb256708de601d4eb6,6a791ff371d47a4fac7b78ff53876978bb3f10ea,2026-07-16,2026-07-19
IN,"Grouper Acquisition Company, LLC, dba Shiloh Industries, Inc",grouper acquisition company llc dba shiloh industries,,Motor Vehicle Metal Stamping,336370,source,,,,,,,,,,,,,,n:grouper acquisition,Goshen,2026-02-02,2026-03-31,172,closure,,0,0,1,https://www.in.gov/dwd/warn-notices/current-warn-notices/,a144024fc41a4d4525cd6eb1b60578dd845b2abeeecce664f11b06f1,dff1c2997c55c87e9958e498315e913a45306065,2026-07-16,2026-07-19
IN,"First Brands Group, LLC",first brands group,"FIRST BRANDS GROUP, LLC",Manufacturing,31,source,,,,,,,,2549005IXRZR7KSBJD91,,,,,automatic,lei:2549005IXRZR7KSBJD91,Logansport,2026-02-27,2026-04-30,38,closure,,0,0,1,https://www.in.gov/dwd/warn-notices/current-warn-notices/,97235381906c588ceb254f59d822f72180eb2759a0a8f39e5626360d,92fbb933bce78e049e8e8cf0869fb641335e3f89,2026-07-16,2026-07-19
IN,"First Brands Group, LLC",first brands group,"FIRST BRANDS GROUP, LLC",Manufacturing,31,source,,,,,,,,2549005IXRZR7KSBJD91,,,,,automatic,lei:2549005IXRZR7KSBJD91,Jasper,2026-02-27,2026-04-30,345,closure,,0,0,1,https://www.in.gov/dwd/warn-notices/current-warn-notices/,2ddc606b0d48c69ccd0e2a6ed0ad2e04c2fd584114b050dacd6ab01a,df6368be89175dc821c1fc1f8a9fa4c366bcd4d3,2026-07-16,2026-07-19
IN,Kem Krest LLC,kem krest,,Transportation and Warehousing,48,source,,,,,,,,,,,,,,n:kem krest,Carmel,2026-03-10,2026-08-31,77,closure,,0,0,1,https://www.in.gov/dwd/warn-notices/current-warn-notices/,2ebd09eab4bb9065b13c13c2fe9c2972129f37631eacba40215ebe24,c7eb2784bce0ae3e20c3a1af0c8b19d5747dd74d,2026-07-16,2026-07-19
IN,"WIT Logistics, LLC",wit logistics,,"Process, Physical Distribution, and Logistics Consulting Services",541614,source,,,,,,,,,,,,,,n:wit logistics,Plainfield,2026-03-13,2026-05-31,65,closure,,0,0,1,https://www.in.gov/dwd/warn-notices/current-warn-notices/,ccf06ad1252fad82d8f8592ed09e47327a0d605f093b585bf75d2665,be71f9504d05ec01265ddf197ab1e312a4ed3c64,2026-07-16,2026-07-19
IN,"Oakland City University, Inc",oakland city university,OAKLAND CITY UNIVERSITY,Educational Services,61,source,,,,,,350869063,B420,,,,,,automatic,ein:350869063,Oakland City,2026-04-01,2026-06-01,167,unknown,,0,0,1,https://www.in.gov/dwd/warn-notices/current-warn-notices/,f7d3f6ede32e84fb3b7a891e539cabb9bc216c98fa62e42594eee398,346a907614bde29827125d9f86bc3ecd0afad295,2026-07-16,2026-07-19
IN,RESRG Automotive,resrg automotive,,Automotive Manufacturing,336110,source,,,,,,,,,,,,,,n:resrg automotive,Evansville,2026-04-14,2026-06-06,266,closure,,0,0,1,https://www.in.gov/dwd/warn-notices/current-warn-notices/,8722367f1621791ccd4a6fdc313cf2794e0bbf212bd56e8c04a20a47,058fb01526d772771e6d8ac125859967f023cca4,2026-07-16,2026-07-19
IN,CICOA Aging & In-Home Solutions,cicoa aging in home solutions,CICOA AGING & IN HOME SOLUTIONS INC,Health Care and Social Assistance,62,source,,,,,,351310387,P81Z,,,,,,automatic,ein:351310387,Indianapolis,2026-04-30,2026-05-15,90,unknown,,0,0,1,https://www.in.gov/dwd/warn-notices/current-warn-notices/,9aa2f5beb6a2cf4aeff56aa01fca3592d32522357c67bbefc8d280ca,f39788ec86b63b3ce673631202cc9fc7a4323a29,2026-07-16,2026-07-19
IN,Cummins Inc,cummins,Cummins,Other Engine Equipment Manufacturing,333618,source,26172,CMI,exact,3510,Engines & Turbines,,,,Q173476,cik,,,automatic,qid:Q173476,Whitestown,2026-05-01,2020-07-31,59,closure,,0,0,1,https://www.in.gov/dwd/warn-notices/current-warn-notices/,46f35d8f6e23752a8127b055f5f1b45d0a61e6e4306587f4a9251c92,74662d982867059cb2acfa58ea0f710c50702634,2026-07-16,2026-07-19
IN,"Eclipse Advantage, LLC",eclipse advantage,"Eclipse Advantage, LLC",Other Warehousing and Storage,493190,source,,,,,,,,5493005QP3QFQSHFIJ81,,,,,automatic,lei:5493005QP3QFQSHFIJ81,Whitestown,2026-05-19,2026-07-18,21,closure,,0,0,1,https://www.in.gov/dwd/warn-notices/current-warn-notices/,d300557c4a4c3c0bd01ceaa37716f0e03de84d889ca91fbe5acd0485,436b69053eb72790727674264b0100efec43fc24,2026-07-16,2026-07-19
IN,Noble Inc,noble,,Services for the Elderly and Persons with Disabilities,624120,source,1895262,NE,exact,1381,Drilling Oil & Gas Wells,,,,,,,,automatic,cik:1895262,Indianapolis,2026-06-02,2026-06-02,85,unknown,,0,0,1,https://www.in.gov/dwd/warn-notices/current-warn-notices/,160a7ff3e988d58f335fb6e0ff9f89a2ba97c0572c8f56268271f1e0,990a90487a854a7a1eb3e4680600246d24747f53,2026-07-16,2026-07-19
IN,Ryder Integrated Logistics,ryder integrated logistics,,Transportation and Warehousing,48,source,,,,,,,,,,,RYDER SYSTEM INC,85961,,n:ryder integrated logistics,Plainfield,2026-06-08,2026-07-31,76,unknown,,0,0,1,https://www.in.gov/dwd/warn-notices/current-warn-notices/,76828a3a093a1b1ab6e448783ddb1715711998282de7fcca2052b6a9,655120e32f798d11e9eae94c6946f0b279c1fdd3,2026-07-16,2026-07-19
IN,"SIMOS Insourcing Solutions, LLC",simos insourcing solutions,,Transportation and Warehousing,48,source,,,,,,,,,,,"TrueBlue, Inc.",768899,,n:simos insourcing solutions,Avon,2026-06-17,2026-08-17,572,unknown,,0,0,1,https://www.in.gov/dwd/warn-notices/current-warn-notices/,4dfe412d5b069c197f7ce111957d7bc007ddeccdd1ad8ea44f27a6aa,11fa345323c64cc46c097aba38bdab2e5c23414f,2026-07-16,2026-07-19
IN,humano LLC,humano,,Freight Transportation Arrangement,488510,source,,,,,,,,,,,,,,n:humano,Avon,2026-06-17,2026-08-17,586,closure,,0,0,1,https://www.in.gov/dwd/warn-notices/current-warn-notices/,da856c04ccfd2ceb95dd01e3f51837f32b579c068df3d5a658dd791a,57bf6eb561ed33a2e4efe749f0fd7c7c504e0c45,2026-07-16,2026-07-19
IN,"Snyder’s-Lance, Inc d/b/a Campbell Snacks",snyder s lance inc d b a campbell snacks,Snyder's-Lance,Other Snack Food Manufacturing,311919,source,57528,,exact:post-era:base,2052,Cookies & Crackers,,,,Q7548877,cik,Campbell's,,automatic,qid:Q7548877,Jeffersonville,2026-06-18,2026-09-15,111,closure,,0,0,1,https://www.in.gov/dwd/warn-notices/current-warn-notices/,db22849c488526620ea94e76328186df0bb361b80a9450248e9a483d,66748e0d9e6cd7504fe9da466cf34b26d8aaff10,2026-07-16,2026-07-19
IN,"Conduent Commercial Solutions, LLC",conduent commercial solutions,,Billing Services,541219,source,,,,,,,,,,,CONDUENT Inc,1677703,,n:conduent commercial solutions,Statewide,2026-06-26,2026-08-28,7,unknown,,0,0,1,https://www.in.gov/dwd/warn-notices/current-warn-notices/,7c2edad7c0ec921db8e6005d50c469e67f98466a871a0ba2e89f764b,0ca36330343bd9d1c7b6496a4baa48303e013ede,2026-07-16,2026-07-19
IN,Thyssenkrupp Presta North America,thyssenkrupp presta north america,,Manufacturing,31,source,,,,,,,,,,,,,,n:thyssenkrupp presta north america,Terre Haute,2026-06-30,2027-03-31,207,closure,,0,0,1,https://www.in.gov/dwd/warn-notices/current-warn-notices/,23557924cd441ad18b82b965b8a2aa3a937db7cc6641cd65553ca48b,c153d68ede4f94d252b6071c2f15de152f0d4145,2026-07-16,2026-07-19
