state,employer_name,normalized_name,canonical_name,industry,naics,naics_basis,cik,ticker,cik_match,sic,sic_description,ein,ntee,lei,wikidata_qid,wikidata_match,parent_company,parent_cik,identity_source,employer_key,place_name,place_fips,county_name,county_fips,latitude,longitude,geo_basis,location,notice_date,effective_date,employees_affected,layoff_type,is_temporary,is_amendment,is_amended,current_version,source_url,source_notice_id,dedupe_key,first_seen,last_seen
MD,"Marada Industries, Inc.",marada industries,,,332116,source,,,,,,,,,,,,,,n:marada industries,Westminster city,2483100,Carroll County,24013,39.579154,-77.006691,place,Westminster,2010-01-07,2010-03-09,117,unknown,,0,0,1,https://www.dllr.state.md.us/employment/warn.shtml,0e3e8a70dca8cf68f945730d66708c8014de9d84854df0ae5b3b0f0c,5d7bc1c1fb4e0a4255d96ef7038da8698907d132,2026-07-16,2026-07-19
MD,ARAMARK Management Services University Specialty Hospital,aramark management services university specialty hospital,,,722310,source,,,,,,,,,,,,,,n:aramark management services university specialty hospital,Baltimore city,2404000,Baltimore city,24510,39.300032,-76.610476,place,Baltimore City,2010-01-18,2010-04-12,43,unknown,,0,0,1,https://www.dllr.state.md.us/employment/warn.shtml,f5b82beb59cc911420140e4410226797e91ce247afdbb201821ba9e3,c502f267b3edfc7e8e548070f3f9665a336fb57b,2026-07-16,2026-07-19
MD,ARAMARK Management Services University of Maryland Medical System,aramark management services university of maryland medical system,,,722310,source,,,,,,,,,,,,,,n:aramark management services university of maryland medical system,Baltimore city,2404000,Baltimore city,24510,39.300032,-76.610476,place,Baltimore City,2010-01-18,2010-04-12,411,unknown,,0,0,1,https://www.dllr.state.md.us/employment/warn.shtml,6efc10061038a73a585c02d4d87b55955f42c49f4b493baf697284cf,412a86fafd5c3eabc2648b0da47f100686805c85,2026-07-16,2026-07-19
MD,Prime Retail Management,prime retail management,,,551114,source,,,,,,,,,,,,,,n:prime retail management,Baltimore city,2404000,Baltimore city,24510,39.300032,-76.610476,place,Baltimore City,2010-01-20,2010-03-15,,unknown,,0,0,1,https://www.dllr.state.md.us/employment/warn.shtml,331b0ccd8b635cb4b93660d592f1092e997e4a6b575000a36d29b391,66ea0c48606101b5ced54dd05951b525eef11add,2026-07-16,2026-07-19
MD,NO WARNS REPORTED,no warns reported,,,,,,,,,,,,,,,,,,n:no warns reported,,,,,,,,,2010-02-01,,,unknown,,0,0,1,https://www.dllr.state.md.us/employment/warn.shtml,460b90baa2e0112be9aac89ab80af6cfa39d90bc2e92de80748b23e3,b87c5001bb129af140d09f5c84183e5499fee992,2026-07-16,2026-07-19
MD,Wackenhut Services Inc.,wackenhut services,,,561612,source,,,,,,,,,,,WACKENHUT CORP,104030,,n:wackenhut services,Columbia CDP,2419125,Howard County,24027,39.201146,-76.85905,place,Columbia,2010-03-01,2010-04-30,5,unknown,,0,0,1,https://www.dllr.state.md.us/employment/warn.shtml,23ca93a242f3c929dc4f22b809a933a3909154afd990b7c70b3f82a4,f55fe77584703346fb552730e919eb6ba681ac56,2026-07-16,2026-07-19
MD,Sears Holdings,sears holdings,Sears Holdings Corporation,,561499,source,1310067,,exact,5311,Retail-Department Stores,,,,Q966556,cik,,,automatic,qid:Q966556,Columbia CDP,2419125,Howard County,24027,39.201146,-76.85905,place,Columbia,2010-03-05,2010-03-15,101,unknown,,0,0,1,https://www.dllr.state.md.us/employment/warn.shtml,b7133f79e60c063ec53495476fe6064cd034773e541fe00c6da00a5b,62a152e288256c64fc42b5cfba26630832164d8e,2026-07-16,2026-07-19
MD,General Dynamics,general dynamics,General Dynamics,,332722,source,40533,GD,exact,3730,Ship & Boat Building & Repairing,,,,Q502940,cik,,,automatic,qid:Q502940,Westminster city,2483100,Carroll County,24013,39.579154,-77.006691,place,Westminster,2010-03-08,2010-03-08,80,unknown,,0,0,1,https://www.dllr.state.md.us/employment/warn.shtml,ae6449336a3c445a272770083fd32b64289c397cb4e06f33c53fe4e5,7da8a3b35cbd122743b281f1e89dc9950ada963f,2026-07-16,2026-07-19
MD,Capital One Bank,capital one bank,,,522310,source,1003952,,exact:post-era,6189,Asset-Backed Securities,,,,,,,,automatic,cik:1003952,Laurel city,2445900,Prince George's County,24033,39.095075,-76.861245,place,Laurel,2010-03-09,2010-07-01,179,unknown,,0,0,1,https://www.dllr.state.md.us/employment/warn.shtml,716ac75fbb15cd17a79d0ee192cc0a2375056e140a832657a19564a4,7961d5ff7928df9f47ecd86194c7cc864c5ab8e5,2026-07-16,2026-07-19
MD,Northrop Grumman,northrop grumman,Northrop Grumman Corporation,,811219,source,1133421,NOC,exact,3812,"Search, Detection, Navigation, Guidance, Aeronautical Sys",,,,Q329953,cik,,,automatic,qid:Q329953,Hagerstown city,2436075,Washington County,24043,39.640182,-77.722691,place,Hagerstown,2010-03-11,2010-05-09,174,unknown,,0,0,1,https://www.dllr.state.md.us/employment/warn.shtml,baba7dab31475b18a5293e15c778c1c9900432be59b8efcba8fe0295,8158aeb06346167060ddfabeb6cb0fa9ee7b5880,2026-07-16,2026-07-19
MD,BP Solar,bp solar,BP Solar,,334413,source,,,,,,,,,Q4836299,label,,,automatic,qid:Q4836299,Frederick city,2430325,Frederick County,24021,39.434089,-77.414539,place,Frederick,2010-03-26,2010-06-30,323,unknown,,0,0,1,https://www.dllr.state.md.us/employment/warn.shtml,973cbc24c8ec0087d9a1cc6d31fc2ec92fc5cdf8a32a33222f81080a,05af1b509eadfe1a634ec096e430eeb94885e5a1,2026-07-16,2026-07-19
MD,Office Depot,office depot,Office Depot,,484220,source,800240,,exact,5940,Retail-Miscellaneous Shopping Goods Stores,,,,Q1337797,cik,,,automatic,qid:Q1337797,Odenton CDP,2458300,Anne Arundel County,24003,39.06614,-76.693788,place,Odenton,2010-04-15,2010-06-18,132,unknown,,0,0,1,https://www.dllr.state.md.us/employment/warn.shtml,3ffdc38142b17b21370a6b80e232c62568f0746b7d63456f6b428578,3846d5645eab97d3fcc3a82250800ff5bd7c7788,2026-07-16,2026-07-19
MD,Pitney Bowes Government Services Inc.,pitney bowes government services,,,491110,source,,,,,,,,,,,,,,n:pitney bowes government services,,,,,,,,Rockville and Landover,2010-04-21,2010-04-30,21,unknown,,0,0,1,https://www.dllr.state.md.us/employment/warn.shtml,18158ccbb13a12c0220532133cef11b1e74545fc12f54be436e91803,b88bfb90543a348ee29aa5aca193938430678b2f,2026-07-16,2026-07-19
MD,Science Applications International Corporation,science applications international,,,541512,source,353394,,exact,7373,Services-Computer Integrated Systems Design,,,,,,,,automatic,cik:353394,Camp Springs CDP,2412600,Prince George's County,24033,38.805072,-76.918565,place,Camp Springs,2010-04-27,2010-06-28,82,unknown,,0,0,1,https://www.dllr.state.md.us/employment/warn.shtml,a125418591e9b677d2268358d3dd82c2f0bcffa997e5e6509a50946e,2960983078cd6a5e3054d2adf429803a55967148,2026-07-16,2026-07-19
MD,Amports,amports,,,488320,source,,,,,,,,,,,,,,n:amports,Baltimore city,2404000,Baltimore city,24510,39.300032,-76.610476,place,Baltimore,2010-04-30,2010-07-01,116,unknown,,0,0,1,https://www.dllr.state.md.us/employment/warn.shtml,b3124050fc0f8239042a56cd0499bb5a14a536344c2297d910a4466e,52bbcec6f5067a3611053ad7316cf68a2d9c39d7,2026-07-16,2026-07-19
MD,Capital One Bank,capital one bank,,,522310,source,1003952,,exact:post-era,6189,Asset-Backed Securities,,,,,,,,automatic,cik:1003952,Bethesda CDP,2407125,Montgomery County,24031,38.987292,-77.118612,place,"7501 Wisconsin Ave., Bethesda, MD",2010-05-11,2010-09-17,68,unknown,,0,0,1,https://www.dllr.state.md.us/employment/warn.shtml,83cc801baf4ef2b819b4c35bbef39091dca3fb20470ff345c7dd59d6,61092dbcc38b1ae665f4759fdc8541f587290124,2026-07-16,2026-07-19
MD,Capital One Bank,capital one bank,,,522320,source,1003952,,exact:post-era,6189,Asset-Backed Securities,,,,,,,,automatic,cik:1003952,Laurel city,2445900,Prince George's County,24033,39.095075,-76.861245,place,"6151 Chevy Chase Drive, Laurel, MD",2010-05-11,2010-11-05,134,unknown,,0,0,1,https://www.dllr.state.md.us/employment/warn.shtml,df5880d99cf8e44f2dc8c75c4139b6022798512b87a904a1de0f2479,8c3ebd76dc45a8c97397700abf5cec6915aef2fa,2026-07-16,2026-07-19
MD,General Dynamics Land Systems,general dynamics land systems,,,332721,source,1165493,,exact,3730,Ship & Boat Building & Repairing,,,,,,,,automatic,cik:1165493,Westminster city,2483100,Carroll County,24013,39.579154,-77.006691,place,"1231 Tech Court, Westminster, MD",2010-05-18,2010-07-16,31,unknown,,0,0,1,https://www.dllr.state.md.us/employment/warn.shtml,00a0286511cb141ff9f3ae6b94685ac66df05107f971f987a9184aa5,747b9bbeb38a6a2fac0e52da4026748e0190d68a,2026-07-16,2026-07-19
MD,Hanger Orthopedic Group Inc.,hanger orthopedic group,"Hanger, Inc.",,446199,source,722723,,exact,8093,"Services-Specialty Outpatient Facilities, NEC",,,,Q5647937,cik,,,automatic,qid:Q5647937,Bethesda CDP,2407125,Montgomery County,24031,38.987292,-77.118612,place,"2 Bethesda Metro Center, Bethesda MD",2010-05-25,2010-08-31,77,unknown,,0,0,1,https://www.dllr.state.md.us/employment/warn.shtml,229192c4d4f411874ddfb3097edf3bb27ffe0b118df8e57b44317c8d,12cf3b07017e805397937bc7aa9d470420946ef3,2026-07-16,2026-07-19
MD,Legg Mason,legg mason,Legg Mason,,523110,source,704051,,exact,6282,Investment Advice,,,,Q1134746,cik,,,automatic,qid:Q1134746,Owings Mills CDP,2459425,Baltimore County,24005,39.410494,-76.789371,place,"11155 Red Run Blvd., Owings Mills, MD",2010-06-03,2011-07-01,141,unknown,,0,0,1,https://www.dllr.state.md.us/employment/warn.shtml,9a7f92caa54bba95d1ab4e214cdac72f9afe792a5f0cba3a3b8fc8ad,6b88c55a3ee7d5e8621afb6b398afc2148fbffb6,2026-07-16,2026-07-19
MD,ESPN Zone,espn zone,,,722110,source,,,,,,,,,,,,,,n:espn zone,Baltimore city,2404000,Baltimore city,24510,39.300032,-76.610476,place,"601 East Pratt St. Baltimore, MD",2010-06-16,2010-08-15,161,unknown,,0,0,1,https://www.dllr.state.md.us/employment/warn.shtml,5ec562be9ba081a11c18550d8f39b028c7a215f0373b88ecce3165aa,789207d95332ed5079f6eb7565dd502cc58ef113,2026-07-16,2026-07-19
MD,Northrop Grumman,northrop grumman,Northrop Grumman Corporation,,518210,source,1133421,NOC,exact,3812,"Search, Detection, Navigation, Guidance, Aeronautical Sys",,,,Q329953,cik,,,automatic,qid:Q329953,Hagerstown city,2436075,Washington County,24043,39.640182,-77.722691,place,"18450 Showalter Road, Hagerstown, MD",2010-06-28,2010-08-16,59,unknown,,0,0,1,https://www.dllr.state.md.us/employment/warn.shtml,75174d4113e11d4946c354c2bf7e519de18e10ffadf79dd7efb26dea,df5f5fce493eca2de0cb5e259263549452643a52,2026-07-16,2026-07-19
MD,Prime Retail,prime retail,,,453998,source,,,,,,,,,,,,,,n:prime retail,Baltimore city,2404000,Baltimore city,24510,39.300032,-76.610476,place,"217 E. Redwood St., 20th Floor, Baltimore, MD",2010-07-07,2010-09-05,44,unknown,,0,0,1,https://www.dllr.state.md.us/employment/warn.shtml,e7493aec2c1c9147a0ba9f37f489667b8a1c5a3c39faacb780a66b02,8363f803a94ef439ac4a566b0e12904293cd4cce,2026-07-16,2026-07-19
MD,Wackenhut Services Incorporated,wackenhut services,,,561612,source,,,,,,,,,,,WACKENHUT CORP,104030,,n:wackenhut services,Suitland CDP,2475725,Prince George's County,24033,38.848615,-76.92252,place,"P.O. Box 700, Suitland, MD",2010-07-19,2010-09-30,82,unknown,,0,0,1,https://www.dllr.state.md.us/employment/warn.shtml,12e5ae3dd3e45a06f54288c3f21fb2122a10f56437923ee5acd68c02,f201a1bdf16be66ecc4a0a5f163e7c825fe1a83a,2026-07-16,2026-07-19
MD,JP Morgan Chase,jp morgan chase,,,522110,source,,,,,,,,,,,,,,n:jp morgan chase,Frederick city,2430325,Frederick County,24021,39.434089,-77.414539,place,"5202 Presidents Court, Frederick, MD",2010-07-27,2010-09-27,561,unknown,,0,0,1,https://www.dllr.state.md.us/employment/warn.shtml,577dfc1257b23c28c9aeeb5f53bb5e1f891aa5f622a437aab57053bc,1b0d26e86f348d4acd4893ebfcaf38b8564fdc4c,2026-07-16,2026-07-19
MD,Solo Cup Company,solo cup,Solo Cup Company,,322215,source,1294608,,exact,3089,"Plastics Products, NEC",,,,Q7558453,label,Dart Container,,automatic,qid:Q7558453,,,,,,,,"10100 Reisterstown Road, Owing Mills",2010-07-29,2010-10-03,551,unknown,,0,0,1,https://www.dllr.state.md.us/employment/warn.shtml,15793aed14ae432fd5ed8d99665a36afe02559bbd0b46e1f983aba2b,0a627ed2297ff30589854b3eae912e145963c8cc,2026-07-16,2026-07-19
MD,Bank of America,bank of america,Bank of America,,522110,source,70858,BAC,exact,6021,National Commercial Banks,,,,Q487907,cik,,,automatic,qid:Q487907,,,,,,,,"11333 McCormick Road, Hunt Valley",2010-07-30,2010-09-20,50,unknown,,0,0,1,https://www.dllr.state.md.us/employment/warn.shtml,9dc1bdeeb6b8cf086b9705fe1fc220c835e027fcc95f3b39ff76a7c8,8000859b95fbddced78383cf78badd2187b1484e,2026-07-16,2026-07-19
MD,"Ravenwood Healthcare, Inc.",ravenwood healthcare,,,621399,source,,,,,,,,,,,,,,n:ravenwood healthcare,Baltimore city,2404000,Baltimore city,24510,39.300032,-76.610476,place,"501 West Franklin Street, Baltimore",2010-08-04,2010-08-03,,unknown,,0,0,1,https://www.dllr.state.md.us/employment/warn.shtml,0036e160e36026d7b1690030e22dc5ee92ff83bdf12e16632547c347,24f4cbd72d4fc7d4373f43d64a52c47e44876ef3,2026-07-16,2026-07-19
MD,Apex Tool Group,apex tool group,"APEX TOOL GROUP, LLC",,423830,source,,,,,,,,549300LWC59TPOM4ZR02,,,,,automatic,lei:549300LWC59TPOM4ZR02,,,,,,,,"7200 Standard Drive, Hanover, MD",2010-08-11,2010-10-11,106,unknown,,0,0,1,https://www.dllr.state.md.us/employment/warn.shtml,e7ff32794f9d7bbf1597816364bedd184f685eb8853903feef1cfff0,6cdf0370456cecc6781b9494874168a8931c434e,2026-07-16,2026-07-19
MD,Kongsberg Automotive,kongsberg automotive,Kongsberg Automotive,,332912,source,,,,,,,,636700R5T6O2T0URF775,Q182197,label,,,automatic,qid:Q182197,Hagerstown city,2436075,Washington County,24043,39.640182,-77.722691,place,"101 Western Maryland Parkway, Hagerstown, MD",2010-08-13,2010-10-31,63,unknown,,0,0,1,https://www.dllr.state.md.us/employment/warn.shtml,bd67535d1457f3f231b8c783eeddf5ce3c517ac1f2157f112587e588,9208149e5343486d141ae3566305bf0b5baa3b86,2026-07-16,2026-07-19
MD,Aramark @ Oriole Park at Camden Yards,aramark oriole park at camden yards,,,522110,source,,,,,,,,,,,,,,n:aramark oriole park at camden yards,Baltimore city,2404000,Baltimore city,24510,39.300032,-76.610476,place,"555 Russell Street, Suite B, Baltimore, MD",2010-08-31,2010-10-13,613,unknown,,0,0,1,https://www.dllr.state.md.us/employment/warn.shtml,ab56f7e4da9dd00f5e165a309af9547b2e12480e7fa76317a7a8d68b,a6d47efa767434d64e964b422032c81e87b05671,2026-07-16,2026-07-19
MD,General Dynamics,general dynamics,General Dynamics,,332721,source,40533,GD,exact,3730,Ship & Boat Building & Repairing,,,,Q502940,cik,,,automatic,qid:Q502940,Westminster city,2483100,Carroll County,24013,39.579154,-77.006691,place,"1231 Tech Court, Westminster, MD",2010-08-31,2010-10-29,132,unknown,,0,0,1,https://www.dllr.state.md.us/employment/warn.shtml,853c553dc909c80f8f1e64c36a2ae875bd5da66eef73d5c8e7cbf1c8,38c847b9de1f42e983746ff2bc6c68c8565de2af,2026-07-16,2026-07-19
MD,Redland Brick,redland brick,,,327121,source,,,,,,,,,,,,,,n:redland brick,Williamsport town,2485100,Washington County,24043,39.597345,-77.817972,place,"15718 Clear Spring Road, Williamsport, MD",2010-09-17,2010-11-22,60,unknown,,0,0,1,https://www.dllr.state.md.us/employment/warn.shtml,c662668393a0106fe5a0b9b3c8b09c4a15e937cafc9622003f6ee390,dc2f27b1a90042cbd4f5b6abe74a293e54a3c476,2026-07-16,2026-07-19
MD,Kop-Flex/Emerson Power Transmission,kop flex emerson power transmission,,,333613,source,,,,,,,,,,,,,,n:kop flex emerson power transmission,,,,,,,,"7565 Harmans Road, Hanover, MD",2010-10-04,2010-12-01,110,unknown,,0,0,1,https://www.dllr.state.md.us/employment/warn.shtml,02e58b4dde88bca1a5062d7c4a62cce724af140e012122cc175bac4c,c4cef8bb3b62862f7c58128a94ed8c900923c7fc,2026-07-16,2026-07-19
MD,Homestead Publishing,homestead publishing,,,511110,source,,,,,,,,,,,,,,n:homestead publishing,Bel Air town,2405550,Harford County,24025,39.534942,-76.346323,place,"10 N. Hays Street, Bel Air, MD",2010-10-06,2010-12-10,52,unknown,,0,0,1,https://www.dllr.state.md.us/employment/warn.shtml,b4e1ced821ea96ff4ae6470fd8f3ead05cbffd73e237d5e7dd119b83,bb2ea266442b8dddec64642c6b4e23ce16c77da2,2026-07-16,2026-07-19
MD,Principal Financial Group,principal financial group,Principal Financial Group,,524114,source,1126328,PFG,exact,6321,Accident & Health Insurance,,,,Q3403513,cik,,,automatic,qid:Q3403513,Columbia CDP,2419125,Howard County,24027,39.201146,-76.85905,place,"7125 Thomas Edison Dr., Suite 210, Columbia, MD",2010-10-11,2010-12-10,2,unknown,,0,0,1,https://www.dllr.state.md.us/employment/warn.shtml,31b7cdded205a4ea643089c2a2b2bf6cb71e77aa3f924bd2b9ce6df0,9e1473147d058b89c456b5faa3836d1c32511765,2026-07-16,2026-07-19
MD,Baxter Healthcare Corporation,baxter healthcare,,,325414,source,,,,,,,,,,,BAXTER INTERNATIONAL INC,10456,,n:baxter healthcare,Beltsville CDP,2406400,Prince George's County,24033,39.039903,-76.920443,place,"12140 Indian Creek Court, Beltsville, MD",2010-10-15,2010-12-15,106,unknown,,0,0,1,https://www.dllr.state.md.us/employment/warn.shtml,750f163b9d17025f97fd1a8ed4787c2a4e1c2eb0cbbb43eb0662b6bb,5b7f4f2558d27807d9ec164b8239a1a1d96d31fa,2026-07-16,2026-07-19
MD,ARAMARK Educational Services LLC,aramark educational services,,,611699,source,1396757,,exact,,,,,,,,,,automatic,cik:1396757,Towson CDP,2478425,Baltimore County,24005,39.39421,-76.617751,place,"8000 York Road, Towson, MD",2010-10-22,2010-12-31,84,unknown,,0,0,1,https://www.dllr.state.md.us/employment/warn.shtml,49747dbbc255c1467b918669ead13f1c391df920e52cf07b7c4f2331,dbc4276fb3f1043ed4b1b38de8cabe0c743541ad,2026-07-16,2026-07-19
MD,Severstal International,severstal international,,,33111,source,,,,,,,,,,,,,,n:severstal international,,,,,,,,"1430 Sparrows Point Boulevard, Sparrows Point, MD",2010-11-04,2010-12-31,1012,mass_layoff,,0,0,1,https://www.dllr.state.md.us/employment/warn.shtml,5eb68516f1046bf08707f26458bdb11e33c6b889dfa9b6eac35ef1e1,d0b6c3749022b0125a2a04c63ad028618871ca29,2026-07-16,2026-07-19
MD,ZipRealty,ziprealty,ZipRealty,,531210,source,1142512,,exact,6531,Real Estate Agents & Managers (For Others),,,,Q8072593,cik,,,automatic,qid:Q8072593,Towson CDP,2478425,Baltimore County,24005,39.39421,-76.617751,place,"1122 Kenilworth Drive, Suite 217, Towson MD",2010-11-29,2011-01-31,75,unknown,,0,0,1,https://www.dllr.state.md.us/employment/warn.shtml,4bf969c25a83303458cfc3a978a93472ebe615769ec716139699841b,c58e184f233309971d9a3e352703e9e32d0fedb9,2026-07-16,2026-07-19
MD,"LFC Agricultural Services, Inc.",lfc agricultural services,,,111219,source,,,,,,,,,,,,,,n:lfc agricultural services,,,,,,,,"9060 Crisfield Highway, Westover, MD",2010-12-02,2011-02-01,103,unknown,,0,0,1,https://www.dllr.state.md.us/employment/warn.shtml,ebc04a721e90f9e55e656eb40d1c44f3b0a7b68fe73aacb9a970e3f6,8817444d307982ef24bc97c2710a6bcda64701ed,2026-07-16,2026-07-19
MD,ProBuild,probuild,,,423310,source,,,,,,,,,,,,,,n:probuild,Waldorf CDP,2481175,Charles County,24017,38.609172,-76.919776,place,"11850 Pika Drive, Waldorf, MD",2010-12-03,2010-12-07,27,unknown,,0,0,1,https://www.dllr.state.md.us/employment/warn.shtml,ffc6e5146ec160d436402bcb2430bb0ea715df63041666fade28f0e9,e21e4224499e3557c006ddf93aff1f6bd5863f53,2026-07-16,2026-07-19
MD,Pepsi Beverages Company,pepsi beverages,,,312111,source,,,,,,,,,,,,,,n:pepsi beverages,Baltimore city,2404000,Baltimore city,24510,39.300032,-76.610476,place,"1650 Union Avenue, Baltimore, MD",2011-01-10,2011-03-11,77,unknown,,0,0,1,https://www.dllr.state.md.us/employment/warn.shtml,d4d44347b1ce803d85c44540a6438f1f35800553affacbf0cb8ef129,61304f4db14d25f87a02e619ec407b8d9e6547f1,2026-07-16,2026-07-19
MD,ZipRealty Inc.,ziprealty,ZipRealty,,531210,source,1142512,,exact,6531,Real Estate Agents & Managers (For Others),,,,Q8072593,cik,,,automatic,qid:Q8072593,Towson CDP,2478425,Baltimore County,24005,39.39421,-76.617751,place,"1122 Kenilworth Drive, Suite 217, Towson, MD",2011-01-12,2011-03-14,2,unknown,,0,0,1,https://www.dllr.state.md.us/employment/warn.shtml,d630cf674621d3b52907e036868122a6700ba1d7b10b8e9703db3be4,3ad128ffb25cfdc5a31ebf2c8d3ba1da0ed6f460,2026-07-16,2026-07-19
MD,GE Aviation,ge aviation,GE Aerospace,,541330,source,,,,,,,,,Q1485061,label,General Electric,40545,automatic,qid:Q1485061,Germantown CDP,2432025,Montgomery County,24031,39.174252,-77.263754,place,"20501 Seneca Medows Pkwy, Germantown, MD",2011-01-26,2011-04-01,44,unknown,,0,0,1,https://www.dllr.state.md.us/employment/warn.shtml,c942864629a06eb1aaf15f6554838bf4eaca076df6dc4ff80fde81df,8354dfedc2cb998f7375356ef92e9d390228d883,2026-07-16,2026-07-19
MD,Northrop Grumman,northrop grumman,Northrop Grumman Corporation,,443120,source,1133421,NOC,exact,3812,"Search, Detection, Navigation, Guidance, Aeronautical Sys",,,,Q329953,cik,,,automatic,qid:Q329953,Elkridge CDP,2425750,Howard County,24027,39.195483,-76.741082,place,"7040 TroyHill Dr., Elkridge, MD",2011-02-28,2011-04-30,146,unknown,,0,0,1,https://www.dllr.state.md.us/employment/warn.shtml,81906491315cc2d60b606c534c805be6eddd9747be3c946c9b38defd,15e0743ac277662b58e1459461b363242ac2c4f6,2026-07-16,2026-07-19
MD,Bank of America,bank of america,Bank of America,,522110,source,70858,BAC,exact,6021,National Commercial Banks,,,,Q487907,cik,,,automatic,qid:Q487907,,,,,,,,"11333 McCormick Road, Hunt Valley, MD",2011-03-04,2011-04-30,39,unknown,,0,0,1,https://www.dllr.state.md.us/employment/warn.shtml,a56912433804e74a13ef4c196bfe5e4c013e57916037f7dfb4bcbb16,62d0e2d6865a2d066a9c6d34faf807b0c21d44e6,2026-07-16,2026-07-19
MD,Honeywell,honeywell,Honeywell,,541330,source,773840,HON,listed-extension,3724,Aircraft Engines & Engine Parts,,,,Q898208,cik,,,automatic,qid:Q898208,,,,,,,,"7515 & 7535 Mission Dr, Lanhan-Seabrook and 8800 Greenbelt Road, Geenbelt, MD",2011-03-08,2011-04-08,190,unknown,,0,0,1,https://www.dllr.state.md.us/employment/warn.shtml,77f741ff786f6fb1a25d5b0f204b85cb8f886cdd3fa40649a6aa6c3a,57e01e11db48bf35db58c94bcd590bc1700dae7c,2026-07-16,2026-07-19
MD,Cansa Hershman Recycling,cansa hershman recycling,,,423930,source,,,,,,,,,,,,,,n:cansa hershman recycling,Baltimore city,2404000,Baltimore city,24510,39.300032,-76.610476,place,"6401 Quad Avenue, Baltimore, MD",2011-03-10,2011-05-08,25,unknown,,0,0,1,https://www.dllr.state.md.us/employment/warn.shtml,66e10b55dcf6230cddbd4814518c9b18cdeb9e4da8e6c25efaea9593,1b9cdda0affaa5ba91c805f23c4b3dc9928c6bd1,2026-07-16,2026-07-19
MD,ARAMARK Educational Services,aramark educational services,,,611699,source,1396757,,exact,,,,,,,,,,automatic,cik:1396757,Towson CDP,2478425,Baltimore County,24005,39.39421,-76.617751,place,"8000 York Road, Towson, MD",2011-03-14,2011-06-30,83,unknown,,0,0,1,https://www.dllr.state.md.us/employment/warn.shtml,413aca5eb1f3fc5ea8529f5121c8bde5a5459cf9aa00a416b44d30d3,3ab65687f5a77b0fb183ff1ee3f685b18a9087c8,2026-07-16,2026-07-19
MD,"ITT, Global Information Services",itt global information services,,,334512,source,,,,,,,,,,,,,,n:itt global information services,,,,,,,,"7556 Teague Road, Suite 300, Hanover, MD",2011-03-22,2011-12-30,48,unknown,,0,0,1,https://www.dllr.state.md.us/employment/warn.shtml,7fc70dd0e750e815bb4a3368660718fd15114d10c47c10519241f1a7,ef11be15f08d319f7374ec4fbf3301238655cd2a,2026-07-16,2026-07-19
MD,Peapod by Giant,peapod by giant,,,445110,source,,,,,,,,,,,,,,n:peapod by giant,Gaithersburg city,2431175,Montgomery County,24031,39.148601,-77.195131,place,"211 Edison Park Drive, Gaithersburg, MD",2011-03-22,2011-05-31,120,unknown,,0,0,1,https://www.dllr.state.md.us/employment/warn.shtml,81d3127eb4d6247d7bae6376aafe46dbf7e7741c08cec28a4f95dcc2,9f6fdf1ead91020bae230d7ee6923d8ece010448,2026-07-16,2026-07-19
MD,Editor's Press,editor s press,,,323119,source,,,,,,,,,,,,,,n:editor s press,Hyattsville city,2441250,Prince George's County,24033,38.961205,-76.954935,place,"6200 Editors Park Drive, Hyattsville, MD",2011-03-31,2011-05-31,84,unknown,,0,0,1,https://www.dllr.state.md.us/employment/warn.shtml,d5822e3f97463bf5bd2206cc657b5fc0b26df06ce618bf3e96f0162d,652afc07b2317beed59953304d44f1de967bdf73,2026-07-16,2026-07-19
MD,Chubb & Son,chubb son,Chubb & Son,,551112,source,,,,,,,,,Q109525564,label,,896159,automatic,qid:Q109525564,Baltimore city,2404000,Baltimore city,24510,39.300032,-76.610476,place,"1800 Washington Boulevard, Baltimore MD",2011-04-11,2011-10-31,90,unknown,,0,0,1,https://www.dllr.state.md.us/employment/warn.shtml,0d5e8f014855e48a309e296f694fc6c556f942f40754ec385fd95301,72d7238a54fb986ce04fe186156a93dfcb589fc1,2026-07-16,2026-07-19
MD,"Cristal Global, Millennium Inorganic Chemicals",cristal global millennium inorganic chemicals,,,325131,source,,,,,,,,,,,,,,n:cristal global millennium inorganic chemicals,Baltimore city,2404000,Baltimore city,24510,39.300032,-76.610476,place,"3901 Fort Armistead Road, Baltimore, MD",2011-04-19,2011-07-01,78,unknown,,0,0,1,https://www.dllr.state.md.us/employment/warn.shtml,04919509411891f969d90168b52b793a2ecbe88fca6cce2f11f24876,3ca75cfb823a77cac53af2becabb17400d8a1921,2026-07-16,2026-07-19
MD,Bank of America,bank of america,Bank of America,,522292,source,70858,BAC,exact,6021,National Commercial Banks,,,,Q487907,cik,,,automatic,qid:Q487907,Columbia CDP,2419125,Howard County,24027,39.201146,-76.85905,place,"6711 Columbia Gateway Drive, Columbia, MD",2011-04-27,2011-06-15,18,unknown,,0,0,1,https://www.dllr.state.md.us/employment/warn.shtml,7509cdb00b46ce8aa4c83d979027e23f0f7fac44d8bce667e73d281a,26e0941f280f0a08611b51add2852698deafb163,2026-07-16,2026-07-19
MD,Solo Cup,solo cup,Solo Cup Company,,322215,source,1294608,,exact,3089,"Plastics Products, NEC",,,,Q7558453,label,Dart Container,,automatic,qid:Q7558453,Owings Mills CDP,2459425,Baltimore County,24005,39.410494,-76.789371,place,"10100 Reisterstown Road, Owings Mills, MD",2011-04-29,2011-06-30,101,unknown,,0,0,1,https://www.dllr.state.md.us/employment/warn.shtml,919f5fda8dff0639ba47e91c61098df6c0394659d87718335293b1d7,768cc21d990f9f0e93b5b8df537177a50afa1c6d,2026-07-16,2026-07-19
MD,A&P /Super Fresh,a p super fresh,,,445110,source,,,,,,,,,,,,,,n:a p super fresh,Baltimore city,2404000,Baltimore city,24510,39.300032,-76.610476,place,"222 N Charles St. Baltimore, MD",2011-05-06,2011-07-06,44,unknown,,0,0,1,https://www.dllr.state.md.us/employment/warn.shtml,bb410f6dfc17b83b38d91d47a284d9a274fcfc2c0396ad51892fc2c7,880ddb1e8ec73b25a72d1e536fafa195ce59ab8d,2026-07-16,2026-07-19
MD,A&P/Super Fresh,a p super fresh,,,445110,source,,,,,,,,,,,,,,n:a p super fresh,Arbutus CDP,2401975,Baltimore County,24005,39.242673,-76.692133,place,"5101 East Drive, Arbutus, MD",2011-05-06,2011-07-06,37,unknown,,0,0,1,https://www.dllr.state.md.us/employment/warn.shtml,7377c5f4be8193b2df1b5e85e4489e36bc10c081689cc10d3a2c0d9b,1aae798b85642988dbd5ff84c8dd94af08f68cc8,2026-07-16,2026-07-19
MD,A&P/Super Fresh,a p super fresh,,,445110,source,,,,,,,,,,,,,,n:a p super fresh,Brunswick city,2410900,Frederick County,24021,39.31799,-77.62528,place,"40 Souner Road, Brunswick, MD",2011-05-06,2011-07-06,44,unknown,,0,0,1,https://www.dllr.state.md.us/employment/warn.shtml,d5793c1b3ae68310409ff3d91497f0dfa9a2be36f3cd532cf19bdbb9,329c81b9fbb74fa6ad3c298c847d84d0b26d85c6,2026-07-16,2026-07-19
MD,A&P/Super Fresh,a p super fresh,,,445110,source,,,,,,,,,,,,,,n:a p super fresh,Towson CDP,2478425,Baltimore County,24005,39.39421,-76.617751,place,"1238 Putty Hill, Towson, MD",2011-05-06,2011-07-06,75,unknown,,0,0,1,https://www.dllr.state.md.us/employment/warn.shtml,f4ee2ef0b169d21616ebfc5decbd50928f9ba918eb8b9cff8cc1dd7b,3b97f6a4fcbed0c96f83f3d8676af8d71dd236f9,2026-07-16,2026-07-19
MD,A&P/Super Fresh,a p super fresh,,,445110,source,,,,,,,,,,,,,,n:a p super fresh,Baltimore city,2404000,Baltimore city,24510,39.300032,-76.610476,place,"8905 Belair Road, Baltimore, MD",2011-05-06,2011-07-06,58,unknown,,0,0,1,https://www.dllr.state.md.us/employment/warn.shtml,3ce9b4378afbcee43e95fc8df4361258799c525207d2dba596f0dd23,40977a7304b88b189d1f51fc666506e1c794e7d5,2026-07-16,2026-07-19
MD,A&P/Super Fresh,a p super fresh,,,445110,source,,,,,,,,,,,,,,n:a p super fresh,Parkville CDP,2460275,Baltimore County,24005,39.383198,-76.551876,place,"7709 Harford Road, Parkville, MD",2011-05-06,2011-07-06,68,unknown,,0,0,1,https://www.dllr.state.md.us/employment/warn.shtml,bd4570cb6b9e5e49b31bbbc87c7b10fb0b27964bfdca9196dfd0ab3e,496cfb4b1b215af941007bf9d3dd55601e05dba7,2026-07-16,2026-07-19
MD,A&P/Super Fresh,a p super fresh,,,445110,source,,,,,,,,,,,,,,n:a p super fresh,Arnold CDP,2402275,Anne Arundel County,24003,39.043227,-76.504985,place,"1238 Bay Dale Drive, Arnold, MD",2011-05-06,2011-07-06,63,unknown,,0,0,1,https://www.dllr.state.md.us/employment/warn.shtml,cbda51572e48206153064386bdad89d8cca90ea1350e2cb41257b32d,49fd87631f624b94cc503017cc376fdaebb78552,2026-07-16,2026-07-19
MD,A&P/Super Fresh,a p super fresh,,,445110,source,,,,,,,,,,,,,,n:a p super fresh,Timonium CDP,2478050,Baltimore County,24005,39.445744,-76.600758,place,"37 W. Aylesbury Ave., Timonium, MD",2011-05-06,2011-07-06,98,unknown,,0,0,1,https://www.dllr.state.md.us/employment/warn.shtml,98b129c4715d78c1e0fd3f0aea177ee03fc899ccb678095cb04f16f7,4c30c5072cdd25e351310e8aa6979e54accc9842,2026-07-16,2026-07-19
MD,A&P/Super Fresh,a p super fresh,,,445110,source,,,,,,,,,,,,,,n:a p super fresh,,,Frederick County,24021,39.470177,-77.397636,county,"Ballenger Creek Pkwy., Frederick, MD",2011-05-06,2011-07-06,34,unknown,,0,0,1,https://www.dllr.state.md.us/employment/warn.shtml,71bcd702e718d54e986fdae490252b96e089dd1849ffdd1b770c62e0,4f384c306c603c47ae4ca384a4bc0966f2f08e95,2026-07-16,2026-07-19
MD,A&P/Super Fresh,a p super fresh,,,445110,source,,,,,,,,,,,,,,n:a p super fresh,Rosedale CDP,2468400,Baltimore County,24005,39.327159,-76.508377,place,"1763 Chesaco Ave., Rosedale, MD",2011-05-06,2011-07-06,65,unknown,,0,0,1,https://www.dllr.state.md.us/employment/warn.shtml,d21e268c7cb8fac0a01628f0a369d3e28d30b9f3bdda102369b7f5c4,5291b8e235568cd28aa2c24f188da2e34c04d8e5,2026-07-16,2026-07-19
MD,A&P/Super Fresh,a p super fresh,,,445110,source,,,,,,,,,,,,,,n:a p super fresh,,,,,,,,"7005 Security Blvd., Woodlawn, MD",2011-05-06,2011-07-06,91,unknown,,0,0,1,https://www.dllr.state.md.us/employment/warn.shtml,1aae8c3b064950ae19f83cef8579694b5691e1f9294423fd067e9608,5b65e8951a5fd42b847b6702ed25db21b98729b3,2026-07-16,2026-07-19
MD,A&P/Super Fresh,a p super fresh,,,445110,source,,,,,,,,,,,,,,n:a p super fresh,Odenton CDP,2458300,Anne Arundel County,24003,39.06614,-76.693788,place,"1155 Annapolis Road, Odenton, MD",2011-05-06,2011-07-06,64,unknown,,0,0,1,https://www.dllr.state.md.us/employment/warn.shtml,76acd1045df8fedaba2d0058cbd85cb57a7d3b4d83febe4cabbe5878,71d9a6ba5a40cd502d7df209d5d375d5e5679214,2026-07-16,2026-07-19
MD,A&P/Super Fresh,a p super fresh,,,445110,source,,,,,,,,,,,,,,n:a p super fresh,Chestertown town,2416225,Kent County,24029,39.218383,-76.074022,place,"Route 213, Wash Square, Chestertown, MD",2011-05-06,2011-07-06,61,unknown,,0,0,1,https://www.dllr.state.md.us/employment/warn.shtml,9fd9b5608f1447027a66801ef880059d5f9fb506ee167f7d57f05b5f,9b6752aa5c678679ae18a9d0b6aa7b7af881e7eb,2026-07-16,2026-07-19
MD,A&P/Super Fresh,a p super fresh,,,445110,source,,,,,,,,,,,,,,n:a p super fresh,Baltimore city,2404000,Baltimore city,24510,39.300032,-76.610476,place,"1350 W. 41st Street, Baltimore, MD",2011-05-06,2011-07-06,95,unknown,,0,0,1,https://www.dllr.state.md.us/employment/warn.shtml,c25cde5a899e92fb1502b800431f5a636cafcab570a94911038fcb27,9f2b6f1ce9d5d088cf20e450e3cc1a109b3c14ca,2026-07-16,2026-07-19
MD,A&P/Super Fresh,a p super fresh,,,445110,source,,,,,,,,,,,,,,n:a p super fresh,Ellicott City CDP,2426000,Howard County,24027,39.276691,-76.833952,place,"3301 North Ridge Road, Ellicott City, MD",2011-05-06,2011-07-06,83,unknown,,0,0,1,https://www.dllr.state.md.us/employment/warn.shtml,b0e10576062b6d45a5ff883380701314d5562e0336ebfdfe7cc6ff72,b03cd60af32260d47fb7160e1304485d6da90d93,2026-07-16,2026-07-19
MD,A&P/Super Fresh,a p super fresh,,,445110,source,,,,,,,,,,,,,,n:a p super fresh,Salisbury city,2469925,Wicomico County,24045,38.375328,-75.585925,place,"125 West College St, Salisbury, MD",2011-05-06,2011-07-06,82,unknown,,0,0,1,https://www.dllr.state.md.us/employment/warn.shtml,d158fb569bddecc1d750e0b521b69bdb6fcd73d5d94e90a5380b4205,b0fe58672d043096eb7360883b3fa79ff37629a6,2026-07-16,2026-07-19
MD,A&P/Super Fresh,a p super fresh,,,445110,source,,,,,,,,,,,,,,n:a p super fresh,Westminster city,2483100,Carroll County,24013,39.579154,-77.006691,place,"RT 140, Englar Road, Westminster, MD",2011-05-06,2011-07-06,58,unknown,,0,0,1,https://www.dllr.state.md.us/employment/warn.shtml,0dad048229498fd5a43d4964dcaa7c20f4fb4cd814656d706dde1757,c559e7abb5534fa6c7d83205e9983f1292b0ff0e,2026-07-16,2026-07-19
MD,A&P/Super Fresh,a p super fresh,,,445110,source,,,,,,,,,,,,,,n:a p super fresh,Glen Burnie CDP,2432650,Anne Arundel County,24003,39.156271,-76.606996,place,"7440 Ritchie Hwy., Glen Burnie, MD",2011-05-06,2011-07-06,67,unknown,,0,0,1,https://www.dllr.state.md.us/employment/warn.shtml,611c3db12a863ca2b880903b7cd5f2e9501b4af975c2c8e3ef9ae3a3,c7cf8c267e26dca9b10c879373e97bd767a449af,2026-07-16,2026-07-19
MD,A&P/Super Fresh,a p super fresh,,,445110,source,,,,,,,,,,,,,,n:a p super fresh,Cambridge city,2412400,Dorchester County,24019,38.554063,-76.077116,place,"780 Cambridge, Cambridge, MD",2011-05-06,2011-07-06,76,unknown,,0,0,1,https://www.dllr.state.md.us/employment/warn.shtml,fb37a5cbfa714040337333a204e4148a6594c57c758781ce9cab5d76,d31d923ec565e09778eb830db17f104a9abbb20e,2026-07-16,2026-07-19
MD,A&P/Super Fresh,a p super fresh,,,445110,source,,,,,,,,,,,,,,n:a p super fresh,Elkridge CDP,2425750,Howard County,24027,39.195483,-76.741082,place,"7280 Montgomery, Elkridge, MD",2011-05-06,2011-07-06,72,unknown,,0,0,1,https://www.dllr.state.md.us/employment/warn.shtml,1b8267cff16cc5e044af1a243bc019a0d638a5ba59e58d42a824d4cd,e3c4715f1534aa5f64bc9ad3160833d5c84b1151,2026-07-16,2026-07-19
MD,A&P/Super Fresh,a p super fresh,,,445110,source,,,,,,,,,,,,,,n:a p super fresh,White Oak CDP,2484375,Montgomery County,24031,39.044212,-76.987251,place,"12028 Cherry Hill Road, White Oak, MD",2011-05-06,2011-07-06,84,unknown,,0,0,1,https://www.dllr.state.md.us/employment/warn.shtml,c1cd0dffbe87fb402efed2ac92c8aade094a372b61a547b5c65b6dd7,e3c4d9c88eef9b52d1f2d91dafce30d2b21d4d2b,2026-07-16,2026-07-19
MD,A&P/Super Fresh,a p super fresh,,,445110,source,,,,,,,,,,,,,,n:a p super fresh,Mount Airy town,2453875,Carroll County,24013,39.374693,-77.153807,place,"504 Ridgeville Blvd. Mount Airy, MD",2011-05-06,2011-07-06,58,unknown,,0,0,1,https://www.dllr.state.md.us/employment/warn.shtml,d7e5d0b32d8fd7e4fe4e7b0fc1bfbc3c3c58226de8f5fd9994cacd6a,fb7e3444398cc2a44b74469b0f35c5532a0e08c3,2026-07-16,2026-07-19
MD,Worthington Industries,worthington industries,Worthington Industries,,541410,source,108516,WOR,exact,3310,"Steel Works, Blast Furnaces & Rolling & Finishing Mills",,,,Q2594130,cik,,,automatic,qid:Q2594130,Baltimore city,2404000,Baltimore city,24510,39.300032,-76.610476,place,"8911 Bethlehem Blvd., Baltimore MD",2011-05-12,2011-07-13,59,unknown,,0,0,1,https://www.dllr.state.md.us/employment/warn.shtml,4abdfb9d42b4a214b5b9ca2097a5318623e59f2937e090537e15e5f1,a7def62617ae55686cc5f5c73f24987ee5037393,2026-07-16,2026-07-19
MD,IAP Worldwide Services,iap worldwide services,,,488510,source,,,,,,,,,,,,,,n:iap worldwide services,Fort Meade CDP,2429400,Anne Arundel County,24003,39.1057,-76.743278,place,"229 Chisholm Avenue, Fort Meade MD",2011-05-16,2011-06-30,144,unknown,,0,0,1,https://www.dllr.state.md.us/employment/warn.shtml,0d78135cc7d8009e5cbd1d55a51ecda894a69f3b0f095572fbce600a,951bc48c75ae7bffe02417b46b04ff1ef7384ce0,2026-07-16,2026-07-19
MD,Coca-Cola Refreshments,coca cola refreshments,,,541613,source,,,,,,,,,,,,,,n:coca cola refreshments,Annapolis city,2401600,Anne Arundel County,24003,38.972152,-76.505332,place,"2556 Riva Road, Annapolis, MD",2011-05-17,2011-09-02,72,unknown,,0,0,1,https://www.dllr.state.md.us/employment/warn.shtml,9f11253eb81b5e1ab5cc2f467382431f5c2748090fec5d253fc453d8,1a3177b1cf6287b9d594e3c617c6e18cbc91aeda,2026-07-16,2026-07-19
MD,DIAGEO,diageo,Diageo,,312130,source,835403,DEO,exact,2080,Beverages,,,,Q161140,cik,,,automatic,qid:Q161140,Baltimore city,2404000,Baltimore city,24510,39.300032,-76.610476,place,"5001 Washington Blvd., Baltimore, MD",2011-05-25,2011-07-29,55,unknown,,0,0,1,https://www.dllr.state.md.us/employment/warn.shtml,1d3beec599203fd4b20a9f81bd5f1a283e673c95ad7ad99ec05b6782,1cc32b096d6833f4d420509b99e9ac1b5b98c1ad,2026-07-16,2026-07-19
MD,RTS,rts,,,334418,source,,,,,,,,,,,,,,n:rts,Catonsville CDP,2414125,Baltimore County,24005,39.264456,-76.741694,place,"6220 Baltimore National Pike, Catonsville, MD",2011-05-25,2011-08-31,8,unknown,,0,0,1,https://www.dllr.state.md.us/employment/warn.shtml,20c15ce1fc7957fa0e5c47e1337ee8562d91895395da567456367c33,0050245e7eefe17e0db7610a21d1d774b0f90092,2026-07-16,2026-07-19
MD,RTS,rts,,,334418,source,,,,,,,,,,,,,,n:rts,Westminster city,2483100,Carroll County,24013,39.579154,-77.006691,place,"400 North Center St., Suite 167, Westminster, MD",2011-05-25,2011-08-31,6,unknown,,0,0,1,https://www.dllr.state.md.us/employment/warn.shtml,73231b7a0a937ae3e9c2468c25ed8d4eefb7cd5a95f2bf4b8a17e6e2,15542daf4fd9790978b613b17a94e3c955c34f14,2026-07-16,2026-07-19
MD,RTS,rts,,,334418,source,,,,,,,,,,,,,,n:rts,,,Montgomery County,24031,38.981893,-77.083197,county,"6932 Wisconsin Ave., Chevy Chase, MD",2011-05-25,2011-08-31,4,unknown,,0,0,1,https://www.dllr.state.md.us/employment/warn.shtml,17efd991f8986731e3a086f846cd89de852051472e0b9b7252d37729,21dd2f439243210b336cf8672c7504cea6e06c33,2026-07-16,2026-07-19
MD,RTS,rts,,,334418,source,,,,,,,,,,,,,,n:rts,Columbia CDP,2419125,Howard County,24027,39.201146,-76.85905,place,"9021 Snowden Square Drive, Columbia, MD",2011-05-25,2011-08-31,9,unknown,,0,0,1,https://www.dllr.state.md.us/employment/warn.shtml,d8fd07aec048ce025d506f3a24722039a65a2e98d169661088d872dc,2cec790f026006c9525dbc5508b02008411101c0,2026-07-16,2026-07-19
MD,RTS,rts,,,334418,source,,,,,,,,,,,,,,n:rts,College Park city,2418750,Prince George's County,24033,38.996276,-76.935594,place,"10250 Baltimore Ave., Ste. A, College Park, MD",2011-05-25,2011-08-31,4,unknown,,0,0,1,https://www.dllr.state.md.us/employment/warn.shtml,d97fb60ff2e9419cb23ee9d7780f00c7458f93258bd3aa6942b6935f,4e20e57969409e09abc96e095d953e7e59e4d9b7,2026-07-16,2026-07-19
MD,RTS,rts,,,334418,source,,,,,,,,,,,,,,n:rts,California CDP,2412150,St. Mary's County,24037,38.297599,-76.492143,place,"23105 Three Notch Road, California, MD",2011-05-25,2011-08-31,9,unknown,,0,0,1,https://www.dllr.state.md.us/employment/warn.shtml,f02cedd1ae7b3dd9d2fe5a11eed7d0f21c58bf3d9dc87b755542c6fb,515af3ca3a8466adb6031d2752adf15ef45ef813,2026-07-16,2026-07-19
MD,RTS,rts,,,334418,source,,,,,,,,,,,,,,n:rts,Bowie city,2408775,Prince George's County,24033,38.954703,-76.738834,place,"15642 Emerald Way, Space A-1, Bowie, MD",2011-05-25,2011-08-31,7,unknown,,0,0,1,https://www.dllr.state.md.us/employment/warn.shtml,56da04d029e3da4cb847f28605ae478b3eea4e9fa88dc86cdf5c2a81,54b13c0949d8743921c93baaaaff4ba0c1a196c6,2026-07-16,2026-07-19
MD,RTS,rts,,,334418,source,,,,,,,,,,,,,,n:rts,Glen Burnie CDP,2432650,Anne Arundel County,24003,39.156271,-76.606996,place,"7900 Ritchie Hwy., Suite E 157 Marley Station Mall, Glen Burnie, MD",2011-05-25,2011-08-31,6,unknown,,0,0,1,https://www.dllr.state.md.us/employment/warn.shtml,61c5c4cb816a01750bbba86826b7ac185ba707027324b30b8db4effb,5f8742c648780ac607c1e8d7dc64d16b439973ed,2026-07-16,2026-07-19
MD,RTS,rts,,,334418,source,,,,,,,,,,,,,,n:rts,,,Frederick County,24021,39.470177,-77.397636,county,"1160 West Patrick, St., Frederick, MD",2011-05-25,2011-08-31,11,unknown,,0,0,1,https://www.dllr.state.md.us/employment/warn.shtml,80bfb6f3e5326e6622a1d12a7fd359ae405a777af66b7a2492765060,658c9e627e9b12726e01b32bf3390fcae8e06bf3,2026-07-16,2026-07-19
MD,RTS,rts,,,334418,source,,,,,,,,,,,,,,n:rts,Waldorf CDP,2481175,Charles County,24017,38.609172,-76.919776,place,"2915 Crain Highway, Waldorf, MD",2011-05-25,2011-08-31,11,unknown,,0,0,1,https://www.dllr.state.md.us/employment/warn.shtml,0a20a25e8ecef60206829e90fe0fe9d0eacc1c47d817fa07207ee110,665db0122132b2c43f042d5388948fdaccdafc0e,2026-07-16,2026-07-19
MD,RTS,rts,,,334418,source,,,,,,,,,,,,,,n:rts,Salisbury city,2469925,Wicomico County,24045,38.375328,-75.585925,place,"2720 North Salisbury Blvd., Salisbury, MD",2011-05-25,2011-08-31,14,unknown,,0,0,1,https://www.dllr.state.md.us/employment/warn.shtml,50138e6e21f1d6186925f23b10ed831f5551b93d8976e47d8db45677,6ce051a3e580d18e86351276905019f065a9b85c,2026-07-16,2026-07-19
MD,RTS,rts,,,334418,source,,,,,,,,,,,,,,n:rts,Annapolis city,2401600,Anne Arundel County,24003,38.972152,-76.505332,place,"2562 Solomons Island Road, Annapolis, MD",2011-05-25,2011-08-31,10,unknown,,0,0,1,https://www.dllr.state.md.us/employment/warn.shtml,76a091d6976ce5b452b6e0f06400bd607587ffb6e06a341740fcd204,89a9a8062477b578e52156b8c23584a290dfbe82,2026-07-16,2026-07-19
MD,RTS,rts,,,334418,source,,,,,,,,,,,,,,n:rts,Bel Air town,2405550,Harford County,24025,39.534942,-76.346323,place,"2 Bel Air South Parkway, Bel Air, MD",2011-05-25,2011-08-31,11,unknown,,0,0,1,https://www.dllr.state.md.us/employment/warn.shtml,379a2d44f774bb3af78933032603262023a096c8e9e86312aa241ddf,923d3f161f7023c958bf6aed210f31f0318213ba,2026-07-16,2026-07-19
MD,RTS,rts,,,334418,source,,,,,,,,,,,,,,n:rts,Baltimore city,2404000,Baltimore city,24510,39.300032,-76.610476,place,"8149 Honeygo Boulevard, Suite E, Baltimore, MD",2011-05-25,2011-08-31,11,unknown,,0,0,1,https://www.dllr.state.md.us/employment/warn.shtml,ef8b229adce0a1240ef9162b3dcee5fcfa7bf2ddd426edbaa1e03919,994acdcc71e2d4c78c701c953e55a04dd4357b62,2026-07-16,2026-07-19
MD,RTS,rts,,,334418,source,,,,,,,,,,,,,,n:rts,Germantown CDP,2432025,Montgomery County,24031,39.174252,-77.263754,place,"21040 Frederick Road Unit G, Germantown, MD",2011-05-25,2011-08-31,6,unknown,,0,0,1,https://www.dllr.state.md.us/employment/warn.shtml,22db1e1959fdcbbf6573cf956240a70a1c01bff69c99d93621d16198,a713e09b2ef7ac68b574c9b1a429f110cee02f2c,2026-07-16,2026-07-19
MD,RTS,rts,,,334418,source,,,,,,,,,,,,,,n:rts,Rockville city,2467675,Montgomery County,24031,39.083666,-77.155585,place,"1701-A Rockville Pike, Rockville, MD",2011-05-25,2011-08-31,9,unknown,,0,0,1,https://www.dllr.state.md.us/employment/warn.shtml,5b8fd1c983e78af7812a4b602f4b9cc74b7b401f7617544a0fda7736,aa38a7b58973e862c2f275ea5606dea99b290244,2026-07-16,2026-07-19
MD,RTS,rts,,,334418,source,,,,,,,,,,,,,,n:rts,Glen Burnie CDP,2432650,Anne Arundel County,24003,39.156271,-76.606996,place,"6711 Ritchie Hwy., Suite 625, Glen Burnie, MD",2011-05-25,2011-08-31,2,unknown,,0,0,1,https://www.dllr.state.md.us/employment/warn.shtml,e79c12062aa9b3f535c777cbae415f740c8d76eb831b1673a79316c8,b4a5192184dec25525021dbb658a7668ccbaa242,2026-07-16,2026-07-19
MD,RTS,rts,,,334418,source,,,,,,,,,,,,,,n:rts,Clinton CDP,2417900,Prince George's County,24033,38.750917,-76.902669,place,"8919 Woodyard Rd., Suite B, Clinton, MD",2011-05-25,2011-08-31,6,unknown,,0,0,1,https://www.dllr.state.md.us/employment/warn.shtml,8fbea8f3e1139837fe43d9b49c795b453ab73179e77eb4c18f648d91,c03cfae636b01fcc9e33186d44bb6109f30defc0,2026-07-16,2026-07-19
MD,RTS,rts,,,334418,source,,,,,,,,,,,,,,n:rts,Middle River CDP,2452300,Baltimore County,24005,39.339519,-76.428702,place,"405 Williams Court, Stes., 116-120, Middle River, MD",2011-05-25,2011-08-31,12,unknown,,0,0,1,https://www.dllr.state.md.us/employment/warn.shtml,f771970636a194183922930ee238c8dc43ed56c9849ded2657894a6c,ee33a2a739eda66dc71ca067a239acd5eecaefa9,2026-07-16,2026-07-19
MD,RTS,rts,,,334418,source,,,,,,,,,,,,,,n:rts,Pikesville CDP,2461400,Baltimore County,24005,39.391773,-76.699634,place,"1852 Reisterstown Rd., Suite 105, Pikesville, MD",2011-05-25,2011-08-31,6,unknown,,0,0,1,https://www.dllr.state.md.us/employment/warn.shtml,19ae8f10829e17de2f3e6733084b62f98baa4285b160dfc755c12159,f0b8ce4e4de9f4359d657335b3e66b6cfc00c638,2026-07-16,2026-07-19
MD,RTS,rts,,,334418,source,,,,,,,,,,,,,,n:rts,Gaithersburg city,2431175,Montgomery County,24031,39.148601,-77.195131,place,"472 North Frederick Ave., Gaithersburg, MD",2011-05-25,2011-08-31,6,unknown,,0,0,1,https://www.dllr.state.md.us/employment/warn.shtml,13aad32fcd9c9aba0cdd1f6f7dba68c91919a9300a43fb00fd364f7f,f308e071ba49f35e13b1ec54be103971bcd6cf15,2026-07-16,2026-07-19
MD,RTS,rts,,,334418,source,,,,,,,,,,,,,,n:rts,Timonium CDP,2478050,Baltimore County,24005,39.445744,-76.600758,place,"1964 York Rd., Timonium, MD",2011-05-25,2011-08-31,5,unknown,,0,0,1,https://www.dllr.state.md.us/employment/warn.shtml,ec2f79d4205f8509b0ad51579d95f17e570dbb77d867d932119d1346,f9b6b0749cca60ae3d265685a6e88196ca1b1598,2026-07-16,2026-07-19
MD,Hometown America,hometown america,,,321992,source,,,,,,,,,,,,,,n:hometown america,Capitol Heights town,2413000,Prince George's County,24033,38.876687,-76.907569,place,"1901 Fernwood Drive, Capitol Heights, MD",2011-05-31,2011-09-30,4,unknown,,0,0,1,https://www.dllr.state.md.us/employment/warn.shtml,f9bb1d4d985d1770ab74a45e1074674a69c3aca87f775a125e6d6661,ceeb757806e6a3ed6575e7fe7a06e98cd4a85b35,2026-07-16,2026-07-19
MD,General Dynamics Information Technology,general dynamics information technology,General Dynamics Information Technology,,541618,source,,,,,,,,,Q130724592,label,,40533,automatic,qid:Q130724592,Aberdeen Proving Ground CDP,2400175,Harford County,24025,39.454232,-76.133542,place,"3071 Aberdeen Blvd., Aberdeen Proving Ground, MD",2011-06-02,2011-07-15,52,unknown,,0,0,1,https://www.dllr.state.md.us/employment/warn.shtml,a5dc615d8ce800f8da08dfedbb334e4cb89e626a11cea8f9b71785c8,b9e2e5658cb352cdbebfdccb36a6e745974dca4e,2026-07-16,2026-07-19
MD,"Allen Family Foods, Inc.",allen family foods,,,311615,source,,,,,,,,,,,,,,n:allen family foods,Cordova CDP,2419900,Talbot County,24041,38.86801,-75.998885,place,"12041 Cordova Road, Cordova, MD",2011-06-09,2011-08-08,474,unknown,,0,0,1,https://www.dllr.state.md.us/employment/warn.shtml,7bfeed83273a22819330f440ee0e91b2c2b7c98ef6fdbb56c27735d9,8364cbcb7a82f9bcc1752082030eee822f65416a,2026-07-16,2026-07-19
MD,Lockheed Martin,lockheed martin,Lockheed Martin,,541611,source,936468,LMT,exact,3760,Guided Missiles & Space Vehicles & Parts,,,,Q7240,cik,,,automatic,qid:Q7240,Greenbelt city,2434775,Prince George's County,24033,38.99467,-76.885399,place,"7601 & 7615 Ora Glen Drive, Greenbelt, MD",2011-06-13,2011-08-12,95,unknown,,0,0,1,https://www.dllr.state.md.us/employment/warn.shtml,52b4940e131916eb192f1f706b1c618b7f41879832146468ab4ef484,6517474f751c31dbf019317fd24a6660cc399c48,2026-07-16,2026-07-19
MD,TransCare,transcare,,,621910,source,,,,,,,,,,,,,,n:transcare,Baltimore city,2404000,Baltimore city,24510,39.300032,-76.610476,place,"1125A Desoto Road, Baltimore, MD",2011-06-28,2011-08-31,55,unknown,,0,0,1,https://www.dllr.state.md.us/employment/warn.shtml,358aa273b9538e9fd126678dc4ac96effbcef9eda0e1e8081c375300,e958cd2566826eed8f5ec98df14e7de493f22892,2026-07-16,2026-07-19
MD,DEL-JEN,del jen,,,561210,source,,,,,,,,,,,,,,n:del jen,,,,,,,,"3066 Perimeter Road, Andrews Air Force Base, MD",2011-06-29,2011-08-31,96,unknown,,0,0,1,https://www.dllr.state.md.us/employment/warn.shtml,7121fbb12008dca4445d898bb4dee27d87442d00aff9f164e6b8c73a,8dc8d25a84a9fb50a1390b63e4b09e0825701e2e,2026-07-16,2026-07-19
MD,"Gates, McDonald & Company Nationwide Better Heath",gates mcdonald company nationwide better heath,,,,,,,,,,,,,,,,,,n:gates mcdonald company nationwide better heath,,,,,,,,"300 Clubhouse Lane, Hunt Valley, MD",2011-06-29,2011-08-29,96,unknown,,0,0,1,https://www.dllr.state.md.us/employment/warn.shtml,3eaeb34e3c40cf40f3c4043f1765703ed017e479288e79772e21a89e,3b28d331ada5d684e160b831b3d19eef73a0a692,2026-07-16,2026-07-19
MD,Phillips Seafood Restaurants,phillips seafood restaurants,,,722110,source,,,,,,,,,,,,,,n:phillips seafood restaurants,Baltimore city,2404000,Baltimore city,24510,39.300032,-76.610476,place,"301 Light Street, Baltimore MD",2011-07-13,2011-09-15,120,mass_layoff,,0,0,1,https://www.dllr.state.md.us/employment/warn.shtml,3d666ab8b04ae60fb3ebeac5882fb9bbc2c53addab4c9222e6b048d9,0b55370498044685e29796cbb12908ea3976bbe6,2026-07-16,2026-07-19
MD,Prestige Maintenance,prestige maintenance,,,561720,source,,,,,,,,,,,,,,n:prestige maintenance,,,,,,,,Various-Workers were stationed in 17 different Target Stores around the state.,2011-07-18,2011-08-01,54,unknown,,0,0,1,https://www.dllr.state.md.us/employment/warn.shtml,2fe7f9694a493d4b831fe670b09217ee854fcc545660c1bc0c8629e6,bec787729dbc5f601274da65410beef8ccbf3b86,2026-07-16,2026-07-19
MD,BP Solar,bp solar,BP Solar,,334413,source,,,,,,,,,Q4836299,label,,,automatic,qid:Q4836299,,,Frederick County,24021,39.470177,-77.397636,county,"630 Solarex Court, Frederick Business Center, Frederick, MD",2011-07-19,2011-10-18,58,unknown,,0,0,1,https://www.dllr.state.md.us/employment/warn.shtml,ced56f0bf5e871dbf4705c38c1e644603dcf49e107bd7b207690e072,c4bb15a9146db7265d8f3ffcc42eb93b9d37c5b1,2026-07-16,2026-07-19
MD,DPI Specialty Foods,dpi specialty foods,,,424420,source,,,,,,,,,,,,,,n:dpi specialty foods,Largo CDP,2445825,Prince George's County,24033,38.88035,-76.829266,place,"1100 Mercantile Lane, Suite 100, Largo, MD",2011-07-25,2011-09-29,89,unknown,,0,0,1,https://www.dllr.state.md.us/employment/warn.shtml,186750c837a411f4bcb75a2ad3d22625f891e6b5edb389a75135ef8b,4c4906d1ed2b42779a7e52c8cb8e712d560ce8ab,2026-07-16,2026-07-19
MD,Legg Mason,legg mason,Legg Mason,,523110,source,704051,,exact,6282,Investment Advice,,,,Q1134746,cik,,,automatic,qid:Q1134746,Owings Mills CDP,2459425,Baltimore County,24005,39.410494,-76.789371,place,"11155 Red Run Blvd., Owings Mills, MD",2011-07-25,2012-01-01,35,unknown,,0,0,1,https://www.dllr.state.md.us/employment/warn.shtml,40c66cd959e942ecf1cebad0b588999a9d25a7a88b6b0b02d5825644,f78d3b3e599bbe54eaae4f3c096eba06392eeb3f,2026-07-16,2026-07-19
MD,Lockheed Martin,lockheed martin,Lockheed Martin,,493190,source,936468,LMT,exact,3760,Guided Missiles & Space Vehicles & Parts,,,,Q7240,cik,,,automatic,qid:Q7240,Annapolis city,2401600,Anne Arundel County,24003,38.972152,-76.505332,place,"US Naval Academy, 257 Longshaw Road, Annapolis MD",2011-07-28,2011-09-30,4,unknown,,0,0,1,https://www.dllr.state.md.us/employment/warn.shtml,e5e923fd71b8d5633890bee6ff220630b38ff1918af0f6e0b0aa1143,042e2be267c4ae73482ed056f6b2fc04421a9d7c,2026-07-16,2026-07-19
MD,Lockheed Martin,lockheed martin,Lockheed Martin,,493190,source,936468,LMT,exact,3760,Guided Missiles & Space Vehicles & Parts,,,,Q7240,cik,,,automatic,qid:Q7240,Lexington Park CDP,2446725,St. Mary's County,24037,38.249403,-76.443556,place,"Naval Air Station, Patuxent River, Sauffley Road, Bldg 3219, Lexington Park, MD",2011-07-28,2011-09-30,15,unknown,,0,0,1,https://www.dllr.state.md.us/employment/warn.shtml,91e37aab08aa1d72ebfd3e80aa9c49cf83cd24c3b358802ec931caf8,266acff45b678463f16060f015469a3d597eb245,2026-07-16,2026-07-19
MD,Lockheed Martin,lockheed martin,Lockheed Martin,,493190,source,936468,LMT,exact,3760,Guided Missiles & Space Vehicles & Parts,,,,Q7240,cik,,,automatic,qid:Q7240,Bethesda CDP,2407125,Montgomery County,24031,38.987292,-77.118612,place,"Naval Support Activity, Carderock, 9500 MacArthur Blvd.,Bethesda, MD",2011-07-28,2011-09-30,8,unknown,,0,0,1,https://www.dllr.state.md.us/employment/warn.shtml,9c13339aa766055125648edcf29919912835dc16da063337fd6061a7,6355e8d1a2d57ade580c1040cdfacce6ee50ce39,2026-07-16,2026-07-19
MD,Lockheed Martin,lockheed martin,Lockheed Martin,,493190,source,936468,LMT,exact,3760,Guided Missiles & Space Vehicles & Parts,,,,Q7240,cik,,,automatic,qid:Q7240,Bethesda CDP,2407125,Montgomery County,24031,38.987292,-77.118612,place,"Naval Observatory, 9500 MacArthur Blvd., Bethesda, MD",2011-07-28,2011-09-30,2,unknown,,0,0,1,https://www.dllr.state.md.us/employment/warn.shtml,a5a3a51a039f78f51558f1ede767de4b7b773ca1d3754773fa324840,72b8f3c808309e4b01a5236e86dbb8e0bbe2099d,2026-07-16,2026-07-19
MD,Lockheed Martin,lockheed martin,Lockheed Martin,,493190,source,936468,LMT,exact,3760,Guided Missiles & Space Vehicles & Parts,,,,Q7240,cik,,,automatic,qid:Q7240,Indian Head town,2441500,Charles County,24017,38.598622,-77.155654,place,"Naval Support Activity, Indian Head, 4386 Security Drive, Indian Head, MD",2011-07-28,2011-09-30,6,unknown,,0,0,1,https://www.dllr.state.md.us/employment/warn.shtml,7b2b206c463d40c7347e118c27c74f9684d59d9aed28ece7afed648c,ecf143737b5db0a822f241e328fe281533a61d05,2026-07-16,2026-07-19
MD,Omni Corporation,omni,,,561210,source,,,,,,,,,,,,,,n:omni,Emmitsburg town,2426200,Frederick County,24021,39.705192,-77.321301,place,"16825 S. Seton, Emmitsburg, MD",2011-08-01,2011-09-30,97,unknown,,0,0,1,https://www.dllr.state.md.us/employment/warn.shtml,7014c34eda151b721a309d5ea779ce37c240738b5597e93455a2f9cf,965580553ddd7a16a51b94ec24d99e437c7f72b2,2026-07-16,2026-07-19
MD,Capital One,capital one,Capital One,,522320,source,927628,COF,listed-extension,6021,National Commercial Banks,,,,Q1034654,cik,,,automatic,qid:Q1034654,Laurel city,2445900,Prince George's County,24033,39.095075,-76.861245,place,"6200 Chevy Dr., Laurel, MD",2011-08-03,2011-10-02,54,unknown,,0,0,1,https://www.dllr.state.md.us/employment/warn.shtml,df2340d30bb50b467b9eef39a098de203254fd42636b2aa3a61d67f3,42462ee28db5d2fcaa46fd7d2685b1ed6b934515,2026-07-16,2026-07-19
MD,elnstruction,elnstruction,,,511210,source,,,,,,,,,,,,,,n:elnstruction,Columbia CDP,2419125,Howard County,24027,39.201146,-76.85905,place,"7125 Riverwood Dr., Columbia, MD",2011-08-03,2011-08-12,20,unknown,,0,0,1,https://www.dllr.state.md.us/employment/warn.shtml,726c95e5abb69b920f8548ea487ea13463533579f3f7db6e9141c8fb,de9701ee614f268dbc69b9ac5bd9289d8764b318,2026-07-16,2026-07-19
MD,L.H. Cranston & Sons,l h cranston sons,,,238210,source,,,,,,,,,,,,,,n:l h cranston sons,,,,,,,,"1111 Pepper Rd., Hunt Valley, MD",2011-08-22,2011-08-26,,unknown,,0,0,1,https://www.dllr.state.md.us/employment/warn.shtml,1fd4fd2ac3864f08b78ea56bab3f5aba66778e00e1ac7ee6c7ef1e8c,f64ca359e8c0851726acf12ec5cec81a723fbabd,2026-07-16,2026-07-19
MD,SAIC,saic,Leidos,,541712,source,1336920,LDOS,exact,7373,Services-Computer Integrated Systems Design,,,,Q502132,cik,,,automatic,qid:Q502132,Bethesda CDP,2407125,Montgomery County,24031,38.987292,-77.118612,place,"NIH Femwood Building, 10401 Femwood Road, Bethesda, MD",2011-08-26,2011-10-28,83,unknown,,0,0,1,https://www.dllr.state.md.us/employment/warn.shtml,5ac1d81b3b95c3b74096f9f821521be796889ebe0e647bc7eb67857c,b6d34b71a36ab3e77d20e144f1fffb09ddd4aec8,2026-07-16,2026-07-19
MD,Unilever Ice Cream,unilever ice cream,,,311520,source,,,,,,,,,,,,,,n:unilever ice cream,Hagerstown city,2436075,Washington County,24043,39.640182,-77.722691,place,"1100 Frederick Street, Hagerstown, MD",2011-09-02,2011-11-01,437,unknown,,0,0,1,https://www.dllr.state.md.us/employment/warn.shtml,d27b9ffcceeddbece35c09dd7039989dc3c19ea8ef1bd50cd3483077,85ee23fabe73017949618e9d82c23f52713d5afa,2026-07-16,2026-07-19
MD,BP Solar,bp solar,BP Solar,,334413,source,,,,,,,,,Q4836299,label,,,automatic,qid:Q4836299,,,Frederick County,24021,39.470177,-77.397636,county,"630 Solarex Court, Frederick Business Center, Frederick, MD",2011-09-20,2011-12-20,8,unknown,,0,0,1,https://www.dllr.state.md.us/employment/warn.shtml,7176e339aa4022b20544b891ff16f740325976d91c64578b7c975a36,a2eb32dad72a9d3d8a35dd1b8c5d5cf718ed178c,2026-07-16,2026-07-19
MD,Bank of America,bank of america,Bank of America,,522110,source,70858,BAC,exact,6021,National Commercial Banks,,,,Q487907,cik,,,automatic,qid:Q487907,Frederick city,2430325,Frederick County,24021,39.434089,-77.414539,place,"5300 Westview Drive, Frederick, MD",2011-09-27,2011-11-07,20,unknown,,0,0,1,https://www.dllr.state.md.us/employment/warn.shtml,9da67d97d07ca3af55559792815e77413f3c1064ec821ac40bf3a0ca,2173cb1565b98a13165bdb15a90734fbac08d74a,2026-07-16,2026-07-19
MD,Redland Brick,redland brick,,,327121,source,,,,,,,,,,,,,,n:redland brick,Williamsport town,2485100,Washington County,24043,39.597345,-77.817972,place,"15718 Clear Spring Road, Williamsport, MD",2011-10-25,2011-12-23,60,mass_layoff,,0,0,1,https://www.dllr.state.md.us/employment/warn.shtml,72cb8117d19aafd8fb95cdfac25d35a517359dcf30abe6f66de28075,b3202cc15d264fcf33608239216e0a3796bc22e0,2026-07-16,2026-07-19
MD,Pillar Hotels & Resorts Holiday Inn (Cumberland),pillar hotels resorts holiday inn cumberland,,,721110,source,,,,,,,,,,,,,,n:pillar hotels resorts holiday inn,Cumberland city,2421325,Allegany County,24001,39.65131,-78.757959,place,"100 S. George Street, Cumberland, MD",2011-11-03,2011-12-31,53,unknown,,0,0,1,https://www.dllr.state.md.us/employment/warn.shtml,aa17406c0d57729db0d9b0c6b8f3c65b204ecf1abe4fcf3e41fef44a,f94e4112c853db6af1eb48db01710a5fea8e8ba7,2026-07-16,2026-07-19
MD,Pillar Hotels & Resorts Holiday Inn (Frederick),pillar hotels resorts holiday inn frederick,,,721110,source,,,,,,,,,,,,,,n:pillar hotels resorts holiday inn,Frederick city,2430325,Frederick County,24021,39.434089,-77.414539,place,"5400 Holiday Drive, Frederick, MD",2011-11-03,2011-12-31,87,unknown,,0,0,1,https://www.dllr.state.md.us/employment/warn.shtml,08af9b8448210ace099c5c9fd364e5c7d64fad9059fe768504827acb,758512a8da760aa8003187c179442d2eedadaac9,2026-07-16,2026-07-19
MD,Pillar Hotels & Resorts Holiday Inn Express (Frederick),pillar hotels resorts holiday inn express frederick,,,721110,source,,,,,,,,,,,,,,n:pillar hotels resorts holiday inn express,Frederick city,2430325,Frederick County,24021,39.434089,-77.414539,place,"5579 Spectrum Drive, Frederick, MD",2011-11-03,2011-12-31,19,unknown,,0,0,1,https://www.dllr.state.md.us/employment/warn.shtml,ff3a7afb4995d9edff3670e0f910385272b8633de28094a2edc19548,fee8afc2d6c7d4498e306b4c7a10588e94af46cf,2026-07-16,2026-07-19
MD,Filene's Basement-Syms Clothing,filene s basement syms clothing,,,448110,source,,,,,,,,,,,,,,n:filene s basement syms clothing,Baltimore city,2404000,Baltimore city,24510,39.300032,-76.610476,place,"600 East Pratt St., Baltimore, MD",2011-11-04,2012-01-09,31,unknown,,0,0,1,https://www.dllr.state.md.us/employment/warn.shtml,128aac6e633a94e30adb7e52dbb0c7445f069b4e2d78307120699f78,217103cf3ec42db97e62ef2a5d82c695444fb8e5,2026-07-16,2026-07-19
MD,Filene's Basement-Syms Clothing,filene s basement syms clothing,,,448110,source,,,,,,,,,,,,,,n:filene s basement syms clothing,Rockville city,2467675,Montgomery County,24031,39.083666,-77.155585,place,"1900 Chapman Avenue, Rockville, MD",2011-11-04,2012-01-09,37,unknown,,0,0,1,https://www.dllr.state.md.us/employment/warn.shtml,1a0c6a86904c7ed5ed7e92ba5f0fc0ca0e1780d33c575e6d64578aea,26dfd60c8c4cfbef62edd28ca03641a2e8195ba5,2026-07-16,2026-07-19
MD,DynCorp International,dyncorp international,,,488190,source,,,,,,,,,,,,,,n:dyncorp international,Lexington Park CDP,2446725,St. Mary's County,24037,38.249403,-76.443556,place,"P.O. Box 469, Lexington Park, MD",2011-11-14,2011-12-31,74,unknown,,0,0,1,https://www.dllr.state.md.us/employment/warn.shtml,71cdc8918d857ba4cdf65998be9ccb8f8d0d75673dc01cdfabc43661,c207225175d902532340a8b627571da46a179ca0,2026-07-16,2026-07-19
MD,Interstate Hotels & Resorts Comfort Inn BWI,interstate hotels resorts comfort inn bwi,,,721110,source,,,,,,,,,,,,,,n:interstate hotels resorts comfort inn bwi,Baltimore city,2404000,Baltimore city,24510,39.300032,-76.610476,place,"6921 Baltimore-Annapolis Boulevard, Baltimore, MD",2011-11-17,2011-11-18,52,unknown,,0,0,1,https://www.dllr.state.md.us/employment/warn.shtml,8ffdabb233aff047fd95bee0b06701a0a6d677dff969831289f5d34d,ffa381536694603a9e7abd0bbb98b040ab8a8eb1,2026-07-16,2026-07-19
MD,"Transnuclear Inc., an Areva Company",transnuclear inc an areva,,,325199,source,,,,,,,,,,,,,,n:transnuclear,Columbia CDP,2419125,Howard County,24027,39.201146,-76.85905,place,"7135 Minstrel Way, Suite 300 Columbia, MD",2011-12-01,2012-01-31,1,unknown,,0,0,1,https://www.dllr.state.md.us/employment/warn.shtml,8b3e3afa7087582b5f4581384c750c531563dcaf6162e6172f8816c5,ed20222ee12e489f1fe59e9e40a5a0a708c43c2e,2026-07-16,2026-07-19
MD,Fechheimer,fechheimer,,,315225,source,,,,,,,,,,,BERKSHIRE HATHAWAY INC,1067983,,n:fechheimer,Grantsville town,2434525,Garrett County,24023,39.696916,-79.152849,place,"11 Dorsey Hotel Road, Grantsville, MD",2011-12-07,2012-03-01,59,unknown,,0,0,1,https://www.dllr.state.md.us/employment/warn.shtml,9192bad889294aefd3b17a996f78159ddccc5d6052dcddd99dee7a6b,e78ba8ba0b0b636bb3103884780ac618608e0595,2026-07-16,2026-07-19
MD,"Susquehanna Bancshares, Inc.",susquehanna bancshares,,,522110,source,700863,,exact,6021,National Commercial Banks,,,,,,,,automatic,cik:700863,Bel Air town,2405550,Harford County,24025,39.534942,-76.346323,place,"2101 Laurel Bush Road, Bel Air, MD",2011-12-22,2012-02-17,35,unknown,,0,0,1,https://www.dllr.state.md.us/employment/warn.shtml,d9020769ad3d0e19dab70596ee19dbbec5e5e5550a8bb727dae9371b,09c6c9f9ca21518e8d37b058d17dcbba53a850e3,2026-07-16,2026-07-19
MD,"Susquehanna Bancshares, Inc.",susquehanna bancshares,,,522110,source,700863,,exact,6021,National Commercial Banks,,,,,,,,automatic,cik:700863,Hagerstown city,2436075,Washington County,24043,39.640182,-77.722691,place,"1800 Dual Highway, Ste. 100, Hagerstown, MD",2011-12-22,2012-02-17,35,unknown,,0,0,1,https://www.dllr.state.md.us/employment/warn.shtml,7bffb54e80a53a7411bd317d4963363e536125cabf782a23bd6a0c58,3a0c373004e19e32f50c99aa6e5dbb85b9f9fae6,2026-07-16,2026-07-19
MD,"Susquehanna Bancshares, Inc.",susquehanna bancshares,,,522110,source,700863,,exact,6021,National Commercial Banks,,,,,,,,automatic,cik:700863,Hagerstown city,2436075,Washington County,24043,39.640182,-77.722691,place,"1101 Professional Court, Hagerstown, MD",2011-12-22,2012-02-17,35,unknown,,0,0,1,https://www.dllr.state.md.us/employment/warn.shtml,5a8cb40ddec0652207e710b3e651bb8a87886eecf5e08cb3604c48d4,4791b12503014d24035b964cf7bd2feb5ad77e03,2026-07-16,2026-07-19
MD,"Susquehanna Bancshares, Inc.",susquehanna bancshares,,,522110,source,700863,,exact,6021,National Commercial Banks,,,,,,,,automatic,cik:700863,Boonsboro town,2408625,Washington County,24043,39.510648,-77.664745,place,"231 N. Main St., Boonsboro, MD",2011-12-22,2012-02-17,35,unknown,,0,0,1,https://www.dllr.state.md.us/employment/warn.shtml,515a3594ebdd385bbb2f14be08ce472c844e0ea4a47daf1a996b8536,4ee8eca7b3126809608c3c10ac3c4914fb4f2e43,2026-07-16,2026-07-19
MD,"Susquehanna Bancshares, Inc.",susquehanna bancshares,,,522110,source,700863,,exact,6021,National Commercial Banks,,,,,,,,automatic,cik:700863,Westminster city,2483100,Carroll County,24013,39.579154,-77.006691,place,"532 Baltimore Blvd., Ste 202, Westminster, MD",2011-12-22,2012-02-17,35,unknown,,0,0,1,https://www.dllr.state.md.us/employment/warn.shtml,1e9b2485afc0a954bca0e9bde2da203ea6e03ad3fcdd40f20c20578d,4fd815764b4b7f3b6c961d9808a0a6a9875283e8,2026-07-16,2026-07-19
MD,"Susquehanna Bancshares, Inc.",susquehanna bancshares,,,522110,source,700863,,exact,6021,National Commercial Banks,,,,,,,,automatic,cik:700863,Hagerstown city,2436075,Washington County,24043,39.640182,-77.722691,place,"13511 Label Lane, Hagerstown, MD",2011-12-22,2012-02-17,35,unknown,,0,0,1,https://www.dllr.state.md.us/employment/warn.shtml,e06574d60a95992a5b60b5ee66f56b66357a396b7624fa359be4259e,5efe0f462888915fd3a5cea3e917324e6bbed315,2026-07-16,2026-07-19
MD,"Susquehanna Bancshares, Inc.",susquehanna bancshares,,,522110,source,700863,,exact,6021,National Commercial Banks,,,,,,,,automatic,cik:700863,Mount Airy town,2453875,Carroll County,24013,39.374693,-77.153807,place,"2532 Baltimore Blvd., Mount Airy, MD",2011-12-22,2012-02-17,35,unknown,,0,0,1,https://www.dllr.state.md.us/employment/warn.shtml,e7beb75311ec72bf5ca53575e4339305505f9c08330b08eba16f6eee,86642b81231f40221b66b561f6630838108b904e,2026-07-16,2026-07-19
MD,"Susquehanna Bancshares, Inc.",susquehanna bancshares,,,522110,source,700863,,exact,6021,National Commercial Banks,,,,,,,,automatic,cik:700863,Hagerstown city,2436075,Washington County,24043,39.640182,-77.722691,place,"18233 Maugans Ave., Hagerstown, MD",2011-12-22,2012-02-17,35,unknown,,0,0,1,https://www.dllr.state.md.us/employment/warn.shtml,e4a182f1aea3e38a6136ac67fe7b8645f7e08ed124b7919787a1dbd5,93f51c0d8b5231d6656c992f38eb7afe255243ed,2026-07-16,2026-07-19
MD,"Susquehanna Bancshares, Inc.",susquehanna bancshares,,,522110,source,700863,,exact,6021,National Commercial Banks,,,,,,,,automatic,cik:700863,Hagerstown city,2436075,Washington County,24043,39.640182,-77.722691,place,"17601 Virginia Ave., Hagerstown, MD",2011-12-22,2012-02-17,35,unknown,,0,0,1,https://www.dllr.state.md.us/employment/warn.shtml,2057f53209a76f6f8f905eb38e3778257535d9ae192bfdac5e63cc8b,965e4d2e22c57b0bf02bb407422499a3285d55db,2026-07-16,2026-07-19
MD,"Susquehanna Bancshares, Inc.",susquehanna bancshares,,,522110,source,700863,,exact,6021,National Commercial Banks,,,,,,,,automatic,cik:700863,La Vale CDP,2446075,Allegany County,24001,39.67164,-78.826759,place,"963 National Highway, LaVale, MD",2011-12-22,2012-02-17,35,unknown,,0,0,1,https://www.dllr.state.md.us/employment/warn.shtml,8aae4467b9329707ce8204b722a15552ac03361d975d9421e05aec61,9b2f99c9950fbba1064858de63afface3f75857b,2026-07-16,2026-07-19
MD,"Susquehanna Bancshares, Inc.",susquehanna bancshares,,,522110,source,700863,,exact,6021,National Commercial Banks,,,,,,,,automatic,cik:700863,Hagerstown city,2436075,Washington County,24043,39.640182,-77.722691,place,"13418 Marsh Pike, Hagerstown, MD",2011-12-22,2012-02-17,35,unknown,,0,0,1,https://www.dllr.state.md.us/employment/warn.shtml,573ed441c38598c44973340d6a082f97423e4ee00160a7645e2c921d,c203cfa33505f0845753ef527597692d4e28ebb8,2026-07-16,2026-07-19
MD,"Susquehanna Bancshares, Inc.",susquehanna bancshares,,,522110,source,700863,,exact,6021,National Commercial Banks,,,,,,,,automatic,cik:700863,,,,,,,,"307 International Circle, Suite 600, Hunt Valley, MD",2011-12-22,2012-02-17,35,unknown,,0,0,1,https://www.dllr.state.md.us/employment/warn.shtml,7e02eb91133ba7c5d559d6b0921e14dd66d922addcfa4d3cd22883ea,c61f2ee72839d6ff6b912c8543d4575b3bc8973d,2026-07-16,2026-07-19
MD,"Susquehanna Bancshares, Inc.",susquehanna bancshares,,,522110,source,700863,,exact,6021,National Commercial Banks,,,,,,,,automatic,cik:700863,Owings Mills CDP,2459425,Baltimore County,24005,39.410494,-76.789371,place,"10455 Mill Run Circle, Owings Mills, MD",2011-12-22,2012-02-17,35,unknown,,0,0,1,https://www.dllr.state.md.us/employment/warn.shtml,ce3dd24a54f1d81aa018db96c370f969264ff051e2f6d2209a73ad87,d305368044a8e388f1b105627e108eafcdde2fcb,2026-07-16,2026-07-19
MD,"Susquehanna Bancshares, Inc.",susquehanna bancshares,,,522110,source,700863,,exact,6021,National Commercial Banks,,,,,,,,automatic,cik:700863,Hagerstown city,2436075,Washington County,24043,39.640182,-77.722691,place,"940 Frederick Street, Hagerstown, MD",2011-12-22,2012-02-17,35,unknown,,0,0,1,https://www.dllr.state.md.us/employment/warn.shtml,70bc5e5a3fefca7fcb480899182fa693513b323e1c63e3cc831882ea,d5b04986350b4a46b16684e3b1bd016edd9408f8,2026-07-16,2026-07-19
MD,"Susquehanna Bancshares, Inc.",susquehanna bancshares,,,522110,source,700863,,exact,6021,National Commercial Banks,,,,,,,,automatic,cik:700863,La Vale CDP,2446075,Allegany County,24001,39.67164,-78.826759,place,"1262 Vocke Road, LaVale, MD",2011-12-22,2012-02-17,35,unknown,,0,0,1,https://www.dllr.state.md.us/employment/warn.shtml,da90de128fbc2702adcc5f2d0c4a712d898bb01590a1c39b4bdb265c,e423b7e077f4962b86ac77087cef1388c5ecb8aa,2026-07-16,2026-07-19
MD,"Susquehanna Bancshares, Inc.",susquehanna bancshares,,,522110,source,700863,,exact,6021,National Commercial Banks,,,,,,,,automatic,cik:700863,Baltimore city,2404000,Baltimore city,24510,39.300032,-76.610476,place,"4204 Ebenezer Road, Baltimore, MD",2011-12-22,2012-02-17,35,unknown,,0,0,1,https://www.dllr.state.md.us/employment/warn.shtml,94f23296338bcf5cd0b56b0adbb8e5e282ff74ff14c1f01e8e6ec221,fe6d3a6da63a17c7bfcf883960c80bcdc6258b6d,2026-07-16,2026-07-19
MD,"Susquehanna Bancshares, Inc.",susquehanna bancshares,,,522110,source,700863,,exact,6021,National Commercial Banks,,,,,,,,automatic,cik:700863,Oakland town,2457650,Garrett County,24023,39.417143,-79.402352,place,"305 E. Oak Street, Oakland, MD",2011-12-22,2012-02-17,35,unknown,,0,0,1,https://www.dllr.state.md.us/employment/warn.shtml,0618113b9554a77c125af965a0cfe2425b4718c7cd578ab8735ee33d,fec4f59204372e7c5a66494201df178d8ecb4856,2026-07-16,2026-07-19
MD,Bloomingdales,bloomingdales,,,452111,source,,,,,,,,,,,"Macy's, Inc.",794367,,n:bloomingdales,Kensington town,2443500,Montgomery County,24031,39.026837,-77.07371,place,"11305 Rockville Pike, Kensington, MD",2012-01-04,2012-03-17,184,unknown,,0,0,1,https://www.dllr.state.md.us/employment/warn.shtml,64219a0eeb83d8241af5b8907bf1554fe3cf558e332c6424cd1e4e6f,1233a367e3271ad89e8f73ac38e69cd6d2a70ec7,2026-07-16,2026-07-19
MD,Macy's,macy s,"Macy's, Inc.",,452111,source,794367,M,exact,5311,Retail-Department Stores,,,,Q5479360,cik,,,automatic,qid:Q5479360,Laurel city,2445900,Prince George's County,24033,39.095075,-76.861245,place,"14828 Baltimore-Washington Boulevard, Laurel, MD",2012-01-06,2012-03-09,113,unknown,,0,0,1,https://www.dllr.state.md.us/employment/warn.shtml,bfd445e3fb3817ed5b20937fa6eeba8e8c2ae9944984c16364bd3f37,110e5e452cfbe7659781abdcf19bf4ee3fbac4b9,2026-07-16,2026-07-19
MD,SSP America,ssp america,SSP America,,722320,source,,,,,,,,,Q67916507,label,SSP Group,,automatic,qid:Q67916507,Glen Burnie CDP,2432650,Anne Arundel County,24003,39.156271,-76.606996,place,"501 McCormick Drive #J, Glen Burnie, MD",2012-01-19,2012-01-03,112,unknown,,0,0,1,https://www.dllr.state.md.us/employment/warn.shtml,fee63564a619b4d1b25dc10e6b4fbd3aee2af7ef8c8b9ed568006016,3d8fb443fa0872c42422bef4e2c57cb2c58351ae,2026-07-16,2026-07-19
MD,Adventist Behavioral Health,adventist behavioral health,,,623220,source,,,,,,,,,,,,,,n:adventist behavioral health,Crownsville CDP,2421075,Anne Arundel County,24003,39.022462,-76.590377,place,"14 Romig Drive, Crownsville, MD",2012-01-30,2012-03-31,100,unknown,,0,0,1,https://www.dllr.state.md.us/employment/warn.shtml,9e9d0e35e15bf96a58408234b7d5eb3466d765bee012c91b4635ba81,fb44138a966ed90157d54b7c661fd232284b94c4,2026-07-16,2026-07-19
MD,Stanley Black & Decker,stanley black decker,Stanley Black & Decker,,561612,source,93556,SWK,exact,3420,"Cutlery, Handtools & General Hardware",,,,Q706094,cik,,,automatic,qid:Q706094,Baltimore city,2404000,Baltimore city,24510,39.300032,-76.610476,place,"2631 Sisson Street, Baltimore MD",2012-02-01,2012-04-01,142,unknown,,0,0,1,https://www.dllr.state.md.us/employment/warn.shtml,c307d48f7fb76d7a428daa371de22643603248b53d0c2723bc4d49cd,93351fb6be3df20027a89e286ec934fa2f5c5d28,2026-07-16,2026-07-19
MD,DocuLynx,doculynx,,,443120,source,1501164,,exact,,,,,,,,,,automatic,cik:1501164,Baltimore city,2404000,Baltimore city,24510,39.300032,-76.610476,place,"8007 Corporate Drive, Ste H, Baltimore, MD",2012-02-14,2012-07-31,19,unknown,,0,0,1,https://www.dllr.state.md.us/employment/warn.shtml,183545392917660541edbff87372e0315b7a1c00f8faadd6e7eff228,04d0270ff7a5bf99bce18a78c82c66fa2b89f34c,2026-07-16,2026-07-19
MD,Northrop Grumman,northrop grumman,Northrop Grumman Corporation,,561612,source,1133421,NOC,exact,3812,"Search, Detection, Navigation, Guidance, Aeronautical Sys",,,,Q329953,cik,,,automatic,qid:Q329953,Fort Meade CDP,2429400,Anne Arundel County,24003,39.1057,-76.743278,place,"P.O. Box 100, Fort Meade, MD",2012-02-15,2012-04-20,224,unknown,,0,0,1,https://www.dllr.state.md.us/employment/warn.shtml,4c009c78a18f1beab3e98097305a7b4f4b77df922363897ce92c3054,c3d7105df123e92d6b70afcc216707e8e649abb9,2026-07-16,2026-07-19
MD,DIAGEO,diageo,Diageo,,312130,source,835403,DEO,exact,2080,Beverages,,,,Q161140,cik,,,automatic,qid:Q161140,Baltimore city,2404000,Baltimore city,24510,39.300032,-76.610476,place,"5001 Washington Blvd., Baltimore , MD",2012-02-23,2012-04-27,34,unknown,,0,0,1,https://www.dllr.state.md.us/employment/warn.shtml,2cb4bd6780a1585bd434a3b5427f2ab47c2252322e77ec9c3a38dfca,9aa3c49fa83e7189400ad20c83727dcfb7fe7148,2026-07-16,2026-07-19
MD,"Science Systems and Applications, Inc.",science systems and applications,,,238990,source,,,,,,,,,,,,,,n:science systems and applications,Lanham CDP,2445550,Prince George's County,24033,38.962124,-76.839173,place,"10210 Greenbelt Road, Suite 600, Lanham, MD",2012-03-08,2012-04-30,117,unknown,,0,0,1,https://www.dllr.state.md.us/employment/warn.shtml,5585ce3613d714cc6b2207c4c18bdd6c8db8147eb29b004ec08735dd,cc04d8a76bb9a455ac5ef81a177be8dc2bf8cf21,2026-07-16,2026-07-19
MD,McKesson Pharmaceutical,mckesson pharmaceutical,,,424210,source,,,,,,,,,,,,,,n:mckesson pharmaceutical,Landover CDP,2445325,Prince George's County,24033,38.924395,-76.887604,place,"7721 Polk Street, Landover MD",2012-03-16,2012-04-20,106,unknown,,0,0,1,https://www.dllr.state.md.us/employment/warn.shtml,2d993cebd8f9f781df18543854f8a95bcc84fbcdaaa980d446b18447,600de4fd2cfae747e9685d71c442e58f4519ae14,2026-07-16,2026-07-19
MD,ARAMARK,aramark,Aramark,,722211,source,1584509,ARMK,exact:listed,5812,Retail-Eating  Places,,,,Q625708,cik,,,automatic,qid:Q625708,Silver Spring CDP,2472450,Montgomery County,24031,39.002441,-77.020791,place,"10000 New Hampshire Avenue, Silver Spring, MD",2012-03-21,2012-05-21,64,unknown,,0,0,1,https://www.dllr.state.md.us/employment/warn.shtml,e0b19d3f86c890798f52681e797ff3ff2f75562ff29a8567d9f5cffc,2526cc43301232f1dfa03526dc75495bf1b39213,2026-07-16,2026-07-19
MD,HMS Host,hms host,HMSHost,,711190,source,,,,,,,,,Q3786866,label,Autogrill,,automatic,qid:Q3786866,,,,,,,,"Maryland House Travel Plaza, I-95, JFK Memorial Highway, Mile Markers 82, Aberdeen, MD & Chesapeake House Travel Plaza, I-95, JFK Memorial Highway, Mile Marker 96.5, North East, MD",2012-04-02,2012-09-15,396,unknown,,0,0,1,https://www.dllr.state.md.us/employment/warn.shtml,468002a23aefdc507ce6b0d5c1a0f1938e7fa7c45bf521d69e322fae,4d1bbba9fd6e3b6391f656b62b002d160f501231,2026-07-16,2026-07-19
MD,Harland Clarke Holdings Corp.,harland clarke holdings,,,323100,source,1354752,,exact,2780,"Blankbooks, Looseleaf Binders & Bookbindg & Relatd Work",,,,,,,,automatic,cik:1354752,Glen Burnie CDP,2432650,Anne Arundel County,24003,39.156271,-76.606996,place,"1094 Park 100 Drive, Glen Burnie, MD",2012-04-03,2012-06-02,125,unknown,,0,0,1,https://www.dllr.state.md.us/employment/warn.shtml,dde73960cf24ca53cf74b844f145e83606ef6c5640e9bd6d8314650d,43716c8481c558f28ae77819004c9d090f61b9c2,2026-07-16,2026-07-19
MD,Best Buy,best buy,Best Buy,,443112,source,764478,BBY,exact,5731,"Retail-Radio, Tv & Consumer Electronics Stores",,,,Q533415,cik,,,automatic,qid:Q533415,,,,,,,,"118 Shawan Road, Hunt Valley, MD",2012-04-14,2012-06-15,68,unknown,,0,0,1,https://www.dllr.state.md.us/employment/warn.shtml,db86b626250c8f3654c0087fadeede26c4a9fa6afaf9abf50da4299c,87e188483d7d38617b06dcd84a1c1593ddc36d83,2026-07-16,2026-07-19
MD,Sears,sears,,,452111,source,,,,,,,,,,,,,,n:sears,Gaithersburg city,2431175,Montgomery County,24031,39.148601,-77.195131,place,"16331 Shady Grove Road, Gaithersburg, MD",2012-04-16,2012-06-16,82,unknown,,0,0,1,https://www.dllr.state.md.us/employment/warn.shtml,9a576a4d07af8fe2488284947b92b078b68cf1d92f98e32d1ffb4a63,2127c3433736b95525475839266711cbae945376,2026-07-16,2026-07-19
MD,Jessup Logistics,jessup logistics,,,493110,source,,,,,,,,,,,,,,n:jessup logistics,Jessup CDP,2442550,Anne Arundel County,24003,39.149094,-76.776388,place,"7805 Assateague Drive, Jessup, MD",2012-04-25,2012-06-30,244,unknown,,0,0,1,https://www.dllr.state.md.us/employment/warn.shtml,09641e0639e9a41c7a03a7035f16a05c192507cc53b153f47018dac2,6f28b5ffb333920252ae5474af09c2464bed652b,2026-07-16,2026-07-19
MD,Capital One,capital one,Capital One,,522110,source,927628,COF,listed-extension,6021,National Commercial Banks,,,,Q1034654,cik,,,automatic,qid:Q1034654,,,,,,,,"1352 ""A"" Charwood Road, Hanover, MD",2012-05-02,2012-09-01,40,unknown,,0,0,1,https://www.dllr.state.md.us/employment/warn.shtml,1dc72dd2446e3ab31e6bd08d0361e0dcea01a79fed3323de5d7f534e,bf1727f099bc18801d74949abb8d431519f90874,2026-07-16,2026-07-19
MD,Phillips Foods Inc.,phillips foods,,,311711,source,,,,,,,,,,,,,,n:phillips foods,Baltimore city,2404000,Baltimore city,24510,39.300032,-76.610476,place,"1215 E. Fort Avenue, Baltimore, MD",2012-05-03,2012-07-01,100,unknown,,0,0,1,https://www.dllr.state.md.us/employment/warn.shtml,6f9e1d533a6285af3ee751cd7bd02d38761f75261bed1dd898525bd0,40b072474a8bbe18b0f8aa441c6179b0de1effa6,2026-07-16,2026-07-19
MD,Hostess Brands Inc.,hostess brands,Hostess Brands,,311811,source,,,,,,,,549300SW7FLS4O41LD19,Q17068094,label,,91419,automatic,qid:Q17068094,Beltsville CDP,2406400,Prince George's County,24033,39.039903,-76.920443,place,"11400 Baltimore Boulevard, Beltsville, MD",2012-05-04,2012-07-03,34,unknown,,0,0,1,https://www.dllr.state.md.us/employment/warn.shtml,a359dd8478dd95efea3d1c990b08745f9d37982a6ae3990522a8e7e2,b7b8c3b3e75b17b8668c374cb978dd8aaa731238,2026-07-16,2026-07-19
MD,Hostess Brands Inc.,hostess brands,Hostess Brands,,311811,source,,,,,,,,549300SW7FLS4O41LD19,Q17068094,label,,91419,automatic,qid:Q17068094,Waldorf CDP,2481175,Charles County,24017,38.609172,-76.919776,place,"3675 Leonardtown Road, Waldorf, MD",2012-05-04,2012-07-03,158,unknown,,0,0,1,https://www.dllr.state.md.us/employment/warn.shtml,7d17665decdd930684538f1bdb5d67670f8d6cd7ebd5c70632ba2d28,ec458e0ac6d40fa3ab2c6f467c2393b1a82bed2c,2026-07-16,2026-07-19
MD,Saks Fifth Avenue,saks fifth avenue,Saks Fifth Avenue,,423990,source,1070821,,exact,,,,,,Q2723882,label,Saks Incorporated,,automatic,qid:Q2723882,,,,,,,,"500 Hickory Drive, Abredeen, MD",2012-05-04,2012-05-28,223,unknown,,0,0,1,https://www.dllr.state.md.us/employment/warn.shtml,75996c82deed9de9b36e81b8d9f7a7552a83117064d8fafda191daa6,3c73fc7e425bbbdd2b4ba8b4893681763b9bd45c,2026-07-16,2026-07-19
MD,University of Maryland Medical System chronic care programs offered at University Specialty Hospital,university of maryland medical system chronic care programs offered at university specialty hospital,,,622310,source,,,,,,,,,,,,,,n:university of maryland medical system chronic care programs offered at university specialty hospital,Baltimore city,2404000,Baltimore city,24510,39.300032,-76.610476,place,"601 South Charles Street, Baltimore, MD",2012-05-04,2012-07-11,350,unknown,,0,0,1,https://www.dllr.state.md.us/employment/warn.shtml,5b35e0e6c972f5316b7bfebf8ba2f9410accdc9efad749a05a998831,bd28442cd451c3b2859e37d57f93c81b2da75bcf,2026-07-16,2026-07-19
MD,Unilever Ice Cream,unilever ice cream,,,311520,source,,,,,,,,,,,,,,n:unilever ice cream,Hagerstown city,2436075,Washington County,24043,39.640182,-77.722691,place,"1100 Frederick Street, Hagerstown, MD",2012-05-09,2012-07-27,420,unknown,,0,0,1,https://www.dllr.state.md.us/employment/warn.shtml,e54a9ac7dfccd7fc9cbc765fbe653b5d3c4ec78fe3b08f64bff49eb8,77f57ef07e153b0f798dc208662e3315a9063c20,2026-07-16,2026-07-19
MD,RG Steel LLC,rg steel,,,331111,source,,,,,,,,,,,,,,n:rg steel,,,,,,,,"1430 Sparrows Point Blvd., Sparrows Point, MD",2012-05-23,2012-06-04,1975,unknown,,0,0,1,https://www.dllr.state.md.us/employment/warn.shtml,e998a91d1d8b9a0dfd9fb28aaf64c98a476e897dd594d3d91988a3dd,56bd94cf5d88e143103ffd9e145e56376a8f92ff,2026-07-16,2026-07-19
MD,iAP Worldwide Services,iap worldwide services,,,561210,source,,,,,,,,,,,,,,n:iap worldwide services,Bethesda CDP,2407125,Montgomery County,24031,38.987292,-77.118612,place,"8901 Rockville Pike, Bethesda, MD",2012-06-04,2012-06-18,99,unknown,,0,0,1,https://www.dllr.state.md.us/employment/warn.shtml,ef045478be483008f0d5eaa70406a6f778f4aa9a3b0e371460c9b7aa,fb45acc969b56d935fe3219999d88d82bd3eb443,2026-07-16,2026-07-19
MD,Capital One,capital one,Capital One,,522291,source,927628,COF,listed-extension,6021,National Commercial Banks,,,,Q1034654,cik,,,automatic,qid:Q1034654,Bethesda CDP,2407125,Montgomery County,24031,38.987292,-77.118612,place,"7501 Wisconsin Ave., Bethesda, MD",2012-06-26,2012-11-05,80,unknown,,0,0,1,https://www.dllr.state.md.us/employment/warn.shtml,959c6157bb5079d56a4c4f01ba0b4bd6c68adb06cdd1cf6419148b51,3edde819df729f87cf68f6f1b71d2f7b80a57216,2026-07-16,2026-07-19
MD,Bank of America,bank of america,Bank of America,,522110,source,70858,BAC,exact,6021,National Commercial Banks,,,,Q487907,cik,,,automatic,qid:Q487907,,,,,,,,"11333 McCormick Road, Hunt Valley, MD",2012-07-17,2012-11-30,55,unknown,,0,0,1,https://www.dllr.state.md.us/employment/warn.shtml,2d7f84ccdbdf5900b34393cf5ddc6322c17c166847ebd7038094ba94,f37007ac087bdf5734f9016817d62ba3cda8689f,2026-07-16,2026-07-19
MD,G4S Government Solutions Inc.,g4s government solutions,,,561612,source,,,,,,,,,,,,,,n:g4s government solutions,Fort Meade CDP,2429400,Anne Arundel County,24003,39.1057,-76.743278,place,"Fort Meade, 4217 Roberts Ave., Ste 320, Fort Meade, MD",2012-08-02,2012-09-30,62,unknown,,0,0,1,https://www.dllr.state.md.us/employment/warn.shtml,0859c5a6029f19c9f29a821e40dd349d42323fd120c24a8b47fcdcef,62a5e3fe03aff32f2c9011a5629141ed787db607,2026-07-16,2026-07-19
MD,G4S Government Solutions Inc.,g4s government solutions,,,561612,source,,,,,,,,,,,,,,n:g4s government solutions,Silver Spring CDP,2472450,Montgomery County,24031,39.002441,-77.020791,place,"Walter Reed Medical Center, Forest Glen Annex, 2460 Linden Lane, Bldg. #605, PMO/WSI, Silver Spring, MD",2012-08-02,2012-09-30,31,unknown,,0,0,1,https://www.dllr.state.md.us/employment/warn.shtml,a56a6034a71223890745322c2c62aceb3ab8814824f423cf25f6f830,fa7838071f16d249d39d55a1f828005c19eb8a77,2026-07-16,2026-07-19
MD,Ritz Camera & Image,ritz camera image,,,443130,source,,,,,,,,,,,,,,n:ritz camera image,Beltsville CDP,2406400,Prince George's County,24033,39.039903,-76.920443,place,"6711 Ritz Way, Beltsville, MD",2012-08-14,2012-09-06,72,unknown,,0,0,1,https://www.dllr.state.md.us/employment/warn.shtml,bb3d9cd4009e7762b824c994b20674186567fa10daa1aef5ff9f50f3,a84af49492d4c090ff506e114b381b8ef17e7dd8,2026-07-16,2026-07-19
MD,Harborside Nursing & Rehabilitation Center,harborside nursing rehabilitation center,,,623110,source,,,,,,,,,,,,,,n:harborside nursing rehabilitation center,Baltimore city,2404000,Baltimore city,24510,39.300032,-76.610476,place,"501 West Franklin Street, Baltimore, MD",2012-08-24,2012-08-25,71,unknown,,0,0,1,https://www.dllr.state.md.us/employment/warn.shtml,549021a74f4a0553d6c67d6ca4226b65cc4171dc02933e1fd0f53128,654d375afb86034d1cf7344ac1841d4bcd5b025e,2026-07-16,2026-07-19
MD,Human Genome Sciences,human genome sciences,,,541711,source,901219,,exact,2836,"Biological Products, (No Diagnostic Substances)",,,,,,,,automatic,cik:901219,Rockville city,2467675,Montgomery County,24031,39.083666,-77.155585,place,"14200 Shady Grove Road, Rockville, MD",2012-08-30,2012-10-30,114,unknown,,0,0,1,https://www.dllr.state.md.us/employment/warn.shtml,3f30ffae1ec9b148d4ffd6b6f4544421a4ee57dfa2ee6db483408f29,aa5056cbf638b7298871f34ab69282356ef3bf44,2026-07-16,2026-07-19
MD,"White Marsh Distribution, LLC",white marsh distribution,,,493110,source,,,,,,,,,,,,,,n:white marsh distribution,White Marsh CDP,2484350,Baltimore County,24005,39.381546,-76.45842,place,"10000 Franklin Square Drive, White Marsh, MD",2012-09-07,2012-11-30,120,unknown,,0,0,1,https://www.dllr.state.md.us/employment/warn.shtml,d9e8aa53b7fdb2fb6d7fcd48e064c6bb935fdc2b2eb21114e03d6ec3,032f1d574c1d331ca918ce0c4fe9a17e45e2b09a,2026-07-16,2026-07-19
MD,MV Transportation,mv transportation,MV Transportation,,485210,source,,,,,,,,5493002NJRI8E3HPDN45,Q6720138,label,,,automatic,qid:Q6720138,Waldorf CDP,2481175,Charles County,24017,38.609172,-76.919776,place,"11A Irongate Drive, Waldorf, MD",2012-09-24,2012-10-31,68,unknown,,0,0,1,https://www.dllr.state.md.us/employment/warn.shtml,b326c1bbfb95434234f777793b9e86955fa150791dec7121134efa94,d4e8032b9d53446849790c02df8bb008a8453b1c,2026-07-16,2026-07-19
MD,Eby-Brown,eby brown,,,493110,source,,,,,,,,,,,,,,n:eby brown,Baltimore city,2404000,Baltimore city,24510,39.300032,-76.610476,place,"6610 Cabot Dr. Baltimore, MD",2012-09-26,2012-11-02,112,unknown,,0,0,1,https://www.dllr.state.md.us/employment/warn.shtml,8ce187aab98686665ac1856376baacbdbd20df0644b40fe1a7459d57,b623abb1d921e7adea7f0fbd4cfb533f338c1697,2026-07-16,2026-07-19
MD,Sinful Colors Inc.,sinful colors,,,325620,source,,,,,,,,,,,,,,n:sinful colors,Beltsville CDP,2406400,Prince George's County,24033,39.039903,-76.920443,place,"10721 Tucker Street, Beltsville, MD",2012-10-01,2013-01-01,117,unknown,,0,0,1,https://www.dllr.state.md.us/employment/warn.shtml,8b94209cdbc04f9ba84287e49188a2f4106d32dca01cfcd95305d555,20d51d4afb81fee10cbee552afea8a9d7fb826d3,2026-07-16,2026-07-19
MD,Human Genome Sciences,human genome sciences,,,541711,source,901219,,exact,2836,"Biological Products, (No Diagnostic Substances)",,,,,,,,automatic,cik:901219,Rockville city,2467675,Montgomery County,24031,39.083666,-77.155585,place,"14200 Shady Grove Road, Rockville, MD",2012-10-15,2012-12-15,97,unknown,,0,0,1,https://www.dllr.state.md.us/employment/warn.shtml,aa978e63150ac248ac93f507888a4880bf6b24d0b9c7d6b11f5d4d96,9a03011be910d3eaf14557a0a37453d0fdac7948,2026-07-16,2026-07-19
MD,Kratos Defense and Security Solutions,kratos defense and security solutions,,,541511,source,,,,,,,,,,,,,,n:kratos defense and security solutions,Lanham CDP,2445550,Prince George's County,24033,38.962124,-76.839173,place,"5200 Philadelphia Way, Lanham, MD",2012-10-26,2012-12-30,125,unknown,,0,0,1,https://www.dllr.state.md.us/employment/warn.shtml,ec0ec9d1177966b0143fc3b60ff2f376c302803e9795139220b24693,6359b372dc9d3b0f917a912c23d7ace705027c78,2026-07-16,2026-07-19
MD,Sotera Defense Solutions,sotera defense solutions,,,321991,source,1471038,,exact,8711,Services-Engineering Services,,,,,,,,automatic,cik:1471038,Frederick city,2430325,Frederick County,24021,39.434089,-77.414539,place,"24 S. Wisner Street, Suite 110, Frederick, MD",2012-10-29,2012-12-31,25,unknown,,0,0,1,https://www.dllr.state.md.us/employment/warn.shtml,18d4720c1102d0ec34dfcccb93e09c90a155a636ac49fcbf91c50e2e,3df78ac75e0c5fc1388cc9a5e0bd09deabd7d3a3,2026-07-16,2026-07-19
MD,Clyde's of Columbia and the Tomato Palace Restaurants,clyde s of columbia and the tomato palace restaurants,,,722110,source,,,,,,,,,,,,,,n:clyde s of columbia and the tomato palace restaurants,Columbia CDP,2419125,Howard County,24027,39.201146,-76.85905,place,"10221 Wincopin Circle, Columbia, MD",2012-11-01,2013-01-07,195,unknown,,0,0,1,https://www.dllr.state.md.us/employment/warn.shtml,1404f2bd35a8951c0594afd7f8bf486ad998c4bb9dd44372104e6ee8,77fad8e1cfb8f52e95b82303ec01820dc8df608b,2026-07-16,2026-07-19
MD,Mercier's,mercier s,,,561730,source,,,,,,,,,,,,,,n:mercier s,,,,,,,,"7442 Shipley Avenue, Harmans MD",2012-11-27,2012-12-31,75,unknown,,0,0,1,https://www.dllr.state.md.us/employment/warn.shtml,f0c682a405f44ade328972fe8421f2129a377e5d4cd650cc4d0ffac4,2aebdca98c5c68ffb7e4fbbb350e6ae544e3283b,2026-07-16,2026-07-19
MD,URS Corporation,urs,URS Corporation,,541618,source,,,,,,,,,Q847232,label,Aecom (United States),,automatic,qid:Q847232,Fort Meade CDP,2429400,Anne Arundel County,24003,39.1057,-76.743278,place,"MacArthur Road, Ft. Meade, MD & 430 National Business Parkway, Site 400, Annapolis Junction, MD",2012-12-20,2013-02-27,31,unknown,,0,0,1,https://www.dllr.state.md.us/employment/warn.shtml,e8eb8fb2dc008ce7a04ee0357f2568bce77c92e701a8e745f7801b69,69974ca140bc6d7a362f35fc88503c2ec403c041,2026-07-16,2026-07-19
MD,URS Corporation,urs,URS Corporation,,541618,source,,,,,,,,,Q847232,label,Aecom (United States),,automatic,qid:Q847232,Fort Meade CDP,2429400,Anne Arundel County,24003,39.1057,-76.743278,place,"MacArthur Road, Ft. Meade, MD & 430 National Business Parkway, Suite 400, Annapolis Junction, MD",2012-12-20,2013-02-07,,unknown,,0,0,1,https://www.dllr.state.md.us/employment/warn.shtml,5ec07906c9770035c3651c48a9d2e006214322d05aa9265b9df74f59,d093f377da3eab96265e4b71283d6963218dafff,2026-07-16,2026-07-19
MD,Commerce Corporation,commerce,,,424910,source,,,,,,,,,,,,,,n:commerce,Baltimore city,2404000,Baltimore city,24510,39.300032,-76.610476,place,"7603 Energy Parkway, Baltimore, MD",2012-12-27,2012-12-28,60,unknown,,0,0,1,https://www.dllr.state.md.us/employment/warn.shtml,0b6812d5d4140df234b45865182ccc514b00f0cf9f7f49febc1fcbbd,82fd871b7f068885e7719dd41d75d64e7001e8e1,2026-07-16,2026-07-19
MD,Veolia Transportation,veolia transportation,,,485510,source,,,,,,,,,,,,,,n:veolia transportation,Baltimore city,2404000,Baltimore city,24510,39.300032,-76.610476,place,"2100 Huntingdon Ave, Baltimore, MD",2012-12-27,2013-03-03,78,unknown,,0,0,1,https://www.dllr.state.md.us/employment/warn.shtml,2b023b6f78e4d1f320315f8953177c09b446aac20632e28e4d54869f,3e900269ee9038f218879d151951278c51f47512,2026-07-16,2026-07-19
MD,American Suzuki Motor Corporation,american suzuki motor,,,423110,source,,,,,,,,,,,,,,n:american suzuki motor,,,,,,,,"3251 E. Imperial Highway, Brea, CA",2013-01-11,2013-03-14,2,unknown,,0,0,1,https://www.dllr.state.md.us/employment/warn.shtml,951db142ce63543f1a58a9e83b900a8a8355a358f93c27c38cbbe7ce,9d810c5bdebd79a53bd812583abe70590a7c337a,2026-07-16,2026-07-19
MD,"Eby F.A Davis, LLC",eby f a davis,,,493110,source,,,,,,,,,,,,,,n:eby f a davis,Baltimore city,2404000,Baltimore city,24510,39.300032,-76.610476,place,"6610 Cabot Drive, Baltimore, MD 21226",2013-02-07,2013-04-22,194,unknown,,0,0,1,https://www.dllr.state.md.us/employment/warn.shtml,dc73fa18982677c1747706f363d162a9fec14590db87678745e118be,f7476df37ebcbe79f5066962e718e4a51b0be2d1,2026-07-16,2026-07-19
MD,Flying Food Group LLC,flying food group,,,722320,source,,,,,,,,,,,,,,n:flying food group,Upper Marlboro town,2479875,Prince George's County,24033,38.816495,-76.75367,place,"15800 Commerce Court, Upper Marlboro, MD 20774",2013-02-19,2013-04-22,68,unknown,,0,0,1,https://www.dllr.state.md.us/employment/warn.shtml,d2182b1ec113b4c38ba20c31e8ad60eb98c654915ab67cfd7a44ab86,906094a30f99c6fdcdfbdf2b3fc96a820938f4bb,2026-07-16,2026-07-19
MD,Serco Inc.,serco,Serco Inc.,,541614,source,,,,,,,,549300IOY1KKX4KLK978,,,,,automatic,lei:549300IOY1KKX4KLK978,Rockville city,2467675,Montgomery County,24031,39.083666,-77.155585,place,"2099 Gaither Road, Third Floor, Rockville, MD 20850-4040",2013-03-06,,38,unknown,,0,0,1,https://www.dllr.state.md.us/employment/warn.shtml,c870b22d27807ca01f050c6b8ed16f1c6f49227ef1f2002a0ebf9875,3ccf2220d316a474dd4217dc191648f7c522b70d,2026-07-16,2026-07-19
MD,Serco Inc.,serco,Serco Inc.,,541614,source,,,,,,,,549300IOY1KKX4KLK978,,,,,automatic,lei:549300IOY1KKX4KLK978,Columbia CDP,2419125,Howard County,24027,39.201146,-76.85905,place,"6731 Columbia Gateway Drive Suite 300A, Columbia, MD 21046",2013-03-06,,308,unknown,,0,0,1,https://www.dllr.state.md.us/employment/warn.shtml,01c5ebbe5bc56b982ef27375bcb1fbbe5fdc86e455717c9199911e6a,814fcc32c3c89e47565757bb7061ec53de36b80a,2026-07-16,2026-07-19
MD,Serco Inc.,serco,Serco Inc.,,541614,source,,,,,,,,549300IOY1KKX4KLK978,,,,,automatic,lei:549300IOY1KKX4KLK978,,,,,,,,"4700 Silver Hill Road, Rm 3517 Suitland, MD 20746",2013-03-06,,82,unknown,,0,0,1,https://www.dllr.state.md.us/employment/warn.shtml,43bb3dae45965bbed4796c8517b2e0c97d7812c0403168dae576e5c2,bd22a9496aab0268c649d2503e639e78bfee990a,2026-07-16,2026-07-19
MD,Serco Inc.,serco,Serco Inc.,,541614,source,,,,,,,,549300IOY1KKX4KLK978,,,,,automatic,lei:549300IOY1KKX4KLK978,Aberdeen Proving Ground CDP,2400175,Harford County,24025,39.454232,-76.133542,place,"4305 Susquehanna Ave, Rm 145, Aberdeen Proving Ground, MD 21005-5001",2013-03-06,,27,unknown,,0,0,1,https://www.dllr.state.md.us/employment/warn.shtml,68520490e84f2a1501b16e10d6a3b633c4e947e019204c968ca8db79,cd8af2a45a6440234bb8337032659c80fc1aeaed,2026-07-16,2026-07-19
MD,Serco inc.,serco,Serco Inc.,,541614,source,,,,,,,,549300IOY1KKX4KLK978,,,,,automatic,lei:549300IOY1KKX4KLK978,Bethesda CDP,2407125,Montgomery County,24031,38.987292,-77.118612,place,"8901 Wisconsin Avenue, Bld 17 Ste. 1B, Bethesda, MD 20889-5600",2013-03-06,,23,unknown,,0,0,1,https://www.dllr.state.md.us/employment/warn.shtml,050225adcbcc83275b156847c5ea8c6a9f2495d02cc3dc45b9d070c5,a8f7208b7b815ce1599bfe4fef259c0ff7b4e366,2026-07-16,2026-07-19
MD,Sodexo Inc.,sodexo,Sodexo,,454390,source,1169715,,exact,8741,Services-Management Services,,,,Q1475554,label,,,automatic,qid:Q1475554,Baltimore city,2404000,Baltimore city,24510,39.300032,-76.610476,place,"Loyola College-Maryland, 4501 N. Charles St., Baltimore, MD 21210",2013-03-18,2013-05-31,190,unknown,,0,0,1,https://www.dllr.state.md.us/employment/warn.shtml,33885be3ea36e5c3dbd3b7d391db4ada8e5ebdc06b171f449c7e1442,001c41de11e8025433e404bd64893553a992ba6c,2026-07-16,2026-07-19
MD,MV Transportation,mv transportation,MV Transportation,,485210,source,,,,,,,,5493002NJRI8E3HPDN45,Q6720138,label,,,automatic,qid:Q6720138,Beltsville CDP,2406400,Prince George's County,24033,39.039903,-76.920443,place,"6500 Ammendale Road Beltsville, MD 20705",2013-04-10,2013-06-11,188,unknown,,0,0,1,https://www.dllr.state.md.us/employment/warn.shtml,ad1155ca79457fad4889902e14e408f4c9faf9e5e9c5fdb92244c453,d553de619fb24361644939f686932dc274721070,2026-07-16,2026-07-19
MD,MV Transportation,mv transportation,MV Transportation,,485210,source,,,,,,,,5493002NJRI8E3HPDN45,Q6720138,label,,,automatic,qid:Q6720138,Capitol Heights town,2413000,Prince George's County,24033,38.876687,-76.907569,place,"8540 Ashwood Drive Capitol Heights, MD 20743",2013-04-12,2013-06-13,447,unknown,,0,0,1,https://www.dllr.state.md.us/employment/warn.shtml,04c064c20bfa152b3bcad8510e1502f315d5626c58d6efadfeb6fea3,0ca75287e98ff8bcf452fc0e70caeb24a559684d,2026-07-16,2026-07-19
MD,"Marriott International, Inc.",marriott international,Marriott International,,721110,source,1048286,MAR,exact,7011,Hotels & Motels,,,,Q1141173,cik,,,automatic,qid:Q1141173,Gaithersburg city,2431175,Montgomery County,24031,39.148601,-77.195131,place,"9737 Washingtonian Boulevard, Suite 501, Gaithersburg, MD 20878",2013-04-22,2013-06-28,35,unknown,,0,0,1,https://www.dllr.state.md.us/employment/warn.shtml,87bc9dd564f27cb81a2cabea4fd6183a78c94176145445475dc5da9f,02462d3d07e91951669386ef0601d19f17998020,2026-07-16,2026-07-19
MD,"Marriott International, Inc.",marriott international,Marriott International,,721110,source,1048286,MAR,exact,7011,Hotels & Motels,,,,Q1141173,cik,,,automatic,qid:Q1141173,Frederick city,2430325,Frederick County,24021,39.434089,-77.414539,place,"7300 Crestwood Boulevard, Frederick, MD 21703",2013-04-22,2013-06-28,35,unknown,,0,0,1,https://www.dllr.state.md.us/employment/warn.shtml,6ef7ee1369c5154f854bad3fe159d19235619ec5dcfc878c51f352f6,6115085ca63e3461bf56f274aac781aa037d5785,2026-07-16,2026-07-19
MD,"Marriott International, Inc.",marriott international,Marriott International,,721110,source,1048286,MAR,exact,7011,Hotels & Motels,,,,Q1141173,cik,,,automatic,qid:Q1141173,Bethesda CDP,2407125,Montgomery County,24031,38.987292,-77.118612,place,"10400 Fernwood Road, Bethesda, MD 20817",2013-04-22,2013-06-28,35,unknown,,0,0,1,https://www.dllr.state.md.us/employment/warn.shtml,8f9e9b75016e346c2e73fab93dfc497b0b99c8a3b7be77be98440762,e7daa5bd03805ead93f6491b72a83174a420fd24,2026-07-16,2026-07-19
MD,"ARAMARK Educational Services, LLC",aramark educational services,,,722514,source,1396757,,exact,,,,,,,,,,automatic,cik:1396757,,,,,,,,"Johns Hopkins University, 3400 North Charles Street; AMR1-LL Basement Baltimore, MD 21218",2013-04-29,2013-06-30,202,unknown,,0,0,1,https://www.dllr.state.md.us/employment/warn.shtml,0624b7270539803812eb78da2dbe962df7ec0bb14cbea969e25f0c3f,3d69d564f9f17f2ebdf4d2caa1eeb9cb3a95c25c,2026-07-16,2026-07-19
MD,Comcast,comcast,Comcast,,515210,source,1166691,CMCSA,exact,4841,Cable & Other Pay Television Services,,,,Q1113804,cik,,,automatic,qid:Q1113804,Largo CDP,2445825,Prince George's County,24033,38.88035,-76.829266,place,"1301 McCormick Drive Largo, MD 20774",2013-05-16,2013-09-07,145,unknown,,0,0,1,https://www.dllr.state.md.us/employment/warn.shtml,80fe14090c4a55404230b68722761ebc09e70843ac8a7ada9b9fcde4,d7d138164a84802a29b17f461d58cfda40ac18f8,2026-07-16,2026-07-19
MD,Complementary Coatings Corp,complementary coatings,,,325510,source,,,,,,,,,,,,,,n:complementary coatings,Baltimore city,2404000,Baltimore city,24510,39.300032,-76.610476,place,"4701 O'Donnell Street, Baltimore, MD 21224",2013-07-08,2013-09-13,52,unknown,,0,0,1,https://www.dllr.state.md.us/employment/warn.shtml,21b735b34bef5c0b2e6a9f29133d1643e168f477fe14a1777380fee8,4e4096634f9a8a631ada4132afca98b23892884f,2026-07-16,2026-07-19
MD,Smithfield,smithfield,Smithfield Foods,,311611,source,91388,SFD,listed-extension,2011,Meat Packing Plants,,,,Q1477575,cik,WH Group,,automatic,qid:Q1477575,Landover CDP,2445325,Prince George's County,24033,38.924395,-76.887604,place,"5801 Columbia Park Road Landover, MD 20785",2013-07-16,2013-09-14,156,unknown,,0,0,1,https://www.dllr.state.md.us/employment/warn.shtml,c55d86f771ac58cd864e33fe81ca16616af1b147045a0823329b6307,5b617998f071913f9eca288450c8a53c255ed071,2026-07-16,2026-07-19
MD,"MVM, Inc.",mvm,"MVM, Inc.",,561612,source,,,,,,,,,Q6719156,label,,,automatic,qid:Q6719156,Silver Spring CDP,2472450,Montgomery County,24031,39.002441,-77.020791,place,"1325 East West Highway, Silver Spring, MD 20910",2013-07-22,2013-09-30,106,unknown,,0,0,1,https://www.dllr.state.md.us/employment/warn.shtml,e48a7ab03ae4bebc972ce1d8af6fa546b5d309fb64c60c8b287a78a2,0cf2783e4aa504dbba632d300019cff3ce8ad172,2026-07-16,2026-07-19
MD,"MVM, Inc.",mvm,"MVM, Inc.",,561612,source,,,,,,,,,Q6719156,label,,,automatic,qid:Q6719156,Silver Spring CDP,2472450,Montgomery County,24031,39.002441,-77.020791,place,"1305 East West Highway, Silver Spring, MD 20910",2013-07-22,2013-09-30,106,unknown,,0,0,1,https://www.dllr.state.md.us/employment/warn.shtml,80bc548ba7a53e8f469e29663b7ee4421e93fb9c8a0d76358f8e0572,281ac4c2e9edb0e253ecafb3e75cf734ea0938e3,2026-07-16,2026-07-19
MD,"MVM, Inc.",mvm,"MVM, Inc.",,561612,source,,,,,,,,,Q6719156,label,,,automatic,qid:Q6719156,Silver Spring CDP,2472450,Montgomery County,24031,39.002441,-77.020791,place,"1315 East West Highway, Silver Spring, MD 20910",2013-07-22,2013-09-30,106,unknown,,0,0,1,https://www.dllr.state.md.us/employment/warn.shtml,7af93c358bb29641f9f95c452d6d45dba07c9e54443874aea7721f3f,4ae8b47ac8b26ba4cc444e2051f5ec5ad21a0821,2026-07-16,2026-07-19
MD,"MVM, Inc.",mvm,"MVM, Inc.",,561612,source,,,,,,,,,Q6719156,label,,,automatic,qid:Q6719156,College Park city,2418750,Prince George's County,24033,38.996276,-76.935594,place,"5830 University Research Court, College Park, MD 20740",2013-07-22,2013-09-30,106,unknown,,0,0,1,https://www.dllr.state.md.us/employment/warn.shtml,b787dfdcbd521ff8f473234f735922de8638c1d5740b01ffce0f4479,a453e99a8cdff9ee80aa299fedaa4f2467b1a699,2026-07-16,2026-07-19
MD,NCO Financial Systems,nco financial systems,,,561440,source,1396897,,exact,,,,,,,,,,automatic,cik:1396897,Jessup CDP,2442550,Anne Arundel County,24003,39.149094,-76.776388,place,"7595 Montevideo Road, Jessup, MD 20794",2013-07-31,2013-09-30,86,unknown,,0,0,1,https://www.dllr.state.md.us/employment/warn.shtml,f69876d16f07449aa6bdefe0a5f070470b10250a0afd1228e406ecc5,f8d51db088cb81ea4b1d6de08f36577b48dd3f4f,2026-07-16,2026-07-19
MD,Terrapin Systems LLC.,terrapin systems,,,541618,source,,,,,,,,,,,,,,n:terrapin systems,Rockville city,2467675,Montgomery County,24031,39.083666,-77.155585,place,"1201 Seven Locks Road, Suite 300, Rockville, MD 20854",2013-09-10,2013-11-15,173,unknown,,0,0,1,https://www.dllr.state.md.us/employment/warn.shtml,315ebb8ca9b18d0a720580ee9fde02e2807298e2b75c21926477aea3,3b7475c30cfafbf11270311d865b537fe8a8c866,2026-07-16,2026-07-19
MD,"Laboratory Partners, Inc. (Suburban Medical Laboratory)",laboratory partners inc suburban medical laboratory,,,621511,source,1335986,,exact:post-era:base,,,,,,,,,,automatic,cik:1335986,Beltsville CDP,2406400,Prince George's County,24033,39.039903,-76.920443,place,"6800 Virginia Manor Road, Beltsville, MD 20705",2013-10-21,2013-12-13,,unknown,,0,0,1,https://www.dllr.state.md.us/employment/warn.shtml,0b1a769e96cad509dccf5b5c19b42b25a551d7556402174f81d6226b,32c64492b8168e805e014a405a45de399ba5930d,2026-07-16,2026-07-19
MD,"Nielsen Audio, Inc.",nielsen audio,,,512110,source,,,,,,,,,,,,,,n:nielsen audio,Columbia CDP,2419125,Howard County,24027,39.201146,-76.85905,place,"9705, 9700, 9740 & 9830 Patuxent Woods Drive, Columbia, MD 21046",2013-11-14,2014-01-14,333,unknown,,0,0,1,https://www.dllr.state.md.us/employment/warn.shtml,ae28aea95603bd95f2067388182038696a580136c8cd7e932fb51ecc,c19ddf4bb0071c83dcbb46c3ea120094fab58116,2026-07-16,2026-07-19
MD,MedStar Health,medstar health,MEDSTAR HEALTH INC,,622110,source,,,,,,522087445,E210,,,,,,automatic,ein:522087445,Baltimore city,2404000,Baltimore city,24510,39.300032,-76.610476,place,"MFSMC, 9000 Franklin Square Drive, Baltimore, MD 21237",2013-11-27,2014-01-31,43,unknown,,0,0,1,https://www.dllr.state.md.us/employment/warn.shtml,60e07587d5f39e8873181e1b22818e6790445ba48d6cf83346a09dc6,1c3600ddb98dc53cec93aeb6acea5bb86fd32145,2026-07-16,2026-07-19
MD,MedStar Health,medstar health,MEDSTAR HEALTH INC,,622110,source,,,,,,522087445,E210,,,,,,automatic,ein:522087445,Olney CDP,2458900,Montgomery County,24031,39.14434,-77.071429,place,"MMMC, 18101 Prince Phillip Drive, Olney, MD 20831",2013-11-27,2014-01-31,24,unknown,,0,0,1,https://www.dllr.state.md.us/employment/warn.shtml,bc3a9b2b835f908c6c27c1f0a771d45fa168160c9665d1182bba973f,222d64f01713fa8f3261d19a0d25c845844e1ca1,2026-07-16,2026-07-19
MD,MedStar Health,medstar health,MEDSTAR HEALTH INC,,622110,source,,,,,,522087445,E210,,,,,,automatic,ein:522087445,Baltimore city,2404000,Baltimore city,24510,39.300032,-76.610476,place,"MedStar Health, 9105 Franklin Square Drive, Baltimore, MD 21237",2013-11-27,2014-01-31,4,unknown,,0,0,1,https://www.dllr.state.md.us/employment/warn.shtml,2f3c3f62c81ba97e9f16709e8f602444fa853ea2fb6f916ff21bf331,2d732678a8b4c993272581e308176119eebeebe8,2026-07-16,2026-07-19
MD,MedStar Health,medstar health,MEDSTAR HEALTH INC,,622110,source,,,,,,522087445,E210,,,,,,automatic,ein:522087445,Baltimore city,2404000,Baltimore city,24510,39.300032,-76.610476,place,"MedStar Health, 600 Pulaski Park Drive, Baltimore, MD 21220",2013-11-27,2014-01-31,2,unknown,,0,0,1,https://www.dllr.state.md.us/employment/warn.shtml,03f3632cbb28d8bab9f9254653e876791ee29b531223f62c1e59d2c1,59d27da893de38840d5525c38db1f54ecd1b181b,2026-07-16,2026-07-19
MD,MedStar Health,medstar health,MEDSTAR HEALTH INC,,622110,source,,,,,,522087445,E210,,,,,,automatic,ein:522087445,Baltimore city,2404000,Baltimore city,24510,39.300032,-76.610476,place,"MHH, 3001 S. Hanover St., Baltimore, MD 21225",2013-11-27,2014-01-31,29,unknown,,0,0,1,https://www.dllr.state.md.us/employment/warn.shtml,4dcc770090d96504bfaba1cabb5b2b3bc05ae15cf3e5adc70af1496c,c94c70e35f54516b47e6a5b994f200092beac185,2026-07-16,2026-07-19
MD,MedStar Health,medstar health,MEDSTAR HEALTH INC,,622110,source,,,,,,522087445,E210,,,,,,automatic,ein:522087445,Baltimore city,2404000,Baltimore city,24510,39.300032,-76.610476,place,"MUMH, 201 E. University Parkway, Baltimore, MD 21218",2013-11-27,2014-01-31,26,unknown,,0,0,1,https://www.dllr.state.md.us/employment/warn.shtml,711ef9698fe94254308150ac546d72640654b8614ef252481ee4e61f,d47234e48cc82a7ac07454f4328dc2d475a46c07,2026-07-16,2026-07-19
MD,MedStar Health,medstar health,MEDSTAR HEALTH INC,,622110,source,,,,,,522087445,E210,,,,,,automatic,ein:522087445,Baltimore city,2404000,Baltimore city,24510,39.300032,-76.610476,place,"MGSH, 5601 Loch Raven Blvd., Baltimore, MD 21218",2013-11-27,2014-01-31,19,unknown,,0,0,1,https://www.dllr.state.md.us/employment/warn.shtml,e92714e52c077ef3e4f0e752779a3916487a9a28e1822bfca9702d01,f5034770ec751d4c93a7351a322c9dd68b83de87,2026-07-16,2026-07-19
MD,Saks Incorporated,saks,,,452111,source,,,,,,,,,,,,,,n:saks,Aberdeen city,2400125,Harford County,24025,39.516403,-76.174518,place,"500 Hickory Drive, Aberdeen, MD 21001",2013-12-04,2014-01-03,191,unknown,,0,0,1,https://www.dllr.state.md.us/employment/warn.shtml,427d67f73dccf2b160dd8936efadade959a8324e8ea18bac7a23e013,71cda929f2382d04e112aa23322a1a8a45fb3e96,2026-07-16,2026-07-19
MD,Baltimore County Savings Bank,baltimore county savings bank,,,522110,source,,,,,,,,,,,,,,n:baltimore county savings bank,Baltimore city,2404000,Baltimore city,24510,39.300032,-76.610476,place,"4111 East Joppa Road, Suite 300, Baltimore MD 21236",2013-12-10,2014-02-14,53,unknown,,0,0,1,https://www.dllr.state.md.us/employment/warn.shtml,a7fc0780c689523215c22755a2d0228194f9d1bbd03f60fbcb052e91,05caf3218c27db87671c3533fc59c003c21127db,2026-07-16,2026-07-19
MD,Worthington Industries,worthington industries,Worthington Industries,,331221,source,108516,WOR,exact,3310,"Steel Works, Blast Furnaces & Rolling & Finishing Mills",,,,Q2594130,cik,,,automatic,qid:Q2594130,Baltimore city,2404000,Baltimore city,24510,39.300032,-76.610476,place,"8911 Kelso Drive, Baltimore, MD 21221",2013-12-10,2014-02-10,54,unknown,,0,0,1,https://www.dllr.state.md.us/employment/warn.shtml,56a9599ab8492eaf676dda87b3fc4b0d1184bf4d0ff6f03f26d4c114,985f237e9243f9d68b6665321ee008f68a9471e0,2026-07-16,2026-07-19
MD,First National Bank,first national bank,,,522320,source,,,,,,,,,,,"FIRST OTTAWA BANCSHARES, INC.",1099668,,n:first national bank,Columbia CDP,2419125,Howard County,24027,39.201146,-76.85905,place,"9250 Rumsey Road, Suite 102, Columbia, MD 21045",2013-12-16,2014-02-20,11,unknown,,0,0,1,https://www.dllr.state.md.us/employment/warn.shtml,de683aca6f86b5fabf63dc3054c6ead81194f053f9f3b3319058eefd,096dd09dcef215ba56f3fd45e9528cabdab09d89,2026-07-16,2026-07-19
MD,Sears Holdings Corporation Product Rebuild Center,sears holdings corporation product rebuild center,,,811412,source,,,,,,,,,,,,,,n:sears holdings corporation product rebuild center,Landover CDP,2445325,Prince George's County,24033,38.924395,-76.887604,place,"2101 Brightseat Road, Landover, MD 20785",2014-01-03,2014-03-16,86,unknown,,0,0,1,https://www.dllr.state.md.us/employment/warn.shtml,b1053ddbf866447339bf888ed5647a0cae996792b54fca4e4e254687,7a86d5b2a81e8da012fea0741b5960fff7d22e86,2026-07-16,2026-07-19
MD,Mars Super Markets Inc.,mars super markets,,,493110,source,,,,,,,,,,,,,,n:mars super markets,Baltimore city,2404000,Baltimore city,24510,39.300032,-76.610476,place,"1401 Edison Highway, Baltimore, MD 21213",2014-01-08,2014-03-09,78,unknown,,0,0,1,https://www.dllr.state.md.us/employment/warn.shtml,4d038b0be6b8f26028724ac751e42c5e80cb487880e47abc165c6985,e8408d78aae799a63ecbabae9fbff8923668a0cd,2026-07-16,2026-07-19
MD,"PAE Applied Technologies, LLC",pae applied technologies,,,541330,source,,,,,,,,,,,"Amentum Holdings, Inc.",2011286,,n:pae applied technologies,,,,,,,,"Patuxent River NAS 47758 Ranch Road, Building 1492, Patuxent River, MD 20670",2014-01-17,2014-02-24,105,unknown,,0,0,1,https://www.dllr.state.md.us/employment/warn.shtml,d32a21e52aa36e42df06ce5cd6e111cecc8b5d77a436b53ae7c7b2ea,a6188b74a58662f8155095567a94469049768106,2026-07-16,2026-07-19
MD,Winner Distributing Company,winner distributing,,,42481,source,,,,,,,,,,,,,,n:winner distributing,Baltimore city,2404000,Baltimore city,24510,39.300032,-76.610476,place,"7616 Canton Center Drive, Baltimore, MD 21224",2014-01-29,2014-02-28,125,unknown,,0,0,1,https://www.dllr.state.md.us/employment/warn.shtml,6135f3b475219f2ba224c4de0d2e587cc5f0069ee447a3cf45c94a68,b08608a3c1b4188bc7a9e14e896ae550300a460c,2026-07-16,2026-07-19
MD,Ascend One,ascend one,,,812990,source,,,,,,,,,,,,,,n:ascend one,Columbia CDP,2419125,Howard County,24027,39.201146,-76.85905,place,"9755 Patuxent Woods Drive, Suite 100, Columbia, MD 21046",2014-01-31,2014-03-31,147,unknown,,0,0,1,https://www.dllr.state.md.us/employment/warn.shtml,9bf9547baf5e5aefaa421b080b7d345a822862286659567dc033f1ee,2c184481937bbc8edc6526fb0fe69d214957b379,2026-07-16,2026-07-19
MD,"HDA, Inc and N-Store Merchandising, Inc",hda inc and n store merchandising,,,453998,source,,,,,,,,,,,,,,n:hda inc and n store merchandising,,,,,,,,No specific location,2014-02-04,2014-02-03,37,unknown,,0,0,1,https://www.dllr.state.md.us/employment/warn.shtml,bf8bd04f3d3ad47016eab63138ec1d03e3dedf8d261e8effa004f701,2ac59c7c7cc62fabe1cd2aa5caea0a8637a09c70,2026-07-16,2026-07-19
MD,Meritus Health,meritus health,MERITUS HEALTH INC,,561110,source,,,,,,372062702,E19,,,,,,automatic,ein:372062702,Hagerstown city,2436075,Washington County,24043,39.640182,-77.722691,place,"11116 Medical Campus Road, Hagerstown, MD 21742",2014-02-11,2014-02-11,56,unknown,,0,0,1,https://www.dllr.state.md.us/employment/warn.shtml,7cf5c170314eac5f8caac5b5b09a73b3c213a725f82861230a87f406,bc711e1642b5288ccbeef1281416280b42266d8a,2026-07-16,2026-07-19
MD,Sun Products Corporation,sun products,The Sun Products Corporation,,325611,source,,,,,,,,3IUM9XRQ568BZLJOVE58,,,,,automatic,lei:3IUM9XRQ568BZLJOVE58,Baltimore city,2404000,Baltimore city,24510,39.300032,-76.610476,place,"5300 Holabird Ave, Baltimore, MD 21224",2014-02-12,2014-04-01,300,unknown,,0,0,1,https://www.dllr.state.md.us/employment/warn.shtml,2af18af78c9db068d220909c85da8f49cbf3efaa4a225f18b523a9a1,73dad3840bd43f0c746e9679064af01d5a8fe9b2,2026-07-16,2026-07-19
MD,Verizon Wireless,verizon wireless,Verizon,,517210,source,1120994,,exact:post-era,4812,Radiotelephone Communications,,,,Q919641,label,Verizon,,automatic,qid:Q919641,Laurel city,2445900,Prince George's County,24033,39.095075,-76.861245,place,"7600 Montpelier Road, Laurel, MD 20723",2014-02-21,2014-05-08,11,unknown,,0,0,1,https://www.dllr.state.md.us/employment/warn.shtml,f1479575829dd8cc791c317cc0c2e467b72b68d2d8f14a0a87bfed50,d32b56523dacc289b7b103c2656d287ea04aed68,2026-07-16,2026-07-19
MD,Verizon Wireless,verizon wireless,Verizon,,517210,source,1120994,,exact:post-era,4812,Radiotelephone Communications,,,,Q919641,label,Verizon,,automatic,qid:Q919641,,,,,,,,"7401 Coca Cola Drive, Hanover, MD 20176",2014-02-21,2014-05-08,361,unknown,,0,0,1,https://www.dllr.state.md.us/employment/warn.shtml,25afd9cc580d39380112896a1e3243f7bd0ad1c2e4f032ca98d3528b,e470ab400ae47db8f32d7689f01b2768b2470c79,2026-07-16,2026-07-19
MD,Emery Federal Credit Union,emery federal credit union,,,522130,source,,,,,,,,,,,,,,n:emery federal credit union,Owings Mills CDP,2459425,Baltimore County,24005,39.410494,-76.789371,place,"90 Painters Mill Road, STE 215, Owings Mills, MD 21117",2014-03-06,2014-03-07,78,unknown,,0,0,1,https://www.dllr.state.md.us/employment/warn.shtml,41960f95ea85b05063d7b5f4f2e18c3b6e9ecb2c8984e1c5510527b6,2557a73a964bac55399c30f317e4ad6a6c166b1d,2026-07-16,2026-07-19
MD,Aramark Educational Services,aramark educational services,,,611699,source,1396757,,exact,,,,,,,,,,automatic,cik:1396757,Frostburg city,2430900,Allegany County,24001,39.650523,-78.926793,place,"Frostburg State University, 101 Braddock Road, Chesapeake Hall, Frostburg, MD 21532",2014-03-11,2014-05-22,172,unknown,,0,0,1,https://www.dllr.state.md.us/employment/warn.shtml,989d0eb6f624199695e98e3a5c6bda10eac625661bfb5e071738cd3e,bda8d8342cf3859ee7f78ece0d7bd8e98ff88d0a,2026-07-16,2026-07-19
MD,Saputo,saputo,,,311513,source,,,,,,,,,,,,,,n:saputo,Hancock town,2436600,Washington County,24043,39.704578,-78.16327,place,"14738 Warfordsburg Road, Hancock, MD 21750",2014-03-26,2014-06-27,60,unknown,,0,0,1,https://www.dllr.state.md.us/employment/warn.shtml,1c1d736fb7b3ec16d5738d3c52c3e61575b1e1f4909b8a3a99122491,56cb163c4d0f58c7b4317f6a0417c2aed9a733c2,2026-07-16,2026-07-19
MD,Crossroads Hospitality Management Co. (Sheraton Baltimore City Center),crossroads hospitality management co sheraton baltimore city center,,,561110,source,,,,,,,,,,,INTERSTATE HOTELS & RESORTS INC,1059341,,n:crossroads hospitality management,Baltimore city,2404000,Baltimore city,24510,39.300032,-76.610476,place,"101 W. Fayette Street, Baltimore, MD 21201",2014-03-28,2014-05-29,110,closure,,0,0,1,https://www.dllr.state.md.us/employment/warn.shtml,f159f6b9eeb54d7979c06fb9c26401d80c18b8061510c4579b2018b0,b6a3d21f824c5380acab460b942cdbcda222db33,2026-07-16,2026-07-19
MD,First Transit,first transit,,,485999,source,,,,,,,,,,,,,,n:first transit,Elkridge CDP,2425750,Howard County,24027,39.195483,-76.741082,place,"6333 Macaw Court, Elkridge, MD 21075",2014-04-15,2014-07-01,150,unknown,,0,0,1,https://www.dllr.state.md.us/employment/warn.shtml,bddaaa15ba5d032a1959809943ee1ddfee5fdbaf87a51b0615a910dc,53ffeca99ee109925c3a79446496b8affb9f8928,2026-07-16,2026-07-19
MD,BAE Systems,bae systems,,,541611,source,895564,BAESY,exact:listed,,,,,,,,,,automatic,cik:895564,California CDP,2412150,St. Mary's County,24037,38.297599,-76.492143,place,"23481 Cottonwood Parkway, California, MD 20619",2014-05-01,2014-06-30,172,unknown,,0,0,1,https://www.dllr.state.md.us/employment/warn.shtml,15468e02c15516636bd157f78ac66d6240373147e6fb36732ace1835,063fa190c12288884901bea6acafc5248a8baff1,2026-07-16,2026-07-19
MD,Nielsen Audio Inc.,nielsen audio,,,512110,source,,,,,,,,,,,,,,n:nielsen audio,Columbia CDP,2419125,Howard County,24027,39.201146,-76.85905,place,"9705 Patuxent Woods Drive, Columbia, MD 21046",2014-05-06,2014-08-31,325,unknown,,0,0,1,https://www.dllr.state.md.us/employment/warn.shtml,7deb04e5e4993b98ffc47c34df0759036a4f58375ab379eff45a2cef,b66a6a0be78c2e9a058bbe0f0b2c741a8a8a99fe,2026-07-16,2026-07-19
MD,PetSmart,petsmart,,,423990,source,863157,,exact,5990,"Retail-Retail Stores, NEC",,,,,,,,automatic,cik:863157,Hagerstown city,2436075,Washington County,24043,39.640182,-77.722691,place,"16522A Huntersgreen Pkwy, Hagerstown, MD 21740",2014-05-23,2014-07-24,56,unknown,,0,0,1,https://www.dllr.state.md.us/employment/warn.shtml,fe7e20b596076ff98149e355c1022d7a6fb183f59681b60101d1f782,3c14f1234a770c7943b6c3e3512ccc6e51b71176,2026-07-16,2026-07-19
MD,Charles River Laboratories,charles river laboratories,Charles River Laboratories,,621511,source,1100682,CRL,listed-extension,8731,Services-Commercial Physical & Biological Research,,,,Q5082076,cik,,,automatic,qid:Q5082076,Frederick city,2430325,Frederick County,24021,39.434089,-77.414539,place,"8501 Progress Drive, Frederick, MD 21701",2014-07-09,2014-09-25,76,unknown,,0,0,1,https://www.dllr.state.md.us/employment/warn.shtml,41ad6f99c5ed379cb7b089d46530cffec753605a4e5dc4a759a62611,aabb89c7d6b7855399f2684960c151df795d49f4,2026-07-16,2026-07-19
MD,Office Depot Max,office depot max,Office Depot,,424120,source,800240,,fuzzy:0.95,5940,Retail-Miscellaneous Shopping Goods Stores,,,,Q1337797,cik,,,automatic,qid:Q1337797,Elkridge CDP,2425750,Howard County,24027,39.195483,-76.741082,place,"6745 Business Parkway, Elkridge, MD 21075",2014-07-10,2014-09-05,54,unknown,,0,0,1,https://www.dllr.state.md.us/employment/warn.shtml,9ad18b99e19b51f37fa182524baa97a352aa1d93f4faaf2012dd0474,2b90ed80f821fe5ed94ba6fe8dcef39b178d466e,2026-07-16,2026-07-19
MD,RoundPoint Mortgage Company,roundpoint mortgage,,,522310,source,,,,,,,,,,,,,,n:roundpoint mortgage,Rockville city,2467675,Montgomery County,24031,39.083666,-77.155585,place,"15825 Shady Grove Road, Suite 20, Rockville, MD 20850",2014-07-21,2014-09-19,68,unknown,,0,0,1,https://www.dllr.state.md.us/employment/warn.shtml,4fef646fd20f04c730039553bfa8d18a80fe54be3187036d69fea8e9,c6a511f9ca13f6e45c97f4f5d9a687fef48fed0f,2026-07-16,2026-07-19
MD,Vencore Services,vencore services,,,541519,source,,,,,,,,,,,,,,n:vencore services,Greenbelt city,2434775,Prince George's County,24033,38.99467,-76.885399,place,"8800 Greenbelt Road, Greenbelt, MD 20771",2014-08-12,2014-09-30,,unknown,,0,0,1,https://www.dllr.state.md.us/employment/warn.shtml,f6f4c1ac1868974c2a784446a4e7feefe86711623c65fd22e7217a97,796f995ee98a1f4ae6d3b79a634c6def304d0581,2026-07-16,2026-07-19
MD,General Dynamics Information Technology,general dynamics information technology,General Dynamics Information Technology,,541512,source,,,,,,,,,Q130724592,label,,40533,automatic,qid:Q130724592,Rockville city,2467675,Montgomery County,24031,39.083666,-77.155585,place,"2600 Tower Oaks Blvd, Ste 600, Rockville, MD 20852",2014-08-19,2014-10-18,61,unknown,,0,0,1,https://www.dllr.state.md.us/employment/warn.shtml,eba40f2695ab2a641b05c01d68cb86c8952d7e4cd9f733604d97b8d9,79f182a32f82a1bb6e5f153032c0d851d1c02e12,2026-07-16,2026-07-19
MD,Murry's Inc.,murry s,,,311615,source,,,,,,,,,,,,,,n:murry s,Upper Marlboro town,2479875,Prince George's County,24033,38.816495,-76.75367,place,"8300 Pennsylvania Ave, Upper Marlboro, MD 20772",2014-09-10,2014-11-10,64,unknown,,0,0,1,https://www.dllr.state.md.us/employment/warn.shtml,6f95e047c89b07302aa3f694d48a7834976f3c276a1b3b991e7fb242,f644435e45c99f90240a3dd31b7c50995a240e44,2026-07-16,2026-07-19
MD,"Nielsen Audio, Inc.",nielsen audio,,,561422,source,,,,,,,,,,,,,,n:nielsen audio,Columbia CDP,2419125,Howard County,24027,39.201146,-76.85905,place,"9705 Patuxent Woods Dr, Columbia, MD 21046",2014-09-19,2014-11-23,80,unknown,,0,0,1,https://www.dllr.state.md.us/employment/warn.shtml,fb503481a059c93749c60ef8ad7f31f5f53f8630b8104633c5b915dd,5ef3f6e060b383c643390fc5d68fa409bf427a18,2026-07-16,2026-07-19
MD,CORIX Utilities,corix utilities,,,541618,source,,,,,,,,,,,,,,n:corix utilities,Essex CDP,2426600,Baltimore County,24005,39.301359,-76.444426,place,"8803 Kelso Dr., Essex, MD 21221",2014-09-22,2014-09-23,116,unknown,,0,0,1,https://www.dllr.state.md.us/employment/warn.shtml,f0fb67ec6ac864ab01ec4f2a266c5161972be3a67e03eae55b17cf64,6111d4157bc7ad8e978eb116b045501015d59bc8,2026-07-16,2026-07-19
MD,Kmart,kmart,,,452112,source,56824,,exact,5331,Retail-Variety Stores,,,,,,,,automatic,cik:56824,Baltimore city,2404000,Baltimore city,24510,39.300032,-76.610476,place,"5760 Wabash Ave, Baltimore, MD 21215",2014-09-23,2014-11-30,107,unknown,,0,0,1,https://www.dllr.state.md.us/employment/warn.shtml,5225628a971fbcf21e5967c141a5ebfc6b7c68cd8e6fb2739af0ccc0,a4bf7ac53edafd15a76612c3224f2050d177a19c,2026-07-16,2026-07-19
MD,"Dolce International/Potomac, Inc.",dolce international potomac,,,921190,source,,,,,,,,,,,,,,n:dolce international potomac,Potomac CDP,2463300,Montgomery County,24031,39.013332,-77.193579,place,"9600 Newbridge Dr, Potomac, MD 20854",2014-10-22,2014-12-31,261,unknown,,0,0,1,https://www.dllr.state.md.us/employment/warn.shtml,8d9c9b510f514aae06b86776fb262258ce6ccadc22d6e2a9c7b102bf,f688e3d383558cf9cf28f0519601b874289e7103,2026-07-16,2026-07-19
MD,"Trinity Services Group, Inc",trinity services group,"Trinity Services Group, Inc.",,311991,source,,,,,,,,549300TMK8YRXA1DZO39,,,,,automatic,lei:549300TMK8YRXA1DZO39,Baltimore city,2404000,Baltimore city,24510,39.300032,-76.610476,place,"901 Greenmount Ave, Baltimore, MD",2014-12-17,2015-01-31,143,unknown,,0,0,1,https://www.dllr.state.md.us/employment/warn.shtml,e52551b26979d7e8309cc5e17e9704265b301fb9ff9d001d64f2e9f0,9706cb327f0ea4cd1a59888d0c6a46913e7e07bd,2026-07-16,2026-07-19
MD,"Market Day, LLC",market day,,,561499,source,,,,,,,,,,,,,,n:market day,Jessup CDP,2442550,Anne Arundel County,24003,39.149094,-76.776388,place,"8265 Patuxent Range Road, Ste L, Jessup, MD 20794",2015-01-07,2015-03-07,26,unknown,,0,0,1,https://www.dllr.state.md.us/employment/warn.shtml,451bda427183dae971c41a76f17d1890fa1e38f669430015ebe575cf,78af18071bf9b5daaaf0887a6977c2cf108fd599,2026-07-16,2026-07-19
MD,"Actavis, Inc.",actavis,"Actavis, Inc.",,325412,source,,,,,,,,549300T0GJTEK811VI53,,,Allergan Finance LLC,884629,automatic,lei:549300T0GJTEK811VI53,Owings Mills CDP,2459425,Baltimore County,24005,39.410494,-76.789371,place,"10065 Red Run Blvd, Owings Mills, MD 21117",2015-01-09,2015-03-09,33,unknown,,0,0,1,https://www.dllr.state.md.us/employment/warn.shtml,93d21a6d378a2b04334ff91d1d0344599150b803573ddb0e40c6156c,34bd2551ba3738f642e8f3f996b195019cc33b82,2026-07-16,2026-07-19
MD,Ciena Corporation,ciena,,,541512,source,936395,CIEN,exact,3661,Telephone & Telegraph Apparatus,,,,,,,,automatic,cik:936395,Linthicum CDP,2447125,Anne Arundel County,24003,39.209567,-76.664741,place,"900 Elkridge Landing RD, Ste 120, Linthicum, MD 21090",2015-01-13,2015-05-29,57,unknown,,0,0,1,https://www.dllr.state.md.us/employment/warn.shtml,5515a66b4c03632771dd43c6f1f6ad84706342e31c74b9efd3d608e6,015119a7df208dda83d8b15f695ce5d8bd4dd278,2026-07-16,2026-07-19
MD,"DynCorp International, LLC",dyncorp international,,,488190,source,,,,,,,,,,,,,,n:dyncorp international,,,,,,,,"U.S.Navy's Fleet Readiness Center- Aviation Support Equipment, Solomons Complex, Bldg 105, B Ave, Solomons Island, MD 20688",2015-02-03,2015-03-04,121,unknown,,0,0,1,https://www.dllr.state.md.us/employment/warn.shtml,6a134b858cd162a2c3b1432308b42b7addd303c97f44bba9d9643b23,5f4b7627aea8c33113325142b95cb62e18156f17,2026-07-16,2026-07-19
MD,RadioShack Corporation,radioshack,,,443142,source,96289,,exact,5731,"Retail-Radio, Tv & Consumer Electronics Stores",,,,,,,,automatic,cik:96289,Hagerstown city,2436075,Washington County,24043,39.640182,-77.722691,place,"100 Tandy Drive, Hagerstown, MD 21740",2015-02-04,2015-03-11,87,unknown,,0,0,1,https://www.dllr.state.md.us/employment/warn.shtml,acc2314ad31b1e8ccd34da8428bcc6545f0c29ef53a3f86c7075516d,18a3a9a4ec5d8830421039ec1608c54050c2aa95,2026-07-16,2026-07-19
MD,Jos. A. Bank,jos a bank,,,448110,source,,,,,,,,,,,TAILORED BRANDS INC,884217,,n:jos a bank,Hampstead town,2436500,Carroll County,24013,39.614597,-76.854801,place,"500 Hanover Pike, Hampstead, MD 21074",2015-03-27,2015-05-29,122,unknown,,0,0,1,https://www.dllr.state.md.us/employment/warn.shtml,3a0b95c348ed607705ca4bbe0ad8bb2d38a48b8de5a957d90da59bc3,4157aa2667b0d9f186470c5d677687ccb9d18b78,2026-07-16,2026-07-19
MD,AFP Logistics & Service,afp logistics service,,,321211,source,,,,,,,,,,,,,,n:afp logistics service,Baltimore city,2404000,Baltimore city,24510,39.300032,-76.610476,place,"2020 Washington Blvd, Baltimore, MD 21230",2015-04-08,2015-06-07,16,unknown,,0,0,1,https://www.dllr.state.md.us/employment/warn.shtml,e570b5df7a08971e86d94a66671bc906902dbdf6ca1cf2a4bacf4461,4326170340a5bd7d1d155e68652236a8bd589cd5,2026-07-16,2026-07-19
MD,"American Forest Products, LLC",american forest products,,,321211,source,,,,,,,,,,,,,,n:american forest products,Baltimore city,2404000,Baltimore city,24510,39.300032,-76.610476,place,"1800 Washington Blvd, Ste 140, Baltimore, MD 21230",2015-04-08,2015-06-07,58,unknown,,0,0,1,https://www.dllr.state.md.us/employment/warn.shtml,e5ca6e482c6502e75540eadfc25a30b765d19413ad77c2cf984d1950,499b48a53477fb341dbef017949fa573187a4feb,2026-07-16,2026-07-19
MD,"Riverbed Technology, Inc.",riverbed technology,Riverbed Technology,,516110,source,1357326,,exact,3576,Computer Communications Equipment,,,,Q1139852,cik,,,automatic,qid:Q1139852,Bethesda CDP,2407125,Montgomery County,24031,38.987292,-77.118612,place,"7255 Woodmont Ave, Bethesda, MD 20814",2015-04-21,2015-06-30,69,unknown,,0,0,1,https://www.dllr.state.md.us/employment/warn.shtml,c469f9933e73cf64be27c3b1bc117e24c525beab756ce218622490d3,260681e9715c053e59b82e5ccd5584b0e20eb05c,2026-07-16,2026-07-19
MD,Unilever,unilever,,,424410,source,217410,UL,exact,2840,"Soap, Detergents, Cleang Preparations, Perfumes, Cosmetics",,,,,,,,automatic,cik:217410,Baltimore city,2404000,Baltimore city,24510,39.300032,-76.610476,place,"3701 Southwestern Blvd, Baltimore, MD 21229",2015-04-28,2015-05-29,137,unknown,,0,0,1,https://www.dllr.state.md.us/employment/warn.shtml,0345df33babbf4c4b2c004675d630b62673527c08ba81c800dccf64c,3d95fd8ddc777b1a0028af15fbc48d6e7cfe8b47,2026-07-16,2026-07-19
MD,Safran Labinal Power Systems,safran labinal power systems,,,336411,source,,,,,,,,,,,,,,n:safran labinal power systems,Salisbury city,2469925,Wicomico County,24045,38.375328,-75.585925,place,"600 Glen Ave, Salisbury, MD 21804",2015-05-06,2015-07-06,480,unknown,,0,0,1,https://www.dllr.state.md.us/employment/warn.shtml,1fccb8cad428993bad84f384d0256b00441b123e96023e7378b93cfb,c27e9d69d25d967f41ec27042db016f086de7c58,2026-07-16,2026-07-19
MD,Orion Safety Products,orion safety products,,,339910,source,,,,,,,,,,,,,,n:orion safety products,Easton town,2424475,Talbot County,24041,38.776262,-76.070478,place,"28320 St. Michaels Road, Easton, MD 21601",2015-05-22,2015-08-28,54,unknown,,0,0,1,https://www.dllr.state.md.us/employment/warn.shtml,0d8e4ae09a477ea9b57cb14b82ad31c770e2e95598ff776bff5d63e2,b1049cc6b9c5c2ccc134627e3d282a69b6dd9e95,2026-07-16,2026-07-19
MD,"T. Rowe Price Associates, Inc.",t rowe price associates,,,523110,source,940441,,exact,,,,,,,,,,automatic,cik:940441,Owings Mills CDP,2459425,Baltimore County,24005,39.410494,-76.789371,place,"4515 Painters Mill Road, Owings Mills, MD 21117",2015-06-01,2015-07-31,211,unknown,,0,0,1,https://www.dllr.state.md.us/employment/warn.shtml,4e70be1710a8304822de16aeb6a3cfba6080148b61bdb5517ecaf054,92b481c567840d2a1ee75b66d68fac00a4b21915,2026-07-16,2026-07-19
MD,Montgomery County Gazette,montgomery county gazette,,,541810,source,,,,,,,,,,,,,,n:montgomery county gazette,Gaithersburg city,2431175,Montgomery County,24031,39.148601,-77.195131,place,"9030 Comprint Court, Gaithersburg, MD 20877",2015-06-12,2015-08-11,69,unknown,,0,0,1,https://www.dllr.state.md.us/employment/warn.shtml,4a6072e0012a82161ced58c37a01888d1fe33dcaa4450b0023c02aca,a2253dcb8a8c0ac68f1ad814f920d06030905c75,2026-07-16,2026-07-19
MD,Prince George's County Gazette,prince george s county gazette,,,541810,source,,,,,,,,,,,,,,n:prince george s county gazette,Laurel city,2445900,Prince George's County,24033,39.095075,-76.861245,place,"13501 Konterra Road, Laurel, MD 20707",2015-06-12,2015-08-11,15,unknown,,0,0,1,https://www.dllr.state.md.us/employment/warn.shtml,c4f659c90ed2cc015690e40ead7e75589bf80d9fc360c74c5be5ab89,0fe94bc8566d4723c40f1791210368ff5c2fc306,2026-07-16,2026-07-19
MD,"Diageo Americas Supply, Inc.",diageo americas supply,,,312140,source,,,,,,,,,,,,,,n:diageo americas supply,Baltimore city,2404000,Baltimore city,24510,39.300032,-76.610476,place,"5001 Washington Blvd, Baltimore, MD 21227",2015-06-25,2015-08-31,64,unknown,,0,0,1,https://www.dllr.state.md.us/employment/warn.shtml,e78df9a0fdc86a1f03968772a663b047034fd40494de7b62bc693dab,f3b7d6949f382ea8dcf9072ccb8e96fe011f8759,2026-07-16,2026-07-19
MD,"Dunbar Armored, Inc.",dunbar armored,,,518210,source,,,,,,,,,,,,,,n:dunbar armored,White Marsh CDP,2484350,Baltimore County,24005,39.381546,-76.45842,place,"4983 Mercantile Dr, White Marsh, MD 21236",2015-06-30,2015-08-24,100,unknown,,0,0,1,https://www.dllr.state.md.us/employment/warn.shtml,f4921de561d621b31e6e64ed474e9a9f0709459c726145f68dd78a62,acc659d2763eb19f8dcd1bb07540648b75989db8,2026-07-16,2026-07-19
MD,Kmart Corporation,kmart,,,452111,source,56824,,exact,5331,Retail-Variety Stores,,,,,,,,automatic,cik:56824,Baltimore city,2404000,Baltimore city,24510,39.300032,-76.610476,place,"7923 Bel Air Rd, Baltimore, MD 21236",2015-07-29,2015-11-01,102,unknown,,0,0,1,https://www.dllr.state.md.us/employment/warn.shtml,49952eb042f96716f3d99f060c6ef969a386a45a4e613c1e83e4874a,767756c11978812a1a9c4066faad994fd77c5756,2026-07-16,2026-07-19
MD,"Atlantic & Pacific Tea Company (c/o Superfresh Food Markets, Inc.)",atlantic pacific tea company c o superfresh food markets,,,445110,source,,,,,,,,,,,,,,n:atlantic pacific tea,Ocean City town,2458225,Worcester County,24047,38.393125,-75.071208,place,"3507 Coastal Hwy; and 12741 Ocean Gateway, Ocean City, MD 21842",2015-08-12,2015-11-12,157,unknown,,0,0,1,https://www.dllr.state.md.us/employment/warn.shtml,5f65e1154811871813c08eb84eae085d12a8f31bda11e9cb035427e2,04896a9d356246fb73c534084c3d31032fbb0bb6,2026-07-16,2026-07-19
MD,"ZeniMax Media, Inc.",zenimax media,,,518210,source,1092835,,exact,,,,,,,,,,automatic,cik:1092835,,,,,,,,"101 Schilling Road, Hunt Valley, MD 21031",2015-08-14,2015-08-19,25,unknown,,0,0,1,https://www.dllr.state.md.us/employment/warn.shtml,dc18597d25cf2a905544bb4b085605d0beb24415e210627b34094faa,6a30dc5c6de1296e27280be7fa551fc5790234d4,2026-07-16,2026-07-19
MD,"CROWN Cork and Seal USA, Inc.",crown cork and seal usa,,,423840,source,,,,,,,,,,,,,,n:crown cork and seal usa,Baltimore city,2404000,Baltimore city,24510,39.300032,-76.610476,place,"8801 Citation Road, Baltimore, MD 21221",2015-08-31,2015-10-30,47,unknown,,0,0,1,https://www.dllr.state.md.us/employment/warn.shtml,44a1d4ba9e34d1ff8be5797c089156fc6aec405a3214c141e7d37a8c,46f35eab90614f24896a3124562c58ea0fbd8c43,2026-07-16,2026-07-19
MD,Sonco Worldwide,sonco worldwide,,,332999,source,,,,,,,,,,,,,,n:sonco worldwide,Bladensburg town,2407850,Prince George's County,24033,38.942368,-76.92591,place,"5000 Windom Rd, Bladensburg, MD 20710",2015-09-01,2015-10-31,100,unknown,,0,0,1,https://www.dllr.state.md.us/employment/warn.shtml,a33d75a9faddb2c74329d502ec505d335f2e7a0e6caa522dea801328,145c2f636bcdc95292fa971eea1794357cb23b99,2026-07-16,2026-07-19
MD,The Home Depot,home depot,The Home Depot,,444110,source,354950,HD,exact,5211,Retail-Lumber & Other Building Materials Dealers,,,,Q864407,cik,,,automatic,qid:Q864407,Hagerstown city,2436075,Washington County,24043,39.640182,-77.722691,place,"16500 Hunters Green Pkwy, Hagerstown, MD 21740",2015-09-08,2015-11-10,315,unknown,,0,0,1,https://www.dllr.state.md.us/employment/warn.shtml,a277451ba4e5d4ce47715571e5be10fc064083428da566fa260da142,db86578fc4e77ba38bc79bec79128e39e2f3734f,2026-07-16,2026-07-19
MD,Colonial Parking,colonial parking,,,812930,source,,,,,,,,,,,,,,n:colonial parking,Bethesda CDP,2407125,Montgomery County,24031,38.987292,-77.118612,place,"9000 Rockville Pike, Bethesda, MD 20892",2015-09-09,2015-10-14,60,unknown,,0,0,1,https://www.dllr.state.md.us/employment/warn.shtml,91741b5300aa400c07ace9745552fc052200b0413a9c86bf27eda5aa,441c0217b2618deabd28464f94f288c35f6a53a4,2026-07-16,2026-07-19
MD,Branch Banking and Trust Corporation (BB&T),branch banking and trust corporation bb t,,,521110,source,838135,,fuzzy:0.97:base,,,,,,,,,,automatic,cik:838135,Hagerstown city,2436075,Washington County,24043,39.640182,-77.722691,place,"13511 Label Lane, Hagerstown, MD 21470",2015-09-16,2015-10-09,126,unknown,,0,0,1,https://www.dllr.state.md.us/employment/warn.shtml,5ac459a5304ae5fd6e2e35ae892c7f59573621a06dc473a04356b7f1,aecf4141066fa867b0ab0517ebb8d428fd75010c,2026-07-16,2026-07-19
MD,Dimensions Healthcare System,dimensions healthcare system,,,622110,source,,,,,,,,,,,,,,n:dimensions healthcare system,Laurel city,2445900,Prince George's County,24033,39.095075,-76.861245,place,"Laurel Regional Hospital, 7300 Van Dusen Rd, Laurel, MD 20707",2015-09-18,2015-10-10,118,unknown,,0,0,1,https://www.dllr.state.md.us/employment/warn.shtml,4e61aec2f8e27725b18e31ea3062a57a0a3aa076ffe4390937e44602,b539187ae00b41e3e484bd437a75b50e582edfaf,2026-07-16,2026-07-19
MD,"Collington Services, LLC",collington services,,,424410,source,1705028,,exact,,,,,,,,,,automatic,cik:1705028,,,,,,,,"16020 Leeland Rd, Upper Marlboro, MD 20774; 6300 Columbia Park Rd, Landover, MD 20785",2015-10-06,2015-12-05,191,unknown,,0,0,1,https://www.dllr.state.md.us/employment/warn.shtml,b05d27d7ba976dcbf01e382cc58453d634b66d330ecde0205b155703,d481fe5d15d59514e3378f23c4d1ce78089c4cfd,2026-07-16,2026-07-19
MD,"Calvert Investments, Inc.",calvert investments,,,523110,source,,,,,,,,,,,,,,n:calvert investments,Bethesda CDP,2407125,Montgomery County,24031,38.987292,-77.118612,place,"4550 Montgomery Ave, Bethesda, MD 20814",2015-11-03,2015-12-31,41,unknown,,0,0,1,https://www.dllr.state.md.us/employment/warn.shtml,da00273f382368f500d31b71c9e26ccce47c8f90e50258aca021edfe,b870dc3875532be4ac79faed5f4c481eef34aec6,2026-07-16,2026-07-19
MD,"Voltronics, LLC",voltronics,,,335931,source,,,,,,,,,,,,,,n:voltronics,Salisbury city,2469925,Wicomico County,24045,38.375328,-75.585925,place,"2250 Northwood Drive, Salisbury, MD 21801",2015-11-18,2016-09-30,26,unknown,,0,0,1,https://www.dllr.state.md.us/employment/warn.shtml,3192d302e20f9b34878f5b6c0ccb6735a909b01f7e2c058a3b574662,91241d17a6a1b30c89bdb9d5f94ec5bc12766ea5,2026-07-16,2026-07-19
MD,"Scripps Networks Interactive, Inc.",scripps networks interactive,Scripps Networks Interactive,,515120,source,1430602,,exact,4841,Cable & Other Pay Television Services,,,,Q2144525,cik,,,automatic,qid:Q2144525,,,Montgomery County,24031,38.981893,-77.083197,county,"5425 Wisconsin Ave, Ste. 500, Chevy Chase, MD 20815",2015-11-19,2016-01-19,78,unknown,,0,0,1,https://www.dllr.state.md.us/employment/warn.shtml,0cf77c0b6e1d10ab768fb2ca26187ee6969f228d52730a847bee89a5,ae53c3acef666fd23d6aab5b0b982e0a1733544b,2026-07-16,2026-07-19
MD,Aramark,aramark,Aramark,,561210,source,1584509,ARMK,exact:listed,5812,Retail-Eating  Places,,,,Q625708,cik,,,automatic,qid:Q625708,Emmitsburg town,2426200,Frederick County,24021,39.705192,-77.321301,place,"Mount St. Mary’s University, 16300 Old Emmitsburg Road, Emmitsburg, MD 21727",2015-11-20,2015-12-31,83,unknown,,0,0,1,https://www.dllr.state.md.us/employment/warn.shtml,f45f06d5480b8dcdde2b4f034f7d578f3f3ab46c0ae638ca42d96485,aeea1004a989fc9b54435c6774466302a6e4fe73,2026-07-16,2026-07-19
MD,Giant (Pharmacy Distribution Center),giant pharmacy distribution center,,,446110,source,,,,,,,,,,,,,,n:giant,Baltimore city,2404000,Baltimore city,24510,39.300032,-76.610476,place,"7110 Ambassador Road, Baltimore, MD 21244",2015-12-01,2016-01-30,89,unknown,,0,0,1,https://www.dllr.state.md.us/employment/warn.shtml,29b07c8d27db50ccf4879b11dc9cba18089f08bf9747e6b6b451d012,9980fca4878ad1b8a32bf9d977accf6c45658ec3,2026-07-16,2026-07-19
MD,Acosta Sales & Marketing,acosta sales marketing,,,541613,source,,,,,,,,,,,,,,n:acosta sales marketing,,,,,,,,"7455 New Ridge Road, Suite R, Hanover, MD 21076",2016-01-05,2016-02-29,7,unknown,,0,0,1,https://www.dllr.state.md.us/employment/warn.shtml,adb0815989be793dff9f6b27bad2d242d11a1bafd7ddf22405293c56,931f5f99d87a68fdc7608d9f63b2f9d44f60ef2b,2026-07-16,2026-07-19
MD,Sims Recycling Solutions,sims recycling solutions,,,562920,source,,,,,,,,,,,,,,n:sims recycling solutions,Elkridge CDP,2425750,Howard County,24027,39.195483,-76.741082,place,"7575 Washington Blvd, Elkridge, MD 21075",2016-01-05,2016-03-31,86,unknown,,0,0,1,https://www.dllr.state.md.us/employment/warn.shtml,e3efb5dd7a18c95665cc8996f5cb79691982c66ad649e0f3905fa7ba,d8adb79418711749013ff162a5fcae0d618d80a6,2026-07-16,2026-07-19
MD,Walmart,walmart,,,452112,source,104169,WMT,exact,5331,Retail-Variety Stores,,,,,,,,automatic,cik:104169,Baltimore city,2404000,Baltimore city,24510,39.300032,-76.610476,place,"2701 Port Covington Dr, Baltimore, MD 21230",2016-01-15,2016-04-15,196,unknown,,0,0,1,https://www.dllr.state.md.us/employment/warn.shtml,fd9746723cd17613c846b7aec14f304cf7fc002795c00f64df6656c8,dcdf63e321a3bce127b91803b235a50c603d9b5e,2026-07-16,2026-07-19
MD,"C&S Wholesale Grocers, Inc.",c s wholesale grocers,"C&S WHOLESALE GROCERS, INC.",,424410,source,,,,,,,,54930093F8X1FEZBGJ91,,,,,automatic,lei:54930093F8X1FEZBGJ91,North East town,2456450,Cecil County,24015,39.608037,-75.941655,place,"100 Lums Road, North East, MD 21901",2016-01-20,2016-03-24,192,unknown,,0,0,1,https://www.dllr.state.md.us/employment/warn.shtml,bc062dfeeb56b0f11f851ea866d8a9fca640d093c816c862d1c31466,2007b02b9aa9ef65239fee7fc38c145f4b0a086b,2026-07-16,2026-07-19
MD,Penn Parking,penn parking,,,812930,source,,,,,,,,,,,,,,n:penn parking,Bethesda CDP,2407125,Montgomery County,24031,38.987292,-77.118612,place,"9000 Rockville Pike, Bethesda, MD 20892",2016-02-19,2016-03-13,59,unknown,,0,0,1,https://www.dllr.state.md.us/employment/warn.shtml,f083460f19aeb66e7451b8350693fca2cbb3bc4d2cd301678754d668,be7d4437b37e1af894811ed8ffcfbd2d0eb29ca6,2026-07-16,2026-07-19
MD,"Graham Packaging Company, L.P.",graham packaging,"GRAHAM PACKAGING COMPANY, L.P.",,326112,source,,,,,,,,,Q140315903,label,,,automatic,qid:Q140315903,Baltimore city,2404000,Baltimore city,24510,39.300032,-76.610476,place,"210 Kane St, Baltimore, MD 21224",2016-02-29,2016-04-01,79,unknown,,0,0,1,https://www.dllr.state.md.us/employment/warn.shtml,fcc017437989ac930a784738de5d17e7f2cbb62d99d65e0d1d16a12a,88d393c6b38ffcf8dce288f93ab580e3a1c010fc,2026-07-16,2026-07-19
MD,"Allen Harim Foods, LLC",allen harim foods,,,311615,source,,,,,,,,,,,,,,n:allen harim foods,Cordova CDP,2419900,Talbot County,24041,38.86801,-75.998885,place,"12041 Cordova Rd, Cordova, MD 21625",2016-03-09,2016-05-09,300,unknown,,0,0,1,https://www.dllr.state.md.us/employment/warn.shtml,181eb9c597a727d4151fccfb15ee70958c6306e1d3b7eb7d56940198,55305bd4c68c3d44d05d8c58170d36167d720830,2026-07-16,2026-07-19
MD,Safeway,safeway,Safeway,,445110,source,,,,,,,,549300NKZ6VCN5P3K723,Q1508234,label,Cerberus Capital Management,,automatic,qid:Q1508234,Silver Spring CDP,2472450,Montgomery County,24031,39.002441,-77.020791,place,"13814 Outlet Drive, Silver Spring, MD 20904",2016-03-30,2016-05-30,25,unknown,,0,0,1,https://www.dllr.state.md.us/employment/warn.shtml,06692a8c7c1934729cd2265df489db404ca4c3275e5220ae280fb097,4896e9739abf1c58c1c057a95395cf642d77c934,2026-07-16,2026-07-19
MD,U.S. Foods,u s foods,,,424410,source,,,,,,,,,,,,,,n:u s foods,Severn CDP,2471150,Anne Arundel County,24003,39.13549,-76.6956,place,"8024 Telegraph Road, Severn, MD 21144",2016-04-06,2016-06-24,304,unknown,,0,0,1,https://www.dllr.state.md.us/employment/warn.shtml,96f799f517dd49f0f6850f000ac46ef0cfd00c37fc00032f92b95d87,bbd4c45f27bd13b18acfb3d17f2f36c676e5ba89,2026-07-16,2026-07-19
MD,Edaptive Systems,edaptive systems,,,518210,source,,,,,,,,,,,MANTECH INTERNATIONAL CORP,892537,,n:edaptive systems,Owings Mills CDP,2459425,Baltimore County,24005,39.410494,-76.789371,place,"400 Red Brook Blvd, Suite 120, Owings Mills, MD 21117",2016-04-26,2016-06-30,60,unknown,,0,0,1,https://www.dllr.state.md.us/employment/warn.shtml,cfe87c1cf49b051cccb906c44ef759fb2d90b552d80176f7756b5c1c,1283c542c156c6beda3def2951d8b8176fc36ceb,2026-07-16,2026-07-19
MD,Commune Hotels and Resorts,commune hotels and resorts,,,721110,source,,,,,,,,,,,,,,n:commune hotels and resorts,Baltimore city,2404000,Baltimore city,24510,39.300032,-76.610476,place,"612 Cathedral Street, Baltimore, MD 21201",2016-04-27,2016-06-30,49,unknown,,0,0,1,https://www.dllr.state.md.us/employment/warn.shtml,931695ac23f4933e262193a4cb6a19921a2677be3a9391122e54afeb,a930e59f8d3f11e7468ab366fd5dba42a1097de7,2026-07-16,2026-07-19
MD,Aerospace Testing Alliance,aerospace testing alliance,Aerospace Testing Alliance,,541611,source,,,,,,,,,Q4688451,label,,2011286,automatic,qid:Q4688451,,,,,,,,"Tunnel 9 at Moffett Road, Silver Springs, MD 20904",2016-05-02,2016-06-30,23,unknown,,0,0,1,https://www.dllr.state.md.us/employment/warn.shtml,81990a4f47a769a348fb1b4cc1365e23f1ec9923af9a3c4f3bf5c0bf,e24442e07d42818f9a47f75e85feb0c32defdb6d,2026-07-16,2026-07-19
MD,"Safeway, Inc",safeway,Safeway,,445110,source,,,,,,,,549300NKZ6VCN5P3K723,Q1508234,label,Cerberus Capital Management,,automatic,qid:Q1508234,Seat Pleasant city,2470850,Prince George's County,24033,38.894689,-76.899451,place,"6300 Central Avenue, Seat Pleasant, MD 20743",2016-05-05,2016-07-02,94,unknown,,0,0,1,https://www.dllr.state.md.us/employment/warn.shtml,713b7d83c6b922ce5ce4a0b568a098d6178b645818f3e81e23fdde65,3a1f1067c7bb449af12f7718f7a9a31e77c40b0f,2026-07-16,2026-07-19
MD,"Safeway, Inc",safeway,Safeway,,445110,source,,,,,,,,549300NKZ6VCN5P3K723,Q1508234,label,Cerberus Capital Management,,automatic,qid:Q1508234,Rockville city,2467675,Montgomery County,24031,39.083666,-77.155585,place,"1902 Vier Mills Road, Rockville, MD 20851",2016-05-05,2016-07-02,70,unknown,,0,0,1,https://www.dllr.state.md.us/employment/warn.shtml,b147590202dfd3631636f6c09ec4e6fe8cc4c9733d8d1a0abee24c45,5968680ce455b0d17715a698a1e900a20d8bdaa7,2026-07-16,2026-07-19
MD,"Global Payments, Inc.",global payments,Global Payments,,518210,source,1123360,GPN,exact,7389,"Services-Business Services, NEC",,,,Q5570544,cik,,,automatic,qid:Q5570544,Owings Mills CDP,2459425,Baltimore County,24005,39.410494,-76.789371,place,"10705 Red Run Blvd, Owings Mills, MD 21117",2016-05-26,2016-07-30,334,unknown,,0,0,1,https://www.dllr.state.md.us/employment/warn.shtml,cd7a2f26883b7e7973fd6b210ac79c3135e8446e22d89f7b67608987,3f652c3bf1778008ac485c099ef89f31653a0578,2026-07-16,2026-07-19
MD,MTC Facility,mtc facility,,,445110,source,,,,,,,,,,,,,,n:mtc facility,Essex CDP,2426600,Baltimore County,24005,39.301359,-76.444426,place,"8803 Kelso Drive Essex, MD 21221",2016-05-27,2016-07-31,20,unknown,,0,0,1,https://www.dllr.state.md.us/employment/warn.shtml,fbf20db0ab41b54915873ff78ddd9c693b5481bb0b71f813e49e1e7b,ff4430e7f5733fc113a54f567e1c30b067d926db,2026-07-16,2026-07-19
MD,Main Office,main office,,,445110,source,,,,,,,,,,,,,,n:main office,Baltimore city,2404000,Baltimore city,24510,39.300032,-76.610476,place,"9627 Philadelphia Rd Baltimore, MD 21237",2016-05-27,2016-07-31,64,unknown,,0,0,1,https://www.dllr.state.md.us/employment/warn.shtml,777c8da1adb1dba9efca7589254231b09f7a8c5ecb1df8bb5501e4c2,bca07419833cfaa5cfce06cf652ceeffcf5eaafc,2026-07-16,2026-07-19
MD,"Mars Super Markets, Inc.",mars super markets,,,445110,source,,,,,,,,,,,,,,n:mars super markets,Baltimore city,2404000,Baltimore city,24510,39.300032,-76.610476,place,"165 Orville Rd Baltimore, MD 21221",2016-05-27,2016-07-31,105,unknown,,0,0,1,https://www.dllr.state.md.us/employment/warn.shtml,810b1a04430cb7b846b7491d30f977182fb55cbfbb81573bbd09baaf,20ca21ba2f66c99229521fe2058db7338cd43b5f,2026-07-16,2026-07-19
MD,"Mars Super Markets, Inc.",mars super markets,,,445110,source,,,,,,,,,,,,,,n:mars super markets,Timonium CDP,2478050,Baltimore County,24005,39.445744,-76.600758,place,"1811 York Road Timonium, MD 21093",2016-05-27,2016-07-31,78,unknown,,0,0,1,https://www.dllr.state.md.us/employment/warn.shtml,e671ecb7ca909d48a3dd8f5338c2876ad45895b92218792678c7ff76,4330e811632536a52c779c65d62870b5813d72f5,2026-07-16,2026-07-19
MD,"Mars Super Markets, Inc.",mars super markets,,,445110,source,,,,,,,,,,,,,,n:mars super markets,Arbutus CDP,2401975,Baltimore County,24005,39.242673,-76.692133,place,"1080 Maiden Choice Ln Arbutus, MD 21227",2016-05-27,2016-07-31,104,unknown,,0,0,1,https://www.dllr.state.md.us/employment/warn.shtml,39a3c262522f5c8a86d27b0ba4851b0003a829659d446ff587652eb1,5cdcdae3c94522c06ce3363d2e2446f6a6c33b79,2026-07-16,2026-07-19
MD,"Mars Super Markets, Inc.",mars super markets,,,445110,source,,,,,,,,,,,,,,n:mars super markets,Baltimore city,2404000,Baltimore city,24510,39.300032,-76.610476,place,"7848 Wise Ave Baltimore, MD 21222",2016-05-27,2016-07-31,119,unknown,,0,0,1,https://www.dllr.state.md.us/employment/warn.shtml,e351f44440ed3fec9d963fd2cca0f305fcd4e469ee329b8170247589,72cabd0278c4017d66f332054949618d15828b28,2026-07-16,2026-07-19
MD,"Mars Super Markets, Inc.",mars super markets,,,445110,source,,,,,,,,,,,,,,n:mars super markets,Baltimore city,2404000,Baltimore city,24510,39.300032,-76.610476,place,"9544 Philadelphia Rd Baltimore, MD 21237",2016-05-27,2016-07-31,52,unknown,,0,0,1,https://www.dllr.state.md.us/employment/warn.shtml,feaa11287a1603adc704d1698ec77d6f799604cbb852a6fdfa5f411c,7957b5fcf115ba70294b2e7a3c08bbc6297f14e6,2026-07-16,2026-07-19
MD,"Mars Super Markets, Inc.",mars super markets,,,445110,source,,,,,,,,,,,,,,n:mars super markets,Baltimore city,2404000,Baltimore city,24510,39.300032,-76.610476,place,"9613 M Harford Rd Baltimore, MD 21234",2016-05-27,2016-07-31,104,unknown,,0,0,1,https://www.dllr.state.md.us/employment/warn.shtml,3e48ad638bf73ec5c22c54df37d6c669c52ac8f32d18525745ae3e72,7a59b41c6afaa0dd85fc853d9bbd13145b4e0730,2026-07-16,2026-07-19
MD,"Mars Super Markets, Inc.",mars super markets,,,445110,source,,,,,,,,,,,,,,n:mars super markets,Baltimore city,2404000,Baltimore city,24510,39.300032,-76.610476,place,"7200 Holabird Ave, Baltimore, MD 21222",2016-05-27,2016-07-31,84,unknown,,0,0,1,https://www.dllr.state.md.us/employment/warn.shtml,6d79315228270a928e559607d5420951e9c6eafa856f0860f7e8535e,9de0dba991c0dc7bf164921cdc0015e96603a193,2026-07-16,2026-07-19
MD,"Mars Super Markets, Inc.",mars super markets,,,445110,source,,,,,,,,,,,,,,n:mars super markets,Baltimore city,2404000,Baltimore city,24510,39.300032,-76.610476,place,"8667 Belair Rd Baltimore, MD 21236",2016-05-27,2016-07-31,75,unknown,,0,0,1,https://www.dllr.state.md.us/employment/warn.shtml,d13fa4d26e9a6dd20b9f4c790b7aac36bd3b365df59f0f5e703bd30a,b54eec2245979c7e66e4302c33b8864985ca3a5c,2026-07-16,2026-07-19
MD,"Mars Super Markets, Inc.",mars super markets,,,445110,source,,,,,,,,,,,,,,n:mars super markets,Baltimore city,2404000,Baltimore city,24510,39.300032,-76.610476,place,"1700 E. Northern Pkwy Baltimore, MD 21239",2016-05-27,2016-07-31,75,unknown,,0,0,1,https://www.dllr.state.md.us/employment/warn.shtml,6c225e97b949f5d1698a2ffa4265ceab6a72a6e7be0e9060b411625e,bbf40c3e6e95a91eafcf8d57944ad9351a1555a2,2026-07-16,2026-07-19
MD,"Mars Super Markets, Inc.",mars super markets,,,445110,source,,,,,,,,,,,,,,n:mars super markets,Edgewood CDP,2425150,Harford County,24025,39.42029,-76.296846,place,"1401 Pulaski Hwy Edgewood, MD 21040",2016-05-27,2016-07-31,72,unknown,,0,0,1,https://www.dllr.state.md.us/employment/warn.shtml,b42fef8dff681b02251d8473f6122624103e8858e637f319943e7e64,bc1361661e602e9a5e79b732014c6143f04e75a6,2026-07-16,2026-07-19
MD,"Mars Super Markets, Inc.",mars super markets,,,445110,source,,,,,,,,,,,,,,n:mars super markets,Timonium CDP,2478050,Baltimore County,24005,39.445744,-76.600758,place,"5-15 Padonia Rd Timonium, MD 21093",2016-05-27,2016-07-31,62,unknown,,0,0,1,https://www.dllr.state.md.us/employment/warn.shtml,bacbab33f758a5d8de5515706da3c5d68c481ac41e5d052bf1598b71,ef9043eb6261bdf8f28b41c0531c1cf3b9c6d12f,2026-07-16,2026-07-19
MD,"Mars Super Markets, Inc.",mars super markets,,,445110,source,,,,,,,,,,,,,,n:mars super markets,Reisterstown CDP,2465600,Baltimore County,24005,39.454112,-76.816023,place,"11953 Reisterstown Rd Reisterstown, MD 21136",2016-05-27,2016-07-31,72,unknown,,0,0,1,https://www.dllr.state.md.us/employment/warn.shtml,c05f443c243ac8d4b1b204166668146f61fb072892a404071060588e,eff872867cf5a3dc224b1d0f1338ffd8ff573497,2026-07-16,2026-07-19
MD,"Mars Super Markets, Inc.",mars super markets,,,445110,source,,,,,,,,,,,,,,n:mars super markets,Ellicott City CDP,2426000,Howard County,24027,39.276691,-76.833952,place,"9150 Baltimore National Pike, Ellicott City, MD 21042",2016-05-27,2016-07-31,70,unknown,,0,0,1,https://www.dllr.state.md.us/employment/warn.shtml,c522caf8b415577f55057915dc2660bb83b890d27abb660603c361cc,f8385db020c74474a27b9b32e7a4c580e6fd8d31,2026-07-16,2026-07-19
MD,U.S. Foods,u s foods,,,424410,source,,,,,,,,,,,,,,n:u s foods,Severn CDP,2471150,Anne Arundel County,24003,39.13549,-76.6956,place,"8024 Telegraph Road, Severn, MD 21144",2016-06-23,2016-06-24,147,unknown,,0,0,1,https://www.dllr.state.md.us/employment/warn.shtml,1ddc5f8ab1894ffe4905fd1a89b53900c3d93e16f8ae86690ac4583e,4e6c00270f5e8f68bebe1c58ef5bca01baa9b115,2026-07-16,2026-07-19
MD,"The Hedwin Division of Zacros America, Inc.",hedwin division of zacros america,,,326112,source,,,,,,,,,,,,,,n:hedwin division of zacros america,Baltimore city,2404000,Baltimore city,24510,39.300032,-76.610476,place,"1600 Roland Heights Ave, Baltimore, MD 21211",2016-06-28,2016-08-28,129,unknown,,0,0,1,https://www.dllr.state.md.us/employment/warn.shtml,3a900a3656280e82f9e726028906c8d4eee3bdefa220c33784f3d40a,fd239573820e63436f43f81119be48a0870947cf,2026-07-16,2026-07-19
MD,"Safeway, Inc.",safeway,Safeway,,445110,source,,,,,,,,549300NKZ6VCN5P3K723,Q1508234,label,Cerberus Capital Management,,automatic,qid:Q1508234,Laurel city,2445900,Prince George's County,24033,39.095075,-76.861245,place,"14100 Baltimore Ave, Laurel, MD 20707",2016-08-22,2016-10-22,75,unknown,,0,0,1,https://www.dllr.state.md.us/employment/warn.shtml,2d47e8bf289f1fd4f8b0c38505701cf44a57569ce4c16ed0d08b3c24,52af1df43c3aa55d475a1cce2a4c4c1bf86317b4,2026-07-16,2026-07-19
MD,"SecTek, Inc.",sectek,,,561612,source,,,,,,,,,,,,,,n:sectek,College Park city,2418750,Washington County,24043,38.996276,-76.935594,place+county,"8601 Adelphi Rd, College Park, MD 20740; and 700 Pennsylvania Ave, Washington, D.C. 20408",2016-08-29,2016-08-31,137,unknown,,0,0,1,https://www.dllr.state.md.us/employment/warn.shtml,221faf733dcd9ef3976daa2c4b1cb86ad1f04aad93e11e2e4a8eb538,890257f3c982af397ace0801030322687b9f547a,2026-07-16,2026-07-19
MD,American Capital,american capital,,,523920,source,817473,,exact,,,,,,,,,,automatic,cik:817473,Bethesda CDP,2407125,Montgomery County,24031,38.987292,-77.118612,place,"2 Bethesda Metro Center, Bethesda, MD 20814",2016-08-31,2017-01-01,138,unknown,,0,0,1,https://www.dllr.state.md.us/employment/warn.shtml,5624f0e4e86c2b54217914147e0e71f84165e102ced93413eede95a3,011f4cbba4fd30338134fbbf42c106e389cb778e,2026-07-16,2026-07-19
MD,"Finiti Title, LLC",finiti title,,,523140,source,,,,,,,,,,,"CORELOGIC, INC.",36047,,n:finiti title,Columbia CDP,2419125,Howard County,24027,39.201146,-76.85905,place,"7090 Samuel Morse Drive, Columbia, MD 21046",2016-09-01,2016-11-01,100,unknown,,0,0,1,https://www.dllr.state.md.us/employment/warn.shtml,2cfaf34d5ad026d7214b9ece3813e7c0d7f787e101ff90cc2dbe499d,d39ee8ae342a74a8a0776249106012ce51ffb9c4,2026-07-16,2026-07-19
MD,"Adventist Healthcare, Inc.",adventist healthcare,ADVENTIST HEALTHCARE INC,,624310,source,,,,,,521532556,,,,,,,automatic,ein:521532556,Cambridge city,2412400,Dorchester County,24019,38.554063,-76.077116,place,"821 Fieldcrest Rd, Cambridge, MD 21613",2016-09-20,2016-11-30,90,unknown,,0,0,1,https://www.dllr.state.md.us/employment/warn.shtml,7595ab762281ff3672b00c0c4f8504ca045c215c3956b950e917c904,baa1baa1390be1bd1653514fca537edd0d6e79e6,2026-07-16,2026-07-19
MD,"Harte Hanks Marketing, Inc.",harte hanks marketing,,,541613,source,,,,,,,,,,,,,,n:harte hanks marketing,Baltimore city,2404000,Baltimore city,24510,39.300032,-76.610476,place,"4545 Annapolis Rd, Baltimore, MD 21227",2016-09-28,2016-11-18,112,unknown,,0,0,1,https://www.dllr.state.md.us/employment/warn.shtml,cff613b7144866f7566aa5a7c52531dc3e4c7f62c05c1d241fa920e8,d5015bc4500afc7342f804ac98333353a41938ea,2026-07-16,2026-07-19
MD,"Office Paper Systems, Inc.",office paper systems,,,561990,source,,,,,,,,,,,,,,n:office paper systems,Gaithersburg city,2431175,Montgomery County,24031,39.148601,-77.195131,place,"7650 Airpark Road, Gaithersburg, MD 20879",2016-09-28,2016-09-09,29,unknown,,0,0,1,https://www.dllr.state.md.us/employment/warn.shtml,af744c9c1392837a78ce5b5cb8278d241b70f0b2b1b4d03f5af8a263,8a1d02fc7e532f1419d00acfaaf1d21e3085710d,2026-07-16,2026-07-19
MD,"SunEdison, Inc.",sunedison,SunEdison,,221114,source,945436,,exact,3674,Semiconductors & Related Devices,,,,Q946713,cik,VEBA,,automatic,qid:Q946713,Bethesda CDP,2407125,Montgomery County,24031,38.987292,-77.118612,place,"7550 Wisconsin Ave, Bethesda, MD 20814",2016-09-28,2016-09-29,2,unknown,,0,0,1,https://www.dllr.state.md.us/employment/warn.shtml,80b98b25e847318feffa9bdc168e745b05c95a43d84ba7303dc2dac4,865f9e315732f306dccf5b84116db6f1d7043ae0,2026-07-16,2026-07-19
MD,Ameritas Insurance Company,ameritas insurance,,,524113,source,,,,,,,,,,,,,,n:ameritas insurance,Bethesda CDP,2407125,Montgomery County,24031,38.987292,-77.118612,place,"7315 Wisconsin Ave # 1000W, Bethesda, MD 20814",2016-10-25,2016-12-30,94,unknown,,0,0,1,https://www.dllr.state.md.us/employment/warn.shtml,1f81ee6a8ba5b6942663f081edd83a9a9917fea22b440bcaccf42b3d,5d34a4eecaa2dfdfeb8109b3a941bb2afe10c8db,2026-07-16,2026-07-19
MD,"Europ Assistance USA, Inc",europ assistance usa,,,624190,source,,,,,,,,,,,,,,n:europ assistance usa,Bethesda CDP,2407125,Montgomery County,24031,38.987292,-77.118612,place,"4330 East-West Hwy, Bethesda, MD 20814",2016-10-25,2017-01-06,36,unknown,,0,0,1,https://www.dllr.state.md.us/employment/warn.shtml,14062246e21cfc4d2be11597644a04cc2c805c0f241df1500efac111,169d051cfca460ab395662606e8e0d3593f8691c,2026-07-16,2026-07-19
MD,"Simpson Strong-Tie, Inc.",simpson strong tie,,,332722,source,,,,,,,,,,,,,,n:simpson strong tie,Baltimore city,2404000,Baltimore city,24510,39.300032,-76.610476,place,"3100 Falls Cliff Road, Baltimore, MD 21211",2016-11-04,2017-02-28,73,unknown,,0,0,1,https://www.dllr.state.md.us/employment/warn.shtml,bcefa9e9547ae95ec31cd8e7f340038a5b83ff49e5a5ba74752e9eba,30f9c4922e0a25b5f02e57ccbe6172a78bdbb22e,2026-07-16,2026-07-19
MD,Kraft Heinz Foods Company,kraft heinz foods,,,424420,source,46640,,exact,2030,"Canned, Frozen & Preservd Fruit, Veg & Food Specialties",,,,,,,,automatic,cik:46640,Federalsburg town,2427900,Caroline County,24011,38.692265,-75.772465,place,"300 Reliance Ave, Federalsburg, MD 21632",2016-11-11,2017-01-13,73,unknown,,0,0,1,https://www.dllr.state.md.us/employment/warn.shtml,237216f37ba630d844ae9ab00dd41c56019ba2b5c3b814685d2e0230,6fedd787df0648e339879a8f3797199b8779c573,2026-07-16,2026-07-19
MD,"Kenoc Logistic Services, LLC's",kenoc logistic services llc s,,,54187,source,,,,,,,,,,,,,,n:kenoc logistic services llc s,Aberdeen city,2400125,Harford County,24025,39.516403,-76.174518,place,"521 Chelsea Road, Aberdeen, MD 21001",2016-11-21,2017-01-22,115,unknown,,0,0,1,https://www.dllr.state.md.us/employment/warn.shtml,5a72ea1a3b451d62b0e278c49439d862cccded41ffbbe271b1c4dd8c,aae366cccacc050c2db9d126bc705ad97d0f2569,2026-07-16,2026-07-19
MD,Transamerica Life Insurance Company,transamerica life insurance,,,524113,source,1164098,,exact,,,,,,,,,,automatic,cik:1164098,Baltimore city,2404000,Baltimore city,24510,39.300032,-76.610476,place,"100 Light St, Baltimore, MD 21202",2016-12-02,2017-02-03,25,unknown,,0,0,1,https://www.dllr.state.md.us/employment/warn.shtml,5617ea62d3918f0e2d84e51321afbd270547cefb86e289df1b20a7d1,9725568757c27da0601835fa97a1c491dbd53b4a,2026-07-16,2026-07-19
MD,"CoreLogic, Inc.",corelogic,CoreLogic,,561110,source,36047,,exact,7374,Services-Computer Processing & Data Preparation,,,,Q5170137,cik,,,automatic,qid:Q5170137,Columbia CDP,2419125,Howard County,24027,39.201146,-76.85905,place,"7090 Samuel Morse Dr, Columbia, MD 21046",2016-12-07,2017-02-07,10,unknown,,0,0,1,https://www.dllr.state.md.us/employment/warn.shtml,afe3da6d451ecfe10e682966e79c5e02f2cec29836391c1c690057da,3134e883593bc6896ce9fedb70e5977badf4018a,2026-07-16,2026-07-19
MD,The Kane Company,kane,,,484122,source,,,,,,,,,,,,,,n:kane,Elkridge CDP,2425750,Howard County,24027,39.195483,-76.741082,place,"6500 Kane Way, Elkridge, MD 21075",2016-12-13,2016-12-09,900,unknown,,0,0,1,https://www.dllr.state.md.us/employment/warn.shtml,0acfcedf74230f4a5783603885e2414a9bdad02c98930583ec5dbf7e,432a45a6b1a704cd6346512157aa3464182502c9,2026-07-16,2026-07-19
MD,Comcast,comcast,Comcast,,517919,source,1166691,CMCSA,exact,4841,Cable & Other Pay Television Services,,,,Q1113804,cik,,,automatic,qid:Q1113804,Capitol Heights town,2413000,Prince George's County,24033,38.876687,-76.907569,place,"8700 B Ritchie Drive, Capitol Heights, MD 20743",2017-01-18,2017-07-14,90,unknown,,0,0,1,https://www.dllr.state.md.us/employment/warn.shtml,1ef7ba34d6a39a63d6e612f7239bef454ed3138e6e23442bf2e3f8a1,e49cac01211d9e5fd8050a8d069a30b95a4cc966,2026-07-16,2026-07-19
MD,Whole Foods Market,whole foods market,Whole Foods Market,,445110,source,865436,,exact,5411,Retail-Grocery Stores,,,,Q1809448,cik,Amazon,,automatic,qid:Q1809448,Landover CDP,2445325,Prince George's County,24033,38.924395,-76.887604,place,"1521 Cabin Branch Rd, Landover, MD 20785",2017-01-20,2017-02-12,136,unknown,,0,0,1,https://www.dllr.state.md.us/employment/warn.shtml,64eae437cfb9c64388060bebe4a48b7c48dffed03880673ecf18d9d0,46f1ace918909fceb66e9ca818ebfbcc573ce281,2026-07-16,2026-07-19
MD,Good Shepherd Services,good shepherd services,,,624210,source,,,,,,,,,,,,,,n:good shepherd services,Baltimore city,2404000,Baltimore city,24510,39.300032,-76.610476,place,"4100 Maple Ave, Baltimore, MD 21227",2017-02-16,2017-04-17,230,unknown,,0,0,1,https://www.dllr.state.md.us/employment/warn.shtml,6c21ae3a8fc5be3d7e0b133af2a316e4787dc4534f4f5940f44910cb,fbe093ebc7eafef52a5bb92553664a8bd29bf82c,2026-07-16,2026-07-19
MD,idX,idx,,,337000,source,1544708,,exact,,,,,,,,,,automatic,cik:1544708,Columbia CDP,2419125,Howard County,24027,39.201146,-76.85905,place,"8901 Snowden River Pkwy, Ste. 100, Columbia, MD 21046",2017-02-22,2017-05-01,68,unknown,,0,0,1,https://www.dllr.state.md.us/employment/warn.shtml,420fafc942b8494d6a0ec407f141e01f36f85920c46410ede5843a9a,eb698a1c0b9ae607f63977e0470bb2baf1e0b15f,2026-07-16,2026-07-19
MD,"Cempra, Inc.",cempra,,,325411,source,1461993,,exact,2834,Pharmaceutical Preparations,,,,,,,,automatic,cik:1461993,,,,,,,,"6320 Quadrangle Drive, Ste. 360, Chapel Hill, NC 27517",2017-02-27,2017-03-01,1,unknown,,0,0,1,https://www.dllr.state.md.us/employment/warn.shtml,93be97f9e9fe54ac583d4652612c97fe70126934aed3f94786671919,6df057b9d880f3c01549f8e4086485ca419c9c58,2026-07-16,2026-07-19
MD,"HealthStream, Inc.",healthstream,,,611430,source,1095565,HSTM,exact,7370,"Services-Computer Programming, Data Processing, Etc.",,,,,,,,automatic,cik:1095565,Laurel city,2445900,Prince George's County,24033,39.095075,-76.861245,place,"7710 Montpelier Road, Laurel, MD 20723",2017-03-01,2017-04-30,134,unknown,,0,0,1,https://www.dllr.state.md.us/employment/warn.shtml,5ef71f4fe074b887abde03d58614b203e1e553d3073c7559a89c52d9,54c32dd49bb6c36268609d0cadb70c94446b1324,2026-07-16,2026-07-19
MD,"HHGregg, Inc.",hhgregg,Hhgregg,,443141,source,1396279,,exact,5731,"Retail-Radio, Tv & Consumer Electronics Stores",,,,Q5750102,cik,,,automatic,qid:Q5750102,Brandywine CDP,2409325,Prince George's County,24033,38.682077,-76.885314,place,"14301 Mattawoman Drive, Brandywine, MD 20613",2017-03-02,2017-04-30,63,unknown,,0,0,1,https://www.dllr.state.md.us/employment/warn.shtml,7a6ede23f6a4c42e94964e9abb012ffe6adf0b412e89dec609e30aeb,778b7627e117157ac3b1a0d668840c2813d37f2c,2026-07-16,2026-07-19
MD,Canam Steel Corportation,canam steel corportation,,,332312,source,,,,,,,,,,,,,,n:canam steel corportation,Point of Rocks CDP,2462575,Frederick County,24021,39.278194,-77.529101,place,"4010 Clay Street, Point of Rocks, MD 21777",2017-03-09,2017-03-10,80,unknown,,0,0,1,https://www.dllr.state.md.us/employment/warn.shtml,d7bb5827f00cff2702a1c35adfe8ff56ebc9fdeaec8b3d9f53020056,8ca33762bf19f83d0539286d8712a9f32696ebf0,2026-07-16,2026-07-19
MD,Dollar Express,dollar express,,,453998,source,1100731,,exact:post-era,5900,Retail-Miscellaneous Retail,,,,,,,,automatic,cik:1100731,,,,,,,,"2201 Varnum St, Mt. Rainer, MD 20712",2017-03-20,2017-06-30,11,unknown,,0,0,1,https://www.dllr.state.md.us/employment/warn.shtml,72995536cc7640805cd12ca013dad4f1f53d0342fcb67ad7828bc934,4f41be9167ad7343322ef65910e2020a08646bf0,2026-07-16,2026-07-19
MD,Dollar Express,dollar express,,,453998,source,1100731,,exact:post-era,5900,Retail-Miscellaneous Retail,,,,,,,,automatic,cik:1100731,Baltimore city,2404000,Baltimore city,24510,39.300032,-76.610476,place,"3824 Eastern Ave, Baltimore, MD 21224",2017-03-30,2017-06-30,7,unknown,,0,0,1,https://www.dllr.state.md.us/employment/warn.shtml,f2c12c3e48d06685f650b7eed467f606abd2cd1b20061d7b28b81697,1e9fc09d119d1a460079c60e9b6f5351a6300e04,2026-07-16,2026-07-19
MD,Dollar Express,dollar express,,,453998,source,1100731,,exact:post-era,5900,Retail-Miscellaneous Retail,,,,,,,,automatic,cik:1100731,Capitol Heights town,2413000,Prince George's County,24033,38.876687,-76.907569,place,"9115 Central Ave, Capitol Heights, MD 20743",2017-03-30,2017-06-30,13,unknown,,0,0,1,https://www.dllr.state.md.us/employment/warn.shtml,4d81d8240990cc3a2663865b72c5fda437b530a0d413cccd17322c00,2cc7c491717c43f739800cea1e22cfe6e1fa71df,2026-07-16,2026-07-19
MD,Dollar Express,dollar express,,,453998,source,1100731,,exact:post-era,5900,Retail-Miscellaneous Retail,,,,,,,,automatic,cik:1100731,Silver Spring CDP,2472450,Montgomery County,24031,39.002441,-77.020791,place,"13817 Outlet Dr, Silver Spring, MD 20904",2017-03-30,2017-06-30,13,unknown,,0,0,1,https://www.dllr.state.md.us/employment/warn.shtml,2b9358b2db16f520f59d982c3f365b00841a0c60bf2a127039d35fc3,6e1b242ce04594f1e3f2f1ce4d5c6e76e73ddc0a,2026-07-16,2026-07-19
MD,Dollar Express,dollar express,,,453998,source,1100731,,exact:post-era,5900,Retail-Miscellaneous Retail,,,,,,,,automatic,cik:1100731,Temple Hills CDP,2477100,Prince George's County,24033,38.810549,-76.949477,place,"3265 Brinkley Rd, Temple Hills, MD 20748",2017-03-30,2017-06-30,7,unknown,,0,0,1,https://www.dllr.state.md.us/employment/warn.shtml,f9d582be0874060ac12a054ec7df647017b650d8da94bb0cb538b876,7328aa038001be925d47faa567039608b8ad198a,2026-07-16,2026-07-19
MD,Dollar Express,dollar express,,,453998,source,1100731,,exact:post-era,5900,Retail-Miscellaneous Retail,,,,,,,,automatic,cik:1100731,Baltimore city,2404000,Baltimore city,24510,39.300032,-76.610476,place,"5900 Reistertown Rd, Baltimore, MD 21215",2017-03-30,2017-06-30,13,unknown,,0,0,1,https://www.dllr.state.md.us/employment/warn.shtml,73be0fd62bbe943371bdc72cba39f72436df1d12071af97d11e2c6b4,799299308feb1f0ad74ca9875f1e4d3835120fd0,2026-07-16,2026-07-19
MD,Dollar Express,dollar express,,,453998,source,1100731,,exact:post-era,5900,Retail-Miscellaneous Retail,,,,,,,,automatic,cik:1100731,Baltimore city,2404000,Baltimore city,24510,39.300032,-76.610476,place,"4206 Frankford Ave, Baltimore, MD 21206",2017-03-30,2017-06-30,15,unknown,,0,0,1,https://www.dllr.state.md.us/employment/warn.shtml,6a01e6c99b8961749bbf88856f410eba15b6d4f63c59afedb2329e36,91bdc0653406359825ddaaa52436a46045c196cd,2026-07-16,2026-07-19
MD,Dollar Express,dollar express,,,453998,source,1100731,,exact:post-era,5900,Retail-Miscellaneous Retail,,,,,,,,automatic,cik:1100731,Lanham CDP,2445550,Prince George's County,24033,38.962124,-76.839173,place,"9347 Annapolis Rd, Lanham, MD 20706",2017-03-30,2017-06-30,8,unknown,,0,0,1,https://www.dllr.state.md.us/employment/warn.shtml,8ca4844cc6db92d5318fbb69dd29dac6b79e8061d237887c674ca592,ac76dc370632919433603f459a183cdf7060712d,2026-07-16,2026-07-19
MD,Dollar Express,dollar express,,,453998,source,1100731,,exact:post-era,5900,Retail-Miscellaneous Retail,,,,,,,,automatic,cik:1100731,Baltimore city,2404000,Baltimore city,24510,39.300032,-76.610476,place,"2429 Frederick Ave, Baltimore, MD 21223",2017-03-30,2017-06-30,16,unknown,,0,0,1,https://www.dllr.state.md.us/employment/warn.shtml,facae2a22337b99489180ee4ffd7b0aae11b95339653bdebe6ebc400,c99aa2030712179a37bc9647c5dea94464f378b2,2026-07-16,2026-07-19
MD,Dollar Express,dollar express,,,453998,source,1100731,,exact:post-era,5900,Retail-Miscellaneous Retail,,,,,,,,automatic,cik:1100731,Salisbury city,2469925,Wicomico County,24045,38.375328,-75.585925,place,"234 Tilghman Rd, Salisbury, MD 21804",2017-03-30,2017-06-30,5,unknown,,0,0,1,https://www.dllr.state.md.us/employment/warn.shtml,063d0ad96faaf53eb16e74600a1102849efbe7ca9a226493cb09cbe1,ce3568d92f1a7b42f1b62ff6059e5a39422cbed7,2026-07-16,2026-07-19
MD,Dollar Express,dollar express,,,453998,source,1100731,,exact:post-era,5900,Retail-Miscellaneous Retail,,,,,,,,automatic,cik:1100731,Oxon Hill CDP,2459500,Prince George's County,24033,38.788793,-76.971864,place,"5110 Indian Head Hwy, Oxon Hill, MD 20745",2017-03-30,2017-06-30,22,unknown,,0,0,1,https://www.dllr.state.md.us/employment/warn.shtml,1257d3d5adb618f991b4509d6ca7127347d5eded1d5d5a27922dde24,fa2db46c8ae81cb2688f7f7b95ff1514ae35dd3d,2026-07-16,2026-07-19
MD,"First Transit, Inc.",first transit,,,485990,source,,,,,,,,,,,,,,n:first transit,,,,,,,,"10745 DeMarr Road, White Plains, MD 20695",2017-05-02,2017-07-01,77,unknown,,0,0,1,https://www.dllr.state.md.us/employment/warn.shtml,c1e4d87466dca766a25863a94f97e7183bd690a31c9581f00db2741b,f2665aa8f7c9912ef61c933c405b603ab5378fad,2026-07-16,2026-07-19
MD,"Kaydon Ring & Seal, Inc.",kaydon ring seal,,,331420,source,,,,,,,,,,,,,,n:kaydon ring seal,Baltimore city,2404000,Baltimore city,24510,39.300032,-76.610476,place,"1600 Wicomico St, Baltimore, MD 21230",2017-05-17,2017-07-17,217,unknown,,0,0,1,https://www.dllr.state.md.us/employment/warn.shtml,a97d486dee76a6f83c9cd8909cce02386dd4885e9c8d23e01c221829,2de346900c05c25a56c010dd066ed6f9fa1fd61f,2026-07-16,2026-07-19
MD,Kellogg Company,kellogg,Kellanova,,311999,source,55067,,exact,2040,Grain Mill Products,,,,Q856897,cik,,,automatic,qid:Q856897,Hagerstown city,2436075,Washington County,24043,39.640182,-77.722691,place,"11841 Newgate Blvd, Hagerstown, MD 21740",2017-05-26,2017-07-29,76,unknown,,0,0,1,https://www.dllr.state.md.us/employment/warn.shtml,ced33ce5bb087cd2b6fa541841242a0e0ad962f6b9bb5f1d3a44222f,500dd75c6e5c44889e58a460ca5633a5f3f902a4,2026-07-16,2026-07-19
MD,Inovalon,inovalon,Inovalon,,541511,source,1619954,,suffix,7374,Services-Computer Processing & Data Preparation,,,,Q6036711,cik,,,automatic,qid:Q6036711,Columbia CDP,2419125,Howard County,24027,39.201146,-76.85905,place,"7120 Samuel Morse Drive, Columbia, MD 21046",2017-06-07,2017-07-10,113,unknown,,0,0,1,https://www.dllr.state.md.us/employment/warn.shtml,81a20b40b41653b9203ee3d4f376ed467dd8f58e0ae565b28f7aa5cc,68ad9cc1c77d22dab3511c95dec3d2e0f7f14139,2026-07-16,2026-07-19
MD,NMS Healthcare of Hagerstown.,nms healthcare of hagerstown,,,623110,source,,,,,,,,,,,,,,n:nms healthcare of hagerstown,Hagerstown city,2436075,Washington County,24043,39.640182,-77.722691,place,"14014 Marsh Pike, Hagerstown, MD 21742",2017-06-29,2017-06-30,150,unknown,,0,0,1,https://www.dllr.state.md.us/employment/warn.shtml,4ac790fffd05ca2481e5403e762815e1cddca7bf876e189dcef9a6fb,eeb6c36aa3ffdbd7d46828733d9499231d1c2850,2026-07-16,2026-07-19
MD,Locke Insulators,locke insulators,,,541618,source,,,,,,,,,,,,,,n:locke insulators,Baltimore city,2404000,Baltimore city,24510,39.300032,-76.610476,place,"2525 Insulator Dr, Baltimore, MD 21230",2017-07-10,2017-09-08,107,unknown,,0,0,1,https://www.dllr.state.md.us/employment/warn.shtml,8633d6252103486c8a334ae2953154ac1335ddc3e94f092571878165,72331ea3c816ecb0880fdedd318dc85dfef13ad6,2026-07-16,2026-07-19
MD,Direct Energy,direct energy,"DIRECT ENERGY, LP",,221118,source,,,,,,,,54930004WB32WMJUMH55,,,,,automatic,lei:54930004WB32WMJUMH55,Columbia CDP,2419125,Howard County,24027,39.201146,-76.85905,place,"7101 Riverwood Drive, Columbia, MD 21046",2017-07-25,2017-09-12,108,unknown,,0,0,1,https://www.dllr.state.md.us/employment/warn.shtml,f9f2235a64090eb06a29fe596eb3e5b9cb5802bd1002821bbf4dabef,4c089e1e1c14cb352c884aedc2f520f3b0c52d51,2026-07-16,2026-07-19
MD,Volvo Group North America,volvo group north america,,,423120,source,,,,,,,,,,,,,,n:volvo group north america,Elkridge CDP,2425750,Howard County,24027,39.195483,-76.741082,place,"7101 Troy Hill Drive Elkridge, MD 21075",2017-07-27,2017-07-28,30,unknown,,0,0,1,https://www.dllr.state.md.us/employment/warn.shtml,d3c64c7c93c66e883d0f43ffd1be90a96351f7ba8d290eaab20840bd,4a961ce72b0865cf2109022d8358d632aeb90a2b,2026-07-16,2026-07-19
MD,First Potomac Realty Trust,first potomac realty trust,,,531210,source,1254595,,exact,6798,Real Estate Investment Trusts,,,,,,,,automatic,cik:1254595,Columbia CDP,2419125,Howard County,24027,39.201146,-76.85905,place,"10320 Little Patuxent Parkway, Suite 600, Columbia, MD 21044",2017-07-28,2017-10-01,22,unknown,,0,0,1,https://www.dllr.state.md.us/employment/warn.shtml,0c1821eafe63841953cf73b49c7fef29661774f9db7930cc5641dd8b,b2f294083675f1a3580001de32f4053ee5fd2a68,2026-07-16,2026-07-19
MD,First Potomac Realty Trust,first potomac realty trust,,,531110,source,1254595,,exact,6798,Real Estate Investment Trusts,,,,,,,,automatic,cik:1254595,Bethesda CDP,2407125,Montgomery County,24031,38.987292,-77.118612,place,"7600 Wisconsin Ave, Bethesda, MD 20814",2017-07-28,2017-10-01,50,unknown,,0,0,1,https://www.dllr.state.md.us/employment/warn.shtml,16682d7ccc6240406276f2489cb6e9e3eb66e58a63358775e0a36c13,c275a6a99593511ac800a06cea7ef7c48a1feb8c,2026-07-16,2026-07-19
MD,OrderUp (a subsidiary of Groupon),orderup a subsidiary of groupon,,,443142,source,1617511,,exact:post-era:base,,,,,,,,,,automatic,cik:1617511,Baltimore city,2404000,Baltimore city,24510,39.300032,-76.610476,place,"2400 Boston St, 2nd Floor, Baltimore, MD 21224",2017-08-01,2017-09-30,70,unknown,,0,0,1,https://www.dllr.state.md.us/employment/warn.shtml,a004cba2065cc1fb98b2d00368993b6e4c96f614c1afb1559f46a18d,1f58de52d9e2ecc6da4d4ecbc661c30a1dcb5b37,2026-07-16,2026-07-19
MD,"Fibrwrap Construction Services, Inc.",fibrwrap construction services,,,236115,source,,,,,,,,,,,,,,n:fibrwrap construction services,Baltimore city,2404000,Baltimore city,24510,39.300032,-76.610476,place,"709 East Ordnance Road, Baltimore, MD 21226",2017-08-10,2017-08-01,31,unknown,,0,0,1,https://www.dllr.state.md.us/employment/warn.shtml,86c095e08bf9d69ecd082c985d6d2883273f700e852c030cceeed05c,19b974595d84504b4e9777c1b2a1cc8d353a2f2b,2026-07-16,2026-07-19
MD,McArdle Printing Company,mcardle printing,,,323111,source,,,,,,,,,,,,,,n:mcardle printing,Upper Marlboro town,2479875,Prince George's County,24033,38.816495,-76.75367,place,"800 Commerce Drive, Upper Marlboro, MD 20774",2017-08-10,2017-09-30,77,unknown,,0,0,1,https://www.dllr.state.md.us/employment/warn.shtml,38a0d473d280078d2bb7a39a25d7c59058d4990b0bb57b4e2027b558,2047b3fe2bfdb31bba0ce1192b41bfaf7f341cd8,2026-07-16,2026-07-19
MD,"APTIM Services, LLC",aptim services,,,561720,source,,,,,,,,,,,,,,n:aptim services,Lusby CDP,2448800,Calvert County,24009,38.362356,-76.437915,place,"Calvert Cliffs Nuclear Station,1560 Calvert Cliffs Pkwy, Lusby, MD 20657",2017-08-17,2017-08-18,36,unknown,,0,0,1,https://www.dllr.state.md.us/employment/warn.shtml,95a63662f3d9105d6281e0464bc43f96083476c79f7cfc79df3d53dd,b92658a6901a787f9851037dbe7cf7f34c7991a1,2026-07-16,2026-07-19
MD,"Lutech Resources, Inc.",lutech resources,,,561311,source,,,,,,,,,,,,,,n:lutech resources,Lusby CDP,2448800,Calvert County,24009,38.362356,-76.437915,place,"Calvert Cliffs Nuclear Station,1560 Calvert Cliffs Pkwy, Lusby, MD 20657",2017-08-23,2017-08-18,36,unknown,,0,0,1,https://www.dllr.state.md.us/employment/warn.shtml,6061daf3f4f50b9f773f4dd17f8f9f2b78c2161aa6c6de5aacb3ca00,ab581c57615af8925ee5e0cf045c9e127a9916ed,2026-07-16,2026-07-19
MD,Triumph Thermal Systems dba Triumph Electronics Control,triumph thermal systems dba triumph electronics control,,,236118,source,1477390,,exact:base,,,,,,,,,,automatic,cik:1477390,Frederick city,2430325,Frederick County,24021,39.434089,-77.414539,place,"540 Highland Street, Frederick, MD 21701",2017-08-28,2017-12-01,96,unknown,,0,0,1,https://www.dllr.state.md.us/employment/warn.shtml,833dc072a4b55d667984563d8b312a78096a6e272335ab5efde3e6d3,e44fe8c41667966e3075af9fb297b2e4679a3f5c,2026-07-16,2026-07-19
MD,"Charles River Laboratories, Inc.",charles river laboratories,Charles River Laboratories,,621511,source,1100682,CRL,listed-extension,8731,Services-Commercial Physical & Biological Research,,,,Q5082076,cik,,,automatic,qid:Q5082076,Frederick city,2430325,Frederick County,24021,39.434089,-77.414539,place,"8501 Progress Drive, Frederick, MD 21701",2017-11-13,2018-03-01,57,unknown,,0,0,1,https://www.dllr.state.md.us/employment/warn.shtml,141997c4e51504af8a19361bc1bdc46792b5574ec7a85ec5a4d1f3a1,18ef0dbf84183e7911b89f54ce2badb488318420,2026-07-16,2026-07-19
MD,Lord & Taylor,lord taylor,Lord & Taylor,,452210,source,,,,,,,,,Q2749082,label,,,automatic,qid:Q2749082,Annapolis city,2401600,Anne Arundel County,24003,38.972152,-76.505332,place,"1600 Annapolis Mall Road, Annapolis, MD 21401",2017-11-16,2018-04-15,141,unknown,,0,0,1,https://www.dllr.state.md.us/employment/warn.shtml,a5e394a7b908fac5c299551140be8a73028cca4160238dbef6fcdb20,1de801e2db5cecdc3c1868dcdf808cdb4a07f338,2026-07-16,2026-07-19
MD,First Guaranty Mortgage Corporation,first guaranty mortgage,First Guaranty Mortgage Corporation,,522390,source,,,,,,,,549300MMIZD8222YV754,,,,,automatic,lei:549300MMIZD8222YV754,Frederick city,2430325,Frederick County,24021,39.434089,-77.414539,place,"5280 Corporate Drive, Suite B200, Frederick, MD 21703",2017-11-27,2018-01-31,82,unknown,,0,0,1,https://www.dllr.state.md.us/employment/warn.shtml,3a1ab8a756a8c794633ed9621b59352d4bb46c97fe206975587521e5,68d79847c4ac5a98b76048940f9a0532830c363a,2026-07-16,2026-07-19
MD,The Bon-Ton Stores Inc.,bon ton stores,,,452210,source,878079,,exact,5311,Retail-Department Stores,,,,,,,,automatic,cik:878079,Hagerstown city,2436075,Washington County,24043,39.640182,-77.722691,place,"17301 Valley Mall Road, Hagerstown, MD 21740",2017-11-27,2018-02-22,47,unknown,,0,0,1,https://www.dllr.state.md.us/employment/warn.shtml,e089210879f4626aa6068f75a96b5ee935bf61e3d358b2d30a2652ee,3fd52cafad7dce81b3093f116c377ad5a39c3070,2026-07-16,2026-07-19
MD,Lockheed Martin Aeronautics Division,lockheed martin aeronautics division,,,336411,source,,,,,,,,,,,,,,n:lockheed martin aeronautics division,,,,,,,,"3136 Peary Road , Patuxent River, MD 20670",2018-01-09,2018-03-09,20,unknown,,0,0,1,https://www.dllr.state.md.us/employment/warn.shtml,7c8c9e25a35f5e732c718f36abb9fe09c5e54ed46beec22a1bdae943,f0dde2438ea546233844d5b42b60df49f37fc500,2026-07-16,2026-07-19
MD,Constellation,constellation,,,221118,source,,,,,,,,,,,,,,n:constellation,Baltimore city,2404000,Baltimore city,24510,39.300032,-76.610476,place,"1310 Point Street, Baltimore, MD 21231",2018-01-10,2017-12-31,25,unknown,,0,0,1,https://www.dllr.state.md.us/employment/warn.shtml,a3ffb633b745bc8a92106c4b8ab50a0b0b6791604ba090fb90fa7a01,d34b830ab282087f1185742702588d261c9d8163,2026-07-16,2026-07-19
MD,Sam's Club #4766,sam s club 4766,Sam's Club,,452910,source,,,,,,,,,Q1972120,label,,,automatic,qid:Q1972120,Owings Mills CDP,2459425,Baltimore County,24005,39.410494,-76.789371,place,"9760 Reistertown Rd, Owings Mills, MD 21117",2018-01-11,2018-04-13,169,unknown,,0,0,1,https://www.dllr.state.md.us/employment/warn.shtml,402f39d44284a8e787c155676ff5949c6a26b4b1957ac02c0806707e,a32a320f7f0b9f2b703a2455a80647413a8e6e24,2026-07-16,2026-07-19
MD,"CBAC Borrower, LLC d/b/a Horseshoe Baltimore",cbac borrower llc d b a horseshoe baltimore,,,713210,source,,,,,,,,,,,,,,n:cbac borrower,Baltimore city,2404000,Baltimore city,24510,39.300032,-76.610476,place,"1525 Russell Street, Baltimore, MD 21230",2018-01-19,2018-02-25,91,unknown,,0,0,1,https://www.dllr.state.md.us/employment/warn.shtml,b376f7bcf673a4275cb5c4659d6e16e86b41d5095fa8eb056b1aea68,6a964adbf570b6c382aa719290825afc0e57e3f3,2026-07-16,2026-07-19
MD,"Compass Group, USA Inc.",compass group usa,,,561110,source,1317627,,fuzzy:0.95,,,,,,,,,,automatic,cik:1317627,White Marsh CDP,2484350,Baltimore County,24005,39.381546,-76.45842,place,"10301 Philadelphia Road, White Marsh, MD 21162",2018-02-01,2018-04-01,5,unknown,,0,0,1,https://www.dllr.state.md.us/employment/warn.shtml,026caf9aa0e2cb7b3affcac58a7ba2a110ad7c42456029a459263a06,d2ca20bc89c3e9969065bcfbfda7a0cbcd234d84,2026-07-16,2026-07-19
MD,Transamerica Life Insurance Company,transamerica life insurance,,,524210,source,1164098,,exact,,,,,,,,,,automatic,cik:1164098,Baltimore city,2404000,Baltimore city,24510,39.300032,-76.610476,place,"100 Light Street, Baltimore, MD 21202",2018-02-14,2018-04-14,55,unknown,,0,0,1,https://www.dllr.state.md.us/employment/warn.shtml,1fbdd3e3adc9585a9d03207b085d9e0d40c589c000d3ddf19dd7e58d,fb2c8309e7d652811635b35dc0fef2065a32a252,2026-07-16,2026-07-19
MD,Cenveo Corp. Port City Press,cenveo corp port city press,,,323111,source,,,,,,,,,,,,,,n:cenveo corp port city press,Baltimore city,2404000,Baltimore city,24510,39.300032,-76.610476,place,"1323 Greenwood Rd. Baltimore, MD 21208",2018-03-05,2018-03-05,113,unknown,,0,0,1,https://www.dllr.state.md.us/employment/warn.shtml,fd3149a3225de868b1fbd05957112f3b93442807aa45858cdbdb7602,9e4e176a85086941c2ff2a0d68de453cb7731b27,2026-07-16,2026-07-19
MD,"Ameritox, LLC",ameritox,,,541110,source,,,,,,,,,,,,,,n:ameritox,Columbia CDP,2419125,Howard County,24027,39.201146,-76.85905,place,"7090 Samuel Morse Drive, Suite 300, Columbia, MD 21046",2018-03-06,2018-05-04,99,unknown,,0,0,1,https://www.dllr.state.md.us/employment/warn.shtml,dbcf30f7c4c102b4455885ff4c4d037644dd183dec3f8bae55ae9630,c636922162c93df96e477f6f1d6d6ba1a5a8e024,2026-07-16,2026-07-19
MD,"Nantomics, LLC",nantomics,,,621511,source,1631644,,exact:post-era,,,,,,,,,,automatic,cik:1631644,,,,,,,,"9600 Medical Center Dr #300 Rockville, MD 20850",2018-03-07,2018-05-08,52,unknown,,0,0,1,https://www.dllr.state.md.us/employment/warn.shtml,cbbe0bbc277717f37c93dd76c96b035a488457b3f06bf51ae73cfb39,7d89eeb3036ce876a0db879f69c641c84c49e7e8,2026-07-16,2026-07-19
MD,"Kane Freight Lines, Inc.",kane freight lines,,,488510,source,,,,,,,,,,,,,,n:kane freight lines,Hagerstown city,2436075,Washington County,24043,39.640182,-77.722691,place,"14557 Industrial Drive Hagerstown, MD 21740",2018-03-09,2018-05-31,53,unknown,,0,0,1,https://www.dllr.state.md.us/employment/warn.shtml,ce3f306b1ef2b7bf1a047f6b154a872cc99a86a371c71a9b2a4923c6,a266eb41344d013a0766400f0ce5ae605c5a7e22,2026-07-16,2026-07-19
MD,Cintas Corporation,cintas,Cintas,,812331,source,723254,CTAS,exact,2320,"Men's & Boys' Furnishgs, Work Clothg, & Allied Garments",,,,Q1092571,cik,,,automatic,qid:Q1092571,Laurel city,2445900,Prince George's County,24033,39.095075,-76.861245,place,"136 Lafayette Avem, Laurel, MD 20707",2018-03-23,2018-03-30,47,unknown,,0,0,1,https://www.dllr.state.md.us/employment/warn.shtml,f68241937ec315580ba4fa7e5c07b9fd1e82efb76ffa08a042252baa,aa4e33d8cb1052319e2306befa414bc224667aae,2026-07-16,2026-07-19
MD,The Lash Group LLC,lash group,,,621111,source,1161219,,exact:post-era,,,,,,,,,,automatic,cik:1161219,Rockville city,2467675,Montgomery County,24031,39.083666,-77.155585,place,"9715 Key West Avenue Rockville, MD 20850",2018-03-23,2018-06-01,250,unknown,,0,0,1,https://www.dllr.state.md.us/employment/warn.shtml,2a69188025123a678381e4905ebded8ec666c7b0c86d3471502b5062,886ecadca3556c1a81f5a8bbe6461bddbe081b63,2026-07-16,2026-07-19
MD,Towson University Marriott Conference Hotel,towson university marriott conference hotel,,,721110,source,,,,,,,,,,,,,,n:towson university marriott conference hotel,Towson CDP,2478425,Baltimore County,24005,39.39421,-76.617751,place,"10 Burke Ave, Towson, MD 21204",2018-04-09,2018-06-30,60,unknown,,0,0,1,https://www.dllr.state.md.us/employment/warn.shtml,aeb326d0f755fcd31aff5662fed5da0a8d3d68101dd62d4d96abd291,24eec77214f97dd2e872387d4c9b963011f4958f,2026-07-16,2026-07-19
MD,First Transit,first transit,,,485111,source,,,,,,,,,,,,,,n:first transit,Gaithersburg city,2431175,Montgomery County,24031,39.148601,-77.195131,place,"8210 Beechcraft Avenue Gaithersburg, MD 20879",2018-05-07,2018-07-01,221,unknown,,0,0,1,https://www.dllr.state.md.us/employment/warn.shtml,eb3e4de8bd1af097ade247efc20196b65e46d3c3ded5a4e5c02f5961,fa7a8dcfa65d5ffc0ba42f92bce5fe2da07f9c90,2026-07-16,2026-07-19
MD,Howard Bank,howard bank,,,522110,source,,,,,,,,,,,,,,n:howard bank,Ellicott City CDP,2426000,Howard County,24027,39.276691,-76.833952,place,"8820 Columbia 100 Parkway, Suite 400, Ellicott City, MD 21045",2018-05-08,2018-06-29,25,unknown,,0,0,1,https://www.dllr.state.md.us/employment/warn.shtml,db948826636afd52e900c66efee3f458eaa4aa07936640d49602887b,82d80ac631c484b6b40629a9618c4dd1bcefcc18,2026-07-16,2026-07-19
MD,Peoples Bank & Trust Co.,peoples bank trust,,,522110,source,,,,,,,,,,,,,,n:peoples bank trust,Owings Mills CDP,2459425,Baltimore County,24005,39.410494,-76.789371,place,"90 Painters Mill Road, STE210-215, STE 200, Owings Mills, MD 21117",2018-05-25,2018-07-27,82,unknown,,0,0,1,https://www.dllr.state.md.us/employment/warn.shtml,de177a5dee38b563c34df6752bc79ea5ccb385482158ebc55df4514b,2edfa91e2d34c66ee5edb27158bb8b52b38c796b,2026-07-16,2026-07-19
MD,AECOM,aecom,AECOM,,334220,source,868857,ACM,exact,8711,Services-Engineering Services,,,,Q2825507,cik,,,automatic,qid:Q2825507,Germantown CDP,2432025,Montgomery County,24031,39.174252,-77.263754,place,"20501 Seneca Meadows Parkway Germantown, MD 20876",2018-06-08,2018-07-27,173,unknown,,0,0,1,https://www.dllr.state.md.us/employment/warn.shtml,8fdf418c3c7ca13f0a3f0f1bb6f947f184c5bde1e7314eb1ad98470a,a44318490e601cc37272cea362d5d2ce21f1ad49,2026-07-16,2026-07-19
MD,"PESYSTEMS, INC.",pesystems,,,541511,source,,,,,,,,,,,,,,n:pesystems,Andrews AFB CDP,2401450,Prince George's County,24033,38.809803,-76.869158,place,"1535 Command Drive Andrews AFB, MD 20762",2018-06-12,2018-08-10,4,unknown,,0,0,1,https://www.dllr.state.md.us/employment/warn.shtml,ba802808bb6d91f74c9d786d65476b430d23b4f9e2d89fdcf56b588e,bbcd917b9519af63eebc03d39082805abb8ff0bf,2026-07-16,2026-07-19
MD,"Inovalon, Inc.",inovalon,Inovalon,,541720,source,1619954,,suffix,7374,Services-Computer Processing & Data Preparation,,,,Q6036711,cik,,,automatic,qid:Q6036711,Columbia CDP,2419125,Howard County,24027,39.201146,-76.85905,place,"7120 Samuel Morse Drive, Columbia, MD 21046",2018-06-15,2018-08-17,70,unknown,,0,0,1,https://www.dllr.state.md.us/employment/warn.shtml,044a43697ba29959bf1716d39dc04875fc90e8578e3545b3c3fe91f2,d5f7306a93380ab56223314ac735cf9d9c2a1271,2026-07-16,2026-07-19
MD,Wells Fargo & Company,wells fargo,Wells Fargo,,523930,source,72971,WFC,exact,6021,National Commercial Banks,,,,Q744149,cik,,,automatic,qid:Q744149,Frederick city,2430325,Frederick County,24021,39.434089,-77.414539,place,"8480 Stagecoach Circle Frederick, MD 21701",2018-06-22,2018-08-19,61,unknown,,0,0,1,https://www.dllr.state.md.us/employment/warn.shtml,5542b322292accac5b0d301a32b9b4ac32315b51eb58aeb69393d052,df86df852faf3586d293e3d9b3d49264ab173a8f,2026-07-16,2026-07-19
MD,CoStar Group,costar group,CoStar Group,,531210,source,1057352,CSGP,exact,7389,"Services-Business Services, NEC",,,,Q16988748,cik,,,automatic,qid:Q16988748,Columbia CDP,2419125,Howard County,24027,39.201146,-76.85905,place,"7120 Samuel Morse Drive, 3rd Floor, Columbia, MD 21046",2018-06-29,2018-08-31,104,unknown,,0,0,1,https://www.dllr.state.md.us/employment/warn.shtml,89dbe550765c7382cc7243f751265a2b2d09ab85d52ebf81034ec975,4c8d58fdc266269d5bf947507b180d1a71a69877,2026-07-16,2026-07-19
MD,"Toys ""R"" Us Babies ""R"" Us",toys r us babies r us,Sunindo Adipersada,,451120,source,,,,,,,,,Q114556863,label,,,automatic,qid:Q114556863,Frederick city,2430325,Frederick County,24021,39.434089,-77.414539,place,"7106 Geoffrey Way, Frederick, MD 21704",2018-07-17,2018-09-15,161,unknown,,0,0,1,https://www.dllr.state.md.us/employment/warn.shtml,eb19f22a944fa3dcaaf21658e3e47328632234d94f922becdf35c417,08f3ca48c3bbf9a1d51ada74e85bfdc0fb4ced33,2026-07-16,2026-07-19
MD,DoubleTree by Hilton-Pikesville,doubletree by hilton pikesville,,,721110,source,,,,,,,,,,,,,,n:doubletree by hilton pikesville,Pikesville CDP,2461400,Baltimore County,24005,39.391773,-76.699634,place,"1726 Reisterstown Road Pikesville, MD 21208",2018-07-30,2018-09-20,130,unknown,,0,0,1,https://www.dllr.state.md.us/employment/warn.shtml,9cf8486121b81637f9acef53229fad368e2e8ef827a21ec00c6c52af,4b99e36aed8a910370bfdad62dfa29180dba145b,2026-07-16,2026-07-19
MD,Wells Fargo & Company.,wells fargo,Wells Fargo,,523930,source,72971,WFC,exact,6021,National Commercial Banks,,,,Q744149,cik,,,automatic,qid:Q744149,Frederick city,2430325,Frederick County,24021,39.434089,-77.414539,place,"8435 Progress Dr. Frederick, MD 21701",2018-08-27,2018-10-23,42,unknown,,0,0,1,https://www.dllr.state.md.us/employment/warn.shtml,bdc13ee15115795fa3e7218ee8868407ef170d754ca07dd1aa4e08a4,6ac4aea420ddcf270cd8d7c0738ce4e1033fe77e,2026-07-16,2026-07-19
MD,Discovery Inc.,discovery,"Discovery, Inc.",,518210,source,1437107,WBD,exact,4841,Cable & Other Pay Television Services,,,,Q621592,cik,Discovery Holding Company,,automatic,qid:Q621592,Silver Spring CDP,2472450,Montgomery County,24031,39.002441,-77.020791,place,"1 Discovery Place, Silver Spring, MD 20910",2018-08-29,2018-10-01,212,unknown,,0,0,1,https://www.dllr.state.md.us/employment/warn.shtml,b83d1c470929fc91ad1cbccbe588b79767cfcc5f2f8ccc0ee1e4e8a8,853e9a99320877b47af1c0042d8a1ce34713c023,2026-07-16,2026-07-19
MD,MedStar Franklin Square Hospital,medstar franklin square hospital,,,722310,source,,,,,,,,,,,,,,n:medstar franklin square hospital,Baltimore city,2404000,Baltimore city,24510,39.300032,-76.610476,place,"9000 Franklin Square Dr Baltimore, MD 21237",2018-08-31,2018-10-31,102,unknown,,0,0,1,https://www.dllr.state.md.us/employment/warn.shtml,bdfddda34398863f82e33f0e8cf337d72109040dfdeea8a1a589956c,d7e8adb36cd2fec905dbe4e6a6a3859e75b7906c,2026-07-16,2026-07-19
MD,MedStar Good Samaritan,medstar good samaritan,,,722310,source,,,,,,,,,,,,,,n:medstar good samaritan,Baltimore city,2404000,Baltimore city,24510,39.300032,-76.610476,place,"5601 Loch Raven Blvd. Baltimore, MD 21239",2018-08-31,2018-10-31,51,unknown,,0,0,1,https://www.dllr.state.md.us/employment/warn.shtml,0273145fa93ffbe18f36fb7e0069d2578a5e7b860db3ee264255d732,4aaae4680860eaace2daad39b0bd930a1c5331f8,2026-07-16,2026-07-19
MD,MedStar Harbor Hospital,medstar harbor hospital,,,722310,source,,,,,,,,,,,,,,n:medstar harbor hospital,Baltimore city,2404000,Baltimore city,24510,39.300032,-76.610476,place,"3001 S. Hanover St. Baltimore, MD 21225",2018-08-31,2018-10-31,55,unknown,,0,0,1,https://www.dllr.state.md.us/employment/warn.shtml,65f3ccc2cdcb105859f271228f204f93a24555b3770f917f4e01bd86,d1947ca26577bfce17f8053ecb02db9885c188c8,2026-07-16,2026-07-19
MD,MedStar Union Memorial Hospital,medstar union memorial hospital,,,722310,source,,,,,,,,,,,,,,n:medstar union memorial hospital,Baltimore city,2404000,Baltimore city,24510,39.300032,-76.610476,place,"201 E. University Parkway Baltimore, MD 21218",2018-08-31,2018-10-31,63,unknown,,0,0,1,https://www.dllr.state.md.us/employment/warn.shtml,cbb19311aca07ef2c76969472c042d5b033e53e5e7e61a15ba91562f,6ec631c9667289bbca02264749b13453094b4c17,2026-07-16,2026-07-19
MD,CSRA (General Dynamics Information Technology),csra general dynamics information technology,,,541330,source,,,,,,,,,,,,,,n:csra,Rockville city,2467675,Montgomery County,24031,39.083666,-77.155585,place,"9609 Medical Center Drive Rockville, MD 20850",2018-09-27,2018-11-26,122,unknown,,0,0,1,https://www.dllr.state.md.us/employment/warn.shtml,b9db0a7de727a701b429feed57dc4a1cb83e31a56edca77898b1d86a,4a40afd82ba68af25ecd38475a9fce4317e293aa,2026-07-16,2026-07-19
MD,Wells Fargo & Company,wells fargo,Wells Fargo,,523930,source,72971,WFC,exact,6021,National Commercial Banks,,,,Q744149,cik,,,automatic,qid:Q744149,Frederick city,2430325,Frederick County,24021,39.434089,-77.414539,place,"8480 Stagecoach Circle Frederick, MD 21701",2018-09-28,2018-11-25,61,unknown,,0,0,1,https://www.dllr.state.md.us/employment/warn.shtml,3d40125450a5a45c0d2ba1e55d8334d9225b7b3eacae19b6ef082b8f,2ddb8725b9d54d1f6ad6960348e8f714c4dfc4e7,2026-07-16,2026-07-19
MD,"Dawson's Market (Subsidiary of Ellwood Thompson, Inc.)",dawson s market subsidiary of ellwood thompson,,,445110,source,,,,,,,,,,,,,,n:dawson s market,Rockville city,2467675,Montgomery County,24031,39.083666,-77.155585,place,"225 N. Washington Street Rockville, MD 20850",2018-10-05,2018-10-27,62,unknown,,0,0,1,https://www.dllr.state.md.us/employment/warn.shtml,257dae7c7e086ac5f7a2fd2e9014ade5674bf4fd02539b13b0d8ec39,6e54d1850c2956e5b582b285e9ae063324534597,2026-07-16,2026-07-19
MD,"Lonza Walkersville, Inc.",lonza walkersville,,,325413,source,,,,,,,,,,,,,,n:lonza walkersville,Walkersville town,2481275,Frederick County,24021,39.474323,-77.363352,place,"8830 Biggs Ford Road Walkersville, MD 21793",2018-10-19,2018-12-31,60,unknown,,0,0,1,https://www.dllr.state.md.us/employment/warn.shtml,c07c4d1d52501b61869d94aefac025484940a884f587bb4f272a3e53,ad75091ae6926fb5163fc01b3f672c27b4741017,2026-07-16,2026-07-19
MD,KMART,kmart,,,452210,source,56824,,exact,5331,Retail-Variety Stores,,,,,,,,automatic,cik:56824,,,,,,,,"835 Solomons Island Road North Prince Frederick, MD 20678",2018-10-25,2019-01-13,82,unknown,,0,0,1,https://www.dllr.state.md.us/employment/warn.shtml,ae1fd99c850fe5a616fb7419b637ce8e02d58919963598a7a318e3c1,e55787a733cb616797d54bbf3e0dc8ab5a46990b,2026-07-16,2026-07-19
MD,KMART,kmart,,,452210,source,56824,,exact,5331,Retail-Variety Stores,,,,,,,,automatic,cik:56824,Oxon Hill CDP,2459500,Prince George's County,24033,38.788793,-76.971864,place,"6163 Oxon Hill Road Oxon Hill, MD 20745",2018-10-26,2019-01-13,96,unknown,,0,0,1,https://www.dllr.state.md.us/employment/warn.shtml,19af8921e1499256ce5ef58ccb9a6b06334fb24a937cee8903ae35e9,a46733f815ff2ff07c688672620fef38f19bb483,2026-07-16,2026-07-19
MD,First Transit,first transit,,,485991,source,,,,,,,,,,,,,,n:first transit,Glen Burnie CDP,2432650,Anne Arundel County,24003,39.156271,-76.606996,place,"7409 Baltimore Annapolis Boulevard Glen Burnie, MD 21061",2018-11-05,2019-01-01,47,unknown,,0,0,1,https://www.dllr.state.md.us/employment/warn.shtml,b5df54886ede095428b10aaa09749314ea7f3642078c27bcba385f84,168f9933ec352c4709a11a7e6ecd1ea6e1c4c2b0,2026-07-16,2026-07-19
MD,Saks Fith Avenue (Distribution Center),saks fith avenue distribution center,,,493110,source,,,,,,,,,,,,,,n:saks fith avenue,Aberdeen city,2400125,Harford County,24025,39.516403,-76.174518,place,"500 Hickory Drive Aberdeen, MD 21001",2018-11-08,2019-03-01,,unknown,,0,0,1,https://www.dllr.state.md.us/employment/warn.shtml,e918d9416a06f844429675bd5b020c370ec6c56055631cef0ba50c6a,1d15b2bcdae61a0923b6ea8725c67fcfec58bb1d,2026-07-16,2026-07-19
MD,Crothall Healthcare Laundry Facility,crothall healthcare laundry facility,,,812332,source,,,,,,,,,,,,,,n:crothall healthcare laundry facility,,,,,,,,"1350 Brass Mill Road Belcamp, MD 21017",2018-11-13,2019-01-07,152,unknown,,0,0,1,https://www.dllr.state.md.us/employment/warn.shtml,3dd2e8b48a2ecd5a183e42f02a5011e7712e931ddf45e07a13638cc6,702cc98c0e58c8afdd82050ff28605559353b40b,2026-07-16,2026-07-19
MD,"Maintenance Supply Headquarters, LP",maintenance supply headquarters,,,423490,source,,,,,,,,,,,,,,n:maintenance supply headquarters,Laurel city,2445900,Prince George's County,24033,39.095075,-76.861245,place,"13401 Konterra Drive Laurel, MD 20707",2018-11-15,2018-11-09,51,unknown,,0,0,1,https://www.dllr.state.md.us/employment/warn.shtml,42283d0d04f0fc37f3f657cfd96aa6cededfaf867f6010909fbc9f86,2fc35bfd47ce0b9a147a4f79d2469ebfc86d4194,2026-07-16,2026-07-19
MD,Sodexo at McDaniel College,sodexo at mcdaniel college,,,722310,source,,,,,,,,,,,,,,n:sodexo at mcdaniel college,,,,,,,,"2 College Hill P.O. Box 13A Westminster, MD 21157",2018-11-19,2018-12-31,107,unknown,,0,0,1,https://www.dllr.state.md.us/employment/warn.shtml,58d2cacf672edfee5d6b932bb104ac2adfe249a394547cd6495bc896,27e84c539b5ca4dd9b5cc8ec434ad9d9c673276e,2026-07-16,2026-07-19
MD,Wells Fargo & Company,wells fargo,Wells Fargo,,523930,source,72971,WFC,exact,6021,National Commercial Banks,,,,Q744149,cik,,,automatic,qid:Q744149,Frederick city,2430325,Frederick County,24021,39.434089,-77.414539,place,"8480 Stagecoach Circle Frederick, MD 21701",2018-11-19,2019-01-15,8,unknown,,0,0,1,https://www.dllr.state.md.us/employment/warn.shtml,26557d20a240b9eaa38611e1e3fdd9f2107958c5eb57a04ae0063b19,42eeffd295b0fbe4b80afed04ed494784418d5b6,2026-07-16,2026-07-19
MD,GE Healthcare,ge healthcare,,,423450,source,,,,,,,,,,,,,,n:ge healthcare,Laurel city,2445900,Prince George's County,24033,39.095075,-76.861245,place,"8880 Gorman Rd Laurel, MD 20723",2018-11-27,2018-12-31,76,unknown,,0,0,1,https://www.dllr.state.md.us/employment/warn.shtml,58db5c1376a660e1838946d630331d70e71f5747a2aa6c6a876ccac1,c00a823b84aaa223c930da1379642af467ea16ab,2026-07-16,2026-07-19
MD,Bridgeview Bank Group,bridgeview bank group,,,522292,source,,,,,,,,,,,,,,n:bridgeview bank group,Columbia CDP,2419125,Howard County,24027,39.201146,-76.85905,place,"8820 Columbia Parkway Suite 100 Columbia, MD 21045",2018-12-10,2018-11-11,41,unknown,,0,0,1,https://www.dllr.state.md.us/employment/warn.shtml,06b2f7f78695711e23ea28cd6fb532d430e467cbe1c97387a8a93b12,42884b0bb1cb8732ed8e562330f6628d8552b026,2026-07-16,2026-07-19
MD,"Maines Paper & Food Service, Inc.",maines paper food service,,,424410,source,,,,,,,,,,,,,,n:maines paper food service,Aberdeen city,2400125,Harford County,24025,39.516403,-76.174518,place,"1501 Perryman Rd Aberdeen, MD 21001",2018-12-10,2019-02-10,106,unknown,,0,0,1,https://www.dllr.state.md.us/employment/warn.shtml,f19119b3fb0e662b85c7a3b8bacd50ae3466aa0a6a296b4e2d5116f1,f9195a6dd0f455bb6af709121780905a310444c1,2026-07-16,2026-07-19
MD,Sears Department Store,sears department store,,,452210,source,,,,,,,,,,,,,,n:sears department store,Salisbury city,2469925,Wicomico County,24045,38.375328,-75.585925,place,"2306 N. Salisbury Blvd. Salisbury, MD 21801",2019-01-03,2019-03-24,51,unknown,,0,0,1,https://www.dllr.state.md.us/employment/warn.shtml,43efb4c6749ca243c06e90893297095b6962fb5378de54d9518fad17,03ea7848719b8a0fcabd8d472d791110de9e70d4,2026-07-16,2026-07-19
MD,Staples Fulfillment Center,staples fulfillment center,,,493110,source,,,,,,,,,,,,,,n:staples fulfillment center,,,,,,,,"7021 Dorsey Road Hanover, MD 21076",2019-01-15,2019-03-16,61,unknown,,0,0,1,https://www.dllr.state.md.us/employment/warn.shtml,49fdeaa5b90f2290ca6d908fe88f4ebd2ca052df4db895cf9a3bba3f,191914894682dea3b23486db66a24d0ec9683fa0,2026-07-16,2026-07-19
MD,Bank of America,bank of america,Bank of America,,522110,source,70858,BAC,exact,6021,National Commercial Banks,,,,Q487907,cik,,,automatic,qid:Q487907,,,,,,,,"11333 McCormick Road Hunt Valley, MD 21031",2019-01-23,2019-04-30,74,unknown,,0,0,1,https://www.dllr.state.md.us/employment/warn.shtml,7c294e0892e9c6b78b75781adbd8a8a76eec2b33c1904e17bad4fb5d,0425ae77a5e6ddb17e230d08ade435aa4a1c1f13,2026-07-16,2026-07-19
MD,XPO Logistics Worldwide,xpo logistics worldwide,,,531130,source,,,,,,,,,,,,,,n:xpo logistics worldwide,Aberdeen city,2400125,Harford County,24025,39.516403,-76.174518,place,"610 Chelsea Road Aberdeen, MD 21001",2019-01-25,2019-03-18,167,unknown,,0,0,1,https://www.dllr.state.md.us/employment/warn.shtml,72e786ac5c666d86875ffa6aa9bb70c6b546d9af8ec7673fad42bae8,097a5a9e6a4fb92c4473e596c5b20ca3b9136e9a,2026-07-16,2026-07-19
MD,"Centerra Group, LLC",centerra group,Centerra Group LLC,,561612,source,,,,,,,,549300MUA8GEREJMGW16,,,,,automatic,lei:549300MUA8GEREJMGW16,,,,,,,,"11555 Rockville Pike Rockville, MD 2085",2019-02-14,2019-03-31,87,unknown,,0,0,1,https://www.dllr.state.md.us/employment/warn.shtml,59d29640e0739ce1bb42b32ab4ae020d7865010a1e39067557b55402,787974a11504f2f962d02a2287e840347855b68f,2026-07-16,2026-07-19
MD,Under Armour,under armour,Under Armour,,451110,source,1336917,UAA,exact,2300,Apparel & Other Finishd Prods of  Fabrics & Similar Matl,,,,Q2031485,cik,,,automatic,qid:Q2031485,Baltimore city,2404000,Baltimore city,24510,39.300032,-76.610476,place,"1020 Hull Street Baltimore, MD 21230",2019-02-25,2019-03-08,50,unknown,,0,0,1,https://www.dllr.state.md.us/employment/warn.shtml,71380d2dac3edabe5c78ccf3037291276760900bb0fb6ff61128cb22,10c27869b314d337eb3f8b8691894a32c32e3eee,2026-07-16,2026-07-19
MD,"General Motors, LLC",general motors,General Motors,,336350,source,1467858,GM,exact,3711,Motor Vehicles & Passenger Car Bodies,,,,Q81965,cik,,,automatic,qid:Q81965,White Marsh CDP,2484350,Baltimore County,24005,39.381546,-76.45842,place,"10301 Philadelphia Road White Marsh, MD 21162",2019-03-04,2019-05-04,296,unknown,,0,0,1,https://www.dllr.state.md.us/employment/warn.shtml,1c6f9c3eb499e43824f9e94481f048a8a1933d53ecb036bb49fdcc6c,d43d482b5f621d6454c9bb95c3c9a1bee16fe638,2026-07-16,2026-07-19
MD,"New England Motor Freight, INC",new england motor freight,,,488510,source,,,,,,,,,,,,,,n:new england motor freight,Baltimore city,2404000,Baltimore city,24510,39.300032,-76.610476,place,"1508 John Avenue Baltimore, MD 21227",2019-03-04,2019-02-15,59,unknown,,0,0,1,https://www.dllr.state.md.us/employment/warn.shtml,406e9601f8513600d90418f602db46af3d576e4e09f54e090e747895,1967f2ab4dfcddc3d8c66cd3d3d0140faf91d65d,2026-07-16,2026-07-19
MD,"New England Motor Freight, INC",new england motor freight,,,488510,source,,,,,,,,,,,,,,n:new england motor freight,North East town,2456450,Cecil County,24015,39.608037,-75.941655,place,"3 Center Drive Northeast, MD 21901",2019-03-04,2019-02-15,81,unknown,,0,0,1,https://www.dllr.state.md.us/employment/warn.shtml,5a749efe877d68866c437781244e9337be54f648b4d68c454caa3ed5,7d22e5060f1a01668a711b675a38c5aeb23b7e31,2026-07-16,2026-07-19
MD,"New England Motor Freight, INC",new england motor freight,,,488510,source,,,,,,,,,,,,,,n:new england motor freight,Hagerstown city,2436075,Washington County,24043,39.640182,-77.722691,place,"16503 Hunters Green Parkway Hagerstown, MD",2019-03-04,2019-02-15,93,unknown,,0,0,1,https://www.dllr.state.md.us/employment/warn.shtml,d76f87d2c9b305fa0f3b384b6445aeb528fdded23962c0ffba48ae43,bab71e146f862ee7b453dc04d15a80d77870d3f1,2026-07-16,2026-07-19
MD,Omniplex World Services,omniplex world services,Omniplex World Services Corporation,,561612,source,,,,,,,,549300CRS7SUHIPVU895,,,,,automatic,lei:549300CRS7SUHIPVU895,Maryland City CDP,2451075,Anne Arundel County,24003,39.101609,-76.805188,place+county,"Anne Arundel County, Maryland",2019-03-04,2019-04-30,344,unknown,,0,0,1,https://www.dllr.state.md.us/employment/warn.shtml,1acb672ed3c11d01167204eb4232e243a987f1c62df977264bcd3d5e,f0f31312a84c5b4260305a3c0f8102145b68297e,2026-07-16,2026-07-19
MD,"Livanta, LLC",livanta,,,541618,source,,,,,,,,,,,,,,n:livanta,,,,,,,,"10830 Guilford Road Suite 311 Annapolis Junction, MD 20701-1108",2019-03-08,2019-05-08,94,unknown,,0,0,1,https://www.dllr.state.md.us/employment/warn.shtml,30253e1fe11e868aa59a82a65cbeb342d03b320ea17d0f1537df2792,573c70d71c1ff8b7c4c0992718c7339dd9e317af,2026-07-16,2026-07-19
MD,MV Contract Transporation,mv contract transporation,,,485991,source,,,,,,,,,,,,,,n:mv contract transporation,Baltimore city,2404000,Baltimore city,24510,39.300032,-76.610476,place,"4501 Curtis Avenue Baltimore, MD 21226",2019-03-15,2019-04-19,249,unknown,,0,0,1,https://www.dllr.state.md.us/employment/warn.shtml,18cb1c29bcc66dd303493c5f4ab0dc7807f0ed8b9d7b687a8ea31c1d,5850f20ba836223e8b1c095dffd22e65a934218a,2026-07-16,2026-07-19
MD,Shop Rite Store,shop rite store,,,445110,source,,,,,,,,,,,,,,n:shop rite store,Glen Burnie CDP,2432650,Anne Arundel County,24003,39.156271,-76.606996,place,"6716 Governor Ritchie Highway Glen Burnie, MD 21061",2019-03-25,2019-05-24,134,unknown,,0,0,1,https://www.dllr.state.md.us/employment/warn.shtml,a0efb89fa1924fd09bce60496aa643b1b20e4acb7de9cf0268bab34a,5c24d5da2b312a7c781f86ae986cd1704fa2288f,2026-07-16,2026-07-19
MD,"PayPal, Inc.",paypal,PayPal Holdings,,522320,source,1633917,PYPL,listed-extension,7389,"Services-Business Services, NEC",,,,Q135683211,cik,,,automatic,qid:Q135683211,,,,,,,,"101 Schilling Road Suite 40 Hunt Valley, MD 21031",2019-03-28,2019-07-08,180,unknown,,0,0,1,https://www.dllr.state.md.us/employment/warn.shtml,a59e8d8568c0dbbbaf0c0a20f37bddefb23c9178086bdc3618834393,02c4187e73af81ae8e36bcfe9aac533f479a1c80,2026-07-16,2026-07-19
MD,"PayPal, Inc.",paypal,PayPal Holdings,,522320,source,1633917,PYPL,listed-extension,7389,"Services-Business Services, NEC",,,,Q135683211,cik,,,automatic,qid:Q135683211,,,,,,,,"55 Schilling Road Hunt Valley, MD 21031",2019-03-28,2019-07-08,200,unknown,,0,0,1,https://www.dllr.state.md.us/employment/warn.shtml,728c3faebed807910394872f3112ddac31adc35ee87986aa5802b644,deb4678e3a3da8f6ee2e773602785f62882e81eb,2026-07-16,2026-07-19
MD,AECOM Management Services,aecom management services,,,541330,source,,,,,,,,,,,,,,n:aecom management services,,,,,,,,"Maryland Square Riverdale, MD",2019-04-19,2019-07-05,,unknown,,0,0,1,https://www.dllr.state.md.us/employment/warn.shtml,8cc52e8f1354646c5c6d44ac3598c1a4a048d0805da9e9d7a2b43c59,5d25b25d1317c52feac1bd64f1781024b8bebd8e,2026-07-16,2026-07-19
MD,AECOM Management Services,aecom management services,,,541330,source,,,,,,,,,,,,,,n:aecom management services,Bethesda CDP,2407125,Montgomery County,24031,38.987292,-77.118612,place,"4600 Sangamore Road Bethesda, MD 20816",2019-04-19,2019-07-05,,unknown,,0,0,1,https://www.dllr.state.md.us/employment/warn.shtml,7d65e16d10781bcc7603ba69841a82acef23973cf28056f9afa29a5e,932c2e814c3c82428c3f4515c601426d3e7ade84,2026-07-16,2026-07-19
MD,Verso,verso,,,322121,source,1421182,,exact,2621,Paper Mills,,,,,,,,automatic,cik:1421182,Luke town,2448775,Allegany County,24001,39.478781,-79.058903,place,"300 Pratt Street Luke, MD 21540",2019-04-30,2019-06-30,675,unknown,,0,0,1,https://www.dllr.state.md.us/employment/warn.shtml,6ee48243e36a63e291483e403f6918d4dae21b8c3ec1610a70549f3d,94d7d9e7ea6752bba37662e6de9d19781ff3d115,2026-07-16,2026-07-19
MD,"Aramark Educational Services, LLC",aramark educational services,,,722310,source,1396757,,exact,,,,,,,,,,automatic,cik:1396757,,,,,,,,"Coppin State University 2500 W. North Avenue Baltimore, MD 21216",2019-05-16,2019-07-31,69,unknown,,0,0,1,https://www.dllr.state.md.us/employment/warn.shtml,c2dfa434d912cbbcfba308c54e11fef69212092ef1caae33fd4d0b0f,993efc4915dbb64d3e4e1adfed282ba8ca69e69e,2026-07-16,2026-07-19
MD,Krafcor Industries,krafcor industries,,,322211,source,,,,,,,,,,,,,,n:krafcor industries,Baltimore city,2404000,Baltimore city,24510,39.300032,-76.610476,place,"6301 Seaforth Street Baltimore, MD 21224",2019-05-28,2019-07-15,40,unknown,,0,0,1,https://www.dllr.state.md.us/employment/warn.shtml,4e70fb5d7ff5886874db5e446c3f90560041a98d364eed8972eeaaa0,f3398a7d42b1d152fd11af68500e5279075cca31,2026-07-16,2026-07-19
MD,The Sherwin-Williams Company,sherwin williams,Sherwin-Williams,,444120,source,89800,SHW,exact,5200,"Retail-Building Materials, Hardware, Garden Supply",,,,Q48881,cik,,,automatic,qid:Q48881,Beltsville CDP,2406400,Prince George's County,24033,39.039903,-76.920443,place,"10406 Tucker Street Beltsville, MD 20705",2019-05-31,2019-08-02,64,unknown,,0,0,1,https://www.dllr.state.md.us/employment/warn.shtml,16cde30522af1cd5e29b42ec8bac7c7130dcd3b076fbf6f38f521f6d,b010a7249070aafb229195f89a645b8d14cec853,2026-07-16,2026-07-19
MD,Lord and Taylor,lord and taylor,Lord & Taylor,,452210,source,,,,,,,,,Q2749082,label,,,automatic,qid:Q2749082,,,,,,,,"701 Russell Avenue, Lakeforest Blvd. Gaithersburg, MD 20877",2019-06-05,2019-09-15,73,unknown,,0,0,1,https://www.dllr.state.md.us/employment/warn.shtml,371b6b333ed900be3d1201df57d29416fbebbcda837e667bf580c23e,8f7110713d27131f24b23015fa3b1317e4541680,2026-07-16,2026-07-19
MD,State Farm Mutual Automobile Insurance,state farm mutual automobile insurance,,,524126,source,315032,,exact,0000,,,,,,,,,automatic,cik:315032,Frederick city,2430325,Frederick County,24021,39.434089,-77.414539,place,"1 State Farm Drive Frederick, MD 21701-9332",2019-06-26,2019-08-31,205,unknown,,0,0,1,https://www.dllr.state.md.us/employment/warn.shtml,6a89151c274c18233fac20516011e3ed1791aae3124027d3ecaf4712,93fe450d395a3eb9b4050bafd1b6989c63e739f3,2026-07-16,2026-07-19
MD,Chesapeake Bay Candle Company,chesapeake bay candle,,,339999,source,,,,,,,,,,,,,,n:chesapeake bay candle,Glen Burnie CDP,2432650,Anne Arundel County,24003,39.156271,-76.606996,place,"226 Dover Road Glen Burnie, MD 21061",2019-07-02,2019-09-13,120,unknown,,0,0,1,https://www.dllr.state.md.us/employment/warn.shtml,8fab00c1ecbd1696f753460c55ac23cc1deef9340d9d24715c17a9de,2e96470913af531a76ec0d1e3211a6aa5069ec54,2026-07-16,2026-07-19
MD,Meridian Behavioral Health,meridian behavioral health,,,621420,source,,,,,,,,,,,,,,n:meridian behavioral health,Crownsville CDP,2421075,Anne Arundel County,24003,39.022462,-76.590377,place,"2015 Martins Grant Ct Crownsville, MD 21032",2019-07-02,2019-08-31,65,unknown,,0,0,1,https://www.dllr.state.md.us/employment/warn.shtml,6e64d4869d3fff4cf385848d44ee73317f696ee249dbba7b0052d7e5,cc7fc14a4ce653f8b7e4589ae79871899b4bde67,2026-07-16,2026-07-19
MD,"RAMPF Molds Industries, Inc.",rampf molds industries,,,333511,source,,,,,,,,,,,,,,n:rampf molds industries,Hagerstown city,2436075,Washington County,24043,39.640182,-77.722691,place,"90 Western Maryland Parkway Hagerstown, MD 21740",2019-07-10,2019-07-23,33,unknown,,0,0,1,https://www.dllr.state.md.us/employment/warn.shtml,47736cac751be996b63d87557342e2456aa8d4f240240b3ac2242f08,e937e4b7d4009a5abbbe7b1b33c304cb12f8e197,2026-07-16,2026-07-19
MD,"Transdev Services, Inc.",transdev services,,,485999,source,,,,,,,,,,,,,,n:transdev services,Baltimore city,2404000,Baltimore city,24510,39.300032,-76.610476,place,"1601 Wicomico Street Baltimore, MD 21230",2019-07-10,2019-08-09,18,unknown,,0,0,1,https://www.dllr.state.md.us/employment/warn.shtml,5010f8c1e249632a5771ad0f1480232785839717ebdb0d1b7d4c63b8,5c4fe6191a6d8f57864d1cb9bb25b9c3c52d221e,2026-07-16,2026-07-19
MD,JC Penney,jc penney,,,452210,source,,,,,,,,,,,,,,n:jc penney,Gaithersburg city,2431175,Montgomery County,24031,39.148601,-77.195131,place,"701 Russell Avenue Gaithersburg, MD 20877",2019-07-15,2019-07-05,113,unknown,,0,0,1,https://www.dllr.state.md.us/employment/warn.shtml,cae02d6552db73279416bb302a168aabbf649ba53050867f032c6306,ba3a28163e32b3f81f76be1cd2d0fbda82e38cd2,2026-07-16,2026-07-19
MD,"DPI Foods Mid Atlantic, Inc.",dpi foods mid atlantic,,,311412,source,,,,,,,,,,,,,,n:dpi foods mid atlantic,Upper Marlboro town,2479875,Prince George's County,24033,38.816495,-76.75367,place,"1000 Prince Georges Blvd Upper Marlboro, MD 20774",2019-07-22,2019-09-21,280,unknown,,0,0,1,https://www.dllr.state.md.us/employment/warn.shtml,8ca0f8153a5461b1a47a71e9e9f98522902c890d21b4082bb75a4e4f,0c29334286ffbf94e0b8344380634b4faa940715,2026-07-16,2026-07-19
MD,"NovaSom, Inc",novasom,,,,,1487143,,exact,,,,,,,,,,automatic,cik:1487143,Glen Burnie CDP,2432650,Anne Arundel County,24003,39.156271,-76.606996,place,"801 Cromwell Park Drive Glen Burnie, MD 21061",2019-07-22,2019-09-01,169,unknown,,0,0,1,https://www.dllr.state.md.us/employment/warn.shtml,d7dc770235fc6d22f6d4dac226d504421f2b8fa1e86c101e5b83dcc7,87a6fa09fbb16fe3983b0c778583f9af5ba98c2f,2026-07-16,2026-07-19
MD,"Amcor Flexibles, LLC",amcor flexibles,,,326111,source,,,,,,,,,,,,,,n:amcor flexibles,Hagerstown city,2436075,Washington County,24043,39.640182,-77.722691,place,"747 Bowman Avenue Hagerstown, MD 21740",2019-07-23,2019-12-31,74,unknown,,0,0,1,https://www.dllr.state.md.us/employment/warn.shtml,c5dfc8bca9b683249920a2747e1d5b67d800efbd2c0b355fc759a03e,714c971b238db3e79f9aff9f09b81cceac6f3b26,2026-07-16,2026-07-19
MD,"ADP, LLC",adp,,,541214,source,,,,,,,,,,,,,,n:adp,Owings Mills CDP,2459425,Baltimore County,24005,39.410494,-76.789371,place,"11411 Red Run Boulevard Owings Mills, MD 21117",2019-07-29,2019-09-27,123,unknown,,0,0,1,https://www.dllr.state.md.us/employment/warn.shtml,e47d4b3df6224469c8b5190791a51f13aaff264dfd9bd86934ba2b4f,a5ace11d793a07fd8576da7a348f47ce341ca927,2026-07-16,2026-07-19
MD,KMART,kmart,,,452210,source,56824,,exact,5331,Retail-Variety Stores,,,,,,,,automatic,cik:56824,,,,,,,,"200 Kent Landing Stevensville, MD 21666",2019-09-04,2019-12-15,60,unknown,,0,0,1,https://www.dllr.state.md.us/employment/warn.shtml,a4a1c18e4c3a4eed6712de2ce1266622e313dfb4b19499e5cd95b413,c60e37b3c27bc2f69651e969f23a02d2f650fb55,2026-07-16,2026-07-19
MD,Transform SR LLC-01754 (Sears Department Store),transform sr llc 01754 sears department store,,,452210,source,,,,,,,,,,,,,,n:transform sr llc 01754,Gaithersburg city,2431175,Montgomery County,24031,39.148601,-77.195131,place,"701 Russell Avenue Gaithersburg, MD 20877",2019-09-05,2019-12-01,80,unknown,,0,0,1,https://www.dllr.state.md.us/employment/warn.shtml,6628a43568b6f0873a1b77d2fec6d5406df97f3868da7594b7d068c1,bff4cfc047ab4644d760661b39db48e6e58f9409,2026-07-16,2026-07-19
MD,Transform SR LLC-06544 (Sears Auto Center),transform sr llc 06544 sears auto center,,,811111,source,,,,,,,,,,,,,,n:transform sr llc 06544,Gaithersburg city,2431175,Montgomery County,24031,39.148601,-77.195131,place,"701 Russell Avenue Gaithersburg, MD 20877",2019-09-05,2019-12-01,14,unknown,,0,0,1,https://www.dllr.state.md.us/employment/warn.shtml,f0011ee755c73b10c05f4d97880b6dc4681c29a322cda42cbcdba6c1,1bdca12a48f5d31454f47a1569ee750961b4e813,2026-07-16,2026-07-19
MD,Nestlé Dreyer's Ice Cream Company,nestl dreyer s ice cream,,,311520,source,,,,,,,,,,,,,,n:nestl dreyer s ice cream,Laurel city,2445900,Prince George's County,24033,39.095075,-76.861245,place,"9090 Whiskey Bottom Rd Laurel, MD 20723",2019-09-09,2019-11-01,69,unknown,,0,0,1,https://www.dllr.state.md.us/employment/warn.shtml,5eb00b2d1410476a2e48006e476879a0a3ab5230dd0bf5df9abed97f,c83ae869643ea52a16200200a54e61b91df1148a,2026-07-16,2026-07-19
MD,"PAE Applied Technologies, LLC",pae applied technologies,,,488119,source,,,,,,,,,,,"Amentum Holdings, Inc.",2011286,,n:pae applied technologies,,,,,,,,"Patuxent River, MD",2019-09-16,2019-11-17,14,unknown,,0,0,1,https://www.dllr.state.md.us/employment/warn.shtml,7715719cdfa02f7d061cfa199b8a12bd4e59c255b1f71b9b504073f4,8adff06de0b04c067816e6065f7459574f4bc128,2026-07-16,2026-07-19
MD,Bob's Discount Furniture,bob s discount furniture,,,442110,source,,,,,,,,,,,,,,n:bob s discount furniture,Waldorf CDP,2481175,Charles County,24017,38.609172,-76.919776,place,"3015 Festival Way Waldorf, MD 20601",2019-09-30,2019-11-11,13,unknown,,0,0,1,https://www.dllr.state.md.us/employment/warn.shtml,ccd7077f749e1047e2e58b2c1538081a5d0e0fb84ba3d8149a86e968,72abb199ef80dba256a3c089a69b2c0822ef5291,2026-07-16,2026-07-19
MD,"Post Community Media, LLC",post community media,,,511110,source,,,,,,,,,,,,,,n:post community media,Laurel city,2445900,Prince George's County,24033,39.095075,-76.861245,place,"13501 Konterra Drive Laurel, MD 20707",2019-10-30,2019-12-31,34,unknown,,0,0,1,https://www.dllr.state.md.us/employment/warn.shtml,34a7005e6d518c65129ec4b9d25c493ebd13b9067b35306670dce908,3e3c0b3ec594dc44bc7adf00dce679d7f50e5735,2026-07-16,2026-07-19
MD,"Beacon Health Options, Inc.",beacon health options,,,621112,source,,,,,,,,,,,,,,n:beacon health options,Linthicum CDP,2447125,Anne Arundel County,24003,39.209567,-76.664741,place,"1099 Winterson Road Suite 200 Linthicum, MD 21090",2019-11-01,2019-12-31,65,unknown,,0,0,1,https://www.dllr.state.md.us/employment/warn.shtml,0c06e570207d11a0a51e86744a54a40fd4ed1b52f04544e76544e62d,bdb5835ff2fe74d5b737b7f5c0cbf37a04bcbfc7,2026-07-16,2026-07-19
MD,Oakwood Worldwide (US) LP,oakwood worldwide us,,,531311,source,,,,,,,,,,,,,,n:oakwood worldwide,Glen Burnie CDP,2432650,Anne Arundel County,24003,39.156271,-76.606996,place,"888 Airport Park Rd Suite A Glen Burnie, MD 21061",2019-11-01,2019-12-31,1,unknown,,0,0,1,https://www.dllr.state.md.us/employment/warn.shtml,7619d3bc11085d9861be6f697fc33031caf267db5b7b63888ca5d6f3,44250e06ab345df35e7b8b33d90a8ec09fe205eb,2026-07-16,2026-07-19
MD,CEI Collision and Fleet Safety,cei collision and fleet safety,,,524113,source,,,,,,,,,,,,,,n:cei collision and fleet safety,,,,,,,,"940 Ridgebrook Road Sparks, MD 21152",2019-11-19,2019-08-30,66,unknown,,0,0,1,https://www.dllr.state.md.us/employment/warn.shtml,e81d5ae2e5a1d1c9cbabc523801a054215d5688257324b84892e24c2,6adad3221a0ff534eb3258fdc22d92622f67344a,2026-07-16,2026-07-19
MD,Common Securizations Solutions,common securizations solutions,,,522292,source,,,,,,,,,,,,,,n:common securizations solutions,Bethesda CDP,2407125,Montgomery County,24031,38.987292,-77.118612,place,"7501 Wisconsin Avenue Suite 300-W Bethesda, MD 20814",2019-11-22,2019-11-22,36,unknown,,0,0,1,https://www.dllr.state.md.us/employment/warn.shtml,252a9bc7134253cc04b20d581e26257ddbe3cfc32f4152f658301b57,929d3c0dcf4059437889b7cf2cc1265ddc6f681e,2026-07-16,2026-07-19
MD,Shoppers Food & Pharmacy,shoppers food pharmacy,,,445110,source,,,,,,,,,,,,,,n:shoppers food pharmacy,Wheaton CDP,2483775,Montgomery County,24031,39.04949,-77.058209,place,"2201 Randolph Road Wheaton, MD 20902",2019-12-06,2020-02-05,81,unknown,,0,0,1,https://www.dllr.state.md.us/employment/warn.shtml,1d0affd90f16b6ec07123e5477c1b728dcbeaab489ca4dea40de9d3f,11e4c614a96af8b035084981dd117401e86c97ab,2026-07-16,2026-07-19
MD,Shoppers Food & Pharmacy,shoppers food pharmacy,,,445110,source,,,,,,,,,,,,,,n:shoppers food pharmacy,Brooklyn Park CDP,2410475,Anne Arundel County,24003,39.2195,-76.620921,place,"5722 Ritchie Highway Brooklyn Park, MD 21225",2019-12-06,2020-02-05,76,unknown,,0,0,1,https://www.dllr.state.md.us/employment/warn.shtml,ccae7e80196a1bbc16cdadc42e86568c697cde9f478e8302811eeaf1,2f554da88d442bfdc82a3770b42f9d824eb49190,2026-07-16,2026-07-19
MD,Shoppers Food & Pharmacy,shoppers food pharmacy,,,445110,source,,,,,,,,,,,,,,n:shoppers food pharmacy,Annapolis city,2401600,Anne Arundel County,24003,38.972152,-76.505332,place,"2371 Solomons Island Road Annapolis, MD 21401",2019-12-06,2020-02-05,72,unknown,,0,0,1,https://www.dllr.state.md.us/employment/warn.shtml,8685d999f327b45e1c45cec7fc437a0583294585df5bcf5c34be4f56,3de1732bb21865a2de492c4605dcafa06fb225f9,2026-07-16,2026-07-19
MD,Shoppers Food & Pharmacy,shoppers food pharmacy,,,445110,source,,,,,,,,,,,,,,n:shoppers food pharmacy,,,,,,,,"4801 Marlboro Pike Capitol Heights, MD 20743",2019-12-06,2020-02-05,73,unknown,,0,0,1,https://www.dllr.state.md.us/employment/warn.shtml,47bb283b2b63c0ae044944d648feb56c6f3b53c97af0fe5a28bee6f9,45d5e429c4ace71254730b5ded9016f1476cf9f0,2026-07-16,2026-07-19
MD,Shoppers Food & Pharmacy,shoppers food pharmacy,,,445110,source,,,,,,,,,,,,,,n:shoppers food pharmacy,Landover CDP,2445325,Prince George's County,24033,38.924395,-76.887604,place,"7051 Martin Luther King Jr. Highway Landover, MD 20875",2019-12-06,2020-02-05,72,unknown,,0,0,1,https://www.dllr.state.md.us/employment/warn.shtml,a73dfcf1a69e57dc8b0a9908e70127ebb44a443938c47c08dcd4a87a,460f24b504de283928ff5fb4a942021a08f1d1e3,2026-07-16,2026-07-19
MD,Shoppers Food & Pharmacy,shoppers food pharmacy,,,445110,source,,,,,,,,,,,,,,n:shoppers food pharmacy,Waldorf CDP,2481175,Charles County,24017,38.609172,-76.919776,place,"1170 West Smallwood Drive Waldorf, MD 20912",2019-12-06,2020-02-05,67,unknown,,0,0,1,https://www.dllr.state.md.us/employment/warn.shtml,9543cd4bf8a38c7966b11284be3970064ba7e2e899b4a72ef24ced99,70a945ce89ea5e71d375c958b3050fb3653dedba,2026-07-16,2026-07-19
MD,Shoppers Food & Pharmacy,shoppers food pharmacy,,,445110,source,,,,,,,,,,,,,,n:shoppers food pharmacy,Baltimore city,2404000,Baltimore city,24510,39.300032,-76.610476,place,"8212 Liberty Road Baltimore, MD 21244",2019-12-06,2020-02-05,75,unknown,,0,0,1,https://www.dllr.state.md.us/employment/warn.shtml,57083da477b47cdc4ecc3db6b528249b8e8020fb0759c48c42213f88,79c17c3c7e547635f37207e458c5c7b1763fb4a2,2026-07-16,2026-07-19
MD,Shoppers Food & Pharmacy,shoppers food pharmacy,,,445110,source,,,,,,,,,,,,,,n:shoppers food pharmacy,California CDP,2412150,St. Mary's County,24037,38.297599,-76.492143,place,"22599 MacArthur Blvd. California, MD 20619",2019-12-06,2020-02-05,56,unknown,,0,0,1,https://www.dllr.state.md.us/employment/warn.shtml,f428015e24857ee87abb8a95405d97bfe173e90c459105c3fa39b0ee,99a36651acfa6652f201a320caad2eb88d7802c3,2026-07-16,2026-07-19
MD,Shoppers Food & Pharmacy,shoppers food pharmacy,,,445110,source,,,,,,,,,,,,,,n:shoppers food pharmacy,Takoma Park city,2476650,Montgomery County,24031,38.980306,-77.002326,place,"6881 New Hampshire Avenue Takoma Park, MD 20912",2019-12-06,2020-02-05,67,unknown,,0,0,1,https://www.dllr.state.md.us/employment/warn.shtml,175eb6cae47583ea1fe05a5d14a8f6d6329a4126bcfadf973616ec10,a0db8e4e2739523e5400a964bf6d2c83eb5c7582,2026-07-16,2026-07-19
MD,Shoppers Food & Pharmacy,shoppers food pharmacy,,,445110,source,,,,,,,,,,,,,,n:shoppers food pharmacy,Oxon Hill CDP,2459500,Prince George's County,24033,38.788793,-76.971864,place,"6111 Livingston Road Oxon Hill, MD 20745",2019-12-06,2020-02-05,83,unknown,,0,0,1,https://www.dllr.state.md.us/employment/warn.shtml,b98af62cf916f6691406b3616f3faf31ee60be617a2bc9e9aeba744c,ace2549137aa18f141ae46aedf26e77d82b69169,2026-07-16,2026-07-19
MD,Shoppers Food & Pharmacy,shoppers food pharmacy,,,445110,source,,,,,,,,,,,,,,n:shoppers food pharmacy,Baltimore city,2404000,Baltimore city,24510,39.300032,-76.610476,place,"6500 Eastern Avenue Baltimore, MD 21224",2019-12-06,2020-02-05,63,unknown,,0,0,1,https://www.dllr.state.md.us/employment/warn.shtml,09328c4501825382ab8ecb4de2f6006df9ca98df2f21156e741617e4,b5ba34dddb4ca1502d336072194e71cc2f62c93d,2026-07-16,2026-07-19
MD,A.C. Moore Arts & Crafts,a c moore arts crafts,,,451120,source,1042809,,exact:post-era,5945,"Retail-Hobby, Toy & Game Shops",,,,,,,,automatic,cik:1042809,Owings Mills CDP,2459425,Baltimore County,24005,39.410494,-76.789371,place,"10240 Mill Run Circle Suite 1 Owings Mills, MD 21117",2019-12-17,2020-02-28,23,unknown,,0,0,1,https://www.dllr.state.md.us/employment/warn.shtml,d73afe6a21a94d3b9aaeb7c006fe15cfc878b28c63fe6f6ec8bb1e6d,1c234cabb9e41995c28784a149e4246199014b98,2026-07-16,2026-07-19
MD,A.C. Moore Arts & Crafts,a c moore arts crafts,,,451120,source,1042809,,exact:post-era,5945,"Retail-Hobby, Toy & Game Shops",,,,,,,,automatic,cik:1042809,Hagerstown city,2436075,Washington County,24043,39.640182,-77.722691,place,"17656 Garland Groh Blvd Hagerstown, MD 21740",2019-12-17,2020-02-28,25,unknown,,0,0,1,https://www.dllr.state.md.us/employment/warn.shtml,52a00419f17b76e7fa62819605c26a1b8f873eb1254d027cf9f82c77,2d45397f5ad2f18f50d80c2ce2f5a7bff9d76bb2,2026-07-16,2026-07-19
MD,A.C. Moore Arts & Crafts,a c moore arts crafts,,,451120,source,1042809,,exact:post-era,5945,"Retail-Hobby, Toy & Game Shops",,,,,,,,automatic,cik:1042809,Glen Burnie CDP,2432650,Anne Arundel County,24003,39.156271,-76.606996,place,"6625A Governor Ritchie Highway Glen Burnie, MD 21061",2019-12-17,2020-02-28,24,unknown,,0,0,1,https://www.dllr.state.md.us/employment/warn.shtml,1f082e0243e9346c8bd630535af6f08e6796ee5992977f8929a85b8d,4b6a521da8c8d6a07c6427f66bb97c3d71bc9570,2026-07-16,2026-07-19
MD,A.C. Moore Arts & Crafts,a c moore arts crafts,,,451120,source,1042809,,exact:post-era,5945,"Retail-Hobby, Toy & Game Shops",,,,,,,,automatic,cik:1042809,,,,,,,,"12013 Rockville Pike Rockville, MD 20852",2019-12-17,2020-02-28,40,unknown,,0,0,1,https://www.dllr.state.md.us/employment/warn.shtml,cc445f7697fce568e4952f76a812cd6c445b451d7a21edcb083fb557,4cd3c9a375518d9a918345d181429994ab0613d6,2026-07-16,2026-07-19
MD,A.C. Moore Arts & Crafts,a c moore arts crafts,,,451120,source,1042809,,exact:post-era,5945,"Retail-Hobby, Toy & Game Shops",,,,,,,,automatic,cik:1042809,Waldorf CDP,2481175,Charles County,24017,38.609172,-76.919776,place,"3035 Waldorf Market Place Waldorf, MD 20603",2019-12-17,2020-02-28,40,unknown,,0,0,1,https://www.dllr.state.md.us/employment/warn.shtml,c938cfc948c55ce4c1f1a2d199b526924202a01b3908475180d3053a,6104defe39594aa57de93648bc3044baa689b14f,2026-07-16,2026-07-19
MD,A.C. Moore Arts & Crafts,a c moore arts crafts,,,451120,source,1042809,,exact:post-era,5945,"Retail-Hobby, Toy & Game Shops",,,,,,,,automatic,cik:1042809,Frederick city,2430325,Frederick County,24021,39.434089,-77.414539,place,"7330 Guilford Drive Frederick, MD 21704",2019-12-17,2020-02-28,23,unknown,,0,0,1,https://www.dllr.state.md.us/employment/warn.shtml,f2e22bd76620662b40796c00f156aa2eb0967680f22aa37938c5deb2,78a87d7f7c687e869b46a72f80c8ff400779dc6a,2026-07-16,2026-07-19
MD,A.C. Moore Arts & Crafts,a c moore arts crafts,,,451120,source,1042809,,exact:post-era,5945,"Retail-Hobby, Toy & Game Shops",,,,,,,,automatic,cik:1042809,Bel Air town,2405550,Harford County,24025,39.534942,-76.346323,place,"5 Bel Air South Parkway Bel Air, MD 21015",2019-12-17,2020-02-28,33,unknown,,0,0,1,https://www.dllr.state.md.us/employment/warn.shtml,a44aebcc2a569dd39a8acdb7357bb8a09ec6320dbc81ee9bff6c71e2,793fd0e44a734fc26b79f5bba31d0613369e5645,2026-07-16,2026-07-19
MD,A.C. Moore Arts & Crafts,a c moore arts crafts,,,451120,source,1042809,,exact:post-era,5945,"Retail-Hobby, Toy & Game Shops",,,,,,,,automatic,cik:1042809,White Marsh CDP,2484350,Baltimore County,24005,39.381546,-76.45842,place,"8115 D Honeygo Blvd. White Marsh, MD 21236",2019-12-17,2020-02-28,24,unknown,,0,0,1,https://www.dllr.state.md.us/employment/warn.shtml,e3d5f39fa63974443291e349fa820e847f21bf65dd3fc3fca50e856c,e31d70cca877258c62af7d2658ecb1edc5264f32,2026-07-16,2026-07-19
MD,A.C. Moore Arts & Crafts,a c moore arts crafts,,,451120,source,1042809,,exact:post-era,5945,"Retail-Hobby, Toy & Game Shops",,,,,,,,automatic,cik:1042809,Severna Park CDP,2471200,Anne Arundel County,24003,39.086633,-76.564883,place,"571 Ritchie Highway Severna Park, MD 21146",2019-12-17,2020-02-28,27,unknown,,0,0,1,https://www.dllr.state.md.us/employment/warn.shtml,a1e2a21f4abd78325627341a3b6c76913b7ee123be866bfb2eda4176,f1fc3d536a015fafe0678c55d77b65bcff07b0f7,2026-07-16,2026-07-19
MD,Shoppers Food & Pharmacy,shoppers food pharmacy,,,445110,source,,,,,,,,,,,,,,n:shoppers food pharmacy,Kensington town,2443500,Montgomery County,24031,39.026837,-77.07371,place,"5110 Nicholson Lane Kensington, MD 20895",2019-12-19,2020-02-17,56,unknown,,0,0,1,https://www.dllr.state.md.us/employment/warn.shtml,1436a39ba951f7924a28f6d0a9a217d61b59f0252641ad6d1ad5a3d5,1139fc01105a9e2345f3391c35683dd7ec6fa99b,2026-07-16,2026-07-19
MD,Event Solutions d/b/a Motus One,event solutions d b a motus one,,,561920,source,,,,,,,,,,,,,,n:event solutions,Rosedale CDP,2468400,Baltimore County,24005,39.327159,-76.508377,place,"8906 Yellow Brick Rd Suite 6 Rosedale, MD 21237",2019-12-26,2019-12-20,9,unknown,,0,0,1,https://www.dllr.state.md.us/employment/warn.shtml,89cadedee9ab031189c268daeb0641e7919d1c9c91fcd8b390d4f1a1,0116dde6e8ec2ed28b05bf235366c6f33dd9de9f,2026-07-16,2026-07-19
MD,Macy's,macy s,"Macy's, Inc.",,452210,source,794367,M,exact,5311,Retail-Department Stores,,,,Q5479360,cik,,,automatic,qid:Q5479360,Salisbury city,2469925,Wicomico County,24045,38.375328,-75.585925,place,"2304 N. Salisbury Blvd Salisbury, MD 21801",2020-01-10,2020-03-30,80,unknown,,0,0,1,https://www.dllr.state.md.us/employment/warn.shtml,0ba5466fedfd08e7ccabee9f787e0369108f7c7309437897ea66805b,27c848bcd18fa150598182e1c53fdaabf39c2f67,2026-07-16,2026-07-19
MD,"IAS Logistics DFW, LLC d/b/a Pinnacle Logistics",ias logistics dfw llc d b a pinnacle logistics,,,493110,source,,,,,,,,,,,,,,n:ias logistics dfw,,,,,,,,"BWI Airport 7050 Friendship Road Baltimore, MD 21240 1",2020-01-15,2020-04-14,1609,unknown,,0,0,1,https://www.dllr.state.md.us/employment/warn.shtml,cd8b23ca472278598781c724aa9ee4b3fdf37357ada5c0e0f4c711ad,54429526f9b0cab39e1efd3e6fe66fbc915e904b,2026-07-16,2026-07-19
MD,Collington Distribution Center,collington distribution center,,,493110,source,,,,,,,,,,,,,,n:collington distribution center,Upper Marlboro town,2479875,Prince George's County,24033,38.816495,-76.75367,place,"16020 Leeland Road Upper Marlboro, MD 20774",2020-01-29,2020-08-01,520,unknown,,0,0,1,https://www.dllr.state.md.us/employment/warn.shtml,3853ec67dfe0fcc6328d32d2c7464233130e5a0c403e8fb89bddf96f,6db3bdce3c7bc03e1a7c2488bdc36202a1e1b650,2026-07-16,2026-07-19
MD,Oakwood Worldwide (US) LP,oakwood worldwide us,,,531311,source,,,,,,,,,,,,,,n:oakwood worldwide,Glen Burnie CDP,2432650,Anne Arundel County,24003,39.156271,-76.606996,place,"888 Airport Park Road Suite A Glen Burnie, MD 21061",2020-01-29,2020-03-30,2,unknown,,0,0,1,https://www.dllr.state.md.us/employment/warn.shtml,46cdeb79efcc64b4bb77aa8123182cdf5b7fbbd71dad7bb66651bbc4,4b0e73a80f670cf294c2847acc500674564453d4,2026-07-16,2026-07-19
MD,"Fedex Ground Package System, Inc.",fedex ground package system,,,492110,source,1139209,,exact,4513,Air Courier Services,,,,,,,,automatic,cik:1139209,,,,,,,,"4801 Hollins Ferry Road Halethorpe, MD 21227",2020-02-11,2020-04-18,130,unknown,,0,0,1,https://www.dllr.state.md.us/employment/warn.shtml,194f8225478925de1dfebff79d9cab65ba22181bafd148404aebb778,3320e28147dc2ce10d7f19d4ab3a9cc19ecc29fb,2026-07-16,2026-07-19
MD,Transform SR LLC-01074 (Sears Department Store),transform sr llc 01074 sears department store,,,452210,source,,,,,,,,,,,,,,n:transform sr llc 01074,Waldorf CDP,2481175,Charles County,24017,38.609172,-76.919776,place,"11170 Mall Circle Waldorf, MD 20603",2020-02-18,2020-04-12,58,unknown,,0,0,1,https://www.dllr.state.md.us/employment/warn.shtml,2a46a88d71de3e1b022f6564a1ed693ea19d40b1c7f56962feb1235a,8ebdf2a7b94a946fba47d79bff2e2fae10cdf49d,2026-07-16,2026-07-19
MD,Transform SR LLC-06063 (Sears Auto Center),transform sr llc 06063 sears auto center,,,811111,source,,,,,,,,,,,,,,n:transform sr llc 06063,Waldorf CDP,2481175,Charles County,24017,38.609172,-76.919776,place,"11170 Mall Circle Waldorf, MD 20603",2020-02-18,2020-04-12,10,unknown,,0,0,1,https://www.dllr.state.md.us/employment/warn.shtml,a2281ae55d6590af895ed718fb9a2db9186200f0797f2645bb2ebe48,4697a79568365278ffe92e53862cebaa6af6b761,2026-07-16,2026-07-19
MD,Salvation Army Adult Rehabilitation Centers,salvation army adult rehabilitation centers,,,624190,source,,,,,,,,,,,,,,n:salvation army adult rehabilitation centers,Cockeysville CDP,2418250,Baltimore County,24005,39.478003,-76.630796,place,"10912 York Road Cockeysville, MD 21030",2020-03-05,2020-05-30,11,unknown,,0,0,1,https://www.dllr.state.md.us/employment/warn.shtml,4696c603550e01a7eaf6fec7434899d1489e577df667bba5c67b44e7,7d34d23db3316a61c97f5ba9e3288cf8466667a8,2026-07-16,2026-07-19
MD,Salvation Army Adult Rehabilitation Centers,salvation army adult rehabilitation centers,,,624190,source,,,,,,,,,,,,,,n:salvation army adult rehabilitation centers,Baltimore city,2404000,Baltimore city,24510,39.300032,-76.610476,place,"2700 W. Patapsco Ave Baltimore, MD 21230",2020-03-05,2020-05-30,31,unknown,,0,0,1,https://www.dllr.state.md.us/employment/warn.shtml,493144544753bd3a8f496bc8ec3ef9442a7ac460d03af3c21e799b2e,9a6952371f436bf77ebfbe22643d2baf2e3d2ce9,2026-07-16,2026-07-19
MD,Salvation Army Adult Rehabilitation Centers,salvation army adult rehabilitation centers,,,624190,source,,,,,,,,,,,,,,n:salvation army adult rehabilitation centers,Baltimore city,2404000,Baltimore city,24510,39.300032,-76.610476,place,"2250 Gable Avenue Baltimore, MD 21230",2020-03-05,2020-05-30,17,unknown,,0,0,1,https://www.dllr.state.md.us/employment/warn.shtml,0382857604f08b04969d66d55d3e54f6c833d1b2baf745f95a6b16c2,c8574110d4b5eb58f00b65fe412069892ecf4e0e,2026-07-16,2026-07-19
MD,Wolf Furniture,wolf furniture,,,442110,source,,,,,,,,,,,,,,n:wolf furniture,,,,,,,,"6415 Baltimore National Pike Catonsville, MD 21228",2020-03-09,2020-05-09,19,unknown,,0,0,1,https://www.dllr.state.md.us/employment/warn.shtml,7ef63bed59b63ccc5f613c8254fc7d18d9cf4adf2aacc3f45a9ab63a,0316c6d48aeff0e0975ab02ebe650ebea0ebf001,2026-07-16,2026-07-19
MD,Wolf Furniture,wolf furniture,,,442110,source,,,,,,,,,,,,,,n:wolf furniture,Frederick city,2430325,Frederick County,24021,39.434089,-77.414539,place,"1215 W. Patrick Street Frederick, MD 21702",2020-03-09,2020-05-09,21,unknown,,0,0,1,https://www.dllr.state.md.us/employment/warn.shtml,8ea215698a2ce653affefb65911d2309c09f468bca7921f98b4c4df2,15fa4017b0ac004180e5d40b218dc64ce8e7ab8c,2026-07-16,2026-07-19
MD,Wolf Furniture,wolf furniture,,,442110,source,,,,,,,,,,,,,,n:wolf furniture,Pasadena CDP,2460475,Anne Arundel County,24003,39.155703,-76.559807,place,"8038 Ritchie Highway Pasadena, MD 21122",2020-03-09,2020-05-09,27,unknown,,0,0,1,https://www.dllr.state.md.us/employment/warn.shtml,426f3f079e9db167e74f44b7b7fb9fedd02603057b5dbde2b63652bc,367dc7412b81d5f48d26778f571761b111ae3d3d,2026-07-16,2026-07-19
MD,Wolf Furniture,wolf furniture,,,442110,source,,,,,,,,,,,,,,n:wolf furniture,Westminster city,2483100,Carroll County,24013,39.579154,-77.006691,place,"1030 Baltimore Blvd. Westminster, MD 21157",2020-03-09,2020-05-09,17,unknown,,0,0,1,https://www.dllr.state.md.us/employment/warn.shtml,d7c6dcd15e449f1d74992fa76a38df3812670fa8f28cb3b4c27d8b5f,803b497aa562a0b2098ea5b8d9e895edb52aff44,2026-07-16,2026-07-19
MD,Wolf Furniture,wolf furniture,,,442110,source,,,,,,,,,,,,,,n:wolf furniture,Bel Air town,2405550,Harford County,24025,39.534942,-76.346323,place,"2400 Churchville Road Bel Air, MD 21015",2020-03-09,2020-05-09,17,unknown,,0,0,1,https://www.dllr.state.md.us/employment/warn.shtml,7eb71fe6263be7578b75fd1e3e3e1b0dc2021c8c9c00b51b69c21ed9,888e4955947fa4c9d035edfc072ac1b0c7cc1977,2026-07-16,2026-07-19
MD,Wolf Furniture,wolf furniture,,,442110,source,,,,,,,,,,,,,,n:wolf furniture,Towson CDP,2478425,Baltimore County,24005,39.39421,-76.617751,place,"1530 E. Joppa Road Towson, MD 21286",2020-03-09,2020-05-09,26,unknown,,0,0,1,https://www.dllr.state.md.us/employment/warn.shtml,d39c4133ea8f13cd64c303d65a3b96983c561810199f0c044f0c16a8,99c3f8f4fa63f5ce284c3adf97dec589e818cebc,2026-07-16,2026-07-19
MD,Wolf Furniture,wolf furniture,,,442110,source,,,,,,,,,,,,,,n:wolf furniture,Hagerstown city,2436075,Washington County,24043,39.640182,-77.722691,place,"900 Premimum Outlets Blvd. Hagerstown, MD 21740",2020-03-09,2020-05-09,24,unknown,,0,0,1,https://www.dllr.state.md.us/employment/warn.shtml,3ab4cc9163d62d1ca9f0cc3e0f8044cc182219cb65524b6974776ec5,aea3542384c2b5a17d7e13098b08eed2200c2790,2026-07-16,2026-07-19
MD,SP Plus Corporation,sp plus,,,812930,source,1059262,,exact,7510,Services-Auto Rental & Leasing (No Drivers),,,,,,,,automatic,cik:1059262,Oxon Hill CDP,2459500,Prince George's County,24033,38.788793,-76.971864,place,"101 MGM National Avenue Oxon Hill, MD 20745",2020-03-18,2020-03-15,85,unknown,,0,0,1,https://www.dllr.state.md.us/employment/warn.shtml,0921c4300157763978760d5a03d2e13d0fa2546862c6bbe5a7c55f07,19285f6a3b5f9ed9043a7d5c0a054f07a7ce52e4,2026-07-16,2026-07-19
MD,Silver Spring Gymnastics & Fitness,silver spring gymnastics fitness,,,611620,source,,,,,,,,,,,,,,n:silver spring gymnastics fitness,Silver Spring CDP,2472450,Montgomery County,24031,39.002441,-77.020791,place,"2701 Pittman Drive Silver Spring, MD 20910",2020-03-18,2020-03-16,88,unknown,,0,0,1,https://www.dllr.state.md.us/employment/warn.shtml,a74facf4ea87ceed2f2cf1687ac4c729931435dff1381ae79395be45,7ec4ac2ec3b83a3dfc5bba81d7d30432ec64af12,2026-07-16,2026-07-19
MD,Artifact Coffee,artifact coffee,,,722515,source,,,,,,,,,,,,,,n:artifact coffee,Baltimore city,2404000,Baltimore city,24510,39.300032,-76.610476,place,"1500 Union Avenue Suite 1100 Baltimore, MD 21211",2020-03-19,2020-03-16,24,unknown,,0,0,1,https://www.dllr.state.md.us/employment/warn.shtml,1ee4feae4d09f7ea0296ca348f26aebd767cd8ea2a724821809caadd,58e84260720de9b632cedfd131b4dd7cd0cb0d86,2026-07-16,2026-07-19
MD,"Foodshed, LLC",foodshed,,,722511,source,,,,,,,,,,,,,,n:foodshed,Baltimore city,2404000,Baltimore city,24510,39.300032,-76.610476,place,"2031 Clipper Park Road Baltimore, MD 21211",2020-03-19,2020-03-16,4,unknown,,0,0,1,https://www.dllr.state.md.us/employment/warn.shtml,f6b1f502311a69afd5b451536817b1e5f54c22a0df2f9881d7055110,b8b049014283839af4afede50c5181f7a3199dce,2026-07-16,2026-07-19
MD,Hotel at UMCP,hotel at umcp,,,721110,source,,,,,,,,,,,,,,n:hotel at umcp,College Park city,2418750,Prince George's County,24033,38.996276,-76.935594,place,"7777 Baltimore Avenue College Park, MD 20740",2020-03-19,2020-03-19,150,unknown,,0,0,1,https://www.dllr.state.md.us/employment/warn.shtml,b319d8b5ad2a5bbc379bfb68d08f15b3e8ab0136cf2db2df731397c1,4e326bec325d348c1351f742f97820ca4886fc1d,2026-07-16,2026-07-19
MD,Woodberry Kitchen,woodberry kitchen,,,722511,source,,,,,,,,,,,,,,n:woodberry kitchen,Baltimore city,2404000,Baltimore city,24510,39.300032,-76.610476,place,"2010 Clipper Park Road Suite 118 Baltimore, MD 212110",2020-03-19,2020-03-16,76,unknown,,0,0,1,https://www.dllr.state.md.us/employment/warn.shtml,fb4236d67731134ba4f38f85469bfb0c4e824dba33800d4586fa7219,6730bcf5c88460e792cb76f347982fff7001498d,2026-07-16,2026-07-19
MD,Delta Bingo & Gaming,delta bingo gaming,,,713290,source,,,,,,,,,,,,,,n:delta bingo gaming,Laurel city,2445900,Prince George's County,24033,39.095075,-76.861245,place,"3605 Ft. Meade Road Laurel, MD 20724",2020-03-23,2020-03-30,122,unknown,,0,0,1,https://www.dllr.state.md.us/employment/warn.shtml,217df937657236a1eae84f53279dc74a55e2f8de835a437b166584c2,658e491892c5964d9822b46b5c17681d67d57e69,2026-07-16,2026-07-19
MD,ALSCO,alsco,Alsco Inc.,,812331,source,,,,,,,,5493002QZKTXPMZE9V93,Q60752605,label,,,automatic,qid:Q60752605,Lanham CDP,2445550,Prince George's County,24033,38.962124,-76.839173,place,"4900 Philadelphia Way Lanham, MD 20706",2020-03-25,2020-03-20,150,unknown,,0,0,1,https://www.dllr.state.md.us/employment/warn.shtml,1f2dae33fb8af12e4ec73e6f14fe5d603f8650c60cf45cf778319842,aef669fd849470f18b32fd4f44e1296fa90fd9ba,2026-07-16,2026-07-19
MD,Sheraton Columbia Hotel,sheraton columbia hotel,,,721110,source,,,,,,,,,,,,,,n:sheraton columbia hotel,Columbia CDP,2419125,Howard County,24027,39.201146,-76.85905,place,"10207 Wincopin Circle Columbia, MD 21044",2020-03-25,2020-03-16,111,unknown,,0,0,1,https://www.dllr.state.md.us/employment/warn.shtml,2003241f929047ea7ee9254fb95456a330ed6ffa7f9f7f925e314c1e,02e641857e0b6ab33be1b53d3fd50aedf194820e,2026-07-16,2026-07-19
MD,Case Design/Remodeling,case design remodeling,,,236118,source,,,,,,,,,,,,,,n:case design remodeling,Bethesda CDP,2407125,Montgomery County,24031,38.987292,-77.118612,place,"4701 Sangamore Road Suite P-40 Bethesda, MD 20816",2020-03-26,2020-03-23,16,unknown,,0,0,1,https://www.dllr.state.md.us/employment/warn.shtml,332386f7b50491653f331305a595dd319ae9d192ebb00a0a2d6e7fdd,03c8c01021851de196943a734a3e14f36a99387d,2026-07-16,2026-07-19
MD,Case Design/Remodeling,case design remodeling,,,236118,source,,,,,,,,,,,,,,n:case design remodeling,Rockville city,2467675,Montgomery County,24031,39.083666,-77.155585,place,"5030 Boiling Brook Parkway Rockville, MD 20852",2020-03-26,2020-03-23,8,unknown,,0,0,1,https://www.dllr.state.md.us/employment/warn.shtml,e94d73a15b8d12bb8b0ce303964c6637a9ea0120206548df2126d150,ee0076375707478887f30e67ea81dff0f730f061,2026-07-16,2026-07-19
MD,Prosegur Services Group at BWI,prosegur services group at bwi,,,488119,source,,,,,,,,,,,,,,n:prosegur services group at bwi,Baltimore city,2404000,Baltimore city,24510,39.300032,-76.610476,place,"7050 Friendship Road Baltimore, MD 21240",2020-03-26,2020-03-25,53,unknown,,0,0,1,https://www.dllr.state.md.us/employment/warn.shtml,6d75e2f23e483ad38934d2d21c5cfd209db6c3b56246b0f4b58825c6,fc9eeb348d5e523865f5a4925e23fb1728512891,2026-07-16,2026-07-19
MD,Automotive Training Institute,automotive training institute,,,611430,source,,,,,,,,,,,,,,n:automotive training institute,,,,,,,,"705 Digital Drive, Suite V Linthicum Heights, MD 21090",2020-03-30,2020-03-29,54,unknown,,0,0,1,https://www.dllr.state.md.us/employment/warn.shtml,b8970ccd0faddc1342bfca1f8cd446ca19223b96653f2fe9862a2e62,bc2463b91674db68952062ac776931940a2dc6ad,2026-07-16,2026-07-19
MD,Collegiate Hotel Group,collegiate hotel group,,,721110,source,,,,,,,,,,,,,,n:collegiate hotel group,Annapolis city,2401600,Anne Arundel County,24003,38.972152,-76.505332,place,"126 West Street Annapolis, MD 21401",2020-03-30,2020-03-16,103,unknown,,0,0,1,https://www.dllr.state.md.us/employment/warn.shtml,8ffe00915e95f2e028416b2721fa8d0fea4a00a2c5f099fcec213f2f,9424b81ed816fdb391e2d03192acdad33c708096,2026-07-16,2026-07-19
MD,Maximus Federal Services,maximus federal services,,,561210,source,,,,,,,,,,,"MAXIMUS, INC.",1032220,,n:maximus federal services,Largo CDP,2445825,Prince George's County,24033,38.88035,-76.829266,place,"1601 McCormick Drive Largo, MD 20774",2020-03-30,2020-07-01,55,unknown,,0,0,1,https://www.dllr.state.md.us/employment/warn.shtml,2a20314a37d143eda2ba4969a8b76dbb6d668bf8d15131e307927dac,bf2621210272561893039b5f5300d7050470396e,2026-07-16,2026-07-19
MD,"Ahern Rentals, Inc.",ahern rentals,,,532412,source,1337913,,exact:post-era,7359,"Services-Equipment Rental & Leasing, NEC",,,,,,,,automatic,cik:1337913,Upper Marlboro town,2479875,Prince George's County,24033,38.816495,-76.75367,place,"7910 Penn Randall Place Upper Marlboro, MD 20772",2020-03-31,2020-03-30,1,unknown,,0,0,1,https://www.dllr.state.md.us/employment/warn.shtml,634916be7a3d887ce1bb13f5c772b339a75b96797c303ab47597050a,44bba223f5e523c2b9df13263bd77fc2bd6488f0,2026-07-16,2026-07-19
MD,Cinemark Egyptian 24,cinemark egyptian 24,,,512131,source,,,,,,,,,,,,,,n:cinemark egyptian 24,,,,,,,,"7000 Arundel Mills Circle C-1 Hanover, MD 21076",2020-04-01,2020-03-27,90,unknown,,0,0,1,https://www.dllr.state.md.us/employment/warn.shtml,1b9c3f72ab256c24977f5ea632c866d00c17f21ee213d6ae86706f43,31aeaedbb394e430c1f5eb4ca6d002989459570d,2026-07-16,2026-07-19
MD,Cinemark Egyptian 24,cinemark egyptian 24,,,512131,source,,,,,,,,,,,,,,n:cinemark egyptian 24,Towson CDP,2478425,Baltimore County,24005,39.39421,-76.617751,place,"111 East Joppa Road Towson, MD 21286",2020-04-01,2020-03-27,146,unknown,,0,0,1,https://www.dllr.state.md.us/employment/warn.shtml,20f4770a70fbe474bed3fac03d5cad50312481d6f60228b248c855bf,d3fd32465034fef3e9328739b795e10a6dd77b2f,2026-07-16,2026-07-19
MD,"CorePower Yoga, LLC",corepower yoga,,,611699,source,1470210,,exact:post-era,,,,,,,,,,automatic,cik:1470210,Baltimore city,2404000,Baltimore city,24510,39.300032,-76.610476,place,"1321 Dock Street Baltimore, MD 21231",2020-04-01,2020-03-30,31,unknown,,0,0,1,https://www.dllr.state.md.us/employment/warn.shtml,fab75b712db822d617ab10b885f27f738b8ec5194b2480b2c02a7dcd,3e292da6a1045b8a337dfc828e66a7942d517ce8,2026-07-16,2026-07-19
MD,"CorePower Yoga, LLC",corepower yoga,,,611699,source,1470210,,exact:post-era,,,,,,,,,,automatic,cik:1470210,Baltimore city,2404000,Baltimore city,24510,39.300032,-76.610476,place,"727 West 40th Street Suite 136 Baltimore, MD 21211",2020-04-01,2020-03-30,27,unknown,,0,0,1,https://www.dllr.state.md.us/employment/warn.shtml,b309d2ea67d631f00e93806f218850c04d66f2663be53e1757ac14b6,41881705221b3a1c325f672a779600be5068d6df,2026-07-16,2026-07-19
MD,"CorePower Yoga, LLC",corepower yoga,,,611699,source,1470210,,exact:post-era,,,,,,,,,,automatic,cik:1470210,Baltimore city,2404000,Baltimore city,24510,39.300032,-76.610476,place,"3700 Toone Street Suite D Baltimore, MD 21224",2020-04-01,2020-03-30,34,unknown,,0,0,1,https://www.dllr.state.md.us/employment/warn.shtml,716da7a526482517a0fb84a8d69ec615b64ba69d5ea16a63c80ed3bd,6736bc9bc93c7c784634315dbf537c58a1386bba,2026-07-16,2026-07-19
MD,"CorePower Yoga, LLC",corepower yoga,,,611699,source,1470210,,exact:post-era,,,,,,,,,,automatic,cik:1470210,Baltimore city,2404000,Baltimore city,24510,39.300032,-76.610476,place,"1420 Key Highway Suite 201 Baltimore, MD 21230",2020-04-01,2020-03-30,42,unknown,,0,0,1,https://www.dllr.state.md.us/employment/warn.shtml,79eefea9e0001defe9e70b985d897c07eef96e56aaa90a5fb8c2f924,84be7ed35927546829fb7b91a1e3799c72b89cdb,2026-07-16,2026-07-19
MD,"CorePower Yoga, LLC",corepower yoga,,,611699,source,1470210,,exact:post-era,,,,,,,,,,automatic,cik:1470210,,,Montgomery County,24031,38.981893,-77.083197,county,"6708 Wisconsin Avenue Suite 300 Chevy Chase, MD 20815",2020-04-01,2020-03-30,59,unknown,,0,0,1,https://www.dllr.state.md.us/employment/warn.shtml,4a8d45095902fbbbd4a1bc797cad27b26adc2090e76ef975621a0eef,dfd37cd726afa5832403eea6b7a2916ed39a84d2,2026-07-16,2026-07-19
MD,Schulte Companies d/b/a Courtyard by Marriott,schulte companies d b a courtyard by marriott,,,721110,source,,,,,,,,,,,,,,n:schulte companies,Salisbury city,2469925,Wicomico County,24045,38.375328,-75.585925,place,"128 Troopers Way Salisbury, MD 21804",2020-04-01,2020-03-16,32,unknown,,0,0,1,https://www.dllr.state.md.us/employment/warn.shtml,2201b7f4394cbc7c239c86b94d504ed009cc167360897f44865ed483,7c2e5b8476852be84cd49a3b59a0e453e3eedd4d,2026-07-16,2026-07-19
MD,Schulte Companies d/b/a Embassy Suites Inner Harbor Hotel,schulte companies d b a embassy suites inner harbor hotel,,,721110,source,,,,,,,,,,,,,,n:schulte companies,,,,,,,,"222 St. Paul Place Baltimore, MD 212020",2020-04-01,2020-03-16,103,unknown,,0,0,1,https://www.dllr.state.md.us/employment/warn.shtml,c87591fde85b84730dc559116682055b4891d0d7c182b8246c77c9aa,e98f73f503197a26c68d91918cf766b1f74cfda8,2026-07-16,2026-07-19
MD,Schulte Companies d/b/a Hampton Inn & Suites,schulte companies d b a hampton inn suites,,,721110,source,,,,,,,,,,,,,,n:schulte companies,Annapolis city,2401600,Anne Arundel County,24003,38.972152,-76.505332,place,"124 Womack Drive Annapolis, MD 21401",2020-04-01,2020-03-16,12,unknown,,0,0,1,https://www.dllr.state.md.us/employment/warn.shtml,79c4ad914540604430869f430683f45620ed9c30c2a2b57916ce8fe7,3eb96f8b4f08c64722d7b78fb592931cc94ddf08,2026-07-16,2026-07-19
MD,Schulte Companies d/b/a Residence Inn by Marriott,schulte companies d b a residence inn by marriott,,,721110,source,,,,,,,,,,,,,,n:schulte companies,Salisbury city,2469925,Wicomico County,24045,38.375328,-75.585925,place,"140 Centre Road Salisbury, MD 21801",2020-04-01,2020-03-16,15,unknown,,0,0,1,https://www.dllr.state.md.us/employment/warn.shtml,9e9ea0f38fd039daead517c8619d90c3b309c15eeb6b5190b4e49966,d0542ae71f2e08fb8423bd9cbae113e585423675,2026-07-16,2026-07-19
MD,Four Seasons Hotel Baltimore,four seasons hotel baltimore,,,721110,source,,,,,,,,,,,,,,n:four seasons hotel baltimore,Baltimore city,2404000,Baltimore city,24510,39.300032,-76.610476,place,"200 International Drive Baltimore, MD 21202",2020-04-02,2020-03-23,169,unknown,,0,0,1,https://www.dllr.state.md.us/employment/warn.shtml,7b1d6976413d73e2fab1a85316547972a992dafe264c0ecc3dd75023,b06a978db6511e74d645f7fb2e9de049f032ed79,2026-07-16,2026-07-19
MD,Benihana,benihana,,,722511,source,935226,,exact:post-era,5812,Retail-Eating  Places,,,,,,,,automatic,cik:935226,Bethesda CDP,2407125,Montgomery County,24031,38.987292,-77.118612,place,"7935 Wisconsin Avenue Bethesda, MD 20814",2020-04-03,2020-03-16,43,unknown,,0,0,1,https://www.dllr.state.md.us/employment/warn.shtml,6a91ba8caabbfb0343aeeeb168be644790d6998c073d032444fcee28,fe70ce171b4e089a488a813234300276f1bef632,2026-07-16,2026-07-19
MD,Bond 45,bond 45,,,722511,source,,,,,,,,,,,,,,n:bond 45,National Harbor CDP,2455018,Prince George's County,24033,38.783231,-77.008114,place,"149 Waterfront Street National Harbor, MD 20745",2020-04-03,2020-03-16,62,unknown,,0,0,1,https://www.dllr.state.md.us/employment/warn.shtml,54a1dd1c14141be5aebaefbde1a94176cd62715c970e692d5c69d38f,0a54a44ee7b388006b7d198aedd01c3a88d5bed2,2026-07-16,2026-07-19
MD,Under Armour,under armour,Under Armour,,493110,source,1336917,UAA,exact,2300,Apparel & Other Finishd Prods of  Fabrics & Similar Matl,,,,Q2031485,cik,,,automatic,qid:Q2031485,Edgemere CDP,2424950,Baltimore County,24005,39.220671,-76.456375,place,"7030 Tradepoint Avenue Edgemere, Md 21219",2020-04-03,2020-04-12,154,unknown,,0,0,1,https://www.dllr.state.md.us/employment/warn.shtml,2fb0a0ab9c30827bf4f8bbf1839fd6c751f0d0a05bd4a655f467f084,f5c0e5e3ea49548312a24464f6423d3ac69e1d9d,2026-07-16,2026-07-19
MD,"Caesars Baltimore Management Co., LLC d/b/a Horseshoe Baltimore",caesars baltimore management co llc d b a horseshoe baltimore,,,713210,source,,,,,,,,,,,,,,n:caesars baltimore management,Baltimore city,2404000,Baltimore city,24510,39.300032,-76.610476,place,"1525 Russell Street Baltimore, MD 21230",2020-04-04,2020-03-16,1230,unknown,,0,0,1,https://www.dllr.state.md.us/employment/warn.shtml,7978474eac326f05d10cbd96d5a583fdba50fa2b53c65c009fdf73e7,da5497322e02bd760e3880697f2b6ec03f6dd189,2026-07-16,2026-07-19
MD,Capital Digestive Care,capital digestive care,,,621111,source,,,,,,,,,,,,,,n:capital digestive care,,,,,,,,"10801 Lockwood Drive #200 Silver Spring, MD 20901",2020-04-04,2020-03-30,83,unknown,,0,0,1,https://www.dllr.state.md.us/employment/warn.shtml,254b3cb1146819387661460fa0f1398d12adae8c350c83c0b4d3b67a,c35fd80bbdbf8e1b4bce24056e84126d63d7894e,2026-07-16,2026-07-19
MD,"Medical Faculty Associates, Inc.",medical faculty associates,,,621111,source,,,,,,,,,,,,,,n:medical faculty associates,Bethesda CDP,2407125,Montgomery County,24031,38.987292,-77.118612,place,"4920 Elm Street Bethesda, MD 20814",2020-04-04,2020-07-05,2,unknown,,0,0,1,https://www.dllr.state.md.us/employment/warn.shtml,45528024b8888c8cf33878c59d8d59b2ab86cc0c2d6904e173a4d747,9e8e5b02eef0592a0b550b39cdc2bfbd655506cc,2026-07-16,2026-07-19
MD,"Meta Coastal, LLC",meta coastal,,,561720,source,,,,,,,,,,,,,,n:meta coastal,Easton town,2424475,Talbot County,24041,38.776262,-76.070478,place,"350 N. Washington Street Easton, MD 21601",2020-04-06,2020-03-20,2,unknown,,0,0,1,https://www.dllr.state.md.us/employment/warn.shtml,c54197fb733fc40d29b17e5e55657bf815c176ba100a1049d80e72ac,479c452703e56f87c1043c0077be2cca81522c23,2026-07-16,2026-07-19
MD,"Meta Coastal, LLC",meta coastal,,,531110,source,,,,,,,,,,,,,,n:meta coastal,Ocean City town,2458225,Worcester County,24047,38.393125,-75.071208,place,"5200-B Coastal Highway Ocean City, MD 21842",2020-04-06,2020-03-20,7,unknown,,0,0,1,https://www.dllr.state.md.us/employment/warn.shtml,10ceed183c2b646cf0e71e5ea2aa3becdec24ba09d5134601a9c6922,6718d91cff1efd6a4ae67a7bd75b10d455d74464,2026-07-16,2026-07-19
MD,"Meta Coastal, LLC",meta coastal,,,531311,source,,,,,,,,,,,,,,n:meta coastal,,,,,,,,"12815 Coastal Highway Unit #104 Ocean City, MD 21842",2020-04-06,2020-03-20,9,unknown,,0,0,1,https://www.dllr.state.md.us/employment/warn.shtml,99ec9040a894655b74810c5586d579f8284129ad4cfc8b6cee7e45e7,6b7c2e22d1824d74b6428a38ee624dbceaddc048,2026-07-16,2026-07-19
MD,"Meta Coastal, LLC",meta coastal,,,721110,source,,,,,,,,,,,,,,n:meta coastal,Oakland town,2457650,Garrett County,24023,39.417143,-79.402352,place,"19638 Garrett Highway Oakland, MD 21150",2020-04-06,2020-03-20,8,unknown,,0,0,1,https://www.dllr.state.md.us/employment/warn.shtml,1f44999ecb679fb7a24698ba3475d291889c2b421482d614907ee3e5,7ac6f12a137e68df4b8dc4f3d693fddb14d53c9d,2026-07-16,2026-07-19
MD,"Meta Coastal, LLC",meta coastal,,,541219,source,,,,,,,,,,,,,,n:meta coastal,,,,,,,,"1404 Crain Highway South Suite 101 Glen Burnie, MD 21061",2020-04-06,2020-03-20,42,unknown,,0,0,1,https://www.dllr.state.md.us/employment/warn.shtml,c2c51563145eeb262d1e0379905e96784bbd06588619cc4c675f14b3,8fc0a2e55aaa43d50b45428bcc21531811cca98a,2026-07-16,2026-07-19
MD,"Meta Coastal, LLC",meta coastal,,,531110,source,,,,,,,,,,,,,,n:meta coastal,Easton town,2424475,Talbot County,24041,38.776262,-76.070478,place,"16 N. Washington Street Suite 102 Easton, MD 21601",2020-04-06,2020-03-20,4,unknown,,0,0,1,https://www.dllr.state.md.us/employment/warn.shtml,be398a77d0e892156d9a09586431ce5c9956bf1d101e27827f13fc17,93e81fdf5009603c1a784940af572176969df4f2,2026-07-16,2026-07-19
MD,Pandora,pandora,,,448310,source,1505880,PNDRY,listed-extension,8880,American Depositary Receipts,,,,,,,,automatic,cik:1505880,,,,,,,,"The Gallery at Harborplace 300 East Pratt Street Baltimore, MD 21202",2020-04-06,2020-04-04,7,unknown,,0,0,1,https://www.dllr.state.md.us/employment/warn.shtml,bc2e17ecf6ba0da1d8c567858a70848895ae065ed148f4b2ba5520a0,cb3db854e495e60036b9a37196fb0f0e26e7d7f9,2026-07-16,2026-07-19
MD,Pandora,pandora,,,448310,source,1505880,PNDRY,listed-extension,8880,American Depositary Receipts,,,,,,,,automatic,cik:1505880,,,,,,,,"St. Charles Towne Center 11110 Mall Circle Waldorf, MD 20603",2020-04-06,2020-04-04,10,unknown,,0,0,1,https://www.dllr.state.md.us/employment/warn.shtml,8689c3fd534eb3fce1a40495eb992680e8d8ef9383847a3a56dc1356,ee75b2492ca8b2f81e9d03ac779ad2333c5bba1b,2026-07-16,2026-07-19
MD,Pandora,pandora,,,448310,source,1505880,PNDRY,listed-extension,8880,American Depositary Receipts,,,,,,,,automatic,cik:1505880,,,,,,,,"The Mall at Columbia 10300 Little Patuxent Parkway Columbia, MD 21044",2020-04-06,2020-04-04,17,unknown,,0,0,1,https://www.dllr.state.md.us/employment/warn.shtml,13f89003b41ea67d5e4c97b856fe384a1c60962de8f4653dab2e4d96,f1edd690e725de8b3ff26821e626dc087807dbb1,2026-07-16,2026-07-19
MD,The Silver Heron,silver heron,,,448310,source,,,,,,,,,,,,,,n:silver heron,,,,,,,,"The Mall at Columbia 10300 Little Patuxent Parkway Columbia, MD 21044",2020-04-06,2020-04-04,4,unknown,,0,0,1,https://www.dllr.state.md.us/employment/warn.shtml,edb25d1609193812afc3fba09957e97a0ef64018e98efb6edb759db5,7a311245c76d2b6ebada838d1ed937078f112b9a,2026-07-16,2026-07-19
MD,RTW Retailwinds d/b/a Fashion to Figure,rtw retailwinds d b a fashion to figure,New York & Company,,448120,source,1211351,,exact:base,5621,Retail-Women's Clothing Stores,,,,Q7012977,cik,,,automatic,qid:Q7012977,Abingdon CDP,2400200,Harford County,24025,39.463472,-76.27314,place,"3317 Rosary Court Abingdon, MD 21009",2020-04-08,2020-03-29,1,unknown,,0,0,1,https://www.dllr.state.md.us/employment/warn.shtml,b7ae7648065cdaa03551be46503a836e231387f30fa02e3df9af2f39,5e532a4fc993e759b74a85bde569e131dd54ea31,2026-07-16,2026-07-19
MD,RTW Retailwinds d/b/a Fashion to Figure,rtw retailwinds d b a fashion to figure,New York & Company,,448120,source,1211351,,exact:base,5621,Retail-Women's Clothing Stores,,,,Q7012977,cik,,,automatic,qid:Q7012977,,,,,,,,"Bowie Town Center 15402-B Emerald Way Space 19A Bowie, MD 20716",2020-04-08,2020-03-29,8,unknown,,0,0,1,https://www.dllr.state.md.us/employment/warn.shtml,675b46aa804a1bf50b6ff473ce1a013c29d732c8f13cc2dc17174a51,98ec5964e9435cd7864c9dd21b6b6560b40cb191,2026-07-16,2026-07-19
MD,RTW Retailwinds d/b/a Fashion to Figure,rtw retailwinds d b a fashion to figure,New York & Company,,448120,source,1211351,,exact:base,5621,Retail-Women's Clothing Stores,,,,Q7012977,cik,,,automatic,qid:Q7012977,,,,,,,,"Westview Mall 5816 Baltimore National Pike Catonsville, MD 21228",2020-04-08,2020-03-29,10,unknown,,0,0,1,https://www.dllr.state.md.us/employment/warn.shtml,477663a67b62b0b47650a09e751d1ee53a3a9a44a978e68f253c76a5,ca303309db989e1a68b48465c823d3b1be6c0161,2026-07-16,2026-07-19
MD,RTW Retailwinds d/b/a New York & Company,rtw retailwinds d b a new york,New York & Company,,448120,source,1211351,,exact:base,5621,Retail-Women's Clothing Stores,,,,Q7012977,cik,,,automatic,qid:Q7012977,,,,,,,,"Hagerstown Premium Outlets 495 Premium Outlel Blvd. Hagerstown, MD 21740",2020-04-08,2020-03-29,12,unknown,,0,0,1,https://www.dllr.state.md.us/employment/warn.shtml,c1268a6f6f60cc8b1d925760766afe66a090951abe0630413625dd97,2380b9a7a273321efc1f1851d83c3644205ce8ab,2026-07-16,2026-07-19
MD,RTW Retailwinds d/b/a New York & Company,rtw retailwinds d b a new york,New York & Company,,448120,source,1211351,,exact:base,5621,Retail-Women's Clothing Stores,,,,Q7012977,cik,,,automatic,qid:Q7012977,,,,,,,,"Wheaton Mall 11160 Veirs Mill Road Wheaton, MD 20902",2020-04-08,2020-03-29,17,unknown,,0,0,1,https://www.dllr.state.md.us/employment/warn.shtml,05dd21ccbd66db24dc11197382c13f597c0e47c90c442b2e625ca676,2774fe8e9fbf5c2f247c6a51c4aa136726b2ed75,2026-07-16,2026-07-19
MD,RTW Retailwinds d/b/a New York & Company,rtw retailwinds d b a new york,New York & Company,,448120,source,1211351,,exact:base,5621,Retail-Women's Clothing Stores,,,,Q7012977,cik,,,automatic,qid:Q7012977,,,,,,,,"Harford Mall 696A Bel Air Road Bel Air, MD 21014",2020-04-08,2020-03-29,9,unknown,,0,0,1,https://www.dllr.state.md.us/employment/warn.shtml,4abebd77c80bc19d86c0df50206f6383187c06ad4a674dba87cb74f9,41d537020cc52552e22bddfeb727ab1aeb0f5083,2026-07-16,2026-07-19
MD,RTW Retailwinds d/b/a New York & Company,rtw retailwinds d b a new york,New York & Company,,448120,source,1211351,,exact:base,5621,Retail-Women's Clothing Stores,,,,Q7012977,cik,,,automatic,qid:Q7012977,,,,,,,,"Bowie Town Center 15443 Emerald Way Bowie, MD 20716",2020-04-08,2020-03-29,16,unknown,,0,0,1,https://www.dllr.state.md.us/employment/warn.shtml,a2765fab260efd7374ce7fb0a321fac2ffa39f5d5474d79de43a9b38,4477ba13e5fba80d4315b308760ccf1763c21c4a,2026-07-16,2026-07-19
MD,RTW Retailwinds d/b/a New York & Company,rtw retailwinds d b a new york,New York & Company,,448120,source,1211351,,exact:base,5621,Retail-Women's Clothing Stores,,,,Q7012977,cik,,,automatic,qid:Q7012977,,,,,,,,"Centre at Salisbury 2300 N. Salisbury Blvd. Salisbury, MD 21801",2020-04-08,2020-03-29,10,unknown,,0,0,1,https://www.dllr.state.md.us/employment/warn.shtml,eb8325c42fa3db79189b7293f3c2ea6e0f3b97c4334e9a661c611f65,5357e4709dd9b7793f8b7bde325bb5a48fa3386a,2026-07-16,2026-07-19
MD,RTW Retailwinds d/b/a New York & Company,rtw retailwinds d b a new york,New York & Company,,448120,source,1211351,,exact:base,5621,Retail-Women's Clothing Stores,,,,Q7012977,cik,,,automatic,qid:Q7012977,,,,,,,,"Columbia Mall 10300 Little Patuxent Parkway Columbia, MD 21044",2020-04-08,2020-03-29,31,unknown,,0,0,1,https://www.dllr.state.md.us/employment/warn.shtml,92a032425d17e79f594c394f8c4380658537289e772c47a51eb9754b,5c8c114021b88a1521a4d07ac9ababaee5f05129,2026-07-16,2026-07-19
MD,RTW Retailwinds d/b/a New York & Company,rtw retailwinds d b a new york,New York & Company,,448120,source,1211351,,exact:base,5621,Retail-Women's Clothing Stores,,,,Q7012977,cik,,,automatic,qid:Q7012977,,,,,,,,"White Marsh Mall 8200 Perry Hall Blvd. Baltimore, MD 21236",2020-04-08,2020-03-29,17,unknown,,0,0,1,https://www.dllr.state.md.us/employment/warn.shtml,00496facec157de8adb7bbce24d75112619e5fe9281b8d766ff0fe0f,6364fed3a2717086569bf1c3e4364f2e66eca22c,2026-07-16,2026-07-19
MD,RTW Retailwinds d/b/a New York & Company,rtw retailwinds d b a new york,New York & Company,,448120,source,1211351,,exact:base,5621,Retail-Women's Clothing Stores,,,,Q7012977,cik,,,automatic,qid:Q7012977,,,,,,,,"Marley Station Mall 7900 Ritchie Highway Suite E205 Glen Burnie, MD 21061",2020-04-08,2020-03-29,10,unknown,,0,0,1,https://www.dllr.state.md.us/employment/warn.shtml,9a978436aac771f4469e521c4d9faa6b4b454333ed749e94e7b8993d,6d0322232393910c713dd82612f18d7991840c25,2026-07-16,2026-07-19
MD,RTW Retailwinds d/b/a New York & Company,rtw retailwinds d b a new york,New York & Company,,448120,source,1211351,,exact:base,5621,Retail-Women's Clothing Stores,,,,Q7012977,cik,,,automatic,qid:Q7012977,,,,,,,,"TownMall of Westminster 400 North Center Street Westminster, MD 21157",2020-04-08,2020-03-29,6,unknown,,0,0,1,https://www.dllr.state.md.us/employment/warn.shtml,6851da14f1bc546e1505442014d4b516fe695eed7345d443a734e49c,7548876731fafa9b262f37635691c1cbedf2cbb9,2026-07-16,2026-07-19
MD,RTW Retailwinds d/b/a New York & Company,rtw retailwinds d b a new york,New York & Company,,448120,source,1211351,,exact:base,5621,Retail-Women's Clothing Stores,,,,Q7012977,cik,,,automatic,qid:Q7012977,,,,,,,,"Downtown Silver Spring 937 Ellsworth Drive Silver Spring, MD 20910",2020-04-08,2020-03-29,29,unknown,,0,0,1,https://www.dllr.state.md.us/employment/warn.shtml,20ecd9661a8b604800e623b6bf287cb2128d8631f32ae9d3927ccf76,79c9441f1c86ba42a4736ee38454cfd9556295eb,2026-07-16,2026-07-19
MD,RTW Retailwinds d/b/a New York & Company,rtw retailwinds d b a new york,New York & Company,,448120,source,1211351,,exact:base,5621,Retail-Women's Clothing Stores,,,,Q7012977,cik,,,automatic,qid:Q7012977,,,,,,,,"National Harbor 6800 Oxon Hill Road National Harbor, MD 20745",2020-04-08,2020-03-29,16,unknown,,0,0,1,https://www.dllr.state.md.us/employment/warn.shtml,f82d7a57a05b4829d679e32442a3a553281b53849eb12b92300f92c4,89951f726509e996d3efc085856cebae4cd708ee,2026-07-16,2026-07-19
MD,RTW Retailwinds d/b/a New York & Company,rtw retailwinds d b a new york,New York & Company,,448120,source,1211351,,exact:base,5621,Retail-Women's Clothing Stores,,,,Q7012977,cik,,,automatic,qid:Q7012977,,,,,,,,"Annapolis Mall 2002 Annapolis Mall Annapolis, Md 21401",2020-04-08,2020-03-29,19,unknown,,0,0,1,https://www.dllr.state.md.us/employment/warn.shtml,135c528bc0ed2db4819e0289ece461bf4b706fee2cb524c2d114aeb0,ba216b7a26cfac9862c793075eb42f7adb9bb954,2026-07-16,2026-07-19
MD,RTW Retailwinds d/b/a New York & Company,rtw retailwinds d b a new york,New York & Company,,448120,source,1211351,,exact:base,5621,Retail-Women's Clothing Stores,,,,Q7012977,cik,,,automatic,qid:Q7012977,,,,,,,,"Towson Town Center 825 Dulaney Valley Road Towson, MD 21204",2020-04-08,2020-03-29,23,unknown,,0,0,1,https://www.dllr.state.md.us/employment/warn.shtml,eb24f09a538f931db33c5b70052e780051c4255eb0d9207e401c447a,c3951ce6a955f00e71578de7a3d46efa0c5300e1,2026-07-16,2026-07-19
MD,RTW Retailwinds d/b/a New York & Company,rtw retailwinds d b a new york,New York & Company,,448120,source,1211351,,exact:base,5621,Retail-Women's Clothing Stores,,,,Q7012977,cik,,,automatic,qid:Q7012977,,,,,,,,"Arunde Mills Mall 7000 Arundel Mills Circle Hanover, MD 21076",2020-04-08,2020-03-29,12,unknown,,0,0,1,https://www.dllr.state.md.us/employment/warn.shtml,f7f0f7eb9d09c29784f67395d939c8eceb6f909315a0e77418419c97,c916e8d933d9366e2de5e2e4fc89a3ae4a0c293e,2026-07-16,2026-07-19
MD,RTW Retailwinds d/b/a New York & Company,rtw retailwinds d b a new york,New York & Company,,448120,source,1211351,,exact:base,5621,Retail-Women's Clothing Stores,,,,Q7012977,cik,,,automatic,qid:Q7012977,,,,,,,,"St. Charles Town Center 11110 Mall Circle Waldorf, MD 20603",2020-04-08,2020-03-29,17,unknown,,0,0,1,https://www.dllr.state.md.us/employment/warn.shtml,8418c591187029b0feb856047899bbd47144bcd580736a091f52e202,cb80cf5b0f570aec6f3375718ac2964aefb3b8dd,2026-07-16,2026-07-19
MD,Medieval Times,medieval times,,,711110,source,,,,,,,,,,,,,,n:medieval times,,,,,,,,"7000 Arundel Mills Circle Hanover, MD 21076",2020-04-09,2020-04-12,146,unknown,,0,0,1,https://www.dllr.state.md.us/employment/warn.shtml,9989d8f9a8ae46d0cb4de8817608e9756238fc964b85e241441821cc,926b22573a08f48e96a5e5f754914daf3b7b21f7,2026-07-16,2026-07-19
MD,The Bethesda Country Club,bethesda country club,BETHESDA COUNTRY CLUB INC,,713910,source,,,,,,520565169,,,,,,,automatic,ein:520565169,Bethesda CDP,2407125,Montgomery County,24031,38.987292,-77.118612,place,"7601 Bradley Boulevard Bethesda, MD 20817",2020-04-13,2020-03-26,128,unknown,,0,0,1,https://www.dllr.state.md.us/employment/warn.shtml,7fbf27bfcd178cafe7366380ff55bfd5d63e99e61a17001e2d831dcd,78e958c8d48abe55fc9fe149109feebdd017245e,2026-07-16,2026-07-19
MD,Enterprise Holdings,enterprise holdings,Enterprise Holdings,,532111,source,,,,,,,,,Q834054,label,,,automatic,qid:Q834054,Landover CDP,2445325,Prince George's County,24033,38.924395,-76.887604,place,"1861 South Club Drive Landover, MD 20785",2020-04-22,2020-04-30,65,unknown,,0,0,1,https://www.dllr.state.md.us/employment/warn.shtml,10474204aba7834a8bcb69d1d3a8f92c8c9b14b0446c8a896914c95a,e375345b727170d0220b4413dcdd82a220c6e172,2026-07-16,2026-07-19
MD,Enterprise Holdings,enterprise holdings,Enterprise Holdings,,532111,source,,,,,,,,,Q834054,label,,,automatic,qid:Q834054,,,,,,,,"2273 Research Blvd. Floor 6 & 7 Rockville, MD 20850",2020-04-23,2020-04-30,92,unknown,,0,0,1,https://www.dllr.state.md.us/employment/warn.shtml,58cdbab6f904b8f03c2dd4c94982d77057d25f26aadbd0d17bfe9af2,edb7f5b305c03817e8b1e5540699e2e586b96a1d,2026-07-16,2026-07-19
MD,Next Day Blinds,next day blinds,,,337920,source,,,,,,,,,,,,,,n:next day blinds,Jessup CDP,2442550,Anne Arundel County,24003,39.149094,-76.776388,place,"8251 Preston Court Jessup, MD 20794",2020-04-23,2020-04-14,453,unknown,,0,0,1,https://www.dllr.state.md.us/employment/warn.shtml,42df6d5fa9690abea77b17ecc20d01f64a28397acd4b55bfca785aa7,c0f09baa5310267244b80ceb6d8754d3ac2638b8,2026-07-16,2026-07-19
MD,Visionworks,visionworks,Visionworks of America,,446130,source,1287887,,exact:post-era,,,,,,Q5422607,label,,,automatic,qid:Q5422607,Waldorf CDP,2481175,Charles County,24017,38.609172,-76.919776,place,"11110 Mall Circle Waldorf, MD 20603",2020-04-23,2020-04-04,14,unknown,,0,0,1,https://www.dllr.state.md.us/employment/warn.shtml,870c93ae5efe28ef3f4868e7f70d4cf72cd081ec2f60cf32708b3e25,06c0dcff089c37ef1fd20120bd1bb04ab01abae8,2026-07-16,2026-07-19
MD,Visionworks,visionworks,Visionworks of America,,446130,source,1287887,,exact:post-era,,,,,,Q5422607,label,,,automatic,qid:Q5422607,Cockeysville CDP,2418250,Baltimore County,24005,39.478003,-76.630796,place,"10112 York Road Cockeysville, MD 21030",2020-04-23,2020-04-04,3,unknown,,0,0,1,https://www.dllr.state.md.us/employment/warn.shtml,4896616bff60e2bbf088c02ca8372016a9737d67ee7fa1dbf2e321e2,163f4227a04ce7f266848b9bc626ee8f66e1f92c,2026-07-16,2026-07-19
MD,Visionworks,visionworks,Visionworks of America,,446130,source,1287887,,exact:post-era,,,,,,Q5422607,label,,,automatic,qid:Q5422607,Westminster city,2483100,Carroll County,24013,39.579154,-77.006691,place,"400 N. Center Street Suite 187 Westminster, MD 21157",2020-04-23,2020-04-04,14,unknown,,0,0,1,https://www.dllr.state.md.us/employment/warn.shtml,08261030e80735aad08e030f4eea80f7ef71f1cffb194d19bd12b707,17dda77ec7b05c5b6dba1d0461c833ee54092c6e,2026-07-16,2026-07-19
MD,Visionworks,visionworks,Visionworks of America,,446130,source,1287887,,exact:post-era,,,,,,Q5422607,label,,,automatic,qid:Q5422607,Bel Air town,2405550,Harford County,24025,39.534942,-76.346323,place,"656 Bel Air Road Bel Air, MD 21014",2020-04-23,2020-04-04,10,unknown,,0,0,1,https://www.dllr.state.md.us/employment/warn.shtml,629bc9e440bcb20d6c398b7add9250bedcf277b844dee1b0cc0b97b9,3bbed088304d9c2f5e595b68f3407894691cd83e,2026-07-16,2026-07-19
MD,Visionworks,visionworks,Visionworks of America,,446130,source,1287887,,exact:post-era,,,,,,Q5422607,label,,,automatic,qid:Q5422607,Gambrills CDP,2431350,Anne Arundel County,24003,39.092725,-76.651034,place,"1402 S. Main Chapel Way Suite 114 Gambrills, MD 21054",2020-04-23,2020-04-04,4,unknown,,0,0,1,https://www.dllr.state.md.us/employment/warn.shtml,2b5b04e5625f67c90cbec23812d17b4d8537d8dec3763a6430521256,435f226fa408d762bee7b367707d5b6072c97915,2026-07-16,2026-07-19
MD,Visionworks,visionworks,Visionworks of America,,446130,source,1287887,,exact:post-era,,,,,,Q5422607,label,,,automatic,qid:Q5422607,Gaithersburg city,2431175,Montgomery County,24031,39.148601,-77.195131,place,"631 N. Frederick Avenue Gaithersburg, MD 20879",2020-04-23,2020-04-04,9,unknown,,0,0,1,https://www.dllr.state.md.us/employment/warn.shtml,764b386c2c21d3cbf667b912e3314699489702a6175f1c16e3c84069,56fdf9632bb70a7b438d397f7232f2f7007946ab,2026-07-16,2026-07-19
MD,Visionworks,visionworks,Visionworks of America,,446130,source,1287887,,exact:post-era,,,,,,Q5422607,label,,,automatic,qid:Q5422607,Bowie city,2408775,Prince George's County,24033,38.954703,-76.738834,place,"15431 Emerald Way Bowie, MD 20716",2020-04-23,2020-04-04,7,unknown,,0,0,1,https://www.dllr.state.md.us/employment/warn.shtml,d4b7e123168606d0f468b9ea66b2c99f93b3e259cb41cd892f7ef65f,584612d652ecbe0db48a72484fc2863391f409d9,2026-07-16,2026-07-19
MD,Visionworks,visionworks,Visionworks of America,,446130,source,1287887,,exact:post-era,,,,,,Q5422607,label,,,automatic,qid:Q5422607,Rosedale CDP,2468400,Baltimore County,24005,39.327159,-76.508377,place,"8652 Pulaski Highway Suite A Rosedale, MD 21237",2020-04-23,2020-04-04,11,unknown,,0,0,1,https://www.dllr.state.md.us/employment/warn.shtml,38a27f3be8e117d77853dcfd5f16ba049e4c53f0df2a1f006e4331b9,706dcb2d67160f6b98e779f62af5cd596d814a94,2026-07-16,2026-07-19
MD,Visionworks,visionworks,Visionworks of America,,446130,source,1287887,,exact:post-era,,,,,,Q5422607,label,,,automatic,qid:Q5422607,,,,,,,,"5509 Urbana Pike Frederick, MD 21704",2020-04-23,2020-04-04,5,unknown,,0,0,1,https://www.dllr.state.md.us/employment/warn.shtml,234c4aaeb147c5a6dfe5236ee45b3a70c6a5d7dbc9e45e8b2cb80e08,711ac9138ecb3227caeba1081def20791f5916e8,2026-07-16,2026-07-19
MD,Visionworks,visionworks,Visionworks of America,,446130,source,1287887,,exact:post-era,,,,,,Q5422607,label,,,automatic,qid:Q5422607,Owings Mills CDP,2459425,Baltimore County,24005,39.410494,-76.789371,place,"10369 Reisterstown Road Owings Mills, MD 21117",2020-04-23,2020-04-04,6,unknown,,0,0,1,https://www.dllr.state.md.us/employment/warn.shtml,0daa5e5518d7f806a94b5e125a7fbb0f64ac6d65036d677bc6afe07f,730b921a83598fadb46184f77d7944abf812d9bf,2026-07-16,2026-07-19
MD,Visionworks,visionworks,Visionworks of America,,446130,source,1287887,,exact:post-era,,,,,,Q5422607,label,,,automatic,qid:Q5422607,California CDP,2412150,St. Mary's County,24037,38.297599,-76.492143,place,"23415 Three Notch Road Suite 1101 California, MD 20619",2020-04-23,2020-04-04,8,unknown,,0,0,1,https://www.dllr.state.md.us/employment/warn.shtml,c6d939cf2c0460855078c704408fc230eb5cb8f21dab14abf709cb46,73d4838962a9c842e1a17427a917566764f69d30,2026-07-16,2026-07-19
MD,Visionworks,visionworks,Visionworks of America,,446130,source,1287887,,exact:post-era,,,,,,Q5422607,label,,,automatic,qid:Q5422607,,,,,,,,"2830 Campus Way N. Suite 628 Lanham, MD 20706",2020-04-23,2020-04-04,8,unknown,,0,0,1,https://www.dllr.state.md.us/employment/warn.shtml,ff15d1252408e7ff2d9c52a89b3137f23469c35dd5d8783682cb9b9f,75766e0cdeee4bd1de77605b1399ed234c02c724,2026-07-16,2026-07-19
MD,Visionworks,visionworks,Visionworks of America,,446130,source,1287887,,exact:post-era,,,,,,Q5422607,label,,,automatic,qid:Q5422607,,,,,,,,"7000 Arundel Mills Circle Space 404 Hanover, MD 21076",2020-04-23,2020-04-04,11,unknown,,0,0,1,https://www.dllr.state.md.us/employment/warn.shtml,8c1ff2850c083a1dc44db987ff4a6a278eb67a10ec3b65245528136f,939bc71b894442ce1a36b9dc9a1b6ef29402328d,2026-07-16,2026-07-19
MD,Visionworks,visionworks,Visionworks of America,,446130,source,1287887,,exact:post-era,,,,,,Q5422607,label,,,automatic,qid:Q5422607,,,,,,,,"11802-B Rockville Pike Rockville, MD 20852",2020-04-23,2020-04-04,11,unknown,,0,0,1,https://www.dllr.state.md.us/employment/warn.shtml,455beadefbccf144841ad3d952a4f0cdc33fd2e0ff82b91b99e70882,9627b005c80f293ca5c33e1a2b439e21c99f04a5,2026-07-16,2026-07-19
MD,Visionworks,visionworks,Visionworks of America,,446130,source,1287887,,exact:post-era,,,,,,Q5422607,label,,,automatic,qid:Q5422607,Laurel city,2445900,Prince George's County,24033,39.095075,-76.861245,place,"1003 Fairlawn Avenue Suite 24A Laurel, MD 20707",2020-04-23,2020-04-04,5,unknown,,0,0,1,https://www.dllr.state.md.us/employment/warn.shtml,8ce942072468656b2190a214feac9c9bde0914a49f08d455cf560bb4,9bc6a69b09f59d6fdf244f8474abba1124943e14,2026-07-16,2026-07-19
MD,Visionworks,visionworks,Visionworks of America,,446130,source,1287887,,exact:post-era,,,,,,Q5422607,label,,,automatic,qid:Q5422607,Towson CDP,2478425,Baltimore County,24005,39.39421,-76.617751,place,"825 Dulaney Valley Road Suite 1335 Towson, MD 21204",2020-04-23,2020-04-04,15,unknown,,0,0,1,https://www.dllr.state.md.us/employment/warn.shtml,13ce7ccb6171ac209f061f9a5c8819073fa1e141e1351079197ca199,a1ec03bf3f0d78f02e4184005eddaf986b08412c,2026-07-16,2026-07-19
MD,Visionworks,visionworks,Visionworks of America,,446130,source,1287887,,exact:post-era,,,,,,Q5422607,label,,,automatic,qid:Q5422607,Annapolis city,2401600,Anne Arundel County,24003,38.972152,-76.505332,place,"169 Jennifer Road Suite D Annapolis, MD 21401",2020-04-23,2020-04-04,10,unknown,,0,0,1,https://www.dllr.state.md.us/employment/warn.shtml,ad7d7d4c3fbe1684defc7c4c1abb3f4ccae5fa87650fb24e8ec28619,a841f54cda002659482f9df321d61fb9cb0498e5,2026-07-16,2026-07-19
MD,Visionworks,visionworks,Visionworks of America,,446130,source,1287887,,exact:post-era,,,,,,Q5422607,label,,,automatic,qid:Q5422607,Columbia CDP,2419125,Howard County,24027,39.201146,-76.85905,place,"6250 Columbia Crossing Circle Suite K Columbia, MD 21045",2020-04-23,2020-04-04,12,unknown,,0,0,1,https://www.dllr.state.md.us/employment/warn.shtml,17102169efe5a5d9088d1a5574d1c5ea9ab58a4a94fae00a1c1f60ca,ad6c1bca7d6fc3d57bc72e628e96c662afc3dfa1,2026-07-16,2026-07-19
MD,Visionworks,visionworks,Visionworks of America,,446130,source,1287887,,exact:post-era,,,,,,Q5422607,label,,,automatic,qid:Q5422607,Gaithersburg city,2431175,Montgomery County,24031,39.148601,-77.195131,place,"271 Kentlands Blvd. Gaithersburg, MD 20879",2020-04-23,2020-04-04,5,unknown,,0,0,1,https://www.dllr.state.md.us/employment/warn.shtml,14fed49cad6c13485de0d2e274177cb50ccf485ddbdb1b48657c32e9,d080ed14a2378c7aa0ba5a4a286d566d4a02215c,2026-07-16,2026-07-19
MD,Visionworks,visionworks,Visionworks of America,,446130,source,1287887,,exact:post-era,,,,,,Q5422607,label,,,automatic,qid:Q5422607,,,,,,,,"15902 Crain Highway SE Suite F Brandywine, MD 20613",2020-04-23,2020-04-04,15,unknown,,0,0,1,https://www.dllr.state.md.us/employment/warn.shtml,ae71c86f24f1e422e6e3380d7219cc529b3b90814e1508fe78c517ac,d87e75739bd35849e8928764c2c8d24a396c3755,2026-07-16,2026-07-19
MD,Visionworks,visionworks,Visionworks of America,,446130,source,1287887,,exact:post-era,,,,,,Q5422607,label,,,automatic,qid:Q5422607,Baltimore city,2404000,Baltimore city,24510,39.300032,-76.610476,place,"8153-C Honeygo Blvd. Baltimore, MD 21236",2020-04-23,2020-04-04,13,unknown,,0,0,1,https://www.dllr.state.md.us/employment/warn.shtml,31f19bc10043895d8b5ba5534ae37f872044c470d6416d9e5d619a76,f2eea7bbae32d6f9890e71390ec191e5011b169f,2026-07-16,2026-07-19
MD,Visionworks,visionworks,Visionworks of America,,446130,source,1287887,,exact:post-era,,,,,,Q5422607,label,,,automatic,qid:Q5422607,,,,,,,,"11160 Veirs Mill Road P203A Wheaton, MD 20902",2020-04-23,2020-04-04,12,unknown,,0,0,1,https://www.dllr.state.md.us/employment/warn.shtml,4f12908d28840cb362c7bdfeacb043fc4d4fa0a7398acedbc20ff204,fadd6641c277140cacfd22557cb8360a0433f919,2026-07-16,2026-07-19
MD,Visionworks,visionworks,Visionworks of America,,446130,source,1287887,,exact:post-era,,,,,,Q5422607,label,,,automatic,qid:Q5422607,,,,,,,,"6427 Baltimore Pike Suite A Catonsville, MD 21228",2020-04-23,2020-04-04,5,unknown,,0,0,1,https://www.dllr.state.md.us/employment/warn.shtml,5f045a223d7444ed930383029afcb05c9a370052069f8424775adfe1,fc31e0ee46c7ea9ce7a89ddb186a1636be063087,2026-07-16,2026-07-19
MD,Visionworks,visionworks,Visionworks of America,,446130,source,1287887,,exact:post-era,,,,,,Q5422607,label,,,automatic,qid:Q5422607,Silver Spring CDP,2472450,Montgomery County,24031,39.002441,-77.020791,place,"8551 Fenton Street Silver Spring, MD 20910",2020-04-23,2020-04-04,7,unknown,,0,0,1,https://www.dllr.state.md.us/employment/warn.shtml,e4c70234fa38fa10867a84ac80c661274fbf6e4b95b630040b63ae9c,ff4d2b5e4a5ea9bd632977089fd848c72d1e7859,2026-07-16,2026-07-19
MD,Enterprise Holdings,enterprise holdings,Enterprise Holdings,,532111,source,,,,,,,,,Q834054,label,,,automatic,qid:Q834054,,,,,,,,"7426 New Ridge Road Hanover, MD 21076",2020-04-27,2020-04-30,189,unknown,,0,0,1,https://www.dllr.state.md.us/employment/warn.shtml,bdf596910fb30840f9fc6ab8958681e523cd62b0621c0cfa4f2db73e,353b6560c340d21fb5cdd2785d0450e69f0db8aa,2026-07-16,2026-07-19
MD,Enterprise Holdings,enterprise holdings,Enterprise Holdings,,532111,source,,,,,,,,,Q834054,label,,,automatic,qid:Q834054,,,,,,,,"701 Wedeman Avenue Linthicum Heights, MD 21090",2020-04-27,2020-04-30,220,unknown,,0,0,1,https://www.dllr.state.md.us/employment/warn.shtml,7252bf153c0f20ad7aa9ee2b543442aca976eda998c44500d931b598,6f270e42070f8e87a5be4bd159803ecd44357634,2026-07-16,2026-07-19
MD,"OS Restaurant, LLC d/b/a Bonefish Grill",os restaurant llc d b a bonefish grill,,,722511,source,,,,,,,,,,,,,,n:os restaurant,Frederick city,2430325,Frederick County,24021,39.434089,-77.414539,place,"1305 West 7th Street Frederick, MD 21702",2020-04-27,2020-04-27,54,unknown,,0,0,1,https://www.dllr.state.md.us/employment/warn.shtml,5dd1aef4972e2678541520bf0c07acd90154c3ecaa2b969a7034e654,00287dbdfacdcedb2170edd638412c6937f58ab0,2026-07-16,2026-07-19
MD,"OS Restaurant, LLC d/b/a Bonefish Grill",os restaurant llc d b a bonefish grill,,,722511,source,,,,,,,,,,,,,,n:os restaurant,Glen Burnie CDP,2432650,Anne Arundel County,24003,39.156271,-76.606996,place,"6711 Governor Ritchie Hwy. Glen Burnie, MD 21060",2020-04-27,2020-04-27,47,unknown,,0,0,1,https://www.dllr.state.md.us/employment/warn.shtml,4cfc011d889e7cd617d0f6ca870bc2891e21592b77a5dbf0621c1389,445a8611135f6192e5e97d9d5a6b027272391801,2026-07-16,2026-07-19
MD,"OS Restaurant, LLC d/b/a Bonefish Grill",os restaurant llc d b a bonefish grill,,,722511,source,,,,,,,,,,,,,,n:os restaurant,,,,,,,,"10906 Boulevard Circle Owings Mills, MD 21117",2020-04-27,2020-04-27,58,unknown,,0,0,1,https://www.dllr.state.md.us/employment/warn.shtml,6833fd9c6a6ca2a323f9534f25bb034a16cbf9476387162ef3a03ec8,5988f43a4b3832d37752d5243b2f7cb455227601,2026-07-16,2026-07-19
MD,"OS Restaurant, LLC d/b/a Bonefish Grill",os restaurant llc d b a bonefish grill,,,722511,source,,,,,,,,,,,,,,n:os restaurant,,,,,,,,"15910 Crain Highway SE Brandywine, MD 20613",2020-04-27,2020-04-27,46,unknown,,0,0,1,https://www.dllr.state.md.us/employment/warn.shtml,fffa1d1f7d3d94ee1dd7e8de9231b131df3e916ab82d1071415cd947,7468b910485ae114697a26dbfba40cd60aba102b,2026-07-16,2026-07-19
MD,"OS Restaurant, LLC d/b/a Bonefish Grill",os restaurant llc d b a bonefish grill,,,722511,source,,,,,,,,,,,,,,n:os restaurant,Gaithersburg city,2431175,Montgomery County,24031,39.148601,-77.195131,place,"82 Market Street Gaithersburg, MD 20878",2020-04-27,2020-04-27,51,unknown,,0,0,1,https://www.dllr.state.md.us/employment/warn.shtml,a82970c9eb9c2b48719c75cc3b01d5c38a1f0e04d05ed746449fb432,adccf39206b039ece5564205e839e6580cc3c417,2026-07-16,2026-07-19
MD,"OS Restaurant, LLC d/b/a Bonefish Grill",os restaurant llc d b a bonefish grill,,,722511,source,,,,,,,,,,,,,,n:os restaurant,,,,,,,,"696J Bel Air Road #108 Bel Air, MD 21014",2020-04-27,2020-04-27,57,unknown,,0,0,1,https://www.dllr.state.md.us/employment/warn.shtml,a733b3577bc9dab4433d7a59bc7f47648c0844b2c0d34e6398e50b79,addce56fae5d774064a0790b448be276f9e2e717,2026-07-16,2026-07-19
MD,"OS Restaurant, LLC d/b/a Bonefish Grill",os restaurant llc d b a bonefish grill,,,722511,source,,,,,,,,,,,,,,n:os restaurant,Towson CDP,2478425,Baltimore County,24005,39.39421,-76.617751,place,"127 East Joppa Road Towson, MD 21286",2020-04-27,2020-04-27,49,unknown,,0,0,1,https://www.dllr.state.md.us/employment/warn.shtml,e78d7e78bb77b56728187c4ac369015f1f7d0e368b466ae1afddea01,c6885312add812353ad451c19eee7e6be881cb5e,2026-07-16,2026-07-19
MD,"OS Restaurant, LLC d/b/a Bonefish Grill",os restaurant llc d b a bonefish grill,,,722511,source,,,,,,,,,,,,,,n:os restaurant,Gambrills CDP,2431350,Anne Arundel County,24003,39.092725,-76.651034,place,"2381 Brandermill Boulevard Gambrills, MD 21054",2020-04-27,2020-04-27,72,unknown,,0,0,1,https://www.dllr.state.md.us/employment/warn.shtml,c099595d8a26961b7079ff90d728e0f37182436ad8797dea2aa274e5,cc894171f7e1e9237ff5af1bb02fdea56fb2e4ea,2026-07-16,2026-07-19
MD,"OS Restaurant, LLC d/b/a Carraba's",os restaurant llc d b a carraba s,,,722511,source,,,,,,,,,,,,,,n:os restaurant,Baltimore city,2404000,Baltimore city,24510,39.300032,-76.610476,place,"7600 Belair Road Baltimore, MD 21236",2020-04-27,2020-04-27,63,unknown,,0,0,1,https://www.dllr.state.md.us/employment/warn.shtml,a49f270a2355eb619547dec7a8a6a9d4701118a529d2b98104cff0d5,1296cedbf3b25a3fce34289cc180163d1a672fbb,2026-07-16,2026-07-19
MD,"OS Restaurant, LLC d/b/a Carraba's",os restaurant llc d b a carraba s,,,722511,source,,,,,,,,,,,,,,n:os restaurant,Ellicott City CDP,2426000,Howard County,24027,39.276691,-76.833952,place,"4430 Long Gate Parkway Ellicott City, MD 21043",2020-04-27,2020-04-27,84,unknown,,0,0,1,https://www.dllr.state.md.us/employment/warn.shtml,d557c6fa4bc1fd84cb915b05b19eb3f56b5674892ae32cb6c51df28f,18134ee1017b40b4ef035d849b02bdbe0004e387,2026-07-16,2026-07-19
MD,"OS Restaurant, LLC d/b/a Carraba's",os restaurant llc d b a carraba s,,,722511,source,,,,,,,,,,,,,,n:os restaurant,Bowie city,2408775,Prince George's County,24033,38.954703,-76.738834,place,"16431 Governor Bridge Road Bowie, MD 20716",2020-04-27,2020-04-27,66,unknown,,0,0,1,https://www.dllr.state.md.us/employment/warn.shtml,539461b31d71f9957a2fcccb68cbaedda69f578829c6ebf601080d3d,3a1c12b57186fa600339952080a79a667ea9937a,2026-07-16,2026-07-19
MD,"OS Restaurant, LLC d/b/a Carraba's",os restaurant llc d b a carraba s,,,722511,source,,,,,,,,,,,,,,n:os restaurant,Pasadena CDP,2460475,Anne Arundel County,24003,39.155703,-76.559807,place,"8030 Ritchie Highway Pasadena, MD 21122",2020-04-27,2020-04-27,63,unknown,,0,0,1,https://www.dllr.state.md.us/employment/warn.shtml,32150ae50b91b80cdb8e9f932a9da215bf691010420fd31f41970f68,40c66f09d4d1030fa92fb1e41097ebac0a4e858a,2026-07-16,2026-07-19
MD,"OS Restaurant, LLC d/b/a Carraba's",os restaurant llc d b a carraba s,,,722511,source,,,,,,,,,,,,,,n:os restaurant,Germantown CDP,2432025,Montgomery County,24031,39.174252,-77.263754,place,"19935 Century Boulevard Germantown, MD 20874",2020-04-27,2020-04-27,63,unknown,,0,0,1,https://www.dllr.state.md.us/employment/warn.shtml,1ea4decaa4f597812e824c97601c4c844ec47044f14a0f2105594231,579f5d170cafc54193d90462fb02f1065da99ee5,2026-07-16,2026-07-19
MD,"OS Restaurant, LLC d/b/a Carraba's",os restaurant llc d b a carraba s,,,722511,source,,,,,,,,,,,,,,n:os restaurant,,,,,,,,"12728 Ocean Gateway Ocean City, MD 21842",2020-04-27,2020-04-27,43,unknown,,0,0,1,https://www.dllr.state.md.us/employment/warn.shtml,c43cdb556c2dc663367cd6701de4f6e1fa5625077cb0a8939d77e02e,b0f2970205c54421fd1c3d2fe9768a505be2f9ba,2026-07-16,2026-07-19
MD,"OS Restaurant, LLC d/b/a Carraba's",os restaurant llc d b a carraba s,,,722511,source,,,,,,,,,,,,,,n:os restaurant,,,,,,,,"130 Shawan Road Hunt Valley, MD 21031",2020-04-27,2020-04-27,68,unknown,,0,0,1,https://www.dllr.state.md.us/employment/warn.shtml,b2cb57ee31a5cb9fb25a71bb5f28488e5b0c65ccd67f473cad13899f,c8c526d6adce5c03b2de246f4a50099f7645e71b,2026-07-16,2026-07-19
MD,"OS Restaurant, LLC d/b/a Carraba's",os restaurant llc d b a carraba s,,,722511,source,,,,,,,,,,,,,,n:os restaurant,Waldorf CDP,2481175,Charles County,24017,38.609172,-76.919776,place,"3754 Crain Highway Waldorf, MD 20602",2020-04-27,2020-04-27,65,unknown,,0,0,1,https://www.dllr.state.md.us/employment/warn.shtml,43bc86be2112324e69257f798209bf931c6f279ebeab9235a8c0a589,f113e289497f302af23235137b462591ed5fa6c7,2026-07-16,2026-07-19
MD,"OS Restaurant, LLC d/b/a Flemings",os restaurant llc d b a flemings,,,722511,source,,,,,,,,,,,,,,n:os restaurant,Baltimore city,2404000,Baltimore city,24510,39.300032,-76.610476,place,"720 Aliceanna Street Baltimore, MD 21202",2020-04-27,2020-04-27,48,unknown,,0,0,1,https://www.dllr.state.md.us/employment/warn.shtml,f26c939b1e9ad37c18e72f52f76adbfa836654ed73522c5d4c6edd2f,f6c6740ea76f8ea46c3b4a626df6a584a87092c3,2026-07-16,2026-07-19
MD,"OS Restaurant, LLC d/b/a Outback Steakhouse",os restaurant llc d b a outback steakhouse,,,722511,source,,,,,,,,,,,,,,n:os restaurant,Germantown CDP,2432025,Montgomery County,24031,39.174252,-77.263754,place,"12609 Wisteria Drive Germantown, MD 20874",2020-04-27,2020-04-27,63,unknown,,0,0,1,https://www.dllr.state.md.us/employment/warn.shtml,1d7cff46d484d15f44467663171513327f27a127ac5aef1b96790655,11b3f5e45dd7af8dc1d477b2816388d446561051,2026-07-16,2026-07-19
MD,"OS Restaurant, LLC d/b/a Outback Steakhouse",os restaurant llc d b a outback steakhouse,,,722511,source,,,,,,,,,,,,,,n:os restaurant,Silver Spring CDP,2472450,Montgomery County,24031,39.002441,-77.020791,place,"13703 Georgia Avenue Silver Spring, Md 20906",2020-04-27,2020-04-27,53,unknown,,0,0,1,https://www.dllr.state.md.us/employment/warn.shtml,a48220f0db9681e86fc220daf1e7dcf3cd09433b2dafbdd00d1cf829,13293d56640fa9c4a64cec2914bad5d58740234f,2026-07-16,2026-07-19
MD,"OS Restaurant, LLC d/b/a Outback Steakhouse",os restaurant llc d b a outback steakhouse,,,722511,source,,,,,,,,,,,,,,n:os restaurant,,,,,,,,"10904 Boulevard Circle Owings Mills, MD 21117",2020-04-27,2020-04-27,75,unknown,,0,0,1,https://www.dllr.state.md.us/employment/warn.shtml,a15147a7eb923d179fa4f83f479b9aba7dd715ddc000218d90e26105,152cd38604de55b21ad376c799cd61fd29236756,2026-07-16,2026-07-19
MD,"OS Restaurant, LLC d/b/a Outback Steakhouse",os restaurant llc d b a outback steakhouse,,,722511,source,,,,,,,,,,,,,,n:os restaurant,Baltimore city,2404000,Baltimore city,24510,39.300032,-76.610476,place,"4215 Ebenezer Road Baltimore, MD 21236",2020-04-27,2020-04-27,84,unknown,,0,0,1,https://www.dllr.state.md.us/employment/warn.shtml,fe734a7468089776e64831545e57faed99db95408a154eb27fa92dd5,2bcad890f330e2b98b838b2a08595d084adcd961,2026-07-16,2026-07-19
MD,"OS Restaurant, LLC d/b/a Outback Steakhouse",os restaurant llc d b a outback steakhouse,,,722511,source,,,,,,,,,,,,,,n:os restaurant,Gambrills CDP,2431350,Anne Arundel County,24003,39.092725,-76.651034,place,"2507 Evergreen Road Gambrills, MD 21054",2020-04-27,2020-04-27,77,unknown,,0,0,1,https://www.dllr.state.md.us/employment/warn.shtml,a6f655e7f25597bd45978813118a9c4e60d6e617158a272f1d058599,3c1b45ddf9f440fb5806e89503c2656bafa7068f,2026-07-16,2026-07-19
MD,"OS Restaurant, LLC d/b/a Outback Steakhouse",os restaurant llc d b a outback steakhouse,,,722511,source,,,,,,,,,,,,,,n:os restaurant,Laurel city,2445900,Prince George's County,24033,39.095075,-76.861245,place,"14718 Baltimore Avenue Laurel, MD 20707",2020-04-27,2020-04-27,84,unknown,,0,0,1,https://www.dllr.state.md.us/employment/warn.shtml,8b2fcd94b9e3020206ff884f2d5647c5bea2b3a70d90639f7de1674d,52859df19a93b30ce7fd80b36af17b3c0444b21a,2026-07-16,2026-07-19
MD,"OS Restaurant, LLC d/b/a Outback Steakhouse",os restaurant llc d b a outback steakhouse,,,722511,source,,,,,,,,,,,,,,n:os restaurant,,,,,,,,"12741 Ocean Gateway #920 Ocean City, MD 21842",2020-04-27,2020-04-27,68,unknown,,0,0,1,https://www.dllr.state.md.us/employment/warn.shtml,623f61434540628133ad2828e04a6c5926d31e26bd31201bb6f7a300,713485ea0a3afc0daed392945ec90832cf4df963,2026-07-16,2026-07-19
MD,"OS Restaurant, LLC d/b/a Outback Steakhouse",os restaurant llc d b a outback steakhouse,,,722511,source,,,,,,,,,,,,,,n:os restaurant,Prince Frederick CDP,2463950,Calvert County,24009,38.543791,-76.587906,place,"80 Central Square Drive Prince Frederick, MD 20678",2020-04-27,2020-04-27,88,unknown,,0,0,1,https://www.dllr.state.md.us/employment/warn.shtml,cde3c9df8c91e3354186d908ce7f2ecda92675345cafebbf5a524bc1,71ea2d59e7bb9491fc4f1a8f973689104b3095aa,2026-07-16,2026-07-19
MD,"OS Restaurant, LLC d/b/a Outback Steakhouse",os restaurant llc d b a outback steakhouse,,,722511,source,,,,,,,,,,,,,,n:os restaurant,La Plata town,2445750,Charles County,24017,38.543467,-76.96979,place,"6649 Crain Highway La Plata, MD 20646",2020-04-27,2020-04-27,65,unknown,,0,0,1,https://www.dllr.state.md.us/employment/warn.shtml,522e597d629f50335ca19edc5ef59ac36663e23ac7dc634212bf9c9b,867afbe7f09b150fa3223a4747f17585fd8036a6,2026-07-16,2026-07-19
MD,"OS Restaurant, LLC d/b/a Outback Steakhouse",os restaurant llc d b a outback steakhouse,,,722511,source,,,,,,,,,,,,,,n:os restaurant,Salisbury city,2469925,Wicomico County,24045,38.375328,-75.585925,place,"8245 Dickerson Lane Salisbury, MD 21804",2020-04-27,2020-04-27,80,unknown,,0,0,1,https://www.dllr.state.md.us/employment/warn.shtml,2944041002850a58feeb2d5be0d10f125f6312968c4e0bc19add3fcb,88c6fcdfe0b48c9ceb938deaa60395c4827f187d,2026-07-16,2026-07-19
MD,"OS Restaurant, LLC d/b/a Outback Steakhouse",os restaurant llc d b a outback steakhouse,,,722511,source,,,,,,,,,,,,,,n:os restaurant,Glen Burnie CDP,2432650,Anne Arundel County,24003,39.156271,-76.606996,place,"7744 Governor Ritchie Hwy. Glen Burnie, MD 21061",2020-04-27,2020-04-27,127,unknown,,0,0,1,https://www.dllr.state.md.us/employment/warn.shtml,76e69f5b2dfd9d1f389238af228782c1817d82c3d9e5057db4f06a21,8944c5161b689a58e73c587bb9df3a874d341d99,2026-07-16,2026-07-19
MD,"OS Restaurant, LLC d/b/a Outback Steakhouse",os restaurant llc d b a outback steakhouse,,,722511,source,,,,,,,,,,,,,,n:os restaurant,Annapolis city,2401600,Anne Arundel County,24003,38.972152,-76.505332,place,"2207 Forest Drive Annapolis, MD 21401",2020-04-27,2020-04-27,99,unknown,,0,0,1,https://www.dllr.state.md.us/employment/warn.shtml,2954bccc01876d1dac2bf2041c92197d972e7ad166d681e44dca1483,8f7042ea8ae852b2dd3e73a03cbfe501de518fa9,2026-07-16,2026-07-19
MD,"OS Restaurant, LLC d/b/a Outback Steakhouse",os restaurant llc d b a outback steakhouse,,,722511,source,,,,,,,,,,,,,,n:os restaurant,California CDP,2412150,St. Mary's County,24037,38.297599,-76.492143,place,"23415 Three Notch Road California, MD 20619",2020-04-27,2020-04-27,87,unknown,,0,0,1,https://www.dllr.state.md.us/employment/warn.shtml,2bc96b4f5a6aff00dea72f282ca31a2e5f91afdd5182678bc831cb0f,9555592371c0c8b5acc96b24f150135e67536dee,2026-07-16,2026-07-19
MD,"OS Restaurant, LLC d/b/a Outback Steakhouse",os restaurant llc d b a outback steakhouse,,,722511,source,,,,,,,,,,,,,,n:os restaurant,Hyattsville city,2441250,Prince George's County,24033,38.961205,-76.954935,place,"3500 East West Highway Hyattsville, MD 20782",2020-04-27,2020-04-27,82,unknown,,0,0,1,https://www.dllr.state.md.us/employment/warn.shtml,087a5fb84f3da1f4526e6233de230fad25e662312fd7ba679f185ff4,a5e13ae46c8f38be1b13e38d23f0ffbddc8b50ad,2026-07-16,2026-07-19
MD,"OS Restaurant, LLC d/b/a Outback Steakhouse",os restaurant llc d b a outback steakhouse,,,722511,source,,,,,,,,,,,,,,n:os restaurant,Baltimore city,2404000,Baltimore city,24510,39.300032,-76.610476,place,"2400 Boston Street Baltimore, MD 21224",2020-04-27,2020-04-27,57,unknown,,0,0,1,https://www.dllr.state.md.us/employment/warn.shtml,bc4b14daf1fdc975d9352d969483898e4e9cc25f0392ea31a5b019af,a8c2a0741d567885b61afa6e67dbf74446d1ba3d,2026-07-16,2026-07-19
MD,"OS Restaurant, LLC d/b/a Outback Steakhouse",os restaurant llc d b a outback steakhouse,,,722511,source,,,,,,,,,,,,,,n:os restaurant,Largo CDP,2445825,Prince George's County,24033,38.88035,-76.829266,place,"9660 Lottsford Court Largo, MD 20774",2020-04-27,2020-04-27,76,unknown,,0,0,1,https://www.dllr.state.md.us/employment/warn.shtml,f2612e93324c1b2589843a1360898edc1be1cb72659c51a66fc0d46d,acd0308d611bba585455063dda5043892b787864,2026-07-16,2026-07-19
MD,"OS Restaurant, LLC d/b/a Outback Steakhouse",os restaurant llc d b a outback steakhouse,,,722511,source,,,,,,,,,,,,,,n:os restaurant,Ellicott City CDP,2426000,Howard County,24027,39.276691,-76.833952,place,"4420 Long Gate Parkway Ellicott City, MD 21043",2020-04-27,2020-04-27,144,unknown,,0,0,1,https://www.dllr.state.md.us/employment/warn.shtml,b68f71e43d0c3d8efb9e79fb46a03181ab7ae01f31e287b3cc0efd57,b5b51be87af92291edbdc1eb1150609d33e913f5,2026-07-16,2026-07-19
MD,"OS Restaurant, LLC d/b/a Outback Steakhouse",os restaurant llc d b a outback steakhouse,,,722511,source,,,,,,,,,,,,,,n:os restaurant,,,,,,,,"134 Shawan Road Hunt Valley, MD 21030",2020-04-27,2020-04-27,66,unknown,,0,0,1,https://www.dllr.state.md.us/employment/warn.shtml,1c36e0f607b09df33bf207148e5ab2f7ebf8dcfb5489370e7879465e,be9514a6fa80417ff26049bc7b69657391492eb5,2026-07-16,2026-07-19
MD,"OS Restaurant, LLC d/b/a Outback Steakhouse",os restaurant llc d b a outback steakhouse,,,722511,source,,,,,,,,,,,,,,n:os restaurant,Oxon Hill CDP,2459500,Prince George's County,24033,38.788793,-76.971864,place,"6091 Oxon Hill Road Oxon Hill, MD 20745",2020-04-27,2020-04-27,87,unknown,,0,0,1,https://www.dllr.state.md.us/employment/warn.shtml,a7cc61e81d470bbdb781e5165601c6b4681cb1c0168e5dd2dc1ef97e,bed21b164b8d5d3a97b00c49bec27bc1c963fd0b,2026-07-16,2026-07-19
MD,"OS Restaurant, LLC d/b/a Outback Steakhouse",os restaurant llc d b a outback steakhouse,,,722511,source,,,,,,,,,,,,,,n:os restaurant,Hagerstown city,2436075,Washington County,24043,39.640182,-77.722691,place,"240 Railway Lane Hagerstown, MD 21740",2020-04-27,2020-04-27,87,unknown,,0,0,1,https://www.dllr.state.md.us/employment/warn.shtml,563054661f4ce6ee4a29c677b62fd1841d97f890dcdee84f1812aa08,d069c888a02f0796fbf1aecedafc81f721905b27,2026-07-16,2026-07-19
MD,"OS Restaurant, LLC d/b/a Outback Steakhouse",os restaurant llc d b a outback steakhouse,,,722511,source,,,,,,,,,,,,,,n:os restaurant,Waldorf CDP,2481175,Charles County,24017,38.609172,-76.919776,place,"3020 Crain Highway Waldorf, MD 20601",2020-04-27,2020-04-27,84,unknown,,0,0,1,https://www.dllr.state.md.us/employment/warn.shtml,3db9a656e0f0f6edb213dcb5e1c53403bb32972a6c913044d3db282a,d2b90d298233c3ca8e2199ce392cd9ab1cb60c3f,2026-07-16,2026-07-19
MD,"OS Restaurant, LLC d/b/a Outback Steakhouse",os restaurant llc d b a outback steakhouse,,,722511,source,,,,,,,,,,,,,,n:os restaurant,Frederick city,2430325,Frederick County,24021,39.434089,-77.414539,place,"1007 West Patrick Street Frederick, MD 21702",2020-04-27,2020-04-27,97,unknown,,0,0,1,https://www.dllr.state.md.us/employment/warn.shtml,5fac79ed5cfa877e20d0ce95a21185942ec2726decf3a1c347a1ef90,f5bc698ac238670458178f7c26f9c3989dae7eca,2026-07-16,2026-07-19
MD,"OS Restaurant, LLC d/b/a Outback Steakhouse",os restaurant llc d b a outback steakhouse,,,722511,source,,,,,,,,,,,,,,n:os restaurant,Bel Air town,2405550,Harford County,24025,39.534942,-76.346323,place,"615 Bel Air Road Bel Air, MD 21014",2020-04-27,2020-04-27,94,unknown,,0,0,1,https://www.dllr.state.md.us/employment/warn.shtml,a8983e678071eafbff55036b441ba8aa2dec133f5d14a22f7dddb904,f8749c2488e2b6f37399cb500087d78b8c518277,2026-07-16,2026-07-19
MD,Residence Inn at Hunt Valley,residence inn at hunt valley,,,721110,source,,,,,,,,,,,,,,n:residence inn at hunt valley,,,,,,,,"45 Schilling Road Hunt Valley, MD 21031",2020-04-27,2020-03-23,34,unknown,,0,0,1,https://www.dllr.state.md.us/employment/warn.shtml,0087457bd5b9be864719d08c346cdfb60514bb727ac5147a270f0999,0cd697cb88552c4a1e113f3c0d667ee68ce8e64a,2026-07-16,2026-07-19
MD,"Shutterfly Lifetouch, LLC",shutterfly lifetouch,,,541921,source,,,,,,,,,,,,,,n:shutterfly lifetouch,,,,,,,,Statewide,2020-04-28,2020-03-12,413,unknown,,0,0,1,https://www.dllr.state.md.us/employment/warn.shtml,a6aa5138ee57ab265772803c7faa7a857d2107940a70990845097845,3de8e801903f9502c4f603ec28605c342f37c8e5,2026-07-16,2026-07-19
MD,HMS Host,hms host,HMSHost,,722513,source,,,,,,,,,Q3786866,label,Autogrill,,automatic,qid:Q3786866,Bethesda CDP,2407125,Montgomery County,24031,38.987292,-77.118612,place,"6905 Rockledge Drive Bethesda, MD 20817",2020-05-01,2020-04-24,1,unknown,,0,0,1,https://www.dllr.state.md.us/employment/warn.shtml,32e1d984d745e0dfd264e2cf2958a7109b8a467c40a66fc8b0e136d4,3d077a510a9d56165daaf882fa14339cce97e911,2026-07-16,2026-07-19
MD,Capital Digestive Care,capital digestive care,,,621111,source,,,,,,,,,,,,,,n:capital digestive care,,,,,,,,"10801 Lockwood Drive #200 Silver Spring, MD 20901",2020-05-04,2020-03-30,13,unknown,,0,0,1,https://www.dllr.state.md.us/employment/warn.shtml,6df09ad538b32544feec508513ffae6eb7b66a902b2441c3dca74381,2e24fc2338343e487e6adef2b891d2d988dfb8c5,2026-07-16,2026-07-19
MD,Capital Digestive Care,capital digestive care,,,621111,source,,,,,,,,,,,,,,n:capital digestive care,Bowie city,2408775,Prince George's County,24033,38.954703,-76.738834,place,"4831 Tesla Drive Suite G Bowie, MD 20715",2020-05-04,2020-03-30,5,unknown,,0,0,1,https://www.dllr.state.md.us/employment/warn.shtml,0fc8df4823c34d0d15c9109b9939889e762ed1a3231b46cf06fb0d59,335a6b7ff06827c3f8622c79374d00747134cab9,2026-07-16,2026-07-19
MD,Capital Digestive Care,capital digestive care,,,621111,source,,,,,,,,,,,,,,n:capital digestive care,Rockville city,2467675,Montgomery County,24031,39.083666,-77.155585,place,"15001 Shady Grove Road Suite 300 Rockville, MD 20850",2020-05-04,2020-03-30,9,unknown,,0,0,1,https://www.dllr.state.md.us/employment/warn.shtml,08538d4f104f93c546e72483d54b763ab1b12102bdcef94ae0823b89,99200e264b89fccc6521652a0830263e1f288764,2026-07-16,2026-07-19
MD,Capital Digestive Care,capital digestive care,,,621111,source,,,,,,,,,,,,,,n:capital digestive care,Bethesda CDP,2407125,Montgomery County,24031,38.987292,-77.118612,place,"10215 Fernwood Road Suite 404 Bethesda, MD 20817",2020-05-04,2020-03-30,3,unknown,,0,0,1,https://www.dllr.state.md.us/employment/warn.shtml,0a72397aff03b94c1b52bc4460f88687d307b2a22e11505838b1dca7,a6cb77fd58c6cad382f8a30db51e743d70424c1f,2026-07-16,2026-07-19
MD,Capital Digestive Care,capital digestive care,,,621111,source,,,,,,,,,,,,,,n:capital digestive care,Bowie city,2408775,Prince George's County,24033,38.954703,-76.738834,place,"4861 Tesla Drive Suite K Bowie, MD 20715",2020-05-04,2020-03-30,4,unknown,,0,0,1,https://www.dllr.state.md.us/employment/warn.shtml,86c80ce5cb9534c4095164859a6a8bbcd37b99fd8d0c5435bd3efb7e,b143a9698da42d17cefe5b50ff0ebdb13a5df4e0,2026-07-16,2026-07-19
MD,Capital Digestive Care,capital digestive care,,,621111,source,,,,,,,,,,,,,,n:capital digestive care,Laurel city,2445900,Prince George's County,24033,39.095075,-76.861245,place,"7350 Van Dusen Road Suite 210 Laurel, MD 20707",2020-05-04,2020-03-30,18,unknown,,0,0,1,https://www.dllr.state.md.us/employment/warn.shtml,6080f0938844bf75db1dacdbc27e164af38fbffc744cac43d12b77c7,d0f422a94ba77d18f0b6a5d79039b71aa29ad393,2026-07-16,2026-07-19
MD,Capital Digestive Care,capital digestive care,,,621111,source,,,,,,,,,,,,,,n:capital digestive care,,,Montgomery County,24031,38.981893,-77.083197,county,"5550 Friendship Boulevard Suite T-90 Chevy Chase, MD 20815",2020-05-04,2020-03-30,13,unknown,,0,0,1,https://www.dllr.state.md.us/employment/warn.shtml,c9ac2a68ae502a801fc7af9c8b1eec26fd0f4e5e7898275e4eaa3838,e8de1474f5bb8ab03a1f901079a409a67371261c,2026-07-16,2026-07-19
MD,Capital Digestive Care,capital digestive care,,,621111,source,,,,,,,,,,,,,,n:capital digestive care,Silver Spring CDP,2472450,Montgomery County,24031,39.002441,-77.020791,place,"12510 Prosperity Drive Suite 200 Silver Spring, MD 20904",2020-05-04,2020-03-30,1,unknown,,0,0,1,https://www.dllr.state.md.us/employment/warn.shtml,e2b8d87d9e004cbae1877445090bf6afabd49d3eee6c8811b8af3b3b,f8340a9e7e18a2c23ffd368591d84c2fcaa2d8ed,2026-07-16,2026-07-19
MD,Capital Digestive Care,capital digestive care,,,621111,source,,,,,,,,,,,,,,n:capital digestive care,Rockville city,2467675,Montgomery County,24031,39.083666,-77.155585,place,"9711 Medical Center Drive Suite 308 Rockville, MD 20850",2020-05-04,2020-03-30,11,unknown,,0,0,1,https://www.dllr.state.md.us/employment/warn.shtml,049c30265d3e12f78c4e99bdf0565d91e5251cf255624008c98dbf26,f87509901f3cd73c6683d9edd9b3b97ad5b99b32,2026-07-16,2026-07-19
MD,Turf Valley Resort,turf valley resort,,,721110,source,,,,,,,,,,,,,,n:turf valley resort,Ellicott City CDP,2426000,Howard County,24027,39.276691,-76.833952,place,"2700 Turf Valley Road Ellicott City, MD 21042",2020-05-07,2020-05-11,200,unknown,,0,0,1,https://www.dllr.state.md.us/employment/warn.shtml,beea6ec516478f09aaa0509efcbd32bc1ad2afd53f9a95831ce5a9cf,11210fa8cb8548b8ba81b2be76d0434074caa4f6,2026-07-16,2026-07-19
MD,Cox Automotive,cox automotive,,,423110,source,,,,,,,,,,,,,,n:cox automotive,Elkridge CDP,2425750,Howard County,24027,39.195483,-76.741082,place,"7120 Dorsey Run Road Elkridge, MD 21075",2020-05-08,2020-05-17,161,unknown,,0,0,1,https://www.dllr.state.md.us/employment/warn.shtml,704db2eb262805c4f0517f342ba2d1de1086b1e42be78d9ad7e67a81,fa8de92ded400b60d617ec14fbeab8b37a36e80f,2026-07-16,2026-07-19
MD,"Protocall Communications, Inc.",protocall communications,,,561422,source,,,,,,,,,,,,,,n:protocall communications,Laurel city,2445900,Prince George's County,24033,39.095075,-76.861245,place,"204 Main Street Laurel, MD 20707",2020-05-08,2020-03-23,110,unknown,,0,0,1,https://www.dllr.state.md.us/employment/warn.shtml,721ecea0bc21ed03dd7736d455a5ff01824086eea6982388505e0199,4d8791dcc8a134bbf32ef89b8530115583ecb55f,2026-07-16,2026-07-19
MD,"Transdev Services, Inc.",transdev services,,,485999,source,,,,,,,,,,,,,,n:transdev services,Forestville CDP,2429000,Prince George's County,24033,38.851737,-76.870765,place,"8401 D'Arcy Road Forestville, MD 20747",2020-05-08,2020-06-30,194,unknown,,0,0,1,https://www.dllr.state.md.us/employment/warn.shtml,96241451e4f6008dde5f9deaf8ec05278927b27b3729457ecfef0d5c,be22ab47947481e6934fd4892450efc87392cc53,2026-07-16,2026-07-19
MD,Delta Hunt Valley,delta hunt valley,,,721110,source,,,,,,,,,,,,,,n:delta hunt valley,,,,,,,,"245 Shawan Road Hunt Valley, MD 21031",2020-05-11,2020-03-20,57,unknown,,0,0,1,https://www.dllr.state.md.us/employment/warn.shtml,85dda4cd279cc7fd9bd5fe69d55f87a99226560b6d90b9df3cadeadc,c6fcdd3274a32924d33a6f65c5c3ca00ac2f66bf,2026-07-16,2026-07-19
MD,"E&G Corporation, LLC",e g,,,339999,source,,,,,,,,,,,,,,n:e g,Savage CDP,2470475,Howard County,24027,39.146463,-76.821637,place,"8730 Greewood Place Savage, MD 20763",2020-05-11,2020-03-30,22,unknown,,0,0,1,https://www.dllr.state.md.us/employment/warn.shtml,175d8ef52b438d88388b98d4ee62c231b7cb2f2c69feac9df26e4279,3ff4edff5ea7a39751b03e0b33f0e3d03fec5256,2026-07-16,2026-07-19
MD,"LAZ Parking Mid-Atlantic, LLC",laz parking mid atlantic,,,812930,source,,,,,,,,,,,,,,n:laz parking mid atlantic,Baltimore city,2404000,Baltimore city,24510,39.300032,-76.610476,place,"300 E. Lombard Street Suite 930 Baltimore, MD 21202",2020-05-11,2020-03-18,90,unknown,,0,0,1,https://www.dllr.state.md.us/employment/warn.shtml,3add566d220010179bdf4684e89cf85e8458e60f1506e84261afc409,6f6696ae6ab87ea4060769a9488c7b205f69ad0b,2026-07-16,2026-07-19
MD,Nordstrom,nordstrom,Nordstrom,,452210,source,72333,,exact,5651,Retail-Family Clothing Stores,,,,Q174310,cik,,,automatic,qid:Q174310,,,,,,,,"1880 Annapolis Mall Annapolis, MD 21401",2020-05-12,2020-06-01,237,unknown,,0,0,1,https://www.dllr.state.md.us/employment/warn.shtml,65e02ecb439182ef43fa88c5809dc90b581212c4e1912857d74aa1a5,f98ddcb7769a705780c4a435129bfbac01110fe3,2026-07-16,2026-07-19
MD,"PPE Casino Resorts Maryland, LLC d/b/a Live Casino & Hotel",ppe casino resorts maryland llc d b a live casino hotel,,,713210,source,,,,,,,,,,,,,,n:ppe casino resorts maryland,,,,,,,,"7002 Arundel Mills Circle Hanover, MD 21076",2020-05-12,2020-03-16,2400,unknown,,0,0,1,https://www.dllr.state.md.us/employment/warn.shtml,755fd6b7df9d7752fb67db0354c3d0e9fe390d466ccde730729b7542,005c60647970fea5e3d8446d86bf68d5b6c23722,2026-07-16,2026-07-19
MD,Cambria Suites - Rockville,cambria suites rockville,,,721110,source,,,,,,,,,,,,,,n:cambria suites,Rockville city,2467675,Montgomery County,24031,39.083666,-77.155585,place,"1 Helen Heneghan Way Rockville, MD 20850",2020-05-15,2020-03-23,25,unknown,,0,0,1,https://www.dllr.state.md.us/employment/warn.shtml,71dd77d8dbb505c38f65e806217f8c83fa7d5cbbe91b1e05b589ea83,49a6c9119469603bf3c2a9113ee2f0a440875661,2026-07-16,2026-07-19
MD,Crowne Plaza Hotel,crowne plaza hotel,,,721110,source,,,,,,,,,,,,,,n:crowne plaza hotel,Baltimore city,2404000,Baltimore city,24510,39.300032,-76.610476,place,"105 W. Fayette Street Baltimore, MD 21201",2020-05-15,2020-03-21,6,unknown,,0,0,1,https://www.dllr.state.md.us/employment/warn.shtml,eae67131764a676c3ef347a7154fa44826d84f0071eb4f7d7df29281,fcc7d375458e3156e515bb7f681c77cf2257fba0,2026-07-16,2026-07-19
MD,"Evitts Resort, LLC d/b/a Rocky Gap Casino",evitts resort llc d b a rocky gap casino,,,721120,source,,,,,,,,,,,CENTURY CASINOS INC /CO/,911147,,n:evitts resort,Flintstone CDP,2428425,Allegany County,24001,39.703531,-78.575786,place,"16701 Lakeview Road Flintstone, Md 21530",2020-05-15,2020-03-16,461,unknown,,0,0,1,https://www.dllr.state.md.us/employment/warn.shtml,622d7c26cfab1ef1d7495e78b6d9b32b4228a5c00107cc714368348f,5579a35d5d252f2409e4a995a60f288c1aa27a95,2026-07-16,2026-07-19
MD,"Guitar Center Stores, Inc.",guitar center stores,,,451140,source,1521656,,exact:post-era,,,,,,,,,,automatic,cik:1521656,Frederick city,2430325,Frederick County,24021,39.434089,-77.414539,place,"7114 Geoffrey Way Suite A Frederick, MD 21704",2020-05-15,2020-04-06,105,unknown,,0,0,1,https://www.dllr.state.md.us/employment/warn.shtml,b84808398c11db89aca93b3d58f12029f806d625d36522e930256d91,62d6e3397b2d9b5d82c3614c7d380252495f6b3b,2026-07-16,2026-07-19
MD,HMS Host,hms host,HMSHost,,722513,source,,,,,,,,,Q3786866,label,Autogrill,,automatic,qid:Q3786866,Baltimore city,2404000,Baltimore city,24510,39.300032,-76.610476,place,"107 Fuel Farm Road Baltimore, MD 21240",2020-05-15,2020-03-16,152,unknown,,0,0,1,https://www.dllr.state.md.us/employment/warn.shtml,4593d2466d5172e862b9b18a8e09fda96fe9e7ce73040cf008fe0de6,989d7756fb491d7ec95a9542d86602732618df8a,2026-07-16,2026-07-19
MD,Holiday Inn Gaithersburg,holiday inn gaithersburg,,,721110,source,,,,,,,,,,,,,,n:holiday inn gaithersburg,Gaithersburg city,2431175,Montgomery County,24031,39.148601,-77.195131,place,"2 Montgomery Village Avenue Gaithersburg, MD 20879",2020-05-15,2020-03-24,57,unknown,,0,0,1,https://www.dllr.state.md.us/employment/warn.shtml,7c5169c59e9b3dd7f834c5c710fd068282bfbcdff8435a931da725e9,9594fb3ecd6211a9f01023477440dd641f0298de,2026-07-16,2026-07-19
MD,Holly Poultry,holly poultry,,,424470,source,,,,,,,,,,,,,,n:holly poultry,Baltimore city,2404000,Baltimore city,24510,39.300032,-76.610476,place,"2221 Berlin Street Baltimore, MD 21230",2020-05-15,2020-03-20,7,unknown,,0,0,1,https://www.dllr.state.md.us/employment/warn.shtml,0c0c5aa6bef1d56e1f82727a6e62c1bfa4db49ea4c6d097b02030a30,57e1222f84dca43f2a529aea253614176c1542cf,2026-07-16,2026-07-19
MD,Holly Poultry,holly poultry,,,424470,source,,,,,,,,,,,,,,n:holly poultry,Baltimore city,2404000,Baltimore city,24510,39.300032,-76.610476,place,"2121 Wicomico Street Baltimore, MD 21230",2020-05-15,2020-03-20,36,unknown,,0,0,1,https://www.dllr.state.md.us/employment/warn.shtml,65085181bd28f7d34b9623d9187cef12605f78481f0a9440b0cd9e36,a3660b04b014e6bb64231f025819795b9a5437fc,2026-07-16,2026-07-19
MD,"Hooters of America, LLC",hooters of america,,,722511,source,,,,,,,,,,,,,,n:hooters of america,Baltimore city,2404000,Baltimore city,24510,39.300032,-76.610476,place,"301 Light Street Suite 173 Baltimore, MD 21202",2020-05-15,2020-03-16,18,unknown,,0,0,1,https://www.dllr.state.md.us/employment/warn.shtml,ec18c1d0043aedd5d50b41d63befba74723d1441878b3c6eace47e00,34cc9574d53f85c17c34f1a796a813f0a91ec432,2026-07-16,2026-07-19
MD,"Hooters of America, LLC",hooters of america,,,722511,source,,,,,,,,,,,,,,n:hooters of america,Laurel city,2445900,Prince George's County,24033,39.095075,-76.861245,place,"14707-A Baltimore Avenue Laurel, MD 20707",2020-05-15,2020-03-16,18,unknown,,0,0,1,https://www.dllr.state.md.us/employment/warn.shtml,186a0884b082705f883bbe168835b9faed06534e4002ffd76e12148d,34fd578831acf160822b472e5584944d6c9e95a3,2026-07-16,2026-07-19
MD,"Hooters of America, LLC",hooters of america,,,722511,source,,,,,,,,,,,,,,n:hooters of america,Waldorf CDP,2481175,Charles County,24017,38.609172,-76.919776,place,"3600 Crain Highway Waldorf, MD 20603",2020-05-15,2020-03-16,17,unknown,,0,0,1,https://www.dllr.state.md.us/employment/warn.shtml,58238f3057523370146a14aa35e993b85d6a87cb5cdbb54bef161e93,732895cc6aaf708764787c928be7655370ad32e9,2026-07-16,2026-07-19
MD,"Hooters of America, LLC",hooters of america,,,722511,source,,,,,,,,,,,,,,n:hooters of america,Landover CDP,2445325,Prince George's County,24033,38.924395,-76.887604,place,"1600 Fedex Way Landover, MD 20785",2020-05-15,2020-03-16,18,unknown,,0,0,1,https://www.dllr.state.md.us/employment/warn.shtml,9e98ea264f5ce86693c771a7d45c2f2a29ce07a44f0e63370f41ed25,fb0f6032cbcbc8b634be830d7ba42c772c83082d,2026-07-16,2026-07-19
MD,Hyatt Regency Bethesda,hyatt regency bethesda,,,721110,source,,,,,,,,,,,,,,n:hyatt regency bethesda,,,,,,,,"1 Bethesda Metro Center Bethesda, MD 20814",2020-05-15,2020-03-18,95,unknown,,0,0,1,https://www.dllr.state.md.us/employment/warn.shtml,c3d6baae222e8e885a583efc3b92180107115c4d5383c5176b075748,f015d1f0344e70fedf86cd52fc0b10b3c31f7ed5,2026-07-16,2026-07-19
MD,Marriott Baltimore,marriott baltimore,,,721110,source,,,,,,,,,,,,,,n:marriott baltimore,Baltimore city,2404000,Baltimore city,24510,39.300032,-76.610476,place,"110 S. Eutaw Street Baltimore, MD 21201",2020-05-15,2020-03-21,120,unknown,,0,0,1,https://www.dllr.state.md.us/employment/warn.shtml,f01993ec6414347f96f47adde102a337963a8c82b1fbb762e2cde2bc,4173a43efa50207e63386ca43f7d99718bd3887d,2026-07-16,2026-07-19
MD,"Maryland Cinema Investments, LLC d/b/a Cinépolis",maryland cinema investments llc d b a cin polis,,,512131,source,,,,,,,,,,,,,,n:maryland cinema investments,Gaithersburg city,2431175,Montgomery County,24031,39.148601,-77.195131,place,"629 Center Point Way Gaithersburg, MD 20878",2020-05-15,2020-03-23,65,unknown,,0,0,1,https://www.dllr.state.md.us/employment/warn.shtml,afaf326b2f3e8bb3c0665ff74f1ea5c7cece84b2582a3b07c3508192,9e53c837dbbf2bc439ffcd482df955f0e717458e,2026-07-16,2026-07-19
MD,Miller's Ale House,miller s ale house,,,722511,source,,,,,,,,,,,,,,n:miller s ale house,,,,,,,,"601 Baltimore Pike Bel Air, MD 21014",2020-05-15,2020-03-21,98,unknown,,0,0,1,https://www.dllr.state.md.us/employment/warn.shtml,faffb8bef5eabcd7de7e3989dd0a7385d499f1f2769c048a9c3ca2dc,76b7a3daa2d95130f4aa353adddd9dbb01f21a07,2026-07-16,2026-07-19
MD,Miller's Ale House,miller s ale house,,,722511,source,,,,,,,,,,,,,,n:miller s ale house,,,,,,,,"1471 Rockville Pike Rockville, MD 20852",2020-05-15,2020-03-21,74,unknown,,0,0,1,https://www.dllr.state.md.us/employment/warn.shtml,f4172b8aa8d919bd6e1fdca757ce6c0b210436d1af91d9ca51654f0e,97305fe95004a85744154fb1df835761a937a423,2026-07-16,2026-07-19
MD,Paper Source,paper source,Paper Source,,453998,source,,,,,,,,,Q25000269,label,,,automatic,qid:Q25000269,Bethesda CDP,2407125,Montgomery County,24031,38.987292,-77.118612,place,"4805 Bethesda Avenue Bethesda, MD 20814",2020-05-15,2020-03-29,15,unknown,,0,0,1,https://www.dllr.state.md.us/employment/warn.shtml,4bc0f174676cb00b8e67f54f5b1e75d6fec857fd675074db0deea16d,17be1a59052efa5ffbba89208971f3bcc86e3c21,2026-07-16,2026-07-19
MD,Paper Source,paper source,Paper Source,,453998,source,,,,,,,,,Q25000269,label,,,automatic,qid:Q25000269,Baltimore city,2404000,Baltimore city,24510,39.300032,-76.610476,place,"1809 Reisterstown Road Baltimore, MD 21208",2020-05-15,2020-03-29,14,unknown,,0,0,1,https://www.dllr.state.md.us/employment/warn.shtml,c02bad8be43ed1e00d58f18dbb3db736540af1b50ac281f16e7a5275,b8449d8a66acdef3aa42767b3b03e8ff7e5b4e10,2026-07-16,2026-07-19
MD,"Pier 1 Imports, Inc.",pier 1 imports,Pier 1 Imports,,442299,source,278130,,exact,5700,"Retail-Home Furniture, Furnishings & Equipment Stores",,,,Q7191691,label,,,automatic,qid:Q7191691,Aberdeen city,2400125,Harford County,24025,39.516403,-76.174518,place,"500 Old Post Road Aberdeen, MD 21001",2020-05-15,2020-06-01,134,unknown,,0,0,1,https://www.dllr.state.md.us/employment/warn.shtml,abaabd7424ac78b73b4aa27a15f0b98ba3f91fd37e0bd6c664b29537,4eba091a093af7187e712797ced15095a6afc522,2026-07-16,2026-07-19
MD,Radisson Hotel - Baltimore Inner Harbor,radisson hotel baltimore inner harbor,,,721110,source,,,,,,,,,,,,,,n:radisson hotel,Baltimore city,2404000,Baltimore city,24510,39.300032,-76.610476,place,"110 W. Fayette Street Baltimore, MD 21201",2020-05-15,2020-03-21,43,unknown,,0,0,1,https://www.dllr.state.md.us/employment/warn.shtml,26e6d3c00bc65cdfb6027f23e1792a7bc95246ba251ef11d030e87e0,9bf6e789ebdf822e24ad29da4fcebb9c71fa5c40,2026-07-16,2026-07-19
MD,The Westin - Baltimore Washington Airport,westin baltimore washington airport,,,721110,source,,,,,,,,,,,,,,n:westin,,,,,,,,"1110 Old Elkridge Landing Rd Linthicum Heights, MD 21090",2020-05-15,2020-03-27,71,unknown,,0,0,1,https://www.dllr.state.md.us/employment/warn.shtml,ad2bbcef4f528a07fd26cbda7d3ab5d6018dec8d360cc6fe4df9eba9,c81d7d909adcff9cb72f717754596227d4b11686,2026-07-16,2026-07-19
MD,The Westin - Washington National Harbor,westin washington national harbor,,,721110,source,,,,,,,,,,,,,,n:westin,National Harbor CDP,2455018,Prince George's County,24033,38.783231,-77.008114,place,"170 Waterfront Street National Harbor, MD 20745",2020-05-15,2020-03-28,68,unknown,,0,0,1,https://www.dllr.state.md.us/employment/warn.shtml,9e060679cbcc64eaa912b96744700a89a73d361fe5d3fdbf3f5da480,46d843aa50f3834d818947ce179a2105926c10c9,2026-07-16,2026-07-19
MD,Uncle Julio's,uncle julio s,,,722511,source,,,,,,,,,,,,,,n:uncle julio s,Bethesda CDP,2407125,Montgomery County,24031,38.987292,-77.118612,place,"4870 Bethesda Avenue Bethesda, MD 20814",2020-05-15,2020-03-19,50,unknown,,0,0,1,https://www.dllr.state.md.us/employment/warn.shtml,f51a809d3f3a0b4df1a2c822704f6858f384eff380b93cf502db28d9,1ad25079d9f6ca6f63db47ee028fe10dd36d65d5,2026-07-16,2026-07-19
MD,Charlotte Russe,charlotte russe,,,448120,source,,,,,,,,,,,,,,n:charlotte russe,Wheaton CDP,2483775,Montgomery County,24031,39.04949,-77.058209,place,"11160 Veirs Mill Road Unit 156 Wheaton, MD 20902",2020-05-19,2020-03-27,13,unknown,,0,0,1,https://www.dllr.state.md.us/employment/warn.shtml,32960a27a0ff5569194dddf89834c2ee344f6f3c68fc6401a2add7da,05d3e196f26a2fb85529b4290684e4c75c90da00,2026-07-16,2026-07-19
MD,Charlotte Russe,charlotte russe,,,448120,source,,,,,,,,,,,,,,n:charlotte russe,Baltimore city,2404000,Baltimore city,24510,39.300032,-76.610476,place,"8200 Perry Hall Boulevard Unit 2070 Baltimore, MD 21236",2020-05-19,2020-03-27,13,unknown,,0,0,1,https://www.dllr.state.md.us/employment/warn.shtml,995e50e974052dc304d0215786396c2349d45a327d13035b5817ab50,932afd1e3c8f52e40a6fb3954fc09ac07c5aae29,2026-07-16,2026-07-19
MD,"GenOn Energy Services, LLC",genon energy services,,,221112,source,1752706,,exact,,,,,,,,,,automatic,cik:1752706,,,,,,,,"21200 Martinsburg Road Dickerson, MD 20842",2020-05-19,2020-08-01,63,unknown,,0,0,1,https://www.dllr.state.md.us/employment/warn.shtml,b41511d9e5316cc41eb1db8d8d19c353f826203428e8d86ecdd06768,e98b78908cbb5e3e63fe6f882deceb567933d300,2026-07-16,2026-07-19
MD,North American Dental Group,north american dental group,,,621210,source,,,,,,,,,,,,,,n:north american dental group,Cumberland city,2421325,Allegany County,24001,39.65131,-78.757959,place,"1415 River Avenue Suite B Cumberland, MD 21502",2020-05-20,2020-03-23,3,unknown,,0,0,1,https://www.dllr.state.md.us/employment/warn.shtml,74b49fbd422d53f4eb75db94aa3cca19413f82dbe6ce363955a1a96f,01a32680129f428282b84bf009b9887571794c12,2026-07-16,2026-07-19
MD,North American Dental Group,north american dental group,,,621210,source,,,,,,,,,,,,,,n:north american dental group,Silver Spring CDP,2472450,Montgomery County,24031,39.002441,-77.020791,place,"13975 Connecticut Avenue Suite 309 Silver Spring, MD 20906",2020-05-20,2020-03-23,4,unknown,,0,0,1,https://www.dllr.state.md.us/employment/warn.shtml,25843e878a7d08a8927b8a4a3d3d5db6780a495b14b2bdab780f1814,59e7bd9d181851adf949673e4a3df887f7920963,2026-07-16,2026-07-19
MD,North American Dental Group,north american dental group,,,621210,source,,,,,,,,,,,,,,n:north american dental group,Frederick city,2430325,Frederick County,24021,39.434089,-77.414539,place,"85 Thomas Court Suite A Frederick, MD 21702",2020-05-20,2020-03-23,6,unknown,,0,0,1,https://www.dllr.state.md.us/employment/warn.shtml,3b303ca52193fef7923e2f0cff75f547e54edc8e612af12ad67753ea,b8189bf7bab15c38d8b36c0f9e6595c9884a4bc2,2026-07-16,2026-07-19
MD,North American Dental Group,north american dental group,,,621210,source,,,,,,,,,,,,,,n:north american dental group,Gaithersburg city,2431175,Montgomery County,24031,39.148601,-77.195131,place,"16069 Comprint Circle Gaithersburg, MD 20877",2020-05-20,2020-03-23,1,unknown,,0,0,1,https://www.dllr.state.md.us/employment/warn.shtml,1b94ef94cc937b88a624d173130a37ef7eb081d56e6ef7439460d46e,e9e2ac50b3fe5fb49cff3281bf705449401ae1e5,2026-07-16,2026-07-19
MD,Sheraton Silver Spring,sheraton silver spring,,,721110,source,,,,,,,,,,,,,,n:sheraton silver spring,Silver Spring CDP,2472450,Montgomery County,24031,39.002441,-77.020791,place,"8777 Georgia Avenue Silver Spring, MD 20910",2020-05-21,2020-05-07,56,unknown,,0,0,1,https://www.dllr.state.md.us/employment/warn.shtml,3bc050ecf03e3f709c7545ecd43358e422a3e55291704d9f1b25b929,1277233036a60cbfd88bc57647e3861a30797957,2026-07-16,2026-07-19
MD,"Bed, Bath & Beyond",bed bath beyond,Bed Bath & Beyond Inc.,,442299,source,886158,,exact,5700,"Retail-Home Furniture, Furnishings & Equipment Stores",,,,Q813782,cik,,,automatic,qid:Q813782,,,,,,,,"1519 Rockville Pike Rockville, MD 20852",2020-05-27,2020-04-04,95,unknown,,0,0,1,https://www.dllr.state.md.us/employment/warn.shtml,c0fe00501a3259931c6c2d790d67c082fb4af02b07f2ee3f5a50aa5a,0a9dea78a9c51763439f830782179166c0377216,2026-07-16,2026-07-19
MD,Parkhurst Dining Services,parkhurst dining services,,,722310,source,,,,,,,,,,,,,,n:parkhurst dining services,,,,,,,,"Loyola University 4501 N. Charles Street Baltimore, MD 21210",2020-05-27,2020-04-17,230,unknown,,0,0,1,https://www.dllr.state.md.us/employment/warn.shtml,fbb25d1580cd0106ba456c8fb2929eeed3a6624811fa229a3cfa7732,025dbde74b88e5f8ac98ac1dc551ccbedc05e0e7,2026-07-16,2026-07-19
MD,Parkhurst Dining Services,parkhurst dining services,,,722310,source,,,,,,,,,,,,,,n:parkhurst dining services,,,,,,,,"Maryland Institute College of Art 140 W. Lafayette Ave. Baltimore, MD 21217",2020-05-27,2020-04-17,50,unknown,,0,0,1,https://www.dllr.state.md.us/employment/warn.shtml,bd59deab84c69350742a7e8376e5c41fa624d90681e727f07a2be5ed,9b6fa85a4e5740f36b2aef17d4e03df1d2f284ad,2026-07-16,2026-07-19
MD,Prosegur Services Group at BWI,prosegur services group at bwi,,,488119,source,,,,,,,,,,,,,,n:prosegur services group at bwi,Baltimore city,2404000,Baltimore city,24510,39.300032,-76.610476,place,"7050 Friendship Road Baltimore, MD 21240",2020-05-27,2020-05-18,27,unknown,,0,0,1,https://www.dllr.state.md.us/employment/warn.shtml,89b8d3b0668147e12723cad5996dab89ec41cb6213c074652a6fd23f,d0f222719c9c357ac40bb85808f191682e6ed277,2026-07-16,2026-07-19
MD,Bethesda North Marriott Hotel & Conference Center,bethesda north marriott hotel conference center,,,721110,source,,,,,,,,,,,,,,n:bethesda north marriott hotel conference center,North Bethesda CDP,2456337,Montgomery County,24031,39.036753,-77.120336,place,"5701 Marinelli Road North Bethesda, MD 20852",2020-06-03,2020-03-21,230,unknown,,0,0,1,https://www.dllr.state.md.us/employment/warn.shtml,cf64425b7dc8dc87642bc5c0b1836d2946bac536657765ebeb567d4a,1b588b08c3211ef92998affb98e1fc52e90554e7,2026-07-16,2026-07-19
MD,Gaithersburg Marriott Washingtonian Center,gaithersburg marriott washingtonian center,,,721110,source,,,,,,,,,,,,,,n:gaithersburg marriott washingtonian center,Gaithersburg city,2431175,Montgomery County,24031,39.148601,-77.195131,place,"9751 Washingtonian Boulevard Gaithersburg, MD 20878",2020-06-03,2020-03-28,115,unknown,,0,0,1,https://www.dllr.state.md.us/employment/warn.shtml,caa5386b3dd517a3d20f6bd797c0ff5c99ca415b9176d83f42b2d365,97f98af465f2ad336b7af1c96bc737e9c4ad29f6,2026-07-16,2026-07-19
MD,Bethesda Marriott Waterfront Hotel,bethesda marriott waterfront hotel,,,721110,source,,,,,,,,,,,,,,n:bethesda marriott waterfront hotel,Baltimore city,2404000,Baltimore city,24510,39.300032,-76.610476,place,"700 Aliceanna Street Baltimore, MD 21201",2020-06-04,2020-03-21,308,unknown,,0,0,1,https://www.dllr.state.md.us/employment/warn.shtml,6670f9bcdf860500ab03fd965c042bcf3d3bdf711129bac8980052a6,bcef307c50df92579a26d8ff7dbdb97bf79c2be5,2026-07-16,2026-07-19
MD,College Park Marriott Hotel & Conference Center,college park marriott hotel conference center,,,721110,source,,,,,,,,,,,,,,n:college park marriott hotel conference center,,,,,,,,"3501 University Blvd. E Hyattsville, MD 20783",2020-06-05,2020-03-14,179,unknown,,0,0,1,https://www.dllr.state.md.us/employment/warn.shtml,9a86115fc9d6dee812eeca9676b1b2588d3e8af6601d615b59a46c77,f7d0f486846f81ea57110ecba69ed3ba78eaec6b,2026-07-16,2026-07-19
MD,Four Seasons Hotel Baltimore,four seasons hotel baltimore,,,721110,source,,,,,,,,,,,,,,n:four seasons hotel baltimore,Baltimore city,2404000,Baltimore city,24510,39.300032,-76.610476,place,"200 International Drive Baltimore, MD 21202",2020-06-05,2020-05-24,87,unknown,,0,0,1,https://www.dllr.state.md.us/employment/warn.shtml,3866d7b5718cc13d8fde01ef253150a2c17f5080ac8103867d4eed3e,b949f4f57038a41f400680594f41dab2994fe1a3,2026-07-16,2026-07-19
MD,BWI Airport Marriott Hotel,bwi airport marriott hotel,,,721110,source,,,,,,,,,,,,,,n:bwi airport marriott hotel,Linthicum CDP,2447125,Anne Arundel County,24003,39.209567,-76.664741,place,"1743 W. Nursery Road Linthicum, MD 21090",2020-06-08,2020-03-21,140,unknown,,0,0,1,https://www.dllr.state.md.us/employment/warn.shtml,8396fffeeda9bd883b41e80a0c87e7826e8468882578e24c2c5fdde0,515bb0a8840fb8e44d599aa9f6e4a7cbcd7d0ed2,2026-07-16,2026-07-19
MD,Bethesda Marriott Suites,bethesda marriott suites,,,721110,source,,,,,,,,,,,,,,n:bethesda marriott suites,Bethesda CDP,2407125,Montgomery County,24031,38.987292,-77.118612,place,"6711 Democracy Boulevard Bethesda, MD 20817",2020-06-08,2020-03-21,84,unknown,,0,0,1,https://www.dllr.state.md.us/employment/warn.shtml,4220179eaae5e50710f211027614da04850e7658d895df528ad449b8,216134bb0f47d963181557c48b7fe2c23f7c7ebc,2026-07-16,2026-07-19
MD,"NorthBay Education, Inc.",northbay education,NORTHBAY EDUCATION INC,,623312,source,,,,,,522112929,E40,,,,,,automatic,ein:522112929,,,,,,,,11 Horseshoe Point Lane,2020-06-08,2020-06-19,136,unknown,,0,0,1,https://www.dllr.state.md.us/employment/warn.shtml,35da933e3ee9ce4ad2a0f8cefac613054630dfd94e87f9b066f61ae6,a231865acc6fb4475075eb782689fafd4256d5c2,2026-07-16,2026-07-19
MD,Bethesda Marriott,bethesda marriott,,,721110,source,,,,,,,,,,,,,,n:bethesda marriott,Bethesda CDP,2407125,Montgomery County,24031,38.987292,-77.118612,place,"5151 Pooks Hill Road Bethesda, MD 20814",2020-06-10,2020-03-21,176,unknown,,0,0,1,https://www.dllr.state.md.us/employment/warn.shtml,dc3f5531c69d8b29a7f1b9773d569a05234436fceb8332fe25d11f4f,e1741572e6e63d35947e1159be2a4de0c88415c8,2026-07-16,2026-07-19
MD,Hyatt Regency Baltimore,hyatt regency baltimore,,,721110,source,,,,,,,,,,,,,,n:hyatt regency baltimore,Baltimore city,2404000,Baltimore city,24510,39.300032,-76.610476,place,"300 Light Street Baltimore, MD 21202",2020-06-11,2020-03-20,177,unknown,,0,0,1,https://www.dllr.state.md.us/employment/warn.shtml,22860b78ba6ff02b255d86519f8332b95d6bfbc0c328416cc532f885,e70d261b26ba0c9d404e779ae01e47e14bf2ed84,2026-07-16,2026-07-19
MD,Gaylord National Harbor Resort and Conference Center,gaylord national harbor resort and conference center,,,721110,source,,,,,,,,,,,,,,n:gaylord national harbor resort and conference center,National Harbor CDP,2455018,Prince George's County,24033,38.783231,-77.008114,place,"201 Waterfront Street National Harbor, MD 20745",2020-06-15,2020-03-11,2077,unknown,,0,0,1,https://www.dllr.state.md.us/employment/warn.shtml,5c972dbc66e94d6fb7c52074639eea460ee2ee2c89c187ce6b8e7de5,2f3ae1836eb332d18146b26ef54723d6ea041aff,2026-07-16,2026-07-19
MD,"Jacobsen Daniels Enterprises, Inc.",jacobsen daniels enterprises,,,541611,source,,,,,,,,,,,,,,n:jacobsen daniels enterprises,,,,,,,,"BWI Airport 7050 Friendship Road Baltimore, Md 21240",2020-06-15,2020-06-12,15,unknown,,0,0,1,https://www.dllr.state.md.us/employment/warn.shtml,12b940ced790117250fb8e1c81285652d03c3c7d40da7435a37f5448,80660492844aeb368621bb43666a5db18780072f,2026-07-16,2026-07-19
MD,AC Hotel National Harbor,ac hotel national harbor,,,721110,source,,,,,,,,,,,,,,n:ac hotel national harbor,Oxon Hill CDP,2459500,Prince George's County,24033,38.788793,-76.971864,place,"156 Waterfront Street Oxon Hill, MD 20745",2020-06-18,2020-03-10,54,unknown,,0,0,1,https://www.dllr.state.md.us/employment/warn.shtml,9ce517879f700b7da8bc4f3514c5e16b06961c3e2c97f4e836745aa7,0705d15a3e9bd4601b2fa34c2ff6c8cb4b6f6301,2026-07-16,2026-07-19
MD,Marriott International Shared Services,marriott international shared services,,,551114,source,,,,,,,,,,,,,,n:marriott international shared services,Bethesda CDP,2407125,Montgomery County,24031,38.987292,-77.118612,place,"10400 Fernwood Road Bethesda, MD 20817",2020-06-19,2020-04-04,64,unknown,,0,0,1,https://www.dllr.state.md.us/employment/warn.shtml,be1e359f49db0a69ea0b2a5eb994090fefad282d327024f177949f1d,5da1cd4abf95143dc6a8e61174df525bfcef1aa8,2026-07-16,2026-07-19
MD,Sheraton Inner Harbor,sheraton inner harbor,,,721110,source,,,,,,,,,,,,,,n:sheraton inner harbor,Baltimore city,2404000,Baltimore city,24510,39.300032,-76.610476,place,"300 South Charles Street Baltimore, MD 21201",2020-06-19,2020-03-21,135,unknown,,0,0,1,https://www.dllr.state.md.us/employment/warn.shtml,1d0308c2fcfce9c77038ad8a675fd8b6082b0aa2f9a6fe26d3e235c8,7662063bb944d895571049486f1c32b32872a82f,2026-07-16,2026-07-19
MD,The Padonia Corporation & Child Care International LTD,padonia corporation child care international,,,713940,source,,,,,,,,,,,,,,n:padonia corporation child care international,Cockeysville CDP,2418250,Baltimore County,24005,39.478003,-76.630796,place,"12006 Jenifer Road Cockeysville, MD 21030",2020-06-19,2020-06-03,69,unknown,,0,0,1,https://www.dllr.state.md.us/employment/warn.shtml,52524145a4840f5b3c68dee501e304dc7e0a87ad0c94b45ee66c97f6,b6e16b6aa716896fa8cd788aa3a6ac07cac4e75c,2026-07-16,2026-07-19
MD,"Fluor Enterprises, Inc.",fluor enterprises,"FLUOR ENTERPRISES, INC.",,237990,source,,,,,,,,254900B6RO7GR5SP5F55,,,,,automatic,lei:254900B6RO7GR5SP5F55,,,,,,,,"6811 Kenilworth Avenue Riverdale, MD 20737",2020-06-24,2020-08-23,87,unknown,,0,0,1,https://www.dllr.state.md.us/employment/warn.shtml,e845ccc398f3f0e5575e4543514e6e6147681e7559ac384870560ad0,a91ddc41bd193e63e444ef8f10151d66d667216f,2026-07-16,2026-07-19
MD,Lane Construction Corporation,lane construction,,,237990,source,,,,,,,,,,,,,,n:lane construction,,,,,,,,"6811 Kenilworth Avenue Riverdale, MD 20737",2020-06-24,2020-08-23,125,unknown,,0,0,1,https://www.dllr.state.md.us/employment/warn.shtml,6a870d8c6cf029126143d096d565cfda50b6832211ee0e7d8b032f49,ac98fece65d584da1a6badd93d82790de7e55a7a,2026-07-16,2026-07-19
MD,"Purple Line Transit Constructors, LLC",purple line transit constructors,,,485111,source,,,,,,,,,,,,,,n:purple line transit constructors,,,,,,,,"6811 Kenilworth Avenue Riverdale, MD 20737",2020-06-24,2020-08-23,478,unknown,,0,0,1,https://www.dllr.state.md.us/employment/warn.shtml,8cad7671fcb83921b347d704b0c4dab2cbc33f963740628f117c2d61,648b0210ce31d711d719a197495b4d1351ae3915,2026-07-16,2026-07-19
MD,Sheppard Pratt - Jefferson School and Residential Treatment Center,sheppard pratt jefferson school and residential treatment center,,,622210,source,,,,,,,,,,,,,,n:sheppard pratt,Jefferson CDP,2442350,Frederick County,24021,39.365345,-77.540671,place,"2940 Point of Rocks Road Jefferson, MD 21755",2020-06-24,2020-08-31,175,unknown,,0,0,1,https://www.dllr.state.md.us/employment/warn.shtml,9ef3b704529d1b14854d69888dc797a93b1aee3c7149ed4b8d77a4bd,b20da4dcdb2eaa61eac2117aa83ce350333292e6,2026-07-16,2026-07-19
MD,"Traylor Bros., Inc.",traylor bros,,,236220,source,,,,,,,,,,,,,,n:traylor bros,,,,,,,,"6811 Kenilworth Avenue Riverdale, MD 20737",2020-06-24,2020-08-23,28,unknown,,0,0,1,https://www.dllr.state.md.us/employment/warn.shtml,e8831d48fb74424fc31af43c3db0876621ebf6adccbf4ddcde3e662d,30c51f7ad1c3752d4bc60b2907598b996c773c02,2026-07-16,2026-07-19
MD,"VT Industries, Inc.",vt industries,,,337110,source,,,,,,,,,,,,,,n:vt industries,Hagerstown city,2436075,Washington County,24043,39.640182,-77.722691,place,"101 Western Maryland Pkwy Hagerstown, MD 21740",2020-06-24,2020-05-13,62,unknown,,0,0,1,https://www.dllr.state.md.us/employment/warn.shtml,a56f6d2387c2e625ebf8a099cbd44fde8db3aef5cbb0737e04052389,9e10961738c794c750a7fd03253bbe182336a17c,2026-07-16,2026-07-19
MD,Victoria's Secret,victoria s secret,Victoria’s Secret,,448190,source,1856437,VSXY,exact,5621,Retail-Women's Clothing Stores,,,,Q332477,cik,"Bath & Body Works, Inc.",,automatic,qid:Q332477,Glen Burnie CDP,2432650,Anne Arundel County,24003,39.156271,-76.606996,place,"7900 Governor Ritchie Hwy. Glen Burnie, MD 21061",2020-06-24,2020-06-25,28,unknown,,0,0,1,https://www.dllr.state.md.us/employment/warn.shtml,aea50860c43ef52e4a71945f7c540540955cbfc9203791a6e72489ce,83af6f63b8e0dbed529483682a9dae9dd9ae93c6,2026-07-16,2026-07-19
MD,Kimpton Hotel Monaco Baltimore Inner Harbor,kimpton hotel monaco baltimore inner harbor,,,721110,source,,,,,,,,,,,,,,n:kimpton hotel monaco baltimore inner harbor,Baltimore city,2404000,Baltimore city,24510,39.300032,-76.610476,place,"2 N. Charles Street Baltimore, MD 21201",2020-06-26,2020-03-11,94,unknown,,0,0,1,https://www.dllr.state.md.us/employment/warn.shtml,113d643a92fbd8cbb758ebe32f37abac48d7b403ae224d9ddb24f18e,9298a66981d4b8471f4f64087e4b4e23a627144e,2026-07-16,2026-07-19
MD,Macy's,macy s,"Macy's, Inc.",,452210,source,794367,M,exact,5311,Retail-Department Stores,,,,Q5479360,cik,,,automatic,qid:Q5479360,,,,,,,,"1295 Annapolis Mall Annapolis, MD 21401",2020-06-26,2020-06-30,103,unknown,,0,0,1,https://www.dllr.state.md.us/employment/warn.shtml,f0a96d0d7a020c8358712bf20e927d1f99edbe35b3536a9dde7fc601,887b302490dbe0e797fa2687ab6336e998a4dd2e,2026-07-16,2026-07-19
MD,Macy's,macy s,"Macy's, Inc.",,452210,source,794367,M,exact,5311,Retail-Department Stores,,,,Q5479360,cik,,,automatic,qid:Q5479360,Columbia CDP,2419125,Howard County,24027,39.201146,-76.85905,place,"10300 Little Patuxent Parkway Columbia, MD 21044",2020-06-26,2020-06-30,131,unknown,,0,0,1,https://www.dllr.state.md.us/employment/warn.shtml,a3caaa5370af5c8f3f7944b46e4c186a5128c7ef8594fa9dc6f3d4e3,8d22794b6b35bf87ddbf81999d965b9746735e79,2026-07-16,2026-07-19
MD,Renaissance Baltimore Harbor Place Hotel,renaissance baltimore harbor place hotel,,,721110,source,,,,,,,,,,,,,,n:renaissance baltimore harbor place hotel,Baltimore city,2404000,Baltimore city,24510,39.300032,-76.610476,place,"202 East Pratt Street Baltimore, MD 21202",2020-06-26,2020-03-23,212,unknown,,0,0,1,https://www.dllr.state.md.us/employment/warn.shtml,34a3cdb9991b0038b5904f46967a29f15ab83ee6de9ac9b874634991,c90b7a645416fae4855d6e7d868cb22f6fdf0a39,2026-07-16,2026-07-19
MD,Double Tree Annapolis,double tree annapolis,,,721110,source,,,,,,,,,,,,,,n:double tree annapolis,Annapolis city,2401600,Anne Arundel County,24003,38.972152,-76.505332,place,"210 Holiday Court Annapolis, MD 21401",2020-06-29,2020-03-24,54,unknown,,0,0,1,https://www.dllr.state.md.us/employment/warn.shtml,d14147447fb3975ac75990142002c22fff7feca44df9758536942c63,b196c5989954b93836947da8cca49574675f2279,2026-07-16,2026-07-19
MD,Delaware North Companies,delaware north companies,Delaware North,,722310,source,,,,,,,,5J0KF0R0UVJKDMJPFY33,Q5253324,label,,,automatic,qid:Q5253324,,,,,,,,"Oriole Park at Camden Yards 555 Russell Street Suite B Baltimore, MD 21230",2020-07-10,2020-03-23,350,unknown,,0,0,1,https://www.dllr.state.md.us/employment/warn.shtml,877d7100d86e8fe4d28555826c97ff29ef531fe73dda6c2945d5f61d,1fa476b44ba4d1c1b963fa3ecbb8bd2be258b992,2026-07-16,2026-07-19
MD,Hard Rock Café Baltimore,hard rock caf baltimore,,,722511,source,,,,,,,,,,,,,,n:hard rock caf baltimore,Baltimore city,2404000,Baltimore city,24510,39.300032,-76.610476,place,"601 E. Pratt Street Baltimore, MD 21202",2020-07-14,2020-04-13,69,unknown,,0,0,1,https://www.dllr.state.md.us/employment/warn.shtml,661aeb16802aa0477bca06db0c95ae8e8256d269d6df82a64a64c9d5,15420d407eec22601249e8a3b7a2be9f49881f18,2026-07-16,2026-07-19
MD,JC Penney,jc penney,,,452210,source,,,,,,,,,,,,,,n:jc penney,Hyattsville city,2441250,Prince George's County,24033,38.961205,-76.954935,place,"3500 East West Highway Suite 1000 Hyattsville, MD 20782",2020-07-17,2020-09-27,94,unknown,,0,0,1,https://www.dllr.state.md.us/employment/warn.shtml,64cec4b385ab879477b440fa323be6e673163ee911ca805fd859f900,0324848677da38a329617360e52d78467d6fb47d,2026-07-16,2026-07-19
MD,YogaWorks,yogaworks,YogaWorks,,611699,source,1703497,,exact,7200,Services-Personal Services,,,,Q17070350,cik,,,automatic,qid:Q17070350,Columbia CDP,2419125,Howard County,24027,39.201146,-76.85905,place,"8325 Guilford Road Columbia, MD 21046",2020-07-17,2020-03-17,28,unknown,,0,0,1,https://www.dllr.state.md.us/employment/warn.shtml,41b1070ff94affa43980924f5ecfd242e57d8cc77098755e126300aa,690a61ad326385dfba45d5c8e7d14e210e8124b2,2026-07-16,2026-07-19
MD,YogaWorks,yogaworks,YogaWorks,,611699,source,1703497,,exact,7200,Services-Personal Services,,,,Q17070350,cik,,,automatic,qid:Q17070350,Baltimore city,2404000,Baltimore city,24510,39.300032,-76.610476,place,"1807 Thames Street Baltimore, MD 21231",2020-07-17,2020-03-17,36,unknown,,0,0,1,https://www.dllr.state.md.us/employment/warn.shtml,0561d1b0b399d032d71b4c8d089b4cb845f182dc8eab73064da43301,7dc9e3d74191e7c3686742c299f85272886fc8f2,2026-07-16,2026-07-19
MD,YogaWorks,yogaworks,YogaWorks,,611699,source,1703497,,exact,7200,Services-Personal Services,,,,Q17070350,cik,,,automatic,qid:Q17070350,Severna Park CDP,2471200,Anne Arundel County,24003,39.086633,-76.564883,place,"160 Governor Ritchie Highway Severna Park, MD 21146",2020-07-17,2020-03-17,26,unknown,,0,0,1,https://www.dllr.state.md.us/employment/warn.shtml,3bdc0c166261b55ba6457fd77edaaf3237ae1e59b4691e6617cd9382,ca0f2336600d2d3c06e0da2da9f7cba54e376c0a,2026-07-16,2026-07-19
MD,YogaWorks,yogaworks,YogaWorks,,611699,source,1703497,,exact,7200,Services-Personal Services,,,,Q17070350,cik,,,automatic,qid:Q17070350,Baltimore city,2404000,Baltimore city,24510,39.300032,-76.610476,place,"107 E. Preston Street Baltimore, MD 21202",2020-07-17,2020-03-17,73,unknown,,0,0,1,https://www.dllr.state.md.us/employment/warn.shtml,c4b00df6c4b1215de224a6bb4dcdb03ec8dcb59f88d98785d4857995,cd5af77ca7eaa669dc524169022b10b4ed08e173,2026-07-16,2026-07-19
MD,YogaWorks,yogaworks,YogaWorks,,611699,source,1703497,,exact,7200,Services-Personal Services,,,,Q17070350,cik,,,automatic,qid:Q17070350,Towson CDP,2478425,Baltimore County,24005,39.39421,-76.617751,place,"7 Allegheny Avenue Towson, MD 21204",2020-07-17,2020-03-17,36,unknown,,0,0,1,https://www.dllr.state.md.us/employment/warn.shtml,bb27f687dd947a623fc271083ced89f90f311e86bed6a19d7d251488,e64450afe9f9b2c9aca98c31d3c2e4957ceee563,2026-07-16,2026-07-19
MD,YogaWorks,yogaworks,YogaWorks,,611699,source,1703497,,exact,7200,Services-Personal Services,,,,Q17070350,cik,,,automatic,qid:Q17070350,Pikesville CDP,2461400,Baltimore County,24005,39.391773,-76.699634,place,"1777 Reisterstown Road Pikesville, MD 21208",2020-07-17,2020-03-17,24,unknown,,0,0,1,https://www.dllr.state.md.us/employment/warn.shtml,c445df7308b70062a23acd6462d320fd89d9b09cad64c5f6569a7e7b,ed79bd753045c13cfdfc1b6661afa8ea1a6b9c88,2026-07-16,2026-07-19
MD,Hilton Baltimore Convention Center Hotel,hilton baltimore convention center hotel,,,721110,source,,,,,,,,,,,,,,n:hilton baltimore convention center hotel,Baltimore city,2404000,Baltimore city,24510,39.300032,-76.610476,place,"401 West Pratt Street Baltimore, MD 21201",2020-07-21,2020-03-21,380,unknown,,0,0,1,https://www.dllr.state.md.us/employment/warn.shtml,d74d08e5882720d8fc5bf12f4cdd1b50b7b610c66e66a155fe565b4d,ba32e6f0f822548d9ab289afcc53a541f853c604,2026-07-16,2026-07-19
MD,The Bygone,bygone,,,722511,source,,,,,,,,,,,,,,n:bygone,,,,,,,,"400 International Drive 29th Floor Baltimore, MD 21202",2020-07-28,2020-07-24,46,unknown,,0,0,1,https://www.dllr.state.md.us/employment/warn.shtml,fc32efb02f217b05d75934ba9c50a430835f335ed53c0929e64f4100,7a3c9e7b9642322284ff17ecc0efb21dc557eec1,2026-07-16,2026-07-19
MD,The Elk Room,elk room,,,722511,source,,,,,,,,,,,,,,n:elk room,Baltimore city,2404000,Baltimore city,24510,39.300032,-76.610476,place,"1010 Fleet Street Baltimore, MD 21202",2020-07-29,2020-07-24,1,unknown,,0,0,1,https://www.dllr.state.md.us/employment/warn.shtml,820d7639aae693715bc4f598503345dee52b4d355e3032b1309dd046,cc98eb3960f6cd5fe291dcb85e9f60cd623706df,2026-07-16,2026-07-19
MD,"IPIC Theaters, LLC",ipic theaters,,,512131,source,,,,,,,,,,,,,,n:ipic theaters,,,,,,,,"11830 Park Avenue #1102 North Bethesda, MD 20852",2020-08-06,2020-08-07,100,unknown,,0,0,1,https://www.dllr.state.md.us/employment/warn.shtml,3c1e76793d44314642673e3b5baddd34768643d65c17c252c6037c75,543368fd8d3ae1500b6732abbbe084a6ac91afdb,2026-07-16,2026-07-19
MD,Double Tree by Hilton,double tree by hilton,,,721110,source,,,,,,,,,,,,,,n:double tree by hilton,Silver Spring CDP,2472450,Montgomery County,24031,39.002441,-77.020791,place,"8727 Colesville Road Silver Spring, MD 20910",2020-08-07,2020-03-22,71,unknown,,0,0,1,https://www.dllr.state.md.us/employment/warn.shtml,22885681ca33875042da14877aa45d104d6fb8dc2109df9a8269eb30,44ac2dee015ffdde659dc3e5910a5e5e3ded0fc3,2026-07-16,2026-07-19
MD,"Guest Services, Inc.",guest services,Guest Services,,424480,source,,,,,,,,549300Q51DDHOWA5LC97,Q75201786,label,,,automatic,qid:Q75201786,,,,,,,,"McCormick Company Store 24 Schilling Road #1 Hunt Valley, MD 21031",2020-08-07,2020-09-25,1,unknown,,0,0,1,https://www.dllr.state.md.us/employment/warn.shtml,838e0db1fedd2fe7c15e60c87b984be2fdbcab9d3954f181d37bb6cd,005ced1d327ed24c1b121650c8b495cbd49e9ab8,2026-07-16,2026-07-19
MD,"Guest Services, Inc.",guest services,Guest Services,,424480,source,,,,,,,,549300Q51DDHOWA5LC97,Q75201786,label,,,automatic,qid:Q75201786,,,,,,,,"NG BWI ATL 1212 Winterson Road Linthicum, MD 21090",2020-08-07,2020-09-25,3,unknown,,0,0,1,https://www.dllr.state.md.us/employment/warn.shtml,0185225ff7e965b808c710826a533c40f7d251b9909413ccc320b275,07a695b32e02925051fc763145afefbb9e5eb216,2026-07-16,2026-07-19
MD,"Guest Services, Inc.",guest services,Guest Services,,424480,source,,,,,,,,549300Q51DDHOWA5LC97,Q75201786,label,,,automatic,qid:Q75201786,,,,,,,,"Hogan Lovells 111 South Calvert Street Baltimore, MD 21202",2020-08-07,2020-09-25,1,unknown,,0,0,1,https://www.dllr.state.md.us/employment/warn.shtml,e2fe48d7b8632baddd82ecc563b106cc4064ca124ab0919ccfd28722,1a3fd24214d00a4139800843a76a102f6e1702f3,2026-07-16,2026-07-19
MD,"Guest Services, Inc.",guest services,Guest Services,,424480,source,,,,,,,,549300Q51DDHOWA5LC97,Q75201786,label,,,automatic,qid:Q75201786,,,,,,,,"NAS Patuxent River Cafeteria 47123 Buse Road #540 Patuxent River, MD 20607",2020-08-07,2020-09-25,13,unknown,,0,0,1,https://www.dllr.state.md.us/employment/warn.shtml,e9907501cfcbe875e0512491b905b74e3b5c268ec33a94c4b9cd57c9,284ac2b8db11d83a9ec0f066c235c3df9e7aa3df,2026-07-16,2026-07-19
MD,"Guest Services, Inc.",guest services,Guest Services,,424480,source,,,,,,,,549300Q51DDHOWA5LC97,Q75201786,label,,,automatic,qid:Q75201786,,,,,,,,"Walter Reed Medical Center 8901 Wisconsin Avenue Bldg. 2 Bethesda, MD 20889",2020-08-07,2020-09-25,16,unknown,,0,0,1,https://www.dllr.state.md.us/employment/warn.shtml,20e62ea6b2b6d89f8365ff6c34e1a4eaabcd709880b4a9572d8094ef,2a283441cc136de9673f3683cc05c98b4f01e07a,2026-07-16,2026-07-19
MD,"Guest Services, Inc.",guest services,Guest Services,,424480,source,,,,,,,,549300Q51DDHOWA5LC97,Q75201786,label,,,automatic,qid:Q75201786,,,,,,,,"NG BWI Central 7323 Aviation Blvd. Baltimore, MD 21203",2020-08-07,2020-09-25,11,unknown,,0,0,1,https://www.dllr.state.md.us/employment/warn.shtml,a94efd917fdd11a314c9dce9f27fb12b97fd96345c732f2c56e32c9c,551c90f404df7b15efdc898bd9aff51202178e6b,2026-07-16,2026-07-19
MD,"Guest Services, Inc.",guest services,Guest Services,,424480,source,,,,,,,,549300Q51DDHOWA5LC97,Q75201786,label,,,automatic,qid:Q75201786,,,,,,,,"Rockwell Collins 2551 Riva Road Annapolis, MD 21401",2020-08-07,2020-09-25,6,unknown,,0,0,1,https://www.dllr.state.md.us/employment/warn.shtml,d9723b1e729289b4d5a14ccff20cd09644c4962eaacd0dbde64d1414,6c69a93a900f8f6ade9cf63a2977450ccc16b5af,2026-07-16,2026-07-19
MD,"Guest Services, Inc.",guest services,Guest Services,,424480,source,,,,,,,,549300Q51DDHOWA5LC97,Q75201786,label,,,automatic,qid:Q75201786,,,,,,,,"Domino Sugar 1100 Key Highway Baltimore, MD 21230",2020-08-07,2020-09-25,4,unknown,,0,0,1,https://www.dllr.state.md.us/employment/warn.shtml,1699a4d3095badeaa5312b475a67cc1f3b54b69825000cc20278c6e6,7ec988b09a834541e768c535f3911a6567765975,2026-07-16,2026-07-19
MD,"Guest Services, Inc.",guest services,Guest Services,,424480,source,,,,,,,,549300Q51DDHOWA5LC97,Q75201786,label,,,automatic,qid:Q75201786,,,,,,,,"NIH 5601 Fishers Lane Rockville, MD 20852",2020-08-07,2020-09-25,13,unknown,,0,0,1,https://www.dllr.state.md.us/employment/warn.shtml,c52a4e1b8fe482145ab2344d2259da51aff1f82c4ad29a24bf6ef901,85c56008f5afe514d1131d5853aaae149c7165c5,2026-07-16,2026-07-19
MD,"Guest Services, Inc.",guest services,Guest Services,,424480,source,,,,,,,,549300Q51DDHOWA5LC97,Q75201786,label,,,automatic,qid:Q75201786,,,,,,,,"Office of Naval Intelligence 4251 Suitland Road Suitland, MD 20746",2020-08-07,2020-09-25,2,unknown,,0,0,1,https://www.dllr.state.md.us/employment/warn.shtml,c6a0571a001e67be93c8be68375422a249f845bfa50416fd37e6ed01,959ae17f8e7b9afa0dc1e4e4c5b2c4fe2761d7c6,2026-07-16,2026-07-19
MD,"Quest Diagnostics, Inc.",quest diagnostics,Quest Diagnostics,,621511,source,1022079,DGX,exact,8071,Services-Medical Laboratories,,,,Q7271456,cik,,,automatic,qid:Q7271456,,,,,,,,"1901 Sulphur Springs Road Halethorpe, MD 21227",2020-08-07,2020-09-27,52,unknown,,0,0,1,https://www.dllr.state.md.us/employment/warn.shtml,adf709866f18fcc6a4f5d6bf339e06f5ccb7930daaa1838c0e10dff1,7b1669d779be031217fd5058e39af282fc3704b8,2026-07-16,2026-07-19
MD,"Maritz Holdings, Inc.",maritz holdings,,,561920,source,,,,,,,,,,,,,,n:maritz holdings,Frederick city,2430325,Frederick County,24021,39.434089,-77.414539,place,"5202 Presidents Court Suite 310 Frederick, MD 21703",2020-08-12,2020-10-16,127,unknown,,0,0,1,https://www.dllr.state.md.us/employment/warn.shtml,18765d3b98a542e4e34e323e7da95863fd6237c4c45d05ebed281ce6,81256bdffc4a502e895b60e0e829054038432c22,2026-07-16,2026-07-19
MD,"TL Transportation, LLC",tl transportation,,,484110,source,,,,,,,,,,,,,,n:tl transportation,Rockville city,2467675,Montgomery County,24031,39.083666,-77.155585,place,"861 E. Gude Drive Rockville, MD 20850",2020-08-12,2020-10-15,70,unknown,,0,0,1,https://www.dllr.state.md.us/employment/warn.shtml,725c14b88db392db3aa5df612334bc10818ce7adb0f97770f52cffd7,ee03a645a432c87362fea838af4538b7788182e2,2026-07-16,2026-07-19
MD,Capital One Financial,capital one financial,Capital One,,522110,source,927628,COF,exact,6021,National Commercial Banks,,,,Q1034654,cik,,,automatic,qid:Q1034654,Mount Airy town,2453875,Carroll County,24013,39.374693,-77.153807,place,"402 East Ridgeville Boulevard Mt. Airy, MD 21771",2020-08-20,2020-10-20,,unknown,,0,0,1,https://www.dllr.state.md.us/employment/warn.shtml,ba5af2b8e196aa6efccaa440cb31e7bac546fd814070001bc87799c3,575ab4846612c02a3e0a9c1599d99784f849325c,2026-07-16,2026-07-19
MD,Capital One Financial,capital one financial,Capital One,,522110,source,927628,COF,exact,6021,National Commercial Banks,,,,Q1034654,cik,,,automatic,qid:Q1034654,,,,,,,,"9245 Baltimore National Pike Ellicott City, MD 21042",2020-08-20,2020-10-20,,unknown,,0,0,1,https://www.dllr.state.md.us/employment/warn.shtml,f1bc533f3867bc1bcbf0c6ef88ba1171d69e15d27498e66ca9300e7d,86eb720c56d351576310feed36867da3e545ec29,2026-07-16,2026-07-19
MD,Capital One Financial,capital one financial,Capital One,,522110,source,927628,COF,exact,6021,National Commercial Banks,,,,Q1034654,cik,,,automatic,qid:Q1034654,,,,,,,,"7566 Ridge Road Hanover, MD 21076",2020-08-20,2020-10-20,,unknown,,0,0,1,https://www.dllr.state.md.us/employment/warn.shtml,c96d1a41318136188ba5e8ade2e4d988def8802e9dd32f3eb965c967,9ca62292385f0cbfc57fc1810fbb9db6d5174c9c,2026-07-16,2026-07-19
MD,Capital One Financial,capital one financial,Capital One,,522110,source,927628,COF,exact,6021,National Commercial Banks,,,,Q1034654,cik,,,automatic,qid:Q1034654,Rockville city,2467675,Montgomery County,24031,39.083666,-77.155585,place,"802 Pleasant Drive Rockville, MD 20850",2020-08-20,2020-10-20,,unknown,,0,0,1,https://www.dllr.state.md.us/employment/warn.shtml,e30e33bf9df04c310208c884cabb92017a5d84dde85d8a354e14f266,abd6345b1d70a912a1b8a5cee41a1eb65aa151a7,2026-07-16,2026-07-19
MD,Sodexo,sodexo,Sodexo,,722310,source,1169715,,exact,8741,Services-Management Services,,,,Q1475554,label,,,automatic,qid:Q1475554,Linthicum CDP,2447125,Anne Arundel County,24003,39.209567,-76.664741,place,"842 Elkridge Landing Road Linthicum, MD 21090",2020-08-26,2020-08-31,4,unknown,,0,0,1,https://www.dllr.state.md.us/employment/warn.shtml,8e60679e44d188e2d57ea63c0365b134451cf704c44ab5e9b9f145b8,03ef349516bc696e127bc2c51e2e6da3df32f007,2026-07-16,2026-07-19
MD,Sodexo,sodexo,Sodexo,,722310,source,1169715,,exact,8741,Services-Management Services,,,,Q1475554,label,,,automatic,qid:Q1475554,Fort Meade CDP,2429400,Anne Arundel County,24003,39.1057,-76.743278,place,"9817 Erskine Road Fort Meade, MD 20755",2020-08-26,2020-08-31,4,unknown,,0,0,1,https://www.dllr.state.md.us/employment/warn.shtml,ba072b5933c0532fb54de07352a349f4cbc26d72f6b4a0db40a80998,12aa53664acb47f24996eb7a576a0416f3e45086,2026-07-16,2026-07-19
MD,Sodexo,sodexo,Sodexo,,722310,source,1169715,,exact,8741,Services-Management Services,,,,Q1475554,label,,,automatic,qid:Q1475554,,,,,,,,"2730 Hercules Drive Annapolis Junction, MD 20701",2020-08-26,2020-08-31,1,unknown,,0,0,1,https://www.dllr.state.md.us/employment/warn.shtml,1bdd1edca6fee617dfae3f6ebf525cee3a91ecc067e3fb5356caf65b,142e7cbfc891e32ee215655560535528c9f54d9f,2026-07-16,2026-07-19
MD,Sodexo,sodexo,Sodexo,,722310,source,1169715,,exact,8741,Services-Management Services,,,,Q1475554,label,,,automatic,qid:Q1475554,Fort Meade CDP,2429400,Anne Arundel County,24003,39.1057,-76.743278,place,"9840 O'Brien Road Fort Meade, MD 20755",2020-08-26,2020-08-31,2,unknown,,0,0,1,https://www.dllr.state.md.us/employment/warn.shtml,eea6ca0b5d7715f6c077c9e41a8a8c53d751c18c0f87b764e475a69b,50d4aa8913b27c3128aebff07dc28c6039ca2175,2026-07-16,2026-07-19
MD,Sodexo,sodexo,Sodexo,,722310,source,1169715,,exact,8741,Services-Management Services,,,,Q1475554,label,,,automatic,qid:Q1475554,Laurel city,2445900,Prince George's County,24033,39.095075,-76.861245,place,"9111 Sterling Drive Laurel, MD 20723",2020-08-26,2020-08-31,2,unknown,,0,0,1,https://www.dllr.state.md.us/employment/warn.shtml,4b1c3b8ae2c61d5bcbcafabec25bed42c2c89a4cdfd96f2ded5a12f9,70f47d95546be9533554237742e231f054bb066e,2026-07-16,2026-07-19
MD,Sodexo,sodexo,Sodexo,,722310,source,1169715,,exact,8741,Services-Management Services,,,,Q1475554,label,,,automatic,qid:Q1475554,,,,,,,,"8197 Dorsey Run Road Annapolis Junction, MD 20701",2020-08-26,2020-08-31,2,unknown,,0,0,1,https://www.dllr.state.md.us/employment/warn.shtml,d82647c3e76aa39160e4d542f9ef9a3f7c3fd26c0f31af996852346b,83d128150d98d1a9cb840951a203189d5ad791e7,2026-07-16,2026-07-19
MD,Sodexo,sodexo,Sodexo,,722310,source,1169715,,exact,8741,Services-Management Services,,,,Q1475554,label,,,automatic,qid:Q1475554,Fort Meade CDP,2429400,Anne Arundel County,24003,39.1057,-76.743278,place,"9800 Savage Road Fort Meade, MD 20755",2020-08-26,2020-08-31,39,unknown,,0,0,1,https://www.dllr.state.md.us/employment/warn.shtml,cbb4ce0330858004ce56929ac0a866b20bb455f1b31d517b0e3e4b4a,cc1c35ef1c50c60f24ce4bfde90532a585b2782e,2026-07-16,2026-07-19
MD,Sodexo,sodexo,Sodexo,,722310,source,1169715,,exact,8741,Services-Management Services,,,,Q1475554,label,,,automatic,qid:Q1475554,,,,,,,,"318 National Business Pkwy. Annapolis Junction, MD 20701",2020-08-26,2020-08-31,1,unknown,,0,0,1,https://www.dllr.state.md.us/employment/warn.shtml,c02fb507d93d42fcabcdc9a2c754e799404671d2853811213369ec87,e5c138e4bbd0b4a8cf7e4d3e1f78279b8064ea5a,2026-07-16,2026-07-19
MD,Sodexo,sodexo,Sodexo,,722310,source,1169715,,exact,8741,Services-Management Services,,,,Q1475554,label,,,automatic,qid:Q1475554,Fort Meade CDP,2429400,Anne Arundel County,24003,39.1057,-76.743278,place,"9230 Sigaba Way Fort Meade, MD 20755",2020-08-26,2020-08-31,3,unknown,,0,0,1,https://www.dllr.state.md.us/employment/warn.shtml,a725719519612dd16ef207e2a84b78793c3c86d1f9ac97de11237366,e97aab56e1a9e07eb83c511666d7caad84e9903c,2026-07-16,2026-07-19
MD,"Stellar Partners, Inc.",stellar partners,,,561720,source,,,,,,,,,,,,,,n:stellar partners,,,,,,,,"BWI Airport 7050 Friendship Road Baltimore, MD 21240",2020-08-27,2020-03-16,19,unknown,,0,0,1,https://www.dllr.state.md.us/employment/warn.shtml,c12ddf9470e492163c63ddde7cf45af188de5b4acd061063a86626e7,ac57504d81c30827ee10bc8871cb309618966cbb,2026-07-16,2026-07-19
MD,Airport Management Services and Hudson Group,airport management services and hudson group,,,453220,source,,,,,,,,,,,,,,n:airport management services and hudson group,,,,,,,,"BWI Airport 7050 Friendship Road Baltimore, MD 21240",2020-09-01,2020-08-31,60,unknown,,0,0,1,https://www.dllr.state.md.us/employment/warn.shtml,2f7961ec1c16a6da52d6c040716b31a12c0f307438ca1a2a93800c2a,293564497da01973e570e7c2f0849e6fa8dc7a33,2026-07-16,2026-07-19
MD,Avis Budget Group,avis budget group,Avis Budget Group,,532111,source,723612,CAR,exact,7510,Services-Auto Rental & Leasing (No Drivers),,,,Q2874395,cik,,,automatic,qid:Q2874395,,,,,,,,"7432 New Ridge Road Hanover, MD 21076",2020-09-01,2020-09-04,5,unknown,,0,0,1,https://www.dllr.state.md.us/employment/warn.shtml,8afa8036d815f631bac38a5c6797fbfb1aecdae5af38f21c32f1f30a,4734bd157b78f1ea788a831e3eb75f30db3e1941,2026-07-16,2026-07-19
MD,Avis Budget Group,avis budget group,Avis Budget Group,,532111,source,723612,CAR,exact,7510,Services-Auto Rental & Leasing (No Drivers),,,,Q2874395,cik,,,automatic,qid:Q2874395,Frederick city,2430325,Frederick County,24021,39.434089,-77.414539,place,"291 Bucheimer Road Frederick, MD 21701",2020-09-01,2020-09-04,5,unknown,,0,0,1,https://www.dllr.state.md.us/employment/warn.shtml,23096aa6da6d70ad16a1d332401d879f5247be08c621b77baf695bc0,75451625385190edec3a6ec14607bd1c21c42887,2026-07-16,2026-07-19
MD,Avis Budget Group,avis budget group,Avis Budget Group,,532111,source,723612,CAR,exact,7510,Services-Auto Rental & Leasing (No Drivers),,,,Q2874395,cik,,,automatic,qid:Q2874395,Baltimore city,2404000,Baltimore city,24510,39.300032,-76.610476,place,"1429 Aliceanna Street Baltimore, MD 21231",2020-09-01,2020-09-04,1,unknown,,0,0,1,https://www.dllr.state.md.us/employment/warn.shtml,b58aaec2c41a55b3bb53eaca52ef8d3904df4b14d081480999b963a0,83468d983ec4ffe55d31044d84e365765d0633a8,2026-07-16,2026-07-19
MD,Avis Budget Group,avis budget group,Avis Budget Group,,532111,source,723612,CAR,exact,7510,Services-Auto Rental & Leasing (No Drivers),,,,Q2874395,cik,,,automatic,qid:Q2874395,Glen Burnie CDP,2432650,Anne Arundel County,24003,39.156271,-76.606996,place,"7145 Ritchie Highway Glen Burnie, MD 21061",2020-09-01,2020-09-04,1,unknown,,0,0,1,https://www.dllr.state.md.us/employment/warn.shtml,998ae908800672f6ddfaaac3e08e278c7397e6c825499587cfdaa149,bd12d6b45ccde104782a89ca3242951ca98a43e0,2026-07-16,2026-07-19
MD,"Marriott International, Inc.",marriott international,Marriott International,,551114,source,1048286,MAR,exact,7011,Hotels & Motels,,,,Q1141173,cik,,,automatic,qid:Q1141173,Bethesda CDP,2407125,Montgomery County,24031,38.987292,-77.118612,place,"10400 Fernwood Road Bethesda, MD 20817",2020-09-03,2020-10-23,673,unknown,,0,0,1,https://www.dllr.state.md.us/employment/warn.shtml,c78b455e2b87869efd4e0cb136c1da79a4a2db63bd1d17b62f0a7d15,2585c854c2f748e7040c1d1fc8234539057f5414,2026-07-16,2026-07-19
MD,Dave & Buster's,dave buster s,Dave & Buster's,,722511,source,1525769,PLAY,listed-extension,5812,Retail-Eating  Places,,,,Q5228205,cik,,,automatic,qid:Q5228205,Silver Spring CDP,2472450,Montgomery County,24031,39.002441,-77.020791,place,"8611 Colesville Road Suite 102 Silver Spring, MD 20910",2020-09-09,2020-03-16,117,unknown,,0,0,1,https://www.dllr.state.md.us/employment/warn.shtml,f9f9ad89d1ed28d1054dd89b20b07002b1ef0020dcc6ab3b46158181,71ff6d79fb4bfd05996135b390b08bbd47ea3a36,2026-07-16,2026-07-19
MD,Dave & Buster's,dave buster s,Dave & Buster's,,722511,source,1525769,PLAY,listed-extension,5812,Retail-Eating  Places,,,,Q5228205,cik,,,automatic,qid:Q5228205,Gaithersburg city,2431175,Montgomery County,24031,39.148601,-77.195131,place,"9811 Washingtonian Blvd. Suite H1 Gaithersburg, MD 20878",2020-09-09,2020-03-16,148,unknown,,0,0,1,https://www.dllr.state.md.us/employment/warn.shtml,96525f3cd2a8d26ef9fe124e60767807d98ff9ee2760430b70a3d9a3,a14dbf1689ebfb6b65f7fd88053b8f77aff327eb,2026-07-16,2026-07-19
MD,Royal Sonesta Harbor Court Hotel,royal sonesta harbor court hotel,,,721110,source,,,,,,,,,,,,,,n:royal sonesta harbor court hotel,Baltimore city,2404000,Baltimore city,24510,39.300032,-76.610476,place,"550 Light Street Baltimore, MD 21202",2020-09-11,2020-04-01,66,unknown,,0,0,1,https://www.dllr.state.md.us/employment/warn.shtml,d3b5248bd3900ab87fd05ecae3c667c270c66818728a7ccb21b7cf8f,71b066ed4efd8aed4c846ab76f06cffc4135a505,2026-07-16,2026-07-19
MD,Compass Group USA d/b/a Chartwells at University of Maryland-Baltimore County,compass group usa d b a chartwells at university of maryland baltimore county,,,424810,source,1317627,,fuzzy:0.95:base,,,,,,,,,,automatic,cik:1317627,Baltimore city,2404000,Baltimore city,24510,39.300032,-76.610476,place,"1000 Hilltop Circle Baltimore, MD 21250",2020-09-15,2020-03-12,87,unknown,,0,0,1,https://www.dllr.state.md.us/employment/warn.shtml,25865ab3cce081eef4343de094a7c7a466e3996330e71ecad388ccca,7e6e92c79d376c1d460969b4240ae89715fff771,2026-07-16,2026-07-19
MD,"Compass Group USA, Inc. d/b/a Chartwells",compass group usa inc d b a chartwells,,,424810,source,1317627,,fuzzy:0.95:base,,,,,,,,,,automatic,cik:1317627,,,,,,,,"Towson University 8000 York Road Baltimore, MD 21252",2020-09-15,2020-03-11,349,unknown,,0,0,1,https://www.dllr.state.md.us/employment/warn.shtml,6a828db1dedd3080101d76241e73eb7a05aaf9a9a15348361df7c0d9,ae92b471645357daee434d8ae7deaca05df4c40b,2026-07-16,2026-07-19
MD,"Freeman Digi Ventures, LLC",freeman digi ventures,,,561920,source,,,,,,,,,,,,,,n:freeman digi ventures,Lanham CDP,2445550,Prince George's County,24033,38.962124,-76.839173,place,"9900 Business Parkway Lanham, MD 20706",2020-09-21,2020-06-30,1,unknown,,0,0,1,https://www.dllr.state.md.us/employment/warn.shtml,b11c6adb3ee706daa9d5dd334ec54a280ea0c026bf982ac9e2c47b14,feea64f63ede894393d5d709d98938ba2ee6b8c5,2026-07-16,2026-07-19
MD,"Freeman Expositions, LLC",freeman expositions,,,561920,source,,,,,,,,,,,,,,n:freeman expositions,Lanham CDP,2445550,Prince George's County,24033,38.962124,-76.839173,place,"9900 Business Parkway Lanham, MD 20706",2020-09-21,2020-06-30,19,unknown,,0,0,1,https://www.dllr.state.md.us/employment/warn.shtml,f411eda7a7cfe3c2f906a9aa4e84ddf09ee6751a223edb9489dfc317,94d5de3c8e17b0227696ba6895d816708646cdb0,2026-07-16,2026-07-19
MD,P.F. Chang's China Bistro,p f chang s china bistro,"P.F. Chang's China Bistro, Inc.",,722511,source,,,,,,,,549300W0W5UC5TZ74678,,,P F CHANGS CHINA BISTRO INC,1039889,automatic,lei:549300W0W5UC5TZ74678,Annapolis city,2401600,Anne Arundel County,24003,38.972152,-76.505332,place,"307 Sail Place Annapolis, MD 21401",2020-09-21,2020-03-16,75,unknown,,0,0,1,https://www.dllr.state.md.us/employment/warn.shtml,04ace442c284bc0cc8d3dcc93d9544664a320f7c78c9fc94d8c5c518,437776be20212bceecbacbf8322cf9800753007d,2026-07-16,2026-07-19
MD,P.F. Chang's China Bistro,p f chang s china bistro,"P.F. Chang's China Bistro, Inc.",,722511,source,,,,,,,,549300W0W5UC5TZ74678,,,P F CHANGS CHINA BISTRO INC,1039889,automatic,lei:549300W0W5UC5TZ74678,Towson CDP,2478425,Baltimore County,24005,39.39421,-76.617751,place,"825 Dulaney Valley Road Suite 1161 Towson, MD 21204",2020-09-21,2020-03-16,75,unknown,,0,0,1,https://www.dllr.state.md.us/employment/warn.shtml,a4e61e6a7f49f211bb003b60cdf0da508fa03babb73f121c9441552e,56a052145743619dd7fd77c9ba0d30823435903e,2026-07-16,2026-07-19
MD,P.F. Chang's China Bistro,p f chang s china bistro,"P.F. Chang's China Bistro, Inc.",,722511,source,,,,,,,,549300W0W5UC5TZ74678,,,P F CHANGS CHINA BISTRO INC,1039889,automatic,lei:549300W0W5UC5TZ74678,Baltimore city,2404000,Baltimore city,24510,39.300032,-76.610476,place,"8342 Honeygo Boulevard Baltimore, MD 21236",2020-09-21,2020-03-16,75,unknown,,0,0,1,https://www.dllr.state.md.us/employment/warn.shtml,1c1708120f402f4fa8b5025a7f8fef99c4834ea68a1d30c7c3088ce7,66e6cb5834217bdf4786a56a69f473afddc39d00,2026-07-16,2026-07-19
MD,P.F. Chang's China Bistro,p f chang s china bistro,"P.F. Chang's China Bistro, Inc.",,722511,source,,,,,,,,549300W0W5UC5TZ74678,,,P F CHANGS CHINA BISTRO INC,1039889,automatic,lei:549300W0W5UC5TZ74678,Columbia CDP,2419125,Howard County,24027,39.201146,-76.85905,place,"10300 Little Patuxent Parkway Columbia, MD 21044",2020-09-21,2020-03-16,75,unknown,,0,0,1,https://www.dllr.state.md.us/employment/warn.shtml,54bd7f5b30c0a8d846cab36529f2addaf79e2973283214fafae63f22,c504b606b5507c292aaefce7a43464fbb65d0ce9,2026-07-16,2026-07-19
MD,"Rosa Mexicano National Harbor, LLC",rosa mexicano national harbor,,,722511,source,,,,,,,,,,,,,,n:rosa mexicano national harbor,Oxon Hill CDP,2459500,Prince George's County,24033,38.788793,-76.971864,place,"153 Waterfront Street Oxon Hill, MD 20745",2020-09-22,2020-03-16,115,unknown,,0,0,1,https://www.dllr.state.md.us/employment/warn.shtml,0fe25336ce9a81ee9aa59bdf07b9c5c3180cdcef607948bc2dcc02e1,1c840640eca4c16dbc306a373a9137ed818c7105,2026-07-16,2026-07-19
MD,"Errands Plus, Inc.",errands plus,,,485999,source,,,,,,,,,,,,,,n:errands plus,Rockville city,2467675,Montgomery County,24031,39.083666,-77.155585,place,"12270 Wilkins Avenue Rockville, MD 20852",2020-09-30,2020-09-24,131,unknown,,0,0,1,https://www.dllr.state.md.us/employment/warn.shtml,6869a96cfa6c000b8ba0f8838894ee87e4059e3e4dd96960c3f94be7,d34cec460310cc449f8feee050bf9f43fe3359b8,2026-07-16,2026-07-19
MD,"International Limousine Service, Inc.",international limousine service,,,485320,source,,,,,,,,,,,,,,n:international limousine service,Rockville city,2467675,Montgomery County,24031,39.083666,-77.155585,place,"12270 Wilkins Avenue Rockville, MD 20852",2020-09-30,2020-09-24,34,unknown,,0,0,1,https://www.dllr.state.md.us/employment/warn.shtml,557b164b8ed7ed6f8e85f0e3ea02e887ab311a9960be62393cff8d7f,3f75afd3f3ec0b948e71b716b53a837d2faf863a,2026-07-16,2026-07-19
MD,"RMA Coach, LLC",rma coach,,,485999,source,,,,,,,,,,,,,,n:rma coach,Rockville city,2467675,Montgomery County,24031,39.083666,-77.155585,place,"12270 Wilkins Avenue Rockville, MD 20852",2020-09-30,2020-09-24,34,unknown,,0,0,1,https://www.dllr.state.md.us/employment/warn.shtml,c2e0e5da39d7a062f5853990ec10bdd315e89537480b24b7de26ff46,b4b7b9f0747ffe84c5c2064a36ac92707de50559,2026-07-16,2026-07-19
MD,Candlewood Suites Baltimore-Linthicum,candlewood suites baltimore linthicum,,,721110,source,,,,,,,,,,,,,,n:candlewood suites baltimore linthicum,Linthicum CDP,2447125,Anne Arundel County,24003,39.209567,-76.664741,place,"1247 Winterson Road Linthicum, MD 21090",2020-10-01,2020-11-30,16,unknown,,0,0,1,https://www.dllr.state.md.us/employment/warn.shtml,1dd522b1cee5f2a8a93e0ac6e50237c872c20f9b1650ee40401397cd,815a1a1dde12809c3e3fa17a1d971b73d8820f41,2026-07-16,2026-07-19
MD,"Le Tote, Inc.",le tote,,,448150,source,1652494,,exact:post-era,,,,,,,,,,automatic,cik:1652494,Columbia CDP,2419125,Howard County,24027,39.201146,-76.85905,place,"10300 Little Patuxent Parkway Columbia, MD 21044",2020-10-02,2020-12-01,29,unknown,,0,0,1,https://www.dllr.state.md.us/employment/warn.shtml,9b80b91cdc91a266849115fd12ec7cbfdbe11f5744e59ef1e71e07eb,424b43a9e6ccfe73e9a2a0be2ed1fc170ecb937b,2026-07-16,2026-07-19
MD,"Le Tote, Inc.",le tote,,,448150,source,1652494,,exact:post-era,,,,,,,,,,automatic,cik:1652494,,,,,,,,"11311 Rockville Pike Kensington, MD 20852",2020-10-02,2020-12-01,40,unknown,,0,0,1,https://www.dllr.state.md.us/employment/warn.shtml,43ff7387779691f9b685909911302f4c0236d212128ecd128fbabb16,73741b9ebe0b64a0eae1ec2850c41a9d0e287da0,2026-07-16,2026-07-19
MD,Unitech Consulting d/b/a Chameleon Integrated Services,unitech consulting d b a chameleon integrated services,,,541512,source,,,,,,,,,,,,,,n:unitech consulting,Fort Meade CDP,2429400,Anne Arundel County,24003,39.1057,-76.743278,place,"6910 Cooper Avenue Fort Meade, MD 20755",2020-10-13,2020-12-06,79,unknown,,0,0,1,https://www.dllr.state.md.us/employment/warn.shtml,a91d12ebaeae2402e083da121323a340bad4a2ce53ae6100b2ab2585,df9ad744c7af8718f6bb28c5542b2c961ff49a10,2026-07-16,2026-07-19
MD,"Carey International, Inc.",carey international,,,485119,source,747201,,exact:post-era,4100,Local & Suburban Transit & Interurban Hwy Passenger Trans,,,,,,,,automatic,cik:747201,Frederick city,2430325,Frederick County,24021,39.434089,-77.414539,place,"7445 New Technology Way Frederick, MD 21703",2020-10-15,2020-11-27,4,unknown,,0,0,1,https://www.dllr.state.md.us/employment/warn.shtml,758c9f2e763a8ec586265c26ae9c2548ab709ab53bccc103655b9ae9,95da889740b192d9e372a98a55f2ad1a0ec462d9,2026-07-16,2026-07-19
MD,"PAE Shared Services, LLC",pae shared services,,,541512,source,,,,,,,,,,,"Amentum Holdings, Inc.",2011286,,n:pae shared services,,,,,,,,"23013 Cedar Point Road Bldg. 2118 Patuxent River, MD 20670",2020-10-16,2020-12-12,296,unknown,,0,0,1,https://www.dllr.state.md.us/employment/warn.shtml,8515635eb414c80ba585524f1cfb1554509aeb4cc1c2b441b243404d,eeac4bda1508e5974a9b3ee9fd12354f5dbd97db,2026-07-16,2026-07-19
MD,"Maritz Holdings, Inc.",maritz holdings,,,561920,source,,,,,,,,,,,,,,n:maritz holdings,Frederick city,2430325,Frederick County,24021,39.434089,-77.414539,place,"5202 Presidents Court Suite 310 Frederick, MD 21703",2020-10-22,2021-02-22,21,unknown,,0,0,1,https://www.dllr.state.md.us/employment/warn.shtml,adb14ad0c5b3a8f98d0b16d4df0982515a382367e6960511ad2d8fc9,23198b8dae31e2e8e147eaed4541902801a1700d,2026-07-16,2026-07-19
MD,Aramark at Guiness Brewery,aramark at guiness brewery,,,722310,source,,,,,,,,,,,,,,n:aramark at guiness brewery,,,,,,,,"5001 Washington Blvd. Halethorpe, MD 21227",2020-10-27,2020-03-31,70,unknown,,0,0,1,https://www.dllr.state.md.us/employment/warn.shtml,897804f2822198d08ff0cf8f1d8d218568c8368da18b1542e35b6321,80a82f002818c7912686bbe4caba09f411021201,2026-07-16,2026-07-19
MD,Crothall Healthcare,crothall healthcare,,,621111,source,,,,,,,,,,,,,,n:crothall healthcare,,,,,,,,"Medstar Harbor 3001 S. Hanover St. Baltimore, MD 21225",2020-10-30,2020-12-31,70,unknown,,0,0,1,https://www.dllr.state.md.us/employment/warn.shtml,6bb6cc8c4e1b10587bd51d77b113d606db6d678db3c065dd752699dc,791da3817e59ee562b307439f038aad3dc59c8b7,2026-07-16,2026-07-19
MD,Crothall Healthcare,crothall healthcare,,,621111,source,,,,,,,,,,,,,,n:crothall healthcare,,,,,,,,"Union Memorial 201 E. University Parkway Baltimore, MD 21218",2020-10-30,2020-12-31,142,unknown,,0,0,1,https://www.dllr.state.md.us/employment/warn.shtml,e954c71975458d4252f2e48ddb65a4bc6be720f5e594ae532c1e478a,990e16472bba53382c8d81fcdb2a28d7a154f682,2026-07-16,2026-07-19
MD,Crothall Healthcare,crothall healthcare,,,621111,source,,,,,,,,,,,,,,n:crothall healthcare,,,,,,,,"Good Samaritan 5601 Loch Raven Road Baltimore, MD 21239",2020-10-30,2020-12-31,61,unknown,,0,0,1,https://www.dllr.state.md.us/employment/warn.shtml,aa16dbc8dc77ab8706d8dba09a8dd303e996bbb5e9114a9ae8276fb6,d5ad8837c5d62b9458609492f3e11ca7a4a63e3b,2026-07-16,2026-07-19
MD,"Centene Management Company, LLC",centene management,,,621999,source,,,,,,,,,,,,,,n:centene management,,,,,,,,"1201 Winterson Road 4th Floor Linthicum Heights, MD 21090",2020-11-04,2020-12-31,224,unknown,,0,0,1,https://www.dllr.state.md.us/employment/warn.shtml,c90b425c426911579f701d049baa1ccaf500fce10696f0ce3a5069bd,86c3a0f30af81144beceb727379d35a8d9aaed64,2026-07-16,2026-07-19
MD,"La Madeleine de Corps, Inc.",la madeleine de corps,,,722511,source,,,,,,,,,,,,,,n:la madeleine de corps,Bethesda CDP,2407125,Montgomery County,24031,38.987292,-77.118612,place,"7607 Old Georgetown Road Bethesda, MD 20814",2020-11-04,2020-12-31,20,unknown,,0,0,1,https://www.dllr.state.md.us/employment/warn.shtml,ef533d3ae26e2928830c78d774e4f46d20f3aae24ccb2e7e96d5f4ad,7b245087c00f71de2ed866920dcdc0235214cfd5,2026-07-16,2026-07-19
MD,"Pet Valu, Inc.",pet valu,,,453910,source,,,,,,,,,,,,,,n:pet valu,,,,,,,,"1016-C Beards Hill Road Store C3 Aberdeen, MD 21001",2020-11-05,2021-01-06,7,unknown,,0,0,1,https://www.dllr.state.md.us/employment/warn.shtml,545bdd5b311c17db48f75d42fa71a2b8299b9112427fbbe57f556406,00318c8921caf704ae3495b6e07e7a360477d9e7,2026-07-16,2026-07-19
MD,"Pet Valu, Inc.",pet valu,,,453910,source,,,,,,,,,,,,,,n:pet valu,Dunkirk CDP,2424050,Calvert County,24009,38.718193,-76.676782,place,"10804 Town Center Blvd. Dunkirk, MD 20754",2020-11-05,2021-01-06,5,unknown,,0,0,1,https://www.dllr.state.md.us/employment/warn.shtml,a16ebafde56ce8e591ea9c354952badf147c19dbe3382181b0fb8f21,100ed28c6d023aabdf77cfb959d840b6191e24c8,2026-07-16,2026-07-19
MD,"Pet Valu, Inc.",pet valu,,,453910,source,,,,,,,,,,,,,,n:pet valu,Baltimore city,2404000,Baltimore city,24510,39.300032,-76.610476,place,"2570-72 Quarry Lake Drive Baltimore, MD 21209",2020-11-05,2021-01-06,4,unknown,,0,0,1,https://www.dllr.state.md.us/employment/warn.shtml,3af5c64ba86ead7891be454ffacf52309ffdbadc9c7bf02061bbc7df,1250145bd4b33c2c5bf9c5aade68b604d0c22e9e,2026-07-16,2026-07-19
MD,"Pet Valu, Inc.",pet valu,,,453910,source,,,,,,,,,,,,,,n:pet valu,Gambrills CDP,2431350,Anne Arundel County,24003,39.092725,-76.651034,place,"1308 Main Chapel Way Gambrills, MD 21054",2020-11-05,2021-01-06,5,unknown,,0,0,1,https://www.dllr.state.md.us/employment/warn.shtml,07dcbc16cdce70523c217813b05b554e44db318dffbb430826593567,388497cf734bee1daf589bf48d1c85258e7e0ba5,2026-07-16,2026-07-19
MD,"Pet Valu, Inc.",pet valu,,,453910,source,,,,,,,,,,,,,,n:pet valu,Timonium CDP,2478050,Baltimore County,24005,39.445744,-76.600758,place,"18 W. Ridgely Road Timonium, MD 21093",2020-11-05,2021-01-06,7,unknown,,0,0,1,https://www.dllr.state.md.us/employment/warn.shtml,edb15794ba11ef70153617c8af56d5a24603d9b8437ce3221b883bbb,48ba28c009d0a8e1e72472ffb5194b69015145ea,2026-07-16,2026-07-19
MD,"Pet Valu, Inc.",pet valu,,,453910,source,,,,,,,,,,,,,,n:pet valu,Owings Mills CDP,2459425,Baltimore County,24005,39.410494,-76.789371,place,"9910-9912 Reisterstown Road Owings Mills, MD 21117",2020-11-05,2021-01-06,3,unknown,,0,0,1,https://www.dllr.state.md.us/employment/warn.shtml,81fb420d877f497ecfc512cff6334474195fba56ca95dc3c1a4b8f7f,49bbc264a2e67f8e6e7c2377450ac25c80b9b973,2026-07-16,2026-07-19
MD,"Pet Valu, Inc.",pet valu,,,453910,source,,,,,,,,,,,,,,n:pet valu,,,,,,,,"32 Rising Sun Town Center Rising Sun, MD 21911",2020-11-05,2021-01-06,5,unknown,,0,0,1,https://www.dllr.state.md.us/employment/warn.shtml,6e6a3373fe4b2a7bbadd671bf48708119e2c6a3bd7f465b29b56a13f,4c9d444efce16788a5838d016bcc0dbca05ded2f,2026-07-16,2026-07-19
MD,"Pet Valu, Inc.",pet valu,,,453910,source,,,,,,,,,,,,,,n:pet valu,,,,,,,,"704 Chase Six Boulevard Boonesboro, MD 21713",2020-11-05,2021-01-06,4,unknown,,0,0,1,https://www.dllr.state.md.us/employment/warn.shtml,1324d56b00d9e48bf7177cd5a91a2b9db8f5d616c86d26a70e36e440,54f88bbdc2726865f8ed0f73b9ee920bb93d4a67,2026-07-16,2026-07-19
MD,"Pet Valu, Inc.",pet valu,,,453910,source,,,,,,,,,,,,,,n:pet valu,Baltimore city,2404000,Baltimore city,24510,39.300032,-76.610476,place,"711 W. 40th Street Suite 161 Baltimore, MD 21211",2020-11-05,2021-01-06,6,unknown,,0,0,1,https://www.dllr.state.md.us/employment/warn.shtml,9e796627e2b0ffc943fe514e11ff44f34db162dfd82aa544ec66e8bd,578cfb1b354d859dd687c1599bdcb39951c5077b,2026-07-16,2026-07-19
MD,"Pet Valu, Inc.",pet valu,,,453910,source,,,,,,,,,,,,,,n:pet valu,Hagerstown city,2436075,Washington County,24043,39.640182,-77.722691,place,"18728 N. Pointe Drive Unit C Hagerstown, MD 21742",2020-11-05,2021-01-06,6,unknown,,0,0,1,https://www.dllr.state.md.us/employment/warn.shtml,2db458dbc02c131d11b9eb8010409548176cea461a4b69fae60c0778,5a9efd655e9b6efd7162176b13aba8e59f3d6819,2026-07-16,2026-07-19
MD,"Pet Valu, Inc.",pet valu,,,453910,source,,,,,,,,,,,,,,n:pet valu,Frederick city,2430325,Frederick County,24021,39.434089,-77.414539,place,"1305 West 7th Street Suite 28 Frederick, MD 21702",2020-11-05,2021-01-06,10,unknown,,0,0,1,https://www.dllr.state.md.us/employment/warn.shtml,6f6ed6217614cf9d549e5f54ef34195c8e2c7cb3f33c2661982a5053,68fc8f70f33d60a4bf3db64b2a30de502b573636,2026-07-16,2026-07-19
MD,"Pet Valu, Inc.",pet valu,,,453910,source,,,,,,,,,,,,,,n:pet valu,Clarksburg CDP,2417350,Montgomery County,24031,39.222893,-77.266079,place,"22750 New Cut Road Suite D-2 Clarksburg, MD 20871",2020-11-05,2021-01-06,6,unknown,,0,0,1,https://www.dllr.state.md.us/employment/warn.shtml,ca11540379e5a45e514014d963c1adee8c3e5ad9086f3518cd5cdd82,7047f596f9da0d6dde3499652e02ceddc7a05487,2026-07-16,2026-07-19
MD,"Pet Valu, Inc.",pet valu,,,453910,source,,,,,,,,,,,,,,n:pet valu,,,,,,,,"2315 Hanover Pike Hampstead, MD 21074",2020-11-05,2021-01-06,6,unknown,,0,0,1,https://www.dllr.state.md.us/employment/warn.shtml,79a4a4184427b1a641655c401ea65e708349260a6092a772f3dd9c97,721579d05cd1c067ded69a93d4710811a1e45968,2026-07-16,2026-07-19
MD,"Pet Valu, Inc.",pet valu,,,453910,source,,,,,,,,,,,,,,n:pet valu,Ellicott City CDP,2426000,Howard County,24027,39.276691,-76.833952,place,"11099 Resort Road Suite A302 Ellicott City, MD 21042",2020-11-05,2021-01-06,4,unknown,,0,0,1,https://www.dllr.state.md.us/employment/warn.shtml,fdfa2a1e0c52abd718dfc452d732b2e248e943f3b4fb13a9ae82c8fb,7348cb869a199fc1cebbe79a98932400d1d59795,2026-07-16,2026-07-19
MD,"Pet Valu, Inc.",pet valu,,,453910,source,,,,,,,,,,,,,,n:pet valu,Olney CDP,2458900,Montgomery County,24031,39.14434,-77.071429,place,"18115 Town Center Drive Olney, MD 20832",2020-11-05,2021-01-06,8,unknown,,0,0,1,https://www.dllr.state.md.us/employment/warn.shtml,7c60b2751797651285889774a4c4e1d7e7fc736fc79300fca2adc4c1,7725d28cbe228705b4fe058859a7a72f4366cc0f,2026-07-16,2026-07-19
MD,"Pet Valu, Inc.",pet valu,,,453910,source,,,,,,,,,,,,,,n:pet valu,Leonardtown town,2446475,St. Mary's County,24037,38.303891,-76.639653,place,"40845-100 Merchants Lane Suite 100 Leonardtown, MD 20650",2020-11-05,2021-01-06,7,unknown,,0,0,1,https://www.dllr.state.md.us/employment/warn.shtml,eb12bf2358e3b39f3c15e6b05b8b99a2cb5a54dbe581f14a35c55d9e,7ed46d91df224e569dcd932327448016feeb2815,2026-07-16,2026-07-19
MD,"Pet Valu, Inc.",pet valu,,,453910,source,,,,,,,,,,,,,,n:pet valu,,,,,,,,"14933 Shady Grove Rockville, MD 20850",2020-11-05,2021-01-06,5,unknown,,0,0,1,https://www.dllr.state.md.us/employment/warn.shtml,093dc3fc3d4003d0d4d91d082e7ad30971db58b8b6b979313e123bc2,88a1563f9e8d789a4313beca0fdbc9fff9d4c0fb,2026-07-16,2026-07-19
MD,"Pet Valu, Inc.",pet valu,,,453910,source,,,,,,,,,,,,,,n:pet valu,Mount Airy town,2453875,Carroll County,24013,39.374693,-77.153807,place,"317 East Ridgeville Boulevard Mt. Airy, MD 21771",2020-11-05,2021-01-06,8,unknown,,0,0,1,https://www.dllr.state.md.us/employment/warn.shtml,d311f8d8888e99e2559d93ecd86fa8440ce958ef8c6d4359328190e1,8ad73a23ae23521737223bda686d47a36134a724,2026-07-16,2026-07-19
MD,"Pet Valu, Inc.",pet valu,,,453910,source,,,,,,,,,,,,,,n:pet valu,,,,,,,,"9165 Rothbury Drive Space 20/21 Gaithersburg, MD 20879",2020-11-05,2021-01-06,6,unknown,,0,0,1,https://www.dllr.state.md.us/employment/warn.shtml,a28beb4219b588c235131a32035f77faaddc9391f245fed8ebd5a032,9f02f681d4c1de61d5372d87417db8a2d81ead2e,2026-07-16,2026-07-19
MD,"Pet Valu, Inc.",pet valu,,,453910,source,,,,,,,,,,,,,,n:pet valu,Abingdon CDP,2400200,Harford County,24025,39.463472,-76.27314,place,"3491 Merchants Boulevard Abingdon, MD 21009",2020-11-05,2021-01-06,4,unknown,,0,0,1,https://www.dllr.state.md.us/employment/warn.shtml,9c4606141f3c9fa6ad02d409e54be2948ebacabd98133b6eb205d88c,9fa82219d5ac1af5b1cb2f984fe9320ed27b1aff,2026-07-16,2026-07-19
MD,"Pet Valu, Inc.",pet valu,,,453910,source,,,,,,,,,,,,,,n:pet valu,Dundalk CDP,2423975,Baltimore County,24005,39.266824,-76.496531,place,"1758 Merritt Boulevard Dundalk, MD 20754",2020-11-05,2021-01-06,5,unknown,,0,0,1,https://www.dllr.state.md.us/employment/warn.shtml,a313c07a3e7f4b1c66219146ff8f0b36e267afebce6e039f8fb096b3,a03a547071c02b1ff3b84f230099c061babe47b2,2026-07-16,2026-07-19
MD,"Pet Valu, Inc.",pet valu,,,453910,source,,,,,,,,,,,,,,n:pet valu,Annapolis city,2401600,Anne Arundel County,24003,38.972152,-76.505332,place,"940 Bay Ridge Road Unit A-4 Annapolis, MD 21403",2020-11-05,2021-01-06,10,unknown,,0,0,1,https://www.dllr.state.md.us/employment/warn.shtml,da29731178fa97471b0e2921ad2d4e049613db0a6c2c142167e4baa0,a19c2de3e97c5dc9a14ab83b4505dd37b087d939,2026-07-16,2026-07-19
MD,"Pet Valu, Inc.",pet valu,,,453910,source,,,,,,,,,,,,,,n:pet valu,Brandywine CDP,2409325,Prince George's County,24033,38.682077,-76.885314,place,"15904-A Crain Highway Brandywine, MD 20613",2020-11-05,2021-01-06,3,unknown,,0,0,1,https://www.dllr.state.md.us/employment/warn.shtml,5257e051b93d0dd295fe6cc89ecd5a1c5f205cafd421d76de4289c01,ba9f5b00557eb32a54688780c17eb55fb9e6c09a,2026-07-16,2026-07-19
MD,"Pet Valu, Inc.",pet valu,,,453910,source,,,,,,,,,,,,,,n:pet valu,Damascus CDP,2421475,Montgomery County,24031,39.270995,-77.196834,place,"9809 Main Street Suite 103 Damascus, MD 20872",2020-11-05,2021-01-06,11,unknown,,0,0,1,https://www.dllr.state.md.us/employment/warn.shtml,2ace964a5d1d991282a13af876f8171e434fc0db3aa617a9793ae8af,c387a159b5c7048d766deb03189795c94b48dbfe,2026-07-16,2026-07-19
MD,"Pet Valu, Inc.",pet valu,,,453910,source,,,,,,,,,,,,,,n:pet valu,Perry Hall CDP,2460975,Baltimore County,24005,39.406741,-76.477793,place,"5007 Honeygo Center Drive Perry Hall, MD 21128",2020-11-05,2021-01-06,13,unknown,,0,0,1,https://www.dllr.state.md.us/employment/warn.shtml,b9cc4e550ae3c98b08993e61d58fda51dc8022db0648e15b7765bd73,deb9ac83d439444d31f4e35c100851e888524a0d,2026-07-16,2026-07-19
MD,"Pet Valu, Inc.",pet valu,,,453910,source,,,,,,,,,,,,,,n:pet valu,Pasadena CDP,2460475,Anne Arundel County,24003,39.155703,-76.559807,place,"4115 Mountain Road Suite 4193 Pasadena, MD 21122",2020-11-05,2021-01-06,8,unknown,,0,0,1,https://www.dllr.state.md.us/employment/warn.shtml,10c034715de0c31f04038133e3c7f2242be31a968f03e7298e1d9bf5,e431c30fde7efc9f4bcf4df171624fb439adc3a4,2026-07-16,2026-07-19
MD,"Pet Valu, Inc.",pet valu,,,453910,source,,,,,,,,,,,,,,n:pet valu,,,,,,,,"63 Eastern Boulevard North Hagerstown, MD 21740",2020-11-05,2021-01-06,4,unknown,,0,0,1,https://www.dllr.state.md.us/employment/warn.shtml,925c5fb8fac54c24d0fed08cf5c5bc45bbbcae0439b5c0abce6debaf,e63263179dc6d98780b14e838ae6c7c8f13b3c9b,2026-07-16,2026-07-19
MD,"Pet Valu, Inc.",pet valu,,,453910,source,,,,,,,,,,,,,,n:pet valu,Potomac CDP,2463300,Montgomery County,24031,39.013332,-77.193579,place,"7723-7725 Tuckerman Lane Potomac, MD 20854",2020-11-05,2021-01-06,7,unknown,,0,0,1,https://www.dllr.state.md.us/employment/warn.shtml,7cf3cd7a122ded326616337dfe6392b88c1197aedb7d3ae6bffd5e9a,ea2e385f7c68afd7cdb9f5e7a0fb16a77b28deaa,2026-07-16,2026-07-19
MD,"Pet Valu, Inc.",pet valu,,,453910,source,,,,,,,,,,,,,,n:pet valu,,,,,,,,"68 Central Avenue W Edgewater, MD 21037",2020-11-05,2021-01-06,9,unknown,,0,0,1,https://www.dllr.state.md.us/employment/warn.shtml,686c921a2d282041f8cfb4cf2dc6940275b771e91d90bae2ec7b7e1d,ecf985e3ba603ed471827411bda95de88ce00c0e,2026-07-16,2026-07-19
MD,"Pet Valu, Inc.",pet valu,,,453910,source,,,,,,,,,,,,,,n:pet valu,Baltimore city,2404000,Baltimore city,24510,39.300032,-76.610476,place,"1209 N. Charles Street Suite 1 Baltimore, MD 21201",2020-11-05,2021-01-06,6,unknown,,0,0,1,https://www.dllr.state.md.us/employment/warn.shtml,14e2445ce102ce5c0e9e2b3f9cebc47eb4d781c569ff250eee52e828,f19869339575b96d814937bf45d541bd54054b53,2026-07-16,2026-07-19
MD,"Pet Valu, Inc.",pet valu,,,453910,source,,,,,,,,,,,,,,n:pet valu,Baltimore city,2404000,Baltimore city,24510,39.300032,-76.610476,place,"895 East Fort Avenue Baltimore, MD 21230",2020-11-05,2021-01-06,8,unknown,,0,0,1,https://www.dllr.state.md.us/employment/warn.shtml,0b150a3ec50bad5363f6855505ca80e0074a8bc1672390ea0a99f315,f1f2be9ff3b97cb372b46b1b3a2504f8390ede00,2026-07-16,2026-07-19
MD,"Pet Valu, Inc.",pet valu,,,453910,source,,,,,,,,,,,,,,n:pet valu,,,,,,,,"114 Shawan Road Suite 4 Hunt Valley, MD 21030",2020-11-05,2021-01-06,7,unknown,,0,0,1,https://www.dllr.state.md.us/employment/warn.shtml,f56202a2f44222dd6c0bab290b4e4510690ce71669aec7ace4c77ec3,faaece5d8c41234abd9d6b24e73227f440fa7aed,2026-07-16,2026-07-19
MD,"Texas Instruments, Inc.",texas instruments,Texas Instruments,,423990,source,97476,TXN,exact,3674,Semiconductors & Related Devices,,,,Q193412,cik,,,automatic,qid:Q193412,Germantown CDP,2432025,Montgomery County,24031,39.174252,-77.263754,place,"20250 Century Boulevard Germantown, MD 20874",2020-11-05,2020-11-05,50,unknown,,0,0,1,https://www.dllr.state.md.us/employment/warn.shtml,ca84f1ae0f7872adaaa57e6a8b1a71b1fd4d61f6a2b62c70d19e04d3,a2dabac5bbdf73d976ff193ec7ad42893c9a4c9d,2026-07-16,2026-07-19
MD,Chick-fil-A,chick fil a,"CHICK-FIL-A, INC.",,722511,source,,,,,,,,549300BY26GXF5YHV453,,,,,automatic,lei:549300BY26GXF5YHV453,,,,,,,,"7900 Ritchie Highway Space E-113 Glen Burnie, MD 21061",2020-11-10,2021-01-16,17,unknown,,0,0,1,https://www.dllr.state.md.us/employment/warn.shtml,46cd186dff65b5944355eaa8fd92b39cce72e1945c857a4aa6aa910a,74a78db0613a25466f2ff241f17925717b7f9a6a,2026-07-16,2026-07-19
MD,Penn Jersey Paper Company (PJP),penn jersey paper company pjp,,,453210,source,,,,,,,,,,,,,,n:penn jersey paper,Rosedale CDP,2468400,Baltimore County,24005,39.327159,-76.508377,place,"9101 Yellow Brick Road Rosedale, MD 21237",2020-11-16,2021-01-31,18,unknown,,0,0,1,https://www.dllr.state.md.us/employment/warn.shtml,7dff9353ea577ac3849d13f4bbcbfae845a6a93bbb22a02e87d3fc48,683c745484b1e54be096e626a371fa269264ac59,2026-07-16,2026-07-19
MD,"Bed, Bath & Beyond",bed bath beyond,Bed Bath & Beyond Inc.,,442299,source,886158,,exact,5700,"Retail-Home Furniture, Furnishings & Equipment Stores",,,,Q813782,cik,,,automatic,qid:Q813782,Baltimore city,2404000,Baltimore city,24510,39.300032,-76.610476,place,"5210 Campbell Boulevard Baltimore, MD 21236",2020-11-17,2021-01-15,27,unknown,,0,0,1,https://www.dllr.state.md.us/employment/warn.shtml,cfc76b63a783a68debaf2ea06c423a4daa83a4cd9e51382c51009a02,21ef1e9442644035522c132cd850b6fc26ff9998,2026-07-16,2026-07-19
MD,WesTech,westech,,,561110,source,,,,,,,,,,,"Ridgepost Capital, Inc.",1841968,,n:westech,Baltimore city,2404000,Baltimore city,24510,39.300032,-76.610476,place,"12 West Madison Street Baltimore, MD 21201",2020-11-20,2021-01-18,1,unknown,,0,0,1,https://www.dllr.state.md.us/employment/warn.shtml,3b58972b190a0c506aa19a01fa013122436d4d9e993169a908f37818,197725b4520f2f98c3fb936986fb2ed1517dca9c,2026-07-16,2026-07-19
MD,WesTech,westech,,,561110,source,,,,,,,,,,,"Ridgepost Capital, Inc.",1841968,,n:westech,Baltimore city,2404000,Baltimore city,24510,39.300032,-76.610476,place,"702 Cathedral Street Baltimore, MD 21201",2020-11-20,2021-01-18,4,unknown,,0,0,1,https://www.dllr.state.md.us/employment/warn.shtml,544c31b3476fcce46b074c1d48c497b5075d138bd0bfceee3c9cedd9,2e9c3f45113a5781772a7f3a7bb7c1087224eac3,2026-07-16,2026-07-19
MD,WesTech,westech,,,561110,source,,,,,,,,,,,"Ridgepost Capital, Inc.",1841968,,n:westech,Baltimore city,2404000,Baltimore city,24510,39.300032,-76.610476,place,"14 West Mount Vernon Place Baltimore, MD 21201",2020-11-20,2021-01-18,4,unknown,,0,0,1,https://www.dllr.state.md.us/employment/warn.shtml,cca6beaca541df0304b637c92d0843005e01ecc922c18871f6172c30,368569cb1bbed050224600baaa8170cca8643ef1,2026-07-16,2026-07-19
MD,WesTech,westech,,,561110,source,,,,,,,,,,,"Ridgepost Capital, Inc.",1841968,,n:westech,Baltimore city,2404000,Baltimore city,24510,39.300032,-76.610476,place,"1001 Cathedral Street Baltimore, MD 21201",2020-11-20,2021-01-18,24,unknown,,0,0,1,https://www.dllr.state.md.us/employment/warn.shtml,055f06b9aa5b1cbe485f7aa83664da0f837b42fd94f24e60af5d94c8,53439fe27d23ab9a92df351d5a6efc87233d814a,2026-07-16,2026-07-19
MD,WesTech,westech,,,561110,source,,,,,,,,,,,"Ridgepost Capital, Inc.",1841968,,n:westech,Baltimore city,2404000,Baltimore city,24510,39.300032,-76.610476,place,"10 W. Eager Street Baltimore, MD 21201",2020-11-20,2021-01-18,10,unknown,,0,0,1,https://www.dllr.state.md.us/employment/warn.shtml,f680e825ac7a92987edeaeea7d87f888638414cd9ef7dc52dffbe93e,63fa82c61a6d77f04033b74cd5a99ba07b6c1cb5,2026-07-16,2026-07-19
MD,WesTech,westech,,,561110,source,,,,,,,,,,,"Ridgepost Capital, Inc.",1841968,,n:westech,Baltimore city,2404000,Baltimore city,24510,39.300032,-76.610476,place,"819 N. Charles Street Baltimore, MD 21230",2020-11-20,2021-01-18,5,unknown,,0,0,1,https://www.dllr.state.md.us/employment/warn.shtml,ce63d852af696d14eb32b11219448c766bc3a6e1055600d42fe6a03e,b3926556de3d95632d7c2c1eac09fd76c869cb4d,2026-07-16,2026-07-19
MD,WesTech,westech,,,561110,source,,,,,,,,,,,"Ridgepost Capital, Inc.",1841968,,n:westech,,,,,,,,"1217 St. Paul Street Baltimore, MD 21202",2020-11-20,2021-01-18,3,unknown,,0,0,1,https://www.dllr.state.md.us/employment/warn.shtml,fae1bdb59dcddb9cb08d991d4422adcc8397b7b2deefea00547a63b2,d0777c171c39c8f6b1413b1cc2af4d9ab16a2b7f,2026-07-16,2026-07-19
MD,WesTech,westech,,,561110,source,,,,,,,,,,,"Ridgepost Capital, Inc.",1841968,,n:westech,Baltimore city,2404000,Baltimore city,24510,39.300032,-76.610476,place,"814 Cathedral Street Baltimore, MD 21201",2020-11-20,2021-01-18,1,unknown,,0,0,1,https://www.dllr.state.md.us/employment/warn.shtml,26e78233b04ff8be4dd651f245e5b7469f2b7fd7ef957307e4f53c36,fe84e64e6a8b0ebd99107ce8e9c6d3e2711c1cf1,2026-07-16,2026-07-19
MD,Washington Metro Area Transit Authority,washington metro area transit authority,,,485119,source,,,,,,,,,,,,,,n:washington metro area transit authority,,,,,,,,11 Locations in Prince George's County 3 Locations in Montgomery County,2020-11-24,2021-01-23,1100,unknown,,0,0,1,https://www.dllr.state.md.us/employment/warn.shtml,72236be22faa675618af91c195503ed0df7743b18296c2060902cfc9,4df097ebefd4a4703596bda7f464f43174eab508,2026-07-16,2026-07-19
MD,"Fidelity & Guaranty Life Business Services, Inc.",fidelity guaranty life business services,,,524126,source,,,,,,,,,,,"F&G Annuities & Life, Inc.",1934850,,n:fidelity guaranty life business services,Baltimore city,2404000,Baltimore city,24510,39.300032,-76.610476,place,"1001 Fleet Street Baltimore, MD 21202",2020-12-01,2021-02-01,37,unknown,,0,0,1,https://www.dllr.state.md.us/employment/warn.shtml,086d0d49c32050e0620e7b7f4af6bc3424a3d10912822f250387c7c7,e69bdafdac1708130d790c2e481ada09fdb52bde,2026-07-16,2026-07-19
MD,National Express,national express,,,485999,source,,,,,,,,,,,,,,n:national express,Baltimore city,2404000,Baltimore city,24510,39.300032,-76.610476,place,"9729 Philadelphia Road Baltimore, MD 21237",2020-12-02,2020-03-16,87,unknown,,0,0,1,https://www.dllr.state.md.us/employment/warn.shtml,1fc1748c840146a2f0279fd67ae8e3e28cf2e675ca2ef6afbda54fc3,ff5fa346dd97d4015d4b6409e071b1c6b0c9bc99,2026-07-16,2026-07-19
MD,Columbia Association,columbia association,COLUMBIA ASSOCIATION INC,,713940,source,,,,,,520823992,,,,,,,automatic,ein:520823992,Columbia CDP,2419125,Howard County,24027,39.201146,-76.85905,place,"6310 Hillside Court Suite 100 Columbia, MD 21046",2020-12-09,2021-02-28,70,unknown,,0,0,1,https://www.dllr.state.md.us/employment/warn.shtml,59fc8779d917ecb9ae03775dff44c506ffbef2a412fc1b75a79bf288,fbf40aa0831eacb7ad206129d792214d6f0c40ed,2026-07-16,2026-07-19
MD,GroceryWorks,groceryworks,,,445110,source,,,,,,,,,,,SAFEWAY INC,86144,,n:groceryworks,Towson CDP,2478425,Baltimore County,24005,39.39421,-76.617751,place,"1017 York Road Towson, MD 21204",2020-12-09,2021-02-27,17,unknown,,0,0,1,https://www.dllr.state.md.us/employment/warn.shtml,75ee203d2d2268f10f81b976e900302bfe6070290b80b177999dd355,010e6cbd078e93070ec8c7999b75c314607abda7,2026-07-16,2026-07-19
MD,GroceryWorks,groceryworks,,,445110,source,,,,,,,,,,,SAFEWAY INC,86144,,n:groceryworks,Baltimore city,2404000,Baltimore city,24510,39.300032,-76.610476,place,"2610 Boston Street Baltimore, MD 21224",2020-12-09,2021-02-27,2,unknown,,0,0,1,https://www.dllr.state.md.us/employment/warn.shtml,54c46fe93883d9f81f421e2f4f866e4e0cb0b6943bb6d2082ad8dbad,27197658438c02846602df702077ca8b7f366ff4,2026-07-16,2026-07-19
MD,GroceryWorks,groceryworks,,,445110,source,,,,,,,,,,,SAFEWAY INC,86144,,n:groceryworks,Ellicott City CDP,2426000,Howard County,24027,39.276691,-76.833952,place,"4370 Montgomery Road Ellicott City, MD 21043",2020-12-09,2021-02-27,6,unknown,,0,0,1,https://www.dllr.state.md.us/employment/warn.shtml,f274c86312cf5f7c6d66bf219a20ae138cc37d3ae6ab10968c14ff9e,bbe43136d7d433d035bf6c799d2ebb8dee3b614f,2026-07-16,2026-07-19
MD,GroceryWorks,groceryworks,,,445110,source,,,,,,,,,,,SAFEWAY INC,86144,,n:groceryworks,,,,,,,,"444 West MD College Westminster, MD 21158",2020-12-09,2021-02-27,2,unknown,,0,0,1,https://www.dllr.state.md.us/employment/warn.shtml,08832b6014e2fca4776efbe2a8e0f5071fb5c11273f00642a51842c2,e0831e8e97d68a8cf47920a0602210e6daf9e520,2026-07-16,2026-07-19
MD,Admiral's Cup,admiral s cup,,,722511,source,,,,,,,,,,,,,,n:admiral s cup,Baltimore city,2404000,Baltimore city,24510,39.300032,-76.610476,place,"1647 Thames Street Baltimore, MD 21231",2020-12-15,2020-12-11,5,unknown,,0,0,1,https://www.dllr.state.md.us/employment/warn.shtml,e3bdb4190c74b00c8d17eee4538913abaa492384dc2ba97dae8eae24,222a250e8e76c144aeee782959e67e0f17d52b47,2026-07-16,2026-07-19
MD,Azumi,azumi,,,722511,source,,,,,,,,,,,,,,n:azumi,Baltimore city,2404000,Baltimore city,24510,39.300032,-76.610476,place,"725 Aliceanna Street Baltimore, MD 21202",2020-12-15,2020-12-11,50,unknown,,0,0,1,https://www.dllr.state.md.us/employment/warn.shtml,e7181d9170b082dae0d481a6715c25d1c94134e13011687cb7edc364,07fc9bb85b0322caed463a1fa3789cb8236bdcd2,2026-07-16,2026-07-19
MD,Bygone,bygone,,,722511,source,,,,,,,,,,,,,,n:bygone,,,,,,,,"Four Seasons 400 International Drive Baltimore, MD 21202",2020-12-15,2020-12-11,60,unknown,,0,0,1,https://www.dllr.state.md.us/employment/warn.shtml,a51caea1c158d4ed161b7094fab2676f78d31ede46a14925e928c7da,dee7a009361c3aa7b82213ede79837080ef2533d,2026-07-16,2026-07-19
MD,Elk Room,elk room,,,722511,source,,,,,,,,,,,,,,n:elk room,Baltimore city,2404000,Baltimore city,24510,39.300032,-76.610476,place,"1010 Fleet Street Baltimore, MD 21202",2020-12-15,2020-12-11,26,unknown,,0,0,1,https://www.dllr.state.md.us/employment/warn.shtml,ae0d1da24fe0aa2091016978a31e551d07d26ca8fb73aa538efde331,03ebb4872730f1d1c301e51a6dae9453c21efdbc,2026-07-16,2026-07-19
MD,H.E. Deli,h e deli,,,722511,source,,,,,,,,,,,,,,n:h e deli,Baltimore city,2404000,Baltimore city,24510,39.300032,-76.610476,place,"1006 Aliceanna Street Baltimore, MD 21202",2020-12-15,2020-12-11,8,unknown,,0,0,1,https://www.dllr.state.md.us/employment/warn.shtml,6854b127b6bf3269f1f8d7ee63d3a8265366d11549183a917a7b0d6c,0f1216c7654453d229217c3649906d3b6cbad5a3,2026-07-16,2026-07-19
MD,Italian Disco,italian disco,,,722511,source,,,,,,,,,,,,,,n:italian disco,Baltimore city,2404000,Baltimore city,24510,39.300032,-76.610476,place,"1006 Fleet Street Baltimore, MD 21202",2020-12-15,2020-12-11,26,unknown,,0,0,1,https://www.dllr.state.md.us/employment/warn.shtml,f62c6f109d58e11eea3541c3e229c1be6eb2bc5bd774f42f2cd26081,644430fd500e3e8c5eedc0cd23c061b1af1d91d9,2026-07-16,2026-07-19
MD,Loch Bar,loch bar,,,722511,source,,,,,,,,,,,,,,n:loch bar,Baltimore city,2404000,Baltimore city,24510,39.300032,-76.610476,place,"240 International Drive Baltimore, MD 21202",2020-12-15,2020-12-11,51,unknown,,0,0,1,https://www.dllr.state.md.us/employment/warn.shtml,86475e0efe9e0493d3bcdeb1952e2e4760d6b01284ce76fcaf0eb5e2,9815ee96b118ac587862772b745cb8a59e486b2c,2026-07-16,2026-07-19
MD,Maximón,maxim n,,,722511,source,,,,,,,,,,,,,,n:maxim n,Baltimore city,2404000,Baltimore city,24510,39.300032,-76.610476,place,"200 International Drive Baltimore, MD 21202",2020-12-15,2020-12-11,60,unknown,,0,0,1,https://www.dllr.state.md.us/employment/warn.shtml,05c6296f26d97599e8e93d2c528664c88f49c03c7c0ac12d5eb7cdcd,9972fc9e60b1153413ff24151a7a4d1df8450742,2026-07-16,2026-07-19
MD,Monarque,monarque,,,722511,source,,,,,,,,,,,,,,n:monarque,Baltimore city,2404000,Baltimore city,24510,39.300032,-76.610476,place,"1010 Fleet Street Baltimore, MD 21202",2020-12-15,2020-12-11,26,unknown,,0,0,1,https://www.dllr.state.md.us/employment/warn.shtml,11d79547d465f40e617db2bddebdee5984b1061210b9d1e170bb01e0,4039400b327902a742022226efbb2d6e0c38c8bb,2026-07-16,2026-07-19
MD,Ouzo Bay,ouzo bay,,,722511,source,,,,,,,,,,,,,,n:ouzo bay,Baltimore city,2404000,Baltimore city,24510,39.300032,-76.610476,place,"1000 Lancaster Street Suite 100 Baltimore, MD 21202",2020-12-15,2020-12-11,40,unknown,,0,0,1,https://www.dllr.state.md.us/employment/warn.shtml,639b3ac482e8d398e703422f2967c10ed7bfd4a1c1767f30318501a6,a55d483733268e25b206dcfa46a0c943a86beeab,2026-07-16,2026-07-19
MD,Tagliata,tagliata,,,722511,source,,,,,,,,,,,,,,n:tagliata,Baltimore city,2404000,Baltimore city,24510,39.300032,-76.610476,place,"1012 Fleet Street Baltimore, MD 21202",2020-12-15,2020-12-11,26,unknown,,0,0,1,https://www.dllr.state.md.us/employment/warn.shtml,5d5a84659ca8bf5e0827671a675e5c424fce341fcd9f59a582397849,e89ca68ad07e80f4a1073895d3e74f95db6cc3e7,2026-07-16,2026-07-19
MD,The Choptank,choptank,,,722511,source,,,,,,,,,,,"Hub Group, Inc.",940942,,n:choptank,Baltimore city,2404000,Baltimore city,24510,39.300032,-76.610476,place,"1641 Aliceanna Street Baltimore, MD 21231",2020-12-15,2020-12-11,76,unknown,,0,0,1,https://www.dllr.state.md.us/employment/warn.shtml,1346f89c27a5bbdd26b819d71b29a523d30f73340c6a61676b817b77,42418aaf91d7c0fb4c485c28f04520fbf029f1b5,2026-07-16,2026-07-19
MD,Big Huge Games,big huge games,,,541511,source,,,,,,,,,,,,,,n:big huge games,Timonium CDP,2478050,Baltimore County,24005,39.445744,-76.600758,place,"9515 Deereco Road Suite 500 Timonium, MD 21903",2020-12-17,2021-01-15,32,unknown,,0,0,1,https://www.dllr.state.md.us/employment/warn.shtml,95193aebef2ca821c53ea7eb64b94ce395d94ff95a4dc2d65ae45dbd,7c000c8b24eca4eb2b835e497208b900c3640573,2026-07-16,2026-07-19
MD,Cooper's Hawk Winery and Restaurant,cooper s hawk winery and restaurant,,,722511,source,,,,,,,,,,,,,,n:cooper s hawk winery and restaurant,Rockville city,2467675,Montgomery County,24031,39.083666,-77.155585,place,"1403 Research Boulevard Rockville, MD 20850",2020-12-22,2020-12-16,51,unknown,,0,0,1,https://www.dllr.state.md.us/employment/warn.shtml,bbd7ea4b8a2d969d53677f40256b2b224eec31f93b30939324633331,27bb2930c6338afd78c889d8f048bfb02df4cdec,2026-07-16,2026-07-19
MD,Courtyard by Marriott - Columbia,courtyard by marriott columbia,,,721110,source,,,,,,,,,,,,,,n:courtyard by marriott,Columbia CDP,2419125,Howard County,24027,39.201146,-76.85905,place,"8910 Standford Boulevard Columbia, MD 21045",2020-12-30,2021-03-01,30,unknown,,0,0,1,https://www.dllr.state.md.us/employment/warn.shtml,1127a9493aca2817bc1d1dc58d882026b9c520c31ad1bb0c5cad947c,a768ca32595d1e68b0815b34fa60849fcfd3d48b,2026-07-16,2026-07-19
MD,Shop Rite of White Oak,shop rite of white oak,,,445110,source,,,,,,,,,,,,,,n:shop rite of white oak,Silver Spring CDP,2472450,Montgomery County,24031,39.002441,-77.020791,place,"12028 Cherry Hill Road Silver Spring, MD 20904",2020-12-30,2021-02-28,142,unknown,,0,0,1,https://www.dllr.state.md.us/employment/warn.shtml,669718dce8c2077d9c35e7d6ba25c8947407fb0bb00f7dd0734e2ad3,6873472aa029846290af815d3347fcbbba7f790e,2026-07-16,2026-07-19
MD,ALSCO,alsco,Alsco Inc.,,812331,source,,,,,,,,5493002QZKTXPMZE9V93,Q60752605,label,,,automatic,qid:Q60752605,Lanham CDP,2445550,Prince George's County,24033,38.962124,-76.839173,place,"4900 Philadelphia Way Lanham, MD 20706",2021-01-05,2020-12-15,21,unknown,,0,0,1,https://www.dllr.state.md.us/employment/warn.shtml,53dc9f2c7e6833d81cc92c9e4fd51135097dea195dc484dae5ed4b37,a92f806b0556806983790f0f31cbc20ee63aedd1,2026-07-16,2026-07-19
MD,MGM National Harbor,mgm national harbor,MGM National Harbor,,721120,source,,,,,,,,,Q22984612,label,,,automatic,qid:Q22984612,Oxon Hill CDP,2459500,Prince George's County,24033,38.788793,-76.971864,place,"101 MGM National Avenue Oxon Hill, MD 20745",2021-01-06,2020-12-16,518,unknown,,0,0,1,https://www.dllr.state.md.us/employment/warn.shtml,1e4f47764c3683f98e302d10db7cfca97370b8023e120c2c00b8697d,178ffc370f5e31372ded548bd2d301e0f6c848f0,2026-07-16,2026-07-19
MD,Macy's,macy s,"Macy's, Inc.",,452210,source,794367,M,exact,5311,Retail-Department Stores,,,,Q5479360,cik,,,automatic,qid:Q5479360,Marlow Heights CDP,2450750,Prince George's County,24033,38.821119,-76.944294,place,"4101 Branch Avenue Marlow Heights, MD 20748",2021-01-06,2021-03-14,81,unknown,,0,0,1,https://www.dllr.state.md.us/employment/warn.shtml,a4c13ec47cf3bf02de5b3b550c1b2de8ccb15e2677cfbf8754c0784e,e58285a5efea8e8bc9c024e2f046286eccc69f83,2026-07-16,2026-07-19
MD,Ridgewells,ridgewells,,,722320,source,,,,,,,,,,,,,,n:ridgewells,Bethesda CDP,2407125,Montgomery County,24031,38.987292,-77.118612,place,"5525 Dorsey Lane Bethesda, MD 20816",2021-01-11,2021-01-15,278,unknown,,0,0,1,https://www.dllr.state.md.us/employment/warn.shtml,c847ab167ecb7bf7646f53597f551406908ed520ef77051929dbd977,b9c2e3b8f78142a25f3ce81c18a3f3d1a908aa39,2026-07-16,2026-07-19
MD,Sodexo Johns Hopkins Hospital,sodexo johns hopkins hospital,,,722310,source,,,,,,,,,,,,,,n:sodexo johns hopkins hospital,Baltimore city,2404000,Baltimore city,24510,39.300032,-76.610476,place,"600 North Wolfe Street Baltimore, MD 21287",2021-01-15,2021-03-01,55,unknown,,0,0,1,https://www.dllr.state.md.us/employment/warn.shtml,8957572004354b8c37a795d140571044ea171e0a932963038b4c311c,ecf9fac49bf32b4dcdf34b4fc798d71e7ae9dca5,2026-07-16,2026-07-19
MD,Instacart,instacart,Instacart,,812990,source,,,,,,,,,Q22909236,label,,,automatic,qid:Q22909236,,,,,,,,"Giant Food 7142 Arlington Road Bethesda, MD 20814",2021-01-22,2021-03-21,17,unknown,,0,0,1,https://www.dllr.state.md.us/employment/warn.shtml,4cd2239bb4a122dd11e9f47f16ca3760dfa677524f46e4cddee070c9,644164a1156936548f8106854259d485e99a9590,2026-07-16,2026-07-19
MD,Sunfood Corporation,sunfood,,,424490,source,,,,,,,,,,,,,,n:sunfood,Hagerstown city,2436075,Washington County,24043,39.640182,-77.722691,place,"140 Western Maryland Pkwy Hagerstown, MD 21740",2021-02-18,2021-03-15,3,unknown,,0,0,1,https://www.dllr.state.md.us/employment/warn.shtml,30fa377a1a951dc6e8a3c21d0ad15ad3eae14031df62947fd43adabb,e46787bb79a3a5fe861ebddf834b881ba8665f1b,2026-07-16,2026-07-19
MD,"AAA Club Alliance, Inc.",aaa club alliance,,,561599,source,,,,,,,,,,,,,,n:aaa club alliance,Salisbury city,2469925,Wicomico County,24045,38.375328,-75.585925,place,"8245F Dickerson Lane Salisbury, MD 21804",2021-02-23,2021-03-28,6,unknown,,0,0,1,https://www.dllr.state.md.us/employment/warn.shtml,50bde3df99058f9a108491fc81372eb8193ed97d1194fa2d6a8c47b6,89ddbf10195b5a60ce7011c141345e9a75684209,2026-07-16,2026-07-19
MD,"GenOn Energy Services, LLC",genon energy services,,,221112,source,1752706,,exact:post-era,,,,,,,,,,automatic,cik:1752706,Aquasco CDP,2401925,Prince George's County,24033,38.591534,-76.697125,place,"25100 Chalk Point Road Aquasco, MD 20608",2021-03-24,2021-06-01,57,unknown,,0,0,1,https://www.dllr.state.md.us/employment/warn.shtml,c98712b969451a4c7b2a1197b6881c184ebd896def970925c39ca5b7,843afd09366fc39c576b5e7563e2c67f0715325c,2026-07-16,2026-07-19
MD,"AAA Club Alliance, Inc.",aaa club alliance,,,561599,source,,,,,,,,,,,,,,n:aaa club alliance,Towson CDP,2478425,Baltimore County,24005,39.39421,-76.617751,place,"1019 York Road Towson, MD 21204",2021-04-09,2021-07-01,12,unknown,,0,0,1,https://www.dllr.state.md.us/employment/warn.shtml,7bec6fd87899efb302a0910a92dfa404e54df638dca0d6b6054df1ed,5f3ec986d2cf605051f035c2a2082f161ead28cf,2026-07-16,2026-07-19
MD,Auto Plus Auto Parts,auto plus auto parts,,,441310,source,,,,,,,,,,,,,,n:auto plus auto parts,Middle River CDP,2452300,Baltimore County,24005,39.339519,-76.428702,place,"9909 Pulaski Highway Middle River, MD 21220",2021-04-13,2021-06-13,16,unknown,,0,0,1,https://www.dllr.state.md.us/employment/warn.shtml,db0266444a42409e1819db009e9c7db9a4382463022eaa7e7dcd9811,aa5ae3a28f843644b2364d1dadc6835b4df3cba4,2026-07-16,2026-07-19
MD,Auto Plus Auto Parts,auto plus auto parts,,,441310,source,,,,,,,,,,,,,,n:auto plus auto parts,Baltimore city,2404000,Baltimore city,24510,39.300032,-76.610476,place,"1739 E. Joppa Road Baltimore, MD 21234",2021-04-13,2021-06-13,4,unknown,,0,0,1,https://www.dllr.state.md.us/employment/warn.shtml,3d2d0559e90e5027bfa3c5125f9d886b6e18ee2363f1c6d9abffb8c9,e0517e3d519e966dcbe3811f47dfb37f7d0bccd4,2026-07-16,2026-07-19
MD,Maria Health Care Center,maria health care center,MARIA HEALTH CARE CENTER INC,,623110,source,,,,,,521971632,E910,,,,,,automatic,ein:521971632,Baltimore city,2404000,Baltimore city,24510,39.300032,-76.610476,place,"5401 N. Charles Street Baltimore, MD 21212",2021-04-23,2021-06-22,31,unknown,,0,0,1,https://www.dllr.state.md.us/employment/warn.shtml,9cfcc2229f17960dfec5656bd844bf3ea6645b4ba1cb9cc4e719170b,f77f42845cba4af66d3dd4ba9ea145888ba07d76,2026-07-16,2026-07-19
MD,"PAE Shared Services, LLC",pae shared services,,,541512,source,,,,,,,,,,,"Amentum Holdings, Inc.",2011286,,n:pae shared services,,,,,,,,"48542 Haney Road Bldg. 2657 Patuxent River, MD 20670",2021-04-23,2021-06-12,56,unknown,,0,0,1,https://www.dllr.state.md.us/employment/warn.shtml,7cbf4afdd47e84c67ca2e47462884e685995a8cf12464d3525109b98,3ba397cbe5edc51bb0b897e863a2df7f95a49e60,2026-07-16,2026-07-19
MD,"PAE Shared Services, LLC",pae shared services,,,541512,source,,,,,,,,,,,"Amentum Holdings, Inc.",2011286,,n:pae shared services,,,,,,,,"23013 Cedar Point Road Bldg. 2118 Patuxent River, MD 20670",2021-04-23,2021-06-12,198,unknown,,0,0,1,https://www.dllr.state.md.us/employment/warn.shtml,b015565b45475bac9e9ad0ade423afa4bc69b6efd9cea3f5c14ecf1e,d742d33a682af734bf8133875fa10020ac10e8e3,2026-07-16,2026-07-19
MD,BioReliance Corporation,bioreliance,,,541711,source,1036629,,exact:post-era,8731,Services-Commercial Physical & Biological Research,,,,,,,,automatic,cik:1036629,Rockville city,2467675,Montgomery County,24031,39.083666,-77.155585,place,"14920 Broschart Road Rockville, MD 20850",2021-04-29,2021-07-02,99,unknown,,0,0,1,https://www.dllr.state.md.us/employment/warn.shtml,7027785e819884fcfcb31163213d919ae042a6e81be5c920f9e6cf52,a64e3a1bd7cba5e3d27af5426341fbce7fe21e41,2026-07-16,2026-07-19
MD,Menzies Aviation,menzies aviation,,,488119,source,,,,,,,,,,,,,,n:menzies aviation,Baltimore city,2404000,Baltimore city,24510,39.300032,-76.610476,place,"1001 Aviation Boulevard Suite 2400 Baltimore, MD 21240",2021-04-29,2021-06-30,25,unknown,,0,0,1,https://www.dllr.state.md.us/employment/warn.shtml,bc5a5976aada7249471ced12595fbabf0637b477eb0b74322b045fec,1676550adeed893bf82e47957e6015ab48df6645,2026-07-16,2026-07-19
MD,Kimball David Edward,kimball david edward,,,337121,source,,,,,,,,,,,,,,n:kimball david edward,Baltimore city,2404000,Baltimore city,24510,39.300032,-76.610476,place,"1407 Parker Road Baltimore, MD 21227",2021-05-17,2021-05-21,75,unknown,,0,0,1,https://www.dllr.state.md.us/employment/warn.shtml,5b0b76f7ebf5308ee2214e8e9bb73f5ff3ec4896b122a6b51eb6e592,893efb3fd2d00c89972eb5cc11dcef785b36cc1a,2026-07-16,2026-07-19
MD,"Eclipse Advantage, LLC",eclipse advantage,"Eclipse Advantage, LLC",,541614,source,,,,,,,,5493005QP3QFQSHFIJ81,,,,,automatic,lei:5493005QP3QFQSHFIJ81,Aberdeen city,2400125,Harford County,24025,39.516403,-76.174518,place,"1100 Woodley Road Aberdeen, MD 21001",2021-05-19,2021-07-19,46,unknown,,0,0,1,https://www.dllr.state.md.us/employment/warn.shtml,e37ba73a493a63d8f3e9ba73994f03b6e18f14270916bebae4e04099,2d8d25694e1a30e62f5959930f886935a4b5ffed,2026-07-16,2026-07-19
MD,"Kuehne & Nagel, Inc.",kuehne nagel,KUEHNE + NAGEL INC.,,484110,source,,,,,,,,549300RF6XNTFMZUVL29,,,,,automatic,lei:549300RF6XNTFMZUVL29,Aberdeen city,2400125,Harford County,24025,39.516403,-76.174518,place,"1100 Woodley Road Aberdeen, MD 21001",2021-05-19,2021-07-31,100,unknown,,0,0,1,https://www.dllr.state.md.us/employment/warn.shtml,8061667b6fe437cd746036d955bfb74746cb46c8ef79dd963242bf25,8269cf0e0e0fef72f23f37c462c8af8a460a3210,2026-07-16,2026-07-19
MD,"T.Rowe Price Group, Inc.",t rowe price group,,,551112,source,,,,,,,,,,,,,,n:t rowe price group,Owings Mills CDP,2459425,Baltimore County,24005,39.410494,-76.789371,place,"4515 Painters Mill Road Owings Mills, MD 21117",2021-05-20,2021-07-31,11,unknown,,0,0,1,https://www.dllr.state.md.us/employment/warn.shtml,a75c3ac8987ea59bedd519d81976db77c9b8561b8d7c37a206808798,26c35e7f0df1660bbe6fe68fd897d6d19b001895,2026-07-16,2026-07-19
MD,ABM Industries,abm industries,ABM Industries,,561720,source,771497,ABM,exact,7340,Services-To Dwellings & Other Buildings,,,,Q4650338,cik,,,automatic,qid:Q4650338,Upper Marlboro town,2479875,Prince George's County,24033,38.816495,-76.75367,place,"1221 Mercantile Lane Upper Marlboro, MD 20774",2021-05-26,2021-05-01,9,unknown,,0,0,1,https://www.dllr.state.md.us/employment/warn.shtml,6658988855869d764cf51e32fb0300c779efed91d68e526d17c94058,29af0464bcdd8dc13a66427dc547abb3739db18d,2026-07-16,2026-07-19
MD,ABM Industries,abm industries,ABM Industries,,561720,source,771497,ABM,exact,7340,Services-To Dwellings & Other Buildings,,,,Q4650338,cik,,,automatic,qid:Q4650338,Gaithersburg city,2431175,Montgomery County,24031,39.148601,-77.195131,place,"655 Watkins Mill Road Gaithersburg, MD 20879",2021-05-26,2021-05-01,9,unknown,,0,0,1,https://www.dllr.state.md.us/employment/warn.shtml,90801c9cef721f674f84a61a99299f61778e587014162968295ec133,72bc946264a281fba3196ab6efe2bf56172b051a,2026-07-16,2026-07-19
MD,ABM Industries,abm industries,ABM Industries,,561720,source,771497,ABM,exact,7340,Services-To Dwellings & Other Buildings,,,,Q4650338,cik,,,automatic,qid:Q4650338,Baltimore city,2404000,Baltimore city,24510,39.300032,-76.610476,place,"815 E Pratt Street Baltimore, MD 21202",2021-05-26,2021-05-01,9,unknown,,0,0,1,https://www.dllr.state.md.us/employment/warn.shtml,fec6d0f526c68915f66ad158d0c539910c3c110d1819adeda5b2c7ab,bac9c7ff4f3f3e27deaa73195e4b97aa489312af,2026-07-16,2026-07-19
MD,ABM Industries,abm industries,ABM Industries,,561720,source,771497,ABM,exact,7340,Services-To Dwellings & Other Buildings,,,,Q4650338,cik,,,automatic,qid:Q4650338,Kensington town,2443500,Montgomery County,24031,39.026837,-77.07371,place,"10810 Connecticut Avenue Kensington, MD 20895",2021-05-26,2021-05-01,9,unknown,,0,0,1,https://www.dllr.state.md.us/employment/warn.shtml,7f9a1df3450c975fb1077e0a76c41a4ad89568add3cf5f8e34525127,cc65dff3fd7a13c4f6c286947817a286cd24c17b,2026-07-16,2026-07-19
MD,Abacus Staffing,abacus staffing,,,561311,source,,,,,,,,,,,,,,n:abacus staffing,Aberdeen city,2400125,Harford County,24025,39.516403,-76.174518,place,"1100 Woodley Road Aberdeen, MD 21001",2021-05-27,2021-07-31,25,unknown,,0,0,1,https://www.dllr.state.md.us/employment/warn.shtml,9c8b631bd78f172d5cca9d75497f03727981189b9b3e253e9a50d75f,3586be6c9e35c1fbaecf30da266a9c8ac5b0beaf,2026-07-16,2026-07-19
MD,Hanover Foods Corporation,hanover foods,,,311422,source,853733,,exact:post-era,2033,"Canned, Fruits, Veg, Preserves, Jams & Jellies",,,,,,,,automatic,cik:853733,Ridgely town,2466000,Caroline County,24011,38.952933,-75.882704,place,"502 Factory Lane Ridgely, MD 21660",2021-08-24,2021-11-15,37,unknown,,0,0,1,https://www.dllr.state.md.us/employment/warn.shtml,40ff08ebc48ddab31102a5d41dae4592ff0b406c3ec4eb1727547969,166eb4273771b7ab739ec5943521d6d34ad2d4ef,2026-07-16,2026-07-19
MD,Best Buy,best buy,Best Buy,,443142,source,764478,BBY,exact,5731,"Retail-Radio, Tv & Consumer Electronics Stores",,,,Q533415,cik,,,automatic,qid:Q533415,,,,,,,,"7000 Arundel Mills Circle Hanover, MD 21076",2021-08-30,2021-10-30,47,unknown,,0,0,1,https://www.dllr.state.md.us/employment/warn.shtml,97e8d584b52db4bee4602c24734449f25f242958df214a9786663089,d483060af19ea02a983973e1081d4a5abfe03c58,2026-07-16,2026-07-19
MD,Ascension Health Senior Care d/b/a Ascension Living,ascension health senior care d b a ascension living,,,623110,source,,,,,,,,,,,,,,n:ascension health senior care,Emmitsburg town,2426200,Frederick County,24021,39.705192,-77.321301,place,"331 S. Seton Avenue Emmitsburg, MD 21727",2021-08-31,2021-10-29,100,unknown,,0,0,1,https://www.dllr.state.md.us/employment/warn.shtml,af7dc0975f6294fccc53dbf9ee7c029dd26719c85dbc7a6d26b81290,44dcabeed0d184b9cbe7736fdbdf2c81271944cc,2026-07-16,2026-07-19
MD,"ShoTime Logistics, LLC",shotime logistics,,,484121,source,,,,,,,,,,,,,,n:shotime logistics,Severn CDP,2471150,Anne Arundel County,24003,39.13549,-76.6956,place,"7890 WB&A Rd Severn, MD 21144",2021-09-15,2021-11-09,74,unknown,,0,0,1,https://www.dllr.state.md.us/employment/warn.shtml,bd1f31fdcce2f660b2b4fb1d0e16e154ab557fd52aca575a53506ae1,5bdc5b5f008c8f47af8f978a57fb696bafa226cb,2026-07-16,2026-07-19
MD,Aspire Living & Learning,aspire living learning,,,623210,source,,,,,,,,,,,,,,n:aspire living learning,Bel Air town,2405550,Harford County,24025,39.534942,-76.346323,place,"2109 Laurel Bush Road Bel Air, MD 21015",2021-09-24,2021-11-23,27,unknown,,0,0,1,https://www.dllr.state.md.us/employment/warn.shtml,cab3e538575a3d81ac64bd5d5344448045126f6a296252c630cfe96a,ce14a1a26950f5ceafff3efc1f440ca0fea6c806,2026-07-16,2026-07-19
MD,"BP Lubricants USA, Inc.",bp lubricants usa,,,324191,source,,,,,,,,,,,,,,n:bp lubricants usa,Baltimore city,2404000,Baltimore city,24510,39.300032,-76.610476,place,"9300 Pulaski Highway Baltimore, MD 21220",2021-09-24,2021-07-29,33,unknown,,0,0,1,https://www.dllr.state.md.us/employment/warn.shtml,3af55118d42e27bffb6cbc001620b8067b3325aa094c14f12dd832d4,61bb175123d9f949d49316975e59cc07978a80c7,2026-07-16,2026-07-19
MD,Wells Fargo,wells fargo,Wells Fargo,,522110,source,72971,WFC,exact,6021,National Commercial Banks,,,,Q744149,cik,,,automatic,qid:Q744149,Columbia CDP,2419125,Howard County,24027,39.201146,-76.85905,place,"7175 Columbia Gateway Drive Columbia, MD 21046",2021-10-22,2021-12-19,30,unknown,,0,0,1,https://www.dllr.state.md.us/employment/warn.shtml,2d1a734f1b565433ba176f662dc276e3d88290a155cd27c97ce4d100,1ff74bfedfce5b169f0d3b66ba38eff193384823,2026-07-16,2026-07-19
MD,Imerys Carbonate USA,imerys carbonate usa,,,325180,source,,,,,,,,,,,,,,n:imerys carbonate usa,Cockeysville CDP,2418250,Baltimore County,24005,39.478003,-76.630796,place,"10000 Beaver Dam Road Cockeysville, MD 21030",2021-11-02,2022-01-31,40,unknown,,0,0,1,https://www.dllr.state.md.us/employment/warn.shtml,853c2b86a4e90a9b66d9c63c9448af12aed118e7fdd74387726a6210,548bfdd048074fac2eee7decfeffe0c5be2da57e,2026-07-16,2026-07-19
MD,"Marriott Hotel Services, Inc.",marriott hotel services,,,721110,source,1329063,,exact:post-era,,,,,,,,,,automatic,cik:1329063,Bethesda CDP,2407125,Montgomery County,24031,38.987292,-77.118612,place,"6711 Democracy Boulevard Bethesda, MD 20817",2021-11-04,2022-01-31,52,unknown,,0,0,1,https://www.dllr.state.md.us/employment/warn.shtml,e02e6b05b506f358547581f3a42c1c386574eae5c409f1da41c0e011,5ca30b309d5a4e10e1617b1dd7778402aef682b8,2026-07-16,2026-07-19
MD,Ruth's Chris Steak House,ruth s chris steak house,,,722511,source,,,,,,,,,,,,,,n:ruth s chris steak house,Bethesda CDP,2407125,Montgomery County,24031,38.987292,-77.118612,place,"7315 Wisconsin Avenue Bethesda, MD 20814",2021-11-05,2021-12-31,29,unknown,,0,0,1,https://www.dllr.state.md.us/employment/warn.shtml,5be7485971f69b9dcac238811b7af0d00a41579259c322948f2f4e3e,f48ae0971885aca3d8ea98ccde9dbff7245473b7,2026-07-16,2026-07-19
MD,Price Rite,price rite,,,445110,source,,,,,,,,,,,,,,n:price rite,District Heights city,2423025,Prince George's County,24033,38.858871,-76.888436,place,"5800 Silver Hill Road District Heights, MD 20747",2021-11-30,2021-12-30,36,unknown,,0,0,1,https://www.dllr.state.md.us/employment/warn.shtml,dc5bba55cf83a561fad68707112dacd2f06441ed8c3ffb288925cbb2,279cd5a975c77c222a1b232fcd31528dd63c70e1,2026-07-16,2026-07-19
MD,Gabriel Brothers,gabriel brothers,,,452210,source,,,,,,,,,,,,,,n:gabriel brothers,Abingdon CDP,2400200,Harford County,24025,39.463472,-76.27314,place,"3430 Emmorton Road Abingdon, MD 21009",2021-12-01,2022-01-01,61,unknown,,0,0,1,https://www.dllr.state.md.us/employment/warn.shtml,407e90f09521fa9018871f9fe04a082e055fdbf20a427b19845b701f,e4fc0cca8d79e683202878803182d4c1e409405c,2026-07-16,2026-07-19
MD,Wisetek Solutions,wisetek solutions,,,541611,source,,,,,,,,,,,IRON MOUNTAIN INC,1020569,,n:wisetek solutions,Hyattsville city,2441250,Prince George's County,24033,38.961205,-76.954935,place,"3200 Hubbard Road Hyattsville, MD 20785",2021-12-02,2022-02-02,38,unknown,,0,0,1,https://www.dllr.state.md.us/employment/warn.shtml,4a9398a4e633eeed79f804ee9ef46ad50e4d269f0918ec95859c84ea,d19283a8a49620e6cdfa92cb19a12a7d00904b8d,2026-07-16,2026-07-19
MD,"The Baltimore Sun Company, LLC",baltimore sun,,,511110,source,,,,,,,,,,,,,,n:baltimore sun,Baltimore city,2404000,Baltimore city,24510,39.300032,-76.610476,place,"300 East Cromwell Street Baltimore, MD 21230",2021-12-03,2022-01-30,139,unknown,,0,0,1,https://www.dllr.state.md.us/employment/warn.shtml,bc3cf5c08f663324f0ff85e01ad3871eb207eb09fbde0cdd336080f0,3e8f6d1482aba7bc93d5e07858e870929d639dd0,2026-07-16,2026-07-19
MD,AIS Healthcare,ais healthcare,,,446110,source,,,,,,,,,,,,,,n:ais healthcare,,,,,,,,"10 Warren Road #220 Hunt Valley, MD 21030",2021-12-08,2022-02-08,23,unknown,,0,0,1,https://www.dllr.state.md.us/employment/warn.shtml,7e077e629cdd39c42ff2435597b0907e341b95a30de10a11f7a10de8,f09525d13c81d1e227c2b651f675c4bff4cc10c7,2026-07-16,2026-07-19
MD,Crate & Barrel,crate barrel,,,442299,source,,,,,,,,,,,,,,n:crate barrel,Towson CDP,2478425,Baltimore County,24005,39.39421,-76.617751,place,"825 Dulaney Valley Road Towson, MD 21204",2021-12-09,2022-02-07,37,unknown,,0,0,1,https://www.dllr.state.md.us/employment/warn.shtml,31499a1211d43ff644b9ed56f5f788ba1e886196d0b326c626dd24e1,16f53e950784c0d48f815dfae7fd3b7d7f8cde2e,2026-07-16,2026-07-19
MD,"ABM Industry Group, LLC",abm industry group,,,561720,source,,,,,,,,,,,,,,n:abm industry group,Upper Marlboro town,2479875,Prince George's County,24033,38.816495,-76.75367,place,"1221 Mercantile Lane Upper Marlboro, MD 20774",2022-01-21,2022-02-28,9,unknown,,0,0,1,https://www.dllr.state.md.us/employment/warn.shtml,7699bb127d8a39b19edcbf4eca978a6bb3fa22c032be7df865bd4150,11a0229b190dcc9cb6cf19aad40d9c8c0544cef9,2026-07-16,2026-07-19
MD,"ABM Industry Group, LLC",abm industry group,,,561720,source,,,,,,,,,,,,,,n:abm industry group,,,,,,,,"1447 York Road #100 Lutherville, MD 21093",2022-01-21,2022-02-28,9,unknown,,0,0,1,https://www.dllr.state.md.us/employment/warn.shtml,f5f8c7949688971ef3c69c5717e61fe549e863f6b5eb8489ab3be13e,19d44f44c7d481c7f6bf77da9dc180ced18387e2,2026-07-16,2026-07-19
MD,"ABM Industry Group, LLC",abm industry group,,,561720,source,,,,,,,,,,,,,,n:abm industry group,Glen Burnie CDP,2432650,Anne Arundel County,24003,39.156271,-76.606996,place,"7670 Quarterfield Road Glen Burnie, MD 21061",2022-01-21,2022-02-28,9,unknown,,0,0,1,https://www.dllr.state.md.us/employment/warn.shtml,15a7e6e3f0f6ccc7187c7621d8225c9a4bb6763bc29279bd43c314ad,1ca6a1909222c189ae815faebe52c36477a7c8d6,2026-07-16,2026-07-19
MD,"ABM Industry Group, LLC",abm industry group,,,561720,source,,,,,,,,,,,,,,n:abm industry group,Kensington town,2443500,Montgomery County,24031,39.026837,-77.07371,place,"10812 Connecticut Ave. Kensington, MD 20895",2022-01-21,2022-02-28,7,unknown,,0,0,1,https://www.dllr.state.md.us/employment/warn.shtml,13221e55c7e6708d687e6728f97221c9e824dba750c843bd53c7d950,1ddcc57756806fa9b65f2912b138230e2a1aaa1b,2026-07-16,2026-07-19
MD,"ABM Industry Group, LLC",abm industry group,,,561720,source,,,,,,,,,,,,,,n:abm industry group,Silver Spring CDP,2472450,Montgomery County,24031,39.002441,-77.020791,place,"1500 Forest Glen Road Silver Spring, MD 20910",2022-01-21,2022-02-28,9,unknown,,0,0,1,https://www.dllr.state.md.us/employment/warn.shtml,323b2a83334daa1305bd3ab5b05ab11de12c8937144ceec549b7cc9f,249ea09b3dba4264f0f30ddfabb127804bff3664,2026-07-16,2026-07-19
MD,"ABM Industry Group, LLC",abm industry group,,,561720,source,,,,,,,,,,,,,,n:abm industry group,Hyattsville city,2441250,Prince George's County,24033,38.961205,-76.954935,place,"6525 Belcrest Road Hyattsville, MD 20782",2022-01-21,2022-02-28,9,unknown,,0,0,1,https://www.dllr.state.md.us/employment/warn.shtml,dde77c1526c9dd5bfc3ed73299a7d6a12529e4c9d7db4b04d6b91e9e,3986dcb8c9856ebffe5f0c1875d8bed4f5a73404,2026-07-16,2026-07-19
MD,"ABM Industry Group, LLC",abm industry group,,,561720,source,,,,,,,,,,,,,,n:abm industry group,,,,,,,,"1701 Twin Springs Road Halethorpe, MD 21227",2022-01-21,2022-02-28,13,unknown,,0,0,1,https://www.dllr.state.md.us/employment/warn.shtml,877bbd24d8e22f923128b33d0619b37a15596417110660f3723c75ef,3b207e611c7d65400a948c11f5d542eda0547006,2026-07-16,2026-07-19
MD,"ABM Industry Group, LLC",abm industry group,,,561720,source,,,,,,,,,,,,,,n:abm industry group,Columbia CDP,2419125,Howard County,24027,39.201146,-76.85905,place,"7070 Samuel Morse Dr. Columbia, MD 21046",2022-01-21,2022-02-28,9,unknown,,0,0,1,https://www.dllr.state.md.us/employment/warn.shtml,1058975129843c1ce7b6f0ed8e60f6a202fc7d3544f28ab42022d459,3cb77cf508faba9e9b78bb516196aebca49f0db3,2026-07-16,2026-07-19
MD,"ABM Industry Group, LLC",abm industry group,,,561720,source,,,,,,,,,,,,,,n:abm industry group,Temple Hills CDP,2477100,Prince George's County,24033,38.810549,-76.949477,place,"6104 Old Paint Branch Ave Temple Hills, MD 20748",2022-01-21,2022-02-28,9,unknown,,0,0,1,https://www.dllr.state.md.us/employment/warn.shtml,a08069a3c50d69ec72742dcf198ba8cda7bfb2863bba229b715c2f64,4051d40721c5540bcd5b2af109ef6ab7fdc37850,2026-07-16,2026-07-19
MD,"ABM Industry Group, LLC",abm industry group,,,561720,source,,,,,,,,,,,,,,n:abm industry group,Rockville city,2467675,Montgomery County,24031,39.083666,-77.155585,place,"1396 Piccard Drive Rockville, MD 20850",2022-01-21,2022-02-28,9,unknown,,0,0,1,https://www.dllr.state.md.us/employment/warn.shtml,e84df8dc2f8f9186b023972a7bbf0fff23e6564c17d84a7cba8a09e7,60d00d6a5930481aa3f20ff859b3008356f04f3a,2026-07-16,2026-07-19
MD,"ABM Industry Group, LLC",abm industry group,,,561720,source,,,,,,,,,,,,,,n:abm industry group,,,,,,,,"888 Bestgate Road #111 Annapolis, MD 21401",2022-01-21,2022-02-28,9,unknown,,0,0,1,https://www.dllr.state.md.us/employment/warn.shtml,d4a490cb5a1a2412e50020f7d872b58866800132726db49204834a05,620c33b58e9e59809d424cae2c3aacb77085edc4,2026-07-16,2026-07-19
MD,"ABM Industry Group, LLC",abm industry group,,,561720,source,,,,,,,,,,,,,,n:abm industry group,,,,,,,,"7141 Security Boulevard Windsor Mill, MD 21244",2022-01-21,2022-02-28,9,unknown,,0,0,1,https://www.dllr.state.md.us/employment/warn.shtml,8dea7dfd7e499ab1e1a8c2db073ae964cdbfbc43c4a84955d7b8b7b1,83bdb744fb2171757ffdd60ae3b2c068225a38e7,2026-07-16,2026-07-19
MD,"ABM Industry Group, LLC",abm industry group,,,561720,source,,,,,,,,,,,,,,n:abm industry group,Camp Springs CDP,2412600,Prince George's County,24033,38.805072,-76.918565,place,"5100 Auth Way Camp Springs, MD 20746",2022-01-21,2022-02-28,9,unknown,,0,0,1,https://www.dllr.state.md.us/employment/warn.shtml,9bf2ec10740efd66ea61bcab6d7862f2d86167ce200afae60b38acb2,84378518ce810d7f0e2212ef64684f26892722bc,2026-07-16,2026-07-19
MD,"ABM Industry Group, LLC",abm industry group,,,561720,source,,,,,,,,,,,,,,n:abm industry group,Frederick city,2430325,Frederick County,24021,39.434089,-77.414539,place,"7190 Crestwood Blvd. Frederick, MD 21703",2022-01-21,2022-02-28,9,unknown,,0,0,1,https://www.dllr.state.md.us/employment/warn.shtml,315646194b30c305618717e117af4f2379b380306bb321a1a1c187bf,acfb90af3a56b2c13cab9005ef4cdddb1fdbcb09,2026-07-16,2026-07-19
MD,"ABM Industry Group, LLC",abm industry group,,,561720,source,,,,,,,,,,,,,,n:abm industry group,Beltsville CDP,2406400,Prince George's County,24033,39.039903,-76.920443,place,"1021 Bacon Drive Beltsville, MD 20705",2022-01-21,2022-02-28,9,unknown,,0,0,1,https://www.dllr.state.md.us/employment/warn.shtml,5ba33d7a9174ed266b73f1be19a432fea91b4fe3e6be9869d3dd4b3e,af6188e36c807f437ca6aaff597273be9e28bb48,2026-07-16,2026-07-19
MD,"ABM Industry Group, LLC",abm industry group,,,561720,source,,,,,,,,,,,,,,n:abm industry group,Rockville city,2467675,Montgomery County,24031,39.083666,-77.155585,place,"6111 Executive Boulevard Rockville, MD 20852",2022-01-21,2022-02-28,9,unknown,,0,0,1,https://www.dllr.state.md.us/employment/warn.shtml,899ef9b680c5f4913598e07b8f5b6fc98478d3911f3292493e96b0af,bc508e6296067bc0cc67051057900e3afb91b7ff,2026-07-16,2026-07-19
MD,"ABM Industry Group, LLC",abm industry group,,,561720,source,,,,,,,,,,,,,,n:abm industry group,Rockville city,2467675,Montgomery County,24031,39.083666,-77.155585,place,"2106 Jefferson Street Rockville, MD 20852",2022-01-21,2022-02-28,9,unknown,,0,0,1,https://www.dllr.state.md.us/employment/warn.shtml,886090a096f781104304be0d1dd27639ccd0383f28462156f7cdd137,c058d1821327eccd43d88c103b054a2edb578191,2026-07-16,2026-07-19
MD,"ABM Industry Group, LLC",abm industry group,,,561720,source,,,,,,,,,,,,,,n:abm industry group,Gaithersburg city,2431175,Montgomery County,24031,39.148601,-77.195131,place,"655 Watkins Mill Road Gaithersburg, MD 20879",2022-01-21,2022-02-28,9,unknown,,0,0,1,https://www.dllr.state.md.us/employment/warn.shtml,6fc4d5ff8af12cfc41f0fd9ec72b3184c926e227d436454d93297445,c91c0dbeaf3ad8bdfecc762763f5f2825e95e26f,2026-07-16,2026-07-19
MD,"ABM Industry Group, LLC",abm industry group,,,561720,source,,,,,,,,,,,,,,n:abm industry group,,,,,,,,"4920 Campbell Blvd. Nottingham, MD 21236",2022-01-21,2022-02-28,9,unknown,,0,0,1,https://www.dllr.state.md.us/employment/warn.shtml,3b95ff172f3878cc859bcc62f6050b3d8e689cde74ec555fc429afe7,d15bca84b170615840df2725fdf2e705d777fd97,2026-07-16,2026-07-19
MD,"ABM Industry Group, LLC",abm industry group,,,561720,source,,,,,,,,,,,,,,n:abm industry group,Silver Spring CDP,2472450,Montgomery County,24031,39.002441,-77.020791,place,"12201 Plum Orchard Drive Silver Spring, MD 20904",2022-01-21,2022-02-28,15,unknown,,0,0,1,https://www.dllr.state.md.us/employment/warn.shtml,dff14d3eba50fbe72a38f4b76e7de0e16150407a2a53a86296f1c756,d71f7e871b22867e01047f5ff6ef9bed69d248a9,2026-07-16,2026-07-19
MD,"ABM Industry Group, LLC",abm industry group,,,561720,source,,,,,,,,,,,,,,n:abm industry group,Abingdon CDP,2400200,Harford County,24025,39.463472,-76.27314,place,"3400 Box Hill South Pkwy Abingdon, MD 21009",2022-01-21,2022-02-28,9,unknown,,0,0,1,https://www.dllr.state.md.us/employment/warn.shtml,4db335901fe81beb26c7720611afce8b930e844bcfc77fb475a4b8ed,d7e60126bd16e885a1e00d81330e7dbd5ac13829,2026-07-16,2026-07-19
MD,"ABM Industry Group, LLC",abm industry group,,,561720,source,,,,,,,,,,,,,,n:abm industry group,Silver Spring CDP,2472450,Montgomery County,24031,39.002441,-77.020791,place,"2221 Broadbirch Drive Silver Spring, MD 20904",2022-01-21,2022-02-28,9,unknown,,0,0,1,https://www.dllr.state.md.us/employment/warn.shtml,0823dc79d5a2c07bc223343e88584c7dae1c02f3c041e33c74518ea8,d958f475e9914d70f13bd90b742bbcc2df92adf7,2026-07-16,2026-07-19
MD,"ABM Industry Group, LLC",abm industry group,,,561720,source,,,,,,,,,,,,,,n:abm industry group,Kensington town,2443500,Montgomery County,24031,39.026837,-77.07371,place,"10810 Connecticut Ave. Kensington, MD 20895",2022-01-21,2022-02-28,6,unknown,,0,0,1,https://www.dllr.state.md.us/employment/warn.shtml,92442b25504efe63dd9c7a7b3edcf72c6201b345f2ea4df12218edda,e7ad56ab26761c29734b639b10bfecdae561f568,2026-07-16,2026-07-19
MD,"ABM Industry Group, LLC",abm industry group,,,561720,source,,,,,,,,,,,,,,n:abm industry group,Hyattsville city,2441250,Prince George's County,24033,38.961205,-76.954935,place,"4000 Garden City Drive Hyattsville, MD 20785",2022-01-21,2022-02-28,9,unknown,,0,0,1,https://www.dllr.state.md.us/employment/warn.shtml,e10e1dedd438de36189ea1fd814d3b6d8983676ef8f0a8049d9356c7,f29e30c486b0d282631f42dcdd58a82d487549a3,2026-07-16,2026-07-19
MD,"ABM Industry Group, LLC",abm industry group,,,561720,source,,,,,,,,,,,,,,n:abm industry group,Baltimore city,2404000,Baltimore city,24510,39.300032,-76.610476,place,"815 E. Pratt Street Baltimore, MD 21202",2022-01-21,2022-02-28,9,unknown,,0,0,1,https://www.dllr.state.md.us/employment/warn.shtml,46b3117b41044dae8ceef2fccdcc15f9166dcf7f8172b4ec87c81517,f4d5ccab2afe1bd9a6f599ed39e6f39fc546b108,2026-07-16,2026-07-19
MD,Royal Farms Arena/ASM Global,royal farms arena asm global,,,711310,source,,,,,,,,,,,,,,n:royal farms arena asm global,Baltimore city,2404000,Baltimore city,24510,39.300032,-76.610476,place,"201 W. Baltimore Street Baltimore, MD 21202",2022-02-02,2022-03-04,1492,unknown,,0,0,1,https://www.dllr.state.md.us/employment/warn.shtml,005952eb4f4fc284688750e0c248f24166bd49df64b4f08acd9d3662,8b37fbbe44eb2f4fd6392c82c63d6e10ff9cae73,2026-07-16,2026-07-19
MD,"District Photo, Inc.",district photo,,,322222,source,,,,,,,,,,,,,,n:district photo,Beltsville CDP,2406400,Prince George's County,24033,39.039903,-76.920443,place,"10501 Rhode Island Avenue Beltsville, MD 20705",2022-02-04,2022-04-04,11,unknown,,0,0,1,https://www.dllr.state.md.us/employment/warn.shtml,c51bb1316ce69caf5d56032387d113d4136f8c951fcfd699d5339296,f085d283be9fa61c7427c19692043fd6b9156e33,2026-07-16,2026-07-19
MD,"Staples, Inc.",staples,,,453210,source,791519,,exact:post-era,5940,Retail-Miscellaneous Shopping Goods Stores,,,,,,,,automatic,cik:791519,Laurel city,2445900,Prince George's County,24033,39.095075,-76.861245,place,"9327 Washington Road Laurel, MD 20723",2022-02-18,2022-04-22,16,unknown,,0,0,1,https://www.dllr.state.md.us/employment/warn.shtml,e0c5d60c6901fc191bcabff0de47f0841b343c1045b26c3772e596b9,97f71c3abcf904b80b21c7bd89fb8666d7cda5ed,2026-07-16,2026-07-19
MD,Holiday Inn,holiday inn,Holiday Inn,,721110,source,,,,,,,,,Q2717882,label,IHG Hotels & Resorts,,automatic,qid:Q2717882,Baltimore city,2404000,Baltimore city,24510,39.300032,-76.610476,place,"105 W. Fayette Street Baltimore, MD 21201",2022-03-02,2022-04-08,17,unknown,,0,0,1,https://www.dllr.state.md.us/employment/warn.shtml,f3ec85ab0e005a4180e131969336938713ded6a18dd3add2cdf0fd94,28f35c57fc91af9633a921928e812469a9ac7efc,2026-07-16,2026-07-19
MD,Radisson Baltimore,radisson baltimore,,,721110,source,,,,,,,,,,,,,,n:radisson baltimore,Baltimore city,2404000,Baltimore city,24510,39.300032,-76.610476,place,"101 W. Fayette Street Baltimore, MD 21201",2022-03-02,2022-04-08,83,unknown,,0,0,1,https://www.dllr.state.md.us/employment/warn.shtml,324ec9a7d1dcd5121c55734733414675e7f05edde6bb7b1ecc7bd560,007b7ffac699b3cd779961ec94398eb3c04b1dd5,2026-07-16,2026-07-19
MD,Peninsula Endoscopy Center (PEC),peninsula endoscopy center pec,,,621111,source,,,,,,,,,,,,,,n:peninsula endoscopy center,,,,,,,,"9315 Ocean Highway Delmar, Maryland 21875",2022-03-08,2022-05-09,13,unknown,,0,0,1,https://www.dllr.state.md.us/employment/warn.shtml,1eb1da1ca8d730a9e48db799e376460f4ed8c57e5253312aba6c9f80,4aba0fe4b1da49b9b5a1815454db91ea2d96c391,2026-07-16,2026-07-19
MD,Peninsula Gastroenterology Associates (PEC),peninsula gastroenterology associates pec,,,621111,source,,,,,,,,,,,,,,n:peninsula gastroenterology associates,,,,,,,,"9315 Ocean Highway Delmar, Maryland 21875",2022-03-08,2022-05-09,9,unknown,,0,0,1,https://www.dllr.state.md.us/employment/warn.shtml,2f91323772f65f8f80f3efeb7cc4796840c3a7959024ac232b38b8df,26b56d91349576e76641ee465f3ed49a1b2a79b1,2026-07-16,2026-07-19
MD,"District Photo, Inc.",district photo,,,322222,source,,,,,,,,,,,,,,n:district photo,Beltsville CDP,2406400,Prince George's County,24033,39.039903,-76.920443,place,"10501 Rhode Island Avenue Beltsville, MD 20705",2022-03-15,2022-05-14,34,unknown,,0,0,1,https://www.dllr.state.md.us/employment/warn.shtml,f82f7200dbdc4b7e90add63fbbea644804a2d05d675190771c5add75,333539a9ad5725e441bd264828b5fbd9bbcb5df4,2026-07-16,2026-07-19
MD,GenOn Morgantown Generating Station,genon morgantown generating station,,,221112,source,,,,,,,,,,,,,,n:genon morgantown generating station,,,,,,,,"12620 Crain Highway Newburg, MD 20664",2022-03-15,2022-06-01,73,unknown,,0,0,1,https://www.dllr.state.md.us/employment/warn.shtml,eaf62c002939751f62dd53f8aca287e55ee7f9f254b2082f6198d103,e1620f9f80d388fdb3ddbcf804dbfa8c9a839c61,2026-07-16,2026-07-19
MD,"Golden Services, LLC",golden services,,,561612,source,,,,,,,,,,,,,,n:golden services,Germantown CDP,2432025,Montgomery County,24031,39.174252,-77.263754,place,"19901 Germantown Road Germantown, MD 20875",2022-03-21,2022-05-17,74,unknown,,0,0,1,https://www.dllr.state.md.us/employment/warn.shtml,79b6d8775642c8ba6262864f6faf92c3eb91dcfe0bb562c0ed3f84ab,6693cac8cecf9154d090b7fd09a60728ecab5415,2026-07-16,2026-07-19
MD,WestRock,westrock,"WRKCo, Inc.",,322211,source,1732845,,exact,2650,Paperboard Containers & Boxes,,,,Q21016487,cik,,,automatic,qid:Q21016487,,,,,,,,"725 Pittman Road Curtis Bay, Md 21226",2022-03-31,2022-05-31,30,unknown,,0,0,1,https://www.dllr.state.md.us/employment/warn.shtml,54b251c7672ba50473806fe2f666d9d6d45cdff88b5064f69af8cf2c,af25db6f4efce2f8e2b339f45f1af2035de9f2cf,2026-07-16,2026-07-19
MD,"CACI, Inc.",caci,CACI,,541990,source,,,,,,,,,Q1022711,label,,,automatic,qid:Q1022711,,,,,,,,"1681 Nelson Street Fort Detrick, MD 21702",2022-04-01,2022-05-31,94,unknown,,0,0,1,https://www.dllr.state.md.us/employment/warn.shtml,e90658da9274ed6363a1422ef555deb46d0897f13515bf4015cdc708,606a4ca12bf7e20ea4182d43e8e6a591febf9959,2026-07-16,2026-07-19
MD,"Ready Responders, Inc.",ready responders,,,621399,source,1737374,,exact,,,,,,,,,,automatic,cik:1737374,Landover CDP,2445325,Prince George's County,24033,38.924395,-76.887604,place,"8201 Corporate Drive Suite 650 Landover, MD 20785",2022-04-06,2022-02-16,4,unknown,,0,0,1,https://www.dllr.state.md.us/employment/warn.shtml,a011da15561b19369ff91dab99ee5fefb4b35d96227d611973e60efd,ef89eb16ceabe1d5678c8718e20df430ee2dcadc,2026-07-16,2026-07-19
MD,DFA Dairy Brands,dfa dairy brands,,,311511,source,,,,,,,,,,,,,,n:dfa dairy brands,Hyattsville city,2441250,Prince George's County,24033,38.961205,-76.954935,place,"7631 Jefferson Avenue Hyattsville, MD 20785",2022-04-12,2022-06-12,42,unknown,,0,0,1,https://www.dllr.state.md.us/employment/warn.shtml,0c33f28ca6b651796b43bf70b25b4653aedb52ffd8b428d3df995c22,1316a96930625c7bef1e888c9d598a25df1fb189,2026-07-16,2026-07-19
MD,Toyota Motor Credit Corporation d/b/a Toyota Financial Services,toyota motor credit corporation d b a toyota financial services,,,561499,source,834071,,exact:base,6141,Personal Credit Institutions,,,,,,,,automatic,cik:834071,Owings Mills CDP,2459425,Baltimore County,24005,39.410494,-76.789371,place,"500 Red Brook Boulevard Owings Mills, MD 21117",2022-05-02,2022-07-01,196,unknown,,0,0,1,https://www.dllr.state.md.us/employment/warn.shtml,77dee171db203518a1f05093a4b8748af39a7db958fc3da7e584c216,c63daa4d1b8fa1c7eb0f72f4d5628de98d901d21,2026-07-16,2026-07-19
MD,Bon Appetit,bon appetit,Bon Appétit,,722513,source,,,,,,,,,Q2185528,label,,,automatic,qid:Q2185528,Baltimore city,2404000,Baltimore city,24510,39.300032,-76.610476,place,"3400 N. Charles Street Baltimore, MD 21218",2022-06-01,2022-07-31,190,unknown,,0,0,1,https://www.dllr.state.md.us/employment/warn.shtml,5d42eddf6f3326c569a70bb33159627b190ae499f157e641080ff4c1,23296ec7ac53999bfc25df04eaffe00998c3429e,2026-07-16,2026-07-19
MD,"ABM Industry Group, LLC",abm industry group,,,561720,source,,,,,,,,,,,,,,n:abm industry group,Frederick city,2430325,Frederick County,24021,39.434089,-77.414539,place,"633 Research Drive Frederick, MD 21703",2022-06-06,2022-08-01,69,unknown,,0,0,1,https://www.dllr.state.md.us/employment/warn.shtml,852aacffcc662d3146e313b26aa93ed63434e8442c41d7714644d257,97ccef18a4db50535b679bdd538cc6a596cf6fce,2026-07-16,2026-07-19
MD,"Insurance Auto Auctions, Inc.",insurance auto auctions,,,423110,source,,,,,,,,,,,,,,n:insurance auto auctions,Laurel city,2445900,Prince George's County,24033,39.095075,-76.861245,place,"7131 Virginia Manor Court, Laurel MD 20707",2022-06-07,2022-08-05,7,unknown,,0,0,1,https://www.dllr.state.md.us/employment/warn.shtml,ea52b51772b1ddde7559e3b069728d2a4b730b2c48ace2caee27041d,6094e35a56f1285d7fbe15a698016d63b260e49b,2026-07-16,2026-07-19
MD,"Commercial Vehicle Group, Inc.",commercial vehicle group,Commercial Vehicle Group,,335313,source,1290900,CVGI,exact,3714,Motor Vehicle Parts & Accessories,,,,Q5152539,cik,,,automatic,qid:Q5152539,Elkridge CDP,2425750,Howard County,24027,39.195483,-76.741082,place,"6650 Business Parkway Elkridge, MD 21075",2022-06-13,2022-08-09,57,unknown,,0,0,1,https://www.dllr.state.md.us/employment/warn.shtml,a6cb3f27c913aff10960b6592e07f414dfab7da57100c4bb655371af,af442a888aa7176dcf345317b52fdd8cfb8b44ad,2026-07-16,2026-07-19
MD,"Guardian of Georgia, LLC",guardian of georgia,,,561621,source,,,,,,,,,,,,,,n:guardian of georgia,Beltsville CDP,2406400,Prince George's County,24033,39.039903,-76.920443,place,"12240 Kiln Court Beltsville, MD 20705",2022-06-13,2022-07-01,21,unknown,,0,0,1,https://www.dllr.state.md.us/employment/warn.shtml,b1b2dae92f6c08ac2d1144c6a47950a2ef2000f26830c1aa33cabca5,c4ab09b60dbaa55c2fe8f06002e2e1a99ef99a54,2026-07-16,2026-07-19
MD,WesTech,westech,,,561110,source,1991902,,suffix,,,,,,,,,,automatic,cik:1991902,Baltimore city,2404000,Baltimore city,24510,39.300032,-76.610476,place,"1001 Cathedral Street Baltimore, MD 21201",2022-06-13,2022-08-08,34,unknown,,0,0,1,https://www.dllr.state.md.us/employment/warn.shtml,ed4f227d24cbf6b33a55a1267385977e9d6cc2fb9b336bd0f77b645d,502db24b24fac5692aa837c61b86a23c199ad847,2026-07-16,2026-07-19
MD,WesTech,westech,,,561110,source,1991902,,suffix,,,,,,,,,,automatic,cik:1991902,Baltimore city,2404000,Baltimore city,24510,39.300032,-76.610476,place,"702 Cathedral Street Baltimore, MD 21201",2022-06-13,2022-08-08,9,unknown,,0,0,1,https://www.dllr.state.md.us/employment/warn.shtml,9b3a3acf82dc111575d5753ea6e02c8607ba4eec06471f7941a21908,6e18eb0a9f0160ab08bc05c586742c13604b9422,2026-07-16,2026-07-19
MD,Lockheed Martin Corporation,lockheed martin,Lockheed Martin,,336414,source,936468,LMT,exact,3760,Guided Missiles & Space Vehicles & Parts,,,,Q7240,cik,,,automatic,qid:Q7240,Linthicum CDP,2447125,Anne Arundel County,24003,39.209567,-76.664741,place,"911 Elkridge Landing Rd Linthicum, MD 21090",2022-06-28,2022-08-26,35,unknown,,0,0,1,https://www.dllr.state.md.us/employment/warn.shtml,15b9063e3760da72fb6fc7e98c46161a695af2fb9972e69c07595e42,a73474f1b731717e4cfe2dd553987323c5bac0cf,2026-07-16,2026-07-19
MD,"ReOpen Diagnostics, LLC d/b/a Pandemic Response Lab",reopen diagnostics llc d b a pandemic response lab,,,621512,source,,,,,,,,,,,,,,n:reopen diagnostics,Rockville city,2467675,Montgomery County,24031,39.083666,-77.155585,place,"9605 Medical Center Dr. Suite 220, Rockville, MD 20850",2022-06-30,2022-08-28,24,unknown,,0,0,1,https://www.dllr.state.md.us/employment/warn.shtml,9447d8dff33ec07590e3c3e9d95312e46679500519ce6eb270dee57c,c4a78e4708bd946728e9605de9375011951c1502,2026-07-16,2026-07-19
MD,"DynCorp International, LLC",dyncorp international,,,541512,source,,,,,,,,,,,,,,n:dyncorp international,,,,,,,,"47123 Buse Rd. #540 Patuxent River, MD 20670",2022-07-01,2022-09-02,937,unknown,,0,0,1,https://www.dllr.state.md.us/employment/warn.shtml,f4f4376e80fb51603e2bbb390357664afe6ccec201515e99cd1d83b9,eea45588b0e2ee538e4aad82841ac1fd2441d281,2026-07-16,2026-07-19
MD,MATRIX,matrix,,,561499,source,,,,,,,,,,,,,,n:matrix,Owings Mills CDP,2459425,Baltimore County,24005,39.410494,-76.789371,place,"500 Red Brook Blvd. Owings Mills, MD 21117",2022-07-01,2022-08-31,1,unknown,,0,0,1,https://www.dllr.state.md.us/employment/warn.shtml,b1e6ee8da240915513c5fee2c596f6a428ee3741704608eb1e32d1fa,16bde04158fc82ded1cde3c9f9a95d73fb86bba9,2026-07-16,2026-07-19
MD,AMPCUS,ampcus,,,561499,source,,,,,,,,,,,,,,n:ampcus,Owings Mills CDP,2459425,Baltimore County,24005,39.410494,-76.789371,place,"500 Red Brook Boulevard Owings Mills, MD 21117",2022-07-05,2022-08-31,1,unknown,,0,0,1,https://www.dllr.state.md.us/employment/warn.shtml,70fc053356d434c8ca140fc5f8fca313f887f5266a6dbead18cb38ef,45a7191d66460b9ce2795de463d2816143198d54,2026-07-16,2026-07-19
MD,"Clear One Advantage, LLC",clear one advantage,,,522390,source,,,,,,,,,,,,,,n:clear one advantage,Baltimore city,2404000,Baltimore city,24510,39.300032,-76.610476,place,"1501 S. Clinton Street Baltimore, MD 21224",2022-07-05,2022-06-21,84,unknown,,0,0,1,https://www.dllr.state.md.us/employment/warn.shtml,3b6e9d46077f320f8296932f21b65217da4cdd4a2c3cf865653419d7,2eb1840e8874cebcb16aba31242b28bcad74fc6f,2026-07-16,2026-07-19
MD,"One Loan Direct, LLC",one loan direct,,,522390,source,,,,,,,,,,,,,,n:one loan direct,Baltimore city,2404000,Baltimore city,24510,39.300032,-76.610476,place,"1501 S. Clinton Street Baltimore, MD 21224",2022-07-05,2022-06-24,5,unknown,,0,0,1,https://www.dllr.state.md.us/employment/warn.shtml,455782a4123474099ccad6dab17d7e73bc4c640f097ca8a299a46a0b,1501e01a89c69829587fa72a4756e2f7ba1fb42b,2026-07-16,2026-07-19
MD,WELLS FARGO,wells fargo,Wells Fargo,,522110,source,72971,WFC,exact,6021,National Commercial Banks,,,,Q744149,cik,,,automatic,qid:Q744149,Frederick city,2430325,Frederick County,24021,39.434089,-77.414539,place,"7860 Wormans Mill Road Frederick, MD 21701",2022-07-15,2022-07-14,100,unknown,,0,0,1,https://www.dllr.state.md.us/employment/warn.shtml,5b0b831a589ce6a940c48a73535f85074112f2363bbf7533652b4875,9f086d1ec4464bcab549066db0198dd61b5a412f,2026-07-16,2026-07-19
MD,"Collabera, Inc.",collabera,,,541511,source,,,,,,,,,,,,,,n:collabera,Owings Mills CDP,2459425,Baltimore County,24005,39.410494,-76.789371,place,"500 Red Brook Boulevard Owings Mills, MD 21117",2022-07-18,2022-08-31,4,unknown,,0,0,1,https://www.dllr.state.md.us/employment/warn.shtml,5d9a3609d194fc60bb82c32da56336e088afd0a105fbfe25dcfde40a,5596c125247591139df1d2de8d33a6b978128975,2026-07-16,2026-07-19
MD,Workforce Logiq,workforce logiq,,,541214,source,,,,,,,,,,,,,,n:workforce logiq,Owings Mills CDP,2459425,Baltimore County,24005,39.410494,-76.789371,place,"500 Red Brook Boulevard Owings Mills, MD 21117",2022-07-28,2022-08-31,5,unknown,,0,0,1,https://www.dllr.state.md.us/employment/warn.shtml,f43579dfa7abe77eb804291bfdf73273078a05bc0204b8176155bccb,e85eb41e6ca60da4fc6ea83cbc7893b72e8e169e,2026-07-16,2026-07-19
MD,ATA Aerospace,ata aerospace,,,541330,source,,,,,,,,,,,,,,n:ata aerospace,Greenbelt city,2434775,Prince George's County,24033,38.99467,-76.885399,place,"7474 Greenway Center Drive Greenbelt, MD 20770",2022-08-04,2022-09-13,253,unknown,,0,0,1,https://www.dllr.state.md.us/employment/warn.shtml,0282109de269593a5f7164d375a523aba2810ddde5269b897d04c31d,66dc9b724ba00c70b4a7f45ca553f14078f8898f,2026-07-16,2026-07-19
MD,Miller's Ale House,miller s ale house,,,722511,source,,,,,,,,,,,,,,n:miller s ale house,,,,,,,,"1471 Rockville Pike Rockville, MD 20852",2022-08-09,2022-09-25,52,unknown,,0,0,1,https://www.dllr.state.md.us/employment/warn.shtml,5cdf463653abedccd7d3884521bd901a47c686aa06b56833fa229e1e,facc7eefc7856b1c582c1fac7e88653509c80f09,2026-07-16,2026-07-19
MD,"Money Map Press, LLC",money map press,,,511120,source,,,,,,,,,,,,,,n:money map press,,,,,,,,"1125 N. Charles Street Baltimore, Maryland 21201",2022-08-16,2022-10-10,51,unknown,,0,0,1,https://www.dllr.state.md.us/employment/warn.shtml,fe3c8d12beecd28079c637200d909b9c32398f9505571fa7330c68a8,33e57dad1f73bd4c69fe73ee6d0f0e751b69e4ac,2026-07-16,2026-07-19
MD,Amazon,amazon,"Amazon.com, Inc.",,493110,source,1018724,AMZN,listed-extension,5961,Retail-Catalog & Mail-Order Houses,,,,Q133848906,cik,,,automatic,qid:Q133848906,Essex CDP,2426600,Baltimore County,24005,39.301359,-76.444426,place,"8411 Kelson Drive Essex, MD 21221",2022-08-26,2022-10-25,163,unknown,,0,0,1,https://www.dllr.state.md.us/employment/warn.shtml,00e1206339c3c71fe5710590230d0de4e3d729f3c7a9bc6e4f572fef,144469ec23ff8fa4fb4b1e7c3323b3193b43cff7,2026-07-16,2026-07-19
MD,Amazon,amazon,"Amazon.com, Inc.",,493110,source,1018724,AMZN,listed-extension,5961,Retail-Catalog & Mail-Order Houses,,,,Q133848906,cik,,,automatic,qid:Q133848906,,,,,,,,"7458 New Ridge Road Hanover, MD 21076",2022-08-26,2022-10-25,190,unknown,,0,0,1,https://www.dllr.state.md.us/employment/warn.shtml,29398fcbb449991b1d4ac548c82fc54c6fe9b1d209d2e0e4fb81fee5,9f5b5dbc082f2b9b5a07266571768a8bf1a08f10,2026-07-16,2026-07-19
MD,"Jason Pharmaceuticals d/b/a Medifast, Inc.",jason pharmaceuticals d b a medifast,,,325412,source,,,,,,,,,,,MEDIFAST INC,910329,,n:jason pharmaceuticals,Ridgely town,2466000,Caroline County,24011,38.952933,-75.882704,place,"601 Sunrise Avenue Ridgely, MD 21660",2022-08-29,2022-09-25,134,unknown,,0,0,1,https://www.dllr.state.md.us/employment/warn.shtml,306637fd01f9cb4b17981ba0ac32626aea136ad2726e008985b986fe,c2af1daf24e531f32fa41a2d2c16251e5913f701,2026-07-16,2026-07-19
MD,Unique Stores,unique stores,,,453310,source,,,,,,,,,,,,,,n:unique stores,Silver Spring CDP,2472450,Montgomery County,24031,39.002441,-77.020791,place,"10141 New Hampshire Avenue Silver Spring, MD 20903",2022-09-07,2022-10-28,17,unknown,,0,0,1,https://www.dllr.state.md.us/employment/warn.shtml,f85b023dc10f3a974cbfb79776a2b13cdd11ee5377e66967c7ccdb1b,c5d3c55278fb7d29d9f78040141537c00a15860f,2026-07-16,2026-07-19
MD,Value Village,value village,,,453310,source,,,,,,,,,,,,,,n:value village,Silver Spring CDP,2472450,Montgomery County,24031,39.002441,-77.020791,place,"10121 New Hampshire Avenue Silver Spring, MD 20903",2022-09-07,2022-10-28,16,unknown,,0,0,1,https://www.dllr.state.md.us/employment/warn.shtml,f7d51a17b98d50e95a05cebe0b4a41eb508ce6343f108f9bec5ed084,71a4132927d2a64fa01db472b7b87ff5432f4bac,2026-07-16,2026-07-19
MD,Value Village,value village,,,453310,source,,,,,,,,,,,,,,n:value village,Adelphi CDP,2400400,Prince George's County,24033,38.997067,-76.966783,place,"2277 University Blvd Adelphi, MD 20783",2022-09-07,2022-10-28,13,unknown,,0,0,1,https://www.dllr.state.md.us/employment/warn.shtml,d838f008b536ca088dd2320e2c388965bbeafdcc504992b4102b4691,905082e7163543ad90e4046f10b0f60161da2ec9,2026-07-16,2026-07-19
MD,Value Village,value village,,,453310,source,,,,,,,,,,,,,,n:value village,,,,,,,,"6611 Annapolis Road Landover Hill, MD 20784",2022-09-07,2022-10-28,12,unknown,,0,0,1,https://www.dllr.state.md.us/employment/warn.shtml,1ecad1b2d244488569e599fda70308fadb8fe01c793da2a163b8b4d2,d570ed874108982a579e231212a8c00ea6d08eeb,2026-07-16,2026-07-19
MD,Walden Security,walden security,,,561612,source,,,,,,,,,,,,,,n:walden security,Baltimore city,2404000,Baltimore city,24510,39.300032,-76.610476,place,"6401 Security Blvd. Baltimore, MD 21207",2022-09-08,2022-11-11,30,unknown,,0,0,1,https://www.dllr.state.md.us/employment/warn.shtml,14de35a25df5734a5617a4ce801715c2d6b285f56401a8a23a22c5d7,26ab0bc6bb60620223315d3152cbf2e05b78e1c2,2026-07-16,2026-07-19
MD,"Collabera, Inc.",collabera,,,541511,source,,,,,,,,,,,,,,n:collabera,Owings Mills CDP,2459425,Baltimore County,24005,39.410494,-76.789371,place,"500 Red Brook Boulevard Owings Mills, MD 21117",2022-09-12,2022-10-31,5,unknown,,0,0,1,https://www.dllr.state.md.us/employment/warn.shtml,9ca175ef5d92f020d7c6a1cae059005ace080d1af453fec83bcff367,7457ef764016ef840f1b9388a4db4b786e2519d4,2026-07-16,2026-07-19
MD,Peregrine Express,peregrine express,,,492110,source,,,,,,,,,,,,,,n:peregrine express,,,,,,,,"7458 New Ridge Road Hanover, MD 21076",2022-09-13,2022-10-23,107,unknown,,0,0,1,https://www.dllr.state.md.us/employment/warn.shtml,18ec5dacd38bbe908aecf2e50a1eb0b743dd03385f960f5c9b8eab68,4e70aa6ac7bdf12c0c3e540fc000d5bf7903df1a,2026-07-16,2026-07-19
MD,Employment Background Investigations,employment background investigations,,,561450,source,,,,,,,,,,,,,,n:employment background investigations,Owings Mills CDP,2459425,Baltimore County,24005,39.410494,-76.789371,place,"700 Red Brook Blvd Owings Mills, MD 21117",2022-09-16,2022-11-15,82,unknown,,0,0,1,https://www.dllr.state.md.us/employment/warn.shtml,6d4ae5f7c5737989b82d4e35ecf4da8fa825685390b907df82a2c17b,bf0324760c3d6c9628a72bfb12411093c26689f8,2026-07-16,2026-07-19
MD,"Lydia Security Monitoring, Inc.",lydia security monitoring,,,561621,source,,,,,,,,,,,,,,n:lydia security monitoring,,,,,,,,"235 Schilling Circle Suite 108 Hunt Valley, MD 21031",2022-09-19,2022-11-19,73,unknown,,0,0,1,https://www.dllr.state.md.us/employment/warn.shtml,9b1ef22bc4f2a5de48ca8ec688488a80e16d302d1a0081c5782f76da,35973156bf1da680d199c3b00d6fcfe394abe902,2026-07-16,2026-07-19
MD,Tessemae's LLC,tessemae s,,,311941,source,1740285,,exact:post-era,,,,,,,,,,automatic,cik:1740285,Essex CDP,2426600,Baltimore County,24005,39.301359,-76.444426,place,"8805 Kelso Drive Essex, MD 21221",2022-09-19,2022-11-18,34,unknown,,0,0,1,https://www.dllr.state.md.us/employment/warn.shtml,2b99956a5211f5a5b6b71d945daea80bfb315c03ddf5e02ecfc4a131,8eca1aff64064a2225796b3fe3da9500dc42b005,2026-07-16,2026-07-19
MD,Tessemae's LLC,tessemae s,,,311941,source,1740285,,exact:post-era,,,,,,,,,,automatic,cik:1740285,Rosedale CDP,2468400,Baltimore County,24005,39.327159,-76.508377,place,"9101 Yellowbrick Road Rosedale, MD 21237",2022-09-19,2022-11-19,1,unknown,,0,0,1,https://www.dllr.state.md.us/employment/warn.shtml,fc49a3182f4fa22eb928d5ece9384cf732cb206d297d0501559afc0e,bcc542d953e91704b729455096d640a12b75a388,2026-07-16,2026-07-19
MD,Pearson,pearson,Pearson plc,,511130,source,938323,PSO,exact:listed,2731,Books: Publishing or  Publishing & Printing,,,,Q1916402,cik,,,automatic,qid:Q1916402,Baltimore city,2404000,Baltimore city,24510,39.300032,-76.610476,place,"509 S. Exeter Street Baltimore, MD 21202",2022-09-28,2022-09-28,152,unknown,,0,0,1,https://www.dllr.state.md.us/employment/warn.shtml,90f51368ed1d24b94f1bcf610fb38f3d43109694c90b346c6751cc27,b4e74da46e9e3a268fb907e5890f24c793f264fa,2026-07-16,2026-07-19
MD,BayFirst Financial,bayfirst financial,,,522310,source,1649739,BAFN,exact,6022,State Commercial Banks,,,,,,,,automatic,cik:1649739,Eldersburg CDP,2425575,Carroll County,24013,39.404192,-76.952585,place,"2028 Liberty Road Suite 202 Eldersburg, MD 21784",2022-09-30,2022-11-25,20,unknown,,0,0,1,https://www.dllr.state.md.us/employment/warn.shtml,cdfc147a8dcc99b24e42914cd06874222ab65c231903c8fce3219895,398c8f9b050e0268aa8e82e5b0884ec4df6c9dd0,2026-07-16,2026-07-19
MD,"Maryland Sportservice, Inc.",maryland sportservice,,,722511,source,,,,,,,,,,,,,,n:maryland sportservice,Baltimore city,2404000,Baltimore city,24510,39.300032,-76.610476,place,"333 W. Camden Street Baltimore, MD 21201",2022-09-30,2022-12-01,649,unknown,,0,0,1,https://www.dllr.state.md.us/employment/warn.shtml,178e2fad41425e607f295bab511322cd4a4a9cd79f8d7a096eddfa3f,82bb7975994f87d877f8f4ed202c4c2bdf3b822a,2026-07-16,2026-07-19
MD,Jubilant Cadista Pharmaceuticals Inc.,jubilant cadista pharmaceuticals,,,325412,source,,,,,,,,,,,,,,n:jubilant cadista pharmaceuticals,Salisbury city,2469925,Wicomico County,24045,38.375328,-75.585925,place,"207 Kiley Drive Salisbury, MD 21801",2022-10-06,2022-11-23,80,unknown,,0,0,1,https://www.dllr.state.md.us/employment/warn.shtml,4b077e0ec0cde33dec8741569b67f307ab77c7d41982d68cfd597252,b36ab274d54c74f6be72138e1d3dfb976ca2ca21,2026-07-16,2026-07-19
MD,Wells Fargo,wells fargo,Wells Fargo,,522,sic-crosswalk,72971,WFC,exact,6021,National Commercial Banks,,,,Q744149,cik,,,automatic,qid:Q744149,Frederick city,2430325,Frederick County,24021,39.434089,-77.414539,place,"7860 Wormans Mill Rd. Frederick, MD 21701",2022-10-21,2022-12-18,5,unknown,,1,0,1,https://www.dllr.state.md.us/employment/warn.shtml,72ae217dd1ca4dfcacf3ba87d3fc06baa4d892be2cb8ec9581c85a76,8424b4034843fdfa8ef39f76200f554ac3b2a463,2026-07-26,2026-07-26
MD,Jacobs Technology,jacobs technology,,,541330,source,,,,,,,,,,,,,,n:jacobs technology,Aberdeen Proving Ground CDP,2400175,Harford County,24025,39.454232,-76.133542,place,"Aberdeen Test Center Building 402, Suite 200 Aberdeen Proving Ground, MD 21005",2022-10-27,2023-08-11,89,unknown,,0,0,1,https://www.dllr.state.md.us/employment/warn.shtml,a4c5d9a16d72ebf3e31802928db859a12779cf5ba56104c8c94b0e42,555c4ed7c69d357d10072ed9ba12ca70d4c05609,2026-07-16,2026-07-19
MD,"Fila USA, Inc.",fila usa,,,424340,source,,,,,,,,,,,,,,n:fila usa,,,,,,,,"7630 Gambrills Cove Curtis Bay, MD 21226",2022-11-01,2022-12-31,54,unknown,,0,0,1,https://www.dllr.state.md.us/employment/warn.shtml,9f0341607f9a75ec4d3cb95e867ffbc7872035f07f50175ff7ffe5bb,8dbeb9cb44f8a6720d049603c96acb2708077a3b,2026-07-16,2026-07-19
MD,"Fila USA, Inc.",fila usa,,,424340,source,,,,,,,,,,,,,,n:fila usa,,,,,,,,"930 Ridgebrook Road Sparks, MD 21152",2022-11-01,2022-12-31,7,unknown,,0,0,1,https://www.dllr.state.md.us/employment/warn.shtml,3acd1c93605d0f05cae071cb9e0f739b0a6434f22b811cec9a70e6b7,c84fdb0e5abaa2d2cb743792521405a877a34de3,2026-07-16,2026-07-19
MD,"New Rez, LLC",new rez,,,522310,source,,,,,,,,,,,,,,n:new rez,,,,,,,,"6250 Old Dobbin Lane Suites 100 & 110 Columbia, MD 21045",2022-11-04,2023-01-01,24,unknown,,0,0,1,https://www.dllr.state.md.us/employment/warn.shtml,13b606cdb79a5001857f22d143cce99debd8e2813a8741d65e89f23c,c8172bb8744c0365ab1e3b02febb4a79845409b2,2026-07-16,2026-07-19
MD,Price Rite Store,price rite store,,,445110,source,,,,,,,,,,,,,,n:price rite store,Baltimore city,2404000,Baltimore city,24510,39.300032,-76.610476,place,"1205 West Pratt Street Baltimore, MD 21223",2022-11-10,2022-12-31,31,unknown,,0,0,1,https://www.dllr.state.md.us/employment/warn.shtml,c8ceece66fb691473357ddf5309572a757a986f0ebf8be6f7d0a4a90,4e2ee1aeac9ed639bd64499e6c7df91411d6dc3c,2026-07-16,2026-07-19
MD,"NexImmune, Inc.",neximmune,,,541713,source,1538210,,exact,2834,Pharmaceutical Preparations,,,,,,,,automatic,cik:1538210,Gaithersburg city,2431175,Montgomery County,24031,39.148601,-77.195131,place,"9119 Gaither Road Gaithersburg, MD 20877",2022-11-15,2023-01-16,22,unknown,,0,0,1,https://www.dllr.state.md.us/employment/warn.shtml,c688221c93f2a9dc1d172c27895c35083bea6fdd74b0cdf3e8fa5970,1bcb8742262447d8ca402fee059238b31d8c4106,2026-07-16,2026-07-19
MD,"Catalent Maryland, Inc.",catalent maryland,,,325414,source,,,,,,,,,,,,,,n:catalent maryland,Rockville city,2467675,Montgomery County,24031,39.083666,-77.155585,place,"9920 Belward Campus Drive Rockville, MD 20850",2022-11-16,2023-01-14,53,unknown,,0,0,1,https://www.dllr.state.md.us/employment/warn.shtml,9fc5f946a806d3f3bfa17fddeb707c6f6c63cd253fed7aee663de49c,3acf1e85d7223f96c7814302cb706d134aa679cb,2026-07-16,2026-07-19
MD,"Catalent Maryland, Inc.",catalent maryland,,,325414,source,,,,,,,,,,,,,,n:catalent maryland,,,,,,,,"20 Firstfield Road Gaithersburg, Maryland 20878",2022-11-16,2023-01-14,82,unknown,,0,0,1,https://www.dllr.state.md.us/employment/warn.shtml,f10e3b8f7dbd90f0c2a09ce0cc1e08b96561b5be2bb958c5753143bc,fd6d36b36cbca74f801d12a2d89a2387a1986706,2026-07-16,2026-07-19
MD,Wells Fargo,wells fargo,Wells Fargo,,522,sic-crosswalk,72971,WFC,exact,6021,National Commercial Banks,,,,Q744149,cik,,,automatic,qid:Q744149,Frederick city,2430325,Frederick County,24021,39.434089,-77.414539,place,"7860 Wormans Mill Road Frederick, MD 21701",2022-12-01,2023-01-29,1,unknown,,1,0,1,https://www.dllr.state.md.us/employment/warn.shtml,9e44c8c5bb67f8f8bfcaf57afdd44572a448fc550c4141346c7d57f0,4a94a0587a0b26fae4838378db5f1f577a5b2761,2026-07-26,2026-07-26
MD,"Freshly, LLC",freshly,Freshly,,311991,source,1584032,,exact:post-era,,,,,,Q104845347,cik,,,automatic,qid:Q104845347,Savage CDP,2470475,Howard County,24027,39.146463,-76.821637,place,"8704 Bollman Place Savage, MD 20763",2022-12-06,2023-02-07,454,unknown,,0,0,1,https://www.dllr.state.md.us/employment/warn.shtml,c76a312405bf404beb09c1c31de6c3b8163658062766f9a79d556357,1e683ed8690b17deeb757d3129be7fbeff18b32e,2026-07-16,2026-07-19
MD,"ReOpen Diagnostics, LLC d/b/a Pandemic Response Lab",reopen diagnostics llc d b a pandemic response lab,,,621512,source,,,,,,,,,,,,,,n:reopen diagnostics,Rockville city,2467675,Montgomery County,24031,39.083666,-77.155585,place,"9605 Medical Center Drive Suite 220 Rockville, MD 20850",2022-12-06,2023-01-31,21,unknown,,0,0,1,https://www.dllr.state.md.us/employment/warn.shtml,6c9a6afd4228d3946b63ed9219ce7c914c2c6ee46a694a4dc756b143,37a1b4641f10de76d3713fdc528f50ad896815d0,2026-07-16,2026-07-19
MD,"Genesis Logistics, Inc.",genesis logistics,,,488510,source,,,,,,,,,,,,,,n:genesis logistics,Baltimore city,2404000,Baltimore city,24510,39.300032,-76.610476,place,"1301 Edison Hwy Baltimore, MD 21213",2022-12-12,2023-03-19,50,unknown,,0,0,1,https://www.dllr.state.md.us/employment/warn.shtml,6c22cf4bfcf2c7e7ed8b6293af29904609046011a68af2b4212e50d7,e1c86d7bb02cc6f99ee64a001e00ebdfa2636e25,2026-07-16,2026-07-19
MD,Macy's,macy s,"Macy's, Inc.",,455110,source,794367,M,exact,5311,Retail-Department Stores,,,,Q5479360,cik,,,automatic,qid:Q5479360,Gaithersburg city,2431175,Montgomery County,24031,39.148601,-77.195131,place,"710 Russell Avenue Ste 5 Gaithersburg, MD 20877",2023-01-05,2023-03-18,111,closure,,0,0,1,https://www.dllr.state.md.us/employment/warn.shtml,6c32aceab14a8cbfa5bbf8533bf08804c737c00f8703617e99f49b30,d0bfef64defb21a30d9783f139d7e1ffbe3a850b,2026-07-16,2026-07-19
MD,Price Rite,price rite,,,445110,source,,,,,,,,,,,,,,n:price rite,Chillum CDP,2416875,Prince George's County,24033,38.966667,-76.978885,place,"3104 Queens Chapel Rd Chillum, MD 20782",2023-01-05,2023-02-28,40,closure,,0,0,1,https://www.dllr.state.md.us/employment/warn.shtml,64c51870b4d7f616bf5888bfe640b86784f1d469b432715bf52b4e21,f6ea47b5f27ca8cc358559ab63ec45930a79e4ae,2026-07-16,2026-07-19
MD,"AptarGroup, Inc.",aptargroup,Aptar,,325412,source,896622,ATR,exact,3089,"Plastics Products, NEC",,,,Q30273389,cik,,,automatic,qid:Q30273389,,,,,,,,"1450 S. Rolling Road Halethorpe, MD 21227",2023-01-26,2023-03-27,19,closure,,0,0,1,https://www.dllr.state.md.us/employment/warn.shtml,38d1c28dad4d7eaa6f9f813d674e667601a500c4349a99f3e7075a77,3c6ee70dfe2bcc47929b026c1f8b2e894058e320,2026-07-16,2026-07-19
MD,"The Joseph A. Bank Mfg. Co., Inc.",joseph a bank mfg,,,448110,source,1637557,,exact:post-era,,,,,,,,,,automatic,cik:1637557,,,,,,,,"500 Hanover Pike Hampstead, MD 21074",2023-01-31,2023-04-04,51,closure,,0,0,1,https://www.dllr.state.md.us/employment/warn.shtml,e70c19f19095b7ed96c74535d83b02ae01e744f47ee16899cf7952b4,84ae512786de1bbee78a1f79c9f2c2f6d09fd6a3,2026-07-16,2026-07-19
MD,"American Medical Response, Mid-Atlantic Inc.",american medical response mid atlantic,,,621910,source,1277877,,exact:post-era,,,,,,,,,,automatic,cik:1277877,,,,,,,,"1900 Landsdowne Road Halethorpe, MD 21227",2023-02-01,2023-03-27,90,closure,,0,0,1,https://www.dllr.state.md.us/employment/warn.shtml,8de5657f91a209969c3939d937d32a5ebd6d10aaed28645202c66a86,210d2f4fc27dab279487ff76e4a7d708e0acc709,2026-07-16,2026-07-19
MD,EagleBank,eaglebank,,,522110,source,,,,,,,,,,,,,,n:eaglebank,Rockville city,2467675,Montgomery County,24031,39.083666,-77.155585,place,"6010 Executive Boulevard Rockville, MD 20852",2023-02-15,2023-04-07,36,mass_layoff,,0,0,1,https://www.dllr.state.md.us/employment/warn.shtml,86722102e52cdb5c9ea225a043dee673b0627393c6e4dea270066c6b,b89f30034610ea69c64ee8862ebe162b5dc024f6,2026-07-16,2026-07-19
MD,"Skyworks Solutions, Inc.",skyworks solutions,Skyworks Solutions,,334310,source,4127,SWKS,exact,3674,Semiconductors & Related Devices,,,,Q7538146,cik,,,automatic,qid:Q7538146,Adamstown CDP,2400350,Frederick County,24021,39.307001,-77.469296,place,"5520 Adamstown Road Adamstown, MD 21710",2023-02-16,2023-04-17,129,closure,,0,0,1,https://www.dllr.state.md.us/employment/warn.shtml,0cc9fab4494a90054377637b2f19580adcc7b35676f6367559ca1963,b011c7091c02b88509b27c63a3d296bab7071e12,2026-07-16,2026-07-19
MD,Continuum Global Solutions,continuum global solutions,"CONTINUUM GLOBAL SOLUTIONS, LLC",,561499,source,,,,,,,,549300C2XXDGS7CR6V25,,,,,automatic,lei:549300C2XXDGS7CR6V25,,,,,,,,"10701 New Georges Creek Road SW Suite 16 Frostburg, MD 21532",2023-02-17,2023-04-18,51,mass_layoff,,0,0,1,https://www.dllr.state.md.us/employment/warn.shtml,52896e9474c93c02816544baf4495fc84cf50429f84ae9830ca3b0a0,bf72da969232b24b1953975ee29ff35227efe631,2026-07-16,2026-07-19
MD,Hunter Douglas,hunter douglas,Hunter Douglas,,442291,source,927589,,exact:post-era,,,,,,Q2101764,label,,,automatic,qid:Q2101764,,,,,,,,"1 Hunter Douglas Dr. SE Cumberland, MD 21502",2023-02-22,2023-02-13,60,mass_layoff,,0,0,1,https://www.dllr.state.md.us/employment/warn.shtml,e343fe0624ab5c1abab05167f4890dbfa3c52ba019f2ccbd7b3dc837,d6fb3ddf99f8a8dc6d28482651f5ec50a473f634,2026-07-16,2026-07-19
MD,Continuum Global Solutions,continuum global solutions,"CONTINUUM GLOBAL SOLUTIONS, LLC",,561499,source,,,,,,,,549300C2XXDGS7CR6V25,,,,,automatic,lei:549300C2XXDGS7CR6V25,,,,,,,,"10701 New Georges Creek Rd SW Suite 16 Frostburg, MD 21532",2023-02-24,2023-04-24,51,mass_layoff,,0,0,1,https://www.dllr.state.md.us/employment/warn.shtml,7047e619a416721270a30df5940bd55120c98c15333bdecb7dd10eda,62960c293a46783890b8af781d7b5dfc7e9c61e9,2026-07-16,2026-07-19
MD,Sikorsky (a Lockheed Martin Company),sikorsky a lockheed martin,,,541330,source,,,,,,,,,,,LOCKHEED MARTIN CORP,936468,,n:sikorsky,,,,,,,,"47765 Ranch Road HGR 101 Patuxent River, MD 20670",2023-02-28,2023-04-27,176,mass_layoff,,0,0,1,https://www.dllr.state.md.us/employment/warn.shtml,ef93ed28fed4f4459ec80f6fa73d6ee965197531ad71ffd89ce83778,26028e9e549127a1019865dbe62a6cb156d73b26,2026-07-16,2026-07-19
MD,Hunter Douglas,hunter douglas,Hunter Douglas,,442291,source,927589,,exact:post-era,,,,,,Q2101764,label,,,automatic,qid:Q2101764,,,,,,,,"1 Hunter Douglas Dr. SE Cumberland, MD 21502",2023-03-08,2023-07-28,361,closure,,0,0,1,https://www.dllr.state.md.us/employment/warn.shtml,f107ae4037e28c28571fa3803ee932b8ab059e980b6cc408d07e54b9,8e7da53177549f91bff21c9a34d67ef0cef03865,2026-07-16,2026-07-19
MD,"Adaptive Phage Therapeutics, Inc.",adaptive phage therapeutics,,,325412,source,1701259,,exact,,,,,,,,,,automatic,cik:1701259,Gaithersburg city,2431175,Montgomery County,24031,39.148601,-77.195131,place,"708 Quince Orchard Road Suite 205 Gaithersburg, MD 20878",2023-03-10,2023-05-09,22,mass_layoff,,0,0,1,https://www.dllr.state.md.us/employment/warn.shtml,eb663c19582330f5564343a1ce71e52691c953ae6bbbf147b7173a5e,98c8207fcd14e9955bec88fb13f9c87e1b15f219,2026-07-16,2026-07-19
MD,Target,target,Target Corporation,,452210,source,27419,TGT,exact,5331,Retail-Variety Stores,,,,Q1046951,cik,,,automatic,qid:Q1046951,,,,,,,,"7501 Baltimore Avenue STE1 Store T3211 College Park, MD 20740",2023-03-14,2023-05-13,51,closure,,0,0,1,https://www.dllr.state.md.us/employment/warn.shtml,fa60717e824e6b9fddd1dfd8b212b1b45beba2ad30f43fef31a32951,5cb671b8d1eb117ac209e907a5b2e1284e22bb34,2026-07-16,2026-07-19
MD,Whole Foods Market Mid-Atlantic Seafood Facility,whole foods market mid atlantic seafood facility,,,445220,source,,,,,,,,,,,,,,n:whole foods market mid atlantic seafood facility,Landover CDP,2445325,Prince George's County,24033,38.924395,-76.887604,place,"1521 Cabin Branch Drive Landover, MD 20785",2023-03-21,2023-05-20,65,closure,,0,0,1,https://www.dllr.state.md.us/employment/warn.shtml,668ec89adc0e09ee71444819416bf85d772f8f5cc885871c2314a025,1215275b43e8bb9baafeec0010fa4a8ae045adc5,2026-07-16,2026-07-19
MD,Wells Fargo,wells fargo,Wells Fargo,,522,sic-crosswalk,72971,WFC,exact,6021,National Commercial Banks,,,,Q744149,cik,,,automatic,qid:Q744149,Frederick city,2430325,Frederick County,24021,39.434089,-77.414539,place,"7860 Wormans Mill Road Frederick, MD 21701",2023-03-22,2023-05-19,1,unknown,,1,0,1,https://www.dllr.state.md.us/employment/warn.shtml,be896cb0a159bf82f47b08d7c75a6383ad5d3d7faff2f60ff0d56ccc,8bc01d03563a19725e67ba1db5186bb2f4514dfd,2026-07-26,2026-07-26
MD,Honeywell Intelligrated,honeywell intelligrated,,,336412,source,,,,,,,,,,,,,,n:honeywell intelligrated,Owings Mills CDP,2459425,Baltimore County,24005,39.410494,-76.789371,place,"10331 S. Dolfield Road Owings Mills, MD 21117",2023-03-29,2023-05-21,18,closure,,0,0,1,https://www.dllr.state.md.us/employment/warn.shtml,becc2f6785ff7c0fe8028aa28d2e89232bed6cae6ec4758b09af1d71,02b581c890c0509327735c103e3f6df0d11b4636,2026-07-16,2026-07-19
MD,Nutramax Laboratories,nutramax laboratories,,,325412,source,,,,,,,,,,,,,,n:nutramax laboratories,Edgewood CDP,2425150,Harford County,24025,39.42029,-76.296846,place,"2208 Lakeside Blvd. Edgewood, MD 21040",2023-03-29,2023-06-30,43,closure,,0,0,1,https://www.dllr.state.md.us/employment/warn.shtml,21827d6734b3ad71c1b195d39473f46cf1048d347e9fefd830dfef67,02064dcc19c2d2c6e6fcaec0e47d71e441e7b5ac,2026-07-16,2026-07-19
MD,"Diageo North America, Inc.",diageo north america,,,312140,source,,,,,,,,,,,,,,n:diageo north america,,,,,,,,"5001 Washington Blvd. Relay, MD 21227",2023-03-31,2023-06-09,108,closure,,0,0,1,https://www.dllr.state.md.us/employment/warn.shtml,4a0b099fa9b7fcddb51766d57eae1c2f65be26e46b85b1145d9bfbe0,0f049c651594a381e9de724b474a3b39010c1f7d,2026-07-16,2026-07-19
MD,CDF Corporation,cdf,,,326121,source,,,,,,,,,,,,,,n:cdf,Baltimore city,2404000,Baltimore city,24510,39.300032,-76.610476,place,"3701 Southwestern Blvd Baltimore, MD 21229",2023-04-04,2023-06-30,22,closure,,0,0,1,https://www.dllr.state.md.us/employment/warn.shtml,b9b7008e8d4746df4c2877461a70560d0204a1e68f753de26e132d67,59c0213446482220cb3acf44da20751417cc53bb,2026-07-16,2026-07-19
MD,"HMR of Maryland, LLC Charlotte Hall Veterans Home",hmr of maryland llc charlotte hall veterans home,,,623312,source,,,,,,,,,,,,,,n:hmr of maryland llc charlotte hall veterans home,Charlotte Hall CDP,2415475,St. Mary's County,24037,38.468236,-76.782645,place,"29449 Charlotte Hall Rd. Charlotte Hall, MD 20622",2023-04-11,2023-06-06,233,mass_layoff,,0,0,1,https://www.dllr.state.md.us/employment/warn.shtml,7fd29d1117e399a746291d5a08d8dc0a0df80eafb375fed8ebd05c63,2fa4282dc59b7ba530c6c47318eeaba3810e4823,2026-07-16,2026-07-19
MD,WestRock,westrock,"WRKCo, Inc.",,322211,source,1732845,,exact,2650,Paperboard Containers & Boxes,,,,Q21016487,cik,,,automatic,qid:Q21016487,,,,,,,,"725 Pittman Road Curtis Bay, MD 21226",2023-04-25,2023-07-03,75,closure,,0,0,1,https://www.dllr.state.md.us/employment/warn.shtml,c34c70384f47042175821cb418428da4945262b073e5b1dab925c427,bdf31ca882dc314f4512ec54dfa7d3d8fea8c246,2026-07-16,2026-07-19
MD,"Bacchus Importers, LLC",bacchus importers,,,424820,source,,,,,,,,,,,,,,n:bacchus importers,Baltimore city,2404000,Baltimore city,24510,39.300032,-76.610476,place,"1817 Portal Street Baltimore, Md 21224",2023-04-27,2023-06-30,73,closure,,0,0,1,https://www.dllr.state.md.us/employment/warn.shtml,8d6ee371ba39ffba442354c788576cc0f04a6faebaa4b4bfe06ee6cb,b8b182bfe6dc3b502cb1b259edc15049b73d186f,2026-07-16,2026-07-19
MD,Shoppers,shoppers,,,445110,source,,,,,,,,,,,,,,n:shoppers,Parkville CDP,2460275,Baltimore County,24005,39.383198,-76.551876,place,"1955 East Joppa Road Parkville, MD 21234",2023-05-01,2023-07-15,49,closure,,0,0,1,https://www.dllr.state.md.us/employment/warn.shtml,2d3baa747383359979c07fd63fe844289180316f86dac07aecc1760a,f0a8065c338fb68f6ef47d6ac79bffdf3dcc9f61,2026-07-16,2026-07-19
MD,"Triple Canopy, Inc.",triple canopy,Triple Canopy,,561621,source,1276804,,exact:post-era,,,,,,Q2453960,label,,,automatic,qid:Q2453960,Silver Spring CDP,2472450,Montgomery County,24031,39.002441,-77.020791,place,"1315 East West Highway Silver Spring, MD 20910",2023-05-04,2023-05-31,55,mass_layoff,,0,0,1,https://www.dllr.state.md.us/employment/warn.shtml,f8cde7d7ad6fc0063cb7faf4ac43b41e21c0e49ae72f47c758037deb,10b8387b6980096e3217e947594d278669d389f9,2026-07-16,2026-07-19
MD,"Bindagraphics, Inc.",bindagraphics,,,323120,source,,,,,,,,,,,,,,n:bindagraphics,Baltimore city,2404000,Baltimore city,24510,39.300032,-76.610476,place,"2701 Wilmarco Avenue Baltimore, MD 21223",2023-05-10,2023-07-09,60,closure,,0,0,1,https://www.dllr.state.md.us/employment/warn.shtml,dbd16e843912579db2ac5a5057fe61275be435adb94b837b74d69152,7b0fe99505cae52598b2fbdbb4641b8d97d67328,2026-07-16,2026-07-19
MD,Heartland Pharmacy of Maryland,heartland pharmacy of maryland,,,454110,source,,,,,,,,,,,,,,n:heartland pharmacy of maryland,,,,,,,,"9070 Junction Drive, Suite E Annapolis Junction, MD 20701",2023-05-12,2023-07-14,40,closure,,0,0,1,https://www.dllr.state.md.us/employment/warn.shtml,d3e4849578d5d876afe4c9f31df47f0f627a1f86dcac01cb502e184b,925b0e61776133892c51c215071e04c805e827dc,2026-07-16,2026-07-19
MD,General Dynamics Information Technology,general dynamics information technology,General Dynamics Information Technology,,541330,source,,,,,,,,,Q130724592,label,,40533,automatic,qid:Q130724592,Bethesda CDP,2407125,Montgomery County,24031,38.987292,-77.118612,place,"6555 Rock Spring Drive Bethesda, MD 20817",2023-05-22,2023-07-21,60,mass_layoff,,0,0,1,https://www.dllr.state.md.us/employment/warn.shtml,997d349f5cebec6ab07f1024a099b04d318d66ed588cbd751dfb2e2c,e59e1d397cd4edcdb67410e9a169e32e3b7b3e3c,2026-07-16,2026-07-19
MD,Flying Dog Brewery,flying dog brewery,,,722410,source,,,,,,,,,,,,,,n:flying dog brewery,Frederick city,2430325,Frederick County,24021,39.434089,-77.414539,place,"4607 Wedgewood Boulevard Frederick, MD 21703",2023-05-24,2023-08-05,63,mass_layoff,,0,0,1,https://www.dllr.state.md.us/employment/warn.shtml,85111c9fec2a487afe4deef83d7814840ac756df1ebf3de09b6bbe9d,b44b900e0a5b9a7e9eb4ca7256585f02272d904d,2026-07-16,2026-07-19
MD,"Quantem Aviation Services (QAS), LLC",quantem aviation services qas,,,488190,source,,,,,,,,,,,,,,n:quantem aviation services,Baltimore city,2404000,Baltimore city,24510,39.300032,-76.610476,place,"1007 Air Cargo Drive Baltimore, MD 21240",2023-05-24,2023-07-16,55,mass_layoff,,0,0,1,https://www.dllr.state.md.us/employment/warn.shtml,313d5f51634b7c324e08ccd0aa98cb8be1a57137ea27aee073e56e21,edcefd1b10ae309b02e3ca0b2521bc484a329666,2026-07-16,2026-07-19
MD,Webb Mason Commercial,webb mason commercial,,,541613,source,,,,,,,,,,,,,,n:webb mason commercial,,,,,,,,"10820 Gilroy Road Hunt Valley, MD 21031",2023-06-01,2023-07-31,21,mass_layoff,,0,0,1,https://www.dllr.state.md.us/employment/warn.shtml,4a02a5b5db8c672c6df9cbb1eaa7786bb9f1c440b61e2cacb352aaf5,da3c8497a5a8734fbf1f5607da9370be9c75312b,2026-07-16,2026-07-19
MD,Monte Nido & Associates,monte nido associates,,,623220,source,,,,,,,,,,,,,,n:monte nido associates,Maryland City CDP,2451075,Anne Arundel County,24003,39.101609,-76.805188,place,"3100 Roxbury Mills Rd Glenwood, Maryland 21738",2023-06-05,2023-06-30,31,closure,,0,0,1,https://www.dllr.state.md.us/employment/warn.shtml,d246378acd6b4dfda6df627c2df1a6024fda06b5aaeb67deaa714555,16363e790d837c51ac4803061cc5ac210ea4ee9c,2026-07-16,2026-07-19
MD,"Ingram Entertainment, Inc.",ingram entertainment,,,423690,source,,,,,,,,,,,,,,n:ingram entertainment,Savage CDP,2470475,Howard County,24027,39.146463,-76.821637,place,"8779 Greenwood Place Savage, MD 20763",2023-06-06,2023-08-18,14,closure,,0,0,1,https://www.dllr.state.md.us/employment/warn.shtml,af9ae935aa01c767f85419ceb541b1a7e70626c79e6d6acc30e8de09,bb317c313bd1ce577d9bb90ba198ab0bf52ca3c1,2026-07-16,2026-07-19
MD,Watermark Retirement Communities,watermark retirement communities,,,623311,source,,,,,,,,,,,,,,n:watermark retirement communities,Rockville city,2467675,Montgomery County,24031,39.083666,-77.155585,place,"55 W. Gude Drive Rockville, MD 20850",2023-06-12,2023-08-08,117,mass_layoff,,0,0,1,https://www.dllr.state.md.us/employment/warn.shtml,6f253f696d635d6275b9ab99b02b0384593e644b6b8d5f942a521d65,4978779acae4298422d2e3644d3bd4cc214d10d1,2026-07-16,2026-07-19
MD,"Sodexo, Inc and Affiliates",sodexo inc and affiliates,,,623110,source,,,,,,,,,,,,,,n:sodexo inc and affiliates,,,,,,,,"ProMedica Ruxton 7001 N Charles Street Towson, MD 21204",2023-06-13,2023-08-08,16,closure,,0,0,1,https://www.dllr.state.md.us/employment/warn.shtml,4fd2d3df6d194c280637bc6bdc1b2cf4e9003552c063ed60a365caa1,1c77faa6261a3bc64ca0cae20753079102a05b27,2026-07-16,2026-07-19
MD,"Sodexo, Inc and Affiliates",sodexo inc and affiliates,,,623110,source,,,,,,,,,,,,,,n:sodexo inc and affiliates,,,,,,,,"ProMedica Chevy Chase 8700 Jones Mill Rd Chevy Chase, MD 20815",2023-06-13,2023-08-08,17,closure,,0,0,1,https://www.dllr.state.md.us/employment/warn.shtml,5f9daf82f844628e28dbc5fa01c64fba5508d04c9c4d26e2d26ae4fd,792b46a37f436789a3cbb470f980ddd901cef707,2026-07-16,2026-07-19
MD,"Sodexo, Inc and Affiliates",sodexo inc and affiliates,,,623110,source,,,,,,,,,,,,,,n:sodexo inc and affiliates,,,,,,,,"ProMedica Silver Spring 2501 Musgrove Rd Silver Spring, MD 20904",2023-06-13,2023-08-08,14,closure,,0,0,1,https://www.dllr.state.md.us/employment/warn.shtml,80e05b58113e882b1df6bad4d5424840545f351250f1ec1970fcec77,90fbf01f0b069cbc62a6c05b614e54d5a9f71146,2026-07-16,2026-07-19
MD,"Ellume USA, LLC",ellume usa,,,621512,source,,,,,,,,,,,,,,n:ellume usa,Frederick city,2430325,Frederick County,24021,39.434089,-77.414539,place,"4930 Executive Court Frederick, MD 21703",2023-06-16,2023-07-03,37,mass_layoff,,0,0,1,https://www.dllr.state.md.us/employment/warn.shtml,fc23385f26037a56d69d4854149930c804e8f142846200b60467b988,3b0bd585b868498921a5594bd19bb9a4e654381e,2026-07-16,2026-07-19
MD,EchoPark Automotive,echopark automotive,,,441120,source,1707755,,exact:post-era,,,,,,,,,,automatic,cik:1707755,Baltimore city,2404000,Baltimore city,24510,39.300032,-76.610476,place,"6001 Reisterstown Road Baltimore, MD 21215",2023-06-20,2023-08-21,34,closure,,0,0,1,https://www.dllr.state.md.us/employment/warn.shtml,2777d98b21d3f93695ccaf19d32ca45d031f094651efa2c2f59486a9,0f64c412ee32275c5e7c635d4ecdb5d37865f069,2026-07-16,2026-07-19
MD,EchoPark Automotive,echopark automotive,,,441120,source,1707755,,exact:post-era,,,,,,,,,,automatic,cik:1707755,Laurel city,2445900,Prince George's County,24033,39.095075,-76.861245,place,"8751 Freestate Drive Suite 100 Laurel, MD 20723",2023-06-20,2023-08-21,17,closure,,0,0,1,https://www.dllr.state.md.us/employment/warn.shtml,725fb2f2f09ae83fd2bd1e32f3ad3e7caa7a7bda835caaba1614acfd,c5a5f7cc8a41ee6d4936754f2744618acf3c2f70,2026-07-16,2026-07-19
MD,"Medifast, Inc.",medifast,Medifast,,325411,source,910329,MED,exact,2090,Miscellaneous Food Preparations & Kindred Products,,,,Q6806861,cik,,,automatic,qid:Q6806861,Ridgely town,2466000,Caroline County,24011,38.952933,-75.882704,place,"601 Sunrise Avenue Ridgely, MD 21660",2023-06-20,2023-08-13,83,mass_layoff,,0,0,1,https://www.dllr.state.md.us/employment/warn.shtml,4a99d6af92e19166fe70fd615e49a1094f78dc5a481e03e2488901f6,f7303e14439ec5a8cf071f8474ad86b92db03214,2026-07-16,2026-07-19
MD,"Ventech Solutions, Inc.",ventech solutions,,,541511,source,,,,,,,,,,,,,,n:ventech solutions,,,,,,,,"21 Governors Court Suite 250 Windsor Mill, MD 21244",2023-07-12,2023-09-15,168,mass_layoff,,0,0,1,https://www.dllr.state.md.us/employment/warn.shtml,eb979caef2996133627fd0758a1c2854175df617d774fa75eb7dbb22,26cff2c3a5663ce1c78074fd661ca90eb25bbdfe,2026-07-16,2026-07-19
MD,Autumn Lake Healthcare at South Haven,autumn lake healthcare at south haven,,,623110,source,,,,,,,,,,,,,,n:autumn lake healthcare at south haven,Annapolis city,2401600,Anne Arundel County,24003,38.972152,-76.505332,place,"2700 South Haven Road Annapolis, MD 21401",2023-07-17,2023-07-07,92,closure,,0,0,1,https://www.dllr.state.md.us/employment/warn.shtml,d801291fa505d77b55b6559d69493770c56ac99725cd99bbed32f6a9,1c5c44de84987dfbb5fc44afb32317b1352ad482,2026-07-16,2026-07-19
MD,"Ventra Health, Inc.",ventra health,,,541219,source,,,,,,,,,,,,,,n:ventra health,,,,,,,,"5100 Buckeystown Pike Suite 250 Frederick, MD 21704",2023-07-19,2023-10-09,34,mass_layoff,,0,0,1,https://www.dllr.state.md.us/employment/warn.shtml,bd6aa3718e095d4d7cdc1eeb5885494b6f69d40143e54ffebd312196,40d40203b019b40f526318b38b040019b51337b3,2026-07-16,2026-07-19
MD,General Dynamics Information Technology,general dynamics information technology,General Dynamics Information Technology,,541330,source,,,,,,,,,Q130724592,label,,40533,automatic,qid:Q130724592,Frederick city,2430325,Frederick County,24021,39.434089,-77.414539,place,"1430 Veterans Drive Frederick, MD 21702",2023-08-01,2023-09-29,59,mass_layoff,,0,0,1,https://www.dllr.state.md.us/employment/warn.shtml,3c9d9ed2f1c9a09ec2ea85b782a03ada32c5a88d26d13ce23ec687ac,031d33fec7c7a751f33218b25a77b774d44b5e60,2026-07-16,2026-07-19
MD,"YRC, Inc. d/b/a New Penn Motor Express, LLC",yrc inc d b a new penn motor express,,,484122,source,,,,,,,,,,,,,,n:yrc,Elkridge CDP,2425750,Howard County,24027,39.195483,-76.741082,place,"6351 S. Hanover St. Elkridge, MD 21075",2023-08-01,2023-07-30,42,closure,,0,0,1,https://www.dllr.state.md.us/employment/warn.shtml,27603deded39593f693b79914d4523c102dd39eae49016cbae89bad2,f38ef955e1fab30619994d79ae2a81a85db20a44,2026-07-16,2026-07-19
MD,"YRC, Inc. d/b/a YRC Freight",yrc inc d b a yrc freight,,,484122,source,,,,,,,,,,,,,,n:yrc,Landover CDP,2445325,Prince George's County,24033,38.924395,-76.887604,place,"7600 Preston Dr. Landover, MD 20785",2023-08-01,2023-07-30,27,closure,,0,0,1,https://www.dllr.state.md.us/employment/warn.shtml,dcc2555a16d967ce1f55337e1d4106c2b3c1503f7506810f225819de,19df897f27e88cc41b6000eda228808addaf813f,2026-07-16,2026-07-19
MD,"YRC, Inc. d/b/a YRC Freight",yrc inc d b a yrc freight,,,484122,source,,,,,,,,,,,,,,n:yrc,Baltimore city,2404000,Baltimore city,24510,39.300032,-76.610476,place,"6311 East Lombard St. Baltimore, MD 21224",2023-08-01,2023-07-30,64,closure,,0,0,1,https://www.dllr.state.md.us/employment/warn.shtml,6d9a4bb0d683780f3fb6f7db1cb763a9dbad8031b5fc138f194a17d1,426f3fae31e4d7e991ff61ae1f5bacd43dff9fab,2026-07-16,2026-07-19
MD,"YRC, Inc. d/b/a YRC Freight",yrc inc d b a yrc freight,,,484122,source,,,,,,,,,,,,,,n:yrc,Hagerstown city,2436075,Washington County,24043,39.640182,-77.722691,place,"311 East Oak Ridge Dr. Hagerstown, MD 21740",2023-08-01,2023-07-30,98,closure,,0,0,1,https://www.dllr.state.md.us/employment/warn.shtml,54162fd00342853bfc629e445f2ac93e1984100228108b6903e588bc,87cd44b5b8ccd755638a8969a635eeabbf1a9fde,2026-07-16,2026-07-19
MD,"Emergent Biosolutions, Inc.",emergent biosolutions,,,325414,source,1367644,EBS,exact,2834,Pharmaceutical Preparations,,,,,,,,automatic,cik:1367644,Baltimore city,2404000,Baltimore city,24510,39.300032,-76.610476,place,"5901 E. Lombard St. Baltimore, MD 21224",2023-08-08,2023-10-07,211,mass_layoff,,0,0,1,https://www.dllr.state.md.us/employment/warn.shtml,82bb5d31d054f8c3c761513e78077b7c0c626fe9ccb8842289ae1a32,0237e69c703260ca00ac54c67900eac33d907b79,2026-07-16,2026-07-19
MD,"Emergent Biosolutions, Inc.",emergent biosolutions,,,325414,source,1367644,EBS,exact,2834,Pharmaceutical Preparations,,,,,,,,automatic,cik:1367644,Rockville city,2467675,Montgomery County,24031,39.083666,-77.155585,place,"9920 Medical Center Dr. Rockville, MD 20850",2023-08-08,2023-10-07,20,mass_layoff,,0,0,1,https://www.dllr.state.md.us/employment/warn.shtml,31abfb2b50a9c202f6eb21296d6d23c2491e713fb0c893701433492c,12d444f0849026ae44676ec109722ce138c93462,2026-07-16,2026-07-19
MD,"Matheson Flight Extenders, Inc.",matheson flight extenders,,,484110,source,,,,,,,,,,,,,,n:matheson flight extenders,Brandywine CDP,2409325,Prince George's County,24033,38.682077,-76.885314,place,"14301 Mattawoman Drive Brandywine, MD 20613",2023-08-16,2023-10-15,327,mass_layoff,,0,0,1,https://www.dllr.state.md.us/employment/warn.shtml,54e72a274bce3415792982f74ac035497c2ba655f5e2f14faaace92c,326aebce3f37fc48b36414acc5b03d905cf18dab,2026-07-16,2026-07-19
MD,"WayForth, LLC",wayforth,,,484210,source,1797011,,exact,,,,,,,,,,automatic,cik:1797011,,,,,,,,"7020 Dorsey Road Suite C Hanover, MD 21076",2023-08-16,2023-08-18,76,mass_layoff,,0,0,1,https://www.dllr.state.md.us/employment/warn.shtml,9e781dc1492b5e3c7dbc3ebc7f7ef892ed09558d2317e568739b40a5,41b61b0de1b13ab83f4187b06ec990fbc67197f7,2026-07-16,2026-07-19
MD,"GXO Logistics Supply Chain, Inc.",gxo logistics supply chain,,,488510,source,,,,,,,,,,,,,,n:gxo logistics supply chain,Aberdeen city,2400125,Harford County,24025,39.516403,-76.174518,place,"610 Chelsea Road Aberdeen, MD 21001",2023-08-17,2023-09-30,176,closure,,0,0,1,https://www.dllr.state.md.us/employment/warn.shtml,d17b0b4be117e6480d9d9ce44eb15c2bf472966293c8892852a32812,5e27ee3c18000bb5e61ed43c2e3354627fe6625c,2026-07-16,2026-07-19
MD,Tesla,tesla,Tesla,,336110,source,1318605,TSLA,exact,3711,Motor Vehicles & Passenger Car Bodies,,,,Q478214,cik,,,automatic,qid:Q478214,,,,,,,,"336 Clubhouse Road Hunt Valley, MD 21031",2023-08-18,2023-10-16,55,mass_layoff,,0,0,1,https://www.dllr.state.md.us/employment/warn.shtml,46d4f2f4a8bcb0ab6fb781cffb035c1129a1d836b190239558e54a20,d22b530c49a1f3fe6c4e0508b772e47a98efbc2f,2026-07-16,2026-07-19
MD,Price Rite Marketplace,price rite marketplace,,,445110,source,,,,,,,,,,,,,,n:price rite marketplace,Rosedale CDP,2468400,Baltimore County,24005,39.327159,-76.508377,place,"1753 Chesaco Avenue Rosedale, MD 21237",2023-08-22,2023-10-22,25,closure,,0,0,1,https://www.dllr.state.md.us/employment/warn.shtml,a1d635c847bbd88ad9a5e9236a4fdaf6feaa13f006298949cb8ff2b5,1df7eaacdb541f5d487be6cb8adb5ed014b7f67d,2026-07-16,2026-07-19
MD,Giant Delivers,giant delivers,,,445110,source,,,,,,,,,,,,,,n:giant delivers,,,,,,,,"1020A Airport 100 Way Hanover, MD 21076",2023-08-28,2023-10-21,362,closure,,0,0,1,https://www.dllr.state.md.us/employment/warn.shtml,a67f038a2812677de62974bc09abcb54e68c46cab8ebe3099160f460,2053753f78e27bb190827eb7eed66ab2ba828632,2026-07-16,2026-07-19
MD,"Perfected Logistics, LLC",perfected logistics,,,484110,source,,,,,,,,,,,,,,n:perfected logistics,Beltsville CDP,2406400,Prince George's County,24033,39.039903,-76.920443,place,"10406 Tucker Street Beltsville, MD 20707",2023-09-07,2023-11-07,65,mass_layoff,,0,0,1,https://www.dllr.state.md.us/employment/warn.shtml,2e4b2167e80c46fafd73d95b06fa62436571470be1e09ea4cb4b9df4,09ca7eb47b830999d906c3f81e1db8c8ac2f9852,2026-07-16,2026-07-19
MD,Management & Training Corporation,management training,,,611430,source,,,,,,,,,,,,,,n:management training,,,,,,,,"10900 Old Court Road Woodstock, MD 21163",2023-09-11,2023-09-30,174,mass_layoff,,0,0,1,https://www.dllr.state.md.us/employment/warn.shtml,3b1b93a95710c334383753d15536ccece9f166bab7ad8c74cae28d55,3321e80fbf69a38137612687112f64e31636af41,2026-07-16,2026-07-19
MD,"Money Map Press, LLC",money map press,,,513120,source,,,,,,,,,,,,,,n:money map press,Baltimore city,2404000,Baltimore city,24510,39.300032,-76.610476,place,"1125 N. Charles Street Baltimore, MD 21201",2023-09-20,2023-11-14,63,mass_layoff,,0,0,1,https://www.dllr.state.md.us/employment/warn.shtml,a6d12a1c186c52fa71aa403544438be20d676f84f8c01b8152e0243e,2afe59a74471be418c0ef47bc0cce0e090f3e0ff,2026-07-16,2026-07-19
MD,"T-Mobile USA, Inc.",t mobile usa,,,517212,source,1578078,,exact,4812,Radiotelephone Communications,,,,,,,,automatic,cik:1578078,Beltsville CDP,2406400,Prince George's County,24033,39.039903,-76.920443,place,"12050 Baltimore Avenue Beltsville, MD 20705",2023-09-20,2023-11-02,40,mass_layoff,,0,0,1,https://www.dllr.state.md.us/employment/warn.shtml,b08531ca77c2f1907598ac36d7bbdd83db38cefdf772dccbe916850b,6e0a7a292528aad430858c8b5611b8034f647c4b,2026-07-16,2026-07-19
MD,"C-Care, LLC",c care,,,,,,,,,,,,,,,,,,n:c care,,,,,,,,"979 Corporate Blvd. Linthicum Heights, MD 21090",2023-09-22,2023-09-28,28,unknown,,0,0,1,https://www.dllr.state.md.us/employment/warn.shtml,03e506c33f2df6647b1c57a868097e256983bb2152b030f31c606bfb,42f4d49349a1bfe5ed6c318010c1a455a4d38965,2026-07-26,2026-07-26
MD,"Exemplis, LLC",exemplis,,,337214,source,,,,,,,,,,,,,,n:exemplis,Jessup CDP,2442550,Anne Arundel County,24003,39.149094,-76.776388,place,"8221 Preston Court Suite D Jessup, MD 20794",2023-09-22,2023-11-19,47,mass_layoff,,0,0,1,https://www.dllr.state.md.us/employment/warn.shtml,4939fc12f5fa9e979755d43f1b079121a8b7d50acd58b3032e4fa524,d624833945e9a3735a62be50c89dbda14055b3e0,2026-07-16,2026-07-19
MD,"Oracle America, Inc.",oracle america,"ORACLE AMERICA, INC.",,513210,source,,,,,,,,549300U1IA1WIKEPVG64,,,ORACLE CORP,1341439,automatic,lei:549300U1IA1WIKEPVG64,Silver Spring CDP,2472450,Montgomery County,24031,39.002441,-77.020791,place,"12200-12211 Plum Orchard Dr. Silver Spring, MD 20904",2023-09-29,2023-11-30,102,mass_layoff,,0,0,1,https://www.dllr.state.md.us/employment/warn.shtml,37890e049b7f53e6a9d6cf461e8e6222effb496b3bb53a91d16f4e68,c6b822636f633c85d372f8bb405d936fc01039ab,2026-07-16,2026-07-19
MD,"Leisure Care, LLc d/b/a The Landing of Silver Spring",leisure care llc d b a the landing of silver spring,,,623311,source,,,,,,,,,,,,,,n:leisure care,Silver Spring CDP,2472450,Montgomery County,24031,39.002441,-77.020791,place,"13908 New Hamshire Ave. Silver Spring, MD 20904",2023-10-03,2023-12-02,75,closure,,0,0,1,https://www.dllr.state.md.us/employment/warn.shtml,ceed3bd901e63a4d72bcfdef2c308ef5a73c0d0a82ef49bcf06c6fbf,afc91d4929bb6016a2c397637968dac5c88fed9b,2026-07-16,2026-07-19
MD,"Northrop Grumman Systems Corporation, Defense Systems Sector",northrop grumman systems corporation defense systems sector,,,334511,source,,,,,,,,,,,,,,n:northrop grumman systems corporation defense systems sector,Middle River CDP,2452300,Baltimore County,24005,39.339519,-76.428702,place,"701 Wilson Point Road Middle River, MD 21220",2023-10-05,2024-01-22,16,mass_layoff,,0,0,1,https://www.dllr.state.md.us/employment/warn.shtml,83cb08636f728f8bbc2a64d61b4a7cdb17a1e4a8bcf7054f47c83bca,e7fedc1a9ead5dfd3d95dc7bb7107ff6bd3a18e7,2026-07-16,2026-07-19
MD,"Northrop Grumman Systems Corporation, Defense Systems Sector",northrop grumman systems corporation defense systems sector,,,334511,source,,,,,,,,,,,,,,n:northrop grumman systems corporation defense systems sector,Middle River CDP,2452300,Baltimore County,24005,39.339519,-76.428702,place,"2828 Strawberry Point Road Middle River, MD 21220",2023-10-05,2024-01-22,16,mass_layoff,,0,0,1,https://www.dllr.state.md.us/employment/warn.shtml,b349a63c7268256d04da85cab2a5847cc345060dd0ad74ff28aa6b41,f4ddb02636783132dadd2a06e2dd9432fe1c941c,2026-07-16,2026-07-19
MD,"Ventech Solutions, Inc.",ventech solutions,,,541511,source,,,,,,,,,,,,,,n:ventech solutions,,,,,,,,"21 Governors Court Suite 250 Windsor Mill, MD 21244",2023-10-16,2023-12-15,60,mass_layoff,,0,0,1,https://www.dllr.state.md.us/employment/warn.shtml,f6abb8c8a5de3f3d54a9c547425ec6c9476667a9e56c049c1d1bca90,be42e528357a4e22d7de0376c372dbb2aee92adc,2026-07-16,2026-07-19
MD,Old Town Pour House,old town pour house,,,722511,source,,,,,,,,,,,,,,n:old town pour house,Gaithersburg city,2431175,Montgomery County,24031,39.148601,-77.195131,place,"212 Ellington Blvd. Gaithersburg, MD 20878",2023-10-20,2023-10-24,58,mass_layoff,,0,0,1,https://www.dllr.state.md.us/employment/warn.shtml,37235fbf16bdb174822b1303227d0bb5c53107ad1eae3495c07d53f1,05a26c219a16887a59e4f185c858a0248110c564,2026-07-16,2026-07-19
MD,Sleep Number,sleep number,,,337910,source,827187,SNBRQ,exact,2510,Household Furniture,,,,,,,,automatic,cik:827187,Odenton CDP,2458300,Anne Arundel County,24003,39.06614,-76.693788,place,"1710 Crossroads Drive Odenton, MD 21113",2023-10-30,2023-12-29,24,mass_layoff,,0,0,1,https://www.dllr.state.md.us/employment/warn.shtml,fb03adc8c3342d5df772c8f373411ef6b3bb8d7176b1267f165d7c7c,7a318131af52f554b822f7622d2f6648e5ed3c3e,2026-07-16,2026-07-19
MD,Leidos,leidos,,,541512,source,353394,,exact,7373,Services-Computer Integrated Systems Design,,,,,,,,automatic,cik:353394,Baltimore city,2404000,Baltimore city,24510,39.300032,-76.610476,place,"3300 Lord Baltimore Drive Baltimore, MD 21244",2023-11-01,2023-12-31,130,mass_layoff,,0,0,1,https://www.dllr.state.md.us/employment/warn.shtml,e716492903bffb4ba4c7f4c2342c9cddd7063f6bec10a7e6302c4e5b,c5d21c362bd5dd39a572cdb9ad0c01cd0759b0f2,2026-07-16,2026-07-19
MD,Choice Hotels International,choice hotels international,,,721110,source,1046311,CHH,exact,7011,Hotels & Motels,,,,,,,,automatic,cik:1046311,North Bethesda CDP,2456337,Montgomery County,24031,39.036753,-77.120336,place,"915 Meeting Street North Bethesda, MD 20852",2023-11-08,2024-01-08,85,closure,,0,0,1,https://www.dllr.state.md.us/employment/warn.shtml,daa36781eb3ce9083dc9cd924a29ea5165daa8093695047e2272a246,cad417d9b9c6f111d054d14a62a49fe76e7177e0,2026-07-16,2026-07-19
MD,"NextGen Healthcare, Inc.",nextgen healthcare,NextGen Healthcare Information Systems,,541511,source,708818,,exact,7373,Services-Computer Integrated Systems Design,,,,Q17109731,cik,,,automatic,qid:Q17109731,,,,,,,,"11350 McCormick Rd. HuntValley, MD 21031",2023-11-15,2024-01-16,99,mass_layoff,,0,0,1,https://www.dllr.state.md.us/employment/warn.shtml,a15c749aa9aeb28dc42d88cb5ea8a6c119f976f872f9ae036ec793a3,c5458becba7398d74ba34b31987e93af20bab118,2026-07-16,2026-07-19
MD,LifeScience Logistics,lifescience logistics,,,493120,source,,,,,,,,,,,,,,n:lifescience logistics,Columbia CDP,2419125,Howard County,24027,39.201146,-76.85905,place,"8901 Snowden River Drive Suite 150 Columbia, MD 21046",2023-11-22,2024-01-25,31,closure,,0,0,1,https://www.dllr.state.md.us/employment/warn.shtml,5ac83912330652a366fd5e2ea428b3e68c38b2935eff98834709181f,603ff803c6efb286a4ad714ce88c4d28a77c01e8,2026-07-16,2026-07-19
MD,Peraton,peraton,Peraton,,518210,source,,,,,,,,549300EQPCK07ZW63836,Q108443888,label,Veritas Capital,,automatic,qid:Q108443888,,,,,,,,"9500 MacAruthur Blvd. West Bethesda, MD 20817",2023-11-27,2024-01-05,19,mass_layoff,,0,0,1,https://www.dllr.state.md.us/employment/warn.shtml,7406c00634c7872b91f3e70bf1018f912832dc4cbe449cdc6210d562,94757044971bd34c2e1ed3dd5f2f1cb305279575,2026-07-16,2026-07-19
MD,"Maryland University of Integrative Health, Inc.",maryland university of integrative health,,,525120,source,,,,,,,,,,,,,,n:maryland university of integrative health,Laurel city,2445900,Prince George's County,24033,39.095075,-76.861245,place,"7750 Montpelier Road Laurel, MD 20723",2023-12-05,2024-01-31,35,mass_layoff,,0,0,1,https://www.dllr.state.md.us/employment/warn.shtml,226980be3f21bd41a35d95058172818a628293d59019fd03b06a8194,25e1c017b93e4f933843e853ac947f012576bba8,2026-07-16,2026-07-19
MD,"Eclipse Advantage, LLC",eclipse advantage,"Eclipse Advantage, LLC",,561499,source,,,,,,,,5493005QP3QFQSHFIJ81,,,,,automatic,lei:5493005QP3QFQSHFIJ81,Aberdeen city,2400125,Harford County,24025,39.516403,-76.174518,place,"601 Chelsea Road Aberdeen, MD 21001",2023-12-06,2024-02-02,48,closure,,0,0,1,https://www.dllr.state.md.us/employment/warn.shtml,21e80b0a095637fa97d9f0c23c10175246e0dcb89f62ac3f12f355df,28a6ebb65785ce29c81c940e09af3cb36002d7af,2026-07-16,2026-07-19
MD,DHL eCommerce,dhl ecommerce,,,492110,source,,,,,,,,,,,,,,n:dhl ecommerce,Elkridge CDP,2425750,Howard County,24027,39.195483,-76.741082,place,"6670 Business Parkway Ste 103 Elkridge, MD 21075",2024-01-01,2024-03-01,120,closure,,0,0,1,https://www.dllr.state.md.us/employment/warn.shtml,337fae38ad56ca48eed380dfadc7ed94de4cc5d1925a669f8f97df2e,944328084cb44aaa16b18ecaf1b03e1b2a36c7ad,2026-07-16,2026-07-19
MD,"Adaptive Phage Therapeutics, Inc.",adaptive phage therapeutics,,,325412,source,1701259,,exact,,,,,,,,,,automatic,cik:1701259,Gaithersburg city,2431175,Montgomery County,24031,39.148601,-77.195131,place,"708 Quince Orchard Rd. Suite 205 Gaithersburg, MD 20878",2024-01-04,2024-03-05,19,mass_layoff,,0,0,1,https://www.dllr.state.md.us/employment/warn.shtml,c0cc26133cb8343ac2fe05655844984762f602da57c281e7fcfa7caf,8187ff766c400bcb84cc181bb5e6d3324b8f3b73,2026-07-16,2026-07-19
MD,"Newbold Services, LLC",newbold services,,,561720,source,,,,,,,,,,,,,,n:newbold services,,,,,,,,"600 Principio Pkwy West North East, MD 21901",2024-01-04,2024-03-05,37,mass_layoff,,0,0,1,https://www.dllr.state.md.us/employment/warn.shtml,c0e1a82e5ef29c67e646202b3b96e4285e02d34785c65c87b779c30c,de9d29d71bb635aecd1c285b9391c70cb2fac66a,2026-07-16,2026-07-19
MD,The AMES Company/ ClosetMaid,ames company closetmaid,,,332618,source,,,,,,,,,,,,,,n:ames company closetmaid,Grantsville town,2434525,Garrett County,24023,39.696916,-79.152849,place,"1 ClosetMaid Drive Grantsville, MD 21536",2024-01-09,2024-03-28,123,closure,,0,0,1,https://www.dllr.state.md.us/employment/warn.shtml,047890544a9befd48a79fbe90921eada2a66451ce7e0cf2971669069,6dca0b5267e934e4f274766dd06589b0d0f9506f,2026-07-16,2026-07-19
MD,"CACI, Inc. - Federal",caci inc federal,CACI,,541512,source,1526263,,exact:post-era,,,,,,Q1022711,label,,,automatic,qid:Q1022711,,,,,,,,"1681 Nelson Street Fort Detrick, MD 21702",2024-01-11,2024-03-05,61,mass_layoff,,0,0,1,https://www.dllr.state.md.us/employment/warn.shtml,e652c81f12c40020ec0fefb2311eb87456986bced2d4db22cfc730a8,d73e40dffcf2d74a0bca09f3586779976dbb25ca,2026-07-16,2026-07-19
MD,UPS,ups,Socialist Party of Senegal,,492210,source,,,,,,,,,Q2054438,label,,,automatic,qid:Q2054438,,,,,,,,"3901 Vero Road Halethorpe, MD 21227",2024-01-26,2024-03-26,118,mass_layoff,,0,0,1,https://www.dllr.state.md.us/employment/warn.shtml,da32ed338e2452ec11294fffa87dab3120f5f1a3c66903003602630d,da4e28ef46b4702cff746896609182d25c743111,2026-07-16,2026-07-19
MD,Exact Sciences,exact sciences,Exact Sciences,,541715,source,1124140,,exact,8071,Services-Medical Laboratories,,,,Q22121866,cik,,,automatic,qid:Q22121866,Baltimore city,2404000,Baltimore city,24510,39.300032,-76.610476,place,"1812 Ashland Avenue Baltimore, MD 21205",2024-01-29,2024-03-31,58,closure,,0,0,1,https://www.dllr.state.md.us/employment/warn.shtml,fd1f0bc24a9aac4aa59da015993acd8f80596bd1020c592a5e41ddf5,25350973f38420f2bdb3772a6a6b4af775f662df,2026-07-16,2026-07-19
MD,"MON AMI BETHESDA, LLC",mon ami bethesda,,,722513,source,,,,,,,,,,,,,,n:mon ami bethesda,Bethesda CDP,2407125,Montgomery County,24031,38.987292,-77.118612,place,"7239 Woodmont Avenue Bethesda, MD 20814",2024-02-12,2024-04-01,55,mass_layoff,,0,0,1,https://www.dllr.state.md.us/employment/warn.shtml,2642ffb62919423b39b817cfc6c7fb0f2824c9e1867888fbf519a5da,2b7ec164f243cea59efda997cd941180db756115,2026-07-16,2026-07-19
MD,"District Photo, Inc.",district photo,,,812921,source,,,,,,,,,,,,,,n:district photo,Beltsville CDP,2406400,Prince George's County,24033,39.039903,-76.920443,place,"10501 Rhode Island Avenue Beltsville, MD 20705",2024-02-14,2024-04-14,64,mass_layoff,,0,0,1,https://www.dllr.state.md.us/employment/warn.shtml,7cb93046917fcf4da121e764dd9558291af1e2566f25113af63bb964,e68b35384ac341474a663101888b61ea23243e11,2026-07-16,2026-07-19
MD,Daifuku Services America Corporation,daifuku services america,,,333922,source,,,,,,,,,,,,,,n:daifuku services america,Baltimore city,2404000,Baltimore city,24510,39.300032,-76.610476,place,"2010 Broening Highway Baltimore, MD 21224",2024-02-22,2024-04-22,67,mass_layoff,,0,0,1,https://www.dllr.state.md.us/employment/warn.shtml,6f84ad25413a30f4ad2c0f2c0bf7659004f0cb5a5967318ecda1ac59,83dea47f67b67725b08f3b3e356b04ff843595ed,2026-07-16,2026-07-19
MD,The Home Depot,home depot,The Home Depot,,423220,source,354950,HD,exact,5211,Retail-Lumber & Other Building Materials Dealers,,,,Q864407,cik,,,automatic,qid:Q864407,,,,,,,,"12087 Rockville Pike Rockville, MD 20852",2024-02-26,2024-04-23,19,mass_layoff,,0,0,1,https://www.dllr.state.md.us/employment/warn.shtml,929e001dc9bf53ce142bea2ae45184cdc63cbce6c0099d7f86047185,7ce922e79f75a4989405866f8cdaf0c2883c63ba,2026-07-16,2026-07-19
MD,The Home Depot,home depot,The Home Depot,,423220,source,354950,HD,exact,5211,Retail-Lumber & Other Building Materials Dealers,,,,Q864407,cik,,,automatic,qid:Q864407,Gaithersburg city,2431175,Montgomery County,24031,39.148601,-77.195131,place,"7750 Airpark Road Gaithersburg, MD 20879",2024-02-26,2024-04-23,21,mass_layoff,,0,0,1,https://www.dllr.state.md.us/employment/warn.shtml,fd81a4b1623a92e170f441e3dce60234fc477416af9498d81407e7cb,fa035d3a171c7c6d5f53bb470c20552e77085657,2026-07-16,2026-07-19
MD,ADT Solar,adt solar,,,221114,source,,,,,,,,,,,,,,n:adt solar,Germantown CDP,2432025,Montgomery County,24031,39.174252,-77.263754,place,"20403-05 Seneca Meadows Pkwy Germantown, MD 20876",2024-03-07,2024-02-23,28,closure,,0,0,1,https://www.dllr.state.md.us/employment/warn.shtml,c6f6e8bb86eee6b241f97a62b4f8ffca05d4e6b77f92baba25a45039,4d630b2f869881b4d93af2a1862ec53276752de4,2026-07-16,2026-07-19
MD,"Jobandtalent Hirings, LLC d/b/a LGS Staffing",jobandtalent hirings llc d b a lgs staffing,,,561311,source,,,,,,,,,,,,,,n:jobandtalent hirings,North East town,2456450,Cecil County,24015,39.608037,-75.941655,place,"200 Gateway Drive Northeast, MD 21901",2024-03-08,2024-05-10,125,mass_layoff,,0,0,1,https://www.dllr.state.md.us/employment/warn.shtml,020991330f2b329cfc821de076816ab424a40638c560661b942660bb,4ebb7f83caf25fd6fc45665acf8ef4660c1a49ac,2026-07-16,2026-07-19
MD,Walmart,walmart,,,455110,source,104169,WMT,exact,5331,Retail-Variety Stores,,,,,,,,automatic,cik:104169,,,,,,,,"1238 Putty Hill Avenue Suite 5 Towson, Maryland 21286",2024-03-08,2024-04-12,213,closure,,0,0,1,https://www.dllr.state.md.us/employment/warn.shtml,b985320dea6f6727ffdc211a44823fb19a1e1ee56ad390f98d4eacef,943a7b5aff93004aabe72cc6aa5958ba012488a6,2026-07-16,2026-07-19
MD,"Adecco USA, Inc.",adecco usa,"Adecco Staffing, USA",,561320,source,,,,,,,,,Q28134236,label,The Adecco Group,,automatic,qid:Q28134236,North East town,2456450,Cecil County,24015,39.608037,-75.941655,place,"200 Gateway Drive North East, MD 21901",2024-03-11,2024-05-10,45,mass_layoff,,0,0,1,https://www.dllr.state.md.us/employment/warn.shtml,402b47a1b1eb972d248a656af445d0f99832ec04baf333b2af0c6009,3c8576f9a0bace4cfa58afcff9e89a47391e6059,2026-07-16,2026-07-19
MD,Essendant Co.,essendant,Essendant,,423850,source,355999,,exact:post-era,5110,Wholesale-Paper & Paper Products,,,,Q7893563,cik,,,automatic,qid:Q7893563,,,,,,,,"7441 Candlewood Road Hanover, MD 21076",2024-03-11,2024-05-17,101,closure,,0,0,1,https://www.dllr.state.md.us/employment/warn.shtml,b0543b56f357f2f56e7b3ddf40cfebdacf44ec46e51de207f3e0d9be,647820c72437586b521c829095b771480fa872bf,2026-07-16,2026-07-19
MD,Charles River Laboratories,charles river laboratories,Charles River Laboratories,,541715,source,1100682,CRL,listed-extension,8731,Services-Commercial Physical & Biological Research,,,,Q5082076,cik,,,automatic,qid:Q5082076,Frederick city,2430325,Frederick County,24021,39.434089,-77.414539,place,"15 Wormans Mill Court Suite 1 Frederick, MD 21701",2024-03-14,2024-05-13,14,closure,,0,0,1,https://www.dllr.state.md.us/employment/warn.shtml,5fe9b9c95343ff98e7591c0fd798171941056b61fd9186692342d978,1ec169c9d9971d102241f7c5d293ef302f04493e,2026-07-16,2026-07-19
MD,Reimagined Parking,reimagined parking,,,812930,source,,,,,,,,,,,,,,n:reimagined parking,Baltimore city,2404000,Baltimore city,24510,39.300032,-76.610476,place,"100 International Drive Baltimore, MD 21202",2024-03-19,2024-05-18,3,closure,,0,0,1,https://www.dllr.state.md.us/employment/warn.shtml,498663208dfbd50f7132d4fa088caa2d2632aed9f17fb2888e46fbfe,0dcb7305ba785d814991e94a6bfbce31b4e82997,2026-07-16,2026-07-19
MD,Reimagined Parking,reimagined parking,,,812930,source,,,,,,,,,,,,,,n:reimagined parking,Baltimore city,2404000,Baltimore city,24510,39.300032,-76.610476,place,"650 Exeter Street (Hilton Valet Parking) Baltimore, MD 21202",2024-03-19,2024-05-18,14,closure,,0,0,1,https://www.dllr.state.md.us/employment/warn.shtml,8fc92410c291732cbea253d4762a083710a88b1cd6c22418ca98b7eb,425da8fcabc57d697b95df04976103a81ae19621,2026-07-16,2026-07-19
MD,Reimagined Parking,reimagined parking,,,812930,source,,,,,,,,,,,,,,n:reimagined parking,Baltimore city,2404000,Baltimore city,24510,39.300032,-76.610476,place,"1530 Thames Street Baltimore, MD 21231",2024-03-19,2024-05-18,4,closure,,0,0,1,https://www.dllr.state.md.us/employment/warn.shtml,7fd502f474a929af91f417a10aba68fd0c7f537a6e82cb234ebf8193,6257059b52bea71ef224a6d51a01d69226a20982,2026-07-16,2026-07-19
MD,Reimagined Parking,reimagined parking,,,812930,source,,,,,,,,,,,,,,n:reimagined parking,Baltimore city,2404000,Baltimore city,24510,39.300032,-76.610476,place,"650 Exeter Street (Parking Garage) Baltimore, MD 21202",2024-03-19,2024-05-18,9,closure,,0,0,1,https://www.dllr.state.md.us/employment/warn.shtml,7623b9f0dd250ba7cc843e24b89972cc79d5595a3c9e47cbbb9482b8,9695ebb4b5bc1b2d7098b71af7978dece854347b,2026-07-16,2026-07-19
MD,Reimagined Parking,reimagined parking,,,812930,source,,,,,,,,,,,,,,n:reimagined parking,Baltimore city,2404000,Baltimore city,24510,39.300032,-76.610476,place,"600 S. Eden Street Baltimore, MD 21202",2024-03-19,2024-05-18,2,closure,,0,0,1,https://www.dllr.state.md.us/employment/warn.shtml,3c78102561729abdfd870e4dc85596e576e1127b6893d31545558e8f,b2725011f5fbd890704ec65f5682fda5360f94c7,2026-07-16,2026-07-19
MD,Reimagined Parking,reimagined parking,,,812930,source,,,,,,,,,,,,,,n:reimagined parking,Baltimore city,2404000,Baltimore city,24510,39.300032,-76.610476,place,"711 S. Central Avenue Baltimore, MD 21202",2024-03-19,2024-05-18,1,closure,,0,0,1,https://www.dllr.state.md.us/employment/warn.shtml,45834554bddc1e1e20a1e478d3068e85cda9d64b21fde9c823466fb3,e6e86520cb31a45319ad1b0615c450f897978f05,2026-07-16,2026-07-19
MD,"AES Warrior Run, Limited Partnership",aes warrior run limited partnership,,,221118,source,,,,,,,,,,,,,,n:aes warrior run limited partnership,,,,,,,,"11600 Mexico Farms Road, SE Cumberland, MD 21502",2024-03-22,2024-06-01,40,closure,,0,0,1,https://www.dllr.state.md.us/employment/warn.shtml,4edb472bfe59b808103d91742a7af131f3b10fc8f7c9fb1018490d5f,542d55b32e87cdb2cbd58b1b8f22647226c29c26,2026-07-16,2026-07-19
MD,"Penn Parking, Inc. University of Maryland, Baltimore",penn parking inc university of maryland baltimore,,,812930,source,,,,,,,,,,,,,,n:penn parking inc university of maryland baltimore,Baltimore city,2404000,Baltimore city,24510,39.300032,-76.610476,place,"622 West Fayette Street Baltimore, MD 21201",2024-03-25,2024-05-31,5,closure,,0,0,1,https://www.dllr.state.md.us/employment/warn.shtml,154cd4517170b369221a434410ad8e0f6b0701f97c312179967ace65,1ca8813774c2bbcfa48392a5334785be2a7ce3ee,2026-07-16,2026-07-19
MD,"Penn Parking, Inc. University of Maryland, Baltimore",penn parking inc university of maryland baltimore,,,812930,source,,,,,,,,,,,,,,n:penn parking inc university of maryland baltimore,Baltimore city,2404000,Baltimore city,24510,39.300032,-76.610476,place,"120 S. Penn Street Baltimore, MD 21201",2024-03-25,2024-05-31,8,closure,,0,0,1,https://www.dllr.state.md.us/employment/warn.shtml,5e851b8b03c1074899b088be3e8cde75f939c48aae44b53182cfb996,3a5cdce34391dc5bbf9390795d963afb62aad2d5,2026-07-16,2026-07-19
MD,"Penn Parking, Inc. University of Maryland, Baltimore",penn parking inc university of maryland baltimore,,,812930,source,,,,,,,,,,,,,,n:penn parking inc university of maryland baltimore,Baltimore city,2404000,Baltimore city,24510,39.300032,-76.610476,place,"5 North Paca Street Baltimore, MD 21201",2024-03-25,2024-05-31,9,closure,,0,0,1,https://www.dllr.state.md.us/employment/warn.shtml,5e717ddf125b63ef38123b53fa14297e63907c8e83628d798dc3044f,73db43f49ff59b0c1d6b11d0093d15f5347754d9,2026-07-16,2026-07-19
MD,"Penn Parking, Inc. University of Maryland, Baltimore",penn parking inc university of maryland baltimore,,,812930,source,,,,,,,,,,,,,,n:penn parking inc university of maryland baltimore,Baltimore city,2404000,Baltimore city,24510,39.300032,-76.610476,place,"660 West Lexington Street Baltimore, MD 21201",2024-03-25,2024-05-31,5,closure,,0,0,1,https://www.dllr.state.md.us/employment/warn.shtml,39b2a698585195d8aa08182a414f862ccebdfef833e104b4f5cdf2d9,9030fbe892b62502148897c28690fd01e105c475,2026-07-16,2026-07-19
MD,"Penn Parking, Inc. University of Maryland, Baltimore",penn parking inc university of maryland baltimore,,,812930,source,,,,,,,,,,,,,,n:penn parking inc university of maryland baltimore,Baltimore city,2404000,Baltimore city,24510,39.300032,-76.610476,place,"400 West Lexington Street Baltimore, MD 21201",2024-03-25,2024-05-31,7,closure,,0,0,1,https://www.dllr.state.md.us/employment/warn.shtml,8492b6c93245b52b159f6be138d8ace36e0dd72c9985f1044d1101b7,b6d62f470a5d9e86f0f0ae892f9f9bd1145dc9fc,2026-07-16,2026-07-19
MD,"Penn Parking, Inc. University of Maryland, Baltimore",penn parking inc university of maryland baltimore,,,812930,source,,,,,,,,,,,,,,n:penn parking inc university of maryland baltimore,Baltimore city,2404000,Baltimore city,24510,39.300032,-76.610476,place,"220 Arch Street Baltimore, MD 21201",2024-03-25,2024-05-31,8,closure,,0,0,1,https://www.dllr.state.md.us/employment/warn.shtml,22e547e7a0dd23d126fa0d52c3b2e2171485540333a1d9dc982f1214,c60c76bc8f9e9c9c32dedde8ab1c71733ee9b553,2026-07-16,2026-07-19
MD,"Penn Parking, Inc. University of Maryland, Baltimore",penn parking inc university of maryland baltimore,,,812930,source,,,,,,,,,,,,,,n:penn parking inc university of maryland baltimore,Baltimore city,2404000,Baltimore city,24510,39.300032,-76.610476,place,"646 West Pratt Street Baltimore, MD 21201",2024-03-25,2024-05-31,7,closure,,0,0,1,https://www.dllr.state.md.us/employment/warn.shtml,04e82a50804e2ab44ed109be52f6a3def6bad911b29eb088910a7f8b,dafbd8aec54314b9ed79ccf7114387738ec19bb6,2026-07-16,2026-07-19
MD,"Penn Parking, Inc. University of Maryland, Baltimore",penn parking inc university of maryland baltimore,,,812930,source,,,,,,,,,,,,,,n:penn parking inc university of maryland baltimore,Baltimore city,2404000,Baltimore city,24510,39.300032,-76.610476,place,"500 N. Redwood Street Baltimore, MD 21201",2024-03-25,2024-05-31,8,closure,,0,0,1,https://www.dllr.state.md.us/employment/warn.shtml,be5ed11a668dea5b87e9993624d31ac5a23a2cd54290492de799300e,f5291f1b4056c3e5f57c7260d4c5606211487154,2026-07-16,2026-07-19
MD,"W.F. Delauter & Son, Inc.",w f delauter son,,,237110,source,,,,,,,,,,,,,,n:w f delauter son,Emmitsburg town,2426200,Frederick County,24021,39.705192,-77.321301,place,"2 Creamery Way Emmitsburg, MD 21727",2024-03-27,2024-03-29,78,closure,,0,0,1,https://www.dllr.state.md.us/employment/warn.shtml,a3750f88d401c03afdf87fe653706ce82166fa02a1f7b44dc8b98f43,238a6cc5d1bea545e0f0f2666f954662005c47fd,2026-07-16,2026-07-19
MD,"Volta Charging Industries, LLC",volta charging industries,,,541850,source,,,,,,,,,,,,,,n:volta charging industries,,,,,,,,"155 De Haro Street San Francisco, CA 94103",2024-04-01,2024-05-31,2,mass_layoff,,0,0,1,https://www.dllr.state.md.us/employment/warn.shtml,178d9b6498eea9dd0a49bb8408d660b4a84d9a8a2eb1bfd5049ef0ef,5ecfccd0a28125baf3faf861e836aa158b62f026,2026-07-16,2026-07-19
MD,"Upper Chesapeake Emergency Medicine Physicians, LLC (“UCEMP”)",upper chesapeake emergency medicine physicians llc ucemp,,,624230,source,,,,,,,,,,,,,,n:upper chesapeake emergency medicine physicians,Baltimore city,2404000,Baltimore city,24510,39.300032,-76.610476,place,"250 W. Pratt Street, Suite 1320 Baltimore, MD 21201",2024-04-02,2024-06-01,190,mass_layoff,,0,0,1,https://www.dllr.state.md.us/employment/warn.shtml,e67bd6629e1def0d74b93fcb505d91e47463a5ee4c1e59e707e6de91,058e9ba0821d2619bea33222e4ae4b5ce5a0dd20,2026-07-16,2026-07-19
MD,Jacobs Technology,jacobs technology,,,541330,source,,,,,,,,,,,,,,n:jacobs technology,Aberdeen Proving Ground CDP,2400175,Harford County,24025,39.454232,-76.133542,place,"Aberdeen Test Center Bldg. 402, Suite 200 Aberdeen Proving Ground, MD 21005",2024-04-09,2024-05-31,463,mass_layoff,,0,0,1,https://www.dllr.state.md.us/employment/warn.shtml,127ee049c5b0529c74cd675a85bdf379ea9fb186482978e7164d2d2e,5adf27f6e0eafc56dfc5cf48a348ce99b26fb944,2026-07-16,2026-07-19
MD,"Guidehouse Digital, LLC",guidehouse digital,,,541511,source,,,,,,,,,,,,,,n:guidehouse digital,College Park city,2418750,Prince George's County,24033,38.996276,-76.935594,place,"5830 University Research Court College Park, MD 20740",2024-04-11,2024-06-11,38,mass_layoff,,0,0,1,https://www.dllr.state.md.us/employment/warn.shtml,70a94ae8be931bacb2ff26a9d4eac4771be7427bef653ae8ecb05fc8,4f0614488116d70df8ef7138dea4640baeb06223,2026-07-16,2026-07-19
MD,Jubilant Cadista Pharmaceuticals,jubilant cadista pharmaceuticals,,,325412,source,,,,,,,,,,,,,,n:jubilant cadista pharmaceuticals,Salisbury city,2469925,Wicomico County,24045,38.375328,-75.585925,place,"207 Kiley Drive Salisbury, MD 21801",2024-04-17,2024-06-17,221,closure,,0,0,1,https://www.dllr.state.md.us/employment/warn.shtml,9317c30225bdfda9e655b324244a4351fc258d0b24e07b560e23d81d,db2fe721e0f0b5ec8d38c4c04616c064ebc86dc0,2026-07-16,2026-07-19
MD,"National Aerospace Solutions, LLC (NAS) - - Tunnel 9 Facility",national aerospace solutions llc nas tunnel 9 facility,,,541330,source,,,,,,,,,,,,,,n:national aerospace solutions,Silver Spring CDP,2472450,Montgomery County,24031,39.002441,-77.020791,place,"10905 New Hampshire Avenue, Bldg 405 Silver Spring, MD 20904",2024-05-01,2024-06-30,30,mass_layoff,,0,0,1,https://www.dllr.state.md.us/employment/warn.shtml,d09816df2a43d52af9749332678e36651bacf1e10827aa84aa1f75b9,2df21449e7bbea6e79151ee789c5d4f0a89ecdf3,2026-07-16,2026-07-19
MD,"Emergent Biosolutions, Inc.",emergent biosolutions,,,325414,source,1367644,EBS,exact,2834,Pharmaceutical Preparations,,,,,,,,automatic,cik:1367644,Gaithersburg city,2431175,Montgomery County,24031,39.148601,-77.195131,place,"300 Professional Drive Gaithersburg, MD 20879",2024-05-02,2024-07-01,154,mass_layoff,,0,0,1,https://www.dllr.state.md.us/employment/warn.shtml,80f2e68a6d1e54e4f78636632506c9366592f8c185783e21ec6593cf,f4027d66bf44543eed91eb9f54b8a7288de6e09d,2026-07-16,2026-07-19
MD,"Engie North America, Inc.",engie north america,,,,,,,,,,,,,,,,,,n:engie north america,College Park city,2418750,Prince George's County,24033,38.996276,-76.935594,place,"7743 Baltimore Avenue Building 001 College Park, MD 20740",2024-05-02,2024-06-30,17,unknown,,0,0,1,https://www.dllr.state.md.us/employment/warn.shtml,3f8576bd6635514102545e29e9e7d84f55a37ab206a87e2480186c23,8ef7e9d58f2ef62a53b62c0f0cb774eeb154cbf6,2026-07-26,2026-07-26
MD,Sodexo Live,sodexo live,,,722514,source,,,,,,,,,,,,,,n:sodexo live,Baltimore city,2404000,Baltimore city,24510,39.300032,-76.610476,place,"1 W. Pratt Street Baltimore, MD 21201",2024-05-02,2024-07-02,64,mass_layoff,,0,0,1,https://www.dllr.state.md.us/employment/warn.shtml,56aaa8754f7a7677a682a0d1716a6d0727858820bbde723754bd3097,0b06a85c5d5075e9e976cd18d3644a73b23dd650,2026-07-16,2026-07-19
MD,"Jason Pharmaceuticals, Inc.",jason pharmaceuticals,,,325412,source,,,,,,,,,,,MEDIFAST INC,910329,,n:jason pharmaceuticals,Baltimore city,2404000,Baltimore city,24510,39.300032,-76.610476,place,"601 Sunshine Avenue Baltimore, MD 21660",2024-05-09,2024-07-31,62,closure,,0,0,1,https://www.dllr.state.md.us/employment/warn.shtml,37c6762277a7badbce572424cb28e344e73877006d769c240c1cbdb9,b63b4c3d597cf36b02162c309b72f9d0176565d2,2026-07-16,2026-07-19
MD,Oldcastle Infrastructure,oldcastle infrastructure,,,327390,source,,,,,,,,,,,,,,n:oldcastle infrastructure,Edgewood CDP,2425150,Harford County,24025,39.42029,-76.296846,place,"1401 Trimble Road Edgewood, MD 21040",2024-05-15,2024-07-05,15,mass_layoff,,0,0,1,https://www.dllr.state.md.us/employment/warn.shtml,e2e2aa726172eded5ee68d34a6e1046b8a792a1995ee47dd2707ef12,aea00ec98baddc239f19c92cf0eab42da40dc5af,2026-07-16,2026-07-19
MD,"Emergent Biosolutions, Inc.",emergent biosolutions,,,325414,source,1367644,EBS,exact,2834,Pharmaceutical Preparations,,,,,,,,automatic,cik:1367644,Rockville city,2467675,Montgomery County,24031,39.083666,-77.155585,place,"9920 Medical Center Drive Rockville, MD 20850",2024-05-16,2024-08-02,86,closure,,0,0,1,https://www.dllr.state.md.us/employment/warn.shtml,a51097740c43e50e71b990e0250e974c64aee2b17a2ac351d2147984,6a04093f7cdd38c32cbea7f82ad323936059747e,2026-07-16,2026-07-19
MD,"Sylvan Learning, LLC",sylvan learning,,,611691,source,,,,,,,,,,,,,,n:sylvan learning,Towson CDP,2478425,Baltimore County,24005,39.39421,-76.617751,place,"502 Washington Avenue Towson, MD 21204",2024-05-21,2024-05-21,48,mass_layoff,,0,0,1,https://www.dllr.state.md.us/employment/warn.shtml,f30c37169783ccd39f8288c97c854d1968ad3f21d25483f9d852e390,1e560c26739c627ea8c41190f956d1cfa59f2cb3,2026-07-16,2026-07-19
MD,"MV Transportation, Inc.",mv transportation,MV Transportation,,488210,source,,,,,,,,5493002NJRI8E3HPDN45,Q6720138,label,,,automatic,qid:Q6720138,,,,,,,,"4100 Garden City Drive, 6th Floor Hyattsville, MD 20784",2024-05-24,2024-07-24,229,mass_layoff,,0,0,1,https://www.dllr.state.md.us/employment/warn.shtml,1edddc053bd52a6a4b199e4977cd404dfe10beb8f36fd3b1f30e53e9,2f06853bd5508bc5c3e150056da9fa1bfa4ea4bd,2026-07-16,2026-07-19
MD,"Cygnus Home Service, LLC d/b/a Yelloh",cygnus home service llc d b a yelloh,"CYGNUS HOME SERVICE, LLC",,722330,source,,,,,,,,984500ECB7C79908D959,,,,,automatic,lei:984500ECB7C79908D959,,,,,,,,"141 Bugeye Square Prince Frederick, MD 20678",2024-05-29,2024-07-27,7,mass_layoff,,0,0,1,https://www.dllr.state.md.us/employment/warn.shtml,b532fe4400fc2773dddacca543d3403439517bf3fa896c36e468259b,ae69dd890e65da1ea36dd711cdafdc9e00186708,2026-07-16,2026-07-19
MD,"Cygnus Home Service, LLC d/b/a Yelloh",cygnus home service llc d b a yelloh,"CYGNUS HOME SERVICE, LLC",,722330,source,,,,,,,,984500ECB7C79908D959,,,,,automatic,lei:984500ECB7C79908D959,,,,,,,,"109 Industry Lane Forest Hill, MD 21050",2024-05-29,2024-07-27,8,mass_layoff,,0,0,1,https://www.dllr.state.md.us/employment/warn.shtml,29b57e03220e27951c9a2d133aed965bd568477e4b3bd8305218424a,ddd1a042eeea3632abbcf05aedce15bdc900ec4d,2026-07-16,2026-07-19
MD,"Sodexo, Inc and Affiliates",sodexo inc and affiliates,,,722514,source,,,,,,,,,,,,,,n:sodexo inc and affiliates,,,,,,,,"Queen Anne’s County Schools 202 Chesterfield Avenue Centreville, MD 21617",2024-05-29,2024-06-30,56,mass_layoff,,0,0,1,https://www.dllr.state.md.us/employment/warn.shtml,f06c097c6bfbc85b853fbd454a69d6862a85d32b9ae6317db992ad2b,91989623e65a77c425cf2133d3af20d89612b22f,2026-07-16,2026-07-19
MD,"First Transit, Inc.",first transit,,,485111,source,,,,,,,,,,,,,,n:first transit,Capitol Heights town,2413000,Prince George's County,24033,38.876687,-76.907569,place,"8621 Central Avenue Capitol Heights, MD 20743",2024-06-07,2024-06-30,408,mass_layoff,,0,0,1,https://www.dllr.state.md.us/employment/warn.shtml,4418987e7dc6d666869e97660b0ba1a8a26d1d998dc32104af6284f8,9ec8b99f2dc503fef6793e5a120ffbd5f182119f,2026-07-16,2026-07-19
MD,"Transdev Services, Inc.",transdev services,,,488999,source,,,,,,,,,,,,,,n:transdev services,Hyattsville city,2441250,Prince George's County,24033,38.961205,-76.954935,place,"3201 Hubbard Rd Hyattsville, MD 20785",2024-06-07,2024-06-30,498,mass_layoff,,0,0,1,https://www.dllr.state.md.us/employment/warn.shtml,e98260ce26e8ce2dce19dffbe2c9105191a7a6b8ae8ebdde0ec43f26,b9995aaf22d10fbd594b6a997673767f84f962f6,2026-07-16,2026-07-19
MD,WillScot Mobile Mini,willscot mobile mini,WillScot Mobile Mini Holdings Corp.,,531130,source,1647088,WSC,listed-extension,7350,Services-Miscellaneous Equipment Rental & Leasing,,,,Q106301677,cik,,,automatic,qid:Q106301677,,,,,,,,"7539 Harmans Road Harmans, MD 21077",2024-06-13,2024-07-05,33,mass_layoff,,0,0,1,https://www.dllr.state.md.us/employment/warn.shtml,c47ed15fcbd85f208401d8e717306832c9a6525c0334e8a28f9df4ab,be1c9671389b744e4d437bd1c27f4284601f3edf,2026-07-16,2026-07-19
MD,Crown Castle USA Inc.,crown castle usa,Crown Castle International Corp.,,531210,source,1051470,CCI,fuzzy:0.95,6798,Real Estate Investment Trusts,,,,Q5189320,cik,,,automatic,qid:Q5189320,Columbia CDP,2419125,Howard County,24027,39.201146,-76.85905,place,"10980 Grantchester Way Columbia, MD 21044",2024-06-14,2024-08-13,20,mass_layoff,,0,0,1,https://www.dllr.state.md.us/employment/warn.shtml,df2a6f943f86083b181a44b27d340e2bf941aecb965895f56865f40c,7e4d06ddf12de4361180e9fa2ec76a10270ce874,2026-07-16,2026-07-19
MD,"Megabus Northeast, LLC",megabus northeast,,,485510,source,,,,,,,,,,,,,,n:megabus northeast,Landover CDP,2445325,Prince George's County,24033,38.924395,-76.887604,place,"2320 Beaver Road Landover, MD 20785",2024-06-20,2024-08-09,62,closure,,0,0,1,https://www.dllr.state.md.us/employment/warn.shtml,2df4227df4ca3b35ed98470f45d03f989d8d9ccea5729747abc13765,adae16a5ef0ac88fbba09e6a1a098200dc736d42,2026-07-16,2026-07-19
MD,"United Parcel Service, Inc.",united parcel service,United Parcel Service,,492210,source,1090727,UPS,exact,4210,Trucking & Courier Services (No Air),,,,Q155026,cik,,,automatic,qid:Q155026,Baltimore city,2404000,Baltimore city,24510,39.300032,-76.610476,place,"3901 Vero Road Baltimore, MD 21227",2024-06-20,2024-08-23,540,closure,,0,0,1,https://www.dllr.state.md.us/employment/warn.shtml,393883e058c00e9fd2e772f9b76b47f2f23d00afa30ffc111d390d1c,9cc9229cdaccfcea3af26514e519c3bae143dc69,2026-07-16,2026-07-19
MD,"Frederick Delights, Inc.",frederick delights,,,722511,source,,,,,,,,,,,,,,n:frederick delights,Frederick city,2430325,Frederick County,24021,39.434089,-77.414539,place,"105 N. Market Street Frederick, MD 21701",2024-06-24,2024-06-19,63,closure,,0,0,1,https://www.dllr.state.md.us/employment/warn.shtml,a69e2d669033f21d430885b6b522d3eafcf29cb913e8db4955128758,d808f2b35a6202e9f6bb5869d6505ee2a92e5e7d,2026-07-16,2026-07-19
MD,SpartanNash,spartannash,SpartanNash,,424490,source,877422,,exact,5141,"Wholesale-Groceries, General Line",,,,Q7573912,cik,,,automatic,qid:Q7573912,Landover CDP,2445325,Prince George's County,24033,38.924395,-76.887604,place,"6304 Sheriff Road Landover, MD 20785",2024-07-16,2024-09-30,141,closure,,0,0,1,https://www.dllr.state.md.us/employment/warn.shtml,c3a14c4e3a196e2fda12fccf38bdecc2a0bf9cfb9e2a5ea2b7f89ddb,82f6f61e3d5dfefc61b3a46ec290878c6352da12,2026-07-16,2026-07-19
MD,"National Aerospace Solutions, LLC (NAS) - Tunnel 9 Facility",national aerospace solutions llc nas tunnel 9 facility,,,541330,source,,,,,,,,,,,,,,n:national aerospace solutions,Silver Spring CDP,2472450,Montgomery County,24031,39.002441,-77.020791,place,"10905 New Hampshire Avenue Bldg. 405 Silver Spring, MD 20904",2024-07-26,2024-09-30,30,mass_layoff,,0,0,1,https://www.dllr.state.md.us/employment/warn.shtml,2855c8249dc188e345c60d66053516845259140c445825bf8e6c48fd,4fa970b4cc64c8252a55dbac5246c829ed34a68c,2026-07-16,2026-07-19
MD,"Adidas America, Inc.",adidas america,,,424340,source,,,,,,,,,,,,,,n:adidas america,,,,,,,,"12741 Ocean Gateway Unit 919 Ocean City, MD 21842",2024-07-30,2024-09-17,6,closure,,0,0,1,https://www.dllr.state.md.us/employment/warn.shtml,d99ebeee9c17024ae460120b536d95be6ef8e1c29d2da137b87fcdce,0cae5a77aa26a5cdcfe9ecf9f4d5f426605181ea,2026-07-16,2026-07-19
MD,Charles River Laboratories,charles river laboratories,Charles River Laboratories,,541715,source,1100682,CRL,listed-extension,8731,Services-Commercial Physical & Biological Research,,,,Q5082076,cik,,,automatic,qid:Q5082076,Frederick city,2430325,Frederick County,24021,39.434089,-77.414539,place,"15 Wormans Mill Court Suite 1 Frederick, MD 21701",2024-08-02,2024-09-30,13,mass_layoff,,0,0,1,https://www.dllr.state.md.us/employment/warn.shtml,71bb0965260b35b7c0dd09f460e3af3b619218376925818a7d5b32f8,08dd2073ef56c1d2a822c1254f67e6d1869754f9,2026-07-16,2026-07-19
MD,Pitney Bowes,pitney bowes,,,423420,source,78814,PBI,exact,3579,"Office Machines, NEC",,,,,,,,automatic,cik:78814,Odenton CDP,2458300,Anne Arundel County,24003,39.06614,-76.693788,place,"1781 Crossroads Dr. Odenton, MD 21113",2024-08-10,2024-10-08,50,closure,,0,0,1,https://www.dllr.state.md.us/employment/warn.shtml,201b985f5182b3ba6c11870dae7398b674746d0426b632d6ca4ff9a8,9ad7c88aeb57e10c4dc62e17de866f97894fd3ec,2026-07-16,2026-07-19
MD,ASM Global at The Lyric,asm global at the lyric,,,711310,source,,,,,,,,,,,,,,n:asm global at the lyric,Baltimore city,2404000,Baltimore city,24510,39.300032,-76.610476,place,"140 West Mount Royal Avenue Baltimore, MD 21201",2024-08-13,2024-09-30,233,mass_layoff,,0,0,1,https://www.dllr.state.md.us/employment/warn.shtml,88205e012b4e26335059c60a7b9173826330aabde68c661b515cb287,5668c1b408573dcfae82312c7a0b7247867e37f0,2026-07-16,2026-07-19
MD,"American Signature, Inc. d/b/a Value City Furniture",american signature inc d b a value city furniture,,,423220,source,,,,,,,,,,,,,,n:american signature,Baltimore city,2404000,Baltimore city,24510,39.300032,-76.610476,place,"7735 Eastern Avenue Baltimore, MD 21224",2024-08-19,2024-10-22,24,closure,,0,0,1,https://www.dllr.state.md.us/employment/warn.shtml,37337f472afc3066e712e0d48e1c89dbdc117d5e2acb62af01017728,aa89029e91a92afd99eb712e4db1232887ea0d31,2026-07-16,2026-07-19
MD,"Alta Finance Group, LLC",alta finance group,,,523999,source,,,,,,,,,,,,,,n:alta finance group,Baltimore city,2404000,Baltimore city,24510,39.300032,-76.610476,place,"1125 Charles Street Baltimore, MD 21201",2024-08-23,2024-10-22,25,mass_layoff,,0,0,1,https://www.dllr.state.md.us/employment/warn.shtml,21bdc6d1765168507b0b329bf328b72c9e4b65e5b739556c47c79af4,1724b7938917f98e7257e231de8cf83336122fd8,2026-07-16,2026-07-19
MD,WM - Waste Management,wm waste management,,,562920,source,,,,,,,,,,,,,,n:wm waste management,Elkridge CDP,2425750,Howard County,24027,39.195483,-76.741082,place,"7175 Kit Kat Road Elkridge, MD 21075",2024-09-13,2024-11-16,66,closure,,0,0,1,https://www.dllr.state.md.us/employment/warn.shtml,7acf3ca8349524426149113e9770f6810d8b780c1d9326628d05e31c,9bd58eff73b17c45309f6c0f6e9ca1fa7b13a40b,2026-07-16,2026-07-19
MD,BC Graphics,bc graphics,,,323111,source,,,,,,,,,,,,,,n:bc graphics,Baltimore city,2404000,Baltimore city,24510,39.300032,-76.610476,place,"3030 Waterview Avenue Baltimore, MD 21230",2024-09-16,2024-11-15,144,closure,,0,0,1,https://www.dllr.state.md.us/employment/warn.shtml,f4c8ee7d2eca707f70f4260c1e27ed874ced78ae8487334629a33060,d8d528f1ce95acc636dd9f88f5a0edc1616c0afc,2026-07-16,2026-07-19
MD,"Lancaster Foods, LLC",lancaster foods,,,445298,source,,,,,,,,,,,,,,n:lancaster foods,Jessup CDP,2442550,Anne Arundel County,24003,39.149094,-76.776388,place,"7700 Conowingo Avenue Jessup, MD 20794",2024-10-15,2024-12-14,424,closure,,0,0,1,https://www.dllr.state.md.us/employment/warn.shtml,042d10368246c6eeba4e0ea382266c1adcc5e3313ef07783bd9ea2ba,a80b2d647f464ac3db5e0cc43a6b78231e36d574,2026-07-16,2026-07-19
MD,Resolute Forest Products,resolute forest products,Resolute Forest Products,,321999,source,1393066,,exact,2621,Paper Mills,,,,Q3406795,label,,,automatic,qid:Q3406795,Hagerstown city,2436075,Washington County,24043,39.640182,-77.722691,place,"19224 Longmeadow Road Hagerstown, MD 21742",2024-10-23,2024-10-28,75,mass_layoff,,0,0,1,https://www.dllr.state.md.us/employment/warn.shtml,7969697e7fa4db8641390b36ce18529cdc88c03739f364b605fed570,829e7430277fa501f1ffd00dcfd9a47876195b0d,2026-07-16,2026-07-19
MD,Intuitive Machines,intuitive machines,,,541330,source,1844452,LUNR,exact,3812,"Search, Detection, Navigation, Guidance, Aeronautical Sys",,,,,,,,automatic,cik:1844452,Greenbelt city,2434775,Prince George's County,24033,38.99467,-76.885399,place,"8800 Greenbelt Road Greenbelt, MD 20771",2024-10-29,2024-12-01,35,mass_layoff,,0,0,1,https://www.dllr.state.md.us/employment/warn.shtml,76cb5642a551b4cb6e4e7846e3660755ca5c7b624f3bab902c63fa21,b04b1f0a863dd970365412018b3af2e07880c5de,2026-07-16,2026-07-19
MD,Bowery Farming Inc.,bowery farming,,,115116,source,1655038,,exact,,,,,,,,,,automatic,cik:1655038,,,,,,,,"10000 Franklin Square Drive Suite 300 Nottingham, MD 21236",2024-11-01,2024-11-01,83,closure,,0,0,1,https://www.dllr.state.md.us/employment/warn.shtml,ea3fe9f962b8d6519df1fb84a04e24e4662580f008af05527ffde5d3,b298d21bc1b0f7bc64bb19d395b056156155612d,2026-07-16,2026-07-19
MD,"Louis Vuitton USA, Inc.",louis vuitton usa,,,423990,source,,,,,,,,,,,,,,n:louis vuitton usa,,,Montgomery County,24031,38.981893,-77.083197,county,"5555 Wisconsin Avenue Chevy Chase, MD 20815",2024-11-07,2025-01-06,7,closure,,0,0,1,https://www.dllr.state.md.us/employment/warn.shtml,caf8c566efcfff355ba7329fdaf4aa0018603bbc14ef437702058c13,5f2221964c62e0b7ec35ecee6c84e6a4b1a1c1e0,2026-07-16,2026-07-19
MD,"Universal Protection Service, LLC d/b/a Allied Universal Security Services",universal protection service llc d b a allied universal security services,,,561612,source,,,,,,,,,,,,,,n:universal protection service,,,,,,,,"Arundel Mills Mall 7000 Arundel Mills Circle Hanover, MD 21076",2024-11-07,2025-01-09,18,mass_layoff,,0,0,1,https://www.dllr.state.md.us/employment/warn.shtml,17a6982ba20ac2d23bad443690d1bd4660b7f9d89ee283e91176814a,9c8ac98a0dcadcd7ddf1594debf2df8a97411fcc,2026-07-16,2026-07-19
MD,"Marriott International, Inc.",marriott international,Marriott International,,721110,source,1048286,MAR,exact,7011,Hotels & Motels,,,,Q1141173,cik,,,automatic,qid:Q1141173,Bethesda CDP,2407125,Montgomery County,24031,38.987292,-77.118612,place,"7750 Wisconsin Avenue Bethesda, MD 20814",2024-11-14,2025-01-03,833,mass_layoff,,0,0,1,https://www.dllr.state.md.us/employment/warn.shtml,8f1b8c1c4004329aa1180ed75524df73dd6f7b935e0c4abcce4da3ab,e352782d5b069bf5ab8ddbec1bc573e0a2ba3a2e,2026-07-16,2026-07-19
MD,"Tate Access Floors, Inc.",tate access floors,,,337215,source,,,,,,,,,,,,,,n:tate access floors,Jessup CDP,2442550,Anne Arundel County,24003,39.149094,-76.776388,place,"7510 Montevideo Rd Jessup, MD 20794",2024-11-14,2025-01-08,32,closure,,0,0,1,https://www.dllr.state.md.us/employment/warn.shtml,0d63b7ec991b44b5310e6be61b2959cc06a9d5e902c70f87ba88521e,98f7929ddd46439233397c23a84a37d4a63fb045,2026-07-16,2026-07-19
MD,"Adidas America, Inc.",adidas america,,,424340,source,,,,,,,,,,,,,,n:adidas america,,,,,,,,"495 Premium Outlets Boulevard #570 Hagerstown, MD 21740",2024-11-18,2025-01-31,11,closure,,0,0,1,https://www.dllr.state.md.us/employment/warn.shtml,21ec7468171591025fa48add8a152e2137e2f27cb21df890ca8962b7,712f53a8421f23162add57f10f4c55dbc2117091,2026-07-16,2026-07-19
MD,"Sodexo, Inc and Affiliates",sodexo inc and affiliates,,,722310,source,,,,,,,,,,,,,,n:sodexo inc and affiliates,,,,,,,,"Sodexo, Inc and Affiliates Asbury Methodist Maryland Village - Crawford 405 Russell Ave Gaithersburg, MD 20877 Sodexo, Inc and Affiliates Asbury Methodist Village - Hefner 417 Russell Ave Gaithersburg, MD 20877 Sodexo, Inc and Affiliates Asbury Methodist Village - Wilson 333 Russell Ave Gaithersburg, MD 20877 Sodexo, Inc and Affiliates Asbury Methodist Village - Solomons Island 11100 Asbury Cir Solomons, MD 20688",2024-11-18,2025-01-15,14,mass_layoff,,0,0,1,https://www.dllr.state.md.us/employment/warn.shtml,be43992c273b29cca1bd9850885185cd00ac9f69ecd74fa7b97afe39,8c6f49cfb66dfe0ccfe371e70518c6ced763d342,2026-07-16,2026-07-19
MD,ASRC Federal Professional Services,asrc federal professional services,,,561210,source,,,,,,,,,,,,,,n:asrc federal professional services,Emmitsburg town,2426200,Frederick County,24021,39.705192,-77.321301,place,"16825 S. Seton Avenue Emmitsburg, MD 21727",2024-12-04,2025-01-31,21,mass_layoff,,0,0,1,https://www.dllr.state.md.us/employment/warn.shtml,c236d7829cc07bc08d0d0bf8b454e642a0cb084c817b0709882a4e9a,f8546509472bb88ac0b9ef5d594031f413ecb5ca,2026-07-16,2026-07-19
MD,"Alta Finance Group, LLC",alta finance group,,,523999,source,,,,,,,,,,,,,,n:alta finance group,Baltimore city,2404000,Baltimore city,24510,39.300032,-76.610476,place,"1125 Charles Street Baltimore, MD 21201",2024-12-06,2025-02-04,2,mass_layoff,,0,0,1,https://www.dllr.state.md.us/employment/warn.shtml,8721ebd444612aeff07452e2f42a9fb72d60bed81235f5b51b55dadc,e50033bebdc41bffc3b10a738ed541901d08cf14,2026-07-16,2026-07-19
MD,"Aurinia Pharma U.S., Inc.",aurinia pharma u s,,,325412,source,,,,,,,,,,,,,,n:aurinia pharma u s,Rockville city,2467675,Montgomery County,24031,39.083666,-77.155585,place,"77 Upper Rock Circle, Suite 700 Rockville, MD 20850",2024-12-17,2025-01-07,80,mass_layoff,,0,0,1,https://www.dllr.state.md.us/employment/warn.shtml,b77410042ab7e43dddd44aabd083c74a0a05edeeb51ab9a875723953,06e48cb89f5f4c43049c72bbc9090e2fabb3d74c,2026-07-16,2026-07-19
MD,Party City Store #1093,party city store 1093,,,459420,source,1005972,,exact:post-era:base,5940,Retail-Miscellaneous Shopping Goods Stores,,,,,,,,automatic,cik:1005972,,,,,,,,"1500 Rockville Pike Rockville, MD 20852",2024-12-20,2025-02-28,20,closure,,0,0,1,https://www.dllr.state.md.us/employment/warn.shtml,9845c83319ba0e2aff7e58ae8b1c3e6e3853a9225122460661c0628b,7c444ed94279ceddf90a1c791640586ffe7caea1,2026-07-16,2026-07-19
MD,Party City Store #1096,party city store 1096,,,459420,source,1005972,,exact:post-era:base,5940,Retail-Miscellaneous Shopping Goods Stores,,,,,,,,automatic,cik:1005972,Gaithersburg city,2431175,Montgomery County,24031,39.148601,-77.195131,place,"295 Kentlands Blvd. Gaithersburg, MD 20878",2024-12-20,2025-02-28,20,closure,,0,0,1,https://www.dllr.state.md.us/employment/warn.shtml,d835b5eb50c2e5b4b9b103419c539fe1a6bec1884a4029d72ae605b3,fb4be0e84c4b68c5ebb40522c498cbbfa0bf7c66,2026-07-16,2026-07-19
MD,Party City Store #738,party city store 738,,,459420,source,1005972,,exact:post-era:base,5940,Retail-Miscellaneous Shopping Goods Stores,,,,,,,,automatic,cik:1005972,Lanham CDP,2445550,Prince George's County,24033,38.962124,-76.839173,place,"9101 Woodmore Center Drive, Suite 312 Lanham, MD 20706",2024-12-20,2025-02-28,22,closure,,0,0,1,https://www.dllr.state.md.us/employment/warn.shtml,c551712653619ba88aa2c8333bcbdcf02f87ec4ee03e03ad89470369,8edfafe4bc850f9361466a4451fccebc2704fb8b,2026-07-16,2026-07-19
MD,"Ryder Integrated Logistics, Inc. (Ryder)",ryder integrated logistics inc ryder,,,532120,source,,,,,,,,,,,RYDER SYSTEM INC,85961,,n:ryder integrated logistics,,,,,,,,"7621 Energy Parkway Curtis Bay, MD 21226",2024-12-30,2025-02-28,87,mass_layoff,,0,0,1,https://www.dllr.state.md.us/employment/warn.shtml,ff872a8a97f9b1a1ffd74e19ba651d744d98e5dd8a93339891ebaa0a,47a4c015469b53eb4f9cfe9657cd84964be197dd,2026-07-16,2026-07-19
MD,Lineage,lineage,,,493120,source,1868159,LINE,exact,6798,Real Estate Investment Trusts,,,,,,,,automatic,cik:1868159,Federalsburg town,2427900,Caroline County,24011,38.692265,-75.772465,place,"3946 Federalsburg Highway Federalsburg, MD 21632",2025-01-03,2025-03-08,37,closure,,0,0,1,https://www.dllr.state.md.us/employment/warn.shtml,7087c02d7b3056ec06aea798c160a998e7875dd1d8880d730194932f,2f293e63a2cf930775b7b7f80403d2f9e5cf218b,2026-07-16,2026-07-19
MD,Federal Express Corporation,federal express,,,492110,source,230211,,exact,4513,Air Courier Services,,,,,,,,automatic,cik:230211,,,,,,,,"12000 Mexico Farms Rd SE Cumberland, MD 21502",2025-01-06,2025-03-03,18,closure,,0,0,1,https://www.dllr.state.md.us/employment/warn.shtml,bdc10758d576be9647578909a20afb40eeac7d97e96b438303f96ee2,9d2fb84d6cad19d995a06e66da70993fdda8d5d3,2026-07-16,2026-07-19
MD,"Fila USA, Inc.",fila usa,,,424340,source,,,,,,,,,,,,,,n:fila usa,Towson CDP,2478425,Baltimore County,24005,39.39421,-76.617751,place,"1 West Pennsylvania Avenue, Suite 250 Towson, MD 21204",2025-01-08,2025-03-30,18,mass_layoff,,0,0,1,https://www.dllr.state.md.us/employment/warn.shtml,43d069a3f03e6c9d28018e2e1a7be11151d0f7b9aab0091903d08397,0b856cc69c98a681403807a819018fddc104da25,2026-07-16,2026-07-19
MD,"Fila USA, Inc.",fila usa,,,424340,source,,,,,,,,,,,,,,n:fila usa,,,,,,,,"7630 Gambrills Cove Curtis Bay, MD 21226",2025-01-08,2025-03-30,112,mass_layoff,,0,0,1,https://www.dllr.state.md.us/employment/warn.shtml,37069eafdff12ac8140ef9f1a4fae558af12b031af42a1f46f5e02b1,edbe1ded582be7ad819f46e6389334a581a6d25f,2026-07-16,2026-07-19
MD,"Diamond Comic Distributors, Inc.",diamond comic distributors,,,513199,source,,,,,,,,,,,,,,n:diamond comic distributors,,,,,,,,"10150 York Road, Suite 300 Hunt Valley, MD 21030",2025-01-21,2025-04-01,168,closure,,0,0,1,https://www.dllr.state.md.us/employment/warn.shtml,dd38f44e29f8e5f7e3ad2a0496af66124df19feefbbb50375adc658a,8629e1fd916cd1f73ac6e51cae8424a78602745b,2026-07-16,2026-07-19
MD,"Optum Care, Inc.",optum care,,,524114,source,,,,,,,,,,,,,,n:optum care,Hagerstown city,2436075,Washington County,24043,39.640182,-77.722691,place,"1741 Dual Highway Hagerstown, MD 21740",2025-01-23,2025-03-24,18,closure,,0,0,1,https://www.dllr.state.md.us/employment/warn.shtml,fa91c0b7cdf3590f4eba1d902bc0bdf5b30c184df82c006e333638e5,4c6f05f10f3b4fa77188dbb2ad3c9950eb2a31e4,2026-07-16,2026-07-19
MD,Grandview Aviation,grandview aviation,,,481219,source,,,,,,,,,,,,,,n:grandview aviation,Middle River CDP,2452300,Baltimore County,24005,39.339519,-76.428702,place,"701 Wilson Point Road Middle River, MD 21220",2025-01-24,2025-03-27,27,closure,,0,0,1,https://www.dllr.state.md.us/employment/warn.shtml,e97c110fcee732fe84da9968765e9ae349efd7d9fc9926543fd57256,7e26b58b79503ed2e4f2d1ef71b014007cd52cdd,2026-07-16,2026-07-19
MD,Grandview Aviation,grandview aviation,,,481219,source,,,,,,,,,,,,,,n:grandview aviation,Middle River CDP,2452300,Baltimore County,24005,39.339519,-76.428702,place,"425 Williams Court, Suite 100 Middle River, MD 21220",2025-01-24,2025-03-27,37,closure,,0,0,1,https://www.dllr.state.md.us/employment/warn.shtml,7f0e5cc42269041a6df26bcae40d1b01bbe845e45e4593420967b274,a70dbeed5d91c21f9c75ab511a3d20751d63b348,2026-07-16,2026-07-19
MD,"Arbor E&T, LLC d/b/a Equus Workforce Solutions (Woodstock JCC)",arbor e t llc d b a equus workforce solutions woodstock jcc,,,561730,source,1351364,,exact:post-era:base,,,,,,,,,,automatic,cik:1351364,,,,,,,,"10900 Old Court Road Baltimore Woodstock, MD 21163",2025-01-28,2025-04-01,117,closure,,0,0,1,https://www.dllr.state.md.us/employment/warn.shtml,dc0de26c800f1f24f777c2fe97372bf5a5142ffc04317f4837ad6a3e,73a43e53d96b8187942779249920878f66b25f11,2026-07-16,2026-07-19
MD,PharmaCann,pharmacann,,,621399,source,1621435,,exact,2833,Medicinal Chemicals & Botanical Products,,,,,,,,automatic,cik:1621435,Stevensville CDP,2475025,Queen Anne's County,24035,38.974441,-76.318511,place,"339 Log Canoe Circle Stevensville, MD 21666",2025-01-28,2025-01-28,19,closure,,0,0,1,https://www.dllr.state.md.us/employment/warn.shtml,4d7c4680f9ffcd9da700de50a14f5a3ab1de0ea738fde8e1de26b76c,f8e117abca0c71b48b77dc4ebd3a23f6507d2845,2026-07-16,2026-07-19
MD,"Charles River Laboratories, Inc.",charles river laboratories,Charles River Laboratories,,541380,source,1100682,CRL,listed-extension,8731,Services-Commercial Physical & Biological Research,,,,Q5082076,cik,,,automatic,qid:Q5082076,,,Frederick County,24021,39.470177,-77.397636,county,"15 Wormans Mill Court, Suite I Frederick, MD 21701 (Maryland PAI site)",2025-01-29,2025-03-28,7,closure,,0,0,1,https://www.dllr.state.md.us/employment/warn.shtml,3dafd301b6a5aba4c7db2f19aa68dd185bb855ab19589c1e0807fbda,69666df73c6c59851af39d64849ad4bcf2097354,2026-07-16,2026-07-19
MD,Safeway Store 3257,safeway store 3257,,,445110,source,,,,,,,,,,,,,,n:safeway store 3257,,,,,,,,"1800 Rockville Pike Rockville, MD 20852",2025-01-31,2025-04-05,85,closure,,0,0,1,https://www.dllr.state.md.us/employment/warn.shtml,17db26789bd83d555971187c11b0c19ca0e06e5dc82f3c382c460be9,a79dcf3ae92bde9c7dbdb732e32af6920cf6930b,2026-07-16,2026-07-19
MD,"ABT Global, Inc.",abt global,,,541511,source,,,,,,,,,,,,,,n:abt global,Rockville city,2467675,Montgomery County,24031,39.083666,-77.155585,place,"6130 Executive Boulevard Rockville, MD 20852",2025-02-03,2025-04-01,241,mass_layoff,,0,0,1,https://www.dllr.state.md.us/employment/warn.shtml,d0f8df71fd541708d3a360342936e29d9aec2fc9b5b87693183731b2,3272fa807664800044471295189be44ec592b764,2026-07-16,2026-07-19
MD,"DAI Global, LLC",dai global,"DAI GLOBAL, LLC",,541611,source,,,,,,,,549300WK1GSJSC70GA34,,,,,automatic,lei:549300WK1GSJSC70GA34,Bethesda CDP,2407125,Montgomery County,24031,38.987292,-77.118612,place,"7600 Wisconsin Avenue, Suite 200 Bethesda, MD 20814",2025-02-03,2025-02-03,382,mass_layoff,,0,0,1,https://www.dllr.state.md.us/employment/warn.shtml,366221e7afb7123fe7f44d975ab355584d8649d06ff914d0f564d3c3,8c0cfac3b855f1ff2e656ffc4c1aa6e10d186126,2026-07-16,2026-07-19
MD,Denison Landscape Inc.,denison landscape,,,561730,source,,,,,,,,,,,,,,n:denison landscape,Fort Washington CDP,2429525,Prince George's County,24033,38.731868,-77.008662,place,"8911 Oxon Hill Road Ft. Washington, MD 20744",2025-02-10,2025-04-11,52,mass_layoff,,0,0,1,https://www.dllr.state.md.us/employment/warn.shtml,3ebad9b75cf9d45d9749fbfae75a0bedc5cbda9f4d5cb26996e64aa6,28c4ceb11a6b0b15e222beea52ba35cb55ef1027,2026-07-16,2026-07-19
MD,Peraton’s Environmental Test & Integration Services III (ETIS III),peraton s environmental test integration services iii etis iii,,,541620,source,,,,,,,,,,,,,,n:peraton s environmental test integration services iii,Greenbelt city,2434775,Prince George's County,24033,38.99467,-76.885399,place,"8800 Greenbelt Road Greenbelt, MD 20771",2025-02-10,2025-03-31,123,mass_layoff,,0,0,1,https://www.dllr.state.md.us/employment/warn.shtml,46d43df045230a39363ae868a1461401a8714cb2965d3267940cfbcb,48056836b0542ca0d08681742c6cfca4d01eba5d,2026-07-16,2026-07-19
MD,"Creative Associates International, Inc.",creative associates international,,,541611,source,,,,,,,,,,,,,,n:creative associates international,,,Montgomery County,24031,38.981893,-77.083197,county,"445 Willard Avenue Chevy Chase, MD 20815",2025-02-11,2025-02-01,37,mass_layoff,,0,0,1,https://www.dllr.state.md.us/employment/warn.shtml,c9935dbc9e67892f161f93e4aca10aefd1838fbf202eb2d9469bb8b5,07c9f037a414e32c49b69c36fc739442af51dd30,2026-07-16,2026-07-19
MD,"Science Systems and Applications, Inc. (SSAI)",science systems and applications inc ssai,,,541715,source,,,,,,,,,,,,,,n:science systems and applications,Lanham CDP,2445550,Prince George's County,24033,38.962124,-76.839173,place,"10210 Greenbelt Road, Suite 600 Lanham, MD 20706",2025-02-11,2025-04-08,148,mass_layoff,,0,0,1,https://www.dllr.state.md.us/employment/warn.shtml,5befe964f56b4aea2d1bf6be459af5f3490f16cd3ad6236a8dcd1cbf,cbdcb819dc120324954bf11c90935f99cc31d265,2026-07-16,2026-07-19
MD,EnCompass LLC,encompass,,,541611,source,,,,,,,,,,,Encompass Health Corp,785161,,n:encompass,Silver Spring CDP,2472450,Montgomery County,24031,39.002441,-77.020791,place,"1100 Wayne Avenue Suite 1200 Silver Spring, MD 20910",2025-02-13,2025-02-12,194,mass_layoff,,0,0,1,https://www.dllr.state.md.us/employment/warn.shtml,25e69144e50e4dba9ff4312fd1e5bedcb1a3f6835326c0011c54437e,be51d97449e6af9942ec64945dfd201b4f0eee79,2026-07-16,2026-07-19
MD,Atlantic Union Bankshares Corporation (Atlantic Union),atlantic union bankshares corporation atlantic union,,,522110,source,883948,AUB,exact:base,,,,,,,,,,automatic,cik:883948,Olney CDP,2458900,Montgomery County,24031,39.14434,-77.071429,place,"17801 Georgia Avenue Olney, MD 20832 (WHD Building)",2025-02-14,2025-04-15,21,mass_layoff,,0,0,1,https://www.dllr.state.md.us/employment/warn.shtml,feae61b76c20bf98bb6dbcc0b7b044881417bf2488d161ea3f760269,1feb1562a425f9b247bdf490ae53059a4b4761b1,2026-07-16,2026-07-19
MD,Atlantic Union Bankshares Corporation (Atlantic Union),atlantic union bankshares corporation atlantic union,,,522110,source,883948,AUB,exact:base,,,,,,,,,,automatic,cik:883948,Olney CDP,2458900,Montgomery County,24031,39.14434,-77.071429,place,"17735 Georgia Avenue Olney, MD 20832 (Administrative Center)",2025-02-14,2025-04-15,28,mass_layoff,,0,0,1,https://www.dllr.state.md.us/employment/warn.shtml,d5c8d41f801403acda0a51e36525f5e6eeeb90646befc5366da689e7,5eede9c6b5c1099f5f8c500d074951241695e9f1,2026-07-16,2026-07-19
MD,"DAI Global, LLC",dai global,"DAI GLOBAL, LLC",,541611,source,,,,,,,,549300WK1GSJSC70GA34,,,,,automatic,lei:549300WK1GSJSC70GA34,Bethesda CDP,2407125,Montgomery County,24031,38.987292,-77.118612,place,"7600 Wisconsin Avenue, Suite 200 Bethesda, MD 20814",2025-02-17,2025-02-17,124,mass_layoff,,0,0,1,https://www.dllr.state.md.us/employment/warn.shtml,85b581b475e71e13abd80603b76cfafa4c6cd09266f21c85c07f39f0,96f256675f0f753ca60740f26059b4d0529566ae,2026-07-16,2026-07-19
MD,UPS,ups,Socialist Party of Senegal,,492110,source,,,,,,,,,Q2054438,label,,,automatic,qid:Q2054438,Gaithersburg city,2431175,Montgomery County,24031,39.148601,-77.195131,place,"9401 Gaither Road Gaithersburg, MD 20877",2025-02-20,2025-04-22,81,mass_layoff,,0,0,1,https://www.dllr.state.md.us/employment/warn.shtml,ca9bab6ae980002de8319446e8188e42d0398b49caa31fe9a62393d7,10f02bccfebbdc5fb4f38547b5bafd61bb79bcd5,2026-07-16,2026-07-19
MD,Penney OpCo LLC “ JC Penney ” (Store 2102),penney opco llc jc penney store 2102,,,458110,source,,,,,,,,,,,,,,n:penney opco,,,,,,,,"1695 Annapolis Mall Annapolis, MD 21401",2025-02-27,2025-05-12,74,closure,,0,0,1,https://www.dllr.state.md.us/employment/warn.shtml,12838783d2ea6998e16504b00c486b4c749e40fcbb198626edc2276d,134d0961a8820cc1a386dee2c2a92d7ce62e08c2,2026-07-16,2026-07-19
MD,Leidos,leidos,,,541519,source,353394,,exact,7373,Services-Computer Integrated Systems Design,,,,,,,,automatic,cik:353394,Baltimore city,2404000,Baltimore city,24510,39.300032,-76.610476,place,"3300 Lord Baltimore Drive Baltimore, MD 21244",2025-03-04,2025-05-02,20,mass_layoff,,0,0,1,https://www.dllr.state.md.us/employment/warn.shtml,dadf1bc6fee29d1fe386f4635ceb2d4d5d64ace3805cf3ea91c8aec3,b67fe4ae5213a0349cae1a789d89f1f3e76baf18,2026-07-16,2026-07-19
MD,"Creative Associates International, Inc.",creative associates international,,,541611,source,,,,,,,,,,,,,,n:creative associates international,,,Montgomery County,24031,38.981893,-77.083197,county,"445 Willard Avenue Chevy Chase, MD 20815",2025-03-05,2025-05-03,79,mass_layoff,,0,0,1,https://www.dllr.state.md.us/employment/warn.shtml,4b9d8876d7333ce56ad0e93ff39c4f2e358efb58f057e68021d197ed,8c94245bd376ccb19d59310713f5a3e873a48f68,2026-07-16,2026-07-19
MD,UPS,ups,Socialist Party of Senegal,,492110,source,,,,,,,,,Q2054438,label,,,automatic,qid:Q2054438,Gaithersburg city,2431175,Montgomery County,24031,39.148601,-77.195131,place,"9401 Gaither Road Gaithersburg, MD 20877",2025-03-05,2025-05-05,69,mass_layoff,,0,0,1,https://www.dllr.state.md.us/employment/warn.shtml,2e5b5c26c45af28a8f65de4b3a76c4403cbcdcb07af674c720cc2f21,13aaf3e2798f042e512c172a57f6458003cc647a,2026-07-16,2026-07-19
MD,American Institutes of Research (AIR),american institutes of research air,,,541720,source,,,,,,,,,,,,,,n:american institutes of research,,,,,,,,"6003 Executive Blvd, 3rd Floor Rockville, MD 20852",2025-03-10,2025-05-09,34,mass_layoff,,0,0,1,https://www.dllr.state.md.us/employment/warn.shtml,b6c880693f48a070a8e963c0ca67f149d2bf1a429ea96d8bdd9d6bf9,6bfbe447fee631dfb948b51cb5208fcfd3fc0341,2026-07-16,2026-07-19
MD,"ICF International, Inc., through its subsidiaries ICF Incorporated, LLC, ICF Macro, Inc.",icf international inc through its subsidiaries icf incorporated llc icf macro,,,541611,source,,,,,,,,,,,,,,n:icf international inc through its subsidiaries icf incorporated llc icf macro,Rockville city,2467675,Montgomery County,24031,39.083666,-77.155585,place,"530 Gaither Road, Suite 500 Rockville, MD 20850",2025-03-12,2025-03-04,41,mass_layoff,,0,0,1,https://www.dllr.state.md.us/employment/warn.shtml,9b0f448eba7ae61e9835ebf1c6f59294d142523e8beb3cc4a1b1d5c9,ba4ee23cffe42cd9cd2cb38fac437364dc879ff8,2026-07-16,2026-07-19
MD,Jhpiego Corporation,jhpiego,,,541611,source,,,,,,,,,,,,,,n:jhpiego,,,,,,,,"1615 Thames St #200 Baltimore, MD 21231",2025-03-13,2025-05-12,130,mass_layoff,,0,0,1,https://www.dllr.state.md.us/employment/warn.shtml,85f1a4124fb496efe4a5e04711c1a1daa2df8f65a210219328afd256,e4a689c35aaf25cae87ef9aca4e905245a185672,2026-07-16,2026-07-19
MD,"Johns Hopkins University, Bloomberg School of Public Health (BSPH) Center for Communication Programs",johns hopkins university bloomberg school of public health bsph center for communication programs,,,611310,source,,,,,,,,,,,,,,n:johns hopkins university bloomberg school of public health,,,,,,,,"111 Market Place, Suite 310 Baltimore, Maryland 21202",2025-03-13,2025-05-12,107,mass_layoff,,0,0,1,https://www.dllr.state.md.us/employment/warn.shtml,4ae041702c8ba2d8ca26991df0e717e150228a65dd2ec85fa5f8ac61,d2a6e5487abf67147c712710305c727840ea4c12,2026-07-16,2026-07-19
MD,"Wilson Creek Energy, LLC",wilson creek energy,,,221112,source,1507440,,exact:post-era,,,,,,,,,,automatic,cik:1507440,,,,,,,,"Casselman 865 Durst Road Grantsville, MD 21536",2025-03-13,2025-03-28,93,closure,,0,0,1,https://www.dllr.state.md.us/employment/warn.shtml,7fd5544110df91fc6619cabf4439204caed4913b1327c8e82685ea5a,9def945c69f2b8bc93209f594134b16d35722f86,2026-07-16,2026-07-19
MD,"COR Restaurant Services, LLC (Little Blue Menu)",cor restaurant services llc little blue menu,COR Restaurant Services,,722511,source,,,,,,,,,Q134729796,label,,,automatic,qid:Q134729796,College Park city,2418750,Prince George's County,24033,38.996276,-76.935594,place,"7242 Baltimore Avenue College Park, MD 20740",2025-03-14,2025-05-14,91,mass_layoff,,0,0,1,https://www.dllr.state.md.us/employment/warn.shtml,f2f112862a6d9361c3e5aeb6f2c42fc36518f570422cd371f4569c95,4f0baf935c93322e6ac2ccad20bdd0a0fcbdf464,2026-07-16,2026-07-19
MD,"ICS, LLC., d/b/a Mauser Packaging Solutions",ics llc d b a mauser packaging solutions,,,332431,source,,,,,,,,,,,,,,n:ics,,,,,,,,"1440 Chesapeake Avenue, Bldgs 1-2 Baltimore, MD 21226",2025-03-14,2025-05-16,22,closure,,0,0,1,https://www.dllr.state.md.us/employment/warn.shtml,71bc63927921ebbfefc8ee6ad5fca3aaa64d643c262b72c6f45a8cc3,168130a2b7f29b94a6116b2a165f1c4418bf107d,2026-07-16,2026-07-19
MD,Broadway Services LLC,broadway services,,,561720,source,,,,,,,,,,,,,,n:broadway services,Baltimore city,2404000,Baltimore city,24510,39.300032,-76.610476,place,"3709 East Monument Street Baltimore, MD 21205",2025-03-24,2025-06-30,1047,closure,,0,0,1,https://www.dllr.state.md.us/employment/warn.shtml,8afded478d4b8e948f966c25896c054fd901ec33b78b8b409792bb27,fbd0ee584474bbc0ac5ce28f44e915c69c34b76e,2026-07-16,2026-07-19
MD,"S3 Shared Service Solutions, Inc.",s3 shared service solutions,,,522130,source,,,,,,,,,,,,,,n:s3 shared service solutions,,,,,,,,"1501 S. Clinton Street, 14th Floor Baltimore, MD 21224",2025-03-25,2025-06-01,84,mass_layoff,,0,0,1,https://www.dllr.state.md.us/employment/warn.shtml,f037ecd33046147bd671e003e45dd603def99bf36fd575ca8f422aff,92faabe2da20e913db194e16cce1eee3f7bb5453,2026-07-16,2026-07-19
MD,"Compass Group USA, Inc. d/b/a Chartwells",compass group usa inc d b a chartwells,,,722310,source,1317627,,fuzzy:0.95:base,,,,,,,,,,automatic,cik:1317627,Frostburg city,2430900,Allegany County,24001,39.650523,-78.926793,place,"101 Braddock Road Frostburg, MD 21532",2025-03-26,2025-05-23,123,closure,,0,0,1,https://www.dllr.state.md.us/employment/warn.shtml,93dc60eb10f8d6dceddba1a467804c273db6a29d561fc51fb7ba7835,cee2fa20e4208e71bb24ab49ce6e44cf18f9ec5e,2026-07-16,2026-07-19
MD,"ICF International, Inc., through its subsidiaries ICF Incorporated, LLC, ICF Macro, Inc.",icf international inc through its subsidiaries icf incorporated llc icf macro,,,541611,source,,,,,,,,,,,,,,n:icf international inc through its subsidiaries icf incorporated llc icf macro,Rockville city,2467675,Montgomery County,24031,39.083666,-77.155585,place,"530 Gaither Road, Suite 500 Rockville, MD 20850",2025-03-26,2025-03-14,14,mass_layoff,,0,0,1,https://www.dllr.state.md.us/employment/warn.shtml,d8a2769865578de0370f0c434a8b4f63254f29ae7427ea30d5f9d6a9,124c7709f5c4758d1a77d9d8e40e4d9931570d7d,2026-07-16,2026-07-19
MD,Department of Health and Human Services (HHS),department of health and human services hhs,,,923120,source,,,,,,,,,,,,,,n:department of health and human services,Frederick city,2430325,Frederick County,24021,39.434089,-77.414539,place,"Frederick, MD",2025-03-31,2025-05-30,90,mass_layoff,,0,0,1,https://www.dllr.state.md.us/employment/warn.shtml,93c05be876e2ee2468be560c1b9b07b66de4c48972661e2f960f36d9,2180aa001bc980fe44b65a30d63171b5da0da041,2026-07-16,2026-07-19
MD,Department of Health and Human Services (HHS),department of health and human services hhs,,,923120,source,,,,,,,,,,,,,,n:department of health and human services,Germantown CDP,2432025,Montgomery County,24031,39.174252,-77.263754,place,"Germantown, MD",2025-03-31,2025-05-30,50,mass_layoff,,0,0,1,https://www.dllr.state.md.us/employment/warn.shtml,44874e78e47dfe1a1d89475e48bf525408011b6cfa8e5aa633fcb951,3d1e168732c1c208ea61c3429fe4f0144fd51b67,2026-07-16,2026-07-19
MD,Department of Health and Human Services (HHS),department of health and human services hhs,,,923120,source,,,,,,,,,,,,,,n:department of health and human services,Bowie city,2408775,Prince George's County,24033,38.954703,-76.738834,place,"Bowie, MD",2025-03-31,2025-05-30,70,mass_layoff,,0,0,1,https://www.dllr.state.md.us/employment/warn.shtml,3047e24718884252964ea789f68dd5ba453d7d263ab63ba2866b18ca,3e23390ee3cf2965564af2c81d6a1db306f5e336,2026-07-16,2026-07-19
MD,Department of Health and Human Services (HHS),department of health and human services hhs,,,923120,source,,,,,,,,,,,,,,n:department of health and human services,Rockville city,2467675,Montgomery County,24031,39.083666,-77.155585,place,"Rockville, MD",2025-03-31,2025-05-30,925,mass_layoff,,0,0,1,https://www.dllr.state.md.us/employment/warn.shtml,89409ffd0456561969635f54ed10f0639d50827619875a1f1591ad20,5f992d03dfcee4341bf285bf613217881ab93cc0,2026-07-16,2026-07-19
MD,Department of Health and Human Services (HHS),department of health and human services hhs,,,923120,source,,,,,,,,,,,,,,n:department of health and human services,Silver Spring CDP,2472450,Montgomery County,24031,39.002441,-77.020791,place,"Silver Spring, MD",2025-03-31,2025-05-30,650,mass_layoff,,0,0,1,https://www.dllr.state.md.us/employment/warn.shtml,06ba328ca35b4d5ec1aecfd45f670dc637c724aa3dee2f2641d573f4,b41d5cc3b091154ab643070288272992f671c184,2026-07-16,2026-07-19
MD,Department of Health and Human Services (HHS),department of health and human services hhs,,,923120,source,,,,,,,,,,,,,,n:department of health and human services,Upper Marlboro town,2479875,Prince George's County,24033,38.816495,-76.75367,place,Upper Marlboro,2025-03-31,2025-05-30,60,mass_layoff,,0,0,1,https://www.dllr.state.md.us/employment/warn.shtml,07c92985c14355e5c9fe26df05f18abc8c1434d8d0945e78984da221,be71fb32b4206b94859036bcddff06b43607180b,2026-07-16,2026-07-19
MD,Department of Health and Human Services (HHS),department of health and human services hhs,,,923120,source,,,,,,,,,,,,,,n:department of health and human services,Bethesda CDP,2407125,Montgomery County,24031,38.987292,-77.118612,place,"Bethesda, MD",2025-03-31,2025-05-30,525,mass_layoff,,0,0,1,https://www.dllr.state.md.us/employment/warn.shtml,1f9063a1cd7654364e775aa07a3e61438f6a9461af918962e5e558ca,cf22cb3c196b16783be72f7136aa70b1dd7f45f6,2026-07-16,2026-07-19
MD,Department of Health and Human Services (HHS),department of health and human services hhs,,,923120,source,,,,,,,,,,,,,,n:department of health and human services,,,,,,,,"Woodlawn, MD",2025-03-31,2025-05-30,140,mass_layoff,,0,0,1,https://www.dllr.state.md.us/employment/warn.shtml,10a9a75d2bdb61e0cace367012aac417da9bce51e5c3f8f7257578c0,d0fc942efd44b385cea21ce14a3caf19a9fe244f,2026-07-16,2026-07-19
MD,Department of Health and Human Services (HHS),department of health and human services hhs,,,923120,source,,,,,,,,,,,,,,n:department of health and human services,Gaithersburg city,2431175,Montgomery County,24031,39.148601,-77.195131,place,"Gaithersburg, MD",2025-03-31,2025-05-30,70,mass_layoff,,0,0,1,https://www.dllr.state.md.us/employment/warn.shtml,1334ad64505442299b1be03a62cf468cb4427566e5b9f1e3901a471c,d7eb9f2400d44816492ea81a84d9f4c9405b5cdf,2026-07-16,2026-07-19
MD,Department of Health and Human Services (HHS),department of health and human services hhs,,,923120,source,,,,,,,,,,,,,,n:department of health and human services,Laurel city,2445900,Prince George's County,24033,39.095075,-76.861245,place,"Laurel, MD",2025-03-31,2025-05-30,85,mass_layoff,,0,0,1,https://www.dllr.state.md.us/employment/warn.shtml,9daeaf493767ba33da0b154f23cdb0c96bfaf893eaafcb114e12acdb,e98db420310a9ab07e02e6bef02bc1ee76ac4d36,2026-07-16,2026-07-19
MD,Department of Health and Human Services (HHS),department of health and human services hhs,,,923120,source,,,,,,,,,,,,,,n:department of health and human services,Baltimore city,2404000,Baltimore city,24510,39.300032,-76.610476,place,"Baltimore, MD",2025-03-31,2025-05-30,90,mass_layoff,,0,0,1,https://www.dllr.state.md.us/employment/warn.shtml,db6300b7f427b19dd12914da666461bbbe45e1413330bb1f25442d6a,f4d8c1d4b7c76fb5564d397c4cddbf8e173ffcc6,2026-07-16,2026-07-19
MD,"Charles River Laboratories, Inc.",charles river laboratories,Charles River Laboratories,,541380,source,1100682,CRL,listed-extension,8731,Services-Commercial Physical & Biological Research,,,,Q5082076,cik,,,automatic,qid:Q5082076,Frederick city,2430325,Frederick County,24021,39.434089,-77.414539,place,"15 Wormans Mill Court, Suite 1 Frederick, MD 21701",2025-04-02,2025-03-28,13,closure,,0,0,1,https://www.dllr.state.md.us/employment/warn.shtml,1cff693735fbd9b4970ec576874d7703e2bd447a153c358274142521,f1617d8956f544f259ba4501a205415acc44f044,2026-07-16,2026-07-19
MD,Leidos,leidos,,,541715,source,353394,,exact,7373,Services-Computer Integrated Systems Design,,,,,,,,automatic,cik:353394,Frederick city,2430325,Frederick County,24021,39.434089,-77.414539,place,"5202 Presidents Court, Suite 110 Frederick, MD 21703",2025-04-02,2025-06-01,16,mass_layoff,,0,0,1,https://www.dllr.state.md.us/employment/warn.shtml,6018066106375c69b579eaa825b907911b2be34f5b9de83724a7c439,0d2dd617a89882c09c600908c065a4a803d7029c,2026-07-16,2026-07-19
MD,American Institutes of Research (AIR),american institutes of research air,,,541720,source,,,,,,,,,,,,,,n:american institutes of research,,,,,,,,"6003 Executive Blvd, 3rd Floor Rockville, MD 20852",2025-04-03,2025-06-01,12,mass_layoff,,0,0,1,https://www.dllr.state.md.us/employment/warn.shtml,51d6bd2e108630e97090c4c9a8164354e0d5cbef9eb94ee343d38d07,11b360aeb400bccf80ac7c87a3ec0f54694f1d39,2026-07-16,2026-07-19
MD,Guidehouse Digital LLC’s,guidehouse digital llc s,,,541611,source,,,,,,,,,,,,,,n:guidehouse digital llc s,Bowie city,2408775,Prince George's County,24033,38.954703,-76.738834,place,"17101 Melford Blvd. Bowie, MD 20715",2025-04-07,2025-11-30,38,mass_layoff,,0,0,1,https://www.dllr.state.md.us/employment/warn.shtml,46c1d333519cf1546a7777d498943dc8892f0f7cd18a510db90a2b78,5485489947b3e306adec8d942ed0c9e5904f1c52,2026-07-16,2026-07-19
MD,Guidehouse Digital LLC’s,guidehouse digital llc s,,,541611,source,,,,,,,,,,,,,,n:guidehouse digital llc s,Suitland CDP,2475725,Prince George's County,24033,38.848615,-76.92252,place,"4600 Silver Hill Road Suitland, MD 20746",2025-04-07,2025-11-30,52,mass_layoff,,0,0,1,https://www.dllr.state.md.us/employment/warn.shtml,fd3e07ea33e74f6c8c78815d9b85a3653a4247c991a36fadba0854a2,908537357cb8b94c22bdb888be2b1c5902967c95,2026-07-16,2026-07-19
MD,"USCC Management Services, LLC",uscc management services,,,517112,source,,,,,,,,,,,,,,n:uscc management services,Oakland town,2457650,Garrett County,24023,39.417143,-79.402352,place,"13180 Garrett Highway, Oakland, MD 21550",2025-04-07,2025-06-02,11,mass_layoff,,0,0,1,https://www.dllr.state.md.us/employment/warn.shtml,6858b947c8874557fd1b3207e14485a29393cd6bf24a5d0389d609a4,47384909c62f4bd70a25a3185b16c22c7cac908e,2026-07-16,2026-07-19
MD,"USCC Management Services, LLC",uscc management services,,,517112,source,,,,,,,,,,,,,,n:uscc management services,La Vale CDP,2446075,Allegany County,24001,39.67164,-78.826759,place,"12317 Winchester Rd. Ste 300, Lavale, MD 21502",2025-04-07,2025-06-02,17,mass_layoff,,0,0,1,https://www.dllr.state.md.us/employment/warn.shtml,aa97faaea2715646457370bc7b392a4de0686664dc1ee1e4e40f817e,99f544749d2ef19f191920ab0e8bb023cbf26b7d,2026-07-16,2026-07-19
MD,Axient LLC,axient,,,541715,source,,,,,,,,,,,,,,n:axient,Greenbelt city,2434775,Prince George's County,24033,38.99467,-76.885399,place,"880 Greenbelt Road Greenbelt, MD 20771",2025-04-15,2025-05-31,47,mass_layoff,,0,0,1,https://www.dllr.state.md.us/employment/warn.shtml,9b426ea8d7204cc9847b47c2a335ddb6d5374ef4a8765dcf915cdf22,107835ff3987771338348b705f766bd2f7cb9080,2026-07-16,2026-07-19
MD,Peraton,peraton,Peraton,,518210,source,,,,,,,,549300EQPCK07ZW63836,Q108443888,label,Veritas Capital,,automatic,qid:Q108443888,Princess Anne town,2464000,Somerset County,24039,38.205137,-75.696384,place,"30899 Park Drive Princess Anne, MD 21853",2025-04-16,2025-04-30,49,mass_layoff,,0,0,1,https://www.dllr.state.md.us/employment/warn.shtml,b459e3032314b7d5ee3290fdad555238b02db9009a2b9a7fe1962cdc,df258c72104d3ab7a90f7fe36e9cacd74a1b3657,2026-07-16,2026-07-19
MD,Leidos Biomedical Research,leidos biomedical research,,,541715,source,,,,,,,,,,,"Leidos Holdings, Inc.",1336920,,n:leidos biomedical research,Frederick city,2430325,Frederick County,24021,39.434089,-77.414539,place,"8560 Progress Drive Frederick, MD 21702",2025-04-25,2025-04-24,23,mass_layoff,,0,0,1,https://www.dllr.state.md.us/employment/warn.shtml,0cbb8e77324c10e58f57df5d6eab072b9f6fe9b474ba19bd934098d5,2de7916d4803465f01c002760b6cc4d8c22475f6,2026-07-16,2026-07-19
MD,Leidos,leidos,,,522320,source,353394,,exact,7373,Services-Computer Integrated Systems Design,,,,,,,,automatic,cik:353394,Gaithersburg city,2431175,Montgomery County,24031,39.148601,-77.195131,place,"9737 Washingtonian Boulevard Gaithersburg, MD 20878",2025-04-30,2025-06-30,19,mass_layoff,,0,0,1,https://www.dllr.state.md.us/employment/warn.shtml,40564fab25e42e9d71494a42fc361c5264cb4e7189be9bb3f4d905da,cf2256b735f51ed98b6a70eef0af08e21ef175b5,2026-07-16,2026-07-19
MD,"Rite Aid of Maryland, Inc. (Rite Aid’s Mid-Atlantic Distribution Center)",rite aid of maryland inc rite aid s mid atlantic distribution center,,,456110,source,1312405,,exact:base,,,,,,,,,,automatic,cik:1312405,Aberdeen city,2400125,Harford County,24025,39.516403,-76.174518,place,"601 Chelsea Road Aberdeen, MD 21130",2025-05-07,2025-06-19,363,closure,,0,0,1,https://www.dllr.state.md.us/employment/warn.shtml,45a9c64e30ba1cc22ba66aaa5ae89cf4b977b55ff2e005f44ca7f9ac,1daeb0ff6dae7aa766059c283a2065492b03744c,2026-07-16,2026-07-19
MD,"Laulima Government Solutions, LLC",laulima government solutions,,,541714,source,,,,,,,,,,,,,,n:laulima government solutions,,,,,,,,"NIAID IRF NIH Facility on Ft. Detrick Campus 8200 Research Plaza Frederick, MD 21702",2025-05-08,2025-04-30,61,mass_layoff,,0,0,1,https://www.dllr.state.md.us/employment/warn.shtml,78ead63d52760fcfa8740fa4986b719382d53590a4ac2f8fc87e1bb1,d9496b643012d596ba08d233cfc04d8f92c7a6de,2026-07-16,2026-07-19
MD,"ASRC Federal Professional Services, LLC",asrc federal professional services,,,541519,source,,,,,,,,,,,,,,n:asrc federal professional services,,,,,,,,"600 Dulaney Street Alexandria, VA 22314 (impacting Maryland Teleworkers)",2025-05-14,2025-06-04,16,unknown,,0,0,1,https://www.dllr.state.md.us/employment/warn.shtml,ade2338aad363fc651efb2b70b44d6fdcfb9fa283355fb6ebb6a5430,1d2c4ca75d205b827c728ac07275283957dc7ec8,2026-07-16,2026-07-19
MD,"Frito-Lay, Inc.",frito lay,Frito-Lay,,311919,source,,,,,,,,549300RGU7Q1L13LNZ35,Q1221751,label,PepsiCo,,automatic,qid:Q1221751,Aberdeen city,2400125,Harford County,24025,39.516403,-76.174518,place,"500 Hickory Drive Aberdeen, MD 21001",2025-05-14,2025-07-12,56,closure,,0,0,1,https://www.dllr.state.md.us/employment/warn.shtml,7982315382176031f61f2568c0b6463b814009917af1275636203f89,bf986f951f084b84f84f25700e233b3c9ad84df7,2026-07-16,2026-07-19
MD,"Transaxle, LLC",transaxle,,,336350,source,,,,,,,,,,,,,,n:transaxle,Baltimore city,2404000,Baltimore city,24510,39.300032,-76.610476,place,"178 Alco Place Baltimore, MD 21227",2025-05-16,2025-07-15,10,closure,,0,0,1,https://www.dllr.state.md.us/employment/warn.shtml,0e30a38a28f12675362e3265af339423cc502142eb9af2f1ea45f470,54f76530ba70547d4e218705bf2e22db4911cdc2,2026-07-16,2026-07-19
MD,American Institutes of Research (AIR),american institutes of research air,,,541720,source,,,,,,,,,,,,,,n:american institutes of research,,,,,,,,"6003 Executive Blvd, 3rd Floor Rockville, MD 20852",2025-06-02,2025-07-07,4,mass_layoff,,0,0,1,https://www.dllr.state.md.us/employment/warn.shtml,1a5d09a7965d7a10b6cb391dfc400a018ea4430186c50cabbfefc1df,88db5383b22fa403e1737588a17367b6c1a33b8c,2026-07-16,2026-07-19
MD,"DAI Global, LLC",dai global,"DAI GLOBAL, LLC",,541611,source,,,,,,,,549300WK1GSJSC70GA34,,,,,automatic,lei:549300WK1GSJSC70GA34,Bethesda CDP,2407125,Montgomery County,24031,38.987292,-77.118612,place,"7600 Wisconsin Avenue, Suite 200 Bethesda, MD 20814",2025-06-02,2025-08-01,62,mass_layoff,,0,0,1,https://www.dllr.state.md.us/employment/warn.shtml,5611043649b762cdcc5358c963aee89141b29543bbea2fc364ef208e,d8545db5e0d81f376a11dd3354d3c107ba1a4d54,2026-07-16,2026-07-19
MD,Maryland Coalition of Families,maryland coalition of families,MARYLAND COALITION OF FAMILIES INC,,624190,source,,,,,,522214361,F99,,,,,,automatic,ein:522214361,Columbia CDP,2419125,Howard County,24027,39.201146,-76.85905,place,"8950 State Route 108, Suite 223 Columbia, MD 21045",2025-06-05,2025-06-30,35,mass_layoff,,0,0,1,https://www.dllr.state.md.us/employment/warn.shtml,bad3bf4a9e5e11a461a6c691ade9b34432e6ec957ed2483b30c281cd,e2383ff46ae9ce79786f9ab7a2c0cfa451a5b3e8,2026-07-16,2026-07-19
MD,ADRA International,adra international,,,624230,source,,,,,,,,,,,,,,n:adra international,,,,,,,,"12501 Old Columbia Pike Silver Spring, MD 20904",2025-06-10,2025-08-16,35,mass_layoff,,0,0,1,https://www.dllr.state.md.us/employment/warn.shtml,6b8666657b947126f993460f173c6ccc45d8c8a6374cda687eceb1d3,26c18322caa2b284abd629191b69b8aff49794de,2026-07-16,2026-07-19
MD,Leidos,leidos,,,541715,source,353394,,exact,7373,Services-Computer Integrated Systems Design,,,,,,,,automatic,cik:353394,Frederick city,2430325,Frederick County,24021,39.434089,-77.414539,place,"5202 Presidents Court, Suite 110 Frederick, MD 21703",2025-06-11,2025-08-05,7,mass_layoff,,0,0,1,https://www.dllr.state.md.us/employment/warn.shtml,3acc64b96a929792cd520d4fd4d9add70927535fd7612850e52ccd01,f9343da01d9db4839154a1e6b5baf25a38828c48,2026-07-16,2026-07-19
MD,"Need It Now Delivers, LLC (NIND) “GEODIS”",need it now delivers llc nind geodis,,,492110,source,,,,,,,,,,,,,,n:need it now delivers,Glen Burnie CDP,2432650,Anne Arundel County,24003,39.156271,-76.606996,place,"7659 Solley Road Glen Burnie, MD 21060",2025-06-11,2025-08-09,72,mass_layoff,,0,0,1,https://www.dllr.state.md.us/employment/warn.shtml,2496fb4f7a684206d89c26329ed7ee2af2e9704e5dcfb5e302c9fc88,02e6f5018e9fc52481f5afd990afdae94f91cb2b,2026-07-16,2026-07-19
MD,BioNTech Us Inc.,biontech us,,,541714,source,,,,,,,,,,,,,,n:biontech us,Gaithersburg city,2431175,Montgomery County,24031,39.148601,-77.195131,place,"930 Clopper Road and 948 Clopper Road Gaithersburg, MD 20878",2025-06-13,2025-08-09,63,mass_layoff,,0,0,1,https://www.dllr.state.md.us/employment/warn.shtml,59887c72d3790715f8871bcffb5cf5f1adb4fcd725b8fb682a46d408,7609530e7c4c45671873905aa5c6c7cc2eaff9b5,2026-07-16,2026-07-19
MD,Penney OpCo LLC (“JCPenney”) Store 2102,penney opco llc jcpenney store 2102,,,458110,source,,,,,,,,,,,,,,n:penney opco,,,,,,,,"Annapolis Mall 1695 Annapolis Mall Annapolis, MD 21401",2025-06-16,2025-08-17,65,closure,,0,0,1,https://www.dllr.state.md.us/employment/warn.shtml,dc60eb1fd64d2efbc8c4991cece84175fb6a5f15f2038112b3f0de4e,b3512b5f9d7e8cf1f1529cfb74aad598246343d1,2026-07-16,2026-07-19
MD,"AirBoss Defense Group, LLC",airboss defense group,,,336414,source,,,,,,,,,,,,,,n:airboss defense group,Jessup CDP,2442550,Anne Arundel County,24003,39.149094,-76.776388,place,"8261 Preston Court Jessup, MD 20794",2025-06-30,2025-09-02,23,mass_layoff,,0,0,1,https://www.dllr.state.md.us/employment/warn.shtml,b2a96a4cac90d6d4198695689fb1f093765145810164ed976dc48c7d,a47f387594f5eb5d077f21818c07964c046f13a1,2026-07-16,2026-07-19
MD,Design Group Americas and Red Lion LLC,design group americas and red lion,,,334513,source,,,,,,,,,,,,,,n:design group americas and red lion,Hagerstown city,2436075,Washington County,24043,39.640182,-77.722691,place,"857 Willow Circle Hagerstown, MD 21740",2025-06-30,2025-08-26,70,closure,,0,0,1,https://www.dllr.state.md.us/employment/warn.shtml,82cb4eaec12b48df876256ed022e3dec9cf72c4c70e964cb8627cb58,b4c71eeef08f0405e21c4f94f4101f153428f8c1,2026-07-16,2026-07-19
MD,"Eurofins Lancaster Laboratories Professional Scientific Services, LLC",eurofins lancaster laboratories professional scientific services,,,541380,source,,,,,,,,,,,,,,n:eurofins lancaster laboratories professional scientific services,Frederick city,2430325,Frederick County,24021,39.434089,-77.414539,place,"9021 Bennett Creek Boulevard Frederick, MD 21704",2025-07-03,2025-09-03,25,mass_layoff,,0,0,1,https://www.dllr.state.md.us/employment/warn.shtml,9d6d8a4e8edf72434b2e9ff8b4cfa422f0c433e2650e841895d16e8b,32720e3d6f5a16be54327ab1d512f9b8a8e05185,2026-07-16,2026-07-19
MD,"L3Harris Technologies, Inc.",l3harris technologies,L3Harris Technologies,,334511,source,202058,LHX,exact,3812,"Search, Detection, Navigation, Guidance, Aeronautical Sys",,,,Q30291091,cik,,,automatic,qid:Q30291091,Columbia CDP,2419125,Howard County,24027,39.201146,-76.85905,place,"7138 Columbia Gateway Drive, Suite 100 and 7130 Columbia Gateway Drive, Columbia, MD 21046",2025-07-03,2025-09-10,31,mass_layoff,,0,0,1,https://www.dllr.state.md.us/employment/warn.shtml,7e9593c0628e390c6553b9d7872602fc3a747a9984ba65a24c7114fd,2f1a6e949323d259ba49603ecf7a488f05232281,2026-07-16,2026-07-19
MD,WMBE Payrolling Inc. dba TCWGlobal (contracted by Zenimax),wmbe payrolling inc dba tcwglobal contracted by zenimax,,,541214,source,,,,,,,,,,,,,,n:wmbe payrolling,Rockville city,2467675,Montgomery County,24031,39.083666,-77.155585,place,"1370 Piccard Drive, Suite 120 Rockville, MD 20850",2025-07-03,2025-09-01,30,mass_layoff,,0,0,1,https://www.dllr.state.md.us/employment/warn.shtml,d50f941de075a3e9ecb4de506e25e8a86679fef08a30311c88ea9be7,553ba12f74ba2e40496a7cdb23ccffac186d2c5c,2026-07-16,2026-07-19
MD,"Zenimax Media, Inc.",zenimax media,,,513210,source,1092835,,exact:post-era,,,,,,,,,,automatic,cik:1092835,Rockville city,2467675,Montgomery County,24031,39.083666,-77.155585,place,"1370 Piccard Drive, Suite 120 Rockville, MD 20850",2025-07-03,2025-09-01,164,mass_layoff,,0,0,1,https://www.dllr.state.md.us/employment/warn.shtml,9a35177cd63b12f44f4b99905be73bacbafffddcfd6d6c8dd6fcb825,7403bbf6eebe4802493b038459a08746de565fb6,2026-07-16,2026-07-19
MD,"Science Systems and Applications, Inc. (SSAI)",science systems and applications inc ssai,,,541715,source,,,,,,,,,,,,,,n:science systems and applications,Lanham CDP,2445550,Prince George's County,24033,38.962124,-76.839173,place,"10210 Greenbelt Road, Suite 600 Lanham, MD 20706",2025-07-07,2025-08-31,79,mass_layoff,,0,0,1,https://www.dllr.state.md.us/employment/warn.shtml,e0a832fbeb78c78db5d875bcb26e104faf68415815081199f9053f67,344cebd68e290c19975e08caab5449765bb1fd81,2026-07-16,2026-07-19
MD,Shoreline Vinyl Systems,shoreline vinyl systems,,,423390,source,,,,,,,,,,,,,,n:shoreline vinyl systems,Denton town,2422725,Caroline County,24011,38.879421,-75.824452,place,"1114 Park Lane Denton, MD 21629",2025-07-09,2025-07-18,49,closure,,0,0,1,https://www.dllr.state.md.us/employment/warn.shtml,b1133432e4a3af66494d3a00810c94ecfef2b8543f4a50396bf52625,ac190f219cbed887ccceac3a3b7585d7d5ce7a3a,2026-07-16,2026-07-19
MD,"Veyer, LLC",veyer,,,541614,source,,,,,,,,,,,,,,n:veyer,Jessup CDP,2442550,Anne Arundel County,24003,39.149094,-76.776388,place,"8205 Patuxent Range Road Jessup, MD 20794",2025-07-11,2025-09-12,46,mass_layoff,,0,0,1,https://www.dllr.state.md.us/employment/warn.shtml,5bc045761b113017a2fcb9230b81d030e2438c2b1c8e126cde28054b,96bd685b798f3eda3c0fa4748fa69ec781657b1b,2026-07-16,2026-07-19
MD,BioNTech US Inc.,biontech us,,,541714,source,,,,,,,,,,,,,,n:biontech us,Gaithersburg city,2431175,Montgomery County,24031,39.148601,-77.195131,place,"25 West Watkins Mill Road Gaithersburg, MD 20878",2025-07-18,2025-09-16,32,mass_layoff,,0,0,1,https://www.dllr.state.md.us/employment/warn.shtml,86f6c12a8920aacc3c61aaf3a2e99a2b19da925907f42b4211474159,27d149e8e89088613c7c0e1138bbff7d90bce89e,2026-07-16,2026-07-19
MD,Metro Commercial Laundry,metro commercial laundry,,,812320,source,,,,,,,,,,,,,,n:metro commercial laundry,Baltimore city,2404000,Baltimore city,24510,39.300032,-76.610476,place,"601 South Longwood Street, Baltimore, MD 21223",2025-07-28,2025-09-22,169,closure,,0,0,1,https://www.dllr.state.md.us/employment/warn.shtml,cca015f39b703fedbe241470d9a3938ae817fa4bba78aad3b1789da7,615df18e039347cbc628656184eb5bff596349db,2026-07-16,2026-07-19
MD,"Ethos Veterinary Health Services, Inc. - Pet + ER facility",ethos veterinary health services inc pet er facility,,,541940,source,,,,,,,,,,,,,,n:ethos veterinary health services,Columbia CDP,2419125,Howard County,24027,39.201146,-76.85905,place,"10000 Old Columbia Road Columbia, MD 21046",2025-07-31,2025-09-29,42,closure,,0,0,1,https://www.dllr.state.md.us/employment/warn.shtml,9ce26c0bcb7f35b4abc12adc0b8740911dc89fd8fc5801035fba1a57,2df443ac59fd1caaa07921283c138e096730e2a9,2026-07-16,2026-07-19
MD,"a.i. solutions, Inc.",a i solutions,,,541715,source,,,,,,,,,,,,,,n:a i solutions,,,,,,,,"4500 Forbes Blvd., Suite 300 Lanham, MD 20706 and 8800 Greenbelt Road Greenbelt, MD 20771",2025-08-01,2025-10-01,51,mass_layoff,,0,0,1,https://www.dllr.state.md.us/employment/warn.shtml,c93a8adc8d9e522c35dbfd85a4fe69b2620d9c40f1e91a948cd574bf,9f8fe465301095b22426cbcb113ad33598bc8b8e,2026-07-16,2026-07-19
MD,"AccelerEd, LLC",accelered,,,611710,source,,,,,,,,,,,,,,n:accelered,Bethesda CDP,2407125,Montgomery County,24031,38.987292,-77.118612,place,"7315 Wisconsin Avenue, Suite 400 Bethesda, MD 20814",2025-08-04,2025-10-15,57,mass_layoff,,0,0,1,https://www.dllr.state.md.us/employment/warn.shtml,f88760871e2c76a259143ef62e1d79e0341f9b85f0d0df2c543ac56c,16ac2048ef8365dd02b73c3c7c8a610a9ba5260d,2026-07-16,2026-07-19
MD,Baltimore Fabrication LLC,baltimore fabrication,,,332312,source,,,,,,,,,,,,,,n:baltimore fabrication,Baltimore city,2404000,Baltimore city,24510,39.300032,-76.610476,place,"821 North Point Road Baltimore, MD 21237",2025-08-08,2025-11-28,33,closure,,0,0,1,https://www.dllr.state.md.us/employment/warn.shtml,589fb3e07d46ea5dfac70582d7483153afc9dff66572bf68511469dc,c3d28a2b6a28f5ed38d55c911721a81572a81ad7,2026-07-16,2026-07-19
MD,CDM Field Services LLC d/b/a Xcite Automotive (“CDM”),cdm field services llc d b a xcite automotive cdm,,,541613,source,2030087,,exact:base,,,,,,,,,,automatic,cik:2030087,,,,,,,,"6700 Baltimore National Pike Catonsville, MD 21228",2025-08-11,2025-10-06,17,closure,,0,0,1,https://www.dllr.state.md.us/employment/warn.shtml,7bfb093f64943eb9821881e7ff6e816ad7d0414cf7b5cfaa38eb121f,96751ccc537d274078b5675a90dd62bbf41b4c6c,2026-07-16,2026-07-19
MD,"J.B. Hunt Transport, Inc. (Facility maintained at Bob’s Discount Furniture)",j b hunt transport inc facility maintained at bob s discount furniture,,,484121,source,1501362,,exact:base,4210,Trucking & Courier Services (No Air),,,,,,,,automatic,cik:1501362,Jessup CDP,2442550,Anne Arundel County,24003,39.149094,-76.776388,place,"8235 Patuxent Range Road Jessup, MD 20794",2025-08-14,2025-10-18,5,closure,,0,0,1,https://www.dllr.state.md.us/employment/warn.shtml,4af5e1520997811ebfae85be400f8449427e546509ed616d870812f9,02bd918171c71f0bca5bddfa18920448c00a3cc1,2026-07-16,2026-07-19
MD,Atlantic Union Bankshares Corporation (Atlantic Union),atlantic union bankshares corporation atlantic union,,,522110,source,883948,AUB,exact:base,,,,,,,,,,automatic,cik:883948,Columbia CDP,2419125,Howard County,24027,39.201146,-76.85905,place,"6831 Benjamin Franklin Drive (Columbia Gateway Building) Columbia, MD 21046",2025-08-18,2025-10-15,51,mass_layoff,,0,0,1,https://www.dllr.state.md.us/employment/warn.shtml,93a38e01b9ed8d298cff022284bcd0169a2d9dff2ed16f18869e7d34,d41c30106003cf5bbc220c94d5c5aaa27ce9fe53,2026-07-16,2026-07-19
MD,"Global Communities, Inc.",global communities,GLOBAL COMMUNITIES INC,,624230,source,,,,,,520846183,Q300,,,,,,automatic,ein:520846183,Bethesda CDP,2407125,Montgomery County,24031,38.987292,-77.118612,place,"7700 Wisconsin Avenue, Suite 1100 Bethesda, MD 20814",2025-08-18,2025-09-15,44,mass_layoff,,0,0,1,https://www.dllr.state.md.us/employment/warn.shtml,c175d19d35f8595077ecd67068dd000025c2defea06ede485d53a807,fd56ae968a1d5ac427deeccbf06de933bf940470,2026-07-16,2026-07-19
MD,"Synergy Enterprises, Inc.",synergy enterprises,,,541611,source,,,,,,,,,,,,,,n:synergy enterprises,North Bethesda CDP,2456337,Montgomery County,24031,39.036753,-77.120336,place,"6116 Executive Boulevard, Suite 111 North Bethesda, MD 20852",2025-08-18,2025-09-07,13,mass_layoff,,0,0,1,https://www.dllr.state.md.us/employment/warn.shtml,9658d0f45e7a6dc5578afaafbd2e8a7b879f3a36d9e2510d68622a7d,0c8f466bac31ad2496745c6dd8c44f85623d5b70,2026-07-16,2026-07-19
MD,"Zenimax Media, Inc.",zenimax media,,,513210,source,1092835,,exact:post-era,,,,,,,,,,automatic,cik:1092835,Cockeysville CDP,2418250,Baltimore County,24005,39.478003,-76.630796,place,"200 International Circle Cockeysville, MD 21030",2025-08-18,2025-10-15,62,mass_layoff,,0,0,1,https://www.dllr.state.md.us/employment/warn.shtml,03912bcd1985c9cf0e5459f34142970d23b051a04b6327471cf502da,13db3e4cd258f28cea4e22378d9785cd7053012e,2026-07-16,2026-07-19
MD,"Zeco Systems, Inc. (DBA Shell Recharge Solutions)",zeco systems inc dba shell recharge solutions,,,335999,source,,,,,,,,,,,,,,n:zeco systems,,,,,,,,"767 S Alameda, Suite 200 Los Angeles, CA 90021",2025-08-19,2025-10-31,3,mass_layoff,,0,0,1,https://www.dllr.state.md.us/employment/warn.shtml,f4bff2c673375f92e4e3bd0c433805824d12e7e8941543a33dc84943,3da896931bb83f8dccff213fefd647e2b80f7112,2026-07-16,2026-07-19
MD,"Catalent Maryland, Inc.",catalent maryland,,,325412,source,,,,,,,,,,,,,,n:catalent maryland,,,,,,,,"7031 Ridge Road Hanover, MD 21076",2025-08-20,2025-10-18,5,mass_layoff,,0,0,1,https://www.dllr.state.md.us/employment/warn.shtml,df21baedb26cdad3f710d81b16cd8f3dba06a5338978f344b8264077,270c6bbc9e92cc632a72f7869a7384053d362086,2026-07-16,2026-07-19
MD,"Catalent Maryland, Inc.",catalent maryland,,,325412,source,,,,,,,,,,,,,,n:catalent maryland,Baltimore city,2404000,Baltimore city,24510,39.300032,-76.610476,place,"801 W. Baltimore Street, Suite 302 Baltimore, MD 21201",2025-08-20,2025-10-18,32,mass_layoff,,0,0,1,https://www.dllr.state.md.us/employment/warn.shtml,b2b68a68c0ad898947a8af25d32b6d647b74179612c82f6afb8f69ab,78d27a55f0d73b4c9a0f020adf8816476837358c,2026-07-16,2026-07-19
MD,"Catalent Maryland, Inc.",catalent maryland,,,325412,source,,,,,,,,,,,,,,n:catalent maryland,,,,,,,,"7555 Harmans Road Harmans, MD 21077",2025-08-20,2025-10-18,316,mass_layoff,,0,0,1,https://www.dllr.state.md.us/employment/warn.shtml,00034c87f38bfcfa871e2e5fb9c4c210aa364924871aeaf1f0fefa65,bff6ed502d191878bc4b6925557a9d7db9d887f7,2026-07-16,2026-07-19
MD,Hudson News Distributors LLC,hudson news distributors,,,424920,source,,,,,,,,,,,,,,n:hudson news distributors,Hyattsville city,2441250,Prince George's County,24033,38.961205,-76.954935,place,"6500 Sheriff Road Hyattsville, MD 20785",2025-08-28,2025-10-27,10,closure,,0,0,1,https://www.dllr.state.md.us/employment/warn.shtml,5b6e23a82b038e90ee330138f108c9618cff43cb97244c5319e4a411,4a74bf631eaa96eeac9508224fb7e70110990299,2026-07-16,2026-07-19
MD,"CHEP Services, LLC",chep services,,,532289,source,,,,,,,,,,,,,,n:chep services,Baltimore city,2404000,Baltimore city,24510,39.300032,-76.610476,place,"3030 Waterview Avenue, Ste 200 Baltimore, MD 21230",2025-08-29,2025-11-01,79,closure,,0,0,1,https://www.dllr.state.md.us/employment/warn.shtml,6f3f0bc9f0dd5c146b33859b90009035cc8381db4561b5a8a7d730fd,695edc43d54fae789f885a2a8ba2fed41649d778,2026-07-16,2026-07-19
MD,"BioLife Plasma Services, LLC",biolife plasma services,,,621991,source,,,,,,,,,,,,,,n:biolife plasma services,,,,,,,,"6200 Baltimore Avenue Riverdale, MD 20737",2025-09-02,2025-08-25,26,closure,,0,0,1,https://www.dllr.state.md.us/employment/warn.shtml,8b6bed9b26e8a651f4bec8a816a349e427cc0f1e892d73f43b3b32a2,dd6f3e86d929a777bd2f3f625989e02e5fec16c7,2026-07-16,2026-07-19
MD,EchoStar Corporation,echostar,,,517410,source,1415404,ECHO,exact,4899,"Communications Services, NEC",,,,,,,,automatic,cik:1415404,,,,,,,,"8830 Stanford Boulevard Suites 160-180 Columbia, MD 21045",2025-09-02,2025-11-01,17,mass_layoff,,0,0,1,https://www.dllr.state.md.us/employment/warn.shtml,3168d0a8efaf9cba6522fe8dae8c688f5c58e36b3b04996fd560c6e8,8d8d1e5379b7c072ccd15cc747f67198d8753d12,2026-07-16,2026-07-19
MD,"Johns Hopkins University, Historic East Baltimore Community Action Coalition (“HEBCAC”)",johns hopkins university historic east baltimore community action coalition hebcac,,,813410,source,,,,,,,,,,,,,,n:johns hopkins university historic east baltimore community action coalition,Baltimore city,2404000,Baltimore city,24510,39.300032,-76.610476,place,"1212 N. Wolfe Street Baltimore, MD 21213",2025-09-02,2025-11-03,20,mass_layoff,,0,0,1,https://www.dllr.state.md.us/employment/warn.shtml,665340890dcb1963f57c3815694ae0119284015c9be65ed9af99ed79,11c8ddf630823d734b1b7efb7da0b1c75226b81f,2026-07-16,2026-07-19
MD,"S3 Shared Service Solutions, LLC",s3 shared service solutions,,,522130,source,,,,,,,,,,,,,,n:s3 shared service solutions,Columbia CDP,2419125,Howard County,24027,39.201146,-76.85905,place,"7080 Samuel Morse Drive, Suite 300 Columbia, MD 21213",2025-09-02,2025-11-02,107,mass_layoff,,0,0,1,https://www.dllr.state.md.us/employment/warn.shtml,47ab1c55739d71a8a9eced3b9843117a97e8b12b87bd535087057360,ef3a1234e9e0ca0890bb3139fbf42cd911d0632f,2026-07-16,2026-07-19
MD,"Human Biosciences, Inc.",human biosciences,,,325414,source,,,,,,,,,,,,,,n:human biosciences,Gaithersburg city,2431175,Montgomery County,24031,39.148601,-77.195131,place,"940 Clopper Road Gaithersburg, MD 20878",2025-09-03,2025-11-05,30,closure,,0,0,1,https://www.dllr.state.md.us/employment/warn.shtml,cd5eb3e716e7b74806dc9edb7b8ec9948ef50aef77b250294d38037b,ca9009c0b8550236bbd18fc343d5f9b11239f3ab,2026-07-16,2026-07-19
MD,Aluma Systems Baltimore,aluma systems baltimore,,,236220,source,,,,,,,,,,,,,,n:aluma systems baltimore,,,,,,,,"1945 Reservoir Road Sparrows Point, MD 21219",2025-09-04,2025-11-03,24,closure,,0,0,1,https://www.dllr.state.md.us/employment/warn.shtml,a367d4dc39805ff09ee640e692a22272f42ca56b8c01f22f6833bb69,b85127f5d9e85a5262e6f56bbde0743a6513cd7a,2026-07-16,2026-07-19
MD,"Rivian, LLC",rivian,,,336110,source,1874178,RIVN,listed-extension,3711,Motor Vehicles & Passenger Car Bodies,,,,,,,,automatic,cik:1874178,Gaithersburg city,2431175,Montgomery County,24031,39.148601,-77.195131,place,"8787 Snouffer School Road Gaithersburg, MD 20879",2025-09-05,2025-11-03,19,mass_layoff,,0,0,1,https://www.dllr.state.md.us/employment/warn.shtml,03aebf2d2bd46218e2968f7547f438dea7c9cb9a6f54fef56abbf9e4,fcbd640d495c75fe599dd47cc533576b09879f2f,2026-07-16,2026-07-19
MD,York International Corporation,york international,York International,,333415,source,842662,,exact:post-era,3585,Air-Cond & Warm Air Heatg Equip & Comm & Indl Refrig Equip,,,,Q8055479,label,,,automatic,qid:Q8055479,Baltimore city,2404000,Baltimore city,24510,39.300032,-76.610476,place,"9104 Yellow Brick Road Baltimore, MD 21237",2025-09-05,2025-11-14,54,mass_layoff,,0,0,1,https://www.dllr.state.md.us/employment/warn.shtml,428c57a816346f7b14f7ff2309f9a74e653093f6fbea302e11bf0c81,015ca375d4d61dd1d5ad94e92b033cd6a506e32e,2026-07-16,2026-07-19
MD,Elme Support Services LLC,elme support services,,,561499,source,,,,,,,,,,,,,,n:elme support services,Bethesda CDP,2407125,Montgomery County,24031,38.987292,-77.118612,place,"7550 Wisconsin Avenue Ste 900 Bethesda, MD 20814",2025-09-08,2025-11-07,22,mass_layoff,,0,0,1,https://www.dllr.state.md.us/employment/warn.shtml,c049e0a07d62fdbe69ed7354bbe632ccac02744b1d45661e5f84aee2,8f5a0ffb312c17c5f752b8513ebd1861ca295a97,2026-07-16,2026-07-19
MD,KIRA Aerospace LLC and KIRA Government Services LLC,kira aerospace llc and kira government services,,,561210,source,,,,,,,,,,,,,,n:kira aerospace llc and kira government services,Greenbelt city,2434775,Prince George's County,24033,38.99467,-76.885399,place,"8800 Greenbelt Road Greenbelt, MD 20771",2025-09-19,2025-09-30,21,mass_layoff,,0,0,1,https://www.dllr.state.md.us/employment/warn.shtml,0f763852e16ce600a84a0d09580a98cedfbfb4e93e6182f417fd7edd,b067469f4650e6808f9e49a9c279b8b7d4b500cf,2026-07-16,2026-07-19
MD,"MaxCyte, Inc. (MaxCyte Headquarters)",maxcyte inc maxcyte headquarters,MaxCyte (United States),,541714,source,1287098,MXCT,exact:base,,,,,,Q30290314,cik,,,automatic,qid:Q30290314,Rockville city,2467675,Montgomery County,24031,39.083666,-77.155585,place,"9713 Key West Avenue Rockville, MD 20850",2025-09-23,2025-11-21,20,mass_layoff,,0,0,1,https://www.dllr.state.md.us/employment/warn.shtml,5a2522046e13b9d2e765b30fcf195e71ec1366636440bd34b987da47,6ec630da79298479c915da5873e7baf13a575732,2026-07-16,2026-07-19
MD,Dreyer’s Grand Ice Cream,dreyer s grand ice cream,,,311520,source,,,,,,,,,,,,,,n:dreyer s grand ice cream,Laurel city,2445900,Prince George's County,24033,39.095075,-76.861245,place,"9090 Whiskey Bottom Road Laurel, MD 20723",2025-09-24,2025-11-24,20,mass_layoff,,0,0,1,https://www.dllr.state.md.us/employment/warn.shtml,82b5b68c785ab45905f63265a1ebf59ba2212593b00192195ee7115a,538ceeb9766eccbcbcd6c737717c8664cc66f2d2,2026-07-16,2026-07-19
MD,"Bell Nursery USA, LLC",bell nursery usa,,,424930,source,,,,,,,,,,,CENTRAL GARDEN & PET CO,887733,,n:bell nursery usa,Elkridge CDP,2425750,Howard County,24027,39.195483,-76.741082,place,"7111 Troy Hill Drive Elkridge, MD 21075",2025-09-25,2025-09-26,42,closure,,0,0,1,https://www.dllr.state.md.us/employment/warn.shtml,e6921e77389d714264d1e48b8a8a111538422a5efd9fb2b32a41c3cf,0f78d5ce5e5a89c82ec4a9f8117fa94e2a3f733a,2026-07-16,2026-07-19
MD,"Bell Nursery USA, LLC",bell nursery usa,,,111421,source,,,,,,,,,,,CENTRAL GARDEN & PET CO,887733,,n:bell nursery usa,Marydel town,2451025,Caroline County,24011,39.113071,-75.74951,place,"2509 Busic Church Road Marydel, MD 21649",2025-10-01,2025-11-28,21,closure,,0,0,1,https://www.dllr.state.md.us/employment/warn.shtml,71b179e286ed44e9ad63cad836971866b97eb0dd62a7ea658199d8c8,0452c91c46162ae96ed2285867f6891c90dbb5cf,2026-07-16,2026-07-19
MD,Comcast Corporation (Beltway Integrated Supply Chain Operations),comcast corporation beltway integrated supply chain operations,Comcast,,541614,source,1166691,CMCSA,exact:base,4841,Cable & Other Pay Television Services,,,,Q1113804,cik,,,automatic,qid:Q1113804,Upper Marlboro town,2479875,Prince George's County,24033,38.816495,-76.75367,place,"8210 Penn Randall PL, Suite C Upper Marlboro, MD 20772",2025-10-07,2025-12-05,42,mass_layoff,,0,0,1,https://www.dllr.state.md.us/employment/warn.shtml,b5b27f007f225c7557df3c93192eff82bad35587e86bd21b6118f0fa,589b78c2167676910371860c4398577e8ba7f65f,2026-07-16,2026-07-19
MD,"AccelerEd, LLC",accelered,,,611710,source,,,,,,,,,,,,,,n:accelered,Bethesda CDP,2407125,Montgomery County,24031,38.987292,-77.118612,place,"7315 Wisconsin Avenue, Suite 400 Bethesda, MD 20814",2025-10-14,2025-12-31,108,closure,,0,0,1,https://www.dllr.state.md.us/employment/warn.shtml,2a3ba31a7bebfc38e90e7718c81d110e579ced4f4f538522545ef692,24c1c1a73c2348d4894895b253da6e24355f56fa,2026-07-16,2026-07-19
MD,"Johnson Controls, Inc.",johnson controls,Johnson Controls,,335314,source,833444,JCI,listed-extension,3585,Air-Cond & Warm Air Heatg Equip & Comm & Indl Refrig Equip,,,,Q667865,cik,,,automatic,qid:Q667865,Federalsburg town,2427900,Caroline County,24011,38.692265,-75.772465,place,"412 Railroad Avenue Federalsburg, MD 21632",2025-10-14,2025-12-15,61,closure,,0,0,1,https://www.dllr.state.md.us/employment/warn.shtml,395d6545e4ddd2a62239559f1cc386cb6b613509d1c9881d85b905a8,216371528f5db816ceba4d79eecca8b20f038573,2026-07-16,2026-07-19
MD,"Sodexo Services East, LLC",sodexo services east,,,722310,source,,,,,,,,,,,,,,n:sodexo services east,,,,,,,,"NSA 9800 Savage Road Fort George G Meade, MD 20755",2025-10-15,2025-12-19,145,closure,,0,0,1,https://www.dllr.state.md.us/employment/warn.shtml,0662647ae061c3f0368d0f87a73bd5182d5ca56b4444cd027c07e0cf,9fbfb973ff52e55c9a1bcbb9b0564671943772bb,2026-07-16,2026-07-19
MD,"J.B. Hunt Transport, Inc.",j b hunt transport,,,484121,employer,1501362,,exact,4210,Trucking & Courier Services (No Air),,,,,,,,automatic,cik:1501362,,,,,,,,"7190 Parkway Drive Hanover, MD 21076",2025-10-16,2025-12-15,3,unknown,,0,0,1,https://www.dllr.state.md.us/employment/warn.shtml,fbe4f032770b3f12286ba8be6d2768792713a239f0b7d851ff4aebc5,e3acbc71f30e6399449d66c68f65d8d3a3f70c52,2026-07-26,2026-07-26
MD,"Parsons Technical Services, Inc.",parsons technical services,,,541330,source,,,,,,,,,,,PARSONS CORP,275880,,n:parsons technical services,,,,,,,,"133 National Business Parkway, Suite 250 Annapolis Junction, MD 20701",2025-10-20,2025-12-19,17,closure,,0,0,1,https://www.dllr.state.md.us/employment/warn.shtml,99c513ca0041563ed643bfc2e0a32b477647c394552b6a1d0b0dbc8b,62c373c937cc20ca80eb7558c245d93e34756736,2026-07-16,2026-07-19
MD,Goetze’s Candy Co. Inc.,goetze s candy,,,311340,source,,,,,,,,,,,,,,n:goetze s candy,Baltimore city,2404000,Baltimore city,24510,39.300032,-76.610476,place,"3900 E. Monument St Baltimore, MD 21205",2025-10-22,2025-12-22,74,mass_layoff,,0,0,1,https://www.dllr.state.md.us/employment/warn.shtml,58fab2d371f9119ea5e16d702bba880244d6038efb17fc94b3466221,a9e56f5c958f37c61caf08615143f9ea804f8110,2026-07-16,2026-07-19
MD,Fred L. Hawkins Co. Inc.,fred l hawkins,,,562910,source,,,,,,,,,,,,,,n:fred l hawkins,Havre de Grace city,2437600,Harford County,24025,39.546572,-76.113576,place,"1315 Pulaski Highway, Havre de Grace, MD 21078",2025-10-30,2025-10-24,7,mass_layoff,,0,0,1,https://www.dllr.state.md.us/employment/warn.shtml,001139f5509c7ccc0b4437de5b33c8977321d5e64c43bf699b5449a9,b9f4a4ef9f8fe18c08c2288ccba3982348530afa,2026-07-16,2026-07-19
MD,Red Run Corporation T/A Food Depot,red run corporation t a food depot,,,445110,source,,,,,,,,,,,,,,n:red run corporation t a food depot,Baltimore city,2404000,Baltimore city,24510,39.300032,-76.610476,place,"2401 Belair Road, Baltimore, MD 21213",2025-10-30,2026-01-31,80,closure,,0,0,1,https://www.dllr.state.md.us/employment/warn.shtml,9789701fb7924176335990a018ee2ade9c0bd60cb68640e1ad38e9da,74644cfbd955ee3609cf887b75b9c1269937db05,2026-07-16,2026-07-19
MD,Woodmont Grill,woodmont grill,,,722511,source,,,,,,,,,,,,,,n:woodmont grill,Bethesda CDP,2407125,Montgomery County,24031,38.987292,-77.118612,place,"7715 Woodmont Avenue, Bethesda, MD 20814",2025-10-30,2025-12-30,65,closure,,0,0,1,https://www.dllr.state.md.us/employment/warn.shtml,f0e8498ea4ddeb5f0b271a8cf363fcd2038b2634238b9e2397983919,9a7d141dc30230d682106d78162c2f78b36f2cbb,2026-07-16,2026-07-19
MD,"Spirit Airlines, BWI",spirit airlines bwi,Spirit Airlines,,481111,source,1498710,,fuzzy:0.96,4512,"Air Transportation, Scheduled",,,,Q1190598,cik,,,automatic,qid:Q1190598,Glen Burnie CDP,2432650,Anne Arundel County,24003,39.156271,-76.606996,place,"883 Airport Park Rd, Suite C Glen Burnie, MD 21061",2025-10-31,2026-01-31,28,closure,,0,0,1,https://www.dllr.state.md.us/employment/warn.shtml,c7df4043c7594a0f457a6f045bfeb099fab3f2ada56ee541dcef6b31,473b1f217db4303f4d4483df5a92c64188c699da,2026-07-16,2026-07-19
MD,ChristianaCare Lab and X-Ray,christianacare lab and x ray,,,621512,source,,,,,,,,,,,,,,n:christianacare lab and x ray,Elkton town,2425800,Cecil County,24015,39.605776,-75.821686,place,"123 Singerly Avenue Elkton, MD 21921",2025-11-03,2025-12-22,7,closure,,0,0,1,https://www.dllr.state.md.us/employment/warn.shtml,6a229596269ae04c79d59508fda80999e5bdd3891ea7db326da37750,3d01cbcd15abee625c41eee7df756d79402b1acf,2026-07-16,2026-07-19
MD,Sheraton Operating LLC dba Sheraton Inner Harbor Hotel,sheraton operating llc dba sheraton inner harbor hotel,,,721110,source,,,,,,,,,,,MARRIOTT INTERNATIONAL INC /MD/,1048286,,n:sheraton operating,Baltimore city,2404000,Baltimore city,24510,39.300032,-76.610476,place,"300 South Charles Street Baltimore, MD 21201",2025-11-03,2025-12-31,69,closure,,0,0,1,https://www.dllr.state.md.us/employment/warn.shtml,e457d678d9117f6096a6466c1b2716cfdda1b4e5ea410a7a1d783531,5f747ddf709ce3edeb499c6381d7f50f54206999,2026-07-16,2026-07-19
MD,"WWL Vehicle Services Americas, Inc.",wwl vehicle services americas,,,423110,source,,,,,,,,,,,,,,n:wwl vehicle services americas,,,,,,,,"1500 Shipyard Road Sparrows Point, MD 21219",2025-11-04,2026-01-31,50,mass_layoff,,0,0,1,https://www.dllr.state.md.us/employment/warn.shtml,994048d32087cc2b1290344bcabb32795374463a1695d98fe92a2bad,902f4c47f5f9898edd993b407aba4f4096862fb5,2026-07-16,2026-07-19
MD,"Catalent, Maryland, Inc.",catalent maryland,,,325412,source,,,,,,,,,,,,,,n:catalent maryland,,,,,,,,"7555 Harmans Road Harmans, MD 21077",2025-11-06,2026-01-05,61,mass_layoff,,0,0,1,https://www.dllr.state.md.us/employment/warn.shtml,f5ee9a56d26c7e6ab8be1ad9ccb7c20a08c1e49889419d5766836f25,32301405ead4d38009730f42c72b34e445fb2301,2026-07-16,2026-07-19
MD,"Catalent, Maryland, Inc.",catalent maryland,,,325412,source,,,,,,,,,,,,,,n:catalent maryland,Baltimore city,2404000,Baltimore city,24510,39.300032,-76.610476,place,"801 West Baltimore Street, Suite 302 Baltimore, MD 21201",2025-11-06,2026-01-05,14,mass_layoff,,0,0,1,https://www.dllr.state.md.us/employment/warn.shtml,97f1608cdc199e78eee221d2f9e176e25902c6e4e6bac93d3bbb844b,3e15c213eb173a8ea95b2ae9904aaa3c3a135474,2026-07-16,2026-07-19
MD,"Catalent, Maryland, Inc.",catalent maryland,,,325412,source,,,,,,,,,,,,,,n:catalent maryland,,,,,,,,"7031 Ridge Road Hanover, MD 21076",2025-11-06,2026-01-05,2,mass_layoff,,0,0,1,https://www.dllr.state.md.us/employment/warn.shtml,be21311e84547a1fbf71a44d825b2ffc7c29894767f7f0f0f9cfb325,ae55253c5980ff0343e4760cc3eff798e3be6d5e,2026-07-16,2026-07-19
MD,"Diamond Transportation Services, Inc.",diamond transportation services,,,485113,source,,,,,,,,,,,,,,n:diamond transportation services,Landover CDP,2445325,Prince George's County,24033,38.924395,-76.887604,place,"3201 Hubbard Road Landover, MD 20685",2025-11-10,2025-11-30,182,mass_layoff,,0,0,1,https://www.dllr.state.md.us/employment/warn.shtml,35e98ae6f7a3969e799de27779d87881474264429d7e06b3163e209c,4e9c91d1e20ffd57afb040ad479117d667d7603e,2026-07-16,2026-07-19
MD,"Diamond Transportation Services, Inc.",diamond transportation services,,,485113,source,,,,,,,,,,,,,,n:diamond transportation services,,,,,,,,"8261 Central Avenue Capital Heights, MD 20743",2025-11-10,2025-11-30,194,mass_layoff,,0,0,1,https://www.dllr.state.md.us/employment/warn.shtml,3d6a9619095146da815d1b9fe9d611a568bdd8a3d5553e6a8800f71c,8023f4f984284c9a73c66fe08042642d9e6ed42b,2026-07-16,2026-07-19
MD,MAPC (Maritime Applied Physics Corporation),mapc maritime applied physics,,,541715,source,,,,,,,,,,,,,,n:mapc,Baltimore city,2404000,Baltimore city,24510,39.300032,-76.610476,place,"1600 E. Patapsco Avenue Baltimore, MD 21226",2025-11-10,2026-01-10,64,mass_layoff,,0,0,1,https://www.dllr.state.md.us/employment/warn.shtml,7c17205cb185e227639823c31bf8bd68462c79d8d1eab5307c2dbcb7,43e0e56afa1cba73731e87fd7f888ef3a8d383c1,2026-07-16,2026-07-19
MD,Recruitment Partners LLC,recruitment partners,,,561311,source,,,,,,,,,,,,,,n:recruitment partners,,,,,,,,"5416 White Mane Columbia, MD 21045",2025-11-10,2025-12-15,2,closure,,0,0,1,https://www.dllr.state.md.us/employment/warn.shtml,aac12a46dc8eabc794704f2b47729731e2bb46fef7ab5817bb11acbb,bce0b7d7b03ba965d2b464bce4dde9b78389ad84,2026-07-16,2026-07-19
MD,Shoppers Food Warehouse Corp.,shoppers food warehouse,,,445110,source,1043065,,exact:post-era,5411,Retail-Grocery Stores,,,,,,,,automatic,cik:1043065,,,,,,,,"Shoppers Coral Hills 4801 Marlboro Pike Capitol Heights, MD 20743",2025-11-14,2025-11-08,22,closure,,0,0,1,https://www.dllr.state.md.us/employment/warn.shtml,9f946f9aaedc994645f623a03daade49d419a8aa8cdbca48bdd8b984,1bafdfcbeaf7ad4c77d5c2d86b12f5598801ec67,2026-07-16,2026-07-19
MD,Shoppers Food Warehouse Corp.,shoppers food warehouse,,,445110,source,1043065,,exact:post-era,5411,Retail-Grocery Stores,,,,,,,,automatic,cik:1043065,,,,,,,,"Shoppers Laurel Contee 13600 Baltimore Ave, #100 Laurel, MD 20707",2025-11-14,2025-11-08,46,closure,,0,0,1,https://www.dllr.state.md.us/employment/warn.shtml,950465898d16ebb8354ec2805ee74d7a50167c37e8c2f1a953a43034,9c62d0dd7959abe2f31c5b4518f467c460de6e21,2026-07-16,2026-07-19
MD,Shoppers Food Warehouse Corp.,shoppers food warehouse,,,445110,source,1043065,,exact:post-era,5411,Retail-Grocery Stores,,,,,,,,automatic,cik:1043065,,,,,,,,"Shoppers College Park 4720 Cherry Hill Road College Park, MD 20740",2025-11-14,2025-11-08,58,closure,,0,0,1,https://www.dllr.state.md.us/employment/warn.shtml,5f3a7fadfb380d667a50689cfc3876b86a97f39f1fafd4a45aeee891,d6bf5cde692912f612aac114eb32759335df1c19,2026-07-16,2026-07-19
MD,Shoppers Food Warehouse Corp.,shoppers food warehouse,,,445110,source,1043065,,exact:post-era,5411,Retail-Grocery Stores,,,,,,,,automatic,cik:1043065,,,,,,,,"Shoppers Germantown 18066 Mateny Road Germantown, MD 20874",2025-11-14,2025-11-08,59,closure,,0,0,1,https://www.dllr.state.md.us/employment/warn.shtml,270bc06be642ba3b41251577f427fd11a50d99fbea28adf48d4f20a8,ee058c555615bc92ec62d8206a1252fa4f13c0f4,2026-07-16,2026-07-19
MD,"BWW Law Group, LLC",bww law group,,,541110,source,,,,,,,,,,,,,,n:bww law group,Rockville city,2467675,Montgomery County,24031,39.083666,-77.155585,place,"6001 Executive Blvd., Suite 200 Rockville, MD 20852",2025-11-17,2026-01-31,94,closure,,0,0,1,https://www.dllr.state.md.us/employment/warn.shtml,1bfa4bb5babc0b5365d2e672ac1aef4021c27f993d74c214232392f7,2ba9d23321b9b5d0d366f09e13e08cac50995e97,2026-07-16,2026-07-19
MD,Bond 45 National Harbor Restaurant,bond 45 national harbor restaurant,,,722511,source,,,,,,,,,,,,,,n:bond 45 national harbor restaurant,,,,,,,,"149 Waterfront Street #1138 Oxon Hill, MD 20745",2025-11-17,2026-01-31,58,closure,,0,0,1,https://www.dllr.state.md.us/employment/warn.shtml,81c897f1f4b9ae076c5b258cdc1d69d5ce61c676a82494b720db666c,f388d39ce982aa12f0af0a791849f833739b7c91,2026-07-16,2026-07-19
MD,Fulfillment Center (for Harris Teeter),fulfillment center for harris teeter,,,493110,source,,,,,,,,,,,,,,n:fulfillment center,Frederick city,2430325,Frederick County,24021,39.434089,-77.414539,place,"7106 Geoffrey Way Frederick, MD 21704",2025-11-19,2026-02-01,80,closure,,0,0,1,https://www.dllr.state.md.us/employment/warn.shtml,74aaca77d7c0ffd89e1420838f73da09116ff87766e7635e63238b87,83c8cdb4563fd4f5eaab2789eeb361275ac0a696,2026-07-16,2026-07-19
MD,Kroger Fulfillment Network LLC,kroger fulfillment network,,,493110,source,,,,,,,,,,,KROGER CO,56873,,n:kroger fulfillment network,Frederick city,2430325,Frederick County,24021,39.434089,-77.414539,place,"7106 Geoffrey Way Frederick, MD 21704",2025-11-24,2026-02-01,83,closure,,0,0,1,https://www.dllr.state.md.us/employment/warn.shtml,8fbd4ca033bed3927ece368f354c3a7ed5345d7d7a456b3ca5d94e2d,e7c4115093e373735beb2218be9a03755fc4d2dd,2026-07-16,2026-07-19
MD,"S3 Shared Service Solutions, LLC",s3 shared service solutions,,,522130,source,,,,,,,,,,,,,,n:s3 shared service solutions,,,,,,,,"1501 S. Clinton Street, 14th Floor Baltimore, MD 21224",2025-12-01,2026-02-01,92,mass_layoff,,0,0,1,https://www.dllr.state.md.us/employment/warn.shtml,30f7b289d03f9fc6c53fd4b17e5cff4e7e88f62d3be789ed9bf0afdd,12d3a5472a7ea246a33cdca7be0c29b3dcf55a67,2026-07-16,2026-07-19
MD,Peraton’s Environmental Integration Services III (“ETIS”),peraton s environmental integration services iii etis,,,541330,source,,,,,,,,,,,,,,n:peraton s environmental integration services iii,Greenbelt city,2434775,Prince George's County,24033,38.99467,-76.885399,place,"8800 Greenbelt Road Greenbelt, MD 20771",2025-12-02,2026-01-31,130,mass_layoff,,0,0,1,https://www.dllr.state.md.us/employment/warn.shtml,d21f539875ed7d3b1a3efc55ec88fe1ebc4531510750c1ef1ac9451c,fff38b7ea80d546d598f5364eefb8b606fffbae3,2026-07-16,2026-07-19
MD,"The Cheesecake Factory Restaurants, Inc.",cheesecake factory restaurants,,,722511,source,,,,,,,,,,,CHEESECAKE FACTORY INC,887596,,n:cheesecake factory restaurants,Baltimore city,2404000,Baltimore city,24510,39.300032,-76.610476,place,"201 E. Pratt Street Baltimore, MD 21202",2025-12-04,2026-01-24,115,closure,,0,0,1,https://www.dllr.state.md.us/employment/warn.shtml,f15d3c6a008e0fc745e64be8b2d3c5d687a148a721b7946493c655e9,9b5f8347f447536635491dd6b76ef8f9b3fad6a0,2026-07-16,2026-07-19
MD,General Dynamics Information Technology,general dynamics information technology,General Dynamics Information Technology,,541330,source,,,,,,,,,Q130724592,label,,40533,automatic,qid:Q130724592,Rockville city,2467675,Montgomery County,24031,39.083666,-77.155585,place,"5600-5601 Fishers Lane Rockville, MD 20852",2025-12-16,2026-02-13,54,mass_layoff,,0,0,1,https://www.dllr.state.md.us/employment/warn.shtml,f18434cf6d894c7cd19e638bcfa85a73b1db67b5101b89e61dfb06aa,9e19986c8dbb399901d0fa17bca1e710e9b73fdc,2026-07-16,2026-07-19
MD,The Charleston Senior Community,charleston senior community,,,623312,source,,,,,,,,,,,,,,n:charleston senior community,,,,,,,,"45 St. Patrick’s Drive Waldorf, MD 20603",2025-12-17,2026-02-14,74,closure,,0,0,1,https://www.dllr.state.md.us/employment/warn.shtml,ceed99cc2db28dc641222913b3e5df7c9f0b4d617b5da8b9fdcdd632,69154ee441399cab70c31ec1df7ec4bfd9fcc727,2026-07-16,2026-07-19
MD,"Thrift Stores of Washington, D. C. (under Value Village Thrift Stores, Inc.)",thrift stores of washington d c under value village thrift stores,,,459510,source,,,,,,,,,,,,,,n:thrift stores of washington d c,Laurel city,2445900,Prince George's County,24033,39.095075,-76.861245,place,"9880 Washington Blvd Laurel, MD 20723",2025-12-19,2026-02-21,41,closure,,0,0,1,https://www.dllr.state.md.us/employment/warn.shtml,9d3003f3188fafa6e88905b860a77b946db3007fb7d832565f1b3996,65831d0a712b3f1396d461a8e2d892c48bfbc37a,2026-07-16,2026-07-19
MD,"Value Village Thrift Stores, Inc.",value village thrift stores,,,459510,source,,,,,,,,,,,,,,n:value village thrift stores,Baltimore city,2404000,Baltimore city,24510,39.300032,-76.610476,place,"3424 Eastern Avenue Baltimore, MD 21224",2025-12-19,2026-02-21,30,closure,,0,0,1,https://www.dllr.state.md.us/employment/warn.shtml,9133128be758df69eade6481a17722ca238e4f21546ce235913eb73f,2cdde7dab16a93cd7dbcca0a3c63c1a370b8a33e,2026-07-16,2026-07-19
MD,"Value Village Thrift Stores, Inc.",value village thrift stores,,,459510,source,,,,,,,,,,,,,,n:value village thrift stores,Waldorf CDP,2481175,Charles County,24017,38.609172,-76.919776,place,"2100 Crain Highway Waldorf, MD 20601",2025-12-19,2026-02-21,25,closure,,0,0,1,https://www.dllr.state.md.us/employment/warn.shtml,a3ac1bd5ba3f9ed8eaf1475f39fd83e64581badbbee41f888728fb9b,59b9b13a9d9a1e66b12e355bba4913102832cb97,2026-07-16,2026-07-19
MD,"Value Village Thrift Stores, Inc.",value village thrift stores,,,459510,source,,,,,,,,,,,,,,n:value village thrift stores,Baltimore city,2404000,Baltimore city,24510,39.300032,-76.610476,place,"3702 Bank Street Baltimore, MD 21224",2025-12-19,2026-02-21,9,closure,,0,0,1,https://www.dllr.state.md.us/employment/warn.shtml,7695bcecec1b6418190f33889f5eeda1fc70b4a9b6120b64f95d9aa9,884266cfcdaffb76a54df57a5f30f93384f2bb96,2026-07-16,2026-07-19
MD,"Value Village Thrift Stores, Inc.",value village thrift stores,,,459510,source,,,,,,,,,,,,,,n:value village thrift stores,Edgewood CDP,2425150,Harford County,24025,39.42029,-76.296846,place,"1955 Pulaski Highway Edgewood, MD 21040",2025-12-19,2026-02-21,42,closure,,0,0,1,https://www.dllr.state.md.us/employment/warn.shtml,3d0ddd52f04198a47a48184b4e0b1bcbd77c3787aecb64723079935b,db2e4bd39f33d4c4b82bf6075ea973903f8e4e1e,2026-07-16,2026-07-19
MD,"Crockett & Sons Concrete, Inc.",crockett sons concrete,,,238110,source,,,,,,,,,,,,,,n:crockett sons concrete,Port Deposit town,2463075,Cecil County,24015,39.611015,-76.099006,place,"61 Marian Drive Port Deposit, MD 21904",2025-12-29,2025-12-26,4,mass_layoff,,0,0,1,https://www.dllr.state.md.us/employment/warn.shtml,bfc466261520883f3f9cd55cd74cb250aa8a3227158082b01c4edf94,5eb063ed26c55f8dcd03094ba0fea96cd5341224,2026-07-16,2026-07-19
MD,"BAE Systems, Inc.",bae systems,,,541512,source,895564,BAESY,exact,,,,,,,,,,automatic,cik:895564,,,,,,,,"306 Sentinel Drive, Suite 500, Annapolis Junction, MD 20701",2026-01-02,2026-03-02,55,mass_layoff,,0,0,1,https://www.dllr.state.md.us/employment/warn.shtml,804313de7689886e2beb66fdadc3b740c6fec01504e12bc1e00563c2,03738270f4f25e1e2fbb921b2974d25909b587f0,2026-07-16,2026-07-19
MD,Home Depot Design Center,home depot design center,,,444110,source,,,,,,,,,,,,,,n:home depot design center,,,,,,,,"12087 Rockville Pike Rockville, MD 20852",2026-01-14,2026-03-14,85,closure,,0,0,1,https://www.dllr.state.md.us/employment/warn.shtml,d9e4ae15e6c9cb186c3de1e5802c085d566ef82e24b4197887575879,30a6464b597e3ff0a480d393e1ef2e3df323986f,2026-07-16,2026-07-19
MD,Peraton,peraton,Peraton,,518210,source,,,,,,,,549300EQPCK07ZW63836,Q108443888,label,Veritas Capital,,automatic,qid:Q108443888,,,,,,,,"6201 Security Blvd Woodlawn, MD 21207",2026-01-14,2026-02-28,35,mass_layoff,,0,0,1,https://www.dllr.state.md.us/employment/warn.shtml,fd655ead5aafc0e9b9a438b2adaca3914ee26c705dfb272e8c72fe93,0de98901eb6a10116165bc53bf29783352886e65,2026-07-16,2026-07-19
MD,Weis Store #291,weis store 291,,,445110,source,,,,,,,,,,,,,,n:weis,Cumberland city,2421325,Allegany County,24001,39.65131,-78.757959,place,"15300 McMullen Highway Cumberland, MD 21502",2026-01-15,2026-03-16,52,closure,,0,0,1,https://www.dllr.state.md.us/employment/warn.shtml,5bda5d1849a15a4ade95d81ac8c9306944c6fd72fc6aae518059e7c9,12af395b3df2422e6b73b98e7653c71001d4358f,2026-07-16,2026-07-19
MD,Amazon - MAF1 facility,amazon maf1 facility,"Amazon.com, Inc.",,454110,source,1018724,AMZN,listed-extension:base,5961,Retail-Catalog & Mail-Order Houses,,,,Q133848906,cik,,,automatic,qid:Q133848906,,,Montgomery County,24031,38.981893,-77.083197,county,"5463 Wisconsin Ave. Chevy Chase, MD 20815",2026-01-28,2026-04-28,129,closure,,0,0,1,https://www.dllr.state.md.us/employment/warn.shtml,9fd678cb9dab57c027bbf282372ba92c0ac78bc66909d9b1c95cec02,10cfc334328f8f57184d3e8f391723446e67afa9,2026-07-16,2026-07-19
MD,Amazon - MAG5 facility,amazon mag5 facility,"Amazon.com, Inc.",,454110,source,1018724,AMZN,listed-extension:base,5961,Retail-Catalog & Mail-Order Houses,,,,Q133848906,cik,,,automatic,qid:Q133848906,,,Montgomery County,24031,38.981893,-77.083197,county,"8525 Chevy Chase Lake Terrace Chevy Chase, MD 20815",2026-01-28,2026-04-28,118,closure,,0,0,1,https://www.dllr.state.md.us/employment/warn.shtml,47a8e10caf7b748ec71ed540a17ce8ce4a1ebfc35fa6c73d1f3444c3,5672373c52f4c618cf8f322c16e812b61fa4fab6,2026-07-16,2026-07-19
MD,Amazon - MAH5 facility,amazon mah5 facility,"Amazon.com, Inc.",,454110,source,1018724,AMZN,listed-extension:base,5961,Retail-Catalog & Mail-Order Houses,,,,Q133848906,cik,,,automatic,qid:Q133848906,Gaithersburg city,2431175,Montgomery County,24031,39.148601,-77.195131,place,"15790 Shady Grove Road Gaithersburg, MD 20877",2026-01-28,2026-04-28,155,closure,,0,0,1,https://www.dllr.state.md.us/employment/warn.shtml,e62dbf826da57c7968bf9fbe9735f0eb77d9681d6023d514ff42e4b1,cc5359cf7c650b373afac09e3bc035b054c45aa0,2026-07-16,2026-07-19
MD,Amazon - MAT8 facility,amazon mat8 facility,"Amazon.com, Inc.",,454110,source,1018724,AMZN,listed-extension:base,5961,Retail-Catalog & Mail-Order Houses,,,,Q133848906,cik,,,automatic,qid:Q133848906,Glen Burnie CDP,2432650,Anne Arundel County,24003,39.156271,-76.606996,place,"6711 Ritchie Highway Glen Burnie, MD 21061",2026-01-28,2026-04-28,156,closure,,0,0,1,https://www.dllr.state.md.us/employment/warn.shtml,d55ec007eadf1e572dab944815b99b4fe668cdd327ad712464e7d09f,6f666d6613aecced103520de0eda9ce12a53ea83,2026-07-16,2026-07-19
MD,Amazon - MAV2 facility,amazon mav2 facility,"Amazon.com, Inc.",,454110,source,1018724,AMZN,listed-extension:base,5961,Retail-Catalog & Mail-Order Houses,,,,Q133848906,cik,,,automatic,qid:Q133848906,Silver Spring CDP,2472450,Montgomery County,24031,39.002441,-77.020791,place,"12263 Prosperity Drive Silver Spring, MD 20904",2026-01-28,2026-04-28,184,closure,,0,0,1,https://www.dllr.state.md.us/employment/warn.shtml,743fa0d005b47210f84b9084a042dddb9c000f6c7ca7fdf5214fb431,ae2a735f80f3181a7cfe9bfd56579d8aafea8c8c,2026-07-16,2026-07-19
MD,Saks & Company LLC,saks,,,458110,source,,,,,,,,,,,,,,n:saks,,,,,,,,"7000 Arundel Mills Circle Hanover, MD 21076",2026-01-29,2026-04-30,16,closure,,0,0,1,https://www.dllr.state.md.us/employment/warn.shtml,86e403729d8999afc31f98b06d1f3dd28416b8b8dae4ee072aedc5b6,2885fbc2ae880b756fbcb7916e8e5d84392f2c71,2026-07-16,2026-07-19
MD,Saks & Company LLC,saks,,,458110,source,,,,,,,,,,,,,,n:saks,Clarksburg CDP,2417350,Montgomery County,24031,39.222893,-77.266079,place,"22705 Clarksburg Road Clarksburg, MD 20871",2026-01-29,2026-04-30,15,closure,,0,0,1,https://www.dllr.state.md.us/employment/warn.shtml,22227ce941b1cc1c038f0d5f61fd3fd4566a3d2f73cb31ce989cc94d,93d3abe70d284959a6c4a5ee9ed6a6caff447746,2026-07-16,2026-07-19
MD,"MUFG Investor Services (US), LLC (MUIS)",mufg investor services us llc muis,,,523920,source,,,,,,,,,,,,,,n:mufg investor services,Rockville city,2467675,Montgomery County,24031,39.083666,-77.155585,place,"805 King Farm Boulevard, Suite 600 Rockville,MD 20850",2026-01-30,2026-03-31,86,mass_layoff,,0,0,1,https://www.dllr.state.md.us/employment/warn.shtml,58e21a638932dff764b11c9acc2119f01679dad067c72ff23f9cac98,857d056d27dcba3e21bd942c84ea3055eeea3dda,2026-07-16,2026-07-19
MD,"Charles River Laboratories, Inc.",charles river laboratories,Charles River Laboratories,,541715,source,1100682,CRL,listed-extension,8731,Services-Commercial Physical & Biological Research,,,,Q5082076,cik,,,automatic,qid:Q5082076,,,,,,,,3600 Cabover Drive Hanover MD 21076,2026-02-02,2026-03-23,20,closure,,0,0,1,https://www.dllr.state.md.us/employment/warn.shtml,b0a0470d37adab58449b224e75ff8114a639cc31ab15998ad52c1aff,cbfb4b6a48de3ebd24c88d16825fddb27aad6e81,2026-07-16,2026-07-19
MD,"HGS CX Technologies, Inc. f/k/a HGS USA",hgs cx technologies inc f k a hgs usa,,,561499,source,,,,,,,,,,,,,,n:hgs cx technologies,,,,,,,,"12120 Rojas Drive El Paso, Texas",2026-02-04,2026-03-31,92,mass_layoff,,0,0,1,https://www.dllr.state.md.us/employment/warn.shtml,646b86bc253e80ff3f5cd71c8f37d47a2297540c06f1389161f6816f,aff26c44b12771eadf87840468ce24785d8d9526,2026-07-16,2026-07-19
MD,"NFI Interactive Technologies, LLC (NFI)",nfi interactive technologies llc nfi,,,484121,source,,,,,,,,,,,,,,n:nfi interactive technologies,Perryville town,2461150,Cecil County,24015,39.572968,-76.064923,place,"81 Belvedere Road Perryville, MD 21903",2026-02-04,2026-03-30,40,closure,,0,0,1,https://www.dllr.state.md.us/employment/warn.shtml,c1ea2639c1794629154ff1152ed2c573e12b8aa43fb103b401ed8bda,cb8179d7ebe66392b9d5d26b269880fe2ba2ef4d,2026-07-16,2026-07-19
MD,"LifeBridge Suburban Staffing, LLC",lifebridge suburban staffing,,,561311,source,,,,,,,,,,,,,,n:lifebridge suburban staffing,Ellicott City CDP,2426000,Howard County,24027,39.276691,-76.833952,place,"2850 N. Ridge Road Ellicott City, MD",2026-02-06,2026-03-07,23,closure,,0,0,1,https://www.dllr.state.md.us/employment/warn.shtml,4ae8b8eb4c9ecbab267ae99a93074a9986df913d878769a25c94b70b,56da4af2b7710cd86d4faf2d2440c6a34cdaca2e,2026-07-16,2026-07-19
MD,Savage Infrastructure LLC,savage infrastructure,,,484110,source,,,,,,,,,,,,,,n:savage infrastructure,Oakland town,2457650,Garrett County,24023,39.417143,-79.402352,place,"354 Table Rock Road Oakland, MD 21550",2026-02-09,2026-04-07,72,closure,,0,0,1,https://www.dllr.state.md.us/employment/warn.shtml,a069aa2c8bfa92a8a708d93332550a0a896e9735cef6cdeadfd119b9,9ec5d2498d27448331839a665f966aaa8626b234,2026-07-16,2026-07-19
MD,T. Rowe Price,t rowe price,,,523940,source,2089855,TKNZ,listed-extension,6221,Commodity Contracts Brokers & Dealers,,,,,,,,automatic,cik:2089855,Baltimore city,2404000,Baltimore city,24510,39.300032,-76.610476,place,"1307 Point Street Baltimore, MD 21231",2026-02-12,2026-02-06,54,mass_layoff,,0,0,1,https://www.dllr.state.md.us/employment/warn.shtml,51bf00adbd49beb465ff42632b9f9d8b89dd0117d1df700e7357d63c,0f9df2f261c7e11dc226755758e97de94fca4227,2026-07-16,2026-07-19
MD,Breakthru Beverage Group,breakthru beverage group,,,424820,source,,,,,,,,,,,,,,n:breakthru beverage group,,,,,,,,"525 Progress Drive, Suite K, Linthicum Heights, MD 21090",2026-02-17,2026-04-18,35,mass_layoff,,0,0,1,https://www.dllr.state.md.us/employment/warn.shtml,0b1a091cf6552be3d1ded5521c3c6c36f4c456ce5fbec49a4987770c,98f9565b10c7b86673d56d78332207da2d314ac3,2026-07-16,2026-07-19
MD,"Lowe’s Companies, Inc.",lowe s companies,Lowe's,,444110,source,,,,,,,,WAFCR4OKGSC504WU3E95,Q1373493,label,,,automatic,qid:Q1373493,,,,,,,,"1000 Lowe’s Blvd. Mooresville, NC 28117",2026-02-17,2026-04-19,5,mass_layoff,,0,0,1,https://www.dllr.state.md.us/employment/warn.shtml,428c3912ededfb7b36b2204065c6263dc820d36ae3dfd735a99bd934,a80d94d95f5eecbfd9134d235f08716f6334c78a,2026-07-16,2026-07-19
MD,"Catalent Maryland, Inc.",catalent maryland,,,325412,source,,,,,,,,,,,,,,n:catalent maryland,Baltimore city,2404000,Baltimore city,24510,39.300032,-76.610476,place,"801 West Baltimore Street Suite 302 Baltimore, MD 21201",2026-02-19,2026-04-19,3,mass_layoff,,0,0,1,https://www.dllr.state.md.us/employment/warn.shtml,c8ec0b99461f643070ee6601ccd5200da029e16ecaf51264bbd7cea3,3c29b3ce2d9ff674233b9627a1615adb42ad2f86,2026-07-16,2026-07-19
MD,"Catalent Maryland, Inc.",catalent maryland,,,325412,source,,,,,,,,,,,,,,n:catalent maryland,,,,,,,,"7555 Harmans Road Harmans, MD 21077",2026-02-19,2026-04-19,93,mass_layoff,,0,0,1,https://www.dllr.state.md.us/employment/warn.shtml,d9409295b870be3768b792c6a04f78ac1b7c9319ed24a15c174a0f68,c295e85c5b4f8c415fe8baf42eb1985b04035d17,2026-07-16,2026-07-19
MD,"Hornblower Cruises and Events, LLC",hornblower cruises and events,,,487210,source,,,,,,,,,,,,,,n:hornblower cruises and events,Baltimore city,2404000,Baltimore city,24510,39.300032,-76.610476,place,"575 S. Charles Street, Suite 506, Baltimore, MD 21201",2026-02-19,2026-04-25,51,mass_layoff,,0,0,1,https://www.dllr.state.md.us/employment/warn.shtml,5524c5e84447e98213d597b26c1c8aea43b3c9cc46fc2672ce9af9d5,5da94d3e08e3a73cf1c3356505a9a4544a5111df,2026-07-16,2026-07-19
MD,Duality Ventures LLC,duality ventures,,,492210,source,,,,,,,,,,,,,,n:duality ventures,Williamsport town,2485100,Washington County,24043,39.597345,-77.817972,place,"16604 Industrial Lane Williamsport, MD 21795",2026-02-23,2026-03-21,98,closure,,0,0,1,https://www.dllr.state.md.us/employment/warn.shtml,3681db2f91a76bba4e5ef9542d1604c43e63242fe35c0e145bf86da2,75e9dbc74d82c2b0dcb861477fa96acd11f31f41,2026-07-16,2026-07-19
MD,Viskon-Aire Corporation,viskon aire,,,333413,source,1481692,,exact:post-era,,,,,,,,,,automatic,cik:1481692,Salisbury city,2469925,Wicomico County,24045,38.375328,-75.585925,place,"410 Winfield Avenue Salisbury, MD 21801",2026-02-24,2026-04-13,51,closure,,0,0,1,https://www.dllr.state.md.us/employment/warn.shtml,3380c35b9139a04ed3826c8f20fa79a7abc27457ccc569764b782826,394064d4375b02dbbf030b6a44d533b6e6a624f8,2026-07-16,2026-07-19
MD,"IPIC Theaters, LLC",ipic theaters,,,711110,source,,,,,,,,,,,,,,n:ipic theaters,North Bethesda CDP,2456337,Montgomery County,24031,39.036753,-77.120336,place,"11830 Grand Park Avenue North Bethesda, MD 20852",2026-03-02,2026-04-28,116,closure,,0,0,1,https://www.dllr.state.md.us/employment/warn.shtml,18b8a3410d7e9f11be6b654907f332f8fcf1caa2013d06b3aca05b5f,ae693e1af3827bab4226d3612dd40e44318ff63a,2026-07-16,2026-07-19
MD,Excelitas,excelitas,,,335129,source,,,,,,,,,,,,,,n:excelitas,Gaithersburg city,2431175,Montgomery County,24031,39.148601,-77.195131,place,"910 Clopper Road Gaithersburg, MD 20878",2026-03-03,2026-05-15,30,mass_layoff,,0,0,1,https://www.dllr.state.md.us/employment/warn.shtml,2a067670849e1306e641681a58a8e1ca29022c4a34f027fdcbd806a0,38a24d8196561adfdfbdd41dde0bec0283072c51,2026-07-16,2026-07-19
MD,C2 Technologies,c2 technologies,,,611430,source,,,,,,,,,,,,,,n:c2 technologies,,,,,,,,"7601 Lewinsville Road, Suite 200 McLean, Virginia 22102",2026-03-06,2026-03-06,1,mass_layoff,,0,0,1,https://www.dllr.state.md.us/employment/warn.shtml,3ff9de0bb7ae3d370481de463cf165ad2a7bededbe911c90a77eb0f2,259398a124a79e4b70c56983821ebb0f8417633c,2026-07-16,2026-07-19
MD,Saks & Company LLC,saks,,,458110,source,,,,,,,,,,,,,,n:saks,,,Montgomery County,24031,38.981893,-77.083197,county,"5555 Wisconsin Avenue Chevy Chase, MD 20815",2026-03-06,2026-05-06,75,closure,,0,0,1,https://www.dllr.state.md.us/employment/warn.shtml,8f3d4613abe181349966d9af40e02d73c4a407f720b9192bd46e1664,6d6c5f201afe183a695f34fb64a9b6a1d821edcb,2026-07-16,2026-07-19
MD,Amentum,amentum,Amentum,,541330,source,2011286,AMTM,listed-extension,7389,"Services-Business Services, NEC",,,,Q106472108,label,,,automatic,qid:Q106472108,Suitland CDP,2475725,Prince George's County,24033,38.848615,-76.92252,place,"4251 Suitland Road Suitland, MD 20746",2026-03-09,2026-05-03,27,mass_layoff,,0,0,1,https://www.dllr.state.md.us/employment/warn.shtml,8da247899d0a3d4fe5d3b5e99e9dfc3eb24b35a9a8b3dfdbae3b7d9b,7dbc3fa10d452fd2cef5818d05fa4ce3b22101d6,2026-07-16,2026-07-19
MD,Amentum,amentum,Amentum,,541330,source,2011286,AMTM,listed-extension,7389,"Services-Business Services, NEC",,,,Q106472108,label,,,automatic,qid:Q106472108,Fort Washington CDP,2429525,Prince George's County,24033,38.731868,-77.008662,place,"10530 Riverview Road Fort Washington, MD 20744",2026-03-09,2026-05-03,9,mass_layoff,,0,0,1,https://www.dllr.state.md.us/employment/warn.shtml,9521c2f9232670a8272e38cda22dd80edeb8321648878afef90786b4,96e11f41e4c510f0e8d241e547dc590f7de0d262,2026-07-16,2026-07-19
MD,"Horizon Therapeutics USA, Inc.",horizon therapeutics usa,,,325412,source,,,,,,,,,,,AMGEN INC,318154,,n:horizon therapeutics usa,Rockville city,2467675,Montgomery County,24031,39.083666,-77.155585,place,"9605 Medical Center Drive, Suite 325 Rockville, MD 20850",2026-03-09,2026-05-08,22,mass_layoff,,0,0,1,https://www.dllr.state.md.us/employment/warn.shtml,9b4e14b1bc077978188872029a452c1ef6cd6b2fd4d488fe9b6aead0,93e7ac5c093cc9b40a57005068dd4c141eb8ed42,2026-07-16,2026-07-19
MD,United Source One,united source one,,,424470,source,,,,,,,,,,,,,,n:united source one,,,,,,,,"4610 Mercedes Drive, Suite 110 Belcamp, MD 21017",2026-03-11,2026-03-04,8,mass_layoff,,0,0,1,https://www.dllr.state.md.us/employment/warn.shtml,b84dfbb4f26ff950f922f70fac241ff9a531a71442185736c7f813e7,efe68df7e4cef4e8e86e4b2daf78d47dbea84637,2026-07-16,2026-07-19
MD,"Bering Global Solutions, LLC (BGS) - Bethesda",bering global solutions llc bgs bethesda,,,561210,source,,,,,,,,,,,,,,n:bering global solutions,,,,,,,,"8901 Rockville Pike Bethesda, MD 20889",2026-03-13,2026-03-31,5,mass_layoff,,0,0,1,https://www.dllr.state.md.us/employment/warn.shtml,4387d489466ca4433a842d4a036d7f4a68b910765846932a9964eca4,de0111a7819c51db44b72e4b64c83976136ece3d,2026-07-16,2026-07-19
MD,"Bering Global Solutions, LLC (BGS) - CBD",bering global solutions llc bgs cbd,,,561210,source,,,,,,,,,,,,,,n:bering global solutions,Chesapeake Beach town,2415925,Calvert County,24009,38.689456,-76.554404,place,"5813 Bayside Rd Chesapeake Beach, MD 20732",2026-03-13,2026-03-31,21,mass_layoff,,0,0,1,https://www.dllr.state.md.us/employment/warn.shtml,e5cb7656690cabe01549620ecf980f1dc504a0d24a2bbd6a931324c1,7731847d6317669e49210f8d2ef891eccabd7299,2026-07-16,2026-07-19
MD,"Bering Global Solutions, LLC (BGS) - Carderock",bering global solutions llc bgs carderock,,,561210,source,,,,,,,,,,,,,,n:bering global solutions,Bethesda CDP,2407125,Montgomery County,24031,38.987292,-77.118612,place,"9500 Macarthur Blvd. Bethesda, MD 20817",2026-03-13,2026-03-31,6,mass_layoff,,0,0,1,https://www.dllr.state.md.us/employment/warn.shtml,c3eb6ed283513d7f4e676051e19d9970d4bd964a431b673a2fbbfcaa,e3b791f4be7939551d3ae859d34641a2913002c1,2026-07-16,2026-07-19
MD,"Panera, LLC",panera,,,311812,source,,,,,,,,,,,PANERA BREAD CO,724606,,n:panera,,,,,,,,"7801 Dorsey Run Jessup, MD 20794",2026-03-17,2026-05-20,118,closure,,0,0,1,https://www.dllr.state.md.us/employment/warn.shtml,9778ab20fab873f840b2ecfcc3f30aff54e1bee27cf2412664187291,541817a4f45fa0d053e23aa3fb57a0ed78ca6a68,2026-07-16,2026-07-19
MD,"PedalPoint EvTerra Recycling, LLC",pedalpoint evterra recycling,,,562920,source,,,,,,,,,,,,,,n:pedalpoint evterra recycling,Frederick city,2430325,Frederick County,24021,39.434089,-77.414539,place,"7118 Geoffrey Way, Unit E Frederick, MD 21704",2026-03-19,2026-05-19,17,closure,,0,0,1,https://www.dllr.state.md.us/employment/warn.shtml,81a70277583d3b500d14bd9c39296ff745d168a4cfdd255149d496b1,741aafc51c947bbede924c8d55031333dd57a0ec,2026-07-16,2026-07-19
MD,Evonik Corporation,evonik,,,325180,source,,,,,,,,,,,,,,n:evonik,Havre de Grace city,2437600,Harford County,24025,39.546572,-76.113576,place,"701 Fountain Street Havre De Grace, MD 21078",2026-03-25,2026-06-30,34,closure,,0,0,1,https://www.dllr.state.md.us/employment/warn.shtml,b0e23f5a6c857d8c9545808c87d59fa84e2e8f8d51bbe509079a7233,f4d37e97526e133d10e51af7e1e808da1e1db40e,2026-07-16,2026-07-19
MD,"Maryland and Virginia Milk Producers Cooperative Association, Inc. d/b/a Maola",maryland and virginia milk producers cooperative association inc d b a maola,,,311511,source,,,,,,,,,,,,,,n:maryland and virginia milk producers cooperative association,,,,,,,,"8321 Leishear Road Laurel, Maryland 20723",2026-03-26,2026-06-01,72,closure,,0,0,1,https://www.dllr.state.md.us/employment/warn.shtml,cc1059b4b8a5a16b56cfe4e9fe1dd74642092352186d6bd5deea8241,868eabf328a13a5a65ca331ca5c1842c63f32259,2026-07-16,2026-07-19
MD,General Dynamics Information Technology,general dynamics information technology,General Dynamics Information Technology,,541330,source,,,,,,,,,Q130724592,label,,40533,automatic,qid:Q130724592,Bethesda CDP,2407125,Montgomery County,24031,38.987292,-77.118612,place,"4600 Sangamore Road Bethesda, MD 20816",2026-03-27,2026-05-29,21,mass_layoff,,0,0,1,https://www.dllr.state.md.us/employment/warn.shtml,9cf05087f7818e5839950518c1f51d6b2922dfd7ed3b54def5db7d77,80edce8e482a9c19e379edead8be6e15f52c56c3,2026-07-16,2026-07-19
MD,Carnegie Institution for Science,carnegie institution for science,,,541715,source,,,,,,,,,,,,,,n:carnegie institution for science,Baltimore city,2404000,Baltimore city,24510,39.300032,-76.610476,place,"3520 San Martin Drive Baltimore, MD 21218",2026-03-30,2026-06-30,15,mass_layoff,,0,0,1,https://www.dllr.state.md.us/employment/warn.shtml,b34a2dc790c1ff375c04fb06debd39c3df674a0c69e9dfc4bf8d9f19,9462367f05b4d68576a2f3b01ca7f5dd685f33aa,2026-07-16,2026-07-19
MD,"*RESCINDED* Advanced Packaging, Inc.",rescinded advanced packaging,,,326199,source,,,,,,,,,,,,,,n:rescinded advanced packaging,Baltimore city,2404000,Baltimore city,24510,39.300032,-76.610476,place,"4818 Seton Drive Baltimore, MD 21215",2026-03-31,2026-06-01,18,closure,,0,0,1,https://www.dllr.state.md.us/employment/warn.shtml,405b6a0ae7bb260fc8b7674da9d7d87079876672de181bcc1f62921a,5500fc550bb8bd9c0e323a127ee20906560a08a6,2026-07-16,2026-07-19
MD,"Advanced Packaging, Inc.",advanced packaging,,,,,,,,,,,,,,,,,,n:advanced packaging,Baltimore city,2404000,Baltimore city,24510,39.300032,-76.610476,place,"4818 Seton Drive Baltimore, MD 21215",2026-03-31,2026-06-01,18,unknown,,0,0,1,https://www.dllr.state.md.us/employment/warn.shtml,74b71fb16d3b1e861d9efef4bb3fe705278f1c6ebdc4140e831d6d6e,18b2d89e9aefb40e2b294e38cf6e2b54e6192eba,2026-07-26,2026-07-26
MD,General Dynamics Information Technology,general dynamics information technology,General Dynamics Information Technology,,541330,source,,,,,,,,,Q130724592,label,,40533,automatic,qid:Q130724592,Rockville city,2467675,Montgomery County,24031,39.083666,-77.155585,place,"5601 Fishers Lane Rockville, MD 20852",2026-04-01,2026-06-01,74,mass_layoff,,0,0,1,https://www.dllr.state.md.us/employment/warn.shtml,103db0c3043437d6a6f0c5e165cb103a3edbb4fe4cfe8555b1675cc2,5c412dae7a00e5feaf0ecaabfcaed5f54b9e1f13,2026-07-16,2026-07-19
MD,Legacy Supply Chain,legacy supply chain,,,493110,source,,,,,,,,,,,,,,n:legacy supply chain,Perryville town,2461150,Cecil County,24015,39.572968,-76.064923,place,"238 Belvidere Road Perryville, MD 21903",2026-04-01,2026-06-06,21,mass_layoff,,0,0,1,https://www.dllr.state.md.us/employment/warn.shtml,dfe7a0564be54e0792ceaa2f4cdf8a3f1c854605fe54d0bb10c062c1,aac0fc2c681499bc0590c207d31374b691e44b47,2026-07-16,2026-07-19
MD,Leidos,leidos,,,541519,source,353394,,exact,7373,Services-Computer Integrated Systems Design,,,,,,,,automatic,cik:353394,Fort Meade CDP,2429400,Anne Arundel County,24003,39.1057,-76.743278,place,"6910 Cooper Ave Fort Meade, MD 20755",2026-04-02,2026-05-31,71,mass_layoff,,0,0,1,https://www.dllr.state.md.us/employment/warn.shtml,1ce726b646afeed6faba532b55ef455eba515ad85a9714a2e4dcfdda,0455b1c9c7ee6d203a75b6ad88fe18e8ddae4f86,2026-07-16,2026-07-19
MD,"Tyto Athene, LLC",tyto athene,,,541519,source,,,,,,,,,,,,,,n:tyto athene,Fort Meade CDP,2429400,Anne Arundel County,24003,39.1057,-76.743278,place,"6910 Cooper Ave Fort Meade, MD 20755",2026-04-02,2026-05-31,39,mass_layoff,,0,0,1,https://www.dllr.state.md.us/employment/warn.shtml,e3471a4d1da16f1f54825712e7ab10004d3dcfae3a373f99d5ba598b,358bad0952511f40d6a913ed1e01829c33d959d3,2026-07-16,2026-07-19
MD,"Cox Automotive Corp Svc., LLC",cox automotive corp svc,,,423110,source,,,,,,,,,,,,,,n:cox automotive corp svc,,,,,,,,"4805 Philadelphia Road Belcamp, MD 21014",2026-04-03,2026-06-05,70,mass_layoff,,0,0,1,https://www.dllr.state.md.us/employment/warn.shtml,209803bdc4aa9ed1549c645d1dc2dc9bc10e2e86b43eb175d20c2f36,3e51bfd170aebb5c0e0ca3914478809871aae9ee,2026-07-16,2026-07-19
MD,Leidos,leidos,,,334413,source,353394,,exact,7373,Services-Computer Integrated Systems Design,,,,,,,,automatic,cik:353394,,,,,,,,"3300 Lord Baltimore Drive Windsor Mill, MD 21244",2026-04-06,2026-06-05,156,mass_layoff,,0,0,1,https://www.dllr.state.md.us/employment/warn.shtml,c8ce1f74e27c3a1c5ed6499c33d5bf861f7118411ab76a9ccab8c651,0512a1a7b37ca013584231ae24e73ada9b88edab,2026-07-16,2026-07-19
MD,Hendall Inc.,hendall,,,541512,source,,,,,,,,,,,,,,n:hendall,Rockville city,2467675,Montgomery County,24031,39.083666,-77.155585,place,"1803 Research Blvd, Suite 300 Rockville, MD 20850",2026-04-14,2026-06-10,50,mass_layoff,,0,0,1,https://www.dllr.state.md.us/employment/warn.shtml,7454010b04053688f30c785ab71c2f29544e71dbe4eebe7d6879224b,4f76ed32209e2410acfbb768e711da0fd2e7bf65,2026-07-16,2026-07-19
MD,Stoney River Steakhouse & Grill,stoney river steakhouse grill,,,722511,source,,,,,,,,,,,,,,n:stoney river steakhouse grill,Towson CDP,2478425,Baltimore County,24005,39.39421,-76.617751,place,"825 Dulaney Valley Road Towson, MD 21204",2026-04-20,2026-06-26,68,closure,,0,0,1,https://www.dllr.state.md.us/employment/warn.shtml,5924264cf4aa90772f8f80b4dee2d7d7825963a8ee84901d5b497d81,84264f56222705000a69360edadf5b60e653ee78,2026-07-16,2026-07-19
MD,"Trulite Glass & Aluminum Services, LLC",trulite glass aluminum services,,,327215,source,,,,,,,,,,,,,,n:trulite glass aluminum services,,,,,,,,"2190 Urbana Pike Ijamsville, MD 21754",2026-04-21,2026-06-19,21,closure,,0,0,1,https://www.dllr.state.md.us/employment/warn.shtml,2f784262fbd014bb15241079dfae8dc6680a9a53365cf22fd101e7c7,57f37a2e09b9112bb2077d01d6e8d07f058bc10b,2026-07-16,2026-07-19
MD,Apple Inc.,apple,Apple Inc.,,443142,source,320193,AAPL,exact,3571,Electronic Computers,,,,Q312,cik,,,automatic,qid:Q312,,,,,,,,"825 Dulaney Valley Road Towson, Maryland 21204",2026-04-23,2026-06-24,78,closure,,0,0,1,https://www.dllr.state.md.us/employment/warn.shtml,3376e97bfcaec1aafc164f4b78a7ba91816063b9ac75d248024d59fa,94b898741c62076f51e64d885e8077f5fdd444b8,2026-07-16,2026-07-19
MD,"Republic National Distributing Company, LLC",republic national distributing,,,424820,source,,,,,,,,,,,,,,n:republic national distributing,Jessup CDP,2442550,Anne Arundel County,24003,39.149094,-76.776388,place,"8201 Stayton Drive Jessup, MD 20794",2026-04-23,2026-06-21,318,mass_layoff,,0,0,1,https://www.dllr.state.md.us/employment/warn.shtml,a4679fc237a0997f73bd5014b0a143a7c56cf60a48577f08d534f565,a3fa95a03dcc34b116efc6a9116f15ae281f561b,2026-07-16,2026-07-19
MD,CBRE Government & Defense Services,cbre government defense services,,,531210,source,,,,,,,,,,,,,,n:cbre government defense services,,,,,,,,"9000 Rockville Pike, Building 10, Room B D19 Bethesda, MD 20892",2026-04-29,2026-05-17,174,mass_layoff,,0,0,1,https://www.dllr.state.md.us/employment/warn.shtml,d5aa1956df7a619c454ce71cb823a922e498c610547312af41bac667,4309f88c36a333cb3cf5cc322fb4d73316a89381,2026-07-16,2026-07-19
MD,Crothall Healthcare,crothall healthcare,,,561720,source,,,,,,,,,,,,,,n:crothall healthcare,Salisbury city,2469925,Wicomico County,24045,38.375328,-75.585925,place,"100 E. Carroll St Salisbury, MD 21801",2026-04-29,2026-07-01,109,mass_layoff,,0,0,1,https://www.dllr.state.md.us/employment/warn.shtml,28471b2d679a2188c84653decf3f0104c89d185f22f14d10aa0750b1,fb402cbae51cab219a99f16b1ac2dee1cb92c36f,2026-07-16,2026-07-19
MD,"Tuerk House, Inc.",tuerk house,TUERK HOUSE INC,,624110,source,,,,,,520902461,F220,,,,,,automatic,ein:520902461,Baltimore city,2404000,Baltimore city,24510,39.300032,-76.610476,place,"2700 Rayner Avenue Baltimore, MD 21216",2026-04-29,2026-06-30,31,closure,,0,0,1,https://www.dllr.state.md.us/employment/warn.shtml,6760ec87131a805df4d3f11d9cae408464266226b464201a4cc4e833,c5d93321b7c837524d3ff2031796d86e757bea8f,2026-07-16,2026-07-19
MD,"Gilead Sciences, Inc.",gilead sciences,Gilead Sciences,,325412,source,882095,GILD,exact,2836,"Biological Products, (No Diagnostic Substances)",,,,Q663596,cik,,,automatic,qid:Q663596,Rockville city,2467675,Montgomery County,24031,39.083666,-77.155585,place,"800 King Farm Blvd, Suite 600 Rockville, MD 20850",2026-04-30,2026-06-30,84,mass_layoff,,0,0,1,https://www.dllr.state.md.us/employment/warn.shtml,7a66bdd9fcb37dd575292c53265cee3c1229475a7dec5fc4cd959a1b,d4a826253d3af81606f88314ff309fa55b991d98,2026-07-16,2026-07-19
MD,Spirit Airlines,spirit airlines,Spirit Airlines,,481111,source,1498710,,exact,4512,"Air Transportation, Scheduled",,,,Q1190598,cik,,,automatic,qid:Q1190598,Baltimore city,2404000,Baltimore city,24510,39.300032,-76.610476,place,"Baltimore Washington International Thurgood Marshall Airport (BWI) 7050 Friendship Rd., Baltimore, MD 21240",2026-05-04,2026-05-02,13,closure,,0,0,1,https://www.dllr.state.md.us/employment/warn.shtml,d551b9b70db144e43a7d9bb808999b417670b5873309ddfcffb63886,bdf5fabcec3e3149b7fd593948aa09344c57f26b,2026-07-16,2026-07-19
MD,Tishcon Corp.,tishcon,,,325412,source,,,,,,,,,,,,,,n:tishcon,Salisbury city,2469925,Wicomico County,24045,38.375328,-75.585925,place,"2410 Zion Road & 818 Brown Street Salisbury, MD 21801",2026-05-04,2026-07-03,134,closure,,0,0,1,https://www.dllr.state.md.us/employment/warn.shtml,8bbb70b0f776366f3d99f7c4b5e34612d9611d99ccf53ab7f4b372da,69ad3500f177f53d57e52c723af3e9a09210a59e,2026-07-16,2026-07-19
MD,"Sibley- Suburban Home Health Agency, Inc. d/b/a Potomac Home Health Care and Potomac Home Support, Inc.",sibley suburban home health agency inc d b a potomac home health care and potomac home support,,,621610,source,,,,,,,,,,,,,,n:sibley suburban home health agency,,,,,,,,"6700A Rockledge Drive, Suite 200 Bethesda, Maryland 20817",2026-05-06,2026-07-06,163,closure,,0,0,1,https://www.dllr.state.md.us/employment/warn.shtml,5d94fc46bfb9a653c639b49b177c19dc884d879a7f0447c9771fd00e,8620faba9773d92adcf7dc3d07eed6cbf6939513,2026-07-16,2026-07-19
MD,"Diamond Transportation Services, Inc.",diamond transportation services,,,488510,source,,,,,,,,,,,,,,n:diamond transportation services,Landover CDP,2445325,Prince George's County,24033,38.924395,-76.887604,place,"3201 Hubbard Road Landover, MD 20785",2026-05-13,2026-05-12,571,closure,,0,0,1,https://www.dllr.state.md.us/employment/warn.shtml,229fe9f56dab74498152a516811e76588c913e686895e3fe8e747ed9,720ab67fd31009b2d483e05e1b9b789789c9410d,2026-07-16,2026-07-19
MD,ChristianaCare,christianacare,,,622110,source,,,,,,,,,,,,,,n:christianacare,Elkton town,2425800,Cecil County,24015,39.605776,-75.821686,place,"106 Bow Street Elkton, MD 21921",2026-05-18,2026-07-18,31,mass_layoff,,0,0,1,https://www.dllr.state.md.us/employment/warn.shtml,4521523e4f5069ad623c5b9a07bfa8afb5d10ae87ddd45c9baf3cb7f,54058d39016408f947163bd58935cb0fa2bfb13e,2026-07-16,2026-07-19
MD,"DRB Systems, Inc.",drb systems,,,333318,source,,,,,,,,,,,Vontier Corp,1786842,,n:drb systems,Elkridge CDP,2425750,Howard County,24027,39.195483,-76.741082,place,"7125 Troy Hill Dr, Elkridge, MD 21075",2026-05-20,2026-07-27,33,closure,,0,0,1,https://www.dllr.state.md.us/employment/warn.shtml,67736a81f32450b79f80f28defffaa2586a09875427ffc4423bc7de3,0eca2bc6061c884e170a5869fb3c828414d15281,2026-07-16,2026-07-19
MD,U.S. Bank,u s bank,,,522110,source,,,,,,,,,,,NORTHWEST AIRLINES CORP,1058033,,n:u s bank,Frederick city,2430325,Frederick County,24021,39.434089,-77.414539,place,"4527 Metropolitan Ct Frederick, MD 21704",2026-05-20,2026-07-24,36,mass_layoff,,0,0,1,https://www.dllr.state.md.us/employment/warn.shtml,c6978e1195bcd1bbd37fbddb726a2428699d2d1abd5e699cc734c7b4,f3a3376a5512dff818a740d2b103460a8a85d319,2026-07-16,2026-07-19
MD,General Dynamics Information Technology,general dynamics information technology,General Dynamics Information Technology,,541330,source,,,,,,,,,Q130724592,label,,40533,automatic,qid:Q130724592,Bethesda CDP,2407125,Montgomery County,24031,38.987292,-77.118612,place,"6555 Rock Spring Drive, Bethesda, MD 20817",2026-05-22,2026-07-22,34,mass_layoff,,0,0,1,https://www.dllr.state.md.us/employment/warn.shtml,cd7436d57853704007dbf541600447404f476763a2dac8bc8da08d7c,72624cde368573440a8fbf822b67c24a8a3e9c5a,2026-07-16,2026-07-19
MD,Federal Express Corporation,federal express,,,492110,source,230211,,exact,4513,Air Courier Services,,,,,,,,automatic,cik:230211,Salisbury city,2469925,Wicomico County,24045,38.375328,-75.585925,place,"5255 Falcon Drive Salisbury, MD 21804",2026-06-03,2026-08-03,25,mass_layoff,,0,0,1,https://www.dllr.state.md.us/employment/warn.shtml,e022f172b498605c8a2c2f482e09f428510953ebe702bd3c87f4389d,a93e6f634a3724cdea6b3613c186e17981e76787,2026-07-16,2026-07-19
MD,Kennedy Krieger Institute,kennedy krieger institute,KENNEDY KRIEGER INSTITUTE INC,,624410,source,,,,,,521524965,,,,,,,automatic,ein:521524965,Baltimore city,2404000,Baltimore city,24510,39.300032,-76.610476,place,"3901 Greenspring Drive Baltimore, MD 21211",2026-06-04,2026-08-07,8,mass_layoff,,0,0,1,https://www.dllr.state.md.us/employment/warn.shtml,7516feae5237a6d532b09ae2410326dbb16226aea2ad050e693af3af,2e796aaba219a6a7e4c913f840a9180ff959f929,2026-07-16,2026-07-19
MD,Kennedy Krieger Institute,kennedy krieger institute,KENNEDY KRIEGER INSTITUTE INC,,624410,source,,,,,,521524965,,,,,,,automatic,ein:521524965,Baltimore city,2404000,Baltimore city,24510,39.300032,-76.610476,place,"7000 Tudsbury Road Baltimore, MD 21244",2026-06-04,2026-08-07,18,mass_layoff,,0,0,1,https://www.dllr.state.md.us/employment/warn.shtml,5317a75418e843ce81be3f8fcd0223aef3e09323991478809bdfa76c,a54ea67bffe0d9b6deefd44a6f02ff1e270051db,2026-07-16,2026-07-19
MD,"AGI Ground, Inc.",agi ground,,,488119,source,,,,,,,,,,,,,,n:agi ground,Baltimore city,2404000,Baltimore city,24510,39.300032,-76.610476,place,"7050 Friendship Rd Baltimore, MD 21240",2026-06-08,2026-05-02,54,closure,,0,0,1,https://www.dllr.state.md.us/employment/warn.shtml,1189e3c99a1033bfc733afc935959286f31c98cb5a6b08d3b6c5d826,9b4602da9e33d437a84a08108dcd7c75a0ff2a32,2026-07-16,2026-07-19
MD,"F4L TRANS, LLC",f4l trans,,,484121,source,,,,,,,,,,,,,,n:f4l trans,Hyattsville city,2441250,Prince George's County,24033,38.961205,-76.954935,place,"5801 Columbia Park Road Hyattsville, MD 20785",2026-06-12,2026-06-13,33,mass_layoff,,0,0,1,https://www.dllr.state.md.us/employment/warn.shtml,c2d848d1376e9ce095a713d80666c8e679eaaea68aef83a79c212164,808fbbe92e1fdeb47dd6c28e039397cbbc16651a,2026-07-16,2026-07-19
MD,"Vestis Services, LLC",vestis services,,,812332,source,,,,,,,,,,,Vestis Corp,1967649,,n:vestis services,,,,,,,,"1035 Alpharetta Street, Suite 2100 Roswell, Georgia 30075",2026-06-15,2026-08-15,3,mass_layoff,,0,0,1,https://www.dllr.state.md.us/employment/warn.shtml,8ce946225a9c0b7a2c10477371b5b398aa5670b3892d2f16b7ad9127,6e23a83025789d5dd737360888dbd8ff0cc240d0,2026-07-16,2026-07-19
MD,The Banner School Inc,banner school,THE BANNER SCHOOL INC,,611110,source,,,,,,521254968,,,,,,,automatic,ein:521254968,Frederick city,2430325,Frederick County,24021,39.434089,-77.414539,place,"217 Dill Avenue Frederick, MD 21702",2026-06-26,2026-06-30,19,closure,,0,0,1,https://www.dllr.state.md.us/employment/warn.shtml,a67cd6407845265d872c2a142597cd6a6418f4bbe574b338afa538fd,0a77b37d534745bee721961de71011fb67c69fc4,2026-07-16,2026-07-19
MD,"Conduent Commercial Solutions, LLC",conduent commercial solutions,,,561990,source,,,,,,,,,,,CONDUENT Inc,1677703,,n:conduent commercial solutions,,,,,,,,"100 Campus Drive Florham Park, NJ 07932",2026-06-29,2026-08-28,5,mass_layoff,,0,0,1,https://www.dllr.state.md.us/employment/warn.shtml,363e6c21e65a8704f205412764dec3b38d4d6330de001e2394214323,c4d85ca67a485c1b2b1115d1950a507c95cc63af,2026-07-16,2026-07-19
MD,Kirson Medial LLC,kirson medial,,,456199,source,,,,,,,,,,,,,,n:kirson medial,Essex CDP,2426600,Baltimore County,24005,39.301359,-76.444426,place,"8801 Kelso Drive Essex, MD 21221",2026-07-01,2026-07-26,20,closure,,0,0,1,https://www.dllr.state.md.us/employment/warn.shtml,206af8d48e51ce695a56927b918c30b3fd4df866f821c8735bc9a821,38967c5c6a52367269a0bb92574d8f6e742d537a,2026-07-16,2026-07-19
MD,General Dynamics Information Technology,general dynamics information technology,General Dynamics Information Technology,,541512,source,,,,,,,,,Q130724592,label,,40533,automatic,qid:Q130724592,Germantown CDP,2432025,Montgomery County,24031,39.174252,-77.263754,place,"19901 Germantown Road Germantown, MD 20874",2026-07-02,2026-08-31,32,mass_layoff,,0,0,1,https://www.dllr.state.md.us/employment/warn.shtml,e7c15b18debade0bd1b970a285fcce5e2a7be4837e9985705ef981e7,65228b5ad9cfb532e7a23c009f9aa9e36fe15456,2026-07-16,2026-07-19
MD,"Pioneer Cladding & Glazing Systems, Inc.",pioneer cladding glazing systems,,,238150,source,,,,,,,,,,,,,,n:pioneer cladding glazing systems,,,,,,,,"1407 Parker Road Halethorpe, MD 21227",2026-07-06,2026-09-04,17,mass_layoff,,0,0,1,https://www.dllr.state.md.us/employment/warn.shtml,b98772930951e56f674e4ae5b5bb1decfc2c43aa207051e7c0d58824,92d3fa816198a3174aa7ddeac2b306fd67d406ff,2026-07-16,2026-07-19
MD,ZeniMax Media Inc.,zenimax media,,,511210,source,1092835,,exact:post-era,,,,,,,,,,automatic,cik:1092835,Rockville city,2467675,Montgomery County,24031,39.083666,-77.155585,place,"1370 Piccard Drive Rockville, MD 21030",2026-07-06,2026-09-04,166,mass_layoff,,0,0,1,https://www.dllr.state.md.us/employment/warn.shtml,e79eb8d973b31d8e422dcf9ac87bbca1902c593db829e4c425e10dc7,2fb2314efc71a404e1d3e0daeb05242abbd35d49,2026-07-16,2026-07-19
MD,ZeniMax Online Studios,zenimax online studios,,,518210,source,,,,,,,,,,,,,,n:zenimax online studios,Cockeysville CDP,2418250,Baltimore County,24005,39.478003,-76.630796,place,"200 International Circle Cockeysville, MD 21030",2026-07-06,2026-09-04,213,mass_layoff,,0,0,1,https://www.dllr.state.md.us/employment/warn.shtml,8e1eb8cba1eb057a49b7db434603317c42b8771e1a8d75119153b178,cd28470b031c10aef538ef3f7c831f71bc0e3933,2026-07-16,2026-07-19
MD,Dejana Truck and Utility Equipment,dejana truck and utility equipment,,,336211,source,,,,,,,,,,,,,,n:dejana truck and utility equipment,Baltimore city,2404000,Baltimore city,24510,39.300032,-76.610476,place,"6901 Rolling Mill Road Baltimore, MD 21224",2026-07-07,2026-07-08,39,unknown,,0,0,1,https://www.dllr.state.md.us/employment/warn.shtml,ec9b7bfec76a3e509be24679827a2394e5db0f20637894161104ede3,f74cf2ec180982db441085fb9a6fc6f6bca7779f,2026-07-16,2026-07-19
MD,"Taft Broadcasting, LLC",taft broadcasting,,,,,,,,,,,,,,,,,,n:taft broadcasting,,,,,,,,6700 Taylor Avenue,2026-07-20,2026-09-30,2,unknown,,0,0,1,https://www.dllr.state.md.us/employment/warn.shtml,27e19cd59fde44a1d6ff68c560b84b6f36df39ff37b0a28b24eeae09,e6efc6729d5a290ab75a81495de7b4b4bf58b212,2026-07-26,2026-07-26
MD,RP Professional Services LLC,rp professional services,,,,,,,,,,,,,,,,,,n:rp professional services,,,,,,,,"44927 George Washington Blvd. Ashburn, VA 20147",2026-07-24,2026-09-24,4,unknown,,0,0,1,https://www.dllr.state.md.us/employment/warn.shtml,2deac39bfcaed7d4f6fb00b9736dd5939e4a5e4d3ae73a14a6bf8b2a,d48e05c59b07820ba7726be184f5eeebd9c60c4f,2026-07-26,2026-07-26
