state,employer_name,location,notice_date,effective_date,employees_affected,layoff_type,is_temporary,is_amendment,is_amended,current_version,source_url,source_notice_id,dedupe_key,first_seen,last_seen
MN,2023 Elite Repeat,St Paul,,2023-07-01,1,closure,,0,0,1,https://mn.gov/deed/business/layoff-resources/warn-archive/,31d4380938ba079d86a5a80e33ac3fd1b2e5df88f6052608eeee3c17,73b5ac856c24d8a7fb6816fa63f9df1ee137e3ec,2026-07-16,2026-07-20
MN,3M's Wonewok- 2023,Park Rapids,,,40,closure,,0,0,1,https://mn.gov/deed/business/layoff-resources/warn-archive/,92ec5bc33f14f2e214802d5b18960cc9f5615e9f169a36b83c5028b1,bf1656fda5d4d8100f449353f5ae5d72bd75bcdf,2026-07-16,2026-07-20
MN,4th Street Saloon 2024,Minneapolis,,2024-03-18,1,closure,,0,0,1,https://mn.gov/deed/business/layoff-resources/warn-archive/,e331771a176b2c30d2226dc2127161cacd607aafa810aba2d250c765,476d0ede4db6e704ba7195242727b341636ceb8d,2026-07-16,2026-07-20
MN,507 (Pub)lic House Rochester 2024,Rochester,,,1,closure,,0,0,1,https://mn.gov/deed/business/layoff-resources/warn-archive/,37be491fa42eeda5de60ed22555d5b5fef19aed070cb33f003d8815d,05a18abfb48e812e99c2c144c977a742a9015d03,2026-07-16,2026-07-20
MN,801 Fish Mpls,Minneapolis,,2025-05-12,37,closure,,0,0,1,https://mn.gov/deed/business/layoff-resources/warn-archive/,04ecbdd25545a507bfe1d614c3e95cfb14e86bc4d50e33d251cb5bec,ae8cc16df13f1e4781cc3e7fd0ea9e248b41c555,2026-07-16,2026-07-20
MN,A & Dubs,Duluth,,2024-04-11,7,closure,,0,0,1,https://mn.gov/deed/business/layoff-resources/warn-archive/,ce9b66e87057c0264eaebb980b071abffa13ca35dcd7585ddfba3532,8cc3cdbbe780dd178ae8e0a62b9c8090d89ded8a,2026-07-16,2026-07-20
MN,A Plus Appliance St Paul 2024,St Paul,,2024-09-30,3,closure,,0,0,1,https://mn.gov/deed/business/layoff-resources/warn-archive/,671d1902b804789f999cd094b91feb313406e6236d8c79dd12415d6c,23f0cd76f2ec9ddc88bba0223c717d4d702ebb7a,2026-07-16,2026-07-20
MN,ABC123 Childcare Center,Dilworth,,2024-10-01,1,closure,,0,0,1,https://mn.gov/deed/business/layoff-resources/warn-archive/,8fb4e20dcc94a4a05d5b69e96241a891c6a5d25998c1bdf90ea55aff,4e1c6de3682293019939cf28d42948baff1eb4ad,2026-07-16,2026-07-20
MN,ABC123 Childcare Center 2024,Dilworth,,2024-10-01,1,closure,,0,0,1,https://mn.gov/deed/business/layoff-resources/warn-archive/,9b2d2368b69f779e791a628d015564a7a79b245ae2d8cdd14886a9e7,0683579911ccfd293182c84723cc51726a3b4c78,2026-07-16,2026-07-20
MN,AT&T 2023,Minneapolis,,2023-05-15,1,closure,,0,0,1,https://mn.gov/deed/business/layoff-resources/warn-archive/,385c0da74861b1a742d865ec17c0406bee2ee51ee497bbce1ba62754,c91025bdd26690c1a42e8ca59195697deb6813a2,2026-07-16,2026-07-20
MN,Ace General Store Excelsior,Excelsior,,2025-06-01,1,closure,,0,0,1,https://mn.gov/deed/business/layoff-resources/warn-archive/,4a38ad7cbaf87be0e274cc167bbaad4d76f06e47efdd2462c125b76f,89012940ef47428fa8e8c4eae506d657213eb37b,2026-07-16,2026-07-20
MN,Advance Corporation,Cottage Grove,,,42,closure,,0,0,1,https://mn.gov/deed/business/layoff-resources/warn-archive/,2c6e55d6d01ebddc749953732d8500d392ef356c44003c89bfbb4c97,fe477cdf1a9e77670a1f35e4cfe0fc2823216a27,2026-07-16,2026-07-20
MN,Agate Housing and Services 2024,Minneapolis,,,20,closure,,0,0,1,https://mn.gov/deed/business/layoff-resources/warn-archive/,b69bd185e27856e7c28d3c181c80b67918943d20390908474e2e3adf,14bba0a065fb5b8c14f6e4d2bb3cc40a30c881f0,2026-07-16,2026-07-20
MN,Agra Culture 2023,St Paul,,2023-08-01,1,closure,,0,0,1,https://mn.gov/deed/business/layoff-resources/warn-archive/,5afe1fb6fdefc03ae09175039756ab020e99ef5ffdb0dad4cac0e72b,c938fba8f86b9f2fa9fc04dcb5f14bf3e3666818,2026-07-16,2026-07-20
MN,Agra Culture and Sotarol Mpls 2024,Minneapolis,,2024-01-19,1,closure,,0,0,1,https://mn.gov/deed/business/layoff-resources/warn-archive/,99d036cc7eeee8b1a42f8a46b129d80537d17c9b53d72960bca3d083,7aeab366c94e00779956c039716443ecaa807fc1,2026-07-16,2026-07-20
MN,Alamo Annies Brownsdale 2024,Brownsdale,,2024-02-19,1,closure,,0,0,1,https://mn.gov/deed/business/layoff-resources/warn-archive/,31c7947f9a6735cb9693884def536944cacd81400ac16fdef55c1ee4,855398ad0071f33209bfc2754360cf59d3200580,2026-07-16,2026-07-20
MN,Alamo Drafthouse Cinema 2024,Woodbury,,,15,closure,,0,0,1,https://mn.gov/deed/business/layoff-resources/warn-archive/,84f8b59f7f940725fa74f83589f3791380c1bb646013268bb75a8a17,a9bf3ed931508a4dc18af5f109865cac89181062,2026-07-16,2026-07-20
MN,Alary's Bar 2023,New Brighton,,2023-06-01,1,closure,,0,0,1,https://mn.gov/deed/business/layoff-resources/warn-archive/,9656b0f3ce0305793e3ce6923e2d9b2d5aa40db11b60a0ae3bc101ea,cc47db08112a8b5b2d69f55a3c71261ea69e413c,2026-07-16,2026-07-20
MN,Alchemy 365,St Paul,,2024-11-16,4,closure,,0,0,1,https://mn.gov/deed/business/layoff-resources/warn-archive/,105e24415862c0c2d4b6a68264c0d2b2865ed80303896f4c89a8b05b,0e954a20e0d2056eeb83ec48efca5105c1954e0c,2026-07-16,2026-07-20
MN,Alchemy 365 2024,St Paul,,2024-01-16,4,closure,,0,0,1,https://mn.gov/deed/business/layoff-resources/warn-archive/,fb7e2cc9c0b867a07913d6214924243fc80a8fc35837c4c31f7a89dd,adda020058b10c91ad2e18213c084dc32855163f,2026-07-16,2026-07-20
MN,Aldi - N Mpls 2023,Minneapolis,,2023-02-12,15,closure,,0,0,1,https://mn.gov/deed/business/layoff-resources/warn-archive/,986a279d4ed38f9e7ba146a9d59e55db18cbdeee65bfba6b186d4e7d,0fdf88157dd6277301a8bf6af986eb308a143dee,2026-07-16,2026-07-20
MN,Ally's in BEMIDJI - 2024,Bemidji,,2024-03-01,1,closure,,0,0,1,https://mn.gov/deed/business/layoff-resources/warn-archive/,69a2eb7881cf7c52b3125cc333387ebe1aa26c4aeff999e9dbf987ff,ad5769bae212c4a26f2d3147e0297d14beda339f,2026-07-16,2026-07-20
MN,Alphonsus Catholic School,Brooklyn Center,,2024-05-31,15,closure,,0,0,1,https://mn.gov/deed/business/layoff-resources/warn-archive/,5edbf18c954cc08230f17f7594ffdc91a9bd85a83ceb9dc47959ddc4,4c6bafffeeb61a8c568e90dbd07e5ef5c39868a8,2026-07-16,2026-07-20
MN,Altony's Italian Cafe and Wine Bar,Moorhead,,2024-07-12,1,closure,,0,0,1,https://mn.gov/deed/business/layoff-resources/warn-archive/,131ee650fffa02f89b8b1c3988a4a9a9c7ffbf75beed35bb49f53461,beb422a14bdb5ee088f486dadde017e2c7f56211,2026-07-16,2026-07-20
MN,Altony's Italian Café,Moorhead,,,1,closure,,0,0,1,https://mn.gov/deed/business/layoff-resources/warn-archive/,9a5b76d94a22caf98b47c5b8deb996f647b49f51e040c12c46ab40b6,90eb2c1f428da4404ed897f72e421fa7a3c39f91,2026-07-16,2026-07-20
MN,American Beverage Corporation,Elk River,,2021-09-20,1,closure,,0,0,1,https://mn.gov/deed/business/layoff-resources/warn-archive/,ec314dc90c268370bf814f899b87dc20956bab928814a8851b1a6fbd,00c4bf37afbaae3496fee43b2ce321183b201fa1,2026-07-16,2026-07-20
MN,American Freight - Burnsville 2024,Burnsville,,2024-01-20,5,closure,,0,0,1,https://mn.gov/deed/business/layoff-resources/warn-archive/,c360b6b540ce4f0effd44782c4bd5e4beac472d8688f688420991193,9ed8b60cc615e6167830ed587852c272a0e5f7e6,2026-07-16,2026-07-20
MN,American Freight - Coon Rapids 2024,Coon Rapids,,2024-01-22,4,closure,,0,0,1,https://mn.gov/deed/business/layoff-resources/warn-archive/,7c7b6573161d07abd7979b7726284278995eae4eb259a37d555e3789,b5a165c8ae7d8a944f8abd934f258b21fcc3042b,2026-07-16,2026-07-20
MN,American Freight - St Paul 2024,St Paul,,2024-01-20,5,closure,,0,0,1,https://mn.gov/deed/business/layoff-resources/warn-archive/,f24979285ae4b47d24b10baddcbc7e5fa9ebd329062a1af687cce473,60d87244ad13f2160b29a5e96fdb9c83e1b39a82,2026-07-16,2026-07-20
MN,Anheuser - Busch,Moorhead,,,42,closure,,0,0,1,https://mn.gov/deed/business/layoff-resources/warn-archive/,f4b5e925c0b25064b01b60168382bbf77db2f95d038fbe79c3a9f7b1,39e271aee2e603198d5a6fb5e2b45f4b625fdbbb,2026-07-16,2026-07-20
MN,Anytime Fitness - Barnesville,Barnesville,,2024-04-01,5,closure,,0,0,1,https://mn.gov/deed/business/layoff-resources/warn-archive/,c2b716e08377eb59d53d7d678accf923b08b7d97f03b2e28b15650ab,a4266741d58d68e1ec11b34aa8d1c31ef117df18,2026-07-16,2026-07-20
MN,Anytime Fitness in Edina,Edina,,,1,closure,,0,0,1,https://mn.gov/deed/business/layoff-resources/warn-archive/,8e9439e55415c9ee439327db212998a98d1348df822d3a1b0314f6cc,84df0e7a704f004f99655d7c840356ab70299880,2026-07-16,2026-07-20
MN,Anytime Fitness in Edina 2023,Edina,,2023-07-01,1,closure,,0,0,1,https://mn.gov/deed/business/layoff-resources/warn-archive/,3deb9af0576492e28d5ce55ddeca40680ac67a3a514930fbe5464415,3354e2814d1367e6bc9e962ad63b313babe42f05,2026-07-16,2026-07-20
MN,Apostle Supper Club St Paul,St Paul,,2025-06-01,1,closure,,0,0,1,https://mn.gov/deed/business/layoff-resources/warn-archive/,bf2c235dc7accf8e0e0b9c5440a9861081fa8fbd48620ef0a5591eb0,c3e48aa4f1c467e9d8055cb36b4097ad83da60d5,2026-07-16,2026-07-20
MN,Apoy 2024,Minneapolis,,2024-02-27,20,closure,,0,0,1,https://mn.gov/deed/business/layoff-resources/warn-archive/,657f92c5bfd0ceaf7999e26141d865d844cdd4e869fae358396d665f,70e3e9fa7790a32e252dc44fedaf4c6e04f7906c,2026-07-16,2026-07-20
MN,Apoy 2024 Minneapolis Dining Establishments 2/27,,,,20,closure,,0,0,1,https://mn.gov/deed/business/layoff-resources/warn-archive/,7abfa2b2dbe106f3f3c4f4e9930d402bdeed4641c5bb00e549c9e0b2,db900d4f6a78c368a608eaad71e731d622256db6,2026-07-16,2026-07-20
MN,Apple Valley Foods,Chaska,,2025-07-11,95,closure,,0,0,1,https://mn.gov/deed/business/layoff-resources/warn-archive/,882acb1687d500dd0e9a2fdb4c727d7eb07bb3909d83a002ac7ed1e9,1f538162089c3a09e2a913b0daf879d57bd0f747,2026-07-16,2026-07-20
MN,Applebee – 2023,Brooklyn Ctr,,2023-03-29,39,closure,,0,0,1,https://mn.gov/deed/business/layoff-resources/warn-archive/,2bcddf03e11a3a9af8f08d8173f04f6a184db91b5e845b1968b9e88d,5c340534ad13470020d34fbec27f0741c0069326,2026-07-16,2026-07-20
MN,Applebee – 2023,Brooklyn Center,,2023-03-29,39,closure,,0,0,1,https://mn.gov/deed/business/layoff-resources/warn-archive/,5d972abfb6c146be06df0963f85a001f7c9289ed41d6aba2db75dc74,5c3b8b1d1f378e73ff611150c3ffa5758cc574d4,2026-07-16,2026-07-20
MN,Applebee's Baxter Dining Establishments,,,2023-12-31,1,closure,,0,0,1,https://mn.gov/deed/business/layoff-resources/warn-archive/,f7057600d724559382ce5ce76bffbdc9387ac6592baf1b226b647822,e46a22efa4daa8ba2f94317194dd03244599280b,2026-07-16,2026-07-20
MN,Applebee's Brainerd/Baxter 2024,Baxter,,,1,closure,,0,0,1,https://mn.gov/deed/business/layoff-resources/warn-archive/,dfc786606a3b10aebb027a852e959bc6dfd7b5deb5827f6146c1120e,1b0035ab6ab156cffe60ebae606d6801b23f524f,2026-07-16,2026-07-20
MN,Aramark-3M Locations 2020,Cottage Grove,,2021-04-30,80,closure,,0,0,1,https://mn.gov/deed/business/layoff-resources/warn-archive/,2616ac6748181bcab7d675569dcde4f9431c64b475df48f06b6b7f09,e07c85d1c8d1f45e2bad2f1ed146ea8ed97d1067,2026-07-16,2026-07-20
MN,Archery Headquarters 2024,Rochester,,2024-02-01,50,closure,,0,0,1,https://mn.gov/deed/business/layoff-resources/warn-archive/,9fababc5d69d807aa9c2920a1ea0282b871ce575f875654f8a788aa8,4048843a7940ce77d7da24374f88616726ddb2ae,2026-07-16,2026-07-20
MN,"Archery Headquarters 2024 Rochester Forestry, Fishing, Hunting 2/1",,,,50,closure,,0,0,1,https://mn.gov/deed/business/layoff-resources/warn-archive/,31574cd49092da78f4654930c677b3085ad9ebf6ac6176b0d3c4c622,dfe8ebfa82c9f629c5eb754f3b4bf680f77861c0,2026-07-16,2026-07-20
MN,Ardent Mills 2024,Mankato,,2025-01-16,44,closure,,0,0,1,https://mn.gov/deed/business/layoff-resources/warn-archive/,12a9f9856659ef9415d0dc36ad5b224c9c096cb426333f72cd7a381d,8c4859bea0bf4f3e804f33aacb973f4dae020a5d,2026-07-16,2026-07-20
MN,Arrow Ace- Shakopee 2024,Shakopee,,,10,closure,,0,0,1,https://mn.gov/deed/business/layoff-resources/warn-archive/,26dc9153093b8c62d209794e8596fc74384dd8dbbcbff8d82786394f,b56c3c735f0bf93b9f567484fb19357b4709f04c,2026-07-16,2026-07-20
MN,Arrow Ace- St.Peter 2024,St Peter,,,10,closure,,0,0,1,https://mn.gov/deed/business/layoff-resources/warn-archive/,64e7e6c0b462ac298af80a6f3cfc231d03e71ec66e2dfd9c2d09be99,e95fd4df90d941acab12055c099f5e661bd53799,2026-07-16,2026-07-20
MN,As It's Greek to Me Taverna E Parea - 2023,Minneapolis,,2023-03-23,,closure,,0,0,1,https://mn.gov/deed/business/layoff-resources/warn-archive/,74225140112af3557154a4a2d6a67419e211d8f7f7ba9a08b2a69b74,8fc9de80957aba9d9182ea52189684ea679c1639,2026-07-16,2026-07-20
MN,At Home,St Paul,,,1,closure,,0,0,1,https://mn.gov/deed/business/layoff-resources/warn-archive/,01639b599d982528889e097beb2509577dfef89158c958f75f9a3ccb,b59bfefff0c5587af32dfa1cfeab6fca088487bf,2026-07-16,2026-07-20
MN,At Home - Rochester 2025,Rochester,,,10,closure,,0,0,1,https://mn.gov/deed/business/layoff-resources/warn-archive/,c089bc09c2502236c759d051ad082e9319fdff6b01b36342444ed9ad,97443650c9c2cd20ca9c8c3b99e2cd8b60d6b65d,2026-07-16,2026-07-20
MN,Athlos Academy St Cloud 2025,St Cloud,,,63,closure,,0,0,1,https://mn.gov/deed/business/layoff-resources/warn-archive/,ff4bb2fb63344856bd166b0bc8b52fe277d02e6f0fdb07671927fdca,704c8c40c2a7f08af7a83ac3f82dbef5fa546ce6,2026-07-16,2026-07-20
MN,Axels Mendota 2024,Mendota,,2024-09-30,1,closure,,0,0,1,https://mn.gov/deed/business/layoff-resources/warn-archive/,65679507546482a750fdf5ad5563167fc22f14b8a5d1505b9b0087ef,e5d77efbf878290468dd604e9d74654ed6dd23a8,2026-07-16,2026-07-20
MN,B Social St Cloud 2024,St Cloud,,2024-09-24,1,closure,,0,0,1,https://mn.gov/deed/business/layoff-resources/warn-archive/,84d3b9b26ebdbaa26d1c5436606ad57b69769742ab9950638a84f60b,d116fed6685e77775f466da6483bc8d7630ce8ff,2026-07-16,2026-07-20
MN,BANK Restaurant Mpls 2025,Minneapolis,,,1,closure,,0,0,1,https://mn.gov/deed/business/layoff-resources/warn-archive/,edeb0f9e98eb1b533390e50476319565f577db5e76eda935d92207ad,aa901eac9481a561f0817c6fdc8e31cbf353f3e5,2026-07-16,2026-07-20
MN,BCS Auto Closure 2024,Winona,,2024-09-30,123,closure,,0,0,1,https://mn.gov/deed/business/layoff-resources/warn-archive/,dd3e799b7f749d9d96d4c9b538cf7ebde7ef9fc3c5246b1f78c7e7d4,7c61a75af04abc71fb7f29bd9fe9b6ecce7f7f66,2026-07-16,2026-07-20
MN,Back Shed Brewing Waite Park,Waite Park,,2025-03-01,2,closure,,0,0,1,https://mn.gov/deed/business/layoff-resources/warn-archive/,8ec71941c69fc8aba1743c100128e5b1ed914523f2e352f779e4c52b,c8fca40b4edebbafa815065c2ff9a1a7db2f3698,2026-07-16,2026-07-20
MN,Bad Ass Coffee 2024,Rochester,,2024-09-13,1,closure,,0,0,1,https://mn.gov/deed/business/layoff-resources/warn-archive/,5a01acffb601da7becbfcb62aa42a3348f722778085c2eed5a44bab1,f2d34cadb752be3597b6f521232efe9fbd482efc,2026-07-16,2026-07-20
MN,Ball Corp 2022,St Paul,,,110,closure,,0,0,1,https://mn.gov/deed/business/layoff-resources/warn-archive/,ca5e81649fbddc7cdb763bee1f8444704033e08f3f9e0ca0f0fe419a,a3db3a3ef701285a1962d130a7a2cad99a868f8b,2026-07-16,2026-07-20
MN,Bap and Chicken - 2023,St Paul,,2023-04-22,7,closure,,0,0,1,https://mn.gov/deed/business/layoff-resources/warn-archive/,f8cac0f0be1e0e66ca4b01a2eddc523d920efddd121540537671a7bf,77bcfac88f82138286a570d4aaa31d5a7f9bb4d3,2026-07-16,2026-07-20
MN,Barrio St Paul 2024,St Paul,,2024-09-06,1,closure,,0,0,1,https://mn.gov/deed/business/layoff-resources/warn-archive/,b23108bb7729264ff145f907be97bfc42b930df9c8da6353e1ba5df4,845a424ab93661a3846b72eb51fc01dd5dc0eb8d,2026-07-16,2026-07-20
MN,Baxter Healthcare 2021,Brooklyn Park,,2021-04-30,50,mass_layoff,,0,0,1,https://mn.gov/deed/business/layoff-resources/warn-archive/,4e880a55e6905905e478727f2ff310796dec0d1d426aeeece131dc53,1ef2b910171298f6426b869bbb8d54cf341fad4a,2026-07-16,2026-07-20
MN,Bay View Nursing and Rehabilitation,Red Wing,,2024-06-28,120,closure,,0,0,1,https://mn.gov/deed/business/layoff-resources/warn-archive/,6578123ed40d1a024eab9251a7054f6ce053c4310bc596549e8660fd,8d2f9d50dcea9aab4f268ab1b1c3f8c86678dc12,2026-07-16,2026-07-20
MN,Beautifully Seen Boutique 2024,Owatonna,,2024-06-04,1,closure,,0,0,1,https://mn.gov/deed/business/layoff-resources/warn-archive/,13d9f7fa39639ccba635a2760ddc4dc124d44f366428b2833efc900b,d07592e2f07c7137208a70202a990d33e5c46909,2026-07-16,2026-07-20
MN,Bed Bath & Beyond 2022,Duluth,,2022-03-01,10,closure,,0,0,1,https://mn.gov/deed/business/layoff-resources/warn-archive/,3737d0fc3abc6b21f721228ecc73208b00be74956115d9eaaad9f199,185ede35f1fa09643cd1dfc8f4693f47bf104a22,2026-07-16,2026-07-20
MN,Bed Bath & Beyond Minnetonka,Minnetonka,,2023-05-01,,closure,,0,0,1,https://mn.gov/deed/business/layoff-resources/warn-archive/,025a69850bc8854318dee2010a5762f06ec0d3cce61a7e6ad772ac54,fce6266fd2e38c112aabd8d794d51c495e0c905f,2026-07-16,2026-07-20
MN,Bed Bath & Beyond Rochester,Rochester,,2023-05-01,,closure,,0,0,1,https://mn.gov/deed/business/layoff-resources/warn-archive/,6fb47cede94240f4cc6147baf03f7b766a5cf708d5538fb401dbf2ca,fc75944ed2b4280fc6c691b0e22ef8a809caaaea,2026-07-16,2026-07-20
MN,Bed Bath & Beyond Roseville,Roseville,,2023-05-01,,closure,,0,0,1,https://mn.gov/deed/business/layoff-resources/warn-archive/,03f8e5bea6e1c9df2d75a39b4d6847f015aa2313fa7ce11fe1fdd512,05c7b5b32dab1de3c755508d8e4328af6721c5aa,2026-07-16,2026-07-20
MN,Bed Bath & Beyond Roseville,Union,,2023-05-01,13,closure,,0,0,1,https://mn.gov/deed/business/layoff-resources/warn-archive/,7b70045efd9564a05fdd78b0c2577047500bcfb27a2f2587eac1d67c,91af66da8e8e67a3739948220d36a9fc2f173d6c,2026-07-16,2026-07-20
MN,Bed Bath Beyond Eagan 2022,Eagan,,2022-02-28,15,closure,,0,0,1,https://mn.gov/deed/business/layoff-resources/warn-archive/,b6b38244a5e5f84fff8957b4b45162260e42b637a8290feb1c421c23,2019155f0e44d47591ad8940de8bbb46a611a2f3,2026-07-16,2026-07-20
MN,Bed Bath Beyond St Cloud 2022,St Cloud,,2023-01-01,10,closure,,0,0,1,https://mn.gov/deed/business/layoff-resources/warn-archive/,91101d74c3ce74e3ebbb7db9eafa2d85b44a8b235d2ab65062da3552,399bdc369ac402d5f973662008eac4e5f50dba9a,2026-07-16,2026-07-20
MN,Beirut Restaurant & Catering,West St Paul,,,11,closure,,0,0,1,https://mn.gov/deed/business/layoff-resources/warn-archive/,459e9247d15abb96d4f5971d853fd4646f607d5963c23e3f2c8263e6,7c30a4c35a2cbddd41839effc51f4ab7211f7f10,2026-07-16,2026-07-20
MN,Beirut Restaurant & Catering 2024,West St Paul,,2024-09-15,11,closure,,0,0,1,https://mn.gov/deed/business/layoff-resources/warn-archive/,3c96006bb507e565c2ae0690472e127baae5c2d8e7939da55be3b50a,00ffcac39ed5ca6c0d330e5df73bea50cb2e9ae6,2026-07-16,2026-07-20
MN,Bella Bridesmaids 2023,Minneapolis,,2023-06-01,1,closure,,0,0,1,https://mn.gov/deed/business/layoff-resources/warn-archive/,5104e87577dd6c8dcd588f735111e29195d6759d0db95b9f3c19674b,0a24af0a05c957c0782c5a80d07689d370c6ceaa,2026-07-16,2026-07-20
MN,Best Buy- Apple Valley 2024,Apple Valley,,2024-03-29,1,closure,,0,0,1,https://mn.gov/deed/business/layoff-resources/warn-archive/,6c95cf87e427460e3d4406e5e6dd75ce6549f4a87ab6eee52581c374,965e7fde8519ddea8f0ce014187fff69cedf043f,2026-07-16,2026-07-20
MN,Best Buy- Shakopee 2023,Shakopee,,2023-03-04,1,closure,,0,0,1,https://mn.gov/deed/business/layoff-resources/warn-archive/,91e2e562610154830389a892ff2b1c0ac3ac9155f6317d62a33ebe88,1686c04fa487c6a0789fc36651fd55daae2cb018,2026-07-16,2026-07-20
MN,Best Wishes Floral 2023,Golden Valley,,2023-10-01,3,closure,,0,0,1,https://mn.gov/deed/business/layoff-resources/warn-archive/,e525191c3fc97abe032848dc2571d66e3e9af43a30e54800d74a6dff,eb28d2dcbe6c02e0f242ceef94cc0cd97fe8b59f,2026-07-16,2026-07-20
MN,Big Lots 2024,Albert Lea,,,23,closure,,0,0,1,https://mn.gov/deed/business/layoff-resources/warn-archive/,c5b8c38b6a4fe5ec51667b74140a7bd717f30423a0ccd8f1b5844d8b,8735013b3ddae1d74ff526be08fbf01cca2bd971,2026-07-16,2026-07-20
MN,Birchwood Cafe 2021,Minneapolis,,2021-06-21,18,closure,,0,0,1,https://mn.gov/deed/business/layoff-resources/warn-archive/,a5cc7fcf62103c4aa115df020406a339c8bc4ab013f8bf4b9f54fd70,96df2441b6fa543a7a694b88fd6addc0d211416a,2026-07-16,2026-07-20
MN,Black Coffee and Waffle Bar,Minneapolis,,2024-02-15,25,closure,,0,0,1,https://mn.gov/deed/business/layoff-resources/warn-archive/,ca153d37e5f42d5536681082f17f7303f4ca16ea9a92048810fce8a3,40a8c55811fca9fc97ad9588558588b24190c55e,2026-07-16,2026-07-20
MN,Black Coffee and Waffle Bar Minneapolis Dining Establishments 2/15,,,,25,closure,,0,0,1,https://mn.gov/deed/business/layoff-resources/warn-archive/,9cd9504e7286aa0e08d3db33be9998485cded3663e40025e51f0e208,aa33585f47569ca6a33b4a3cf2d6772cc2e3b310,2026-07-16,2026-07-20
MN,Black Sheep Pizza Mpls 2024,Minneapolis,,2024-01-30,1,closure,,0,0,1,https://mn.gov/deed/business/layoff-resources/warn-archive/,cad76c9eb24bcfb185d1488629490879d5b1e3d57ade03a8856edb99,41f25e1bb03b10c31504638e3d38cfcf1fb4792c,2026-07-16,2026-07-20
MN,Black Water Lounge Duluth,Duluth,,,1,closure,,0,0,1,https://mn.gov/deed/business/layoff-resources/warn-archive/,43e63cbcb065dcbe0048c13d22ef18ef16f56a517d911a005c65f820,fb5b428c3bd218c660b740cc9d3e11ba5bbba429,2026-07-16,2026-07-20
MN,Black Water Lounge Duluth 2024,Duluth,,2024-07-25,1,closure,,0,0,1,https://mn.gov/deed/business/layoff-resources/warn-archive/,4e3c40b4fe0afd3ddf8bae1fc84ea8b3ffa678adfeb867dc1d32d8f2,572479e2d52b58c4704d8a20b58551c6a8865c2b,2026-07-16,2026-07-20
MN,Boardwalk Bar & Grill 2024,East Grand Forks,,2023-01-01,11,closure,,0,0,1,https://mn.gov/deed/business/layoff-resources/warn-archive/,1b7b90cc7a896607bc32a1e70556e8113b9f954fd2a5272646a03714,135fff0fc52d84589de105c5469eeb86915c43ed,2026-07-16,2026-07-20
MN,Boardwalk Bar & Grill East Grand Forks Dining Establishments,,,2023-01-01,11,closure,,0,0,1,https://mn.gov/deed/business/layoff-resources/warn-archive/,db8ea371625e5d46a43470470467ce6529fa4ebae970c2de7b4fc52d,664f36d0cc8382f5e69802e79f234aa82b528187,2026-07-16,2026-07-20
MN,Bon Vie Bistro & A Piece of Cake,St Paul,,2023-04-04,,closure,,0,0,1,https://mn.gov/deed/business/layoff-resources/warn-archive/,d475779ae7e98877dcb7feeea1415bb03525fe8b327001dca5959d03,52883c00c456906f81fd1a7317534941fa03f224,2026-07-16,2026-07-20
MN,Bon Vie Bistro & A Piece of Cakes - 2023,St Paul,,2023-04-04,,closure,,0,0,1,https://mn.gov/deed/business/layoff-resources/warn-archive/,23fc54dc1c4469f6ee8691c4c60b5fe856589ff052857fee25b746c0,23be07bd175e7e3ee24d7fc33e7e9c359247a18a,2026-07-16,2026-07-20
MN,Bonngard's Family Meats 2022,Cottage Grove,,2022-02-05,2,closure,,0,0,1,https://mn.gov/deed/business/layoff-resources/warn-archive/,3be7345bcbb1eebb930b7e69ca728a568e230aeee592f0810b19807e,f6f6a5feae9eb9218a0443d46a82854be9ac65de,2026-07-16,2026-07-20
MN,BoxDrop Duluth,Duluth,,2025-06-30,1,closure,,0,0,1,https://mn.gov/deed/business/layoff-resources/warn-archive/,0ecb9960a1f2c42ce6bf29c6960252a0958ff9af8aedccbf8b127353,31ee91787816fa560a4c85e6708e2a4fedb617bc,2026-07-16,2026-07-20
MN,Brainerd Dispatch 2024,Brainerd,,,21,closure,,0,0,1,https://mn.gov/deed/business/layoff-resources/warn-archive/,c3a38bfc18b9d5cc7eb5ac45f9aae6eaa01077acf8cc361284c86c17,6256c59edc0a911c8ecbb1df4015d232734698a2,2026-07-16,2026-07-20
MN,Breakfast Barn Millville 2025,Millville,,,2,closure,,0,0,1,https://mn.gov/deed/business/layoff-resources/warn-archive/,f789aa53908413f25d928e50919a32c6f500b9dcee92c7561cf8a565,5ccc494d11927cb35bcae9b3978adcd4c3eb07d7,2026-07-16,2026-07-20
MN,Bridge Street Tavern 2024,Owatonna,,2024-09-13,1,closure,,0,0,1,https://mn.gov/deed/business/layoff-resources/warn-archive/,b79651763b29331384de8dc2b10144b8992c0f30e36ceb2416ad6bb4,030025a7f5c0bb23ffc13975ba0c2479b82a133f,2026-07-16,2026-07-20
MN,Bridges MN.,St Paul,,2022-07-12,,closure,,0,0,1,https://mn.gov/deed/business/layoff-resources/warn-archive/,a3a4b00e1b6189804daa403ca853b70406d79e596b3ddf1b00d2aede,fb8d2f479e1a358a1b78b8bde2ed2707aea5896f,2026-07-16,2026-07-20
MN,Brooklyn Restaurant and Bar,Brooklyn Park,,2024-02-21,,closure,,0,0,1,https://mn.gov/deed/business/layoff-resources/warn-archive/,20d32757530fcdd466d0daf46a92181a027266c8e0980727d4a9d6a1,2d45d37145dd5e3c1a25a192092048ab62242b10,2026-07-16,2026-07-20
MN,Buffalo Wild Wings - Edina 2023,Golden Valley,,2023-04-01,,closure,,0,0,1,https://mn.gov/deed/business/layoff-resources/warn-archive/,8d8cd484eb20c6e931130b29b0a1d0e8fb257b75161770c112348cce,19815ff459dde00b427115b048518fad4d5676f4,2026-07-16,2026-07-20
MN,Buffalo Wings and Rings 2021,Mankato,,2021-10-17,1,closure,,0,0,1,https://mn.gov/deed/business/layoff-resources/warn-archive/,4db841ef59700dd41635c381f4e062edd86894c2a6604cd640d482e2,64c0315d6fffa3f14413acf9e9322c79052ca9dc,2026-07-16,2026-07-20
MN,Burger King - Alexandria – 2023,South Ogden,,2023-04-12,25,closure,,0,0,1,https://mn.gov/deed/business/layoff-resources/warn-archive/,659fe51f90669bfd7477ed5907b9f60961587ef2ecddd30dce5deb1d,9fe309c98b10c0acf8eb233a19d7ad69541627e9,2026-07-16,2026-07-20
MN,Burger King - East Grand Forks,South Ogden,,2023-04-12,25,closure,,0,0,1,https://mn.gov/deed/business/layoff-resources/warn-archive/,05096c941795de4a1fc219e31683ab90b4bd85f47a2da2a42c7de458,e34be50ce85fd4188592f735b6d444fb4e1536d0,2026-07-16,2026-07-20
MN,Burger King - East Grand Forks - 2023,South Ogden,,2023-04-12,1,closure,,0,0,1,https://mn.gov/deed/business/layoff-resources/warn-archive/,803f0170c2e5cf282d64de3dec7bc00fc882fc82aef35bf55c0003e5,3b3432367428d9b102313c66a6ef66c73c839822,2026-07-16,2026-07-20
MN,Burger King - Fergus Falls - 2023,South Ogden,,2023-04-12,25,closure,,0,0,1,https://mn.gov/deed/business/layoff-resources/warn-archive/,2d551c92101374eedaf9422f828fdd8235adbb9d282311d7a1772def,48ab5f876bda37ebb9fb067346a226f17955e76a,2026-07-16,2026-07-20
MN,Burger King - Litchfield – 2023,South Ogden,,2023-04-12,25,closure,,0,0,1,https://mn.gov/deed/business/layoff-resources/warn-archive/,090433924e52bbe6df0b3b84597d301362ae73dc91553e3d94dd8221,5a62220b701e76b37a80f99d3854d5c390228dc4,2026-07-16,2026-07-20
MN,Burger King - Long Prairie - 2023,South Ogden,,2023-04-12,25,closure,,0,0,1,https://mn.gov/deed/business/layoff-resources/warn-archive/,fdd3921159728b4d9dda91edf0e296f033205b4ef577f8411c71104a,cb4ab359f25197a2481ab17843f6a5b79404fb7b,2026-07-16,2026-07-20
MN,Burger King - Montevideo - 2023,South Ogden,,2023-04-12,25,closure,,0,0,1,https://mn.gov/deed/business/layoff-resources/warn-archive/,43167b6774e5cd3554dca9573a2e79dcd6887ea14581cd503e56e2ed,1143291b84c04003be9953ad903c284aced7903c,2026-07-16,2026-07-20
MN,Burger King - North Moorhead,South Ogden,,2023-04-10,25,closure,,0,0,1,https://mn.gov/deed/business/layoff-resources/warn-archive/,c6b93e6beb25be5bafda41b717b69a8bfe05b438a579a28a63f93e3e,236c4e0403336188016b91e59116daa57f2c3a91,2026-07-16,2026-07-20
MN,Burger King - North Moorhead - 2023,South Ogden,,2023-04-10,25,closure,,0,0,1,https://mn.gov/deed/business/layoff-resources/warn-archive/,047b0803023dad0254a8f1fa45f6dc1ce28f4b95fab324d7e0d1a07c,f78cb89908254cbd9fd49875629f9f6b41a8bfa4,2026-07-16,2026-07-20
MN,Burger King - Redwood Falls,South Ogden,,2023-04-12,25,closure,,0,0,1,https://mn.gov/deed/business/layoff-resources/warn-archive/,442b9f98cf04ede0459e55dc914fc8c1cde1a15a6e8b34af3f1cfb0d,e18e628baf94306b4d8b396a63c780fa1770b66a,2026-07-16,2026-07-20
MN,Burger King - Redwood Falls - 2023,South Ogden,,2023-04-12,1,closure,,0,0,1,https://mn.gov/deed/business/layoff-resources/warn-archive/,8316842206fbd5cb0f3f0f8226b818951fda05bb989cf59b4e3d5ca7,ff16b5dc6c1676c8d6e8962b02901ed129a4e4ec,2026-07-16,2026-07-20
MN,Burger King - Willmar - 2023,South Ogden,,2023-04-12,25,closure,,0,0,1,https://mn.gov/deed/business/layoff-resources/warn-archive/,d4a6b4fd7bce1270fa7efbb4af826ff629763b9cba441fd397dffecd,c191a90baa2466657ebb7a6724a220eab99c197c,2026-07-16,2026-07-20
MN,Burning Brothers Brewing St Paul,St Paul,,2025-05-10,12,closure,,0,0,1,https://mn.gov/deed/business/layoff-resources/warn-archive/,efe3dc48db3250d28b885f13b04f2427afe3b0e71d844725f813f6c4,f0abf11a5a1368681aceef4edf329af7c7ed5882,2026-07-16,2026-07-20
MN,CARE St. Peter 2024,St Peter,,2024-06-27,,closure,,0,0,1,https://mn.gov/deed/business/layoff-resources/warn-archive/,9a8807c706bf1bfd6b3533acd077fbb4b2e75c75bcd606b551f08498,eb9866dcb2589c2d7bc3f8ffc3cd70ded9357b6d,2026-07-16,2026-07-20
MN,CCFBank,Faribault,,2025-02-03,2,closure,,0,0,1,https://mn.gov/deed/business/layoff-resources/warn-archive/,499a70566eccde8e83ef88a2376f0ad187eb43e21a13309d4b835036,990d6f37fb38876c5f7bfa053ceb8f7fee3a7ade,2026-07-16,2026-07-20
MN,CVS Moorhead 2022,Moorhead,,2022-02-25,13,closure,,0,0,1,https://mn.gov/deed/business/layoff-resources/warn-archive/,d2cd7f8f111a28f4620879f9ecf1d502aa863b9bfdfedba74f9401b1,41d3203b07bbe19009891d9f2c0be22a7166f439,2026-07-16,2026-07-20
MN,CVS Pharmacy,Minneapolis,,,1,closure,,0,0,1,https://mn.gov/deed/business/layoff-resources/warn-archive/,2506170f5fcc85a6a5ca6d2b69294f8dc268cf672d773cfc2084c0ed,cfa988a5ea17b776c08e08fc4ab476fb351d48dd,2026-07-16,2026-07-20
MN,CVS Pharmacy - Brooklyn Center,Brooklyn Center,,,12,closure,,0,0,1,https://mn.gov/deed/business/layoff-resources/warn-archive/,a6576c5d9bdfca17138c1062678e36488af7cbf8db7f38446bb006c2,b1b5c7f2b6a7e1f9e357d19f1d47bc805ad4cc8d,2026-07-16,2026-07-20
MN,CVS Pharmacy - Duluth,Duluth,,,1,closure,,0,0,1,https://mn.gov/deed/business/layoff-resources/warn-archive/,fcbb7ea3010bc818faa2233b015aa2d13b4ee594beb1dd34eb931e86,2587e491bcfc92300dd8e53018f271cc42617742,2026-07-16,2026-07-20
MN,CVS St Paul 2022,St Paul,,2022-04-01,3,closure,,0,0,1,https://mn.gov/deed/business/layoff-resources/warn-archive/,9e22b03adbfe6432570acb34a96784ba222c07ef31f96db571f04a2b,67cb0c5d78141622a12f695afcb1442fb16ad8ce,2026-07-16,2026-07-20
MN,Cabin Coffee Co. St Charles Other Services,,,2024-12-01,1,closure,,0,0,1,https://mn.gov/deed/business/layoff-resources/warn-archive/,0219fa71c7dd7479d5a2b040e6347bdb233ca7017fd2a59d5711b651,028621e0a9df1dcabbbfca94be86056b0a0cb302,2026-07-16,2026-07-20
MN,Cabin Coffee Co. in Chatfield 2024,St Charles,,2024-12-01,1,closure,,0,0,1,https://mn.gov/deed/business/layoff-resources/warn-archive/,f8914c759f37040e1836d8fe563508421c812dc793ca173feb1f82f6,00ddda06e8d57d718dc314b336902012476cce4f,2026-07-16,2026-07-20
MN,Cafe Astoria,St Paul,,2024-03-18,20,closure,,0,0,1,https://mn.gov/deed/business/layoff-resources/warn-archive/,e8805356370cded4b7bc804a89862cec30c603c68d63321579764827,d651b7df9825abc3c211083650d9cb0cc670af88,2026-07-16,2026-07-20
MN,"Campiello, Eden Prairie",Eden Prairie,,,40,closure,,0,0,1,https://mn.gov/deed/business/layoff-resources/warn-archive/,6aa29837d4424fbacd34ba819dd29dcc9cbe9a8d6213bc173f6df03a,cc1fac264dc2c1b37167a7b08ae18758cc7ec7de,2026-07-16,2026-07-20
MN,"Campiello, Eden Prairie 2023",Eden Prairie,,2023-10-23,40,closure,,0,0,1,https://mn.gov/deed/business/layoff-resources/warn-archive/,05feeead1acb6bb8995c7930dfe52a8197b858475358fd8b45cb7a05,03185334d8b560829e783b6f481a802b00915e0a,2026-07-16,2026-07-20
MN,Camping World,Hermantown,,,30,closure,,0,0,1,https://mn.gov/deed/business/layoff-resources/warn-archive/,ddd6300fd97c1947ad79e8074a727144fe3edd157fa835e1f765d1b4,88c84c1a60284ab0233a800d81ef136c11ff9c57,2026-07-16,2026-07-20
MN,Camping World Madelia,Lincolnshire,,,20,closure,,0,0,1,https://mn.gov/deed/business/layoff-resources/warn-archive/,dbfdacbf5556373726374769441c89b0c582074ee41e1d4f0bdab576,c9d579df80bed9d45bf34b1673e3dcd0da36fa26,2026-07-16,2026-07-20
MN,Camping World Madelia 2024,Lincolnshire,,2024-07-08,20,closure,,0,0,1,https://mn.gov/deed/business/layoff-resources/warn-archive/,4b5877c8799a727639e910dc699fb15682c41dc51be38bdba1c72611,21351e3147b6892d681bef050f417e2348ece2f2,2026-07-16,2026-07-20
MN,Capra's Sporting Goods 2024,Blaine,,,1,closure,,0,0,1,https://mn.gov/deed/business/layoff-resources/warn-archive/,6a3324d062d59b382a6ee1b5910178165a65407e273482eb47014889,5871368263de47235694484d087d3bdfc01b7453,2026-07-16,2026-07-20
MN,Carbone's Pizza Inc in Rochester 2024,St Paul,,2024-05-01,49,closure,,0,0,1,https://mn.gov/deed/business/layoff-resources/warn-archive/,2f5622cd3227ab976b5688cebd75154d0218641f569d8769abe42a06,5a989dff6cb7d990a92d42ac1122a9277e334b59,2026-07-16,2026-07-20
MN,Cardinal Corner Inc,West St Paul,,,11,closure,,0,0,1,https://mn.gov/deed/business/layoff-resources/warn-archive/,a6461067808687c65ed08d12a30aa3cbe9cc08749cbef67298711bff,932c234171647cbc2d7529acd4bf7416f8e036af,2026-07-16,2026-07-20
MN,Cardinal Corner Inc West St Paul Retail,,,2023-12-31,11,closure,,0,0,1,https://mn.gov/deed/business/layoff-resources/warn-archive/,e2acff7fae9de40598a249ba0e81ef679a2ec6592adf6ab5cd60b62f,cbc3d620797fe0427f5ba447fa200ab803a1127a,2026-07-16,2026-07-20
MN,CareHealth America 2024,Blue Earth,,2024-01-27,15,closure,,0,0,1,https://mn.gov/deed/business/layoff-resources/warn-archive/,e4ca2c2a06a713291e8d4537415489654b689a337e6043fc4b265d80,60a65f21cf75a9feb43acd478348e3d223019567,2026-07-16,2026-07-20
MN,Caribou Coffee - 68 Snelling Ave S,St Paul,,,1,closure,,0,0,1,https://mn.gov/deed/business/layoff-resources/warn-archive/,773ec66b6e02f618e10f3e5eab588817d8a18856e2edb573beba6747,86fb9b6591aff1afee67c821b2a0b9359f62c893,2026-07-16,2026-07-20
MN,Caribou Coffee - Edina 2023,Minneapolis,,,1,closure,,0,0,1,https://mn.gov/deed/business/layoff-resources/warn-archive/,aea0546160cf2f0e19f4ddeb3ac669d3530eb81bf3e858214e6b8d26,7d5279b2abfe3ded2e8b0c7154b5568487acaf78,2026-07-16,2026-07-20
MN,Caribou Coffee - near St. Paul 2023,St Paul,,2023-11-01,1,closure,,0,0,1,https://mn.gov/deed/business/layoff-resources/warn-archive/,df103cf68b318c001f394499d3c0f6b296724d2328133bd922c6f51e,3df905680de349038cdbd9c9fbcfd334e581c381,2026-07-16,2026-07-20
MN,Caribou Coffee Grand 1 2024,St Paul,,2024-01-01,1,closure,,0,0,1,https://mn.gov/deed/business/layoff-resources/warn-archive/,7751e3ec255a238de5bfcc5c415080b9ad5afd58e600d770abe6914c,dfc505a074dc1eff680c5a03dbde04d88ab7ae6f,2026-07-16,2026-07-20
MN,Caribou Coffee Grand 1 St Paul Dining Establishments,,,2024-01-01,1,closure,,0,0,1,https://mn.gov/deed/business/layoff-resources/warn-archive/,698a98841120551aa8e59ec080442a323ad26354f8bcecca2fa507ed,39beaf36b79f11520f7407cc672b2c2676240330,2026-07-16,2026-07-20
MN,Catherwood Home Childcare Austin,Austin,,2024-12-06,1,closure,,0,0,1,https://mn.gov/deed/business/layoff-resources/warn-archive/,563cd2bbff47d9e5162f3f5b78038e2350d7c40c4af7a8a8feb06848,39d82d51f8ba9a6e90ff021aba6f37608aba41df,2026-07-16,2026-07-20
MN,Cavallin Ford 2024,Pine City,,2024-05-24,6,closure,,0,0,1,https://mn.gov/deed/business/layoff-resources/warn-archive/,7244a917677235b79a9b45a3448b66369c64bb94b6080f781339a750,4e87367f31103acd203614422d218f3fd2967e02,2026-07-16,2026-07-20
MN,Cedar House- Waconia 2024,Faribault,,,7,closure,,0,0,1,https://mn.gov/deed/business/layoff-resources/warn-archive/,2cb53e47d7ec6d1d116218f23a5f438df7b23fd860047e1e08fd98da,eae0e1c0a25d2f007ea2e61e321962a0de55992f,2026-07-16,2026-07-20
MN,Center for Antiracism Research,Minneapolis,,2025-05-30,3,closure,,0,0,1,https://mn.gov/deed/business/layoff-resources/warn-archive/,9a5ef3bf3d2437fa697f280b3066d98db1fbc30ec4572aa11167b722,ded48cab771df350de3de42933f0e13448977de3,2026-07-16,2026-07-20
MN,CenturyLink Mpls 2020,Minneapolis,,,,mass_layoff,,0,0,1,https://mn.gov/deed/business/layoff-resources/warn-archive/,e25f1e91508fd8f99a3b495ed58aeb1bcb9ddec511d98a297514f759,a9f5343839d8572e9fb396b5e3584461dd375522,2026-07-16,2026-07-20
MN,Chalet Lounge Hermantown 2024,Hermantown,,,8,closure,,0,0,1,https://mn.gov/deed/business/layoff-resources/warn-archive/,7baf46ab902645aa3ef4624c23f3112e8042bdcfc220571ecb701791,bde3add61e9dd3d1f9f55f89970b13858afd2b58,2026-07-16,2026-07-20
MN,Chanhassen Brewing 2025,Chanhassen,,2025-02-01,2,closure,,0,0,1,https://mn.gov/deed/business/layoff-resources/warn-archive/,9a3d9b6ef09537f33ff96f1adb077f59c321954738dc1cc5046fe081,1c753bfaa97a105def24acb7d773419dd82dab5c,2026-07-16,2026-07-20
MN,Chaotic Good Brewing 2024,Kasson,,2024-02-23,1,closure,,0,0,1,https://mn.gov/deed/business/layoff-resources/warn-archive/,fe4a2de90f41bcfa8d0b1235aa9ac5a4607f46239b609325587e717e,bd28448baa33cfd7a4daa8b3bc20c126ca969e51,2026-07-16,2026-07-20
MN,Charleys Rochester 2025,Rochester,,,1,closure,,0,0,1,https://mn.gov/deed/business/layoff-resources/warn-archive/,b0e8456759c996ec56e38ed301cca0680979ef77e4df23294d0ecf9f,073bb3afab8d2e9bdb5a533d31f2b97811053206,2026-07-16,2026-07-20
MN,Charter Communications 2024,Rochester,,,330,closure,,0,0,1,https://mn.gov/deed/business/layoff-resources/warn-archive/,ef71aa8c06a7f0b0d18a516b5531c65b9fbb3c5451ba286fe7c632df,ae940bebd4cfd280f7d5d177abec758c4388e83b,2026-07-16,2026-07-20
MN,Charter Communications Rochester,Rochester,,2024-08-15,330,closure,,0,0,1,https://mn.gov/deed/business/layoff-resources/warn-archive/,b010d0124f83618251a2f5442a78579bfd5d4f036f6d0f2cc349146d,2e31f9a6ed6006e4ffd45024a2401df4bcddbc1f,2026-07-16,2026-07-20
MN,Chartwells SCSU,St Cloud,,2026-07-01,153,mass_layoff,,0,0,1,https://mn.gov/deed/business/layoff-resources/warn-archive/,a3345503d757043ffbf70f75588287112c03606f30a8b11d6789d1de,9ca4b3a625c97e699e6250b3e35501b961c56eec,2026-07-16,2026-07-20
MN,Chartwells SMSU,Marshall,,2026-07-01,64,mass_layoff,,0,0,1,https://mn.gov/deed/business/layoff-resources/warn-archive/,faa7a9d6335369cb3acfe50dbc2f8b4292ffb9e73d6541bdd7838cde,2c88ea7b93d5f0348cdab78e6ce7ca4b28072453,2026-07-16,2026-07-20
MN,Cheles 2023,Minneapolis,,2023-08-01,1,closure,,0,0,1,https://mn.gov/deed/business/layoff-resources/warn-archive/,a019683d1ea3755759fea28057e433580c3051b1514a93ed0b9e7322,814513d8b309e1bd3b3f6c3bb7caa2a31c3a4ed7,2026-07-16,2026-07-20
MN,Chez Bojji - Rochester 2023,Rochester,,2023-06-16,1,closure,,0,0,1,https://mn.gov/deed/business/layoff-resources/warn-archive/,0f640516a262f4f3035e94dcfded5486ad0654f2af34c8300e9abb8d,f91133e39a30a48f9ab0c262ab06083849418363,2026-07-16,2026-07-20
MN,Chicago's Taste Authority Mpls 2024,Minneapolis,,2024-09-21,1,closure,,0,0,1,https://mn.gov/deed/business/layoff-resources/warn-archive/,72be44619f177a7cbd7db453d24bce9ad9f1ecca3cbd1e2c582cf93c,8614b4a305e173a923f274d578ba12fa8015df0b,2026-07-16,2026-07-20
MN,Children's Center Montessori 2025,St Paul,,,3,closure,,0,0,1,https://mn.gov/deed/business/layoff-resources/warn-archive/,b72cc3904ad49cb0ba466a8ccff486be9028842d187f2121e4f2905a,2e9fe1ebee5b231e17362718c98ab5156f548ca8,2026-07-16,2026-07-20
MN,Children's Country Day School 2025,Mendota Heights,,2025-09-01,19,closure,,0,0,1,https://mn.gov/deed/business/layoff-resources/warn-archive/,8f338ddb9d9313b6b90ceb8078df475877ddc7a9e4473b7bfe5dc6b6,bb0bc96901fc463a9e1e41bdadd8f3e0cdf090ed,2026-07-16,2026-07-20
MN,Children's MN 2020,Minneapolis,,,150,mass_layoff,,0,0,1,https://mn.gov/deed/business/layoff-resources/warn-archive/,1608ee046b914ec420c48a8aa2a3356cb66b8c07e3bde352ca21f40d,6e4527920551e1ad41d76cc3b1481f7c0f3f991b,2026-07-16,2026-07-20
MN,China Cafe Duluth 2025,Duluth,,,1,closure,,0,0,1,https://mn.gov/deed/business/layoff-resources/warn-archive/,abc8a9a131ba031450408fca352b6feb7390d581c6d93dbcd1eae426,890c0affd44e3be4835a638c15b67fa3b7825526,2026-07-16,2026-07-20
MN,Chinese Phoenix Express St Cloud,St Cloud,,2024-01-24,1,closure,,0,0,1,https://mn.gov/deed/business/layoff-resources/warn-archive/,b832d336fa7b0d34a3c250c7c0b087415400b3cde8a9e5557f9170d7,f1f0a7a8e161c4aafff0f40786a14131a026fbda,2026-07-16,2026-07-20
MN,Chinese Phoenix Express St Cloud 2024,St Cloud,,2024-01-24,1,closure,,0,0,1,https://mn.gov/deed/business/layoff-resources/warn-archive/,2944b3d58bcb342d269153a55c99e8e3a57f0dfecd3df497e7a64b27,011511b8b96ffa4a663667cc0c0e163f00a27e39,2026-07-16,2026-07-20
MN,Chip's Clubhouse St Paul,St Paul,,2025-04-30,1,closure,,0,0,1,https://mn.gov/deed/business/layoff-resources/warn-archive/,1503b5c87cbb861b71e8aa5038aab979b66a12099b4a49148db23001,64451646b55b4c90010c2ce5379bb2564e373054,2026-07-16,2026-07-20
MN,Christopher & Banks 2021,Plymouth,,2021-01-01,361,closure,,0,0,1,https://mn.gov/deed/business/layoff-resources/warn-archive/,89a6f888698ee46668f5f83e0e61997d5788d50476583cc28c5f596a,ced88b8c5c0dfff5c9223962a76450634c1496d2,2026-07-16,2026-07-20
MN,CineMagic Hollywood 12 Rochester,Rochester,,2024-08-18,1,closure,,0,0,1,https://mn.gov/deed/business/layoff-resources/warn-archive/,aa3179647d0e1cd341826381b97878b8aa1219d2d6af28a2f2b5c6f0,d3209e8619907305ef289d37d9a01e3a2c1c3386,2026-07-16,2026-07-20
MN,CineMagic Hollywood 12 Rochester 2024,Rochester,,,1,closure,,0,0,1,https://mn.gov/deed/business/layoff-resources/warn-archive/,ee88a628a25ac64874abc06540d199f9599e79c1f70e52a37deee41f,307ab123c3b8cf032822477bbac0143318d13b7c,2026-07-16,2026-07-20
MN,City of Maplewood DMV,Maplewood,,2023-05-08,7,closure,,0,0,1,https://mn.gov/deed/business/layoff-resources/warn-archive/,9366767e4cb5fff8df9094e2f53da665cf3f17ca7a6a53f61c94ea2f,3096854f7bee46cab44c6bc5b45e555396a97556,2026-07-16,2026-07-20
MN,City of Maplewood DMV 2023,Maplewood,,,7,closure,,0,0,1,https://mn.gov/deed/business/layoff-resources/warn-archive/,da03dc29edc6778f3f694e5119b6f89e784a07e3d36d9ff8fb04e399,b8e145ec13efea9391cb576e3bb156a6146b6ad3,2026-07-16,2026-07-20
MN,Clutch Brewing Company,St Paul,,,1,closure,,0,0,1,https://mn.gov/deed/business/layoff-resources/warn-archive/,40398deaa6b7fe495ea693d026864a000e8d34b3a4cceed5654cb6b4,caaccf54a5ef24a12953c87c67a2dcb2b3093954,2026-07-16,2026-07-20
MN,Clutch Brewing Company 2023,St Paul,,2023-11-01,1,closure,,0,0,1,https://mn.gov/deed/business/layoff-resources/warn-archive/,04c08cc48dbabc0bea37756344227728041f5cd4c51ddfec42cc882f,b7d88ac15d139d6e7719da9f52112f31324d45be,2026-07-16,2026-07-20
MN,Coborn's Park Rapids 2025,Park Rapids,,,35,closure,,0,0,1,https://mn.gov/deed/business/layoff-resources/warn-archive/,dfdddf0d95f620e0a38c4323a0ebaf2a1ab8ff6a53884bda17e4be4d,f948e9764ecbabf251568ea03a8c8a40b2eed105,2026-07-16,2026-07-20
MN,Coborns Pharmacy - Sauk Centre,Sauk Centre,,,1,closure,,0,0,1,https://mn.gov/deed/business/layoff-resources/warn-archive/,9897d161169d72a0030f59f41aae122f335862faa75732de96102bb6,b689180e5995d96bbd7c0dae06094d78ae599488,2026-07-16,2026-07-20
MN,Coconut Whisk Café 2024,Minneapolis,,2024-03-01,1,closure,,0,0,1,https://mn.gov/deed/business/layoff-resources/warn-archive/,7fb1454dc9002ffa4fa0eccc0b52d9ef9f378e583062428e364478c9,3b4cd1bd3f80759725ec44c0a3bdd79b48faae85,2026-07-16,2026-07-20
MN,Coleman 2021,Sauk Rapids,,2021-07-30,133,closure,,0,0,1,https://mn.gov/deed/business/layoff-resources/warn-archive/,e6acd01e25db02e0c4c2d45d8c2cf2b4012159f4582c9141eb893746,31778f3800026e66155d743433741caad4e9a56e,2026-07-16,2026-07-20
MN,Community Memorial Hospital,Cloquet,,2023-11-01,30,closure,,0,0,1,https://mn.gov/deed/business/layoff-resources/warn-archive/,c4c6a56936dc1e6eff171898c967a4e375e564bc31c444d424d91505,f60459f3f894c7884faa7caa4ddf9e05c6154aa4,2026-07-16,2026-07-20
MN,Cooks Bellecour,Minneapolis,,2025-06-01,1,closure,,0,0,1,https://mn.gov/deed/business/layoff-resources/warn-archive/,afc9606e141e564db3d92c3683ab418f56981abec01e313bd33084b3,43691ac31ed12704f25ac55a0692491c6f828bd3,2026-07-16,2026-07-20
MN,Coolibar 2024,St Louis Park,,,1,closure,,0,0,1,https://mn.gov/deed/business/layoff-resources/warn-archive/,a2cc401bb3d4dfabe523fee122d6ef8a1b5714bc628aca54397f8cfd,96f655935edfddb06b16f66388b0d7e018981417,2026-07-16,2026-07-20
MN,Cooper's West 7th St Paul Closure,St Paul,,2024-06-27,27,closure,,0,0,1,https://mn.gov/deed/business/layoff-resources/warn-archive/,74e4e08294078013e9d0e2a8c3c8a08548527e1e1074e7e39f9517fc,ed30da158534e79891308dfa2ea8dd547236777c,2026-07-16,2026-07-20
MN,Coopers Chaska 2024,Chaska,,2024-03-02,25,closure,,0,0,1,https://mn.gov/deed/business/layoff-resources/warn-archive/,e0f3f3e3be0709760835502e7d05e2f50b2c88d5628d67a2ce8385b5,5441a08bae8ea5eb8a97f62bc9ddadad5b7e9847,2026-07-16,2026-07-20
MN,Coopers Chaska 2024 Chaska Retail 3/2,,,,25,closure,,0,0,1,https://mn.gov/deed/business/layoff-resources/warn-archive/,6ca2e60ce15c1b4c44ea774365152bc4d76d0ae4f675a676dc3336be,1e904351180220899d8fbcdaec188cc3a6a880a9,2026-07-16,2026-07-20
MN,Country Pleasures Cafe 2024,Kasson,,,1,closure,,0,0,1,https://mn.gov/deed/business/layoff-resources/warn-archive/,a2a329c62907494e8c0c1bfeb48dc5eecd3b8a1054013464261c467f,52ef1152576ed99f0054ba3479cc2f12eb5593dd,2026-07-16,2026-07-20
MN,Crafts Direct 2024,Waite Park,,2024-04-01,50,closure,,0,0,1,https://mn.gov/deed/business/layoff-resources/warn-archive/,81c8bfdc7f1e01595be645a02ace0141e22c198b612a1e284d9e7dff,520d14355e8e971256854191a050627aff268e9e,2026-07-16,2026-07-20
MN,Creative Lighting,St Paul,,2024-09-09,1,closure,,0,0,1,https://mn.gov/deed/business/layoff-resources/warn-archive/,f6dc928b6001153a6ffce35a073febce8b2ab7078d2e02b0180b64de,d33fdd97bf470c9aac08f3e5805dbf4918e60338,2026-07-16,2026-07-20
MN,Creators Space 2023,St Paul,,2023-09-01,1,closure,,0,0,1,https://mn.gov/deed/business/layoff-resources/warn-archive/,73cd61e81778ef2e391f00286fc7484a8f9be0679032aaba6d66ee35,a768d85463e6023200f0f0254a5336720268b801,2026-07-16,2026-07-20
MN,Crescendo,Albert Lea,,,1,closure,,0,0,1,https://mn.gov/deed/business/layoff-resources/warn-archive/,944ae2f166609968ab5a57cd4b4723937eee4510c4b74abdf3a92f78,f7560330d419af620c19a8277ee1e1a4d147ce09,2026-07-16,2026-07-20
MN,Crescendo 2023,Albert Lea,,2023-07-01,1,closure,,0,0,1,https://mn.gov/deed/business/layoff-resources/warn-archive/,0e35ecafd8130386c9070cb3460958803e8de98c03a4c4f6ee56731e,2bbe2d47c05c18dd483890384ca303d61298bcc5,2026-07-16,2026-07-20
MN,Crookston Inn - 2024,Crookston,,,1,closure,,0,0,1,https://mn.gov/deed/business/layoff-resources/warn-archive/,8887a74385a4d83d5377703ffbcb5a848a52eec60b04dbefe4ddc58f,fb86badd9140550e2d67ab465d16eef0414cf012,2026-07-16,2026-07-20
MN,Crookston Inn Crookston Accommodation,,,2023-12-31,1,closure,,0,0,1,https://mn.gov/deed/business/layoff-resources/warn-archive/,2b277cfe6550925075ac4915e87ba77b452153d38b0821d4726f9da9,b759a68a1c8b01e103d116035d96de5126dddcf3,2026-07-16,2026-07-20
MN,Cub Brooklyn Park South 2024,Brooklyn Park,,2024-01-16,83,closure,,0,0,1,https://mn.gov/deed/business/layoff-resources/warn-archive/,401d51c9265aa489daacdd79a0abfcfb552837bac8ee700238ac6589,a1c444755aa9283a72ab45aa4de0e96dac398778,2026-07-16,2026-07-20
MN,Curiosi-Tea House 2025,North Mankato,,,4,closure,,0,0,1,https://mn.gov/deed/business/layoff-resources/warn-archive/,13774c8e47a59671092575225d70fc531d95d24fa03c8f236d05b93f,793725ec9796872e72725af48399674a372d61dc,2026-07-16,2026-07-20
MN,Curly Girl Boutique 2023,Minneapolis,,2023-12-01,3,closure,,0,0,1,https://mn.gov/deed/business/layoff-resources/warn-archive/,5f9abc3922b2d067c9ddcd623373c39505d22c5d0391284a627e99e0,133b0c95e246151091b25b52fbf59de7b62c50e9,2026-07-16,2026-07-20
MN,Curly Girl Boutique 2023 Minneapolis Retail,,,2023-12-01,3,closure,,0,0,1,https://mn.gov/deed/business/layoff-resources/warn-archive/,830b495f630df528089ff1939f0c16318e29540496ff6bd2e9e27e8b,885e16466dfcb3dde0d6b45d9e9f9f51a95c74b5,2026-07-16,2026-07-20
MN,Curly Girlz Candy 2024,Owatonna,,2024-09-13,1,closure,,0,0,1,https://mn.gov/deed/business/layoff-resources/warn-archive/,3d30e92b9dc3ef7cc0dcd914c06ffa60dfc276a0e10f9ada713694cc,a85bde37975b217357d5b1c6ee29f766d6905d9b,2026-07-16,2026-07-20
MN,D Michael B's Restaurant,Alexandria,,2023-04-20,10,closure,,0,0,1,https://mn.gov/deed/business/layoff-resources/warn-archive/,1e4015a464fcac07de5648259a86aa10440ef356e1828ebe085c879c,6a97e404c4d9c39b67fc557605c2a9a489784ae6,2026-07-16,2026-07-20
MN,D Michael B's Restaurant – Alexandria,Alexandria,,2023-04-20,10,closure,,0,0,1,https://mn.gov/deed/business/layoff-resources/warn-archive/,9bcac8c46dc100113d276652d84a83dbea3d56e65cfff42a093412e4,14b7576250cff69f2205040a43fd854f295bb459,2026-07-16,2026-07-20
MN,D'Amico & Sons -Roseville 2023,Roseville,,,20,closure,,0,0,1,https://mn.gov/deed/business/layoff-resources/warn-archive/,50fa4e5c49954566910fc178aae55774f542d8120f294f5f10bdffb5,b3d8dce3a829bc05cbc19a311548221e210f6f9d,2026-07-16,2026-07-20
MN,DJ's Clothing Warehouse,Winona,,,1,closure,,0,0,1,https://mn.gov/deed/business/layoff-resources/warn-archive/,7be9b6c21faf66e3525aca02538761eea8a03fe82f9ac2684da19f4f,a53f96698829bb585d249c3c5df86267dbb9bc4e,2026-07-16,2026-07-20
MN,Daddy-O's Cafe 2024,Elk River,,2024-05-16,20,closure,,0,0,1,https://mn.gov/deed/business/layoff-resources/warn-archive/,b01e0663ddb68f414401c880954ffcd031a78521a25cbd218af5a4ee,c70d331422a5f07e2a382c2b55e1cce854b8c9b4,2026-07-16,2026-07-20
MN,Daily Dose Cafe Brooklyn Park,Brooklyn Park,,,,closure,,0,0,1,https://mn.gov/deed/business/layoff-resources/warn-archive/,2202f7dd0f9624aa28dcc4780889c25719fabc66f3d4b6e8758b756c,45a59284b140c9c9ad7e47b5c33dd0aa2d85a5f6,2026-07-16,2026-07-20
MN,Daily Dose Cafe Brooklyn Park 2024,Brooklyn Park,,,,closure,,0,0,1,https://mn.gov/deed/business/layoff-resources/warn-archive/,ff294425656e90e03bda42cccd2591287b70d2fd5d151f4b61ff93b6,883a045fbbbef1c61cf0c60f8f1f61ae919801ce,2026-07-16,2026-07-20
MN,Dairy Queen - DT Minneapolis 2023,Minneapolis,,2023-10-01,1,closure,,0,0,1,https://mn.gov/deed/business/layoff-resources/warn-archive/,e3a6743cf09300094cd491194b006c9c226c7b0e7cf050e7c3cf2902,a1db7e3599150c13a57336e97701c83dbb1d8381,2026-07-16,2026-07-20
MN,Dairy Queen - DT Mpls,Minneapolis,,2023-10-01,1,closure,,0,0,1,https://mn.gov/deed/business/layoff-resources/warn-archive/,8dc78f6a5364caff308673743f8a0092db5cd6660ea336e9e48e1c9f,7e6e065a9e073c9ecb1ecd7c51e9267d31304451,2026-07-16,2026-07-20
MN,Dakota Child and Family Clinic,Burnsville,,,12,closure,,0,0,1,https://mn.gov/deed/business/layoff-resources/warn-archive/,29622f31ee000adce442d497926ce08f9aee5bada66b888fe22b78b3,4b94ccc7fd0dba8876def32368e8698138a1a17c,2026-07-16,2026-07-20
MN,Dakota Junction 2024,Mound,,2024-02-01,1,closure,,0,0,1,https://mn.gov/deed/business/layoff-resources/warn-archive/,c7709277f228b3abeaf4e50e3af2476b8550b56a4c100a252f397074,6f62cf115cf0d450c9d7914701647eadfd5fc42c,2026-07-16,2026-07-20
MN,Dakota Junction 2024 Mound Dining Establishments 2/1,,,,1,closure,,0,0,1,https://mn.gov/deed/business/layoff-resources/warn-archive/,a2c77a35e502a12a30b22e14d50baa350153a1c758df3e740032ab86,c7c9df6f85afdaf60c9f6a920a58c9156be2e31a,2026-07-16,2026-07-20
MN,Dan Kelly's Pub Mpls 2025,Minneapolis,,,1,closure,,0,0,1,https://mn.gov/deed/business/layoff-resources/warn-archive/,f8d1301c0d2cb8a8d532662703eba47cdae0f2b89a1f8e8d543def47,31865b87c8dd581fd98418913841b549708cf6b2,2026-07-16,2026-07-20
MN,Dangerous Man Brewing,Minneapolis,,,28,closure,,0,0,1,https://mn.gov/deed/business/layoff-resources/warn-archive/,23a44c69203dd1cb0f66c3ad38a3fb6b3ee0973217fd9e6f82471900,c59a845698a71669bd73839689f6cd2684db5c94,2026-07-16,2026-07-20
MN,Dangerous Man Brewing 2023,Minneapolis,,2023-09-08,28,closure,,0,0,1,https://mn.gov/deed/business/layoff-resources/warn-archive/,f964e3ca80b49fdc0b907590d5ada7ade16d2f8017da7b8e64af5662,5cdf055ffd1865996a985c94e630840e8cb4eb1f,2026-07-16,2026-07-20
MN,Davanni's Chanhassen 2025,Plymouth,,2025-02-23,5,closure,,0,0,1,https://mn.gov/deed/business/layoff-resources/warn-archive/,50c396515cae1595c81d40f1896ce8e227c71a9b03b1b9c1a0a814e5,b206218302708ceecc4271a5deb4a32594cb06f7,2026-07-16,2026-07-20
MN,Deerwood Bank,Inver Grove Heights,,,75,closure,,0,0,1,https://mn.gov/deed/business/layoff-resources/warn-archive/,2bb7252919438d7d66e824a6d91ca4e98b0c622b3fb5c3af81ad64e2,a61372d2c631df411d77b234e8d573c734e2f1d3,2026-07-16,2026-07-20
MN,Digital River 2025,Minnetonka,,,122,closure,,0,0,1,https://mn.gov/deed/business/layoff-resources/warn-archive/,65202c8e5496bdf8e13cb17387f60834f5a3b176b0cb4e17e0588c64,d7e8325e82b2d532620b51f68d9e191287de9b72,2026-07-16,2026-07-20
MN,Dirks Furniture 2023,Olivia,,2023-06-22,1,closure,,0,0,1,https://mn.gov/deed/business/layoff-resources/warn-archive/,2ba55fcf56ee6a30970a32d7b91d6867be6f6906b6c85234fa9f2e39,7b223ac42a7d2520443bae0c5114a0f31e77abaf,2026-07-16,2026-07-20
MN,Discount Warehouse 2024,Rochester,,2024-01-30,1,closure,,0,0,1,https://mn.gov/deed/business/layoff-resources/warn-archive/,6d8cc9e045954e9a8668150844f516263556f25a16865c6c4233a055,d1a43e7e6b180b8ad783c6b06168b6154dda5096,2026-07-16,2026-07-20
MN,Dollar General Mpls 2025,Minneapolis,,,5,closure,,0,0,1,https://mn.gov/deed/business/layoff-resources/warn-archive/,e2eb39815cb98e9f2259429be80c641e7aa43b096191b96873994e59,d5912e76e008b5493c0c2ba0463c0fdf045878ea,2026-07-16,2026-07-20
MN,Dorothy Day House – 2024,Moorhead,,2024-05-01,2,closure,,0,0,1,https://mn.gov/deed/business/layoff-resources/warn-archive/,4c7d5445023e93d4cf43ae88c7c808d1c41c8eabec81ec606245d718,26f827e2399b46758120c0b1671e5b6ca2e663e5,2026-07-16,2026-07-20
MN,Downtown Smoke Shop 2025,St Paul,,,,closure,,0,0,1,https://mn.gov/deed/business/layoff-resources/warn-archive/,17b1f58a0db99609b0810083937036796ea7d10fd540366f477ceb05,d0616fc274a0e31e0c57a974d4a71e03e8cd2554,2026-07-16,2026-07-20
MN,Dulonos Minneapolis 2024,Minneapolis,,,1,closure,,0,0,1,https://mn.gov/deed/business/layoff-resources/warn-archive/,102b5c5191733e4792ccbd3879e07adf4ed5ad9c0839d4320f5614d5,d064c4f07ebde96ec9215cbe58b023b0917614c9,2026-07-16,2026-07-20
MN,Duluth Hills Youth and Family 2021,Duluth,,2021-06-18,99,closure,,0,0,1,https://mn.gov/deed/business/layoff-resources/warn-archive/,88f8c5c00282dc6c65f6fe560f9b01590cdf808336ecacc50e7d8da1,712d1233340972430cb50e1db5749b2152903058,2026-07-16,2026-07-20
MN,Dunham's Bar,St Paul,,,10,closure,,0,0,1,https://mn.gov/deed/business/layoff-resources/warn-archive/,ee350157a93a2df86cd03be55d8c2b7c947a6b8f55e8e6080d8f22ef,bd8e17becd901f3d7fc18bc1aefa13088810260b,2026-07-16,2026-07-20
MN,Dunham's Bar and Restaurant 2024,St Paul,,2024-08-25,10,closure,,0,0,1,https://mn.gov/deed/business/layoff-resources/warn-archive/,d79df8dc8a8b5e48c605adbf80a60450538c13fd118b4e1316c49994,5d0d8b531097ee3654d802be5921820bae171fe6,2026-07-16,2026-07-20
MN,Dunkin Donuts Rochester,Rochester,,2024-10-31,1,closure,,0,0,1,https://mn.gov/deed/business/layoff-resources/warn-archive/,8202a219ab99b5b9e0490ce0a3ee67a536fe9a64ab39d793516a48b7,79e80ab93c8f6a7e2853be017ba40bfb63d917f4,2026-07-16,2026-07-20
MN,Dunkin Donuts Rochester 2024,Rochester,,,1,closure,,0,0,1,https://mn.gov/deed/business/layoff-resources/warn-archive/,323a2c8b800d3bc74b82a934dc23499ad614b202490e2d219e4a1b22,66ad10267dd41bc980d964799388d0050867b27c,2026-07-16,2026-07-20
MN,Dunn Brothers Chaska,Chaska,,,1,closure,,0,0,1,https://mn.gov/deed/business/layoff-resources/warn-archive/,374fa3a76d2f7f0f6b8cc6307e252bdbd92d99ec3e2761a3dabda410,14a98683608880d429574067ba6e32c960dcc8d1,2026-07-16,2026-07-20
MN,Dunn Brothers Chaska 2023,Chaska,,2023-05-05,1,closure,,0,0,1,https://mn.gov/deed/business/layoff-resources/warn-archive/,4dd16295816bf88fb6187301f0d1b86ba9595cb02575b1aad3c9bef8,64775514e004b566e86e4a15f319ec12e75ae0a0,2026-07-16,2026-07-20
MN,ECMC 2022,St Paul,,2022-12-01,92,mass_layoff,,0,0,1,https://mn.gov/deed/business/layoff-resources/warn-archive/,5737d2421d672c3a44ec523537ee71ba388aed78a81098a011b1a979,612df125eb3b10bfde5e041fde87b164ae08c609,2026-07-16,2026-07-20
MN,EQ 2024,Mendota Heights,,,55,mass_layoff,,0,0,1,https://mn.gov/deed/business/layoff-resources/warn-archive/,3433dd2aa7e09450534637eb4707ff88243914bb032efe2ff4192429,31bb31b2326143e6ce066d02e88478f9e8a5bf3b,2026-07-16,2026-07-20
MN,Eagle Street Grille - 2023,St Paul,,2023-03-22,7,closure,,0,0,1,https://mn.gov/deed/business/layoff-resources/warn-archive/,c53f280c6c705b8cea0988bc0ec179ccebfb81919086acdbe8dc29ab,d7132d6f37c3c693a02b4a0c263da319b78e3309,2026-07-16,2026-07-20
MN,East Bethel Hill Youth & Family Services 2021,Duluth,,2021-06-11,73,closure,,0,0,1,https://mn.gov/deed/business/layoff-resources/warn-archive/,41828a4648f0d0c3803d66efd7a9d9199653e547496bed18edbf799a,0b9b9f98cf1a2f9e53bac2858927c2ab09e85657,2026-07-16,2026-07-20
MN,Eddie Bauer,Burnsville,,,1,closure,,0,0,1,https://mn.gov/deed/business/layoff-resources/warn-archive/,9727a7c13839ff14c2c315f41a05f051c01d4886749142f8115b5ff7,e7c7d3bef1ce0651a345a252816a3a9cc7954b9c,2026-07-16,2026-07-20
MN,Edwards Dessert Kitchen 2025,Plymouth,,,14,closure,,0,0,1,https://mn.gov/deed/business/layoff-resources/warn-archive/,11fae5a3d3fc3fa3916d73ba8347dd99883e3407d0b293230deaf20c,62381a0387d404a5fcca04cc5aef9e50404bb458,2026-07-16,2026-07-20
MN,El Loro Mexican Restaurant- Savage,Savage,,2024-05-01,50,closure,,0,0,1,https://mn.gov/deed/business/layoff-resources/warn-archive/,168857a65bfe682a8ceb98602c18a8be90eea7f3ef91c95c871089f1,9a28f7f30aa208c7a94e8a7122bf4b7478ecb7cb,2026-07-16,2026-07-20
MN,Elevance Health 2023,Mendota Heights,,,57,mass_layoff,,0,0,1,https://mn.gov/deed/business/layoff-resources/warn-archive/,ec7db0de6661249817977b99033599a9a67b0359d87c779b1bf12ce4,0679049715bdb4cd7fcfc278e6c9e75c7bfcddcf,2026-07-16,2026-07-20
MN,Eli's Food & Cocktails 2024,Minneapolis,,,5,closure,,0,0,1,https://mn.gov/deed/business/layoff-resources/warn-archive/,f8e5ac910ba7de0396be335dcc5f8640d3ac0b6720c71f9e55b6b8dc,517dcf7bc093cf2ce20728d77793c6a68bc0d1e6,2026-07-16,2026-07-20
MN,Emily's Bakery & Deli 2021,Hastings,,2021-11-20,1,closure,,0,0,1,https://mn.gov/deed/business/layoff-resources/warn-archive/,d738846d8547ef5f1c3064ceefeb9bad9edab0842770cd2e88734f0b,b103c31f4f0705ae1c1113261893475441687788,2026-07-16,2026-07-20
MN,Erickson Furniture 2025,Faribault,,,4,closure,,0,0,1,https://mn.gov/deed/business/layoff-resources/warn-archive/,d4691723c1e953b093b8d7071d5d5253b8c0b85f68745242ad29a5b5,9c5274dbff846ced90b10b457ec828ef712ef5de,2026-07-16,2026-07-20
MN,Essentia Health Fosston Delivery,Fosston,,2024-01-31,,closure,,0,0,1,https://mn.gov/deed/business/layoff-resources/warn-archive/,f48255876995802f504f5aec26e1c56a2e926f9fec7ecc20581f40f3,154828e8dfc0db15491868294d135e759ebdcbe9,2026-07-16,2026-07-20
MN,Essentia Health Fosston Fosston Health Care/Social Assist Delivery Services,,,2024-01-31,,closure,,0,0,1,https://mn.gov/deed/business/layoff-resources/warn-archive/,4d3fe1dcb7b509e6b1d24cce5aa20137738483a2a8b6d8a7878ba5c9,76bbe07d00fd7ce8cb939d2e7fa949618c0ed278,2026-07-16,2026-07-20
MN,Express - St. Cloud 2024,St Cloud,,2024-04-01,1,closure,,0,0,1,https://mn.gov/deed/business/layoff-resources/warn-archive/,b7a02959f78239efe9d1583da578351432238b179eccb710f943da58,15b385992b10c966078a82942e72a7498f9302c7,2026-07-16,2026-07-20
MN,Falastin Deli,Duluth,,2025-05-10,1,closure,,0,0,1,https://mn.gov/deed/business/layoff-resources/warn-archive/,ad54d1c5a7c5e5e591c83f090ee9479d94d938d88b77b94c2481ad6d,3fcdaa51c7eb73e256bc9266f54376851f82d236,2026-07-16,2026-07-20
MN,Family Dollar Litchfield 2024,Litchfield,,2024-03-29,25,closure,,0,0,1,https://mn.gov/deed/business/layoff-resources/warn-archive/,c9f92d0fee797032675919928de32b99b79edbe13b398eccee6f9e45,edbc28ab587067b8e237533a35287ae798e3c24f,2026-07-16,2026-07-20
MN,Fasika Ethiopian Restaurant 2023,St Paul,,2023-06-01,1,closure,,0,0,1,https://mn.gov/deed/business/layoff-resources/warn-archive/,5cdb9410bda1bc6e16e4dd37e0ef42497b2dfddda0d828aa4df1f244,c0e910894e835e15fd986f6d70805e0d045b4a30,2026-07-16,2026-07-20
MN,Fast Eddies Pizza Mpls,Minneapolis,,2024-10-29,2,closure,,0,0,1,https://mn.gov/deed/business/layoff-resources/warn-archive/,8bf9d77104ec8d3f1d01fa5f0f5af55b673dfa8e9d040149cd03d0f2,e5d4fc34fff1d7996df62292d0adb947a6cdc06a,2026-07-16,2026-07-20
MN,Fast Eddies Pizza Mpls 2024,Minneapolis,,,2,closure,,0,0,1,https://mn.gov/deed/business/layoff-resources/warn-archive/,afcae2c5afb247f9b32ad4ae4659bdf6da5db3fc4b73bbdf90b4256e,6c25186f62fb5b2af0b6fc10d09a3c6f8968192c,2026-07-16,2026-07-20
MN,FedEx Freight,Winona,,,30,closure,,0,0,1,https://mn.gov/deed/business/layoff-resources/warn-archive/,27e4be8918ba301f2f361efe98a266407ac4aa54d90b647592164b36,66d8aad2bf3b820abc6e293b9626618a1c462681,2026-07-16,2026-07-20
MN,Fellers LLC,Edina,,2025-06-27,1,closure,,0,0,1,https://mn.gov/deed/business/layoff-resources/warn-archive/,7783d436217f80279b38a4d27f0790a26a720ec2af2738de05ec68da,6e0c477859d2ac1b82f08d0d28f73f70972baaf2,2026-07-16,2026-07-20
MN,Fiddlehead Coffee Co - Bloomington 2023,Rochester,,2023-07-01,1,closure,,0,0,1,https://mn.gov/deed/business/layoff-resources/warn-archive/,f8685a5d12a6fff55ec2e13bc47fd7e50f036c8830a7708bc738709b,af7fec563234e177fb68c2c2390801b5c4c1bb76,2026-07-16,2026-07-20
MN,Fiddlehead Coffee Co – Bloomington,Rochester,,,1,closure,,0,0,1,https://mn.gov/deed/business/layoff-resources/warn-archive/,d6d0462f2d5c1b3a3f27c0767e6b713f5d3b6beb7772dc1a82295755,3b9e364689a15310415f6ae108666ed75a759493,2026-07-16,2026-07-20
MN,Fiddlehead Coffee Co. - Rochester 2023,Rochester,,2023-07-01,1,closure,,0,0,1,https://mn.gov/deed/business/layoff-resources/warn-archive/,aaf7277340ba79c0c1226747e294a6190d74b43fa01e471613bcd3ac,abc423c924dbddd4c6eb6dad36455d388994398f,2026-07-16,2026-07-20
MN,Fiddlehead Coffee Co. – Rochester,Rochester,,,1,closure,,0,0,1,https://mn.gov/deed/business/layoff-resources/warn-archive/,c1d93f00c136cee1b65ca88cfeb2b57a4f4cd9b979e96a9d971a5f71,afcdaf6368d846c342f137e136012cb4bf2a4cb4,2026-07-16,2026-07-20
MN,Finnegans Taproom 2024,Minneapolis,,,8,closure,,0,0,1,https://mn.gov/deed/business/layoff-resources/warn-archive/,33eab561d9b4ee24a7163e48156ad19de82c8a964d14873803ef1048,0852bb7cbed162f193854030608185a2f1e20e72,2026-07-16,2026-07-20
MN,Fire & Nice Alehouse 2023,Minneapolis,,2023-09-01,16,closure,,0,0,1,https://mn.gov/deed/business/layoff-resources/warn-archive/,49cadf12c088eaafdf27a0df944b33854ad4901d52308f427d808244,543653fb4365dc225d6ccec10b0e4c764515bcac,2026-07-16,2026-07-20
MN,"First Draft MN, LLC.",Minneapolis,,2024-01-01,1,closure,,0,0,1,https://mn.gov/deed/business/layoff-resources/warn-archive/,523432622f560fa3c21dc1044e0f584d87d45b322db16879cda3dd35,3151fc0422ad325e193c9be1271c573377d0b790,2026-07-16,2026-07-20
MN,"First Draft MN, LLC. Minneapolis Dining Establishments",,,2024-01-01,1,closure,,0,0,1,https://mn.gov/deed/business/layoff-resources/warn-archive/,9880b50c6e5fa87de4c443d23940bf1b8bd19e835a1effbaed2dc0fd,4140642633c06823da68f3d8bdbe570627c4b462,2026-07-16,2026-07-20
MN,First Student Robinsdale,New Hope,,2021-06-30,8,closure,,0,0,1,https://mn.gov/deed/business/layoff-resources/warn-archive/,c5c09602b748bb9858e2b858a5f9ac5a54124d10dcf3128618d7a3c8,0163f50867d0e0260b8d191fa3431f1b38880472,2026-07-16,2026-07-20
MN,First Transit 2020,Burnseville,,,132,mass_layoff,,0,0,1,https://mn.gov/deed/business/layoff-resources/warn-archive/,67341cc2c28489481c153ea65fb704908c39c9d1dbd2dad9fb6dd5d2,1e88de760943e292a11c889b1b7da30db731379a,2026-07-16,2026-07-20
MN,First Transit 2021,Burnsville,,2021-05-01,5,closure,,0,0,1,https://mn.gov/deed/business/layoff-resources/warn-archive/,d9b36526916e2ca0e07a90c35af2cf99f9a64b0f3dee717608429bf4,d269280988937dc8bac6fd18620df2e8fa99dbc7,2026-07-16,2026-07-20
MN,"Fool Me Once bar, 2024.",Minneapolis,,2024-04-29,8,closure,,0,0,1,https://mn.gov/deed/business/layoff-resources/warn-archive/,07a8cb12ad96eaa7093321dbb71c7532cd62f37af504322f072cc0d6,bf9fe0a264316187dbfcb7ea731b128ec70bbe4d,2026-07-16,2026-07-20
MN,Forever 21 - 2025,Bloomington,,2025-01-31,31,closure,,0,0,1,https://mn.gov/deed/business/layoff-resources/warn-archive/,beb9df70c9a841b5bebd6091b81a43d0294cb5d3bb9563514ec3823c,8bea4ebfee34e913c2c364afe7c0fea96be1d063,2026-07-16,2026-07-20
MN,Forever 21 Rochester 2025,Rochester,,2025-06-01,5,closure,,0,0,1,https://mn.gov/deed/business/layoff-resources/warn-archive/,53174a8a4dfab8b0e20c9a92e0411316a9317d8a157bce83b58e7d84,121fddd15203b5c928be66dc973ce9c63bb1a50a,2026-07-16,2026-07-20
MN,Forge and Foundry Stillwater 2025,Stillwater,,,1,closure,,0,0,1,https://mn.gov/deed/business/layoff-resources/warn-archive/,d61c26b81eda1f1b46665803de963015104bb643ba7c2f8bb72a0b06,32f4aab65472a4f2365a24539ca8641410f87c49,2026-07-16,2026-07-20
MN,Foxy Falafel,St Paul,,,1,closure,,0,0,1,https://mn.gov/deed/business/layoff-resources/warn-archive/,45814a6cfaa29c338005a9e693a51351d086b63e402568a45c35c817,ce885ff2229aa9221a9979914d1129e427c958bd,2026-07-16,2026-07-20
MN,Foxy Falafel 2023,St Paul,,2023-07-01,1,closure,,0,0,1,https://mn.gov/deed/business/layoff-resources/warn-archive/,dfcf9488dd034d1bd640e72e2a0e86f08c024da6fca0f3505b24ab50,e6b9e8e785328e6cd27ba97f56075010628071b8,2026-07-16,2026-07-20
MN,Galactic Pizza 2024,Minneapolis,,2024-03-05,22,closure,,0,0,1,https://mn.gov/deed/business/layoff-resources/warn-archive/,63d22d112280f54ae26c705cb54d95c49e978716ebfc9f51384869ac,f22ed044cdd05a2e95e2c958791a174727fd7a09,2026-07-16,2026-07-20
MN,Game Informer Magazine,Minneapolis,,,13,closure,,0,0,1,https://mn.gov/deed/business/layoff-resources/warn-archive/,45e2a3f5d470700210bb84cd14b5900161b09318567e0416da18e7d7,1ad0fc73f0d86f71524eaa87f731553b1d0bcd8e,2026-07-16,2026-07-20
MN,Game Informer Magazing,Minneapolis,,2024-08-01,13,closure,,0,0,1,https://mn.gov/deed/business/layoff-resources/warn-archive/,1caa24a6bca7412fa9be1596e60667a72a9b5633133434f0f61d0aa7,623edcaf855fea6a42453212eb3165f29e4dd18f,2026-07-16,2026-07-20
MN,Godiva Chocolatier Inc-Bloomington,Bloomington,,2021-02-15,5,closure,,0,0,1,https://mn.gov/deed/business/layoff-resources/warn-archive/,d180e254f8823f5fe31184c31c910554a82c2dc42d12f587ba8696f5,f8c29c78e16b0d3c4ed712c5904282071094905f,2026-07-16,2026-07-20
MN,Godiva Chocolatier Inc-Minnetonka,Minnetonka,,2021-02-15,4,closure,,0,0,1,https://mn.gov/deed/business/layoff-resources/warn-archive/,1e0120e1a2db494c1803dc51a6e4dd70d1806b2a7435eb39093cfa86,dbcdcc7d62f663c62280fba04be792581095538a,2026-07-16,2026-07-20
MN,Good Earth Restaurant- Roseville 2023,Roseville,,,1,closure,,0,0,1,https://mn.gov/deed/business/layoff-resources/warn-archive/,4a0601c731c62d40d409beda803aacf9d2bbe5d4669fe0aa17e868ce,6eb8edadf01a22444bdaef93a7919807a1cbc8e3,2026-07-16,2026-07-20
MN,Good Samaritan Society,Winthrop,,2022-08-31,40,closure,,0,0,1,https://mn.gov/deed/business/layoff-resources/warn-archive/,0e0efe98a66e5f270b6e5f36434521176547ab4925050f612e2ce117,f8b57ca775e7013910b63af3d3701156d056aaa7,2026-07-16,2026-07-20
MN,Good Samaritan Society Nursing Home Winthrop,Winthrop,,,40,closure,,0,0,1,https://mn.gov/deed/business/layoff-resources/warn-archive/,ed36f1218e03f91ec2317757e53e4d4008e4727aaf7ad5390349ecd4,23b58c8b1b0dc160b0a2e8382c818665a5c60c2a,2026-07-16,2026-07-20
MN,Granite City - Roseville,Golden Valley,,,1,closure,,0,0,1,https://mn.gov/deed/business/layoff-resources/warn-archive/,84869159727b2574cbdf505a052cff6b93d08384366cd2d8c5a529f1,00732fab5978f1e73b31ee4f973b81d808d39739,2026-07-16,2026-07-20
MN,Granite City Food & Brewery - Roseville,Golden Valley,,2023-05-15,1,closure,,0,0,1,https://mn.gov/deed/business/layoff-resources/warn-archive/,6b6e1a4b14d1e82622b5a831b26232818c3415c754be876c6341a12b,c5e8273ea20617cc9a39023df11b499fdf67246e,2026-07-16,2026-07-20
MN,Gray Duck Tavern 2024,St Paul,,,1,closure,,0,0,1,https://mn.gov/deed/business/layoff-resources/warn-archive/,cfc7947a6fcfa3063c6990d1275fc643347f3f1c49263513558c3880,5fcf7f7d9dde51139e68858fa8a1e97e208a7b7c,2026-07-16,2026-07-20
MN,Green Mill Restaurant & Bar 2023- Hastings,Hastings,,2023-06-09,1,closure,,0,0,1,https://mn.gov/deed/business/layoff-resources/warn-archive/,5336ba406b24e6564f06ad30213e8ec66fb4f2297530e67be6b8bbec,414959af3a35f07f0469f0bbf20ef535e289a6e1,2026-07-16,2026-07-20
MN,Green Plains- Fairmont 2024,Omaha,,,55,closure,,0,0,1,https://mn.gov/deed/business/layoff-resources/warn-archive/,53376447f1490622f3c1b1c577f5a40bf1ac33376340f0123c88635e,960feb8329c2b42a477ed25889bab81639c4f29d,2026-07-16,2026-07-20
MN,Green-n-Fresh 2024,Rochester,,2024-05-01,1,closure,,0,0,1,https://mn.gov/deed/business/layoff-resources/warn-archive/,4621b2c5921dcc3922353dccc200eb755dd730fa528b9b676c25fb0f,fa2a583ae17b6ff34a12146fc5c6c019624b37f2,2026-07-16,2026-07-20
MN,Grizzly's 2021,Mankato,,2021-10-24,40,closure,,0,0,1,https://mn.gov/deed/business/layoff-resources/warn-archive/,a4b96064028204ab7e710fc714d73f11538070c742792ff3812851ea,0ee3a768c71c6830768ec24e5c0ecd943e832bd4,2026-07-16,2026-07-20
MN,H&M Rochester 2023,Rochester,,2023-07-01,20,closure,,0,0,1,https://mn.gov/deed/business/layoff-resources/warn-archive/,2db458d7059afc91931549645d0da6b6d240c2c5d5d70fcabc2353ee,e1a829331410a08a0d338ff039739f60f62563e0,2026-07-16,2026-07-20
MN,HUGE Improv Theater,Minneapolis,,,20,closure,,0,0,1,https://mn.gov/deed/business/layoff-resources/warn-archive/,b922ce54910337cdf5a44d9c9c39acf380c8eb42023854fb56e67975,365511a221d1b3259fa33f54e1fb3e8754d90a2a,2026-07-16,2026-07-20
MN,Haarslev Inc 2024,Perham,,2024-01-01,6,closure,,0,0,1,https://mn.gov/deed/business/layoff-resources/warn-archive/,b7621dfa28a8e880ede49f6cb057477cbfc064b388955fe9540b639f,270282f392361c9d3b0f077da29196c1289188c8,2026-07-16,2026-07-20
MN,Hallie Q Brown St Paul 2025,St Paul,,2025-01-24,2,closure,,0,0,1,https://mn.gov/deed/business/layoff-resources/warn-archive/,38f748c0c7291e378cf072af57e60ddfb92281b44092e23f65a41a51,40e6dc31e59b035f7b4131d144641f901007bcd2,2026-07-16,2026-07-20
MN,Handmade Natural Beauty Boutique,Rochester,,2024-08-08,1,closure,,0,0,1,https://mn.gov/deed/business/layoff-resources/warn-archive/,b217e6a48a4399756498e9119b3f3c8ad11509a532812f7fef7250ec,4b790824291abe45f13a53ae1f60873b06fd9619,2026-07-16,2026-07-20
MN,Hark! Cafe 2024,Minneapolis,,2024-04-01,1,closure,,0,0,1,https://mn.gov/deed/business/layoff-resources/warn-archive/,692c87fe0f32411bb124a767aaa88af4da32183e60d1a5a38304c505,9e76189f2d0f532c97737d0f0e8a7a0af60c1fcb,2026-07-16,2026-07-20
MN,Haskell's Woodbury 2024,Woodbury,,2024-09-19,12,closure,,0,0,1,https://mn.gov/deed/business/layoff-resources/warn-archive/,25e563774a21227a72df6061bd7e9702f76b8d02acd2f84eb02e868a,d147284e9e337ecf056d443180d14f314bde6790,2026-07-16,2026-07-20
MN,Hastings Creamery 2023,Hastings,,2023-08-01,40,closure,,0,0,1,https://mn.gov/deed/business/layoff-resources/warn-archive/,350f2a8e8a3512f3896f923971e390e142d9343f45b473b686a1ce07,520f9bdb849fe81294d21779d08aacd7d2ad9cff,2026-07-16,2026-07-20
MN,HealthPartners Cottage Grove Clinic,Cottage Grove,,,,closure,,0,0,1,https://mn.gov/deed/business/layoff-resources/warn-archive/,51063d00d93917122dcaff6c74f926526ea2d5b051fa37352e91ff17,bd97b02ad73d0b43aa3f1fa9be7101ddfe268278,2026-07-16,2026-07-20
MN,HealthPartners Highland Park Clinic,St Paul,,,,closure,,0,0,1,https://mn.gov/deed/business/layoff-resources/warn-archive/,d613a591d149b100d9847d7b1d4f07fc6a3e6d56dd855b568dc84a88,61a328f4cc02ea33f6fbe58f35574dc36a0da505,2026-07-16,2026-07-20
MN,Herman's Bakery & Deli 2024,Cambridge,,,5,closure,,0,0,1,https://mn.gov/deed/business/layoff-resources/warn-archive/,7cfc4885572539ab06ab972289f9c40adab0f962788a19645da3bfef,653d45ccb4b3ee9b47472f00c958dfd3cad7ea33,2026-07-16,2026-07-20
MN,Hey Bear Cafe St Paul,St Paul,,2025-05-14,1,closure,,0,0,1,https://mn.gov/deed/business/layoff-resources/warn-archive/,bc6d757ebac120d6331955e41861d74affa9bf8f9ac253e6f6e43585,1276247fbef9336466bbd50d1cec1d980bfd2631,2026-07-16,2026-07-20
MN,Hi Flora! Mpls 2024,Minneapolis,,2024-12-05,1,closure,,0,0,1,https://mn.gov/deed/business/layoff-resources/warn-archive/,8b61a72638931df5079a7953a8611929f1034ee78c84c5dfc086fe17,f77a82520e26b9a5ea17f39b6941a8d85947fafa,2026-07-16,2026-07-20
MN,HibTac- Minorca 2025,Hibbing,,,600,mass_layoff,1,0,0,1,https://mn.gov/deed/business/layoff-resources/warn-archive/,25f1e4a15ecdbe559602752381c8e1a15a05ec86364b1be87d26ceac,411217b307dc3a8e7aeda0dd0dcfaae3cdc66358,2026-07-16,2026-07-20
MN,Hope Dental Clinic St Paul 2024,St Paul,,,1,closure,,0,0,1,https://mn.gov/deed/business/layoff-resources/warn-archive/,03e51ac47b2f304d48fcc996301b6985ebed777f91dcab7196f036d1,4140504bcf31d326825c992b4bb9c5b1eaee8f40,2026-07-16,2026-07-20
MN,House of Hope 2023,Mankato,,,23,closure,,0,0,1,https://mn.gov/deed/business/layoff-resources/warn-archive/,9983c0be90ee75adea994040f508eb97ad39bd1f60405f757e3bc425,54ac8b34c9523d5ce43abce661fbd6fd829fb6ad,2026-07-16,2026-07-20
MN,Hoya Optical 2021,Ramsey,,2021-11-12,7,closure,,0,0,1,https://mn.gov/deed/business/layoff-resources/warn-archive/,19906555695de182998d4fedbb9f1021dedf6f1b530bd44ff498fe58,794cc80a72db070857b07bef50c43079bdc8e9c9,2026-07-16,2026-07-20
MN,Hub Bike 2024,Minneapolis,,,16,closure,,0,0,1,https://mn.gov/deed/business/layoff-resources/warn-archive/,f83e09654bf262867fc032dbfd082c115ec7da7b31fb8adeadeb44ba,c66f5ca0fbbcc9ba9703837c42492ffff13a1396,2026-07-16,2026-07-20
MN,Hub Bike Co-op.,Minneapolis,,,10,closure,,0,0,1,https://mn.gov/deed/business/layoff-resources/warn-archive/,cc9da3f69bf9b30060040b000ca77a568b1583d0e36e49ba65925272,bae6bbb3f26a98b6b6f2c64b809ebc97c34d0f9e,2026-07-16,2026-07-20
MN,Hub Bike Co-op. 2023,Minneapolis,,2023-09-01,10,closure,,0,0,1,https://mn.gov/deed/business/layoff-resources/warn-archive/,373d60a7d916ed5598d6afa68d603426fbe68ad60753d0e30a85166d,0f8ac389acdffa73d5d4b4a55236a3a7641f2961,2026-07-16,2026-07-20
MN,Hubert White - Minneapolis 2023,Minneapolis,,2023-06-15,1,closure,,0,0,1,https://mn.gov/deed/business/layoff-resources/warn-archive/,39b343d15c8ac8cb39d2990eef5b420ca59016618f55d9aabfc84b99,452f1e27b5f86c30a53f80985a26dfbfbe91d6b6,2026-07-16,2026-07-20
MN,Huntington Bank,Columbus,,2023-10-23,1,closure,,0,0,1,https://mn.gov/deed/business/layoff-resources/warn-archive/,e9e4067f5487996b8dfecae9b4322aa42fd24e24e47001db7c0fa706,fd5d0285c9f9633376cc8294a8d6fe45ddfee575,2026-07-16,2026-07-20
MN,Hutchinson Manufacturing,Hutchinson,,,60,closure,,0,0,1,https://mn.gov/deed/business/layoff-resources/warn-archive/,fdaf73406314465e475649b3a435d6dfe28888970bd202fa19f43b5c,b4fe3943d7f6a448f8c66e381c3d08fa5a6568e4,2026-07-16,2026-07-20
MN,Hutchinson Manufacturing 2024,Hutchinson,,2024-07-10,60,closure,,0,0,1,https://mn.gov/deed/business/layoff-resources/warn-archive/,39feaeacfb2175390561fdc7a7a38f8a40a7c48c65fa38196667f2f2,d3b4074bb8aa0f6180c05ac5a961c3b9b4c62f44,2026-07-16,2026-07-20
MN,IWCO Direct 2021,Little Falls,,2021-11-01,330,closure,,0,0,1,https://mn.gov/deed/business/layoff-resources/warn-archive/,f07c9f3dcb780ec39ee76555f4f7bcd5b330730ae5084f056eb419b5,ac9c8fcc05f3856770e161e775dab1a09caa2d4e,2026-07-16,2026-07-20
MN,Ie - Italian Eatery and Un Dito 2024,Minneapolis,,2024-04-24,53,closure,,0,0,1,https://mn.gov/deed/business/layoff-resources/warn-archive/,a372c7a81af1baa05a4bdfa48381dff7d09cb9228088ab9cc6049133,88a7020e8e16bcf9a067496561155fb40886964d,2026-07-16,2026-07-20
MN,International Falls Journal,International Falls,,2021-06-24,12,closure,,0,0,1,https://mn.gov/deed/business/layoff-resources/warn-archive/,a64564234cef3010ff231d780b70fd590fe3a39656a1a3f5640efbde,66f73b2b89071a063a13b8c6e24c6787ace053c3,2026-07-16,2026-07-20
MN,Irish on Grand 2025,St Paul,,,1,closure,,0,0,1,https://mn.gov/deed/business/layoff-resources/warn-archive/,8943ee4228ac20294df1e628987cc51ff4f259d948149845e2eb67d9,9c6e917cc5178ed08b496e598cf1c81bfa19aa01,2026-07-16,2026-07-20
MN,Iron Door Pub Mpls 2025,Minneapolis,,,1,closure,,0,0,1,https://mn.gov/deed/business/layoff-resources/warn-archive/,5e8aa2a88e975b8bbf8c2f9f1b7e43174289e074e34e01c20dbba9ca,e695b8bd14cfe3c02c4813ebf5e435ffc25b1eae,2026-07-16,2026-07-20
MN,It's Greek to Me Taverna E Parea,Minneapolis,,2023-03-23,,closure,,0,0,1,https://mn.gov/deed/business/layoff-resources/warn-archive/,d32b2da94c2d38dc7b6a8c08851015a28890f27848db7206aaeef16c,e2468170baa767ae4beadaf37c3b0a29c53f78bd,2026-07-16,2026-07-20
MN,Itron Waseca 2024,Liberty Lake,,2024-07-31,153,closure,,0,0,1,https://mn.gov/deed/business/layoff-resources/warn-archive/,ee29f8edcfcf77f4f3b5f01cd3c5969a975c9054852a36a2b312344d,9a04d6cb5d68517b3371b129a3a043433d2b7334,2026-07-16,2026-07-20
MN,J & E Companies 2025,Lakeville,,2025-06-02,145,closure,,0,0,1,https://mn.gov/deed/business/layoff-resources/warn-archive/,19b5e36c11113c4fd6cce88f047d1cfdc0eaf436ab096fcfe9c6f1bc,6a192f64e55b38248a8d6280e1d56d5a1b4467fd,2026-07-16,2026-07-20
MN,J&J Distributing 2021,St Paul,,2021-03-23,66,closure,,0,0,1,https://mn.gov/deed/business/layoff-resources/warn-archive/,26fc2916c2078b09fe40191a17d5596db14e2fa4008f023de9543278,55433de11d03b79ccd218078bc2942ae08397d11,2026-07-16,2026-07-20
MN,JCPenney - Coon Rapids -2024,Coon Rapids,,,1,closure,,0,0,1,https://mn.gov/deed/business/layoff-resources/warn-archive/,983166a47cb84401fa5c774123857155bb0cef389c99760975dcb23a,52a59f8ae0a0708e4daf9351bec80fe39a5a1b00,2026-07-16,2026-07-20
MN,JCPenney - Eden Prairie-2024,Eden Prairie,,,1,closure,,0,0,1,https://mn.gov/deed/business/layoff-resources/warn-archive/,6cd0a2133ecf16f8559230ae0ea6985f36455975bf2e0bc1ac5bf8a8,472803c05c220f0dfd5205bf1b141cbcbbe9bf7e,2026-07-16,2026-07-20
MN,JCPenney - Maple Grove -2024,Maple Grove,,,1,closure,,0,0,1,https://mn.gov/deed/business/layoff-resources/warn-archive/,d8f0c90a1f3cf0bc3034afd715af6f3869c2148ec866c4c01e0b6438,bfd27f54a4edec10ebb1286845c6c039d53b6942,2026-07-16,2026-07-20
MN,JCPenney - Willmar -2024,Willmar,,,1,closure,,0,0,1,https://mn.gov/deed/business/layoff-resources/warn-archive/,c79a6e3151cc3536b0cf38d306a0897414e0e6f60ad3a5d77178799f,f8c77d7aa15594dd5c82f139b59f4706c970f6e4,2026-07-16,2026-07-20
MN,JCPenney Detroit Lakes 2023,Detroit Lakes,,2023-05-01,10,closure,,0,0,1,https://mn.gov/deed/business/layoff-resources/warn-archive/,76cb128fa9e56dbd5f1862eaa449aa0106f76be053e8259e11613007,f9336de20fefbfcbb3d22ea661563c2e8c59041f,2026-07-16,2026-07-20
MN,JJ Legacy School 2024,Minneapolis,,2024-01-12,25,closure,,0,0,1,https://mn.gov/deed/business/layoff-resources/warn-archive/,3c19d4fd5706b449373f05a9ca96f776567c3f80cbd60154fe334bd3,710244c4e1d705802f439cdf9762b45b614ca61f,2026-07-16,2026-07-20
MN,JJ Legacy School Minneapolis Education,,,2024-01-12,25,closure,,0,0,1,https://mn.gov/deed/business/layoff-resources/warn-archive/,862e66be3deeb78506c17d0db50403694c71784086733f48118743bd,a871e2050ecf91e8ff528e1e8554ba2375fdef6b,2026-07-16,2026-07-20
MN,James Sewell Ballet Mpls 2024,Minneapolis,,2025-03-01,9,closure,,0,0,1,https://mn.gov/deed/business/layoff-resources/warn-archive/,d0ee7365304a863b6afd8ba9197d4d17917fb7ebe36cf5e9281dc09a,eeea7a50c995ffb2d619251c8bcf215fefc8391a,2026-07-16,2026-07-20
MN,Jenny Craig - Burnsville 2023,Carlsbad,,,1,closure,,0,0,1,https://mn.gov/deed/business/layoff-resources/warn-archive/,7a544ebbaea90d0de37a20cb3012daa597d9d7d6e10e04b3c1c68e2d,575ed3ee1e0ea3b32456c719dd00c17e28fd36ed,2026-07-16,2026-07-20
MN,Jenny Craig - Minnetonka 2023,Carlsbad,,,1,closure,,0,0,1,https://mn.gov/deed/business/layoff-resources/warn-archive/,5ab59253ff63ac5d40b55257c84b249be58b7bdd4456049b72a29a3a,b26bd99b548f027c8c672f20c569869d32aae487,2026-07-16,2026-07-20
MN,Jenny Craig - Roseville 2023,Carlsbad,,,1,closure,,0,0,1,https://mn.gov/deed/business/layoff-resources/warn-archive/,72fd094efabafa73229beb66634fc2eefd375218ea3bf2d48d800437,b9e29203c6a18d23621cd5c73cca51fdc83a9fcf,2026-07-16,2026-07-20
MN,Jenny Craig - Shakopee 2023,Carlsbad,,,1,closure,,0,0,1,https://mn.gov/deed/business/layoff-resources/warn-archive/,c150bbbb44c2720c20db9ddb8b335872c5964f606366e152b1dd2367,6370f23635dd7cebf817aefbd1c57591b861b212,2026-07-16,2026-07-20
MN,Juut Salon Spa,Minneapolis,,,,closure,,0,0,1,https://mn.gov/deed/business/layoff-resources/warn-archive/,0ebf10b1d407b1e4d31c1206fc874970bdfd52bd07e057e0becb207c,94d371a3a3cbf1782ffdbbd1d72ef49cad7cec40,2026-07-16,2026-07-20
MN,Juut SalonSpa 2021,Minneapolis,,2021-06-14,1,closure,,0,0,1,https://mn.gov/deed/business/layoff-resources/warn-archive/,5c094ce261806d3fe209842288d71440d62a2e3702d5e0e6427ce8d4,eb9b1eab7ce2e4d3d3ff39d691542007150d6e4a,2026-07-16,2026-07-20
MN,KJ's Hideaway 2024,St Paul,,2024-03-11,10,closure,,0,0,1,https://mn.gov/deed/business/layoff-resources/warn-archive/,fd78a72398a8c4508048fe299fcc1469f742e8af359dd24f5d15656a,2a92c34c6876d7d7610b18004494cef1d9a0cf58,2026-07-16,2026-07-20
MN,KPFG 2023,Foley,,,62,closure,,0,0,1,https://mn.gov/deed/business/layoff-resources/warn-archive/,fb32ff94216e4948334a21ebfea8a668101da8caa36639c0e414552b,192a661f9cbcfcf7db426fd66a3088609e9ae429,2026-07-16,2026-07-20
MN,Kaleo Inc,Richmond,,2024-11-30,1,mass_layoff,,0,0,1,https://mn.gov/deed/business/layoff-resources/warn-archive/,4c4c5063858410601a063569b132364c5d99c55a3403b788856d58aa,26f436aef3edeb10ea465f966c7caf8c29052242,2026-07-16,2026-07-20
MN,Kalsada in St. Paul 2023,St Paul,,2023-08-01,25,closure,,0,0,1,https://mn.gov/deed/business/layoff-resources/warn-archive/,40262a08c74b86e710e52552788369fd42459b69cb996bdf5c8fd67c,617ec5b4c1d914dcf946d12fa225870d897b5f98,2026-07-16,2026-07-20
MN,Kappa Toys MOA 2025,Bloomington,,2025-02-18,1,closure,,0,0,1,https://mn.gov/deed/business/layoff-resources/warn-archive/,aee7e02d3db0e6ee35b8e27114de8fb9100ee4544d1740b59fdd0566,811fa1fdde0c05c90490573018ddf7520eb618fa,2026-07-16,2026-07-20
MN,Kidizen Minneapolis,Minneapolis,,2024-10-30,1,closure,,0,0,1,https://mn.gov/deed/business/layoff-resources/warn-archive/,ef2aab45cfeebcf9871bf9a70ad5d3b2867656035c98b32f8b7cbd1f,520f9fd97c1d4b928ffaa37bb68fc0f188b47d44,2026-07-16,2026-07-20
MN,Kidizen Minneapolis 2024,Minneapolis,,,1,closure,,0,0,1,https://mn.gov/deed/business/layoff-resources/warn-archive/,07e966af2cb4da3ba3432b8417e8fcc0eb56ad4eb78ca718a8c6aa3d,b5bdbe0ee89d7a61be87566e9273dd583547afeb,2026-07-16,2026-07-20
MN,Kim's 2024,Minneapolis,,,40,closure,,0,0,1,https://mn.gov/deed/business/layoff-resources/warn-archive/,96601dcc26cad1062f098d13922413ca358123e1fed06d1270767051,3d36a7c92f91a612d96064b3d514c8880d8077eb,2026-07-16,2026-07-20
MN,KinhDo Restaurant -2023,Minneapolis,,,5,closure,,0,0,1,https://mn.gov/deed/business/layoff-resources/warn-archive/,7703f0a42f8760728081625a23de0cc669bebea8230c563ba65a59f1,c7cc951bd2bfcae2cc9860b35471572c59ae6bf0,2026-07-16,2026-07-20
MN,Knitcraft 2023,Winona,,2024-01-01,,closure,,0,0,1,https://mn.gov/deed/business/layoff-resources/warn-archive/,2fba8c9e069f4ddd247e50d8fb89ab6017580e8d22b3ecae45811144,8c5d575406bea7f717fb2f89deec1ef4f7dbd954,2026-07-16,2026-07-20
MN,Kowalski's Eagan 2024,Eagan,,2024-02-24,130,closure,,0,0,1,https://mn.gov/deed/business/layoff-resources/warn-archive/,1a251aa6ce2532f4fe4e22f115b0aaa9d41f57c310d51a1c65a73b4d,8b697966d527fb3b3525e178e462347566c9ce92,2026-07-16,2026-07-20
MN,Krazy Bling Boutique 2024,Owatonna,,2024-09-13,1,closure,,0,0,1,https://mn.gov/deed/business/layoff-resources/warn-archive/,1ef1bd7d0ee835796d3996baadb911a0f9a3a34571b4b9ad542a88ff,05939814d1ce8b3876f48290586fc36db5a5b305,2026-07-16,2026-07-20
MN,Kyros 2024,Minneapolis,,2024-09-19,100,closure,,0,0,1,https://mn.gov/deed/business/layoff-resources/warn-archive/,0b07e6068fcfc58484574f6ae90fdf2d7baa4c9b188d1695ca886ffd,920dff991429ca8e7cfc2613bf31aa54ba7ed95e,2026-07-16,2026-07-20
MN,LL Flooring Chanhassen 2024,Richmond,,,1,closure,,0,0,1,https://mn.gov/deed/business/layoff-resources/warn-archive/,0fc53a3208854bac8e20403abf72f00980323b982080a28323dc1753,53624da1be27ec8e44708aa4589e2d6bead1d965,2026-07-16,2026-07-20
MN,LL Flooring St Cloud 2024,Richmond,,,3,closure,,0,0,1,https://mn.gov/deed/business/layoff-resources/warn-archive/,045acdbc6e2176b2f13d2123e1e53d475001501fd8fc67b18f13b004,a8a8bce7707f4f6bbccaabb2568ea0d9f79b55a9,2026-07-16,2026-07-20
MN,LL Flooring Woodbury 2024,Richmond,,2024-01-27,4,closure,,0,0,1,https://mn.gov/deed/business/layoff-resources/warn-archive/,9148bd86116d0950401076af2d910f78c82de52d0c69365a50728ca2,57923491337bbc013fb77ff8b672d1ee0397bd99,2026-07-16,2026-07-20
MN,La La Ice Cream and Luncheonette,Minneapolis,,2024-10-04,1,closure,,0,0,1,https://mn.gov/deed/business/layoff-resources/warn-archive/,c3788315ae006791a1732a8c72fab09ae5028e63576c29df6399e93a,1d13d338e1cf3c08cdab5c54cb51c868b2516840,2026-07-16,2026-07-20
MN,La Terraza Mankato,Mankato,,,1,closure,,0,0,1,https://mn.gov/deed/business/layoff-resources/warn-archive/,d87f429deaada68b120ea500e23a5a1d40b29717b60817559092b064,7abaf735fb0b45a5fb1bfd7ee8a3a622983f4a14,2026-07-16,2026-07-20
MN,La Terraza in Mankato 2023,Mankato,,2023-09-01,1,closure,,0,0,1,https://mn.gov/deed/business/layoff-resources/warn-archive/,9849de6dcc92c2455305182426ca7853290ef4bf824644abf5b9d33f,bd939c3b9382aeafb72be869e142dda808bff13d,2026-07-16,2026-07-20
MN,La Vie Boutique Woodbury 2024,Woodbury,,2025-01-15,7,closure,,0,0,1,https://mn.gov/deed/business/layoff-resources/warn-archive/,0b7f81c8e636b1f5da205d73efd23905de8ec0e95075865f2ce02bd5,601abf0d4305948a4d4543d754f86598554045dd,2026-07-16,2026-07-20
MN,Lake Crystal Pharmacy,Lake Crystal,,2025-05-28,1,closure,,0,0,1,https://mn.gov/deed/business/layoff-resources/warn-archive/,4be6733a74c2c5670d8537926db40f58b04322a8c1eac2b6268cc842,84c8c03182c97ec4740b07ba194689179a6cb486,2026-07-16,2026-07-20
MN,Lake Region Healthcare,Fergus Falls,,2024-03-16,9,closure,,0,0,1,https://mn.gov/deed/business/layoff-resources/warn-archive/,ae1743b23162cd98493bf7fa6f570e7225b53cf070bec3353ee28c2b,a984b4c8821fb2f54de21dab7a1e8e7266ba4602,2026-07-16,2026-07-20
MN,Lakes & Legends 2023,Minneapolis,,2023-12-01,24,closure,,0,0,1,https://mn.gov/deed/business/layoff-resources/warn-archive/,ea7ec799a08b84324471f6d84eeab378c290fc63acead8d649885a0c,2a6ee5f47f731b5f331eca8d80a53ab1c2fd1dab,2026-07-16,2026-07-20
MN,Lakes & Legends 2023 Minneapolis Dining Establishments,,,2023-12-01,24,closure,,0,0,1,https://mn.gov/deed/business/layoff-resources/warn-archive/,6a0fe9eaffdab74f0b1f415e4ddbff5d0b5aaa84c26b8db3b44efa9b,059a3d4279cc67dc53414f8b89bee7eb5c909ef9,2026-07-16,2026-07-20
MN,Lakeside Medical Ctr 2022,Pine City,,2022-02-18,44,closure,,0,0,1,https://mn.gov/deed/business/layoff-resources/warn-archive/,6e3eb122a1e78c9c5c18a7fe8fb19f751dfde2419c1dbd7de708c463,f38ee4e8c47e45b886fa6d6d45eba285913875ab,2026-07-16,2026-07-20
MN,Lakewood Health Systems,Staples,,2024-06-04,1,closure,,0,0,1,https://mn.gov/deed/business/layoff-resources/warn-archive/,a92cdefbacaf4513135b02b17058b7d31844282d7b0caeb52ae611ad,30a3dc09872eba2f945e121700ea4bd7312c054d,2026-07-16,2026-07-20
MN,Lava Burgers and Wings Owatonna Dining Establishments,,,2023-11-01,1,closure,,0,0,1,https://mn.gov/deed/business/layoff-resources/warn-archive/,5e5bc2daf60c575f6e5e96705ac1913f12f2a58efa580a6d9192a9cf,dcc29644a3fee8e5c8cf5c44343d0d54e60ae2ad,2026-07-16,2026-07-20
MN,Lava Burgers and Wings in Owatonna 2024,Owatonna,,2023-11-01,1,closure,,0,0,1,https://mn.gov/deed/business/layoff-resources/warn-archive/,b0a017dc3a4b4a4ad3c074faf1a06079037fa08419728aadf99d29f1,f89a912248b9205e5defc593d61d8a613d1917d1,2026-07-16,2026-07-20
MN,Legacy Toys MOA 2024,Bloomington,,,1,closure,,0,0,1,https://mn.gov/deed/business/layoff-resources/warn-archive/,1e2cf15004316490bb5923a09a440a77ac0ee8320c3112c94e1b3159,e980b2f674dbe71e5496ace23ec08231eac9d326,2026-07-16,2026-07-20
MN,Les Sól,Minneapolis,,2024-06-30,1,closure,,0,0,1,https://mn.gov/deed/business/layoff-resources/warn-archive/,41f75e0a6eadc6c9375205f38a922c92abe6b802b859b63822ed5ba0,afc1b0fc3993ac159695da8fbdb17e65cc297332,2026-07-16,2026-07-20
MN,Lewis House Hastings 2024,Burnsville,,,,closure,,0,0,1,https://mn.gov/deed/business/layoff-resources/warn-archive/,8472b52c4520308f2c238aa4cf9975ac7ae751ffb5629d603db97d55,0ec6a8f2ca8d664de41a955c6e1fb7c4b1d7c790,2026-07-16,2026-07-20
MN,Litin’s Party Value,Minneapolis,,,1,closure,,0,0,1,https://mn.gov/deed/business/layoff-resources/warn-archive/,9c16eb5838f08fb54908da8d9375f7dd3d98787869e6ebf4fa0ff366,4a02a4161355feb24724473c548e55d40a2486d2,2026-07-16,2026-07-20
MN,Living Christ Early Learning Center,Chanhassen,,,12,closure,,0,0,1,https://mn.gov/deed/business/layoff-resources/warn-archive/,a8100d17add9e30ddd614b16570f3d0350f01da3023710a986418084,d069d16c6476d22294aba4536041e9ba5464c457,2026-07-16,2026-07-20
MN,Long Term Care Unit - Northfield Hospital,Northfield,,2023-09-07,55,closure,,0,0,1,https://mn.gov/deed/business/layoff-resources/warn-archive/,c2abac36140e6bbd3b303faf866b1ddbff9c888f6b67ff22e2b9bd28,711dcb6588c9f82dfdf9df051dea71b4f4aa0e56,2026-07-16,2026-07-20
MN,Loons Landing Brewery 2024,Savage,,2024-02-01,4,closure,,0,0,1,https://mn.gov/deed/business/layoff-resources/warn-archive/,302b75ad74e9f4f95f2e262b0b4495ea925a86fb8976d79c5698b591,87942152d7a5be4aa848490ae0b89a4d94388bd9,2026-07-16,2026-07-20
MN,Loons Landing Brewery 2024 Savage Other Services 2/1,,,,4,closure,,0,0,1,https://mn.gov/deed/business/layoff-resources/warn-archive/,215f618cf711df8c9ff6c2f92a8464902ba3992f3e33f151503b1d15,c1fbc644ed96b99ddb7b9175740a3889ad5cce4e,2026-07-16,2026-07-20
MN,"Lost Boys Interactive, LLC Madison Arts/Entertainment/Rec",,,2024-03-15,3,mass_layoff,,0,0,1,https://mn.gov/deed/business/layoff-resources/warn-archive/,53eaeb0421ea8595dff534f44bda2ab20025218ad5b5af73e561987f,15a0c1430c4dc9b6ce91809fa4537b53d68420f6,2026-07-16,2026-07-20
MN,Love Works Academy,Minneapolis,,2024-09-06,30,closure,,0,0,1,https://mn.gov/deed/business/layoff-resources/warn-archive/,0b1b30de071a8183975204205e95aafedc5832eb063f317c00064dcf,88c439a14252e991c38d0648084f2e66aec7f4a9,2026-07-16,2026-07-20
MN,Lunds/Byerly's St. Paul 2025,St Paul,,,17,closure,,0,0,1,https://mn.gov/deed/business/layoff-resources/warn-archive/,74fbc41f9a5392d24cc792a2d677628cbe96be36c34e1077c22769e0,c4ecdaea2bfa89e853eeb85832a7b311809bb4d9,2026-07-16,2026-07-20
MN,MCs Garage Mankato,Mankato,,2025-05-10,1,closure,,0,0,1,https://mn.gov/deed/business/layoff-resources/warn-archive/,51fcdae2f9944921674b218e43bc30139486b07f74819d7a3227a6f5,b92a7746a2ca9784845e84308e39cb926b6d5366,2026-07-16,2026-07-20
MN,MN DFL 2022,St Paul,,2022-01-15,40,mass_layoff,1,0,0,1,https://mn.gov/deed/business/layoff-resources/warn-archive/,3d98dd7ddc0c7dc0bbd5b12e710bb5f394a70532b3a3d304ac0afdd8,29456d04e941100a06cf69b86337e543c807947a,2026-07-16,2026-07-20
MN,MN Twist Drill 2026 Chisholm Manufacturing,,,,84,mass_layoff,,0,0,1,https://mn.gov/deed/business/layoff-resources/warn-archive/,b268bc0d849d74613d5d8ed6d2aac75e8112709b66cf34f00019e518,c096a581e0fed5f9baacbc0052074aaf1eb17a38,2026-07-16,2026-07-20
MN,Mac's Bar and Grill Mountain Iron Dining Establishments 1/1,,,,1,closure,,0,0,1,https://mn.gov/deed/business/layoff-resources/warn-archive/,9627813e00504aa94ae38bcb98698776e485bd49d9e6eb6ffcd94a38,e42bb6c1327de919dcd7ec50656b6e2099935578,2026-07-16,2026-07-20
MN,Mac's Bar and Grill in Mountain Iron,Mountain Iron,,2024-01-01,1,closure,,0,0,1,https://mn.gov/deed/business/layoff-resources/warn-archive/,4d8458ba8993288c0a7bfe25e0d829a1c5c45c96645c025e85866946,aa4598bb8afb8c77f7ac67f1c174f9fb7996c9a9,2026-07-16,2026-07-20
MN,Macy's - Burnsville 2025,Burnsville,,,40,closure,,0,0,1,https://mn.gov/deed/business/layoff-resources/warn-archive/,68e052b081a723b780fdd8c4a96fda61d7bdb12a0d119187ee429492,7603d4729c6780b861b9106aeb7968c690cc1f03,2026-07-16,2026-07-20
MN,Macy's - Maplewood 2025,Maplewood,,,66,closure,,0,0,1,https://mn.gov/deed/business/layoff-resources/warn-archive/,5a3896d9546a2fd10ed31e8cea99ff912fc147810b764a2b3e2cea0c,245a1acaa8f9ccfcaeeaff44ff2620e7aeb17c10,2026-07-16,2026-07-20
MN,Marco's Pizza Anoka 2025,Anoka,,2025-02-11,1,closure,,0,0,1,https://mn.gov/deed/business/layoff-resources/warn-archive/,0240d109d13222cb51bc14b6b1d5e8a385634f5e24fed25972364690,8fd6aa07b029d36fe997750703b8fec4ffe91206,2026-07-16,2026-07-20
MN,Marien's Deli 2024,Lake City,,,2,closure,,0,0,1,https://mn.gov/deed/business/layoff-resources/warn-archive/,3c078ae7cdd272e56fcf22ef568cd00a2c00e2356249d6b678fbb006,3442f087878de178c8f8b2b78ee5adbeb3f4f77b,2026-07-16,2026-07-20
MN,Marsden Bldg Maint LLC 2023,St Paul,,2023-12-31,219,closure,,0,0,1,https://mn.gov/deed/business/layoff-resources/warn-archive/,63fe3d65fea36d4e8918f9efbc67802124da8373435fcd745977249b,d4602ef1ebd271abb0fcd4c6239465c6a0b6e58a,2026-07-16,2026-07-20
MN,Marshalls - Minneapolis,Minneapolis,,,45,closure,,0,0,1,https://mn.gov/deed/business/layoff-resources/warn-archive/,f632ffa5a3a8425c6213bcf287f2cacf46a6d38f2fcd4ae1d18002df,93b9e1481cb87c079a8c3c43becc48cb37d684ad,2026-07-16,2026-07-20
MN,Marshalls - Minneapolis 2022,Minneapolis,,2023-01-14,45,closure,,0,0,1,https://mn.gov/deed/business/layoff-resources/warn-archive/,9ce2d786b6e9b524f4186af87387b9e582fdb7154476d7cd4aa3eccd,983eb6b388e918b0303afe8a3ca7f61f91e3937c,2026-07-16,2026-07-20
MN,Masu Sushi Apple Valley 2024,Eagan,,,1,closure,,0,0,1,https://mn.gov/deed/business/layoff-resources/warn-archive/,7b168dc9fb907ac1bf78e19eb8f7c4ba9402abe391ee89d0bb430a0f,37f795a23a38cde2b9cad56626b5a35d1999b1b8,2026-07-16,2026-07-20
MN,Masu Sushi and Robata MOA 2024,Eagan,,,1,closure,,0,0,1,https://mn.gov/deed/business/layoff-resources/warn-archive/,c21259c02bac5d3344ebc8f7c525042f8740ead1fc8d7bad52fce57b,46a75594f8c143f531cfba47e23ee6aae05e741f,2026-07-16,2026-07-20
MN,Maurices Blaine 2024,Duluth,,2024-02-20,1,closure,,0,0,1,https://mn.gov/deed/business/layoff-resources/warn-archive/,98a038b854a2a2b235f8d7aa7cee90047a72a1caa1f630075bdf6952,a7dd64476eccab414046fd4e57702b50e047a588,2026-07-16,2026-07-20
MN,Maurices MOA 2024,Bloomington,,,1,closure,,0,0,1,https://mn.gov/deed/business/layoff-resources/warn-archive/,02ae34d3a75f81c759acace069c9fa46990be2ab9dcb78bd69b59c21,b5c26665e23633acbad74b65d740ae1d924c95b5,2026-07-16,2026-07-20
MN,Maverick's Wood Grill Champlin,Champlin,,2025-05-31,1,closure,,0,0,1,https://mn.gov/deed/business/layoff-resources/warn-archive/,b47d5b54229f0823dcc416773b3bac0244bb8d2f96582c563b2960a8,c72097441c8971b7d723244c1015edfc56f18859,2026-07-16,2026-07-20
MN,Mayo Clinic Le Sueur 2023,Le Sueur,,2023-02-12,,closure,,0,0,1,https://mn.gov/deed/business/layoff-resources/warn-archive/,c50a49db232db9bf0472cdaa3dde58af852c19b1979c5c6f271d1577,f8f66eb9ccdb6fe8abc464adaf118db321f1fc62,2026-07-16,2026-07-20
MN,Mayo Delivery Services-New Prague,New Prague,,2024-02-09,1,closure,,0,0,1,https://mn.gov/deed/business/layoff-resources/warn-archive/,a190e8eb8519d3d904cdde9abcdc97bfedbe25981710f9d3a7f37068,7acbcf9ce48c55ab158453b523e475ae53948a29,2026-07-16,2026-07-20
MN,Mazopiya,Prior Lake,,,1,closure,,0,0,1,https://mn.gov/deed/business/layoff-resources/warn-archive/,9a647654294b62e1dc6d5b11feacbd8cd9d80b055cc2b21d40488952,53dca04b21cced2e8ed5de2ccf107c8c621c91b1,2026-07-16,2026-07-20
MN,McCoy's Public House Restaurant 2024,St Louis Park,,2024-03-01,38,closure,,0,0,1,https://mn.gov/deed/business/layoff-resources/warn-archive/,85deb7c0f99eabdb149731df150cf009c59a65a4a646f7ffb0a33de3,a4c7beaa6a5acad769b8c41e9668190ad9957879,2026-07-16,2026-07-20
MN,McDonalds's,St Paul,,2024-12-08,40,closure,,0,0,1,https://mn.gov/deed/business/layoff-resources/warn-archive/,eaeb1dd63be7c722d32e0afb1e53a5be20da402addd482f78d49cada,8c03514f6ea419f423ebecf809f8d3aabc028d75,2026-07-16,2026-07-20
MN,Meadow Lane Healthcare 2023,Benson,,2023-08-11,28,closure,,0,0,1,https://mn.gov/deed/business/layoff-resources/warn-archive/,ee4dbd01fc130f2df038e6c9400345a94d80c1fa588b2b849edd9fae,9f3a3c73a83008856e821615a4d495b856410010,2026-07-16,2026-07-20
MN,MercyOne Clinic-Albert Lea 2023,Albert Lea,,,,closure,,0,0,1,https://mn.gov/deed/business/layoff-resources/warn-archive/,bb968c4d9ec20c64828a9868e1e9e3b56be9c23ff8c3e80453ad42c0,1e97a85cae2a2629f5c6baaec4d8274138dd7696,2026-07-16,2026-07-20
MN,Midwest Mountaineering 2023,Minneapolis,,,40,closure,,0,0,1,https://mn.gov/deed/business/layoff-resources/warn-archive/,5cc46b91cb1d36f13d41b9d3bc1361903ba6b4fbe50dd46bc0c66433,83477237c2e57a66427c079be5a2af2750db74c6,2026-07-16,2026-07-20
MN,Mike's Cafe & Pizzeria 2024,Esko,,2024-03-04,2,closure,,0,0,1,https://mn.gov/deed/business/layoff-resources/warn-archive/,044c4d37e3ebdbdf15f18604afaeb7f9820097a61c20a78e38f66928,75396e6245f290f01df0caa69d5c88aff0c51834,2026-07-16,2026-07-20
MN,Miller Manufacturing 2023,Glencoe,,2023-04-14,140,closure,,0,0,1,https://mn.gov/deed/business/layoff-resources/warn-archive/,d775d4d8e00d1bf0548a9d4bdbe5b52854a20c1dad7cd93ff4172f37,433a60677b8314b26c9e84a7d85e32e3dddeaf7a,2026-07-16,2026-07-20
MN,Minneapolis Airport Marriott Hotel,Bloomington,,2021-03-19,82,mass_layoff,1,0,0,1,https://mn.gov/deed/business/layoff-resources/warn-archive/,0ca95dbddf7932dce181ed7547489f3c8c2bd5c2ce02f7b098ead14f,8a662ebfc06588eefb536efae1096418796a897c,2026-07-16,2026-07-20
MN,Minnesota Makers,Robbinsdale,,,1,closure,,0,0,1,https://mn.gov/deed/business/layoff-resources/warn-archive/,ee4e922f0e3710f21b746343c86a856d194961f9c2dc219a8bfa0ac3,e00c969d38e6caeb4a3f6a6eff1626ba47247499,2026-07-16,2026-07-20
MN,Minnesota Makers Excelsior 2024,Excelsior,,2024-02-23,,closure,,0,0,1,https://mn.gov/deed/business/layoff-resources/warn-archive/,18bedcfc36b7ff63075df4c473f33075e55d6ffb34772401e41f826f,bac3817b8416a45f74b74dadf6d66d4c26edcbb8,2026-07-16,2026-07-20
MN,Minnesota Makers Robbinsdale 2024,Robbinsdale,,2024-08-24,1,closure,,0,0,1,https://mn.gov/deed/business/layoff-resources/warn-archive/,45c4c2709c6af09c34bacfabf4e86da1a6435b0118b68107b7ed7799,323e04c608819040959f6548a01f771160e861b5,2026-07-16,2026-07-20
MN,Momento Restaurant + Bar 2024,St Paul,,2024-03-01,19,closure,,0,0,1,https://mn.gov/deed/business/layoff-resources/warn-archive/,d5244c67fe5d4044012fa8dc1163595d15b001b280d412140e836f70,0c453c26bd100f84c1281bc5d04f9c874e91547e,2026-07-16,2026-07-20
MN,Morning Glory's Bakery Cafe,Rosemount,,2024-01-30,1,closure,,0,0,1,https://mn.gov/deed/business/layoff-resources/warn-archive/,b5fb71e8fe07934c69f6ee96517cc3787636e70906b6f5d771ae7a83,a2e793dedbdf89f411a7ef6b16a84d800d45d030,2026-07-16,2026-07-20
MN,Mothers Moorhead 2025,Moorhead,,2025-03-01,1,closure,,0,0,1,https://mn.gov/deed/business/layoff-resources/warn-archive/,84c738763a76b3a20390e076beeb6227e2efea6d64c40bfcd2019b9f,dea6c465a4c493e18dfae269fd98f77a578f5a73,2026-07-16,2026-07-20
MN,"Myplas, Inc",Rogers,,2024-01-01,1,closure,,0,0,1,https://mn.gov/deed/business/layoff-resources/warn-archive/,cda9fc03513e584d41060b1e02205e7e7c4817cdd2617048ee6a1394,0edfff7382cc83843296ca2f1eb4e5fabb707c5a,2026-07-16,2026-07-20
MN,Nana Gogo Toybrary 2023,Rochester,,,1,closure,,0,0,1,https://mn.gov/deed/business/layoff-resources/warn-archive/,7c938ed41c311ccf27e0365f73cfe1f20e7e55bc824d7f840eb571bd,e3bc4bde26e183ddc6079f1bf068da2c65610277,2026-07-16,2026-07-20
MN,Nashville Coop - Rochester,Rochester,,,1,closure,,0,0,1,https://mn.gov/deed/business/layoff-resources/warn-archive/,7b0ce07561f640e739ca2035bb7ab4ea65edb5d589e6501c28045583,d041fc9b8238e7a66a5585e11e062b74890b20ec,2026-07-16,2026-07-20
MN,Nashville Coop - Rochester 2023,Rochester,,2023-08-17,1,closure,,0,0,1,https://mn.gov/deed/business/layoff-resources/warn-archive/,d6ab247b926afb27e4f06f20310f272e0b7f1a7cb3a9204550ed8d00,ac763ee1f78515c61aa32f7dfc7e4cef1cb3771a,2026-07-16,2026-07-20
MN,National Recoveries 2021,Arden Hills,,2021-10-01,60,mass_layoff,,0,0,1,https://mn.gov/deed/business/layoff-resources/warn-archive/,2cc6b4432fe4bb3694483a7c208b7c20980a619e7b548ec73ff185c0,46d7fd1e5e2579407a1c466b0ca1b2f98aa087b3,2026-07-16,2026-07-20
MN,New London Cafe 2024,Duluth,,2024-01-18,4,closure,,0,0,1,https://mn.gov/deed/business/layoff-resources/warn-archive/,b327008efc96e08e0c2451fa69f749e683f7c2c3fae406e44a298fb8,8638a0c3d5adad3c7e94ad31d1b09b63b95cb32f,2026-07-16,2026-07-20
MN,New London Cafe Duluth Dining Establishments,,,2024-01-18,4,closure,,0,0,1,https://mn.gov/deed/business/layoff-resources/warn-archive/,8fd6d699d86b2ee666aec9695819593b4920e4cec9861d2cc886026a,cde2e4df3308fac3e49d7845496f93270d6eb5be,2026-07-16,2026-07-20
MN,NexLink 2020,Eveleth,,,18,closure,,0,0,1,https://mn.gov/deed/business/layoff-resources/warn-archive/,651311e02dbcc16fa273894ef3d21b02ebc8f8bee875276be99eff94,27b9d73795535f4005c07c5ae579cd09ecca2046,2026-07-16,2026-07-20
MN,Next Innovations 2024,Walker,,2025-02-18,3,closure,,0,0,1,https://mn.gov/deed/business/layoff-resources/warn-archive/,fe5673f27630e60f225a03149f36fd2bc445a0d904cc8d9619d08018,8d888090714391504c87e4ea8d5830b479473b57,2026-07-16,2026-07-20
MN,Ngon Bistro,St Paul,,,1,closure,,0,0,1,https://mn.gov/deed/business/layoff-resources/warn-archive/,4dce7b4da93ef89e6d3b5e8d364aea4ed84747a1a89d8e4f42bb52b8,9dc9af2693d9cb8a4bfbc7ea03604c126b6479bb,2026-07-16,2026-07-20
MN,Ngon Bistro 2023,St Paul,,2023-07-01,1,closure,,0,0,1,https://mn.gov/deed/business/layoff-resources/warn-archive/,25d3f6f20de3eef64b741a32f3922ce0efef5da3feffc37ba0afa472,c18617c3ef472d42b1f72f017642a445f0f71ec0,2026-07-16,2026-07-20
MN,Noodles & Co Crystal 2025,Broomfield,,2025-02-12,1,closure,,0,0,1,https://mn.gov/deed/business/layoff-resources/warn-archive/,46795b7a56d541f7be4a8f2e8970259c9dbf4558bb46e3610ef7c16a,c9acc5de9e60b25585cccbd0ee3e19a2e3e56715,2026-07-16,2026-07-20
MN,Noodles & Company Eagan 2024,Eagan,,,1,closure,,0,0,1,https://mn.gov/deed/business/layoff-resources/warn-archive/,a09461888de50c54e7410f343ec0349252fee57de780dbe3854051f4,2f1ce421f65f30b3d12348491f89aa5bda93699e,2026-07-16,2026-07-20
MN,Nordson Medical 2024,Brooklyn Park,,2024-04-01,120,closure,,0,0,1,https://mn.gov/deed/business/layoff-resources/warn-archive/,d0076245f802637a388bd9564af54dfda79f9f0a48350dbefc7ecd11,5eedb753bc4328a767098e0764f6a0bd5c3e2ef4,2026-07-16,2026-07-20
MN,Nordson Medical-2023,Brooklyn Park,,2023-05-01,23,closure,,0,0,1,https://mn.gov/deed/business/layoff-resources/warn-archive/,77853a16fa8454d0cc50bbb2b403faa7260d278cd37a78b23dd18234,e8cb68cc0871045d2bb4522f2dbfb859ad9428b1,2026-07-16,2026-07-20
MN,Nordstrom Rack IDS 2022,Minneapolis,,2022-01-18,5,closure,,0,0,1,https://mn.gov/deed/business/layoff-resources/warn-archive/,69f592cdd760d53b774bc405a5bee05ff5dc99eb28e9a484815e8a1d,1f06f3c9d71ad381ca6ceb84bd2a789e187fd078,2026-07-16,2026-07-20
MN,Nortech Systems 2020,Merrifield,,,61,closure,,0,0,1,https://mn.gov/deed/business/layoff-resources/warn-archive/,09760c97fbd4451ee338e2cc24766e9a6182095573bc8dadbfbb1d3d,602349c500dfb23a90a9aafb7cf1b8924bdbe1a9,2026-07-16,2026-07-20
MN,North Loop Galley Mpls,Minneapolis,,2025-05-10,1,closure,,0,0,1,https://mn.gov/deed/business/layoff-resources/warn-archive/,0c8effebf64b81752dd93cf43a95ae3fafc5404ffcb9a93af539b509,8216d79985c5dc5ba0ed38981e7e778af4fbcd33,2026-07-16,2026-07-20
MN,North Suburban Center for the Arts,Fridley,,2024-07-31,1,closure,,0,0,1,https://mn.gov/deed/business/layoff-resources/warn-archive/,a3ed1a4771081372c4e0320ac4902a2fd1b6fd8e5e0b965429e9b9c0,b6f4cceffd25b1bc71919b95271dd5a093e707f8,2026-07-16,2026-07-20
MN,North Suburban Center for the Arts 2024,Fridley,,,1,closure,,0,0,1,https://mn.gov/deed/business/layoff-resources/warn-archive/,e2226f1664627bbbbc2cc721660b2640606c81c97680c2ffa615c448,561bf5e791228901a2c55d94fcdc40130e90c0eb,2026-07-16,2026-07-20
MN,NorthStar Orthodontics - 2024,Park Rapids,,,1,closure,,0,0,1,https://mn.gov/deed/business/layoff-resources/warn-archive/,456d120e97f93cc17aacf773cef1b49c188f1de960152ea290cbd89b,19e1a012b6e864d8cf1ed6a1177118d484798c7e,2026-07-16,2026-07-20
MN,NorthStar Orthodontics - Park Rapids Manufacturing,,,2023-12-31,1,closure,,0,0,1,https://mn.gov/deed/business/layoff-resources/warn-archive/,0ee1f7c6405fed00ab24a37e6b30c5f0701e3ff8eb71eebd21f73c98,ba9a862e356530242a009eda1ee0fcaf10827375,2026-07-16,2026-07-20
MN,Northern Brewer St. Louis Park 2023,Roseville,,,9,closure,,0,0,1,https://mn.gov/deed/business/layoff-resources/warn-archive/,0f2c6b302b2e49ac717a242005d942dd7cc13a1306daf1a1ebf1b7e0,e08f5c69eadb28418ea1687e0b79c2d394a41f88,2026-07-16,2026-07-20
MN,Northern Brewer St. Paul 2023,St Paul,,,9,closure,,0,0,1,https://mn.gov/deed/business/layoff-resources/warn-archive/,1bf9acea954c04e8219669eca8a7be535cc303c24f9760326e18573f,4dee8fd628e07c555cf9f91a260a2232a93a7a1c,2026-07-16,2026-07-20
MN,Number 12 Cider Minneapolis 2024,Minneapolis,,,20,closure,,0,0,1,https://mn.gov/deed/business/layoff-resources/warn-archive/,37c230655bd01e8a2e05e6be5557e6ebfbb409ae0607d28a64ee7bb5,2852b2dd92f81726644fa24d018764705795a559,2026-07-16,2026-07-20
MN,Nupa North Rochester 2025,Rochester,,2025-02-12,1,closure,,0,0,1,https://mn.gov/deed/business/layoff-resources/warn-archive/,ea070eed92c9b2ab7c2fa08135b7787f271d2f00f690d8755ff05bd6,70c48d4ecc322811ba59cdf490e7c2bb7779ab3d,2026-07-16,2026-07-20
MN,Nuway - Waite Park 2025,Minneapolis,,,8,mass_layoff,,0,0,1,https://mn.gov/deed/business/layoff-resources/warn-archive/,b5e6060b970697419074091b6d8466c3f6cd93299aa7cd20b946eeaa,b6d1f1a5888be4bd203fb508d5f3f9f5a553fb09,2026-07-16,2026-07-20
MN,Nuway Alliance Mankato 2025,Mankato,,,1,closure,,0,0,1,https://mn.gov/deed/business/layoff-resources/warn-archive/,085092832d7002fe43fb8151dee8bc138139807cbacde3753c2ef6c2,1512db82569e466bcd86aab8fb7c967fd324c46d,2026-07-16,2026-07-20
MN,Nuway Alliance Rochester 2025,Rochester,,,1,closure,,0,0,1,https://mn.gov/deed/business/layoff-resources/warn-archive/,723b5065089eaf32f4380800d6a941f0e16461bf6766681bb4a1c7a3,95665c21db4851c5b570ddc02d197ab895c280bd,2026-07-16,2026-07-20
MN,Nuway- Duluth 2025,Minneapolis,,,13,mass_layoff,,0,0,1,https://mn.gov/deed/business/layoff-resources/warn-archive/,995b92e964116869d4ade469d2491c222b9a225fb1ebabd4a8fcde4a,d8f224c60d2d025a6ff2aaaf5d0af37ee8be5424,2026-07-16,2026-07-20
MN,Oberg Roofing,St Cloud,,2024-10-28,1,closure,,0,0,1,https://mn.gov/deed/business/layoff-resources/warn-archive/,ce921591dd9893588e05dfadd52e9044b56bce4b832a4640f5a9eea9,1b28247df639ed02c38b392a3c09db7a87c92a67,2026-07-16,2026-07-20
MN,OfficeMax Eagan 2025,Eagan,,,9,closure,,0,0,1,https://mn.gov/deed/business/layoff-resources/warn-archive/,068a06e2fe64c46ce89673e47bb3986b6255747d014f042292a0b867,bb0a426501dd93efd88113923686d5655db5fa90,2026-07-16,2026-07-20
MN,OfficeMax Savage 2024,Savage,,2024-02-15,5,closure,,0,0,1,https://mn.gov/deed/business/layoff-resources/warn-archive/,9bc17f3b58964dd002c06dcefa5f15789e5f10fd24662a5324b823fa,fabcbd9274832461e6fd23aa4b59568f0a22b251,2026-07-16,2026-07-20
MN,Old Log Theatre 2024,Greenwood,,2024-02-20,3,closure,,0,0,1,https://mn.gov/deed/business/layoff-resources/warn-archive/,257b949724079498dcb34210aa4d9e5be9ae8ddf64e8062857e7dc2c,0293e4ca143992dcb26151738c6b6e70de5a05c7,2026-07-16,2026-07-20
MN,Old Log Theatre 2024 Greenwood Arts/Entertainment/Rec 2/20,,,,3,closure,,0,0,1,https://mn.gov/deed/business/layoff-resources/warn-archive/,5ef4c0aab99d5d8841d802080bf6dc69f4521fbdc069479aa81ab51f,65226950eb2e0196b65a47fb8e82c6fb240699b7,2026-07-16,2026-07-20
MN,Olympak 2023,Grand Rapids,,2023-07-01,40,closure,,0,0,1,https://mn.gov/deed/business/layoff-resources/warn-archive/,1c12764f115025913668360f0e67a1794d5707850a152ef1c6bec9bd,7fc86206f7a8ed76c40b338f791a02a12988a6cb,2026-07-16,2026-07-20
MN,Outback Steakhouse - Burnsville,Burnsville,,,1,closure,,0,0,1,https://mn.gov/deed/business/layoff-resources/warn-archive/,ca45045015b7d6badea84b8815308e6092754bb7f0576923140ded11,ccc2178700e50a72a99b3312fc30e6c5e8001a62,2026-07-16,2026-07-20
MN,Outback Steakhouse - Burnsville 2023,Burnsville,,2023-08-16,1,closure,,0,0,1,https://mn.gov/deed/business/layoff-resources/warn-archive/,67342005aad9965ab6ac5ac916411587eba945d282ea83453b7acb5a,23e8dfdf9c840a050702e12ec6829435e7c9b3db,2026-07-16,2026-07-20
MN,Oxendale's Market Bloomington 2024,Bloomington,,2024-02-01,16,closure,,0,0,1,https://mn.gov/deed/business/layoff-resources/warn-archive/,b2c87e4cc10e42d03fc646b2586e49cc58570ac47945333fe086923b,89663fb92855d5217ee8842ca864a170c7415103,2026-07-16,2026-07-20
MN,Oxendale's Market Bloomington Retail 2/1,,,,16,closure,,0,0,1,https://mn.gov/deed/business/layoff-resources/warn-archive/,3391ed6a270983e10ccef0bc822abd158c38a40408f78b3727f85853,d77a689f8fdb85e37f6740d845219e526b71a833,2026-07-16,2026-07-20
MN,P.F. Chang’s - Edina 2023,New York,,2023-04-01,,closure,,0,0,1,https://mn.gov/deed/business/layoff-resources/warn-archive/,fcbbef59103e85acb7e490b851a7cd2ab11dd125741785d5cffeb96f,62d9bda03418b52f8b0555dd3104e86a480e5253,2026-07-16,2026-07-20
MN,"P.F. Chang’s China Bistro, Inc - Edina 2023",New York,,2023-04-01,35,closure,,0,0,1,https://mn.gov/deed/business/layoff-resources/warn-archive/,f46b52cfd8cd5ca7afcb511724cbb96c1670a571786d51866da346fc,b61ebdc11c9805cd368e8a3f0d502063b0979739,2026-07-16,2026-07-20
MN,Packer Sanitation Services Inc.,Worthington,,,121,mass_layoff,,0,0,1,https://mn.gov/deed/business/layoff-resources/warn-archive/,60d96784e75545610074c198db2dbf137da050277295d8c25121b11c,9c556b53905b608f7c60944dfa8e01fc8af0daed,2026-07-16,2026-07-20
MN,Pannekoeken Huis - St. Louis Park 2024,Plymouth,,2024-02-01,7,closure,,0,0,1,https://mn.gov/deed/business/layoff-resources/warn-archive/,934ba68a7b94ae858b4f2588c06a1fb92ade36aa26611017edafd0e8,61707f77d104417ebb6af2e670fab69a9140a08d,2026-07-16,2026-07-20
MN,Pannekoeken Huis - St. Louis Park Plymouth Dining Establishments 2/1,,,,7,closure,,0,0,1,https://mn.gov/deed/business/layoff-resources/warn-archive/,d774da9dfd75de43eab6b110aeef2910f090ca77a2efa457a3ab9d74,46bd3c2a4b6f55e2e926d7d4a3072107726036df,2026-07-16,2026-07-20
MN,Papa Murphy’s - Owatonna 2023,Owatonna,,,1,closure,,0,0,1,https://mn.gov/deed/business/layoff-resources/warn-archive/,940f85f6808a4a7b9e2bafac26d8baa74b80b4929e84cb78cd10d8d1,5926cc2cd723045c571b33d86c7563080f83f439,2026-07-16,2026-07-20
MN,Paper Source Inc - Minneapolis 2024,Minneapolis,,2024-02-28,1,closure,,0,0,1,https://mn.gov/deed/business/layoff-resources/warn-archive/,ca880fa32923b96ce6ef5181f091af304d2d77460ce96829eeec19ab,76111e75836455080fa5d8ef340123c715e16b94,2026-07-16,2026-07-20
MN,Paper Source Inc - Minneapolis Minneapolis Admin & Support Services 2/28,,,,1,closure,,0,0,1,https://mn.gov/deed/business/layoff-resources/warn-archive/,326cc85f0aa1dcb4395b19beae5f48feb910cbb2e592e8b4c19fef52,69e5cee633ec1134380ec02cf46735063a02b9d4,2026-07-16,2026-07-20
MN,Paulie's Maple Grove 2025,Maple Grove,,2025-02-23,10,closure,,0,0,1,https://mn.gov/deed/business/layoff-resources/warn-archive/,88c2f7c059c5e9b94e6302bbe960afeba2c078b808ce04bd75aa3c99,fcb94d48bd9b6a16894f6226fcfbea0d5dddac95,2026-07-16,2026-07-20
MN,Peppers & Fries 2024,Minneapolis,,2024-06-01,22,closure,,0,0,1,https://mn.gov/deed/business/layoff-resources/warn-archive/,d98d980c81d3ea415dda63701084c6aac534ac3289c13c943d9c7864,9fb1bd70cb54f4a6590de86fa07a20dbc6a3533f,2026-07-16,2026-07-20
MN,Perkins-North Mankato 2021,North Mankato,,2021-10-10,1,closure,,0,0,1,https://mn.gov/deed/business/layoff-resources/warn-archive/,36ff25274e6b8a2f0d28a1527dcee08ad00d51a845be53a51710ea60,cb23d46e2d1ad6595151b382e158e2e48d871d2a,2026-07-16,2026-07-20
MN,Pescara 2023,Rochester,,2023-04-23,1,closure,,0,0,1,https://mn.gov/deed/business/layoff-resources/warn-archive/,2c7e9ab2a3f55893761e097a8a17db1453461c77d14fa4ccc033c469,2ac2b5d3c71e72e483bbeed1f6ac895ce62591ff,2026-07-16,2026-07-20
MN,Petco - Brooklyn Park,Brooklyn Park,,2024-11-20,18,closure,,0,0,1,https://mn.gov/deed/business/layoff-resources/warn-archive/,a6a176ce69272df1f0f39122ac41b07988248cc3bd02b774c9e11f24,e4d406c2fce25e07aaaf4abd9d3375422cc32492,2026-07-16,2026-07-20
MN,Petco - Brooklyn Park 2024,Brooklyn Park,,2024-01-20,18,closure,,0,0,1,https://mn.gov/deed/business/layoff-resources/warn-archive/,049449982db07b9f5b4ec0d82ad84c72a606b87cd231a8185df48494,fcc72053ff4733f56f598ba239c2bc9caf135c75,2026-07-16,2026-07-20
MN,Petco in Mankato 2023,Mankato,,2023-12-01,13,closure,,0,0,1,https://mn.gov/deed/business/layoff-resources/warn-archive/,a3ea6ccb9830cca656a9590aaffff450e4546e6dddee21b6df571d6b,d734489d733bee5df791c5c2fe1099260f56beed,2026-07-16,2026-07-20
MN,Petco in Mankato 2023 Mankato Retail,,,2023-12-01,13,closure,,0,0,1,https://mn.gov/deed/business/layoff-resources/warn-archive/,8e201594e746e62d65026da0b77b13572027fab81abda0363f7aa705,8149211a784a85774184684281c422adab2ef234,2026-07-16,2026-07-20
MN,Petek Trading Co St Paul 2025,St Paul,,,1,closure,,0,0,1,https://mn.gov/deed/business/layoff-resources/warn-archive/,f12a99fbcd59d8d474e349423650d73cc2f6cd09ecfb82af4affb365,1510af4f2b05bccaaacdb88abd5f878cba7378bf,2026-07-16,2026-07-20
MN,Pineview Nursing Home,Caledonia,,2023-02-03,16,closure,,0,0,1,https://mn.gov/deed/business/layoff-resources/warn-archive/,949358afc477ebbf782746fcb7134522319645c26c456ae744d84be0,8cb488041dbf44aa8d4d437d53af27c57e0c5050,2026-07-16,2026-07-20
MN,Pineview Nursing Home Closure,Caledonia,,2023-02-03,16,closure,,0,0,1,https://mn.gov/deed/business/layoff-resources/warn-archive/,5bcdf3786b9385178e9337ff076efaaa181efb6e58bcbca20bb54e06,bc4a5c98e64be03b48a3a5597db59c4bd50b39fb,2026-07-16,2026-07-20
MN,Pinoli Minneapolis 2025,Minneapolis,,,3,closure,,0,0,1,https://mn.gov/deed/business/layoff-resources/warn-archive/,74099d8aa5544b49ff9653301d7b375c379b1e554172eef3ab6d9cc2,77cdfba656046833c280d487e8b221e91cdfd3ab,2026-07-16,2026-07-20
MN,Pioneer Memorial 2023,Erskine,,2023-05-05,60,closure,,0,0,1,https://mn.gov/deed/business/layoff-resources/warn-archive/,58c45bc99900bc63fecf0ba16b049b98cf8b552b925594dd1cb54b9e,0fa4602a2d926c725b9cf406ba0495f19934cd94,2026-07-16,2026-07-20
MN,Pizza Shark Mpls,Minneapolis,,2025-05-14,1,closure,,0,0,1,https://mn.gov/deed/business/layoff-resources/warn-archive/,3a3326be92c9c745f328f34b518a8c0d7de3dc4dd893bcb0718468df,dfb9efb081711a011ed17f8137c26d65000e0367,2026-07-16,2026-07-20
MN,Planned Parenthood,Manhattan,,2025-06-12,66,closure,,0,0,1,https://mn.gov/deed/business/layoff-resources/warn-archive/,41427cfa543c45decd3889112037667330eb851439b75e8567f14fc2,4e2bd566241f551e5539ec5cd7ccd17ceffb9ac0,2026-07-16,2026-07-20
MN,Planned Parenthood,Woodbury,,2024-01-31,36,closure,,0,0,1,https://mn.gov/deed/business/layoff-resources/warn-archive/,b124bb8424693ef40d0bb56fb14db0b2bb945eea7086f9b5db7b1978,a95a1ac7c68aa088248da9b2fb4f26732d64928e,2026-07-16,2026-07-20
MN,Plastic Services & Products 2021,Faribault,,2021-03-19,5,closure,,0,0,1,https://mn.gov/deed/business/layoff-resources/warn-archive/,8ce55421b2aa8d710a6fae76efe69c1af7d653e26581cc9c1d3eb2f2,b5bcca5a21f1a9f770b6dab18198eade35875fdd,2026-07-16,2026-07-20
MN,Pleasant Manor-Faribault,Faribault,,2022-06-15,20,closure,,0,0,1,https://mn.gov/deed/business/layoff-resources/warn-archive/,9d89e27f3798e10d096618bc60d7a98a6202f3ed6b90c446b20f1145,1331630aa4d934ff7515cbe7c9fc34386cc9299e,2026-07-16,2026-07-20
MN,Pleasant Manor-Faribault 2022,Faribault,,2022-06-15,,closure,,0,0,1,https://mn.gov/deed/business/layoff-resources/warn-archive/,f789744762d5be3d701a4233bb092aff6feacc4f2ecc90cb88f974d3,74b8c6371225a6c7a174f54c3b7b6c260937e6b8,2026-07-16,2026-07-20
MN,Pop Culture Frozen Yogurt 2024,Arden Hills,,2024-09-22,1,closure,,0,0,1,https://mn.gov/deed/business/layoff-resources/warn-archive/,1587e052d1db375c0447656a4329278813823c9a8f449c7c3fbb9cc6,09dd71ae1bbe848f21d668599617a763b4f7b8c1,2026-07-16,2026-07-20
MN,Poppy Fun Fashion St Paul 2025,St Paul,,,1,closure,,0,0,1,https://mn.gov/deed/business/layoff-resources/warn-archive/,0e5e16ce5b540798303b970e6ad84dc34358a2854b3292dd81093f26,bba1b1a1fdc4c0ab25547dc5034a7035e0f758ae,2026-07-16,2026-07-20
MN,Positive Connections 2021,Chaska,,2021-06-01,92,mass_layoff,,0,0,1,https://mn.gov/deed/business/layoff-resources/warn-archive/,9d21879b580f0f64e255cc176b2f13facbf39562e1f0e40c07ff91ee,93d276663abdfdd93830ae4b2f5d373c16cff288,2026-07-16,2026-07-20
MN,Pottery Barn in St Paul 2023,St Paul,,2023-12-01,1,closure,,0,0,1,https://mn.gov/deed/business/layoff-resources/warn-archive/,a5b31b95cfd926188cb38c88f08f4537d375cc9f20792a4856064878,811c54920128cb22644a3286f1b36f2ee34ab3c0,2026-07-16,2026-07-20
MN,Pottery Barn in St Paul 2023 St Paul Retail,,,2023-12-01,1,closure,,0,0,1,https://mn.gov/deed/business/layoff-resources/warn-archive/,fd780ce87bfacd7a63ebbaaf6c9e51e46e64d7bfb5a988979e11cdbc,16d082a063125eae7f54c9c1a3f28b0afc7294e6,2026-07-16,2026-07-20
MN,Powerbikes.com,St Louis Park,,2022-12-30,25,closure,,0,0,1,https://mn.gov/deed/business/layoff-resources/warn-archive/,4b926562ae5118591078d10b1d2888ed4bf35cc3da52ad3b74debbab,dcc44ee68b93942139100fb1160c12e17318c243,2026-07-16,2026-07-20
MN,Powerbikes.com 2023,St Louis Park,,2022-12-30,25,closure,,0,0,1,https://mn.gov/deed/business/layoff-resources/warn-archive/,95abed548a5cacad76061f88d13013b1290a88bd72e599f56c2a90cb,7e4971b02d4af176185701718ccad998daee11b0,2026-07-16,2026-07-20
MN,Primp Boutique Rochester,Rochester,,,1,closure,,0,0,1,https://mn.gov/deed/business/layoff-resources/warn-archive/,edfe964c73cb6c435507cd68ac0ea57cff5b6b618703b0cf8636a6ca,dc3f49315a4e29fb690b668571a9af07082c6f7d,2026-07-16,2026-07-20
MN,Primp Boutique Rochester 2024,Rochester,,2024-07-11,1,closure,,0,0,1,https://mn.gov/deed/business/layoff-resources/warn-archive/,e2aa87c80f7feeacc73609123b1646aa9e0526cfcd7f6d350a96bbb1,b4b52d0ce131b16686d138dfd8de1dff69b89414,2026-07-16,2026-07-20
MN,ProMedica Hospice 2023,Toledo,,2023-05-17,25,closure,,0,0,1,https://mn.gov/deed/business/layoff-resources/warn-archive/,cb05ea7582044675d58ccc024c243c25813f6ee64a761058f2cfed71,7e8e50bf9e56a9a49b89c59e0856c5aae11a19fd,2026-07-16,2026-07-20
MN,Proper 2024,Minneapolis,,2024-04-18,1,closure,,0,0,1,https://mn.gov/deed/business/layoff-resources/warn-archive/,f3b594db6b718bb592d2086df7b5ae8ddb17b0b714e9f048e9fc0514,712209387a87f08638335eda01c4ba4937dc31e0,2026-07-16,2026-07-20
MN,Protagonist Kitchen and Bar,Richfield,,2024-05-01,2,closure,,0,0,1,https://mn.gov/deed/business/layoff-resources/warn-archive/,9572b85d8b7fb50228386c6f5cb44ecebfdbad35b132b6d7aab5d0db,462734beb47c6a1c46c66fe1834833720ba08407,2026-07-16,2026-07-20
MN,Psycho Suzi's Motor Lounge 2023,Minneapolis,,,1,closure,,0,0,1,https://mn.gov/deed/business/layoff-resources/warn-archive/,450feb7548f7179d45bcabd46f7f18a6a1d8eb6e9f2921c761497e7c,938ac3b5b0583177184ff000acb360a42e4198a1,2026-07-16,2026-07-20
MN,Quebracho Empanadas 2024,St Paul,,,1,closure,,0,0,1,https://mn.gov/deed/business/layoff-resources/warn-archive/,4499351ef1f089ba375baeaf5b93a0d5e42212fe1cb5a3cb84235988,c5cc7a800f52d23427e8d981b004837936c3c938,2026-07-16,2026-07-20
MN,Rainbow Health,Minneapolis,,,55,closure,,0,0,1,https://mn.gov/deed/business/layoff-resources/warn-archive/,d3b40f6ae72f395a7eb021a8f33a10992cae5bbaba985a3b912a507b,efe84bf407e0b320190aad6a0b7c687440432c25,2026-07-16,2026-07-20
MN,Rainbow Health-Minneapolis 2024,Minneapolis,,2024-07-18,55,closure,,0,0,1,https://mn.gov/deed/business/layoff-resources/warn-archive/,a2f43ddbe9d2ffce8256312b3b94f61918080fc82a82e36cc1627baa,bb0aae352a6845ed62f162c21e0e147a9d477b0d,2026-07-16,2026-07-20
MN,Ramen Shoten 2024,Minneapolis,,2024-04-01,1,closure,,0,0,1,https://mn.gov/deed/business/layoff-resources/warn-archive/,51857565e4374cbc37dd27418f8a515871b9241076df92046e32fc8f,5d1ea253a3b3e048061536e86ae144de12ed61dd,2026-07-16,2026-07-20
MN,Ramsey County 2021,St Paul,,2021-10-15,100,mass_layoff,1,0,0,1,https://mn.gov/deed/business/layoff-resources/warn-archive/,a7385e0934f3a1470f4806ffdcac3016476466f5ba9e62debe1c3877,2b178ed4a0703947d597275b0a815fed4ef79421,2026-07-16,2026-07-20
MN,Ramsey County Care Center,Maplewood,,2022-07-01,156,closure,,0,0,1,https://mn.gov/deed/business/layoff-resources/warn-archive/,e6525a025dbdeaeef3301f43e97d32108115db4fc990d2cfed1e03e5,62307c6a7db2d5793edfb2433e7c77d42c6f5d3d,2026-07-16,2026-07-20
MN,Red Dragon Restaurant,Minneapolis,,,1,closure,,0,0,1,https://mn.gov/deed/business/layoff-resources/warn-archive/,121f494cf2bef78f8a1613b0140247eacc7ea9f1cf17c27c6bf738c7,86213889f9c3900d1ae1fbe792c422bc6fb60b2e,2026-07-16,2026-07-20
MN,Red Lobster Bloomington 2024,Bloomington,,,1,closure,,0,0,1,https://mn.gov/deed/business/layoff-resources/warn-archive/,fe993a37496d32e87c0cf929c199631c12b72b545cc38ee375f31278,de7cc83e6e660f044e1e3633de3f0d2ec930a618,2026-07-16,2026-07-20
MN,Red Lobster Golden Valley 2024,Golden Valley,,,1,closure,,0,0,1,https://mn.gov/deed/business/layoff-resources/warn-archive/,324e6cc85f3d4de80dd41f676928b56f55632e9d5ef2e9dfb439bbc9,d581e954d4c7a7023d96a339044673bea000f994,2026-07-16,2026-07-20
MN,Red Lobster Maple Grove 2024,Maple Grove,,,35,closure,,0,0,1,https://mn.gov/deed/business/layoff-resources/warn-archive/,ea70cd9f9bb3fd1d52c024490720d11509735e7c5101d79f35ca97a5,11499616d240d0d139f2b1728120fe961bda80cf,2026-07-16,2026-07-20
MN,Red Sauce Rebellion 2023,Excelsior,,2023-09-01,18,closure,,0,0,1,https://mn.gov/deed/business/layoff-resources/warn-archive/,217bba1cb906e685abbd5e93aff70d6af77e8920dd9ed00be9351f5a,fcb83069d8bc06cf3da395b5d03a982a655a0580,2026-07-16,2026-07-20
MN,Rich Products Corporation,Fridley,,,170,closure,,0,0,1,https://mn.gov/deed/business/layoff-resources/warn-archive/,eccb18e8935222e7757fc650ba5747467c9e1eea63a99f26762fe985,751c428b1adf0cf8881ccc481cc69a559b24036f,2026-07-16,2026-07-20
MN,Riteway Conveyors Inc,Lester Prairie,,2023-11-20,16,closure,,0,0,1,https://mn.gov/deed/business/layoff-resources/warn-archive/,b6f51b3921c0ac2986cfec44f40964401ea265b43a43424f1f16f020,fc8796d80c4c69e423451ac6a71a75c9a53cc787,2026-07-16,2026-07-20
MN,Riteway Conveyors Inc Lester Prairie Manufacturing,,,2023-11-20,16,closure,,0,0,1,https://mn.gov/deed/business/layoff-resources/warn-archive/,6ede2c26c19b5b697e0e5f4ef3d5c997cb6452dc1cd961b69b5e6f71,8c084dd4fe73090f0226912b53e9aaa02d47d91a,2026-07-16,2026-07-20
MN,River's Edge Hospital Child Center St Peter Health Care/Social Assist 2/1,,,,1,closure,,0,0,1,https://mn.gov/deed/business/layoff-resources/warn-archive/,7c71d5f54c51a5824b98f2eda975b74a9af83ce621e5c720503ddeaf,0b7aaee30c23daca0819de3cbd0a658b64980d9c,2026-07-16,2026-07-20
MN,River's Edge Hospital child center 2024,St Peter,,2024-02-01,1,closure,,0,0,1,https://mn.gov/deed/business/layoff-resources/warn-archive/,79ca3889e93e33917ff1ad086b4185853bb5ccadafd81713ebbefb84,866c40d25c5e2e8173932db2ede277f56325081d,2026-07-16,2026-07-20
MN,Roasted Bliss,Rochester,,2024-01-01,1,closure,,0,0,1,https://mn.gov/deed/business/layoff-resources/warn-archive/,ed981627082036e1e04b91be2322fd94178ec6f4480a8dabde359224,dde5687711f413ef9feea6c8ca40c47ccf3cb96a,2026-07-16,2026-07-20
MN,Roasted Bliss Rochester Dining Establishments,,,2024-01-01,1,closure,,0,0,1,https://mn.gov/deed/business/layoff-resources/warn-archive/,1e08f6628a02775e82b676702dc5a393eff11e9d4271dfdbb606736a,12bcde1f8eb53381afa38672e06ba0594697a4f8,2026-07-16,2026-07-20
MN,Robbinsdale Clinic 2025,Robbinsdale,,,2,closure,,0,0,1,https://mn.gov/deed/business/layoff-resources/warn-archive/,4bc46a173a930779f302a8dea3d9c306801724248c98bf24b111bddf,8233edd8d42747fb12f16fdaa109cc2bbd8758be,2026-07-16,2026-07-20
MN,Rocco Altobelli Salons and Day Spas,Rochester,,2023-06-15,1,closure,,0,0,1,https://mn.gov/deed/business/layoff-resources/warn-archive/,8e64f7bf31b60cf0aa17f3a4ea55bf3e4ba3f9356a2fcd97e77bbaf7,cece31e8493605eeb2400189d76c55bb00f69fa0,2026-07-16,2026-07-20
MN,Rue 21 2024,Warrendale,,2024-05-01,144,closure,,0,0,1,https://mn.gov/deed/business/layoff-resources/warn-archive/,e2df68046d99792541499ef67b599d5f70b053b014636426a9d0c892,390fac01c732b294c15df8df436d84fe04990cf8,2026-07-16,2026-07-20
MN,Running Room St Paul 2025,Edmonton,,,1,closure,,0,0,1,https://mn.gov/deed/business/layoff-resources/warn-archive/,1f200994454baa97189cd8079db55b83237be01f0e1555d5f43b6fb7,f82e5e251eb4cc9eee4c6aed0babf83f7297f3f3,2026-07-16,2026-07-20
MN,SW News Media 2024,Savage,,2024-04-01,20,closure,,0,0,1,https://mn.gov/deed/business/layoff-resources/warn-archive/,6d0b3623f38eff6e25cd99589fe0510eed8a8316b3f8498365f92e88,765a5f04af57d10c10efbe882a3b5a624029eecb,2026-07-16,2026-07-20
MN,Salut Bar,Edina,,2024-01-08,20,closure,,0,0,1,https://mn.gov/deed/business/layoff-resources/warn-archive/,274e48f9c4f0712fc08511feab4f8006532afc9ad3539c0f2bf0d114,ad4851ae20ffe6373b4b6ee4132d1de42ff898b0,2026-07-16,2026-07-20
MN,Salut Bar Edina Dining Establishments,,,2024-01-08,20,closure,,0,0,1,https://mn.gov/deed/business/layoff-resources/warn-archive/,24e2c84072f54daabba2eb017412941c1009e6c1ea3a37fa21128da5,85b0a3f02bb21c77356b7fb0f85db5fae463aa9c,2026-07-16,2026-07-20
MN,Salvation Army 2025,Fergus Falls,,2025-05-01,5,closure,,0,0,1,https://mn.gov/deed/business/layoff-resources/warn-archive/,6abbae3d70f3988160b3aca059a65744f640bf90e9c14d05903d5b9e,602c700f221309fb7ced7bc7682c7cbc14e6b3eb,2026-07-16,2026-07-20
MN,Salvation Army Owatonna 2024,Owatonna,,,1,closure,,0,0,1,https://mn.gov/deed/business/layoff-resources/warn-archive/,152b46d3d472c40111dffb95225814838f983b9bdd1870710fa0006f,ea275e869b725283852c7164da292464310c212a,2026-07-16,2026-07-20
MN,Salvation Army thrift store - 2024,Austin,,2024-04-01,1,closure,,0,0,1,https://mn.gov/deed/business/layoff-resources/warn-archive/,83a86d9e44fb45bf17d0bc118d5b072d9d85e4f0736476384ea19d28,65efd6decc6fb511bb276a3005cc488508f35357,2026-07-16,2026-07-20
MN,Schmitt Music Apple Valley,Brooklyn Center,,2024-01-10,1,closure,,0,0,1,https://mn.gov/deed/business/layoff-resources/warn-archive/,f48e757d1289b11bfe0cd106c7146c4a5a7af653cb40cb14fbd4ff35,0ac19c6039672f76e7b81418a9e4b1c259ad5d66,2026-07-16,2026-07-20
MN,Schmitt Music Woodbury,Brooklyn Center,,2024-01-10,1,closure,,0,0,1,https://mn.gov/deed/business/layoff-resources/warn-archive/,bb588e389b10031f23a1b761d302e8975d8b7ed63674077008539fad,d58f846e5d042e85bc977af0fa823d7bef778826,2026-07-16,2026-07-20
MN,Schmitt's Stride Rite Rochester 2025,Rochester,,2025-07-01,1,closure,,0,0,1,https://mn.gov/deed/business/layoff-resources/warn-archive/,2a7d56084be9e5f25092e1c019ff3dae8088a010bb91e7d5ea004f7d,d4c6ec320b007b490a87afec7f07c89eb6065e6c,2026-07-16,2026-07-20
MN,School Sisters of Notre Dame,Mankato,,,104,closure,,0,0,1,https://mn.gov/deed/business/layoff-resources/warn-archive/,bfd040ed6710ae54601bcfb992ae68da3b14c30015c1403634725a42,1d871afb4ac6f7d7374c2b3968ddfeaaf0dee648,2026-07-16,2026-07-20
MN,Scoreboard Pizza Brooklyn Center 2024,Brooklyn Center,,2024-11-06,1,closure,,0,0,1,https://mn.gov/deed/business/layoff-resources/warn-archive/,4c40f66106fd0d681bb2c9d38467a670c5d815a05ade8f25178a57f8,519719a8da7271b1d352d4be7ac0b15975f39668,2026-07-16,2026-07-20
MN,Sears Cambridge 2022,Cambridge,,2022-08-31,2,closure,,0,0,1,https://mn.gov/deed/business/layoff-resources/warn-archive/,f93e34d425989010d05799af36c28ebd31a55fd21cd000db8bf189ce,1616cd3a5bda55daf51b52f0a42b79201d05ca9b,2026-07-16,2026-07-20
MN,Sears Litchfield 2022,Litchfield,,2022-06-24,1,closure,,0,0,1,https://mn.gov/deed/business/layoff-resources/warn-archive/,5776f400cb4aecbe01ff87f50c90ec86cde12d9a670dea0e4cc2ad2c,5b57659ac0dd7026b8e8c13fc6bab6f6eaee5055,2026-07-16,2026-07-20
MN,Sears Marshall 2022,Marshall,,2022-06-24,1,closure,,0,0,1,https://mn.gov/deed/business/layoff-resources/warn-archive/,d9ac8f18efe998b052f28b286ba0d1483dd4962f5399686eff7ba42c,b6d99cd8f7929fe3312427fec27181f32ddee328,2026-07-16,2026-07-20
MN,Second Samuel Transport 2022,Mendota Heights,,2022-11-08,64,closure,,0,0,1,https://mn.gov/deed/business/layoff-resources/warn-archive/,a1f66733c6be405e2c346843a1d741d4b6f557d07fab0bbce521b628,369278bf9901871d8d135fb610400271c26acdca,2026-07-16,2026-07-20
MN,Shakopee House 2023,Shakopee,,2023-09-01,1,closure,,0,0,1,https://mn.gov/deed/business/layoff-resources/warn-archive/,927ba9387df04b6cfde7bb08e7c78be75c6f720e952f069e843bdb2a,c4612220a424bc272c381bd202dd1bc81cf8159d,2026-07-16,2026-07-20
MN,She Said Butcher Shop 2024,Moorhead,,,1,closure,,0,0,1,https://mn.gov/deed/business/layoff-resources/warn-archive/,0715894a6e78e4557d5865d87e75450f70ca547b60c2944a587ac3d5,41136882ab839d08a0438777499aba269bf0c419,2026-07-16,2026-07-20
MN,Sherco Unit 2 2024,Becker,,,,closure,,0,0,1,https://mn.gov/deed/business/layoff-resources/warn-archive/,1b34c6ecb91459f9ef7cdd1547df91d1e6ee4dd149159b296553a3da,a70ffc7ac70f38af4e4cccdac4ff976bc31dbeba,2026-07-16,2026-07-20
MN,Sherco Unit 2 Becker Utilities,,,2023-12-31,,closure,,0,0,1,https://mn.gov/deed/business/layoff-resources/warn-archive/,350336d5c7f9ce55f3f9c20d819beab2831ddbb3720d16d4061ad95f,5a29d2038d15423bffece03050a2da788651897f,2026-07-16,2026-07-20
MN,Shutterfly 2023-2024,Shakopee,,,246,closure,,0,0,1,https://mn.gov/deed/business/layoff-resources/warn-archive/,1d1dea20592177e928f319541c99a8ee8f16ccb9983cae4fcace708b,1e59af16a554b4c8f3a02afb14fde86a9f5d8ff0,2026-07-16,2026-07-20
MN,Silver King 2021,Plymouth,,2021-12-31,31,closure,,0,0,1,https://mn.gov/deed/business/layoff-resources/warn-archive/,ba10393b8ce57fb2d5587aa3d6fc20409add498e00e33c953ead9c0e,e0ef9b25bbe641d286bc27b726300c8a1eeba286,2026-07-16,2026-07-20
MN,Sistah Co-Op Minneapolis 2025,Minneapolis,,2025-01-07,1,closure,,0,0,1,https://mn.gov/deed/business/layoff-resources/warn-archive/,13ef2cfb93ff8a9c6b59416d422b6a3f96f93bc061d8924b7338281c,9af8ab373dc9a170fe9819e1eb92ebf237e383e3,2026-07-16,2026-07-20
MN,Skyline Math/Science Academy,Minneapolis,,2025-06-30,1,closure,,0,0,1,https://mn.gov/deed/business/layoff-resources/warn-archive/,a61a92090a9224523e0bd018b888e2eec77d1171a9ff6fb183c60165,f848cb951570d0124584979dd197071b7ce7b0f9,2026-07-16,2026-07-20
MN,Smile Direct Club 2023,Minnetonka,,2023-12-01,1,closure,,0,0,1,https://mn.gov/deed/business/layoff-resources/warn-archive/,13dd100be1498695f87636516c23f57f120ef359f0d87d5959aae29c,2516f4ecc7f426e5db7c7495c7fb504b38612444,2026-07-16,2026-07-20
MN,Smile Direct Club 2023 Minnetonka Health Care/Social Assist,,,2023-12-01,1,closure,,0,0,1,https://mn.gov/deed/business/layoff-resources/warn-archive/,35d91c7940587138544ec62df2d411a0b51b36709885a694ef6c193f,b92d12cd8fc83309d1d6bcd4430e950c6be1e8fe,2026-07-16,2026-07-20
MN,Smith Foundry,Minneapolis,,,48,closure,,0,0,1,https://mn.gov/deed/business/layoff-resources/warn-archive/,06924cb54e9a696404837ccf3064c6eda2554c3c8c7bf7cc2d52ae7b,9cc32611c30f63f15bf24f510a57a1133420ee1c,2026-07-16,2026-07-20
MN,Smith Foundry 2024-2,Minneapolis,,2024-08-15,48,closure,,0,0,1,https://mn.gov/deed/business/layoff-resources/warn-archive/,55e25350b0ac95486911bf4fafeb6bba8a7ccdcea22411cd00b87a2b,323a1461cc060c7c0bc7d7e91084fe9b362d5948,2026-07-16,2026-07-20
MN,Smurfit Westrock,St Paul,,2025-06-16,189,closure,,0,0,1,https://mn.gov/deed/business/layoff-resources/warn-archive/,8ee9038e8469ea1af806bf43081270d22e103f48afe20419c72744cc,42233dd644c1a29c44df1d177fce4b036d617716,2026-07-16,2026-07-20
MN,Sonny + Dot Mankato 2024,Mankato,,2024-02-23,1,closure,,0,0,1,https://mn.gov/deed/business/layoff-resources/warn-archive/,83886af382a588ab1ccf4da36278f2e6929249f85e96ef4dff588adc,51ae87e20c78f5d5c0621a94d2dd71d24420b61e,2026-07-16,2026-07-20
MN,Soul Bowl Richfield,Richfield,,,1,closure,,0,0,1,https://mn.gov/deed/business/layoff-resources/warn-archive/,a19d51e67531f21767ccedb21c1c4ce503a2c6963e325adcadf080b4,453d87dca7436a0f996596646c349a072e1412fb,2026-07-16,2026-07-20
MN,Soul Bowl in Richfield 2023,Richfield,,2023-09-19,1,closure,,0,0,1,https://mn.gov/deed/business/layoff-resources/warn-archive/,685fc63b8856f123ed0d112c525b34daacd4a0bb7ae12118adaf1a63,d9df3a7ef434d762495c822dbeb7216e5ff07156,2026-07-16,2026-07-20
MN,Specialty Products & Technology 2024,Albert Lea,,2024-09-02,9,closure,,0,0,1,https://mn.gov/deed/business/layoff-resources/warn-archive/,d7525eb5634e1545e3d12d87831b03122f7726658c2d2b0c52711518,2c1cdc368e0509038785a998152927580e5e865d,2026-07-16,2026-07-20
MN,St Catherine U Early Learning Center,St Paul,,2024-02-20,6,closure,,0,0,1,https://mn.gov/deed/business/layoff-resources/warn-archive/,d4aba47ebfb44d6daccd04009554e2c985fb35c9558ff23510edde05,d0db13d9627944d1e6e9f6b7b3946abaf5533ae9,2026-07-16,2026-07-20
MN,St Catherine University ELC St Paul Education 2/20,,,,6,closure,,0,0,1,https://mn.gov/deed/business/layoff-resources/warn-archive/,fae3b1e9ef0653f8fd622223e15852922d27fdea335326daddeccd94,dacc5e7b8f9a37730186ab5f09dd9c70b2fea033,2026-07-16,2026-07-20
MN,Stalk & Spade (Edina) 2023,Edina,,,1,closure,,0,0,1,https://mn.gov/deed/business/layoff-resources/warn-archive/,61703d681f33a784c135d31b2edf3106ef2fc6917f108207146f2897,e1ba7b8289f702c66ebc6d6718ef09d1fb584e28,2026-07-16,2026-07-20
MN,Stalk & Spade (Wayzata) 2023,Wayzata,,,1,closure,,0,0,1,https://mn.gov/deed/business/layoff-resources/warn-archive/,de0ca57e564099caa65aac401aba4319b3813d6f2e06699b2a9d6981,f8d6847ed5b8dea5d953241528579c81b7664179,2026-07-16,2026-07-20
MN,Stalk & Spade - (North Loop) 2023,Minneapolis,,,1,closure,,0,0,1,https://mn.gov/deed/business/layoff-resources/warn-archive/,ffb02202e11b23b29ff7d0df80cf6a031fbed7e6d7d0e47154c8e217,1bdb3b9f4d94952c29f322b4f26554d00190c8ed,2026-07-16,2026-07-20
MN,Staples Minnetonka 2025,Minnetonka,,,10,closure,,0,0,1,https://mn.gov/deed/business/layoff-resources/warn-archive/,d7331fc38bf4cc2716a242aaa435b3c9b4b953fee99e0ce76a7e4219,600a2d2d0ca5c1e06f1535884be489a5adb056bd,2026-07-16,2026-07-20
MN,Starbucks Eagan Outlet 2024,Eagan,,,1,closure,,0,0,1,https://mn.gov/deed/business/layoff-resources/warn-archive/,74859e70261394b5f5c2aadc5107f1a233193e6c91b70ac79a7aefc4,7a77394b07cb2f8226c840c9a7e84631c6761307,2026-07-16,2026-07-20
MN,Stearns Bank North Branch 2022,North Branch,,2022-03-13,3,closure,,0,0,1,https://mn.gov/deed/business/layoff-resources/warn-archive/,59ab109c3c0cf7a34c9eac951e846ee1e1593a4c1f0867d81d681968,f014e57426bd5954e522c1c1e87e974e16c25f7d,2026-07-16,2026-07-20
MN,Story & Teller Mpls 2025,Minneapolis,,2025-03-01,1,closure,,0,0,1,https://mn.gov/deed/business/layoff-resources/warn-archive/,b48d70d00a8a6e7479fb59cb03a46ccc1132d315f8e51d9a265c0ffb,2d31524114375e13aac710d181afb8c40d8302dc,2026-07-16,2026-07-20
MN,Straightline Dance Fitness Mpls 2024,Minneapolis,,2024-02-22,1,closure,,0,0,1,https://mn.gov/deed/business/layoff-resources/warn-archive/,6195883b6712535cbdb7fb2b4d517499ae32a0df073d2e3a0beb0eac,adbbad3b5aea680401fc93d69987c43e0d081eff,2026-07-16,2026-07-20
MN,Syntegon 2024,Minneapolis,,,15,closure,,0,0,1,https://mn.gov/deed/business/layoff-resources/warn-archive/,2fe2c98fe00954a699863ca34d6b58916fba46d45b9ae7cbb47f9786,5d4334b5f3a36805a4ef9c52cd766107a93e8743,2026-07-16,2026-07-20
MN,TE Connectivity 2022,Andover,,,120,closure,,0,0,1,https://mn.gov/deed/business/layoff-resources/warn-archive/,db5ff7e293e35ffda37b8d9d561e2327ca859284051b402c91c93340,de1f2373046a3dc0d8090fa424664b662b8ca48e,2026-07-17,2026-07-20
MN,TGI Fridays Edina 2024,Edina,,2024-09-01,1,closure,,0,0,1,https://mn.gov/deed/business/layoff-resources/warn-archive/,7282a011211086e5300f512aba675bc3969caafa0422b2c2e53d3807,c60391c70d94d94221e5817dba744a7dc77ea601,2026-07-16,2026-07-20
MN,TGI Fridays St Louis Park 2024,St Louis Park,,2024-09-01,1,closure,,0,0,1,https://mn.gov/deed/business/layoff-resources/warn-archive/,920312923b45935f71bfb329c614afe2e405a90a649db015b6e97a2e,c3162ebc2e9e063b4b8b8af49f5ed17f906508c9,2026-07-16,2026-07-20
MN,TJ Maxx,St Paul,,,75,closure,,0,0,1,https://mn.gov/deed/business/layoff-resources/warn-archive/,0270cae29f68c4412c058b5a1f54218ed7b0f0ef2347c9a6540c2130,ef4f84cb8bc4630524f89e4dab3e129c7fda1eb6,2026-07-16,2026-07-20
MN,TJ Maxx 2023,St Paul,,2023-09-18,75,closure,,0,0,1,https://mn.gov/deed/business/layoff-resources/warn-archive/,22c03cdf609781ed056df4701a94a7452f0a95b32fcb961e904ba26c,1ec468a7d67d85f93e9d7766c67a028e98d183be,2026-07-16,2026-07-20
MN,Taco John's - Marshall 2024,Marshall,,2024-05-02,20,closure,,0,0,1,https://mn.gov/deed/business/layoff-resources/warn-archive/,a0630c85831a72e23d73614c3263b197949e41e3cd03b0c838af2ba7,39f913bd43d03850c98bee3bf7cc03b4c12890ee,2026-07-16,2026-07-20
MN,Taco John's - Moorhead 2023,Moorhead,,2023-06-01,1,closure,,0,0,1,https://mn.gov/deed/business/layoff-resources/warn-archive/,fc8958df7468ba07274a845354570b78efcf55a481d15755d73a2b43,66a059f67c2f2059630a0888aff08c2b05430a7d,2026-07-16,2026-07-20
MN,Taco John's - Worthington 2024,Worthington,,2024-05-02,200,closure,,0,0,1,https://mn.gov/deed/business/layoff-resources/warn-archive/,4c6343684ee9b1472ea621522fb2f77dbbbbd61153addad7195421f2,db388caeb152c4cbfac2b2ac08b3d41f6be5186a,2026-07-16,2026-07-20
MN,Taco Johns St Peter,St Peter,,2024-10-09,1,closure,,0,0,1,https://mn.gov/deed/business/layoff-resources/warn-archive/,d2383f6606d5d8c40bd28d3744969d457d9bdcf6f2ad8ddf39798940,8efee170d2e33ae46f888e7d51ebf237a0151653,2026-07-16,2026-07-20
MN,Taco Johns St Peter 2024,St Peter,,2024-10-09,1,closure,,0,0,1,https://mn.gov/deed/business/layoff-resources/warn-archive/,bda6e0883f952a4dfed49b6445c95a534e6ebd4554f21876c0c0f16f,58bcaf94405b6eeb4826afc2bce597c3716cd41d,2026-07-16,2026-07-20
MN,Target - Uptown/Mpls 2023,Minneapolis,,,45,closure,,0,0,1,https://mn.gov/deed/business/layoff-resources/warn-archive/,9e237cae5d44d99ccbd9e5c27ec3a59fa6ec094b27bb50779f46c16f,2bea1a44208aa2b0953bb4987331bfe0e799d5de,2026-07-16,2026-07-20
MN,Tarsilla's Café 2023,Stewartville,,,5,closure,,0,0,1,https://mn.gov/deed/business/layoff-resources/warn-archive/,ce03c2fd203127864e0a3e8f58daf16c52b4109284afc6712fc00a51,a3d8b65244ed1aedb49996714b04d562479e3981,2026-07-16,2026-07-20
MN,Tattersall Distilling 2024,Minneapolis,,2024-02-26,50,closure,,0,0,1,https://mn.gov/deed/business/layoff-resources/warn-archive/,7906efed2f4261753387e5377a054939e10309c84a5d4112cba9a9b9,e66d7b8259cc62991f9beb72c10ac0d84e603672,2026-07-16,2026-07-20
MN,Tattersall Distilling 2024 Minneapolis Manufacturing 2/26,,,,50,closure,,0,0,1,https://mn.gov/deed/business/layoff-resources/warn-archive/,caaff8ce84c815eb7c5e492afca262455036dfdd039434585a8aff54,1d71979b1bf8f1f6bb2672bdc03b120bc64bcd0d,2026-07-16,2026-07-20
MN,Teleflex 2020,Plymouth,,,,mass_layoff,,0,0,1,https://mn.gov/deed/business/layoff-resources/warn-archive/,c9bc46368379ad95a0f49fbfebddba9365115315e4019b31ca564a9e,e07c66079d2948ba1e4ffe54bfb956dbef9e8c99,2026-07-16,2026-07-20
MN,Thai Basil Stillwater 2024,Stillwater,,,1,closure,,0,0,1,https://mn.gov/deed/business/layoff-resources/warn-archive/,5234004cb5e165345606b29bf6c1fcacf803fe69d31dc4ec2932fefc,1e79f89b27125518bf8cba1646b3e75f832c353b,2026-07-16,2026-07-20
MN,"Thai Pepper, West St.Paul 2024",St Paul,,2024-03-22,1,closure,,0,0,1,https://mn.gov/deed/business/layoff-resources/warn-archive/,9ed2b4b811e2d0a8ae36e8986a993d34ec460fe6c56664f80da97fe9,ca56297cf6b50bf6e385f3dcedc20c4c0f5b9ef0,2026-07-16,2026-07-20
MN,The Abundant Kitchen,Excelsior,,,1,closure,,0,0,1,https://mn.gov/deed/business/layoff-resources/warn-archive/,47704ad228785915ec8239ff9950c03f10801d04fef5c2de05525fd0,041e0a8ef84083ba5f1fccade5b8794241ea93d1,2026-07-16,2026-07-20
MN,The Beautiful Group,Edina,,,290,closure,,0,0,1,https://mn.gov/deed/business/layoff-resources/warn-archive/,8a984ad9803f92a67914edf40b27f83cc7710403c2c2c69f18a53ea8,aed9af0837edde81a9b1f000e9552ca78ffb4e46,2026-07-16,2026-07-20
MN,The Body Shop 2024,Bloomington,,2024-03-01,1,closure,,0,0,1,https://mn.gov/deed/business/layoff-resources/warn-archive/,d39b53e8c13bd62918cd0d481bfe9525e8d7d62ad35cb7f3ca4f697a,5f4c1a829ace943a76b4a2cb162e3d2271726e55,2026-07-16,2026-07-20
MN,The Camden Collective 2024,Minneapolis,,,1,closure,,0,0,1,https://mn.gov/deed/business/layoff-resources/warn-archive/,31cf35cd77685996b82355e9299ffd2f492ece6df2058dfb8e3ad586,910f52a3321700faa99c969d80ad59343b67c787,2026-07-16,2026-07-20
MN,The Clover Rosemount 2025,Rosemount,,,1,closure,,0,0,1,https://mn.gov/deed/business/layoff-resources/warn-archive/,56885b24d305a5035af7be348e11b5c6d79a5437802952bdf0f8d645,7032d808761a355d0a718efe30015210c2b33bec,2026-07-16,2026-07-20
MN,The Cowles Center,Minneapolis,,2024-02-01,22,closure,,0,0,1,https://mn.gov/deed/business/layoff-resources/warn-archive/,e590fc2f0d329535539eae4c54a6f8af71f5540b054afedc8d49e66c,935b33a473e1bf1fc74855c39c8a02341c06177e,2026-07-16,2026-07-20
MN,The Cowles Center Minneapolis Arts/Entertainment/Rec 2/1,,,,22,closure,,0,0,1,https://mn.gov/deed/business/layoff-resources/warn-archive/,2666f7797840d2a4281c7a068802cbf2349abe1f433a3a59729ced6b,45349c3fb4fba671ec337dd70c316f21c96a52da,2026-07-16,2026-07-20
MN,The Dock Stillwater 2025,Stillwater,,2025-02-23,1,closure,,0,0,1,https://mn.gov/deed/business/layoff-resources/warn-archive/,03ad620a21d759bb2b0f4314c6d0341c020577a826bc80e55053b6ab,3b0e7b340d00be0f325183681983b883657a0844,2026-07-16,2026-07-20
MN,The Garage Burnsville 2025,Burnsville,,2025-06-01,1,closure,,0,0,1,https://mn.gov/deed/business/layoff-resources/warn-archive/,5712fae1921f43d389db8c4d1ab49bf51c858f17e25442166695b6d1,184decfb7626cf3a0fc3ea1756da26fb6011aee5,2026-07-16,2026-07-20
MN,The Good Clinic-Metro Area 2023,Minneapolis,,2023-02-23,1,closure,,0,0,1,https://mn.gov/deed/business/layoff-resources/warn-archive/,18a48d9ead371c90aefbc16aa06dc9efd1b6119da69d4d75379f7773,1753eec0aece0f2c8dd6d359f08df252e0b2e6c3,2026-07-16,2026-07-20
MN,The Grateful Table – 2023,Roseville,,2023-03-27,7,closure,,0,0,1,https://mn.gov/deed/business/layoff-resources/warn-archive/,0c060f73d22680e30ce6efcb7bfae135e486b2ec38aa400e89121902,b10439ba02fa8c2d977a9b20d1b3831559ef7511,2026-07-16,2026-07-20
MN,The Leader-Record Gonvick,Gonvick,,2025-05-27,3,closure,,0,0,1,https://mn.gov/deed/business/layoff-resources/warn-archive/,6822857d1ea8be274966e7ceac6247d966e5681b9270bb7e2af1cc71,2ac97f16cbc201200bc55cddc8c97d505d2b4f18,2026-07-16,2026-07-20
MN,The Little Gnome Childcare 2024,Spring Grove,,2024-08-12,1,closure,,0,0,1,https://mn.gov/deed/business/layoff-resources/warn-archive/,c5d594c0f9702f702aeba6cd4a97d05ba9efe50e799f992298472e81,fe484ba0e92d1c41595221f76f9174ceb6918e8c,2026-07-16,2026-07-20
MN,The Machine Shed Lake Elmo 2025,Lake Elmo,,,1,closure,,0,0,1,https://mn.gov/deed/business/layoff-resources/warn-archive/,15a4dc0a80d5c30db763e61c42e4d17a28c86a4415f079dd36e308c5,7be4bf1ebadaf8d9442839cbebd8a50dfb6225fc,2026-07-16,2026-07-20
MN,The Pourhouse Minneapolis 2024,Minneapolis,,,1,closure,,0,0,1,https://mn.gov/deed/business/layoff-resources/warn-archive/,813270b795b8fc53c63abad0f565c88756ab60223b2982b8c0b10a7a,a77dfde2af908514d1c3f36cc4ce00f05bf1a98f,2026-07-16,2026-07-20
MN,The Sportsman Guide Inc,South St Paul,,,57,mass_layoff,,0,0,1,https://mn.gov/deed/business/layoff-resources/warn-archive/,7b27356208d963ac6b4304ca877604be8cb4500dea5b5bf9b83f33b2,7a5b4d9a76dabb9cd60d8a9a94cd352ebfff5d8f,2026-07-16,2026-07-20
MN,The Treasury,St Paul,,,35,closure,,0,0,1,https://mn.gov/deed/business/layoff-resources/warn-archive/,e92dcb12f17454506fadd1a529b6c181a3c8fbcb72d0a1dd41e6e495,b91ba9b3495a5d445e00de05e88dc336c8624c03,2026-07-16,2026-07-20
MN,The Treasury 2023,St Paul,,2023-08-16,35,closure,,0,0,1,https://mn.gov/deed/business/layoff-resources/warn-archive/,ff9f9d096fe50b15842d5a52b181173cf42b68bbef62c934f827ed0e,26befce5b10d22d3d8f70b4cd77a6733533b597c,2026-07-16,2026-07-20
MN,Third Space Cafe Mpls 2024,Minneapolis,,,1,closure,,0,0,1,https://mn.gov/deed/business/layoff-resources/warn-archive/,44de6997cbeec6856f1e37cc9fd081fd3ff8746e8e5b7e94bfec3403,8e6ad57ba34c5baf41e680f11b3f67687187f43f,2026-07-16,2026-07-20
MN,Timber Valley Grille,Milaca,,2024-03-01,20,closure,,0,0,1,https://mn.gov/deed/business/layoff-resources/warn-archive/,960226175892575041fef84ec6b48a86be0f5a6b205d041a38e48741,723a026a5afd41900c8e8a23bb2b929bab75d731,2026-07-16,2026-07-20
MN,Tin Whiskers Brewing Co,St Paul,,2022-03-21,10,closure,,0,0,1,https://mn.gov/deed/business/layoff-resources/warn-archive/,a86415c72f0bd17e9c96180385a9316340f0be363349d21a77a4550c,2b21adf736c689c0d082a498fd1760a88753ea76,2026-07-16,2026-07-20
MN,Tori 44 2024,Minneapolis,,2024-03-01,50,closure,,0,0,1,https://mn.gov/deed/business/layoff-resources/warn-archive/,f8c285a7c03d1a96ec17a30d5e873a16a8e1c216d20bd7d53b0b76d4,1321b8e2c2af639a91668a9d6adc2b83eb732288,2026-07-16,2026-07-20
MN,Trade Winds Boutique 2024,St Paul,,,5,closure,,0,0,1,https://mn.gov/deed/business/layoff-resources/warn-archive/,b0c4156390c5bdcee727fc09c8ef7deaec64d90b81c7df8cb5c171d8,a7fd39098b59159bf6d909c7b9733f9d23648ed0,2026-07-16,2026-07-20
MN,Transaxle St Paul,St Paul,,2025-07-15,6,closure,,0,0,1,https://mn.gov/deed/business/layoff-resources/warn-archive/,565e414b990a1548c079eddc1f8ee03d6ffdbaa660d757a3a85071db,c36972501d3a822d7cf40d99969998f806e97124,2026-07-16,2026-07-20
MN,Treadle Yard Goods St Paul 2025,St Paul,,,1,closure,,0,0,1,https://mn.gov/deed/business/layoff-resources/warn-archive/,f493dd9252787e56c78b5d14b1a80169fb5538dc51587ec601c5ce37,19d1de12aef5ebf36113865e1b8fb9f9a6649471,2026-07-16,2026-07-20
MN,Trend Enterprises,New Brighton,,,42,closure,,0,0,1,https://mn.gov/deed/business/layoff-resources/warn-archive/,b46be331fc2643e5ceaf3d58bec03ed305bbe45716d5ef5e628a00b7,3aaf5e7a4487eae9c758427e6f023360e3886870,2026-07-16,2026-07-20
MN,Trophy House,New Trier,,,1,closure,,0,0,1,https://mn.gov/deed/business/layoff-resources/warn-archive/,3e12cde050ada759bc5af43bb1ee48601cf076d7ed66cb0125987265,ff57e36d8958c19b64e9c9a5068557dcdc2b7c91,2026-07-16,2026-07-20
MN,Trophy House 2023,New Trier,,2023-07-01,1,closure,,0,0,1,https://mn.gov/deed/business/layoff-resources/warn-archive/,2f80f8fa3889df04a570172a55a0b3d9a6c2f088e92771a7281f9c20,a9664c96d5c1f056b522b967a55db8f431dd0e87,2026-07-16,2026-07-20
MN,True Value Mankato 2025,Mankato,,2025-04-02,41,closure,,0,0,1,https://mn.gov/deed/business/layoff-resources/warn-archive/,9d58263d998647aff47b552047e36310942d1c0bb109cbd9197569ac,89d003b306420d64dfcfdfccab59b87bb126aea4,2026-07-16,2026-07-20
MN,Tuesday Morning - Excelsior 2023,Dallas,,2023-02-15,,closure,,0,0,1,https://mn.gov/deed/business/layoff-resources/warn-archive/,1b07a7a849ed3663c0a285eb1381dcd3f0907e896f249f6a6aa80ef0,109b718e60f415eb578c6f87de96fa213d8daf2f,2026-07-16,2026-07-20
MN,Tuesday Morning - Plymouth 2023,Dallas,,2023-02-16,1,closure,,0,0,1,https://mn.gov/deed/business/layoff-resources/warn-archive/,6ac00223743759688376e93f50ed170ea8250e4e03fbd8106494553e,3bcd31832bad0310620e19c4463d459ea963cc86,2026-07-16,2026-07-20
MN,Tuesday Morning - Roseville 2023,Dallas,,2023-02-15,,closure,,0,0,1,https://mn.gov/deed/business/layoff-resources/warn-archive/,02a198d2ac7fcc90fdb81fa4c16dc29ce6976feb8c3bec68ce9cd3f1,a6f38d12a6e15d7a4c241f39cadc61f3369f14ff,2026-07-16,2026-07-20
MN,Tuesday Morning - St. Cloud 2023,Dallas,,2023-02-15,,closure,,0,0,1,https://mn.gov/deed/business/layoff-resources/warn-archive/,73514c82741515e3143177880d411d5e70e466975eb1fa7908700fa5,61e9d4025afd611c0be836ffb9566c7768e7ab35,2026-07-16,2026-07-20
MN,Tulips & Truffles Florist 2023,Rochester,,2023-12-01,1,closure,,0,0,1,https://mn.gov/deed/business/layoff-resources/warn-archive/,f14606be4b17ef01a90f307b2df65bce06d49399b4eae10a37765bcf,9367a0c6d6c8b1b7258c366d7c26bba443bbdf07,2026-07-16,2026-07-20
MN,Tulips & Truffles Florist 2023 Rochester Other Services,,,2023-12-01,1,closure,,0,0,1,https://mn.gov/deed/business/layoff-resources/warn-archive/,2ebea7b6e131f69dc9bc027295af9d3e513f7c7c0cdb58c476daafd9,17e60c1cb298334684f352fae90ebff5ba639822,2026-07-16,2026-07-20
MN,Twin City Gardens Nursing Home,Minneapolis,,2022-01-10,61,closure,,0,0,1,https://mn.gov/deed/business/layoff-resources/warn-archive/,057900c96bedad5e00fced177c9c5fc2c327ff7507c3175c8fb34932,0aa3cc63f5cd391325afc2f51601211b53111cdb,2026-07-16,2026-07-20
MN,U of M Practitioner Clinic 2024,Minneapolis,,,1,closure,,0,0,1,https://mn.gov/deed/business/layoff-resources/warn-archive/,19b396df4a6a3d9b37b04ed3154eab0a35a04c35f877acc58f450995,9cd744080b938a557f810c6529d7b217aa19ad5b,2026-07-16,2026-07-20
MN,UMI Sushi Blaine 2025,Blaine,,2025-02-06,1,closure,,0,0,1,https://mn.gov/deed/business/layoff-resources/warn-archive/,29318740e5bf3c5affaa9b351350f6ed9104c04cb7caf9b703b19e46,1fa8d77dc90b5f7c2c968c83752868484470b5d1,2026-07-16,2026-07-20
MN,US Bank Branch Blooming Prairie 2024,Minneapolis,,2024-05-01,5,closure,,0,0,1,https://mn.gov/deed/business/layoff-resources/warn-archive/,2d910a9d8ca172ff05f28a797a8874ffc0a5c57149f97b2d424faebb,3de921208e6667412b77b9e7a807266fd18e8839,2026-07-16,2026-07-20
MN,US Bank Branch Blooming Prairie Minneapolis Finance & Insurance 5/1,,,,5,closure,,0,0,1,https://mn.gov/deed/business/layoff-resources/warn-archive/,6fae0a9b603655515bc8936b3f983cb1d2312d5abbf74e01dd26938f,75c99c91ad2520aee2867442d3036da84e9ebaa7,2026-07-16,2026-07-20
MN,US Bank Branch Moorhead 2024,Minneapolis,,2024-05-01,8,closure,,0,0,1,https://mn.gov/deed/business/layoff-resources/warn-archive/,3d1c23785c31f436eaa1000404c669f264a2cf9704d39a6e5cc29431,7fcaa33291fed757ab1dc43d40dca3af56c387ca,2026-07-16,2026-07-20
MN,US Bank Branch Moorhead 2024 Minneapolis Finance & Insurance 5/1,,,,8,closure,,0,0,1,https://mn.gov/deed/business/layoff-resources/warn-archive/,6e01e05211b5ce68cfdf8362b3c5e5307a505f5172caa3b48c9e5175,b04263099723b59f276de8dfdb381a8f71855ecd,2026-07-16,2026-07-20
MN,UpWest - 2024,Bloomington,,2024-04-01,1,closure,,0,0,1,https://mn.gov/deed/business/layoff-resources/warn-archive/,2b5d1d6ebf8cd31a0caf426c585e657551bafa1fee4dfbcbd6ea312e,b6c906ad8a8f10efb595ec0e10539fdcd612ee1e,2026-07-16,2026-07-20
MN,Uptown Collab 2023,Minneapolis,,,25,closure,,0,0,1,https://mn.gov/deed/business/layoff-resources/warn-archive/,69ed142370f3f6759e420299329c62ad12afedc00476a40024d690ba,ec32f93a1b7d04a8b1a9f6a1503956f3461fc971,2026-07-16,2026-07-20
MN,Urban Loft 2024,Owatonna,,2024-09-13,1,closure,,0,0,1,https://mn.gov/deed/business/layoff-resources/warn-archive/,e92676a67ba18334d9972d7f9e33884730495ffdcacdf87de99583d7,a1edb14ccd652ce87f18456c2a84107472e46d4f,2026-07-16,2026-07-20
MN,Urban Outfitters Mpls 2022,Minneapolis,,2022-06-20,15,closure,,0,0,1,https://mn.gov/deed/business/layoff-resources/warn-archive/,eca9462c3fa21d817de2b7af7ff16ac872ec242c0bfe6bf219798926,e4bfb761877dbba38c0346b51e721a32a43e6d62,2026-07-16,2026-07-20
MN,VSPOne Lab 2022,Saint Cloud,,,4,mass_layoff,,0,0,1,https://mn.gov/deed/business/layoff-resources/warn-archive/,a2151e2084ac73be172a25e83204d811c3e2db11cbf424cac7d7f6b5,defef55a1fa17a265f09ab9ecf7fa7b48e4760cf,2026-07-17,2026-07-20
MN,VSPOne Lab 2022,Rancho Cordova,,2022-08-12,4,closure,,0,0,1,https://mn.gov/deed/business/layoff-resources/warn-archive/,a215e72f893ea5825a42f66c883e106a4fbbc5f98f0a3ccc521ab8ba,e90e54806750f33a73149c9e8aef1a842c8fa924,2026-07-16,2026-07-20
MN,Vanilla Bean in Duluth 2024,Duluth,,2024-02-01,4,closure,,0,0,1,https://mn.gov/deed/business/layoff-resources/warn-archive/,fa1a2fc2854ac3352a2326ddf06daab0dad3ab190b0c5e476b294ea7,21e6570a2339698914e530c84eb075ccdd9a2fc5,2026-07-16,2026-07-20
MN,Vanilla Bean in Duluth 2024 Duluth Dining Establishments 2/1,,,,4,closure,,0,0,1,https://mn.gov/deed/business/layoff-resources/warn-archive/,658969f135fa895ba3ff0ad65a117994c602b5bc22c04702e4398e11,950f8c8fb41c6e59df9647b50b72ba8cd683295c,2026-07-16,2026-07-20
MN,Vann Restaurant on Lake Minnetonka 2023,Spring Park,,2023-09-01,1,closure,,0,0,1,https://mn.gov/deed/business/layoff-resources/warn-archive/,3a6f2286a11d6ec86f718e26640ddb31aa30687a2da8516ec9b97f67,17978f301d19c05cbd1931ce3c96e4087dd43b3c,2026-07-16,2026-07-20
MN,Vegan East Cafe Lyndale site - 2024,Minneapolis,,2024-03-15,1,closure,,0,0,1,https://mn.gov/deed/business/layoff-resources/warn-archive/,20ca1f668d3cb6fa6fa2e526dafac4a38f82ded2e908be8f6c6c49d8,b130555d34c9192011dbdae8fc471b34056a3e48,2026-07-16,2026-07-20
MN,Vellee Deli 2025,Minneapolis,,,1,closure,,0,0,1,https://mn.gov/deed/business/layoff-resources/warn-archive/,ad771d65eae9aba8d6a93ed5947a763e6b0bc0473f616ea1335d47ca,16b8caa66961a85436c61dbb067d02893e7f222a,2026-07-16,2026-07-20
MN,Vestis Services,Hibbing,,2026-08-15,1,mass_layoff,,0,0,1,https://mn.gov/deed/business/layoff-resources/warn-archive/,4efb20b691ba00f25012473910132aab479d224cfdf12bb77dee0e7a,eeab959120d12d0dc7b8eeaf6388bbc8a1348c60,2026-07-16,2026-07-20
MN,Veyer 2025,Plymouth,,,60,closure,,0,0,1,https://mn.gov/deed/business/layoff-resources/warn-archive/,52a9a0eb1126ca730d4865e8dcdb63e9f219d276c1e9be0e5942ccc1,2eac60d399c5d1a5fb535f14fd1565943fe774ea,2026-07-16,2026-07-20
MN,Vivian Rose Boutique,Mankato,,2025-01-01,1,closure,,0,0,1,https://mn.gov/deed/business/layoff-resources/warn-archive/,7f0d2d723b16d586b5d6b1af0915ee3fb2583fc03c851772853905f5,0f9179e85ad33a79ea6c5def56ad59c2f6f2773a,2026-07-16,2026-07-20
MN,Vivian Rose Boutique Mankato 2024,Mankato,,2025-01-01,1,closure,,0,0,1,https://mn.gov/deed/business/layoff-resources/warn-archive/,05056b4a0da5ba0a7f1e8d264c46f3f103d3839c7afb34b0074c346a,4c7f74af17599b4e806f31524f5d9876d28f1550,2026-07-16,2026-07-20
MN,Volunteer Braille Services 2024,Golden Valley,,2024-04-25,2,closure,,0,0,1,https://mn.gov/deed/business/layoff-resources/warn-archive/,9a264366cf5f487e51726a4c46c56c16601fd70e79c350374c6bf41f,f415be73718eee4f69ecd736b91da5f1f3569fe8,2026-07-16,2026-07-20
MN,Walgreens - Crystal,Crystal,,,1,closure,,0,0,1,https://mn.gov/deed/business/layoff-resources/warn-archive/,ae7d4acbd29bfc98d72074ef0c1da577182183d77b7481479efaca4a,016c8993c6fdf4db516e90a4787af981ba017183,2026-07-16,2026-07-20
MN,Walgreens 2023,Minneapolis,,2023-02-13,16,closure,,0,0,1,https://mn.gov/deed/business/layoff-resources/warn-archive/,c04a29f2cc5b186a2409296d144348c8aef7b53a90aea66d624c7c4c,5eccf24feb737642fab29705a8bc8d63fa982f41,2026-07-16,2026-07-20
MN,Walgreens Mankato 2024,Mankato,,2025-01-30,,closure,,0,0,1,https://mn.gov/deed/business/layoff-resources/warn-archive/,c2bac6f3613873e979c569109fb4c3513ad2b99e6675ab83a1389480,9f9648907d72086bcd02c4a1d2b0ff96a95cc698,2026-07-16,2026-07-20
MN,Walgreens Savage 2024,Deerfield,,2025-01-22,,closure,,0,0,1,https://mn.gov/deed/business/layoff-resources/warn-archive/,80686652d898e70ada675cd782b15377b79bf6395c178ef9eba461ac,5dc16706b67e2e49cd7503fbd8f87105ed524761,2026-07-16,2026-07-20
MN,Walkin' Dog – 2023,Minneapolis,,2023-04-09,1,closure,,0,0,1,https://mn.gov/deed/business/layoff-resources/warn-archive/,92edb6fba7d3143e3a101ec6f6da566302e7a84362a32ea07d7912c8,e67072811301b9e5b534cca76eb8460a02529ee7,2026-07-16,2026-07-20
MN,Walmart Brooklyn Center 2023,Bentonville,,,420,closure,,0,0,1,https://mn.gov/deed/business/layoff-resources/warn-archive/,3fee7fab3a03f8767e2a69fedece7ec81404cb210406e87aa01d36dc,1120667d0b887cbeaa2b5c4127cf67315ee9c96a,2026-07-16,2026-07-20
MN,Warrior Brewing Company Duluth Dining Establishments,,,2024-01-18,1,closure,,0,0,1,https://mn.gov/deed/business/layoff-resources/warn-archive/,f3d170fe429aa2474f6961ceac9b8e407ae07a88f662e072059a362a,a1fddd0de04202abc84f11b6393f425d5b98424c,2026-07-16,2026-07-20
MN,Warrior Brewing Company in Duluth,Duluth,,2024-01-18,1,closure,,0,0,1,https://mn.gov/deed/business/layoff-resources/warn-archive/,44ce6ab43d79e08bcacd3689016aeba8c76c181c559a77a439d07633,5e2ee8ae985205294052ae297dcf5bf7dbed20c8,2026-07-16,2026-07-20
MN,Wasabi Duluth 2024,Duluth,,,1,closure,,0,0,1,https://mn.gov/deed/business/layoff-resources/warn-archive/,9417cc94301ada85b1b8b9195898e53f4a12fc36432efd55990e59ac,9537c5634164eb85c2f0b20836537d61f63d9328,2026-07-16,2026-07-20
MN,Wedge Table - Nicollet 2021,Minneapolis,,2021-07-12,1,closure,,0,0,1,https://mn.gov/deed/business/layoff-resources/warn-archive/,05100cf4f2ff13681ee2b2ad6ab60fcbf6f15534f28ca6f3fc29b8d7,e53f4c662613f262eebe81d3fee23b3ac80fc61a,2026-07-16,2026-07-20
MN,Wells Fargo Bank Branches 2023,Minneapolis,,,,closure,,0,0,1,https://mn.gov/deed/business/layoff-resources/warn-archive/,636e42477aa921b8c941f7a6a20de26e3fc7e563c973c87554d95ca3,fceb25ef9f4f570617861dd83077ed8dfb66abcb,2026-07-16,2026-07-20
MN,WestRock - Saint Paul 2022,St Paul,,,130,closure,,0,0,1,https://mn.gov/deed/business/layoff-resources/warn-archive/,7fccd4d5dcc3ec3f2603275c387dc4115f09d4ddd3b79856eddefa56,236cc0ed6126f9c0bf5129e39ee22863fd841044,2026-07-16,2026-07-20
MN,Whimzy Albert Lea,Albert Lea,,2024-11-16,1,closure,,0,0,1,https://mn.gov/deed/business/layoff-resources/warn-archive/,0042dce9866cbea5c09909f6175c52f94c04f627a0593f31078db1fc,e0b77e793cf985505f2ec17fd9f9a3e7e7ec797a,2026-07-16,2026-07-20
MN,Whimzy Albert Lea 2024,Albert Lea,,2024-01-16,1,closure,,0,0,1,https://mn.gov/deed/business/layoff-resources/warn-archive/,6ad0fd1e53a2cb9fefe1cfb1957252934612b2f72f7173fd2258e9d3,6404f5799e2ac3b12722fff8370338a570ea2840,2026-07-16,2026-07-20
MN,Wink World MOA 2025,Bloomington,,,8,closure,,0,0,1,https://mn.gov/deed/business/layoff-resources/warn-archive/,28c21b89e607ece13889ab61f502d52afdfb91803dcdb68d7af060c5,c9ea48179baa9eebb32087ded644f2ae549e4599,2026-07-16,2026-07-20
MN,Woodbury Dental Arts 2024,Woodbury,,2024-03-01,50,closure,,0,0,1,https://mn.gov/deed/business/layoff-resources/warn-archive/,2caf9437ce551f890abdeb5187212f3688b5e8191eadcfeb200755e7,57767cef92d9c33725e5e9db4e1f744dac4b8f71,2026-07-16,2026-07-20
MN,Woody's Liquor Rochester 2024,Rochester,,,2,closure,,0,0,1,https://mn.gov/deed/business/layoff-resources/warn-archive/,eae8613e89ce5830023761c7caa6487946a3633e0f027d6ffa753676,e7a131ba7315f114ba3aa2641376d9704638fb5f,2026-07-16,2026-07-20
MN,Wuollet Bakery Minneapolis 2025,Minneapolis,,,3,closure,,0,0,1,https://mn.gov/deed/business/layoff-resources/warn-archive/,73c8578d3a984fc28f2eaad9c75e7ef3a0eae8fac1a306470862cbb2,119faced61410736ddf84edc0b81e24edebd63ef,2026-07-16,2026-07-20
MN,Wuollet Bakery Mpls 2024,Minneapolis,,2024-09-05,1,closure,,0,0,1,https://mn.gov/deed/business/layoff-resources/warn-archive/,4a18db3176256372d08832b45e8f0111c920e5edf7bcf248a2e3f660,fa37215379bbc6fa94d14ccc54899e4a66e87ef7,2026-07-16,2026-07-20
MN,Wuollet Bakery Wayzata 2024,Wayzata,,2024-05-01,1,closure,,0,0,1,https://mn.gov/deed/business/layoff-resources/warn-archive/,565d7dbf383649de2d9910865764f5aebe57926384136e0e3890dfc2,367274ae6fa86a4ecd0bcadde75fc28f7cca4ee2,2026-07-16,2026-07-20
MN,YMCA & Early Childhood Learning,Rochester,,2024-08-16,1,closure,,0,0,1,https://mn.gov/deed/business/layoff-resources/warn-archive/,04a35bfbc2b9bd88732ed108ded76241cc8bcac6692f4e10ea0c26e7,c1bdc48a27576a05c21d83f038176004cf429563,2026-07-16,2026-07-20
MN,YWCA Hennepin 2023,Minneapolis,,,6,closure,,0,0,1,https://mn.gov/deed/business/layoff-resources/warn-archive/,764621650e27bff405243387f2a2582e98f0f33286bb6c45d4e53acd,d14eec02a10f6d082dc4ed95c6127f81e617faef,2026-07-16,2026-07-20
MN,YWCA Nicollet 2023,Minneapolis,,,6,closure,,0,0,1,https://mn.gov/deed/business/layoff-resources/warn-archive/,9c45bf34099248ccdb4d1a87559efd33e25ed46a74cdbc049f33bc75,1dbe4b9a958da67416755c44ffdbd17a6ec962c1,2026-07-16,2026-07-20
MN,Yelloh 2023,Marshall,,2023-12-26,35,mass_layoff,,0,0,1,https://mn.gov/deed/business/layoff-resources/warn-archive/,4f6294fdec88251d3c8ddebcf097032d0adcead8c4a55510bf2719d8,7b82c3f618cd49d7a1ed743edc337dfa9bdc4515,2026-07-16,2026-07-20
MN,Yelloh! Bloomington 2024,Bloomington,,,4,closure,,0,0,1,https://mn.gov/deed/business/layoff-resources/warn-archive/,a2f0aecc4fbe6ba15fbf64b52d9a4d52d0c018262304521327949b4a,fde946b1246bfcd347387edbcba04abac25b1841,2026-07-16,2026-07-20
MN,Yelloh! Eagan 2024,Eagan,,,,closure,,0,0,1,https://mn.gov/deed/business/layoff-resources/warn-archive/,fcc9cebf29d3251826417bce5527c2504c0c52cf12fd6c50df5297e2,c79bd9f5025a3b5023461cdd09e4f22d078b1b9d,2026-07-16,2026-07-20
MN,Yelloh! Marshall 2024,Marshall,,,,closure,,0,0,1,https://mn.gov/deed/business/layoff-resources/warn-archive/,ed2b264a6752acc9ff30b5864802ca5c55625620f594f701b6049391,0bd09c577c66c76690a13416dcf10f06b2e9f279,2026-07-16,2026-07-20
MN,Yelloh! Owatonna 2024,Owatonna,,,1,mass_layoff,,0,0,1,https://mn.gov/deed/business/layoff-resources/warn-archive/,453224b170ed7ae42be444c8cbe73cd6c44d787184531778c1e9f557,dfad6b7830fa876754da22446332eabd0f4db6b6,2026-07-16,2026-07-20
MN,Yelloh! Sauk Center 2024,Sauk Centre,,,2,closure,,0,0,1,https://mn.gov/deed/business/layoff-resources/warn-archive/,d2b5fc43f91801a1470a0bc0b60bed5ff4d9f9adbb5c6f55b509c04b,c952d5b3c3417f6651f42b75d22779e5a687a811,2026-07-16,2026-07-20
MN,Yelloh! Truman 2024,Truman,,,3,closure,,0,0,1,https://mn.gov/deed/business/layoff-resources/warn-archive/,a2aee04f9b072122694d9b8f876aba555d7e5937a1c7d881f328c0eb,456c92c9892274ee485c2ee595e25a4a49a37fb5,2026-07-16,2026-07-20
MN,Zoe's Bakery and Cafe,Minneapolis,,,,closure,,0,0,1,https://mn.gov/deed/business/layoff-resources/warn-archive/,c60cae7f5061d7ac566ed7310ff8c30724ac5904b7ace6f2fc7aa072,511bfef42c01a3bf0ad657ec59b3421359d0f5ab,2026-07-16,2026-07-20
MN,Zumbro Cafe 2023,Minneapolis,,2023-12-01,1,closure,,0,0,1,https://mn.gov/deed/business/layoff-resources/warn-archive/,14d1bf77d69c3e73b50680c93717e36808a54f6d5088b18d5d58ff06,5c5c2a930496d5615a380fa4f560611924bce9c2,2026-07-16,2026-07-20
MN,Zumbro Cafe 2023 Minneapolis Dining Establishments,,,2023-12-01,1,closure,,0,0,1,https://mn.gov/deed/business/layoff-resources/warn-archive/,55cb23671a11177fb3b46e20e705c3ea9943a4525a4ef198377b0084,a355ca13f7a975ac21fef67809bda358213f8757,2026-07-16,2026-07-20
MN,• Needs Assessment: Th and point of contact).,e SRRT has becom,,,,mass_layoff,,0,0,1,https://mn.gov/deed/business/layoff-resources/warn-archive/,6fbde4decfc6eecaac18a7723769c72853825b72fd18259e91e30d07,e8b48dabc80db8bc3885efe0603d185f922b2ec2,2026-07-16,2026-07-20
MN,Big Game 2019,Windom,2019-02-20,2019-02-20,25,closure,,0,0,1,https://mn.gov/deed/business/layoff-resources/warn-archive/,dfa1bedccdd07ec9ec32f2c104ccbc96950e5a7649587dc78b076338,52e8870865787176784728f852e6ab2aa7d4cb13,2026-07-16,2026-07-20
MN,NanoCore Corp. 2020,Red Wing,2020-01-06,2020-01-06,11,closure,,0,0,1,https://mn.gov/deed/business/layoff-resources/warn-archive/,83c26f18efaede00c8323636d9d30a34f7a19808123520d2b5e3cb98,aa0f3d5f0ee1d4dfca23c92ee37d4ef423d6fc65,2026-07-16,2026-07-20
MN,Delta Airlines Pilots 2020,Bloomington,2020-01-28,2020-01-28,,mass_layoff,,0,0,1,https://mn.gov/deed/business/layoff-resources/warn-archive/,2531807bdb152b7b73d3109d771daf20d5027001e6946a3befc08fb9,65a1d22c1aab875803aa75f24351c49d55e75b99,2026-07-16,2026-07-20
MN,Genova Products 2020,Faribault,2020-01-28,2020-01-28,6,closure,,0,0,1,https://mn.gov/deed/business/layoff-resources/warn-archive/,b700a7ffef4a7169f72cb4023001c188e0250813feab9c4192b66015,65b5232b06cd17b81bc178d4850c17785943942a,2026-07-16,2026-07-20
MN,Radisson Blu Hotel-MOA,Bloomington,2020-01-30,2020-01-30,95,mass_layoff,,0,0,1,https://mn.gov/deed/business/layoff-resources/warn-archive/,5397dc4c4a5ccb9187e080eb7aaa849becaf2798474e544369697c45,243bc950e522e85989b0734e47b5fa21fe34b40f,2026-07-16,2026-07-20
MN,Brandless 2020,Minneapolis,2020-02-10,2020-02-10,39,closure,,0,0,1,https://mn.gov/deed/business/layoff-resources/warn-archive/,1e1cc383b3b3c435ec4c83243089a39926a3aab2258e3d5c34f4802a,67e6c7559b337eb5f81b0e5d7f707c800abcd25c,2026-07-16,2026-07-20
MN,Buhler Industries 2020,Willmar,2020-02-11,2020-02-11,40,closure,,0,0,1,https://mn.gov/deed/business/layoff-resources/warn-archive/,ae73343dfe51a0e40f464105e8bea0c861e27100a8d19d2123e7625b,5fbf60652fb51d78970ceea5c12b7ef373182383,2026-07-16,2026-07-20
MN,Pier 1 Eagan 2020,Eagan,2020-02-26,2020-02-26,5,closure,,0,0,1,https://mn.gov/deed/business/layoff-resources/warn-archive/,30e6b12e64060c8ad03427b3f557cdc89b6e98cacdd1633c9b3b6c00,c2bb88ece10eb9644c71d77db94bb39a3d4d8f9b,2026-07-16,2026-07-20
MN,Pier 1 Mankato 2020,Mankato,2020-02-26,2020-02-26,5,closure,,0,0,1,https://mn.gov/deed/business/layoff-resources/warn-archive/,b7216b9303c2344469a9d5123ea6286250f39caabfdccdc21b003828,961b38e369ba4e05abe41e894b15005c51422c1a,2026-07-16,2026-07-20
MN,Cash Wise Waseca 2020,St Cloud,2020-02-28,2020-02-28,28,closure,,0,0,1,https://mn.gov/deed/business/layoff-resources/warn-archive/,1ebccb58895ae5cd344794cacce9d94f53bd4cb4e69a9f41edb7ef9a,0b431418740bd13e76f95448a41ac980143471f0,2026-07-16,2026-07-20
MN,Hampton Inn- Rochester 2020,Rochester,2020-03-01,2020-03-01,19,mass_layoff,,0,0,1,https://mn.gov/deed/business/layoff-resources/warn-archive/,b53989f388a2af99e8d86d6c0a723400381fe5168ad8960cb3621241,de7a73b0a64389a90805752e375d688bbef0677e,2026-07-16,2026-07-20
MN,Marriott- Moorhead 2020,Moorhead,2020-03-01,2020-03-01,57,mass_layoff,,0,0,1,https://mn.gov/deed/business/layoff-resources/warn-archive/,a58b213c268cee78d30d467f8288a1e6b4ce21067acdffbb0664a9ac,1782e8ef4bab3e994ac45d1b699584029cfc9dd6,2026-07-16,2026-07-20
MN,SpringHill Suites 2020,St Paul,2020-03-01,2020-03-01,26,mass_layoff,,0,0,1,https://mn.gov/deed/business/layoff-resources/warn-archive/,e5823ba830dc656cfd0df53373c767f7ba5c436011f285cb3a2a93af,0bdd7884cf137c42ff1eda539c18dd9ff6cc3bd2,2026-07-16,2026-07-20
MN,ISD 191-Sioux Trail Elementary,Burnsville,2020-03-03,2020-03-03,,closure,,0,0,1,https://mn.gov/deed/business/layoff-resources/warn-archive/,3a9ef55bc331217846412049676dcb3588b91bdb0d99b3c6b5c5203c,284ed7a13e2f7feeb2cdec09d9580cda9bb68d95,2026-07-16,2026-07-20
MN,Rise Baking Company,Minneapolis,2020-03-06,2020-03-06,20,closure,,0,0,1,https://mn.gov/deed/business/layoff-resources/warn-archive/,60842ea64ce1de7dcb552d1f2d780d008efde9f4bb58f11bb4c6dce5,44ab26438c42e3a68aae8b30642394f726f329d1,2026-07-16,2026-07-20
MN,Avis Budget Car Rental 2020,Minneapolis,2020-03-12,2020-03-12,72,mass_layoff,,0,0,1,https://mn.gov/deed/business/layoff-resources/warn-archive/,70b8e1510f0fd716730ded16dcd2ff4873d8d7fa17b95b6496ab9501,32bb8d3324939e9fb2c74f082b78f4c0af7ff8c3,2026-07-16,2026-07-20
MN,Playcore Dero Everlast 2020,Chattanooga,2020-03-13,2020-03-13,45,mass_layoff,,0,0,1,https://mn.gov/deed/business/layoff-resources/warn-archive/,5e62d9e2494eb781444e0fe62921f82c0209f34b3dc033b974bf5ee9,4b04b0dfbc422b3d343ce277a3aeb38950d10c54,2026-07-16,2026-07-20
MN,Wayzata Home Products. LLC,Edina,2020-03-13,2020-03-13,141,closure,,0,0,1,https://mn.gov/deed/business/layoff-resources/warn-archive/,af3edada7a4498826427f4b7078c37622632e4392576ec4765c7ff75,ebc2d026cf94ba74bf0ad42a6974a88a06786cd4,2026-07-16,2026-07-20
MN,Alorica 2020,Mendota Hts,2020-03-15,2020-03-15,108,closure,,0,0,1,https://mn.gov/deed/business/layoff-resources/warn-archive/,d163a6c1de97e8bc49e4faabda7eb3f7b5b8e8c97461df3fcfcdceda,8d76a7361b9118714df2189160fd43e277674e48,2026-07-16,2026-07-20
MN,Apple Store - Uptown 2020,Minneapolis,2020-03-15,2020-03-15,60,closure,,0,0,1,https://mn.gov/deed/business/layoff-resources/warn-archive/,bab35aef1049f2766b0bbc6f85369eacbb86d5ffe0cdbb6352d4659d,66ad3df2b455135f7e49c0b194e38d24bec44a9a,2026-07-16,2026-07-20
MN,Outback Steakhouse - Bloomington,Bloomington,2020-03-15,2020-03-15,104,mass_layoff,1,0,0,1,https://mn.gov/deed/business/layoff-resources/warn-archive/,2850123abb26f8d8bf389d1532acf2a971713b4d0eb414f1e892951f,8983ea7c47e67ccb4759baba8bc1e459defd5271,2026-07-16,2026-07-20
MN,Outback Steakhouse - Burnsville,Burnsville,2020-03-15,2020-03-15,78,mass_layoff,1,0,0,1,https://mn.gov/deed/business/layoff-resources/warn-archive/,844b2a3534289214db9db11a5a0165d21d50d69ad4e95283676d8369,e529cae0b9c6f0f34216f9db1a41a2a0a4c2ecae,2026-07-16,2026-07-20
MN,Outback Steakhouse - Coon Rapids,Coon Rapids,2020-03-15,2020-03-15,84,mass_layoff,1,0,0,1,https://mn.gov/deed/business/layoff-resources/warn-archive/,d67d0c5203dd3417daf5b0b12b061b63e30dcc9b2bdfecf1200b3339,4501131c324c8ff1e76b6c93ec647182d6a22310,2026-07-16,2026-07-20
MN,Outback Steakhouse - Hermantown,Hermantown,2020-03-15,2020-03-15,63,mass_layoff,1,0,0,1,https://mn.gov/deed/business/layoff-resources/warn-archive/,09d6ae9f74b50e59cee5362ea9b2aacf00abfe01ec1dc806cc25c665,14fab6e29ff20209620010e16c5454a77a3543c5,2026-07-16,2026-07-20
MN,Outback Steakhouse - Inver Grove Heights 2020,Inver Grove Heights,2020-03-15,2020-03-15,79,mass_layoff,1,0,0,1,https://mn.gov/deed/business/layoff-resources/warn-archive/,92449572091e6a1123cb31391b13e351da6b4077b3d37b3230c8e834,69d66b114ddc970af75b2714d7807afc3a30aad2,2026-07-16,2026-07-20
MN,Outback Steakhouse - Maplewood,Maplewood,2020-03-15,2020-03-15,72,mass_layoff,1,0,0,1,https://mn.gov/deed/business/layoff-resources/warn-archive/,ab2f13724db1116ee9e43e88a7df39b28f7bad8077ad01f3b3a7a6bf,cf73260d155a17aee256ee1a485beefe66e93450,2026-07-16,2026-07-20
MN,Outback Steakhouse - Rochester,Rochester,2020-03-15,2020-03-15,82,mass_layoff,1,0,0,1,https://mn.gov/deed/business/layoff-resources/warn-archive/,9574811b22454c65dc96c049b53d9be3eb73a04ef9e73611d106b3f1,1fa59f455ac1a4246ba5e513d50f93141d594c23,2026-07-16,2026-07-20
MN,Outback Steakhouse - Roseville 2020,Roseville,2020-03-15,2020-03-15,73,closure,,0,0,1,https://mn.gov/deed/business/layoff-resources/warn-archive/,38ff3170721d5ec0343fadc482ed06852fad781fc1dab7bbb3744651,167af0953db5df537be2fd25a20e0bb97e78fb99,2026-07-16,2026-07-20
MN,Graduate Hotel Minneapolis 2020,Louisville,2020-03-16,2020-03-16,168,mass_layoff,1,0,0,1,https://mn.gov/deed/business/layoff-resources/warn-archive/,08910b77eef1a5b708e2c9d31e1e973398039295bcb5e68904b83022,9025faf56de425238c520f4f2e6037a0ab3392d2,2026-07-16,2026-07-20
MN,Great Wolf Lodge Bloomington 2020,Bloomington,2020-03-16,2020-03-16,436,mass_layoff,1,0,0,1,https://mn.gov/deed/business/layoff-resources/warn-archive/,2bc6622f93e57ccf81a1a6b2fea6503550ddc0eb9351f17acb989a4c,957d3f2735cb4d42b966d3d76c1493614a6f63f7,2026-07-16,2026-07-20
MN,HMS Host at MSP 2020,St Paul,2020-03-16,2020-03-16,400,mass_layoff,,0,0,1,https://mn.gov/deed/business/layoff-resources/warn-archive/,2595bf980f2b8ca8acde2147ce84d747286861dda9d13e01606dedfa,e35504aaf3db45e9c95192b2f0939359fe5b4e2d,2026-07-16,2026-07-20
MN,Levy Restaurants at the Excel 2020,St Paul,2020-03-16,2020-03-16,14,mass_layoff,,0,0,1,https://mn.gov/deed/business/layoff-resources/warn-archive/,011195f14006c918e8c52308edc695d6e2d65b7afdb84381c9cf7a50,c15c59d8603b8258eb20c460f0689ab8d037e87d,2026-07-16,2026-07-20
MN,OTG Managment Midwest 2020,St Paul,2020-03-16,2020-03-16,204,mass_layoff,1,0,0,1,https://mn.gov/deed/business/layoff-resources/warn-archive/,7ec01d559bacad4c7d5c1ea4bf0113669521cfa78ec80137f89bf23d,c429dbe264818df0e7dd99397fe03156e69b1039,2026-07-16,2026-07-20
MN,Punch Bowl Social 2020,St Louis Park,2020-03-16,2020-03-16,118,closure,,0,0,1,https://mn.gov/deed/business/layoff-resources/warn-archive/,351de2c09adca751ce10ca19ec5c992d7862b95fd61c10f92f2ced52,9c6e76668a69f5dfc185033b21f197c4a28c8e3b,2026-07-16,2026-07-20
MN,Punch Pizza 2020,St Paul,2020-03-16,2020-03-16,394,closure,,0,0,1,https://mn.gov/deed/business/layoff-resources/warn-archive/,452496a652cd5e644e2cc3c12a775d9045436af83bca87f7882b92e7,e82fc8cb45029f913e83ac1611d2c49b714069d7,2026-07-16,2026-07-20
MN,Benihana - MOA 2020,Bloomington,2020-03-17,2020-03-17,77,mass_layoff,1,0,0,1,https://mn.gov/deed/business/layoff-resources/warn-archive/,bd50612e2cd37a009bf96deb47644a1a2dd8f7d8f92bfbe6065f4f86,b03e611ff0acd6c99f3278f4fb40afba39e3c7a0,2026-07-16,2026-07-20
MN,Benihana - Maple Grove 2020,Maple Grove,2020-03-17,2020-03-17,45,mass_layoff,1,0,0,1,https://mn.gov/deed/business/layoff-resources/warn-archive/,785681325f9574445ac861bc1bbf0422a87d7dfcacd59bbacf061965,eed2df685eb58e2158f98cbc3f8fceb82949b44e,2026-07-16,2026-07-20
MN,Benihana - Minneapolis 2020,Golden Valley,2020-03-17,2020-03-17,51,mass_layoff,1,0,0,1,https://mn.gov/deed/business/layoff-resources/warn-archive/,e9b3f26d7598a8b9487208fa80c864321345bb19e8a58c5425013979,447fbbff4536bc57889964f1ab5fca43784f2262,2026-07-16,2026-07-20
MN,Bonfire Blaine,Blaine,2020-03-17,2020-03-17,38,closure,,0,0,1,https://mn.gov/deed/business/layoff-resources/warn-archive/,89ca179eb93ea718babc6386c21c5e6db2a048121c515b9f1bee77aa,d7cbae813575066dc73623e7187107824b1ebd33,2026-07-16,2026-07-20
MN,Bonfire Eagan,Eagan,2020-03-17,2020-03-17,38,closure,,0,0,1,https://mn.gov/deed/business/layoff-resources/warn-archive/,f27273cf7b39a7248bbc31d6ea43eb65e4dab77e3e2268cd5ca9f7aa,2f93fccbbdd41e5f1298ad9eaea7d252e57c1ba5,2026-07-16,2026-07-20
MN,Bonfire Mankato,Mankato,2020-03-17,2020-03-17,38,closure,,0,0,1,https://mn.gov/deed/business/layoff-resources/warn-archive/,d1998204ca1564fcf57874964d6f13aafb55e03296dd1b367598555d,5182caca8c9cb4bb83e7de05db275c854874e62f,2026-07-16,2026-07-20
MN,Bonfire Savage,Savage,2020-03-17,2020-03-17,38,closure,,0,0,1,https://mn.gov/deed/business/layoff-resources/warn-archive/,673866d9da9aa463d5aa28a1b7faf418abb23b19a2c00dd4f8002cf0,37f5eda715a24cf631796bdec5c14d908511ff73,2026-07-16,2026-07-20
MN,Bonfire Woodbury,Woodbury,2020-03-17,2020-03-17,38,closure,,0,0,1,https://mn.gov/deed/business/layoff-resources/warn-archive/,5da741e9fa1d32c744e694db7cfe12e0b83eae395667670a12f47323,55bc8e0a950f819e4e82c4147df0eb1a2a09d2b1,2026-07-16,2026-07-20
MN,Hewing Hotel 2020,Minneapolis,2020-03-17,2020-03-17,77,mass_layoff,,0,0,1,https://mn.gov/deed/business/layoff-resources/warn-archive/,5a351a15797be454d6ea841f6e6d2c3eff3a3662daea6a8fea26b9ce,e263ed711ab0b6ac56176b38c45e7ee1688ebc63,2026-07-16,2026-07-20
MN,Minneapolis Marriott SW 2020,Minnetonka,2020-03-17,2020-03-17,26,mass_layoff,1,0,0,1,https://mn.gov/deed/business/layoff-resources/warn-archive/,eb772341b785354d803ca25aa42b24e4c3866096e0b1aefd277c9e6e,b6b02bb8f5459d8bbcc896a1157e1f6f45a8cca6,2026-07-16,2026-07-20
MN,Richfield-Bloomington Honda 2020,Richfield,2020-03-17,2020-03-17,10,mass_layoff,1,0,0,1,https://mn.gov/deed/business/layoff-resources/warn-archive/,6e752b7e140c09b57e7ab87f82b7c7bf625228747c19a28de7e004e6,c7cd37e3b0cc787f8e944e1d33bbd934f97fef45,2026-07-16,2026-07-20
MN,The Hotel Landing-Marriott 2020,Wayzata,2020-03-17,2020-03-17,90,mass_layoff,1,0,0,1,https://mn.gov/deed/business/layoff-resources/warn-archive/,af4eac753729e2ba1347177e2c0ef5cf79d580039f9f2c5b6b85cb34,47320df792789f974757c1e7b207fb2f4f28d1cb,2026-07-16,2026-07-20
MN,Tile Shop 2020,Plymouth,2020-03-17,2020-03-17,14,mass_layoff,,0,0,1,https://mn.gov/deed/business/layoff-resources/warn-archive/,1c6bb8209c93f94cd6011eed8926c2f2813d96ccbc32284dc1c3b65c,2d5b4039fa3da3e43c57f973dd79d70fffce6e1b,2026-07-16,2026-07-20
MN,Two Bettys Lake St 2020,Minneapolis,2020-03-17,2020-03-17,78,mass_layoff,1,0,0,1,https://mn.gov/deed/business/layoff-resources/warn-archive/,a04e22c5e49e4b4e7cfd158429e73ebe591e0e55b6e996fe71d71aed,79d684cea8bd43882c9facf93200081a473043d1,2026-07-16,2026-07-20
MN,Two Bettys Minnehaha 2020,Minneapolis,2020-03-17,2020-03-17,71,mass_layoff,,0,0,1,https://mn.gov/deed/business/layoff-resources/warn-archive/,b0470ce9c73ff62c004940e0f2a4744378e2a76d9a3c0d55937af3bc,9e838f1f2d4aca354944760ff5f50f38f0a70565,2026-07-16,2026-07-20
MN,Delta Hotels - Marriott 2020,Minneapolis,2020-03-18,2020-03-18,133,mass_layoff,1,0,0,1,https://mn.gov/deed/business/layoff-resources/warn-archive/,e562ac1383a347509d28ddbfd5be960af1370184de9a4fe05d6bc65e,6370a9c503040cd1202072ab2faaaf11c88b5671,2026-07-16,2026-07-20
MN,Showdown 2020,Brooklyn Ctr,2020-03-18,2020-03-18,178,mass_layoff,,0,0,1,https://mn.gov/deed/business/layoff-resources/warn-archive/,c6dfea082c2cf65247fb76a87703e95b281340f6357c2941d103764a,c4d882cc76398fdfe9b77f00ca579f240b9812fa,2026-07-16,2026-07-20
MN,Cirque Du Soeil,Fridley,2020-03-19,2020-03-19,139,closure,,0,0,1,https://mn.gov/deed/business/layoff-resources/warn-archive/,ca0dd0ecdb8df0d29b43f49ca540de50597658aa47129e6e390cd26c,939d29d558a69249263badfb87e6f2ec15a44719,2026-07-16,2026-07-20
MN,Doubletree Bloomington 2020,Bloomington,2020-03-19,2020-03-19,171,mass_layoff,1,0,0,1,https://mn.gov/deed/business/layoff-resources/warn-archive/,f610bf2d85fe4b8d238ba20177a71fabeddb658b59cf83dae165ba68,6249b5608efccb28577d5f3c5dafed9783c12770,2026-07-16,2026-07-20
MN,Applebees Fergus Falls 2020,Fergus Falls,2020-03-20,2020-03-20,50,mass_layoff,1,0,0,1,https://mn.gov/deed/business/layoff-resources/warn-archive/,951acdd3774d3c48a2dd90435fd9371b68aca76da2b5c66606dee4f6,1408cec60567553962ef19a2d416755eeef88206,2026-07-16,2026-07-20
MN,Bic Graphic 2020-Red Wing,Red Wing,2020-03-20,2020-03-20,175,mass_layoff,1,0,0,1,https://mn.gov/deed/business/layoff-resources/warn-archive/,2f58f1f05266ff2afc8bc349e4693bf456aa740271a7a5accf02fd5a,95ad4049c7eb29cff749cfc026817b73a8148a74,2026-07-16,2026-07-20
MN,Bic Graphic 2020-Sleepy Eye,Sleepy Eye,2020-03-20,2020-03-20,90,mass_layoff,1,0,0,1,https://mn.gov/deed/business/layoff-resources/warn-archive/,419d8777675886a1a6b26510f66dfb7a60143d0d0fad3bbc64099374,b44e308bc165f4cb9e051a1eb0b6b71594286674,2026-07-16,2026-07-20
MN,DECC 2020,Duluth,2020-03-20,2020-03-20,393,closure,,0,0,1,https://mn.gov/deed/business/layoff-resources/warn-archive/,46ba94ad90b500a0c564cab7a0619c7d5d1ce5d83efdb9a7d90e230e,a87415dcdc988eea216e26dc12b906e240f26b86,2026-07-16,2026-07-20
MN,Delaware North-MSP Airport,St Paul,2020-03-20,2020-03-20,128,mass_layoff,,0,0,1,https://mn.gov/deed/business/layoff-resources/warn-archive/,2f142cf4c96047720442eeb5303af7ebd716f7ba9b7ecf4394b4b020,bf311a81a300fac57b11866779aaa0d4eee3b3ac,2026-07-16,2026-07-20
MN,Delaware North-Twins Stadium,Minneapolis,2020-03-20,2020-03-20,634,mass_layoff,,0,0,1,https://mn.gov/deed/business/layoff-resources/warn-archive/,c6559ee6b8d69aacdae869ce1a39fe1d54c1727491d73510b9f1cb51,44803c5f85a303e9d06b8457450ba0f2da652794,2026-07-16,2026-07-20
MN,Embassy Suites Airport,Bloomington,2020-03-20,2020-03-20,11,mass_layoff,,0,0,1,https://mn.gov/deed/business/layoff-resources/warn-archive/,c70928df6b003ecc128e63393075f35013e49e082fea64619dda46cb,5dd157219367b083213611e36e1fc87913aff8d4,2026-07-16,2026-07-20
MN,Scholastic Book Fairs,Brooklyn Park,2020-03-20,2020-03-20,47,mass_layoff,1,0,0,1,https://mn.gov/deed/business/layoff-resources/warn-archive/,4d69bca533cfd0d36837d8b6bca8a2e37e1410a670591bfabbdec90c,ada77976ee24d644266fe264b51dc3a4a6634e6d,2026-07-16,2026-07-20
MN,Marriott Mpls City Center 2020,Minneapolis,2020-03-21,2020-03-21,149,mass_layoff,1,0,0,1,https://mn.gov/deed/business/layoff-resources/warn-archive/,fa9c85a93d246ee488790e8bc7fa2950c61e26c2f5731e978be64012,d4446cc0ee15c146d62a68e68b30e8495f0f93b9,2026-07-16,2026-07-20
MN,W Minneapolis - The Foshay 2020,Minneapolis,2020-03-21,2020-03-21,79,mass_layoff,1,0,0,1,https://mn.gov/deed/business/layoff-resources/warn-archive/,6fab3b58da703eac87a71bf99c8674b068ecb856a79c2edea62e88df,70f302ac2f303ea850a20d371c6ec76e22b1e581,2026-07-16,2026-07-20
MN,Hilton Minneapolis 2020,Minneapolis,2020-03-22,2020-03-22,404,mass_layoff,,0,0,1,https://mn.gov/deed/business/layoff-resources/warn-archive/,d4613193207ebfc7577217f0253570479c2bd337209806b2683a7547,ec939eadaa50e0f16fa89d0965ff975cd2020749,2026-07-16,2026-07-20
MN,Hyatt Regency Minneapolis,Minneapolis,2020-03-22,2020-03-22,97,mass_layoff,,0,0,1,https://mn.gov/deed/business/layoff-resources/warn-archive/,37700386465e4b5d3b63abb82428b47a29344418dd90155d14f6e318,5e10d7e4e482368b65ef72e7e5a2afb64cc62c7b,2026-07-16,2026-07-20
MN,National Recoveries 2020,Ham Lake,2020-03-22,2020-03-22,248,mass_layoff,1,0,0,1,https://mn.gov/deed/business/layoff-resources/warn-archive/,3a644289e8261291372415b2bcdd0f3ec2cd1b4ee2df176d06c9e521,1677c7dd2fb13b340d747532a07760854293ae33,2026-07-16,2026-07-20
MN,Prospect Airport Services,Minneapolis,2020-03-22,2020-03-22,112,mass_layoff,,0,0,1,https://mn.gov/deed/business/layoff-resources/warn-archive/,6da4b47113e153af2d24b87da7b75a3933219448f21421a825c2e927,5f226b60e92568ff8233c5ef3df0e5241ddf8efd,2026-07-16,2026-07-20
MN,EDS Service Solutions Mpls 2020,Minneapolis,2020-03-23,2020-03-23,70,mass_layoff,1,0,0,1,https://mn.gov/deed/business/layoff-resources/warn-archive/,c88ef997f19054cac3195fb5ced01f91fbccd6329e142fe3c0d06a2b,085e6a08a70911d86e6dfcc074a9cf7bd99f3845,2026-07-16,2026-07-20
MN,Enterprise Holdings 2020,Eagan,2020-03-23,2020-03-23,65,mass_layoff,1,0,0,1,https://mn.gov/deed/business/layoff-resources/warn-archive/,2241fb06e570676513010c8664de7214a43125232274ae3ac762bac0,6686ebe2473cf7f384ad750968a5811678422f2c,2026-07-16,2026-07-20
MN,Golden Gate America West 2020,St Paul,2020-03-23,2020-03-23,77,mass_layoff,1,0,0,1,https://mn.gov/deed/business/layoff-resources/warn-archive/,fba6762039387349c9523eb5b17330743b8974d74fcb4a1dac3224b7,c388264d19e757dd97bbe8e85c27f3a0b845985f,2026-07-16,2026-07-20
MN,JW Marriott MOA 2020,Bloomington,2020-03-24,2020-03-24,188,mass_layoff,1,0,0,1,https://mn.gov/deed/business/layoff-resources/warn-archive/,7eb84f57588fe3e38d6b7d8a4f3f11f9b987287d4877e9a9c1c43dc4,4e9d943262e7ee920f31622f0133cc2821359f7b,2026-07-16,2026-07-20
MN,iMedia Brands 2020,Eden Prairie,2020-03-24,2020-03-24,108,mass_layoff,,0,0,1,https://mn.gov/deed/business/layoff-resources/warn-archive/,d325cefaf93b0a34766a0f074faa02f19ac3150ad52206a2fb154693,459da9b0812ab643af3b0179ba85edb26b01ea75,2026-07-16,2026-07-20
MN,Hyatt Regency Bloomington- Minneapolis,Bloominton Minneapolis,2020-03-25,2020-03-25,84,mass_layoff,1,0,0,1,https://mn.gov/deed/business/layoff-resources/warn-archive/,e8d081cf3cdbe50a5076ad4f26cc530877d265dbf7d6b2c31d7de899,5d8b59b7f16f1b3ba5981ee47760f548bd0670ae,2026-07-16,2026-07-20
MN,Rawlings 2020,Caledonia,2020-03-26,2020-03-26,44,mass_layoff,,0,0,1,https://mn.gov/deed/business/layoff-resources/warn-archive/,e79cb381152c5c6806ad14ea937f8005296d9e0f3321ad38e28ea836,7ebebe7f09a4aba99422296edde3c7d156d08bfe,2026-07-16,2026-07-20
MN,Foodsby 2020,Minneapolis,2020-03-27,2020-03-27,87,mass_layoff,,0,0,1,https://mn.gov/deed/business/layoff-resources/warn-archive/,99e7148f0857f91b09074b2735962492d70fa78dfff8c8a6981597aa,b4f984b75fbb31e325c0b7ba3418c94f42782ad6,2026-07-16,2026-07-20
MN,Great Clips HQ 2020,Bloomington,2020-03-27,2020-03-27,65,mass_layoff,,0,0,1,https://mn.gov/deed/business/layoff-resources/warn-archive/,26521a3a4e61557605bf0bdecb5b44df5d765202732c998243373e88,02f108c9f2535fd1f7bdf4ff938735b5767550cb,2026-07-16,2026-07-20
MN,Movies 8 Mankato 2020,Mankato,2020-03-27,2020-03-27,27,mass_layoff,,0,0,1,https://mn.gov/deed/business/layoff-resources/warn-archive/,175474ed993fe7974ce7e895261849631eb63c2237b6c8de0aafd25b,e7d91a3e61634b5caa94692a1063917b31bfc959,2026-07-16,2026-07-20
MN,Lynx FBO 2020,Blaine,2020-03-28,2020-03-28,5,mass_layoff,1,0,0,1,https://mn.gov/deed/business/layoff-resources/warn-archive/,bb4f4b7aadea5ba8fd7909d84810271b4ae09d4af1b92e750a72f76a,501adc32f3034680cde1faa23024a13519970d59,2026-07-16,2026-07-20
MN,Paper Source Bloomington 2020,Bloomington,2020-03-29,2020-03-29,9,mass_layoff,1,0,0,1,https://mn.gov/deed/business/layoff-resources/warn-archive/,b8f0ac9eb34eefae946ee111caa7480a35e30581a5c41b74bdc59ba1,8ebbf3f01e61cdf152e32926e70bfbb7fa0a6c66,2026-07-16,2026-07-20
MN,Paper Source Edina 2020,Edina,2020-03-29,2020-03-29,8,mass_layoff,1,0,0,1,https://mn.gov/deed/business/layoff-resources/warn-archive/,7be2bec274e26430712dd997b1ad9f62969953b8038d2b130bf149c7,641da745efa4a8025f40db7c2ab7abd4d38a3371,2026-07-16,2026-07-20
MN,Paper Source Mpls 2020,Minneapolis,2020-03-29,2020-03-29,7,mass_layoff,1,0,0,1,https://mn.gov/deed/business/layoff-resources/warn-archive/,a57fdbdd298407a5f259be43aeed00d778c843473442e5584e3c7d33,0cdef76b35e447d3a898760f5ba4125c88612ce9,2026-07-16,2026-07-20
MN,Paper Source St Paul 2020,St Paul,2020-03-29,2020-03-29,8,mass_layoff,1,0,0,1,https://mn.gov/deed/business/layoff-resources/warn-archive/,b2f103ee9252b578e1cf6677d0cb8311b4a0cbc3588d1618db83c1e0,b175ea2a277a25453507c7d26099e437eba0e1b4,2026-07-16,2026-07-20
MN,Suit Supply 2020,Minneapolis,2020-03-29,2020-03-29,10,mass_layoff,1,0,0,1,https://mn.gov/deed/business/layoff-resources/warn-archive/,b5fbfd4be62a5a9046b0ac51724309fe7857960849a24ff8dc49fa65,b3fa6c918e8f13b8af6ac985779b36a24b60e1fd,2026-07-16,2026-07-20
MN,Chandler Exhibits Afton 2020,Afton,2020-03-30,2020-03-30,51,mass_layoff,1,0,0,1,https://mn.gov/deed/business/layoff-resources/warn-archive/,ed8f856a4eab8136afd85a0f48b636c4a88b0decc61771c7afcd6fde,9b983a8aa4e561e59257ca6644b698a6099cd296,2026-07-16,2026-07-20
MN,Crowne Plaza Northstar Hotel Mpls,Minneapolis,2020-03-30,2020-03-30,51,mass_layoff,,0,0,1,https://mn.gov/deed/business/layoff-resources/warn-archive/,984e4cb98a74670649423d4c7190f66cb6cfc2e4cf7c4e5b49e78995,0256582e297ecffd410835575a2e5ef19f813dd0,2026-07-16,2026-07-20
MN,Lifeworks Services Eagan 2020,Eagan,2020-03-30,2020-03-30,26,mass_layoff,,0,0,1,https://mn.gov/deed/business/layoff-resources/warn-archive/,6cca7ac672bfc8ae8d200fd40966707e8c7b36a6b7ddf5f166934d84,f7ef71aa954726ec983a611322eb1d253fc6c0fc,2026-07-16,2026-07-20
MN,MN Autism Center 2020,Minneapolis,2020-03-30,2020-03-30,250,mass_layoff,1,0,0,1,https://mn.gov/deed/business/layoff-resources/warn-archive/,a7d2f3d59164266e1399bb4eefedeb11d7e247125693e96b4f51f019,b130135f5275f375545d6719c5a815f31a20f367,2026-07-16,2026-07-20
MN,Renaissance Hotel Bloomington,Grapevine,2020-03-30,2020-03-30,50,mass_layoff,1,0,0,1,https://mn.gov/deed/business/layoff-resources/warn-archive/,5bcef22168c636129711b5a8a1025b9ec5956bd4eaee4ea9835570e0,bfb87c5c916d270bc0840140b4fd0a9e48488fb0,2026-07-16,2026-07-20
MN,Central MN Mental Health Center,Waite Park,2020-03-31,2020-03-31,28,mass_layoff,1,0,0,1,https://mn.gov/deed/business/layoff-resources/warn-archive/,999417907cb80f7b812bd354b0a155b43aa9f716b592d9230f397b2f,c0be51248bd1ab6e7fbd2424aaa00d0f87076fa3,2026-07-16,2026-07-20
MN,Delta Global Services,Atlanta,2020-03-31,2020-03-31,118,mass_layoff,,0,0,1,https://mn.gov/deed/business/layoff-resources/warn-archive/,3de6673914b97537badfc9b99d32054f6cbf0fa0020ac209b9312651,61c60e5428016d4dbe52aa990eac515de525b26e,2026-07-16,2026-07-20
MN,Doosan Bobcat Litchfield 2020,Litchfield,2020-03-31,2020-03-31,85,mass_layoff,1,0,0,1,https://mn.gov/deed/business/layoff-resources/warn-archive/,764f3c220809cc8a15bc551dec13264659ffc51ed816c52e4aee45ca,ceffe1891c8bc34cd787a3e7b44da864bfc119cb,2026-07-16,2026-07-20
MN,Bernicks - Bemidji 2020,Bemidji,2020-04-01,2020-04-01,11,mass_layoff,1,0,0,1,https://mn.gov/deed/business/layoff-resources/warn-archive/,754a8c8418b140c99bb732238fef520fe0351715c66a3f9ec81dcc8e,311ece179ec93c61a68fb4131eeac165f0d3f31a,2026-07-16,2026-07-20
MN,Bernicks- Baxter 2020,Brainerd,2020-04-01,2020-04-01,17,mass_layoff,1,0,0,1,https://mn.gov/deed/business/layoff-resources/warn-archive/,468b0498cd84f8c596e8b6b61a1e28206ecb09d8c918868cd47d5971,be4f209e5ce5f6c3402766821dc1234c81119ff6,2026-07-16,2026-07-20
MN,Bernicks- Duluth 2020,Duluth,2020-04-01,2020-04-01,40,mass_layoff,1,0,0,1,https://mn.gov/deed/business/layoff-resources/warn-archive/,63be464f7307a8f47fd4c489299ab57423d2ccf8e1dba2f63d0d0df6,f623690ad2ca1c22c554d3746f2dec5609cc6474,2026-07-16,2026-07-20
MN,Bernicks- Waite Park 2020,Waite Park,2020-04-01,2020-04-01,50,mass_layoff,1,0,0,1,https://mn.gov/deed/business/layoff-resources/warn-archive/,a20db79c8df2add6d9900c76f17915f84d7ae11cda1ee6835cc9fcd9,8d0a0d7e38362f5597c692741745188c94777a94,2026-07-16,2026-07-20
MN,Compass Airlines 2020,Minneapolis,2020-04-01,2020-04-01,259,mass_layoff,,0,0,1,https://mn.gov/deed/business/layoff-resources/warn-archive/,e5738d0f8d86b3dccb08d3f10240ae33b227af26765bdf5ca11d96f7,2248e5b2e5e0e4df90af33c8d23daa88086cb8c9,2026-07-16,2026-07-20
MN,Hamline Hardware Hank 2020,St Paul,2020-04-01,2020-04-01,1,closure,,0,0,1,https://mn.gov/deed/business/layoff-resources/warn-archive/,fbcc737f6595fbf797dec2fdd73b4ab36fe07dc72b5d05379fa53ce0,96efc4c04a3fff423c1cb463f56156a2ad125dc3,2026-07-16,2026-07-20
MN,Hutchinson Technology 2020,Hutchinson,2020-04-01,2020-04-01,90,closure,,0,0,1,https://mn.gov/deed/business/layoff-resources/warn-archive/,81d313bf415519ac8bf48cecec828eedd01df5e781cba14bfacec302,da8eb80273cc4bfb2e50e73ce20c7ee280d1076f,2026-07-16,2026-07-20
MN,Pier 1 Coon Rapids 2020,Coon Rapids,2020-04-01,2020-04-01,2,closure,,0,0,1,https://mn.gov/deed/business/layoff-resources/warn-archive/,16398d764bae6b4579230e36acaddcbc75c98774b79aba729b05fd1a,c68490ed39624b3687f5205ed43815aa0977aec1,2026-07-16,2026-07-20
MN,Pier 1 Eden Prairie,Eden Prairie,2020-04-01,2020-04-01,7,closure,,0,0,1,https://mn.gov/deed/business/layoff-resources/warn-archive/,8e3a336408866a491ee627dedf7e881f93f7d257e2c4ed3d6ee693af,920047851bb4c458a1dbed14357d8bbad0be99c6,2026-07-16,2026-07-20
MN,Pier 1 Oak Park Heights 2020,Oak Park Hts,2020-04-01,2020-04-01,4,closure,,0,0,1,https://mn.gov/deed/business/layoff-resources/warn-archive/,646aaba9d0c9e5ad4e99a03b10c18d9060be5748297ecd9aafcf6e30,cea184f750e0a3b4c1247a5604e0b4803b80bf10,2026-07-16,2026-07-20
MN,Pier 1 Richfield 2020,Fort Worth,2020-04-01,2020-04-01,10,closure,,0,0,1,https://mn.gov/deed/business/layoff-resources/warn-archive/,e7a97e3067bcc9c7c1819630d24568af2e03956424e90aa13b4766aa,c15d3b85eae396f7b6a76b9b76b87b264e24f8e5,2026-07-16,2026-07-20
MN,Pier 1 Shakopee 2020,Shakopee,2020-04-01,2020-04-01,1,closure,,0,0,1,https://mn.gov/deed/business/layoff-resources/warn-archive/,ac98e11ab2c83fbaf2b412048660b48afcd3cf9afbea702e951355d4,b34d142330791c6efccc93af89554c4b6ab7e95b,2026-07-16,2026-07-20
MN,Pier 1 St Paul 2020,St Paul,2020-04-01,2020-04-01,3,closure,,0,0,1,https://mn.gov/deed/business/layoff-resources/warn-archive/,901b42e9addbfae46507d74e3b8d8d29357842337c70b2912be291bf,0dc9c546e4b12d850836b2409172704fcceef61e,2026-07-16,2026-07-20
MN,Visionworks 2020,San Antonio,2020-04-04,2020-04-04,162,mass_layoff,1,0,0,1,https://mn.gov/deed/business/layoff-resources/warn-archive/,80165e8d45d64edd468f8d52a8f46deed3374b184c06ae3a24395d97,000fd47763f7fb1e75839174d3674c011f83745b,2026-07-16,2026-07-20
MN,Starkey Laboratories Inc 2020,Eden Prairie,2020-04-06,2020-04-06,285,mass_layoff,,0,0,1,https://mn.gov/deed/business/layoff-resources/warn-archive/,c2c08de9967f9a7375188849591a6b5915b17416becb2b4030b68505,9e217c97bf72ca2a60dab2d240db200ac666b830,2026-07-16,2026-07-20
MN,Waitr and Bite Squad 2020,Minneapolis,2020-04-06,2020-04-06,107,closure,,0,0,1,https://mn.gov/deed/business/layoff-resources/warn-archive/,750e33259182821a9900c8b3de528e2f871a2da0b247d4d1f521f58e,5e62671a4367e947bc8049799196cafbfdf20b61,2026-07-16,2026-07-20
MN,AAR 2020,Duluth,2020-04-07,2020-04-07,250,closure,,0,0,1,https://mn.gov/deed/business/layoff-resources/warn-archive/,9f1a874af2d365a303da9a0591ddfb853bafe502b9763aee68995177,6e258677e8d2bea85b16542ef1813a133b33cdf6,2026-07-16,2026-07-20
MN,DoubleTree University Area 2020,Minneapolis,2020-04-07,2020-04-07,70,mass_layoff,1,0,0,1,https://mn.gov/deed/business/layoff-resources/warn-archive/,c1a4e0a9a6aaee779cb56e84aba5a06a4cabf1f890c83398c4a8791f,f2724e97e26eafc5268155e39162d65c84242c1e,2026-07-16,2026-07-20
MN,Grand Casino 2020,Onamia,2020-04-12,2020-04-12,1069,mass_layoff,1,0,0,1,https://mn.gov/deed/business/layoff-resources/warn-archive/,3658addec602914c398938fbd5b1f2d3ab97110a1c3498de3544aad7,6edc5a8c697f60074b9c244091d609ea7d2d5c89,2026-07-16,2026-07-20
MN,Hard Rock Cafe Bloomington 2020,Bloomington,2020-04-13,2020-04-13,64,mass_layoff,1,0,0,1,https://mn.gov/deed/business/layoff-resources/warn-archive/,f1cea722fb2eaf9cc378602f26f9218ca6da161a29641bb2a8fc9ec9,ede7cb4e65d7f7603aab799b9660e81a7651384d,2026-07-16,2026-07-20
MN,Bear Down Logistics 2020,Eagan,2020-04-16,2020-04-16,35,closure,,0,0,1,https://mn.gov/deed/business/layoff-resources/warn-archive/,f45497f8052fb5855a05b106541f16598178a29b14870bda3d63487b,6a7308fc6fb7c7eabe0cbc9fa59c31d617ee7947,2026-07-16,2026-07-20
MN,Goodwill-12 locations 2020,Duluth,2020-04-16,2020-04-16,200,mass_layoff,1,0,0,1,https://mn.gov/deed/business/layoff-resources/warn-archive/,6eca5f2fa466d24454ab7cb92787f08f5ceb800aece5b630d727ef53,d9f99b21a017f323b5dea4b12dfe873589ffa66f,2026-07-16,2026-07-20
MN,Sodexo - MSP Airport 2020,Minneapolis,2020-04-17,2020-04-17,87,mass_layoff,1,0,0,1,https://mn.gov/deed/business/layoff-resources/warn-archive/,f03059dbf3d96427b7143609f12935773648fb57dc21b8c9dfd8a51d,2dd8a100268529ed4f53a8f6dd9f1a07de6abe83,2026-07-16,2026-07-20
MN,Sun Country Airlines 2020,Eagan,2020-04-17,2020-04-17,9,mass_layoff,,0,0,1,https://mn.gov/deed/business/layoff-resources/warn-archive/,1d6c941c26e59b1153fc0b8ffdb8ea432b17cf8d2961346b0ce04bf5,e5e0c8374232daaa82de1330b14927227e684cc7,2026-07-16,2026-07-20
MN,Northshore Mining 2020,Silver Bay,2020-04-18,2020-04-18,475,mass_layoff,1,0,0,1,https://mn.gov/deed/business/layoff-resources/warn-archive/,e57e1d945b3c88308543d39c3572f7fe8a13023ad42c9068af3a1e31,a7bf1c8a295f1a32be4860206b60575002cb4063,2026-07-16,2026-07-20
MN,US Steel - Keetac 2020,Keewatin,2020-04-19,2020-04-19,375,mass_layoff,1,0,0,1,https://mn.gov/deed/business/layoff-resources/warn-archive/,5bab99bfcbd9da2ecba2c2363261837d9203d3550cec840d699dff20,63f2ed2f1d35c993fe5dbe9178a68b36f7071274,2026-07-16,2026-07-20
MN,When I Work 2020,Minneapolis,2020-04-30,2020-04-30,60,mass_layoff,,0,0,1,https://mn.gov/deed/business/layoff-resources/warn-archive/,f72cb88568de4501289e64fa0a408a034ee277441609713bdc2249ef,029bfafb0d33a9729a1747cbccc1b5abdf7f36c0,2026-07-16,2026-07-20
MN,Selby Ornamental Iron 2020,St Paul,2020-05-01,2020-05-01,2,closure,,0,0,1,https://mn.gov/deed/business/layoff-resources/warn-archive/,dfd3ea617298294bb8bb77e14628c97c018c18542af08a0727ce8ed0,883d3225d7eb78d1e9457e81d550ac11b058e568,2026-07-16,2026-07-20
MN,Hy-Vee - Eagan 2020,Eagan,2020-05-06,2020-05-06,327,closure,,0,0,1,https://mn.gov/deed/business/layoff-resources/warn-archive/,df1a4e6e444bc561632913eb78ab310945a74d8239a457186713454f,ace1e73a45ac51715632e85cf4e41fc0605a1909,2026-07-16,2026-07-20
MN,Emery Hotel,Minneapolis,2020-05-07,2020-05-07,80,mass_layoff,1,0,0,1,https://mn.gov/deed/business/layoff-resources/warn-archive/,3ae80a757385df0c55a37b11d8b613a36e2569bfb282631e992ff9d7,00e7838ef85e16ed5dca4ee8b22b6682b79214e9,2026-07-16,2026-07-20
MN,US Steel - Minntac 2020,Mountain Iron,2020-05-11,2020-05-11,266,mass_layoff,1,0,0,1,https://mn.gov/deed/business/layoff-resources/warn-archive/,45ae2a5cb65d5c3ab1cad2381d5d4cfa0966d453b228305375fb2836,325d12bccdee42c5a54d8d1f997e6ed46750d5f9,2026-07-16,2026-07-20
MN,Cox Automotive Maple Grove 2020,Maple Grove,2020-05-17,2020-05-17,115,mass_layoff,1,0,0,1,https://mn.gov/deed/business/layoff-resources/warn-archive/,494cc40620a5338fc93dec72ddb0e05d556340f560b500d849cb5f92,da6640b9e89b0ab955c5f582603c6d066d959201,2026-07-16,2026-07-20
MN,Cox Automotive Shakopee 2020,Shakopee,2020-05-17,2020-05-17,74,mass_layoff,1,0,0,1,https://mn.gov/deed/business/layoff-resources/warn-archive/,60b8e502e3a1e43e6ee6c05cb419345ad2961c25036029f7d0e17542,e2975e42e5b40a7cf435c00f4b395272ce5a3483,2026-07-16,2026-07-20
MN,CenturyLink St. Paul 2020,St Paul,2020-05-21,2020-05-21,65,mass_layoff,,0,0,1,https://mn.gov/deed/business/layoff-resources/warn-archive/,e207def8d2367f27187ea055fadcebfa47324050f1455947b2b93a2e,96f72a32aa2c1aec539b4cfbb2b59a6b3b5af520,2026-07-16,2026-07-20
MN,Westin Mpls 2020,Minneapolis,2020-05-21,2020-05-21,82,mass_layoff,,0,0,1,https://mn.gov/deed/business/layoff-resources/warn-archive/,b1728bdf556be50163d0e8fedb2a5c8a4a37f4ddff19d229921c3f6b,fdcddf781f623a93dbd74d51c8430cc82572731a,2026-07-16,2026-07-20
MN,Loews Minneapolis Hotel 2020,Minneapolis,2020-05-27,2020-05-27,159,mass_layoff,1,0,0,1,https://mn.gov/deed/business/layoff-resources/warn-archive/,748ff2d831ff356eff970b77d6919886e528f1f82ae985e63b6d9185,0f2a663c9cf459eb7900f93941317298972ef334,2026-07-16,2026-07-20
MN,MRCI Worksource,Mankato,2020-05-30,2020-05-30,307,mass_layoff,,0,0,1,https://mn.gov/deed/business/layoff-resources/warn-archive/,e511df2e5d5618a0176a1329b03bd8bef6e65ffc24ddc7d25991e1f0,9f09b022ced67fa0ff271d97754998170175a7d8,2026-07-16,2026-07-20
MN,Bachelor Farmer Closing 2020,Minneapolis,2020-05-31,2020-05-31,75,closure,,0,0,1,https://mn.gov/deed/business/layoff-resources/warn-archive/,f6a7e1b428b7de763873b6c40553ace125494a3798b5ce60f7f91650,7e2501b79a74811e5db97fea2b556370a3478c22,2026-07-16,2026-07-20
MN,Streater 2020,Albert Lea,2020-06-01,2020-06-01,67,closure,,0,0,1,https://mn.gov/deed/business/layoff-resources/warn-archive/,4744ba46ba6a750c51b23a6148e2251289096b5e2a7589de2841974e,87c6fcb01f71ea4fce78eb6af2c06472f108196b,2026-07-16,2026-07-20
MN,Swissport 2020,St Paul,2020-06-03,2020-06-03,90,mass_layoff,,0,0,1,https://mn.gov/deed/business/layoff-resources/warn-archive/,89a167d382d690f50cf3737bf42e1803df95d0b6647cdecbb67ec443,3966c43d8e1078c6ec16465f0422b9e0eddac0e1,2026-07-16,2026-07-20
MN,JCPenney-Willmar 2020,Willmar,2020-06-12,2020-06-12,5,closure,,0,0,1,https://mn.gov/deed/business/layoff-resources/warn-archive/,10408113f6c5e394973663a91313d7b6c77e89dd11651fe0329f7999,1662a143e7363b4e886189404401c38716b97293,2026-07-16,2026-07-20
MN,Kmart Mpls 2020,Minneapolis,2020-06-14,2020-06-14,75,closure,,0,0,1,https://mn.gov/deed/business/layoff-resources/warn-archive/,51517331c92c3fa26d8b0c0591e09169dc82c215f37f826b2e039e75,eba59ca9c53bf7c31ae532da005090278536075c,2026-07-16,2026-07-20
MN,Journey Home 2020,St Cloud,2020-06-15,2020-06-15,53,closure,,0,0,1,https://mn.gov/deed/business/layoff-resources/warn-archive/,14cb6e8d263c361694542448cd6cb2e4069f5fbd3719f23cdeb715cb,8df9b9f2e6d2e914a7ac6b71fd2bde9ab38720a7,2026-07-16,2026-07-20
MN,Millennium Hotel 2020,Minneapolis,2020-06-23,2020-06-23,14,mass_layoff,,0,0,1,https://mn.gov/deed/business/layoff-resources/warn-archive/,a9a4018b4b7ba40dab2a0b5f15b06e19cb3878f6ba7f099059b04722,c14ddac0ed7b299a22eb5d0d8ed0fb5af1fc072d,2026-07-16,2026-07-20
MN,GNC Minnesota,Pittsburgh,2020-06-25,2020-06-25,1,closure,,0,0,1,https://mn.gov/deed/business/layoff-resources/warn-archive/,145b8aef5122fcab0b6dfd55a3becc62be57b3a1612ebca58ff347d7,348675b1e15663b83470aca35eb0f33b145245df,2026-07-16,2026-07-20
MN,Edenvale Nursery 2020,Mankato,2020-06-26,2020-06-26,10,closure,,0,0,1,https://mn.gov/deed/business/layoff-resources/warn-archive/,2e2326f39184322762703dfc1d95d2c5b0823b3d1af2599a6d0bb09c,dc5d31400a430449e660feb1d7269b7489536818,2026-07-16,2026-07-20
MN,Verus Residential Loanco 2020,Bloomington,2020-06-29,2020-06-29,66,mass_layoff,,0,0,1,https://mn.gov/deed/business/layoff-resources/warn-archive/,7e7208c334592d763bb19ca536e5f8bcf3f8d7ece522febe581e4a04,5c1005e3b90607f2b26eedd0b4b335df7b57b8a6,2026-07-16,2026-07-20
MN,CenterPoint Massage 2020,Minneapolis,2020-06-30,2020-06-30,30,closure,,0,0,1,https://mn.gov/deed/business/layoff-resources/warn-archive/,97f447ddd0a6c62ff55315e229518c033bbede6edaa52cbd695d1a60,82d5963f06fa3e855feb09f5dd4b8aab6a60730e,2026-07-16,2026-07-20
MN,Freeman 2020,St Paul,2020-06-30,2020-06-30,66,mass_layoff,,0,0,1,https://mn.gov/deed/business/layoff-resources/warn-archive/,165dd3cc72c8842ae769c2f15dc86740d0c42fec649c49cdf7347fea,9908bf59351933ce5a610041b3c89d7daffc835e,2026-07-16,2026-07-20
MN,Gerdau- St. Paul 2020,St Paul,2020-06-30,2020-06-30,243,closure,,0,0,1,https://mn.gov/deed/business/layoff-resources/warn-archive/,411cab8121f91257cf19a006cd1e6b15c31ed52aff03d6bcd3a39077,43f907586aebb79ad54ad40666c841c778dd9afc,2026-07-16,2026-07-20
MN,Hilton Minneapolis Bloomington,Bloomington,2020-06-30,2020-06-30,51,mass_layoff,,0,0,1,https://mn.gov/deed/business/layoff-resources/warn-archive/,ea55733ff7dd80066222664769f685bcc1aff38b2ccf0e661538aa0e,323dbb4b8949eb398d5c51fa97ad51e1ff2289cb,2026-07-16,2026-07-20
MN,Kemps Dairy,Rochester,2020-06-30,2020-06-30,127,closure,,0,0,1,https://mn.gov/deed/business/layoff-resources/warn-archive/,fb3c7c58e3a342c3fa85cad7c9643dfa69e5cb8ba179613256858711,3da0cb07dc47e021cb937dd5e76515c4079537ed,2026-07-16,2026-07-20
MN,Verso Paper 2020,Duluth,2020-06-30,2020-06-30,225,closure,,0,0,1,https://mn.gov/deed/business/layoff-resources/warn-archive/,e1a10bc78a69cfb7fe625efd9af8fadfdcf15f3eed40ed7cd4c8ba7f,884c236ec6d7c2620c3250ee1c2d3002969d9d96,2026-07-16,2026-07-20
MN,Key Lakes 2020,Duluth,2020-07-03,2020-07-03,94,mass_layoff,1,0,0,1,https://mn.gov/deed/business/layoff-resources/warn-archive/,87833a5e12881a8cf54bff6f83b021f896fe32651f1596d52af232e8,b2ea017b192b4ffe2e4b8249f1336b9f30486eba,2026-07-16,2026-07-20
MN,Le Sueur County Dev Services,Waterville,2020-07-15,2020-07-15,15,closure,,0,0,1,https://mn.gov/deed/business/layoff-resources/warn-archive/,10fc555ab7122f02105bdeef4af0c32918e23fd642cb4b7fa05e9754,b057ac54117ca5df37ec64708cbb356e8094e4d7,2026-07-16,2026-07-20
MN,Corchran 2020,Waseca,2020-07-16,2020-07-16,36,closure,,0,0,1,https://mn.gov/deed/business/layoff-resources/warn-archive/,1eec28fee35e916bb6f726594f0371c14be5f9e67a154fd814a46520,75b26ea0a94559376eadb68520945cff6590b599,2026-07-16,2026-07-20
MN,Science Museum 2020,St Paul,2020-07-21,2020-07-21,158,mass_layoff,,0,0,1,https://mn.gov/deed/business/layoff-resources/warn-archive/,7e629e5ae2ab0604747e3c45408547e6b0e4f04d5d2dd760142a49fa,0a4a3c5ce64eee4253d2d604f7988b241e19c41d,2026-07-16,2026-07-20
MN,YMCA Lino Lakes,Chicago,2020-07-22,2020-07-22,5,closure,,0,0,1,https://mn.gov/deed/business/layoff-resources/warn-archive/,b2b0cce90895915ead93e49e46d5fcfd805c85333b600e485c3ea5c7,a792970ad218f7127bd34d2c1b53a8c3d4850fab,2026-07-16,2026-07-20
MN,YMCA Lower Town,St Paul,2020-07-22,2020-07-22,5,closure,,0,0,1,https://mn.gov/deed/business/layoff-resources/warn-archive/,18ca79f5cac5de04ec29eb89a8a4a661938aaa29a9678f60b568ae87,09f075f70580f42a1e8f88b1e8af0400d8791903,2026-07-16,2026-07-20
MN,YMCA Prior Lake,Chicago,2020-07-22,2020-07-22,5,closure,,0,0,1,https://mn.gov/deed/business/layoff-resources/warn-archive/,1a15a7ccd8425d214d7734c1778823f909455ba04d5a2a8bcbab57d9,90122605ef65898c4924e78e29c52bf08ba5c31d,2026-07-16,2026-07-20
MN,Heavy Metal Truck 2020,Inver Grove Hts,2020-07-28,2020-07-28,11,closure,,0,0,1,https://mn.gov/deed/business/layoff-resources/warn-archive/,fd328a78d9c7494d260df87808c860026a06999c45bb5ed5931593fa,74da5d882683ee62b9670dd726d7f1c4f10f5d82,2026-07-16,2026-07-20
MN,Minnesota Central School Bus,Lake Elmo,2020-07-29,2020-07-29,190,closure,,0,0,1,https://mn.gov/deed/business/layoff-resources/warn-archive/,e03476e514c3909e3e1935b96cb24e6503f40c1addd466eb386cb69b,c8e45b728d1c2b0a6e580b3571d24e0a04d08616,2026-07-16,2026-07-20
MN,Areas Aero MSP 2020,St Paul,2020-07-30,2020-07-30,170,mass_layoff,,0,0,1,https://mn.gov/deed/business/layoff-resources/warn-archive/,b57ff14a4895e19ee23653cf85f00560c6f6aa2588a39a910f1719a4,3300b2b2b0b8d303f25c5acb2255d5d94f7e9d9d,2026-07-16,2026-07-20
MN,MSP Ventures 2 2020,St Paul,2020-07-30,2020-07-30,32,mass_layoff,,0,0,1,https://mn.gov/deed/business/layoff-resources/warn-archive/,37a414caf6880df8e9d0df9ad9c80f8fa0addabcd982ef6732d9fdfb,737a6d07c4cfbd3be9627f43742b93a90b7ac46b,2026-07-16,2026-07-20
MN,Raytheon 2020,Burnsville,2020-07-30,2020-07-30,200,closure,,0,0,1,https://mn.gov/deed/business/layoff-resources/warn-archive/,7d6548a4cbf04c9269ff378c61c93228822c9ab562ffd1fea06d697f,d32f9497ec007e21d30cfb1b2d329edbdb4f665f,2026-07-16,2026-07-20
MN,Airport Management Services- Hudson Group 2020,Minneapolis,2020-07-31,2020-07-31,75,mass_layoff,,0,0,1,https://mn.gov/deed/business/layoff-resources/warn-archive/,557c597adbb5ec6cd06b63889172027476fe73be8481a4ad821517fe,7f170bee33011271b5119bc4f01ce37d66af80d8,2026-07-16,2026-07-20
MN,Skyline Displays,Eagan,2020-07-31,2020-07-31,100,mass_layoff,,0,0,1,https://mn.gov/deed/business/layoff-resources/warn-archive/,93568744fd199497fd450ad28238776ccc85c9edc181664c29974111,612ed89bd1d232e2b9b6f406bad255b3a895d2dd,2026-07-16,2026-07-20
MN,Pentair Flow Technologies LLC,New Brighton,2020-08-01,2020-08-01,10,mass_layoff,,0,0,1,https://mn.gov/deed/business/layoff-resources/warn-archive/,3ec090dca6afdc997dac0d62e8ca68a89e5448e3c605fc0137174903,f97f3e9779128ec5e72cae34838808dfa8f93e97,2026-07-16,2026-07-20
MN,Lifeworks Services Apple Valley 2020,Apple Valley,2020-08-04,2020-08-04,8,mass_layoff,,0,0,1,https://mn.gov/deed/business/layoff-resources/warn-archive/,ea8da95a9563fffcb4091ffa666d7043ee530bfcaa9c551cc0e79876,92b8b04f4808dd6eb2b22f0fa568829571496e36,2026-07-16,2026-07-20
MN,Lifeworks Services Brooklyn Park,Brooklyn Park,2020-08-04,2020-08-04,8,mass_layoff,,0,0,1,https://mn.gov/deed/business/layoff-resources/warn-archive/,1989cc28f5d433f2810bbbebc9eeea3942b8988c967a320a2e2420f7,b8308a1101d6cee058ddb1c30e49e23f5ee89c63,2026-07-16,2026-07-20
MN,Seagate Tech 2020,Shakopee,2020-08-04,2020-08-04,140,closure,,0,0,1,https://mn.gov/deed/business/layoff-resources/warn-archive/,b562e74a87aadd57a19b54a4ffb7a99c9302d671ba6318a94726d699,604d7105e165f6898124d0759b2024d48bf3c660,2026-07-16,2026-07-20
MN,Honeywell International-Aerospace Business-Coon Rapids 2020,Coon Rapids,2020-08-07,2020-08-07,212,closure,,0,0,1,https://mn.gov/deed/business/layoff-resources/warn-archive/,5b6ec69d453f7cf57b15b133c6c41e3a10176e4b7dad15b904fb323e,891c052dda2189678fc221057e093c78d974a1fb,2026-07-16,2026-07-20
MN,Magdelena Services 2020,Stillwater,2020-08-14,2020-08-14,6,closure,,0,0,1,https://mn.gov/deed/business/layoff-resources/warn-archive/,744da266fe1dc1b5946ed8a7059e8e9abc15948b3633772d367d1a24,895dfc6a3d09715415f817b51dd48c5a9005d58c,2026-07-16,2026-07-20
MN,Life Time Inc 2020,Chanhassen,2020-08-18,2020-08-18,301,mass_layoff,,0,0,1,https://mn.gov/deed/business/layoff-resources/warn-archive/,b177c7091b1fc8f36771747dbca8ca3bc0733c3b597df2fb0e177aef,96bbec25070e2df943ad4a5f3153ef491ffdf3b5,2026-07-16,2026-07-20
MN,Cerner Corporation 2020,Minneapolis,2020-08-25,2020-08-25,4,mass_layoff,,0,0,1,https://mn.gov/deed/business/layoff-resources/warn-archive/,f519cd33e8fdf1394b74845ee2cd0d1fb5669e8488e66aee21e9187c,3e3098112730e164875d3d9d17714ad72f8946de,2026-07-16,2026-07-20
MN,HealthPartners-CMC 2020,Sartell,2020-08-29,2020-08-29,132,closure,,0,0,1,https://mn.gov/deed/business/layoff-resources/warn-archive/,177471d9edd641c9a1bd442cfe818a9585486e6ba516a7e56bdd4fa1,c2d921aacb3ad82c12d71148f5ec28d1a45bf38f,2026-07-16,2026-07-20
MN,GGI Solutions 2020,Bigfork,2020-08-30,2020-08-30,59,closure,,0,0,1,https://mn.gov/deed/business/layoff-resources/warn-archive/,bc4295ab81c9f5a14e6f95c96db029665c3e275a9971453b2442bb41,e85b7c7e141694691707c47e254d504b2e3b4f90,2026-07-16,2026-07-20
MN,T-Mobile Winona 2020,Winona,2020-09-01,2020-09-01,81,mass_layoff,,0,0,1,https://mn.gov/deed/business/layoff-resources/warn-archive/,841ad133c5e90af2992320307c5ab67d0377fc6c129611e89c429297,10061e184f1e405cbb2707b6f2d2738304303215,2026-07-16,2026-07-20
MN,van Wagenen 2020,Eden Prairie,2020-09-08,2020-09-08,109,mass_layoff,,0,0,1,https://mn.gov/deed/business/layoff-resources/warn-archive/,a6e44f51c73aeae57bd711ecf522fbe10cc720f953108b37936e3e1a,c98b693edd669626c6686f099d3f4fa6f355666c,2026-07-16,2026-07-20
MN,Aero Service Group 2020,St Louis Park,2020-09-15,2020-09-15,92,mass_layoff,,0,0,1,https://mn.gov/deed/business/layoff-resources/warn-archive/,bca093e64e483989775a169e0188e1344256ed8edbcf111b2639eeb1,a1eb47ce943f2c091a805422dfe7784db4d4ebf9,2026-07-16,2026-07-20
MN,McNeilus Truck 2020,Dodge Center,2020-09-21,2020-09-21,200,mass_layoff,,0,0,1,https://mn.gov/deed/business/layoff-resources/warn-archive/,9036e4918d53f65a31bba8bf346768197368d48cb00250f59d6e979c,7d0ff399c18de5bef3cee84355ccf852bbbbb84f,2026-07-16,2026-07-20
MN,P.F CHANG's - Edina,Edina,2020-09-21,2020-09-21,75,closure,,0,0,1,https://mn.gov/deed/business/layoff-resources/warn-archive/,bf9103a4c9e9ac104919a664b9d5cc251e632eda2e41d2bd9626f266,070eda650c26fd03a81a25fe69f51e7f0df402d7,2026-07-16,2026-07-20
MN,"P.F. CHANG""S - Maple Grove",Maple Grove,2020-09-21,2020-09-21,75,closure,,0,0,1,https://mn.gov/deed/business/layoff-resources/warn-archive/,e00f2ffb096da89a050495870724e28e8065df0f10d68926e06251e4,cdfd456ba2799b0309ef7b35704a8e6188414d9c,2026-07-16,2026-07-20
MN,JCPenney-Coon Rapids 2020,Coon Rapids,2020-09-23,2020-09-23,101,closure,,0,0,1,https://mn.gov/deed/business/layoff-resources/warn-archive/,e69c469e6f2e0c04e7f88a87d1632202082cc3a8e1fa9bf34ce6d3e5,fbcb16610e3d927428ab8caac68ec2027c71df5f,2026-07-16,2026-07-20
MN,SSP America at MSP 2020,Bloomington,2020-09-24,2020-09-24,94,mass_layoff,,0,0,1,https://mn.gov/deed/business/layoff-resources/warn-archive/,052e306c6cbf3f72c4088facd0df619df701d1415b3145f536b010d9,7b0430c60935c24ed9922ee480af4a1494ab0e0c,2026-07-16,2026-07-20
MN,Riverside Clinic-HealthPartners 2020,Minneapolis,2020-09-25,2020-09-25,12,mass_layoff,,0,0,1,https://mn.gov/deed/business/layoff-resources/warn-archive/,122c2184ca129c9d474d0873a5fc3579cb70cff0d07654493b45aae9,8b70d204dbf6bc834e39865503a37f716736174c,2026-07-16,2026-07-20
MN,JCPenney-Maple Grove 2020,Maple Grove,2020-09-27,2020-09-27,72,closure,,0,0,1,https://mn.gov/deed/business/layoff-resources/warn-archive/,69bfa6b4d8e895251a321e7408292ba7e7f6b33a3124d3b6a735cc58,32a44ca50c6646f07bd580328c58b1150881e475,2026-07-16,2026-07-20
MN,Active Wellness LLC 2020,Minneapolis,2020-09-30,2020-09-30,83,closure,,0,0,1,https://mn.gov/deed/business/layoff-resources/warn-archive/,d350c1990a9c19d0826dfdb779879e0fa01b2b20e8e40933dfccbefe,0bf98a833f79dfbd511dee10c4a86e33d094ea8c,2026-07-16,2026-07-20
MN,Mall of America (MOA)_,Bloomington,2020-09-30,2020-09-30,211,mass_layoff,,0,0,1,https://mn.gov/deed/business/layoff-resources/warn-archive/,803b8910b0b6bac60637daaba5873fdae9e2da5ed118ed636998b8e9,2cebd8bb7aced446e44a642f2ed22b8ebdf7947b,2026-07-16,2026-07-20
MN,Carlson Wagonlit Travel,Minnetonka,2020-10-01,2020-10-01,35,mass_layoff,,0,0,1,https://mn.gov/deed/business/layoff-resources/warn-archive/,9b3467a57bc860931932ecaccc62054d8b40bf630709a137b63c9343,7791c5c5fe86016aa1ecce18ac572716930ce212,2026-07-16,2026-07-20
MN,Sky Chefs 2020,Minneapolis,2020-10-01,2020-10-01,270,mass_layoff,,0,0,1,https://mn.gov/deed/business/layoff-resources/warn-archive/,ae9538a8be48702524fe6d33946b0e06f0d2bb9184737480f43912f8,05925e17501d7a2cd002024b7a8d02dc3bb2c785,2026-07-16,2026-07-20
MN,Togo Prison 2020,Togo,2020-10-01,2020-10-01,48,closure,,0,0,1,https://mn.gov/deed/business/layoff-resources/warn-archive/,21f0dc6cc083a05b7108262cd35359b9b047dc66250a1419281f935a,db3a091e458adc1e974d0956e544f9225cb95d3a,2026-07-16,2026-07-20
MN,United Airlines 2020,Bloomingto,2020-10-01,2020-10-01,75,mass_layoff,,0,0,1,https://mn.gov/deed/business/layoff-resources/warn-archive/,a990c3650b951dd0e6f093c654c879c802a70d3c34938748e1816f15,c84d9e48fcee0ce5cd055758f3aa80f732325c97,2026-07-16,2026-07-20
MN,"ABM, Inc. 2020",St Paul,2020-10-04,2020-10-04,81,closure,,0,0,1,https://mn.gov/deed/business/layoff-resources/warn-archive/,6def4ba2d1452226e2967ab492c80b97905664d2ceb1e9acdd642c40,c15f7ce8bd8853fad54a624e6d5dc9ab913c294b,2026-07-16,2026-07-20
MN,Surly Brewing 2020,Minneapolis,2020-11-02,2020-11-02,150,closure,,0,0,1,https://mn.gov/deed/business/layoff-resources/warn-archive/,e31f28c1fa772c39092f27ae5da1f3933e9a41f7932b1edd8ac535d7,8caf8d63155d726fec4b29deca8ed2beb161c437,2026-07-16,2026-07-20
MN,Radisson Hotel Blu-Minneapolis,Bloomington,2020-11-09,2020-11-09,126,mass_layoff,,0,0,1,https://mn.gov/deed/business/layoff-resources/warn-archive/,c3e1feed732994e395a89b1e10bac763add7091b2890913452c1a0f9,6701117cd51003013c995736189ee58464d221fd,2026-07-16,2026-07-20
MN,Bethesda Hospital 2020,St Paul,2020-12-09,2020-12-09,179,mass_layoff,,0,0,1,https://mn.gov/deed/business/layoff-resources/warn-archive/,cbf6929a00e66841ad0ebd96ed5db5e09d8a4480fe75790187243ad1,1e6674e2affa54c2e721f192601b1ec912f7e846,2026-07-16,2026-07-20
MN,St. Joseph's Hospital 2020,St Paul,2020-12-09,2020-12-09,273,mass_layoff,,0,0,1,https://mn.gov/deed/business/layoff-resources/warn-archive/,3c4423692d3ea01ab6ec9eb2ea9de0ba518b1ab1f7568bbe67ed6a19,5bf2aefe9dfa29f31f26ad9b3e49ffed183ddd7c,2026-07-16,2026-07-20
MN,Commercial Plastics - Lakeville 2021,Lakeville,2021-01-06,2021-02-15,122,closure,,0,0,1,https://mn.gov/deed/business/layoff-resources/warn-archive/,c6eac118209132c6d7da4bbae90d63d6fe9054b62491640d7f2e237f,f79815debd65c0e907c6f1f21f6d182512319d78,2026-07-16,2026-07-20
MN,Boston Scientific -Maple Grove 2020,Maple Grove,2021-01-19,2021-01-19,40,mass_layoff,,0,0,1,https://mn.gov/deed/business/layoff-resources/warn-archive/,5bac661b0eb3bc41d42545011bc0ee8049da8106963726c4b2f9b55b,9f8906ff3ebac05a6ce4079762f141148697ad84,2026-07-16,2026-07-20
MN,Torax Medical 2020,Shoreview,2021-03-01,2021-03-01,65,closure,,0,0,1,https://mn.gov/deed/business/layoff-resources/warn-archive/,4f1a68a3cc0c450de4c122f1119df7d024f1902db45bd60bf7a9efc9,e7b368d6d4568905a43ce8e8f4e8e4efc6a6a276,2026-07-16,2026-07-20
MN,Eclipse Advantage 2021,Maple Grove,2021-04-06,2021-05-28,208,closure,,0,0,1,https://mn.gov/deed/business/layoff-resources/warn-archive/,cffe80f75eb1c455b90e4d4f7e755183f26ddc352230933eaca388d4,5aac77d5459984940448028534695b878a185ee0,2026-07-16,2026-07-20
MN,Wells Fargo Bank - Mpls Branches,Minneapolis,2021-07-01,2021-07-01,10,closure,,0,0,1,https://mn.gov/deed/business/layoff-resources/warn-archive/,0f91c50f46375341900467c38550b0ff3cfdfa2a363300ea41349cd1,7902a92bb58824988290ba20b2bf34c02fef7531,2026-07-16,2026-07-20
MN,Turck Inc 2022,Plymouth,2022-01-03,2023-01-06,134,mass_layoff,,0,0,1,https://mn.gov/deed/business/layoff-resources/warn-archive/,edceba0524620ced2442307c038339ef4fd6a96c10e1ba5df9c66e00,c20486323871d81869c16177afa7126c5e950e93,2026-07-16,2026-07-20
MN,Bright Health (2) 2022,Minneapolis,2022-01-08,2023-01-27,99,mass_layoff,,0,0,1,https://mn.gov/deed/business/layoff-resources/warn-archive/,77003e4f353c174a96d521f99c42d35bbb0ca47bac85d4d62c2cf196,f3e550424acdc7e63b8412ac4debd83bf533b534,2026-07-16,2026-07-20
MN,Northshore Mining-Silver Bay/Babbitt 2022,Silver Bay,2022-03-01,2022-05-01,499,mass_layoff,1,0,0,1,https://mn.gov/deed/business/layoff-resources/warn-archive/,3184ebc84163e846aafa0fabd1c83f1dc92ae0e648d956b1fa84b3e6,92135cdb6ccbbd28137d6d75b0e439f9626a037c,2026-07-16,2026-07-20
MN,"Unifi Aviation, LLC",Atlanta,2022-03-01,2022-04-01,58,mass_layoff,,0,0,1,https://mn.gov/deed/business/layoff-resources/warn-archive/,3ccf83405037e9ced0aa074e6da40e080d26a5a9e6e5d7c3d602e502,d4c7e225aa3fb9712ee38641b68d9f784fc0459d,2026-07-16,2026-07-20
MN,JJ Taylor 2022,Minneapolis,2022-03-03,2022-05-30,20,mass_layoff,,0,0,1,https://mn.gov/deed/business/layoff-resources/warn-archive/,78d32dd43f78fb812ea1656abcf275262b078925191d97b813ad046a,ed95a450ef502ce84c7088718582c7315d4ad588,2026-07-16,2026-07-20
MN,Aramark Educational Services,Minneapolis,2022-03-23,2022-05-31,100,mass_layoff,,0,0,1,https://mn.gov/deed/business/layoff-resources/warn-archive/,3ce39178ef83553caead7cc13b8c30b5e159acbc1663dfc976c431e3,fdc8f065f15cde3b06502457fbd91d4adc30ef6c,2026-07-16,2026-07-20
MN,Day & Ross 2022,Minneapolis,2022-04-05,,79,mass_layoff,,0,0,1,https://mn.gov/deed/business/layoff-resources/warn-archive/,b4b1a56b4bf5adadcd303d15480bd104c179ba545d19c2f0249ffa94,7f34de44fcd1bc72b680a9b1a3c402e035297e91,2026-07-16,2026-07-20
MN,Midwest Specialized Transportation,Rochester,2022-06-01,2022-08-01,57,closure,,0,0,1,https://mn.gov/deed/business/layoff-resources/warn-archive/,33923299381c7d2193051a0aabe5250062f69252dd8005906b88332c,25da184715300339f77258a613e6d7ac252cd2f6,2026-07-16,2026-07-20
MN,Midwest Specialized Transportation 2022,Rochester,2022-06-01,,57,closure,,0,0,1,https://mn.gov/deed/business/layoff-resources/warn-archive/,dd0886cf4e71b771cc8c1423509ad0f050c93567a6a90dad470535be,fe481eb5e47a504f4c38c73def20651282cb7c7e,2026-07-16,2026-07-20
MN,School Sisters of Notre Dame,Mankato,2022-08-10,,104,closure,,0,0,1,https://mn.gov/deed/business/layoff-resources/warn-archive/,c7c3fea92dafb191e01843c20106b26ddc798ebd020d0c36058ef919,fb8342f5f68be6c3d89d05eb93f9b9e8427ff09b,2026-07-16,2026-07-20
MN,Second Samuel Transport 2022,Mendota Heights,2022-09-16,2022-11-08,64,closure,,0,0,1,https://mn.gov/deed/business/layoff-resources/warn-archive/,2e6718064a7b990b4384b34d3bb636e59ffc36d08e4d8155fe95f790,c0ce2048077d0aa90ab6315871760f813bd44d83,2026-07-16,2026-07-20
MN,Turck Inc 2022,Plymouth,2022-11-03,2023-01-06,134,mass_layoff,,0,0,1,https://mn.gov/deed/business/layoff-resources/warn-archive/,8951c1cf28f2937a242fa5d85837bb2524d1b45f99e0363a61cf3fee,18ac5eed7aa636d24c99573019b18225d370b423,2026-07-16,2026-07-20
MN,Bright Health (2) 2022,Minneapolis,2022-11-08,2023-01-07,99,mass_layoff,,0,0,1,https://mn.gov/deed/business/layoff-resources/warn-archive/,14f0d39b64d6122bdbdc5b561ace09c86efcfa37a6050a13727b6343,20b2bb7a8809412b162b9739419e29ffa9eb5433,2026-07-16,2026-07-20
MN,Ball Corp 2022,St Paul,2022-12-07,2023-02-08,98,closure,,0,0,1,https://mn.gov/deed/business/layoff-resources/warn-archive/,817785320714099f65196349ebdc0115574b746aaec1ce1d67b9b18f,b9ce205cf5c41d084607799eff16ff353ba2a086,2026-07-16,2026-07-20
MN,Packer Sanitation Services Inc.,Worthington,2022-12-13,2023-01-22,121,mass_layoff,,0,0,1,https://mn.gov/deed/business/layoff-resources/warn-archive/,4a380dbca827a0b13ed0205d1c35dbb07da3d718ed7ff10b0ebb4f42,25451f5e383ef2b933cd05fff74ecc33df51be55,2026-07-16,2026-07-20
MN,Shutterfly 2023,Shakopee,2023-01-26,2023-03-29,97,mass_layoff,,0,0,1,https://mn.gov/deed/business/layoff-resources/warn-archive/,f60e8bc5214f3708f940c675f9752c9b28aee77e32512d594059f6b7,957163f11c62babfb5b2630f6177c65b0cdf0310,2026-07-16,2026-07-20
MN,Amazon Warehouse-Shakopee 2023,Shakopee,2023-01-30,2023-03-31,71,closure,,0,0,1,https://mn.gov/deed/business/layoff-resources/warn-archive/,9f69f095b10521934aa45be55645c9b77e8c7ed7e56e1c6091d5b70e,1332e0dc2c0c6b7f521aeb8cfdef692b48e41af5,2026-07-16,2026-07-20
MN,Bright Health 2023,Minneapolis,2023-02-01,2023-04-01,,mass_layoff,,0,0,1,https://mn.gov/deed/business/layoff-resources/warn-archive/,3012fdffeff93a641c0f91b874533390f5333ea5ff4d862c3b4a33a5,9e164623d7b2ac25a5c50286868a15cd19437b24,2026-07-16,2026-07-20
MN,Plastech Corp - Anoka 2023,Rush City,2023-02-14,2023-04-14,71,closure,,0,0,1,https://mn.gov/deed/business/layoff-resources/warn-archive/,952ab350663a7a90effe0b2276445267a82cec5e80291805c2932679,4cac768da2d9b7c5e6b5d0770c488d223d117857,2026-07-16,2026-07-20
MN,Active Sports 2023,Lincolnshire,2023-03-03,,90,closure,,0,0,1,https://mn.gov/deed/business/layoff-resources/warn-archive/,824d7b9816beacde3bb351e355cfae0b4cb90c86ba11a44fdd4b0482,ad4638ccb2215a96ac7a521e97230e4e4ecb14a7,2026-07-16,2026-07-20
MN,HTI Tech- 2023,Hutchinson,2023-03-07,,30,mass_layoff,,0,0,1,https://mn.gov/deed/business/layoff-resources/warn-archive/,4bbe19cc9c9ba2238add0cef1aa908e5eed824ef165545c4bd620795,8bfab81e283d09bf445d2b5c397ab827ec5c28bc,2026-07-16,2026-07-20
MN,Target - Uptown/Minneapolis 2023,Minneapolis,2023-03-21,2023-05-13,45,closure,,0,0,1,https://mn.gov/deed/business/layoff-resources/warn-archive/,4f740b6fbe0a9faceedb28799ca9fe80962f26b4e2968feed3f01033,e57b60f9095bbc3b117f7ac48dafb0611ff09711,2026-07-16,2026-07-20
MN,Walmart Brooklyn Center 2023,Bentonville,2023-03-24,2023-04-21,420,closure,,0,0,1,https://mn.gov/deed/business/layoff-resources/warn-archive/,598bcb08b9332d5194cfdeece2f258259e68ea5c8845be9938bc113f,29dbec7aeca20b0f2a9398e02c3619508c57b511,2026-07-16,2026-07-20
MN,BLST Operating Co. - 2023,Eden Prairie,2023-03-31,2023-03-31,61,mass_layoff,,0,0,1,https://mn.gov/deed/business/layoff-resources/warn-archive/,c8e4f47d4cb499c108da10cda4881d439b5f6575453206ae5229a49c,bc54631ac772005de437968df961cdb43b9fe152,2026-07-16,2026-07-20
MN,HyLife Foods Windom 2023,Windom,2023-04-10,2023-04-17,1007,closure,,0,0,1,https://mn.gov/deed/business/layoff-resources/warn-archive/,c7ef243ee8e02c2e1aca3a5fcc08c2dd84182c85cadc028d2e707d4e,f14d1428b5eae64df2eb8fce6a70b014baae5674,2026-07-16,2026-07-20
MN,Packers Sanitation 2023,Cold Spring,2023-04-10,2023-05-30,81,mass_layoff,,0,0,1,https://mn.gov/deed/business/layoff-resources/warn-archive/,490b9fc3b4bd62e3057a5a8fa2b184c7bf1d03b4aecd6c7bcba057e8,6bac8dc01645616622d152eb13d83aedef004c64,2026-07-16,2026-07-20
MN,David's Bridal Duluth 2023,Duluth,2023-04-17,2023-06-12,,closure,,0,0,1,https://mn.gov/deed/business/layoff-resources/warn-archive/,aa12ffeb7833a8e225442fdb30021328ab57770961822d32efc792fc,ef5924d939ea5cfb1c676ffe9daed856fbdf6e92,2026-07-16,2026-07-20
MN,David's Bridal Maple Grove 2023,Maple Grove,2023-04-17,2023-06-12,,closure,,0,0,1,https://mn.gov/deed/business/layoff-resources/warn-archive/,9624d0e7c7a91c4a03622fd9e8e396b185ae7ede94a72826f11500a7,aa3e3b5391a6bf876b5cde8ced6d5b3ec778ddad,2026-07-16,2026-07-20
MN,David's Bridal Oakdale 2023,Oakdale,2023-04-17,2023-06-12,,closure,,0,0,1,https://mn.gov/deed/business/layoff-resources/warn-archive/,008d29a4662219c8440bd02c8b4582593337d00c0166391834539ab5,ba9e7eb764c1296d59b7ffe32a40988a6681a45d,2026-07-16,2026-07-20
MN,David's Bridal Richfield 2023,Richfield,2023-04-17,2023-06-12,,closure,,0,0,1,https://mn.gov/deed/business/layoff-resources/warn-archive/,7c0ce3b3714179200958559bd53c39fd431a5c1854c66c3113a3443d,413ed414b2e79d6325485477834491a36332323e,2026-07-16,2026-07-20
MN,David's Bridal Rochester 2023,Rochester,2023-04-17,2023-06-12,,closure,,0,0,1,https://mn.gov/deed/business/layoff-resources/warn-archive/,c704ef0c07743bf681b7d6db70362d1ace94d4a630fd2085812bdb87,ef043583e4c4a52f7a3277cf43412c25783407ec,2026-07-16,2026-07-20
MN,3M- HQ 2023,Maplewood,2023-05-02,2023-06-30,1100,mass_layoff,,0,0,1,https://mn.gov/deed/business/layoff-resources/warn-archive/,e580da0b6329338a9d5698c3747383203b74d3cdc57710b9773b05c2,f450a3562bebc91327ede8822882b4d9a6ad5ca5,2026-07-16,2026-07-20
MN,Legrand AV 2023,Eden Prairie,2023-05-31,2023-09-01,70,closure,,0,0,1,https://mn.gov/deed/business/layoff-resources/warn-archive/,cb3ce894ba69fef20eed16d97c52b281ed9c326b5e2af5fd6a5bb34f,0aa4249dae4b78063254a3286ec33df2bef48a08,2026-07-16,2026-07-20
MN,Alary's Bar 2023,New Brighton,2023-06-01,2023-06-01,1,closure,,0,0,1,https://mn.gov/deed/business/layoff-resources/warn-archive/,c8c8c0549808db24d893e72d3695b44373dcf5e701b20594f6ce62ad,64671447cfcafc8b9a8fddede6761619a5085353,2026-07-16,2026-07-20
MN,Bella Bridesmaids 2023,Minneapolis,2023-06-01,2023-06-01,1,closure,,0,0,1,https://mn.gov/deed/business/layoff-resources/warn-archive/,59cecc67d0c4a7d9d818a94271de1f40d775aabce3fe60843be85e2e,3346e91fbcbe1e22e871315d0bfd29926182ddfd,2026-07-16,2026-07-20
MN,Fasika Ethiopian Restaurant 2023,St Paul,2023-06-01,2023-06-01,1,closure,,0,0,1,https://mn.gov/deed/business/layoff-resources/warn-archive/,989bb7be1c42f07e5afbb4f1478643b8d06d3711c39d85b757d39a49,e629fd7e9c3b763d2be4691e68cdd7fcf398de32,2026-07-16,2026-07-20
MN,Taco John's - Moorhead 2023,Moorhead,2023-06-01,2023-06-01,1,closure,,0,0,1,https://mn.gov/deed/business/layoff-resources/warn-archive/,64d7b9d683a5851671e4ccba950726932c4bdc55e098af779a63d19f,cd7f91bcfbe540b0ba071110c19aacb81c315a5e,2026-07-16,2026-07-20
MN,Green Mill Restaurant & Bar 2023,Hastings,2023-06-09,2023-06-09,1,closure,,0,0,1,https://mn.gov/deed/business/layoff-resources/warn-archive/,4698ff65877440c7aec4e131fb37ab317f0a59e9267970bbbd992ffa,c7db6b8633a1bf28cc7a34c62f879b2b199cb50f,2026-07-16,2026-07-20
MN,Hubert White - Minneapolis 2023,Minneapolis,2023-06-15,2023-06-15,1,closure,,0,0,1,https://mn.gov/deed/business/layoff-resources/warn-archive/,a965ad3202338e6d761383b6af33b4ad583afa29c50d43ad87ae9bb5,ff3a657259381234b8a5f552dedb729c40632ba0,2026-07-16,2026-07-20
MN,Rocco Altobelli Salons and Day Spas,Rochester,2023-06-15,2023-06-15,1,closure,,0,0,1,https://mn.gov/deed/business/layoff-resources/warn-archive/,6a52388c7cf796ea245ccc6d230820ec34e98c8c5cff11a04f1832a4,2037d6784da34f928d45d50e333213ad0ed5c56f,2026-07-16,2026-07-20
MN,Chez Bojji - Rochester 2023,Rochester,2023-06-16,2023-06-16,1,closure,,0,0,1,https://mn.gov/deed/business/layoff-resources/warn-archive/,ba18d04f28f3b6409baa0e467aaaeaaa3132da1561027fa05082c4a2,2987ef72a6c39ae6756dab555f246224bebc6868,2026-07-16,2026-07-20
MN,Dirks Furniture 2023,Olivia,2023-06-22,2023-06-22,1,closure,,0,0,1,https://mn.gov/deed/business/layoff-resources/warn-archive/,58de9c822ea88fa0f0e3ed14cf7ed871383c11a44612989c3e7f7153,63e7081b769178492d23b51f073cd836a0f38a71,2026-07-16,2026-07-20
MN,Yellow Corp 2023,Burnsville,2023-08-01,,320,closure,,0,0,1,https://mn.gov/deed/business/layoff-resources/warn-archive/,653c27bfccb21beecb26f63e21e22c04fa56a02d1599ead5d64d7616,2d78e7ac0f012fc78dde584827c53c88e5f525c5,2026-07-16,2026-07-20
MN,Meadow Lane Healthcare 2023,Benson,2023-08-11,2023-08-11,28,closure,,0,0,1,https://mn.gov/deed/business/layoff-resources/warn-archive/,bdaee8a18816d14c2ccaba2de45bde02d7828064be2561f1a15de1c7,2650daf95608c5f4a14cc075174d1ed22e3342a2,2026-07-16,2026-07-20
MN,ICU Medical 2023,Oakdale,2023-08-17,2023-10-19,81,closure,,0,0,1,https://mn.gov/deed/business/layoff-resources/warn-archive/,cb677bb92fabafa4e35b3cf21a727bc09fe3e4d4d9c2a383015ae0fb,58aeabf390b2e3e1994ca7c8cc9236657f37ad0c,2026-07-16,2026-07-20
MN,KPFG 2023,Foley,2023-09-26,2023-11-30,62,closure,,0,0,1,https://mn.gov/deed/business/layoff-resources/warn-archive/,52d00ea3b72a0f0b2e39f461f0b573cca5f139fbbee5543cd691704b,ecbcadcd724a4b7c3076e0bd37ebc924d5bc74d9,2026-07-16,2026-07-20
MN,Northern Engraving Corp,Spring Grove,2023-10-06,2023-12-01,75,closure,,0,0,1,https://mn.gov/deed/business/layoff-resources/warn-archive/,df950edd0788de7890aa80da76e8815597374b5681d1a93e34edbc59,c3a378c056a9b82bfd1f7ac9d4723a7888b9ff78,2026-07-16,2026-07-20
MN,Yelloh 2023,Marshall,2023-10-25,2023-02-26,35,mass_layoff,,0,0,1,https://mn.gov/deed/business/layoff-resources/warn-archive/,e51b0c0203828a63aff175842d0316209154f7f121418066a19230ed,0fc70ce04710743ab170dd55a3b90590b89e7d0c,2026-07-16,2026-07-20
MN,"Amerigroup Partnership Plan, LLC",Mendota Heights,2023-11-03,2023-12-29,57,mass_layoff,,0,0,1,https://mn.gov/deed/business/layoff-resources/warn-archive/,d4909177624a52b7c6b0232f52c5cad5eced525d3df952d7d85cabd6,c6eb22d40fb4ed8b74dd9b36d53d16f54df44148,2026-07-16,2026-07-20
MN,"Lost Boys Interactive, LLC 2024",Madison,2024-01-16,2024-03-15,3,mass_layoff,,0,0,1,https://mn.gov/deed/business/layoff-resources/warn-archive/,4e6ba01dc26a1d195f7bd3a2d7dcb606cee828bfb0efa5486d15156f,523fd29753123a041dd95f585c7b89eb6dbe7a85,2026-07-16,2026-07-20
MN,Block 2024,San Francisco,2024-01-30,2024-03-30,4,mass_layoff,,0,0,1,https://mn.gov/deed/business/layoff-resources/warn-archive/,f56817154c3d8f02ab410b41d04618e8f88cc9e345defa9d0b659be1,7f6e633997f5ca6fb3a5453fc4b32dc82de8dbf1,2026-07-16,2026-07-20
MN,Cargill 2025,Minnetonka,2024-02-03,2025-02-05,475,mass_layoff,,0,0,1,https://mn.gov/deed/business/layoff-resources/warn-archive/,6de2b229cfd5c69233d51e4a5ff8508d2c24cb3b73050aba61aa759b,e80528eb84cc67e6b3b86f65efc18146358d1dd3,2026-07-16,2026-07-20
MN,Apple Valley Foods 2024,Chaska,2024-02-05,2024-06-14,22,mass_layoff,,0,0,1,https://mn.gov/deed/business/layoff-resources/warn-archive/,3eec755b51ace02415a3d30113c7498aeba2672014dd494e412e51ae,971776ff5c4045d05f88eca383a943259760c7fc,2026-07-16,2026-07-20
MN,Northern Foundry 2024,Hibbing,2024-03-01,2024-04-12,91,closure,,0,0,1,https://mn.gov/deed/business/layoff-resources/warn-archive/,903eddbd22d26c0ae7c90ca7c8632b09474319ccdd1b9e3545becc8c,f8f1e6597afda332246ef8347156016dc699a124,2026-07-16,2026-07-20
MN,Aramark at General Mills 2024,Golden Valley,2024-04-04,2024-05-31,56,mass_layoff,,0,0,1,https://mn.gov/deed/business/layoff-resources/warn-archive/,f8969164e6c302e9fe42041ec1750bbad9a69419c7e8c6817eac8d51,d93764ea4a744c05ef735da3c43a034608ab7c52,2026-07-16,2026-07-20
MN,FDC 2024,St Cloud,2024-04-23,2024-08-15,360,closure,,0,0,1,https://mn.gov/deed/business/layoff-resources/warn-archive/,85cd4ec78dc32e060d0645d0fe3f41b38bd6b433f5776ed44385e817,3744fae1c12bf0eafb2d0b0402b542ebaa4ae752,2026-07-16,2026-07-20
MN,Copeland 2024,Eden Prairie,2024-05-01,2024-06-30,91,closure,,0,0,1,https://mn.gov/deed/business/layoff-resources/warn-archive/,a2338dcbab28d580454af4ab44deadc3c2ff55b8118c3a9c4982d04f,75320a6c565453e39fc012cf4b9436bab0aff51b,2026-07-16,2026-07-20
MN,Major Metro at Target Stores 2024,Minneapolis,2024-05-08,2024-06-01,75,closure,,0,0,1,https://mn.gov/deed/business/layoff-resources/warn-archive/,1d3e4c9ee4198b3a9320e4c3132db1f876c56ae0f0b71bf8dc92ec73,07b7c4ea3fd5be5c014adaf8890a8dfa322873c0,2026-07-16,2026-07-20
MN,Nortech Systems,Blue Earth,2024-05-16,2024-08-01,59,closure,,0,0,1,https://mn.gov/deed/business/layoff-resources/warn-archive/,e4186f1236d1032df99305b4ee6870b1df397f64d468283fdc5e16e8,670fb59e0037f482758fdda733d689b38be7dfee,2026-07-16,2026-07-20
MN,BRP Marine US - St Peter 2024,St Peter,2024-05-23,2024-05-23,106,mass_layoff,,0,0,1,https://mn.gov/deed/business/layoff-resources/warn-archive/,92d7a5f3e17f1042ef6a5392c367abf4dd1c6c3f6b366a4c4ac5d256,0ea11d0eae37ba00eb243040ffc816dfd35fc3fd,2026-07-16,2026-07-20
MN,Nordson Medical 2024 2nd,Brooklyn Park,2024-05-29,2024-10-01,36,closure,,0,0,1,https://mn.gov/deed/business/layoff-resources/warn-archive/,559bf7a5488b5c662635653211f2139baac560ab0511ea97df12fcee,e57e712238ce909c220f435df02a04db17dcd561,2026-07-16,2026-07-20
MN,Yelloh! 2024,Marshall,2024-05-30,2024-07-27,44,mass_layoff,,0,0,1,https://mn.gov/deed/business/layoff-resources/warn-archive/,e315f25c2f0b99e277e306bc248e68c4881b50badba08e6d29adf156,aba7d0cec1ae02a5e0af3cd480857640b8644404,2026-07-16,2026-07-20
MN,EQ 2024,Mendota Heights,2024-07-12,2024-09-30,55,mass_layoff,,0,0,1,https://mn.gov/deed/business/layoff-resources/warn-archive/,dff3bf188483e7d31c0d33d777ceb6e2f497a2185285cfc97f76cfe4,dbdc2be9062c7734915e3e6b5eef24d97387b777,2026-07-16,2026-07-20
MN,Rich Products Corporation,Fridley,2024-07-17,2024-09-13,170,closure,,0,0,1,https://mn.gov/deed/business/layoff-resources/warn-archive/,a79d119d791db1b592a7c43b90a766a3504d360dc19fd7049ba2863f,d185c44d8e0982c377b0021a2f5f44e288d5e7ba,2026-07-16,2026-07-20
MN,Yelloh! Bloomington 2024,Bloomington,2024-09-23,2024-01-22,14,closure,,0,0,1,https://mn.gov/deed/business/layoff-resources/warn-archive/,437dc1ea5d0a50fdea9a9887dcce4616af0c809638336ff3a0e17356,8408e2239e17d1409e7bad344b3c63e98901f03b,2026-07-16,2026-07-20
MN,Yelloh! Eagan 2024,Eagan,2024-09-23,2024-01-22,30,closure,,0,0,1,https://mn.gov/deed/business/layoff-resources/warn-archive/,aa604c94d4393295f3ec6298437b529c655ca32abeb9827996bc9dad,38dc9116d420d095f4de48e5317dbd61c9fa1713,2026-07-16,2026-07-20
MN,Yelloh! Eveleth 2024,Eveleth,2024-09-23,2024-01-22,1,mass_layoff,,0,0,1,https://mn.gov/deed/business/layoff-resources/warn-archive/,e9d4b921da29cad3ff822b84a9233ae55f940548ad4cd4598f49e9c8,06a1d6610c7b7460c738986973fb953c9ef0baf0,2026-07-16,2026-07-20
MN,Yelloh! Marshall 2024,Marshall,2024-09-23,2024-01-22,50,closure,,0,0,1,https://mn.gov/deed/business/layoff-resources/warn-archive/,20648da08a07fd1b57ae471a848d80ec8a0ffaf1a69a3a1a2804d0da,4c75a937652d3ccb0072076f2b983b28c7c91bd1,2026-07-16,2026-07-20
MN,Yelloh! Owatonna 2024,Owatonna,2024-09-23,2024-01-22,11,mass_layoff,,0,0,1,https://mn.gov/deed/business/layoff-resources/warn-archive/,60d8c906d380bc092505d6057264d8cf662124fff22a2f1fd159936b,83a3c0db063d21f8b388f3e0db10ad80bc652c9f,2026-07-16,2026-07-20
MN,Yelloh! Sauk Center 2024,Sauk Centre,2024-09-23,2024-01-22,12,closure,,0,0,1,https://mn.gov/deed/business/layoff-resources/warn-archive/,3799fc14b3da392e03fc3f3cca63c61e166564c6d73f139a75f20844,355cba5a84dadc4177ef351bd4622c4778da376b,2026-07-16,2026-07-20
MN,Yelloh! St Cloud 2024,St Cloud,2024-09-23,2024-01-22,2,mass_layoff,,0,0,1,https://mn.gov/deed/business/layoff-resources/warn-archive/,e469eb966fd7cb1116c5060fd7923d53e85e38741e84443b88fd2aa9,135dfb27dee89414b591a62c1e82c86e5ff1a9f4,2026-07-16,2026-07-20
MN,Yelloh! Truman 2024,Truman,2024-09-23,2024-01-22,13,closure,,0,0,1,https://mn.gov/deed/business/layoff-resources/warn-archive/,7a8905a390c2e5d0dd6b7763e6ec7c06ab242dd2f0e4edf0934c27fb,d4837a7b202aa4186316bb7b05bd24ce164b1cbe,2026-07-16,2026-07-20
MN,Yelloh! Zumbrota 2024,Zumbrota,2024-09-23,2024-01-22,9,closure,,0,0,1,https://mn.gov/deed/business/layoff-resources/warn-archive/,2c3e4c27d523465512b18dc0c4307264835a66ca52225ce2c3ea15d4,5cd15efed3fcae96a101ad0feafeaf291367fb7b,2026-07-16,2026-07-20
MN,Cargill 2025,Minnetonka,2024-12-03,2025-02-05,475,mass_layoff,,0,0,1,https://mn.gov/deed/business/layoff-resources/warn-archive/,a40eebc59fa75bcf8ee8a2077b2b252133d422f770f9afd4565d3118,516b556375daaa34fc1b266546999715b34d3dd6,2026-07-16,2026-07-20
MN,Apple Valley Foods 2024,Chaska,2024-12-05,2024-06-14,22,mass_layoff,,0,0,1,https://mn.gov/deed/business/layoff-resources/warn-archive/,a538aadf44cea95273ebd007ae51b323f92b2783fcf309e0851ce16a,b0e15a1d3c1443017b399bcf75f40a51f170f98c,2026-07-16,2026-07-20
MN,Upsher-Smith 2025,Maple Grove,2025-02-06,2025-04-06,150,mass_layoff,,0,0,1,https://mn.gov/deed/business/layoff-resources/warn-archive/,95ad1d8cae6f2adb51ef4163552d79abc3ecf72e7be0826139db209a,4ca56c0220ce67a77e99d3fab4f9360609597754,2026-07-16,2026-07-20
MN,CNH 2025,Benson,2025-02-07,2025-04-11,175,mass_layoff,,0,0,1,https://mn.gov/deed/business/layoff-resources/warn-archive/,2638e26c11b3f7938fe35d15ac5289edd6f59a055a9f8fb134f4ef6e,70fbf919eb480333b2728bac56c06f234c6b33a6,2026-07-16,2026-07-20
MN,The Shade Store 2025,Blackduck,2025-02-27,2025-04-30,116,closure,,0,0,1,https://mn.gov/deed/business/layoff-resources/warn-archive/,f5a357cd050ddd593b58eab5d4998f2dff24f15ff1a33cae4965319f,d733b244d9f6ecbd43baa05fba18de777d1859ae,2026-07-16,2026-07-20
MN,Equiniti Trust Co 2025,Mendota Heights,2025-02-28,2025-04-30,8,mass_layoff,,0,0,1,https://mn.gov/deed/business/layoff-resources/warn-archive/,a40e22b6a7336c9ef3593a08821ba583375ce6f19e5735a5b8e9aa5d,2ae382ffb526f14b6572b047465dd4d72c11b5ca,2026-07-16,2026-07-20
MN,Teleflex 2025,Maple Grove,2025-04-08,,101,closure,,0,0,1,https://mn.gov/deed/business/layoff-resources/warn-archive/,0bc1342f4d1a50a18a38a4eeb6f8d09c4277ec6ecbf2398ee4f0aa6a,559f7ac6e02ff9c363493db56d8788095ac2326f,2026-07-16,2026-07-20
MN,Fortrex 2025,Austin,2025-04-09,,72,mass_layoff,,0,0,1,https://mn.gov/deed/business/layoff-resources/warn-archive/,aadfb66d9a56452567e71b15f28fa7c60dd6c7409b43231db73745ab,d7c7ffb7b63029b81d24da171e46e69d8c98b442,2026-07-16,2026-07-20
MN,IV Media 2025-2,Eden Prairie,2025-04-21,,72,closure,,0,0,1,https://mn.gov/deed/business/layoff-resources/warn-archive/,20f0588cf938a0cdc6688582156a7147a07a953d8cc728a458fb72a3,b2dd644feb730204037abe7b45caaa2dd730739e,2026-07-16,2026-07-20
MN,MDI 2026 Grand Rapids Manufacturing,,2026-02-04,2026-02-04,102,mass_layoff,,0,0,1,https://mn.gov/deed/business/layoff-resources/warn-archive/,bef0999d4007f96e14348d3a02b5cbf35fc0997915b04ed1026f1fc2,3037f93613dffff6261f7a6935f1403c644fc332,2026-07-16,2026-07-20
MN,Me & Julio Restaurant Hastings Dining Establishments,,2026-02-06,2026-02-06,1,closure,,0,0,1,https://mn.gov/deed/business/layoff-resources/warn-archive/,c36ba287fd502f673ddcbc37967513262c0730562178a45ce98974a6,ad8152d71d0937967838f2f69ae7a21b3a62dc3e,2026-07-16,2026-07-20
MN,Main Steet Sports Group Minneapolis Arts/Entertainment/Rec,,2026-02-13,2026-04-14,20,closure,,0,0,1,https://mn.gov/deed/business/layoff-resources/warn-archive/,4dc801e487c71188d406c109b957ba44f15a08b546987adb1b38e569,4f832a7674ebda24428bf1a514db93d25bfd62dd,2026-07-16,2026-07-20
MN,Golden Corral Buffet Maple Grove Dining Establishments,,2026-02-19,2026-02-19,1,closure,,0,0,1,https://mn.gov/deed/business/layoff-resources/warn-archive/,beadc251533afad0311bb3b6ac30d17605d630ff639dc41a1a36d10a,e7aa44fa2f0737d85ca60c99926e795bebd413da,2026-07-16,2026-07-20
MN,Pizza Hut Winona Dining Establishments,,2026-03-02,2026-03-02,1,closure,,0,0,1,https://mn.gov/deed/business/layoff-resources/warn-archive/,f522e4aaa880a176434aa345fd006883f9e882b2d69aea93728aa6f7,3f31b3b2336886fa69b7e685bedab5ef13ee42bb,2026-07-16,2026-07-20
MN,White Valley Motel,St Charles,2026-03-18,2026-03-18,1,mass_layoff,1,0,0,1,https://mn.gov/deed/business/layoff-resources/warn-archive/,b8cf7016f64dc09bd29e48a1809ac486493d3fd368aa1d7ca353a6c9,f425d421efa2c5ab7b06bdd5d8bac37cb0353192,2026-07-16,2026-07-20
MN,Godfather Pizza,Brooklyn Park,2026-03-19,2026-03-19,1,closure,,0,0,1,https://mn.gov/deed/business/layoff-resources/warn-archive/,db1e4708a1819f7a165656be4c5ab08c0d5c125a3cd2c7dacd983494,68a42e11c1214fc329429b1896c87330dfadd00c,2026-07-16,2026-07-20
MN,Hooters,Bloomington,2026-03-22,2026-03-22,1,closure,,0,0,1,https://mn.gov/deed/business/layoff-resources/warn-archive/,efea1f30b28c0a5e4b1744618f47234af730bc163944dde2164150d3,2f616c28f9aa39f325d711c1d0d67fce10dc25dc,2026-07-16,2026-07-20
MN,Jack Links,Mankato,2026-03-22,2026-03-22,44,mass_layoff,,0,0,1,https://mn.gov/deed/business/layoff-resources/warn-archive/,1fcdafb7de97c7cd3f0d8d3e52cb9ec34838777c716a886d356cf947,57055abe560837a89ff54577a69bc44c31111a32,2026-07-16,2026-07-20
MN,Shopkick Inc,Boston,2026-03-26,2026-03-26,70,closure,,0,0,1,https://mn.gov/deed/business/layoff-resources/warn-archive/,deb9f8fee518c5f4c618e6b627cd8764f2d6d932d41d5e667a2de0e1,4aa18635d45867e84e169bacce0f68d2586f49e1,2026-07-16,2026-07-20
MN,Le jeune Steel,Minneapolis,2026-03-31,2026-03-31,1,closure,,0,0,1,https://mn.gov/deed/business/layoff-resources/warn-archive/,44e73bcc733878f77e4e8fcf712edea46e374b827704d926e26ccbc9,863fb3dfc341a1b25a232e3866a32728b2ba8d3e,2026-07-16,2026-07-20
MN,Beyond the Barn,Duluth,2026-04-01,2026-04-01,1,closure,,0,0,1,https://mn.gov/deed/business/layoff-resources/warn-archive/,1c7e6e5bc8cb753895930bef972a501e17acd370996914bff571580b,bb551f05fd2ec9c74a1d40b47ea4ec47e4f9008a,2026-07-16,2026-07-20
MN,Ruby's Pantry,North Branch,2026-04-01,2026-04-01,1,closure,,0,0,1,https://mn.gov/deed/business/layoff-resources/warn-archive/,4ed342c0b482b027b7462a1a6f6039002e0c2c592416c9e1c8c68c63,b76e09bada88ce9d23889e0f7b58b84b77213a53,2026-07-16,2026-07-20
MN,Pace Industries,Maple Lake,2026-04-02,2026-04-02,1,closure,,0,0,1,https://mn.gov/deed/business/layoff-resources/warn-archive/,38e80f9d58e5fa690f6d6639c22dbf25ef7441ecf8fb3924598186b0,88ea03db6bd1bb600346fd4b2a04416c50523289,2026-07-16,2026-07-20
MN,Jade Fountain,Duluth,2026-04-04,2026-04-04,1,closure,,0,0,1,https://mn.gov/deed/business/layoff-resources/warn-archive/,4c826376b6b0cf1d4fe4c62847c85a28d0efaea21cb3945d7865e585,aac2456b9be34fad6bd8d0af1e572168d5d6f377,2026-07-16,2026-07-20
MN,Coastal Seafood,St Paul,2026-04-11,2026-04-11,1,closure,,0,0,1,https://mn.gov/deed/business/layoff-resources/warn-archive/,38843bfb4e113b6c0d86d96f09f9ffd80b9eceb5279b387f2abe9a92,f9474cfce39e32e1a85fec7616a75375bf33196c,2026-07-16,2026-07-20
MN,Kirkland's Home,Rochester,2026-04-13,2026-04-13,15,closure,,0,0,1,https://mn.gov/deed/business/layoff-resources/warn-archive/,21e87876d6112f147137c8253addb4b1fbae76ffee91dd78360abaf6,253bd10f95169a3065f77a20b879374d4576ba6a,2026-07-16,2026-07-20
MN,Third Drop Coffee,Moorhead,2026-04-26,2026-04-26,1,closure,,0,0,1,https://mn.gov/deed/business/layoff-resources/warn-archive/,da0d252cc11c801dada62b09985737470a0ecc992bec9c5266a488b1,e2d41895dc57297ae3ca942b365bb08d20e0ba05,2026-07-16,2026-07-20
MN,Hangry Joe's,Woodbury,2026-04-27,2026-04-27,1,closure,,0,0,1,https://mn.gov/deed/business/layoff-resources/warn-archive/,5f711d1584f042bdacaf9fb3fac03f5087ecef53eed022b7cab188eb,43e0605ac217d1ee2f91bba1e96e91ba044975a1,2026-07-16,2026-07-20
MN,Hangry Joe's,Edina,2026-04-27,2026-04-27,1,closure,,0,0,1,https://mn.gov/deed/business/layoff-resources/warn-archive/,e9970ecf00e401e880d3fbe719ba3882c4a3560b526aea94a14522f9,5bf5e02ee1be22c0d1d378d32b0ba51a615e8df6,2026-07-16,2026-07-20
MN,Long John Silver's,Bloomington,2026-04-30,2026-04-30,1,closure,,0,0,1,https://mn.gov/deed/business/layoff-resources/warn-archive/,2b7879a16eb72d7c7ba10a304eb494b89f9e0e7c7bf036e1cfdafaa9,5aa36364db638093a7c25b4e3d7b4393bd119095,2026-07-16,2026-07-20
MN,Ideal US Talent Worker OPCO LLC,Minneapolis,2026-05-04,2026-07-01,23,closure,,0,0,1,https://mn.gov/deed/business/layoff-resources/warn-archive/,568afac14de989eb344d5a8a520aceb222091cd697f38fca61aa694f,b29c9cb19446972b3f3220475a926e9461839914,2026-07-16,2026-07-20
MN,Marion Parke Shoes,Minneapolis,2026-05-11,2026-05-11,1,closure,,0,0,1,https://mn.gov/deed/business/layoff-resources/warn-archive/,ac2a896311df61702bfb01f19d9b27f2c47e13fa12ac6fa8d889be66,6d66d32ec134fdc38fb0e057d0231bec96d3452f,2026-07-16,2026-07-20
MN,Bauer Brothers Salvage Yard,Minneapolis,2026-05-22,2026-05-22,1,closure,,0,0,1,https://mn.gov/deed/business/layoff-resources/warn-archive/,887c298d6cc0e4bd9599057fc4f3ee8d3e656e16202ef22faf62eb46,eb1983d3b4027f788a5d02fca75ce84b014e07d3,2026-07-16,2026-07-20
MN,Mango's Restaurant,Moorhead,2026-05-25,2026-05-25,1,closure,,0,0,1,https://mn.gov/deed/business/layoff-resources/warn-archive/,846d7876a8ebd89d0752f86937d00a098b1aa0601910b17facdb473c,ccd331e606b11870f9ec87add512482ea5394e2a,2026-07-16,2026-07-20
MN,Tay Ho Restaurant,St Paul,2026-05-28,2026-05-28,1,closure,,0,0,1,https://mn.gov/deed/business/layoff-resources/warn-archive/,ded41ded8ac6b4632498a3afb9313cb4a9fb494ffa60866d7f35cd0f,f18711c1962d29f47003d6c569bfaf9d6f689853,2026-07-16,2026-07-20
MN,Aveda Southdale Center,Edina,2026-05-29,2026-05-29,1,closure,,0,0,1,https://mn.gov/deed/business/layoff-resources/warn-archive/,63fb3aec77d58eff2bb860e69dc03d88ccf9788d2a6f9ae276a65126,60ad55e4171f8125ba8950b17eac69c8bdb85d31,2026-07-16,2026-07-20
MN,Cub Foods - Rochester West,Rochester,2026-05-30,2026-05-30,50,closure,,0,0,1,https://mn.gov/deed/business/layoff-resources/warn-archive/,15c12554cac68a5e9a1e6d52fa2eddfc0fd6f7d32357c05b084abe33,0557b84f834ae6817229e74421e02017d8c20b5e,2026-07-16,2026-07-20
MN,El Mezcal Restaurant,Sauk Centre,2026-05-31,2026-05-31,1,mass_layoff,1,0,0,1,https://mn.gov/deed/business/layoff-resources/warn-archive/,5054a16644e241954257e0bc03ebea4d1256a883713b9feb7e89a891,c407a7812f966e55e0cb7d6a272023530b3bb58d,2026-07-16,2026-07-20
MN,Nipp's Service Station,South St,2026-05-31,2026-05-31,1,closure,,0,0,1,https://mn.gov/deed/business/layoff-resources/warn-archive/,a62ff2e80e17edfa6a57bc7e82ce4f146ee33d066106b009ccccd45c,9d3a1dc9cbccc2f1db0122e96fb230c14caa4b2a,2026-07-16,2026-07-20
MN,Viking Security (Triangle Services),Woodbury,2026-05-31,2026-05-31,16,closure,,0,0,1,https://mn.gov/deed/business/layoff-resources/warn-archive/,87d8bc6e15a96047bffad7ebde8374b5e8880be7a165b16c3b3f3629,4ec8659e7b6c8066653a89607c0f5968d5716639,2026-07-16,2026-07-20
MN,Minnesota Star Tribune,Minneapolis,2026-06-05,2026-06-05,65,mass_layoff,,0,0,1,https://mn.gov/deed/business/layoff-resources/warn-archive/,1400b950bab1411d882b5a0accbc32b181390e9d9ea8c407f2e037fe,8e9804b7c0762aa7d58844b22fdbe8c343d1d055,2026-07-16,2026-07-20
MN,Mankato Clinic,Mankato,2026-06-09,2026-06-09,74,mass_layoff,,0,0,1,https://mn.gov/deed/business/layoff-resources/warn-archive/,20b637703f219f948fe1f10bb0f227b20f1ad471f6327a0c3b887c2c,c452fc0da03fb7480efed9bf90449789014c1332,2026-07-16,2026-07-20
MN,Hanny's,Rochester,2026-06-12,2026-06-12,15,closure,,0,0,1,https://mn.gov/deed/business/layoff-resources/warn-archive/,c6e95421a8946e5d3cd43d244c59909c7c3476c96913aba3fb67297c,bffaf39faa50741d384a0d371cfda43ba68c3aab,2026-07-16,2026-07-20
MN,First Student,Red Wing,2026-06-16,2026-06-16,49,closure,,0,0,1,https://mn.gov/deed/business/layoff-resources/warn-archive/,6b7b702a305e6e8983034a20e8a86a0ff4fa489f9368e0c662e331c2,dd3512434e052f8e0fcac0c13a690df2b27a88ad,2026-07-16,2026-07-20
MN,Minnesota Attorney General's Office,St Paul,2026-06-24,2026-06-24,17,mass_layoff,,0,0,1,https://mn.gov/deed/business/layoff-resources/warn-archive/,681a56dea21ef50aff377b22342bbb37d39ea7e2ee0683187275022e,bdfc0b0b59331d5afe94f7c5792f77deb8951a99,2026-07-16,2026-07-20
MN,FedEx Bemidji,Bemidji,2026-06-27,2026-06-27,1,closure,,0,0,1,https://mn.gov/deed/business/layoff-resources/warn-archive/,40ad4d73b4454c49f66ec837ef2d00ce3f73fcbdebd45b0e7906b6ca,742c24cc7e62d4e51053862a5be4bf009651ecb3,2026-07-16,2026-07-20
MN,Bar None Haven,Oak Grove,2026-06-30,2026-06-30,1,closure,,0,0,1,https://mn.gov/deed/business/layoff-resources/warn-archive/,c16dbbb8d91596bae1a662307dbb9ce4f5894e391a144900dab7a6e4,2d09e96964f35074c6172ed3d97df775502cc079,2026-07-16,2026-07-20
MN,CHS Kasson,Kasson,2026-06-30,2026-06-30,1,closure,,0,0,1,https://mn.gov/deed/business/layoff-resources/warn-archive/,e033050080e254ef1020902b0a2eb6ff584d9da18ed1d24c47d2bd3c,394239e7f73a76768582a496040fa0e3a06a0589,2026-07-16,2026-07-20
MN,CHS Ostrander,Ostrander,2026-06-30,2026-06-30,1,closure,,0,0,1,https://mn.gov/deed/business/layoff-resources/warn-archive/,6e7b07133ac45b862d371e2bc28a08d558495404ab67fb8d2e949f25,3929a739d244c3aa0a882794b7c97a7682137f09,2026-07-16,2026-07-20
MN,CHS Wykoff,Wykoff,2026-06-30,2026-06-30,1,closure,,0,0,1,https://mn.gov/deed/business/layoff-resources/warn-archive/,bfbc788e45ef55fd04b4d309ba8da030f18e9312709a48c8e8c72fa2,2e7bc81c11f78ceb8a8867e2fd94e5521f4ad454,2026-07-16,2026-07-20
MN,Duluth Area Schools,Duluth,2026-06-30,2026-06-30,20,mass_layoff,,0,0,1,https://mn.gov/deed/business/layoff-resources/warn-archive/,082ccadd905f7e8312e8f48a09edd948cc38d856aa2c821aaf0054b3,8b23d26136b431c3bd59d4f1a6fad1ea75abe5ff,2026-07-16,2026-07-20
MN,June 2026 Mezza9 Café,Rochester,2026-06-30,2026-06-30,1,closure,,0,0,1,https://mn.gov/deed/business/layoff-resources/warn-archive/,4ce99a94de467a3ea87c4fa617d1a6403a71d2a212e444d82f2f4a72,8963e187f56e554ef781fcc3633a4b84667e699a,2026-07-16,2026-07-20
MN,Malteurop North America,Milwaukee,2026-07-01,2026-07-01,13,mass_layoff,,0,0,1,https://mn.gov/deed/business/layoff-resources/warn-archive/,99f669ae60645919c31d70b1a5701292a75eb0b412307821c4042096,103d94aeec00be0b6d43f22d37e6705cd93e7cc1,2026-07-16,2026-07-20
MN,Kaye Mankato Closure,North,2026-08-31,2026-08-31,1,closure,,0,0,1,https://mn.gov/deed/business/layoff-resources/warn-archive/,7dbd4e16c79a84d6ffa3b5704f53c786428c33d61930b296ea35e250,520ceb20ef350c12e8a0f42b00f86bbdb452afa7,2026-07-16,2026-07-20
MN,Gerten's Farm Market,Inver Grove,2026-09-01,2026-09-01,6,closure,,0,0,1,https://mn.gov/deed/business/layoff-resources/warn-archive/,bf2f98df915e66e5ef4b7290d8150c731dbdae2bd0b86b3bfd0b6d0b,2c81e67fdde59a301d807ebfecf089af1abc3041,2026-07-16,2026-07-20
