state,employer_name,location,notice_date,effective_date,employees_affected,layoff_type,is_temporary,is_amendment,is_amended,current_version,source_url,source_notice_id,dedupe_key,first_seen,last_seen
NJ,* Most employees of companies marked with asterisk will be rehired by buyer,,,,,unknown,,0,0,1,https://www.nj.gov/labor/employer-services/warn/,9de50b0733dfc39b52b8c27d618fc5a7aab0033401bd1f87c70eaadc,636c6cb36b1d4fd1ada2070f2629a238a8f5be43,2026-07-16,2026-07-23
NJ,118 Churchill Avenue Corporation,New Brunswick,,2013-12-12,138,unknown,,0,0,1,https://www.nj.gov/labor/employer-services/warn/,92bc00f893dfde5cb8380b7d3d3c4caff4894fca6e10f5a46bd39fcd,22451b5cbe6bc113b8b7d3b9184813b7cbe3774b,2026-07-16,2026-07-23
NJ,1230 Rt 22 Restaurant LLC,Mountainside,,2020-03-20,51,unknown,,0,0,1,https://www.nj.gov/labor/employer-services/warn/,096eec5f52daaff318a04dfe62cd68fb7774c0a477462255770af167,43f81a725c022093d6159ff88716f00f1d48e3d6,2026-07-16,2026-07-23
NJ,1266 Apartment Corp.,Fort Lee,,2023-04-07,81,unknown,,0,0,1,https://www.nj.gov/labor/employer-services/warn/,271178575025e423711469a3e1544f346a583e1a8ceee0cde9c4c293,ca71ed7b414da556b4d41b0a123cb399663a4083,2026-07-16,2026-07-23
NJ,1266 Apartment Corporation (Horizon House),Fort Lee,,2019-04-18,78,unknown,,0,0,1,https://www.nj.gov/labor/employer-services/warn/,6006aae746ecc74e10a92a2522fdf928a1133ff6866e6c390b07c791,a7f658268442420249355a4acedf3e95af20724f,2026-07-16,2026-07-23
NJ,1961,Princeton junction,,2020-03-20,,unknown,,0,0,1,https://www.nj.gov/labor/employer-services/warn/,72b88da30144be126f7be2d34e59066eee9b6a5f28205bcd7aedb820,be3c9cb4e879941b9e50ad26eebbc70b192af13b,2026-07-16,2026-07-23
NJ,3M,BELLE MEAD,,2007-11-05,87,unknown,,0,0,1,https://www.nj.gov/labor/employer-services/warn/,043ffff309d3dfe2ed99d40a141df0c59c7a1b83881955e7d91d5a4f,c329033820635501da33dabc2f1c1d1484a5dedd,2026-07-16,2026-07-23
NJ,986 Restaurant Corp,Parlin,,2020-03-20,35,unknown,,0,0,1,https://www.nj.gov/labor/employer-services/warn/,9ba3c5a443a2879ca57a8cb5690d1c020f350da8fea9684d8aaa38c9,6050fc6d944ecf55a07e08600968b85948059997,2026-07-16,2026-07-23
NJ,A & P,Kearny,,2012-03-10,129,unknown,,0,0,1,https://www.nj.gov/labor/employer-services/warn/,9970614c09ccd19fcaf80c59f7c75c860f2970686dd048e043b17625,8e51cda941d561e4583e82564a7a44b92a808a11,2026-07-16,2026-07-23
NJ,A & P,Bayonne,,2012-03-10,89,unknown,,0,0,1,https://www.nj.gov/labor/employer-services/warn/,651a3b3ee9de032bfa873a4c0ca4cd206a5428be4069fb5bdee71c6c,cc23772c8c1ad567b0e1a7ba3d2315345c4d9b5b,2026-07-16,2026-07-23
NJ,A & P Store 698,Flanders,,2011-04-15,80,unknown,,0,0,1,https://www.nj.gov/labor/employer-services/warn/,cc410ca4c94d4ffe03d93b3ec61416ecb93da02f8a610b226b2d1a89,7834e9f44083bf18ff609966796b6135cce443d9,2026-07-16,2026-07-23
NJ,"A Q L Decorating Company, Inc.",Fairview,,2016-11-28,98,unknown,,0,0,1,https://www.nj.gov/labor/employer-services/warn/,e58f591da06b5345fdeca4af0aaed827dd7aae6094874c34e6f32e80,f08c77c22f0f94ecda9a6b52b45cda1a406f5154,2026-07-16,2026-07-23
NJ,A Step Above Health Management Systems LLC,West Creek,,2020-04-17,3,unknown,,0,0,1,https://www.nj.gov/labor/employer-services/warn/,3e015e08605fd8e397f393e7b74e62f4379311869f99719a5a648820,09e9f68caaab049f477b90d2dc9f6401b41db9f7,2026-07-16,2026-07-23
NJ,A-plus,wyckoff,,2020-03-20,1,unknown,,0,0,1,https://www.nj.gov/labor/employer-services/warn/,29d2b3aa426223ef0d5da3dd9a8559d231dbbe489b558ab453e7d17c,0c25e2c5b7a6137f613715ad6e353fae555e32e7,2026-07-16,2026-07-23
NJ,A. C. Moore Incorporated,Berlin,,2020-02-09,383,unknown,,0,0,1,https://www.nj.gov/labor/employer-services/warn/,50942421d8b020ea737623a09bb4e4790989e1a88fcaf35a79aa49a9,92a72feb9bf7ff6366995e2028cea3f97167e1ac,2026-07-16,2026-07-23
NJ,"A.F.L. Quality, Inc.",Voorhees,,2012-11-27,49,unknown,,0,0,1,https://www.nj.gov/labor/employer-services/warn/,1047c85f5b0d34445cb274bf9d305bae095a1db2e22d8cb011dbfee8,e66bcabf981fddc0f21b27b5c6be439280c18ae5,2026-07-16,2026-07-23
NJ,ABBOTT LABORATORIES,PARSIPPANY,,2008-08-29,83,unknown,,0,0,1,https://www.nj.gov/labor/employer-services/warn/,4a4157af8a6dc0d1e85b2fcf06ba721a87c00f39c0246b07ccedcc10,18a659ba556ec8ddf15e6bea996078fdf37920b4,2026-07-16,2026-07-23
NJ,ABBOTT LABORATORIES,EDISON,,2009-02-04,143,unknown,,0,0,1,https://www.nj.gov/labor/employer-services/warn/,c399e3ba86dba2ff1aa420ccef697ce20f7ddfcaba31ee297a9db9cb,9130aa65f2512cae4a9a7b14d0eae486a7304a07,2026-07-16,2026-07-23
NJ,ABBOTT LABORATORIES,WHIPPANY,,2008-10-11,125,unknown,,0,0,1,https://www.nj.gov/labor/employer-services/warn/,bf230c5dcd0ad07279038754d9524971f7606582321cb2006a448822,f5d1fc39637e2a6409636fc528a2df1745281ece,2026-07-16,2026-07-23
NJ,ABC Supply Company,Avenel,,2010-09-01,86,unknown,,0,0,1,https://www.nj.gov/labor/employer-services/warn/,2b0e298a13d179f62327c0a4106ac4be912d4259b7ef9020a0e93ae0,eabd147b7629377a4c364c11bbdcf09fd292d911,2026-07-16,2026-07-23
NJ,ABLE LABORATORIES,STATEWIDE,,2005-12-31,,unknown,,0,0,1,https://www.nj.gov/labor/employer-services/warn/,062a88491fe15ac36f4f8a144cbea636bdbbd7a59c7ce3b6f058da13,3763ebbe4dab9cd641dbabf356c1e698b75472aa,2026-07-16,2026-07-23
NJ,ABM Aviation,Newark,,2020-04-09,35,unknown,,0,0,1,https://www.nj.gov/labor/employer-services/warn/,a4c70cc39fb6e30661d3ba38305ebec9b787306765eac2320cdfb9f6,10524c394921ef690d99558d536871ea2e6d239c,2026-07-16,2026-07-23
NJ,ABM ENGINEERING,STATEWIDE,,2008-08-29,63,unknown,,0,0,1,https://www.nj.gov/labor/employer-services/warn/,b35e3cd815aa33adaa52178b487a6e7f012358b66651a15c73255dda,15b5cf0ca9f1dab6d9b4384f4b13611361e34003,2026-07-16,2026-07-23
NJ,"AC Ocean Walk, LLC",Atlantic City,,2020-03-27,2948,unknown,,0,0,1,https://www.nj.gov/labor/employer-services/warn/,a0d8e7ad36de1edd1719967cfe03eba38e3acc6e0ef03924d821a750,75fc0b98f4ec7a8130048a815e0e70b35a206ae7,2026-07-16,2026-07-23
NJ,AC SLOTS,Pleasantville,,2013-03-04,100,unknown,,0,0,1,https://www.nj.gov/labor/employer-services/warn/,feb322bd07910a5522adfc1b63b102acfd37355f730eadb28b2c158c,4c46993019f05c54796c90ba54cd3a47faf41286,2026-07-16,2026-07-23
NJ,ACCOONA,JERSEY CITY,,2008-06-20,53,unknown,,0,0,1,https://www.nj.gov/labor/employer-services/warn/,cc94428dd0cd1cff4affc16655a1154d9871a185f1222860934025e2,6476c5d5df22e462929a46cdbe5cf06777ab6d6e,2026-07-16,2026-07-23
NJ,ACME MARKETS,FREEHOLD,,2006-11-05,79,unknown,,0,0,1,https://www.nj.gov/labor/employer-services/warn/,ef39a08c5e8003cd5310fa83176698dc4ccc51e62f66e76f326afb2c,20efeb2234426c2fb166c98e0ec8570c79fc7aec,2026-07-16,2026-07-23
NJ,ACME MARKETS,MARLBORO,,2006-11-05,100,unknown,,0,0,1,https://www.nj.gov/labor/employer-services/warn/,f21cd4895fb3a0cd49069e663a996813ddcbaaaa9a29db47c44505f5,de8d83e067375ee01859c096d729e2009de02490,2026-07-16,2026-07-23
NJ,ACME Markets Inc.,Milltown,,2024-04-01,70,unknown,,0,0,1,https://www.nj.gov/labor/employer-services/warn/,714c8e4c820f2d648b0b446d4f010364af26741cf71a4203f2d226cf,8f3584b75b689ba18f399349fd3ffb76fbfae391,2026-07-16,2026-07-23
NJ,ADESA/automative Finance Corporation,Manville,,2020-08-01,76,unknown,,0,0,1,https://www.nj.gov/labor/employer-services/warn/,f1b60ebf729ec69289f35ac23d9071245fbdfb2b6eaf1aa9bc989cb1,6cbb42afcf50d88ddcb52c50340413bc22adf244,2026-07-16,2026-07-23
NJ,ADM,GLASSBORO,,2009-07-31,54,unknown,,0,0,1,https://www.nj.gov/labor/employer-services/warn/,658773976abf7129e54a2063dd2e15fc06a99ba8941f4a8644165d00,3d2165a9302461225b3bc38b8c703d6520b3e029,2026-07-16,2026-07-23
NJ,ADVOGENT,PISCATAWAY,,2007-09-30,200,unknown,,0,0,1,https://www.nj.gov/labor/employer-services/warn/,2871071d120178f1c74b0ed58a8bc03c7b9f8057f4a5d395e1f3bbe0,b31a1473481fdb035efcb208db8db19a8fabb849,2026-07-16,2026-07-23
NJ,AEGIS CORRESPONDENT,TOMS RIVER,,,23,unknown,,0,0,1,https://www.nj.gov/labor/employer-services/warn/,9a4342cc83e46f6312f88d8b2f733957a029323f4e6ed960985b57fc,d39dc5a88b3fefc1fde562f8affee1e62ed88501,2026-07-16,2026-07-23
NJ,AFE Victory Inc.,Cherry Hill,,2014-09-30,106,unknown,,0,0,1,https://www.nj.gov/labor/employer-services/warn/,daf73f8527bcc60e0aeef1e84cb765eb43877e59b1a782c76bd9fdf5,01f59854d07fc1094174190be8d6b0605a3f6057,2026-07-16,2026-07-23
NJ,AFFINITY DIRECT,ENGLEWOOD CLIFFS,,2008-03-11,32,unknown,,0,0,1,https://www.nj.gov/labor/employer-services/warn/,e10d7d2b4dcdfe12a2d88ed0098edc0c1b29807915f72743d7d6d14e,22b1b5d9bc25017cb0fd861c045db6ae65c0179f,2026-07-16,2026-07-23
NJ,AFFINITY DIRECT,ENGLEWOOD,,2007-12-02,147,unknown,,0,0,1,https://www.nj.gov/labor/employer-services/warn/,f3714a95eae501865a33ebd5f1a5c1a6c2a547c1321ec3c7507a9d7f,ffd11e34ffc7b88c3d6637f959407560911602c6,2026-07-16,2026-07-23
NJ,AFG INDUSTRIES,CINNAMINSON,,2007-01-05,188,unknown,,0,0,1,https://www.nj.gov/labor/employer-services/warn/,536bc6fd6721f67bf84563b4e94dad6038633f5fe716f2cca836d2d2,806596ce6e6420b3a55034099e7757ce0aca3c41,2026-07-16,2026-07-23
NJ,AFL Quality NY LLC,Secaucus,,2012-11-27,14,unknown,,0,0,1,https://www.nj.gov/labor/employer-services/warn/,72d208f1dcaa595bcf2176bf5a11083e38385321a6a2d9f846c07f61,f9c0f17cfbb3ec35222bbc47c20a48ab3abb7ba2,2026-07-16,2026-07-23
NJ,AGC CHEMICALS,BAYONNE,,2007-12-31,157,unknown,,0,0,1,https://www.nj.gov/labor/employer-services/warn/,db237beaa647a8c04497b6789aa3bbefff204b2f311bfcc56a01bdc7,1c3d2b47c051263e89adc5489e4e9f6ea3b6cfa1,2026-07-16,2026-07-23
NJ,AHG Montclair Beverage LLC,Montclair,,2020-03-21,123,unknown,,0,0,1,https://www.nj.gov/labor/employer-services/warn/,f6c1cfb4003a254a3712c8631a7037b91151f1703c03511376adefc8,dbb6400de6d0677720d039b08b24033f907abe9d,2026-07-16,2026-07-23
NJ,AHS HOSPITAL CORPORATION/ATLANTIC HEALTH,MORRISTOWN,,2010-01-09,320,unknown,,0,0,1,https://www.nj.gov/labor/employer-services/warn/,26f61f0462246cd8485d9ce1e3fe4409ea2265d7b6a4ec9798a0fc49,4f9e8ad924496d2825d4973b8d6673b3eed270be,2026-07-16,2026-07-23
NJ,AICPA,JERSEY CITY,,2006-01-30,266,unknown,,0,0,1,https://www.nj.gov/labor/employer-services/warn/,df40b53220b8d1640de0f03fa0e577d879c2b06ab96650eb6977625d,8ba7cd65530f31ac4c4acf2582a2693b5435e00f,2026-07-16,2026-07-23
NJ,"AJS Supermarkets, LLC",Hillside,,2020-08-21,172,unknown,,0,0,1,https://www.nj.gov/labor/employer-services/warn/,e2d75dbb152f708de154fd79bf317d25faadf0348a2980220c46e47f,1b5136eae742e2464615c6693c2ade2f7cfa2d7d,2026-07-16,2026-07-23
NJ,AKER KVAERNER,BRIDGEWATER,,2005-01-06,24,unknown,,0,0,1,https://www.nj.gov/labor/employer-services/warn/,6e3cb683e81ad00948151ba48a76df5a1e0a40c20485572c97dfd1b8,ffeba0f921a0a0d2237176c0c9b9f9e4a680a9bb,2026-07-16,2026-07-23
NJ,AL=MIGHTY GREEN TEAM,scranton,,2020-04-17,400,unknown,,0,0,1,https://www.nj.gov/labor/employer-services/warn/,5353f9c101c041dcc523404ec0a9619c676c6de2ec9bc8840bca27c7,e3338f1a58d9f39835b1388c1581b4a9205ad5c0,2026-07-16,2026-07-23
NJ,ALCAN PACKAGING,LINCOLN PARK,,2007-01-13,69,unknown,,0,0,1,https://www.nj.gov/labor/employer-services/warn/,8ada1168a60067c8c3770e01762d0eba3f361e0c941a4d346964daac,217f6b1c4c55b981948c98c14333afe5386e5d4a,2026-07-16,2026-07-23
NJ,ALCAN PACKAGING,MAYS LANDING,,2004-09-12,134,unknown,,0,0,1,https://www.nj.gov/labor/employer-services/warn/,43ff065c0b718d107dd642599e9dc0c69da69d1dddcdbc32cdf3b7af,a298b4d697c662334352d430962221a994a976ab,2026-07-16,2026-07-23
NJ,ALCATEL-LUCENT,HOLMDEL,,2007-08-31,57,unknown,,0,0,1,https://www.nj.gov/labor/employer-services/warn/,0880952e632de9739339900e2fae01c6fb5a96a9fc76c1a2c2a44231,c1fa178327ba3e7b9812d0fae7eb2048853f8149,2026-07-16,2026-07-23
NJ,"ALL ACCESS STAGING &PRODUCTIONS,INC.",NEWTON,,2020-06-08,1,unknown,,0,0,1,https://www.nj.gov/labor/employer-services/warn/,60fc8a0448982d69e6d634b2857cea12b31de479bb67762af03fcd33,e5850675fb93c6a47b3bf3fc584e61d8a529365e,2026-07-16,2026-07-23
NJ,ALLIANCE DATA,VOORHEES,,2004-05-19,68,unknown,,0,0,1,https://www.nj.gov/labor/employer-services/warn/,f3e8be100e2e628b66aa1892454a24236aa597163b01f09517556096,881a1233178245a958cdac690a0ab0eecf5f02f8,2026-07-16,2026-07-23
NJ,"ALLIED SYSTEMS, LTD",RIDGEFIELD,,2010-04-01,78,unknown,,0,0,1,https://www.nj.gov/labor/employer-services/warn/,e9ba6f7ed4702a6633910f62665fdf1626450f1365a0a6dbed7fd946,8a2649eb1e1492019cecb06e7310c3a74810a652,2026-07-16,2026-07-23
NJ,ALLSTATE NEW JERSEY INSURANCE CO,PARAMUS,,2009-11-15,89,unknown,,0,0,1,https://www.nj.gov/labor/employer-services/warn/,cdbe33a9473efa0816e98f4eafde9b05c635e2b45ac514fd5cedf7be,a24d08cd6c2ff44daf538fce1b3d81cd05c88d13,2026-07-16,2026-07-23
NJ,ALUTIIQ-WACKENHUT,FT. MONMOUTH,,2007-01-01,65,unknown,,0,0,1,https://www.nj.gov/labor/employer-services/warn/,f059dd8fd92887a5f89ed5f313cd1f9ed698ca3c217f521643610c84,391751e6ba4f5af587b1aab331962df4a64f9dea,2026-07-16,2026-07-23
NJ,AMERICAN DISTRIBUTION SERVICE,RIDGEFIELD,,2009-05-12,101,unknown,,0,0,1,https://www.nj.gov/labor/employer-services/warn/,7c8649b05745f3157b82cda968ff7067750e0175e396cb3abc0dc15f,c43f675dab41ec46147fe840d7b3a0ab3899e4bb,2026-07-16,2026-07-23
NJ,AMERICAN FUJI SEAL,FAIRFIELD,,2008-11-21,68,unknown,,0,0,1,https://www.nj.gov/labor/employer-services/warn/,a86010259e890653fcce52c011cde25650b6e8fb2ed427c9cd8e03ba,bfab445382fe3080936a71c84120b63a99c9d374,2026-07-16,2026-07-23
NJ,AMERICAN WATER,WESTFIELD,,2005-03-31,56,unknown,,0,0,1,https://www.nj.gov/labor/employer-services/warn/,d9b803c1a6dcd46dceb5b8e055a899f0abe1ba0fe6b2635530bc6735,a76f1707e037d5535816827ac7b5c9c057911525,2026-07-16,2026-07-23
NJ,AMERISOURCEBERGEN,PINE BROOK,,2006-01-22,128,unknown,,0,0,1,https://www.nj.gov/labor/employer-services/warn/,b4a5d94735f636236a8c28bdb10977610a73034855d2bbafd379441e,6f62eb4cea20cd62e00cdbd2e6d7ea4d6ed89d0b,2026-07-16,2026-07-23
NJ,ANGELICA TEXTILE,EDISON,,2007-11-05,297,unknown,,0,0,1,https://www.nj.gov/labor/employer-services/warn/,d12545a83e1529284c0c98ff0c330d6153e8f5719a7f66bdd7a71ae6,e0929942222453c09812123b528672c115fb19a7,2026-07-16,2026-07-23
NJ,APL LOGISTICS,MONROE,,2004-10-01,187,unknown,,0,0,1,https://www.nj.gov/labor/employer-services/warn/,7c1586ddfdedce5d9a8aaa2fd8caaeabd6a0f884f41b8005f2419c54,b3360c4e0dbeec8b77091f2381941b18215ef848,2026-07-16,2026-07-23
NJ,ARAMARK,New Brunswick,,2011-05-13,46,unknown,,0,0,1,https://www.nj.gov/labor/employer-services/warn/,4bb6ca59a9e5d0992e6650ebacae8cab8d3f13a4569260897141fc16,1c81492680f6a8f3cac2b8ef5705dc530ea0cff8,2026-07-16,2026-07-23
NJ,ARAMARK,MADISON,,2007-06-30,83,unknown,,0,0,1,https://www.nj.gov/labor/employer-services/warn/,42db296262f55e017adf5c47c625055d453f05280158b27484a24819,80e8cbcde8e88a058642e7f3ac4017274c3e802b,2026-07-16,2026-07-23
NJ,ARAMARK,PLAINSBORO,,2007-01-16,,unknown,,0,0,1,https://www.nj.gov/labor/employer-services/warn/,108ae5b913b3b939b07ebe3119a7821b0d16519e205bd2c1763a62b4,90a1820b15bf08ec00ecffb9fb190104bf38603d,2026-07-16,2026-07-23
NJ,ARAMARK,SOUTH ORANGE,,2007-07-01,125,unknown,,0,0,1,https://www.nj.gov/labor/employer-services/warn/,3508f6c70df553dd4fb30d3e41bcb40388b0042facbc64035717d838,b5d30957c5e6a24e4d74057ef472f8ff3012935a,2026-07-16,2026-07-23
NJ,ARAMARK,CHERRY HILL,,2008-06-30,93,unknown,,0,0,1,https://www.nj.gov/labor/employer-services/warn/,0390e650b7cf844d2146a7400880ead0f8b364403c431dcbf855028f,c25a80e94d3c124099f6e9a9626c6204416654fa,2026-07-16,2026-07-23
NJ,ARAMARK,ATLANTIC CITY,,2008-05-31,183,unknown,,0,0,1,https://www.nj.gov/labor/employer-services/warn/,0a3f55a71c31fa7c4b7a4f1df80dbde2d1f4f2481e8a1476b9f25142,d0adacde3cf9697a22faa9c55d579fd74060320c,2026-07-16,2026-07-23
NJ,ARAMARK -Johnson&Johnson Healthcare Systems,Piscataway,,2011-06-03,11,unknown,,0,0,1,https://www.nj.gov/labor/employer-services/warn/,1a267b74fbf6b7139a208ced106f55eac92102f6d751bf93b3b8d250,e38dbdaaa6d54f6a3be36e3bf029cc47c20f4ba3,2026-07-16,2026-07-23
NJ,ARAMARK Aviation Services Limited Partnership,Newark,,2011-05-17,60,unknown,,0,0,1,https://www.nj.gov/labor/employer-services/warn/,bb2d169b501a962e801c0181a98c5a06d6cb8a65a4b6cf07134e7cd7,2898175b3631cef128e92287a6144145c3482add,2026-07-16,2026-07-23
NJ,ARAMARK Cordis Warren,Warren,,2011-06-03,62,unknown,,0,0,1,https://www.nj.gov/labor/employer-services/warn/,8ad69ec0fc877f01f86da6d60767ae33bff3dc34afeb146ed0a342fe,1688e01f99c27b370c576f6a7137100ac19fbe4e,2026-07-16,2026-07-23
NJ,ARAMARK HEALTHCARE,PASSAIC,,2005-12-31,61,unknown,,0,0,1,https://www.nj.gov/labor/employer-services/warn/,4dc23f0ac9e5456ac57b2c540a3987cdaf9302fce8d2060aace75374,52ba8f0c46ab428eda1bd798d56a9f45be6d3dfb,2026-07-16,2026-07-23
NJ,ARAMARK MANAGEMENT SERVICES AT DREW UNIVERSITY,MADISON,,2010-07-10,94,unknown,,0,0,1,https://www.nj.gov/labor/employer-services/warn/,9d9af2df32f3110e9d5cb0ece9bc3d04f4b1fd4dad3983028d62edcf,f0e31a62b95bbab5dbff2128f52daca4e5c7d084,2026-07-16,2026-07-23
NJ,ARAMARK Ortho-McNeil Pharmaceutical,Raritan,,2011-06-03,62,unknown,,0,0,1,https://www.nj.gov/labor/employer-services/warn/,ea158c5132aee43785ad13d86d8067b26579b7261e3e4a064d747889,a63b6e32e7181bf42945d9c7379fa305ac5dfeb3,2026-07-16,2026-07-23
NJ,"ARAMARK SPORTS, LLC",E. RUTHERFORD,,2010-01-04,1689,unknown,,0,0,1,https://www.nj.gov/labor/employer-services/warn/,98adf6173c068e0fff5f3194b5e0f85e8834c26468ba7bc97f6e9778,8cb99b89cfc757a9e6e334fdec7703d640ee7ed7,2026-07-16,2026-07-23
NJ,"ARAMARK Sports, LLC",Oceanport,,2012-01-02,310,unknown,,0,0,1,https://www.nj.gov/labor/employer-services/warn/,b5a413ee9d3349f088ee9cf255d62073e4aad588d4fe0bccb43c6577,254a60dca79411af9724ae4fdc5c0aef582b3507,2026-07-16,2026-07-23
NJ,"ARAMARK Sports, LLC",East Rutherford,,2012-01-02,208,unknown,,0,0,1,https://www.nj.gov/labor/employer-services/warn/,abd36fc6b9be29ea37a3054284f68b46987d4c488d0a4959d3f5ec5d,65b4b465a108291f337929fc328971297bad451b,2026-07-16,2026-07-23
NJ,ARAMARK at Meadowlands Racetrack,East Rutherford,,2011-03-31,216,unknown,,0,0,1,https://www.nj.gov/labor/employer-services/warn/,6a849621e1c414e1f946b2f309889c2dcbbc180738fbb7744f4fe3ff,da9468c62ae4c2285f51f6307c489a8dfcaa5fcc,2026-07-16,2026-07-23
NJ,ARAMARK- Ethicon,Somerville,,2011-06-03,19,unknown,,0,0,1,https://www.nj.gov/labor/employer-services/warn/,9de933ee75cb9fc8916588b92ebd5ff5377d05d23a14baa6b94defc7,5aa1d1e116152cdfc0d559e7d75d7f7367194919,2026-07-16,2026-07-23
NJ,ASCO,FLORHAM PARK,,2009-05-31,350,unknown,,0,0,1,https://www.nj.gov/labor/employer-services/warn/,773021894dbd1aea0cfc26df6dacd7885e433b3151a7ebff12f975a2,9e13636ab68755bd59d24f2243706b1eeca1ebb4,2026-07-16,2026-07-23
NJ,ASHBROOK NURSING HOME & REHABILITATION CENTER,SCOTCH PLAINS,,2009-07-31,145,unknown,,0,0,1,https://www.nj.gov/labor/employer-services/warn/,2e0458f9c038ae0f08a54d277bcf1eef88224c3c83d53175ce822d52,c1c89aba5fbd42e1d8ba012a0b204837365099d7,2026-07-16,2026-07-23
NJ,ASHBROOK NURSING HOME - ST BARNABAS,SCOTCH PLAINS,,2009-12-23,149,unknown,,0,0,1,https://www.nj.gov/labor/employer-services/warn/,059ecb711b93470c212b04291b654f6b58ea8e244e4b3c31b8f3d492,ab7cbffb9309d30e891e7953803892eea100360f,2026-07-16,2026-07-23
NJ,ASHLAND,BOONTON,,2008-09-30,158,unknown,,0,0,1,https://www.nj.gov/labor/employer-services/warn/,de5dc69ff0342188991825741c3ea4a19c44c55c6e968edb25eed9dd,557df81b6b29ff94d3aa9da60f55631b64d5f5e1,2026-07-16,2026-07-23
NJ,ASHLAND INC.,KEARNY,,2009-09-01,78,unknown,,0,0,1,https://www.nj.gov/labor/employer-services/warn/,51cd133352df164567e43c69540cc7723594d553affd0246cf84e8eb,e347e903ee79dfb2f709d1097093810794f6e2c4,2026-07-16,2026-07-23
NJ,ASHLEY FURNITURE,MONROE TWP,,2005-01-19,53,unknown,,0,0,1,https://www.nj.gov/labor/employer-services/warn/,b5a138e070323ecb8f21c7d1fd24bbc947df582f8dbe2adf9423308f,fe95b3acf2fe0f770e070fd57384ab120eedd92e,2026-07-16,2026-07-23
NJ,AT&T,Paramus,,2023-11-23,20,unknown,,0,0,1,https://www.nj.gov/labor/employer-services/warn/,5170631fd5604646b704d2a1c292cf7da9da7c914d39f812a6172297,24ca31850ca49f37b45a066064e9667618b911f4,2026-07-16,2026-07-23
NJ,AT&T,Bedminster,,2026-05-19,75,unknown,,0,0,1,https://www.nj.gov/labor/employer-services/warn/,44483795896341bfa1079f8b0a3ff05d8b7317a0958f91fd2f8d03b7,33d5e7a10990d6abb1a2a0f5b9d9a05dd88022a2,2026-07-16,2026-07-23
NJ,AT&T,Trenton,,2023-11-23,1,unknown,,0,0,1,https://www.nj.gov/labor/employer-services/warn/,ade870e0fc923e524cc33d8b20d7cff7a244e3ceae809e67b61f0761,56f75579f34404ceb74625f8b03fc1521b850a38,2026-07-16,2026-07-23
NJ,AT&T,Middletown,,2023-11-23,12,unknown,,0,0,1,https://www.nj.gov/labor/employer-services/warn/,ff7a4ccbba1e7c5619a756c58f5ac3c6ed64c632c448245f1eb30766,6742416f6e4e9ba6cbd35bc1ada094553c8ab48d,2026-07-16,2026-07-23
NJ,AT&T,Bedminister,,2023-11-23,29,unknown,,0,0,1,https://www.nj.gov/labor/employer-services/warn/,ed0e6127b26b65420f92e01282b6f09211a753b2cd92b8b76aef9cc0,d75c55c66e23d38f38211621b0d1a23bc12ec948,2026-07-16,2026-07-23
NJ,AT&T,"Bedminister, Middletown, Paramus, and Mercer counties",,2023-09-20,74,unknown,,0,0,1,https://www.nj.gov/labor/employer-services/warn/,933a5efb7d6621edca85a1f157a056c57369f449a5058925883ef466,e640693c14ea1ed18bfc4fdbc0110d1c14cbf1f6,2026-07-16,2026-07-23
NJ,AT&T,Cumberland County,,2026-09-15,138,unknown,,0,0,1,https://www.nj.gov/labor/employer-services/warn/,878836c7493358079e1cb10f63359db03d9c125b5ceb2a9396459d56,fde4e61783c35ef8b5cd11a60ece68aaaaba0e00,2026-07-16,2026-07-23
NJ,AT&T Corp,Wall Township,,2010-11-02,50,unknown,,0,0,1,https://www.nj.gov/labor/employer-services/warn/,431205caca0add8fb1dd0923274b2cc0c42338ee8c7f568e3601705c,eb20d4c36093850b43894258002c2948def6bf84,2026-07-16,2026-07-23
NJ,ATLANTIC & PACIFIC TEA,EDISON,,2005-01-19,230,unknown,,0,0,1,https://www.nj.gov/labor/employer-services/warn/,52cb5cfd0129b5f2b0b8fd63100245e612ae2eeed06dd4e5b7ab2ad8,f62e60492915e9e98563efd45704b0f103161e4b,2026-07-16,2026-07-23
NJ,ATLANTIC HUMAN RESOURCES,atlantic city,,2013-04-19,200,unknown,,0,0,1,https://www.nj.gov/labor/employer-services/warn/,873b2ffa1e0cbf71400cefeb048692c551a17869565ff70ba017893f,04fc7eade86106461eeb5013d243dd2558ac162d,2026-07-16,2026-07-23
NJ,AURORA LOAN SERVICES,BRANCHBURG,,2005-01-08,55,unknown,,0,0,1,https://www.nj.gov/labor/employer-services/warn/,d5e59593ae89691343b4045914f59e1691cb9af112321c74511a0e2a,341019829574f0ca7e325985e4ad2ad3fef2ec62,2026-07-16,2026-07-23
NJ,AURORA LOAN SERVICES,FLORHAM PARK,,2008-03-17,139,unknown,,0,0,1,https://www.nj.gov/labor/employer-services/warn/,a31901e364c06887e72d36d2f2b0b09f4204caddfaaf0085883a2232,479d18b3928f2b33754423cc677447a6f02edd1e,2026-07-16,2026-07-23
NJ,AUTOMATED DISTRIBUTION,EDISON,,2007-01-04,399,unknown,,0,0,1,https://www.nj.gov/labor/employer-services/warn/,5b9f54351bdd60aa6c8376483e960eb4794e78133a92bfb8b8d766e4,84e5262b08fc6d041f3a84704e58fbe678bc6b84,2026-07-16,2026-07-23
NJ,AVAYA,LINCROFT,,2008-10-23,63,unknown,,0,0,1,https://www.nj.gov/labor/employer-services/warn/,12775d4ad88134aac0fa43285b7ed27d3d4d25de94fcf1be37e385c9,e11074216334a51815cd0c7eb92dbd7eec9448ca,2026-07-16,2026-07-23
NJ,AXA EQUITABLE,SECAUCUS,,2006-01-02,58,unknown,,0,0,1,https://www.nj.gov/labor/employer-services/warn/,fa52b3b96e1675cf53fc43ececbe99af8ccc8192a709af4517fdcf74,1de93ec737c9b792cd6c43d24a1587627c616d87,2026-07-16,2026-07-23
NJ,AXEON,Paulsboro,,2017-05-01,115,unknown,,0,0,1,https://www.nj.gov/labor/employer-services/warn/,68c0eb1d27a06feca9a9c66e4b5d0500a84170803de76c81c5da5b9d,af2fb7e40357a4f4257eaa4f22244baf1087d3f1,2026-07-16,2026-07-23
NJ,AbbVie Inc,Madison,,2021-10-08,10,unknown,,0,0,1,https://www.nj.gov/labor/employer-services/warn/,b56522c023004be9455495b7ed9e11b3b07958da3bdd06315a1949bc,622a03b200fd65e946863491f4a5d9fe8b455edd,2026-07-16,2026-07-23
NJ,AbbVie Inc,North Brunswick,,2021-10-08,16,unknown,,0,0,1,https://www.nj.gov/labor/employer-services/warn/,5fa60c71b899cdc031aafaafad8814a10584d238e129ed1b9b680924,b67e096367a628295d1e67dff00bb7d6ab8bd94d,2026-07-16,2026-07-23
NJ,Abbott Point of Care,Princeton,,2014-03-31,80,unknown,,0,0,1,https://www.nj.gov/labor/employer-services/warn/,583be1f7baf76a955436f16205586e66ecbc490e9e96e85f28a23421,8c5aa4e4788057d94242ba31ee682ac4b429b085,2026-07-16,2026-07-23
NJ,Abilities in Action,Shrewsbury,,2020-03-16,48,unknown,,0,0,1,https://www.nj.gov/labor/employer-services/warn/,d558ea3647a9ec235719db95686e105da5a9e0b53de125ac56c81a5f,d41420834ab9d6348698f3e436b7dc25fc0cf151,2026-07-16,2026-07-23
NJ,Academy,Haboken,,2021-06-25,,unknown,,0,0,1,https://www.nj.gov/labor/employer-services/warn/,df2eb3de6cf542f2fcbb536cb1f447144848b2b5f78b85b4a97703d6,480abf2bd64c78b202cca2bfa764f964899432b9,2026-07-16,2026-07-23
NJ,Accenture,Morristown,,2025-08-29,71,unknown,,0,0,1,https://www.nj.gov/labor/employer-services/warn/,e7f013c1deb390e867b53ab73a2b8ed5a468865cc88e4c1cfc5ba419,75e2720b255b016764c55115e063d2b3c0ca3729,2026-07-16,2026-07-23
NJ,Accesso LLC,Jackson,,2023-09-24,133,unknown,,0,0,1,https://www.nj.gov/labor/employer-services/warn/,7ac85890490372f298d19daad381f5809ac1e6f665dc9b07ecd3b18d,71d66b669c24da9737689f56298a31aa7299bc80,2026-07-16,2026-07-23
NJ,Accupac,Lakewood,,2026-08-03,260,unknown,,0,0,1,https://www.nj.gov/labor/employer-services/warn/,fc1e94de0ce4f0311e5722e587c24504cba32bcdc94fe34b7907b6cf,a22ec644fcd02f82efd2fd7589bc80d7b5e858ea,2026-07-16,2026-07-23
NJ,Accurate Diagnostic Laboratories,South Plainfield,,2023-01-06,38,unknown,,0,0,1,https://www.nj.gov/labor/employer-services/warn/,b153e679ad03508287e756974e81ec657df0b441e5ef0cf1ecb280e1,f9c7d8363ff8fb4941970a98670c472733023403,2026-07-16,2026-07-23
NJ,Accurate Diagnostics Laboratories,South Plainfield,,2023-02-12,94,unknown,,0,0,1,https://www.nj.gov/labor/employer-services/warn/,3afffeb80f9ff48eb66eb99af2439625d01bee98612c80ef6b992cdb,d418c744949d17704010b740cb4a76e719d7b2da,2026-07-16,2026-07-23
NJ,Accureference medical,Linden,,2021-06-24,,unknown,,0,0,1,https://www.nj.gov/labor/employer-services/warn/,b52bfcfb3c3ff43026d3f311ecee4bd23230a6dfafd17fdef1531133,ab5ab8c4e0c4417fb323f54b36023a4b6137f4ad,2026-07-16,2026-07-23
NJ,Acme,Sussex,,2026-02-07,71,unknown,,0,0,1,https://www.nj.gov/labor/employer-services/warn/,e215cd1122a00067eb49d3896f986e178ed37520a7ea514aa2d0f12b,c1bfab73d8bd235efda08d04780e3c63217c439a,2026-07-16,2026-07-23
NJ,Acme Markets,Chatham,,2024-09-01,61,unknown,,0,0,1,https://www.nj.gov/labor/employer-services/warn/,6aad45f395630be5581c02234465984310f7b947a8eb21117cc02986,5d083bee05fa234feae826d248c3061c032efc33,2026-07-16,2026-07-23
NJ,Acme Markets Inc.,Edgewater,,2026-08-15,115,unknown,,0,0,1,https://www.nj.gov/labor/employer-services/warn/,fa599d676a6e318b4eaab6b02740d6a445162271ed2eff4914f36341,5aa1014cdea40952965a021ec16ba889a04abbd3,2026-07-16,2026-07-23
NJ,Acuity Brands Lighting,Edison,,2016-08-16,168,unknown,,0,0,1,https://www.nj.gov/labor/employer-services/warn/,c38013a7f7a4ce4370cfdcb65a4ad55b7f3b7a6121260b06de2785f7,ea044c6ca33fb6dd7adf6b3316202eb557a33a39,2026-07-16,2026-07-23
NJ,"Adorama Shipping, Inc.",Elizabeth,,2022-11-28,146,unknown,,0,0,1,https://www.nj.gov/labor/employer-services/warn/,b355a2f11741a54d26134a5732c190a0cdd02166188cfb6d9386507a,1822ec8d0ae5aa0d1ddd253657bd185bd7e785bd,2026-07-16,2026-07-23
NJ,Advanced Drainage Systems,Logan Township,,2023-04-03,59,unknown,,0,0,1,https://www.nj.gov/labor/employer-services/warn/,495363e17f9bac77149e530f60d97a2abc2ad877fbcb9a334c62f6db,e2b07fc7893fa536af765ae20335328d81f13340,2026-07-16,2026-07-23
NJ,Aero Farms Inc,Newark,,2023-06-05,82,unknown,,0,0,1,https://www.nj.gov/labor/employer-services/warn/,d39ddc8a9b0efd4bd98017d819be929991c0e9b97b3914cd60e57656,27cbb0a2aed0fe3f32716c9f0fd93432bdc28622,2026-07-16,2026-07-23
NJ,"Aerogroup International, Inc.",Edison,,2018-01-08,141,unknown,,0,0,1,https://www.nj.gov/labor/employer-services/warn/,b1623c6c8fda0804bcbb0881717c7743ad771132f0fa9260d71eb56e,a9610e412dbfab1a345e1625acb9d785a586a64c,2026-07-16,2026-07-23
NJ,"Aeropostale, Inc.",Lyndhurst,,2016-11-08,105,unknown,,0,0,1,https://www.nj.gov/labor/employer-services/warn/,5112028955d79b22445bbc24166be7955605b9c53463ef26ef9f573c,0aab7053934b3d4cfdfece169552253bc3461981,2026-07-16,2026-07-23
NJ,Ag-Mart Produce Inc,Cedarville,,2023-10-31,15,unknown,,0,0,1,https://www.nj.gov/labor/employer-services/warn/,69c27b9c84e4383e637ecc21a9eacc2fb55cb27f235ce5124c6ad401,10420b3a2547494a6c2c7ec0bde0fd41739b77cf,2026-07-16,2026-07-23
NJ,Agfa Corporation,Somerville,,2018-12-26,125,unknown,,0,0,1,https://www.nj.gov/labor/employer-services/warn/,e68869a5d164af7b50199ebf9b2f82d960bc46754fcb6d316dc1e5ff,bb5c5e0413aaaa9825764c09c4f7b4e05d522ecc,2026-07-16,2026-07-23
NJ,Ahold eCommerce Sales Company LLC,Jersey City,,2024-03-01,454,unknown,,0,0,1,https://www.nj.gov/labor/employer-services/warn/,8c65ae80c4ead9b8b0d99010b3883bd193ed57279b4aecec884ddd0a,64c6bd4ad54f050dc6f05864db25e4a60d44bf8b,2026-07-16,2026-07-23
NJ,Ahold eCommerce Sales Company LLC located,Lakewood,,2023-10-13,47,unknown,,0,0,1,https://www.nj.gov/labor/employer-services/warn/,c1b1c484f299517a1fffca46aacea752f215d044705bd2bc8f8ccdd5,82ac169c566fce055b399fa4533631d624407cf0,2026-07-16,2026-07-23
NJ,Airport Management Services and Hudson Group,East Rutherford,,2020-07-31,80,unknown,,0,0,1,https://www.nj.gov/labor/employer-services/warn/,9bd512d82c293f08633032245afbf62b096746017e226511147c1e73,6052bdd516d666776e99803030491ca8354daa47,2026-07-16,2026-07-23
NJ,"Airway Cleaners, LLC",New York,,2015-06-17,72,unknown,,0,0,1,https://www.nj.gov/labor/employer-services/warn/,133f7c7020688dffa900d059bdb08fde085e074205deb3c6ba9437fe,67a9c37c357e7fae3a5dbd0acfead9e6ca069722,2026-07-16,2026-07-23
NJ,"Airway Cleaners, LLC",Rockville Centre,,2016-04-15,81,unknown,,0,0,1,https://www.nj.gov/labor/employer-services/warn/,252d1d96e0ad810c112cfd031ccf1a669900dc246e6686861c126d08,f8033b76201b6117d977ea284d4313b1e0308dc8,2026-07-16,2026-07-23
NJ,Akorn Operating Company,Somerset,,2022-07-31,240,unknown,,0,0,1,https://www.nj.gov/labor/employer-services/warn/,a49ff9afae232ea9a858b31d9b047ad80b9d01640d301d49cf1f67f8,33574ac8b6c97e8f5317b42e6919b65c4147657c,2026-07-16,2026-07-23
NJ,"Alan Ritchey, Inc.",Phillipsburg,,2026-07-17,176,unknown,,0,0,1,https://www.nj.gov/labor/employer-services/warn/,2eacba8ed622a1277930895b82e3ba6be3165f8e03dc11115a154d2a,e4d91320408e94d02c3717b239f347849e2b9afd,2026-07-16,2026-07-23
NJ,Alaris Health at Boulevard East,Guttenberg,,2020-11-15,100,unknown,,0,0,1,https://www.nj.gov/labor/employer-services/warn/,956d0dc0ddc927950c5bd91df645332bc860edc66c808dda4e4da400,fe51345554fb4332e8360c43186432b100efc7b4,2026-07-16,2026-07-23
NJ,Alcami Corporation,Edison,,2019-12-27,27,unknown,,0,0,1,https://www.nj.gov/labor/employer-services/warn/,49c581fefb1cba5dcc2524eeddde3db63ddf25caff90b39eebc95fcf,9538c690deda100b1bb2e7fcd3d8cb864b8605f1,2026-07-16,2026-07-23
NJ,Alcan Baltek,Northvale,,2009-04-23,70,unknown,,0,0,1,https://www.nj.gov/labor/employer-services/warn/,be2c1c0aeb7936c29281fa13e49dc61f33005a177c0d0f120d803fe0,6249548c5004132735bb8e1d29a236f0c53e0a0e,2026-07-16,2026-07-23
NJ,Aldo US INC,Lake Saint Louis,,2020-03-31,189,unknown,,0,0,1,https://www.nj.gov/labor/employer-services/warn/,8cc7e124fb22d87f60fa48b22dff4e7992bd8c267d1f11a5285119c0,d48e9662d29dda14a6cbeabd361a91d6755fe191,2026-07-16,2026-07-23
NJ,"Alko Distributors, Inc",ESSEX,,2020-03-17,26,unknown,,0,0,1,https://www.nj.gov/labor/employer-services/warn/,0e3734d48d886a1c96cf26c413819e11efdddc342652409c47434216,d3d6eca9cd8e86434a6d14db5ee991b8d56836b2,2026-07-16,2026-07-23
NJ,Allergan,Bridgewater,,2014-11-28,69,unknown,,0,0,1,https://www.nj.gov/labor/employer-services/warn/,feff74b55d5bd9c2e6da4323d2118a6d3d5da1958a1e0015774f4b19,ac18c66e39f1cc945fa52556f794d29565ebd104,2026-07-16,2026-07-23
NJ,"Allergan, Inc",Madison,,2018-03-16,308,unknown,,0,0,1,https://www.nj.gov/labor/employer-services/warn/,ac6fa330e23e26bd4f22b5948129435196ba42384962ef6aa96bfb22,fb82ea0fffdf233d54522eccac125d719fc3302a,2026-07-16,2026-07-23
NJ,"Allied Beverage Group, LLC",Trenton,,2019-03-20,71,unknown,,0,0,1,https://www.nj.gov/labor/employer-services/warn/,4df4407949acafc871e88fe5b7b8339ca933048629a0c8e5776a59dd,7dcd308bbd4af266edbb07a5a667e81b4a84dcba,2026-07-16,2026-07-23
NJ,"Allied Beverage Group, LLC",Mt. Laurel,,2019-02-02,37,unknown,,0,0,1,https://www.nj.gov/labor/employer-services/warn/,55e78abdfccf237fd51401c5b03eb12dd43e43d7a8568a4ef4224eb6,9ae8d2523cb5011119df7cbc5b19bf913aacf8bd,2026-07-16,2026-07-23
NJ,Allied Systems Holdings,Linden,,2013-12-10,58,unknown,,0,0,1,https://www.nj.gov/labor/employer-services/warn/,7f3de6043ca1b3c946442b86684dff5a72f8225c888ce750e732f67c,e82e1e35357af3760f9a03fc05dbb47608233ac5,2026-07-16,2026-07-23
NJ,Alpha Entertainment,Stamford,,2020-04-10,99,unknown,,0,0,1,https://www.nj.gov/labor/employer-services/warn/,1ce565676c7d81cb12ab591e1cd979cff1e9470612a9656b08bed80e,8c2523c0505df9d10b5edfe75a61f23e0ded77d7,2026-07-16,2026-07-23
NJ,"Alstom Transportation, Inc.",Camden,,2025-12-12,117,unknown,,0,0,1,https://www.nj.gov/labor/employer-services/warn/,a0ccca20179d663dc4a205fcfbbeb00d7e5a453ebc17eeb4ba2153ff,e146455884dfd26ff03a902810161227a6057767,2026-07-16,2026-07-23
NJ,Altana Pharma US,Florham Park,,2006-12-31,350,unknown,,0,0,1,https://www.nj.gov/labor/employer-services/warn/,613fa7341ea9ad079627e0ff8518defa01635d3f0735f56ed3e103cd,f3fc367b67cf2c16493472ed7dfdc23f6254ebff,2026-07-16,2026-07-23
NJ,Altice,Edison,,2017-05-22,64,unknown,,0,0,1,https://www.nj.gov/labor/employer-services/warn/,ba6c6d20ac3c4d23a82bc50a64ccf04666f3b3d28e2cba45580adab9,a6753588c8c6017541eee0c00c32e019dc046002,2026-07-16,2026-07-23
NJ,Amazon,"Passaic, Bergen, Monmouth, Hudson, Statewide",,2026-04-28,871,unknown,,0,0,1,https://www.nj.gov/labor/employer-services/warn/,78f6af3405c25f5140032f415f74d12b92a926db93c1702ddf90baac,45c535757f92d21b1628fc728bbb146c0539f707,2026-07-16,2026-07-23
NJ,Amazon,Jersey City,,2026-01-26,72,unknown,,0,0,1,https://www.nj.gov/labor/employer-services/warn/,3e2160a3fe9ecd6a77afd9bf58834873b90d444f80f688eacfbbff3a,969cd79efa7097837ae9b5e97ddad019dd53d725,2026-07-16,2026-07-23
NJ,Amazon (remote workers ),Jersey City,,2023-07-17,2,unknown,,0,0,1,https://www.nj.gov/labor/employer-services/warn/,1f631b525ee6b8d865375b343b3236589c2317bd8d59f9d0571d5945,4be58aa7313245c27f12fd8659318eebd9c77067,2026-07-16,2026-07-23
NJ,Amazon (warehouse workers),Jersey City,,2023-07-25,55,unknown,,0,0,1,https://www.nj.gov/labor/employer-services/warn/,1e51339bf00ea8f0ff964864e2d6a29c9a3fbd540e9c11f94967afe7,88c8a6536155e620c292e7e2b708d5d7ca8885e4,2026-07-16,2026-07-23
NJ,Amcor Rigid Plastics,Cinnaminson,,2011-10-04,188,unknown,,0,0,1,https://www.nj.gov/labor/employer-services/warn/,f23ec74f3fc0931e52843e953edc4a17a3698f7e21b4255fac296d78,f7e361845b605ecdeeda50923bbfaef424427975,2026-07-16,2026-07-23
NJ,Amcor Specialty Packaging Glass Tubing Americas,Millville,,2011-07-02,412,unknown,,0,0,1,https://www.nj.gov/labor/employer-services/warn/,fb6735f5fec15c39a2421149380202e5e287d45c016d9d06e079b20a,08a65a791e16b42da8d63f540aaa89a5d3f690b9,2026-07-16,2026-07-23
NJ,"American Airlines, Inc.",Newark,,2012-09-21,2,unknown,,0,0,1,https://www.nj.gov/labor/employer-services/warn/,350ab0620e73e4eddfe9f63b056c308da2cfe301f609b9e535d9612f,917dccb7cde308f4c8fab3b5875aaca73d9f915b,2026-07-16,2026-07-23
NJ,American Bread Company LLC,Cleveland,,2020-03-20,550,unknown,,0,0,1,https://www.nj.gov/labor/employer-services/warn/,8c6d1cf18a703ff8068c3b844ab56f0558c9e22a12653a342b149610,7a1802ec7c809bfa299bb0003d4e3ef2b8e12ff6,2026-07-16,2026-07-23
NJ,American Suzuki Motor Corporation,Brea,,2013-03-14,1,unknown,,0,0,1,https://www.nj.gov/labor/employer-services/warn/,a982216a6c21fd46a89eb70986d39d140fdd90fcead87a08fc395491,eb86cc63d227d50aae0dacd17c872ae9b93a375b,2026-07-16,2026-07-23
NJ,AmerisourceBergen Drug Corporation,Thorofare,,2013-04-05,72,unknown,,0,0,1,https://www.nj.gov/labor/employer-services/warn/,2e6f52a64ee0ab63853d060ea34ee668d637e7e2abab0b72ed599ac2,c103c9c4715959a731b86c4ad1e9e0bee5de5cbc,2026-07-16,2026-07-23
NJ,Amicus Therapeutics,Princeton,,2026-08-07,58,unknown,,0,0,1,https://www.nj.gov/labor/employer-services/warn/,488f94bb6ccdfc61ce79c268c03f13b08645a1ff240ab8f5c70edbef,9f51d7ab32874fe63639ad78368deceb57a7b217,2026-07-16,2026-07-23
NJ,"Amiee Lynn, Inc.",Ridgefield,,2013-07-01,50,unknown,,0,0,1,https://www.nj.gov/labor/employer-services/warn/,705c7feb2640ff7555b483182d3b882da7a9645f99567432c1a315c8,ed0eb7b69aaefdef9dda4288dc8ad12357ecb54d,2026-07-16,2026-07-23
NJ,Anadigics,Warren,,2014-06-26,100,unknown,,0,0,1,https://www.nj.gov/labor/employer-services/warn/,ced82905678a4cdb613545446ce36265318a5566e5a745a880640722,214440e57235d51cc68bb058fe148716b7367ac4,2026-07-16,2026-07-23
NJ,Andrew LLC,Warren,,2013-02-04,41,unknown,,0,0,1,https://www.nj.gov/labor/employer-services/warn/,33efeb37da74db46be857565301f8134885fc56a5bef6c48d75601ac,56b25c2d1adb8afea9c84b9c10fb6b9593f6ec8b,2026-07-16,2026-07-23
NJ,Anheuser Busch LLC,Newark,,2026-03-11,151,unknown,,0,0,1,https://www.nj.gov/labor/employer-services/warn/,4f28c6e2b63f0aca0a3a3edce27b68c446fd963338763cdc2f4c7dda,6ea194ee6d42e6c6a9a0ca63eefdb7b0aafcf864,2026-07-16,2026-07-23
NJ,"Anheuser-Busch Sales of New Jersey,LLC",Jersey City,,2019-04-23,80,unknown,,0,0,1,https://www.nj.gov/labor/employer-services/warn/,87e3cee3681734d6cddcb4fd0b4d556d78b47ad53ba03e357489ba51,4f96d0854cbb293b49b0173af0c9b7a6391a77d5,2026-07-16,2026-07-23
NJ,Anthem Institute,Jersey City,,2014-09-15,50,unknown,,0,0,1,https://www.nj.gov/labor/employer-services/warn/,ce857baa95a983125acfab705eb281cd7793054578cb687b55e1281a,0a9565f43fd0b014425d4bcc74b60e03732abd10,2026-07-16,2026-07-23
NJ,Anthem Institute,Parsippany,,2014-09-15,35,unknown,,0,0,1,https://www.nj.gov/labor/employer-services/warn/,c978b5952001c666890d596e40f5fbdb26caef52625d3fe7b5df558c,856722f9ed0da6fb970bd8259295a84101b9c2ae,2026-07-16,2026-07-23
NJ,Anthem Institute,North Brunswick,,2014-09-15,48,unknown,,0,0,1,https://www.nj.gov/labor/employer-services/warn/,a5c5a80b49e5141766de6fc8917874116dcadb16a8892e447d868354,d9a579ab080cc85646483bcdedcf97666825ba5b,2026-07-16,2026-07-23
NJ,Anthem Institute,Cherry Hill,,2014-09-15,30,unknown,,0,0,1,https://www.nj.gov/labor/employer-services/warn/,558859ac5a3cbf010eccc9413cbd65823250591bd20f58cdf8f50f4d,e7998f80f0008f8c27e32822da2d4cff815f7ec6,2026-07-16,2026-07-23
NJ,Anthony Robert Salon LLC,Verona,,2020-03-23,9,unknown,,0,0,1,https://www.nj.gov/labor/employer-services/warn/,4fe5e1ec9f37193250474d0b28e3f8228130d33c61d8130bd90ab242,d0b06720e81a1a5ab5726d44e7de20e326249279,2026-07-16,2026-07-23
NJ,"Apex Express, Inc",Jersey City,,2009-03-05,110,unknown,,0,0,1,https://www.nj.gov/labor/employer-services/warn/,3d4ced456df97f68ff45f22e305214d4f091ba58caaf18b1356239d0,4db5ec503fff12573c226de626422575d45a125c,2026-07-16,2026-07-23
NJ,"Apex Xpress, Inc.",Secaucus,,2021-05-31,49,unknown,,0,0,1,https://www.nj.gov/labor/employer-services/warn/,de9accba4e49269a48f54510f687745afb6a17b3166255d3e5dcb385,7358be765a58782bf57e2a6ece9e6056cd9a5c97,2026-07-16,2026-07-23
NJ,Aphena Pharma Solutions,Whippany,,2017-03-17,70,unknown,,0,0,1,https://www.nj.gov/labor/employer-services/warn/,7b38b5ffba5cbc54e1cffcf6a601b4c7bb7781f39c8df27473df2c87,2d40be84a4e12d7395f44fbeb88bdabf249a1807,2026-07-16,2026-07-23
NJ,Apple Inc.,Atlantic City,,2018-07-25,52,unknown,,0,0,1,https://www.nj.gov/labor/employer-services/warn/,ab7a8617009fb1cb63b89e91f189470c9f2cdf2b85bde3b15d93b002,377c2638fe9f15d256a82bd0c122b011573bb77a,2026-07-16,2026-07-23
NJ,Aqua Products,Cedar Grove,,2019-04-01,79,unknown,,0,0,1,https://www.nj.gov/labor/employer-services/warn/,f0588cc0f012af5f8d5cfbaa9277517d3d3b27c4645db0c659065cfd,e389173b666d2cbff376dba544f86d6c9ee95b1a,2026-07-16,2026-07-23
NJ,Aramark,Hoboken,,2006-12-31,54,unknown,,0,0,1,https://www.nj.gov/labor/employer-services/warn/,badf3b9d0352e9328c7360016ebf61c70f422734c195d5580f62881b,24bec81e05f7d4344b7f1334075b49073c435901,2026-07-16,2026-07-23
NJ,Aramark,Plainfield,,2018-06-29,13,unknown,,0,0,1,https://www.nj.gov/labor/employer-services/warn/,941d727ab167821fdf794299f961382f6c0520d99f784a6c992dea46,42c87148f6ca7b70f688287eecea78e6cb1ff15f,2026-07-16,2026-07-23
NJ,Aramark,Philadelphia,,2015-03-31,339,unknown,,0,0,1,https://www.nj.gov/labor/employer-services/warn/,073f15ad9b0ff94ad961bf6f2f07430ea5ff5064895ead47e2bad858,50c10299be80a6adee4a6d65e5cb1892bcd7e062,2026-07-16,2026-07-23
NJ,Aramark,Newark,,2014-07-11,685,unknown,,0,0,1,https://www.nj.gov/labor/employer-services/warn/,7588991b956dd59fed6db842f7bf22f97a574b91d5d3f99e7b23a447,b4477b5eefeb5cdebe53b44bea32b60a9bf452d3,2026-07-16,2026-07-23
NJ,"Aramark Campus Services, LLC",Lawrenceville,,2018-06-30,147,unknown,,0,0,1,https://www.nj.gov/labor/employer-services/warn/,4b82eee4d43d36b397d45d634a06fa6c01cf46d0f2df0dd0aff2fa22,5873b57de4b6972c400d753f7d0bc9a9324b120d,2026-07-16,2026-07-23
NJ,Aramark at Drew University,Madison,,2020-09-30,48,unknown,,0,0,1,https://www.nj.gov/labor/employer-services/warn/,e3102bb686e764355a020124f1bb2bde6f30b131731ff78d7ee164fd,87a68c098be8a0d241e1803470f1e00d1f78892b,2026-07-16,2026-07-23
NJ,"ArchBrook Laguna, LLC",Carlstadt,,2011-09-30,172,unknown,,0,0,1,https://www.nj.gov/labor/employer-services/warn/,aef166910eb4f583cfdc2309640440f58b557e063045107905e34320,f494b05f8bd9ed2b034291757983c97839a5d1ae,2026-07-16,2026-07-23
NJ,Ardagh Glass Company,Salem,,2014-10-15,288,unknown,,0,0,1,https://www.nj.gov/labor/employer-services/warn/,c8e8f8069f523bc521b14e2fa920c2c6384b89f8590979b1ae974cfe,d192a756dae4a4219fc1a92659e705bca9e28685,2026-07-16,2026-07-23
NJ,Argix Logistics,Jamesburg,,2015-10-05,164,unknown,,0,0,1,https://www.nj.gov/labor/employer-services/warn/,858f649d9cf1068d62bf274f186d44b50d525edf08a13a6e4e355d9f,2e6c80072ad05360446462384a7bb4170bdf4d82,2026-07-16,2026-07-23
NJ,"Argo AI, LLC",Cranbury,,2022-11-01,64,unknown,,0,0,1,https://www.nj.gov/labor/employer-services/warn/,185c27ccbea590839cf8d82f7c1ab5f9e1bb9aea57fda03dce88dfea,4504163c3afa041be6f9b4bde01957e78cb68da7,2026-07-16,2026-07-23
NJ,Arrow Fastener,Saddle Brook,,2026-05-01,140,unknown,,0,0,1,https://www.nj.gov/labor/employer-services/warn/,561742d91eac21d6901f730736fdfe84a52debd84cbfb47d0ccc65db,39c0b79bc2585b201e5b9e7ef3dc97ddff15c52d,2026-07-16,2026-07-23
NJ,Arrowhead Health & Racquet Club LLC,Princeton JCT,,2020-03-15,5,unknown,,0,0,1,https://www.nj.gov/labor/employer-services/warn/,64d71b4a615b56a3291efa79de880dc1332f8d22738fc825df27a12c,b5cf7bc3b3eb15ce7559a5b63580fc0532e73d22,2026-07-16,2026-07-23
NJ,Artistic Products LLC,Rahway,,2020-04-21,10,unknown,,0,0,1,https://www.nj.gov/labor/employer-services/warn/,c026debd24d515e1119faaccbae989c51abd29202a9d29f7bef911fc,1c949d1aa275ea3e4e052d30502a107e58c6bdd0,2026-07-16,2026-07-23
NJ,Ashland Inc,South Hackensack,,2023-04-30,10,unknown,,0,0,1,https://www.nj.gov/labor/employer-services/warn/,784b58816172b969604a56676df2a9d2a87db3b285eaa1caa1822813,cbd693e0406d8eee2518ac1625a9e8bc90341406,2026-07-16,2026-07-23
NJ,Ashland Inc.,Sayreville,,2025-08-01,55,unknown,,0,0,1,https://www.nj.gov/labor/employer-services/warn/,d955ace7efd54d6987f2815928b6ea897efd71e2a451e1cd3b4b5073,ca9ec1e271030d3544f2ef172a30f30b2b870a5d,2026-07-16,2026-07-23
NJ,At Home,"Princeton, Ledgewood, Middletown Township",,2025-09-30,77,unknown,,0,0,1,https://www.nj.gov/labor/employer-services/warn/,f3d133ce7fe5a582149172371d23298f58f88f5eb813bada98d1e273,a695d3d8ab3c4b79fe28fff4f7a6de91cde2a072,2026-07-16,2026-07-23
NJ,Atlantic Coast Media Group,Jersey City,,2012-04-02,90,unknown,,0,0,1,https://www.nj.gov/labor/employer-services/warn/,da21156c602b5a9d57420213ed370841c5a9738dbe76c4f4b8a0777f,332a6c5fb8b326d84c96fc60f251b361e5fe9f29,2026-07-16,2026-07-23
NJ,Atlantic Coast Recycling Ocean LLC,Lakewood,,2023-01-31,73,unknown,,0,0,1,https://www.nj.gov/labor/employer-services/warn/,04e92734deb390262f29926d95ab31f056c2cfa42d8f0a2bb893ad12,6811474ab02659711cc6a22026138508b555612a,2026-07-16,2026-07-23
NJ,"Atlantic Express of New Jersey, Inc.",Vincetown,,2013-12-31,52,unknown,,0,0,1,https://www.nj.gov/labor/employer-services/warn/,cf9630d2717e2e3558abf2090942cf6a309b07d8ce5c69fc94461961,3e59b4b9381ed74954ac65bb56adf9a36e408424,2026-07-16,2026-07-23
NJ,"Atlantic Express of New Jersey, Inc.",New Brunswick,,2013-12-31,73,unknown,,0,0,1,https://www.nj.gov/labor/employer-services/warn/,d0dd28e78610dfa8265bb607fb72f96978c0963f1e57d9e4e2d11714,bf54a48f25243d130c3e7b6e5c310fc43e594c9b,2026-07-16,2026-07-23
NJ,Atlantice Coast Fibers LLC,Passaic,,2023-01-31,29,unknown,,0,0,1,https://www.nj.gov/labor/employer-services/warn/,2fba08e1924846e6a6ee149b0dfa2888771320ce35804ffcb7130869,a24f6de057692abbabda493e2b815f4c38f9bc28,2026-07-16,2026-07-23
NJ,Atlantis Health Plan,Matawan,,2011-03-14,16,unknown,,0,0,1,https://www.nj.gov/labor/employer-services/warn/,e4b5b1468752cd6abfc5ca5b1bae7bf58cc28c3445800bb9afd95c40,ec51484e2af5fc019be48c0abdf584f9e6ea6da9,2026-07-16,2026-07-23
NJ,Atrium at Hamilton Park,Jersey City,,2012-12-31,75,unknown,,0,0,1,https://www.nj.gov/labor/employer-services/warn/,37b60f0b416d085cfc550098565c9ed7e4d0839dd019f7d864e6ff8f,c03b2d33ddec1f174e4be37f296f33df10c3f5d5,2026-07-16,2026-07-23
NJ,Audible,Newark,,2026-01-26,67,unknown,,0,0,1,https://www.nj.gov/labor/employer-services/warn/,e871dcb39a65326c389ecc3d3b5550118096a8e5bc2b89eb31e14ed7,f31e82174e3c53ec8620c20f4eb041a57d2b13b5,2026-07-16,2026-07-23
NJ,Audiology Services Company USA LLC,Somerset,,2023-02-03,23,unknown,,0,0,1,https://www.nj.gov/labor/employer-services/warn/,8676610df8c628745c7bcc85c5e86824b92d4726a8bcbb1fba9e9b11,4e54b44651649397437ef061594b9158c0c004e0,2026-07-16,2026-07-23
NJ,Augie and Caarmine's Professional Hairstyle,Hillsdale,,2020-03-22,2,unknown,,0,0,1,https://www.nj.gov/labor/employer-services/warn/,ca7c0eb9ade6b7897f59a49fb163f170861038242586cdc1c83bcd89,249d51847a8b1c7daf833c84e9ce30cd72e1b871,2026-07-16,2026-07-23
NJ,"Aurolife Pharma, LLC",Dayton,,2022-04-26,99,unknown,,0,0,1,https://www.nj.gov/labor/employer-services/warn/,c7e0d0b990a94bbb34d959525dfdb7b7696ba86d8b921bc798a3deb3,345a09d653aa07e8b44c8e217d7447c9789c6a8e,2026-07-16,2026-07-23
NJ,"Automatic Data Processing, Inc.",Roseland,,2026-09-25,76,unknown,,0,0,1,https://www.nj.gov/labor/employer-services/warn/,fb93d3e0af6afefcdfa4cd4e0648a30961bd86441493b3c801183aab,f7b0bd2b62ee04243c5654a1335ffb1fdce16fd8,2026-07-16,2026-07-23
NJ,Avantor Fluid Handling LLC,Eatontown,,2023-06-01,50,unknown,,0,0,1,https://www.nj.gov/labor/employer-services/warn/,4b8ac2f0eef6ec0bad515295b9c5c03bc0f11f902a25d3c63c90aa65,10987b4406fc9cc9db2138299d3eeedd6950a31f,2026-07-16,2026-07-23
NJ,"Avenue Stores, LLC",Rochelle Park,,2019-09-30,152,unknown,,0,0,1,https://www.nj.gov/labor/employer-services/warn/,478d034a6889877822d5a5c78c103faf63877a84ab43aea79e26993a,2a66da598d5ec77f957abed5a65a435081a5c159,2026-07-16,2026-07-23
NJ,"Avis Budget Car Rental, LLC",Parsippany,,2015-09-01,17,unknown,,0,0,1,https://www.nj.gov/labor/employer-services/warn/,118be9312dc16905a45a6056fc5fe7e9056c5dabb8e0cc8a0bcc71de,4dc312674d21af03660e121d84ce0b41a37c7318,2026-07-16,2026-07-23
NJ,Axeon Specialty Products LLC,Paulsboro,,2018-02-01,5,unknown,,0,0,1,https://www.nj.gov/labor/employer-services/warn/,e941bef482ac38179f4bda3108440886243dc69cef3c7f9143885f66,d4a9345893d9aff0e19e1202a38bd0c4faa1b03e,2026-07-16,2026-07-23
NJ,B & B Bachrach,Lawrence Twonship,,2017-08-06,8,unknown,,0,0,1,https://www.nj.gov/labor/employer-services/warn/,cec50a09a4fd7333193f8ca1c81d17c381a6bd5f1adb5fdc3b1a350c,ecd75c3dcfd59602aa93729da448ea30efa2a75d,2026-07-16,2026-07-23
NJ,BAE Systems Technology Solutions & Services Inc. (,Mount Laurel,,2014-10-31,90,unknown,,0,0,1,https://www.nj.gov/labor/employer-services/warn/,bdfbb4a824b83b9d37fd6c1726e3edf8865192d17b2b6bfc5456efc1,0db91ff2d8e2fe9cc5fb1e60342664f71bbab7c1,2026-07-16,2026-07-23
NJ,BAE Systems Technology Solutions & Services Inc. (¿BAE Systems,Mount Laurel,,2014-09-30,90,unknown,,0,0,1,https://www.nj.gov/labor/employer-services/warn/,5346d74af05fe4e2b7d05d0a3051492387fd727aae9e1e389fe909f3,b0cb704da69c89195d98c2eb0baad91f863a76b8,2026-07-16,2026-07-23
NJ,BANCROFT NEUROHEALTH,CHERRY HILL,,2005-12-18,15,unknown,,0,0,1,https://www.nj.gov/labor/employer-services/warn/,b033c3db364256f89c0fe2c06b66e9cbaa27296250e9df45fb3287d9,e633632cc5f5e4af6a96cf50b7847f089309d238,2026-07-16,2026-07-23
NJ,BANK OF AMERICA,JERSEY CITY,,2008-08-03,162,unknown,,0,0,1,https://www.nj.gov/labor/employer-services/warn/,605e5b99105bbaaadf8cb672b971b9b2ccf5a9cf2d011b1bb8315008,1b4bc48a68c433dee1341b602e8474339ddd8e97,2026-07-16,2026-07-23
NJ,BANK OF NEW YORK MELLON CORPORATION,LODI,,2010-08-27,39,unknown,,0,0,1,https://www.nj.gov/labor/employer-services/warn/,67def9b173fc4a73ce1d1c9c2a00254cade57b24a11fa02bfe83cb19,d6c604c44f5b591ee2e32ce8fa3c37334f92107c,2026-07-16,2026-07-23
NJ,BARCLAYS CAPITAL,WHIPPANY,,2008-12-26,100,unknown,,0,0,1,https://www.nj.gov/labor/employer-services/warn/,761a6dcab8705f2f2d85c28ca11648b53a4f7a3aac32b6467af52d10,83833b1165a6a95081ea11dcacef711ea3c34e9a,2026-07-16,2026-07-23
NJ,BARCLAYS CAPITAL,STATEWIDE,,2008-12-26,710,unknown,,0,0,1,https://www.nj.gov/labor/employer-services/warn/,e3befacb55d5366eb951865af4a424cf6d8f74c454ed6bd44fb04623,96cf7ba60e5cba983454bbeb2e825d9c1c80ae57,2026-07-16,2026-07-23
NJ,BAREWEB LLc,Edison,,2023-04-28,87,unknown,,0,0,1,https://www.nj.gov/labor/employer-services/warn/,b6247155fc77dd4d987de71661bd52da7ef8e56692dc7c5e54771224,45543d2c7f1bc3561d3cf3a5df703f0bc309873d,2026-07-16,2026-07-23
NJ,BARRY CALLEBAUT,SWEDESBORO,,2008-09-01,59,unknown,,0,0,1,https://www.nj.gov/labor/employer-services/warn/,e2edfc1e7fecccfa936c26cab8bc2237bede2b9511985764265a1940,efc46ccfc3162a4099baf773b82d9e1406190cd0,2026-07-16,2026-07-23
NJ,BASELL POLYOLEFINS,EDISON,,2009-07-10,4,unknown,,0,0,1,https://www.nj.gov/labor/employer-services/warn/,b9ee4eef98134352e0d308b505bb2630c1c8fb4eb6896f0acc5d40dc,df392949269d613d7b560d10685dfda6a11cd093,2026-07-16,2026-07-23
NJ,BASF,Somerset,,2013-08-01,25,unknown,,0,0,1,https://www.nj.gov/labor/employer-services/warn/,db00cfd4eeaf647e1d69f10b17790ce698c5befe0b8ef1d1facb5391,19bd0f9c857445088c6a0a804211442e5788f168,2026-07-16,2026-07-23
NJ,BASF,JAMESBURG,,2005-04-29,74,unknown,,0,0,1,https://www.nj.gov/labor/employer-services/warn/,e4a89cb3e230b84979085b93ca339ec089286bf1f8e60afe23b09183,ceb5b046da14d337c7bb5efc6748f7f8c86272fc,2026-07-16,2026-07-23
NJ,"BASF CATALYSTS, LLC",EAST NEWARK,,2009-05-01,34,unknown,,0,0,1,https://www.nj.gov/labor/employer-services/warn/,091bc95c1e5b6af976b239c7c326a94c61100f8c1f4dc71e637d8af8,a6ddae0f506642b20cf340ad2c76cd274c9be760,2026-07-16,2026-07-23
NJ,BASF Corporation,Florham Park,,2026-11-01,62,unknown,,0,1,2,https://www.nj.gov/labor/employer-services/warn/,96e30bf727ccca357a46e644852c9c18dea6cca523f7b15424624e0d,52229252753d1216a7221489d477a16aeaef0622,2026-07-16,2026-07-26
NJ,"BATS Global Markets Holdings, Inc. and Direct Edge, Inc",Jersey City,,2015-01-30,56,unknown,,0,0,1,https://www.nj.gov/labor/employer-services/warn/,eea52f1b1610458d642162a1c47465fc7e3c92d70fc384189cbc6504,39569761781e7e256625f6b346972407dc93e5d5,2026-07-16,2026-07-23
NJ,BAXTER HEALTHCARE,NO. BRUNSWICK,,2004-07-30,42,unknown,,0,0,1,https://www.nj.gov/labor/employer-services/warn/,a2b874029f9eac8eb3abbedd7ad6002433519979e193cdf788b9645d,c31bdd1edb8b434b549df5d512771979f2b7859b,2026-07-16,2026-07-23
NJ,BAYONNE MEDICAL CTR.,BAYONNE,,2008-01-03,1020,unknown,,0,0,1,https://www.nj.gov/labor/employer-services/warn/,7bfcd32176cb47c48c9ce698c32977e59782b67939d3e4ea56032a76,c806489dca1eb70c8b4d08d68154778176f8d4d7,2026-07-16,2026-07-23
NJ,"BEARINGPOINT, INC.",WARREN,,2009-06-05,12,unknown,,0,0,1,https://www.nj.gov/labor/employer-services/warn/,e83fcb4b7edf9d26dfe8cc52c27a7ee10bf0b888c02a9b658e09f4d6,74db2eed9b2c98d12b7824e45cc3b17361ebd924,2026-07-16,2026-07-23
NJ,BERLEX,WAYNE,,2007-01-28,50,unknown,,0,0,1,https://www.nj.gov/labor/employer-services/warn/,cbb653f01fdecbd7d902517d14583e459969bfe19c306d4229561bb6,524263116130bcda2e197832bc05233a2fb27017,2026-07-16,2026-07-23
NJ,BERNARD CHAUS,SECAUCUS,,2005-01-31,66,unknown,,0,0,1,https://www.nj.gov/labor/employer-services/warn/,613eb5eaeeaf4f9d6db54ae97d1f2d0d583961a93536ace74dc26096,75cc3d5e28580f720bad2146518dcaf8d090beed,2026-07-16,2026-07-23
NJ,BERNERT HOSPITAL,PATERSON,,2007-11-30,819,unknown,,0,0,1,https://www.nj.gov/labor/employer-services/warn/,a05aafc93c444d5289f5419e0f184f7d32921d77b19d2189dd371c72,b7d15ae4068bbeecca29226f0d8cfa5b8f3c8a54,2026-07-16,2026-07-23
NJ,BERRY PLASTICS,PISCATAWAY,,2009-11-02,79,unknown,,0,0,1,https://www.nj.gov/labor/employer-services/warn/,21f7d62050769649dc9865efcd2f62987952e002f737321a5cffc6ab,9be33b38f9030679928c5882f291f4593c30d14f,2026-07-16,2026-07-23
NJ,BIFLEX,MOONACHIE,,2004-05-08,105,unknown,,0,0,1,https://www.nj.gov/labor/employer-services/warn/,f20572fc9c9d7f4e8d1fa1223ac5f836453944a93cc5789e925240af,56a28a0b502cb3d90b8c734e9312ef863ef8eab4,2026-07-16,2026-07-23
NJ,BIOVAIL,BRIDGEWATER,,2007-01-11,60,unknown,,0,0,1,https://www.nj.gov/labor/employer-services/warn/,7500efa84d4e4cab142468ccecca115b512ea1f3f08a80e9daefaf5e,a81e493b486c273d011240dde21adf7d714f592c,2026-07-16,2026-07-23
NJ,BIOVAIL PHARM,BRIDGEWATER,,2005-01-13,340,unknown,,0,0,1,https://www.nj.gov/labor/employer-services/warn/,25ec4c8da7a8aeb1c33e6c4c5637036461fcc86f6b08ec2067af90b3,cad46ce353bda5612d0e09a242a0a7c180a5ffd5,2026-07-16,2026-07-23
NJ,"BLACK MILLWORK CO, INC.",ALLENDALE,,2010-01-29,91,unknown,,0,0,1,https://www.nj.gov/labor/employer-services/warn/,31497e13d0c5f277b6f76352d94ee35e0cb738b7ee26a1150bd2ec8f,329f4ab151a7199f715402651844e27f38168f77,2026-07-16,2026-07-23
NJ,BLACKSTONE MEDICAL,WAYNE,,2009-02-19,10,unknown,,0,0,1,https://www.nj.gov/labor/employer-services/warn/,50407348b736cf10c7ee404a33414c8447146db986179be01ed23280,b677535b1af1c5e048047fa5fd888edf72c1bfbc,2026-07-16,2026-07-23
NJ,"BLACKWELL NORTH AMERICA, INC",BLACKWOOD,,2010-02-05,91,unknown,,0,0,1,https://www.nj.gov/labor/employer-services/warn/,bb3bf23ee2a581748cd38037eb047421d7d2ff85b8b03ac4b189b37a,bb959937991aff0c643c6d35b9b025ef820995d9,2026-07-16,2026-07-23
NJ,BLIS TECH,FAIRFIELD,,2004-04-16,91,unknown,,0,0,1,https://www.nj.gov/labor/employer-services/warn/,1caceb4adf2173d25a4b7ee491632586eb5400c7c99f6890de5c6cd3,67f2eda98c7ba320df66456f9ba723455b0ca66a,2026-07-16,2026-07-23
NJ,BMW of North America,Mt Olive,,2009-03-31,10,unknown,,0,0,1,https://www.nj.gov/labor/employer-services/warn/,66c4eba6a2bedade2c00a5ae29736e19f5fc8ab73db5d9f6ce691789,18b69866d5e498d24b72098e6ec1cc34514874c9,2026-07-16,2026-07-23
NJ,BOC GASES,LEBANON,,2004-07-31,93,unknown,,0,0,1,https://www.nj.gov/labor/employer-services/warn/,9e6f2359f8205f7be3203092ca01ff74dfe05d5739d62c10d16d8d0a,8ed34e1432daf4186e5d82cacc0baa3ebcc588e9,2026-07-16,2026-07-23
NJ,BOM CORP d.b.a. apexx fashion,Palisades Park,,2020-03-20,3,unknown,,0,0,1,https://www.nj.gov/labor/employer-services/warn/,cd85b51b5564603cac185dd27216afd1704a418e12025f5bb68ecdc5,6d962a76c44a73a2a3d946ad9c437bd21cb68199,2026-07-16,2026-07-23
NJ,BOSCOV’S,EATONTOWN,,2008-10-12,149,unknown,,0,0,1,https://www.nj.gov/labor/employer-services/warn/,63167a53f93bb02e328f6dbed23db63e68a98a8a6a67cff14c41c8b8,1a0498f6b626699bf63e3d43b4ac76dd25464893,2026-07-16,2026-07-23
NJ,BOWHEAD MANUFACTURING CO.,NEW EGYPT,,2010-03-31,17,unknown,,0,0,1,https://www.nj.gov/labor/employer-services/warn/,d2bdb4afb4def04142691f9084edee5950dd0fe113ae3444124fc0ab,6e3a9d30d2e57915195d3d8da8d23d98d7457d2a,2026-07-16,2026-07-23
NJ,BOY SCOUTS OF AMERICA,JAMESBURG,,2009-12-31,21,unknown,,0,0,1,https://www.nj.gov/labor/employer-services/warn/,fa2d0a212dc3166a07ea90a4fd52b8bc11f1643b4dc7985d96c83238,b2c3b06db78668e66c454c1d3078ec1103f21a76,2026-07-16,2026-07-23
NJ,BRADLEY PHARM.,FAIRFIELD,,2008-04-30,196,unknown,,0,0,1,https://www.nj.gov/labor/employer-services/warn/,c94170b50dcc1763fc2494c18ebd2e5c5cc64109b8471b4b879afbfb,e36e3de42aaef024fc0b256a7e301e7e80aa146c,2026-07-16,2026-07-23
NJ,BREUNERS HOME FURN.,LINDEN,,2004-07-12,173,unknown,,0,0,1,https://www.nj.gov/labor/employer-services/warn/,982a61e9d0b45836d17f7c090bc9edb550a1baabebb5ad3c50948b5e,e2e93af2403ed695f017350cc11977024a90be46,2026-07-16,2026-07-23
NJ,BRISTOL MEYERS SQUIBB,PLAINSBORO,,2004-11-22,500,unknown,,0,0,1,https://www.nj.gov/labor/employer-services/warn/,bda549b76bd256ebf0d3ca81b54d7eebc4ccf3c1b701362337f746bc,5f1a5794f69504234ceeebdd43105022e7398d5f,2026-07-16,2026-07-23
NJ,BROOKS BROTHERS CUST SVC,EDISON,,,96,unknown,,0,0,1,https://www.nj.gov/labor/employer-services/warn/,166795613b8ebc03a81ab6b429b46baeb88b96fce5b432cc3787dcfc,02217f0ab210084475a6ba6f1be90a9a9ee66b6f,2026-07-16,2026-07-23
NJ,BROOKS BROTHERS CUSTOMER SERVICE,EDISON,,2010-08-14,85,unknown,,0,0,1,https://www.nj.gov/labor/employer-services/warn/,4a93cfa6c1d1247cac69d471be500feb478f441d2b80e5a9685aeb38,4b58f25d837d78c22e7271b838d5bbee2cc1c260,2026-07-16,2026-07-23
NJ,BROWN & WILLIAMSON,PRINCETON,,2004-08-31,58,unknown,,0,0,1,https://www.nj.gov/labor/employer-services/warn/,7e8e6d5cde212db1c070d288ca0857bdb63078a12f8380a548556c9a,b5b90b8fed41358a1a8086d513592cae14f68441,2026-07-16,2026-07-23
NJ,BROWN & WILLIAMSON,BRIDGEWATER,,2004-08-31,62,unknown,,0,0,1,https://www.nj.gov/labor/employer-services/warn/,1f6dfcdb95977a7576d1d1e504cc94484a03c45393ce7019ff4b6b46,e22ce48164f506126a2c808c230ee045443000ea,2026-07-16,2026-07-23
NJ,BUILDERS FIRST SOURCE,STATEWIDE,,2008-12-15,120,unknown,,0,0,1,https://www.nj.gov/labor/employer-services/warn/,bd80f495a624527c498ce04a3fb42c36c8cc1dd0b00722e4aa1ebf94,1f3b052a332813e77d24e0f3ec6d74d9e61d8339,2026-07-16,2026-07-23
NJ,"BURBERRY WHOLESALE, LTD",WILLIAMSTOWN,,2009-04-07,8,unknown,,0,0,1,https://www.nj.gov/labor/employer-services/warn/,d42b7d0006880fd9d64a04c7f8afde0368f5efea3f2f1702bcc98ad9,138c9bbb64dba42cad3bcacc58c7e80dcd656f32,2026-07-16,2026-07-23
NJ,BURLINGTON RESINS,BURLINGTON,,2008-11-01,122,unknown,,0,0,1,https://www.nj.gov/labor/employer-services/warn/,9d195fd19d51cf32b16f1a0540b5e18d501c5f684a7736197c3cb10b,d3944e0d881813a05ba2f247100ea6e823c7cc7a,2026-07-16,2026-07-23
NJ,Bacharach Institute for Rehabilitation Inc.,Pomona,,2023-03-31,325,unknown,,0,0,1,https://www.nj.gov/labor/employer-services/warn/,c33f22637c6086376dd97d9633ab30f390aefdb9dae9aafd83f51f50,027afef312d756902ca0e77138a677327153d485,2026-07-16,2026-07-23
NJ,"Back Thru The Future Computer Recycling, Inc.",Franklin,,2020-04-03,15,unknown,,0,0,1,https://www.nj.gov/labor/employer-services/warn/,136d30694c250f090f37e9e2830f202ca5909ae1e027d6382c5bd925,1311505127146e4b82257c3887894d88d87cbdc3,2026-07-16,2026-07-23
NJ,Baker & Taylor,Bridgewater,,2019-07-03,244,unknown,,0,0,1,https://www.nj.gov/labor/employer-services/warn/,b0bd997a7e75b5f085e0f1ab3ac6341275d33439a53090a74730af63,b24b2f117564e7e0386efe64872ccb0884282971,2026-07-16,2026-07-23
NJ,Baltek Inc.,Northvale,,2011-01-28,146,unknown,,0,0,1,https://www.nj.gov/labor/employer-services/warn/,7fc7d7971129bf2fb008c24a6f0ea42c6f011a8aed70d75251c94b5a,11b26804eda5ee05e0303d376be0e8acfcf4abcd,2026-07-16,2026-07-23
NJ,Bank of America,Piscataway,,2010-09-17,89,unknown,,0,0,1,https://www.nj.gov/labor/employer-services/warn/,30b202417cac45906d46568f02b3b877bbd8dcb2ee72001b375b38f3,11601653b067b3408932d1c2bb24183e80695898,2026-07-16,2026-07-23
NJ,Bank of America,Newark,,2013-05-31,469,unknown,,0,0,1,https://www.nj.gov/labor/employer-services/warn/,968f91bd25ddc0d3122cf1ff3fbd0dcd509a294710f36b201c77aae7,625691fa367ca92a704ac2b08d532a890cdad35f,2026-07-16,2026-07-23
NJ,Bank of America,Marlton,,2013-12-06,136,unknown,,0,0,1,https://www.nj.gov/labor/employer-services/warn/,5f93a744f01a13adeebdf9196d16f6f6e8aed180e453195c87e702b1,c2c77114c64fdbd773ff371b6b0720fa5a73c3b1,2026-07-16,2026-07-23
NJ,Barclays,Whippany,,2026-08-10,64,unknown,,0,0,1,https://www.nj.gov/labor/employer-services/warn/,e7abffc8c79b395183b37257cc7fb52b6fb844a0193009ec6743c23d,983d61c850c11a0d0ace4fc76e0d9d551000ab11,2026-07-16,2026-07-23
NJ,Barclays Service Corporation,Whippany,,2024-02-13,244,unknown,,0,0,1,https://www.nj.gov/labor/employer-services/warn/,59a737a589ebba4128c2ac37b8e9ebb3d41ba271e9c1b86a44dba5dd,b9d6d1ba8831ee6fad06ba533197dadbe9477488,2026-07-16,2026-07-23
NJ,Barclays Services Corporation,Whippany,,2025-06-23,78,unknown,,0,0,1,https://www.nj.gov/labor/employer-services/warn/,66a879a3d2298d9ccd27a5bb2cb7fffb7b7b8542d807ae90e451fb92,154eef1aecd55243fbf0faf1c34efaf2746aafeb,2026-07-16,2026-07-23
NJ,Barnabas Health,West Orange,,2015-12-31,700,unknown,,0,0,1,https://www.nj.gov/labor/employer-services/warn/,5b2c25a2f679cb3ba19ba0264152ba676ea2d6efab1e84ad588ff94a,056d1b022939072a8206954d878fec3ddd3bff73,2026-07-16,2026-07-23
NJ,Barney's New York - Lyndhurst,Lyndhurst,,2019-11-01,311,unknown,,0,0,1,https://www.nj.gov/labor/employer-services/warn/,f8055b9357338cdf31b8f497e5339ef107b7b874bcdcf84065488706,e5d54a17fe9a777ec9f53babb1941f347ddb2331,2026-07-16,2026-07-23
NJ,"Barney's, Inc.",Lyndhurst,,2020-02-13,23,unknown,,0,0,1,https://www.nj.gov/labor/employer-services/warn/,38c190b1ec5abe1bd6edddbdae8c185745c72b41d0c8c5c7951de691,7c9955f2f386b3fb3387de98752eb8b84e1481f6,2026-07-16,2026-07-23
NJ,Barneys New York,New York,,2019-11-01,311,unknown,,0,0,1,https://www.nj.gov/labor/employer-services/warn/,dfbd8ba4a6d487f047d0e0ff50754ae5d81e369a43d413c9972be68c,9880e75f0bba60085928916d290687af9975d1e6,2026-07-16,2026-07-23
NJ,Barneys New York,Lyndhurst,,2020-04-17,6,unknown,,0,0,1,https://www.nj.gov/labor/employer-services/warn/,5578d9d1c726b8499b59eb0a82e41916110a0dedf3153b1d6dc55555,f7c105bdc3db98b6da73d0b278c0de7bc21da758,2026-07-16,2026-07-23
NJ,Barneys New York Lyndhurst,Lyndhurst,,2019-12-31,215,unknown,,0,0,1,https://www.nj.gov/labor/employer-services/warn/,622cb0704339a387031496398c57337e4cba202f0eeb349bd26e5c2b,2f40d002f0e69c66a89452ff8108ba9cd20f8187,2026-07-16,2026-07-23
NJ,"Barneys, Inc.",Lyndhurst,,2020-03-06,21,unknown,,0,0,1,https://www.nj.gov/labor/employer-services/warn/,456491968e7eadf3d8cebeac7592f920bde9426d99135d111ba237b8,c62bdff75fc63a2c920ca1f3b2c9b4fdd78beb07,2026-07-16,2026-07-23
NJ,"Barrette Outdoor Living, Inc",Egg Harbor City,,2025-07-01,120,unknown,,0,0,1,https://www.nj.gov/labor/employer-services/warn/,a80d2639529932c98b4dcae05d5c1cf453d6d27c251f23d58546e33b,8a20421917a607124e2f1f7b0acd8a7fce00604c,2026-07-16,2026-07-23
NJ,Bartlo Packaging,Passaic,,2023-03-31,50,unknown,,0,0,1,https://www.nj.gov/labor/employer-services/warn/,9dcbc7fe2ca2d65719638196da51470b0fd8fac2b27901bdc00afad6,fd38dd84e07dfaba48a330ad755f145c0e5b2ec1,2026-07-16,2026-07-23
NJ,Bayer,Whippany,,2024-08-29,35,unknown,,0,0,1,https://www.nj.gov/labor/employer-services/warn/,7189a42589c51d77599adbefef199ba0256da2e9d1e1e5e22e762237,38b540934d61986615452a68d6ae9ca48f49f55c,2026-07-16,2026-07-23
NJ,"Beacon Health Options, Inc,",Boston,,2019-12-29,175,unknown,,0,0,1,https://www.nj.gov/labor/employer-services/warn/,00cb59fec3549c7d2076553769d8e54dd2a6c61a351fcab2cf61bde7,3d94fe23d0bc95d3cb3e53cdcd3e8a866e01cba2,2026-07-16,2026-07-23
NJ,Becton Dickinson and Company,Franklin Lakes,,2025-10-30,86,unknown,,0,0,1,https://www.nj.gov/labor/employer-services/warn/,c5ffd23dc80809f6982dce08fae20d74559e5c6eac3051498e2fbe8b,96c3b4aa94c0c6855761625ceccebb09e33f39dc,2026-07-16,2026-07-23
NJ,"Becton, Dickinson, and Company",Lakes,,2023-09-22,57,unknown,,0,0,1,https://www.nj.gov/labor/employer-services/warn/,33999e316656b3fdd8679b801769f6c1cf11ff6d2b033763c58b8815,eb54b3901082dea54116fc7af0e25770aa1bf36d,2026-07-16,2026-07-23
NJ,Bed Bath & Beyond,Port Reading,,2023-03-28,572,unknown,,0,0,1,https://www.nj.gov/labor/employer-services/warn/,045fdbd361107d9ba795d026191309f00a47c8801a5c2f55c697d3bf,0cd6b5648be3263c9c8ea403fb829468f753b27a,2026-07-16,2026-07-23
NJ,Bed Bath & Beyond,Secaucus,,2023-04-05,84,unknown,,0,0,1,https://www.nj.gov/labor/employer-services/warn/,56425b327da333b2bc22a64fa85c11e8cf96cd77e6fac5b6d54701c5,21934cca0916cc0f92d2981d786d500a9e56fb94,2026-07-16,2026-07-23
NJ,Bed Bath & Beyond,Union,,2023-04-09,377,unknown,,0,0,1,https://www.nj.gov/labor/employer-services/warn/,eb6a85d9dd0606431162aba347687a73953b485b1552bbe9362a3b57,3a26f59cb8062e945d8032f2da3207a02bb5dca4,2026-07-16,2026-07-23
NJ,Bed Bath & Beyond Inc.,Burlington,,2021-10-29,124,unknown,,0,0,1,https://www.nj.gov/labor/employer-services/warn/,cc102e2febfe829d7babfc239a084b2a993753c01354324d53856a9b,ae9bad4fd930a27f9060f0dc95a0c5c4fa39f4f6,2026-07-16,2026-07-23
NJ,Bed Bath & Beyond | Buy Buy Baby Inc | BBB Value Services,Union,,2023-06-26,1293,unknown,,0,0,1,https://www.nj.gov/labor/employer-services/warn/,5ff8afdce9204456f208d49db7f89bfdca658d376391c2eec2feea92,1c4ed757e538940883fb1e0c6907700fa013c643,2026-07-16,2026-07-23
NJ,Bed Bath & Beyonf Inc.,Totowa,,2020-08-22,148,unknown,,0,0,1,https://www.nj.gov/labor/employer-services/warn/,081d5868893764f921ce75e25bd778a135fff5f865c853d245ff16ee,904cc9a4d3447531bb4067abb7744d2c13e8071a,2026-07-16,2026-07-23
NJ,BedaBox LLC dba ShipMonk,Dayton,,2024-06-30,148,unknown,,0,0,1,https://www.nj.gov/labor/employer-services/warn/,75ec9389e7d72025938f4d5dc626160e7f0dd75347ab46a401f5017b,3e6cea73bbfbfe0166ec50f85ee7ae9da2cc804e,2026-07-16,2026-07-23
NJ,"Belden, Inc.",Elizabeth,,2022-05-09,54,unknown,,0,0,1,https://www.nj.gov/labor/employer-services/warn/,af30cd39e2d014f9a3d78a695188c7a4af7df097309623ecad16a049,9c37b65d2a0188f2e4a3f8cd3e5c3e9b4a22caeb,2026-07-16,2026-07-23
NJ,Bemis,Flemington,,2012-01-02,53,unknown,,0,0,1,https://www.nj.gov/labor/employer-services/warn/,06f0744b2b53a9cd6efd6d13dee1d8e9e96764013e1ab0273af1e37f,15415a477aa2c4c0677095a717522c9299a5fb35,2026-07-16,2026-07-23
NJ,Bergen Regional Medical Center,Paramus,,2017-09-30,,unknown,,0,0,1,https://www.nj.gov/labor/employer-services/warn/,5f863918150fa0964131884a698a72fd86dc4b9b7d580750f8f8aa92,f786db9be0c9ee150cda77b514e76093c5d15aed,2026-07-16,2026-07-23
NJ,Bergen Shippers,North Bergen,,2020-03-23,93,unknown,,0,0,1,https://www.nj.gov/labor/employer-services/warn/,62b9f03d0f71e4553d5775dc40e431dad384427a037d358c9199d5d8,25611d02ee4a104ace2863fd5f8674a42d774629,2026-07-16,2026-07-23
NJ,Berry Global,Phillipsburg,,2020-04-22,150,unknown,,0,0,1,https://www.nj.gov/labor/employer-services/warn/,3a631ecef17f74bf381d0f3a08868d6701589271cab71fa587b39bb7,7f6efedf586222bf06b6b2711a28a55be37e8156,2026-07-16,2026-07-23
NJ,Berry Plastics Corporation,Elizabeth,,2011-08-01,66,unknown,,0,0,1,https://www.nj.gov/labor/employer-services/warn/,d0ff2d0f80b0eb1c913e0643d09b3296ec915248f792fab200252b33,378fe1409f763ebf979228de1523fb8f8b9eb17a,2026-07-16,2026-07-23
NJ,Best of Princeton Inc,Princeton,,2019-10-12,6,unknown,,0,0,1,https://www.nj.gov/labor/employer-services/warn/,c26d955128a717b4351d00d1e415728b4aca3278b7b744e37639506b,3a55ec06f97c143649dd9d3a73d1c80bbdb9294e,2026-07-16,2026-07-23
NJ,BetMGM,Jersey City,,2025-05-27,83,unknown,,0,0,1,https://www.nj.gov/labor/employer-services/warn/,9d4f7f0cf48e27b7b6bc8a5a184bcccabb4fd48330b4280ea91ed7ed,18d2cb682ddba2bc0ff5f5a7657eb7318030113f,2026-07-16,2026-07-23
NJ,Big Lots,"Somers Point, Edgewater Park, North Cape May, Toms River, Clifton, Brickton, South Plainfield, West Deptford, Sicklerville, Middletown, Dover, Barnegat, Cape May Court House, Lumberton, Millville, Hamilton",,2025-02-28,385,unknown,,0,0,1,https://www.nj.gov/labor/employer-services/warn/,776501beedd4963f76d0f9dc69dc1889cb2bf140376e2456de727d18,5ca18d64d23970f53b6c2193dd7eb5c396a97603,2026-07-16,2026-07-23
NJ,Bihler of America,Phillipsburg,,2025-04-04,75,unknown,,0,0,1,https://www.nj.gov/labor/employer-services/warn/,83718f7fa1954df0bb197f42a2abe2c6572db5ee62734523192649ae,a53a2bfeabfe8cda35be68f04e93348ffe248efe,2026-07-16,2026-07-23
NJ,BioReference Health,Elmwood Park,,2025-01-01,84,unknown,,0,0,1,https://www.nj.gov/labor/employer-services/warn/,405705b888daf6d632e72737dafbc67d7560790df8be285b151af8da,ceb53aca27cfa93277e79fcf7ee8c45cbfddc2d6,2026-07-16,2026-07-23
NJ,Bishop McCarthy Residence Inc.,Vineland,,2015-12-01,50,unknown,,0,0,1,https://www.nj.gov/labor/employer-services/warn/,23bc54f11f1a43d5f9a30eda7539b6c9b67bb1f45b2ba5f862ee8d40,bba11c4e786ccdbc92f622bb5793b47e469c3817,2026-07-16,2026-07-23
NJ,Blair Road Haulage LLC,Avenel,,2015-07-12,22,unknown,,0,0,1,https://www.nj.gov/labor/employer-services/warn/,ba61b9d3adab0d51d7869df96ab43ae7f1a4b1312e4239d818a951fe,11e4cc44d842b8b021cacf1368fb0815562271cf,2026-07-16,2026-07-23
NJ,Blair Road Logistics LLC,Avenel,,2015-07-12,85,unknown,,0,0,1,https://www.nj.gov/labor/employer-services/warn/,326823873e38101ea6a6afa88b7537a684234fe1cb3b921e8a9feb25,bf7ad81d05a5ec3b0ce3149e838c6dbb7ab55f08,2026-07-16,2026-07-23
NJ,Blue Apron,Jersey City,,2017-10-06,1270,unknown,,0,0,1,https://www.nj.gov/labor/employer-services/warn/,a8e6c054a08b74f16ede6ce2d02554c8b77aa85ad8845096234ac2d9,5332fcef321a9989258f1d002884056849fdc549,2026-07-16,2026-07-23
NJ,Blue Cross Blue Shield of NJ,Newark,,2026-04-26,242,unknown,,0,0,1,https://www.nj.gov/labor/employer-services/warn/,a4c16492bbd9e0e635d99720d469902114dbaa4a3f5a818a3b113a2e,6e422c9d345dcddd98745515c93927b44b7cb1c1,2026-07-16,2026-07-23
NJ,Blue Line Containers LLC,Keasby,,2023-01-15,5,unknown,,0,0,1,https://www.nj.gov/labor/employer-services/warn/,2a97032cedb75359a700bbede4336e87b02f19aa53f139526ad941e8,7a06271cb934bc400aa3cbb90136c495e7b77b5c,2026-07-16,2026-07-23
NJ,Boardakan Restaurant Partners,Atlantic City,,2020-03-23,143,unknown,,0,0,1,https://www.nj.gov/labor/employer-services/warn/,fb2789a0f27c2b69d52a506a38c1c4c6dcba283e36666dcd8da5e1a7,a1fe51d1fe8bfdde1f6f4630c68ebceff8b2750f,2026-07-16,2026-07-23
NJ,Boardwalk 1000 LLC,Atlantic City,,2020-03-30,,unknown,,0,0,1,https://www.nj.gov/labor/employer-services/warn/,744054e30e61c04f4bb64a855a62033ec30941a929384f7af8df4e56,94e1b72591d41543fd81b5c7d76ecc6e0561e8cd,2026-07-16,2026-07-23
NJ,Boehringer Ingelheim Animal Health,New Brunswick,,2025-06-30,90,unknown,,0,0,1,https://www.nj.gov/labor/employer-services/warn/,f8bd975cd0a795b9b954a90c10f011b2104ae2c91efd21427458d779,33533b50aab35754c48024c4581dd47a3aa6b6a6,2026-07-16,2026-07-23
NJ,Bonduelle (Ready Pac Produce Inc),Florence,,2023-05-01,309,unknown,,0,0,1,https://www.nj.gov/labor/employer-services/warn/,fff9557048e848249270b47927b59e0f710679fd00a575c249783264,b5c6b49303fa443fbc701557af66912ae5aea242,2026-07-16,2026-07-23
NJ,"Book Covers, Inc.",Newark,,2011-08-28,73,unknown,,0,0,1,https://www.nj.gov/labor/employer-services/warn/,27f8c9c7c0689eb5f18a71d57c29167ebab85f8e333584583fb601c1,d6581818b016fa1dcebfc99d63d23b748eee8d1b,2026-07-16,2026-07-23
NJ,Book-Mart Press,N. Bergen,,2009-03-13,72,unknown,,0,0,1,https://www.nj.gov/labor/employer-services/warn/,ba873699160f5f28dfce0ae950db7a66a3e966d600968b8ed7189fbf,4fad6bc021e8cdc74011dd33318767a808dcaa42,2026-07-16,2026-07-23
NJ,Boston Medical Group New Jersey Professional Association,Lundhurst,,2020-02-27,2,unknown,,0,0,1,https://www.nj.gov/labor/employer-services/warn/,2aa67109d969a1448660adbff58720351b3b22982f594501315c9d32,899d1e0eb7961d6bf7b20e99e4e907b8bf3a2e61,2026-07-16,2026-07-23
NJ,"Bottom Dollar Food NE, LLC",Salisbury,,2014-12-31,460,unknown,,0,0,1,https://www.nj.gov/labor/employer-services/warn/,f9c358c80314934f2b00a30bfc3c214040e3e761524cbf27f3430611,6b27c25b7ccc5c4d773d3d5987119adc30c0a1eb,2026-07-16,2026-07-23
NJ,"Briad Lodging Group Branchburg II, LLC",Branchburg,,2020-11-10,11,unknown,,0,0,1,https://www.nj.gov/labor/employer-services/warn/,dd4f0d0279a77705f4d45cb83b0fa1de48fc2510e216a101d5187a36,26b40a56e90d16ef890c31c789f826618152f153,2026-07-16,2026-07-23
NJ,"Briad Lodging Group TPS, LLC",Branchburg,,2020-11-10,11,unknown,,0,0,1,https://www.nj.gov/labor/employer-services/warn/,6a81edc60aaa178ebe618856075b5cd1127d145e8362ebf5d090f7d1,e8882181ccbe3efdd290b97bb358c0ce2fb74409,2026-07-16,2026-07-23
NJ,Briarwood Care & Rehabilitation Center,South Amboy,,2014-05-05,209,unknown,,0,0,1,https://www.nj.gov/labor/employer-services/warn/,e088e94e3967ef152cd4feadc92462311610d9716da577000782ab1a,cd6d1d7e25b8676901edfbf04be0b6ea76e6fd81,2026-07-16,2026-07-23
NJ,Bridge Disposal LLC,New Brunswick,,2013-12-12,28,unknown,,0,0,1,https://www.nj.gov/labor/employer-services/warn/,3c00d61d997faf781a75fd7399fd9b92c37300197cc616af0bb0ea80,60e754cf291126b4d27f0d4fecbedf1573425b45,2026-07-16,2026-07-23
NJ,Brinks Home,"Company Location: Lancaster, PA Affected Employees: Monmouth County, NJ",,2025-06-30,61,unknown,,0,0,1,https://www.nj.gov/labor/employer-services/warn/,f9d7e950f3f1d576754e8306263fee34ad02054f57adcd04903b7a25,80a8b8a2bde57ad7b92c36335b5a243cbf400ae4,2026-07-16,2026-07-23
NJ,Bristol Myers Squibb,Princeton,,2023-05-31,48,unknown,,0,0,1,https://www.nj.gov/labor/employer-services/warn/,652d4439bca3429c61beb05ef5607178331f475ac7e995e36ac70199,13928c59b9e06aba153d9a73b49fa9b9c23bf764,2026-07-16,2026-07-23
NJ,Bristol Myers Squibb,Lawrenceville,,2024-04-22,75,unknown,,0,0,1,https://www.nj.gov/labor/employer-services/warn/,bddec2df629fd8bd35c0da00d184a6ef59b492b6a04949c8b03e5b6b,22c13a131bb813211dd434632904cadbb432227b,2026-07-16,2026-07-23
NJ,Bristol Myers Squibb,"Lawrence, Princeton, Berkeley Heights, Pennington, New Brunswick",,2023-11-02,108,unknown,,0,0,1,https://www.nj.gov/labor/employer-services/warn/,5654c5c5f7277c1b3a7a1347546d3b6ebcfd864fdcea81a5d3393164,2612a68d3ff427dacb54dcc596690d438d57121d,2026-07-16,2026-07-23
NJ,Bristol Myers Squibb,Plainsboro,,2012-12-31,479,unknown,,0,0,1,https://www.nj.gov/labor/employer-services/warn/,3093807e3f1fa352a1c07dc05d4e86264f9c033ff22c4f63b3c2508d,5ac7625c72a6fcf2f96ed8abf315086c7066a2ce,2026-07-16,2026-07-23
NJ,Bristol Myers Squibb,Lawrence Twp,,2026-05-21,247,unknown,,0,0,1,https://www.nj.gov/labor/employer-services/warn/,76c43180c842a2d4fc70d13f1b241d2a80aa1ec47f30afcf303cd701,e2f2f77f2c84680636ff801a3ded6fcdcb9f3ada,2026-07-16,2026-07-23
NJ,Bristol Myers Squibb (BMS),Lawrence Twp,,2024-04-25,67,unknown,,0,0,1,https://www.nj.gov/labor/employer-services/warn/,ad2456cdc370d39ea19eb5f1d90b2a5c0f883a489f5766b059cacbfd,c5b44f5ff230d9138206936a3fe7cf52a9176976,2026-07-16,2026-07-23
NJ,Bristol-Myers Squibb,Hopewell,,2017-02-13,2,unknown,,0,0,1,https://www.nj.gov/labor/employer-services/warn/,ef919e0e13a9c074df0feae8bc49e1e4a3064ac1845d76c265f900d8,7415227d7a44e1a9c368f19b030a16a3ca4d311d,2026-07-16,2026-07-23
NJ,Bristol-Myers Squibb,Pennington,,2017-02-13,2,unknown,,0,0,1,https://www.nj.gov/labor/employer-services/warn/,200c5fecb0cb39237e925d52fb2f40064a784a8ccc2725622d80a157,bb4ecc8ad078c7a2d04f4bc385bc7f3721f08cd7,2026-07-16,2026-07-23
NJ,Bristol-Myers Squibb,Lawrence Township,,2017-10-06,58,unknown,,0,0,1,https://www.nj.gov/labor/employer-services/warn/,ea48b5a0fa3707f0974fc1bff587e46f5040fbf79c287603f6262be0,d3591708f5a7fdb6180081a235a6319438c8eae2,2026-07-16,2026-07-23
NJ,Bristol-Myers Squibb,New Brunswick,,2017-12-31,61,unknown,,0,0,1,https://www.nj.gov/labor/employer-services/warn/,baf081befd5bb773666f2387c1fc025b7891e7dbeff826dba7ac1e7f,f2467d4d7f9dddb5ef52eff7c1a68822676be9a4,2026-07-16,2026-07-23
NJ,Broadcom Corporation,Matawan,,2014-09-26,51,unknown,,0,0,1,https://www.nj.gov/labor/employer-services/warn/,c4962840b7ba1b7447838857750328a8f3d83de4e8f30c9ac40fa51f,8c830d61d8758c87964ee611223b880eb04e73c0,2026-07-16,2026-07-23
NJ,Broadstep Academy,Sparta,,2024-10-01,56,unknown,,0,0,1,https://www.nj.gov/labor/employer-services/warn/,033a591163f7f87e5f0d75dc24156105eb8fcad2f8a6fcc76210eee5,a7d2bf8c709f50cc58e75eb2de177acf9602fe60,2026-07-16,2026-07-23
NJ,Brodrick Baptiste,Hackensack,,2020-02-16,500,unknown,,0,0,1,https://www.nj.gov/labor/employer-services/warn/,f901a30817d907b94da5d166b278002555c3d039566cbf5a5f179e18,05ee161817271d65a0a9bea37598cfb25141a0e7,2026-07-16,2026-07-23
NJ,C3i,Denville,,2012-07-31,46,unknown,,0,0,1,https://www.nj.gov/labor/employer-services/warn/,340fa878f975c5e4cd0b277a7aa6d952bb71a7118b7886b00b28a55d,63cbc1a6410cb1081c7f9db9180b89c924ef70e9,2026-07-16,2026-07-23
NJ,"C3i, INC.",MORRISTOWN,,2008-03-31,109,unknown,,0,0,1,https://www.nj.gov/labor/employer-services/warn/,66abeee35963423409146379c6d8675a028acf0f4ca183b24c855bcf,55426b8ce92e56636f89984b7382c932b0cc04ee,2026-07-16,2026-07-23
NJ,CA Technologies,Ewing,,2019-01-07,54,unknown,,0,0,1,https://www.nj.gov/labor/employer-services/warn/,e79a0eb687220f11724d130e5c018b31b9cb340fa1a9e84f00cae107,76bcc687f4d32cbd360c2f2ec0b3335b766971d2,2026-07-16,2026-07-23
NJ,CANNON EQUIPMENT,PASSAIC,,2005-03-11,70,unknown,,0,0,1,https://www.nj.gov/labor/employer-services/warn/,93fd02e39e1cb74354210db64a809d15886260fe28d40d26cae05845,ce17497eeadb20eefb778a50b7a4179ce1f96056,2026-07-16,2026-07-23
NJ,CAPGEMINI AMERICA,SECAUCUS,,2005-01-31,133,unknown,,0,0,1,https://www.nj.gov/labor/employer-services/warn/,2bd8972a64a3fa4c21ba0075f1c95726bb8ec11f8fad8009e718e346,8ad87225a028554c33f5c496c031de77a6f7664d,2026-07-16,2026-07-23
NJ,CARAUSTAR,PINE BROOK,,2006-04-28,52,unknown,,0,0,1,https://www.nj.gov/labor/employer-services/warn/,1063893d42d7adfb2a226e8fcf481aa4776db6b3f5490d1d0f6fe7f2,61af849c5f65afdedea932db5674960f3d4e4cb6,2026-07-16,2026-07-23
NJ,CARDINAL HEALTH 200,EDISON,,2006-03-10,76,unknown,,0,0,1,https://www.nj.gov/labor/employer-services/warn/,4eab0b357ef2929b2e0e16599aa299c8d3ee52da5a988be9a7436753,f55c864e86aeab6bf08c9085fb072c139b4e2aae,2026-07-16,2026-07-23
NJ,CASA DIBERTACCHI,VINELAND,,2005-01-15,40,unknown,,0,0,1,https://www.nj.gov/labor/employer-services/warn/,d76ee780fd78919acf4f43c2bf53a06ba8c66cda795d762fae8c7b8f,7c5b648e224233cb6d19f576f9fdd2de624798c0,2026-07-16,2026-07-23
NJ,"CASTLEFORD TAILORS, LTD",WILLIAMSTOWN,,2009-04-07,145,unknown,,0,0,1,https://www.nj.gov/labor/employer-services/warn/,8505d1d9b91db2fb927b372e301bd0e630cd8b85583026d58e24e540,9c7ca0d303673723be3867b9a35bb0828db141a1,2026-07-16,2026-07-23
NJ,CATALENT PHARMA SOLUTIONS LLC,PENNSAUKEN,,2009-05-18,132,unknown,,0,0,1,https://www.nj.gov/labor/employer-services/warn/,ac51d73fe351ecd9837431f0097c2e031cad1e80b52fa0710cba2386,b87e226fbdbb67858766279f0f165be98324af6c,2026-07-16,2026-07-23
NJ,CB&I,Moorestown,,2014-02-18,30,unknown,,0,0,1,https://www.nj.gov/labor/employer-services/warn/,946e9e80c30b934195365f5c55a067e6a99a761675e4c1c0be5728bb,1d8ab75d105786f3823a8082ec1f0c9d99f57ffc,2026-07-16,2026-07-23
NJ,CC&P,WEST PATERSON,,2004-10-01,50,unknown,,0,0,1,https://www.nj.gov/labor/employer-services/warn/,4c2e15ae3bc06e42015d3ee4b611cf93d60d76a3259e9252e55a84c6,cb6993821d1bc7c71ba0af3a86616e72404dd8d0,2026-07-16,2026-07-23
NJ,CDC SYSTEMS,HAMILTON,,2006-11-30,132,unknown,,0,0,1,https://www.nj.gov/labor/employer-services/warn/,902a8ef03d8c037a59d6eac4c3d419f8d73807fe98df53ef4cca6aee,af820124491ed74f980a64c04632e98da1ad3fc8,2026-07-16,2026-07-23
NJ,CDG MANAGEMENT LLC,NEW BRUNSWICK,,2009-12-06,113,unknown,,0,0,1,https://www.nj.gov/labor/employer-services/warn/,9617d1dfb2e00049b2e90451bd42c23ef1682357945736b7d74c499e,1ed600f0a178f41af3644c59ac5b1011b2f76cb8,2026-07-16,2026-07-23
NJ,CDG MANAGEMENT LLC,OCEAN,,2009-11-27,107,unknown,,0,0,1,https://www.nj.gov/labor/employer-services/warn/,163ae13b38fef02a75903955f7be02e6acdc2b181c0091e2ac2b80fe,f66d249cd440b26035fa55a43dbf3d6d0a3ca3fc,2026-07-16,2026-07-23
NJ,"CDG MANAGEMENT, LLC",EDISON,,2009-12-07,75,unknown,,0,0,1,https://www.nj.gov/labor/employer-services/warn/,9a1e2d2c0ed98b5c0dfa52c95fe5d35179562651a186c97226f2bf60,10e7bfb9934507816dff533b21d9620e97bad732,2026-07-16,2026-07-23
NJ,CELEBRATION,LUMBERTON,,2008-08-01,150,unknown,,0,0,1,https://www.nj.gov/labor/employer-services/warn/,3f0e01f1962cb28a4f4772d3e22b61ab83904d0f34213e69fe0576cd,b96995424c64ba55c38814ad59a1ed9d40457896,2026-07-16,2026-07-23
NJ,CENDANT,PARSIPPANY,,2005-03-01,32,unknown,,0,0,1,https://www.nj.gov/labor/employer-services/warn/,a79e0c1972f9eea223f9ff520fa978da3e0c57ce54488e1d9e09143c,b149c7107f9c53ffd0645a2935587c131d829f00,2026-07-16,2026-07-23
NJ,"CENTER STATE HEALTH GROUP, INC.",OCEANPORT,,2009-10-31,261,unknown,,0,0,1,https://www.nj.gov/labor/employer-services/warn/,8138765c5ea1eb537e7468a0622cd08d2f656ab44c632ab37f158640,5f8487a34f3c6b101da6a17bc3afa5e1bbfeb60a,2026-07-16,2026-07-23
NJ,"CENTRAL AC, LLC",ATLANTIC CITY,,2013-05-05,65,unknown,,0,0,1,https://www.nj.gov/labor/employer-services/warn/,fa0fc579833ec8563b2015b2d59c39ca6988a989ff19f6bebd3d9493,c3e458f74d19d82b9f8a5e6a4a18ffd37fc241de,2026-07-16,2026-07-23
NJ,CENTRAL PARKING,ATLANTIC CITY,,2006-01-15,98,unknown,,0,0,1,https://www.nj.gov/labor/employer-services/warn/,c2fecd9cae84fc65a2f706acc2643c2b480e7616c8695b2013021c3a,611de82cef92980753c8a183a8c2944ec090e672,2026-07-16,2026-07-23
NJ,CENVEO,CARLSTADT,,2009-05-18,46,unknown,,0,0,1,https://www.nj.gov/labor/employer-services/warn/,feccf1057518c5cd53bde508aae0a99d20960c3241abd9d4569b8b41,a9086bff58287d44598f3abed9130167c828f770,2026-07-16,2026-07-23
NJ,CETEC,ASBURY PARK,,2007-10-19,90,unknown,,0,0,1,https://www.nj.gov/labor/employer-services/warn/,95acef41631fdfde9ab739842b53944008552f71909d989084bb0a34,2fffde505c0526d1b62557b7caee7c2387d174e4,2026-07-16,2026-07-23
NJ,CHAMPION MORTGAGE,PARSIPPANY,,2007-01-16,349,unknown,,0,0,1,https://www.nj.gov/labor/employer-services/warn/,e4deca8e39f7f23ea6e513299d17a6b22202fb5deb1d5ced26b1e40f,b47fc4b2d4a14291555ab78de9587e67daa042a5,2026-07-16,2026-07-23
NJ,CHEF SOLUTIONS,THOROFARE,,2005-01-21,100,unknown,,0,0,1,https://www.nj.gov/labor/employer-services/warn/,162a6ce850af3922d509d495746a026fe11a39c5b3f0c73bf05089a1,cedbf1a31cd5e38cf9e555a278d44b5e5bacc6b4,2026-07-16,2026-07-23
NJ,CHEF SOLUTIONS,BURLINGTON,,2004-09-30,75,unknown,,0,0,1,https://www.nj.gov/labor/employer-services/warn/,0de40b0a4f916335f3e7862848f6814243192569c70fb6c49a8800b9,f3532c30d1e63c2312331e12a1e623e07f496f47,2026-07-16,2026-07-23
NJ,CHELSEA PROPERTY GROUP,ROSELAND,,2009-04-17,71,unknown,,0,0,1,https://www.nj.gov/labor/employer-services/warn/,a62bc2f5e612a8284ce51a01c21a07a831e44ed6a55e4dd068da1d5e,38108c56a3f629c63e504d3d5ce0288d4e33aa0a,2026-07-16,2026-07-23
NJ,CHR. HANSEN,MAHWAH,,2008-06-28,50,unknown,,0,0,1,https://www.nj.gov/labor/employer-services/warn/,d51351c369ba568b19176793536020ec86fd03cb1493283d7b755dc1,b80eb4f62917c866431bcd87ec88814598b0fd31,2026-07-16,2026-07-23
NJ,CHRIST HOSPITAL,Jersey City,,,433,unknown,,0,0,1,https://www.nj.gov/labor/employer-services/warn/,84eebe88b78330505000274c09a862f9cbf3830f3c08253ca780564d,f637f0f8d05f3befac386cd7891d97c185067646,2026-07-16,2026-07-23
NJ,CHUBB & SON,STATEWIDE,,2005-03-06,46,unknown,,0,0,1,https://www.nj.gov/labor/employer-services/warn/,0afecb26aca74bc68c6f2750432f5d32c83b762ccf4683afdaa83b22,daadd011a1466875bfcab6d040f3cf58ae6dd25a,2026-07-16,2026-07-23
NJ,CHURCH & DWIGHT CO. INC,NORTH BRUNSWICK,,2009-11-01,258,unknown,,0,0,1,https://www.nj.gov/labor/employer-services/warn/,9334ca06748e62822ba959c1718eef4d4cb2f8d22463b82919ac3d97,3c58bf4ecb5cab87aaf49f74aa55ae5c09c691cf,2026-07-16,2026-07-23
NJ,CIENA,SHREWSBURY,,2006-03-21,89,unknown,,0,0,1,https://www.nj.gov/labor/employer-services/warn/,08996142d91f7ccc3453abfee3557adefd6e72cc2bd6d93d5dfe4711,ae7da7138ef70e9c10e20259cbc088a4eea2f7d0,2026-07-16,2026-07-23
NJ,CINGULAR WIRELESS,PARAMUS,,2005-01-03,8,unknown,,0,0,1,https://www.nj.gov/labor/employer-services/warn/,2fa41a88db78f3720be8b4dc209f4fd175f8eff9fe3c2a3c62768ea8,e58e11c20af6053a685dc74bb7213c8d0c3e510f,2026-07-16,2026-07-23
NJ,CINGULAR WIRELESS,WOODBRIDGE,,2004-11-30,387,unknown,,0,0,1,https://www.nj.gov/labor/employer-services/warn/,f358abc308c1ad79d1fe673e7eaf2d31738f2c60578c08d67b032ee7,fb6afc6b0aa89a22c07c26ac610b707f8d6ca4bd,2026-07-16,2026-07-23
NJ,CINGULAR WIRELESS,PARAMUS/B. RIDGE,,2005-03-07,32,unknown,,0,0,1,https://www.nj.gov/labor/employer-services/warn/,5faac3de42492460f4354da841d7e91cedbd107a6035d07566b6df8c,fe61e5f6dd16572203fcc381458e933113ea1dd8,2026-07-16,2026-07-23
NJ,CIT TECHNOLOGY,MAHWAH,,2007-09-28,137,unknown,,0,0,1,https://www.nj.gov/labor/employer-services/warn/,c8f5ab94ea7c71afa37fc1e96a88751dbbee047dfa58cf3419e2eed4,c33218c07d981be8f4a40caab0c59a8d1e71574f,2026-07-16,2026-07-23
NJ,CITICORP DATA SERVICES,ENGLEWOOD CLIFFS,,2005-01-13,363,unknown,,0,0,1,https://www.nj.gov/labor/employer-services/warn/,7994e1d08a9b30b32af0687f8a386d92fcddea463e7555b9bb5424ff,ccf97b3c0e21d49b73a8936311cc67b9cf41d031,2026-07-16,2026-07-23
NJ,CITY & SUBURBAN DEL.,STATEWIDE,,2009-01-04,372,unknown,,0,0,1,https://www.nj.gov/labor/employer-services/warn/,d77edb1d7e1a1b8f64d03b5fbf33ad7e2b34ec28bb4f83c2d411f977,6ef92d363ce4f0bb869aba2900ca226d5abd4e67,2026-07-16,2026-07-23
NJ,CLARA MAAS CONTINUING CARE AT BELLEVILLE,BELLEVILLE,,2009-01-26,208,unknown,,0,0,1,https://www.nj.gov/labor/employer-services/warn/,ef0e35e5e77094fad1c24533dab3bcf5dc14673309be49c7990a2b1d,71176e57fd054ec63320e8976a08ad2faf5f211f,2026-07-16,2026-07-23
NJ,CLASSAIC SANITATION,JERSEY CITY,,2005-10-04,61,unknown,,0,0,1,https://www.nj.gov/labor/employer-services/warn/,b984a399231eb8a22539f6813cdfe9c2889487bf6439558d298bfd90,a496e98a18f6c1ed8c15d5d92bc1c29993c3b721,2026-07-16,2026-07-23
NJ,CMC Energy Services,Hamilton,,2026-03-02,89,unknown,,0,0,1,https://www.nj.gov/labor/employer-services/warn/,b16a15ed75a03e8293c5216f62e0f66bc1a8706080aa92460cb9bbf1,2b83afac88890b16116b402856be766180445f6b,2026-07-16,2026-07-23
NJ,CME Group,Monmouth Junction,,2012-07-02,110,unknown,,0,0,1,https://www.nj.gov/labor/employer-services/warn/,382232ad752b5ed408f13fa2f9332afa83d73e48ea9c269764601e60,c3edf6d6fb5e63071133975403fdf2853774d079,2026-07-16,2026-07-23
NJ,"CMX, INC.",MANALAPAN,,2010-05-11,196,unknown,,0,0,1,https://www.nj.gov/labor/employer-services/warn/,d9a1b1f773b8e4cd3e0b249c5633a012a1fafe5c613edad3fa370783,2f92f006d10a00f40535887065f397b4ba7330ef,2026-07-16,2026-07-23
NJ,COLEMAN NATURAL FOODS,WILLIAMSTOWN,,2008-06-16,182,unknown,,0,0,1,https://www.nj.gov/labor/employer-services/warn/,49bc65b124b791e97602407dc8dcfa92067dd42879941207364c2172,6f6e7c3610acc60d5242bcf2e3be78661b991dc5,2026-07-16,2026-07-23
NJ,COLMINEX USA LLC,ATLANTIC CITY,,2020-03-22,1,unknown,,0,0,1,https://www.nj.gov/labor/employer-services/warn/,ceb9218e6e31e7d630545145735de7bde5b871a319c341e385a0a22c,d30892090ec7484bf82b6f97383d2dff8673d89e,2026-07-16,2026-07-23
NJ,COLORITE SPECIALTY RESINS,BURLINGTON,,2009-05-06,53,unknown,,0,0,1,https://www.nj.gov/labor/employer-services/warn/,fa2e067c30b45d4163d4b96efe53f3c6d7101cf58a0203eeeaf0cf3c,91175c0df2152d0ba35c2dd1516aa7893271b780,2026-07-16,2026-07-23
NJ,COLUMBUS HOSPITAL,NEWARK,,2008-06-01,874,unknown,,0,0,1,https://www.nj.gov/labor/employer-services/warn/,4644db53a390712f333161ad2ba115a227fde519f7c69a495e3ba325,f3843684aec7ac50dd3f002ad03e41251e1cfa86,2026-07-16,2026-07-23
NJ,COMCAST CABLE,E. WINDSOR,,2009-01-19,185,unknown,,0,0,1,https://www.nj.gov/labor/employer-services/warn/,8a9aef72cea07e81d56fcc8967af2f7bcb6eb6937e438b6203531ff5,a836d07f1c1a964639660b0c75f5696c8e0dfbaf,2026-07-16,2026-07-23
NJ,COMCAST CABLE COMMUNICATIONS,ISELIN,,2010-01-11,66,unknown,,0,0,1,https://www.nj.gov/labor/employer-services/warn/,c3a55f505acdaa19eba7ab4d6aaec9c1e9b6632af7db357712e9b745,ae0d6367c7249959a25b52a230c9ee4eb15b58bd,2026-07-16,2026-07-23
NJ,COMFORT INN/ECONO LODGE,ATLANTIC CITY,,2008-09-01,50,unknown,,0,0,1,https://www.nj.gov/labor/employer-services/warn/,579db7742c76a83ca3185bc241fdbe0e20595024ca63a8c7f4218e8c,8b8e428c5a58166addec317cdf2137da51694843,2026-07-16,2026-07-23
NJ,COMPASS PHARMA,CLIFTON,,2007-09-16,,unknown,,0,0,1,https://www.nj.gov/labor/employer-services/warn/,cc7bcd44c42f17b13b915c88b3b318957c057e9a9a56fd4b5a469a9d,e3e2f510a8749d34eeaa145a46cd531f23177a58,2026-07-16,2026-07-23
NJ,COMPUCOM SYSTEMS,PARSIPPANY,,2007-11-30,110,unknown,,0,0,1,https://www.nj.gov/labor/employer-services/warn/,8e0d389411ea92e1cacd01ac1ba14e2be8e4497754bef918d6473d5c,40727b3899a4901080e65f36b648e5d32849f5ba,2026-07-16,2026-07-23
NJ,COMPUTER SCIENCES,SECAUCUS,,2008-07-11,102,unknown,,0,0,1,https://www.nj.gov/labor/employer-services/warn/,21898b6a0c9f26eb32a915482a6e6e77347252050ea1314a3e1aa4a0,1840d27650541411f3cb2ce7d2356c7ee05e3590,2026-07-16,2026-07-23
NJ,CONAIR,East Windsor,,2019-11-29,98,unknown,,0,0,1,https://www.nj.gov/labor/employer-services/warn/,64166388cf93629543ae557d158205f29cdbb550bbda038c5874a229,8ede183bfc671a12f38a95ceec7066a8ea38e5db,2026-07-16,2026-07-23
NJ,CONTINENTAL AIRLINES,NEWARK,,2009-09-23,,unknown,,0,0,1,https://www.nj.gov/labor/employer-services/warn/,a82c5caa7d3e8134a739715d94f4d0f57910d2094cf026a5f8e3a782,7b6a31b6987ed57619166908c234a90eb714c863,2026-07-16,2026-07-23
NJ,COOKSON ELECTRONICS,JERSEY CITY,,2007-09-07,75,unknown,,0,0,1,https://www.nj.gov/labor/employer-services/warn/,425cc82c1f5ca634cc08ea844f1cc12a3384c9a4137a57b5e319a2bb,8c5fec6814b4ca3cdcec77a2b6ebce4b79ac2741,2026-07-16,2026-07-23
NJ,"CORD CRAFTS, LLC",WHARTON,,2009-11-23,113,unknown,,0,0,1,https://www.nj.gov/labor/employer-services/warn/,cab3fa1f031d19526b4c52a019204b3bb84d7adf18332ff1298daa08,d268d6cfb563a4879ad7d254982f7e5f44aefc6d,2026-07-16,2026-07-23
NJ,CORNELL HALL NURSING HOME & REHAB CENTER,UNION,,2009-07-31,202,unknown,,0,0,1,https://www.nj.gov/labor/employer-services/warn/,1fb976b17af9699692a3999d923e05c7f8ea05cda46dbd7614714349,ca0d1abcb337ce4a80015a84f114c538ed5d52da,2026-07-16,2026-07-23
NJ,CORNELL HALL NURSING HOME - ST BARNABAS,UNION,,2009-12-23,200,unknown,,0,0,1,https://www.nj.gov/labor/employer-services/warn/,ae1273032eaadbf5a8faedcab38541d408768df963e9a87e86e95c67,a889f4a48b76e9f1bfe254369fb2b17b62743d04,2026-07-16,2026-07-23
NJ,CORRECTIONAL MEDICAL,STATEWIDE,,2008-09-30,949,unknown,,0,0,1,https://www.nj.gov/labor/employer-services/warn/,ee7716d2951aa224d41a70ab68b6bf18b6a24369a7bc4768bc21cb4f,03db93f0d95effcd73c356e3cf14853bc4d2f44f,2026-07-16,2026-07-23
NJ,CORUS INTERNATIONAL,PARAMUS,,2009-05-31,7,unknown,,0,0,1,https://www.nj.gov/labor/employer-services/warn/,e641d4a20baa2c02060f62634f98d5b20200032cff05c1877469357e,f931e767b830bb457a2758c411aee70f73ab8d00,2026-07-16,2026-07-23
NJ,CORVEST,THOROFARE,,2007-09-17,127,unknown,,0,0,1,https://www.nj.gov/labor/employer-services/warn/,08b8e3f68be13446f9453d51ab647294d56b5722e41e897b35360bf8,1a497eb8a992f5753828e8342798ee7deeb4c650,2026-07-16,2026-07-23
NJ,"COSCO Container Lines Americas, Inc.",Secaucus,,2014-12-31,56,unknown,,0,0,1,https://www.nj.gov/labor/employer-services/warn/,8bb9ba327cc7a6a6f5d91cf7cc19270c5cce8cca85af43ab2e70da04,d5127d0c668d1ee0d206c278c7849cb393e82e8f,2026-07-16,2026-07-23
NJ,"COSMETIC ESSENCE, LLC",TETERBORO,,2010-04-30,167,unknown,,0,0,1,https://www.nj.gov/labor/employer-services/warn/,4fca6279e9919ce33733e01f246c8a57508487fcb3e05b2ebb22c43a,6356d35ddba96ee6f23b9c760ea93d3c264048a6,2026-07-16,2026-07-23
NJ,COTT ESSEX DISTRIBUTORS,NORTH BERGEN,,2006-01-16,139,unknown,,0,0,1,https://www.nj.gov/labor/employer-services/warn/,15b826220387ef9a236305135245ca11eef3e4f54a4581276409ff16,ea67e6fdbbca2398009eac8d890966a01dcbba8a,2026-07-16,2026-07-23
NJ,COTY,MT. OLIVE,,2007-01-30,360,unknown,,0,0,1,https://www.nj.gov/labor/employer-services/warn/,2e657a9dc2157ba6005894f335c6dd4be882381adb2a2ca4b757bfa9,743aea83082396e17c4108ac85f63266bf6d853a,2026-07-16,2026-07-23
NJ,COUPON SERVICES,JERSEY CITY,,2005-01-20,434,unknown,,0,0,1,https://www.nj.gov/labor/employer-services/warn/,29f87ebcdb92e1547de89925323ab1468c2025896cb3a2fca8e92d09,aa7b99d6c167742693e9b0d76ab25eafd698fa93,2026-07-16,2026-07-23
NJ,CROTHALL SERVICES,NUTLEY,,2005-01-15,119,unknown,,0,0,1,https://www.nj.gov/labor/employer-services/warn/,21a36cb1e1431132beec1f0b56fc7c103472d8e277c4d66430067bf3,f11a4fdbcb30a94f2de08019ef66421c4b1ea419,2026-07-16,2026-07-23
NJ,CROWN CLOTHING,VINELAND,,2005-01-21,,unknown,,0,0,1,https://www.nj.gov/labor/employer-services/warn/,8917397574f866e1e2259257c187b5933dee038634f1331df7dc3ecb,566a9b90bb67994a459bb62d0affe40a13e19353,2026-07-16,2026-07-23
NJ,CRYSTAL CLEAR IND.,RIDGEFIELD PARK,,2006-01-12,128,unknown,,0,0,1,https://www.nj.gov/labor/employer-services/warn/,9c6480e5adf2746142bf6f58db1d6f982be0ccdc4c1ed9c373d5bfbf,5920e531ceefb5ed90e3f2c7828c2acc36ee0866,2026-07-16,2026-07-23
NJ,"CTSC, LLC",FORT MONMOUTH,,2011-04-11,245,unknown,,0,0,1,https://www.nj.gov/labor/employer-services/warn/,beff95b9bf5b6e255a62be7d93699d1f66027d62bddd3471b64404b3,3ae8da697e330991a5f13b235ac7ed193e3d7911,2026-07-16,2026-07-23
NJ,CUMMINS METROPOWER,NEWARK,,2008-03-31,109,unknown,,0,0,1,https://www.nj.gov/labor/employer-services/warn/,215fc2646475e18ba658b885d2ac40c53f69c0a212a16663f400d134,fcdbbc89aae2455ce8ad5fa125ba878840f0d1a1,2026-07-16,2026-07-23
NJ,CVS,Parsippany,,2026-02-02,61,unknown,,0,0,1,https://www.nj.gov/labor/employer-services/warn/,cf81084671767b7d7de2336145e7712641662760da80c4fef2358fbe,80970bd927fd916a631f74136276414b773f2db8,2026-07-16,2026-07-23
NJ,CVS Health,Florham Park,,2025-01-03,111,unknown,,0,0,1,https://www.nj.gov/labor/employer-services/warn/,429ca09ebfc7208a566362ae919aef6e1fdb4db37228d9b21fcd0b10,3cf3ad882881c164ed05ed7a2639c12edb906eca,2026-07-16,2026-07-23
NJ,CVS Health,East Northport,,2017-12-15,12,unknown,,0,0,1,https://www.nj.gov/labor/employer-services/warn/,6890334bf4136d23530029d32a938775b74637901a8cefa0f9efdf66,9367a2ba26532947eff5b00c390d385a35484964,2026-07-16,2026-07-23
NJ,CVS Health,several locations within NJ,,2024-01-27,90,unknown,,0,0,1,https://www.nj.gov/labor/employer-services/warn/,077d5bd31c4f8586866c1fc33b31ebb8dbeef5b11a4fb3cbfb968697,b4f0afcc61924a3e8491e15c3640a13efe481d50,2026-07-16,2026-07-23
NJ,CVS Health,Various locations throughout NJ,,2023-11-15,207,unknown,,0,0,1,https://www.nj.gov/labor/employer-services/warn/,3a32ba2b1690cbd81adc541c2a49bfc37f68af6da5c217c6389d34a1,f71a4191fdbf8ce0e66d980666fb086475d73500,2026-07-16,2026-07-23
NJ,"CWS (Church World Service, Inc.)",Jersey City,,2025-01-31,79,unknown,,0,0,1,https://www.nj.gov/labor/employer-services/warn/,1da051cb7f165632eb3afd547bfffac53e495537c7893bc7446e232d,336d1dccc2be6e8cfa14a45d2a78dd2d4c5c900f,2026-07-16,2026-07-23
NJ,Cadbury Senior Lifestyles,Cherry Hill,,2016-04-30,255,unknown,,0,0,1,https://www.nj.gov/labor/employer-services/warn/,7e41aa0c2c704181d9b2fe8bb785ec3e20bb22b8e74657d8caa5002f,4840b0881650cc8e132c6ca3928034c49f24e98d,2026-07-16,2026-07-23
NJ,"Cadent, Inc.",Carlstadt,,2012-09-12,106,unknown,,0,0,1,https://www.nj.gov/labor/employer-services/warn/,a3e14c90159061fd82e34ae7674323c5b3f0b9653742d4ea91ca3654,520f353acfb7f831fa0588cad0974abd3fa10b86,2026-07-16,2026-07-23
NJ,Canada Dry Bottling Company - East Brunswick,East Brunswick,,2021-01-31,22,unknown,,0,0,1,https://www.nj.gov/labor/employer-services/warn/,365cc7b24ffa9fdca96eb9959e3bc985b69bf38f42ca1769b05b6e10,4151c3d0107a695859067098341693aacd8a03e9,2026-07-16,2026-07-23
NJ,Canada Dry Bottling Company - Hackensack,Hackensack,,2021-01-31,44,unknown,,0,0,1,https://www.nj.gov/labor/employer-services/warn/,150e863c49b5c14eb1995809858e85a1e4692ec1593232f42b1c57b0,da5658330e85fa15b10a80fe429326df66f7a341,2026-07-16,2026-07-23
NJ,Canberra Dover,Dover,,2011-08-31,64,unknown,,0,0,1,https://www.nj.gov/labor/employer-services/warn/,7d2d57d600f657da56666e018b3f42e04d9e354012ad64dc94d0f620,e6fc991e4ef1e024e53842720dbe9b2bd73a640f,2026-07-16,2026-07-23
NJ,Canon Business Solutions,Lyndhurst,,2011-01-14,80,unknown,,0,0,1,https://www.nj.gov/labor/employer-services/warn/,3d69e1ef48b837999057c3fe94be92935c82ef1bfc7450d773c1fc45,8ee199b86a80a80942e655ec126e4b91ce12e7d1,2026-07-16,2026-07-23
NJ,Capital Health,Trenton,,2019-03-08,103,unknown,,0,0,1,https://www.nj.gov/labor/employer-services/warn/,61f3bc887cd2a91e221e14a6022f950d44b1133d3581c7e3b43cd6e7,ec6136e20f15fdd41b8f77658df28b9dab9674ec,2026-07-16,2026-07-23
NJ,Capital One,Secaucus,,2013-11-09,53,unknown,,0,0,1,https://www.nj.gov/labor/employer-services/warn/,d76529cf0a2b56f6c403477356d111a509e5cd376d63ed7f7f33b9a5,1655adfeb10e635a3a7f93011987c63b44772a01,2026-07-16,2026-07-23
NJ,"CareFusion Resources, LLC",San Diego,,2014-08-08,390,unknown,,0,0,1,https://www.nj.gov/labor/employer-services/warn/,ebbd2f02b6049f2b36dd1d0eb1d19859b6d8812ce151a5c75bf380e0,5c1a91b65d5f0ddf657d69d117ec3422d4c0f8c7,2026-07-16,2026-07-23
NJ,CarePoint Health Management Associates,Jersey City,,2020-01-13,241,unknown,,0,0,1,https://www.nj.gov/labor/employer-services/warn/,0d330b65e6fcd1bd9d67a58e5180a9407522b650c6040ddcf6887ccb,6406c7f71093bbdb8ef680e1e428c8f1822df339,2026-07-16,2026-07-23
NJ,Carmine's Atlantic City LLC,ATLANTIC CITY,,2020-03-16,181,unknown,,0,0,1,https://www.nj.gov/labor/employer-services/warn/,95f3eaf5b7d0aa7c234e4dab03f3a781628acc90df71f93626cc8d09,419ea90a1cb46f4ee1c553a923c507e1b6b3c4ec,2026-07-16,2026-07-23
NJ,"Cartondruck, USA, Inc.",Fairview,,2011-08-25,77,unknown,,0,0,1,https://www.nj.gov/labor/employer-services/warn/,3c6795459a91e7d767464829b2fdde144d4ece2f4ff7f515863fdd41,3f084a8f69a743cd8bb6409cd7a7dd3bf59a43f8,2026-07-16,2026-07-23
NJ,"Catalent CTS (Kansas City), LLC",Mount Laurel,,2012-09-14,97,unknown,,0,0,1,https://www.nj.gov/labor/employer-services/warn/,1006858c2a48674fff7acf81b6a0546a030af2d91ea2641635479728,507cf4f848342f672e7b5b5c580337b6fceab1c4,2026-07-16,2026-07-23
NJ,"Catalent CTS (Kansas City), LLC",Allendale,,2013-05-20,89,unknown,,0,0,1,https://www.nj.gov/labor/employer-services/warn/,e8c435bca9845209046f0d68676cc29f79eaaaca05f64cf871d64581,f5faa94fc55b4d390bd6c192b594c5362d0f923e,2026-07-16,2026-07-23
NJ,Catapult Learning,Trenton,,2024-08-30,138,unknown,,0,0,1,https://www.nj.gov/labor/employer-services/warn/,65aabc4faa705e7a86c320d8d4506ca483a6d726850b49520554a6d3,e59f2bdf877972f4213f1f80a2f9dc71d8a292f9,2026-07-16,2026-07-23
NJ,Celsius,Hoboken,,2022-09-30,55,unknown,,0,0,1,https://www.nj.gov/labor/employer-services/warn/,3a17128af1b6add9c1edd66dba1b24247013dbf2e3e5dd3d7542de41,bdb8cca6dfdd998c67e3d239bfdff223eadb3143,2026-07-16,2026-07-23
NJ,Celularity Inc,Florham Park,,2023-03-27,188,unknown,,0,0,1,https://www.nj.gov/labor/employer-services/warn/,dadbe810ace0f3bdc0e570bb0bfadbb3485d2aa67287b855bc97ade4,0824a9e193640e9e126b5e3b673568d4296bae2c,2026-07-16,2026-07-23
NJ,Cenlar FSB,Ewing,,2023-10-02,85,unknown,,0,0,1,https://www.nj.gov/labor/employer-services/warn/,148967867a4b191d5bdcce0a2144e46e523a681177feb7decb4d16ad,2786a2f7d4ee654acd20c6a5798508dec7ba169e,2026-07-16,2026-07-23
NJ,Centerplate,Newark,,2012-06-29,643,unknown,,0,0,1,https://www.nj.gov/labor/employer-services/warn/,6f29f8c0daf5b04bec9bfe4fdb924d3779648d2731d0e75a3f6bfbfa,6a8735a499669f6a7982e89f9789d1ed14813e24,2026-07-16,2026-07-23
NJ,"Central Lobby, LLC",Atlantic City,,2012-10-07,120,unknown,,0,0,1,https://www.nj.gov/labor/employer-services/warn/,a226415d35d2111cf64e3522e6c3d98941aa20142d664bef255c1e59,49e89f89b51e427138408bf94e3f795c95a34a2c,2026-07-16,2026-07-23
NJ,Century 21 - American Dream,East Rutherford,,2020-09-11,70,unknown,,0,0,1,https://www.nj.gov/labor/employer-services/warn/,987ecb07998f5258e59090e91bbfd91a6031e312b25a8b24ddbe1f3b,cbdcf3e889cda9b85041027deace6f6ced14a6b0,2026-07-16,2026-07-23
NJ,Century 21 - Distribution & Corporate Offices,Secaucus,,2020-09-11,757,unknown,,0,0,1,https://www.nj.gov/labor/employer-services/warn/,49055f6ebadb6098db0e73147bb14a8f9252730e95b8bbd4385c40df,c4e2b469def55470f2efde15f560ec538236e5e4,2026-07-16,2026-07-23
NJ,"Century 21 Department Stores, LLC",Secaucus,,2020-09-11,757,unknown,,0,0,1,https://www.nj.gov/labor/employer-services/warn/,5268b5032d49cef201eaf4f8fcd267ce0de2f4ecdffcd9bf55fd9e0b,e5b2be1bfd2a3947774c0e5b1d6482c221b9a17f,2026-07-16,2026-07-23
NJ,Century 21 Stores - Jersey Gardens,Elizabeth,,2020-09-11,33,unknown,,0,0,1,https://www.nj.gov/labor/employer-services/warn/,0ba65648e763077e576fdb3b8f80a9ef3fbbe828a68ec03f84aea71a,a985438b2d793ed53e17d83415f41d94dd7e38d0,2026-07-16,2026-07-23
NJ,Century 21 Stores - Morristown,Morristown,,2020-09-11,29,unknown,,0,0,1,https://www.nj.gov/labor/employer-services/warn/,4ccffe14c9766bffacf972d8bf7137a8e97a9a71494e4c2be81706f5,6e5f3fc71f944cda5e94186450b8ae8f439585d0,2026-07-16,2026-07-23
NJ,Century 21 Stores - Paramus Store,Paramus,,2020-09-11,74,unknown,,0,0,1,https://www.nj.gov/labor/employer-services/warn/,6b7a2e1bc0fd6eb34565d83e2d04a9d326caab04d95ea82eb4cc7a86,85efcecdd1758366d45a5fb509485339d3bb2d9f,2026-07-16,2026-07-23
NJ,"Certech, Inc.",Wood-Ridge,,2021-12-31,267,unknown,,0,0,1,https://www.nj.gov/labor/employer-services/warn/,3e385da285c9da260c83b407075682fc56b7f47665225fc7e672603d,aaf1d0f597304d85c8efa0078ae05b868f6f8579,2026-07-16,2026-07-23
NJ,Certified Dermatology Of New Jersey LLC,Toms River,,2020-03-16,56,unknown,,0,0,1,https://www.nj.gov/labor/employer-services/warn/,3f8ba999d10805613994f43cec0fb74d8c4ab886ee9bd4ed50fa3696,3d0ddb848b977ab23b5fdc7bb0af22bfc66ed0d2,2026-07-16,2026-07-23
NJ,"Chanel, Inc",Piscataway,,2016-09-30,75,unknown,,0,0,1,https://www.nj.gov/labor/employer-services/warn/,e3c53320f864d8e5b9ee943da8dc89d370d3524288884a8fc91aedfc,d8c701dca8cb2c8402c2697f389eb4099af2ea6f,2026-07-16,2026-07-23
NJ,Charles Schwab & Co. Inc.,Jersey City,,2024-02-05,109,unknown,,0,0,1,https://www.nj.gov/labor/employer-services/warn/,429d63784457282a6c318d2b76ffcc900cfea31770f5227a3e299244,23c21be0cd0c8e0edeb9c32fdbe5bfebbff79da3,2026-07-16,2026-07-23
NJ,Chartwells/Compass,Newark,,2010-09-01,246,unknown,,0,0,1,https://www.nj.gov/labor/employer-services/warn/,dca9577d73c4d3fc7c658fc9ce26e7a4aa01971f3668a95dcc98bf8d,c92aee77cfb1a99948b9bb45ffeb2e626f96fdbd,2026-07-16,2026-07-23
NJ,Chep Services LLC,Barrington,,2023-01-14,74,unknown,,0,0,1,https://www.nj.gov/labor/employer-services/warn/,541a0a315bd5d620a8adad384c4a40fe1dc1ce1327dbcd67455ad174,bde2e467762331906cc37efb632b4eb53c11835f,2026-07-16,2026-07-23
NJ,Chesapeake Pharmaceutical and Healthcare Packaging,Fairfield,,2014-06-30,50,unknown,,0,0,1,https://www.nj.gov/labor/employer-services/warn/,7255ff4ebd97b59a0a1e9c0338e3694941929adffaed860cff8c0a50,fcbd056730923186bd1222492212758d98dbc5d7,2026-07-16,2026-07-23
NJ,Children’s Place Services Company LLC,Secaucus,,2023-07-14,138,unknown,,0,0,1,https://www.nj.gov/labor/employer-services/warn/,1bb4b223557bfd38b2ab18fb66b7314e41366c647bcb245e6f04e463,9556485bc2f9dbcd89675310939dbe243c7a5c57,2026-07-16,2026-07-23
NJ,Chistmas Tree Shops - Location 2,Brick,,2023-07-07,61,unknown,,0,0,1,https://www.nj.gov/labor/employer-services/warn/,bf41d4ad6f9edd23baed1c36e07ee2cd23bff1bb32981245b49b6d14,6c563057199387122f662dab63a78ea254e973cd,2026-07-16,2026-07-23
NJ,Chistmas Tree Shops - Location 3,Bridgewater,,2023-07-07,40,unknown,,0,0,1,https://www.nj.gov/labor/employer-services/warn/,145ada5a83ba8b4a3e93699773cbb559747b56da3211f4ed9430c7f7,265b7cf18922f66186eff606ea5e56fb1d93c326,2026-07-16,2026-07-23
NJ,Christmas Tree Shops - Location 1,Springfield,,2023-07-07,143,unknown,,0,0,1,https://www.nj.gov/labor/employer-services/warn/,fae282b7e27d0be1aae1f82fcd20aa8e8fdac1204c46cd132f17b87c,f95ef9f07c8a12dbdb72d23c45035f2b44dd2ea1,2026-07-16,2026-07-23
NJ,Christmas Tree Shops - Location 10,Woodland,,2023-07-07,58,unknown,,0,0,1,https://www.nj.gov/labor/employer-services/warn/,2073e415011d3bdec7429dabb2724e4ec32a51a45385f7b559b5c208,92f604d5b93666f9dae870609a63e94d1d918b82,2026-07-16,2026-07-23
NJ,Christmas Tree Shops - Location 4,Cherry Hill,,2023-07-07,37,unknown,,0,0,1,https://www.nj.gov/labor/employer-services/warn/,aaf3fbf832d2ebb0cb82504eaace9aa487e83dedc739be8dcd23b278,4c684b730d3c5ee50a0cc89f70120dd62c92b704,2026-07-16,2026-07-23
NJ,Christmas Tree Shops - Location 5,Deptford,,2023-07-07,33,unknown,,0,0,1,https://www.nj.gov/labor/employer-services/warn/,7423f722b3c5a21874fa7ec3624b0dfd637512baf0edd73af95e64f0,05ece107293af14cecd65570fd0dc3960cf2b2cc,2026-07-16,2026-07-23
NJ,Christmas Tree Shops - Location 6,Freehold,,2023-07-07,51,unknown,,0,0,1,https://www.nj.gov/labor/employer-services/warn/,398f99b86439820fe9413f2ada54047278dd196ce16f4576b418f973,bda02daffd83ff84e878951be15cfedb0284f5e1,2026-07-16,2026-07-23
NJ,Christmas Tree Shops - Location 7,Square Mays Landing,,2023-07-07,20,unknown,,0,0,1,https://www.nj.gov/labor/employer-services/warn/,6caf6a542d7516a62099cc40338b1f161a6e22d2ed3ad97234cbdf8f,0a20907f729ae60acb30b7fe13ef7a8110b8c275,2026-07-16,2026-07-23
NJ,Christmas Tree Shops - Location 8,Paramus,,2023-07-07,48,unknown,,0,0,1,https://www.nj.gov/labor/employer-services/warn/,d9d979c9bcfec492476ceeaa4861160651c73b3bf3c7bb2de5b5e397,5fe4015058b614e471d887ff42938b5b344e3739,2026-07-16,2026-07-23
NJ,Christmas Tree Shops - Location 9,Rockaway,,2023-07-07,40,unknown,,0,0,1,https://www.nj.gov/labor/employer-services/warn/,cd8bcc64716ce73ed4372f1a066e564bafc165708dada3cac5c8f965,37a306771c49e76eacf4edf98beeef625849f590,2026-07-16,2026-07-23
NJ,Cigna Evernorth Services,Morris Plains,,2026-04-29,134,unknown,,0,0,1,https://www.nj.gov/labor/employer-services/warn/,d704bd4cf1ced5b419df726207eeee7ccbbff021cf1419ec6542b2aa,60845c6766260aa885a23509b866e99a6947c14d,2026-07-16,2026-07-23
NJ,Cinepolis USA,Hackettstown,,2020-07-31,,unknown,,0,0,1,https://www.nj.gov/labor/employer-services/warn/,0f2716d2b2d7ebd318c96ae5de6ead21011d7f54e6d8ac7d1e5ebde2,f1def2d3f5a611a19f2e3080ca86b13e7702375f,2026-07-16,2026-07-23
NJ,Cintas Corporation,Belleville,,2018-05-31,49,unknown,,0,0,1,https://www.nj.gov/labor/employer-services/warn/,f4544ab9585bb1b41e46f3ea503518dff77d3b5e0461da11c323ceb5,e03b3ec621e54177d7c21a390ecbe64d33c0bd10,2026-07-16,2026-07-23
NJ,"Cintas Corporation No, 2",Belleville,,2018-05-31,49,unknown,,0,0,1,https://www.nj.gov/labor/employer-services/warn/,f697a0acb4b2ee530b2757b6209e5818ba298ea90d9015808c329075,59f3d3bd02c588870390f2ce704ac352272bf8b8,2026-07-16,2026-07-23
NJ,"Circuit City Stores, Inc.",Ledgewood,,2009-03-21,84,unknown,,0,0,1,https://www.nj.gov/labor/employer-services/warn/,35b429aa4748030280efd3c3a12f959b17bcfe4a3dc33f098521aec0,65a14f71217583c2d4c9a62392d7fa62d4230b1c,2026-07-16,2026-07-23
NJ,Citibank,Jersey City,,2025-10-21,52,unknown,,0,0,1,https://www.nj.gov/labor/employer-services/warn/,fbfcbae34a2717ac4355b39989b0fbb0a8a56235d52a951c8d14b34f,0d83f02d04e2dc87d3d6a4b21fe8f07fa0d1da50,2026-07-16,2026-07-23
NJ,Citibank,Statewide,,2026-05-21,141,unknown,,0,0,1,https://www.nj.gov/labor/employer-services/warn/,4e1c2150b514aad2b1c42b62d729b0d9c5fddc396172efd2c7c2f3db,618e5f54dadaca5214e4d7f4f5d2093ed0b324a4,2026-07-16,2026-07-23
NJ,"Citibank N/A, Citigroup Global Markets Inc, Citigroup Technology Inc, Citishare Corp","Jersey City, Rutherford, Short Hills, Paramus,Hoboken, Fort Lee",,2024-01-04,187,unknown,,0,0,1,https://www.nj.gov/labor/employer-services/warn/,80395dab0cd0f1b03ff4b2203fbc41c55eb6183fdcf30f16a60fee58,a2db4e5450899d61d265f85598c9a10304504098,2026-07-16,2026-07-23
NJ,"Citibank, N.A.",Hudson and Bergen Counties,,2026-06-28,68,unknown,,0,0,1,https://www.nj.gov/labor/employer-services/warn/,81b887d17daf6a02487009ca4725b0a1dd9111ef50746cfcc7106299,3ee6a34b317b1383032f261414e283903304d870,2026-07-16,2026-07-23
NJ,Citicorp Data Systems,Englewood Cliffs,,2011-05-20,276,unknown,,0,0,1,https://www.nj.gov/labor/employer-services/warn/,393f6f597a8c4ced73c141948f3cca62916573f88b863d143dc49d7b,9842bc10b14d204c0f16ea0243e57f6d4a2cdfe5,2026-07-16,2026-07-23
NJ,"Citigroup Technology, Inc.",Weekhawken,,2012-10-19,88,unknown,,0,0,1,https://www.nj.gov/labor/employer-services/warn/,69337becdd5ddf4876c836f55fe6036f47a85fcb9d676bee5830575d,7369ba1ad29fd8bd6c7629e7edfa32331d6b00ae,2026-07-16,2026-07-23
NJ,Claire's Boutiques Inc.,"Bergen, Burlington, Camden, Cumberland, Essex, Gloucester, Hudson, Mercer, Middlesex, Monmouth, Morris, Ocean, Passaic, Somerset, and Union Counties",,2025-11-03,155,unknown,,0,0,1,https://www.nj.gov/labor/employer-services/warn/,090b4e6bfddaae346c935b066137eec9f90917f663359ffd0210d32b,56b1939a070c3d49496a5d7f55647a20f53885e7,2026-07-16,2026-07-23
NJ,Clara Maass Contimuing Care at Kearny,Kearny,,2010-11-30,204,unknown,,0,0,1,https://www.nj.gov/labor/employer-services/warn/,4c8b065b74fba3a67769ca05afff01eb34b1c4288114631d71f5c5d2,c91cfc254bc3a6281320d4b34e4aca8da9f1f7b5,2026-07-16,2026-07-23
NJ,Clara Maass Continuing Center at West Hudson,Kearny,,2010-11-30,143,unknown,,0,0,1,https://www.nj.gov/labor/employer-services/warn/,89298d7c7f22ad64f5706555c264ed413ddfb22c418fcfbf740900ce,f8442c632782aa666f264cd00e12684aff32c3f8,2026-07-16,2026-07-23
NJ,Clover Health,Jersey City,,2019-05-28,64,unknown,,0,0,1,https://www.nj.gov/labor/employer-services/warn/,3165d487826779d7d0428c356c373b59bb1c847cc934eb3af458dec7,3e844e7fa87a34e87a68a27c92dc5c2f06243952,2026-07-16,2026-07-23
NJ,Club Wyndham Atlantic City Skyline,Atlantic City,,2025-12-31,116,unknown,,0,0,1,https://www.nj.gov/labor/employer-services/warn/,9c9d47a39cdea26cc9f196b701382babeedf3649c700bdce7615833e,d66d1bb5c4230de40d4ecb47aa2e3fbcf6540178,2026-07-16,2026-07-23
NJ,"Coastal Learning Center, Inc.",Point Pleasant,,2011-06-30,23,unknown,,0,0,1,https://www.nj.gov/labor/employer-services/warn/,151cc4be39210e98b37b2ebad943e07cad231d102d3f1988e8362fb6,aaf823b3f0c50065bf3faa99e13958b00314c293,2026-07-16,2026-07-23
NJ,Coherent Corp,Warren,,2024-08-20,16,unknown,,0,0,1,https://www.nj.gov/labor/employer-services/warn/,0d04403a8c2417bac22b3f6f59d9b981b034dde575e224d0ffc3f897,704bf399856547865a9e9e8006cfba845640957e,2026-07-16,2026-07-23
NJ,"Colgan Air, Inc.",Newark,,2012-09-09,195,unknown,,0,0,1,https://www.nj.gov/labor/employer-services/warn/,4308ef70372685cfab6e82c08bef0a66a4742edeeaa0986aecd8c99b,38d3f9514a5fce5a79c49a726eb181f4510f0953,2026-07-16,2026-07-23
NJ,Colgate Paper Stock Company,New Brunswick,,2013-12-12,17,unknown,,0,0,1,https://www.nj.gov/labor/employer-services/warn/,c6f480ce8fe598fe140cef3a40a891917453cf5bdfc6e0a684bfe6aa,9fa2ef346e950a81f8f308eca9607564d9beb148,2026-07-16,2026-07-23
NJ,Colgate-Palmolive,Morristown,,2016-06-15,300,unknown,,0,0,1,https://www.nj.gov/labor/employer-services/warn/,49ba4defb9a70cec4e3c28ef68fe06e5ed72f6ea8a0d080b723c0916,24db70bf67d9a0a4aa4205eaf8f458f2ae58dd9a,2026-07-16,2026-07-23
NJ,Comcast,Union,,2012-11-09,66,unknown,,0,0,1,https://www.nj.gov/labor/employer-services/warn/,b5868fe5e3cec1b78f55dcf11bb654ac3fa9fc2c3dc9c195a8c393d2,114e64dc1ca388cbc54058fa633a1eaa9299a1b6,2026-07-16,2026-07-23
NJ,Comcast Cable,West Deptford,,2017-06-16,88,unknown,,0,0,1,https://www.nj.gov/labor/employer-services/warn/,828d5573fb43385df48a0892d8d45cfa1bb823d95329a095e28a6462,6ea2e02800f97eac37de8bf6fb30e66645029c10,2026-07-16,2026-07-23
NJ,Command Security Corporation,Los Angeles,,2017-08-31,113,unknown,,0,0,1,https://www.nj.gov/labor/employer-services/warn/,b47040432b2a0803e8233f11bdacfbbc6a29f04a2d3322b255e62cc8,06af359719fdc93f59c110465a6954d7044a6f02,2026-07-16,2026-07-23
NJ,Command Web Offset Co.,Secaucus,,2011-11-15,105,unknown,,0,0,1,https://www.nj.gov/labor/employer-services/warn/,68a4b8a8f99952e3da352f80aa8df7cebcd6c9a4fbe307847c458a52,7ee769e9f3a85843c3a26c2eda1e890883a0ab72,2026-07-16,2026-07-23
NJ,"Community Access Unlimited, Inc.",Cranford,,2017-03-31,98,unknown,,0,0,1,https://www.nj.gov/labor/employer-services/warn/,6c003496479af74881cc71d0c91ec6c7bcc2dc65e8ab30b416c99b5c,336d5b541f5b2bf5d6c4b3410fb528d7eaaf8596,2026-07-16,2026-07-23
NJ,Community Development Institute,Absecon,,2013-10-31,115,unknown,,0,0,1,https://www.nj.gov/labor/employer-services/warn/,596073b74560f6e9a93a5e55ba64b8d8a64070faa798269583ea3a6a,db082135a68d205c51f1eb45e8438f99e2ffd504,2026-07-16,2026-07-23
NJ,Community Development Institute Head Start,Newark,,2016-08-31,237,unknown,,0,0,1,https://www.nj.gov/labor/employer-services/warn/,f926f51bcef940d7bd8a82ad6ce69681ed255cbafae223d6f939f266,7cad00a9b7d884a8e2eb0189bd054b8afca8d165,2026-07-16,2026-07-23
NJ,Community Education Centers,Newark,,2017-05-31,166,unknown,,0,0,1,https://www.nj.gov/labor/employer-services/warn/,3c3711666f8a6f9380d486e46e4acff52e6ac5dcdf11e2c8eb615ebb,eb9983fb43959a2b15e9bbb71958ac850818822c,2026-07-16,2026-07-23
NJ,"Community Housecall Providers, LLC",Jersey City,,2020-01-13,17,unknown,,0,0,1,https://www.nj.gov/labor/employer-services/warn/,8ba7110340a78dffeb71168c0cc35b1a9f7667c562e9c4aff396c3be,507ae8516c3858c2a98aae3a97d1f1cea79bca7e,2026-07-16,2026-07-23
NJ,"Community Transit Lines, Inc",Paramus,,2024-09-08,123,unknown,,0,0,1,https://www.nj.gov/labor/employer-services/warn/,7f2e63d0bbbfa43ab11bbd460724701a8c5714d0a3f10b4c74dfb38c,e57529d381bd39893549d1bd254659739bd8ee40,2026-07-16,2026-07-23
NJ,Compass Group USA d/b/a FLIK Lifestyles,Voorhees,,2017-08-26,101,unknown,,0,0,1,https://www.nj.gov/labor/employer-services/warn/,dc41b19efee4b004a7a75ce12d1f2d5b0ebd5c703f5135ae7c2193a1,0b016c07d2b1e2fc9c73f41f35e2e726c4d35131,2026-07-16,2026-07-23
NJ,Compass Group dba: Chartwells,Woodbridge,,2021-11-28,103,unknown,,0,0,1,https://www.nj.gov/labor/employer-services/warn/,fc1a9982dbd0bcc633c9443513b10563d4a5b9a2e5c2118ee86df27c,808ce29b3035ee442c9a5a6018ef6736a65184dd,2026-07-16,2026-07-23
NJ,"Compass Group, dba Chartwells Higher Education at Montclair State University",Montclair,,2020-08-21,105,unknown,,0,0,1,https://www.nj.gov/labor/employer-services/warn/,ca245c69a0cc4664eb076a34dc93535592c8326e37d0d1df5cd97d5b,16a86c99c33e7a37716ed785321a309cd43da701,2026-07-16,2026-07-23
NJ,Compass Inc.,Madison,,2026-01-09,110,unknown,,0,0,1,https://www.nj.gov/labor/employer-services/warn/,c779e507d2755d5e851c13b586415b75e9be3116c946dbcade38abcb,f01d7e3afd858fe5851c68b2367172348be86c73,2026-07-16,2026-07-23
NJ,Comprehensive Decommissioning Intenational (Oyster Creek),Forked River,,2021-08-01,92,unknown,,0,0,1,https://www.nj.gov/labor/employer-services/warn/,a69301816338b3e265cf63c06d03cc3ac1518aa6a054f6847e987f9b,1c0c6535e145da81415cf4122e187fce4bb5a4ca,2026-07-16,2026-07-23
NJ,Computershare,Edison,,2013-05-24,58,unknown,,0,0,1,https://www.nj.gov/labor/employer-services/warn/,1552fe3d707692a44445b476fd1d04539b6c35504537a76f37115203,4bdc268b0545e3fa4629f2e4356ac5b50da49ec9,2026-07-16,2026-07-23
NJ,"Conagra Brands, Inc.",Parsippany,,2019-03-22,308,unknown,,0,0,1,https://www.nj.gov/labor/employer-services/warn/,ebdf4ce4c5cfa2cfc44fc1085f510fcd636a1b8a96c5645b3b93d0ae,8bee8c8060bfc235223afde883fad49cb7ce798c,2026-07-16,2026-07-23
NJ,"Conagra Brands, Inc.",Cherry Hill,,2019-05-24,196,unknown,,0,0,1,https://www.nj.gov/labor/employer-services/warn/,e18496aa860b05c53f8b7efd9bb737835671e9a5921ee57bd85c3f73,ec87823cd876a47b3e13c4c4699ec74b5d4728da,2026-07-16,2026-07-23
NJ,Concerned Parents for Head Start,Paterson,,2013-07-01,63,unknown,,0,0,1,https://www.nj.gov/labor/employer-services/warn/,3a66ca0fe9066d5c87808bbf598140260d9c4afafe295c17f9d7022b,fe15928a70b50a14314a4107b92c11d5e7ccffdd,2026-07-16,2026-07-23
NJ,"Congoleum Acquistion, LLC",Trenton,,2022-02-01,29,unknown,,0,0,1,https://www.nj.gov/labor/employer-services/warn/,049f29f9def9016243d0daa457b6d753808c659c9a70dfbd912eadf5,3b3e24256a29a05b0f9eab2222f9b0ded5743daf,2026-07-16,2026-07-23
NJ,Congoleum Corporation,Hamilton,,2014-09-01,65,unknown,,0,0,1,https://www.nj.gov/labor/employer-services/warn/,b058fee67fa38f78bb3768cf2e4c43bccfc23e4e0ea40ad19a495c0a,5d83a35eb9ff057c3e2aec1d58e5658f7aa5681a,2026-07-16,2026-07-23
NJ,"Consolidated Services Group, Inc.",Cherry Hill,,2011-10-24,106,unknown,,0,0,1,https://www.nj.gov/labor/employer-services/warn/,eb83df252efc5abac50152964a68303db26559ed91a7b8193f6af716,416a6948364365cd1305b16f26ce8d6bca42a7b2,2026-07-16,2026-07-23
NJ,Continuum Health Alliance,Marlton,,2015-06-05,88,unknown,,0,0,1,https://www.nj.gov/labor/employer-services/warn/,531c4a510fd4ecd2723c9d914c4461634c89110bb4928789588c472e,aff9a0e5b9a165e51f0ee24e7c8737dba358de1d,2026-07-16,2026-07-23
NJ,Coperion Ktron,Ramsey,,2015-10-31,34,unknown,,0,0,1,https://www.nj.gov/labor/employer-services/warn/,22657c404ac5ae7169f81289ce57aa6f8fc60d63ab99da848d259c36,066f7b150c0fe7bb5c7e6c5b912e93f76888baa2,2026-07-16,2026-07-23
NJ,Coram/CVS SPECIALTY,Totowa,,2022-09-18,58,unknown,,0,0,1,https://www.nj.gov/labor/employer-services/warn/,70ba3439ccca79f1793bd7e6378366c3809b90a0f3560e46889b8f31,a3ccabe766023254d79b95a4a267600e21268468,2026-07-16,2026-07-23
NJ,Cordis Corporation,Warren,,2011-08-19,106,unknown,,0,0,1,https://www.nj.gov/labor/employer-services/warn/,9a052915787d8a3f67f0b51e2ad4b9876726a44f7aa2db9c46155417,1df621e0c09640f5d145ec8672a60d31f3b798f6,2026-07-16,2026-07-23
NJ,Corin USA,Tampa,,2019-12-31,2,unknown,,0,0,1,https://www.nj.gov/labor/employer-services/warn/,a1884146d6faa30f64ac2cbeae02940194c48bdfb2d52a5711454a46,047940f68fdc730d16d5272578119c7f9d006b37,2026-07-16,2026-07-23
NJ,Cornerstone Building Brands Inc.,North Brunswick,,2024-07-18,72,unknown,,0,0,1,https://www.nj.gov/labor/employer-services/warn/,8d152171bd8e19027f5fceec78e1fda7e7659a39e911eddcb43f7534,48cb35875827056a790283633e2659e3e1c45103,2026-07-16,2026-07-23
NJ,"Cosette Pharmaceuticals, Inc.",South Plainfield,,2021-10-08,94,unknown,,0,0,1,https://www.nj.gov/labor/employer-services/warn/,4fa0a95e9c2e0f8341957a8fc2b0e00ebaa564446466c0fcd5b23840,7ddb4ba024a94e62b56333a8cae5d04ae71a2bb0,2026-07-16,2026-07-23
NJ,"Cosmetic Esssence, LLS",Edison,,2016-02-01,100,unknown,,0,0,1,https://www.nj.gov/labor/employer-services/warn/,74525ac0d9acb59073254843e30fdad577989913c24bd034256b360d,f32688efcd0a7778ea497b97b683f7a64034ddc4,2026-07-16,2026-07-23
NJ,Courier Post,Cherry Hill,,2024-06-23,139,unknown,,0,0,1,https://www.nj.gov/labor/employer-services/warn/,145e31687085654e12c84ec212e553d41371f4c8f1e7e319cbc0e138,dbb7281cddd645969d4194ca897d4e32c9dc861c,2026-07-16,2026-07-23
NJ,Covance Laboratories,West Trenton,,2017-10-31,39,unknown,,0,0,1,https://www.nj.gov/labor/employer-services/warn/,bab15ac08d898703105867f591c430945b854e6677749025bd173502,0deab3310f741aefea5627c3dfad60b4e0839e76,2026-07-16,2026-07-23
NJ,"Crestron Electronics, Inc,",ROCKLEIGH,,2019-06-27,1,unknown,,0,0,1,https://www.nj.gov/labor/employer-services/warn/,eeea5c4dba3c4662ffdbca3ee7eb8c98998ed4fceab1694332e6d81a,e0ad025915c567389879a9026ff9f761d980f0f8,2026-07-16,2026-07-23
NJ,"Crowne Architectural Systems, Inc.",North Bergen,,2017-04-18,200,unknown,,0,0,1,https://www.nj.gov/labor/employer-services/warn/,5f24cfa6c469a383ef56a45ed2e87c8f5f4b149dec206525ddbd6f83,0f8969842cad6e1fb5e26a2803ccc39f9d1c9981,2026-07-16,2026-07-23
NJ,Cumberland Farms,Farmingham,,2014-04-15,176,unknown,,0,0,1,https://www.nj.gov/labor/employer-services/warn/,29ede57e1245e36cf9eeaa870dba3f5a201936ea87fefe5de18826c8,8a6e95f3f334d2760a12a7747c5910f6d26edbd9,2026-07-16,2026-07-23
NJ,"Customer Engineering Services, LLC",Edison,,2019-03-08,35,unknown,,0,0,1,https://www.nj.gov/labor/employer-services/warn/,b0cd3ce55398e42fd13311553f13d20e3159ca33eeca602ff0bece9d,30c0976512b058a93dce2ac017f4a6548d4487ea,2026-07-16,2026-07-23
NJ,D & R MANAGEMENT,TOTOWA,,2008-09-26,164,unknown,,0,0,1,https://www.nj.gov/labor/employer-services/warn/,744862fb77aa68e5018d33fb19c62701d07476d73654b09556520d00,f38f18cf1f9c56e8325397d8b0f838810cbc86ef,2026-07-16,2026-07-23
NJ,"D2L Associates, Inc.",Cedar Grove,,2012-12-31,31,unknown,,0,0,1,https://www.nj.gov/labor/employer-services/warn/,ad952057d45ae89ee0e3ab9ca188eeddf6ba41c5c013d5b53369b55d,27dfb4d2877775ceb6bf241b31fd87d7ac7bfcb6,2026-07-16,2026-07-23
NJ,DAIICHI PHARMACEUTICAL,MONTVALE/PARK RIDGE,,2006-03-31,24,unknown,,0,0,1,https://www.nj.gov/labor/employer-services/warn/,85d801e54e1ae0fa3ed66d9761c08329173f1f2ed47e24f50de34a4d,7d852a9c7659ca82a8d04e778051284219f4cc29,2026-07-16,2026-07-23
NJ,DAILY RECORD,PARSIPPANY,,2007-05-13,63,unknown,,0,0,1,https://www.nj.gov/labor/employer-services/warn/,be6097af796a4c9e57fac8b20014e938fb54e3dd88f96f8f57a0eda8,52a9405f8ac725539386e083ff343e8757dc58e1,2026-07-16,2026-07-23
NJ,DAL GLOBAL SERVICES,NEWARK,,2007-05-01,69,unknown,,0,0,1,https://www.nj.gov/labor/employer-services/warn/,c10cfcf5e49f4068bd0d1bf69b890f16ecbf4f1222beff737b09ccf1,4a44aa8e670233395a7c42175cf2d71dd74c2e97,2026-07-16,2026-07-23
NJ,DALLAS AIRMOTIVE,MILLVILLE,,2004-11-30,240,unknown,,0,0,1,https://www.nj.gov/labor/employer-services/warn/,e89da55d48e31664f401df7dd45ec9cb7118de73e6b523ca8d41aa46,6820be006a3bb420d406a7ae674ddec4384d0e83,2026-07-16,2026-07-23
NJ,DATA COMMUNIQUE,CARLSTADT,,2007-01-31,92,unknown,,0,0,1,https://www.nj.gov/labor/employer-services/warn/,4d170f37d2719be895bed179cfa3d359f19144b8a4a43a735e4dc60b,f712219e01a868c89ba2c7722d6effbc17cee2a9,2026-07-16,2026-07-23
NJ,DECEUNINCK,POMPTON PLAINS,,2007-05-31,36,unknown,,0,0,1,https://www.nj.gov/labor/employer-services/warn/,57a0a8274eae607ac6ee697345b4d3a90ee58cb2a370286c8441a769,4e662dc98679fe240c9e31d2ad297fba9c95f794,2026-07-16,2026-07-23
NJ,DECEUNINCK,OAKLAND,,2007-01-16,74,unknown,,0,0,1,https://www.nj.gov/labor/employer-services/warn/,2782831ab8106fa137131eebede9a27075792852a67157a31de942ff,64693491ff711a6b179e8cca3e39c72ce6fd3f5e,2026-07-16,2026-07-23
NJ,DEGUSSA,PARSIPPANY,,2005-11-30,58,unknown,,0,0,1,https://www.nj.gov/labor/employer-services/warn/,03a3b2362a02c73fb0c59317ac2c57876be2bcb0f766fd6da5e194db,0906f470e4287e4492e314133d22f9ed18dd02f6,2026-07-16,2026-07-23
NJ,DEL MONTE FOODS,SECAUCUS,,2006-01-30,77,unknown,,0,0,1,https://www.nj.gov/labor/employer-services/warn/,3873c7b6f28a46e80fa5b30c235f1fc967cbdfc995d42674dfd31682,8bc4a727831132e3818fd0200545abe9dcf5afd8,2026-07-16,2026-07-23
NJ,DEL MONTE FOODS,SWEDESBORO,,2004-06-25,50,unknown,,0,0,1,https://www.nj.gov/labor/employer-services/warn/,8e9ac01f8e923400b88f44300042295a6fd44ccea3cf9d85ae25bed7,bb9774219e90866810b965ac244385173812ff2f,2026-07-16,2026-07-23
NJ,DELAWARE NORTH,NEWARK,,2008-09-01,242,unknown,,0,0,1,https://www.nj.gov/labor/employer-services/warn/,c2ce1dc5093a3b9d661b457dd995b609fd3511dd36963828eda46373,022e5625b8077c386368fc4754cf8197e4c8b14e,2026-07-16,2026-07-23
NJ,DELAWARE NORTH COMPANIES,NEWARK,,2009-12-31,67,unknown,,0,0,1,https://www.nj.gov/labor/employer-services/warn/,4de65546fed1eadd5e77d5562dd65f5881b0605357ed06fb491b2bf5,c81bee35841d71cf005837e4896d37fa76996ac6,2026-07-16,2026-07-23
NJ,DELUXE MANUFACTURING,THOROFARE,,2008-11-07,250,unknown,,0,0,1,https://www.nj.gov/labor/employer-services/warn/,622060bbe71b8c39219f2b9f8557bb4636c516264c2dd0d1accce2bd,81a85d53c91b584bc5cd12a18a2b40e01facfab0,2026-07-16,2026-07-23
NJ,DESIMONE GROUP,MT. LAUREL,,2007-08-06,205,unknown,,0,0,1,https://www.nj.gov/labor/employer-services/warn/,b1b3b0e97462ea84f086e287d2fd1ec91b081c24b9b327d5a3ce5ea3,2664240e50f6503422d0d785d1f4fe771335cb27,2026-07-16,2026-07-23
NJ,"DGI Services, LLC",Swedesboro,,2011-12-05,179,unknown,,0,0,1,https://www.nj.gov/labor/employer-services/warn/,320d0511ac91473b0eb278d5cb1cf094ca8975b01a8648bbd0676129,edba27e412a01be6ee4828897e590ab2230d0eaf,2026-07-16,2026-07-23
NJ,DGMG Casino d/b/a Resorts Casino Hotel,Atlantic City,,2020-03-16,,unknown,,0,0,1,https://www.nj.gov/labor/employer-services/warn/,3b58c8f3dc0b030626532c67f503ef5c1a2a668dfca5ae22ef6e8539,c2e333099eacbcd13e3d3a9296bb77a7d16f7415,2026-07-16,2026-07-23
NJ,DHL Supply Chain,Keasbey,,2022-04-01,69,unknown,,0,0,1,https://www.nj.gov/labor/employer-services/warn/,ccdb789881cc0b48709295379f9b8ef19fa4d83a74e86048b1d6bed9,fc40cf2eaf7a44c0c3e93a7948d042a86a6da56e,2026-07-16,2026-07-23
NJ,"DIRECT GROUP, LLC",ROBBINSVILLE,,2009-11-30,5,unknown,,0,0,1,https://www.nj.gov/labor/employer-services/warn/,28467cd8710a58747a7ef55e3491f412e8de5a1862473d1455455d52,5ce585a2ad1cd7e64f492f486f75e81e7f007cf3,2026-07-16,2026-07-23
NJ,DJ ORTHO,SUMMIT/N. PROVIDENCE,,2006-01-12,196,unknown,,0,0,1,https://www.nj.gov/labor/employer-services/warn/,27367bfdbd6db44b71a304f2ee87667b4f5336fe8115898b9a9d526b,1e9afc765135b64534edaab40e26377085d808e2,2026-07-16,2026-07-23
NJ,"DOC MAINTENANCE, INC.",STATEWIDE,,2009-08-28,19,unknown,,0,0,1,https://www.nj.gov/labor/employer-services/warn/,76c6affdce81331bcd00d1bae758badb3a2a76c7661c82533bf92e47,13d50cadd104b6fc02a30d8e0e4d328b127ef101,2026-07-16,2026-07-23
NJ,DOMINATE FOOD SVS,BAYONNE,,2008-07-01,25,unknown,,0,0,1,https://www.nj.gov/labor/employer-services/warn/,1cf6b85b9ff8bbe8c547f8232988a6506fa4b7bf1a41296b5ed9ff5c,d657c42b7ac04b43814159411d00e976656a26ce,2026-07-16,2026-07-23
NJ,DOW CHEMICAL,BOUND BROOK,,2004-06-30,60,unknown,,0,0,1,https://www.nj.gov/labor/employer-services/warn/,29b80af2f020038ba5bcb8e110261459c56efe9c5ef7a7b137239aa6,a741444ae0c75cf5cc19501c59012dc0a0b9b29c,2026-07-16,2026-07-23
NJ,DOW JONES,MONMOUTH JCT,,2010-04-30,47,unknown,,0,0,1,https://www.nj.gov/labor/employer-services/warn/,313197d56af6fff335eb94bc124bae3c04320ded8dec4d770266f198,5ebdcebcba55054e73ffc9c536e226171b0e1fd1,2026-07-16,2026-07-23
NJ,DOW JONES & CO.,S. BRUNSWICK,,2008-09-15,66,unknown,,0,0,1,https://www.nj.gov/labor/employer-services/warn/,1f68e2ed1cdc5ba41c2dde0a3209c4fce21e6fde0b786ff3655888b8,75f925fc50deaf84372df0e998d45b02a8d26ada,2026-07-16,2026-07-23
NJ,DOW Jones & Company,Princeton,,2026-01-23,50,unknown,,0,0,1,https://www.nj.gov/labor/employer-services/warn/,3f5bff17348bfab92cd8f3517726ea2450f779a3c93213885a17d19d,1aed62563d15e0b9fa536dff0f6dffc01dbc9110,2026-07-16,2026-07-23
NJ,"DPT LAKEWOOD, INC",LAKEWOOD,,2010-05-14,74,unknown,,0,0,1,https://www.nj.gov/labor/employer-services/warn/,4c5eaa87a9b8fa50a978da5312fbf304cfde95c13ca841c04179fbfd,030e64d72a3d32e960770dc96453e4d625f27488,2026-07-16,2026-07-23
NJ,DRUG FAIR,SOMERSET,,2009-05-16,129,unknown,,0,0,1,https://www.nj.gov/labor/employer-services/warn/,df129ad07bf88e3c05d5a2dc5686853a2bf538c84925e9af8a68a34d,ff837b5a707948c2d420f2ddc1fb396bba6d4486,2026-07-16,2026-07-23
NJ,"DSJ Holding, Inc. (f/k/a Bridgewater Wholesalers, Inc.)",Bridgewater,,2019-03-31,133,unknown,,0,0,1,https://www.nj.gov/labor/employer-services/warn/,a4b3f5cdb984ef1ac0c37c7675a8d1fdcfd76182a30c4a36058ad200,d22e534c4b9abc07151de6c5e3135b49d87d6581,2026-07-16,2026-07-23
NJ,DSM NUTRITIONAL,BELVIDERE,,2005-10-04,180,unknown,,0,0,1,https://www.nj.gov/labor/employer-services/warn/,200b5eb8c254d39c244478c5b8392f3a843d4abc06f3c288d0616443,85963c4ee65333f3ec547e8a2c724bf23a739f46,2026-07-16,2026-07-23
NJ,"DSM Nutritional Products, LLC",Belvidere,,2013-06-01,60,unknown,,0,0,1,https://www.nj.gov/labor/employer-services/warn/,3e25a9053a7055643461025e56153507ae6f4478fd22951e140d8f36,46c02a98168902e03c60815309e42461ba4440d9,2026-07-16,2026-07-23
NJ,DSNJ,Lakewood,,2009-03-07,161,unknown,,0,0,1,https://www.nj.gov/labor/employer-services/warn/,1a46d176571a14a570afcb91681fa35ac5b1389ef1743c443456f53c,270b28103486032b12867efaa27b444263815adb,2026-07-16,2026-07-23
NJ,DUERR TOOL & DIE,UNION,,2006-08-31,83,unknown,,0,0,1,https://www.nj.gov/labor/employer-services/warn/,0ac893a344b314b1051bed48da87614f7e065147688622dcddb075ba,66e221bbe5c9289ad0b3a30c5eb62e3e29189e14,2026-07-16,2026-07-23
NJ,DUPONT,DEEPWATER,,2004-06-30,43,unknown,,0,0,1,https://www.nj.gov/labor/employer-services/warn/,c2eddf5793037fa376d604a99570c6bec55089f67228fa6f88f248f4,0ffb251b685765ef54bec38c682267dcb19e3999,2026-07-16,2026-07-23
NJ,DURAMED RESEARCH,PLAINSBORO,,2005-05-31,47,unknown,,0,0,1,https://www.nj.gov/labor/employer-services/warn/,aaa361460f51cbca5269c2cec66ca03be214f3f969e65c80a7c1583d,ef08131a7a293c9c7da4e70985e811f0669cd61e,2026-07-16,2026-07-23
NJ,"Daiichi Sankyo, Inc.",Basking Ridge,,2019-10-07,68,unknown,,0,0,1,https://www.nj.gov/labor/employer-services/warn/,7de8973c25f81a24b36bc7151904c4bf098e57bc7285eceb91a740ca,5d1454f9e00a5354ca779f9d9d2fb9c2f307896b,2026-07-16,2026-07-23
NJ,"Daiichi Sankyo, Inc.",Parsippany,,2016-02-10,24,unknown,,0,0,1,https://www.nj.gov/labor/employer-services/warn/,2633b079c1d524e9d3a171b246a1228ebb811fe90167eb29f3349b7b,9492d51424f469b81c462aa7a2141cc9f34fdc1b,2026-07-16,2026-07-23
NJ,Daimler Buses North America,Secaucus,,2012-08-28,7,unknown,,0,0,1,https://www.nj.gov/labor/employer-services/warn/,e145fc3446439aff95d285c3018be28ef2dec6b69d634e0fa73d2b56,5abd86cde4f0f43f9d2becd622745c12c1bd4c5e,2026-07-16,2026-07-23
NJ,Dale and Thomas Growers LLC,Englewood,,2015-03-27,56,unknown,,0,0,1,https://www.nj.gov/labor/employer-services/warn/,17c4b71159858c4c1e041ad17526f4154b7ca607f1637b93815ed895,468056ac65dc49575324803570c2cb3fa95e28ac,2026-07-16,2026-07-23
NJ,Dale and Thomas Popcorn,Englewood,,2015-08-28,53,unknown,,0,0,1,https://www.nj.gov/labor/employer-services/warn/,2e32db58137097f509bb57879131d728575f1a2aca919e8fdd02601d,4a9d52e3c7bdfe1ce8e82a5c86f13d3ca6f2fba4,2026-07-16,2026-07-23
NJ,Danone North America,Bridgeton,,2026-08-04,114,unknown,,0,0,1,https://www.nj.gov/labor/employer-services/warn/,c7d8e840ea496ea03a9141d0b40c7fc30edacd7879017cfcfcc7c90c,f959dd9536dd4b06d2c8aaee12cc2a504bc892a7,2026-07-16,2026-07-23
NJ,Darby Development LLC,Oceanport,,2020-02-15,80,unknown,,0,0,1,https://www.nj.gov/labor/employer-services/warn/,7bb85a19324b33422298d1931ccbd580ac502285655a9627a4982848,bfc5540c52542d048f487f0343414b6f5461a749,2026-07-16,2026-07-23
NJ,Datascope,Mahwah,,2006-12-19,88,unknown,,0,0,1,https://www.nj.gov/labor/employer-services/warn/,a17795ea3add28c23b38decc8ca3d56ae00fc469d97d3e4f21600989,7d08813facfb74111061c47604d646f00ec8ce54,2026-07-16,2026-07-23
NJ,Daughters of Miriam,Clifton,,2022-05-23,216,unknown,,0,0,1,https://www.nj.gov/labor/employer-services/warn/,a1f125b1f8683e6c3355ac692406fdc448969816b8d5f585c3051c5e,c8932fdf61aef53f62ff6763346caf6efbabb676,2026-07-16,2026-07-23
NJ,Dave & Busters,Wayne,,2020-11-08,107,unknown,,0,0,1,https://www.nj.gov/labor/employer-services/warn/,0ccfa0aec62a6df381432f70289865af527b51dd4a34e6eb407e9c96,4ed82cb594602f66acf9be4b5b26da8f6f924cb5,2026-07-16,2026-07-23
NJ,David’s Bridal LLC,Multiple Locations - NJ,,2023-08-26,227,unknown,,0,0,1,https://www.nj.gov/labor/employer-services/warn/,ffcac2b66d3e384039e23704b118bcd92e02008732b806dd771307fc,8a46e95261de543510ccc5436c12a66990d1ec53,2026-07-16,2026-07-23
NJ,Davlyn,Monroe Township,,2017-10-30,115,unknown,,0,0,1,https://www.nj.gov/labor/employer-services/warn/,7fc7f18db57c3e35028f78bd195a6087f6c4e54943a1df7adb387241,cd24374c71aa4688c3ce4302f137236494549480,2026-07-16,2026-07-23
NJ,DeRossi & Son Co.,Vineland,,2020-05-05,175,unknown,,0,0,1,https://www.nj.gov/labor/employer-services/warn/,f26e88f5bc6ca39730924106d828644aa209bc0a923fa2a797cec57a,97fa72c61e721560a6193fd88d21937c93449bfc,2026-07-16,2026-07-23
NJ,Dedicated Management Group,Carneys Point,,2019-02-08,107,unknown,,0,0,1,https://www.nj.gov/labor/employer-services/warn/,a5ef3c1b4f08ec781f805b1cf573c35f4ec6557e68741b1d880815ac,60e4b6ab4d55a3b48bb7b2713db7918c3effb1f5,2026-07-16,2026-07-23
NJ,Dendreon,Morris Plains,,2011-11-06,195,unknown,,0,0,1,https://www.nj.gov/labor/employer-services/warn/,1d12748e7e43e912bf1dc7c8802937dbb8f07c0f7bdf5ca1974b8db4,04cc80b812f312009f8bf39da6d6d16e2b7156c0,2026-07-16,2026-07-23
NJ,Dendrite,Piscataway,,2006-12-29,80,unknown,,0,0,1,https://www.nj.gov/labor/employer-services/warn/,1bae3ae4a4078f2cd1001690bc654a175c1f8b0b241205432b62f474,0e86ea9dd6e2b25cfe0683a274acbc2530868712,2026-07-16,2026-07-23
NJ,"Dessert Service, Inc.",Kearny,,2013-11-30,85,unknown,,0,0,1,https://www.nj.gov/labor/employer-services/warn/,9b0630253220143b8c69ed9f52ced94fdee9bd3e2000896c64e17be0,dcce39c66d1a05ec0afc360692d64ca2c6074f0c,2026-07-16,2026-07-23
NJ,Destination Maternity Corporation,Moorestown,,2020-06-30,111,unknown,,0,0,1,https://www.nj.gov/labor/employer-services/warn/,3f0ef3b49bd8d7c31d6a3fb6c49109845fa7c8ebe2c2851b460e666e,82a37b46087601e3f37153587a93c2db1f31dbfa,2026-07-16,2026-07-23
NJ,Destination Maternity Corporation - Florence,Florence,,2019-12-21,212,unknown,,0,0,1,https://www.nj.gov/labor/employer-services/warn/,8343a18df5f5366c33378d6b5a310f89808cd9d83557bbc1e648cabd,add1ebd9608daaaffd6fa3fafcc4fd4817029016,2026-07-16,2026-07-23
NJ,Destination Maternity Corporation - Moorestown,Moorestown,,2019-12-21,430,unknown,,0,0,1,https://www.nj.gov/labor/employer-services/warn/,c35c8e4726dd9ddc8cdd05ce2ced237be41c8594611d518d6e723e3f,c470dea2ba4629119de446283da1758c39396b73,2026-07-16,2026-07-23
NJ,DiNar Management Company,New Brunswick,,2013-12-12,12,unknown,,0,0,1,https://www.nj.gov/labor/employer-services/warn/,4dbc550e74b8631db4dd2061e34390918c959ef03a0c23d68b05fb31,cef4d9e48e57c89d8c199fe9a7ffcf2eff0e45a7,2026-07-16,2026-07-23
NJ,Digital Room LLC,Saddle Brook,,2026-09-16,69,unknown,,0,0,1,https://www.nj.gov/labor/employer-services/warn/,774a968515c857cea1a9e0075896554fdd9e7caf77892dbecd7057bd,946aa1f8f698a9796797148a5f91a3c7e72e7434,2026-07-16,2026-07-23
NJ,"Disposable Hygiene, LLC",Clifton,,2022-03-23,115,unknown,,0,0,1,https://www.nj.gov/labor/employer-services/warn/,0885d7dd2e571867dff7942937a50b749b3d81a838318eb896a0da46,412858ef47628248d76f4c1088a78ad915dadca8,2026-07-16,2026-07-23
NJ,Divvy Homes,Remote Locations Throughout NJ,,2023-11-07,53,unknown,,0,0,1,https://www.nj.gov/labor/employer-services/warn/,28b4b30e296938b5e6b2884ec8760cd1ef5fc4233f20e9bfd718c3e2,925a632fbed174bbf18cbc83b2cf99257758b165,2026-07-16,2026-07-23
NJ,"Dolce International Seaview, Inc.",Galloway,,2011-01-17,195,unknown,,0,0,1,https://www.nj.gov/labor/employer-services/warn/,3ae71ff3e80ed0f0fcfb169bdc75108b9c8c0ef0e32394bd0e714b17,c03b44da91ff0b5ca64114c55a68caa5b29b957e,2026-07-16,2026-07-23
NJ,Dollar Express - Belmar,Belmar,,2017-06-30,5,unknown,,0,0,1,https://www.nj.gov/labor/employer-services/warn/,92d70e2442da4efc9dd5d90484e7eff06e992546348d9f609ce65dfa,f7d7f71488927b69a9ce455e0b16d8170bc7f3ee,2026-07-16,2026-07-23
NJ,Dollar Express - Brigantine,Brigantine,,2017-06-30,8,unknown,,0,0,1,https://www.nj.gov/labor/employer-services/warn/,c0effca1d291942c40f7b316d6713d500eece2d1c47ecb2aca3c9a40,47ff8a4a9fc6ab14fb6250afb9871a07d97432b3,2026-07-16,2026-07-23
NJ,Dollar Express - Elizabeth (1),Elizabeth,,2017-06-30,7,unknown,,0,0,1,https://www.nj.gov/labor/employer-services/warn/,0a1955273d7cbfa23e8989182999b191e3895b62bbe597529b0df980,72954663862379457e33caca45cce4d061d5126d,2026-07-16,2026-07-23
NJ,Dollar Express - Elizabeth (2),Elizabeth,,2017-06-30,10,unknown,,0,0,1,https://www.nj.gov/labor/employer-services/warn/,fdb19da02f3677491ba436bf0c7a71236e927ed61c8b9c98a8f14ee5,18c39c7e034f2ae970dc77d365d016e0185b84aa,2026-07-16,2026-07-23
NJ,Dollar Express - Ewing,Ewing,,2017-06-30,9,unknown,,0,0,1,https://www.nj.gov/labor/employer-services/warn/,742694c1fb9425743d77191b4174a9269e0d35e1f2bcf7d22900a160,e315f32ba2f8694fae479c47d5550c8139aa2428,2026-07-16,2026-07-23
NJ,Dollar Express - Glassboro,Glassboro,,2017-06-30,5,unknown,,0,0,1,https://www.nj.gov/labor/employer-services/warn/,7b4d8b184f75cdd1ef9a75fa47ce67ffa81ebf48b4c581e25a9ead03,5cd2596ef47c964b0e99cf1742fbfd76234d2f8f,2026-07-16,2026-07-23
NJ,Dollar Express - Hamilton Township,Hamilton Township,,2017-06-30,9,unknown,,0,0,1,https://www.nj.gov/labor/employer-services/warn/,10c5fbaa97478f15549880cdbee58282e4ddbf30e635928570bc69aa,057c34dd6b3600075d928f5b9e7dbd5c13778be3,2026-07-16,2026-07-23
NJ,Dollar Express - Irvington,Ivrington,,2017-06-30,10,unknown,,0,0,1,https://www.nj.gov/labor/employer-services/warn/,6ebcf35bafd4f69f86ce5bac5258905284f8d5c3071cb8a89fa951b5,4285ebddaf5d844309824bbfb6376cad9a2892e4,2026-07-16,2026-07-23
NJ,Dollar Express - Mt. Holly,Mt. Holly,,2017-06-30,6,unknown,,0,0,1,https://www.nj.gov/labor/employer-services/warn/,c5068699ba64531184d5fd7abdbfbbd9615aac6985d116c414f16c73,dad7c315405551455cd589ecb89db7dbedc601d6,2026-07-16,2026-07-23
NJ,Dollar Express - Newark (1),Newark,,2017-06-30,14,unknown,,0,0,1,https://www.nj.gov/labor/employer-services/warn/,09cf96242fbcde4dc81705009dccf1a1cfbcddab64a32308c4d2683f,d3d7ef3d43af05201d11f499b5f09d7bcebca5af,2026-07-16,2026-07-23
NJ,Dollar Express - Newark (2),Newark,,2017-06-30,13,unknown,,0,0,1,https://www.nj.gov/labor/employer-services/warn/,6716c64a2e1f3b29ec11f04186d124f9f7162d3359e09b0a4a536b3e,e3fd714c2a68ebc85b9ad9f97cff269a158f3c90,2026-07-16,2026-07-23
NJ,Dollar Express - Paterson,PatersoN,,2017-06-30,8,unknown,,0,0,1,https://www.nj.gov/labor/employer-services/warn/,d571653718534e91c7a383708ed9f953ee929f096aa5c7a45912ca7d,66a1bc3b22529f4a5d56e15a147cb7ee0b0c4a9b,2026-07-16,2026-07-23
NJ,Dollar Express - Pleasantville,Pleasantville,,2017-06-30,9,unknown,,0,0,1,https://www.nj.gov/labor/employer-services/warn/,fd6bcaac7e8d3c8450be72ebf6aaf90559fa7de57aa85ca346e37963,eb7e63de8654799e607dea2fd76c1e5da2edba8d,2026-07-16,2026-07-23
NJ,Dollar Express - Vineland,Vineland,,2017-06-30,7,unknown,,0,0,1,https://www.nj.gov/labor/employer-services/warn/,cc2ace481028f10724421b175c0f2eef9c9cdaca675e260a239c0e26,3a43e25f67425dfe15f6d0da3290b33fb7e90f22,2026-07-16,2026-07-23
NJ,Dollar Express- East Orange,East Orange,,2017-06-30,11,unknown,,0,0,1,https://www.nj.gov/labor/employer-services/warn/,b717edc7a4bacaf191c0e90ff02684103c0c60dbb95cc7a99ebaaac2,657726717c626ef98ac82dbf9d8f7056511c4045,2026-07-16,2026-07-23
NJ,Donnelley Financial Solutions (DFIN),Secaucus,,2021-06-30,143,unknown,,0,0,1,https://www.nj.gov/labor/employer-services/warn/,38e369a830a56f891b1cc2c8d48b48aa269cb60b28765ca911bf0506,4cec223881de7e8a840f19bedb8d04010e904466,2026-07-16,2026-07-23
NJ,DoubleTree by Hilton,Somerset,,2026-08-01,90,unknown,,0,0,1,https://www.nj.gov/labor/employer-services/warn/,4fc5b1bc2b32962c97e089d21d5f47cf610c0a45cf6ff80eb1f48e62,93c742f4bd80413b00c25ca48c72e98a188254d7,2026-07-16,2026-07-23
NJ,DraftKings Inc.,Atlantic City,,2025-01-31,101,unknown,,0,0,1,https://www.nj.gov/labor/employer-services/warn/,ddf572b41f3edf34cf092efc63797ce19fc85038b9ab75aeb2c07f36,9e1e03d98f8706b701cf8c5e67ae5374720c6d04,2026-07-16,2026-07-23
NJ,"Drs Zunger and James, LLP",Manalapan,,2020-03-29,10,unknown,,0,0,1,https://www.nj.gov/labor/employer-services/warn/,246b31c07bdbc638682077d6d4d1cc1000c53a223e3a50afc1e2dd1b,fa70d82fd0b43c637387e24f267af1f4db364b73,2026-07-16,2026-07-23
NJ,Dubell Lumber,Medford,,2019-02-09,157,unknown,,0,0,1,https://www.nj.gov/labor/employer-services/warn/,f31847dd05fca06733e5ccca9fce02abd02683ed0847f2c58f0d03bc,a7722a27cc4f1532d295d1e35cd1ffe07a6ab095,2026-07-16,2026-07-23
NJ,Dufry by Avolta,East Rutherford,,2025-07-09,80,unknown,,0,0,1,https://www.nj.gov/labor/employer-services/warn/,d7e0cdadbf9391ed2f22b8e8144cc1b089962507ffe240ed016feeed,66ee08d7bc2e2f54a1430b04a2d11e410c1b95cd,2026-07-16,2026-07-23
NJ,E*TRADE FINANCIAL,JERSEY CITY,,2009-07-05,171,unknown,,0,0,1,https://www.nj.gov/labor/employer-services/warn/,2d45dff318b07d501bc32fe45084283b5337d371fa91224fd2814bef,53e54b7755a6c6bcaac2524d03e705e6a2c73332,2026-07-16,2026-07-23
NJ,E. I. DUPONT DENEMOURS & COMPANY,DEEPWATER,,2009-07-31,69,unknown,,0,0,1,https://www.nj.gov/labor/employer-services/warn/,c8d5e59a20f2cc8b7383e267af5b12e9e34e77334b158c423c7a3d4a,920fb3ba6eaa656bf4c753c20320dd7fb691df5c,2026-07-16,2026-07-23
NJ,E.I.DuPont de Nemours and Company,Deepwater,,2018-05-31,103,unknown,,0,0,1,https://www.nj.gov/labor/employer-services/warn/,94ce1dd35a9dfb411faf78b2d65a0cdd45a56ed2cd6af658897bd483,80dfaea3379e15c593729ff5ebfdcae27ca8e46a,2026-07-16,2026-07-23
NJ,EATON FILTRATION,ELIZABETH,,2006-01-15,89,unknown,,0,0,1,https://www.nj.gov/labor/employer-services/warn/,1968b6eb4a8f0a2d6fe18e032c1a69eb9f9bae21c2232181f98a6b5f,7d5caaebf24600bda5144f4a7b7a2e4696be35e5,2026-07-16,2026-07-23
NJ,EBI HOLDINGS,PARSIPPANY,,2008-11-07,111,unknown,,0,0,1,https://www.nj.gov/labor/employer-services/warn/,282519ced241c4f9cba02fcf76eb62fa37d1390eeab82e5967e756ae,01333e75d93cf66758b7b122b96c9072b59688d5,2026-07-16,2026-07-23
NJ,"ECSM Utility Contractors, Inc.",Englishtown,,2011-12-31,88,unknown,,0,0,1,https://www.nj.gov/labor/employer-services/warn/,ada8e167ac73320f62b4389c07129295f4f6399d88aa7d7a12b30e73,6890b2bad1a6ff9784e579e9136ba8916ddbba1e,2026-07-16,2026-07-23
NJ,EEYE INCORPORATED,WOODCLIFF LAKE,,2008-08-12,1,unknown,,0,0,1,https://www.nj.gov/labor/employer-services/warn/,4c4bbeaf9b81168c35796fac03e204cf75ccef988a3ada32c0b99288,48344b278cb76337eb78dc65bf78218de417a7d5,2026-07-16,2026-07-23
NJ,EK SUCCESS,CLIFTON,,2008-06-01,134,unknown,,0,0,1,https://www.nj.gov/labor/employer-services/warn/,05e0abfd1e66450a4a3c1c779794d65f5effadd709b1376bec7722df,2e09a85c292e59d401ad360e3f82e3412fa9c1ae,2026-07-16,2026-07-23
NJ,ELECTROCHEM,TETERBORO,,2009-05-31,97,unknown,,0,0,1,https://www.nj.gov/labor/employer-services/warn/,f7c0541fadfcf7726f31cd11da11361fad6f4dc5b1fc7b8429aa709d,23c33abafa23ea58364f34ad0d754598659a5c97,2026-07-16,2026-07-23
NJ,EMBA Distributors (Vasaturo Brothers),Edison,,2012-07-20,100,unknown,,0,0,1,https://www.nj.gov/labor/employer-services/warn/,28411a54d9d5b7a83df6571e8a4e977d263992725db0b3ae953ba3ce,ce7f625befd8298d8e337e0f8a2c1327f948968d,2026-07-16,2026-07-23
NJ,EMCO DISTRIBUTION,NORTH BERGEN,,2008-10-19,103,unknown,,0,0,1,https://www.nj.gov/labor/employer-services/warn/,024698cea3aaa1a721cc0551d9474547db1387db3f89374fc57f97ac,20917d8f87bf850ee9cc4d8f471e5d0e6ff15bc0,2026-07-16,2026-07-23
NJ,EMD Chemicals,Gibbstown,,2010-12-31,18,unknown,,0,0,1,https://www.nj.gov/labor/employer-services/warn/,98771b1a47e7a7ba79f2c9c0524194535f4e875d8b51fe917a0d2605,e3c2e9dfab5e402983f3b84522947fe78f15a92a,2026-07-16,2026-07-23
NJ,EMPIRE BEEF,E. RUTHERFORD,,2007-11-06,252,unknown,,0,0,1,https://www.nj.gov/labor/employer-services/warn/,9ea5112918f711d48cbe52754d5ea443c60b37c997c58302b52f5936,6b6e9437a9236d2b31763d74fe83efabedc81534,2026-07-16,2026-07-23
NJ,ENGLEHARD,CARTERET,,2005-01-23,126,unknown,,0,0,1,https://www.nj.gov/labor/employer-services/warn/,819a060e9ce1ddf075e01315eb7e5e1b215fff2e68f10eb40ace8d5e,c4c0feb581ff1423bbbfe1b6db4a74959ad37048,2026-07-16,2026-07-23
NJ,EPSTEIN’S,MORRISTOWN,,2004-06-20,145,unknown,,0,0,1,https://www.nj.gov/labor/employer-services/warn/,de683c222bbcb14bcbaf226cf497138d4f57544dae00e7c8107fb455,d4c344ed72c9b60e8ef2cd9460208dc82204d4bf,2026-07-16,2026-07-23
NJ,EPV SOLAR,STATEWIDE,,2009-10-02,31,unknown,,0,0,1,https://www.nj.gov/labor/employer-services/warn/,8937d520e4219f0dc10a091dcd220b847772d921dabf16702b9bc059,3c02c1618da6e380a9cdbfe467c1cea9cb7ef439,2026-07-16,2026-07-23
NJ,"EPV SOLAR, INC.",ROBBINSVILLE,,2009-08-15,86,unknown,,0,0,1,https://www.nj.gov/labor/employer-services/warn/,311b1e1ad95ebd50bac94dff65cf2336d1a37b930db155bb6ac17497,e0a4551f1ac48be1f68e2073c60f1d220561130e,2026-07-16,2026-07-23
NJ,EQUITY ONE,MARLTON,,2008-11-07,147,unknown,,0,0,1,https://www.nj.gov/labor/employer-services/warn/,60cf8f1569feec99180466477bdc49f717285f2964c3a1326c95c50c,30471d9ef016660a0183a6abf37e5846d7fad255,2026-07-16,2026-07-23
NJ,EQUITY ONE,PARSIPPANY,,2007-01-11,44,unknown,,0,0,1,https://www.nj.gov/labor/employer-services/warn/,98b8e4f02f75a3ee26015d123653a77a3fbbabfe0d28633654f1037c,b3365073fdaedba19e529960dc142e481d66c862,2026-07-16,2026-07-23
NJ,ERMC,"Atlanta, GA (work location: Newark International Airport)",,2026-04-11,205,unknown,,0,0,1,https://www.nj.gov/labor/employer-services/warn/,ee830ecf095de2b1661493bf05c45534726d5609670770e90f788f03,e7354d92c4447d667f12b5baa2fd522f5b4298e4,2026-07-16,2026-07-23
NJ,ESTEE LAUDER COMPANIES,OAKLAND,,2010-04-02,77,unknown,,0,0,1,https://www.nj.gov/labor/employer-services/warn/,3bc55e3ee12dec0733f2af306e1c9aa829438b1a74296fa9d30b67c0,c5ccb9ac8e7d72d913a0ee2ff68774b54bad0c8f,2026-07-16,2026-07-23
NJ,ETIENNE AIGNER,EDISON,,2004-11-07,67,unknown,,0,0,1,https://www.nj.gov/labor/employer-services/warn/,bb9d86d64c0244e59b26c904c76da6be6522bb135c6b0ce20da104d0,3e1e9a8be6d0dbf318a16c11f1ea71831e5d194f,2026-07-16,2026-07-23
NJ,ETS,Prinecton,,2024-07-11,62,unknown,,0,0,1,https://www.nj.gov/labor/employer-services/warn/,c5b4ca421aca964d4542cab41c53c33ae240fb8d8f995056bba84cfb,4e2d877b421a5c400846de073f1e49941841e95f,2026-07-16,2026-07-23
NJ,ETS,Princeton,,2024-08-21,7,unknown,,0,0,1,https://www.nj.gov/labor/employer-services/warn/,d6b2bdd3bf6b0bc5a342f8bc95178f4191d846dc4b0d2bc31985b9af,6fbef4159c60fa4ea0953f3d175a34f6744c1434,2026-07-16,2026-07-23
NJ,ETS,LAWRENCE TWP.,,2004-12-31,254,unknown,,0,0,1,https://www.nj.gov/labor/employer-services/warn/,adaa4d8fe01c0741a4d5641a6b93fbae9c9cbafd9f8e0f30be3a3ea5,c9a06579baeff0d40690fb3c566376d4f30980da,2026-07-16,2026-07-23
NJ,EXCELSIOR MEDICAL,NEPTUNE,,2009-08-22,217,unknown,,0,0,1,https://www.nj.gov/labor/employer-services/warn/,50c3c0db600f421dabada23fe6a4308388b31f257cc405b6074567b0,42c620bec4f6c07bf00971809057bd15ef7b55d1,2026-07-16,2026-07-23
NJ,Eddie Bauer,"Bergen, Morris, Camden, Monmouth, Somerset",,2026-02-02,58,unknown,,0,0,1,https://www.nj.gov/labor/employer-services/warn/,aa6dc6b9793fdf73cd8ebe7b1c2b7f5a95eb2e907f59d11b540d2f69,678689b95e7ed2f7f4d343c0fe0723ec048994ba,2026-07-16,2026-07-23
NJ,Edison Job Corps - ON HOLD,Edison,,2025-06-06,176,unknown,,0,0,1,https://www.nj.gov/labor/employer-services/warn/,cbbbb97606cbcc0d9f6f63bed26d33c990455e71e77c064d607679c0,a5dc786cfb1ca38141f1922972cc982647598631,2026-07-16,2026-07-23
NJ,Educational Testing Service,"Ewing, Princeton",,2023-01-04,126,unknown,,0,0,1,https://www.nj.gov/labor/employer-services/warn/,e7e36075ad926d4fbc26ce1881cf442215685d34520628bc19276760,0ec30fa5e849b31ac0b2148a39416a66e25a6b40,2026-07-16,2026-07-23
NJ,Edward J Dooley DMD PC,Spring Lake,,2020-03-24,6,unknown,,0,0,1,https://www.nj.gov/labor/employer-services/warn/,820ceb83eab8d037b55e9d6832c0d569925ec22151a249865429f600,412371d9aff29ee5068e1d1f63bb613257fc4441,2026-07-16,2026-07-23
NJ,Eisai,Nutley,,2025-03-31,57,unknown,,0,0,1,https://www.nj.gov/labor/employer-services/warn/,eee127eebbcb28c99e3c1c30758fff6400fff18956aad121cb073b55,b2b75c81ad69b8ab89cf4a6c797ceddc60e88771,2026-07-16,2026-07-23
NJ,Eisai Inc.,Woodcliff Lake,,2015-06-09,153,unknown,,0,0,1,https://www.nj.gov/labor/employer-services/warn/,7e6dfd3feebdfcd354db0f3c308bfd48b314da18c87f8fe3cde4f080,1ee885e718f69c7c1e0bffba46d750a15a3491fe,2026-07-16,2026-07-23
NJ,Electro Rent Corporation,West Hills,,2020-05-13,1,unknown,,0,0,1,https://www.nj.gov/labor/employer-services/warn/,4effb5b3211e998aaae82f1385f2879c49a3cacf17345fc9b1d7d598,389d20f227b77e7015e297bb6c5305b7884adffc,2026-07-16,2026-07-23
NJ,Electronic Mobility Corporation,Sewell,,2010-01-28,55,unknown,,0,0,1,https://www.nj.gov/labor/employer-services/warn/,7947f28a415cf85ac87ca23933da13ac2267488cadfd662a9aad3daa,c68b73dcb4696558f8cdb9fcd7b61bd8ceb6555f,2026-07-16,2026-07-23
NJ,Elementis Global LLC,East Windsor,,2023-12-31,58,unknown,,0,0,1,https://www.nj.gov/labor/employer-services/warn/,e5eb0239dfcc362f7e8d0ebaa937e3cafc151236c16ca35983f794ce,bb407fd3afcb2d6f2cd7366f0dbf32c61ca61481,2026-07-16,2026-07-23
NJ,Eli Lilly,Bridgewater,,2018-01-31,78,unknown,,0,0,1,https://www.nj.gov/labor/employer-services/warn/,1e53f9220b1cf9035bb47139ae0028224e2c17e9efbe0be7c2e1b8c8,c5e4dee6c00e0309a32f3fccad781b7645a12656,2026-07-16,2026-07-23
NJ,Elizabeth Detention Center aka CorrectionsCorporation of America,Elizabeth,,2012-10-13,148,unknown,,0,0,1,https://www.nj.gov/labor/employer-services/warn/,518de5016d987e9add45241e4b0c313047bcd1e1edb3d462510a3449,738e6693f057de861224be71cda258f2858cc6ed,2026-07-16,2026-07-23
NJ,Embassy Suites Employer D/B/A Embassy Suites by Hilton Secaucus Meadowlands,Secaucus,,2021-10-31,49,unknown,,0,0,1,https://www.nj.gov/labor/employer-services/warn/,9960e281aac8c8bdcf35c488cc8d4d859da3c608a84b54a7e6316e77,ba36f1f2f8dc265039a12bad2434bb62d6b290b0,2026-07-16,2026-07-23
NJ,Embassy Suites by Hilton,Parsippany,,2026-08-14,54,unknown,,0,0,1,https://www.nj.gov/labor/employer-services/warn/,9d9a6e6c278c82bd2ef4a9869aa6e4de1540a23661995c24f2bc243b,86c6a6adadbbe3f1293e6a5b0458c65b3527ef4b,2026-07-16,2026-07-23
NJ,"Empire International, Ltd.",Secaucus,,2020-03-15,273,unknown,,0,0,1,https://www.nj.gov/labor/employer-services/warn/,41d43c678a7d9b27d2cb013f42757090e4b15be3ed54b5dd43298642,3d6fcb5636ce7fa65192f13a94d0b089a81a37f7,2026-07-16,2026-07-23
NJ,Enable Inc.,Princeton,,2023-04-10,243,unknown,,0,0,1,https://www.nj.gov/labor/employer-services/warn/,9e3d1a274c4157b92c07c37a4282088f1dc931dfbb310a8d76939597,c649172b7b782b86d33ccfe97feacf23626fe6a3,2026-07-16,2026-07-23
NJ,"Enclara Health, LLC",West Deptford,,2016-05-01,100,unknown,,0,0,1,https://www.nj.gov/labor/employer-services/warn/,9847b35ba0f8e0170e9ae83947ef746190f3c65b4374fd3c6365cb00,8f56cb3109a33238a33d564a291b55dcaac3bf69,2026-07-16,2026-07-23
NJ,Englewood Hospital & Medical Center,Englewood,,2011-10-01,96,unknown,,0,0,1,https://www.nj.gov/labor/employer-services/warn/,2ca0f0a90ce06d65ff3d12b4867e7ac719ace3da75e5d3c2df678c95,4e48a71b939f883b439241fb33b6f7dbc5387fab,2026-07-16,2026-07-23
NJ,"Envision Physician Services, LLC",Parsippany,,2021-02-27,240,unknown,,0,0,1,https://www.nj.gov/labor/employer-services/warn/,bb8104af4015ed9200ab62ac5de0c8960e06f1c292133b8dcc1acdb7,18e91126fbe23ae5115fc9826eb6b6b5ab3de157,2026-07-16,2026-07-23
NJ,Enzo Clinical Labs Inc,Hasbrouck Heights,,2023-07-17,43,unknown,,0,0,1,https://www.nj.gov/labor/employer-services/warn/,72d28f3d225bd3f0c05c1bce6783d64c2c342f3f309d243aef0be862,3959cb6ad7d1f3104c293577a78fccc209c8f107,2026-07-16,2026-07-23
NJ,Ernst & Young,Hudson & Middlesex Counties,,2025-10-31,130,unknown,,0,0,1,https://www.nj.gov/labor/employer-services/warn/,4232cd7f492cfb0fb0b25873c6fb5895e5047d02a61f85ebc54a27ed,df1a84a5afe865843e4f4a2164b572983641b2b0,2026-07-16,2026-07-23
NJ,Essendant,Cranbury,,2025-12-01,171,unknown,,0,0,1,https://www.nj.gov/labor/employer-services/warn/,a7a2863ff1b15a341c8a9b4af7c1f72aa5e231b142e69b7c031dc1f6,4a09a68a8accad9a33e089551dd08300dada7337,2026-07-16,2026-07-23
NJ,Essentra,Moorestown,,2021-01-18,118,unknown,,0,0,1,https://www.nj.gov/labor/employer-services/warn/,a26d91e6a9e8819dc77df613db19fc0018a6c9ffbc37e754582b516a,0e45c49da7fc2394009866fee7511572aaf2490b,2026-07-16,2026-07-23
NJ,"Ethan Allen Operations, Inc.,",Passaic,,2019-06-15,55,unknown,,0,0,1,https://www.nj.gov/labor/employer-services/warn/,7b974933b6e72fde7441c6e142da748542f2cb34acacd9fe661e1ace,738581920c57b9097dd5f6fabebc9b6f21b9ce31,2026-07-16,2026-07-23
NJ,Eurest Services Inc/Compass Group USA,Dayton,,2019-06-01,66,unknown,,0,0,1,https://www.nj.gov/labor/employer-services/warn/,7bc009da08f0cbe634511ca0eac53a3eccf3c66936f0d51860c0d912,f6434a29c8332e377844a06d2dba7dc55efa73a7,2026-07-16,2026-07-23
NJ,"Euromarket Designs, Inc. dba Crate and Barrel and CB2",Cranbury,,2020-03-09,103,unknown,,0,0,1,https://www.nj.gov/labor/employer-services/warn/,6c1328573cd0d4754faf04bd683e971682339625258dc48668104102,35ddcf01ed5849422463140a287a94b380f1adc9,2026-07-16,2026-07-23
NJ,European Gourmet Foods Inc.,Woodland Park,,2020-09-30,29,unknown,,0,0,1,https://www.nj.gov/labor/employer-services/warn/,1ac5effcdcd0d3616dbfcc58cc1c2a74462a33063cd84fd1105c2002,11e374a24f64579c5360e36898949ed6e093d30d,2026-07-16,2026-07-23
NJ,"Event Rentals, Inc. and CP OpCo, LLC d/b/a Classic Party Rentals",Englewood,,2014-08-08,94,unknown,,0,0,1,https://www.nj.gov/labor/employer-services/warn/,25162c4cf2931799c940d6b23cc1ea0a495eef2a23cf09340a89c3d5,b157c6a2760286e35b9234d1ce009b55f9103e36,2026-07-16,2026-07-23
NJ,"Event Solutions International, Inc.*dba Motus One*",Somerset,,2019-12-20,30,unknown,,0,0,1,https://www.nj.gov/labor/employer-services/warn/,f412f1f417087379bcc2d2d3fd53fd730290024417e59fe59b453c13,749eb2a33560faab1baf5f21a1d2a292f3ce4d9b,2026-07-16,2026-07-23
NJ,Everest Group,Warren,,2026-03-31,110,unknown,,0,0,1,https://www.nj.gov/labor/employer-services/warn/,0cd0423ebd6e8104a6af1a27665b8fcc33f64b1c50a321c0e15c630a,61eb6a89b3595d8f3b34d06aa3b4f7ebfa509ff1,2026-07-16,2026-07-23
NJ,Exelon Generation,Forked River,,2019-06-30,65,unknown,,0,0,1,https://www.nj.gov/labor/employer-services/warn/,e82686ae536c7426d7bbb7ceaae722618de7d4eadcb8562c9ed6a817,55506ad26b8a40b20ce2688023f6dd2d5459eaf3,2026-07-16,2026-07-23
NJ,Express Fashion Operations LLC,Multiple Locations Throughout NJ,,2024-05-27,161,unknown,,0,0,1,https://www.nj.gov/labor/employer-services/warn/,d23a42803bb751073eae6e64ac8fde2da1925dc5f7e4f15529b11df9,bc8af743b96fb45daf3e85e7ffd673eb826c7c10,2026-07-16,2026-07-23
NJ,Express Scripts,Franklin Lakes,,2017-04-21,66,unknown,,0,0,1,https://www.nj.gov/labor/employer-services/warn/,1df9c3dc1f23b6a192fa538308a70c8f5e1a985202069d08d2ed2b2a,aed41e9aa3195f72511aed743aaac1c2d9f2a623,2026-07-16,2026-07-23
NJ,Exxon Mobil Corporation,Fairfax,,2012-01-22,180,unknown,,0,0,1,https://www.nj.gov/labor/employer-services/warn/,ff2aeb6702e7d8de10ac3d95a6e186852c27a3f97f0f0ab8e762488b,9839d6c85c459ed6f5c7d8519d70d8cd3e028e34,2026-07-16,2026-07-23
NJ,F. SCHUMACHER & CO.,CRANBURY,,2005-03-07,57,unknown,,0,0,1,https://www.nj.gov/labor/employer-services/warn/,0c62a07b86ccbf5073e0aeb23456335354cbadf3c81286bd278b5b38,8f70b272925d3f0e6df27f883e8c732e676748f4,2026-07-16,2026-07-23
NJ,FABRICATED PLASTICS,MORRISTOWN,,2007-09-24,80,unknown,,0,0,1,https://www.nj.gov/labor/employer-services/warn/,fad9ed0b7dbc26c7a86764e124b8b7873bbfb5652143559194f1cd0a,7c4cf132e73bb1166947c924b67114b4c748b68c,2026-07-16,2026-07-23
NJ,FBN N.J. HOLDINGS,EWING,,2005-09-30,183,unknown,,0,0,1,https://www.nj.gov/labor/employer-services/warn/,5bf9eb80d02fb4d759aba1bf9c12c02dd0ed79bf8d3a6d50cfb9f75e,1ed6fcad3279dd9b4cd43c76250e89645cb9583e,2026-07-16,2026-07-23
NJ,FDR SERVICES,CAMDEN,,2006-01-05,117,unknown,,0,0,1,https://www.nj.gov/labor/employer-services/warn/,f2ebe6b770f13a73250c6af89f16ae16a52472b9ddf97d42b7a6d6a1,05657c31d57a04681447ed7bf964e1055b18bf13,2026-07-16,2026-07-23
NJ,FIBERMARK,BLOOMSBURY,,2006-01-04,64,unknown,,0,0,1,https://www.nj.gov/labor/employer-services/warn/,6aa7f0e525ed42b80e66674c2011fd37a970378f31590a4757db061e,ebc6cfde64ab874f98147d4270a36f2894af668f,2026-07-16,2026-07-23
NJ,FIBERMARK,MILFORD/BLOOMSBURY,,2005-01-26,101,unknown,,0,0,1,https://www.nj.gov/labor/employer-services/warn/,1deb6bb6fdf4ca55890b021d9dd2951e4f87b64b13513ad845b590f4,f2ed4394b63477466d9303167216bee5d0eaeaab,2026-07-16,2026-07-23
NJ,FIFTH ROC,MORRISTOWN,,2005-01-31,225,unknown,,0,0,1,https://www.nj.gov/labor/employer-services/warn/,a3a3ec5453d9bb2931760239bdad6ad4dba9dc2aa29d925dc756b9bf,caa14567755c7a1bd03cd5136bf71f19a6829035,2026-07-16,2026-07-23
NJ,FILENE'S BASEMENT,STATEWIDE,,2009-06-15,116,unknown,,0,0,1,https://www.nj.gov/labor/employer-services/warn/,b289b30a7839069381c7b1614b92ecce64bd9a51f9c4bb38d9992fd8,d3891ef5b3ab50d1e8226b3dddb8344493edfa8f,2026-07-16,2026-07-23
NJ,FIRST FRANKLIN,MT. LAUREL,,2008-05-07,57,unknown,,0,0,1,https://www.nj.gov/labor/employer-services/warn/,ae25c9ec831e9f1559ea624198873ed1ba1345b3128c07c742e142d4,5acacff7d53f5632f5de5aefa51ae7f21bbcf7e8,2026-07-16,2026-07-23
NJ,FIRST INTERSTATE FINANCIAL CORP,SHREWSBURY,,2010-04-30,170,unknown,,0,0,1,https://www.nj.gov/labor/employer-services/warn/,11659ef9a0f75c1531e62e7be66994f2e3b48af32936d646a1cd3feb,4bf9af0fb71c80d626ac463c83353e51a4d59570,2026-07-16,2026-07-23
NJ,FIRST MAGNUS,PARSIPPANY/C. HILL,,2007-08-17,93,unknown,,0,0,1,https://www.nj.gov/labor/employer-services/warn/,1c72bd8680952f3aade008cecbe850acadc1930e5f532d9a3550bdd7,02525b054e6a44faed35f9eb565eb0e60fc9fe68,2026-07-16,2026-07-23
NJ,FIRST STUDENT,PISCATAWAY,,2008-06-30,80,unknown,,0,0,1,https://www.nj.gov/labor/employer-services/warn/,4dbc1d2cf976735fe3b5e49482aa357311c163351ce2235b4ce0f1cd,ee17c5fcd5291de1bfe91e4b8fd3ce41a5e32207,2026-07-16,2026-07-23
NJ,FIRST STUDENT,JERSEY CITY,,2008-08-31,150,unknown,,0,0,1,https://www.nj.gov/labor/employer-services/warn/,ce04b9e8055b4e982358203c7f03ed4f5a8431d3960cb3c111c15a88,f67d946c4f7869db0036df60990d197aa1cfe646,2026-07-16,2026-07-23
NJ,FIRST TRENTON INDEMNITY,MARLTON,,2008-08-29,113,unknown,,0,0,1,https://www.nj.gov/labor/employer-services/warn/,10008c8b5fff58cff8b73846ebb2c6fee046f518f0fc6ab8aafa163e,20430312863f943854b57ce6eb93f72067c970d1,2026-07-16,2026-07-23
NJ,FIS Management Services,Carlstadt,,2019-08-06,56,unknown,,0,0,1,https://www.nj.gov/labor/employer-services/warn/,412c6aa2b3a59540911116cc21cca642a9d8b1de98554ad752b0c673,fc386dbba7abe4f93e6d8313edd8058058344781,2026-07-16,2026-07-23
NJ,"FJC Security Services, Inc.",Jersey City,,2014-03-01,594,unknown,,0,0,1,https://www.nj.gov/labor/employer-services/warn/,6b0c732ff3551e845cbd27ace85942154745232899dc1b2c5f9ba0ad,7afa4c91cbe6fd260f00392e2f1bb136c2603cac,2026-07-16,2026-07-23
NJ,FLEXSOL PACKAGING,NEWARK,,2007-10-26,63,unknown,,0,0,1,https://www.nj.gov/labor/employer-services/warn/,9b39632961771ad723eac6174ae318c5d507b8cf4942f0f293e0fd53,4003f2213a7bc71c29e0514b2b7a960ae5135305,2026-07-16,2026-07-23
NJ,FLOORSERVE,STATEWIDE,,2008-01-31,4,unknown,,0,0,1,https://www.nj.gov/labor/employer-services/warn/,04a1ace6a26412c48947b24585a0aed90d51c55bc05289913b449b3a,ecb21120eb35e4b80672bebbd2dc5bc94e1a7b5b,2026-07-16,2026-07-23
NJ,FLUOR,MT LAUREL,,2009-05-18,128,unknown,,0,0,1,https://www.nj.gov/labor/employer-services/warn/,160eb5030b358f412c8f98d98a0e34e4e9e695715c5c5faf57f770dd,fd6449be46136c92b0c4730074534b7c69e5225b,2026-07-16,2026-07-23
NJ,FMC,PLAINSBORO,,2006-01-12,73,unknown,,0,0,1,https://www.nj.gov/labor/employer-services/warn/,263e9370921083e76abe2ec6152aedfc24dd355fdc1a5659546ac3b5,91388bf4b158aef275bee7048548c31c342b5b0f,2026-07-16,2026-07-23
NJ,FMC Corporation,Philadelphia,,2018-09-30,53,unknown,,0,0,1,https://www.nj.gov/labor/employer-services/warn/,e37aa18e0890e89011edeb30d1cbe1b585a97b66af5bf448a87ebb40,8fc481f675605673ef3615a09f9e39cad33d2ea2,2026-07-16,2026-07-23
NJ,FOOTSTAR,MAHWAH,,2008-06-28,221,unknown,,0,0,1,https://www.nj.gov/labor/employer-services/warn/,be34065c6615e37b44c62a9cc30736d7bf9d495696e49ef7326f7598,4806d604566d6f9dedd17ab872697a69de1c7d69,2026-07-16,2026-07-23
NJ,FORMAN MILLS,TOTOWA,,2006-02-15,65,unknown,,0,0,1,https://www.nj.gov/labor/employer-services/warn/,efd65225a73b083ce92ce1c2ebdeae4be7ac087f0c7226e52f2690d3,5dfe3e07bbd930315ec49efd8d5292e64bd2632f,2026-07-16,2026-07-23
NJ,"FORTUNOFF HOLDINGS, LLC",STATEWIDE,,2009-02-13,445,unknown,,0,0,1,https://www.nj.gov/labor/employer-services/warn/,a88e1e9c14b876bab0ca045a78af3ee470de5d7183c2c2e8957a54f2,e9c4736327ac020d2d980ffd6a55bb722751d585,2026-07-16,2026-07-23
NJ,FOXTONS,STATEWIDE,,2007-09-26,350,unknown,,0,0,1,https://www.nj.gov/labor/employer-services/warn/,5444d5378a7a64860d3aa61f638e77d0ba17416ddc77765266608ceb,44936ccdc032896a83db97703100c4c5f8e4475a,2026-07-16,2026-07-23
NJ,FR Park Services,Freehold,,2024-12-12,93,unknown,,0,0,1,https://www.nj.gov/labor/employer-services/warn/,def7b48079a3d8e52df1c39cc4a14bac2587071be3eb8f6717ac393b,ea239c246d4eb09e80791ad01fde7c0e1a791780,2026-07-16,2026-07-23
NJ,FUJICOLOR PHOTO,HACKENSACK,,2005-12-11,169,unknown,,0,0,1,https://www.nj.gov/labor/employer-services/warn/,d64d0b2878429f1b10c7287acb57b925d96e7d2d0238cd7fdbe93792,e01d8c0a552c8612cdd64725b37a6071ec4000af,2026-07-16,2026-07-23
NJ,FUJITSU NETWORK,SWEDESBORO,,2004-10-22,93,unknown,,0,0,1,https://www.nj.gov/labor/employer-services/warn/,e3ff73861a6a4bbd5a23575c64fd8d5a7e0319630bd7083b5df55e9b,53ef650e930a0dada029cc962a51401ab87130dd,2026-07-16,2026-07-23
NJ,Fairway Market,Woodland Park,,2020-06-05,107,unknown,,0,0,1,https://www.nj.gov/labor/employer-services/warn/,4b3749badd151257b62461f6eb9c22e351b2c3a46182eb8dc19966af,bc5b3ad9f18f927b1e6b52a86cf477a26844c30e,2026-07-16,2026-07-23
NJ,Family Dollar stores,Various locations throughout New Jersey,,2024-04-20,94,unknown,,0,0,1,https://www.nj.gov/labor/employer-services/warn/,8d998c6b2021772bbb1f6ce3a6eb7802298a4d3436d7426ef01041a2,ae2f4c82e0244c6ebc43097ffec7175a6c6879a1,2026-07-16,2026-07-23
NJ,Family Promise of Passaic County,Passaic,,2016-07-31,5,unknown,,0,0,1,https://www.nj.gov/labor/employer-services/warn/,5717f103d132e6a3d694ea91481ee2878517081905ab03e5f5444515,973148ac41ab18115b6c45364eefbdeaf594bb1f,2026-07-16,2026-07-23
NJ,Farmland Dairies,Wallington,,2014-02-17,323,unknown,,0,0,1,https://www.nj.gov/labor/employer-services/warn/,26b7fd5cae0976cc6051adccfcadb5725ff1617aa514c0d40803f083,4e13dd4fdabda832a30ef44037a36a3d881d3ddd,2026-07-16,2026-07-23
NJ,"FedEX Ground Package System, Inc.",Edison,,2020-02-03,,unknown,,0,0,1,https://www.nj.gov/labor/employer-services/warn/,872b68d5e4e885ef71749857dcb3088404bd9a22587e87353f2ad65a,b1529901ad8192cbfd1bb2a2e613d75bd923b796,2026-07-16,2026-07-23
NJ,Federal Express Corporation,Union,,2026-08-03,50,unknown,,0,0,1,https://www.nj.gov/labor/employer-services/warn/,bb3915463aa3fe9bf372ee7390e08ab7f7f36398b09a2c7144ae5f6b,5d4a83596e55f3d653faa36562d49811edf78c79,2026-07-16,2026-07-23
NJ,Federation of Multicultural Programs of NJ,Belleville,,2014-06-30,127,unknown,,0,0,1,https://www.nj.gov/labor/employer-services/warn/,eae7c7ead799ecf53a755b65deeab0676657c6e830ee2c34f553c2de,f1078b289785b7cad06f1e6f1b701cdc82defbcf,2026-07-16,2026-07-23
NJ,Ferrero USA,Somerset,,2007-01-31,25,unknown,,0,0,1,https://www.nj.gov/labor/employer-services/warn/,358282331665eb70dd6e208eea1cdbc824d3205bea8d6e635bd0a3b2,7d09fc2731c5b43bc563dc544efe39ee15815362,2026-07-16,2026-07-23
NJ,Ferring Pharmaceuticals,Parsippany,,2026-01-23,64,unknown,,0,0,1,https://www.nj.gov/labor/employer-services/warn/,fe33a5917c87b671924621697ba92302e58a7e99cf283ebc57307de7,7509a377aa8ff0119b8280eb5ef9022f1a8fd263,2026-07-16,2026-07-23
NJ,Fidelity Care Inc.,Garfield,,2018-02-17,147,unknown,,0,0,1,https://www.nj.gov/labor/employer-services/warn/,ee4a0b8d9e69c4ef19c750b5ea8402b4560078b00184707b93b9ec7c,88540c0ff60f59c805fd4fa95a8fdd2a778bc8d7,2026-07-16,2026-07-23
NJ,First Student,Trenton,,2015-09-01,135,unknown,,0,0,1,https://www.nj.gov/labor/employer-services/warn/,49ef2aea9afcc5140cf4013da8f510ca5523fb84d57e4cd88fb5c136,02d5f890bb853cd71bdb4648fcec1d0bea92fc84,2026-07-16,2026-07-23
NJ,First Student,Cologne,,2016-08-11,65,unknown,,0,0,1,https://www.nj.gov/labor/employer-services/warn/,0082c9c23273dbb74b41f43cba7aa0b22ffd63f658d25ff5df828992,0788a238c1f8694fc72370ade5bc95b1614c8ce6,2026-07-16,2026-07-23
NJ,First Student,Hampton,,2019-09-15,95,unknown,,0,0,1,https://www.nj.gov/labor/employer-services/warn/,af9152dc87feead8d6c45987b6ab59359e7b9c80ddd93028c284afa5,452d88d59f882e483ae44e9235fc7133bfd257ef,2026-07-16,2026-07-23
NJ,First Transit,Lawnside,,2019-10-19,203,unknown,,0,0,1,https://www.nj.gov/labor/employer-services/warn/,c57ef3ca264311dd6684e88eb361469c722625f9897839ffd4f43890,7d08595c5df946bdc501eb6d4cd0da19207abc95,2026-07-16,2026-07-23
NJ,First Transit,Newark,,2023-04-09,289,unknown,,0,0,1,https://www.nj.gov/labor/employer-services/warn/,0a96af963806c305f0ce780ee2cc55a1442e942606e80882c7a0843f,d563d5b27a8e03bf004cf5ebf1bc4e7e76d1bdff,2026-07-16,2026-07-23
NJ,"First Transit, Inc.",Egg Harbor Township,,2013-07-07,40,unknown,,0,0,1,https://www.nj.gov/labor/employer-services/warn/,84e93fedd3c265b45f093a8e2852f9d49aa7d6230e7a2147291665a1,bd8fd57030a3955534d7031f59d0b81389c00a6b,2026-07-16,2026-07-23
NJ,Fiserv Solutions LLC,Berkeley Heights,,2026-03-31,118,unknown,,0,0,1,https://www.nj.gov/labor/employer-services/warn/,b975b9f2d3c90fc06f3e0c034d30d9a34077805b124086226a21f364,4ba4e9b894ae82f448d7bd98638e1734185f5448,2026-07-16,2026-07-23
NJ,Flextronics Americas LLC,Charlotte,,2011-08-31,413,unknown,,0,0,1,https://www.nj.gov/labor/employer-services/warn/,6d6f365fc31f9c7766021c2b48d0081a22458e39e63fa9d496af7e44,6d3b3179dac9b1ba5084f75bc165c4fee13f2b63,2026-07-16,2026-07-23
NJ,Flight Centre Travel Group (USA) Inc.,Montvale,,2024-06-01,84,unknown,,0,0,1,https://www.nj.gov/labor/employer-services/warn/,f0a1a17e572da640916777f8060dcdfaff9391f2799bad73782092f0,8d7b6bf4e92e1b08a3ac09aa5231921cc7919b40,2026-07-16,2026-07-23
NJ,Flight Centre Travel Groupi USA,Montvale,,2020-09-30,166,unknown,,0,0,1,https://www.nj.gov/labor/employer-services/warn/,fe29a4c36a014fc00ce0002bba00d082d28ade690268eab102d15e4f,6115aeeac71193fb13edaed44c53b06f89f3f055,2026-07-16,2026-07-23
NJ,"Food Circus Super Markets, Inc.",Hazlet,,2012-02-25,75,unknown,,0,0,1,https://www.nj.gov/labor/employer-services/warn/,19000d74558479618601f9d46b61b34d61f8ed7c28035ff53b238996,77275167f2c87012c514ae5754743586c9cdd1bf,2026-07-16,2026-07-23
NJ,"Food Circus Super Markets, Inc.",Bayville,,2012-02-25,75,unknown,,0,0,1,https://www.nj.gov/labor/employer-services/warn/,8b289207958e1861a84da20660e85a13c92276b1d3b38b6009d77190,ab8eb77151dd7a72c651ff7ebd929c37e6a06287,2026-07-16,2026-07-23
NJ,Forever 21,"Company Location: Los Angeles, CA Affected Employees: Multiple NJ cities",,2025-06-11,59,unknown,,0,0,1,https://www.nj.gov/labor/employer-services/warn/,b6a5ca117091ad536fa9729cc795052a63d7023c33abcb62f3b07e08,1c5f4b6a97bc20df120eb40366900f198783f265,2026-07-16,2026-07-23
NJ,Freeport-McMoRan (DBA Phelps Dodge Industries),Elizabeth,,2020-10-16,48,unknown,,0,0,1,https://www.nj.gov/labor/employer-services/warn/,bb3917982e126128e8e43adfeaee06ba2803045db74daee3a4ee1a25,6c2401d624489624087d21d6fca5c66bb8ec3c5f,2026-07-16,2026-07-23
NJ,Fresh Pro Food Distributors,West Caldwell,,2024-02-19,100,unknown,,0,0,1,https://www.nj.gov/labor/employer-services/warn/,8b6a3b899dd6c8887136af62c9b34f182a98d26d7ec19890611633e6,475092ab5ef24b6e1934bb58ac83c844625c2090,2026-07-16,2026-07-23
NJ,Freshcut Produce,Newark,,2015-06-01,100,unknown,,0,0,1,https://www.nj.gov/labor/employer-services/warn/,59be2723ef166da09cde3f9ccb4bd0976c278ea445b74616ba1433a8,6e9a6df079fa1b6309b4860e7ae456af90fd4335,2026-07-16,2026-07-23
NJ,"Frontier Airlines, Inc.",Denver,,2020-10-01,138,unknown,,0,0,1,https://www.nj.gov/labor/employer-services/warn/,b0769f6be78db5d11a41de25563ea8149b575483a20ace0432c9458b,6460daad8bdf182b7af1dceeb70fe29e1e11c190,2026-07-16,2026-07-23
NJ,Frutarom,North Bergen,,2015-08-31,50,unknown,,0,0,1,https://www.nj.gov/labor/employer-services/warn/,b8045243db7c6dd0f065efeb98d8b0e237aa531af39d544bc7e0e80c,978e484bf3be2c537878c9857777d183263a3a84,2026-07-16,2026-07-23
NJ,Frutarom,Branchburg,,2015-05-31,24,unknown,,0,0,1,https://www.nj.gov/labor/employer-services/warn/,24ce91c7178d5b2d10fbd59016d031b13242c6b0bf9af995cccf5d6d,a40c3d02412fcabd5cc2388161d2f9f1ef4ac78f,2026-07-16,2026-07-23
NJ,Fulton Bank,Parsippany,,2026-07-31,95,unknown,,0,0,1,https://www.nj.gov/labor/employer-services/warn/,396879c2e2a5b4d89cfb07e6087b31c306dca450fbc32949c8228345,7060c4afbf80552c3633c9d97031550ca3c5bdf4,2026-07-16,2026-07-23
NJ,Fulton Bank,Mt. Laurel,,2024-11-11,111,unknown,,0,0,1,https://www.nj.gov/labor/employer-services/warn/,97ab3f3ac04740ab18243f4b9cb654178eb34b90ec5cf8052c0446d0,86e8b52680c252a5f3d062d5a9537848b513d07e,2026-07-16,2026-07-23
NJ,Furnishare Inc,Teterboro,,2024-08-23,171,unknown,,0,0,1,https://www.nj.gov/labor/employer-services/warn/,3f2bbe6b77ee5e09ccd3c303da40db58b7b8c069ac4698e4ebfccf56,3e51f1ee8bc15eebef39f909faef7554bec9be63,2026-07-16,2026-07-23
NJ,Fusion Transport LLC,Piscataway,,2026-10-01,79,unknown,,0,0,1,https://www.nj.gov/labor/employer-services/warn/,2a2ee749b4d339901c63c76eae87f2a7e9754bbf839365ca4763d2af,2dbf6d7a4948a31822224a47a085d77849ab2876,2026-07-16,2026-07-23
NJ,"Futurewei Technologies, Inc.",Bridgewater,,2019-09-23,49,unknown,,0,0,1,https://www.nj.gov/labor/employer-services/warn/,bf13558fdf939b8f05ed05d7c5156060bb7d8af70640192a0301a926,797326cba5ac2146a2a0cddfc5d6f0ba2c171159,2026-07-16,2026-07-23
NJ,"G&G, INC.",ATLANTIC CITY,,2007-01-14,56,unknown,,0,0,1,https://www.nj.gov/labor/employer-services/warn/,3cd5af5974829f23d9f3aefda60db3874fa03bb9e25f8a1fbbd0e2da,9cb8f94e9f876a2909cd3a621f7c22a50115341b,2026-07-16,2026-07-23
NJ,G+G RETAIL,NORTH BERGEN,,2006-01-20,285,unknown,,0,0,1,https://www.nj.gov/labor/employer-services/warn/,bc21d11f5b3b0fa3be4fa1a26e44251a50c288f9ce10f16125884e1e,0252d399fdf0127ba003934e14477e34d0fe717e,2026-07-16,2026-07-23
NJ,G4S Secure Solutions,Hancocks Bridge,,2014-10-27,369,unknown,,0,0,1,https://www.nj.gov/labor/employer-services/warn/,c5d0230a24d2d709d3cda71117c7b7366b794010b3bb85cc416fc459,5ae427dcd6629391f98d07de2a6296d3e712d143,2026-07-16,2026-07-23
NJ,GAF Materials,Parsippany,,2026-01-15,130,unknown,,0,0,1,https://www.nj.gov/labor/employer-services/warn/,61b4eff36abe0273186393a25811f9d185d156d5f1a623876763981f,087007e6b5b7bab9ec257a7518bbd7c335e9f4bf,2026-07-16,2026-07-23
NJ,GALILEO INT.,PARSIPPANY,,2005-01-23,35,unknown,,0,0,1,https://www.nj.gov/labor/employer-services/warn/,f9b852b4d2205b0f1db6af5413db95ddcec40786044d861561e26a20,2c878d709e5ecfc48496e57b3fb2716eb84d8945,2026-07-16,2026-07-23
NJ,"GARDEN STATE HEALTHCARE ASSOCIATES, LLC",Jersey City,,2020-01-13,161,unknown,,0,0,1,https://www.nj.gov/labor/employer-services/warn/,bb46e4eea9f9343ead030e09079a35f0b833eae44ffd285577cf600e,8c584cf46964a2b69275a18ad3968a36a94683d7,2026-07-16,2026-07-23
NJ,GBT US LLC.,Jersey City,,2020-10-23,90,unknown,,0,0,1,https://www.nj.gov/labor/employer-services/warn/,145928c244b823d872031147360b2e5319f3dc2ae6cb018271489845,451abf30ff4dde4416940bd4c083ddee801e0f0a,2026-07-16,2026-07-23
NJ,GE HEALTHCARE,SOMERSET,,2008-11-30,40,unknown,,0,0,1,https://www.nj.gov/labor/employer-services/warn/,37a68951a32077054ec4285c8648138a45327575666e9f880db68586,39182186f75993f45dbb77a7b1e3387d61d1eb73,2026-07-16,2026-07-23
NJ,GE Healthcare Bio-Sciences Corp. (and other legal entities),Piscataway,,2015-01-01,218,unknown,,0,0,1,https://www.nj.gov/labor/employer-services/warn/,47ea8460b281bb63278307e3d988c489f171c0383681f88150db4e9c,760ca751bc089049d868e31bfe027970b589f4a7,2026-07-16,2026-07-23
NJ,GE STRUCTURED SERVICES,MT. LAUREL,,2007-01-31,56,unknown,,0,0,1,https://www.nj.gov/labor/employer-services/warn/,c2334338403f901159cea50bfe692368a3725daca2c0875b7d771312,1981fd188442ff71cefd7f0fc1b8823ff11f09f3,2026-07-16,2026-07-23
NJ,GENCO,Swedesboro,,2011-12-31,90,unknown,,0,0,1,https://www.nj.gov/labor/employer-services/warn/,3af9862d0c28fa176f8b408a6dcc7ccaa68ab8f729e0e87b49012f02,ca3a6275ed4898a3e69b0682f559b469aa2b4f8f,2026-07-16,2026-07-23
NJ,GENCO,Avenel,,2014-08-02,126,unknown,,0,0,1,https://www.nj.gov/labor/employer-services/warn/,6fedd51ece3a21c980d088726c12baa3e0823b1ad30b1cfaa1c7febd,d67423f41cb2999fd12ea03a7385dd9e721cfcdb,2026-07-16,2026-07-23
NJ,GENERAL CHEMICAL,PARSIPPANY,,2008-09-30,56,unknown,,0,0,1,https://www.nj.gov/labor/employer-services/warn/,1bf64911cc761008c1a01c8250eda7ddfd727d4e7ce41f732162460e,a8f4465fa4f693a7aaabb2a91c87255f73f82011,2026-07-16,2026-07-23
NJ,GENERAL MILLS,SWEDESBORO,,2006-03-20,94,unknown,,0,0,1,https://www.nj.gov/labor/employer-services/warn/,b6f06837f72be371733d68c1307703061fcd4744abfb7e7a9c33d597,bc9e387edd8df31c0ae2273f37949cf47b502fd1,2026-07-16,2026-07-23
NJ,GENERAL MOTORS,LINDEN,,2005-02-07,950,unknown,,0,0,1,https://www.nj.gov/labor/employer-services/warn/,e9606f1680fc6b03b1117d0179ac17c9f6d6f113b48e785506ca329f,f3353ac6ef9bf4b14d1c8cbbb33727be79736dab,2026-07-16,2026-07-23
NJ,GENESIS LOGISTICS,BURLINGTON,,,106,unknown,,0,0,1,https://www.nj.gov/labor/employer-services/warn/,f27b1be41caec72e2192e6c135a209f6af4088183b4e4382e92781c0,5e53fed0a070383341ffb45236da0f8fb87ec39f,2026-07-16,2026-07-23
NJ,GENPAK,CEDAR GROVE,,2004-12-16,60,unknown,,0,0,1,https://www.nj.gov/labor/employer-services/warn/,8e62ce6c706272bd40bff9addee403518cf7ab6677e4d7c33461f92a,fad6c6e5214e1302e106499a694868bb53aae786,2026-07-16,2026-07-23
NJ,GEO Group,Trenton,,2021-01-12,52,unknown,,0,0,1,https://www.nj.gov/labor/employer-services/warn/,afff786f8cb17471bb53fb84db2b2486b2947fbdebbe76fb5e16d953,88a914ade921aacbce2106385b9a8ab9e3882938,2026-07-16,2026-07-23
NJ,GEO REENTRY SERVICES LLC,Newark,,2018-06-08,54,unknown,,0,0,1,https://www.nj.gov/labor/employer-services/warn/,e4c6f6502784b39ec8660332fdc5c681e6ba91a15816eaa8d76727bf,6b5f17396e9e6b0bdeb90ea7304fb68ec2c2cc8e,2026-07-16,2026-07-23
NJ,GEO Reentry Service LLC,Newark,,2024-01-18,107,unknown,,0,0,1,https://www.nj.gov/labor/employer-services/warn/,71fd3e2d8ff4a6d2027befe25a34da84a00c90d00b14522c9909ea5c,0fffc26bcc19824912d21db9ccb8821d4e540c30,2026-07-16,2026-07-23
NJ,GEO Reentry Services,Trenton,,2022-06-30,124,unknown,,0,0,1,https://www.nj.gov/labor/employer-services/warn/,3474ff49ebb3fb4d0d2223397ade76dd4123df23039d6f7d1cb98175,db8cc7c4566c4e6be5c81e8d4204f2cb678391ab,2026-07-16,2026-07-23
NJ,GEODIS,Monroe Township,,2021-05-18,363,unknown,,0,0,1,https://www.nj.gov/labor/employer-services/warn/,9f96302619616d6b0ca6f6d1980ec00b94e631f8d39694bf554bae20,c8610fdbf0c17a50189df1c1e71fee4c28a3268a,2026-07-16,2026-07-23
NJ,GEODIS Logistics,Monroe Township,,2025-07-31,334,unknown,,0,0,1,https://www.nj.gov/labor/employer-services/warn/,193b5acf4ad29f7f9442486de51001988ca969b38a750f40c85d8d19,89e3888c5b9b09a42998d9005cff1b90413cca4f,2026-07-16,2026-07-23
NJ,GERDAU AMERISTEEL,PERTH AMBOY,,2009-09-12,165,unknown,,0,0,1,https://www.nj.gov/labor/employer-services/warn/,ac1812c635cbf636fa6e085ab86de897fce682a53297468ef9195d2f,c795875a3f206ccb4cece06d0014b2cb5869a23d,2026-07-16,2026-07-23
NJ,GETRONICS,WAYNE,,2005-11-15,4,unknown,,0,0,1,https://www.nj.gov/labor/employer-services/warn/,4dfc1e81ea7ad1e99e1d417643bdb827aaec4a009023d1cdfc54ba29,54de7f9f0b65a257eafc150c18d88f59c006d8bd,2026-07-16,2026-07-23
NJ,GLASS GROUP,WILLIAMSTOWN,,2005-08-31,145,unknown,,0,0,1,https://www.nj.gov/labor/employer-services/warn/,e09be47d9a11c3c89a4ad86ae38a114600c384cd517123315b3ca7f0,3b9e79dd322b557ffed5e19555a195662e34a817,2026-07-16,2026-07-23
NJ,GLASS GROUP,MAYS LANDING,,2005-08-31,145,unknown,,0,0,1,https://www.nj.gov/labor/employer-services/warn/,d3166ec9d89e3d343009138ead5791e7a99b0bda6b7de493d47e22bb,821c230ae153a4deac640f62fe3e3f411cbf9287,2026-07-16,2026-07-23
NJ,GLASS GROUP,MILLVILLE,,2005-08-31,600,unknown,,0,0,1,https://www.nj.gov/labor/employer-services/warn/,72e499a44b97db1fd2422fc6e67ce2d2909febadd920e60e14507513,88d5485ec0bda30f2e10f5b38456e52aa7b1b5f5,2026-07-16,2026-07-23
NJ,GLAXO SMITH KLINE,PISCATAWAY,,2004-07-30,133,unknown,,0,0,1,https://www.nj.gov/labor/employer-services/warn/,d3d53051efb8075a4f1893348b09fc559bf9f8a8379e576db6accb4a,512f2505c0c7d344a6606f1032aa4ba300c3a154,2026-07-16,2026-07-23
NJ,GLAXOSMITHKLINE,PARSIPPANY,,2006-12-30,,unknown,,0,0,1,https://www.nj.gov/labor/employer-services/warn/,72293f53d307421be0832c9c97904fb04761d28ab34bf9902867425a,eb0d423ae6b87e37a439bc06a5b56753bb21f6b2,2026-07-16,2026-07-23
NJ,GLOBAL PHARMACEUTICAL SUPPLY GROUP,RARITAN,,2010-06-25,54,unknown,,0,0,1,https://www.nj.gov/labor/employer-services/warn/,47f41dbe2a553434679ba96cd1bad7d9577e9ec15c70c87263aa9205,5888b546b2df584b1f633b877585b6965a05e80d,2026-07-16,2026-07-23
NJ,GMAC MORTGAGE,CHERRY HILL,,2008-10-03,68,unknown,,0,0,1,https://www.nj.gov/labor/employer-services/warn/,c5a55aa846b6ce5a3dbcc33371846258e2fa4a12ea964f5a0be811ed,4f8c0a4ddf2ec08e8d1b10f8a0dc1cd138ba56cd,2026-07-16,2026-07-23
NJ,GMAC MORTGAGE,MOUNTAINSIDE,,2007-01-16,85,unknown,,0,0,1,https://www.nj.gov/labor/employer-services/warn/,3eeda5e8cd8989ac4a17a71d69adeca8240a0d36c079b2408ca09027,e8085425ae2327ac25306ffc9e7c348707a815d8,2026-07-16,2026-07-23
NJ,GMAC RESCAP,PARSIPPANY,,2007-10-19,56,unknown,,0,0,1,https://www.nj.gov/labor/employer-services/warn/,03f22099e07221c12d054b891a3abde93e3f1858079c10166b1c2209,fcda6ae73267431d04a150e1f5e06d1a88c513b2,2026-07-16,2026-07-23
NJ,GMRI Inc. T/A Bahama Breeze,"Company Location: Orlando, FL Affected Employees: Woodbridge, Toms River, Wayne, Paramus",,2025-05-15,327,unknown,,0,0,1,https://www.nj.gov/labor/employer-services/warn/,ac065b06b1d197d23e9c1ae2e2bbfed118205bd24d41aba7c48046dc,32b63faf93cad52b4c07ce7d8c90b21c35ede431,2026-07-16,2026-07-23
NJ,GOLDMAN SACHS,JERSEY CITY,,2009-03-06,70,unknown,,0,0,1,https://www.nj.gov/labor/employer-services/warn/,dbc089fab89f0dab4bf094bd1b5178b16b2bf331efa7cae583e34a4e,1c7947313be6c5226d8f619dca38f9b400cffe7f,2026-07-16,2026-07-23
NJ,GOOD TIMES ENT.,JERSEY CITY,,2005-01-18,320,unknown,,0,0,1,https://www.nj.gov/labor/employer-services/warn/,4f2b5ab18bf1f184c95951f71c6a2a92f5988051ff8214afa01817cb,ce36e7c1b56f50b467e7d6d3d9085cdd770fddca,2026-07-16,2026-07-23
NJ,GOODRICH,ENGLEWOOD,,2004-05-08,120,unknown,,0,0,1,https://www.nj.gov/labor/employer-services/warn/,c87b84d1ed43801898e5128c410f5000f375b171db3e5269033fb05a,37b768b328b695adcc2b1232ce739acd5f4b1df5,2026-07-16,2026-07-23
NJ,GRAHAM PACKAGING,EDISON,,2008-04-18,115,unknown,,0,0,1,https://www.nj.gov/labor/employer-services/warn/,49d32710155bb74fbaf413052d2ace5e104585a402c86177ba99be75,3de431e4d3d7fd68c8255c2e5f00f3294eb9fad1,2026-07-16,2026-07-23
NJ,GREENBROOK MANOR NURSING HOME & REHAB CENTER,GREEN BROOK,,2009-07-31,198,unknown,,0,0,1,https://www.nj.gov/labor/employer-services/warn/,7297beaeec75e1843bb3b4b8f6af864d11db7f415f23d924011c3fba,2f51ece17ef4b6825b446a55aff5fc7892458e56,2026-07-16,2026-07-23
NJ,GREENBROOK MANOR NURSING HOME - ST BARNABAS,GREEN BROOK,,2009-12-23,200,unknown,,0,0,1,https://www.nj.gov/labor/employer-services/warn/,f02ec1e430406338299a9c768ecf828fa2f99d848937571ede57b258,49c69c0d48f136c5f036a4d4a9cbf2b5955ff609,2026-07-16,2026-07-23
NJ,GREENPOINT MORTGAGE,MT. LAUREL,,2008-01-15,12,unknown,,0,0,1,https://www.nj.gov/labor/employer-services/warn/,506de4b90e64034058c7653d504ceb36d8a9dfec0a0b4e50924a1afb,db1bfc0e3a3488ab745c3ecd2a7d1ba3a463b526,2026-07-16,2026-07-23
NJ,GREENPOINT MORTGAGE,MT. LAUREL/FAIRFIELD,,2007-08-24,55,unknown,,0,0,1,https://www.nj.gov/labor/employer-services/warn/,5f820b9a55d25d4ce9e3172106b328940309664a0fdc2aece81ec873,f61577796d514862e926d1223060ca92d63e5d6e,2026-07-16,2026-07-23
NJ,GREENVILLE HOSPITAL,JERSEY CITY,,2008-04-25,356,unknown,,0,0,1,https://www.nj.gov/labor/employer-services/warn/,ccec280fe3a6fd05425d4adc4a8b1a230e19c1be09565bac93ef2cde,42ca2b8a05bab75b22d7151beb29e92de5fd3090,2026-07-16,2026-07-23
NJ,GRGAC1 (dba Amada),Atlantic City,,2014-09-10,124,unknown,,0,0,1,https://www.nj.gov/labor/employer-services/warn/,f32473c310b21d3a45bbacd759aa390726575564bb066042fdb304b3,7b29ff351ac26ab43004413d165a472d525140b9,2026-07-16,2026-07-23
NJ,GRGAC2 (dba Whiskey Village),Atlantic City,,2014-09-10,64,unknown,,0,0,1,https://www.nj.gov/labor/employer-services/warn/,6b9115dc39135400d211f72e84c8cb77d21a5ed31b5e7944ec1a0dab,6bf221fe2837f83d221819ecb24f78a914b2eade,2026-07-16,2026-07-23
NJ,GRGAC3 (dba Distrito Cantina),Atlantic City,,2014-09-10,29,unknown,,0,0,1,https://www.nj.gov/labor/employer-services/warn/,ec59937a17e25d60f51794d80749a0bf2e3f2e40805427162cbc2867,6dfa15c22a7f06a3df9f8c61d9e9e259bf2c479e,2026-07-16,2026-07-23
NJ,GRIFFIN PIPE,FLORENCE,,2009-02-27,200,unknown,,0,0,1,https://www.nj.gov/labor/employer-services/warn/,f17af08697132a370f882db6021c1c68028f6f309d30902b73c6682c,9959f8b02a4f2e47013ae6e78a9cc5b5870187fb,2026-07-16,2026-07-23
NJ,GROCERY HAULERS,S. KEARNY,,2009-01-31,138,unknown,,0,0,1,https://www.nj.gov/labor/employer-services/warn/,ee90d589f739ee48b0366d5d75718df79aecfc8f46a4bcdaba1ddee9,dd4ca5cdf7769ee963330af6d456b014d14d171e,2026-07-16,2026-07-23
NJ,"GUEST PACKAGING, LLC",RAHWAY,,2010-05-15,80,unknown,,0,0,1,https://www.nj.gov/labor/employer-services/warn/,3389ca01eecaf3a4c9fe4cc3ca49dacf5e496ba5ccf6fe38b00783b9,bd2e0bfaf893e86218721d5b517c9368cb5bbd6e,2026-07-16,2026-07-23
NJ,GUIDANT SALES,MARLTON,,2004-09-27,1,unknown,,0,0,1,https://www.nj.gov/labor/employer-services/warn/,293b40496c4ab51ebcbfa50099d765478a4f3be1af0a9958bfe38e65,4da767620a779dbb0a9c8c2b0b921cd0f8967df8,2026-07-16,2026-07-23
NJ,GUND,EDISON,,2009-06-30,44,unknown,,0,0,1,https://www.nj.gov/labor/employer-services/warn/,5e0796537b138fc31f55a1c78eb0b58c9d2dc6257d87f7116a65576a,6a682c2f229f2376a8ec9f11dc0827ce2008aa66,2026-07-16,2026-07-23
NJ,GUSMER CORPORATION,LAKEWOOD,,2006-01-29,94,unknown,,0,0,1,https://www.nj.gov/labor/employer-services/warn/,c42d6dd962e4e8d0ca0720fc4d2b44cfe764faa1848e0824723ce4d4,6de729aa688c5ff506fccc766c25977efeed6345,2026-07-16,2026-07-23
NJ,Gabriel Brothers Inc.,"Mount Laurel, Cherry Hill,",,2024-08-12,52,unknown,,0,0,1,https://www.nj.gov/labor/employer-services/warn/,75d67fbd606d0981e3fb9d322b6cb7cbe423b8bd27cc081099df5714,dd8c4de1db5a8cf5f58007a4a30cab35f0108c8a,2026-07-16,2026-07-23
NJ,"Gaming Laboratories International, LLC",Lakewood,,2020-07-24,56,unknown,,0,0,1,https://www.nj.gov/labor/employer-services/warn/,2ed378494358e351e9c70f81c5a34230367a7180771dbb3f9638f4ce,de7cdd19e8220618cf2e8e9e5cff5e63df1e4d3a,2026-07-16,2026-07-23
NJ,"Gannett Satelilite Information Network, LLC",Woodland Park,,2017-03-25,125,unknown,,0,0,1,https://www.nj.gov/labor/employer-services/warn/,2c4f056bd1392f2e77d915152c2a66bc108540a8d6962d242ccda61d,856a7263a0b629e4b0f1534239e7291449df6ccf,2026-07-16,2026-07-23
NJ,Gannett Satellite Information Network - Freehold,Freehold Township,,2017-06-04,213,unknown,,0,0,1,https://www.nj.gov/labor/employer-services/warn/,cac67905c230dec0c139f38b69ddf1f73cd7919bbcf8dfcfe9793069,edbfd3ee430dc5cd2435584ec1775ab75218d629,2026-07-16,2026-07-23
NJ,"Gannett Satellite Information Network, LLC",Neptune,,2017-07-03,88,unknown,,0,0,1,https://www.nj.gov/labor/employer-services/warn/,1da4bdb137e8e3cea0d2faca54d3c3baab82be6e4a72c19b07aa63b8,5bc3e71763abe1509969532f61dd7e9ccc699979,2026-07-16,2026-07-23
NJ,"Gannett Satellite Information Network, LLC",Rockaway,,2017-03-25,16,unknown,,0,0,1,https://www.nj.gov/labor/employer-services/warn/,4c254c1dec50024bc64ddaffdfd8bc1c2cc3719911c0bac0e374b156,bee21821caf289cdb5419c0ce37e9089c9cb4411,2026-07-16,2026-07-23
NJ,"Gannett Satellite Information Network, LLC",Woodland Park,,2016-11-15,426,unknown,,0,0,1,https://www.nj.gov/labor/employer-services/warn/,1ab1ad2ee903715e587f92a68df1f29d6665b63f1c78bac4007e114d,e96951898b471c08b7fc99e5ae80b95960f1682b,2026-07-16,2026-07-23
NJ,Garden State Diner,Newark,,2020-03-17,1,unknown,,0,0,1,https://www.nj.gov/labor/employer-services/warn/,0cc047e75d50be10d0b02320da8c204a4f55600cf6a7ca5a940dc511,3c60350cf30f774192260a80872acc9e8e9a0603,2026-07-16,2026-07-23
NJ,Gateway Community Action Partnership,Bridgeton,,2019-06-30,169,unknown,,0,0,1,https://www.nj.gov/labor/employer-services/warn/,f74a3c1ef8fe17b53207bfd8d9565aa5726e855be60a72cf27795845,c3a910e96f5d56b3fe64c2f4b87591725f3022a4,2026-07-16,2026-07-23
NJ,"Gateway Logistics Technologies, LLC",Carteret,,2022-03-15,41,unknown,,0,0,1,https://www.nj.gov/labor/employer-services/warn/,e658d980252c248882a43a21a928075beaa1cecb84db846d09f096f8,002d64edbc218bca5579f64287223a9d160711ba,2026-07-16,2026-07-23
NJ,Geico,Cherry Hill,,2024-01-17,93,unknown,,0,0,1,https://www.nj.gov/labor/employer-services/warn/,507f30283ebc9e07396fe602667661749633ea19a2308f571c7a1712,733fcf22c4fe2479963e2b087682601015f44270,2026-07-16,2026-07-23
NJ,"General Mills, Inc. (Progresso Soup)",Vineland,,2017-03-24,338,unknown,,0,0,1,https://www.nj.gov/labor/employer-services/warn/,35c176453e25c93e607840e875272e7d81b8e3cf7c161c4678cb2029,f0b65755258f16d0a9e1b3849f6d9e43b9842b71,2026-07-16,2026-07-23
NJ,Genuardi's,Barnegat,,2012-12-15,66,unknown,,0,0,1,https://www.nj.gov/labor/employer-services/warn/,607656c7f03467e25c8273470c79a047bfbc6906ef6959e5a9e223c8,4ffdcaf11cdcd437ade672377e443c66169f7adb,2026-07-16,2026-07-23
NJ,Genuardi's,Egg Harbor Township,,2012-12-15,84,unknown,,0,0,1,https://www.nj.gov/labor/employer-services/warn/,96d208a5964a23551ac3f0b95d00d05477d67e496dd1bb307e09bb5e,5b22321a81c9a888bb05e29a9576a38c3902c953,2026-07-16,2026-07-23
NJ,Genuardi's,cherry hill,,2012-08-04,78,unknown,,0,0,1,https://www.nj.gov/labor/employer-services/warn/,a33a9387bc0b2fd7116b8b222e0a43a54c9c45ed104520610767f84f,5f52261b2b3a444f0178af133647a820c7866d3c,2026-07-16,2026-07-23
NJ,Genuardi's,Marlton,,2012-12-29,94,unknown,,0,0,1,https://www.nj.gov/labor/employer-services/warn/,2add9be03a79cd030c2663b24f669c45bee0b6f5074cee3570026829,82095530fceb3787503fe64fd82b7caf752e5b76,2026-07-16,2026-07-23
NJ,Gerresheimer Glass Inc.,Millville,,2015-07-27,130,unknown,,0,0,1,https://www.nj.gov/labor/employer-services/warn/,1cd7893fd757939f63f3d7b254b0141405fdab1544b2fd983d67dae3,8edeb1bafe14a723c9fce09e1adb1f4e1a3b4426,2026-07-16,2026-07-23
NJ,Getinge,Wayne,,2024-07-05,85,unknown,,0,0,1,https://www.nj.gov/labor/employer-services/warn/,7514168e51f91e3769e677b0685cbc5e91b198a395f7f085ef8b20d0,dcef97818506104c1a374bfd74e996e851f412be,2026-07-16,2026-07-23
NJ,"Gilead Sciences, Inc",Morris Plains,,2022-04-22,114,unknown,,0,0,1,https://www.nj.gov/labor/employer-services/warn/,be8c41a08cc5d28e3674cda7ea81d6da1ab6c04bd35b017986bc230f,8a64d0604b8a245751fbb7341c53b15d453e0a51,2026-07-16,2026-07-23
NJ,Giles & Ransome,Hammonton,,2018-02-05,67,unknown,,0,0,1,https://www.nj.gov/labor/employer-services/warn/,c470856ad3e6e3da1eaf7ae7c9162c8180a264c0e4e25962e408c6eb,19c32d03ca74f650fe4c54447ddc3011e26e82ed,2026-07-16,2026-07-23
NJ,"Ginsburg Bakery, Inc.",Atlantic City,,2015-06-12,159,unknown,,0,0,1,https://www.nj.gov/labor/employer-services/warn/,f2b33cc65e36caf4e8bb521be0e809d0c5756bf8fe14f599a0d1373e,55ea37530b42b02bc8fe543c164eec59a00f7532,2026-07-16,2026-07-23
NJ,Givaudan Flavors Corp. - Cranbury,Cranbury,,2019-12-13,4,unknown,,0,0,1,https://www.nj.gov/labor/employer-services/warn/,b4e3c4ff63be8482760aec331edf920749972d57c217c3656af0b96e,38239c036a7d31872036e8e45bb647fb58443e7e,2026-07-16,2026-07-23
NJ,Givaudan Flavors Corportion - Middlesex,Middlesex,,2019-12-13,100,unknown,,0,0,1,https://www.nj.gov/labor/employer-services/warn/,59f2c0da378373fa09b578bbe1a06e405aaad402a9438e7b7ae1d9f1,490abdef71c1c03f3d55c7d02d1313d91ca30d4a,2026-07-16,2026-07-23
NJ,GlaxoSmithKline,Clifton,,2014-06-30,165,unknown,,0,0,1,https://www.nj.gov/labor/employer-services/warn/,3384f428e59932bc65b927e12ed6afba32910f662e96076f0deb4168,83bf4282928ddfce0f98a1e3c4532ffabe78a7d5,2026-07-16,2026-07-23
NJ,"GlaxoSmithKline Consumer Healthcare, LP",Parsippany,,2015-05-01,350,unknown,,0,0,1,https://www.nj.gov/labor/employer-services/warn/,ae8805baf6a27236231a758606fb493c12c5435a21ae98125872f155,a19fb72d736a73fd5f3ceaff1fde021039142abf,2026-07-16,2026-07-23
NJ,"Gloucester Manor Health Care Center, Inc.",Sewell,,2014-08-02,16,unknown,,0,0,1,https://www.nj.gov/labor/employer-services/warn/,5dc55f5f772668e4a4ae81a7483e4d7f934900a8cfd598cd5108d5f9,8d5ea3a4a92dd49fe549167b47691de3d2ef1bc5,2026-07-16,2026-07-23
NJ,Gnutti Carlo USA,Northvale,,2014-07-01,86,unknown,,0,0,1,https://www.nj.gov/labor/employer-services/warn/,478991923ad00d548aa70b0a180d126b71e4f8488e1b25c4f8fe38e7,06273f442251725cb76c5cf99210fd20848a6e0e,2026-07-16,2026-07-23
NJ,"Golden Touch Transportation of NY, Inc.",Newark,,2020-09-30,150,unknown,,0,0,1,https://www.nj.gov/labor/employer-services/warn/,dbd50a5b4e77bab5f97f54f93e621de97feaad9472072db272d19e8b,5801e70766e084c38ea5b1156dd059eee2a34e7f,2026-07-16,2026-07-23
NJ,"Graham PackagingCompany, L.P.",Belvidere,,2016-09-26,71,unknown,,0,0,1,https://www.nj.gov/labor/employer-services/warn/,2b8bd1a4fc2e996ca0d521bb0f13fd13ae4bb1ce25db8994337a40c9,5f92d81869c15e82fca332b45e09a405ff8e60ea,2026-07-16,2026-07-23
NJ,Grand Lux Cafe,Cherry Hill,,2020-08-31,117,unknown,,0,0,1,https://www.nj.gov/labor/employer-services/warn/,e53d08936b056561109b08cd5918e03fd0e37df5325e57dc31a1f8d8,0a64c3487ce852f890d1e4fe98a4213bb67a8399,2026-07-16,2026-07-23
NJ,Graphic Packaging,Piscataway,,2016-07-16,117,unknown,,0,0,1,https://www.nj.gov/labor/employer-services/warn/,9a9093bdb1582756967bb5f1ce44b71cb90e0fd9da750525ca70e31e,654a3576584285da5e6892786c64c886d502c688,2026-07-16,2026-07-23
NJ,Great Atlantic & Pacific Tea Co. - Pathmark,Edison,,2015-09-19,101,unknown,,0,0,1,https://www.nj.gov/labor/employer-services/warn/,b4378ec9b9b87f31418c91b35f2e37505217c5432615e6c78b724168,035cc83099cd75c74c6aaafc0abbcdebd34ed58d,2026-07-16,2026-07-23
NJ,Green Beans Coffee,Newark,,2021-08-27,8,unknown,,0,0,1,https://www.nj.gov/labor/employer-services/warn/,e02043f317c8002b07d22251ff0070bc93735fbf1edad1f3d098a486,efc3eccd2ae4e45a1acfbe0c3480d3445860d5c5,2026-07-16,2026-07-23
NJ,Green Sky Industries,Clifton,,2014-09-05,76,unknown,,0,0,1,https://www.nj.gov/labor/employer-services/warn/,adcf9a4b7ab1b6abca796f91a138b5ea1cc252a1b2244454f6cf4b00,f5cb0f886f363583b38ed84c912ae99ef77bea45,2026-07-16,2026-07-23
NJ,Grocery Haulers Inc.,Avenel,,2011-04-08,329,unknown,,0,0,1,https://www.nj.gov/labor/employer-services/warn/,fb0fb41c80ca8a204c92d3c6e40bbf69e6e7fc36012ec1a412f93c72,aeda9b0c625d112b7c79832a6d8ece2e3f4eeb56,2026-07-16,2026-07-23
NJ,"Gussco Manufacturing, LLC",Cedar Grove,,2012-06-16,102,unknown,,0,0,1,https://www.nj.gov/labor/employer-services/warn/,66ca9392443d96e97598698268ae9f677e1671dddb61632213ae0eef,0a983b90196ca3ba72713de60c23db83c5714004,2026-07-16,2026-07-23
NJ,H & M,NO. ARLINGTON,,2008-02-29,80,unknown,,0,0,1,https://www.nj.gov/labor/employer-services/warn/,f9d2b629d9158298b73280956e75c15bbc49a27237a307047b066a21,c4ff3f46b63cdbf0c14939e38463397698ade092,2026-07-16,2026-07-23
NJ,"H&G, INC",ATLANTIC CITY,,2007-01-14,128,unknown,,0,0,1,https://www.nj.gov/labor/employer-services/warn/,9e20c1ab7fefa0fab63846ec37e20de051e744380d2e4b8e8cbb4660,b69f54c57df3876e96e520f7155bf30f1ed68271,2026-07-16,2026-07-23
NJ,"H. D. Smith, LLC",Kearny,,2019-04-05,66,unknown,,0,0,1,https://www.nj.gov/labor/employer-services/warn/,726d8b04dc162f350609be2c3feff011b5cfffcf5d7aa57ba9ef2099,70f6a6fc9764aa8a943996c91d4fcfa7bd7224de,2026-07-16,2026-07-23
NJ,H.C. STARCK,CARLSTADT,,2007-01-30,58,unknown,,0,0,1,https://www.nj.gov/labor/employer-services/warn/,d9ae02effd4b6b259afa1c6760e4b97215bb05dc51d5ea9185dc0423,8494757db7c266174b3602026564a09b69cf05ea,2026-07-16,2026-07-23
NJ,H.C. STARCK,E. RUTHERFORD,,2007-01-30,67,unknown,,0,0,1,https://www.nj.gov/labor/employer-services/warn/,861bcb03c2f053893c70d6b3c2ae19591c8b51b2bdad5d4256d14764,ae6d4cbfaf978924e297195d299e71a60d47875c,2026-07-16,2026-07-23
NJ,HACKENSACK UNIVERSITY MEDICAL CENTER,HACKENSACK,,2009-12-31,152,unknown,,0,0,1,https://www.nj.gov/labor/employer-services/warn/,a7450bcc079e683fddfc2cfd2c2fb92ec1ab9773e9b7fd5ae736f796,ba5edaa2f1e483e74c0cb1367d80332916b3463a,2026-07-16,2026-07-23
NJ,"HAIER AMERICA COMPANY, LLC",WAYNE,,2016-12-31,97,unknown,,0,0,1,https://www.nj.gov/labor/employer-services/warn/,2d0ee8974b4bf8500912fa415d0e7d5c7d5be610b56ae51516118f1e,fb1a5df659c3378b2bd4c8e086e014c8edab1b4f,2026-07-16,2026-07-23
NJ,HANJIN SHIPPING,PARAMUS,,2008-11-01,60,unknown,,0,0,1,https://www.nj.gov/labor/employer-services/warn/,9b30a0874ffa9961239ededa60b5512c1aa9414c630621f028867461,e3ec9cac1d71d0adf6ea17da1eff5bfd646e5458,2026-07-16,2026-07-23
NJ,HANOVER DIRECT,WEEHAWKIN,,2009-01-04,18,unknown,,0,0,1,https://www.nj.gov/labor/employer-services/warn/,dcfda157ef22f6349e2e24ac9632877ebcd0baef56598381a1a34bf7,57260ce23d19e11fe32ca1860f92b30f5e904cdf,2026-07-16,2026-07-23
NJ,HAPAG-LLOYD,PISCATAWAY,,2008-06-30,138,unknown,,0,0,1,https://www.nj.gov/labor/employer-services/warn/,d5bc1bbdec668917639ee3957708b835eb8d1361c7340c322d350b53,c074ba6d5908838459dd21eafa5c2b9a9d640637,2026-07-16,2026-07-23
NJ,HARTZ MOUNTAIN CORPORATION,BLOOMFIELD,,2010-08-09,226,unknown,,0,0,1,https://www.nj.gov/labor/employer-services/warn/,894a5190b500760f6129943ca29cb99605aa0a19d649af0340bf71cd,0315685f896029f4c582ee6133918dcf817a80d0,2026-07-16,2026-07-23
NJ,HARVE BENARD,CLIFTON,,2006-11-10,100,unknown,,0,0,1,https://www.nj.gov/labor/employer-services/warn/,795176e36ecfc54730e9f2b6ecc32e925c334874698339c524b61352,41a02764e7067929921d3b935e47d2aa5d9455ad,2026-07-16,2026-07-23
NJ,HEALTH NET,NEPTUNE,,2004-07-06,105,unknown,,0,0,1,https://www.nj.gov/labor/employer-services/warn/,b76433eb125c31a2ec269b68db1f36cf6d9e419b99fae48590db1c29,9531c6fbd153f4ecaf6371f681f99c983cbec6fd,2026-07-16,2026-07-23
NJ,HEINZ,PENNSAUKEN,,2006-09-11,82,unknown,,0,0,1,https://www.nj.gov/labor/employer-services/warn/,53f7fedfc84f3757ecdd21f04a70ffda080fc13a0df1c5f67182f044,fa6b2c8d8bcbdee5613cbe94fef05212aebb9de9,2026-07-16,2026-07-23
NJ,"HGA QUEST, INC",STATEWIDE,,2009-08-16,81,unknown,,0,0,1,https://www.nj.gov/labor/employer-services/warn/,fe92968c7826b5dafc81b83ce3a9cf2e265c04cd18d2b8daf677c798,ad6b9b11f40e64b8a1e0eb935aa672ab3944ad14,2026-07-16,2026-07-23
NJ,"HH & P Manufacturing, LLC",Lawrenceville,,2011-01-10,99,unknown,,0,0,1,https://www.nj.gov/labor/employer-services/warn/,53504aa205a306a2634153bc81c702e7f89de8f5bfd96c9968a13c17,e724725521c97fe24f1758c3c026fffaba4c03f2,2026-07-16,2026-07-23
NJ,HMS Host,Pomona,,2014-09-15,53,unknown,,0,0,1,https://www.nj.gov/labor/employer-services/warn/,0f0b94a8f6fa9b5b9f33bae411d5d96901ee1b985ba457b66161cd84,132c1ef06c99f6137fd9adaaa2a5ce80959ba022,2026-07-16,2026-07-23
NJ,HMS Host,Newark,,2014-11-06,108,unknown,,0,0,1,https://www.nj.gov/labor/employer-services/warn/,3829bf8f18127b1def824771999511ee8ba2c36f7ef780435bfd28de,aacabe898809487103fe9fc87d3dfe0ad2ae6b0a,2026-07-16,2026-07-23
NJ,HMS Host,Trenton,,2019-09-06,308,unknown,,0,0,1,https://www.nj.gov/labor/employer-services/warn/,25c4c6320054aa97b5c79327802f1cbf02fbb0e9bb86d99a2735bf2d,d7b056255f69135aff7ebb17ba207698f64b1b70,2026-07-16,2026-07-23
NJ,HMSHost - Elwood,Elwood,,2020-10-15,2,unknown,,0,0,1,https://www.nj.gov/labor/employer-services/warn/,df15d6ad398da07b87be8ce6bda34b5965f4edbb9d25d7c1ccab4ac8,b71013581d03d376fe7f7163184cd5312b7c9ca0,2026-07-16,2026-07-23
NJ,HMSHost - Galloway,Galloway,,2020-10-15,36,unknown,,0,0,1,https://www.nj.gov/labor/employer-services/warn/,2a2874914ffb66884fec85df3f261b78810cacef2df36eeb5374bf4d,6c5fff1c4d327a8acb819f9612150555d654cc90,2026-07-16,2026-07-23
NJ,HMSHost - Milltown,Milltown,,2020-10-15,4,unknown,,0,0,1,https://www.nj.gov/labor/employer-services/warn/,49c3b0d8857f610f0b1f6c92083454d35fce27572a3d227a16375ce4,95f48d38d4fbb4a8ba21a8ba2516ad12bac11fc5,2026-07-16,2026-07-23
NJ,HMSHost - Mt. Laurel,Mt. Laurel,,2020-10-15,10,unknown,,0,0,1,https://www.nj.gov/labor/employer-services/warn/,dbbb9da12091112617a3a457a02c03df270d1455320a8f537d4fc273,2a6c9d2530449a44590be6b36fca5aa10d30a400,2026-07-16,2026-07-23
NJ,HMSHost - Pennsgrove,Pennsgrove,,2020-10-15,4,unknown,,0,0,1,https://www.nj.gov/labor/employer-services/warn/,d204c0dd4267b882cf4c26bb8959ca3c28238276ab98008fd0f87323,6d4516dad3988a0209143d4b9fe98468f78cf057,2026-07-16,2026-07-23
NJ,HMSHost - Penssgrove,Pennsgrove,,2020-10-15,7,unknown,,0,0,1,https://www.nj.gov/labor/employer-services/warn/,09a23924b7483267133a70e18d7c1f4775ab6ae6133ae9da0d0e0df9,29c7d70030e65faaf04ca02d1b440d267b68e3a4,2026-07-16,2026-07-23
NJ,HMSHost - Pomona,Pomona,,2020-10-15,36,unknown,,0,0,1,https://www.nj.gov/labor/employer-services/warn/,b4559f4d5394bfe3f12daa32cb324b79fa83f818cc97c19fef13a92b,baabbb9547cfdde668467e0b4c62bfa06b31c8e4,2026-07-16,2026-07-23
NJ,HMSHost - Secaucus,Secaucus,,2020-10-15,2,unknown,,0,0,1,https://www.nj.gov/labor/employer-services/warn/,610401a8ac86a514985af15dcfa9962a5ef247e45ed9ac26df4b7b70,188a1b148cb1ee1abb561a4e9b73b79221a24f21,2026-07-16,2026-07-23
NJ,HMSHost - South Amboy,South Amboy,,2020-10-15,53,unknown,,0,0,1,https://www.nj.gov/labor/employer-services/warn/,d5c2279d4b108697dea75203218db044ec4224b20c5c2cc37a0c11e6,14fd31f905f273e4f27d88a75d213ac2f3e5a4dd,2026-07-16,2026-07-23
NJ,HMSHost - Trenton,Trenton,,2020-10-15,4,unknown,,0,0,1,https://www.nj.gov/labor/employer-services/warn/,b8ec5d0483df82469747beeee48fd3a26bd9d66afe88851e0dc0048f,19434792ae789525aaf1b61c36527452791c1402,2026-07-16,2026-07-23
NJ,HMSHost - Wall Township,Wall Township,,2020-10-15,8,unknown,,0,0,1,https://www.nj.gov/labor/employer-services/warn/,b2394665d43c5bb41213cb44e5912977e38d0f55e80934c06125235a,c047b3f6d8f5c3b6f81e46a1a176def793b93cd4,2026-07-16,2026-07-23
NJ,HMSHost - Woodbridge,Woodbridge,,2020-10-15,15,unknown,,0,0,1,https://www.nj.gov/labor/employer-services/warn/,071eb9d2c2d0797fd86a2b813bab348f77e9f5788b8e730a87abd30b,d905d007432d5eb1876ecaa69605ab24097b48c8,2026-07-16,2026-07-23
NJ,HMSHost -Cranbury,Cranbury,,2020-10-15,55,unknown,,0,0,1,https://www.nj.gov/labor/employer-services/warn/,396e3fd6d5c94556cd1587d2d68f1af81b5328d5cf9fd0bd223c4ccd,b486c154e3c76fb103352732879e20e84d528778,2026-07-16,2026-07-23
NJ,HMSHost -Ridgefield,Ridgefield,,2020-10-15,3,unknown,,0,0,1,https://www.nj.gov/labor/employer-services/warn/,71b24297b17f27be60e398ea9142a6fdcbb5a094c1d2279e6dc4bd40,e950a09dad643ac2a9b991b17268dc136f98b1cb,2026-07-16,2026-07-23
NJ,HMSHost -Starbucks Terminal C,Newark,,2020-10-15,223,unknown,,0,0,1,https://www.nj.gov/labor/employer-services/warn/,0b1536f37cd23ee3b4effc27353921f7e6b26395bcc732b2836bc2b2,8f0d19b9af14a4ba6883b2973c674d7ec08a15b6,2026-07-16,2026-07-23
NJ,HMSHost Corporation - Elizabeth,Elizabeth,,2020-10-15,169,unknown,,0,0,1,https://www.nj.gov/labor/employer-services/warn/,b66815f3274d2ca5fd4a52c60f0749fbf0cb0e6fd8ccf637505112d4,1eaffdb7bbf90f41f45872934a847c33f98cfd5d,2026-07-16,2026-07-23
NJ,HMSHost Corporation -Starbucks,Newark,,2020-10-15,223,unknown,,0,0,1,https://www.nj.gov/labor/employer-services/warn/,f09b7d64abfde61433df6e8afdffc747f3d629c23beab096b8a885c3,c4f54838b7734c676c998f5fab4965b1cec59f3a,2026-07-16,2026-07-23
NJ,HMSHost- Cherry Hill,Cherry Hill,,2020-10-15,14,unknown,,0,0,1,https://www.nj.gov/labor/employer-services/warn/,d14a644ead1f1b3405b62886ff941c8a9425a09fa333590fee9fb4ba,4592f576f7224a83684c12c17228acff8582f533,2026-07-16,2026-07-23
NJ,HMSHost- Montvale,Montvale,,2020-10-15,33,unknown,,0,0,1,https://www.nj.gov/labor/employer-services/warn/,af6cdf40218ff94eef931f33df2deab2467854fef651c04de24cde48,dc39a82b86fca80fb12fcb6dcb8982a2570a7490,2026-07-16,2026-07-23
NJ,HOBOKEN WOOD FLOORING,BRIDGEWATER,,2007-10-29,221,unknown,,0,0,1,https://www.nj.gov/labor/employer-services/warn/,1c29b02d495796d3a4c3f4b6b697ccebc0c989827a12827b4bcff417,dd4e81acab5f36123bebb073d5fbaafaea158ced,2026-07-16,2026-07-23
NJ,HOFFMAN-LA ROCHE INC.,STATEWIDE,,2010-06-30,500,unknown,,0,0,1,https://www.nj.gov/labor/employer-services/warn/,2902ae26af2c4446a20e36b28fc627ad975080f8e8c21c9182b2736b,f79b76b3762e76ac4a87aef86048bee230c84dbb,2026-07-16,2026-07-23
NJ,HOFFMAN-LAROCHE,NUTLEY,,2007-01-05,56,unknown,,0,0,1,https://www.nj.gov/labor/employer-services/warn/,71b17be681897bc8a37d051a78a90993e3a9b9ff69d871002935a5b2,029ae749520718f51c19a4b4bb496b6fcaef732f,2026-07-16,2026-07-23
NJ,HOLIDAY INN,ATLANTIC CITY,,2007-09-04,145,unknown,,0,0,1,https://www.nj.gov/labor/employer-services/warn/,60e5c070c123e715ddf81d37dfe049fd5d854c1b6502b2120b03ff20,209f5d5325c4eec7424e909108968c9bec597332,2026-07-16,2026-07-23
NJ,HONEYWELL,TETERBORO,,2008-02-29,7,unknown,,0,0,1,https://www.nj.gov/labor/employer-services/warn/,ecc5cfc2ce5ce608ceeac62564807fd256f39b4237434f5f587c3244,424a9ccb27af9f6358452ee6805fed48d3157452,2026-07-16,2026-07-23
NJ,HONEYWELL INT.,BLACKWOOD,,2009-01-05,12,unknown,,0,0,1,https://www.nj.gov/labor/employer-services/warn/,d6dd1dce34be1121d83e6b5ae906804404f6e88f3e9c69766c294876,e31f0f444ad0532b81cb2f922688e38138a834b8,2026-07-16,2026-07-23
NJ,HONEYWELL SCANNING,W. DEPTFORD,,2009-01-05,4,unknown,,0,0,1,https://www.nj.gov/labor/employer-services/warn/,c8a23d06ad6001a87bd0237768867f7637057000c9054439a3e1944f,24aaeb04417570d9fd7c436fbc9aebc051461ac0,2026-07-16,2026-07-23
NJ,"HOST INTERNATIONAL, INC",NEWARK,,2010-09-10,135,unknown,,0,0,1,https://www.nj.gov/labor/employer-services/warn/,a4dfba291e2032ec2ff1ed1d69e38914b95bff32e57bd7b870e3ab5d,21e48a4c7a9c17eb5555092c613cde13ecb5124e,2026-07-16,2026-07-23
NJ,HOUGHTON MIFFLIN HARCOURT,BELLMAWR,,2009-10-02,60,unknown,,0,0,1,https://www.nj.gov/labor/employer-services/warn/,bf7b5367b6ba15777303976b90890890d1d46a7ca2e3a3050ddb9811,44c28a685e50111697bd971e2245c8c5427d2fcf,2026-07-16,2026-07-23
NJ,HOWARD JOHNSON HOTEL,ATLANTIC CITY,,2007-09-04,43,unknown,,0,0,1,https://www.nj.gov/labor/employer-services/warn/,bb167f7801de9affe19befe61841112cad501b6f9cf9f39bdadf0ecb,ca0cff34f4eb5659cd5d558ee5f909f277d95f34,2026-07-16,2026-07-23
NJ,HSBC,BRIDGEWATER,,2009-11-16,49,unknown,,0,0,1,https://www.nj.gov/labor/employer-services/warn/,fac04620786d0ed967d2bbcaf58b427070afb7843c4e20bf3be3bba0,47d33a8f80d5f1adaecfcf14c63eedc8889ff6c2,2026-07-16,2026-07-23
NJ,HUDSON CATHOLIC H.S.,JERSEY CITY,,2008-06-30,42,unknown,,0,0,1,https://www.nj.gov/labor/employer-services/warn/,24186673962fb6a8a63655d7131e7f0da1d270d4675c125fb97cdef3,f74e5b70afe555ff4713f10689e58b240ededf99,2026-07-16,2026-07-23
NJ,"HUMC Opco LLC (CarePoint Health),",Hoboken,,2024-12-12,900,unknown,,0,0,1,https://www.nj.gov/labor/employer-services/warn/,1a01605f92cd63a6328325646751ffb0b0cb71a6d4adde51bf6855c6,7bee02752c2a13fa56ae30d7581eb8559bcb042e,2026-07-16,2026-07-23
NJ,"HUMC Opco, LLC, d/b/a CarePoint Health ¿ Hoboken University Medical Center",Hoboken,,2020-01-13,1038,unknown,,0,0,1,https://www.nj.gov/labor/employer-services/warn/,830fd33cdc904b75ccf594eec6b13e585325ba68c2a409e9f582b397,8eb0b8260d6e2e60910bb1b96b77299410b370c5,2026-07-16,2026-07-23
NJ,HUNTLEIGH HEALTHCARE,EATONTOWN,,2007-11-16,140,unknown,,0,0,1,https://www.nj.gov/labor/employer-services/warn/,55356335db834692e2d2f7034a8e5c60e165e462af8ac4f5709d4d98,2d8917ec1fa1b998f58de8dc81c4bcea8a38b7e7,2026-07-16,2026-07-23
NJ,HUNTSMAN POLYURETHANE,WEST DEPTFORD,,2004-07-31,,unknown,,0,0,1,https://www.nj.gov/labor/employer-services/warn/,97e72218eccfc634f10b1511562cceadedfbd4ecf95fc6c442c4776a,3b22cd94c4d4bd56c6ebce181a36a3ce7763a064,2026-07-16,2026-07-23
NJ,Hackensack Meridian Ambulatory Care Inc,Red Bank,,2023-03-31,108,unknown,,0,0,1,https://www.nj.gov/labor/employer-services/warn/,d9bb83b295f83cff185a452aa794ffb13a42f0c5350eb023e7ba2f31,62076e82339c0f0af983c106acba4b8f19fed81d,2026-07-16,2026-07-23
NJ,Hackensack Meridian Health,Edison,,2020-12-31,754,unknown,,0,0,1,https://www.nj.gov/labor/employer-services/warn/,8886cbcf7ce07c8060b0b8dcd4318ee75418a7552daef6c8bfa5f1e0,4aece80a608a92c7d6ef7b4d75ca09b387f065f5,2026-07-16,2026-07-23
NJ,Hackensack Meridian Health - Long Term Care,Edison,,2021-01-31,181,unknown,,0,0,1,https://www.nj.gov/labor/employer-services/warn/,4c8d09e1ecf67498811a85e857fb78b1a83a321a32cd31f51edad406,335e736403f57157e1987cfdc27cb7a745995e61,2026-07-16,2026-07-23
NJ,"Haier America Trading, LLC",Wayne,,2015-12-31,137,unknown,,0,0,1,https://www.nj.gov/labor/employer-services/warn/,78ebc60a5eaf002490e0202c310af7ab7224ee63855ac15b38712a6f,766d8516e4f9d752e9fea0d1acca009e7ded98a3,2026-07-16,2026-07-23
NJ,"Hain Celestial Group, Inc.",Moonachie,,2021-04-24,143,unknown,,0,0,1,https://www.nj.gov/labor/employer-services/warn/,b572c19eb73073d783659b351913285513d2fde65fbc33d83ae46bd5,827696f703213f3e6078c81ce39ffe429d36f243,2026-07-16,2026-07-23
NJ,Hamilton Park Health Care Center,Jersey City,,2012-12-31,400,unknown,,0,0,1,https://www.nj.gov/labor/employer-services/warn/,c9bac1287e5c001dc32f0b87bb7f686915ffa43708f469e290f15ffc,0dcba288866ea747813cde9bc8714f76b9eb56c8,2026-07-16,2026-07-23
NJ,"Hamilton Park Renal Dialysis, Inc.",Jersey City,,2012-12-31,27,unknown,,0,0,1,https://www.nj.gov/labor/employer-services/warn/,56d4edc642977b952f261a57b45caa4d77d97eed4dfccaa8e8341a6c,042712cc23c370ee81de0da5cca7a58f429d1624,2026-07-16,2026-07-23
NJ,"Hanjin Shipping America, LLC",Paramus,,2016-09-30,127,unknown,,0,0,1,https://www.nj.gov/labor/employer-services/warn/,b310c8d611cb81d202cc19e9e90d4da49b79f609b283e936057a09a1,8e207087513f47db9903b8d79cb4fc8782f6b0dd,2026-07-16,2026-07-23
NJ,Hapag-Lloyd America LLC,Piscataway,,2022-09-30,149,unknown,,0,0,1,https://www.nj.gov/labor/employer-services/warn/,0189a8d4f83fbb7837b3a9f0af53a825143f7aad1240392c82095e1d,364d934e2329092520568ea01006a80947feb3ae,2026-07-16,2026-07-23
NJ,Hard Rock Cafe,Atlantic City,,2020-03-30,200,unknown,,0,0,1,https://www.nj.gov/labor/employer-services/warn/,1bcda80bf124e9be02fff018ab61303530654d96ec88781e6f048860,2973a91d39e7d38f5875369a0c4523e77ad7220b,2026-07-16,2026-07-23
NJ,Harmon Stores Inc,Totowa,,2023-04-01,262,unknown,,0,0,1,https://www.nj.gov/labor/employer-services/warn/,559d855978e939b32f0c45ffce6f4bf9241b7657ed3693ba131a974d,c1d646a234e6309bac7e5f2104f746e75014402a,2026-07-16,2026-07-23
NJ,Harrison Sportservice Inc.,Harrison,,2026-01-01,467,unknown,,0,0,1,https://www.nj.gov/labor/employer-services/warn/,842b2b09d47f55405b55606fc04251dc0dd4e5fe4ea960e36383e8e7,1094ba8aab4191b0e47a18583a88b22be38925bf,2026-07-16,2026-07-23
NJ,Hartz Mountain Corporation,Jersey City,,2013-07-19,106,unknown,,0,0,1,https://www.nj.gov/labor/employer-services/warn/,dcb018f68c9211269f71c83c49ecf0c24509c21eac2110b81f4b24de,d25e95635f580f84a8e0d3ec2dfa6c1e5b7888fd,2026-07-16,2026-07-23
NJ,Harvest Time Bread Company,Woodbridge,,2011-03-29,61,unknown,,0,0,1,https://www.nj.gov/labor/employer-services/warn/,dfcd08d853f3ac7a924ecdedbdd277364ba64bcf708fcf0057907ee0,274a07c236a22e33783a741cfa5967c596043a5a,2026-07-16,2026-07-23
NJ,Havana Central NJ1 LLC,Edison,,2024-08-20,65,unknown,,0,0,1,https://www.nj.gov/labor/employer-services/warn/,f3dcab25d8c0e17f42d50f9fb8a9bad2612f9f0dc95065f6f10a0a0b,1ccc719444961850368b5bd78910166185c42000,2026-07-16,2026-07-23
NJ,"Headquarters Hotel Mgmt, LLC d/b/a Sheraton Atlantic City Convention Center Hotel",Atlantic City,,2026-10-01,99,unknown,,0,0,1,https://www.nj.gov/labor/employer-services/warn/,a882d6740729d749d22110ea16b6e7d6c8e101177df6f942c2a856e5,e0b6e1cbfc0f1055d7c0e0913fb405215f180c2c,2026-07-16,2026-07-23
NJ,Healthcare Services Group,Barnegat,,2013-11-26,150,unknown,,0,0,1,https://www.nj.gov/labor/employer-services/warn/,161e55ba0c3cdbc891152fbc8f1a161370ff36788078bec8e1fa3313,1e66f62ec036bc3e244365cc9da1dfc747aac5b5,2026-07-16,2026-07-23
NJ,Healthcare Services Group,Manchester,,2014-02-26,33,unknown,,0,0,1,https://www.nj.gov/labor/employer-services/warn/,7890c27a6736c51d130c666352404d6ea30d95fc7ef226dbdd727a71,dda71c0373d356880b137e44ce7e6f1162ed4b33,2026-07-16,2026-07-23
NJ,"Healthcare Services Group, Inc.",Bensalem,,2012-04-27,14,unknown,,0,0,1,https://www.nj.gov/labor/employer-services/warn/,282a4a8328416209686ca1540bf7fcff99af8f071576232b3ceabe18,2d7303cefce92f57ad83b3b9023defa38e48b316,2026-07-16,2026-07-23
NJ,HearUSA. Inc,Various NJ locations,,2011-07-16,31,unknown,,0,0,1,https://www.nj.gov/labor/employer-services/warn/,fd9f3aef9cccc1058fab60b2ec4041d1b091bff53db0f6c75a822e78,6dd56bafd72f37d1ba5dbe78748855d52fc89558,2026-07-16,2026-07-23
NJ,Heights University Hospital,Jersey City,,2026-03-16,65,unknown,,0,0,1,https://www.nj.gov/labor/employer-services/warn/,5128af305602d6627afa534d6b61c7368c43ee16b7a29d47717e08ea,7d3a1bc2dd2bcda9f788d1db6483f6008362ad81,2026-07-16,2026-07-23
NJ,"Hennes and Mauritz, L. P.",North Arlington,,2016-07-30,156,unknown,,0,0,1,https://www.nj.gov/labor/employer-services/warn/,6af4db7b85ddd6ad34feff7c4c7580a3a4ecc88319978872b44bc26a,89cec8d33c84060133de1705c71dfe90af6933b2,2026-07-16,2026-07-23
NJ,Henry Bayonne LLC,Bayonne,,2025-03-13,84,unknown,,0,0,1,https://www.nj.gov/labor/employer-services/warn/,bf9187b4acb3b66862f07a6d57ebf5636af4bbc0866b0a04ea710329,e32eef44ba2f685544d224a1a6a54cfc5d6c8efd,2026-07-16,2026-07-23
NJ,Henry RAC Holding Corp,Bayonne,,2025-03-13,62,unknown,,0,0,1,https://www.nj.gov/labor/employer-services/warn/,faca4300afba5a8a81f83e851af936d0aa6002e253ed7faeeb257e0c,b52dd63e25a5544d3efd72797cc31ef6cdbc95df,2026-07-16,2026-07-23
NJ,Heritage Bag,Logan Township,,2020-05-18,,unknown,,0,0,1,https://www.nj.gov/labor/employer-services/warn/,90022934fe5919ec3b798eaf2f5b9763bacaabdcc3e1342421bd5f52,63b7817f52ad84d276a32bde6a66fce7debe37cf,2026-07-16,2026-07-23
NJ,Hertz Corporation,Newark,,2020-05-20,66,unknown,,0,0,1,https://www.nj.gov/labor/employer-services/warn/,044c533eab50af5729a5eb82f70007f965c1d5d4532a65a11de2413a,884824dc6a6ac9f76e1e6b91ff33aa2e2d20e47c,2026-07-16,2026-07-23
NJ,Hess Corporation,Port Reading,,2013-03-29,170,unknown,,0,0,1,https://www.nj.gov/labor/employer-services/warn/,f2bce9c5168055199161bc4a305467db5f39edb0c7e6dd9ead73a484,703be569c7cfba9d0f9ffaf7013ee38c9b6073bf,2026-07-16,2026-07-23
NJ,"Heyco Products, Inc.",Toms River,,2016-09-30,107,unknown,,0,0,1,https://www.nj.gov/labor/employer-services/warn/,22b12f6217bcdc20b9bda5d6c2db958c69ade2642d345483196d372f,cd79e28693bbf9f4dbc8de981bc356d640f47e54,2026-07-16,2026-07-23
NJ,Highway Enterprises Inc.,Rockaway,,2020-04-03,2,unknown,,0,0,1,https://www.nj.gov/labor/employer-services/warn/,b02378cbe29202ce00037b89c8a7cd4f3efbca472a6f3e05973eccc3,a77d7f77ba8b612656501b62cf4c92b80d264bbd,2026-07-16,2026-07-23
NJ,Hilton Woodcliff Lake,Woodcliff Lake,,2020-09-14,95,unknown,,0,0,1,https://www.nj.gov/labor/employer-services/warn/,3a78ebad5a97ae8984927a95f7df31c40343523a0c99d4cfb7aa4936,9acdd173f3b707bb0c3b33b40363fb8e9c0224b5,2026-07-16,2026-07-23
NJ,Hoffman-La Roche (Roche),Nutley,,2012-10-30,1000,unknown,,0,0,1,https://www.nj.gov/labor/employer-services/warn/,b59c2d52a963954e6494b3070c3168c19efe3e0fbb0538c1cf495800,509e083ef90e65a9167b607bdf8df08828fb6f22,2026-07-16,2026-07-23
NJ,Holiday Inn - Cherry Hill,Cherry Hill,,2017-06-29,82,unknown,,0,0,1,https://www.nj.gov/labor/employer-services/warn/,270b6bdf71beca8674554942f3141385f45396ea7fba23e4afd0adde,20da7aed7c8e32897d0addb270c27e02e843efdd,2026-07-16,2026-07-23
NJ,"Home Care Industries, Inc.",Clifton,,2011-07-15,115,unknown,,0,0,1,https://www.nj.gov/labor/employer-services/warn/,dca4c2db27461d5a7492a1e3c4dd905f22c6951016c972860ea8322c,6407f9b76b77947a5ffa15c87f6c38bc4b662ad8,2026-07-16,2026-07-23
NJ,Homebridge,South Iselin,,2023-06-26,139,unknown,,0,0,1,https://www.nj.gov/labor/employer-services/warn/,dc8cd3fbff06564d804cd5acd34199a454e390619e0a5d0bf83bbf8e,c235ed7c763bbd558b3087f67efc5070e4cea547,2026-07-16,2026-07-23
NJ,Hometown America,Whiting,,2011-09-30,9,unknown,,0,0,1,https://www.nj.gov/labor/employer-services/warn/,458a72dcea849e99c30614c850676ecc40e5feb5300b656772f7e069,ebfdc586ab17b4945c993aa1bd960a4d17b0f5d0,2026-07-16,2026-07-23
NJ,Honeywell International-EMS Aviation,Moorestown,,2014-09-26,50,unknown,,0,0,1,https://www.nj.gov/labor/employer-services/warn/,5233951826e3ffeba1b695494188bfae3b4d8c19edc0febc6bcfcc04,5a153172fe2fc0945e9214742ddd15cded3b0aa1,2026-07-16,2026-07-23
NJ,Hopatcong Board of Education,Hopatcong,,2019-06-30,1,unknown,,0,0,1,https://www.nj.gov/labor/employer-services/warn/,8c8fc583d79dfb5373d3c4492bda1681c82600b77496c3e91def54ae,6bdd6f26e805e5fed32207ed64360f1d8c1fb3ea,2026-07-16,2026-07-23
NJ,Horizon America Supply Chain Solutions Inc.,Hamilton Township,,2020-04-30,108,unknown,,0,0,1,https://www.nj.gov/labor/employer-services/warn/,7830903f66fa15dae0e3f983ef415b4b4424c9df36701ea5657af260,6f1dd2fa5633db2505fe03d6063201bd4c3b7ab1,2026-07-16,2026-07-23
NJ,Horizon Blue Cross Blue Shield of New Jersey,Newark,,2013-03-01,96,unknown,,0,0,1,https://www.nj.gov/labor/employer-services/warn/,76efa3a5addf52091b610f2865c49c67ef16aecc5d5e7886f519e1aa,0a67b5b0e4bb9b0af008187443cd5950f6a7fe44,2026-07-16,2026-07-23
NJ,Horizon Blue Cross Blue Shield of New Jersey,Harrison,,2013-02-01,62,unknown,,0,0,1,https://www.nj.gov/labor/employer-services/warn/,87287d482de072b4b15dc992d28b8bcf2c6359ba7f2b47b32e73f784,1146fae8703d291742df3c2803f67f0c538e2f8c,2026-07-16,2026-07-23
NJ,Horizon Group USA,WARREN,,2020-08-16,37,unknown,,0,0,1,https://www.nj.gov/labor/employer-services/warn/,4f4c078a5f01b69eb35d99fef2b17fc465a4c570e69ec21f8caccf4b,ced5ed94fcd827c2cd2e6bc1707cb55fe1f76eda,2026-07-16,2026-07-23
NJ,"Horizon Group USA, Inc.",Cranburry,,2021-02-26,32,unknown,,0,0,1,https://www.nj.gov/labor/employer-services/warn/,0f1de811d72b5e382fb3763e45fb42183ba31600bd08acef4577a362,09d9f2d33e82a02f1142b8d982fa9693146634b4,2026-07-16,2026-07-23
NJ,Hospital Central Services Cooperative - Laundry,Camden,,2017-11-28,81,unknown,,0,0,1,https://www.nj.gov/labor/employer-services/warn/,f1342c1c0a0f8a833b7f312231dc7db00aae78bba0db6b99f52e6b40,93753554202f2ececf39592e947079f38232fabf,2026-07-16,2026-07-23
NJ,Hostess Brands,Wayne,,2012-07-03,320,unknown,,0,0,1,https://www.nj.gov/labor/employer-services/warn/,0c1b8947a65ba58aa46df07c149d03e2a7ddbd2aea5220686e0159ca,109421b1d824476849a7fb94425b770b884bad85,2026-07-16,2026-07-23
NJ,Hostess Brands,Hamilton,,2012-07-03,24,unknown,,0,0,1,https://www.nj.gov/labor/employer-services/warn/,60f048de1ab9ff52323c690c496f5f5fb7237614dfc233081c859c30,173284c4ed52cffed07ce53c4ac64cf08b7933e1,2026-07-16,2026-07-23
NJ,Hostess Brands,Pleasantville,,2012-07-03,16,unknown,,0,0,1,https://www.nj.gov/labor/employer-services/warn/,3001caac3cd165a1bc1d7374e50a179c22219af3b7dd88fd64834e4f,6525e992a2bd8a43dff3eac28e7a62b76c680fe4,2026-07-16,2026-07-23
NJ,Hostess Brands,Westville,,2012-07-03,3,unknown,,0,0,1,https://www.nj.gov/labor/employer-services/warn/,0d7f3aca5a15a70368ba50b12ab84a0052b5147786fbc8af017538a9,6e2e3559a8cca0b3cfcb56e5edeacb5b8eb4e151,2026-07-16,2026-07-23
NJ,Hostess Brands,Bellmawr,,2012-07-03,32,unknown,,0,0,1,https://www.nj.gov/labor/employer-services/warn/,7b146a614812908b999018bfaeb39f5b48f5cdbe295058f2af9aa4e5,7ed83379274c059ce3469079f5418cac061eb40b,2026-07-16,2026-07-23
NJ,Hostess Brands,Carlstadt,,2012-07-03,70,unknown,,0,0,1,https://www.nj.gov/labor/employer-services/warn/,b62490e0105e53d810432326a1e81841740175570b5a8c8b1658746f,8700de7ba9b531e472a73f32c9a577cb8fd56803,2026-07-16,2026-07-23
NJ,Hostess Brands,Neptune,,2012-07-03,42,unknown,,0,0,1,https://www.nj.gov/labor/employer-services/warn/,1ceaff9bed11516bab70b42018ac6a6be6a0b82d0bdf7594121b9f61,c02c99d6d8acd6521174e4b10c31c970e00a14c3,2026-07-16,2026-07-23
NJ,Hostess Brands4,Somerset,,2012-07-03,56,unknown,,0,0,1,https://www.nj.gov/labor/employer-services/warn/,37ab69abb9ef346a7f1039d2a591167f5ce03e79e6372ed2a870a055,f3ca1f11cd0fb2797a3e3c1a00cd416d83b1e98f,2026-07-16,2026-07-23
NJ,Hotel Mahwah dba Sheraton Mahwah,Mahwah,,2023-12-15,91,unknown,,0,0,1,https://www.nj.gov/labor/employer-services/warn/,13aed05ccff3eaa95c477d63acc1d4f3c48337f8cbff91b1fb14baff,f0d86edc23db02dd6ac0f52852ef69f5952392ec,2026-07-16,2026-07-23
NJ,Hub City Distributing Company,Lawrenceville,,2017-04-30,101,unknown,,0,0,1,https://www.nj.gov/labor/employer-services/warn/,0b966ea5dd79e939c2011a020a5e7e7439d6ccb04bc0242ea1cf18ab,db76256d6f477c006ef423d9b1d3def8994c5a0f,2026-07-16,2026-07-23
NJ,Hudson Hospital Opco LLC (CarePoint Health),Jersey City,,2024-12-12,843,unknown,,0,0,1,https://www.nj.gov/labor/employer-services/warn/,8e4104fd23e18adac95da5a3b6fdff77d8e197f549c213edf41579a7,fe8972e7cff65957904bba4a170e0db8f3232e66,2026-07-16,2026-07-23
NJ,"Hudson Hospital Opco LLC, d/b/a CarePoint Health ¿ Christ Hospital",Jersey City,,2020-01-13,1074,unknown,,0,0,1,https://www.nj.gov/labor/employer-services/warn/,b3a1bddfab649b7fdadb9785a345cc84d7c1e8eeed3a05a48b612a90,36568e716733d190674251f823c5cb9d4ef76e21,2026-07-16,2026-07-23
NJ,Hudson News (Group),Newark,,2014-11-20,75,unknown,,0,0,1,https://www.nj.gov/labor/employer-services/warn/,13ec55a2e398735748bcebbc4c8874597ef37818e8ab0ffce13bc98b,7d14fed53382974adf8c6aba9c94a10e7dcf8cfa,2026-07-16,2026-07-23
NJ,Hudson News Distributors,Parsippany,,2026-02-06,236,unknown,,0,0,1,https://www.nj.gov/labor/employer-services/warn/,446064bb2e0eab0429afe784b805e58008f95a44964aa2836d9a48f1,103c4b3472ec7eb22491fa89e9bd94d7e7df343c,2026-07-16,2026-07-23
NJ,Hunterdon Brewing Company LLC,White House Station,,2023-12-01,143,unknown,,0,0,1,https://www.nj.gov/labor/employer-services/warn/,2ecba818ec7987bee2881aac83756a321b1894634b1a20a85a5faefc,026fff324eb0954a34f0332fc069aaefb22eac08,2026-07-16,2026-07-23
NJ,I L Mulino,Atlantic City,,2016-10-10,60,unknown,,0,0,1,https://www.nj.gov/labor/employer-services/warn/,2e4a22e69f33f8e01b29ade1e7f97e4b9548de916b3fd22d2f74363d,fac580e3a2e6fd8d20faedebb9d63a1e5b62b226,2026-07-16,2026-07-23
NJ,"IAP WORLD SERVICES, INC",FORT DIX,,2010-06-30,149,unknown,,0,0,1,https://www.nj.gov/labor/employer-services/warn/,d6663997ebd6e7b29ffdec29bdd72f4187c9765f526e98614904a711,cb2bfccc19970a240036601173144e618e5e365b,2026-07-16,2026-07-23
NJ,IBM,PARAMUS,,2009-02-23,72,unknown,,0,0,1,https://www.nj.gov/labor/employer-services/warn/,fc2f863acdeb67cc1ea3b781c23299d097fc58340924bd648f4a564a,60ec0f19dd2a76a98ce889141fcdb684cc392886,2026-07-16,2026-07-23
NJ,IBM,STATEWIDE,,2009-04-27,245,unknown,,0,0,1,https://www.nj.gov/labor/employer-services/warn/,5101c6a2e8961995b5484cc448b0fdbd03d266ebe47224392ffb9147,8d3d23ad57a418fc7a907a5b4cb9b73a705da7bf,2026-07-16,2026-07-23
NJ,ICIMS,Holmdel,,2025-02-15,54,unknown,,0,0,1,https://www.nj.gov/labor/employer-services/warn/,e3a4f81e8f00524ad0c336243db41ca98f42fc3d97a7b59a8701abc6,af315704ba5fbc0f9128a140310eb88de977762c,2026-07-16,2026-07-23
NJ,ICL Performance Products LP,Carteret,,2012-04-27,70,unknown,,0,0,1,https://www.nj.gov/labor/employer-services/warn/,9940d771bb480b6a74c3381cc527296d92782902a74faad8edef6fa4,fdeb4af43d0f3ada36cbfc6a4b673a28f3d0f0e9,2026-07-16,2026-07-23
NJ,ID Logistics,Avenel,,2024-01-11,108,unknown,,0,0,1,https://www.nj.gov/labor/employer-services/warn/,f1d947bc59895f469c30da3de1b1eb93e59746f5bd491ac00131513b,bfb36857f9123ef1765b7fe7f8e264f86aaafcc9,2026-07-16,2026-07-23
NJ,ID Logistics US Inc,Avenel,,2023-07-14,67,unknown,,0,0,1,https://www.nj.gov/labor/employer-services/warn/,ecca0cc5f7a9fbaf13ebbdde53f2ce5a5ea3345a0e2f5860933b1b41,7567550cb41299214a4bed7389f531429cd3feb9,2026-07-16,2026-07-23
NJ,IDEAL MERCHANDISING,STATEWIDE,,2008-01-30,22,unknown,,0,0,1,https://www.nj.gov/labor/employer-services/warn/,dbcac0e2c41201d5ad98c3cd1a1e6e4062c425cc848320e4a0bce83a,9325232cf2999a5b378403e85edc19680028d09c,2026-07-16,2026-07-23
NJ,IDEXX Laboratories,Totowa,,2021-11-01,68,unknown,,0,0,1,https://www.nj.gov/labor/employer-services/warn/,9a962140602c3fbf5ce2de0a091f570f15b61f8bc76f499a72f08581,09657cbbc01bb71bd5acffc10d071fb63044bfe1,2026-07-16,2026-07-23
NJ,IDT,NEWARK,,2006-01-28,320,unknown,,0,0,1,https://www.nj.gov/labor/employer-services/warn/,9ca8073ced2f1237b4b5349a7cc74c23833b70c621a8529be5371274,7aeb4b08a92bc07a7e37c5dd51ef5bc9c2e8aa0f,2026-07-16,2026-07-23
NJ,IDT Corporation,Piscataway,,2016-01-04,84,unknown,,0,0,1,https://www.nj.gov/labor/employer-services/warn/,2a32b26cb398b86a05228c511f611f31569dbe2dcf3b78ee702692e6,2f1734e27c95aa62fe7e1f5be5cb9bebbf5534d6,2026-07-16,2026-07-23
NJ,IEH Auto Parts LLC,"Kennesaw, GA",,2023-04-22,56,unknown,,0,0,1,https://www.nj.gov/labor/employer-services/warn/,be3e94beacdd6ed4c04b032f317cb6e10269c5da9358b38da1dcd1c2,a43b1a3e29faa71b64c07e23838cfe7a94822d9c,2026-07-16,2026-07-23
NJ,IESI Corporation,Jersey City,,2011-01-28,58,unknown,,0,0,1,https://www.nj.gov/labor/employer-services/warn/,30f2d1a9a2a3437b45832d9b3d4b60a7b286c5def71de075e3af24db,caea92a2a5b23ec419d847a8feac835e013cb9e7,2026-07-16,2026-07-23
NJ,IMAGE SCREEN PRINTING,PASSAIC,,2007-07-16,265,unknown,,0,0,1,https://www.nj.gov/labor/employer-services/warn/,02cb58dd58f3a47fcb3df27764ec3ae58faca464e31de87aa66171d3,e34b046b586ea0f61175d398775c7f41adebdcf2,2026-07-16,2026-07-23
NJ,INDYMAC BANK,MARLTON,,2008-09-07,127,unknown,,0,0,1,https://www.nj.gov/labor/employer-services/warn/,5191e5344a48770015aaeb3034d96b194ed8d05496fa6e13df1e09fe,de0a2278f03c37b48f689966f0d1f122fd6f7da3,2026-07-16,2026-07-23
NJ,INFORMATION RES,FAIRFIELD,,2004-09-30,11,unknown,,0,0,1,https://www.nj.gov/labor/employer-services/warn/,a1bf4a9c137b4c28618725d4cc7716c08f58d2bebb1b406ac748303c,ae210fdf635d4c872ba3669877495afda56ab669,2026-07-16,2026-07-23
NJ,ING,SOMERSET,,2009-07-17,65,unknown,,0,0,1,https://www.nj.gov/labor/employer-services/warn/,c6e184c5f5c89bc46a7b8b09527c3705ebc796f274f20b8cf0d19644,06276aea727631a21bf3a369575fda8d32f15214,2026-07-16,2026-07-23
NJ,INSERVE SUPPORT,SADDLE RIVER,,2005-12-31,7,unknown,,0,0,1,https://www.nj.gov/labor/employer-services/warn/,cf2ef5a10cb2e5fbcf029589e34104a7cfba293e1fc82dd8e612ecd9,1c2756e576d37e6aeffe610af26164fb07dcfd78,2026-07-16,2026-07-23
NJ,INTERBAKE FOODS,ELIZABETH,,2006-03-01,119,unknown,,0,0,1,https://www.nj.gov/labor/employer-services/warn/,c3e3ea336c4355517dc44b8c34477e8b8b493fa7a158d94ae646d4f3,48313d0f67e0b9c9e1a570119ef5c3fdb4bb4c1b,2026-07-16,2026-07-23
NJ,INTERCALL,WAYNE,,2008-10-31,121,unknown,,0,0,1,https://www.nj.gov/labor/employer-services/warn/,2e176f2739e61087ee8614d954a5553adc653ec5ea18a116bc29ef72,6cf2bd60fe947235ee395368f1bdc66a4ed25f6c,2026-07-16,2026-07-23
NJ,"INTERLINE BRANDS, INC",MT. LAUREL,,2010-05-21,58,unknown,,0,0,1,https://www.nj.gov/labor/employer-services/warn/,ca1ca137fe3ac12e1d7fc879b4c90e08e26c929c623ed55880944fdc,ca9ecd3cdd4773f89e569c281464186903b480b6,2026-07-16,2026-07-23
NJ,INTERSTATE BRANDS,STATEWIDE,,2005-07-29,100,unknown,,0,0,1,https://www.nj.gov/labor/employer-services/warn/,f5b7a706fc6ee73bf979edb3880818eccfd8466f2e4cf488b2d71f6b,954b54762ff54759bc91941ff514feb7ecc73f79,2026-07-16,2026-07-23
NJ,INTERSTATE OGISTICS,SECAUCUS,,2008-08-10,90,unknown,,0,0,1,https://www.nj.gov/labor/employer-services/warn/,a02fa8e5b5e51bd2d7f4b38863055efd01d08aedd8982b258010b2d1,58676bed0416d981cfc1e37995bdd6d6fc6e5d13,2026-07-16,2026-07-23
NJ,INVERNESS CORPORATION,FAIR LAWN,,2006-01-28,142,unknown,,0,0,1,https://www.nj.gov/labor/employer-services/warn/,c2b8868a99ca620d24c2a66562bdf5adf437a01eae594c4f93bbd5d9,b8e3b3caba2e4763ac92390a27a2abddd0cd9270,2026-07-16,2026-07-23
NJ,IPC COMMAND SYSTEMS,MT. LAUREL,,2007-06-01,10,unknown,,0,0,1,https://www.nj.gov/labor/employer-services/warn/,d359279ce03694c32e35165e8f9900b469d2b484a233f04005729235,39562f75b05e84e637c06aaf37e9383140adb8ee,2026-07-16,2026-07-23
NJ,IPIC Theaters,Fort Lee,,2026-05-28,97,unknown,,0,0,1,https://www.nj.gov/labor/employer-services/warn/,2c1667998efd9819494d5abb7571214d041fdb5a1e4e2782678f3a85,1d8314bd79b1576c10a7bd2c133c66ac18f73018,2026-07-16,2026-07-23
NJ,"IPIC Theaters, LLC.",For Lee,,2020-09-12,124,unknown,,0,0,1,https://www.nj.gov/labor/employer-services/warn/,66203c16fc8406d637f532bc8aec46b1fcdc7286782d986ba1746604,862b6d4cccdd31c731aeb3fbbdcac64c90b3a6a6,2026-07-16,2026-07-23
NJ,"IQE RF, LLC",Somerset,,2019-01-31,22,unknown,,0,0,1,https://www.nj.gov/labor/employer-services/warn/,842e321dc2c2c3e21fa78bac9302555c475081f151d174b495678e4e,97e78545d201b7d5a8a366ec40dc0110f1d00271,2026-07-16,2026-07-23
NJ,ITC - International Technidyne Corporation,Piscataway,,2013-12-31,357,unknown,,0,0,1,https://www.nj.gov/labor/employer-services/warn/,4923b942aad318eac960c975a3e48bad97f132cd0869ca3b66b5fa45,0c56ac7ea9d9f5672ab58492f891c29aa11bfa09,2026-07-16,2026-07-23
NJ,ITT Systems Division,Ft. Dix,,2009-03-28,83,unknown,,0,0,1,https://www.nj.gov/labor/employer-services/warn/,dac01f58444584c8699fd3ee2da35941383ab6b4efcf5c0d3a22fa49,48475ccaffc4be69bd4947322832dfe483f1f8f1,2026-07-16,2026-07-23
NJ,ImClone Systems LLC,Branchburg,,2018-01-31,77,unknown,,0,0,1,https://www.nj.gov/labor/employer-services/warn/,d7523a41e82589c19bf9c7f4b0c0f27cc90bfdbf07f42ba131b127d9,dce31c6f4ae2632f274ae6b5d65e8e1b864c094d,2026-07-16,2026-07-23
NJ,Imagine Screen Printing & production LLC,Dayton,,2020-03-19,25,unknown,,0,0,1,https://www.nj.gov/labor/employer-services/warn/,013892d19a453bb0d09b409fc1e5869fa4d441cf09a4a6c692c724dd,96c25fe3fdf638482d98dcd4e263b4e6f6a8ea1e,2026-07-16,2026-07-23
NJ,Impax Laboratories,Middlesex,,2017-03-15,207,unknown,,0,0,1,https://www.nj.gov/labor/employer-services/warn/,5d6b189a11972da2bf2c2bba7e25c9b57409f1c046d8eff5f852aed3,945aadfd5aaa2ce936d7fcb6edf384b541e76937,2026-07-16,2026-07-23
NJ,Imperia Foods,Fairfield,,2026-05-22,82,unknown,,0,0,1,https://www.nj.gov/labor/employer-services/warn/,b2f1746fee3a817493c0f1ef808ceeee4afe8f5ca029b0d4e5e02960,184454c3914b2e589cdb8aeb2744f422193cc5c1,2026-07-16,2026-07-23
NJ,Indochino Apparel (US) Inc,Seattle,,2020-03-25,23,unknown,,0,0,1,https://www.nj.gov/labor/employer-services/warn/,f3e968f26ec8f7c9c4bb0523fdad512df4f3e8e6e4dc778c9a849c69,050acccc3854af080ec56a95871ebdb541b407ef,2026-07-16,2026-07-23
NJ,Ingram Micro Inc.,Fairfield,,2023-09-29,73,unknown,,0,0,1,https://www.nj.gov/labor/employer-services/warn/,ed0cdd9e2d852b9bbd40efb148eec47cddeee679c2615a8e06b7e21f,64923afb99b2ba36f006df4a75f5a44f4bbbdc8d,2026-07-16,2026-07-23
NJ,Inspira Health Network,Vineland,,2016-04-25,105,unknown,,0,0,1,https://www.nj.gov/labor/employer-services/warn/,044098ab08fcb172c7ff12247c85fa4eda2e88daec189416acc67cb3,6033117ced42705f2af65a8aa74f2bc069e256c5,2026-07-16,2026-07-23
NJ,Inspira Medical Center,Millville,,2016-08-10,23,unknown,,0,0,1,https://www.nj.gov/labor/employer-services/warn/,99644b35719351e35584aacb4af04e823f5ef1ea3ea9920df2d19a27,053f29c244aa43d07df02f3f392fa2125402af17,2026-07-16,2026-07-23
NJ,Inspira Medical Center,Bridgeton,,2016-08-10,22,unknown,,0,0,1,https://www.nj.gov/labor/employer-services/warn/,a179105d691e91098dd0bf0a69a27809eb261df545e97e0782e99078,0a859902933da2a2b3fdf9571f18c0d75bd6b56e,2026-07-16,2026-07-23
NJ,Inspira Medical Center,Vineland,,2016-08-10,22,unknown,,0,0,1,https://www.nj.gov/labor/employer-services/warn/,13393eb10d1f2fda1a22d3104e13798c5fa02f1b78444886b6979011,55b613e2a69d6420e319a148d7ba47d1dc5d888c,2026-07-16,2026-07-23
NJ,Integra Life Sciences,Princeton,,2026-05-01,65,unknown,,0,0,1,https://www.nj.gov/labor/employer-services/warn/,452fa9b9f1450b0b7f0110520982a2aea1748c4d8139728a65563264,04ef11451ddf6b726240526c404644ee815bcccd,2026-07-16,2026-07-23
NJ,Intel,Parsippany,,2006-12-20,55,unknown,,0,0,1,https://www.nj.gov/labor/employer-services/warn/,45a34548f12258450eaec57e18987920ea38d809ab585118bde5ca6d,88e1bb13186249444c691175bbcf383ee0e7ac97,2026-07-16,2026-07-23
NJ,Intercapital Services North America LLC / NEX Group,Jersey City,,2017-04-24,,unknown,,0,0,1,https://www.nj.gov/labor/employer-services/warn/,fc90e61267644b67cdba6966dc084dd6b0f489d7715cade28b2377e1,14c1240371e63913f0d6eecf36a6ab67463cd70a,2026-07-16,2026-07-23
NJ,Intercept Pharmaceuticals,Morristown,,2026-02-28,146,unknown,,0,0,1,https://www.nj.gov/labor/employer-services/warn/,ffdc3d91e7b3a6de4c25874a94e83ce678b641fa882c62618f6a6997,28bf08929e31770e8ce9e2012aa1f0c7208777f9,2026-07-16,2026-07-23
NJ,Interim Healthcare,Voorhees,,2017-01-24,101,unknown,,0,0,1,https://www.nj.gov/labor/employer-services/warn/,6e99fcd083935abaea3e76284844433a08496bb45227a080a14110d5,7ab5bd5379dad074bed599be70fc30b24c2647ff,2026-07-16,2026-07-23
NJ,Interim Healthcare,Hamilton,,2017-01-24,101,unknown,,0,0,1,https://www.nj.gov/labor/employer-services/warn/,f4e2cba90e9db36cda1bb57da16ad5d27c6672bce45dc0f96b3ac382,a50a162c9396a53d87345f185f7f447b46f09d97,2026-07-16,2026-07-23
NJ,International Paint (aka Akzo Nobel),Union,,2014-07-07,79,unknown,,0,0,1,https://www.nj.gov/labor/employer-services/warn/,a2b3643b831bb2c1e200851db122986447c74a08ccb576c663625659,d5157c1dce9e5ce12521adf80484253688489d38,2026-07-16,2026-07-23
NJ,"International Paper, Barrington Box Plant",Barrington,,2026-09-24,126,unknown,,0,0,1,https://www.nj.gov/labor/employer-services/warn/,bc6aa75832337de2b887c078da43f820463ea967cdd57678fd64ff32,b53bc7e8d7c93989f525eaa39da8760fda4e707e,2026-07-16,2026-07-23
NJ,International Real Estate Partners US Corp,New Providence,,2026-03-31,61,unknown,,0,0,1,https://www.nj.gov/labor/employer-services/warn/,f3cd7348db2882093803afdef0b6ac133e5ec41fe89faed0d54e127c,998d767abc9cf3df2c5f3ad28a4c33c7eb28d3bf,2026-07-16,2026-07-23
NJ,International Vitamin Corporation,Freehold,,2018-05-11,160,unknown,,0,0,1,https://www.nj.gov/labor/employer-services/warn/,3d0765f7bc43b16357f8b059efdf1e0e35f7684f770825e891f43aac,3854164434b58ee44df05c8daceb1e294f4ec429,2026-07-16,2026-07-23
NJ,International Vitamin Corportion,Irvington,,2020-06-01,110,unknown,,0,0,1,https://www.nj.gov/labor/employer-services/warn/,26e42686f0d06fe6c39aebea2f09c1ededa1dfe0eaecc22109015f7b,2fa2ebb4a9ea7083888f5acbfb175f0f39d8570e,2026-07-16,2026-07-23
NJ,"Interstate Logistics, Inc",North Bergen,,2010-11-15,63,unknown,,0,0,1,https://www.nj.gov/labor/employer-services/warn/,9cf59461ab0b2737849a9fea3a52f8c47e29d7df18ce6cc79867ffb4,c48d709a2af483461257591d61fa5f83c255e07e,2026-07-16,2026-07-23
NJ,IntraPac,Swedesboro,,2012-03-09,51,unknown,,0,0,1,https://www.nj.gov/labor/employer-services/warn/,6ded5c95ad80bbf6b041584a2487dcddcffbe333695d0080da6a3f62,c04f940c92e44c16754761e3bae17ef37cda29e5,2026-07-16,2026-07-23
NJ,Investors Bank,Short Hills,,2013-11-15,65,unknown,,0,0,1,https://www.nj.gov/labor/employer-services/warn/,0c12096399185634748c392b7b259cc268ed1446a02d239cf635c5e4,181c7888fe35a22a04aa35856bc224cfbf3e5cd5,2026-07-16,2026-07-23
NJ,Iron hill Brewery,Maple Shade,,2025-09-09,108,unknown,,0,0,1,https://www.nj.gov/labor/employer-services/warn/,35e30c4ba41b944f95720f1af14d39467baca009e09d22313c0428da,17093201b8d651527771c25536518de00d59dec3,2026-07-16,2026-07-23
NJ,J P MORGAN CHASE & CO,CARLSTADT,,2009-07-31,39,unknown,,0,0,1,https://www.nj.gov/labor/employer-services/warn/,35558764bd49d3afafb6652fc05a1671b63f42d67b7c7c5fa5a17ab2,abf520c051a815d480c45ddeea69eafdddfe15da,2026-07-16,2026-07-23
NJ,J P Morgan Chase,Iselin,,2013-08-13,42,unknown,,0,0,1,https://www.nj.gov/labor/employer-services/warn/,c575ccc6dfd192604068eccb2e52371103fdda28b88d8678f5094fa1,21719e132e18283111ba226ac12cf5dbc9879a09,2026-07-16,2026-07-23
NJ,"J.C. Penney Corporation, Inc.",Paramus,,2018-03-11,144,unknown,,0,0,1,https://www.nj.gov/labor/employer-services/warn/,26daaea072da426eac87568a8b3330a82b0d28748632db49f44cf72c,c1393f989d0b9235ac186cb379d2192683cb39e6,2026-07-16,2026-07-23
NJ,"J.C. Penney Corporation, Inc.",Mays Landing,,2019-07-06,81,unknown,,0,0,1,https://www.nj.gov/labor/employer-services/warn/,b61594efe30761ce7c37772eb36f44b3d770ae12691cb398ae3f721f,ee53fe631c52718df94aac22345dae6ac83e185f,2026-07-16,2026-07-23
NJ,JACK DANIELS MOTORS,UPPER SADDLE RIVER,,2020-03-26,101,unknown,,0,0,1,https://www.nj.gov/labor/employer-services/warn/,79497c8c0337a36d6b45f7383773d6f42c57d56df9881891f9a8ba25,887e965b11add51a452efb9714ea42e758d24c61,2026-07-16,2026-07-23
NJ,JACK DANIELS MOTORS K,upper saddle River,,2020-03-31,15,unknown,,0,0,1,https://www.nj.gov/labor/employer-services/warn/,7edda54edef192079078041b1e1fd6091a0c05e88092c986a2c45425,478e203781789047225e0332cc2b7609fe558059,2026-07-16,2026-07-23
NJ,JACK DANIELS OF USR,UPPER SADDLE RIVER,,2020-03-26,26,unknown,,0,0,1,https://www.nj.gov/labor/employer-services/warn/,177cead494c20ac25793b29683fd89f5b12385700e5936de881fa1f8,052bd98eb3a850f5af79c90f8d32a374b1c0b055,2026-07-16,2026-07-23
NJ,JAFFA FOOD SERVICE INC ( MANHATTAN BAGEL),Sayreville,,2020-10-01,1,unknown,,0,0,1,https://www.nj.gov/labor/employer-services/warn/,e164271a03f122b84c041c884b92559aa66983a3d82b8bf2536ab36d,51341d0718b29593074085db7f1a3365bdbf62bf,2026-07-16,2026-07-23
NJ,JBL INCORPORATED,UPPER SADDLE RIVER,,2009-06-30,2,unknown,,0,0,1,https://www.nj.gov/labor/employer-services/warn/,de28ac75aee4d7a72c1253be177a6ecff0851e4bf86de3a66841c4bf,e4afac01caa01f13f5d827667a92660a9cfc6b62,2026-07-16,2026-07-23
NJ,JEVIC TRANSPORTATION,DELANCO/PISCATAWAY,,2008-05-19,1036,unknown,,0,0,1,https://www.nj.gov/labor/employer-services/warn/,93676d2ff64b26b55b0136f5b49028a838853eb4ae00fd51792d9b80,6007284902450f7a21c3b53112d5bd4e76fac72a,2026-07-16,2026-07-23
NJ,"JHT Corporation (f/k/a JPC Enterprises, Inc. t/a Jersey Paper Plus)",Edison,,2017-10-28,111,unknown,,0,0,1,https://www.nj.gov/labor/employer-services/warn/,9a7177247cc28c7be6526f638ecc7675f1c6421c2817d5ef3f92865f,1f47291ff3217a52fa05ff8a3f82f995958e42dd,2026-07-16,2026-07-23
NJ,JOHNS MANVILLE,BERLIN,,2009-01-31,170,unknown,,0,0,1,https://www.nj.gov/labor/employer-services/warn/,5c0c6eee3ef45c5ec7aabbea426f095c93ca2d4cb4a024bb091dcf80,4551b5a0ac7389fcdf1a7031534aea428f962388,2026-07-16,2026-07-23
NJ,JOHNSON & JOHNSON,RARITAN,,2006-04-14,226,unknown,,0,0,1,https://www.nj.gov/labor/employer-services/warn/,ec77ef00d650d73ebeb46d348993d8cf4787ae75f2a1b24cae694756,4f1758d08edc272e1304fce137034fb3640e14e2,2026-07-16,2026-07-23
NJ,JOHNSON & JOHNSON,MORRIS PLAINS,,2007-01-23,512,unknown,,0,0,1,https://www.nj.gov/labor/employer-services/warn/,4353de4c37759d62538b1a0ebf9a227122938b6bd4b5b590899aab90,8bb7f0b229d9b9f3b3632234bfecd0254e6f5e63,2026-07-16,2026-07-23
NJ,JOHNSON & JOHNSON,SKILLMAN,,2004-10-22,109,unknown,,0,0,1,https://www.nj.gov/labor/employer-services/warn/,51ffe5fc331bf10877a0fe0ae3f62410f5f96ead5c826e4090fb3616,91bea0b757346aa7cf1be65c397982b1cf485b73,2026-07-16,2026-07-23
NJ,JOHNSON & JOHNSON,NO. BRUNSWICK,,2004-04-30,488,unknown,,0,0,1,https://www.nj.gov/labor/employer-services/warn/,daccd0d1c7af5085c9095b19b95effe5fd2e00ea791b4a6065bca059,c60462ff3f988f795c17f2ce7faedecf69e3b17b,2026-07-16,2026-07-23
NJ,JOHNSON & JOHNSON,BRIDGEPORT,,2004-06-19,96,unknown,,0,0,1,https://www.nj.gov/labor/employer-services/warn/,83cd2581c406cc6270772568ee9ee67fd109f273e57f6ba1fcd4cbcb,e55cf24c8e0457b5dd9514b28f26701a39d08978,2026-07-16,2026-07-23
NJ,JOHNSON CONTROLS,DAYTON,,2005-02-07,82,unknown,,0,0,1,https://www.nj.gov/labor/employer-services/warn/,d0f250bb110a49f3810ee66ddc00e452167e4bdd58a01e636ca910cd,7811fa0a94165bba7a950dab64148cf8d946b04d,2026-07-16,2026-07-23
NJ,JONES APPAREL,EDISON,,2008-06-02,157,unknown,,0,0,1,https://www.nj.gov/labor/employer-services/warn/,8c74ba340c4a213cc776c817e03f9271264a09a2e782d442823043db,3639c0fdef852535f05cc9864f207fdb51f936bd,2026-07-16,2026-07-23
NJ,JP Morgan Chase,Jersey City,,2026-05-03,120,unknown,,0,0,1,https://www.nj.gov/labor/employer-services/warn/,e70863cc67adbc69b76a31373bc05831047c18977391540f2eeb9da2,1e8d4c8bb000f8e52def1c145a3eb919abcefe3a,2026-07-16,2026-07-23
NJ,JP Morgan Chase Bank,Jersey City,,2025-05-05,121,unknown,,0,0,1,https://www.nj.gov/labor/employer-services/warn/,3885d62454b75538adb69854659b1eed3f79de13b851d896cd440b8d,ae95f136878cad8401fbedb7801852f1870cdeb6,2026-07-16,2026-07-23
NJ,JPMORGAN CHASE,WOODCLIFF LAKE,,2008-01-09,70,unknown,,0,0,1,https://www.nj.gov/labor/employer-services/warn/,12c55066cd08b48ac4d82c8dfd9125c42927a8b2b574815ff4806d1d,2de14dac1baeb789e04687566286abbb01e564a6,2026-07-16,2026-07-23
NJ,JPMORGAN CHASE,MAYWOOD,,2007-01-25,160,unknown,,0,0,1,https://www.nj.gov/labor/employer-services/warn/,57096cd9ae046176cd3cf89952ccc150a649cb4c88b91aa1acc9c521,751d0b6845d629e9df65b8d2f9d46d6cb0d1f32b,2026-07-16,2026-07-23
NJ,JPMORGAN CHASE,SOMERSET,,2008-08-07,,unknown,,0,0,1,https://www.nj.gov/labor/employer-services/warn/,6a195a290716cb7622baf2c51016ff57915588da900740e6753c046f,cd5d31ee0a20ee52522c9e2fbd4164184180a859,2026-07-16,2026-07-23
NJ,Jako Enterprises LLC,Secaucus,,2023-05-01,116,unknown,,0,0,1,https://www.nj.gov/labor/employer-services/warn/,d0369c8b295a3b640c1cc3f5c8a5e5adfd9f0b407a6699a4ed1dbbf7,7dbd50b81ef08626b099fec7ca6c17067104fc64,2026-07-16,2026-07-23
NJ,Japan Tobacco International USA Inc.,Teaneck,,2024-08-01,80,unknown,,0,0,1,https://www.nj.gov/labor/employer-services/warn/,934cf5aca152baf69e0219468919163880834313706fce3580f0901f,c41268fa218648de5f5a0366dc3f0ae72efb7044,2026-07-16,2026-07-23
NJ,Jefferson Health,Cherry Hill,,2026-01-13,108,unknown,,0,0,1,https://www.nj.gov/labor/employer-services/warn/,da0e1ccd8b5435215ae73ddf34b9a08e5852c13623133d3e5977bc3c,97c1a28e3366ce9264eaed48db8f2339c410b4ff,2026-07-16,2026-07-23
NJ,"Jersey City Child Development Centers, Inc.",Jersey City,,2014-06-30,180,unknown,,0,0,1,https://www.nj.gov/labor/employer-services/warn/,b1e1b975afe7827c25735a7253c059d1d10ee5c1133579cf7a08907d,74dd0c789fc0f3edf5bc00fe452086a244b14a46,2026-07-16,2026-07-23
NJ,JoAnn Stores Support Center,"Company Location: Hudson, OH Affected Employees: Atlantic, Bergen, Burlington, Camden, Gloucester, Mercer, Middlesex, Monmouth, Morris, and Ocean Counties",,2025-05-29,262,unknown,,0,0,1,https://www.nj.gov/labor/employer-services/warn/,6fbae30601ab4377e2b01a5d648fa41cf7ec60de3a044c4df66ff5e8,2d19d00dc638bf0760a3cbd4f3922b1dc843cd25,2026-07-16,2026-07-23
NJ,John Wiley & Sons,Hoboken,,2023-11-15,103,unknown,,0,0,1,https://www.nj.gov/labor/employer-services/warn/,9b4f12ddf94fcf2a5702c9a4c68b33f240fa146cf4b85867f5780c04,6ea33b6a97fadaa936de7382e47ed11727ad49e0,2026-07-16,2026-07-23
NJ,Johnson & Johnson,New Brunswick,,2026-08-21,86,unknown,,0,0,1,https://www.nj.gov/labor/employer-services/warn/,1177dd7bf9bcfdbe89c6d3f3535cb92fcf4367c6e23e279d21da8e6d,2ec4f75be5685b173454ab34ca960c8a2c297086,2026-07-16,2026-07-23
NJ,"Johnson & Johnson Consumer, Inc.",New Brunswick,,2019-07-15,61,unknown,,0,0,1,https://www.nj.gov/labor/employer-services/warn/,7f472e50795d5e31808d7a8edacd14539af357e7f0954b83378824dc,0a58529c2cf6bd943655d365aece04c055927010,2026-07-16,2026-07-23
NJ,Johnson & Johnson Services,New Brunswick,,2024-12-27,231,unknown,,0,0,1,https://www.nj.gov/labor/employer-services/warn/,ba2f9913849c621a333b81181c71b25c0fe81768f3b761b45273a0d5,21691a1c5c3b8d7e7e1ffec3d006e4394980691e,2026-07-16,2026-07-23
NJ,"Johnson Controls, Inc.",Plainsboro,,2015-07-31,17,unknown,,0,0,1,https://www.nj.gov/labor/employer-services/warn/,2b1a232ef2c4eb7cfa482ddca62ffffc76a3699cd26f76da386c8665,51d30397d113f23483283c90918aa037f86b9585,2026-07-16,2026-07-23
NJ,"Johnson Controls, Inc.",New Brunswick,,2015-07-31,111,unknown,,0,0,1,https://www.nj.gov/labor/employer-services/warn/,33be67521b2b0de39f56dec85d828d395d1f15052a9a51fec2c900eb,a0bf82860e1ecfdc10c46d1fdfcc2f4bc7f9d96e,2026-07-16,2026-07-23
NJ,"Johnson Controls, Inc.",Princeton,,2015-07-31,56,unknown,,0,0,1,https://www.nj.gov/labor/employer-services/warn/,c798f875bfaf7d5f389b23535cf2d42e8421c40ac5744263b028a2f6,a5b2d509c2c007f8c2d7b238f3ccbaa1e6df095e,2026-07-16,2026-07-23
NJ,"Johnson Controls, Inc.",Bloomsbury,,2015-07-31,11,unknown,,0,0,1,https://www.nj.gov/labor/employer-services/warn/,1af325d50b6b96e7f7a0155b6e932796a60da6584898422d43e1e792,bc6925669c8486759c7d64c20a91bcb91ad87419,2026-07-16,2026-07-23
NJ,"Johnson Controls, Inc.",Pennington,,2015-07-31,83,unknown,,0,0,1,https://www.nj.gov/labor/employer-services/warn/,65cddf269fcafce44df65b54072a0e952f0ad4794a42a7c459575aed,d14889c13d1e60f66688af97560f2abb64234b74,2026-07-16,2026-07-23
NJ,Jordan Transportation,Parsippany,,2016-08-30,81,unknown,,0,0,1,https://www.nj.gov/labor/employer-services/warn/,a24c91798b7865e4ef11c170a8fb5690bfcc3e50cb93ed3016a57e48,dd873e06b10a12996c3c87f19365c74a0f7a6f42,2026-07-16,2026-07-23
NJ,Journal Register,Yardley,,2013-04-17,83,unknown,,0,0,1,https://www.nj.gov/labor/employer-services/warn/,9cdd0017a9bd28662116124b1b0fc296aa41c2e87d8752d2c0747473,ea81315a466058e1cce0d51c4f8e664068d7e340,2026-07-16,2026-07-23
NJ,K Mart # 7204,Brooklawn,,2010-10-31,63,unknown,,0,0,1,https://www.nj.gov/labor/employer-services/warn/,c5a13fea1d890060b36c59029544a8d74da23b444aa85411eb0e02df,76d866367e7d6c7825da7b31484f8f01539c0a05,2026-07-16,2026-07-23
NJ,K. Hovnanian Company (Builder Services Division),Lakewood,,2015-02-18,56,unknown,,0,0,1,https://www.nj.gov/labor/employer-services/warn/,da0f2d91e0315ca51c9af4d0ed3aef898cf3ee257b79ebdf0925995f,4e0010d86ddc7a0de819ab9300e9a2923e773b6f,2026-07-16,2026-07-23
NJ,KENNETH COLE,SECAUCUS,,2004-04-24,134,unknown,,0,0,1,https://www.nj.gov/labor/employer-services/warn/,8e94487b92c4ae123f73e56ba66983c97a4b5d81521912443c407637,f6745980eba9b597caa0262a89bbaaa84718e585,2026-07-16,2026-07-23
NJ,KIK CUSTOM PRODUCTS,CARLSTADT,,2008-10-17,155,unknown,,0,0,1,https://www.nj.gov/labor/employer-services/warn/,40c5bbbda0373fc4dd60aa619b07a4d0b71bd45b864ba399ff7ef9af,b8f0a7575dbaa18c606dbbe9942fefa71ee12aa1,2026-07-16,2026-07-23
NJ,KIMBLE CHASE LLC,VINELAND,,2010-06-30,85,unknown,,0,0,1,https://www.nj.gov/labor/employer-services/warn/,0454ad71e85ce5073211fb03c589f87baca93f307c3f8f03c62b5281,0d64c4aa6be1326d498704d64de8df9c81cea41a,2026-07-16,2026-07-23
NJ,KING PHARMACEUTICALS,WAYNE/POMPTON PLNS,,2007-12-28,15,unknown,,0,0,1,https://www.nj.gov/labor/employer-services/warn/,3cb2f216cb490e3e2a2380665ab0256df0ab2d0b3ff7026acaf15316,ac1638f5ed38e5e9fb2b1407145d083b80655a64,2026-07-16,2026-07-23
NJ,KMART,BURLINGTON,,2009-09-20,71,unknown,,0,0,1,https://www.nj.gov/labor/employer-services/warn/,cb21d30a725f46aec82d5fe5db0bacbf3c7c7ddffb47305ecae502ab,71eeafc6e1bc32ffe68543f3a0e9b70d79054fef,2026-07-16,2026-07-23
NJ,KMC TELECOM,BEDMINSTER,,2005-01-30,30,unknown,,0,0,1,https://www.nj.gov/labor/employer-services/warn/,ecfbadebf3f736143c87bb2cd1d52f82a78d92f53e2501652e1761b8,0a70b93a993a30e96e74a5b91e593fef6a52dbf8,2026-07-16,2026-07-23
NJ,KNOWLEDGE NETWORKS,CRANFORD,,2008-04-09,275,unknown,,0,0,1,https://www.nj.gov/labor/employer-services/warn/,78bf02976fabb0774a6b855055fc493223cc561eb5134e5931155a0e,786444630dfbbf22af9e1664afe87c8c2ccfe82c,2026-07-16,2026-07-23
NJ,KNY 26671 LLC dba Cooperative Laundry,Kearny,,2020-03-21,102,unknown,,0,0,1,https://www.nj.gov/labor/employer-services/warn/,3981e9a5d5b35c73991cc0bd0ab4860a929b58525a66ad3ca3a9e8a9,83f463ad94504ddb17cd69ba144a27b23d9208da,2026-07-16,2026-07-23
NJ,KONICA MINOLTA,MAHWAH,,2006-03-31,217,unknown,,0,0,1,https://www.nj.gov/labor/employer-services/warn/,7f7b96b5278ff02662730a028f65ba4505404547c78f220973aeeffb,10c93f9f0b5e6cffe829f4c16752833b0c5c92d4,2026-07-16,2026-07-23
NJ,KONICA MINOLTA,MT. LAUREL,,2006-03-19,83,unknown,,0,0,1,https://www.nj.gov/labor/employer-services/warn/,b76114aae88376c42937960c52e01b18e1b531a7a566181637d79d2e,eb66c87e266ccd1ed91d30ba1ae27b12151b5fb3,2026-07-16,2026-07-23
NJ,KRP Transport,Burlington,,2025-09-15,298,unknown,,0,0,1,https://www.nj.gov/labor/employer-services/warn/,a5e70605b1ec782ea700d8b152d3ea34064b0ec91b3a7d1cc65a809f,03e0502620dbb5bdbdfd65623ab1d324be22fe54,2026-07-16,2026-07-23
NJ,KULLMAN INDUSTRIES,LEBANON,,2005-09-30,,unknown,,0,0,1,https://www.nj.gov/labor/employer-services/warn/,3bdeeae30486b8806a49880cd3d85fed7624d7d28c2e147661c203f0,aab1811345c790aa233abbb1ec39115796704b44,2026-07-16,2026-07-23
NJ,KV PHARMACEUTICAL,STATEWIDE,,2009-03-06,30,unknown,,0,0,1,https://www.nj.gov/labor/employer-services/warn/,ae325a20650ad71c845070016b5fe8ab93ce3b22c0158d3b9c810e0c,abe1385800273911502185ab5db2bc1c54777f0b,2026-07-16,2026-07-23
NJ,"Kampack, Inc.",Newark,,2021-08-31,97,unknown,,0,0,1,https://www.nj.gov/labor/employer-services/warn/,6821da94edeadb456968853639dab661f926ca8fa60ab2b2c254d75c,7f15685cadecc9f9c13829c430150e53bdad76a2,2026-07-16,2026-07-23
NJ,Katerra Inc.,Jersey City,,2021-06-04,169,unknown,,0,0,1,https://www.nj.gov/labor/employer-services/warn/,25b002ac31d07f6eaa89f8bece1a90aa50354caf271842118fd6a7d2,5baeb5334e3262a03b603cd0db184fd19915d613,2026-07-16,2026-07-23
NJ,KeHE Distributors Inc.,Remote Workers in NJ,,2023-11-15,13,unknown,,0,0,1,https://www.nj.gov/labor/employer-services/warn/,f3554500817045799ad691ddbfe5b1f97d916b93e6275b2bdd706a08,1495387d5648a673a6a9a52f5b5e7d94abaa3eea,2026-07-16,2026-07-23
NJ,Kellogg's,Cranbury,,2017-07-29,316,unknown,,0,0,1,https://www.nj.gov/labor/employer-services/warn/,b102ddf7e19973ced113dcbd6e86024e7062cb43c0bf9ab6e5926085,6984d9e0804cf53974a8162093f784ebc133d8a9,2026-07-16,2026-07-23
NJ,"Kenco Logistic Services, LLC",Robbinsville,,2016-09-18,415,unknown,,0,0,1,https://www.nj.gov/labor/employer-services/warn/,aacb661826f0af0fbe66850369f87e9373c9e09807b1d67949d69174,22469cc7d204391814ad5130a90f8ed0aa2e3ced,2026-07-16,2026-07-23
NJ,Kensington Manor Nursing & Rehabilitation Center,Toms River,,2010-11-30,227,unknown,,0,0,1,https://www.nj.gov/labor/employer-services/warn/,8e68374bdd7906793297f740a3504b9cd847b52f094c566d2b81a3ac,780536be03cf88bb34ea24583d38b1d4832a28ae,2026-07-16,2026-07-23
NJ,Kenvue,Summit,,2025-10-10,69,unknown,,0,0,1,https://www.nj.gov/labor/employer-services/warn/,ca39e095c9facc557e42d770b81d5e6afaaeabb699a80c781d0124b0,30ac430eecaaf82ddce2d41ecd4cab510d19af55,2026-07-16,2026-07-23
NJ,Kenvue Inc.,Skillman,,2024-03-15,51,unknown,,0,0,1,https://www.nj.gov/labor/employer-services/warn/,781249958b995dd7c8c7a058765a81adf8320690d203318ea490042c,0222d0e47b67f10b8bc0507b3de9ff4fca8764df,2026-07-16,2026-07-23
NJ,Kerry,Flemington,,2014-03-08,42,unknown,,0,0,1,https://www.nj.gov/labor/employer-services/warn/,bd6a255f87b50666e5507ef013299cdebc80ab38db91edbbae9e050d,25706df3b426ae4c60db0fe7877daa0f331f7385,2026-07-16,2026-07-23
NJ,Keurig Dr Pepper Inc.,Plano,,2020-04-30,73,unknown,,0,0,1,https://www.nj.gov/labor/employer-services/warn/,3b726b4d8c770aab6ee357c7c1bbfbe4415162ac623a77493c11bd71,5e3655350611b3967043a0d41f05c5dc159b23cb,2026-07-16,2026-07-23
NJ,"Kid Brands, Inc.",East Rutherford,,2014-06-18,25,unknown,,0,0,1,https://www.nj.gov/labor/employer-services/warn/,3b303ef0eb29ed0e04cb766125941c474d16c91643c7b30b66bc9978,b6e2a4e32acbe9028540c16eb090c5afda122d82,2026-07-16,2026-07-23
NJ,Kimball Medical Center,Lakewood,,2014-04-30,73,unknown,,0,0,1,https://www.nj.gov/labor/employer-services/warn/,14cfa8fc8ef9bdd42a418d54c1f57c79a94b34873135ff8357118659,e0a37a35012d5eae5d35097b5b9e4209b6452c56,2026-07-16,2026-07-23
NJ,King Pharmaceuticals,Bridgewater,,2009-03-29,71,unknown,,0,0,1,https://www.nj.gov/labor/employer-services/warn/,97cfe521514e619c0f7e3998fed88fe1917efcc53d4c5177238e4003,f5ac1501f1c147d5969e71c1f86dc793c2a743e0,2026-07-16,2026-07-23
NJ,Kings Super Markets - Hoboken,Hoboken,,2021-01-12,41,unknown,,0,0,1,https://www.nj.gov/labor/employer-services/warn/,8ed7e43534b6a9b36c07b2bc4461499886606315c26cef18ff9eae96,14954a9911528aaf1c4ede9a75e236bd7a65e663,2026-07-16,2026-07-23
NJ,Kings Super Markets - Maplewood,Maplewood,,2021-01-12,49,unknown,,0,0,1,https://www.nj.gov/labor/employer-services/warn/,d83b897d27c75b88924b2726646777712dbc40356b22a1db7dfdb7b8,54ec985ca595fb22c4046488229007bff5fe5c86,2026-07-16,2026-07-23
NJ,Kings Super Markets - Ridgewood,Ridgewood,,2021-01-12,57,unknown,,0,0,1,https://www.nj.gov/labor/employer-services/warn/,d9993f68e70280dd3cf2b3afd6b85bbd6aac1c47629595b07ec1ccfb,de21f90d2d04404b8140c0b8e14338c1c4d8909e,2026-07-16,2026-07-23
NJ,Kings Super Markets - Warren,Warren,,2021-01-12,64,unknown,,0,0,1,https://www.nj.gov/labor/employer-services/warn/,36fcc17e89f0cd01c76a494b03c52e33e537bcc09ac21ed242246346,d63474d9a8b2b92bac63e661449885feb4e12bc4,2026-07-16,2026-07-23
NJ,"Kings Super Markets, Inc. - Corporate Office",Parsippany,,2021-01-12,116,unknown,,0,0,1,https://www.nj.gov/labor/employer-services/warn/,da35aede6670efc03aff7f39e3f01dc66b9d0521c20ace6391599b83,ec6e2e3b1d6f68e3a59f377fb00f91e9def2f827,2026-07-16,2026-07-23
NJ,"Kings Super Markets, Inc. - Gillette",Gillette,,2021-01-12,59,unknown,,0,0,1,https://www.nj.gov/labor/employer-services/warn/,0f031f6fb4975be06997b1a8bfa9721f68c3f14996b1a7aad58f7cbf,11ba11de63467e27cbde9f9f8962c0808174f05b,2026-07-16,2026-07-23
NJ,Kings Supermarkets - Bernardsville,Bernardsville,,2021-01-23,53,unknown,,0,0,1,https://www.nj.gov/labor/employer-services/warn/,de230452c0c61396ffe11ff9701b793c6a4e07d32ecf5ebda092f14e,89efe1b7264f743987422d693450e988b822a162,2026-07-16,2026-07-23
NJ,Kinkisharyo International,Jersey City,,2025-06-13,72,unknown,,0,0,1,https://www.nj.gov/labor/employer-services/warn/,d1bd0e740d3d403f163cd9bf8b8c5b11f2c37d3655166164d68457fd,9e96181b6f8b816c47355bdeb73cf201e123b99c,2026-07-16,2026-07-23
NJ,Kiss Distribution Corp,Piscataway,,2024-12-26,105,unknown,,0,0,1,https://www.nj.gov/labor/employer-services/warn/,6433fadd1f5f24ea768c86cabd175073a335dbb5ea36ee84e52568c5,c453b51abf45acb2ad16c27c4b29193b611eaaa2,2026-07-16,2026-07-23
NJ,"Kline Construction Co., Inc.",Galloway,,2019-12-19,73,unknown,,0,0,1,https://www.nj.gov/labor/employer-services/warn/,0474dfabe1d0f736987ecc8724de17ad27b418443c83aa0b2b9255fe,d5f2783d16bed4a4a6ce0e4133f0e909a590a27e,2026-07-16,2026-07-23
NJ,Kmart,North Plainfield,,2011-03-27,64,unknown,,0,0,1,https://www.nj.gov/labor/employer-services/warn/,afe21ab52ed8f044d37fa4a0e297bce7937609bd525f33a248091934,03d209830063d510e5026ebda6d52c49cac3c683,2026-07-16,2026-07-23
NJ,Kmart,Clifton,,2018-09-02,103,unknown,,0,0,1,https://www.nj.gov/labor/employer-services/warn/,a41402f1f5e107b005c9d913ad5521284b6df8ea990652bcaa83f25e,b952bb821543d2c3540f178d093be5763785880f,2026-07-16,2026-07-23
NJ,Kmart,Linden,,2013-01-20,85,unknown,,0,0,1,https://www.nj.gov/labor/employer-services/warn/,5966e8c6c1101daf4312744f4f73502ec50f99aa56e2b0512eee7fe0,b9712740ff556c7ea85eade08e575a9060df67f1,2026-07-16,2026-07-23
NJ,Kmart Corporation,Lawnside,,2012-01-13,81,unknown,,0,0,1,https://www.nj.gov/labor/employer-services/warn/,e4834f112d82c187fdddc2ca1a884501ab10c7fa640150bf468fa2cc,54f2b1c60239b6b06a8911f81b76163e5221af6b,2026-07-16,2026-07-23
NJ,Kmart Corporation,Vineland,,2015-10-04,74,unknown,,0,0,1,https://www.nj.gov/labor/employer-services/warn/,0685df98d2abb6ba5f7f16b4d069c31f5b7d58eb14b92ad194aa7e88,589b93bb0681f9e3ef3194cce4f55002858edf74,2026-07-16,2026-07-23
NJ,Kmart Corporation,Lodi,,2016-04-17,75,unknown,,0,0,1,https://www.nj.gov/labor/employer-services/warn/,992f20b323bddac5ff4760e9e6286c07717f2d70dd929121c97c2ced,8a0b485537f9f19da8a6dba095cef4f04f492fd0,2026-07-16,2026-07-23
NJ,Kmart Corporation,Closter,,2015-08-08,102,unknown,,0,0,1,https://www.nj.gov/labor/employer-services/warn/,9a4e0bba9572fa33b0bf081b3a29b4b31a0668d128f37800bb290a95,cc3fbb4177fc9f76c791c6135e77cee4d6b63ec1,2026-07-16,2026-07-23
NJ,Knight Capital Group,Jersey City,,2013-02-12,45,unknown,,0,0,1,https://www.nj.gov/labor/employer-services/warn/,4d37d689d1acacc2ad2e5b429d1d7b235e95a687364b506f12bd5ed2,64ca477135bfc87ba6b31e5f657a12cce811437a,2026-07-16,2026-07-23
NJ,Kurt Versen Company,Westwood,,2015-02-09,102,unknown,,0,0,1,https://www.nj.gov/labor/employer-services/warn/,5f51d288fa72d31fdeaaff23e9a32113ada6c6519a3ef321137131b1,f8db1ad4e68a01b09e48be6e6a2d1bc140e35b7b,2026-07-16,2026-07-23
NJ,"L-3 Services, Inc",Eatontown,,2011-05-02,150,unknown,,0,0,1,https://www.nj.gov/labor/employer-services/warn/,5d1a0e11f0b48ebcbc153bfde220ffcdc691b5f398c845e4bbfd351c,67937cacebcfb3facf8efee4c3d7a3c8b84f1659,2026-07-16,2026-07-23
NJ,L.A. DREYFUS,EDISON,,2006-10-01,158,unknown,,0,0,1,https://www.nj.gov/labor/employer-services/warn/,de662d5a598fccbe6fdb05bba9bc8de4bce8c43106f8cd182427f06b,33dbbd32e6e00d406b526c33c6da09d7d42d2558,2026-07-16,2026-07-23
NJ,LABOR SERVICES,HOWELL,,2007-06-10,206,unknown,,0,0,1,https://www.nj.gov/labor/employer-services/warn/,c401f91ec00373a02ea0e919eab4b7366aa0738db9252944cb8c077a,dd7c4360fd2552c63c3ef3ece9eeeaa240b3a29f,2026-07-16,2026-07-23
NJ,LAFARGE,PORT NEWARK,,2007-08-06,70,unknown,,0,0,1,https://www.nj.gov/labor/employer-services/warn/,c9555e94e5562cc21558344bdbf916457cf9879e80f84369643c2704,55b97bc9aba8db4fad32d6627b1b6e4a3def9047,2026-07-16,2026-07-23
NJ,LAIDLAW TRANSIT,HACKENSACK,,2006-04-15,62,unknown,,0,0,1,https://www.nj.gov/labor/employer-services/warn/,5b22ae9d250dba49deeff76b31c20e02c66d88c02fb5255ed8af2a7c,b42f3832fe077d0c85e3be051c973be27ca0fd27,2026-07-16,2026-07-23
NJ,LANTIS EYEWEAR,SECAUCUS,,2004-12-27,91,unknown,,0,0,1,https://www.nj.gov/labor/employer-services/warn/,c0d544db7b207887590cdc4ab29098f52f4a85635c43f5c785114847,453bdc7cc20fbc3f2a312543fd7d09decc7f3842,2026-07-16,2026-07-23
NJ,LANXESS SYBRON,BIRMINGHAM,,2008-05-02,70,unknown,,0,0,1,https://www.nj.gov/labor/employer-services/warn/,426a48d6eec4336ed27e36a264a6a114b505ab449371155fa34bd197,e8e83562c5eb8f4063a440e5a6b58e935fb18c4f,2026-07-16,2026-07-23
NJ,LAWRENCE ERLBAUM,MAHWAH/NORWOOD,,2007-01-15,105,unknown,,0,0,1,https://www.nj.gov/labor/employer-services/warn/,759960cc27f0a43a7a59dd143e93e3956cce8fa84178cf210659201b,8f361d002cf9da296815651b1efb73102b6deac4,2026-07-16,2026-07-23
NJ,LEHIGH PRESS,PENNSAUKEN,,2008-08-26,206,unknown,,0,0,1,https://www.nj.gov/labor/employer-services/warn/,95898071c719b3c0c1f500c5d5aa1f75562a7490216c3dd4f2401fd2,58862b1e54ea0651ecf868849fa4ad15f00309ec,2026-07-16,2026-07-23
NJ,LEISURE TIME TOURS,PARAMUS,,2004-10-02,164,unknown,,0,0,1,https://www.nj.gov/labor/employer-services/warn/,c073f9231c51b3048adc373db7e81ea4ff237c4d70ea37ff8dcca729,49de55e9312a49d77a21755cc3eaea28928a7249,2026-07-16,2026-07-23
NJ,LENOX CHINA,POMONA,,2005-11-14,285,unknown,,0,0,1,https://www.nj.gov/labor/employer-services/warn/,d1e44431fc71093dff4068c280460cae1edccf4280612ecc598dd45c,e700f9419f29eeb23f3072ec6b85d282a43e46f6,2026-07-16,2026-07-23
NJ,LIBERTY HARDWARE,RANDOLPH,,2008-05-09,45,unknown,,0,0,1,https://www.nj.gov/labor/employer-services/warn/,c0f587451e82a53474de6e2af767847b2962394cc97b753ccee86445,ecbf77479bd7e67f887a458d731fd527bcc13b4f,2026-07-16,2026-07-23
NJ,LIBERTY HEALTH SYSTEM,JERSEY CITY,,2007-11-18,382,unknown,,0,0,1,https://www.nj.gov/labor/employer-services/warn/,acbecdde7776745414f0c8345c362cfced50834ce8e1277c4ffc9fa1,a7ce85e3b869ff5f487071edec431a3c68c30da0,2026-07-16,2026-07-23
NJ,LIBERTY MUTUAL,HOLMDEL,,2004-04-30,37,unknown,,0,0,1,https://www.nj.gov/labor/employer-services/warn/,c4efb44c28ccbe2be5f28cedd5138fe3f1387efb6afccbd525f94228,12ba785e59091fdf3f4bb7d958de6012cd3bb7eb,2026-07-16,2026-07-23
NJ,LIBERTY SCIENCE CNTR.,JERSEY CITY,,2005-01-05,85,unknown,,0,0,1,https://www.nj.gov/labor/employer-services/warn/,7778af7ecad4a8e91a37d7415897ca79a6170e789d63cede6c647ca9,e258efdf4fad2262df7769a4f1658cb1919f1d41,2026-07-16,2026-07-23
NJ,LIBERTY TRAVEL,RAMSEY/MAHWAH,,2008-04-26,60,unknown,,0,0,1,https://www.nj.gov/labor/employer-services/warn/,8e4aecd2de39d78c90158633207eae6a5c08d1c721a2726971972692,241710cbe175d01d4fb717031c73066edcbeac75,2026-07-16,2026-07-23
NJ,LINDEN MOTOR FREIGHT,LINDEN,,2004-05-24,91,unknown,,0,0,1,https://www.nj.gov/labor/employer-services/warn/,9daea4ecb2a86a02680e3fc7600cada3f7601264ebf646dde4805c05,4b404e94e185f304d4fb5619c5dec332b31c8f48,2026-07-16,2026-07-23
NJ,LINENS’ AND THINGS,CLIFTON,,2008-12-15,519,unknown,,0,0,1,https://www.nj.gov/labor/employer-services/warn/,0bf942925abeb2eae7d83e32f2169c822381e26fb7f0ab69a105c36b,2d394325eeaa80915f0155d17f43e1bda788f231,2026-07-16,2026-07-23
NJ,LINENS’ AND THINGS,SWEDESBORO,,2008-12-15,127,unknown,,0,0,1,https://www.nj.gov/labor/employer-services/warn/,fb7d9f4362756ba84909dc83d4f281a5e8feab7784ba3117e9e8d58a,fce63bda11624a292dc47e241e2665ae993b8564,2026-07-16,2026-07-23
NJ,LIZ CLAIBORNE,DAYTON,,2008-08-22,92,unknown,,0,0,1,https://www.nj.gov/labor/employer-services/warn/,80dddae22353cd38fb2684aad9136b3515d93c4f36f0726e92cd1063,346935ad28b45551969e2ac71e8cdcbd3fee3198,2026-07-16,2026-07-23
NJ,LIZ CLAIBORNE,SECAUCUS,,2007-08-03,54,unknown,,0,0,1,https://www.nj.gov/labor/employer-services/warn/,684f21272b50f95704e2c9feeb1669851cb62d9935011891d24c2ac2,4096ac89bfe5cdfcd53d1d0e7730dc5220277c0e,2026-07-16,2026-07-23
NJ,LIZ CLAIBORNE,NO. BERGEN,,2007-08-31,145,unknown,,0,0,1,https://www.nj.gov/labor/employer-services/warn/,b7392462f45baaf0937caff919ee6b27edd4685ee14e40e21657e801,603d6a0433941974e83807099629372b770f2073,2026-07-16,2026-07-23
NJ,LLANFAIR HOUSE NURSING HOME - ST BARNABAS,WAYNE,,2009-12-23,208,unknown,,0,0,1,https://www.nj.gov/labor/employer-services/warn/,98f2c4de49592bb6e8dd395d3fd99687cd46fafc608475ff51c58ae2,40174ccdbd22748c0b6b4ee53f85d261d5a4cea2,2026-07-16,2026-07-23
NJ,LLANFAIR NURSING HOME & REHAB CENTER,WAYNE,,2009-07-31,207,unknown,,0,0,1,https://www.nj.gov/labor/employer-services/warn/,eb0b203c5cf8edbc39fe0a063c76ce24d1f0cb145726d76826e59766,afb1faf4fda5ace55cc4299e1b2c6da1324fc5e6,2026-07-16,2026-07-23
NJ,LOGISTICS SERVICES,AVENEL,,2005-01-31,67,unknown,,0,0,1,https://www.nj.gov/labor/employer-services/warn/,9fc5177e227c65dafacc985b844314e84176ab11791cf11221c0d859,bf01c77601efd3c72dbe2e51d955aa28e2dbe9c5,2026-07-16,2026-07-23
NJ,LSG SKY CHEFS,NEWARK,,2005-01-13,149,unknown,,0,0,1,https://www.nj.gov/labor/employer-services/warn/,b0444e5d7eadfe5b04cb86353730c8071c1dfc67afcf6b83493535a1,7990e53d42653f5499f6b5399069ec6d3855f5b9,2026-07-16,2026-07-23
NJ,La Plaza,Secaucus,,2012-12-12,70,unknown,,0,0,1,https://www.nj.gov/labor/employer-services/warn/,7d3e89997067bb05a9ae594ab357aac48eb880841c318d22f77d76ba,4899992fa51fa7eb59780c91f085865a6c595579,2026-07-16,2026-07-23
NJ,Labcorp,Somerset,,2024-02-02,239,unknown,,0,0,1,https://www.nj.gov/labor/employer-services/warn/,30b0d789996b6b4fc0884dd08415c482620706e43e35cc74fb4f8eed,5fdd49bdf454bb75ef0a27223ebc3580c4ccc17e,2026-07-16,2026-07-23
NJ,Labcorp Early Development Laboratories Inc.,Somerset,,2023-11-17,78,unknown,,0,0,1,https://www.nj.gov/labor/employer-services/warn/,4e822172333bbc7c03df5b94135f2b4fa5d789e9136d6324089ac136,c5e7db06f196e748724f1e9d6e623495957d0384,2026-07-16,2026-07-23
NJ,Labcorp Raritan,Raritan,,2026-07-03,83,unknown,,0,0,1,https://www.nj.gov/labor/employer-services/warn/,0aa94aa57b8e4d8b8d24ec12d0a772ce65c33e1a13217795ec31dd5b,3e7c830057ae0229cb0cc233a91d1176fdd53731,2026-07-16,2026-07-23
NJ,Lakeside Book Company,Cranbury,,2022-03-04,164,unknown,,0,0,1,https://www.nj.gov/labor/employer-services/warn/,3f1ae592eb8e3cac23a260656feae3cac8bae08744f05ff1b824d80c,ed054e46ce967475bcc6d83253da1e5079057704,2026-07-16,2026-07-23
NJ,Lakewood Pathology Associates Inc. d/b/a Inform Diagnostics,Union,,2018-06-08,117,unknown,,0,0,1,https://www.nj.gov/labor/employer-services/warn/,535eb5cee5b75e7960a7c5e904d3afc5288ab15a4385798999abfb66,7ac86278222539ab9d3e34a72cde0f41a207551f,2026-07-16,2026-07-23
NJ,Lakewood of Voorhees,Voorhees,,2011-08-01,258,unknown,,0,0,1,https://www.nj.gov/labor/employer-services/warn/,f6129a1c7600ce09ec746a7c7e9f94aff185b69997c0cfeaa1f4bc01,21f533633eeead221119f1f0db75317f253e6541,2026-07-16,2026-07-23
NJ,Lambertville Hospitality,Lambertville,,2021-09-10,39,unknown,,0,0,1,https://www.nj.gov/labor/employer-services/warn/,a9ad611e6bd118104c9b4453304de06c94424e0e40f1e1b20cdb056c,4f9e475a40cc7c5e43ced4b74e1502416558ed94,2026-07-16,2026-07-23
NJ,Lawns Etc.,Wildwood,,2017-12-31,1,unknown,,0,0,1,https://www.nj.gov/labor/employer-services/warn/,30c6f9b17cf09678167bdac8b9bfee873584bb4dd3096e6516cf98b6,ccc17000371af41b6dcb28c432ad8aa7c24cb23d,2026-07-16,2026-07-23
NJ,Leading Edge,Hamilton,,2013-07-20,82,unknown,,0,0,1,https://www.nj.gov/labor/employer-services/warn/,383f7a208aee2e7fcab16e35ef136c2bfdc5289f3e32c4a89eb06e75,5285baab8158de41c79f954928c8b863f88a979c,2026-07-16,2026-07-23
NJ,Legacy Financial Partners/Brehne Financial Partners,Fairfield,,2020-08-14,1,unknown,,0,0,1,https://www.nj.gov/labor/employer-services/warn/,4a074ef59f4c2d8e27ef454e5a062669c1791971da95ea039e7d0765,a6a8ffc8c5faf02825f382e484f8efa693fa2db7,2026-07-16,2026-07-23
NJ,LexisNexis,New Providence,,2013-10-31,92,unknown,,0,0,1,https://www.nj.gov/labor/employer-services/warn/,78df6e8c23a4cb68e3697b8d99004d1bc6107eb1bdf9a2a4db8204de,dc7d4cb9c6e31223fa78770cad63317c5301898c,2026-07-16,2026-07-23
NJ,"LiDestri Foods, Inc.",Pennsauken,,2011-07-22,146,unknown,,0,0,1,https://www.nj.gov/labor/employer-services/warn/,e5ad6e4f4b1c6bf762a10d9235886ad372123eae25b34bdfa5134b54,29021e95eda25620b9b8aa2bd4fb45bc6199d0d2,2026-07-16,2026-07-23
NJ,"Liberty House Nursing Home of Jersey City, Inc.",Jersey City,,2015-03-01,162,unknown,,0,0,1,https://www.nj.gov/labor/employer-services/warn/,4b01c7d2a4e1bba13a431031a400215109bd2a0a4dd3e05865090c9b,7c316a0d1a7d5ccda629703a5a8c68cf8463f3e7,2026-07-16,2026-07-23
NJ,Lifetime Brands,Robbinsville,,2026-04-10,140,unknown,,0,0,1,https://www.nj.gov/labor/employer-services/warn/,b88f0303632ee87654924c8e5a483c228e5b5763609f4c21153f4f61,c8009cdd2c6001803d27137479901ccda01bec69,2026-07-16,2026-07-23
NJ,Linear Holdings LLC,pennsville,,2020-03-07,3,unknown,,0,0,1,https://www.nj.gov/labor/employer-services/warn/,cc4d2b33207158a4c3b949ec44ac3d57b97c400b41f784d1b748811e,fd58c7f08da7530a84bc022d863ec60f5e63d2d1,2026-07-16,2026-07-23
NJ,Lions Gate,voorhees,,2014-11-01,76,unknown,,0,0,1,https://www.nj.gov/labor/employer-services/warn/,10b01ba3ab80db5d6767b91813233ca00e83c5b7824018573b5efbb7,77e9d35245bc7f90d4c1b74d4d6f56af13f06702,2026-07-16,2026-07-23
NJ,Little Servant Sisters St. Joseph's Home Assisted Living and Nursing Center,Woodbridge,,2020-03-26,107,unknown,,0,0,1,https://www.nj.gov/labor/employer-services/warn/,ad9f22f104315d78ab4e82778e2db9f1ca9bef67e69d0e844aa17273,12abe1dca664e527e7b65b4175cfe284fd32f60b,2026-07-16,2026-07-23
NJ,"LogMeIn USA, Inc.",Jersey City,,2020-02-13,20,unknown,,0,0,1,https://www.nj.gov/labor/employer-services/warn/,4194975b6dee6f3c9eee878393a6faafef0effbd4d054b7b75937980,45dee87c3877ef81e837859c81dd40eba958c5f9,2026-07-16,2026-07-23
NJ,Lord & Taylor,Moorestown,,2020-01-31,81,unknown,,0,0,1,https://www.nj.gov/labor/employer-services/warn/,89678b8ef830445dfaf94b549cd78d03fb77eb38c5abc58100dd9c11,0738c81a4d5d8d7136f14da68e338a3cb9898e23,2026-07-16,2026-07-23
NJ,Lord & Taylor,Woodbridge,,2019-12-24,84,unknown,,0,0,1,https://www.nj.gov/labor/employer-services/warn/,6b53142f85c9dc02e9c4b2b915368d60a24981c1cbb0d2d7889e6098,4dfe3e7fe0f4d78be35491f0f6620eb5a696500f,2026-07-16,2026-07-23
NJ,Lord & Taylor,Eatontown,,2019-01-31,124,unknown,,0,0,1,https://www.nj.gov/labor/employer-services/warn/,4cc87d4750957de32b5ec1395693f06dd9ca8a639fcbac13806d8c81,d77e0d56989540d1445d8834b4d2ad44aa9884dd,2026-07-16,2026-07-23
NJ,Lord & Taylor - Bridgewater,Bridgewater,,2020-12-01,55,unknown,,0,0,1,https://www.nj.gov/labor/employer-services/warn/,aa62ab6b8a58814d1d0449d3407e80d186cd857af937f3ca1634f117,21d6572268dc768c810e5c9a6111ace3615f0e87,2026-07-16,2026-07-23
NJ,Lord & Taylor - Freehold,Freehold,,2020-12-01,54,unknown,,0,0,1,https://www.nj.gov/labor/employer-services/warn/,4b36f5d942986e1b7ba68f072abacacff3c7dd01fe3a93a40704b137,44eb6a209b8d5ef9b739735ca171f21f1816c70d,2026-07-16,2026-07-23
NJ,Lord & Taylor - Livingston,Livingston,,2020-12-01,37,unknown,,0,0,1,https://www.nj.gov/labor/employer-services/warn/,c031cd4512f929c11e0a7c679cfa7e209fcc7660ac958aed26b1eda9,66b9545549ce1f95cca1aa3b26bbcfb425455a9a,2026-07-16,2026-07-23
NJ,Lord & Taylor - Paramus,Paramus,,2020-12-01,75,unknown,,0,0,1,https://www.nj.gov/labor/employer-services/warn/,f6327d5733fc10dd6eb0bc1f9c393e855b779aab08be52d0795acf1e,0e5f57045a92026a3f67c6201a01d896f42e3cc5,2026-07-16,2026-07-23
NJ,Lord & Taylor - Paramus (2),Paramus,,2020-12-01,50,unknown,,0,0,1,https://www.nj.gov/labor/employer-services/warn/,6cc575064832c211bca914ae5a657c84c14b5e9d1c87876b87a02fd3,11428ccb2e879aa2de78dfc252d57410aa18855f,2026-07-16,2026-07-23
NJ,Lord & Taylor - Rockaway,Rockaway,,2020-12-01,37,unknown,,0,0,1,https://www.nj.gov/labor/employer-services/warn/,69c1ebf4f178211d2edfb0fae7be75e4f8fae9913a9113fa5b44eb07,bc66025eeae641920450b46c4c4461f1f4715ebd,2026-07-16,2026-07-23
NJ,Lord & Taylor - Wayne,Wayne,,2020-12-01,51,unknown,,0,0,1,https://www.nj.gov/labor/employer-services/warn/,47500acd5428284e60d757b4619dc8955b048aafbd86090b5a12653f,3057fdba5387b65b5a8abef51e594b927a48c281,2026-07-16,2026-07-23
NJ,Lord & Taylor - Westfield,Westfield,,2020-12-01,89,unknown,,0,0,1,https://www.nj.gov/labor/employer-services/warn/,2cd12f1994d6f861443045661c51ddcee8f53ded75130d46f9bc723f,d0fb786b47519ff8324e028717600a6e20aa2c76,2026-07-16,2026-07-23
NJ,Lord & Taylor -Lawrenceville,Lawrenceville,,2020-12-01,60,unknown,,0,0,1,https://www.nj.gov/labor/employer-services/warn/,df4fe3039922e4e9bd18fb531e854d43ac6f75ee2267039cbf1ae0bb,73f9c00fc4dc83611876da8a8f2ea16a30ca5c21,2026-07-16,2026-07-23
NJ,Loreal,EAST ORANGE,,2020-03-20,,unknown,,0,0,1,https://www.nj.gov/labor/employer-services/warn/,d0a21b99ab236b1027ce8ad12ba4b162beac1e130d8d1dfcce1240ba,58e0137efcf49eb0bc59b2387d93e775e6fa91f5,2026-07-16,2026-07-23
NJ,Louis Vuitton USA Inc.,Atlantic City,,2018-01-03,6,unknown,,0,0,1,https://www.nj.gov/labor/employer-services/warn/,5c6c9556b72a3daee7143a753789724edc19ab4c10529f8ea5a97549,2767b956042de4d98b9249c1d24c6b1149fabd8c,2026-07-16,2026-07-23
NJ,Love & Care Non-Emergency Medical Trensportation llc,Trenton,,2020-06-25,,unknown,,0,0,1,https://www.nj.gov/labor/employer-services/warn/,549708f7320b762d55f9dc94719fb60660dc14e25b2bf829ae455d3b,0ad745e4e424533b0e1e35d4c35fef9462f5b57c,2026-07-16,2026-07-23
NJ,Lowe's,Old Bridge,,2011-12-16,110,unknown,,0,0,1,https://www.nj.gov/labor/employer-services/warn/,86b9ee317ba23331869dded02d09203fcc35a5b3cf520d01b55ba257,5f09f01f79f04ccd953d446f4b4e8718323a0dfb,2026-07-16,2026-07-23
NJ,Luna Foods dba Joey's Fine Foods,Newark,,2026-06-19,61,unknown,,0,0,1,https://www.nj.gov/labor/employer-services/warn/,f8132edda155dcd60b98f99267c02e6c2ead6d22a53f37626ed9ae6c,5f925a9c2138bebe4d9d2fae3435f83130068927,2026-07-16,2026-07-23
NJ,"Lundbeck Research USA, Inc.",Paramus,,2015-10-19,68,unknown,,0,0,1,https://www.nj.gov/labor/employer-services/warn/,9dea12999032c79f04c2a851219a171a6b61a58e86e83fdaa7241537,a251e6ba3ac388ffe04620e16fcdbb608bcfea04,2026-07-16,2026-07-23
NJ,Lux Home,West Caldwell,,2018-01-19,137,unknown,,0,0,1,https://www.nj.gov/labor/employer-services/warn/,522792e4b3fe93dc3c13a3a85532f6cba222bca640d206bef0b68fb5,7718bde07d9729fc55acd4a25af99e833cd08cf9,2026-07-16,2026-07-23
NJ,L’OREAL USA,NO. BRUNSWICK,,2004-03-31,95,unknown,,0,0,1,https://www.nj.gov/labor/employer-services/warn/,cae5b7c72532041f35446e45e7fa02ace4952413a7af2702810c7042,f55f5e3cfdd4fd302c48279416a68a104a41fa17,2026-07-16,2026-07-23
NJ,M & T Bank,Paramus,,2013-05-03,356,unknown,,0,0,1,https://www.nj.gov/labor/employer-services/warn/,8d9eeb1e60de1158aa0291a4eab97158f646268dde7ad6578f710462,d9bf4b3f1b2c56c63025b1c881fdc3db178da9c2,2026-07-16,2026-07-23
NJ,MACYS,Woodbridge,,2020-03-18,1,unknown,,0,0,1,https://www.nj.gov/labor/employer-services/warn/,7a912cd01c48ba930e1f4478a4273523a7cfc55dfc7c0c018fc9113d,cfd7b05d2916dabf0de55a1be8c376d3c0aaa027,2026-07-16,2026-07-23
NJ,MACY’S,PARAMUS,,2005-02-23,210,unknown,,0,0,1,https://www.nj.gov/labor/employer-services/warn/,d732d61375f2caac9883f1b5c514b9bbd1b7fa8b9bfc9c92110bc03a,fd8928f9be363876f6788014ab236eca58ef9122,2026-07-16,2026-07-23
NJ,MACY’S LOGISTICS,CHERRY HILL,,2008-03-21,103,unknown,,0,0,1,https://www.nj.gov/labor/employer-services/warn/,a49e8459ddb03e3c12b6edbb9ba94e27b94fe4b908dec74c170c4ddc,c1564b086be60016d232aa8baed6af82382fa022,2026-07-16,2026-07-23
NJ,MACY’S/STRAWBRIDGE’S,DEPTFORD,,2006-03-21,313,unknown,,0,0,1,https://www.nj.gov/labor/employer-services/warn/,2ba4d6545a707ef987362c0a7ba9ff5107cce9396616b677fe68e610,27b332f09a023fda3a87b8c6a4671fa49e2e05fc,2026-07-16,2026-07-23
NJ,MACY’S/STRAWBRIDGE’S,CHERRY HILL,,2006-03-21,419,unknown,,0,0,1,https://www.nj.gov/labor/employer-services/warn/,fa1d650776664c384e890250f890bdb1b0f2259aef8d922fd035db70,36e63cec4eae9bd25e72799a0952f8a2924fa524,2026-07-16,2026-07-23
NJ,MARK MACHINE COMPANY,FAIRFIELD,,2010-09-30,102,unknown,,0,0,1,https://www.nj.gov/labor/employer-services/warn/,c9a9a41a18df6c51e7e909a174eb6f1e2483f70f9ea691cb7b770743,d59db9d63ca507a965b76bcd2596aa541e12f4c4,2026-07-16,2026-07-23
NJ,MARRIOTT,GALLOWAY,,2009-02-13,66,unknown,,0,0,1,https://www.nj.gov/labor/employer-services/warn/,df60f94dd1a9904d55923283ff202818e36bd902ce88c190c62bd6f2,50eae26bcf27765300b588ee069462b245426d07,2026-07-16,2026-07-23
NJ,MARRIOTT,ABSECON,,2009-02-13,68,unknown,,0,0,1,https://www.nj.gov/labor/employer-services/warn/,cb98a593dd14820d4e6c7fa1bfba42c5de27334f42496bb2d996898d,a5de714629992d86f4b5060325ec434e341ca630,2026-07-16,2026-07-23
NJ,MARRIOTT INT.,SOMERSET,,2005-03-25,182,unknown,,0,0,1,https://www.nj.gov/labor/employer-services/warn/,9e22f66a30cb375d8da2d4540d20371ebd75a4efe0b8f5bf4b11caa2,7f8042c78dd41366b1d5390c782ede3f739e22aa,2026-07-16,2026-07-23
NJ,MARRIOTT TEANECK @ GLENPOINTE,TEANECK,,2010-08-13,207,unknown,,0,0,1,https://www.nj.gov/labor/employer-services/warn/,8ff44710800c86e0b51782cf60cd92dba65a67b2ef3e84d3021d9ea5,2f908d49db4e6fb077c0ece2ccb9a22d215a87dc,2026-07-16,2026-07-23
NJ,MASCO CONTRACTOR SVS.,FAIR HAVEN,,2005-01-15,90,unknown,,0,0,1,https://www.nj.gov/labor/employer-services/warn/,35a79f914fd602756bd26e377a69cbed008814c36d0692b9a59f3bc0,961d1f904c7e6b6d58983b93a451828f7e5b6670,2026-07-16,2026-07-23
NJ,MASONITE,LOGAN TOWNSHIP,,2007-05-21,103,unknown,,0,0,1,https://www.nj.gov/labor/employer-services/warn/,8e18e0fedbb7390759cb3a69dfbeee74572eed20f603885752367e3c,b16df19720ca1a539927acfa5b01de24b1e76e5b,2026-07-16,2026-07-23
NJ,MATTEL,MT. LAUREL,,2004-07-31,106,unknown,,0,0,1,https://www.nj.gov/labor/employer-services/warn/,aa246070ea9803f5e8e6acf5b7bd622dfb3423bb1fedafd5bd69807d,51a004e8e1e4f2d03394ee48b27d30cf6eaf93fc,2026-07-16,2026-07-23
NJ,MAUSER CORP.,S. BRUNSWICK,,2006-04-17,48,unknown,,0,0,1,https://www.nj.gov/labor/employer-services/warn/,6099b6e6ab337ba6d14efb3d2eba825e819b91a9ba79f4f9b9907e75,805320ad3f7560356dd3eb5737271ab36cfe4829,2026-07-16,2026-07-23
NJ,"MAX RAVE, LLC",NORTH BERGEN,,2009-05-01,70,unknown,,0,0,1,https://www.nj.gov/labor/employer-services/warn/,48611241b9dccff141620dcc0577adb65867a6e0513f79320717d650,2a6e75f4563324a303ec821dd222bbbfb31c8358,2026-07-16,2026-07-23
NJ,MAXIMUS,E. WINDSOR,,2005-01-27,179,unknown,,0,0,1,https://www.nj.gov/labor/employer-services/warn/,cccee313f958293a4478727e0ab5f0be7fb387ed6e5bbc81555d8b40,616857b645ad1bc117ce1209a10bbc105bb3b4eb,2026-07-16,2026-07-23
NJ,MAYNE PHARMA,PARAMUS,,2007-01-06,67,unknown,,0,0,1,https://www.nj.gov/labor/employer-services/warn/,15064549c62900c32cdfd6beb4456d477eb909133ccf66a2a878d548,4ada2d5d50692a992e5a14748a8a4133b7a9c825,2026-07-16,2026-07-23
NJ,MCDATA,LUMBERTON,,2007-01-26,59,unknown,,0,0,1,https://www.nj.gov/labor/employer-services/warn/,58ba7392f4f6d900987adc71bffe3f59ea43b248694087de8678784d,619ab1a273671cecc6c92735f534db6ce67b6810,2026-07-16,2026-07-23
NJ,MCNEIL CONSUMER,PARSIPPANY,,2008-01-11,296,unknown,,0,0,1,https://www.nj.gov/labor/employer-services/warn/,2a3a9c9f2af4377451aaf86015b0f0c57749bf00f671e60972ff23d0,4d291690f34aa3f6c8bdec69c46270eecf6bdffc,2026-07-16,2026-07-23
NJ,MEADWESTVACO,PINE BROOK,,2005-11-27,133,unknown,,0,0,1,https://www.nj.gov/labor/employer-services/warn/,9bce749870b0d259f01855b1fb843abe62766eb2d7c1b265823c8b60,0a2b86be5638d00b5a22b1e8453d4ca4e8d66b0a,2026-07-16,2026-07-23
NJ,MEDAREX,STATEWIDE,,2010-01-27,158,unknown,,0,0,1,https://www.nj.gov/labor/employer-services/warn/,c66099c2572aaffff4a913e1479953cced989d29894e9f3adb5cd626,ecfcad3b2d15fea12d0ba08776f2b7d83035df05,2026-07-16,2026-07-23
NJ,MEDCO HEALTH,PARSIPPANY,,2004-08-17,246,unknown,,0,0,1,https://www.nj.gov/labor/employer-services/warn/,2db04df03bb6ed17c8fd9ec70293fc755aad2ece674894555b526066,1d0509e5fdd26fbc021a385f4939b34dfc0bd1c5,2026-07-16,2026-07-23
NJ,MEDCO HEALTH,PINE BROOK,,2007-10-05,64,unknown,,0,0,1,https://www.nj.gov/labor/employer-services/warn/,ed34d6382e41933c62e8f03c1ea958dddbcb6eb2e33b910c3d169e71,74b35e24a81b408ee8baf25d9709f3905e616f8e,2026-07-16,2026-07-23
NJ,MEDCO HEALTH SOLUTION,PARSIPPANY,,2004-08-17,461,unknown,,0,0,1,https://www.nj.gov/labor/employer-services/warn/,a13ffbc5d4e2765f4c18e241023d04548f664e6cb1c8219a8b41412d,eef506181542d8b2c8003c84604f680a17a94325,2026-07-16,2026-07-23
NJ,MEDIQ,PENNSAUKEN,,2004-04-02,150,unknown,,0,0,1,https://www.nj.gov/labor/employer-services/warn/,d2098a1e75c32ad0ed835621a5b36c6c7c7abd7757aabb5b82225f27,6e92aad1d138a863803d4e0ef0fb2ccda3d4f740,2026-07-16,2026-07-23
NJ,MEGAPONE LLC,ALPHARETTA,,2020-12-31,,unknown,,0,0,1,https://www.nj.gov/labor/employer-services/warn/,f80958415069c289bf1118c05fc93ab8c8896b3794640f4d42a47dfc,1cc1461467495f2b63b0651fcd5ceedbc56bb845,2026-07-16,2026-07-23
NJ,MELLON INVESTOR,JESEY CITY,,2007-01-30,187,unknown,,0,0,1,https://www.nj.gov/labor/employer-services/warn/,03aa3364d3f8dfec93cad05a2c23638c7a7c2172eb82d360f84e848b,9eb7fde734bf09c3e65623ab6480efc40b963fcb,2026-07-16,2026-07-23
NJ,METAL TEXTILES CORPORATION,EDISON,,2009-09-01,,unknown,,0,0,1,https://www.nj.gov/labor/employer-services/warn/,58dad1e3fc2481c55fbf27682d8daef6f64d8d8eb1f44ac644f2e906,9c4e4dbc7a577ffcb6eb74fd582b40b12c3d8a95,2026-07-16,2026-07-23
NJ,METRO F.I.R.S.T. TEAM,MONTVALE,,2005-01-15,148,unknown,,0,0,1,https://www.nj.gov/labor/employer-services/warn/,d21881cb444c0203b94973e00229623284300116e2f84cd2d33ad90d,8d25bd4b527196a5a43bb61bdbba73ee377e62c1,2026-07-16,2026-07-23
NJ,METRO ONE,SECAUCUS,,2006-01-09,150,unknown,,0,0,1,https://www.nj.gov/labor/employer-services/warn/,5e17e03ede22fe5ec80310d904897c94f02ea59494924c42e23b22dc,fb01bbaf354c46f35f206658da2fc8c852e4b96c,2026-07-16,2026-07-23
NJ,METROLOGIC,BLACKWOOD,,2008-04-07,78,unknown,,0,0,1,https://www.nj.gov/labor/employer-services/warn/,38060036cd776f7cbb5cd54382f2ce6dee2fc633d1cced7c2d647008,e732db87533aab9dd34464d769573a483e7de7b1,2026-07-16,2026-07-23
NJ,MIQ Logistrics,Jersey City,,2011-12-31,65,unknown,,0,0,1,https://www.nj.gov/labor/employer-services/warn/,d26995421960fdf0104221db65e1bb16102870e97fdefc2420e78a5f,eb5887b39554c52dba513be3e622f818d783918e,2026-07-16,2026-07-23
NJ,MISSA BAY,SWEDESBORO,,2004-04-26,100,unknown,,0,0,1,https://www.nj.gov/labor/employer-services/warn/,9dd8308b19a41302ab6ba14066060de639c47b7404a031866528b1da,9e8068495eefe0be4a34b3b05a55b5f1c02f7a24,2026-07-16,2026-07-23
NJ,MOL (America) Inc.,Woodbridge,,2018-03-30,32,unknown,,0,0,1,https://www.nj.gov/labor/employer-services/warn/,ab87b6aa22a4449593e2e8ec81a15fe585358c64825595595efd444f,180094a211dd81698cc0549e7413ed73c5cd7a94,2026-07-16,2026-07-23
NJ,MONOC - Monmouth Ocean Hospital Services Corp.,Wall,,2020-04-01,320,unknown,,0,0,1,https://www.nj.gov/labor/employer-services/warn/,29c792e306bce0cbad65da3f1802b8faeea7494d5a495c5aac52011b,9c92f96f6e89a5c58f77bbad76ba91d5c26c21dd,2026-07-16,2026-07-23
NJ,MORGAN STANLEY,JERSEY CITY,,2007-11-30,94,unknown,,0,0,1,https://www.nj.gov/labor/employer-services/warn/,de476970ecac772f89a30b9b213a03ebca5cf94f45d9d7ec47455d23,d167b7ae69c76712fd2368b79abb462bb29aebc1,2026-07-16,2026-07-23
NJ,MUHLENBERG MED. CTR.,PLAINFIELD,,2008-06-15,749,unknown,,0,0,1,https://www.nj.gov/labor/employer-services/warn/,b451bf3904263ff05cbfb5bca78295b1afeffd97c6d814ae60cff8f0,0b0f2114532c2a8fdb911e212a25f88fa2bbf907,2026-07-16,2026-07-23
NJ,MW Manufacturers,Hammonton,,2009-03-20,212,unknown,,0,0,1,https://www.nj.gov/labor/employer-services/warn/,0230b5bfb88d0c43135ed259125f9b2408fc3938e6a310f2fe88796b,e19e14b0a49f98b7215de204ebf3751b821c09b5,2026-07-16,2026-07-23
NJ,Macy's,Statewide,,2026-03-07,79,unknown,,0,0,1,https://www.nj.gov/labor/employer-services/warn/,14e66c12842827d38c633adf8b54b4d9495afd0776cb0f6a27d36df8,c8de7bd813bc4da455bb81d027cf1eefc1c1f315,2026-07-16,2026-07-23
NJ,Macy's,Moorestown,,2017-03-19,117,unknown,,0,0,1,https://www.nj.gov/labor/employer-services/warn/,520ae6d0556711da158c6850e93c65268a2ab5ba68313f734c245bcd,f37c6f6a3f9cfc10b578567e319229a8fe3edee4,2026-07-16,2026-07-23
NJ,"Macy's Inc., Ledgewood Mall Store",Ledgewood,,2015-03-21,79,unknown,,0,0,1,https://www.nj.gov/labor/employer-services/warn/,6fdc2d7c19ef0f968ecd0be434b87cc249a36662fc8f83bafddd02d0,9c2f6d35f991811acbbd2e1f87f57b0682217e6b,2026-07-16,2026-07-23
NJ,Macy's Retail Holdings,"Paramus, Livingston, Ramsey",,2026-03-31,89,unknown,,0,0,1,https://www.nj.gov/labor/employer-services/warn/,9e1fd311116309ec3df9ee974e9acce9bb2dfe0c09f53765b539275d,d7744f6da5437d46f15baf40520044f69a15866c,2026-07-16,2026-07-23
NJ,Magellan Health Services,Parsippany,,2014-07-01,137,unknown,,0,0,1,https://www.nj.gov/labor/employer-services/warn/,3dbe36a4aa91238e66c44aa8d03b690ad392e751d80d0f6b262b16a6,397996b64c4a5ab7f129e1822f20b4c8e0ede2d4,2026-07-16,2026-07-23
NJ,"Maggy London International, Ltd.",East Rutherford,,2018-06-29,80,unknown,,0,0,1,https://www.nj.gov/labor/employer-services/warn/,dbcb86f6744f2ebffe7ecc5dc6e2811179ef48d679f269e96b4c00e1,f4a002b8adf7d784ecb448bdd110962a1d2d3d37,2026-07-16,2026-07-23
NJ,Majestic Rehabilitation and Nursing Center,Jersey City,,2018-09-05,166,unknown,,0,0,1,https://www.nj.gov/labor/employer-services/warn/,1bc110e859f8b38cf0dc41bfd0214d8e5725a66eb55d7c4c677fc970,7d06d0bf66376f77021c20be5409dcadd2ec5130,2026-07-16,2026-07-23
NJ,Manufacturers & Trust Company (dba) M&T Bank,Buffalo,,2020-05-08,149,unknown,,0,0,1,https://www.nj.gov/labor/employer-services/warn/,2b107c807d70fe7b99b37e4d6301873cebf8745c777d97f1492ff296,6aee9013e97ea4b76c33a8057a94579373e73d21,2026-07-16,2026-07-23
NJ,Manufacturers and Traders Trust Company (dba,Buffalo,,2016-01-08,366,unknown,,0,0,1,https://www.nj.gov/labor/employer-services/warn/,8f3723720ba7cf8ca2f274a2734a28c7d7cae1111f70d62f9fc67d9d,8cc2d82a35d106640589a309f5d2d5a5e3735e82,2026-07-16,2026-07-23
NJ,Mark Anthony Brewing,Hillside,,2025-09-26,143,unknown,,0,0,1,https://www.nj.gov/labor/employer-services/warn/,c0236ca2c8df98fd2178726b9a3a02178e3860ff22b337e6a886e56e,aa895d879552a8620edb331250796e5e0f5a393d,2026-07-16,2026-07-23
NJ,MarketSource,Jersey City,,2026-05-30,57,unknown,,0,0,1,https://www.nj.gov/labor/employer-services/warn/,ff481b33a39d38072f91521149bd483ace0567c7ce83fa4a6174b571,c7f49e9888645dcf8591bc9d95f1f20637d54386,2026-07-16,2026-07-23
NJ,"Marriott Hotel Services,Inc.",Newark,,2021-02-12,76,unknown,,0,0,1,https://www.nj.gov/labor/employer-services/warn/,21b0b1612a5e5a95205904ed8ef2ee09a1fdd562a674bd0678c39dc1,4cce74c2b3e9afb77489b661a75dc762d4d0dfa4,2026-07-16,2026-07-23
NJ,Marriott NJ Textile Services (Edison Laundry),Edison,,2014-05-30,144,unknown,,0,0,1,https://www.nj.gov/labor/employer-services/warn/,f1607d18bcf33e1adf3389a64ad79865e15af440f7eec9d13c408540,b6a277fcf86a2a3b4e5234c69615f463c645327a,2026-07-16,2026-07-23
NJ,"Mars WrigleyConfectionary US, LLC",Newark,,2026-10-16,307,unknown,,0,0,1,https://www.nj.gov/labor/employer-services/warn/,cde0e879497deaa2e496dd9d44815d871aac8f8160b33f324d1496b3,32db5d3ad45925eca09743054282b63f7841f1a9,2026-07-16,2026-07-23
NJ,Marshall Retail Group,Las Vegas,,2020-03-18,158,unknown,,0,0,1,https://www.nj.gov/labor/employer-services/warn/,f23c34736e910f9eee3b121eeea763991386c52ca28108a3c5ae7bca,936c2676a0a90ed7facac595ea23b13bfc02f6c4,2026-07-16,2026-07-23
NJ,Marvin and Associates PC,Pemberton,,2022-01-12,3,unknown,,0,0,1,https://www.nj.gov/labor/employer-services/warn/,da7b47bdc36c3e99627b3d180a00dad29bc282ea6cd9b6d3024fc737,aa7c2230af5b2ace6281b228834baa8774119b49,2026-07-16,2026-07-23
NJ,Masco Bath,Moorestown,,2013-07-23,69,unknown,,0,0,1,https://www.nj.gov/labor/employer-services/warn/,aa57dc71ec2918816b304f67dbdc98be7aa2a4db0bdae412f9963f65,8bc8651dbe0c99bf45dce9b427af9f567ee190e6,2026-07-16,2026-07-23
NJ,Masco Cabinetry,Lakewood,,2012-11-21,190,unknown,,0,0,1,https://www.nj.gov/labor/employer-services/warn/,ad2fa170c8f921605515859aa68c9ea4f468fc883d55341ac838dcb2,3805742c6819041afe44736223cac3e2b798f66a,2026-07-16,2026-07-23
NJ,"Maserati North America, Inc.",Englewood Cliffs,,2017-08-11,32,unknown,,0,0,1,https://www.nj.gov/labor/employer-services/warn/,cd8b6cbc0ed5b19859ee895d4c0159a25ebef47dabb7aba35c6d5965,53947dda8fecff1f7c105740030a1d5174e466e0,2026-07-16,2026-07-23
NJ,Mater Dei Prep,Middletown,,2015-06-30,46,unknown,,0,0,1,https://www.nj.gov/labor/employer-services/warn/,e9f2c3550f540f5f297751e49d4a8d7ff00975c51d6d41c765740c97,ab26514ed2cfa2e8bcf4a469661f058d810f8b71,2026-07-16,2026-07-23
NJ,Mauser Packaging Solutions,Lawrenceville,,2024-09-06,77,unknown,,0,0,1,https://www.nj.gov/labor/employer-services/warn/,393f1b340f545eec91a2fec4e9ae1fb9b9447658b0e423f404f2793a,8576c619c32c314c94ed570460d3513e5da86160,2026-07-16,2026-07-23
NJ,Mayo4Sam LLC DBA P.J. Sweeney’s Restaurant & Pub,Brick,,2023-08-23,35,unknown,,0,0,1,https://www.nj.gov/labor/employer-services/warn/,e0f11a3ac95f75b200e0b3e6cff50233d02e8d8ee029c03cc970d0fa,81c52a5f2139ab024fd37aeb14b19c8a0246621f,2026-07-16,2026-07-23
NJ,McKesson Corporation,Delran,,2018-03-31,102,unknown,,0,0,1,https://www.nj.gov/labor/employer-services/warn/,9efd8e2046fa6eb445a603d56a1ed0e92aed84ed08f47c92a0138f27,65b11f8e2276cef8b148a0c4c7d18985e8caf60e,2026-07-16,2026-07-23
NJ,"McKesson Medical-Surgical, Inc.",Swedesboro,,2014-03-14,140,unknown,,0,0,1,https://www.nj.gov/labor/employer-services/warn/,51584f376b140d0255521e393f42fbc0f0f3afce99ff9347b4be5568,7e823f92a90a3a137fe2c0eea420a3f06b2a9ea2,2026-07-16,2026-07-23
NJ,Mead Johnson,Parsippany,,2026-03-02,18,unknown,,0,0,1,https://www.nj.gov/labor/employer-services/warn/,bf3e484644c36f31590101235f1877d90c793952d514747889c3d928,c254dcbdfc954e812149d81e6c6b1a31c17371a3,2026-07-16,2026-07-23
NJ,"Mead Johnson, RB Health, and Reckitt Benckiser",Parsippany,,2024-09-08,190,unknown,,0,0,1,https://www.nj.gov/labor/employer-services/warn/,e23cdf29818cc6a05d8f60582c85157184463ae63902a897203ff34f,b68b7423be8c60a46a54821c3b6dd1b1230ced14,2026-07-16,2026-07-23
NJ,Meadowlands Hospital Medical Center,Secaucus,,2010-11-19,651,unknown,,0,0,1,https://www.nj.gov/labor/employer-services/warn/,805d131022ad802365ac9b048d9e8c9c657c4a80827885cce29c600c,ea18c36cbc650063fd4b3b9af08f0c726dfd292e,2026-07-16,2026-07-23
NJ,"MedPlast West Berlin, Inc.",West Berlin,,2018-06-30,67,unknown,,0,0,1,https://www.nj.gov/labor/employer-services/warn/,3c93da254a83f3b89299a336d92ee230451b1b46464ea8d63cdca42b,3b84de82762d1ef7d298bb38a7b53f381dbbef1d,2026-07-16,2026-07-23
NJ,"Meda Pharmaceuticals, Inc.",Somerset,,2016-12-31,94,unknown,,0,0,1,https://www.nj.gov/labor/employer-services/warn/,f31e31db6992342e970c5e566952f3d2c368d4be865d3517f03bac30,4110980056fa2685c993b1388ede677f389182c6,2026-07-16,2026-07-23
NJ,Media Matters For America,WASHINGTON,,2017-08-01,1,unknown,,0,0,1,https://www.nj.gov/labor/employer-services/warn/,1f785416e31179daf4400c31a3d6e7cb3a136a786022156c65ac6952,22123bc3850e435b3e173a96c53546e3a1b0c4a6,2026-07-16,2026-07-23
NJ,Medline Industries,Neptune,,2021-06-28,146,unknown,,0,0,1,https://www.nj.gov/labor/employer-services/warn/,16b5a7e5b5b362cbf1bee52cec70077494d498faeb88b4045bd61a32,2b83400eb0b34bd59ac9529d3db82e0f6242a5a8,2026-07-16,2026-07-23
NJ,"Megabus Northeast, LLC",Elizabeth,,2024-09-08,108,unknown,,0,0,1,https://www.nj.gov/labor/employer-services/warn/,19d6a82e85d9270852b70b445fb739a981a466d384485b7f0671ba31,527726368e685ef7ab8abc6a18e4f733911527f2,2026-07-16,2026-07-23
NJ,"Melinta Therapeutics, Inc.",Morristown,,2020-02-14,61,unknown,,0,0,1,https://www.nj.gov/labor/employer-services/warn/,376b2685816c67060c4f8bc78ccc494fe51ed4948897748ca04558a8,08d46e330b5e8ab2f18c09819e3c2e0282da9d1f,2026-07-16,2026-07-23
NJ,Mennellas Super Chicken LLC,Paterson,,2019-07-01,5,unknown,,0,0,1,https://www.nj.gov/labor/employer-services/warn/,aaec34435de68156a7e2be01e20689e2a2f060390fb622cfc61f91a7,307bc5df8a0a4a7309fa76a4f7bf1c0aad4e357a,2026-07-16,2026-07-23
NJ,Mercedes-Benz,Montvale,,2018-06-29,115,unknown,,0,0,1,https://www.nj.gov/labor/employer-services/warn/,8f4ffb75e2789e3d6e592a099965b3715737065df8c076372cbed7bc,bb146eb5d35af1918ee0e03f30d97d1fe77b1536,2026-07-16,2026-07-23
NJ,"Mercedes-Benz USA, LLC",Montvale,,2015-06-30,259,unknown,,0,0,1,https://www.nj.gov/labor/employer-services/warn/,ce1f3aaf6ed1bd27ce3eadd3f1b467ca190781107885b184f4f48c96,227ed702da5c465966e5903124e5268fccdcf184,2026-07-16,2026-07-23
NJ,Merck,Kenilworth,,2016-11-14,64,unknown,,0,0,1,https://www.nj.gov/labor/employer-services/warn/,85ed934d9ed91ee79ed3a10854b8cfa2b02aca65690e39a7d813bf02,06c675a4691aa0a20701472bd1dbad2a1e6eeced,2026-07-16,2026-07-23
NJ,Merck,Springfield,,2011-12-20,50,unknown,,0,0,1,https://www.nj.gov/labor/employer-services/warn/,59c3d7d648e9ac7b2d8a6e7415a2cb62c9bd00bb260e704ffa6431e6,c3ec98def39fa0f884d837bb7edc83423bebeef6,2026-07-16,2026-07-23
NJ,Merck & Co,Rahway,,2026-09-04,88,unknown,,0,0,1,https://www.nj.gov/labor/employer-services/warn/,13ef6d713d3bec47d6ed3006ac1c6c79fc4da8edb5b6d7a615121b8a,aac603445572d97359ac46fb0f0ecbe9d685f90d,2026-07-16,2026-07-23
NJ,"Merck & Co, Inc",Lafayette,,2010-09-27,90,unknown,,0,0,1,https://www.nj.gov/labor/employer-services/warn/,d05298638a9b09b935c64f8605b56c81e43bfb05d9343cb6d3a1ede1,ed7cd5ca35dde23fb297232bc561db4a746a298a,2026-07-16,2026-07-23
NJ,Merck & Co. Inc.,Union,,2011-01-19,54,unknown,,0,0,1,https://www.nj.gov/labor/employer-services/warn/,f36ed2f36ee9e400d38c99bd7a31836f6859a583e7c402c6ebd41d39,4abef3e72e76f05d84728e4d564175814606e2b8,2026-07-16,2026-07-23
NJ,"Merck (Merck, Sharp and Dohme Corporation)",Whitehouse Station,,2014-11-28,50,unknown,,0,0,1,https://www.nj.gov/labor/employer-services/warn/,5c48b6bfd9be1ca4f2d72afeb650bf997a144f0875f8a9ded3533018,8dde98afe38b6756fa18ffdc1a4eb0c746e20be5,2026-07-16,2026-07-23
NJ,Merck - Branchburg,Branchburg,,2015-03-16,172,unknown,,0,0,1,https://www.nj.gov/labor/employer-services/warn/,475df77672f442b86420138a94c69c855a769108474e954bd58a3521,22e71059d02eb158bf08b4d1741221e8255eb8ff,2026-07-16,2026-07-23
NJ,Meridian Services Group,Hamilton,,2016-06-30,97,unknown,,0,0,1,https://www.nj.gov/labor/employer-services/warn/,977b3e4364d75631ddad76a734b9df6813c865f77f6f53ec372241da,6f5c03c3d95fb9f48655cb4e8a32a5ae8d9207b2,2026-07-16,2026-07-23
NJ,Meritex LLC dba Park Hotels and Resorts,Piscataway,,2020-09-21,99,unknown,,0,0,1,https://www.nj.gov/labor/employer-services/warn/,62f78a5d7c08f1e94daeaf7f3c1d1fa48a9d8f90ef5ed68c91e0b222,e7fbbd42ac2c364fa168834b31b0584b27a45ead,2026-07-16,2026-07-23
NJ,MetLife,Somerset,,2015-10-31,136,unknown,,0,0,1,https://www.nj.gov/labor/employer-services/warn/,64faf9191419bdab286f1d7514c04eaa26ff86aa96a297e0492ae870,e4a0afcd5d15f3968f12f9b5ce784a57d5f471fb,2026-07-16,2026-07-23
NJ,MetLife,Morristown,,2012-06-30,496,unknown,,0,0,1,https://www.nj.gov/labor/employer-services/warn/,1482fc3cad7bededd9dbec5bd2ec246807b6d175b25a091f4b9d2a70,e80a5bbd8db7490861165c0fe8ab1e5257da77b3,2026-07-16,2026-07-23
NJ,Meta,Statewide,,2026-08-20,74,unknown,,0,0,1,https://www.nj.gov/labor/employer-services/warn/,03cd47cbe50b255382863fafc15ddc69ffcb09072a253abddbc80715,f7a470eccdbf9fbb5a1bf36e91c058ab83e603b6,2026-07-16,2026-07-23
NJ,Meta Platforms Inc (formerly Facebook),Remote Location,,2023-07-21,114,unknown,,0,0,1,https://www.nj.gov/labor/employer-services/warn/,18c152219ea71890f796ab1be0847c606bb59df447551ff88b757198,31afd716f5202f90bae981749460b8742f012847,2026-07-16,2026-07-23
NJ,Metropolitan YMCA,Wayne,,2024-11-01,157,unknown,,0,0,1,https://www.nj.gov/labor/employer-services/warn/,6f1490fcb2216967163efd14d98e6b8887bce7d6385d1fedf4e7025a,525f6778e4ab06496b1b8c7e1d7fe70dbe76d733,2026-07-16,2026-07-23
NJ,Middlesex Avenue Haulage LLC,Carteret,,2015-07-12,45,unknown,,0,0,1,https://www.nj.gov/labor/employer-services/warn/,21dd09833fba94d389c6d6f5223556a7f9552b95465e8cad14139b2d,c78bf7d4395f7de3fc3fe8fd46981dd7d53820ef,2026-07-16,2026-07-23
NJ,"Middlesex Avenue Logistics, LLC",Carteret,,2015-07-12,364,unknown,,0,0,1,https://www.nj.gov/labor/employer-services/warn/,fc794684ac75fe56eccb1bae32c3bda6123375d98ef2260ff47411a7,209a5f08ed8ec4bb9f9dfa14c6a1abd7141c089e,2026-07-16,2026-07-23
NJ,Millennium Account Services,Sewell,,2024-12-31,80,unknown,,0,0,1,https://www.nj.gov/labor/employer-services/warn/,46a25edeee026b2455915666ea2939cc5e628445e287c4c5a94de67b,b7d008f0e49b886f192b20cb324c77a370849a8b,2026-07-16,2026-07-23
NJ,Millhouse Day Care,Trenton,,2012-04-27,19,unknown,,0,0,1,https://www.nj.gov/labor/employer-services/warn/,e5ae7fa9f666d6a8f466ae91b4abb15854be02039a37a20ba2d62d1b,6378c7dd437833a31d19ed601906a2f1c02e18e7,2026-07-16,2026-07-23
NJ,"Mimeo.com, Inc.",Newark,,2018-07-07,116,unknown,,0,0,1,https://www.nj.gov/labor/employer-services/warn/,5ee44a5d765a772048e533747d59be016c9610b5eb272555c0a5b84c,1cf35e689004c24bdeb310590a06c13f8aa8e8fe,2026-07-16,2026-07-23
NJ,Misfits Market Inc,Delanco,,2023-04-08,446,unknown,,0,0,1,https://www.nj.gov/labor/employer-services/warn/,1f2e50807d9336f2719f82371cd31bab6e8aedf35d0e84a3b614dbab,efed8638dcf3bb5dc43940986ccf4fca1f34e8b1,2026-07-16,2026-07-23
NJ,MissaBay,Swedesboro,,2012-09-17,305,unknown,,0,0,1,https://www.nj.gov/labor/employer-services/warn/,a6fe39ca21e342c97b5f1f5e331892e00874f75020c55082353a2f4f,58be06a24b078663f22c92577b59846a39247a28,2026-07-16,2026-07-23
NJ,Mondelez Global LLC,Fair Lawn,,2021-07-09,593,unknown,,0,0,1,https://www.nj.gov/labor/employer-services/warn/,c0536cad96b53149de9c97e1e98c81c75e9521c2f4a2a561e13aade1,89f6bcf5adaf6338f77ba2fb7debc04a0fabcffa,2026-07-16,2026-07-23
NJ,Morgan Stanley,Princeton,,2013-09-30,95,unknown,,0,0,1,https://www.nj.gov/labor/employer-services/warn/,1f1b18bb90ad348b6254ca985f2fe8210ec703a66084ba8a99bb4d4d,051f1d4ef7080686154844bff9d728543458c43b,2026-07-16,2026-07-23
NJ,Morgan Stanley,Multiple Locations - NJ,,2024-08-15,61,unknown,,0,0,1,https://www.nj.gov/labor/employer-services/warn/,3f3b40bc5682f421087165176d2b4b98162c52c9b1bc65521d2b72aa,6af009f3dfa6c00dcc7aefa46b9134a3abced33b,2026-07-16,2026-07-23
NJ,Mother Teresa Regional School,Atlantic Highlands,,2016-06-30,24,unknown,,0,0,1,https://www.nj.gov/labor/employer-services/warn/,0a3c081cf3c700c0a9d557b90364b0a685404d6acb9f0e290287dcfa,4407845a840d72dcfdb60f5ee0f14cc591ddd30d,2026-07-16,2026-07-23
NJ,"Motorola, Inc.",S. Plainfield,,2009-03-27,50,unknown,,0,0,1,https://www.nj.gov/labor/employer-services/warn/,849bf4f4622f5658ddf1792007ed32d9c4aadd2f16be91e08b876e15,113509fee0ada009921a7e13d31a4376b8a7b5e3,2026-07-16,2026-07-23
NJ,Mott's LLP,Avenel,,2021-10-01,51,unknown,,0,0,1,https://www.nj.gov/labor/employer-services/warn/,bc2d65e058a29a99387cf8c251cbfb1e959c115f34d88369013377ab,5aa9165af74bdf1db33185206dbe331dfdbf3975,2026-07-16,2026-07-23
NJ,Mott's LLP (Keurig/Dr. Pepper),Carteret,,2021-06-09,137,unknown,,0,0,1,https://www.nj.gov/labor/employer-services/warn/,af6ec45d5f46cdedbeb0a260bc8814e2f3a42703f776ae739edb9336,3ac5543b6868d06d31d719eaa739d9040ab0c673,2026-07-16,2026-07-23
NJ,Mount Laurel Center,Mount Laurel,,2017-07-16,323,unknown,,0,0,1,https://www.nj.gov/labor/employer-services/warn/,eca7261bf00dbf091220948f24a02d4eec24061d6f4488c6258df2c4,c6473b7f93b1356cc0d247cda38488cedc18d438,2026-07-16,2026-07-23
NJ,Mountainside Hospital,Montclair,,2012-07-01,1575,unknown,,0,0,1,https://www.nj.gov/labor/employer-services/warn/,f45f25a13ad6843a23f218a9ac51e105a1a6b3a734e79e971df2b680,0213933d279a31c691a7592ea5cf6e315d075c21,2026-07-16,2026-07-23
NJ,My unique thrift,watchung,,2020-03-21,,unknown,,0,0,1,https://www.nj.gov/labor/employer-services/warn/,395480ef1ff6eb36144ce9f4ae2187f8b450ebab583233ef8bdb7f6f,3ad8e6bca60d8e850c438c79a301e5e6c032406e,2026-07-16,2026-07-23
NJ,Mylan Specialty L.P.,Basking Ridge,,2013-12-31,117,unknown,,0,0,1,https://www.nj.gov/labor/employer-services/warn/,450b696276f3564ad0a7b41f8b67f1dc914a571a8c7ef47e30bfdf11,0151a766a07db086bc0b1f1ed1d3a1fcd9000504,2026-07-16,2026-07-23
NJ,Myroslaw Choma MD PhD PA,Hillside,,2013-01-01,4,unknown,,0,0,1,https://www.nj.gov/labor/employer-services/warn/,2f7a88c07249056a0cf1b1595b65369a281453dabf8fa93a0c796acc,df6a74d86e7933261b59ac79fc6a374cc13a2716,2026-07-16,2026-07-23
NJ,NAT. WHOLESALE LIQUID.,LODI/EDISON,,2009-01-08,134,unknown,,0,0,1,https://www.nj.gov/labor/employer-services/warn/,2c8a0940b243bd93f8d388815c784f420339e34a782cef0677acaed2,f95616419190c40f418c83c20cc305d4f1c6b31f,2026-07-16,2026-07-23
NJ,NATIONAL ENVELOPE,UNION,,2008-08-03,171,unknown,,0,0,1,https://www.nj.gov/labor/employer-services/warn/,41519e8e4d817e882c351bfe9cb28231f1c683480bd3b461087bc4e0,867ce299860e997362edd6305c284f8abbdba315,2026-07-16,2026-07-23
NJ,NATIONAL GYPSUM,DELAIR,,2009-01-19,66,unknown,,0,0,1,https://www.nj.gov/labor/employer-services/warn/,6777f1d50ec7354be174fae25805107b56ef67f1b8ff5613f70a8ab0,2e8a5bb66d260659da4471deb18f1838946f2d75,2026-07-16,2026-07-23
NJ,NBTY,So. Plainfield,,2013-07-19,225,unknown,,0,0,1,https://www.nj.gov/labor/employer-services/warn/,63dad480f412ec2485bb5c254ab2a3a3874630996897d24531e9bf94,50441c0b80a06f3571aaa144784ca648ef94d722,2026-07-16,2026-07-23
NJ,"NBTY Manufacturing New Jersey, Inc.",South Plainfield,,2011-09-30,58,unknown,,0,0,1,https://www.nj.gov/labor/employer-services/warn/,eeccc7794fc0a614594ac038cac9d8ef3e15cd6ddeafd2dbcd5f664b,d19cbafb2624beea1b391e4987b0a904e7c777d9,2026-07-16,2026-07-23
NJ,"NCO CUSTOMER MANAGEMENT, INC.",GLASSBORO,,2009-10-24,145,unknown,,0,0,1,https://www.nj.gov/labor/employer-services/warn/,c917900a70f79ab557859a348471fe250aaa6b6b4bfe5e8fd0a33312,388c9cf3f16908f448354294985002d0610c4423,2026-07-16,2026-07-23
NJ,"NCO Financial Sytems, Inc.",Ramey,,2013-12-28,67,unknown,,0,0,1,https://www.nj.gov/labor/employer-services/warn/,47efb263edffd1a0a196573bb05d067084125dd9e3eb7afce09613c4,5cd9bf134defc1e1c2471980413ea9cc906fe990,2026-07-16,2026-07-23
NJ,NEAS - Power Contractors,Gloucester,,2022-06-01,59,unknown,,0,0,1,https://www.nj.gov/labor/employer-services/warn/,f82dee9806d8ed3e75dd14487d26e7827429ec079302b3c74d1d3641,7ddf806ed1762040eb686c9bdb9c5382222172b7,2026-07-16,2026-07-23
NJ,NEBRASKA MEAT CORPORATION,NEWARK,,2010-06-02,230,unknown,,0,0,1,https://www.nj.gov/labor/employer-services/warn/,c97d477ebd82b5f590b4ea7ebe2fb71e00fda9c4fd30c7ecce6b7999,f5531d9e305e4570345ac46a021ab4d630df9fd5,2026-07-16,2026-07-23
NJ,NEIGHBORCARE,MOORESTOWN,,2005-02-01,101,unknown,,0,0,1,https://www.nj.gov/labor/employer-services/warn/,1cd3b3d95da436a022ec2e8d3bea97fb4417627df7c5117712124218,f7495524bcf0bebe974f5a1a5dd4189d85598132,2026-07-16,2026-07-23
NJ,NEIGHBORCARE PHARMACY,OCEAN,,2008-05-15,63,unknown,,0,0,1,https://www.nj.gov/labor/employer-services/warn/,4b1ac6eb051772c930d23c963c89a6fa9d93a1ebbb87f053c1f91a3e,c5b25f999f16a19bbdb495fa4179536aa64d1f03,2026-07-16,2026-07-23
NJ,NESTLE WATERS,JERSEY CITY,,2008-04-04,89,unknown,,0,0,1,https://www.nj.gov/labor/employer-services/warn/,b40fb9fc491c35ac25701a518d8adb97cc32a18f20fb483fa14026d0,ec29b06719862a4d4b34c1236d1a61ea49c95442,2026-07-16,2026-07-23
NJ,"NEW BREED LEASING OF NJ, INC",KEARNY,,2010-08-14,73,unknown,,0,0,1,https://www.nj.gov/labor/employer-services/warn/,976f3468b33b2e07594196512dde3103975f0bbd04d80ffe7f3056b6,c7065804fcd59593e01b8254491a0992bbc4fc88,2026-07-16,2026-07-23
NJ,NEW COMMUNITY CARE,NEWARK,,2007-01-26,190,unknown,,0,0,1,https://www.nj.gov/labor/employer-services/warn/,6ade95ba8119c4bfdd6d83b3b9606ede981877078b3b5356baf2962f,3aaf5440bd5c06d39a1a126e2fa18be73d011d03,2026-07-16,2026-07-23
NJ,NEW YORK TIMES,EDISON,,2008-03-31,115,unknown,,0,0,1,https://www.nj.gov/labor/employer-services/warn/,3b3b6f4dbf802249ef26e7ea98f3613429facb9a8e01597faf0cf1b2,6060567a09fb33777a34a360262c3a5c8a3a00fd,2026-07-16,2026-07-23
NJ,NEWARK MORNING LEDGER,NEWARK,,2009-01-05,1657,unknown,,0,0,1,https://www.nj.gov/labor/employer-services/warn/,4b127fe6115acf98f0736ff5a6ad1a234998ac4be84a82f0bfc00f43,4df0350de4eabe14ab5b95d7edafce4b8efe44fe,2026-07-16,2026-07-23
NJ,NEWARK MORNING LEDGER,PISCATAWAY/P. BROOK,,2008-05-02,367,unknown,,0,0,1,https://www.nj.gov/labor/employer-services/warn/,949db675e428ecf91969e9906e3d8f86da2c3d0f707d950936ae8962,9d61fc50ff7265b1dd06e30f60096b157456fba6,2026-07-16,2026-07-23
NJ,NEXDINE Hospitality,Voorhees,,2024-09-30,109,unknown,,0,0,1,https://www.nj.gov/labor/employer-services/warn/,1875a0fdf2b93f344f385c35de07d20c3f4a56105cdc8f6d9f130238,28be7deac70646ac994348c8d2fb5109c9923657,2026-07-16,2026-07-23
NJ,NEXPAK,SO. HACKENSACK,,2005-02-14,102,unknown,,0,0,1,https://www.nj.gov/labor/employer-services/warn/,a8de2de9ec1afd40813c1be15749308118e8975f7905391a982c81f9,665ed5b4675583d2abfcc4e4bd45116358b4d43a,2026-07-16,2026-07-23
NJ,NJ ACD. FOR AQUATIC SCI.,CAMDEN,,2004-09-07,246,unknown,,0,0,1,https://www.nj.gov/labor/employer-services/warn/,7c60d42bd870da78da0e48b25bb2e2778e09e56b7934a4c1a2aa9f88,6e2ef4af59b5e1343fb373649ad67739de21901f,2026-07-16,2026-07-23
NJ,NJ Certified Dermatology PC,Toms River,,2020-03-16,82,unknown,,0,0,1,https://www.nj.gov/labor/employer-services/warn/,5e85b7a477b358b65f73b766e360ede8a677bf27705c426dc101c5ec,d859c1fa70eee4d61810f84618bbad547ea3c779,2026-07-16,2026-07-23
NJ,"NJ EYE PROFESSIONALS, LLC",South Plainfield,,2020-03-22,5,unknown,,0,0,1,https://www.nj.gov/labor/employer-services/warn/,83126161573f83bbca63c373d854b790440ea1c63484cb2d72197076,55b6b916125169a56d522a3d27b38ff9a8e527fa,2026-07-16,2026-07-23
NJ,NJ PORCELAIN COMPANY,TRENTON,,2005-11-25,34,unknown,,0,0,1,https://www.nj.gov/labor/employer-services/warn/,ec5898ac6dcdaf83096d6a90b9d938544e13722a271c76b60e25ab06,305c7a081adc95c97afde1d568c0018bd26f9e4e,2026-07-16,2026-07-23
NJ,NJFOP FUNDRAISING,OCEAN,,2008-09-17,99,unknown,,0,0,1,https://www.nj.gov/labor/employer-services/warn/,43a9a0e77c895d654bf1af29ee42cb64fd74ad04e631ab5f126648e6,2e7c57767633a9b0e59a6db2fd0a861b5e427d44,2026-07-16,2026-07-23
NJ,NJN Publishing,Flemington,,2014-06-06,18,unknown,,0,0,1,https://www.nj.gov/labor/employer-services/warn/,302fd58814a970da29eb97ea2a3c268748870092e3913e8c0b9a1860,db0daca08962e23f954939dd1df636d7afd97aac,2026-07-16,2026-07-23
NJ,NO. JERSEY MEDIA GROUP,ROCKAWAY,,2008-03-28,50,unknown,,0,0,1,https://www.nj.gov/labor/employer-services/warn/,10a23a9732e71cc8e2910db6f6e25e95f2e1977ecf5aad8484b27e80,00780f660c021aa81c1e88f8a1ac59103fa0c31d,2026-07-16,2026-07-23
NJ,NONNI'S FOOD COMPANY,DAYTON,,2009-08-31,25,unknown,,0,0,1,https://www.nj.gov/labor/employer-services/warn/,4b6756bfb31fbb60077514cba2b307c62399a1d441607427ff2af550,767b22b553c830021a80720aba9bfb07d19d6555,2026-07-16,2026-07-23
NJ,NORTH COUNTRY BBQ VENTURES BRICK,BRICK,,2010-02-28,47,unknown,,0,0,1,https://www.nj.gov/labor/employer-services/warn/,88eed7e4d7cb56e876d864976f7e66414466f118eaf11b691d628fdd,d0c8e45cd213d62acf4a86ad28309e1c43a93e14,2026-07-16,2026-07-23
NJ,NORTH COUNTRY BBQ VENTURES HILLSBOROUGH,HILLSBOROUGH,,2010-02-28,43,unknown,,0,0,1,https://www.nj.gov/labor/employer-services/warn/,76df5dd8b7d4acb67112abd661cb4e8e0d2bd348d0b4bee07e95860c,0447c798e7ebf3313530cf4caced900cb1a048f6,2026-07-16,2026-07-23
NJ,NORTH COUNTRY BBQ VENTURES MAYS LANDING,MAYS LANDING,,2010-02-28,48,unknown,,0,0,1,https://www.nj.gov/labor/employer-services/warn/,cab448f680fe9171a81f0d5a781335c8669dc6fda273e802e8d8ef4d,a42e38bb28fee3baabf20a96b09faf6de9d7f3c8,2026-07-16,2026-07-23
NJ,NORTH COUNTRY BBQ VENTURES MOUNTAINSIDE,MOUNTAINSIDE,,2010-02-28,64,unknown,,0,0,1,https://www.nj.gov/labor/employer-services/warn/,f34d521a263e43d812d04dc901d30641315f77285f114ed7a086552d,aa960e1e1a3a20ac71c078ba37cc014db6ea1732,2026-07-16,2026-07-23
NJ,NORTH COUNTRY BBQ VENTURES NEW BRUSNWICK,NEW BRUNSWICK,,2010-02-28,42,unknown,,0,0,1,https://www.nj.gov/labor/employer-services/warn/,f43aabd385a9947d348434500da3cc9896600d8f13b609cfa11398b6,34b2f635a2615cf285ebebf65dd51b49eb8379ca,2026-07-16,2026-07-23
NJ,NORTH COUNTRY BBQ VENTURES WOODBRIDGE,METUCHEN,,2010-02-28,36,unknown,,0,0,1,https://www.nj.gov/labor/employer-services/warn/,bad31b11d9700717613f58fadf352ccee08524ed641540bf0a7c6f98,d92a0fa71d9f02c88c1c046e367f1d77cb843f68,2026-07-16,2026-07-23
NJ,NORTH JERSEY MEDIA,ROCKAWAY,,2008-08-26,11,unknown,,0,0,1,https://www.nj.gov/labor/employer-services/warn/,c6e2b8bb3fafc31a99a571cadfeeda52bbb490e89511c1dfa70dc72e,a35469709fd4a38e588e8caa68addf333c0ba9c6,2026-07-16,2026-07-23
NJ,NORTHROP GRUMMAN,NEWARK/CHERRY HILL,,2006-03-31,,unknown,,0,0,1,https://www.nj.gov/labor/employer-services/warn/,3b679b90263651a21bf7ecd1be1ee068309c3e99e9cd836c2e61698a,611a81e7e08958601e984272b27ad93cc73645e8,2026-07-16,2026-07-23
NJ,NORVERGENCE,NEWARK,,2004-02-24,358,unknown,,0,0,1,https://www.nj.gov/labor/employer-services/warn/,8cd6a0ec84cb441388a9a63fd0e6f6d83c251b3adcdadc8de3ba33e7,6321573ec467e2951c5f1c6a17361569f40e0060,2026-07-16,2026-07-23
NJ,NORVERGENCE,NEWARK/JERSEY CITY,,2004-06-30,800,unknown,,0,0,1,https://www.nj.gov/labor/employer-services/warn/,e5b35c9f2c52774f91330b162267465504321b5ddab4d2c65eb84de6,934e779e22cf18a36bf4907fbc15dd198a2f6ad2,2026-07-16,2026-07-23
NJ,"NRG Energy, Inc.",Wall,,2017-06-23,65,unknown,,0,0,1,https://www.nj.gov/labor/employer-services/warn/,82cc3886c97acdf0c255a904ec8f213b137ea4a35372446c84b7e29a,f7639129ad55d976eca9956f60453b45cff26b34,2026-07-16,2026-07-23
NJ,NSC National Wholesale Liquidators,Lodi,,2019-01-01,152,unknown,,0,0,1,https://www.nj.gov/labor/employer-services/warn/,71e20bdfabc3563841053f181fcab3c2249f1c8a61b8dd16742352ef,741edbf8ac643157bd939ac6acb86906858f9ea5,2026-07-16,2026-07-23
NJ,NY Daily News,Jersey City,,2022-03-12,224,unknown,,0,0,1,https://www.nj.gov/labor/employer-services/warn/,1d4d8034a7f76f7bc6c350c5b793c7bf791f4ab7fbbd08dae9269879,813e38deefb288c6846b6bc32ce60bbef73e6f22,2026-07-16,2026-07-23
NJ,NY WATERWAY,STATEWIDE,,2005-01-15,313,unknown,,0,0,1,https://www.nj.gov/labor/employer-services/warn/,79d70806c718efeee4b082b157c867f4cb0ef732dfe666f133dea1f7,8a4656ef1a40ac6f5eaf46f7a5f6581f6c6e372a,2026-07-16,2026-07-23
NJ,"NYK (North America), Inc.",Secaucus,,2018-03-31,75,unknown,,0,0,1,https://www.nj.gov/labor/employer-services/warn/,d07d8d3a8e4242f595bb76db1b4dcabfd22d970ad3399211840424b3,c1a876ce4bf309d0bfc801547d4e5e4ab1e56288,2026-07-16,2026-07-23
NJ,NYK LINE (NORTH AMERICA) INC.,SECAUCUS,,2009-10-16,58,unknown,,0,0,1,https://www.nj.gov/labor/employer-services/warn/,2e07b9ce5804799d40a376f939b5b10edf19d33e6b0b68599bed6ab1,b2886c57ca4a5186649a29fc8ffa497ac42a3bf9,2026-07-16,2026-07-23
NJ,"NYK LOGISTICS, INC.",PORT MURRAY,,2009-11-20,24,unknown,,0,0,1,https://www.nj.gov/labor/employer-services/warn/,c9db289938c891cac26389a5b3ca371e42d43f559eb64e11541244b7,2e93a2c5701d9b4c75a05f2e2d55683c87f69d37,2026-07-16,2026-07-23
NJ,National Distribution Centers,Burlington,,2014-06-15,67,unknown,,0,0,1,https://www.nj.gov/labor/employer-services/warn/,e32d6bd61d9897f9f240f7a55061a1b74d830dd9d02bf8631c513186,96d963ed444ede5292b5c1cc09b8b6fd853babe4,2026-07-16,2026-07-23
NJ,"National Micro Rentals, Inc",Monroe Twp,,2020-12-31,80,unknown,,0,0,1,https://www.nj.gov/labor/employer-services/warn/,a385b67b609de0e137ac9da0a41e35fd00d8524fe242e3509325e4e4,9130b2bb91101753d9528e4b1d85e4ae1035219f,2026-07-16,2026-07-23
NJ,"National Vision, Inc.",Pennsauken,,2011-07-31,213,unknown,,0,0,1,https://www.nj.gov/labor/employer-services/warn/,059c035e36cc4d9219224fbaad3ee2ea4fed937f34dd679ca26494da,f902166778bc5f224f18d6ed7f04d93058856a4a,2026-07-16,2026-07-23
NJ,"Natirar Resort Development, LLC",Peapack & Gladstone,,2018-09-30,160,unknown,,0,0,1,https://www.nj.gov/labor/employer-services/warn/,663f4128d78b6c51722056af474aa052364f1f71c1c845cfd49c2d90,73a04148c881b0ae2945de36d44fccedce890820,2026-07-16,2026-07-23
NJ,Neiman Marcus,Paramus,,2020-09-23,42,unknown,,0,0,1,https://www.nj.gov/labor/employer-services/warn/,90439e1f11817b0120c5de59e3c95392a39c17546e46a5ca5561dc1a,ba791bf59c58af65892f10bb89771a6a4d901419,2026-07-16,2026-07-23
NJ,Neiman Marcus Last Call,Elizabeth,,2019-11-27,25,unknown,,0,0,1,https://www.nj.gov/labor/employer-services/warn/,d3dfbabddd2f90efa579d277e38f8bf9424a46bb6237b745caa38706,7b92187532afb31637e7a34e798b784bdd746f82,2026-07-16,2026-07-23
NJ,Nelson Laboratories LLC,Fairfield,,2023-04-28,66,unknown,,0,0,1,https://www.nj.gov/labor/employer-services/warn/,705942a1c0a3ca4c46926d73ea86ea485fd79146aaea8979716b37ad,47888623d4a3e4eca30db5928f5d0c9ca01792e6,2026-07-16,2026-07-23
NJ,Nestle USA Inc.,Freehold,,2023-11-17,210,unknown,,0,0,1,https://www.nj.gov/labor/employer-services/warn/,e69de4f6e455c2fa6d1f2849b541cc6b4f72a744fdd93d4829b0724c,156bd3ced7fe6214a32f60653468f6923ee22063,2026-07-16,2026-07-23
NJ,"Nestle Waters North Ameriaca, Inc.",Kearny,,2018-10-01,175,unknown,,0,0,1,https://www.nj.gov/labor/employer-services/warn/,0c9afba2bf0f7d71b8cb213408791fb5835e92e71246aabc3fb09a94,a06b4704f6c80afcfb977b344c1b0edef82f24a0,2026-07-16,2026-07-23
NJ,"Nestle, USA",Keasbey,,2019-10-18,64,unknown,,0,0,1,https://www.nj.gov/labor/employer-services/warn/,e11ee72b6c028b5b40cab80c883492071f43023b854e7130a2427714,ff2bb498886d5aa41ad9bd188f9f5bf96f2ae415,2026-07-16,2026-07-23
NJ,Nestlé Nutrition USA,Florham Park,,2019-04-01,62,unknown,,0,0,1,https://www.nj.gov/labor/employer-services/warn/,5dc7a9bf1339e1b1b9b68eec7772832d9888401d47e219323f42133e,939b5a37b614a94449ddaaf44f7d5a2a3c0ec609,2026-07-16,2026-07-23
NJ,Nestlé USA,Florham Park,,2019-05-04,2,unknown,,0,0,1,https://www.nj.gov/labor/employer-services/warn/,bb9b2a8c8964b5d720d51fafa277e42a5eb5db8d7fd65bad33fde69d,5db2b15c1916c2c5e5d66939979bbd0e30b40981,2026-07-16,2026-07-23
NJ,New Brunswick Scientific Inc.,Edison,,2011-11-30,184,unknown,,0,0,1,https://www.nj.gov/labor/employer-services/warn/,451a17ab145d4421003f7619934ebff5b8e486b8c078afd75dd91862,350349b65097ab05c41fe6512f14930701e42a35,2026-07-16,2026-07-23
NJ,"New Century Transportation, Inc.",Westampton,,2014-06-09,1577,unknown,,0,0,1,https://www.nj.gov/labor/employer-services/warn/,0e308ee55e9e603f91364490f4815270bba04746d57fc748390dc6fe,c44c323eaff782f676aca9dd3b4a0b27d2ce1e1e,2026-07-16,2026-07-23
NJ,New England Motor Freight,Elizabeth,,2019-02-15,1690,unknown,,0,0,1,https://www.nj.gov/labor/employer-services/warn/,abb0d20618e24a253bf231c6a1c1d08b83b722d982092dd9c180baf2,f2c5cf926934b1a26982b70bc643994b07bcd841,2026-07-16,2026-07-23
NJ,"New Jersey Medical and Health Associates, LLC d/b/a CarePoint Health Medical Group",Old Bridge,,2020-01-13,49,unknown,,0,0,1,https://www.nj.gov/labor/employer-services/warn/,d9e0791bc3c62f0a4615f7e6baf47b0069fe8765c362ad9a55961bd3,b8c04fb890cc225a15e7b60818cc3e7364cc03cf,2026-07-16,2026-07-23
NJ,New Jersey Sports & Exposition Authority,East Rutherford,,2015-03-09,1100,unknown,,0,0,1,https://www.nj.gov/labor/employer-services/warn/,215631f4f962e11efe528b65194689f4b3af4a653fd6e55307110ab8,dca5cdb8a395f4f4be0006daa1185d091fdbe980,2026-07-16,2026-07-23
NJ,New Jersey Sports & Exposition Authority - IZOD CENTER,East Rutherford,,2015-04-03,1400,unknown,,0,0,1,https://www.nj.gov/labor/employer-services/warn/,08e3c1d1563914d504c730595ae267d3443fbdbe8eda725423fddeae,0341d74d1bdd1caff339b0b018454ce8021740a3,2026-07-16,2026-07-23
NJ,New Jersey Sports and Entertainment Authority,Oceanport,,2011-06-06,900,unknown,,0,0,1,https://www.nj.gov/labor/employer-services/warn/,7cf6940940aff30e42e56f649723fffb03831bd3b6b86290c4a546c3,3a6fdc5b193aa29026f3655bc2fc722e10d714dc,2026-07-16,2026-07-23
NJ,New Jersey Sports and Entertainment Authority,Fords,,2011-06-06,60,unknown,,0,0,1,https://www.nj.gov/labor/employer-services/warn/,3a1daf217ebc93c6363316ce8c20fcae7b081e52e859893671f72ce4,cf4885f0dff0d07ae26428d9eaaba888c5acb94a,2026-07-16,2026-07-23
NJ,New Jersey Sports and Exposition Authority,East Rutherford,,2011-08-31,800,unknown,,0,0,1,https://www.nj.gov/labor/employer-services/warn/,8d8ea82c21831feff4e2e04d660d9d22b630ccd744f085a01df59dda,b3e68c8b60fe95e544cfd049e36b85098cada041,2026-07-16,2026-07-23
NJ,New Road Pharmacy & Surgical,PARSIPPANY,,2020-04-13,6,unknown,,0,0,1,https://www.nj.gov/labor/employer-services/warn/,5eeb7fca995f960c5c753229a5c3d0b2fa760810ae7c2f5aac26ac1b,9a04246f344e00c22a049ee473e9792c39df9004,2026-07-16,2026-07-23
NJ,New Road Pharmacy and Surgical,Parsippany,,2021-04-09,1,unknown,,0,0,1,https://www.nj.gov/labor/employer-services/warn/,e2cf7bd59274cf0af47d73862003a578910fbf85cfd9d69bcf3ef917,4edf953774506f68bcda1e3bc8c79fc208ee8967,2026-07-16,2026-07-23
NJ,New York Life Insurance Company,Parsippany,,2017-02-17,2,unknown,,0,0,1,https://www.nj.gov/labor/employer-services/warn/,6d1d4d24c26bf033f06b7615168c71ab2a1ecef0d2e09bcf8d0e6adb,0510f04bb7d6f570088dc1994d5608497a748b0f,2026-07-16,2026-07-23
NJ,New York Life Insurance Company,Lebanon,,2016-07-22,68,unknown,,0,0,1,https://www.nj.gov/labor/employer-services/warn/,e1c30ea90c579b174f7625bf5e2bd9084481455e63125f9c7daa01a6,abe26f3e50f91bf73746f6fbc08dd6f3dc3d2bad,2026-07-16,2026-07-23
NJ,"Newace, LLC T/A Newton Diner",Bellmawr,,2010-01-10,21,unknown,,0,0,1,https://www.nj.gov/labor/employer-services/warn/,67b05303268438b24dfec56a8923269428952366b04a8e204a22e242,004474335ab9b05c17ba50eba7331a6ded7afbb5,2026-07-16,2026-07-23
NJ,Newark Morning Ledger LLC,Pinebrook,,2025-02-02,154,unknown,,0,0,1,https://www.nj.gov/labor/employer-services/warn/,3258d54f6d7af5d5d0c488e3fa38b1f2245e23bb22f418425cb77098,4b961d466e8d60d1879d0b621449de1347697e1d,2026-07-16,2026-07-23
NJ,Newark Preschool Council,Newark,,2014-06-30,504,unknown,,0,0,1,https://www.nj.gov/labor/employer-services/warn/,7e45b43952326fd1823e7d9d855ec945ca49708188af7926cf2ebcbf,c9570789a8f4eb73ef22448caebcdb4711c3b77f,2026-07-16,2026-07-23
NJ,Newbold Services,East Windsor,,2024-04-06,36,unknown,,0,0,1,https://www.nj.gov/labor/employer-services/warn/,db5849356c9f2df1e5cc32f406ed7826f70c5f5852919d3052c86549,11f07729d6437a9f944fa578a040acb04b058775,2026-07-16,2026-07-23
NJ,Nielson & Bainbridge,Monroe Twp.,,2009-03-11,105,unknown,,0,0,1,https://www.nj.gov/labor/employer-services/warn/,e3535a0a19b86cb80c3c3d255e0e506b7a556d2afe2eacc79f26fdb2,6dfeacebb4b24a04db060631fe48a3f35a977625,2026-07-16,2026-07-23
NJ,"Nine West Holdings, Inc.",West Deptford,,2018-06-04,102,unknown,,0,0,1,https://www.nj.gov/labor/employer-services/warn/,bc587d564a1111335b01553f98794873c21727209c7845e29cc24da9,9dadf0379f079472e08dcbd18271945df7903cac,2026-07-16,2026-07-23
NJ,Nirvana Nails,Fair Haven,,2020-03-13,1,unknown,,0,0,1,https://www.nj.gov/labor/employer-services/warn/,95590c93a127b1434eb5873d1ce28ed3b66938466384c507905bea9f,3df028afb93e4fa150cf195540fd022258bb8fe2,2026-07-16,2026-07-23
NJ,Njswim Florham Park,Brielle,,2020-03-14,19,unknown,,0,0,1,https://www.nj.gov/labor/employer-services/warn/,b6c8c56315885cb4b8b50ef836a26ca69c7514f5dba6187535225036,981b16135aa0466c3bf52d9b2f5c26d91db01886,2026-07-16,2026-07-23
NJ,"Njswim Lakeside, LLC",Brielle,,2020-03-14,21,unknown,,0,0,1,https://www.nj.gov/labor/employer-services/warn/,b5c1f37e5544a969cb3be3b92d1f81188a97c65514615bb7efc2337c,95c8a96214285f6752ddb65dfbd201195d26303c,2026-07-16,2026-07-23
NJ,Njswim Sparta,Brielle,,2020-03-14,18,unknown,,0,0,1,https://www.nj.gov/labor/employer-services/warn/,f6fe7931037532ba8e1c7b43df4c285f05e0c6aeb4ec29af3639dc30,3cb209a26426e86d776538e1ebe0d51c06f9b07c,2026-07-16,2026-07-23
NJ,"Njswim Warren, LLC",Brielle,,2020-03-14,16,unknown,,0,0,1,https://www.nj.gov/labor/employer-services/warn/,f7a78aa0bf7738a7edc16e9d74bb96233cf6123ed763e354ce3c9925,b803a6d3bc29eebb03a011ca8cd04a7d1e0ae029,2026-07-16,2026-07-23
NJ,Nordson EFD LLC,Robbinsville,,2022-01-07,121,unknown,,0,0,1,https://www.nj.gov/labor/employer-services/warn/,0a6c1a408bf771f3301ce347a2b7fe8d02ba20bd52d0776231bd381e,01381557735584eae1fae9e95940bfac5e276c04,2026-07-16,2026-07-23
NJ,Nordstrom,Freehold,,2020-06-01,252,unknown,,0,0,1,https://www.nj.gov/labor/employer-services/warn/,2343d49a206fe2d2be901f7608ff130c0f0452426c458722bbe7db01,ccc74c5a1e12ee780565bcaad482e3061b74af9d,2026-07-16,2026-07-23
NJ,"Norkus Enterprises, Inc. (NEI)",Point Pleasant Beach,,2011-05-17,701,unknown,,0,0,1,https://www.nj.gov/labor/employer-services/warn/,1d24eee17f570b71c10fa1989b9436f129aada804438a9e1228a9713,11bfd13bfb83f022eafd75043c24f527a13b19af,2026-07-16,2026-07-23
NJ,Northrop Grumman,Mount Laurel,,2012-11-06,61,unknown,,0,0,1,https://www.nj.gov/labor/employer-services/warn/,2a7c17098fe2cebaebf4bca9ef807d62ea60f1546c50336d68b7bbb4,62f0bba1ce9f1c8e389711724a8cadf57eefd85b,2026-07-16,2026-07-23
NJ,Notions Marketing,Gloucester,,2026-07-02,179,unknown,,0,0,1,https://www.nj.gov/labor/employer-services/warn/,17e263a5294985f19f9d2a3228b0c2002320c298508d8e85764cd47b,fad57019aac4231136fc954107ac9c7fdf9d6345,2026-07-16,2026-07-23
NJ,Novartis,East Hanover,,2026-06-26,114,unknown,,0,0,1,https://www.nj.gov/labor/employer-services/warn/,efe53538288469c01c759a8561e3be90cb1fb8cd3e1067c09fc23dbd,fe44ef7f1dc973e7ea47c157b09983188bf1ff32,2026-07-16,2026-07-23
NJ,Novartis - Primary Care Business Unit,East Hanover,,2011-02-07,31,unknown,,0,0,1,https://www.nj.gov/labor/employer-services/warn/,407699a6ce058d52166885d57d600db4e94026118d3d64b439febeca,82aee4f6c9a6559ac456ac4f58797197955b8ea2,2026-07-16,2026-07-23
NJ,Novartis - Psychiatry/Neuroscience Business Unit,East Hanover,,2011-02-07,11,unknown,,0,0,1,https://www.nj.gov/labor/employer-services/warn/,d6dab2079b0c4e79a70b375bb4b1faaa87bb6905eb7525e133be1727,0398ce64271b0431866d7b39aaa1e027e8de8389,2026-07-16,2026-07-23
NJ,Novartis Group,East Hanover,,2026-08-21,76,unknown,,0,0,1,https://www.nj.gov/labor/employer-services/warn/,b8dc8d04f0c325ab461e87be67ddc0815a102d539eba2b6ca69a2482,cf49b7faa2320d87b3a8edf49c2b29f0801948cb,2026-07-16,2026-07-23
NJ,Novartis Pharmaceuticals,Hanover,,2023-11-24,103,unknown,,0,0,1,https://www.nj.gov/labor/employer-services/warn/,34c890622ccc191913a4fe833a9922458364535c6296705d97fb86cb,07e92898e0325c53ff4f267abb521c214580b76c,2026-07-16,2026-07-23
NJ,Novartis Pharmaceuticals Corporation,East Hanover,,2026-10-02,322,unknown,,0,0,1,https://www.nj.gov/labor/employer-services/warn/,a8db9ffce13e5eed278469682788187a9e82245f5ed30a74e747a257,2c79846c2cf92875272373a28ef5e9437d4f4349,2026-07-16,2026-07-23
NJ,Novartis Pharmceuticals Corporation,East Hanover,,2017-07-28,204,unknown,,0,0,1,https://www.nj.gov/labor/employer-services/warn/,d053a511d9b882ffcf98bf6a09b6cddd6702e3136c4a3758fca6dbf8,54eb6b7c4e614f99d5c6bb4b3bc7032a3a6adede,2026-07-16,2026-07-23
NJ,Novartis Services Inc,East Hanover,,2023-01-28,4,unknown,,0,0,1,https://www.nj.gov/labor/employer-services/warn/,e65fd0d4777ce5d60e3138fe68376a938ae0d02d1ce91500c9d8d8b0,67d0059e436622dfc893e82dac07a235b81dfd90,2026-07-16,2026-07-23
NJ,Novelis ALR Rolled Products Inc.,Clayton,,2024-01-02,104,unknown,,0,0,1,https://www.nj.gov/labor/employer-services/warn/,8b4026a54c684076c84970c5557b69c2ebebc1faff58cd60e835428d,42f877b984701a3127d8d1f9bdbe4ab28a2617e0,2026-07-16,2026-07-23
NJ,Novembal USA Inc,Edison,,2023-09-30,100,unknown,,0,0,1,https://www.nj.gov/labor/employer-services/warn/,1e82dd64b6440370dcede9f0de06e231f9fd529d8777997f9bf77948,c670acd96e49e4aaef6aac4f0a068ca4c8004473,2026-07-16,2026-07-23
NJ,Novo Nordisk,Plainsboro,,2025-12-31,811,unknown,,0,0,1,https://www.nj.gov/labor/employer-services/warn/,86bf17e1248574078c262fd4bc224e525e3ba55b0b8263d810f7ec45,8ded06685425896458638a3bd06fd1131c7d3d5a,2026-07-16,2026-07-23
NJ,ODYSSEY PHARM.,FLORHAM PARK,,2005-01-15,51,unknown,,0,0,1,https://www.nj.gov/labor/employer-services/warn/,1b47113ca51e9eee24b7fae5e4ba01ae482896c5fb6004df4fee8045,a31dc9fda9b0d9efd0fdf5f8da8cd848afbce394,2026-07-16,2026-07-23
NJ,"OFFICE DEPOT, INC",WESTAMPTON,,2010-05-24,146,unknown,,0,0,1,https://www.nj.gov/labor/employer-services/warn/,afa4ac0dcc106fb5a55ca013957d7a4a875f267ce13fa612b6040941,7ad6202128a700e020ce4d87f5ed93a722668406,2026-07-16,2026-07-23
NJ,"OKI Data Americas, Inc.",Mt. Laurel,,2016-09-30,38,unknown,,0,0,1,https://www.nj.gov/labor/employer-services/warn/,9b508f0c5a9957e04a27a2e55bbbaa1fcb0d5a11e0f04443108ebe73,5d5cad996170c2f5a69cac5d76f3092fbf1bc267,2026-07-16,2026-07-23
NJ,ORGANON,WEST ORANGE,,2004-06-15,157,unknown,,0,0,1,https://www.nj.gov/labor/employer-services/warn/,b636e1808212dc8cc3e7c9e1c4f6b345d77ec70aa36fbb418f6ceaac,ce2710f9d90ad2b7e5a1f9dbb15e174786f75009,2026-07-16,2026-07-23
NJ,ORTHO BIOTECH,BRIDGEWATER,,2008-09-01,260,unknown,,0,0,1,https://www.nj.gov/labor/employer-services/warn/,505a60c387d29b1686301d910952cdef97e7d904dbf033068926f305,5266c50c06f9d204629dbe8c3538fe9d8ead03ce,2026-07-16,2026-07-23
NJ,ORTHO-MCNEIL-JANSSEN PHARMACEUTICALS INC,RARITAN,,2009-06-12,30,unknown,,0,0,1,https://www.nj.gov/labor/employer-services/warn/,8f9eba62a9a80076056842eb3b1d1d1d67062fdadac1edecc09c7bdd,6f8032f44411e1245dc746fe90a464b9753f31cf,2026-07-16,2026-07-23
NJ,ORTHOFIX SPINAL IMPLANTS,WAYNE,,2010-03-31,20,unknown,,0,0,1,https://www.nj.gov/labor/employer-services/warn/,8707126a7511fffa4696b0ca9bd446d3a3198c4317829960849beb5a,bb6804c8c36aef4174f72e76ce255e46af2bb1c1,2026-07-16,2026-07-23
NJ,"OS Restaurant Services, LLC",Tampa,,2020-03-15,,unknown,,0,0,1,https://www.nj.gov/labor/employer-services/warn/,929668378e3e27074d6508ae446ba673d30cdd3bc51532ca508f2156,bb125682a0664365013187d66fe39ff425d9339d,2026-07-16,2026-07-23
NJ,OSI COLLECTION,EDISON,,2007-10-31,89,unknown,,0,0,1,https://www.nj.gov/labor/employer-services/warn/,93b524a1fd8ae3bdf0194da0a54edfb8161f69cbafe4ccb4ce1c6351,854bb7d2cdbc2187de6054a0c5e9f4de0e85ed11,2026-07-16,2026-07-23
NJ,OSI COLLECTION SERVICES,E. WINDSOR,,2006-05-24,95,unknown,,0,0,1,https://www.nj.gov/labor/employer-services/warn/,0e5aa5307e8574f6f346d4bfdd52066355a45afec92ec1dab8f321e2,1deb619add72074a8a8daf3275918ef7ca224022,2026-07-16,2026-07-23
NJ,OSI COLLECTION SERVICES,EDISON,,2006-05-24,64,unknown,,0,0,1,https://www.nj.gov/labor/employer-services/warn/,622af4b7477c36b2e7f79f707fec3c1f051f2da376e19abc382fdca2,b74afc7449263b423fc5692df2199990db1bd2f5,2026-07-16,2026-07-23
NJ,OTB Hospitality,Paramus,,2026-03-13,62,unknown,,0,0,1,https://www.nj.gov/labor/employer-services/warn/,d27f9ff2aa37aacf9c23f1211f1d0d4b0a4244c12db5ee37bc39cb6b,18fb8d43342c73f457a8218f150cccae19c2c919,2026-07-16,2026-07-23
NJ,OTTO HOME GOODS INC.,saddle brook,,2020-03-20,1,unknown,,0,0,1,https://www.nj.gov/labor/employer-services/warn/,f14a26af343d6efcafa884137be3c2c6f3afef548f8855dbd9d1f5f4,b000b8a075a83cfde71c1b980043fa453935c3fc,2026-07-16,2026-07-23
NJ,Oakwood Worldwide,Totowa,,2020-02-03,11,unknown,,0,0,1,https://www.nj.gov/labor/employer-services/warn/,0841ca09eb584b8b4c5d7352202ceef765182a337459ec24368365cc,09e58e46b87705db2edf9b08b91efbaf3319e480,2026-07-16,2026-07-23
NJ,"Ocean Spray Cranberries, Inc.",Bordentown,,2014-05-02,138,unknown,,0,0,1,https://www.nj.gov/labor/employer-services/warn/,d74c10db9bd8a377c6833c8c47197d19b471ff7dd31c8f9aaf850463,8e4d534eb65af640501facd74a5da740c4ca446c,2026-07-16,2026-07-23
NJ,OceanFirst Bank,Toms River,,2025-12-18,114,unknown,,0,0,1,https://www.nj.gov/labor/employer-services/warn/,e9d29e57681d3f5ecc18f0f76052180d598a8b8abb2b30a915aac8e2,75cc91c2a7e4a2c8f9ce07382fe368496d457c8e,2026-07-16,2026-07-23
NJ,Omega Engineering,Swedesboro,,2020-05-26,263,unknown,,0,0,1,https://www.nj.gov/labor/employer-services/warn/,46b7182c994bf073e313ea578a8d105df0828e8737bc9ac8f83871aa,2dc23483cebabc45361145d90ecb2570623e1b63,2026-07-16,2026-07-23
NJ,On Time Staffing,Camden,,2012-09-17,50,unknown,,0,0,1,https://www.nj.gov/labor/employer-services/warn/,7e311f0d3af063380a6a6db911d5a4000a15cd14d1a54bef6693fe45,b1e7816579b781c03596441b9689bd8682d7f4cb,2026-07-16,2026-07-23
NJ,"One Bus: Orange-Newark-Elizabeth Bus, Inc",Elizabeth,,2024-09-08,131,unknown,,0,0,1,https://www.nj.gov/labor/employer-services/warn/,d643944b9e80635d5cc1fa5cc728783696189750c13812242ad0fb96,2c1f3ec87be4bf13e6801efa5a43d94864e77081,2026-07-16,2026-07-23
NJ,Ophthotech Corporation,Princeton,,2017-03-17,69,unknown,,0,0,1,https://www.nj.gov/labor/employer-services/warn/,2e7a17de32060e1c472022be25e227864bc46ebee6093083187d7814,1a8fe7041acf8b72246d39453e67a152eba31ac8,2026-07-16,2026-07-23
NJ,"Optimer Pharmaceuticals, Inc.",New Jersey,,2014-06-30,184,unknown,,0,0,1,https://www.nj.gov/labor/employer-services/warn/,da1f35cb672812624b9fb9d9f273ae6fc08047a3f42f97001da9e71f,343b1dd9c8ba8d2d56ac5833ca92327546edc2ec,2026-07-16,2026-07-23
NJ,"Optimer Pharmaceuticals, Inc.",Jersey City,,2014-06-30,177,unknown,,0,0,1,https://www.nj.gov/labor/employer-services/warn/,6a4f3a999061ee27b383f9820863b106e00d0e909506966eaa8d0ea9,653bd22347b235172c88e6b5a6b798e410a55d31,2026-07-16,2026-07-23
NJ,Optum Care,"Eden Prairie, Minnesota (Offices throughout NJ)",,2026-02-02,390,unknown,,0,0,1,https://www.nj.gov/labor/employer-services/warn/,ebf02b135191fcc296d0ef9d5b932cb15a2515031c091460fb7c8009,98126bbaa087428e92d4be8079c2270649d33fd5,2026-07-16,2026-07-23
NJ,Optum Care Inc.,Rutherford,,2026-08-26,5,unknown,,0,0,1,https://www.nj.gov/labor/employer-services/warn/,aa07fed688f0da20c9d4874b0c3313fbd9bfd5f2ed4cfe2315912dcd,9e9f58ef37d9001817c547bb39a47cb5dbcf3e5b,2026-07-16,2026-07-23
NJ,Optum Medical Care,Secaucus,,2026-02-02,122,unknown,,0,0,1,https://www.nj.gov/labor/employer-services/warn/,ca8f4acc19784b17533522c4ac684e5d657dff0ea00dc4589760d196,729a1e0a954ce2b7ddfa6e3fcb3a5b5c57fcd830,2026-07-16,2026-07-23
NJ,Optum Select Management,"Eden Prairie, Minnesota (Offices throughout NJ)",,2026-02-02,11,unknown,,0,0,1,https://www.nj.gov/labor/employer-services/warn/,b1263e8890c4f7ac636ea33189305c8cb94f2b515a47be94e55c3a17,8a8e6ae5bdd8c690561c7e8be42711689f57425e,2026-07-16,2026-07-23
NJ,Optum Select Management Inc.,Somerset,,2026-08-26,17,unknown,,0,0,1,https://www.nj.gov/labor/employer-services/warn/,c1b84b45ab705f25ea97320cb4ddbe74b1e1fff874ef7bd5586b134a,0484ab753cac5411d8f0e345494e426c6d3cb315,2026-07-16,2026-07-23
NJ,Optum Services,"Eden Prairie, Minnesota (Offices throughout NJ)",,2026-02-02,49,unknown,,0,0,1,https://www.nj.gov/labor/employer-services/warn/,d92e33531d3a6fdb55a124f5f684906e8599d5c3621633eb45754171,90c3ec49d6175dc2edc2a86df084209865f82fbd,2026-07-16,2026-07-23
NJ,Optum Services Inc.,Basking Ridge,,2026-08-26,36,unknown,,0,0,1,https://www.nj.gov/labor/employer-services/warn/,1054947c2de2a0832e0377af4b911cee1ed4f469fe1a9bd57215ca36,d9c95a6e649a65006d7819d047afa01ebc28cc56,2026-07-16,2026-07-23
NJ,OptumCare,Baskin Ridge,,2024-12-11,160,unknown,,0,0,1,https://www.nj.gov/labor/employer-services/warn/,675ad0e3353bf6170b587a583ee162a85016a3f4bdb255a32c934ad3,a81c2ee88c41b7fe91276b5678044f0d827f658d,2026-07-16,2026-07-23
NJ,Organon,Jersey City,,2025-04-30,93,unknown,,0,0,1,https://www.nj.gov/labor/employer-services/warn/,8447aba94acfcfc9644e6f63c63099d256662bfbf58c4d046c69bb42,14ae34589d009c1620bb5cce673c31ece85ea9ac,2026-07-16,2026-07-23
NJ,Our Lady's Residence,Pleasantville,,2015-12-01,50,unknown,,0,0,1,https://www.nj.gov/labor/employer-services/warn/,8c0523476d18a77c41438829a0e993ef7bda91c1009c02d6e6ba3559,9f6c3190d5aab348f31a77748b8b33f4a6edaa66,2026-07-16,2026-07-23
NJ,O’CONNORS,WATCHUNG,,2005-12-23,,unknown,,0,0,1,https://www.nj.gov/labor/employer-services/warn/,ba19d20d67896edde1d896034d78ffd58977188f9aeba2bae1a6354e,d2fc00ff7ce78c8cb9166460e017010e144cd74a,2026-07-16,2026-07-23
NJ,P.F. LABORATORIES,TOTOWA/W. PATERSON,,2005-01-25,132,unknown,,0,0,1,https://www.nj.gov/labor/employer-services/warn/,ee759a4122985dca07b5a2230c3e3e426fbd06f5077178c4c2becd73,8b82367464043d3dadc4f25f9124bb9521b07970,2026-07-16,2026-07-23
NJ,PALISADES SAFETY & INS.,FREEHOLD,,2008-08-17,48,unknown,,0,0,1,https://www.nj.gov/labor/employer-services/warn/,4d50b13b45b31a36580540d5350cf96bd943561230059d21877ee335,f1a2538721f5c170b56675a165cd3a6c4031cbaf,2026-07-16,2026-07-23
NJ,PALOMBO'S MED-RITE PHARMACY,NORTHFIELD,,2010-07-16,73,unknown,,0,0,1,https://www.nj.gov/labor/employer-services/warn/,43c52b3ab5d7b1214f4e240f328d0d777f2afc44fadb48ac079f996a,3e299b64538642141461db444eef21151c60171f,2026-07-16,2026-07-23
NJ,PANASONIC,SECAUCUS,,2005-01-30,226,unknown,,0,0,1,https://www.nj.gov/labor/employer-services/warn/,70cc6210039576c888dc0f1a3a26f703eb47621e6854c9dc6157fdec,64da8edc9391aa1d947ca9ee98122c50ee03d76a,2026-07-16,2026-07-23
NJ,PASCACK VALLEY HOSPITAL,WESTWOOD,,2007-11-21,1006,unknown,,0,0,1,https://www.nj.gov/labor/employer-services/warn/,a17f63d840a3939232d5b07f25856489e1e4faeb94b5d138ceeef1c7,a2cd7ead3d8e12d2b6ffadf3bbb3070a53db6000,2026-07-16,2026-07-23
NJ,PATHMARK,CARTERET,,2008-01-26,557,unknown,,0,0,1,https://www.nj.gov/labor/employer-services/warn/,18ae1b5c50721eb5a093d68d0cfe63868ee92e1752454040a1db0ae3,94278d41fff4f951ffc8e7d2c0b41ecffbdcacfb,2026-07-16,2026-07-23
NJ,PBI MEDICAL CENTER,PASSAIC,,2007-01-28,890,unknown,,0,0,1,https://www.nj.gov/labor/employer-services/warn/,b7a55bbc448ef4806b4f4bd880d93fc6486c18584881d063faf374d6,95ee7442db0f5e92023b840deaa9d1f2f04b1f0e,2026-07-16,2026-07-23
NJ,PCF,HACKENSACK,,2005-01-03,92,unknown,,0,0,1,https://www.nj.gov/labor/employer-services/warn/,2ebdee1ddf6943ea5d3d40e3f993563e7b03109fabfb0fbc5ac1a042,ec12f1c5a2933d6f56dd0c9ab2253f87c1e7b561,2026-07-16,2026-07-23
NJ,"PDI, INC.",SADDLE RIVER,,2006-01-30,39,unknown,,0,0,1,https://www.nj.gov/labor/employer-services/warn/,12bfb678eccb0934c592707bf33ea301932785d77fa4e37ee67e0985,77c9839a2e41d83b1befdf7c7ac2d2315e22b4df,2026-07-16,2026-07-23
NJ,PEARSON EDUCATION,PARSIPPANY,,2007-09-01,54,unknown,,0,0,1,https://www.nj.gov/labor/employer-services/warn/,429b97695fdc292c9cc5609928a92deaf688708a8bc9cb5bb91e563b,3c9062c14eff03e1ba2090047d2b0d5fd2aa8cf6,2026-07-16,2026-07-23
NJ,PENSKE LOGISTICS,EDISON,,2005-01-22,88,unknown,,0,0,1,https://www.nj.gov/labor/employer-services/warn/,80ae1de78ebc6fc8164796f2edf135748fd576b5fa83a19994d11c87,6b7890e16f268f675dbf35be737453e81d510142,2026-07-16,2026-07-23
NJ,PERFORMANCE TRANS.,LINDEN,,2005-02-28,97,unknown,,0,0,1,https://www.nj.gov/labor/employer-services/warn/,e458be7df0889a5b9bde21f0ddf45db3b3f4439d4ac93745fce4ecf4,c36037d054982087c65cdac20c864b5d108d09bf,2026-07-16,2026-07-23
NJ,PERMACEL,NORTH BRUNSWICK,,2004-09-20,149,unknown,,0,0,1,https://www.nj.gov/labor/employer-services/warn/,7c8a2c1a8be174caba91975be639525fb2f5c7c84c650fbe6020b774,a331baf833d9be6e484d91f4a85560c63cbc8697,2026-07-16,2026-07-23
NJ,"PF LABORATORIES, INC.",TOTOWA,,2009-06-30,67,unknown,,0,0,1,https://www.nj.gov/labor/employer-services/warn/,de323bf2ff2778b706596a7934bf8511fcee391e6401ea7431641e36,a34187158d92fe0ef78c3130c63b4213ee428141,2026-07-16,2026-07-23
NJ,PFI,EDISON,,2005-01-15,401,unknown,,0,0,1,https://www.nj.gov/labor/employer-services/warn/,4474750e962c3b69141deaf62364582459e7fe47c95727bde21ffd84,389fc0942c44abcc646e79073ed7f8a42f147a95,2026-07-16,2026-07-23
NJ,PFIZER,PARSIPPANY,,2006-03-20,,unknown,,0,0,1,https://www.nj.gov/labor/employer-services/warn/,04083b3562afc41fb2c30af116ab3bcc189ca26bc6f698324b197c62,41b80940f7b8dfb027d10a4cfc65a36b0ea9cdb0,2026-07-16,2026-07-23
NJ,PFIZER,MONMOUTH JUNCTION,,2010-01-31,400,unknown,,0,0,1,https://www.nj.gov/labor/employer-services/warn/,bfc2ac9a07690e9a5e4cddad272a2db1fd9e4240a803d93df313c7e1,b105de87c54d87c6e8204b97499edb757ec791af,2026-07-16,2026-07-23
NJ,PHARMACOPEIA,CRANBURY,,2008-10-03,64,unknown,,0,0,1,https://www.nj.gov/labor/employer-services/warn/,e4f3e42df1ef06e06275fd38088918ea7f3f229a7e1f53860ecc21a2,3d07b58625fa8721b65cfcf7034bf086d9f5cd14,2026-07-16,2026-07-23
NJ,PHASE ONE MARKETING,GIBBSBORO,,2006-01-30,160,unknown,,0,0,1,https://www.nj.gov/labor/employer-services/warn/,e25e4c16b565b9fbd55a3ca08e7fc520e52c94cdcf7a299cd83f022b,9094e5d37d8e5c164a60d4472ce62fe24f14c005,2026-07-16,2026-07-23
NJ,"PHH Home Loans, LLC",Mt. Laurel,,2018-03-23,78,unknown,,0,0,1,https://www.nj.gov/labor/employer-services/warn/,ce13be58289f0ffb7396656d11fe24d394488fde6e6588962478f3e9,ed9c4e8e471cca4ca02546644e3f093fea14bfc5,2026-07-16,2026-07-23
NJ,PHH Mortgage Corporation,Mount Laurel,,2017-03-13,33,unknown,,0,0,1,https://www.nj.gov/labor/employer-services/warn/,4bd4ab846beb1c2e9259fdcae488c9648f92bdb6e7c2da70f1285cdd,e572c1afa234b01461bc71977cebd52c443f9bac,2026-07-16,2026-07-23
NJ,"PHILADELPHIA MEDIA HOLDINGS, LLC",CHERRY HILL,,2010-07-07,96,unknown,,0,0,1,https://www.nj.gov/labor/employer-services/warn/,b975537ba6020c11a1d49970ac336c04cd4de4f8c5e92a9845707b35,9c2e90e89b6dc773021b0bb3ddd97673f70e5952,2026-07-16,2026-07-23
NJ,PHILIPS ELECTRONICS,LEDGEWOOD,,2008-07-01,50,unknown,,0,0,1,https://www.nj.gov/labor/employer-services/warn/,8f4b87570ef46387d25345b20990db6e7f7af51394a54d950aa54005,033e19faf77ea0db20c57edb8c7ae56af79d3eab,2026-07-16,2026-07-23
NJ,PHV Corp,Bridgewater,,2025-05-01,59,unknown,,0,0,1,https://www.nj.gov/labor/employer-services/warn/,8fc198e3941da9ad4607fc4ab453d683135d651cff4b54706ca54b6d,2f9b8f554148e494c2f58682db61feb27fc1ae58,2026-07-16,2026-07-23
NJ,PHYTON BIOTECH,EAST WINDSOR,,2007-12-31,47,unknown,,0,0,1,https://www.nj.gov/labor/employer-services/warn/,3dca630cc8a8d2f5cf98a87ab958f0eaca17f5fd1ca2b1c5d3091474,eb6aaf2096b0ce57ab0c262174224231a42ef3ec,2026-07-16,2026-07-23
NJ,PIKE MACHINE PRODUCTS,ELIZABETH,,2009-01-31,71,unknown,,0,0,1,https://www.nj.gov/labor/employer-services/warn/,9226bba846c8213e0095ab836eb7b1c24d13f5e955ac37f56b483aae,d32ef984ac6bfa19473b411cdb48e5a7acea3782,2026-07-16,2026-07-23
NJ,"PLVTZ, INC.",ROBBINSVILLE,,2008-01-09,224,unknown,,0,0,1,https://www.nj.gov/labor/employer-services/warn/,79b263548349b81810088404f218e6aa4029d893848aad2b2650a060,b71ca2d66db65299c5a5f71bf362e39197d59d30,2026-07-16,2026-07-23
NJ,PM HOSPITALITY STRATEGIES,EDISON,,2008-06-01,96,unknown,,0,0,1,https://www.nj.gov/labor/employer-services/warn/,9ba0ba7afe2fdeb6b71491c392759c2cd395b2f03d583074c607cd39,6b859de4e5b41eaff1f5e1a3f319ce11ce9807fa,2026-07-16,2026-07-23
NJ,PNC FINANCIAL,BRIDGEWATER,,2004-03-19,131,unknown,,0,0,1,https://www.nj.gov/labor/employer-services/warn/,c9749f4f284632901b7dd9dbf1a6e21ba986353c10d645cd8b2e20f3,84704bbc3d9f16b39300c4906d52b23f4bc2a23e,2026-07-16,2026-07-23
NJ,PNC FINANCIAL,PHILLIPSBURG,,2004-03-19,63,unknown,,0,0,1,https://www.nj.gov/labor/employer-services/warn/,2783e23fa9b8386071f10a72b49108c580854c2257aa8e21a4453c3a,afcb673e1c06e9ec7f4401d538681e98fd445455,2026-07-16,2026-07-23
NJ,POLYMER GROUP,LANDISVILLE,,2008-08-15,82,unknown,,0,0,1,https://www.nj.gov/labor/employer-services/warn/,1a20b2a5f77a53f47a996cd76372e2813e938352fcd1e7849945dc82,50dcdb33afa2f3adf33dbb116e125a7e501f2440,2026-07-16,2026-07-23
NJ,POPULAR CLUB,GARFIELD,,2006-01-30,46,unknown,,0,0,1,https://www.nj.gov/labor/employer-services/warn/,0374b073cdfa8eb9873f8419f63dae90973253fe4f2922d4bf377f7f,95241bc543b4e1acb9fab650a968435d2d9c83af,2026-07-16,2026-07-23
NJ,POPULAR CLUB PLAN,GARFIELD,,2005-01-08,26,unknown,,0,0,1,https://www.nj.gov/labor/employer-services/warn/,e9fca2cf32787dbff90e44797686ad03dac283aa6288761a016c724f,f95b666f27b72445cfba4af1bd0f019e8c10609d,2026-07-16,2026-07-23
NJ,POPULAR FINANCIAL,MARLTON/CHERRY HILL,,2007-01-11,207,unknown,,0,0,1,https://www.nj.gov/labor/employer-services/warn/,fc2aad3e9f9a057f390181c346a12cdfa80e89ee1961fa5280e5a3bb,74bb4d7c1379b8c0320281d1b2365a692cdbfa4f,2026-07-16,2026-07-23
NJ,POPULAR FINANCIAL,MARLTON,,2007-12-07,50,unknown,,0,0,1,https://www.nj.gov/labor/employer-services/warn/,cfe7615932c6fd999ff212900435c8a0de7c0ae6ad1a8bce3fc180a0,be1e710f307f5ac151b877dba71be0483b41d981,2026-07-16,2026-07-23
NJ,POPULAR MORTGAGE,CHERRY HILL,,2008-11-07,167,unknown,,0,0,1,https://www.nj.gov/labor/employer-services/warn/,61c36a4cb62250261c9f5142f2675ed5ccf3bffd21c9d737886736f7,28fbbad1b008cb0725d0bf2f3d4c994eba7d665e,2026-07-16,2026-07-23
NJ,PREMIER DISTRIBUTION SERVICE,NORTH BERGEN,,2009-10-16,96,unknown,,0,0,1,https://www.nj.gov/labor/employer-services/warn/,5faf71cbe41bab8f2cb5c3ca3338aa9b0f67715a345d7a3dfaede6e7,1b4b37da4c69f9aad8171f2de0a6ba2b91d345af,2026-07-16,2026-07-23
NJ,PRESS RELAY,NEWARK,,2009-03-11,101,unknown,,0,0,1,https://www.nj.gov/labor/employer-services/warn/,fb18dfc7156cec749bd54bc23dcfcb478d7fe5eea6953bc15bc5b361,43f7a3ca427814a3e5afec3ed90378bbf5343585,2026-07-16,2026-07-23
NJ,PRESSMAN TOY,NEW BRUNSWICK,,2004-11-30,130,unknown,,0,0,1,https://www.nj.gov/labor/employer-services/warn/,16f26b6beb2e6f0e4e25ad977d047f73735419412f7ddb226ba967e9,410a3c149fbabeedccfb02090a7e4e867139073e,2026-07-16,2026-07-23
NJ,PRINCETON LAUNDRY,PATERSON,,2008-05-31,106,unknown,,0,0,1,https://www.nj.gov/labor/employer-services/warn/,530c03c53d3bc2ecd4287d10b093cb181fbf06b452fd6c74feadcc6f,63472f075bfc330e04851ef87a8cbfa2d82053dd,2026-07-16,2026-07-23
NJ,PROPAK CORPORATION,BARRINGTON,,2009-04-17,59,unknown,,0,0,1,https://www.nj.gov/labor/employer-services/warn/,2a42c78d5ca405cef7e4e6a6c794a77b9d6307ab33f0fd25041eb8e3,3ff14500afab130be436d92deaa214adfb4d051b,2026-07-16,2026-07-23
NJ,PRUDENTIAL FINANCIAL,HOLMDEL,,2005-09-12,48,unknown,,0,0,1,https://www.nj.gov/labor/employer-services/warn/,dfdc04be0c159f8563d4eb72eab668dea511f4fe8d52ae6778ae64ad,c83685cddc9bc91f05ecfeccc129f605a7b45706,2026-07-16,2026-07-23
NJ,PSEG Power,Newark,,2021-09-13,6,unknown,,0,0,1,https://www.nj.gov/labor/employer-services/warn/,6554cf8307e0621527bd92a32488085e054c06bc2f8dd859c5a7341f,1999b7527ca5ad64c942cad17715ab5f73796d53,2026-07-16,2026-07-23
NJ,PT PETROL,NEWARK/PAULSBORO,,2007-05-31,47,unknown,,0,0,1,https://www.nj.gov/labor/employer-services/warn/,35ade22665b116494674f631f34d670b3be320c6bd7a2ed7f559a6e2,2231697118f98cd9e620cb1227b96ce6d95dd5cf,2026-07-16,2026-07-23
NJ,PTC Therapeutics Inc.,Plainfield,,2023-08-21,94,unknown,,0,0,1,https://www.nj.gov/labor/employer-services/warn/,519cacc9c6fe85d98d439589b271407fca7cbca0c96c2a2d398540a3,9af07caec8ef4c94733fa9036bada6e0b82f8747,2026-07-16,2026-07-23
NJ,PTEK HOLDINGS,WAYNE,,2004-07-01,37,unknown,,0,0,1,https://www.nj.gov/labor/employer-services/warn/,1298fd016bcbb150ae7e773ce607ff80696ba576c1fad1799c38ab10,e0066dfcbb192e577a8368d978e45e831c021a48,2026-07-16,2026-07-23
NJ,PUERTO RICAN ACTION BD.,NEW BRUNSWICK,,2004-08-30,50,unknown,,0,0,1,https://www.nj.gov/labor/employer-services/warn/,2e393a10c94c648d07e010434117c443fbc384719447de0c4dba2db7,b5efcf04573e87dbc02db6c7418a237015ede706,2026-07-16,2026-07-23
NJ,PVH Corp.,Bridgewater,,2025-06-27,51,unknown,,0,0,1,https://www.nj.gov/labor/employer-services/warn/,c5c3f10322a669ccac7a91f6c79eb7aa34b20b37fe4e7ac8e9f5aad7,e02d6664a28af8774a0b2ee970e453ef2704e420,2026-07-16,2026-07-23
NJ,Pacon Manufacturing Corporation,Somerset,,2021-07-30,150,unknown,,0,0,1,https://www.nj.gov/labor/employer-services/warn/,cb2376e8404c9637d9e82d79ab279ea2d8765239319b1b824e75004a,c736351d6f378b69c77e60349b1be4dad8bfe479,2026-07-16,2026-07-23
NJ,Pactiv,Kearny,,2012-11-16,79,unknown,,0,0,1,https://www.nj.gov/labor/employer-services/warn/,0989787c8f47635ce2a39bc9fb36f91904e38096177d52a6794fb2af,23fb6e18383cc4aa4267a262e00c02e394e45213,2026-07-16,2026-07-23
NJ,Panera,Fairfield,,2025-09-08,201,unknown,,0,0,1,https://www.nj.gov/labor/employer-services/warn/,df069cfcf02c434db1e76ad17d8790eecaa35ed0fae28548151f6a8a,f2f9428f1eed1a5ab393b5faeced736fc4bde4d5,2026-07-16,2026-07-23
NJ,Paper Source,Summit,,2020-03-29,,unknown,,0,0,1,https://www.nj.gov/labor/employer-services/warn/,d555a59f518f086594db9460807b3c0a243bb3f02f586f0da77779bf,1f382a0af7c2aa4005dac80f29f085e840f294c2,2026-07-16,2026-07-23
NJ,Papetti's Hygrade Egg Products,Elizabeth,,2012-10-12,57,unknown,,0,0,1,https://www.nj.gov/labor/employer-services/warn/,9f67289fa270b9b29088ce26430c47e2bd01b8f234fc2a006c950ec7,2a7019931fe7bdf0dfb3c5be19c3c60e942a105f,2026-07-16,2026-07-23
NJ,"Paramount Medical Group, P.C.",Warren,,2011-09-30,108,unknown,,0,0,1,https://www.nj.gov/labor/employer-services/warn/,38128abdf3d35559f82045de9a211aa9cc61f5238fd3e0991a9fcef0,5b6d693749b17bf373bb1a3f06b1e6d423c202fb,2026-07-16,2026-07-23
NJ,Party Rental Ltd,Teterboro,,2020-03-14,825,unknown,,0,0,1,https://www.nj.gov/labor/employer-services/warn/,dbd3593a80da29435ad8c93d75f0cc57bd79217831d4dda96fefa484,e0f5851aaaa6b027512f21583e2b8901f8004862,2026-07-16,2026-07-23
NJ,Paterson Ecumenical Preschool,Paterson,,2011-06-30,14,unknown,,0,0,1,https://www.nj.gov/labor/employer-services/warn/,c03319bac8fa5342848c73be7b2dabbf5a2b68ea285d241ee25113e9,b9698ddccc7c32432027dd4e55f3e2c4f3c2d626,2026-07-16,2026-07-23
NJ,Pathmark,Lawnside,,2012-05-06,122,unknown,,0,0,1,https://www.nj.gov/labor/employer-services/warn/,b75e99580b2edf672e99dffe65796b8479a22ef7297187a0854dec4f,19b975d997ea85d56c54f95232d4edd04a4b1088,2026-07-16,2026-07-23
NJ,Pathmark,Edgewater Park,,2013-09-06,123,unknown,,0,0,1,https://www.nj.gov/labor/employer-services/warn/,adc2ddd1c2fa10ceb51a14b6c653ee2ef381725e3628e17a8750db74,5812fb160f9f90739388864ef5c4de880b44b8da,2026-07-16,2026-07-23
NJ,Pathmark,Camden,,2013-09-06,109,unknown,,0,0,1,https://www.nj.gov/labor/employer-services/warn/,9e39a3889f20e66f08326bd7af5148543e436857f994b6629e73a329,636541c1624971c9b6751855878fde86e60701aa,2026-07-16,2026-07-23
NJ,Pathmark,Cherry Hill,,2013-09-06,123,unknown,,0,0,1,https://www.nj.gov/labor/employer-services/warn/,061d33a9234c22c3be81170a296fd5233401d7a5679e30e4433d627b,6c229db3a540838c3c3d317623e08efc2c9ec258,2026-07-16,2026-07-23
NJ,Pathmark - Howell,Howell,,2013-10-19,103,unknown,,0,0,1,https://www.nj.gov/labor/employer-services/warn/,07e88795a0eec15cc8a3e72a10b87f8a6f3b9429306af5c9f8196e4d,4e7cf47fc1ca9e29cece3a97f67d69caea3d3959,2026-07-16,2026-07-23
NJ,Pathmark 116,South Plainfield,,2010-10-13,91,unknown,,0,0,1,https://www.nj.gov/labor/employer-services/warn/,fee045cc4a329ca023af77e0522e87a6b960b92fa3f38f98be60a319,bfeedbc379303547e6b6f1a1e29cfccf70ee1be3,2026-07-16,2026-07-23
NJ,Pathmark 125,Belleville,,2010-10-13,97,unknown,,0,0,1,https://www.nj.gov/labor/employer-services/warn/,9fcbc66b66e45659f9321b717ad1b2096b25ee52cca8efc54d150eab,998b1d017c36542d20aadb60af53e626d12ddc82,2026-07-16,2026-07-23
NJ,Pathmark 177,Fort Lee,,2010-10-13,81,unknown,,0,0,1,https://www.nj.gov/labor/employer-services/warn/,d111f69a325e8f0b94477b20dcb98a982cd7632a2517b209fcb8a890,67c931c267d2275faf94e1e601b283ee59f74719,2026-07-16,2026-07-23
NJ,Pathmark 180,North Bergen,,2010-10-13,125,unknown,,0,0,1,https://www.nj.gov/labor/employer-services/warn/,28b39dd8267c4efd8a1c5c690228b0e1d038043b57082b62b4d6beed,f72ce05e6b3117e21cc9e225c04a35e81d9a5ce1,2026-07-16,2026-07-23
NJ,Pathmark 196,Woodland Park,,2010-10-13,121,unknown,,0,0,1,https://www.nj.gov/labor/employer-services/warn/,4125c8196f6de96e6d34738a5a30d469da235da8b3586d020893be23,6e8a9bbe47e1a3f2b2657ebb32a6e156a46516ad,2026-07-16,2026-07-23
NJ,Pathmark 452,Union,,2010-10-13,118,unknown,,0,0,1,https://www.nj.gov/labor/employer-services/warn/,d4dbc29017cf818ec241dd8dcc1891b85f603436323a8449d9dadf76,e47b4661aad0843b78b87d7c70457b089f871f9e,2026-07-16,2026-07-23
NJ,Pathmark 536,North Brunswick,,2010-10-13,108,unknown,,0,0,1,https://www.nj.gov/labor/employer-services/warn/,3298b913db4e844d8413a6e805f72bdbfb0fa7d84f6618ce49072240,72c93e72e271fbfc0aff77416bcb2622d341af42,2026-07-16,2026-07-23
NJ,Pathmark 571,Englishtown,,2010-10-13,108,unknown,,0,0,1,https://www.nj.gov/labor/employer-services/warn/,5f9bfa7e46b83cbe23b230fdb77ccc80bcf94dd5158f7f576e6cb29b,941dc7e0565761c043c26223b57304bd49ce9ea0,2026-07-16,2026-07-23
NJ,Pathmark 595,Millville,,2010-10-13,80,unknown,,0,0,1,https://www.nj.gov/labor/employer-services/warn/,a12709449ae7fe4b7ae68e31d73daa5d2f3ad91b6ee896fb3efb8828,7b1fb25d0b1b6cb2ab9aa1257fc1052a26a774f8,2026-07-16,2026-07-23
NJ,Pathmark 886,East Brunswick,,2010-10-13,81,unknown,,0,0,1,https://www.nj.gov/labor/employer-services/warn/,a95bb38d5b63e54b3b68fc13a9618de80397a0b861ff4f39a8e4b329,dc9237c805a2d386f0828702bbb8dca10c3bf55c,2026-07-16,2026-07-23
NJ,Pathmark STore 440,Hillsborough,,2011-04-15,104,unknown,,0,0,1,https://www.nj.gov/labor/employer-services/warn/,d2b943863b4a4c945db169b6dfb678bbd76ab2ed0b790676dd12d266,3d889616bb78402faba34b794778f66028c37740,2026-07-16,2026-07-23
NJ,Pathmark Store 155,Hackensack,,2011-04-15,104,unknown,,0,0,1,https://www.nj.gov/labor/employer-services/warn/,4131c190e1ba70403c8324295c0aec9672c7fb3b8aa7779f252dd3d1,d5df9a17aa3bf518d68061e7f15727e7e4b0c612,2026-07-16,2026-07-23
NJ,Pathmark Store 281,Livingston,,2011-04-15,77,unknown,,0,0,1,https://www.nj.gov/labor/employer-services/warn/,d912b9067508b41350bd4f4c34fafb3aad386df3390bfad2d964eacb,3bcbf46cf1a9375eb3cc42f3906f94467eb2cc73,2026-07-16,2026-07-23
NJ,Pathmark Store 287,Whippany,,2011-04-15,80,unknown,,0,0,1,https://www.nj.gov/labor/employer-services/warn/,9513670f3c2c4cc9312fbdd7ff558fd633816ba1d2d4022eefffd05d,1661b137535f2a956ac5fe8adf8494404cdef438,2026-07-16,2026-07-23
NJ,Pathmark Store 425,South Plainfield,,2011-04-15,109,unknown,,0,0,1,https://www.nj.gov/labor/employer-services/warn/,dc1f78cf4b8d4143e7b4e614e9730bbfeb6ee2b731160584b28e2041,b2520ece728487b56c63210d66489b008b8d1e30,2026-07-16,2026-07-23
NJ,Pathmark Store 437,Gillette,,2011-04-15,82,unknown,,0,0,1,https://www.nj.gov/labor/employer-services/warn/,bc3f7dfeaab1fa65950da4abf9784d016a88bd41a1d71f04536bd955,ca837dd85f01ffa7c79110ebe373f19a068d32a6,2026-07-16,2026-07-23
NJ,Pathmark Store 539,Deptford,,2011-04-15,100,unknown,,0,0,1,https://www.nj.gov/labor/employer-services/warn/,1036a26a07a8eecaae26117d7ed93cf8d1edf74fed6c8d394e41e703,c32070447372110ca6d6906d79b141e66e9ca9ad,2026-07-16,2026-07-23
NJ,Pathmark Store 577,Middletown,,2011-04-15,93,unknown,,0,0,1,https://www.nj.gov/labor/employer-services/warn/,c76df852f8c4ee4659acabb48c6cb64c2a1fe6a0796788eeddcc2c6d,dfb2968556e8c0d309f26a06818aa56436ea51d7,2026-07-16,2026-07-23
NJ,"Pathmark Stores, Inc and Blair Distributors",Edison,,2015-10-27,168,unknown,,0,0,1,https://www.nj.gov/labor/employer-services/warn/,8b0e89ae3f9ad1b16d71b28c0a797e75cdb78b20362cd57cbaed19b3,d3453961782c89dd678b58a2a0a15dec66a8fa8d,2026-07-16,2026-07-23
NJ,"Paulsboro Refining Company, LLC",Paulsboro,,2020-12-31,250,unknown,,0,0,1,https://www.nj.gov/labor/employer-services/warn/,4874416888f73da99df30ffef0b8f4a9b60ee1b3c4af9604ab93c3b0,468f1edacd1db50552349a12227da0acd595c9af,2026-07-16,2026-07-23
NJ,Pearson,Hoboken,,2022-10-12,107,unknown,,0,0,1,https://www.nj.gov/labor/employer-services/warn/,71fe1650dc1ee7e23cf9e7ac9a629c598ddbfb4c6943e8c2274828e9,31588eeeaacd8949813e568b6adfff888a2dc7b0,2026-07-16,2026-07-23
NJ,Pediatric Day Health Center at Galloway,Galloway,,2013-06-13,25,unknown,,0,0,1,https://www.nj.gov/labor/employer-services/warn/,7040be3408281d28e78722a6b737e0918d7c352edf85cea04ca4c876,f24cafbaddd44c209b12b83d2e034ff00ba507c7,2026-07-16,2026-07-23
NJ,Pediatric Day Health Center at Manchester,Manchester,,2014-02-26,29,unknown,,0,0,1,https://www.nj.gov/labor/employer-services/warn/,ffc515bcbdd09c99411bfc9d3a26f72e8649a48dc7e1c37b1f7e0ae7,2a10ce8660f1adb4e025e477fbe16038255d93e4,2026-07-16,2026-07-23
NJ,Pegasus Home Fashions Inc,Elizabeth,,2023-02-15,42,unknown,,0,0,1,https://www.nj.gov/labor/employer-services/warn/,3f6e824af72394d0365ed6b3af9b7435937d0223a2ab3b05ab3d40c2,c38829242d71f60a9010952c3524b56afb4daf77,2026-07-16,2026-07-23
NJ,"Peloton Interactive, Inc.",Avenel,,2022-05-09,64,unknown,,0,0,1,https://www.nj.gov/labor/employer-services/warn/,6027027933eb8fae2a0097a6f3cb07a8aec22d76488874ff1cdd84a4,6b5cb96d7fdf403d4e1f7ed6a323422ec6718088,2026-07-16,2026-07-23
NJ,"Peloton Interactive, Inc.",Secaucus,,2022-05-09,91,unknown,,0,0,1,https://www.nj.gov/labor/employer-services/warn/,061cd5b575fce6a5dd315ce3d37c61d9d8360b12f68162c71af8f3b4,feecb52cde4ca188e0548bb07ed3a1a92ecd56d5,2026-07-16,2026-07-23
NJ,Pendry Natirar LLC,Peapack,,2020-03-27,122,unknown,,0,0,1,https://www.nj.gov/labor/employer-services/warn/,08d6cb62e9d3c3f798a090181d7ee7e5d947fb34e54e94d9aaef9281,8bdcb38dbb6178bc1c2961a3e474a57d86c23bb5,2026-07-16,2026-07-23
NJ,Performance Food Group Customized Distribution,Westampton,,2020-11-16,59,unknown,,0,0,1,https://www.nj.gov/labor/employer-services/warn/,42f12a40847a8903aa0c02a50a1f19aa1d2c34048ce153fc2353c1d8,cea3422b4541b6b177c89abd0e30c46df6b56b9f,2026-07-16,2026-07-23
NJ,Personal Touch HOme Care,Neptune,,2018-05-18,53,unknown,,0,0,1,https://www.nj.gov/labor/employer-services/warn/,e781c70171beca9c2d404c729497e9d5fa1c4a2aebe38b115b392634,b040f6bedc72c5c9088f97c90d3291bad3ea1a2a,2026-07-16,2026-07-23
NJ,Personal Touch Home Care,Roselle Park,,2018-05-18,100,unknown,,0,0,1,https://www.nj.gov/labor/employer-services/warn/,80bdc9497c01d2cfe9ce20a779b70d965d1a9130caaa284ba509eed2,f39524967cf50070100936c46bf66e696c58a5f4,2026-07-16,2026-07-23
NJ,Personal Touch Home Care of NJ,Union City,,2018-05-18,28,unknown,,0,0,1,https://www.nj.gov/labor/employer-services/warn/,42712469b0bbd0831438884fdb6a403d791a6b2d434607f34a2ddb04,81311a937f52dd6a62d30e0ab33ce5edb3119aaa,2026-07-16,2026-07-23
NJ,"Personal-Touch Home Care of N.J., Inc.",Bloomfield,,2018-05-18,276,unknown,,0,0,1,https://www.nj.gov/labor/employer-services/warn/,508d274b968310cf8cd1d84b5d83eb6ce38182784ab14f0a4c1d3f83,af16c15f086999c4aa76a6721d5d444e9cde54bf,2026-07-16,2026-07-23
NJ,Peserico USA Inc,hackensack,,2020-04-01,2,unknown,,0,0,1,https://www.nj.gov/labor/employer-services/warn/,07045395cab528d6920a0538202cabd48a5c2f09e83361394bb7026d,3f7c06afb48b3b47e21d3ab498483762195d1ff4,2026-07-16,2026-07-23
NJ,Petland Discounts,Newark,,2019-03-19,30,unknown,,0,0,1,https://www.nj.gov/labor/employer-services/warn/,4b2697834b6c30f80e03cf4af65c50f5a7607dc882f7133f9c98b8e2,00db2af79628f8e02bfc38f9096198cb46908adf,2026-07-16,2026-07-23
NJ,Petland Discounts,Westwood,,2019-03-19,30,unknown,,0,0,1,https://www.nj.gov/labor/employer-services/warn/,5aa765c6d313667a7c2f5e578753bf3226cf4ea875e75d3da0c42d8a,02ff78f79854440ae827bad9d4e7ae347407bb97,2026-07-16,2026-07-23
NJ,Petland Discounts,Jersey City,,2019-03-19,30,unknown,,0,0,1,https://www.nj.gov/labor/employer-services/warn/,1f88788a1ea6c35a2e6c32e11679037c2912a56f11fad268f53dc96a,3aac243e9fd60bcb4b3996d8df98891a3ab7f1cd,2026-07-16,2026-07-23
NJ,Petland Discounts,North Bergen,,2019-03-19,30,unknown,,0,0,1,https://www.nj.gov/labor/employer-services/warn/,88031f2eb45522f2bb0ac3bc3c824e5d1d3f0889e001f123ffa2e4f7,5b83fe948fe1a9e1a4617e9f2165bbcff974ebd9,2026-07-16,2026-07-23
NJ,Petland Discounts,Irvington,,2019-03-19,30,unknown,,0,0,1,https://www.nj.gov/labor/employer-services/warn/,945c600582e5ce11032476ab7ba7243594f59d23f723bbfcb98e9989,718c45b98726935394bba5fedb8b53715c84bbbe,2026-07-16,2026-07-23
NJ,Petland Discounts,Elizabeth,,2019-03-19,30,unknown,,0,0,1,https://www.nj.gov/labor/employer-services/warn/,b4209cb49a353dd7c8353923e116f383511fa73ca2f948955806ec54,7205bedaccfc64a09bb0cb04203c185b21d3aeff,2026-07-16,2026-07-23
NJ,Petland Discounts,West New York,,2019-03-19,30,unknown,,0,0,1,https://www.nj.gov/labor/employer-services/warn/,ff4844fa109e7302e3a4de4442d9b6dcb449c60d8bef16f3aaf2105e,9a3428e9dad02059b35d4241776b68c457fc952f,2026-07-16,2026-07-23
NJ,Petland Discounts,Paterson,,2019-03-19,30,unknown,,0,0,1,https://www.nj.gov/labor/employer-services/warn/,220e1e3091295c5077e3e976944f2916d4b130cff9ac1a88ee4a5cd3,b217f77a03f3892307499e95223f2e1b51277298,2026-07-16,2026-07-23
NJ,Petland Discounts,Orange,,2019-03-19,30,unknown,,0,0,1,https://www.nj.gov/labor/employer-services/warn/,cd4063c066ad306844d50ed09f135e4c0f29a1c71462dc395c6d073d,be4325d0672a405158f2ee880de50807e4d25836,2026-07-16,2026-07-23
NJ,Petland Discounts,Bayonne,,2019-03-19,30,unknown,,0,0,1,https://www.nj.gov/labor/employer-services/warn/,0a8ea95bea49814a3c1be438372dad2b9af583c5d9a55f1411c366c2,e3d6847ba6e7ee10100058e116109421343aee61,2026-07-16,2026-07-23
NJ,Petvet Care Centers LLC,Egg Harbor Twp,,2026-10-08,18,unknown,,0,0,1,https://www.nj.gov/labor/employer-services/warn/,2d96626c1489a6833016593e9dff6e91262f86ea8b2f7257d9690051,84031410fa192a64703b026bbf0e3149ee1dca3f,2026-07-23,2026-07-23
NJ,Pfizer Inc,Gladstone,,2024-02-12,195,unknown,,0,0,1,https://www.nj.gov/labor/employer-services/warn/,8cee4605c3d4ce499c0d37018cdb185395f47c87dc4b2e2412582777,f42cd5795a1fcb96deb2a32f7d7ab22c9a72b1bd,2026-07-16,2026-07-23
NJ,PharMEDium Healthcare Corporation,Dayton,,2020-04-20,287,unknown,,0,0,1,https://www.nj.gov/labor/employer-services/warn/,9392cbc9d359a184117fc86e828b739306bc6856ecdeb74485cfa308,185ef4549fdb345674db021dd8b62014ec0f770b,2026-07-16,2026-07-23
NJ,Phelan Hallinan Diamond & Jones,Philadelphia,,2020-03-27,50,unknown,,0,0,1,https://www.nj.gov/labor/employer-services/warn/,e2c699071dceac245e81ba72a4e7a6ae90858a50c982126e78ee38f2,00a60703b1ce7bb65248af8529ae2053c37eb81a,2026-07-16,2026-07-23
NJ,Philips Electronics North America,Union,,2010-09-10,82,unknown,,0,0,1,https://www.nj.gov/labor/employer-services/warn/,2d6104d1087c1ebdd4558d930fefee2dd7d154890679c49230501da2,091a376be019cd1fc96c290de924ee02f2eee1ec,2026-07-16,2026-07-23
NJ,Phoenix Color Corporation,Rockaway,,2012-03-04,47,unknown,,0,0,1,https://www.nj.gov/labor/employer-services/warn/,a778d843dbd6a342b2f1b7fbddcd71936e7ddb0401cc542decdc09d8,2981ef53431eb7b9a5bf8693557c59cb44f942d8,2026-07-16,2026-07-23
NJ,Pictorial Offset Corporation,Carlstadt,,2015-02-06,113,unknown,,0,0,1,https://www.nj.gov/labor/employer-services/warn/,660f1573ef3dfec2b82ad3ddf025ff7749eed2ad2eb7a975c58ca92d,2c34821af3ef4ec4744b5c0de364373b7ce7ff1b,2026-07-16,2026-07-23
NJ,Pioneer Credit Recovery,Burlington,,2026-03-31,180,unknown,,0,0,1,https://www.nj.gov/labor/employer-services/warn/,87efd75bd6438ca24246f6a654066934f59b221f44645be1fa373b9b,0f12c42754b88d97ee60aeea4fc9cc8da6d17b2e,2026-07-16,2026-07-23
NJ,Pitney Bowes,Monroe,,2024-11-07,413,unknown,,0,0,1,https://www.nj.gov/labor/employer-services/warn/,7840400f502dec066625aeaf61e17c8f452169f3e6b4ebab429a681f,4bd5b81e44a0c67097b32d6608edf5accb11a1c6,2026-07-16,2026-07-23
NJ,Planitroi,Denville,,2025-02-11,100,unknown,,0,0,1,https://www.nj.gov/labor/employer-services/warn/,35f5fea15571b30e094e38884205b47ffc9c4d4f75e4f74f20f59070,f06ccfd00bceef619cb55cb5632db1255b5cf72d,2026-07-16,2026-07-23
NJ,"Pliva, Inc.",East Hanover,,2009-04-27,120,unknown,,0,0,1,https://www.nj.gov/labor/employer-services/warn/,7d7e561d983061959173b0eda84f182ece66ea4813ce6494b895cdb8,c35ad56c44ee5c6dfc7ed266bd8e46caf9f9031f,2026-07-16,2026-07-23
NJ,"Pochet of America, Inc.",Wayne,,2017-06-30,30,unknown,,0,0,1,https://www.nj.gov/labor/employer-services/warn/,ced50c1088af8a3a2971070f3752a2612ddcf4f5f1c00cf5f6947bce,9c671a22bc1e6419e56b588d95b4ee820dc76fe4,2026-07-16,2026-07-23
NJ,Popular Bank - Hoboken,Hoboken,,2021-02-01,14,unknown,,0,0,1,https://www.nj.gov/labor/employer-services/warn/,ec769213f6ffdc86394ab6bada12a707ac836e446b7ea312ab4feb04,1a2dde49032f84d39cf40b9e90088d486371b658,2026-07-16,2026-07-23
NJ,Popular Bank - North Bergen,North Bergen,,2021-02-01,14,unknown,,0,0,1,https://www.nj.gov/labor/employer-services/warn/,a9fb9b4d4e234bd625f49365d2122472451d7837fc329aa51bcefc11,9c44344e6712144128e37a727a8495413866a9ba,2026-07-16,2026-07-23
NJ,Port Carteret Drive Logistics LLC,Carteret,,2015-07-12,81,unknown,,0,0,1,https://www.nj.gov/labor/employer-services/warn/,e6a1be758270a328f85a5e189d482bea71d0bc2f969e30e452f769e6,08574cc8f184b97f50200c57e2f54814425854e2,2026-07-16,2026-07-23
NJ,Port Jersey Transportation,Monroe,,2011-12-30,6,unknown,,0,0,1,https://www.nj.gov/labor/employer-services/warn/,a9b9e3a433ccc0ea18ac794757cdf7153ae0d95841600929b8dbef1e,6b89523a72417ea250da7f33f576ee372a09f885,2026-07-16,2026-07-23
NJ,Post Foods,Parsippany,,2015-09-30,48,unknown,,0,0,1,https://www.nj.gov/labor/employer-services/warn/,971416afe267c669904c59e0f9ce1d2de8dca53bfa070b07c39c1042,28be478cd77ce8bf51166c7972261c3d24924bd2,2026-07-16,2026-07-23
NJ,Power Wellness Management LLC as manager for the Virtua Fitness Canter-Moorestown,Lombard,,2020-08-26,120,unknown,,0,0,1,https://www.nj.gov/labor/employer-services/warn/,990bd93c5622b111f6e261fbed8641b71900fc3d1c6a95b254ac4946,34100a05ee2368bb40889fc05824f61df6ede278,2026-07-16,2026-07-23
NJ,"Pratt Retail Specialties, LLC",Dayton,,2021-09-30,76,unknown,,0,0,1,https://www.nj.gov/labor/employer-services/warn/,5ad66ad90a038b17b0e177a06fdd228c91874b78bc851d997774ad6a,c11f865ee1197dfcde033a64cef0867a19af15ff,2026-07-16,2026-07-23
NJ,Precision Motor Transport Group LLC,Jersey City,,2016-06-30,69,unknown,,0,0,1,https://www.nj.gov/labor/employer-services/warn/,d3aca9b0bcb35490fe069f0c8726215778204eec3417e6a4fa859cd5,1256a03928d454c9ca07bbb3b5b9052c229e3428,2026-07-16,2026-07-23
NJ,"Preferred Display, Inc.",Clifton,,2018-08-30,75,unknown,,0,0,1,https://www.nj.gov/labor/employer-services/warn/,c658d23bb8811f068740005ec3b2c1f51739b55ca0479b87fbaa059e,da8d43e45134d258dc66215d444c9df85b7b99dd,2026-07-16,2026-07-23
NJ,Premier Glass USA LLC,Williamstown,,2023-09-29,48,unknown,,0,0,1,https://www.nj.gov/labor/employer-services/warn/,5b1f768d80a7bc887e2b6585303b1fcf1116e2ccd6a101839fcc8411,5f49951f6a0d70ba67093806bf3ab32c14e69fff,2026-07-16,2026-07-23
NJ,President Container Group,Moonachie,,2010-10-01,234,unknown,,0,0,1,https://www.nj.gov/labor/employer-services/warn/,c4da5a5cb5127347b774a469d97aa27d7a8ed728973c5b49de525aa7,b5fa16675cac271e7ed7a4091ceb9ee3a8658769,2026-07-16,2026-07-23
NJ,"Prestige Maintenance USA, LP",Plano,,2020-03-19,49,unknown,,0,0,1,https://www.nj.gov/labor/employer-services/warn/,2e974689e4585ea4b7d0b1de0a231de6a55b587163628f2e5a0b16c3,d94778f08d5a8ed4d3c7625ea7bc19d4c4ce59b5,2026-07-16,2026-07-23
NJ,Prime EFS LLC,Bellmawr,,2020-10-03,115,unknown,,0,0,1,https://www.nj.gov/labor/employer-services/warn/,43a14dce28c8014cf7435a0ef6f9be72a28cb3cdc961c8061178dc54,6581b69d860c203a088230db551aa879122ef198,2026-07-16,2026-07-23
NJ,Prime EFS LLC,Elizabeth,,2020-10-03,96,unknown,,0,0,1,https://www.nj.gov/labor/employer-services/warn/,15f90e63561e806a391ba004e7343224b97c947640f9faa741cc3ae6,a67548b31a5899e6942b01cadc2c3872de4c5c2e,2026-07-16,2026-07-23
NJ,Prime EFS LLC,Monachie,,2020-10-03,63,unknown,,0,0,1,https://www.nj.gov/labor/employer-services/warn/,bb4076507f22e0cffff7d7db506b8e1b27220b0cdde7a9cf05de1d2f,ce35dc5b8a398a7250d8ea0c6eb0763ceab1e81d,2026-07-16,2026-07-23
NJ,"Prime Flight Aviation Services, Inc.",Newark,,2019-10-08,735,unknown,,0,0,1,https://www.nj.gov/labor/employer-services/warn/,c5b8777473968a42967797193744aba714bb3062da6f82e9a301ad64,beff03a7c1b8db1903864dffa37d940ac3214394,2026-07-16,2026-07-23
NJ,Princeton Healthcare System,Princeton,,2010-10-01,148,unknown,,0,0,1,https://www.nj.gov/labor/employer-services/warn/,c52b8f44e7a0db357a9f557a96c65a2f5c93a9520a91a63dc17a7902,ad56ba9d634788c0ba75f7b3d3b1991541273ba9,2026-07-16,2026-07-23
NJ,PrintBuyer LLC dba Zoo Printing,West Deptford,,2017-03-31,65,unknown,,0,0,1,https://www.nj.gov/labor/employer-services/warn/,ec9e2045f0c7fc1155e07adc287ac9a34d4fc1381d7f29c063a6ca42,4e86e0a58087dcd91363d6c6605d2d12fca9f943,2026-07-16,2026-07-23
NJ,"Prospect Airport Services, Inc.",Des Plaines,,2020-03-24,255,unknown,,0,0,1,https://www.nj.gov/labor/employer-services/warn/,64509962f8b98dbc11aa6bac7d7a9f7b9abf4c707950bbc75901be6b,b23399fbcceee80601bcf1aa466441c362bdbf82,2026-07-16,2026-07-23
NJ,Prudential,Newark,,2026-05-07,54,unknown,,0,0,1,https://www.nj.gov/labor/employer-services/warn/,d6720d9729c44ccb8957a0ae9a2a0e51bdeda1922d4507109797ba84,93845531b2d280c005eca039433cfd325f738fc8,2026-07-16,2026-07-23
NJ,Prudential Financial Inc.,Newark,,2024-04-15,145,unknown,,0,0,1,https://www.nj.gov/labor/employer-services/warn/,0cb6d554c2d66c22e0681b2632cf6ea2232e392ca4928e7e3ab9bad3,18e69577c3794a6646960c7712a31a1a7e5fcd2a,2026-07-16,2026-07-23
NJ,Prudential Insurance Company of America,Newark,,2026-07-17,53,unknown,,0,0,1,https://www.nj.gov/labor/employer-services/warn/,c6fee8b9ab29521cbe1bf75130499a2831c8452a16ce64d1140f1202,6532f1a3c07f7e2380425710666e6fbca41050bb,2026-07-16,2026-07-23
NJ,"Publishers Circulation Fulfillment, Inc.",Perth Amboy,,2021-08-28,148,unknown,,0,0,1,https://www.nj.gov/labor/employer-services/warn/,1e8ef300e7c404cbe8da244d7fb7762e6382961d39267dd4dde16ac9,dfddc995c896ecc9a511c163e43947f97662484d,2026-07-16,2026-07-23
NJ,"Publishers Circulation Fulfillment, Inc.",Rockleigh,,2012-06-15,80,unknown,,0,0,1,https://www.nj.gov/labor/employer-services/warn/,80f597369cb2e5a9055714241467b628a1cd311fcc966befa5abb625,fc0306a9674879b3d2b4451176366c21533cf4d7,2026-07-16,2026-07-23
NJ,Purdue Pharma,Cranbury,,2014-08-22,59,unknown,,0,0,1,https://www.nj.gov/labor/employer-services/warn/,d7a0715ac9a87ab7f88fafc3ea00c66ce7d7276fbf6b27489a6ae3eb,2de17dc614c797a9cd5e2fe60af362458e661d44,2026-07-16,2026-07-23
NJ,QUALEX,FAIR LAWN,,2004-08-29,230,unknown,,0,0,1,https://www.nj.gov/labor/employer-services/warn/,b0336225fe5377883a4585e8a61ac93a2b03d7d5ce814c5ddd8df1d4,271b1224c60973b348139867c5d7991e1c7e8cee,2026-07-16,2026-07-23
NJ,QVR International LLC,Edison,,2020-01-17,2,unknown,,0,0,1,https://www.nj.gov/labor/employer-services/warn/,1bc26ccb9f4771c8e7580610b6400d91fa8a75719b88220af87c7e34,90d3d4cd0e1a5ff69ec5f2da4d06612e293e2edb,2026-07-16,2026-07-23
NJ,"Qualcomm Atheros, Inc.",Red Bank,,2016-09-23,76,unknown,,0,0,1,https://www.nj.gov/labor/employer-services/warn/,10e056716e5d4fc478338d2bb98654b77cfcdec578289067900774fa,eeaa88eaea2dd570276fe00f7ba30ddc356fcb12,2026-07-16,2026-07-23
NJ,Qualcomm Inc.,Bridgewater,,2024-01-11,91,unknown,,0,0,1,https://www.nj.gov/labor/employer-services/warn/,122c36361cf5c55a4f156f2e3540c0900c163bf196e70a0e347918cd,02ed1197575bbd545e7f836f4b3c0a649ca63380,2026-07-16,2026-07-23
NJ,Qualfon - Brian Unlimited Distribution Co.,Robinsville,,2024-11-15,44,unknown,,0,0,1,https://www.nj.gov/labor/employer-services/warn/,66dc5e3cdb10f284f992cac908cc1751d6c85ac8fc979428539a61af,89d16aad1e5210db86720080529a7bcf124e1c76,2026-07-16,2026-07-23
NJ,"Quality Care Associates, LLC",Jersey City,,2020-01-13,159,unknown,,0,0,1,https://www.nj.gov/labor/employer-services/warn/,37987b75fa1a131f67c41dec026aae7d1c29a357750f07b3ebad9443,cb39cb01798cb881e552f2b5287533aa5cf638f9,2026-07-16,2026-07-23
NJ,Quality Packaging Specialist International LLC,Moonachie,,2012-07-31,160,unknown,,0,0,1,https://www.nj.gov/labor/employer-services/warn/,54cceafaf0bc3741e7750909137f90719b996324271d4465cbf37f66,40198759438d8bb843fe148cbd5a28ce60c5fa51,2026-07-16,2026-07-23
NJ,Quidsi,Jersey City,,2017-06-02,263,unknown,,0,0,1,https://www.nj.gov/labor/employer-services/warn/,f48721b03c09d78178e9b3ea7f7dcd97277db22bcba5bba6cfe1e660,5248ccd07f6b9a0515113959bfc09f64532e7896,2026-07-16,2026-07-23
NJ,"Quixote Studios, LLC",Carlstadt,,2020-03-20,3,unknown,,0,0,1,https://www.nj.gov/labor/employer-services/warn/,cecaf848c8c2245765cde01e5dc74040992840515c6ac9a8c73e5b5f,3d163bbd531cce3d92b0bb989ced82332acf392c,2026-07-16,2026-07-23
NJ,R&R AUTO GROUP,Pitman,,2020-03-18,2,unknown,,0,0,1,https://www.nj.gov/labor/employer-services/warn/,95792e62278a564598437405ddc0072422a62eabab0d9eab8a32a3ec,12464932356899d10d81242ed1693afb35d33d26,2026-07-16,2026-07-23
NJ,R.A.B. FOOD GROUP,JERSEY CITY,,2007-01-26,96,unknown,,0,0,1,https://www.nj.gov/labor/employer-services/warn/,ae561d8cbbe1f0f481146a94258b467c16cb42e10f9aa60312f1925a,6f5fe49ceeabecefd9d5658da17bd1ed6de38cfc,2026-07-16,2026-07-23
NJ,RAB Lighting,Northvale,,2018-03-09,121,unknown,,0,0,1,https://www.nj.gov/labor/employer-services/warn/,602cf0322fe5ef82df1f2039945d2cd55d84f706481881dbec5043b0,3145c61fc77cb58b1e9cda238f939d0f84173f83,2026-07-16,2026-07-23
NJ,"RAFAELLA APPAREL GROUP, INC",BAYONNE,,2010-08-16,66,unknown,,0,0,1,https://www.nj.gov/labor/employer-services/warn/,fee7095fad8ac3b2bc73e663e2c2935d30632eff4922cf3453ddd49b,86819b4b3e009def17bc1766e0874566a068d994,2026-07-16,2026-07-23
NJ,RB Health,Parsippany,,2026-03-02,14,unknown,,0,0,1,https://www.nj.gov/labor/employer-services/warn/,90f8603519b80f4f899509a96a08f65ccb388a95ca42120278303638,a9e7929b0479e000aaa958199006b88b38db3ecd,2026-07-16,2026-07-23
NJ,RCHP (Reformed Church of Highland Park Affordable Housing Corporation),Highland Park,,2025-02-10,195,unknown,,0,0,1,https://www.nj.gov/labor/employer-services/warn/,27e305981bc946fdef9af909dbf70e26580e2a5440f1f499d06bb13e,2507c862071621cacb16c73c10a1bf5b75bdb861,2026-07-16,2026-07-23
NJ,RCN TELECOM SERVICES,PRINCETON,,2006-01-13,115,unknown,,0,0,1,https://www.nj.gov/labor/employer-services/warn/,11d42228e1c2eba07872430aeb42bc61a108a4303ddc9e7c3cf00ec3,04bfe732ea56fb405d04a94f01594013aab89ee3,2026-07-16,2026-07-23
NJ,RDSL Urban NY LLC,Carlstadt,,2017-11-14,8,unknown,,0,0,1,https://www.nj.gov/labor/employer-services/warn/,7c54c59b8527a0e445dfd9736df08b1ee9a71dffc04d95ee0ea68a65,3bae77ceef87e6d199bbf5f1cffdd3f4a72b18d7,2026-07-16,2026-07-23
NJ,"RED & TAN CHARTER, INC.",ELIZABETH,,2010-03-31,45,unknown,,0,0,1,https://www.nj.gov/labor/employer-services/warn/,fcec76edff329cfe4f2c38dfc720f0192c4d1e86caf0f79c516cb818,af11eec5cf4e663bc4196dccb0c83d97af18c950,2026-07-16,2026-07-23
NJ,RELIANT PHARMACEUTICALS,LIBERTY CORNER,,2008-03-31,159,unknown,,0,0,1,https://www.nj.gov/labor/employer-services/warn/,eb06fc05cdcc910a2926335f50fc0ee70c2c2a0d1fcb9f2f7de7e654,76648d1f4a75e1ea0d099962bce48e88a657f36d,2026-07-16,2026-07-23
NJ,REVLON,IRVINGTON,,2007-06-15,118,unknown,,0,0,1,https://www.nj.gov/labor/employer-services/warn/,77f0c6d0d910bb07ad8d3eb1e382333d86f8cd5e0ce1217116d0c863,18896afa6a4b54d4266aa5578637bd3e7677ea13,2026-07-16,2026-07-23
NJ,RHODIA,DEEPWATER,,2006-03-31,68,unknown,,0,0,1,https://www.nj.gov/labor/employer-services/warn/,5aeac1cceb5bfee8254ef6f6e721b8c2ce7fc766e2e25051505e8114,82c5d39fd4a229e6194615d4c5579471dea232a8,2026-07-16,2026-07-23
NJ,RIVERIA TRADING,SECAUCUS,,2004-07-02,60,unknown,,0,0,1,https://www.nj.gov/labor/employer-services/warn/,29ebc640d4a9217fd12aecb52e3f63f546e50e9be74d1e3709d8feaa,dd8cb1cb372ccd0e35e3af198963296385050017,2026-07-16,2026-07-23
NJ,ROCKAWAY BEDDING,RANDOLPH,,2007-08-21,72,unknown,,0,0,1,https://www.nj.gov/labor/employer-services/warn/,b01581c31984e141fa93a40626911b9f98831be4c2108457c737a282,38bfa48d3d6b0357db7f996783f678328f82645d,2026-07-16,2026-07-23
NJ,ROSE ART INDUSTRIES,WOOD RIDGE,,2006-05-12,57,unknown,,0,0,1,https://www.nj.gov/labor/employer-services/warn/,cc77eafd4f78d375a3bd717200b63392965330a84c911086ce61a0e0,84c76928db02237ccc8dad2ab1a324bfa97db7b5,2026-07-16,2026-07-23
NJ,RR Donnelly & Sons,Caldwell,,2024-09-06,201,unknown,,0,0,1,https://www.nj.gov/labor/employer-services/warn/,dd6476fb95ff23b949ebdc65052d2e034c387b9f69a2653ce528b8d7,06500902e8c97cb1f39e08976c490f1a4c92ebea,2026-07-16,2026-07-23
NJ,RUGGIERO SEA FOOD,NEWARK,,2006-01-26,111,unknown,,0,0,1,https://www.nj.gov/labor/employer-services/warn/,f2cd75bb8f20d7265e5f2e96baad58460d94ced45419b16c564a0c6b,021a5cb927dfc7fee215ee2e650e734f077b14dd,2026-07-16,2026-07-23
NJ,RUTHERFORD MACHINERY,E. RUTHERFORD,,2005-03-04,86,unknown,,0,0,1,https://www.nj.gov/labor/employer-services/warn/,32fc925b61048c7d548aae0aae0018c9daee7ba9a70cf89a9f55ca22,ac10d438784a4cccc04108cd126df1e953fa7430,2026-07-16,2026-07-23
NJ,RWJ Barnabas Health,West Orange,,2024-03-31,79,unknown,,0,0,1,https://www.nj.gov/labor/employer-services/warn/,3a2ad07cdf64e6ce8ac67f3230745ecd711727323f62968d1b32a6ab,97ecae3235c13e5fbd86e7a48f0b10902eeef47e,2026-07-16,2026-07-23
NJ,Rab Lighting,,,2021-09-10,1,unknown,,0,0,1,https://www.nj.gov/labor/employer-services/warn/,280873f35d4ae653a8aa1d5c7550de4a2044d16cf29d4b0e7891b3f7,6d20987a4d9a1d3dcff079ef33ec53eee3eef5bd,2026-07-16,2026-07-23
NJ,Ralph Lauren Corporation,Nutley,,2021-01-01,54,unknown,,0,0,1,https://www.nj.gov/labor/employer-services/warn/,b8e554e8d0dbe85ec7724fa9a39d18b962c0f6db69b2a212d3b5031c,a045120918e1792978b0db904ed9dbd909216f09,2026-07-16,2026-07-23
NJ,Ranstad US,Secaucus,,2025-08-12,236,unknown,,0,0,1,https://www.nj.gov/labor/employer-services/warn/,8548a7692c425f8cf84ac8ab1944cc6bb36c084b492b69c4bf32a31d,27441de7566e60e67e671865748f8e8a1663ab09,2026-07-16,2026-07-23
NJ,"Raymours Furniture Company, Inc., d/b/a Raymour & Flanigan",Liverpool,,2012-11-15,91,unknown,,0,0,1,https://www.nj.gov/labor/employer-services/warn/,84acb3235c8af191c275cb745b0be323490eac095e9e199f5af8afb5,84fcd2486248cfed27079dadd1e436dcbcceeef6,2026-07-16,2026-07-23
NJ,Readington Farms,Whitehouse Station,,2022-02-23,203,unknown,,0,0,1,https://www.nj.gov/labor/employer-services/warn/,55182e5c1eae31a42aaa5cf5d5d8a540b2c02f8fe37877ab5c2c74fc,1c4c381b26f616626c5443c6732785f35360e00e,2026-07-16,2026-07-23
NJ,Reckitt Benckiser,Parsippany,,2026-03-02,62,unknown,,0,0,1,https://www.nj.gov/labor/employer-services/warn/,0c4c67bceca0b34a3cd370b920dda3388a9d545da3ca3b812c27f062,2b95a93bdef6f842b34471613840f93eae350d83,2026-07-16,2026-07-23
NJ,Reckitt Benckiser LLC,Nutley,,2026-03-02,57,unknown,,0,0,1,https://www.nj.gov/labor/employer-services/warn/,c3467385ce5fdd2c0771326218a1120f52383b37aff2f7dcb9238007,f2daeb16d62a70c4238ed8db56dd344435309e0d,2026-07-16,2026-07-23
NJ,"Reckitt Benckiser, Mead Johnson, and RB Health,",Parsippany,,2024-06-17,100,unknown,,0,0,1,https://www.nj.gov/labor/employer-services/warn/,ade5eddf6c67815dc9bf678944433d34489d1aabe6978bf4ad5ee135,dca4126ba3a48341dba25a54beea644bd0103e78,2026-07-16,2026-07-23
NJ,Red Bank Acquisition 1 LLC DBA Chapin Hill @ Red Bank,Red Bank,,2015-08-01,,unknown,,0,0,1,https://www.nj.gov/labor/employer-services/warn/,ad8a6b40edc663d0a6a2895c4d9f658fad7fd6c17031d8d6cc531d0d,56f53ebefa79801a625c8cf2d1e84ca22afabccc,2026-07-16,2026-07-23
NJ,Red Lobster Co,Ledgewood,,2024-05-13,60,unknown,,0,0,1,https://www.nj.gov/labor/employer-services/warn/,fa2bc10c31d63699994720009a8d4f2812b4315a9194ac76510f9d93,5a4b7cc9a901f7557a288db342285bfdb10459ca,2026-07-16,2026-07-23
NJ,Regal Logistics,Middlesex,,2024-05-30,157,unknown,,0,0,1,https://www.nj.gov/labor/employer-services/warn/,40598bb809270a84682395b557315edaf8cb47ee01d18e7f8a3f28e2,23a5f18fe2d2d3b956c67a0acc57f1e33b9219cb,2026-07-16,2026-07-23
NJ,Registrar & Transfer Company,Cranford,,2014-12-31,171,unknown,,0,0,1,https://www.nj.gov/labor/employer-services/warn/,3cb61a267553b7086828ca671c8c2a75415706f185ab33303623cd40,5c3e3ed1d2dc706b478aaeeaec378ea0e324a973,2026-07-16,2026-07-23
NJ,"Reiss Manufacturing, Inc.",Englishtown,,2016-03-21,125,unknown,,0,0,1,https://www.nj.gov/labor/employer-services/warn/,4e7dab6eff280c470527e991a4dc39f87be3c1cbcee8a4002ef4ca4f,3338a56b29bd4c6f5a9f32e682346e3c55f75561,2026-07-16,2026-07-23
NJ,Remarkable Foods Hospitality LLC,West Orange,,2023-07-11,70,unknown,,0,0,1,https://www.nj.gov/labor/employer-services/warn/,de8b8c31afb52dfba264cffeb0792a58b4bcd0e99cf78baa2740954c,9806d39dbaae43ff575fbc457da68f3c2687b0ea,2026-07-16,2026-07-23
NJ,"Resorts International Hotel, Inc",Atlantic City,,2010-12-01,2022,unknown,,0,0,1,https://www.nj.gov/labor/employer-services/warn/,6fcac15593337c6c37051d68fa44df389d266bab9a6a918eee5a637e,18b41b11bfb3d333c6ce7cc1c84f2c88d0e046eb,2026-07-16,2026-07-23
NJ,Restaurant Associates,East Rutherford,,2018-07-31,73,unknown,,0,0,1,https://www.nj.gov/labor/employer-services/warn/,2509740f02c28ffc6393431a66be4735507f99a014d15f9a385ae375,87a985a3b4d03fa9895428b82e38bd86c17c16f1,2026-07-16,2026-07-23
NJ,"Retail Logistics, LLC",Wayne,,2017-06-19,68,unknown,,0,0,1,https://www.nj.gov/labor/employer-services/warn/,75ae3c015fe249553de71e4b9d523c0d74c95cfc68e72ced2851d7e3,4e299a887cb3da790b27104739e66d4a6a06e681,2026-07-16,2026-07-23
NJ,RevIgnition,Temecula,,2020-04-01,1,unknown,,0,0,1,https://www.nj.gov/labor/employer-services/warn/,c91839ee8197cc392f561489752b2f399e5ea992f7e124700da47be3,067135314b2112a6b4a84f4bbf675f0ec339180f,2026-07-16,2026-07-23
NJ,"Revel Entertainment Group, LLC",Atlantic City,,2014-08-18,3286,unknown,,0,0,1,https://www.nj.gov/labor/employer-services/warn/,d90ead27ad253c7c1056a261eaf1b86b17d5e7eab2e118ec19433750,ab023f4fd9547a826f2f5826822798498ba96630,2026-07-16,2026-07-23
NJ,Reverse Mortgage Funding LLC,Bloomfield,,2022-11-29,65,unknown,,0,0,1,https://www.nj.gov/labor/employer-services/warn/,7f97815eb99f11b3b7f818ab243a5c7ddf0547f3159ae017f65d68ac,44626983c897a933441a1c935e1515f76b3df64f,2026-07-16,2026-07-23
NJ,Rich Products Corporation,Buffalo,,2014-03-10,238,unknown,,0,0,1,https://www.nj.gov/labor/employer-services/warn/,a14144421195321c9c4142ee1e23d54bdf356da56fc6b94edd30c171,db20ec4773e52bcc4eccd9ab33b5f34296c49564,2026-07-16,2026-07-23
NJ,"Ricoh USA, Inc.",West Caldwell,,2017-06-02,77,unknown,,0,0,1,https://www.nj.gov/labor/employer-services/warn/,7bbc19a7c8d081d29bd923759ba3603738649462b81c4480b2bead9f,8094b8bcb7980cd3b92bf2dd67050a33ef7dcd25,2026-07-16,2026-07-23
NJ,Rite Aid,"Company Location: Philadelphia, PA Affected Employees: Throughout NJ",,2025-06-04,1122,unknown,,0,0,1,https://www.nj.gov/labor/employer-services/warn/,1f7fbcd28bbad9cb99636f892bc5dce1091e30e6d0299e736fcfca5e,0d1d8317c748026ae8a20ac3fb46fa56797b7544,2026-07-16,2026-07-23
NJ,Roadway Express,E. Brunswick,,2009-03-01,72,unknown,,0,0,1,https://www.nj.gov/labor/employer-services/warn/,47f47959fbb6d1bb7098f9fcbd4b7b0faeae00108e8ac0e588989d15,13f92d77e8d0b96d2abd8fc62b56375ca35ebce7,2026-07-16,2026-07-23
NJ,Robert Wood Johnson Hospital,Hamilton,,2014-12-31,87,unknown,,0,0,1,https://www.nj.gov/labor/employer-services/warn/,a7fb16957a204f3dd8400d4b64486ace325c24cf59a40f00eaa63bfd,c53b0e091466bae96bc646d65c255d2de6a4bb56,2026-07-16,2026-07-23
NJ,Roche Molecular Systems Inc,Branchburg,,2023-07-25,165,unknown,,0,0,1,https://www.nj.gov/labor/employer-services/warn/,ed8a67a9e17b28d10edffa1bf4940cef782b921072f916a96910a0f5,74e8fc69f689286be1a3a02ed1fccbd952c400ca,2026-07-16,2026-07-23
NJ,Rocket Pharmaceuticals,Cranbury,,2025-10-23,80,unknown,,0,0,1,https://www.nj.gov/labor/employer-services/warn/,c40d4e34cf47d5b9a97f73a786334ac1c64a44c42b5f101dba8a0df5,833000944c2bbac7407e77895ba19e57c0d9e8f4,2026-07-16,2026-07-23
NJ,Roma Bank,Robbinsville,,2013-05-31,57,unknown,,0,0,1,https://www.nj.gov/labor/employer-services/warn/,474ebda78e70855746cd24b85e2b33be1ffa692455dec29594183f3b,2c27ec637ee135c5b1239dae655678809cf7583d,2026-07-16,2026-07-23
NJ,Roselle Paper Company,Roselle,,2014-11-29,162,unknown,,0,0,1,https://www.nj.gov/labor/employer-services/warn/,87233e1fea305dc8add76bf8ec32b2ac692c7c00a885d7324e070134,3020503b6a1896521f19db764b8a2af157da1113,2026-07-16,2026-07-23
NJ,Royal Ingredients LLC,Swedesboro,,2016-05-20,80,unknown,,0,0,1,https://www.nj.gov/labor/employer-services/warn/,64a0f5b03dc376738cfbef34b6c5bb536febf994d7cf18e6ae643063,4d02a1aca6a1d3d4cc9296ee2493b5bddf5a5621,2026-07-16,2026-07-23
NJ,Ryder,Avenel,,2019-08-02,44,unknown,,0,0,1,https://www.nj.gov/labor/employer-services/warn/,93a15bd1c82deb2bfcbae94e987515a573e42be056e4cd2843e56dc0,70659ff5b81af31a6dbf232b96b302a9d83d9cc4,2026-07-16,2026-07-23
NJ,Ryder Integrated Logistics,Ledgewood,,2009-04-03,100,unknown,,0,0,1,https://www.nj.gov/labor/employer-services/warn/,49e511b2e234074e50ccd273dd9caef8d2fecf1a5cfd8b04cbb5795c,d1818789717666362412afc8f265fa64dc4fc020,2026-07-16,2026-07-23
NJ,S&S Activewear,Robbinsville,,2024-12-01,154,unknown,,0,0,1,https://www.nj.gov/labor/employer-services/warn/,996bc3134681f49aa061e0845a742b9f2c49da60d43233845fe3cc5c,1fd80524774e13dd5c80787a18a7ad488f8ca4ab,2026-07-16,2026-07-23
NJ,S.S. White Technologies,Piscataway,,2017-10-15,126,unknown,,0,0,1,https://www.nj.gov/labor/employer-services/warn/,066f6d2b564ea2515bcfbf1066b784b64dd5afe4512655c0f331d6db,32534e191e0f986e107b4db1fdad9cb50a0708b2,2026-07-16,2026-07-23
NJ,SAIC,PISCATAWAY,,2005-01-18,64,unknown,,0,0,1,https://www.nj.gov/labor/employer-services/warn/,a6547316d25cdf63e8dba30efbeeed0ae8e5ba790241cfbc65730c01,3add74c33bca847c1fd0600a9ac0e8e63f861871,2026-07-16,2026-07-23
NJ,SAINT JAMES HOSPITAL,NEWARK,,2008-03-15,541,unknown,,0,0,1,https://www.nj.gov/labor/employer-services/warn/,db824bd6c96a78aab2e151b9b42cbfd21892365cf959645decbc7a6c,e935caf4e86fb610a0702815e65458ebcf7eee63,2026-07-16,2026-07-23
NJ,SAINT-GOBAIN CONTAINERS,CARTERET,,2005-12-10,200,unknown,,0,0,1,https://www.nj.gov/labor/employer-services/warn/,df76f7ba68afd88afb6e181e5b92c63113a5d847207ce3cf367a526a,7a8aba696be2c75de7e801a14295d76a2ef0cd55,2026-07-16,2026-07-23
NJ,"SAKS, INC.",LAWRENCEVILLE,,2007-01-30,47,unknown,,0,0,1,https://www.nj.gov/labor/employer-services/warn/,1220e1a03f5e63ecabc76210a962602de7158d896ce2fb27778c8fa7,30b5e5b0774780c951652ed1aa9470e4b2023981,2026-07-16,2026-07-23
NJ,SALLIE MAE,MT. LAUREL,,2008-07-01,163,unknown,,0,0,1,https://www.nj.gov/labor/employer-services/warn/,fc3f13ee7c03a0de9fe4a25055721d6d8d866cd55ebcc485866266cb,8a21740ccd7fe864b98730fd4dcc70dcb4a5098d,2026-07-16,2026-07-23
NJ,SANDOZ,DAYTON,,2006-01-30,66,unknown,,0,0,1,https://www.nj.gov/labor/employer-services/warn/,376b16b0d775f2495001a24458709e8ea0b24cbe01ae48a14cc012d2,70f00620889b484195d2f19c4c0408a7bf7918db,2026-07-16,2026-07-23
NJ,SANDS HOTEL & CASINO,ATLANTIC CITY,,2006-11-10,2167,unknown,,0,0,1,https://www.nj.gov/labor/employer-services/warn/,6a500d99d955b3704cefdf8f39adf2d81946d11dbc8103bc0229f404,debf5d5720f18e1b8fc648c53ac321fa61ee2468,2026-07-16,2026-07-23
NJ,SANDVIK,FAIR LAWN,,2006-01-16,102,unknown,,0,0,1,https://www.nj.gov/labor/employer-services/warn/,0d887b2d626773c2031ba29a926661c6a558aa1023eb42dab93db02a,2f9da264626583679e22d0b8b5bdeae6391efe37,2026-07-16,2026-07-23
NJ,SANOFI-AVENTIS,BRIDGEWATER,,2004-12-15,689,unknown,,0,0,1,https://www.nj.gov/labor/employer-services/warn/,6f3c1667cf2a2bc7755c8784c1e38eaa03fb65a72efc14b0dc9e99b8,05650b5b127bc70d930c89241df234913a8b277e,2026-07-16,2026-07-23
NJ,SANTA’S BEST,VINELAND/MILLVILLE,,2005-12-31,89,unknown,,0,0,1,https://www.nj.gov/labor/employer-services/warn/,4156fb6c2e5abb53bbd5edc406249d3c4f45dc8c4520f6ce4daf5a39,1898031755f0a9bbe7b10b5cdd38a924f5fef0b6,2026-07-16,2026-07-23
NJ,SBLI USA MUTUAL LIFE INSURANCE CO. INC,NEWARK,,2010-06-30,69,unknown,,0,0,1,https://www.nj.gov/labor/employer-services/warn/,d3d59413404e3c1e50a35b1f7b108c5a8a484b328b5e05453da96523,0ac710e3e0f078eecf86e079e58796f4d13810b9,2026-07-16,2026-07-23
NJ,SCHAWK,CARLSTADT,,2006-01-31,60,unknown,,0,0,1,https://www.nj.gov/labor/employer-services/warn/,31754bd80b308773c902817caa773a8842fcbd1e948292af5f085c97,056ecda92dd93d71210e98c3c70a5a27c8226368,2026-07-16,2026-07-23
NJ,SCHERING-PLOUGH,STATEWIDE,,2008-08-11,500,unknown,,0,0,1,https://www.nj.gov/labor/employer-services/warn/,529e40af85b062bee1adf45a0ea4219f3b0c364d751073718e205d0f,bc71aaa9a832c0e9f2fd55bdfd634560250832dd,2026-07-16,2026-07-23
NJ,SCHERING-PLOUGH,KENILWORTH,,2006-01-01,76,unknown,,0,0,1,https://www.nj.gov/labor/employer-services/warn/,f3c80f6976dbf3e0ab58e0d7046c53a86ee91b6d8930970fa19ab949,ea4a33a0b93486948c3609e9a74c62774515f072,2026-07-16,2026-07-23
NJ,SCHNABEL ENGINEERING,NEW BRUNSWICK,,2004-12-31,13,unknown,,0,0,1,https://www.nj.gov/labor/employer-services/warn/,c2a33ad40ab594d692767e9bc18330107706dbf67e4da048f333eeb9,9c977888e3f36e68aded5d93baae4c07146a5b52,2026-07-16,2026-07-23
NJ,SDH Services East LLC,Voorhees,,2023-08-26,93,unknown,,0,0,1,https://www.nj.gov/labor/employer-services/warn/,472718072aadf317cd8030501f45c87573e44c2851020e85c9ba0546,9ca6acb861ea0470b1a2674fdc2ffbae99c4d1be,2026-07-16,2026-07-23
NJ,"SDH Services East, LLC",Bridgewater,,2024-12-31,54,unknown,,0,0,1,https://www.nj.gov/labor/employer-services/warn/,229624975f0cb1321c81f910ea3d9786eb626ebf8d1785edf31fd201,efa4ef8ef0b9a292b67d3f171ea9da1beb305db7,2026-07-16,2026-07-23
NJ,SEABROOK HOUSE,SEABROOK,,2009-12-31,52,unknown,,0,0,1,https://www.nj.gov/labor/employer-services/warn/,4c2a67d494004cd16283aaf5ec3739e1da6ac75de314b76647f3a61e,fbd9076ab15924423482ca3dc3fb2d205f64112f,2026-07-16,2026-07-23
NJ,SEARS,WOODBRIDGE,,2009-01-11,94,unknown,,0,0,1,https://www.nj.gov/labor/employer-services/warn/,742dbcc183c04b32dc23643147c58c2eca5e61ef2499cbee855a21ab,979dcf84d7f868aac08ce8944d9253442369daa4,2026-07-16,2026-07-23
NJ,SEARS HOLDINGS,PLAINFIELD,,2010-05-09,10,unknown,,0,0,1,https://www.nj.gov/labor/employer-services/warn/,647c064eefb4baec32577abcee14093fcbc123700efed5a724b98360,d628a3c3ce5140644b2eef81830c30672782c5af,2026-07-16,2026-07-23
NJ,SEARS HOLDINGS,MARLTON,,2010-05-09,82,unknown,,0,0,1,https://www.nj.gov/labor/employer-services/warn/,872aa818f65335d752bd60dbb182f0ce7c0ff0fb23755325a045b738,d9594b39e835f87e707a9871e184fcc99aa0ea1e,2026-07-16,2026-07-23
NJ,SEARS ROEBUCK & CO.,MAYWOOD,,2008-03-04,52,unknown,,0,0,1,https://www.nj.gov/labor/employer-services/warn/,3044477562d3645e1ee1fccbf51797ade0cee0e0e8071b7575574db1,cefc29bbdfed4c6a0afccd4a8521ecda0c2ffc94,2026-07-16,2026-07-23
NJ,SELECT MEDICAL,FREEHOLD,,2007-08-01,52,unknown,,0,0,1,https://www.nj.gov/labor/employer-services/warn/,f4e53831e8fa094e1d5a9f0e2db153ff83002a45c5da9b6474563e68,8b8ef9e01e90ccfe7fb20e9186bd6e0fdb61b8c3,2026-07-16,2026-07-23
NJ,SERTA,LINDEN,,2005-01-21,113,unknown,,0,0,1,https://www.nj.gov/labor/employer-services/warn/,5ed528556c7f200aee2737103c7495821e9d3f452ce15d9a938d9b32,8d98f843a02d9bf63df21d1832d81ff694d754c8,2026-07-16,2026-07-23
NJ,SERTA MATTRESS,LINDEN,,2005-01-04,92,unknown,,0,0,1,https://www.nj.gov/labor/employer-services/warn/,d315f292733d3e88ef5463b4a5b69383dfff8e41ee54c2873bd42840,374410456af3de560ba025517ae0829474112eb9,2026-07-16,2026-07-23
NJ,SETON,NEWARK,,2006-01-27,65,unknown,,0,0,1,https://www.nj.gov/labor/employer-services/warn/,dd80de68ac21930f9cf13746ef2bc62468b04a83697225cd8a64fd65,1e8b0acfcc75a6e6dd20ce24a98a441470541973,2026-07-16,2026-07-23
NJ,SFC Global Supply Chain,Robbinsville,,2026-04-10,170,unknown,,0,0,1,https://www.nj.gov/labor/employer-services/warn/,70846a611e84f2af25ce59a4dfcef978dc189c9cb7aab2afa3d7a957,11f8eca3dde55a5be62f24d434ed65a4f19f3a11,2026-07-16,2026-07-23
NJ,SGS,Mawah,,2017-05-22,37,unknown,,0,0,1,https://www.nj.gov/labor/employer-services/warn/,d470b1c41ecb5be01d40d5211d76526c2f63aaa94360796441d29923,d9f2ef99834cdb1454842ccaa32d941273f8cbe6,2026-07-16,2026-07-23
NJ,SHARP CORPORATION,WEST CALDWELL,,2004-09-08,250,unknown,,0,0,1,https://www.nj.gov/labor/employer-services/warn/,72b46479e08ee06b32f2b0e1fbe8656cf26c49edc75c5d1ae095feec,d5ea39908e2eeb8faf6331b6b3c4bae850cdd682,2026-07-16,2026-07-23
NJ,"SHOPRITE OF OAKLAND, INC.",Oakland,,2020-06-22,352,unknown,,0,0,1,https://www.nj.gov/labor/employer-services/warn/,eeadd695dc15618fb281ddf9f4ff5236bc9ac0e81d2dec35e2286bda,68e7855fae8540998e496e66ea707a1490bc7176,2026-07-16,2026-07-23
NJ,SHORE MEM. HEALTH SYS.,SOMERS POINT,,2006-11-18,,unknown,,0,0,1,https://www.nj.gov/labor/employer-services/warn/,4a316693e2023972b9c572d17f6489d7569056e79db0956b8f9e0a3f,6c4dee7d0cb5879e76cb4ea3010915da45aa49e1,2026-07-16,2026-07-23
NJ,SHORE MEMORIAL,SOMERS POINT,,2004-07-21,140,unknown,,0,0,1,https://www.nj.gov/labor/employer-services/warn/,cea1ecc9a36b3ec1474ae8a22fbc95f14374233104ebe29c2dda150d,42b30940c0810981f61863fb88fef9e1a8e40b73,2026-07-16,2026-07-23
NJ,SHOREWOOD PACKAGING,EDISON,,2007-08-31,72,unknown,,0,0,1,https://www.nj.gov/labor/employer-services/warn/,b6c0fbac886c73a3c85336f2b6d1ac0fd90cb1772ebae7a90ae2d010,d4cc99f2f2679ea7b32cb3f3162d21e2a8adf800,2026-07-16,2026-07-23
NJ,SI BANK & TRUST,HOWELL,,2004-04-02,11,unknown,,0,0,1,https://www.nj.gov/labor/employer-services/warn/,fc9832dec0840948a4827135a5616cb5838b121267d46cfce13a1372,4ee986fdc3bf24355b174386b554029e069328e6,2026-07-16,2026-07-23
NJ,SIB MORTGAGE,BRANCHBURG,,2004-04-30,93,unknown,,0,0,1,https://www.nj.gov/labor/employer-services/warn/,e754d207206d7241602e0ae4c34044656300287827f40fd445c93e27,a8896c9e825b255f61cd9fb56ed022eb528526ad,2026-07-16,2026-07-23
NJ,SIEMENS MED. SOLUTION,ISELIN,,2004-05-31,50,unknown,,0,0,1,https://www.nj.gov/labor/employer-services/warn/,7490e8cb29df706c24bb823175d458517f0b07093fa76874099ab78d,c6901a4213c9032c2c5b4a8af54d5cb400db4663,2026-07-16,2026-07-23
NJ,SIERRA MILITARY HEALTH,STATEWIDE,,2004-07-23,9,unknown,,0,0,1,https://www.nj.gov/labor/employer-services/warn/,be306fed904a202c74577fac0468b6095569098b11c57389875b7029,e88c620b0b71bf520bc7b1fbd2ba57561e1fed09,2026-07-16,2026-07-23
NJ,SILVER LINE PRODUCTS,MIDDLESEX,,2008-05-23,171,unknown,,0,0,1,https://www.nj.gov/labor/employer-services/warn/,ccf8f85e577976ab911ddacc300dd0d99959177d01ad5542efc28edb,f931ac79504acd1f5f48f39bbd7bc89e75bd8dc4,2026-07-16,2026-07-23
NJ,SIMKINS INDUSTRIES,RIDGEFIELD,,2006-01-15,83,unknown,,0,0,1,https://www.nj.gov/labor/employer-services/warn/,20a9b98c09269e5821cb1e327775e1a6900ee70c67ac31b81719323e,fee9122a2af54deab4413b834629ee3c84c17f11,2026-07-16,2026-07-23
NJ,SIMMONS MANUFACTURING,PISCATAWAY,,2004-12-20,99,unknown,,0,0,1,https://www.nj.gov/labor/employer-services/warn/,725a84d73231ad0554d7d1049af4f2857ba89f19acb985e8283a6404,3c6c180e3201e90de04b9896ec78cfeeb78ebf6c,2026-07-16,2026-07-23
NJ,SKYLINE PORT NEWARK,LINDEN,,2005-11-25,73,unknown,,0,0,1,https://www.nj.gov/labor/employer-services/warn/,59934a12f108fa627950bbb460d64c46b215c75897a33c4dafed572f,4ca916ae9d9a5c6a911d4a9253de68585cc81fec,2026-07-16,2026-07-23
NJ,SLM FINANCIAL CORPORATION,MT LAUREL,,2009-04-03,45,unknown,,0,0,1,https://www.nj.gov/labor/employer-services/warn/,fa005ee50d98545510f2c8bd7cd60d07a19038bc48a7059972f319c1,fb43f0a3425658bb2d6aa3e324e4fd02a6e842af,2026-07-16,2026-07-23
NJ,SMURFIT-STONE CONTAINER,TETERBORO,,2007-01-13,132,unknown,,0,0,1,https://www.nj.gov/labor/employer-services/warn/,4fd9a476f6e9770eb6faaeced28122d071579c22176ca4779c1953b5,80371485c5ca329a1e384d043a2f1d1e00fe5498,2026-07-16,2026-07-23
NJ,SODEXHO,RIDGEWOOD,,2006-01-30,71,unknown,,0,0,1,https://www.nj.gov/labor/employer-services/warn/,6b535caa6a7207bd0822faee88c16877efcfe1960a5c17c2f0ce4591,02c4f6dd686539c92a63a953fd6b927be735b693,2026-07-16,2026-07-23
NJ,SODEXHO,PASSAIC,,2007-01-28,142,unknown,,0,0,1,https://www.nj.gov/labor/employer-services/warn/,29a1dc35c107fc44b519f5f2cdf50b68104b16c606ab72cb539f64aa,37274828ee9c6362447adeb764292034998d694f,2026-07-16,2026-07-23
NJ,SOLECTRON,LUMBERTON,,2005-02-28,119,unknown,,0,0,1,https://www.nj.gov/labor/employer-services/warn/,668a715323630fc833bbdcf036e760a52303ba6b9c02f2c8509ddeec,0ba0b1216ddb896ab44a72c7141662f738892256,2026-07-16,2026-07-23
NJ,SONY BMG MUSIC,LYNDHURST,,2008-07-18,50,unknown,,0,0,1,https://www.nj.gov/labor/employer-services/warn/,5a9d7d9a44e989124664b33d29838744cade3badfcd3e84ea264cc4c,d9e44712dc464ec16411a2c49b4271880f1960eb,2026-07-16,2026-07-23
NJ,"SOUTH JERSEY HOSPITAL, INC.",VINELAND,,2009-03-31,123,unknown,,0,0,1,https://www.nj.gov/labor/employer-services/warn/,888c191ff9185db0b67bf7f8676ce104843f831643cb531f42508c4b,3d1e068435a34a84561807920b0769e679a71a01,2026-07-16,2026-07-23
NJ,SOUTH SHORE FORD,MARMORA,,2006-07-14,87,unknown,,0,0,1,https://www.nj.gov/labor/employer-services/warn/,448a5de40b8cf803bbd11b7eb7ad90b0c2cbfc2a30528c5385843ae9,147f75960bc6c9a185911b52b901eed81ed79ec8,2026-07-16,2026-07-23
NJ,SOUTHCO,BRIDGEPORT,,2008-05-16,153,unknown,,0,0,1,https://www.nj.gov/labor/employer-services/warn/,c9c13accbbeddc6ded066d02066b67993a9b7ea7fd4c18ea5f18b54e,83b664cbbfa398d1462ca67b7fe0ca40692e9cbe,2026-07-16,2026-07-23
NJ,SOUTHERN WINE AND SPIRITS OF NEW JERSEY,SOMERVILLE,,2009-04-01,18,unknown,,0,0,1,https://www.nj.gov/labor/employer-services/warn/,0bb0585d0b7bcc7abdc354e3446ca53007ff40ac7abdcbf1a8393342,625283ad173dbbf76d38d42a73ef2646169db43e,2026-07-16,2026-07-23
NJ,SOVEREIGN BANCORP,NEWARK,,2006-06-01,,unknown,,0,0,1,https://www.nj.gov/labor/employer-services/warn/,37e38cb2894041033ea5fbb38985963fdf5eae572bfb861db1c88ee8,e0b703decd3bd88ecfa6aff5d24d3e263d9062ad,2026-07-16,2026-07-23
NJ,SPRING AIR COMPANY,NEW BRUNSWICK,,2009-05-04,39,unknown,,0,0,1,https://www.nj.gov/labor/employer-services/warn/,6eff8eb7521b75859f65cbcb1a0d8e6d21c597d985bfe3a66f06bced,0a098ce4b6ac50e5b7bce0f1a87ffa286434f61e,2026-07-16,2026-07-23
NJ,ST. BARNABAS HEALTH,TOMS RIVER/NEWARK,,2007-10-01,90,unknown,,0,0,1,https://www.nj.gov/labor/employer-services/warn/,47294c89bc62f3c24fb5940b875555870054fd4873038f870d24d0c7,65bb1a703d78876e481132491122f0ccf3d34489,2026-07-16,2026-07-23
NJ,ST. BARNABAS HEALTH,IRVINGTON,,2005-12-16,485,unknown,,0,0,1,https://www.nj.gov/labor/employer-services/warn/,db37659c1bb1acbeb9c29d74d1db47fb73e1c9a7d4678bfd629b14ce,cccbaf544485de642a70c103eca4bb0e5d604663,2026-07-16,2026-07-23
NJ,ST. BARNABAS HEALTH,UNION,,2007-10-01,820,unknown,,0,0,1,https://www.nj.gov/labor/employer-services/warn/,564f8fc199df1a79aeb1d0dc5ecbb14ff26fc0ed5bcbac47a59125bc,ff3d97398c20fec92b013ba50e84f4ef06fd45bf,2026-07-16,2026-07-23
NJ,ST. FRANCIS MEDICAL CTR.,JERSEY CITY,,2005-07-01,221,unknown,,0,0,1,https://www.nj.gov/labor/employer-services/warn/,40c39ce5c3f89f9fe3ee502800accc19993f1a36fbb178445328b8fc,adc3bdfd39cec41a5580117e44bfeb885c6e8801,2026-07-16,2026-07-23
NJ,ST. IVES BURRUPS,MARLTON,,2004-10-04,55,unknown,,0,0,1,https://www.nj.gov/labor/employer-services/warn/,74c3fbf3f4701102188500f198f8cbbb739410a585b7f5593ede3dc2,5adf342cb0d9a4ad79d87e8bb33af328e513c5a5,2026-07-16,2026-07-23
NJ,ST. JOHN'S COMMUNITY SVS,STATEWIDE,,2007-09-30,141,unknown,,0,0,1,https://www.nj.gov/labor/employer-services/warn/,57c6b698afdee9b9e1526d5ce2972712df8251aa03606a803044a196,f63da88570f5ac1303b2a28ea8a8ac0c94d303f8,2026-07-16,2026-07-23
NJ,ST. JUDE MEDICAL,WEST BERLIN,,2010-06-30,31,unknown,,0,0,1,https://www.nj.gov/labor/employer-services/warn/,78db8c113e9c3f7ed0f90f38e07ac3283cc4bfe90224371fefcb246a,82ee206e39e41d363d695b1508244d3a69b1e321,2026-07-16,2026-07-23
NJ,STERICYCLE,FRANKLIN,,2006-01-03,104,unknown,,0,0,1,https://www.nj.gov/labor/employer-services/warn/,7f399dc7f65bafce4872b179f43c870aa152e5a27dd981bb02ffb208,c660b155261bb4246584d25c56189e2855db557c,2026-07-16,2026-07-23
NJ,STOP & SHOP,STATEWIDE,,2007-09-04,920,unknown,,0,0,1,https://www.nj.gov/labor/employer-services/warn/,aa50a1b3871360b68c3b76616c15bd92642c9a7c67e2c3bedf257ccf,b01ef0ec00d7863f161758ced457d30106e52539,2026-07-16,2026-07-23
NJ,STURTEVANT MILLWORK,PINE BROOK,,2005-01-16,80,unknown,,0,0,1,https://www.nj.gov/labor/employer-services/warn/,20a26c559234483c85139be0bffab45331df58a2941930d1ec47f3d2,ca9361b2534473e36649f9e05c2f7e42579619a5,2026-07-16,2026-07-23
NJ,STYLEMARK,SECAUCUS,,2005-01-23,289,unknown,,0,0,1,https://www.nj.gov/labor/employer-services/warn/,a45c841e4df1daa8dd36a5832008c036b86a6e45249c34198c5f8d67,ae3bcaef3cdc88166d880438101245fa2a57b53a,2026-07-16,2026-07-23
NJ,SULTAN HEALTHCARE,ENGLEWOOD,,2008-02-01,64,unknown,,0,0,1,https://www.nj.gov/labor/employer-services/warn/,bba4730ac6d456b4353a02d03a3dc2c1abd834d8646b5b632b32ae3a,05f32ea267e6d7e2075d01340f56fdf3ce076798,2026-07-16,2026-07-23
NJ,SUN MICROSYSTEMS,CRANFORD/SOMERSET,,2006-01-02,10,unknown,,0,0,1,https://www.nj.gov/labor/employer-services/warn/,7795b012198f9a113bd14ba6c157a130592929fea553c586728b6419,b7b5a224de149bb8217b37a68dd6f619dbf497bb,2026-07-16,2026-07-23
NJ,SUN MICROSYSTEMS. INC,STATEWIDE,,2010-01-03,8,unknown,,0,0,1,https://www.nj.gov/labor/employer-services/warn/,ba2ba40dbc1d8ec48955d5ca6e549283a7f925dfe2d2c535332f4b54,df7e23593a4aeebc329cacaea2798fe7b8e9f240,2026-07-16,2026-07-23
NJ,SUNGARD POWERPARTNER,MT. LAUREL,,2004-07-07,61,unknown,,0,0,1,https://www.nj.gov/labor/employer-services/warn/,7c51303be316ea9bd909dc011ad6ce2ea2cc314d203bfcc948a205bc,6e81f5a80059141ee66edce91c348ed140decb77,2026-07-16,2026-07-23
NJ,SUNOCO INC,WESTVILLE,,2009-12-13,400,unknown,,0,0,1,https://www.nj.gov/labor/employer-services/warn/,a1ca7d1a7611718baf551f4d4226aa846333d4f7cfd4813971d12979,4e49005355f937a195cafef688068721aa14c0b9,2026-07-16,2026-07-23
NJ,SURVIVOR TECHNOLOGIES,HILLSIDE,,2008-10-27,287,unknown,,0,0,1,https://www.nj.gov/labor/employer-services/warn/,07daf8207a2a850828fd98f4292cb677a0ae682211e39441fd17fd56,59ae603d51cf63261ac3ab1a99707ee8e866de1d,2026-07-16,2026-07-23
NJ,SWISSPORT CARGO L.P,NEWARK,,2020-03-17,189,unknown,,0,0,1,https://www.nj.gov/labor/employer-services/warn/,64b651bdfeb97eac27bb0c23d15f6d42ced4a22ca2e5c2770fbf3fd6,ad665d0a3c35817e37f139b15dbe1fb4b7762382,2026-07-16,2026-07-23
NJ,SWS NJ WAREHOUSING,MONROE,,2008-08-31,51,unknown,,0,0,1,https://www.nj.gov/labor/employer-services/warn/,370bbe505602623582df7a32ac4810f3509e8fe0a68d54e08b95ec54,f98e6461feea3f8c39fecd3311a76042cf9bb716,2026-07-16,2026-07-23
NJ,SWS WAREHOUSING,MONROE,,2008-11-10,32,unknown,,0,0,1,https://www.nj.gov/labor/employer-services/warn/,ea9c0acf52dd63e021f74fb09ef48a1824e778804a2ebfe9caf50581,773167a9ef36e8865ffe0a400c05cbaf2e05b6e5,2026-07-16,2026-07-23
NJ,SYMS Corporation,Secaucus,,2011-01-30,108,unknown,,0,0,1,https://www.nj.gov/labor/employer-services/warn/,7950dc35bb5b7161d97538e24e996757334b20506531b148ed945938,6165c18a28660806d96bc090f946f661b39c0f8f,2026-07-16,2026-07-23
NJ,Saddle Brook Marriott,Saddle Brook,,2021-06-30,67,unknown,,0,0,1,https://www.nj.gov/labor/employer-services/warn/,8b0b5ed3d078ebefbc64689b1b1ba57e83c29c10e81c062126095ea7,dfec0ebe25832fd8bbf2841870e6fc9970c673f4,2026-07-16,2026-07-23
NJ,Safran,wall Township,,2020-12-31,27,unknown,,0,0,1,https://www.nj.gov/labor/employer-services/warn/,070a71d38c8df70c1e6cf4356cff9d71cd03c1aec3e10cce2c246e45,17a2704ae57d5e8ddba70eee5f6655bb90c78cd0,2026-07-16,2026-07-23
NJ,Saint Barnabas Assisted Living of Lakewood,Lakewood,,2010-11-30,29,unknown,,0,0,1,https://www.nj.gov/labor/employer-services/warn/,80da8fc5241623a728a7836a17e0b63d7a5cee3fd1ece76b4e918fe6,a5441865a18f96ff3f12d6a019f7f0806ff79aba,2026-07-16,2026-07-23
NJ,Saint Barnabas Rehabilitation Affiliates,Union,,2010-11-30,64,unknown,,0,0,1,https://www.nj.gov/labor/employer-services/warn/,27d3cb630e83f85445eefa96c2eada5379a091d4adca52f2dc44cbad,d825a6b38ebde427f2914d84b15e67f615f4e06c,2026-07-16,2026-07-23
NJ,Saint Barnabas Rehabilitation Center,Union,,2010-11-30,23,unknown,,0,0,1,https://www.nj.gov/labor/employer-services/warn/,fcdfddbec818c868acdf89c07e6eeee0dc9d78338357051eb04dad10,47a4e9bf904ea108226b1681ae0e6e3021f55510,2026-07-16,2026-07-23
NJ,Saint Clare's Health Services,Denville,,2015-06-30,2511,unknown,,0,0,1,https://www.nj.gov/labor/employer-services/warn/,f08fba978b93036b055c7172e833681b87e5af8823dc53a1ba92df5d,a1107f022d524a0f509a908e08f8e57ef5f8ee37,2026-07-16,2026-07-23
NJ,Saint Clare's Health System,Denville,,2012-06-01,31,unknown,,0,0,1,https://www.nj.gov/labor/employer-services/warn/,dec3602dea1bcfd4de712e3666209e288b3f29fb8f691be1d03ffd61,6ac8a592db903eb3012844ebc164120a242a4bdb,2026-07-16,2026-07-23
NJ,Saint Clare's Health Systems,Denville,,2011-12-09,12,unknown,,0,0,1,https://www.nj.gov/labor/employer-services/warn/,61bca9bca977ffa819556a0d24205e4919dc157abb2c6de2137c87a4,e30c36615272ffa9f5fb977bd3c0547baf67b4e4,2026-07-16,2026-07-23
NJ,Saint Michael's Medical Center,Newark,,2015-10-09,1445,unknown,,0,0,1,https://www.nj.gov/labor/employer-services/warn/,148418a8b357470f18a721ee5ffad2aa92d407ce754c2ab1570ce693,e1ef67ab34e3237997b38918eb3806155cbce33e,2026-07-16,2026-07-23
NJ,Saks & Company,Statewide,,2026-05-04,69,unknown,,0,0,1,https://www.nj.gov/labor/employer-services/warn/,4d155a12811f98d40c12b63dbfe64f10358a9069d2c203b44608d95f,10128711d49b37edf8f1a0909a665bd5b40fea99,2026-07-16,2026-07-23
NJ,Saks & Company,East Rutherford,,2026-05-11,58,unknown,,0,0,1,https://www.nj.gov/labor/employer-services/warn/,23646d6ecef76713b841c7154a0b64f36e1d68fc0e0aa66a240cb39b,568edd2ffd0362568308d9eba7b891cee401ce51,2026-07-16,2026-07-23
NJ,Saks Fifth Avenue,Hackensack,,2015-01-24,94,unknown,,0,0,1,https://www.nj.gov/labor/employer-services/warn/,704ce21cb4ec3c003585e964e50690ceeb669d8ed653bc6b9a2ef4bc,3d72579ce0287f8d5e5e1651ec824e618632cc31,2026-07-16,2026-07-23
NJ,Saks Fifth Avenue,Short Hills,,2016-09-10,137,unknown,,0,0,1,https://www.nj.gov/labor/employer-services/warn/,86b6db1d304264d83a7eee620b132b8f7dffe582ffdb354200868ff2,febfd39bf5a898151402a04e256b814d4905efff,2026-07-16,2026-07-23
NJ,Salem Clinic Corporation,Salem,,2018-12-31,11,unknown,,0,0,1,https://www.nj.gov/labor/employer-services/warn/,2971d4e8bc4b142c8f4948384d8a99c9be7a1319ba10fa9d17942937,a6e2df5a138bdb45a56876c3b94a02a390f9a69f,2026-07-16,2026-07-23
NJ,Salem County Improvement Authority,Salem,,2011-06-01,92,unknown,,0,0,1,https://www.nj.gov/labor/employer-services/warn/,73adc2c1fba0b395c4e30d9f88ae303b39be4ebf7e56e2b3c5b7163d,58e8ce00b5c77f16a6401bbe7ae3f6c7ddbf0ced,2026-07-16,2026-07-23
NJ,"Salem Home Care Services, LLC",Salem,,2018-12-31,19,unknown,,0,0,1,https://www.nj.gov/labor/employer-services/warn/,4e9e862df14c4005abb3e95ddd7777b64de5b0ff39db41fc24417fe9,aa754977525a67aef08ee1133a84e253131c5676,2026-07-16,2026-07-23
NJ,Salem Hospital Corporation,Salem,,2018-12-31,339,unknown,,0,0,1,https://www.nj.gov/labor/employer-services/warn/,ef1b9dcf405b41d5f69319dbb711167f2c1a1c98361c652c576bdd4b,63c2fdbc78e5aa7fb198fc01468848868a9222d0,2026-07-16,2026-07-23
NJ,"Salem Medical Professionals, P.C.",Salem,,2018-12-31,11,unknown,,0,0,1,https://www.nj.gov/labor/employer-services/warn/,ae86da5d5a433f8d75b1b869bf2df50a5543420db6690bb09d79c19f,2637bed947ee0633a9c50b4048820ac5a23c1143,2026-07-16,2026-07-23
NJ,Sam's Club,Linden,,2018-01-11,187,unknown,,0,0,1,https://www.nj.gov/labor/employer-services/warn/,c69c8086ef72bfa273588b15a35a4d53dd82b4596702ade99f6c8985,4f599d4c4e432aae755a9cca4ce759542fcce8d0,2026-07-16,2026-07-23
NJ,Sam's Club,Princeton,,2018-01-26,196,unknown,,0,0,1,https://www.nj.gov/labor/employer-services/warn/,c0b7dc202e61b2901fa5f46af6532618cbd9224de0a2612d2b226193,b490143dbb16c7475cd0c337c8b3a77746a918c5,2026-07-16,2026-07-23
NJ,Sam's Club,Budd Lake,,2018-01-11,144,unknown,,0,0,1,https://www.nj.gov/labor/employer-services/warn/,841e61002c1b88b70ca4bb25084648af3c188c7fdba4a9fb82e06dda,ec1c3eaadf6d8e689b9ffa17d6f4bec5edcbd505,2026-07-16,2026-07-23
NJ,"Samsung Electronics America, Inc.",Englewood Cliffs,,2026-09-30,739,unknown,,0,0,1,https://www.nj.gov/labor/employer-services/warn/,999bf76ec8be55eca50a0523f86722f90f71ba1839f4bfbd345eae90,b6e8ee26dd687285d7fd122430a7032b284d59ca,2026-07-21,2026-07-23
NJ,"Samsung SDS America, Inc",Ridgefield Park,,2026-10-01,179,unknown,,0,0,1,https://www.nj.gov/labor/employer-services/warn/,5df2d8cf9bd4357012e6fafd32248c56eefafe8fbfc4fec9bc3714fd,6f659c92c56636629fb3651c24411ff669d2d48d,2026-07-16,2026-07-23
NJ,"Sandoz, Inc.",Princeton,,2012-12-14,84,unknown,,0,0,1,https://www.nj.gov/labor/employer-services/warn/,c49c71d7f552b4ed6b51f23d2d67ebcac3475df54f6a6151a9ec6c01,4351c7dfc8025fae381a4dc3ec2436971ae57070,2026-07-16,2026-07-23
NJ,Sandvik Machining Solutions USA,Fair Lawn,,2020-12-20,90,unknown,,0,0,1,https://www.nj.gov/labor/employer-services/warn/,0c57232292dc26429bf84d172243d26a1303cf455e4f162383672741,bf2c75b81c4e2833570c4a14fc6cd8e902bf9420,2026-07-16,2026-07-23
NJ,Sbar's Incorporated,Moorestown,,2020-02-13,82,unknown,,0,0,1,https://www.nj.gov/labor/employer-services/warn/,8dfa49505357c3b23cea5f722d360481d9e9f0693ab94b4ae700d191,e689c8c4b7c0c0f921f55aa5ba0d10e88faf7ddb,2026-07-16,2026-07-23
NJ,Scholastic Book Fairs,Robbinsville,,2021-03-29,70,unknown,,0,0,1,https://www.nj.gov/labor/employer-services/warn/,fa1c1a111aa1cf6c37f2e7d032bd7a927bd3bb646a1f2ec3966548f6,2e870f6ae5cdad53149329eeed2ee5cd52f1ae9f,2026-07-16,2026-07-23
NJ,"Schwan Cosmetics USA, Inc.",Piscataway,,2015-04-24,111,unknown,,0,0,1,https://www.nj.gov/labor/employer-services/warn/,47957c968c8cbf3e7406985151ea3baf6bea28f404c759979bc3970c,71a201bdc0c37706f0bd2ac495407873cb878003,2026-07-16,2026-07-23
NJ,"Schweitzer-Mauduit International, Inc.",Spotswood,,2020-12-31,98,unknown,,0,0,1,https://www.nj.gov/labor/employer-services/warn/,10c1a7fb451a540f27039e9e969338241a51ea5440c7cd6fd31119fb,74d642dfd86832241e79725991bb2eb52fdf164c,2026-07-16,2026-07-23
NJ,Science Applications International Corp,Piscataway,,2010-09-18,49,unknown,,0,0,1,https://www.nj.gov/labor/employer-services/warn/,3d3df745ff77f9978591e8cade899ee84638bdcc3297c538b597bc38,03cbf9c5ee96c9eb9b34695666c0483ff7031a46,2026-07-16,2026-07-23
NJ,Scudetto Logistics,Trenton,,2026-05-14,120,unknown,,0,0,1,https://www.nj.gov/labor/employer-services/warn/,8728cf93c949ef1aa1279a665c5e1f52590f03d090264c27ea71e566,ac22719b2fe699b918cf49b3b491de670ce6feec,2026-07-16,2026-07-23
NJ,Sea Gull Lighting Products,Riverside,,2011-10-28,73,unknown,,0,0,1,https://www.nj.gov/labor/employer-services/warn/,ac2e0e57b2e922849289197b46a5fbb7686059c971bfa490afcbba9f,a9582f994a86e624862277bb0b840324ad581bfd,2026-07-16,2026-07-23
NJ,Sealed Air Corporation,Saddle Brook,,2024-06-07,83,unknown,,0,0,1,https://www.nj.gov/labor/employer-services/warn/,10228b5aaca3bb9ea4fb9cd98e31677db4550c11541543a9001d8dae,e9c0e6262fc759133bc278fdbb6b74920a1e0bba,2026-07-16,2026-07-23
NJ,Sears Auto Center,Mays Landing,,2018-11-25,12,unknown,,0,0,1,https://www.nj.gov/labor/employer-services/warn/,ce3c87f2f5202aeadcfa1c8836810fbc25706dac809cd65929d19e84,22d1949efd3a35e351337ce3d1baded0168a590a,2026-07-16,2026-07-23
NJ,Sears Auto Store 06494,Deptford,,2018-12-31,10,unknown,,0,0,1,https://www.nj.gov/labor/employer-services/warn/,c3126ea44e7534cf657a51b5b602bd754677a7da6275b17ae50767f3,f9e9914d5144fc3691d54e7af116c8ef8b299454,2026-07-16,2026-07-23
NJ,Sears Holdings,Toms River,,2018-04-08,49,unknown,,0,0,1,https://www.nj.gov/labor/employer-services/warn/,f97f97ee2d03414be70f4d0171fce0fbb8cab5a08d0a149011f17ad7,0d5470f723dd2b2b97a853a26ec1d88c738ae5a4,2026-07-16,2026-07-23
NJ,Sears Holdings,Watchung,,2017-09-17,126,unknown,,0,0,1,https://www.nj.gov/labor/employer-services/warn/,add7f158071d2d238ada6547a44ce85f6dc71b9dbd5ae99b979b9944,1411dc976c084e0b1a7afac7bfd81041946206b4,2026-07-16,2026-07-23
NJ,"Sears, Roebuck and Co.",Mays Landing,,2018-11-25,51,unknown,,0,0,1,https://www.nj.gov/labor/employer-services/warn/,0b3974baab3550a4636065dc676cea759a3fe8bb934b173a57e92413,437447de3ebd2239c6b8ae4dd7362ded53233b66,2026-07-16,2026-07-23
NJ,"Sears, Roebuck and Company",Deptford,,2018-12-31,77,unknown,,0,0,1,https://www.nj.gov/labor/employer-services/warn/,1541d45272d07b3a74f4d27cefc7292b3fcaa7d55c05b254a88832e4,c4fed867db516bde13ebf9d7f92700443709c8dd,2026-07-16,2026-07-23
NJ,"Sears, Roebuck and Compay",Middletown,,2018-12-31,57,unknown,,0,0,1,https://www.nj.gov/labor/employer-services/warn/,4193307203ebc8d0a0c40bd80397eaa3942f0668b9952b9c04bbb24a,efef127393fcd1a85fc5e47097bcab3124616251,2026-07-16,2026-07-23
NJ,Seaview Dolce Hotel,Galloway,,2018-11-26,229,unknown,,0,0,1,https://www.nj.gov/labor/employer-services/warn/,e3f9a314b04af7ed53c07d0c491905e243ba008b46db8b2045369243,f49c45b8eb5012054757082bc47db61a9831200e,2026-07-16,2026-07-23
NJ,Senneca / Thermoseal,Gloucester City,,2020-06-30,47,unknown,,0,0,1,https://www.nj.gov/labor/employer-services/warn/,314db5d80fe157fa09e5cec23e614ddb8975ce997bb1ef8bcc375a9b,404fe49c6035067c182d3799127f5b76e4f784aa,2026-07-16,2026-07-23
NJ,Seviroli Foods,Bellmawr,,2025-08-13,77,unknown,,0,0,1,https://www.nj.gov/labor/employer-services/warn/,7c45a389638ca05c14e928e10745effd1152ed6b71858f717ebb1d1d,ebdab0fd7ac723aa177a61562cb262391a260b40,2026-07-16,2026-07-23
NJ,"Sheppard Bus Service, Inc",Bridgeton,,2020-03-19,672,unknown,,0,0,1,https://www.nj.gov/labor/employer-services/warn/,d47af7ab98e0478eb8cab002213bb5fc0480439e88d9513106823c98,b0814fb0be314fe339c67f22de95820e1aafa904,2026-07-16,2026-07-23
NJ,"Shiel Holdings, LLC",Rockleigh,,2018-01-31,538,unknown,,0,0,1,https://www.nj.gov/labor/employer-services/warn/,37b91a7bf835d33c203c59583364e58e08abecce94d8b7b1d6e16adc,0cac7a270d97253f88baad04398a1fa9bdbb67a2,2026-07-16,2026-07-23
NJ,Showboat Casino,Atlantic City,,2014-08-31,2139,unknown,,0,0,1,https://www.nj.gov/labor/employer-services/warn/,1926c59503c014425ff7511cae8f10452a586bfa078e4afa6becf8bb,e73634182ab7286d217e5ff29135da9b5bd09f4e,2026-07-16,2026-07-23
NJ,Sickles Market LLC,Little Silver,,2024-01-10,117,unknown,,0,0,1,https://www.nj.gov/labor/employer-services/warn/,91fcbb5c10c74c8e2ef92c9bc317e5b9bc58b44dd37f56c27527ed33,a940d27db1c2e0fd49bf1c380111001ae4878bf1,2026-07-16,2026-07-23
NJ,Siemens Building Technologies,Florham Park,,2009-03-09,153,unknown,,0,0,1,https://www.nj.gov/labor/employer-services/warn/,90d31f0b48a32460a4296529603c9fcea95d95d72c60cc90a7b0d26d,669839bdd04948a047edb484653faeffc9a3ba2d,2026-07-16,2026-07-23
NJ,"Siemens Demag Delaval Turbomachinery, Inc",Hamilton,,2019-03-29,35,unknown,,0,0,1,https://www.nj.gov/labor/employer-services/warn/,73d93019d62df88ed3c3d30baae1b9e4d00fadcfd39e4913cee29264,ab44305b111719752c42c69add31447dee3f969b,2026-07-16,2026-07-23
NJ,Siemens Healthcare Diagnostics Inc.,Flanders,,2024-09-27,197,unknown,,0,0,1,https://www.nj.gov/labor/employer-services/warn/,33c0800dce3fb679947ed4817a12f78b3f179c48017f8e82a9ab9c0b,939aa155790f8c25b74cd67b78314d8ac8ca9cf0,2026-07-16,2026-07-23
NJ,Siemens Healthcare Diagnostics Inc.,Morris,,,300,unknown,,0,0,1,https://www.nj.gov/labor/employer-services/warn/,71173843df055b4148a798aaa5eac7a3e677d321292d4c14bf3f18cf,d741ddc6f9a203d370902d199dd16ebfd40a3291,2026-07-16,2026-07-23
NJ,"Siemens PPAL, LLC (Newark Internation Airport O & M Contract)",Newark,,2017-08-31,63,unknown,,0,0,1,https://www.nj.gov/labor/employer-services/warn/,6e635559f06626b9f81c1b6bae767d5f0944169cc5967df805357a9e,5553f126087563909a0624516111d70381e1c682,2026-07-16,2026-07-23
NJ,Signature Flight Support LLC,Atlantic City,,2020-08-18,,unknown,,0,0,1,https://www.nj.gov/labor/employer-services/warn/,2012759db3c99b55d46591a3648eb0d819f4b85bcc683f0b049d97dd,3a8007dd08fb536022c485b2913b953d21d8f58e,2026-07-16,2026-07-23
NJ,Silverton Marine Corp,Millville,,2009-01-30,202,unknown,,0,0,1,https://www.nj.gov/labor/employer-services/warn/,48eaf3a6fae8788ba32b5d8a4cf4ae049348ae1369f1bd7fe8317904,c349b9a286d7c40b103013ab76ce80995f60aa08,2026-07-16,2026-07-23
NJ,Simmons Pet Food,Pennsauken,,2020-08-24,176,unknown,,0,0,1,https://www.nj.gov/labor/employer-services/warn/,409beccc40f73ee6e1536f29e7cda6355fe044e6a49f163d0f7578dc,998ea58b388c28aad73ddf06b5a530076511554c,2026-07-16,2026-07-23
NJ,Sisters of Charity of Saint Elizabeth/Saint Anne Villa,Florham Park,,2016-08-01,135,unknown,,0,0,1,https://www.nj.gov/labor/employer-services/warn/,95b6d5a56fa151d529e3a660881707e67fda5db60fb54c312b2c2ae6,a83815094c5b0d7ad0c63b40ca639c53a6785793,2026-07-16,2026-07-23
NJ,"Sivantos, Inc.",Piscataway,,2022-10-31,189,unknown,,0,0,1,https://www.nj.gov/labor/employer-services/warn/,945844db79b432c285152dd0cc9c598dc8dc63bd79a8fbb115658284,874ffca4625898c36ad64d1eef52cebe1c800b86,2026-07-16,2026-07-23
NJ,Sixth Avenue Electronics,Springfield,,2011-12-10,100,unknown,,0,0,1,https://www.nj.gov/labor/employer-services/warn/,13249d3437f377fed96bee8d823c953db67055e4a39c7d75f475654d,f5ebe020e648fd3f19ecdb2cadebb50939e87013,2026-07-16,2026-07-23
NJ,Smiths Detection,Morristown,,2012-03-30,100,unknown,,0,0,1,https://www.nj.gov/labor/employer-services/warn/,b0dda9653bb71769a7329c5177d99a833b12fab59507e5f19c8165a6,0a3e539bb56cf331a141f517b7a3cee1f371da95,2026-07-16,2026-07-23
NJ,Sodexo,Lakewood,,2020-06-30,53,unknown,,0,0,1,https://www.nj.gov/labor/employer-services/warn/,e9380ecd7a9726c9c78ad4165b02d21c011d65f9d57724647f1c477d,2a717d0ec0bcf0020cded21b1a10951d15137580,2026-07-16,2026-07-23
NJ,Sodexo,Matawan,,2020-06-30,71,unknown,,0,0,1,https://www.nj.gov/labor/employer-services/warn/,dca752eec02c74f76e19633f7915117d70edb07d861dbc1f1dcb4a68,5858a9335b76dff5ae3212f359bbbd32d7dd161b,2026-07-16,2026-07-23
NJ,Sodexo,Blackwood,,2013-11-12,80,unknown,,0,0,1,https://www.nj.gov/labor/employer-services/warn/,6e787fbcbc5ede1a5ed4fae6c534bd0581f3d5799d5928d01904284e,d7040c5d42f4be31084a4f57f4ad80e299bb1acf,2026-07-16,2026-07-23
NJ,Sodexo,Piscataway,,2024-06-30,58,unknown,,0,0,1,https://www.nj.gov/labor/employer-services/warn/,b0a888acc240112f53b19114e21675997e2f95b4bf86ab8646e1bd21,f618808ed7864ba847bac62692cf070693fd1d70,2026-07-16,2026-07-23
NJ,Sodexo -West Orange,West Orange,,2019-07-22,75,unknown,,0,0,1,https://www.nj.gov/labor/employer-services/warn/,7385b194a4740783aff87089700d966db6e0a06136a9ebea7fe6d653,593a7d537f82be26a36ae45a4d501fbd53a7ad4d,2026-07-16,2026-07-23
NJ,Sodexo Campus Services @ Rowan University,Glassboro,,2014-06-30,281,unknown,,0,0,1,https://www.nj.gov/labor/employer-services/warn/,2839f3aabe652e65263d7e15b55769ebcb0f99d24a247f71b765dd3e,7999a1d61580f5d5540b38174a8445340644ef10,2026-07-16,2026-07-23
NJ,Sodexo Dining Services,Hoboken,,2015-07-01,116,unknown,,0,0,1,https://www.nj.gov/labor/employer-services/warn/,7e388ae4abc8924456059e27bdd52e14c703f47c0a7342df41a141c1,d2f2873390e85fbedeeb891d84ea5d7e060d5979,2026-07-16,2026-07-23
NJ,"Sodexo Management, Inc.",Englishtown,,2014-06-30,71,unknown,,0,0,1,https://www.nj.gov/labor/employer-services/warn/,9ba5276a715d1b09e0a3f5bd421835e891030e51ec54e87a27f09588,d44236c8d45aa3a38823be41ddc3b929d96877ac,2026-07-16,2026-07-23
NJ,Sodexo Services,Montclair,,2014-06-30,372,unknown,,0,0,1,https://www.nj.gov/labor/employer-services/warn/,73ad7432c8e192d812d86ac3e12ce8c1a401a8e1b2bc77cd1ca375fa,be1cd25546697d08ba3c46e73d334499aec99392,2026-07-16,2026-07-23
NJ,"Sodexo, Inc",Kenilworth,,2010-11-12,99,unknown,,0,0,1,https://www.nj.gov/labor/employer-services/warn/,8b372fc3cb8d10420ba39653ac1c8a6601e79f0108b9bf702c294694,361c6a3021b0aaff1f6e6b1c0c7424fbb0f6fb71,2026-07-16,2026-07-23
NJ,"Sodexo, Inc.",Williamstown,,2010-11-30,68,unknown,,0,0,1,https://www.nj.gov/labor/employer-services/warn/,cf9a15bff6b42a89cea2e4048e96056fe45c06331727571b929068c2,2a45dfc2df88ff98298ecefe890aae0b01cc3e95,2026-07-16,2026-07-23
NJ,"Sodexo, Inc.",Springfield,,2010-11-12,4,unknown,,0,0,1,https://www.nj.gov/labor/employer-services/warn/,bbf4efdf9fe1ed9d79ff4d8c71c055849f40bcf02255ddcef46ee571,3635a530f05fc076e98f02a1e9f2594cd90416db,2026-07-16,2026-07-23
NJ,"Sodexo, Inc.",Summit,,2010-11-05,38,unknown,,0,0,1,https://www.nj.gov/labor/employer-services/warn/,72f223501213bef3528e17325b00b11401f8de7c3c55e1cc8c1e6566,f6f281f8ed4da12eb2b282489a595bf886ecd90d,2026-07-16,2026-07-23
NJ,"Sodexo, Inc.",Union,,2010-11-12,18,unknown,,0,0,1,https://www.nj.gov/labor/employer-services/warn/,59469e1fb969721b47819160eadd0e3f9767dc65e26ee0fc81dac985,f6f8f807c9f7d62790ce99bb6c7ce5acbc81b755,2026-07-16,2026-07-23
NJ,"Solgar, Inc.",Lyndhurst,,2013-05-17,107,unknown,,0,0,1,https://www.nj.gov/labor/employer-services/warn/,9064a9af3ce380a61c1bfff6708dba8fdb677364c0e696f223ed371b,e4dc0e8322d985f734109d9339c4d571f32ac286,2026-07-16,2026-07-23
NJ,Solix,Parsippany,,2018-12-31,149,unknown,,0,0,1,https://www.nj.gov/labor/employer-services/warn/,2d340d0a02033125700e9ef4fedcfdd4a68fcfea9294d4532361fedc,32d013232b6a169c2b89cc00333d605fe755f6cd,2026-07-16,2026-07-23
NJ,Sony Electronics,Park Ridge,,2014-05-02,100,unknown,,0,0,1,https://www.nj.gov/labor/employer-services/warn/,3816a6f0cefd4c44fdc3f86353cc25a55c3f1c3acd1be4ed009c8389,4ff9ad6e4da6ccb5f41de7685b1f679bad7cdf81,2026-07-16,2026-07-23
NJ,Sony Music Entertainment,Lyndhurst,,2011-08-28,70,unknown,,0,0,1,https://www.nj.gov/labor/employer-services/warn/,32bed399b24698b84a90717866af84a053b57fcf76000b8f9f15f275,703f37e3620c3fdee651eac4218e9512d89dbf40,2026-07-16,2026-07-23
NJ,Sony Music Holdings Inc.,Pitman,,2011-03-18,300,unknown,,0,0,1,https://www.nj.gov/labor/employer-services/warn/,59eece9e349573de09aad6be8a41cf74c01fd14a5a2d360ab8f298a2,49169465601867d0df67ab6439358ac06838fd57,2026-07-16,2026-07-23
NJ,South Jersey Times,Woodbury,,2014-06-06,46,unknown,,0,0,1,https://www.nj.gov/labor/employer-services/warn/,a68bf614ade71de0b83c6f05829e88a50b150939559f57dfd1d45609,68d313d1b45035d497f772574c9007c6dadbdc41,2026-07-16,2026-07-23
NJ,Southwest Airlines Co.,Dallas,,2019-11-03,118,unknown,,0,0,1,https://www.nj.gov/labor/employer-services/warn/,cd652c4ba5d6445c1770c1cce399b0f4435afdabf8bf9a12166142a3,9cb621688d5799eab9b97cd598fdc79aa68b02a5,2026-07-16,2026-07-23
NJ,"Specialty MD, Inc.",South Plainfield,,2020-03-22,28,unknown,,0,0,1,https://www.nj.gov/labor/employer-services/warn/,ae6f2238af26ec7e7cf5a6469a39104e8bd701ef80f66446ba09195c,231c9c9300b8d72ac09f400d144893df7d0f43e5,2026-07-16,2026-07-23
NJ,Spectra Laboratories,Rockleigh,,2026-04-07,57,unknown,,0,0,1,https://www.nj.gov/labor/employer-services/warn/,13c87d8f6945ee53d85c1f97350b4aab4eebd04a70730e59d477b909,b65db351177535f9db95961bfad3c8ef6769dd2d,2026-07-16,2026-07-23
NJ,Spectra Labs,Rockleigh,,2025-12-17,96,unknown,,0,0,1,https://www.nj.gov/labor/employer-services/warn/,4595fedaf51c63cc0aa4e0f39aaa2d00ca0e4077453176acacedb6c3,5ec2cf9a477ee4993f8887272bb47d0cea9d7cac,2026-07-16,2026-07-23
NJ,Spectrum Pharmaceuticals,Henderson,,2019-03-15,2,unknown,,0,0,1,https://www.nj.gov/labor/employer-services/warn/,e8ac4ad1c2c88ba90a2a6763cdad04b675eba384a670fbb2fc82dc41,f0268e9e2cfc389ec05ede989bb230ba4b941aa6,2026-07-16,2026-07-23
NJ,Spiral Binding,Totowa,,2025-10-27,137,unknown,,0,0,1,https://www.nj.gov/labor/employer-services/warn/,3254990c9a6489e0c1c706393c9fc18fe99d4f8cdfb63505553087f8,1e640582f4a9d8a2df7fc1b621584146f36e263a,2026-07-16,2026-07-23
NJ,Spirit Airlines,Newark,,2026-05-02,201,unknown,,0,0,1,https://www.nj.gov/labor/employer-services/warn/,3080733505e6a1de04b63e5ba09f263b112c5539102d0e0f814ab749,d4e89f01d884282c054e9764cf19e2d2a21e555d,2026-07-16,2026-07-23
NJ,Spirit Airlines Inc.,Egg Harbor Township,,2020-10-01,59,unknown,,0,0,1,https://www.nj.gov/labor/employer-services/warn/,dd8f7d84c9831a26af9b2e2a8992df7ea522d38a92d60e09fe724bfd,00b1d8b522ed2139c9e52b5a1a0be61eb0c1c3ac,2026-07-16,2026-07-23
NJ,"Spirit Airlines, Inc,",Miramar,,2020-10-31,1,unknown,,0,0,1,https://www.nj.gov/labor/employer-services/warn/,64a83ff99171d826dc917b1ad4d80d2efa65a1eb2d7c64b1985ea974,cf4dcfe6ff758bcc25bbf97128b61713f1a8704a,2026-07-16,2026-07-23
NJ,"Sports Authority, Inc. - New Jersey Distribution Center #843",Burlington,,2016-06-10,88,unknown,,0,0,1,https://www.nj.gov/labor/employer-services/warn/,64d18404820d318fa9838ca38d48b5d6575dc3895ef185e03dae8614,9880ade54acec0018122e2dd8d5a0547b1342a49,2026-07-16,2026-07-23
NJ,Squeezed,East Rutherford,,2020-03-09,,unknown,,0,0,1,https://www.nj.gov/labor/employer-services/warn/,a532c2cfe829dd3a1f8b497a6e81fd236368b05bd2fc6c5ad00d6117,0e1343a0fdcaeb348074e4768041aa98d9187a20,2026-07-16,2026-07-23
NJ,St. Barnabas Health Care,Toms River,,2006-12-31,161,unknown,,0,0,1,https://www.nj.gov/labor/employer-services/warn/,487d3185b88a16465c8c59721309c7c18c3dca41c491525ac150bd2f,eb052f929f63b9dbe8e021c8d2b0815db50c0929,2026-07-16,2026-07-23
NJ,St. Francis Life Care Corporation (dba Franciscan Oaks),Denville,,2016-04-30,257,unknown,,0,0,1,https://www.nj.gov/labor/employer-services/warn/,b0fa80def01499dab90493a56ddd3c10a0efaa8cd3580335571e3165,974cb7b14e0adada45cb90547bfdcf6aab97cddf,2026-07-16,2026-07-23
NJ,St. Joseph's Regional Medical Center:DSS Program,Paterson,,2017-10-13,8,unknown,,0,0,1,https://www.nj.gov/labor/employer-services/warn/,db5c44c7fed8e9fb373e7cd9f5393915d301f9e1091c3efc1858496c,713d4a32a579e8c65e5413ee3d7ccce1838b6830,2026-07-16,2026-07-23
NJ,St. Mary's Catholic Home,Cherry Hill,,2015-12-01,50,unknown,,0,0,1,https://www.nj.gov/labor/employer-services/warn/,fe22013557b0bafc8f6bc585c53e2db9134d45bd137d81caf5d95e6b,bbba8cce4cdd13adde5c7f2d0bb342d6f64bd96c,2026-07-16,2026-07-23
NJ,St. Mary's Hospital,Passaic,,2014-03-17,1179,unknown,,0,0,1,https://www.nj.gov/labor/employer-services/warn/,f8ad4965de12a87badc9a3badb47d8ad4362c545403e5d978e35b82b,0280885718b0ecb645f9449d2bc2276c4ecdb5c4,2026-07-16,2026-07-23
NJ,Staffing Solutions Organization LLC,"Albany, NY",,2023-05-05,58,unknown,,0,0,1,https://www.nj.gov/labor/employer-services/warn/,c6132400584bc71ea6a6b7e6b0a9fdaf8723cac38dbce3ff9545a7aa,cda285d0d2e71fbc1880d0eea0becf18071bae9a,2026-07-16,2026-07-23
NJ,Stanley Black & Decker,Kennilworth,,2020-08-28,119,unknown,,0,0,1,https://www.nj.gov/labor/employer-services/warn/,f4f3397383f89b3f753e7a39b35d99575a060a36d6ef63b68b7de491,94bec0524b3764e599b80cb0ebf40ae9e55aa4a7,2026-07-16,2026-07-23
NJ,Staples,Monroe,,2012-10-26,110,unknown,,0,0,1,https://www.nj.gov/labor/employer-services/warn/,9a3d1d1125499a5bb9affb08547f6b7dca7923a97a5d55d6099e4829,1be71b392198c05d0e5697da534300bac0d2e73a,2026-07-16,2026-07-23
NJ,Staples,Various locations throughout New Jersey,,2024-08-16,124,unknown,,0,0,1,https://www.nj.gov/labor/employer-services/warn/,8caed81c31fbae6e71af67a8cc84a00d20a1a584b197a116a2e511ee,72b12141a890c5abd8faaccead21f0045ec8ad69,2026-07-16,2026-07-23
NJ,Staples Contract & Commercial LLC,Secaucus,,2021-08-13,194,unknown,,0,0,1,https://www.nj.gov/labor/employer-services/warn/,bf8af7af8886c45f92e743015f2e65fd06416feedbe6d0956a6fcec2,dd936c2cad93d19ef25f107dbcb60eaa0df2b376,2026-07-16,2026-07-23
NJ,Star Ledger,Newark,,2014-06-06,470,unknown,,0,0,1,https://www.nj.gov/labor/employer-services/warn/,42a82baed1b4407f99906b2e88d63d4d17662f5a63ac20fa3cd1489f,1a304406ea918adb4c9ab1e6b0d4c9530453bbe6,2026-07-16,2026-07-23
NJ,Starbucks Coffee Company,"West New York, Fort Lee, Morristown, Whiting Commons",,2026-01-25,47,unknown,,0,0,1,https://www.nj.gov/labor/employer-services/warn/,b24f242b7c316cffb91981210ebb8fc211727b9b6bc31ef1550302a5,d949e508323db1b0fcc51365467fb0d2eb844ae4,2026-07-16,2026-07-23
NJ,Starplast USA,Bridgewater,,2022-03-31,23,unknown,,0,0,1,https://www.nj.gov/labor/employer-services/warn/,35887f0abbd168c9799343c34c5e451e8cce8d123cd5dc9f69b61530,f95036d63af231504e6ac5cc73b46934027ab980,2026-07-16,2026-07-23
NJ,State Farm Insurance,Parsippany,,2012-02-29,500,unknown,,0,0,1,https://www.nj.gov/labor/employer-services/warn/,0ce9c510906e67c7be821f6796cfb8ada5fa508d9d0c2c757e162401,ca4ce7d1cb335a0a9de02a5610a80cb4a46edfe8,2026-07-16,2026-07-23
NJ,State Farm Mutual Automobile Insurance Company,Parsippany,,2016-10-31,77,unknown,,0,0,1,https://www.nj.gov/labor/employer-services/warn/,477d227e564ca21d7a19fe129b152a1b6624698b7855e7f89e2c7440,8f7d2da82698141c108ff8d6b93171cc3f92a6c2,2026-07-16,2026-07-23
NJ,State Street Bank & Trust,Princeton,,2011-05-02,270,unknown,,0,0,1,https://www.nj.gov/labor/employer-services/warn/,cb454496d411d3caa4d0a27b7019179c847b150c89e24dd21ee17449,24f885b00cd62d4ca31f619e28408f8b2b75cf6a,2026-07-16,2026-07-23
NJ,Stockton University compass group,Egg Harbor Township,,2020-03-11,4,unknown,,0,0,1,https://www.nj.gov/labor/employer-services/warn/,497a2512d175b18b2a7733dc92687b284792b911e34e81ea5a71f19a,acb84884eead231081cb8ea45f5ab9ed3fbc3c9e,2026-07-16,2026-07-23
NJ,Strauss Auto,South River,,2012-06-04,384,unknown,,0,0,1,https://www.nj.gov/labor/employer-services/warn/,6557f0ee2c2e489fe0fe36cd220ee1796f8cb5616f279af8343791d5,7947a506dc8ee6128ae98999ba450a5bfac59d29,2026-07-16,2026-07-23
NJ,Summit BHC New Jersey,Bridgeton,,2025-07-30,96,unknown,,0,0,1,https://www.nj.gov/labor/employer-services/warn/,ea0690aea0e0975d3cb83fa266ed1f278811e3b6b47571835b9060d3,5a497fc0d26ade579199805c05e9380cd4181caf,2026-07-16,2026-07-23
NJ,Summit Medical Group,Berkeley Heights,,2012-06-09,7,unknown,,0,0,1,https://www.nj.gov/labor/employer-services/warn/,0d5feccc35407fef7c20f4aa8c3fe46876f07a9122322306ba0ea2f1,4aa0a9ba162e3dfa0d12ae6d976da1c0605ac9c6,2026-07-16,2026-07-23
NJ,Sun Pharma,Cranbury,,2019-01-31,96,unknown,,0,0,1,https://www.nj.gov/labor/employer-services/warn/,060879b2a37e51e74b5c6ba7697985a572578131053431d149d5c744,c44bb4b917be66103ce11753388b638bbd47a448,2026-07-16,2026-07-23
NJ,Sunoco,Bloomfield,,2020-03-18,1,unknown,,0,0,1,https://www.nj.gov/labor/employer-services/warn/,c6bd20c1832f431b27d614bb592d866a53a4604c4b91a3551ef90c04,5ea0f892107169f250205a844d6424bf9a48cd04,2026-07-16,2026-07-23
NJ,Super Fresh Food Markets-Ocean City,Ocean City,,2015-11-26,171,unknown,,0,0,1,https://www.nj.gov/labor/employer-services/warn/,7295e7540e0fef78f704f09d5be8c3e134fb8740e7eb244733a1dc15,7642da651a2001345a2eb48c02033e073a0c46eb,2026-07-16,2026-07-23
NJ,Super Fresh Store 404,East Windsor,,2011-04-15,83,unknown,,0,0,1,https://www.nj.gov/labor/employer-services/warn/,3bbd92b21ad20b3608d6c0f775a39cd89a98104dd8c5d4d4088f491e,405fd7949116ad621400b5a4ecf6c775abe19f3b,2026-07-16,2026-07-23
NJ,Super Fresh Store 420,Hamilton Twp,,2011-04-15,80,unknown,,0,0,1,https://www.nj.gov/labor/employer-services/warn/,22116c43e02c097142996e69e71742f34510ab68a0685565585a317c,a62467c690b396ec7d167bfc20560640a624c8a7,2026-07-16,2026-07-23
NJ,Super Fresh-Manahawkin,Manahawkin,,2015-11-26,75,unknown,,0,0,1,https://www.nj.gov/labor/employer-services/warn/,6658e7b428cc3018a25971a2af072acc5ba9f7dd0d8de27ff4bb7b3a,8a377780e5605459cd624acd6233ade11e110721,2026-07-16,2026-07-23
NJ,Superfresh,Plainsboro,,2013-01-11,89,unknown,,0,0,1,https://www.nj.gov/labor/employer-services/warn/,f221503ccc2b2cb4ed7fcaf3f2b350898082ca15125e286311a03319,21d49823bffcd5c4d648966a7aa1473cb39b9a8d,2026-07-16,2026-07-23
NJ,Superfresh,Westmont,,2013-01-11,98,unknown,,0,0,1,https://www.nj.gov/labor/employer-services/warn/,b879aad1dfec76ec80811da88c6fa4b94a31eda1f8aaff3f008142af,33a137e6bfaffc3f231c1f06c96bdd1716c7bb28,2026-07-16,2026-07-23
NJ,Superfresh,Marlton,,2013-01-11,48,unknown,,0,0,1,https://www.nj.gov/labor/employer-services/warn/,4d7f4b8d2bd2ea0755c72a726e0159c67989e6262214e3f124899496,63d079af714ae148e31eeaef5d1fd7f4c4dbf762,2026-07-16,2026-07-23
NJ,Susquehanna,Vineland,,2011-12-07,32,unknown,,0,0,1,https://www.nj.gov/labor/employer-services/warn/,3af98be920fbc315cff78551caef3e06c6e5eea89319a715693c723b,50a4e0931db24e9f53afd3917893edc7bca84462,2026-07-16,2026-07-23
NJ,Swissport Cargo Services Inc.,Newark,,2024-02-19,378,unknown,,0,0,1,https://www.nj.gov/labor/employer-services/warn/,d5a7444dd7bd313b13c035dee65c71646ebf2999e8e57c0db232bd68,a0bb39124013334f77d476e9291300355a103cd1,2026-07-16,2026-07-23
NJ,Syms Corporation and Filene's Basement,Woodbridge,,2012-01-09,37,unknown,,0,0,1,https://www.nj.gov/labor/employer-services/warn/,9ed1004374ed6c2e35ca980fed9116ec7dcd3d99b6a5c1a01d990890,ac8ad57589241beb3ceee60de3b605dcdf898e0f,2026-07-16,2026-07-23
NJ,Syms Corporation and Filene's Basement,Cherry Hill,,2012-01-09,27,unknown,,0,0,1,https://www.nj.gov/labor/employer-services/warn/,0577b49e88a22f4d534e9afdc27b90f0b4786bf35b6d2cd0cb38ceac,c3bd4cdf29801dca573201b4c6f8969d61a7ac7e,2026-07-16,2026-07-23
NJ,Syms Corporation and Filene's Basement,Paramus,,2012-01-09,60,unknown,,0,0,1,https://www.nj.gov/labor/employer-services/warn/,b60ea237babbc76229109b60406b1663716dd9cc949f38fbd9465564,d593e1f0a99610bc4050c745a79fef7e7c86e8aa,2026-07-16,2026-07-23
NJ,Syms Corporation and Filene's Basement,Secaucus,,2012-01-09,106,unknown,,0,0,1,https://www.nj.gov/labor/employer-services/warn/,31acb4c79a2358cfb6ce23a944f67c62a5e91b81b8902f808adee25a,d638cbb4a72601b09131d5504ca0cda59c748d46,2026-07-16,2026-07-23
NJ,T & M Repair Company,New Brunswick,,2013-12-12,14,unknown,,0,0,1,https://www.nj.gov/labor/employer-services/warn/,44e96bb7c799470c24de67c90d6b9a6307db46da45ae6d6d1b39891d,31a0ac8003238453ac514eaaa4cfc98987f9a19b,2026-07-16,2026-07-23
NJ,T Mobile USA Inc.,Various locations throughout NJ,,2023-11-23,50,unknown,,0,0,1,https://www.nj.gov/labor/employer-services/warn/,86f21e399535ce35b67b2356dcdc5c9c07cecb9c8ac018bb25c40bd9,1ffc47de15b6b62f5f94e1a8dd110e83e0fff7fd,2026-07-16,2026-07-23
NJ,T-Mobile USA,"Bellevue, WA (Statewide in NJ)",,2026-04-21,78,unknown,,0,0,1,https://www.nj.gov/labor/employer-services/warn/,33c0d0c78d01ad0eab5143ca1116565cb7a9f40328d113b51123d615,a0609ffdde97991eaeb40b3ea3ccaaf9ebcf084b,2026-07-16,2026-07-23
NJ,TARGET SOURCING,PISCATAWAY,,2006-04-03,32,unknown,,0,0,1,https://www.nj.gov/labor/employer-services/warn/,d28441be0443349b286b716b04e54bf1e4966c6ffc730c35f7ee8a6e,95524897688b8d62c0a7c0282fa60481662e9978,2026-07-16,2026-07-23
NJ,TD Bank,Cherry Hill,,2024-01-12,54,unknown,,0,0,1,https://www.nj.gov/labor/employer-services/warn/,c575778db8c7c3d640cb0fea0b8f41d0f72cb1bb560327a3bab818a9,7abb0aed5290862674db7560e539d3b2db8daa26,2026-07-16,2026-07-23
NJ,TD Bank,Various locations throughout NJ,,2023-10-23,88,unknown,,0,0,1,https://www.nj.gov/labor/employer-services/warn/,bb54d0364d2b528db4983d92142d1cb7dda0debba6dfb571d3bdc6b5,ddbf1f236e10951e2e9df5bc1926e986a6394728,2026-07-16,2026-07-23
NJ,TD Bank N.A.,Cherry Hill,,2025-03-31,52,unknown,,0,0,1,https://www.nj.gov/labor/employer-services/warn/,4cd5ff636f2509d6936caea79e0b8a10f17e08aa9688a6efd3582a52,142117c0e651ff6f1283d8398dda08296c3f0b0a,2026-07-16,2026-07-23
NJ,TD Bank N.A.,Mount Laurel,,2026-01-02,74,unknown,,0,0,1,https://www.nj.gov/labor/employer-services/warn/,7f80e67787150dc26064d719ffccde54ee1177461381a6a277a8a84a,dab309cacd36bfe0f661ac413f547ee24343d271,2026-07-16,2026-07-23
NJ,TD WATERHOUSE,JERSEY CITY,,2007-04-01,131,unknown,,0,0,1,https://www.nj.gov/labor/employer-services/warn/,73522bfa7f53d1496c73fef4362b2a03aef8bd6f17e9a6ed0e76dceb,576f7d9049170e10891d36e037dfe7568555b5d5,2026-07-16,2026-07-23
NJ,TE Connectivity,Budd Lake,,2018-08-31,43,unknown,,0,0,1,https://www.nj.gov/labor/employer-services/warn/,d99fd918d7018ac538c837b5a059bbf08fa7825138c1e68b66a66cf1,4144472792c06b7c504e652407b0894c3593877e,2026-07-16,2026-07-23
NJ,TE Connectivity,Morristown,,2012-11-19,20,unknown,,0,0,1,https://www.nj.gov/labor/employer-services/warn/,62d5cc4935251aea5d1b8154c9f49503a9f93f737cbccc69cff8e504,4da7e7940512abfe59097429669898c2246cd97c,2026-07-16,2026-07-23
NJ,TECOM-Vinnell Services,Ft. Monmouth,,2011-04-11,130,unknown,,0,0,1,https://www.nj.gov/labor/employer-services/warn/,8e211c4b20c7845539ee979fb7875d721f02f528c8af5086af9237f2,5872acdff20d40362dbe3584d9fda2cc0b3ba200,2026-07-16,2026-07-23
NJ,TEKsystems,Secaucus,,2025-08-12,58,unknown,,0,0,1,https://www.nj.gov/labor/employer-services/warn/,3e808169d491213f797e171b069e0886f4bc272545fbaf9de16ca3e2,8a654ffb8635e536460d07677f36c9a42c83be5e,2026-07-16,2026-07-23
NJ,TEST TECHNOLOGY,MARLTON,,2007-08-03,58,unknown,,0,0,1,https://www.nj.gov/labor/employer-services/warn/,ca1bc4dbbbc0ce6c8871f60ee91a53efdeabc8eab5f6347dbaf59d01,65899502779556160585fd875b0901ec133597ef,2026-07-16,2026-07-23
NJ,TEVA PHARMACEUTICALS,NORTHVALE,,2008-04-25,155,unknown,,0,0,1,https://www.nj.gov/labor/employer-services/warn/,cc589982660216f1baca74466f5aa63980c64862cfd09fe683d74113,6aa55ca27efe1f340f42601424274523910f9b56,2026-07-16,2026-07-23
NJ,THE CHILDREN'S PLACE SERVICES CO. LLC,SECAUCUS,,2009-06-13,341,unknown,,0,0,1,https://www.nj.gov/labor/employer-services/warn/,b2dd851492620006f3f69a4ee4bc119f5250b4c91361da47042745a2,266d0d17d7715d461baddfdea2941140fc67b1ed,2026-07-16,2026-07-23
NJ,THE EVENING JOURNAL ASSOCIATION,JERSEY CITY,,2009-04-13,144,unknown,,0,0,1,https://www.nj.gov/labor/employer-services/warn/,f1b0e3f75da831a311056fdb481522ecfe4a8d44c49b3caba7eb8462,c90c1a992cfb622ab60650aa97273df93758f206,2026-07-16,2026-07-23
NJ,THE HOME DEPOT,PARAMUS,,2009-04-26,106,unknown,,0,0,1,https://www.nj.gov/labor/employer-services/warn/,e71d2d4c41e0acac62f884d154764028c01b1d6963668cd7dcc15291,2368181a3260c08d6ea6a37b3b8648ac5c26a889,2026-07-16,2026-07-23
NJ,THE HOME DEPOT,BRIDGEWATER,,2009-04-26,99,unknown,,0,0,1,https://www.nj.gov/labor/employer-services/warn/,5b612d3627791a2f03d4e26d3534365f1c5d05df3671904114aaef42,b4770cf10c69857162ab72e82248d668f1a76cac,2026-07-16,2026-07-23
NJ,THELEN,FLORHAM PARK,,2008-11-30,645,unknown,,0,0,1,https://www.nj.gov/labor/employer-services/warn/,d3f05303637a3802dded098033509fd93b7828ec11f0f743181d9747,d2a84c267c10d9c6aeb96f20035e8cbaca7d0ee0,2026-07-16,2026-07-23
NJ,"THOMSON, INC",PRINCETON,,2010-08-27,62,unknown,,0,0,1,https://www.nj.gov/labor/employer-services/warn/,e3dc1e78c4f732cc419630d797ff98673ee772a16b3858f78117ef79,e636da337013aea30079ac6eb224aac381cfa032,2026-07-16,2026-07-23
NJ,TIER TECHNOLOGIES,TRENTON,,2005-01-15,63,unknown,,0,0,1,https://www.nj.gov/labor/employer-services/warn/,025b3db22d26deae17d02442b466cbf8ba7ea0408d9790e419148459,7c1c0ab269c9989f1beacd88faed528cccfb0647,2026-07-16,2026-07-23
NJ,TIMES OF TRENTON,TRENTON,,2009-01-05,151,unknown,,0,0,1,https://www.nj.gov/labor/employer-services/warn/,96f3ff930dd43c7f922b2f7902e73be10678fea19b18a1b15ba2202a,06f4dd3dd92cacf703927749b1554e44ffc72f27,2026-07-16,2026-07-23
NJ,TINNERMAN PALNUT,MOUNTAINSIDE,,2007-10-22,114,unknown,,0,0,1,https://www.nj.gov/labor/employer-services/warn/,075f066eb89002121789d91545de45518a8e7a5d039f95179fd2dfb3,df4ac3c56a8b2d2c9da72814600d5f5051d2bb94,2026-07-16,2026-07-23
NJ,TITAL TOOLS,OAKLAND,,2008-05-01,61,unknown,,0,0,1,https://www.nj.gov/labor/employer-services/warn/,a010641cffd12ac41167a2c9de1de891c260ca859884a7a3166310be,f84c0b9222a707fd7014d214d0fb3073abd87e0f,2026-07-16,2026-07-23
NJ,TITAN TOOLS,OAKLAND,,2006-01-01,50,unknown,,0,0,1,https://www.nj.gov/labor/employer-services/warn/,8e1aabead42c843910b684d0743c762279a02856e47b0db3a4c8cb89,38053c668f2c56e5bb8175b809470d2a75da15d1,2026-07-16,2026-07-23
NJ,TOPPS MEAT COMPANY,ELIZABETH,,2007-10-05,80,unknown,,0,0,1,https://www.nj.gov/labor/employer-services/warn/,df92e9501d8bd0f3a25c649788d5f4170db54e296e377e24d48f3c9c,d56cfba165e4e2a00e5b8260a98589094ed7a09b,2026-07-16,2026-07-23
NJ,TOYS R US,SOMERSET,,2007-01-31,18,unknown,,0,0,1,https://www.nj.gov/labor/employer-services/warn/,18f52b524bd95d3178b47540e06a73aec44b40a40ef93f8b4f6a8515,d935e506c33037fe4a793637b6e25b2bb2228d4f,2026-07-16,2026-07-23
NJ,TRANE,PISCATAWAY,,2008-06-30,40,unknown,,0,0,1,https://www.nj.gov/labor/employer-services/warn/,021d06ba079342d8054a9f424a17c8d2d4ee7532fbd532fcd917c320,fa68e62819f5c4badae71e0da86bdb507fcc8296,2026-07-16,2026-07-23
NJ,"TREE OF LIFE, INC.",NORTH BERGEN,,2009-10-23,10,unknown,,0,0,1,https://www.nj.gov/labor/employer-services/warn/,5786ece9b708b0dfeca4b4888fe3c5158213b04a9b996ba85b3ad4f8,35d7c9fe92f6531fe6c922da0ed1657daabc5c1c,2026-07-16,2026-07-23
NJ,TREESDALE PARTNERS LIMITED LIABILITY COMPANY,New York,,2019-11-18,1,unknown,,0,0,1,https://www.nj.gov/labor/employer-services/warn/,af96d6715f641b239d5072b0d841be16945a4cc014b87029d6ffb588,8789af227b0e56e60951b4f8f86dedeeec16b2af,2026-07-16,2026-07-23
NJ,TRI-COUNTY COMMUNITY ACTION PARTNERSHIP,BRIDGETON,,2009-10-01,81,unknown,,0,0,1,https://www.nj.gov/labor/employer-services/warn/,f9425106504cd7e7d4b657bcdfd3127dbb7bba550107aa60084fa635,7a785797ba6bf92a092730546f1c37858e6b24df,2026-07-16,2026-07-23
NJ,TRI-STATE TRANSPORTATION,NEWARK,,2009-10-30,62,unknown,,0,0,1,https://www.nj.gov/labor/employer-services/warn/,404a26db211d33a9e64a347b1fa95228c7c4739b99ca64e4c20146c1,35c2663ae5a2c7c85bee9a707798290350fc3a52,2026-07-16,2026-07-23
NJ,TSuper Fresh Food Markets-Wildwood,Wildwood,,2015-11-26,138,unknown,,0,0,1,https://www.nj.gov/labor/employer-services/warn/,08680858a65e407ba85e1badd9e288088bba8b2c27036582f79976fc,6ff781f4fa79b44a75a02b314401dedd8a48c77b,2026-07-16,2026-07-23
NJ,TTEC Government Solutions,Egg Harbor,,2026-01-26,120,unknown,,0,0,1,https://www.nj.gov/labor/employer-services/warn/,d951200de7d58fa8f1f8841ad28ffc1c21b06094ede0451462e3cf75,0701eb1a9b16c008a10825eb28b846d0610d9911,2026-07-16,2026-07-23
NJ,TUSCAN,UNION,,2005-01-19,388,unknown,,0,0,1,https://www.nj.gov/labor/employer-services/warn/,22ec5d45614581de7728e44d2576e80f353a60a096920aa81869a3a3,9f2d34eafdefebf11c0cb7977af98c254beff341,2026-07-16,2026-07-23
NJ,TYDEN BROOKS SECURITY PRODUCTS GROUP,LIVINGSTON,,2010-05-12,74,unknown,,0,0,1,https://www.nj.gov/labor/employer-services/warn/,04e5155f5e7b0e07d8bec31cf2e5e933607361793b03bab32c9e503e,3f76d4cbcaef193548027431bdb061919fce7dc8,2026-07-16,2026-07-23
NJ,TYDEN BROOKS SECURITY PRODUCTS GROUP,PHILLIPSBURG,,2010-07-01,67,unknown,,0,0,1,https://www.nj.gov/labor/employer-services/warn/,5275222f0c39a54284587c8aa382de79271916a659172ac510c0416b,449d35d96565451492ec79060154276fe6546852,2026-07-16,2026-07-23
NJ,Tahari ASL LLC,Millburn,,2018-07-30,101,unknown,,0,0,1,https://www.nj.gov/labor/employer-services/warn/,9b34ee301f6d5e7f836b9e116171dd8a103fc29f03124d59032a5706,3d89221b5ba4c3aa0577fc426d6a4b7fc32452d7,2026-07-16,2026-07-23
NJ,Takasago,Northvale,,2013-09-08,80,unknown,,0,0,1,https://www.nj.gov/labor/employer-services/warn/,1d060c8c799185aca3f3fe54c3edafcd1c60eef8b5a6d95dfd54dab4,cfcdad5294e1f0cb755c95547a8a8c0392f9fea9,2026-07-16,2026-07-23
NJ,Targa Investments Inc,Lambertville,,2021-09-10,182,unknown,,0,0,1,https://www.nj.gov/labor/employer-services/warn/,6f10f223c42a40e59706ca96835596fb05c5856efa6181c16e053be0,322035e16e4cec2387d5f5b803c189e75708aa57,2026-07-16,2026-07-23
NJ,Target,"Burlington, Gloucester, Middlesex, Monmouth",,2026-05-17,107,unknown,,0,0,1,https://www.nj.gov/labor/employer-services/warn/,73deea60349f16df38daf583c0570b6cbb9b06e5ce8d4a96e5819ff9,a75f6922247b52e24eb67097820b590d4935c780,2026-07-16,2026-07-23
NJ,Teleflex,Lumberton,,2013-02-01,153,unknown,,0,0,1,https://www.nj.gov/labor/employer-services/warn/,2c1869685218671d8a500bda3be3e1b9cbf2ae556f68024ecff26e7c,b34980dfa0d63dab198fb3c7dc09803dd2b0d8c4,2026-07-16,2026-07-23
NJ,Teleperformance USA,Mahwah,,2020-07-31,72,unknown,,0,0,1,https://www.nj.gov/labor/employer-services/warn/,d152b1919157dbb7cc3cb91e176f42a7ffc58b2e7686d49c314a9277,63bc6c1de966223c632a91a75f1fba84c32cb4ee,2026-07-16,2026-07-23
NJ,"Teligent, Inc.",Buena,,2021-12-17,133,unknown,,0,0,1,https://www.nj.gov/labor/employer-services/warn/,14b5da7c30d1846268830dd5386a0ba73f43b515fcad4293d9a991a3,5b5f747a68c3c62cdc32bc2a98f88a6f20874239,2026-07-16,2026-07-23
NJ,Tessler & Weiss,Union,,2017-12-31,150,unknown,,0,0,1,https://www.nj.gov/labor/employer-services/warn/,b7a225c1fcde1cc226816f9e098b06aae441d8912d29b0500a107137,a0e7d9467d93fe3eed0ab4de7f895da69b403bf6,2026-07-16,2026-07-23
NJ,Teva Pharmaceuticals,Elizabeth,,2018-05-15,101,unknown,,0,0,1,https://www.nj.gov/labor/employer-services/warn/,d19c2ba9c0633bf3e6a76c6bb6239af0bf1cea0011c44268f61a2fc1,a3c540045de27341855f5970c6d43337d1572e4a,2026-07-16,2026-07-23
NJ,Teva Pharmaceuticals,Parsippany,,2018-01-04,46,unknown,,0,0,1,https://www.nj.gov/labor/employer-services/warn/,b3e29a7105027d2e47c23bccf2541884bd89b4dce439655b36deb831,da5830c21539bda3adf78a2ec22461c1e1242886,2026-07-16,2026-07-23
NJ,"Textiles from Europe, Inc. d/b/a Victoria Classics",Edison,,2015-09-21,14,unknown,,0,0,1,https://www.nj.gov/labor/employer-services/warn/,49e2306f5d132fc46fda2a0a5a371cee6e7d617b55471b5bad754df8,3364b434ce58d3ec7b5a36ccf81a04070a01dec8,2026-07-16,2026-07-23
NJ,Thayer Distribution,Gibbstown,,2022-11-21,128,unknown,,0,0,1,https://www.nj.gov/labor/employer-services/warn/,2eb14b9098f6ba3a2f512cf7a4391747a9415176ae3aac9e72acfb87,1ae076254f355c3495170afd3b38f67646f22d87,2026-07-16,2026-07-23
NJ,The Atlantaic Club Casino,Atlantic City,,2013-03-29,1729,unknown,,0,0,1,https://www.nj.gov/labor/employer-services/warn/,8ad02223bea69afb750fdd88ab61726bdc01a6191e6340de16e1c17d,eda2d198a5932dc13c5f4b772030cab5209184b2,2026-07-16,2026-07-23
NJ,The Bank of New York Mellon,Lodi,,2011-07-29,98,unknown,,0,0,1,https://www.nj.gov/labor/employer-services/warn/,3580ad34a0d5da123e6fb5cf750cc475032b73c80f0653fa007e9286,6310cb71b1285f7eae6d1497d344df4c029e68b5,2026-07-16,2026-07-23
NJ,The Bank of New York Mellon Corporation,"Pennington, Jersey City, Woodland Park",,2024-01-22,62,unknown,,0,0,1,https://www.nj.gov/labor/employer-services/warn/,3e37bbdbd8f3ace416788a48fe6fbe3a2f93862356af2b55a456b649,5dfb6280d7ad2d6eb6210ecc464a2b01bcf06ad4,2026-07-16,2026-07-23
NJ,The Beverage Works,Wall,,2024-06-03,122,unknown,,0,0,1,https://www.nj.gov/labor/employer-services/warn/,c3f5e7e29c146adc42b2a7a56f534a6ab73e98b47966be2561fabb9c,93519b595e75d924a40afa9cf77eca8de5d2587d,2026-07-16,2026-07-23
NJ,The Brunswick School,Jersey City,,2020-03-31,123,unknown,,0,0,1,https://www.nj.gov/labor/employer-services/warn/,732fbf5b9b2ca4a3342dd8b70c714b450d3ddc799d943d635df89e70,8e48fec036d94125a2898ef44a2cd99b4c96c9bd,2026-07-16,2026-07-23
NJ,The Cannabist Company,Vineland,,2026-10-11,86,unknown,,0,0,1,https://www.nj.gov/labor/employer-services/warn/,207c797f1871c39682d33a4a9bbf70cd317fc96a095167568811de5b,2872a615d5cfa759ae774233ef91384527c0e146,2026-07-16,2026-07-23
NJ,The Children's Place,Monroe,,2012-12-31,86,unknown,,0,0,1,https://www.nj.gov/labor/employer-services/warn/,cb15aa341a77cca0dbe395346ea24fd2a9a002acbf03d25022cdbabd,45ae30a6c49ec65ca29943a1fafc2cba2ad5d6a5,2026-07-16,2026-07-23
NJ,The Computer Merchant LTD,"Norwell, ME",,2023-05-05,37,unknown,,0,0,1,https://www.nj.gov/labor/employer-services/warn/,7b4f9e9234ebe5abf55ea420fe77886345c2c9312e5785fe1b20218e,3e5d73e1e71b6ba09f6674f55fdfc3f0ed2c7bbe,2026-07-16,2026-07-23
NJ,"The Dress Barn, Inc.; DBX, Inc., a subsidiary of The Dress Barn, Inc.; Ascena Retail Group, Inc.",Mahwah,,2019-07-22,61,unknown,,0,0,1,https://www.nj.gov/labor/employer-services/warn/,34190edaaf6b011ad0469b6e05a9c5c96ce62d553df1914a95e3166a,b4abb56c9dc7ef6f132db5b585cc4bc4742efc33,2026-07-16,2026-07-23
NJ,The Estee Lauder Companies Inc.,Oakland,,2013-04-01,116,unknown,,0,0,1,https://www.nj.gov/labor/employer-services/warn/,9c0a27fd813d342a7b4a80fe68bc246062b3637fbc81b10a8a22311b,e482ef1336105e50eacbbf18e4d5e63e9e82c5cd,2026-07-16,2026-07-23
NJ,The Fresh Market,Montvale,,2026-04-12,55,unknown,,0,0,1,https://www.nj.gov/labor/employer-services/warn/,17c46241b0416113fbc8565ab8b230f46a6e60c095ec0ad09d33c1a8,eef04e41f66cee42180fcdc8b6f4c8889380d2e0,2026-07-16,2026-07-23
NJ,The GEO Company,Boca Raton,,2017-06-04,84,unknown,,0,0,1,https://www.nj.gov/labor/employer-services/warn/,507e84d000aff7afee51ce47550ce6d393e67444155f555e13a041ca,d944b1ad69d45766bc01d8e37af7434aa6ea753d,2026-07-16,2026-07-23
NJ,The Great Atlantic & Pacifi Tea Company - Pathmark,Old Bridge,,2015-09-19,95,unknown,,0,0,1,https://www.nj.gov/labor/employer-services/warn/,86a5e3f5e3dfe09ea89432afc072204b391d557a04e837b51e9bcebb,b72acb2b2530336c8dfd7ee0921ecb54f861446e,2026-07-16,2026-07-23
NJ,The Great Atlantic & Pacific Tea Co- A&P-Allendale,Allendale,,2015-11-26,104,unknown,,0,0,1,https://www.nj.gov/labor/employer-services/warn/,355122d1d3905f5721590c3b728c598d7c3507f563f9a21ec6c5b45f,139f81dc750c024fe096a8fd2da4e08051ad934f,2026-07-16,2026-07-23
NJ,The Great Atlantic & Pacific Tea Co. - A&P-Basking Ridge,Basking Ridge,,2015-11-26,66,unknown,,0,0,1,https://www.nj.gov/labor/employer-services/warn/,00833a7bba9652af765a9745b0e032985aaecd09759d95ab89309f3a,4a0cc9ba655d55eb3466543bcda39a1e80fd5bc7,2026-07-16,2026-07-23
NJ,The Great Atlantic & Pacific Tea Co. - A&P-Belvidere,Belvidere,,2015-11-26,64,unknown,,0,0,1,https://www.nj.gov/labor/employer-services/warn/,320fcf52f8d0c28d04374a4d3aef0590fe68861701746fe5c0ab6a24,7f39449bdead326e1f46f6bd3eb9ad71f8bb78b9,2026-07-16,2026-07-23
NJ,The Great Atlantic & Pacific Tea Co. - A&P-Blairstown,Blairstown,,2015-11-26,102,unknown,,0,0,1,https://www.nj.gov/labor/employer-services/warn/,4586d08689b29dcd531e89b35e834a91d09c4bb5126f838f317322e3,aff37c8f1184eb2857f87d7dd3f90b308e68b2bd,2026-07-16,2026-07-23
NJ,The Great Atlantic & Pacific Tea Co. - A&P-Bloomfield,Bloomfield,,2015-11-26,46,unknown,,0,0,1,https://www.nj.gov/labor/employer-services/warn/,9c0fee0cbd0a7cb5ac995420a37d6a9976d5282ad6379b32ee6098ab,ce1eee3d1e36a84d45d13443c294dd8383f7f885,2026-07-16,2026-07-23
NJ,The Great Atlantic & Pacific Tea Co. - A&P-Boonton Township,Boonton Township,,2015-11-26,99,unknown,,0,0,1,https://www.nj.gov/labor/employer-services/warn/,24a939ab0bae6558c90d491df316ad75ed5f14ec836cb89c8d8dcc84,771e17237f1fba9f2373f3136039078cc0f3c1c3,2026-07-16,2026-07-23
NJ,The Great Atlantic & Pacific Tea Co. - A&P-Bricktown,Bricktown,,2015-11-26,80,unknown,,0,0,1,https://www.nj.gov/labor/employer-services/warn/,dcbdd282f492c7bc95083151b3c1baa7de6fc031fc0015afaedea5e7,bb82a9eef2f3d5382b45d081e4433374e759bd01,2026-07-16,2026-07-23
NJ,The Great Atlantic & Pacific Tea Co. - A&P-Califon,Califon,,2015-11-26,55,unknown,,0,0,1,https://www.nj.gov/labor/employer-services/warn/,8c2f973705c9f032af3fc4affa606c221aa3371f7d3201d43d7dd380,dcccce210eba4950316996fa1c572ca2b6b3c70e,2026-07-16,2026-07-23
NJ,The Great Atlantic & Pacific Tea Co. - A&P-Clark,Clark,,2015-11-26,125,unknown,,0,0,1,https://www.nj.gov/labor/employer-services/warn/,876a43a16875e0504a47245e234a3a1f1ead7f4600710645d8b15251,e951bcb069008a5947e412696a0acd0e52b8685c,2026-07-16,2026-07-23
NJ,The Great Atlantic & Pacific Tea Co. - A&P-Clinton,Clinton,,2015-11-26,54,unknown,,0,0,1,https://www.nj.gov/labor/employer-services/warn/,1d680ae8b236250e31f910ee4b4281338f969a37ada576293987c121,f30f2fff92a125510405a15ecbb5dc50df04899b,2026-07-16,2026-07-23
NJ,The Great Atlantic & Pacific Tea Co. - A&P-Closter,Closter,,2015-11-26,92,unknown,,0,0,1,https://www.nj.gov/labor/employer-services/warn/,18b4005d75c52f50b509e1e8a3bcfa6ac19d56ed1168c4edd4434f1c,1dedb68dfbee6a4a2199089061f25c45137dcf70,2026-07-16,2026-07-23
NJ,The Great Atlantic & Pacific Tea Co. - A&P-Denville,Denville,,2015-11-26,111,unknown,,0,0,1,https://www.nj.gov/labor/employer-services/warn/,07a6edda0b29e08b7f157d88b332eb4db21db2a1b9ea5c9a5c6c9635,f2470f92fafee9c5ef021342ba176cc42c4a9755,2026-07-16,2026-07-23
NJ,The Great Atlantic & Pacific Tea Co. - A&P-Edison,Edison,,2015-11-26,72,unknown,,0,0,1,https://www.nj.gov/labor/employer-services/warn/,433cf406049dbb979f3d21498cd423c2e733f04a584763006be8645b,cb9d94eb6fa292b2c6077b37ec954451992a877b,2026-07-16,2026-07-23
NJ,The Great Atlantic & Pacific Tea Co. - A&P-Fairview,Fairview,,2015-11-26,100,unknown,,0,0,1,https://www.nj.gov/labor/employer-services/warn/,e26261b8c0af7a7cc6ea86c86bb4ca4a455ba6586458a00ed4714422,bda72d4f7fc5b9b4f59f543d7273dfc2167e8af2,2026-07-16,2026-07-23
NJ,The Great Atlantic & Pacific Tea Co. - A&P-Fanwood,Fanwood,,2015-11-26,72,unknown,,0,0,1,https://www.nj.gov/labor/employer-services/warn/,c51dc92d2511034750faaa5cff1895d34c0888a567b945e742405146,1ca36eccce9a35a653ae8ae79600d99bae3d7e4f,2026-07-16,2026-07-23
NJ,The Great Atlantic & Pacific Tea Co. - A&P-Fort Lee,Fort Lee,,2015-11-26,145,unknown,,0,0,1,https://www.nj.gov/labor/employer-services/warn/,cee28a1c446e47703007f89788448a56efd9d86a6fde433a638be16c,db11adc2064fc2199df09e412f4f206fb4831828,2026-07-16,2026-07-23
NJ,The Great Atlantic & Pacific Tea Co. - A&P-Hackettstown,Hackettstown,,2015-11-26,6,unknown,,0,0,1,https://www.nj.gov/labor/employer-services/warn/,aca522045dad9d112d71dd1ba6b477900a734114b471925cc8c015b9,83e19cb613939b41999df5443588f7f2aff9652e,2026-07-16,2026-07-23
NJ,The Great Atlantic & Pacific Tea Co. - A&P-Haskell,Haskell,,2015-11-26,7,unknown,,0,0,1,https://www.nj.gov/labor/employer-services/warn/,53085d4406265fcad7fce5b5f07269afa95877fa916183480e15c3d1,554a737cd77c3f5d2a2a314cb084b8a81c12328f,2026-07-16,2026-07-23
NJ,The Great Atlantic & Pacific Tea Co. - A&P-Hewitt,Hewitt,,2015-11-26,85,unknown,,0,0,1,https://www.nj.gov/labor/employer-services/warn/,9f2e9e53cb1c2968380f186d9bf589827bf82006b5088137e856d36a,6bad0267fa53989b8db4d74f584f2d87f71c9eaa,2026-07-16,2026-07-23
NJ,The Great Atlantic & Pacific Tea Co. - A&P-Hoboken,Hoboken,,2015-11-26,104,unknown,,0,0,1,https://www.nj.gov/labor/employer-services/warn/,efbe14f6a68001cec95c485304c61ff270dad1411118aafb7c448936,727ee872e2828de902fa01d1b302db7c77aee1e5,2026-07-16,2026-07-23
NJ,The Great Atlantic & Pacific Tea Co. - A&P-Jersey City,Jersey City,,2015-11-26,103,unknown,,0,0,1,https://www.nj.gov/labor/employer-services/warn/,3e4e48266a5cb60ee53d6846b9f4cc2cabcdb865954b914fe7158858,967bcf3a02a278cab7782c552a37af6ff53cb618,2026-07-16,2026-07-23
NJ,The Great Atlantic & Pacific Tea Co. - A&P-Kenilworth,Kenilworth,,2015-11-26,157,unknown,,0,0,1,https://www.nj.gov/labor/employer-services/warn/,ed99bc1fdb5f413567d873a59380fa2075b788ceb8090f71940976af,4eb2672c2d88c9c19e2e0469021dbbd16cd4f353,2026-07-16,2026-07-23
NJ,The Great Atlantic & Pacific Tea Co. - A&P-Ledgewood,Ledgewood,,2015-11-26,13,unknown,,0,0,1,https://www.nj.gov/labor/employer-services/warn/,d515139254eb0e4a42b75f6909d2f3bff9ad2955a7f0774273339043,863d1c8c8d710dd9af4e5cb340a6258a809d90c0,2026-07-16,2026-07-23
NJ,The Great Atlantic & Pacific Tea Co. - A&P-Little Silver,Little Silver,,2015-11-26,62,unknown,,0,0,1,https://www.nj.gov/labor/employer-services/warn/,d95dda0bd96cca5e0e144652fe13eaa39b20b3d2b62b69130cb600cb,7fe50f173a7b6f667aaa43329c7610ccdb8c405c,2026-07-16,2026-07-23
NJ,The Great Atlantic & Pacific Tea Co. - A&P-Mahwah,Mahwah,,2015-11-26,138,unknown,,0,0,1,https://www.nj.gov/labor/employer-services/warn/,95ee20457deaec803c000edfc3b52df6a3973ac9a1cec7cfe8399ccd,e8370aa607c5d1795f4afe5cddf1076b7e64f233,2026-07-16,2026-07-23
NJ,The Great Atlantic & Pacific Tea Co. - A&P-Marlboro,Marlboro,,2015-11-26,64,unknown,,0,0,1,https://www.nj.gov/labor/employer-services/warn/,95066164cdc25d82e68bbd7f73b85a10ebf0d86d6c273c0c4b59577d,6530bb1d2fcdf58f8c95cbca232feafc29d3a550,2026-07-16,2026-07-23
NJ,The Great Atlantic & Pacific Tea Co. - A&P-Metuchen,Metuchen,,2015-11-26,13,unknown,,0,0,1,https://www.nj.gov/labor/employer-services/warn/,9d49c5abb3fc3cb98b7103410267639eb2533eda10927db30b8881cf,6458984e426ad644c915937c1589b2ce4a734939,2026-07-16,2026-07-23
NJ,The Great Atlantic & Pacific Tea Co. - A&P-Midland Park,Midland Park,,2015-11-26,162,unknown,,0,0,1,https://www.nj.gov/labor/employer-services/warn/,0835b0c45b1a72324955358c63b1278e9d969f3641a664a1e66b6767,adad06be42ec8e71274b59a46fc777c26aeef8f2,2026-07-16,2026-07-23
NJ,The Great Atlantic & Pacific Tea Co. - A&P-Milltown,North Brunswick,,2015-11-26,103,unknown,,0,0,1,https://www.nj.gov/labor/employer-services/warn/,438e32df97b72a9738cd4997921e50e8d474437c06205519f6cda504,503aa258d68c5dd4a221c33d66372a3acf994167,2026-07-16,2026-07-23
NJ,The Great Atlantic & Pacific Tea Co. - A&P-Montclair,Montclair,,2015-11-26,76,unknown,,0,0,1,https://www.nj.gov/labor/employer-services/warn/,b04e889898b989ba6f6e8ae541eb0558bd064401f0c8d82fde6c56c5,bb4064644bad45517d6e23ab907aa2a52c7f9f4a,2026-07-16,2026-07-23
NJ,The Great Atlantic & Pacific Tea Co. - A&P-Mt Olive,Mt Olive,,2015-11-26,88,unknown,,0,0,1,https://www.nj.gov/labor/employer-services/warn/,e120d2d044c300cf81b6b961ddd6af3ae47c63987dbca9cf70e5c866,55f890afe65e3dea96c61e6d300e2a3f5cfc7ae4,2026-07-16,2026-07-23
NJ,The Great Atlantic & Pacific Tea Co. - A&P-Navesink,Navesink,,2015-11-26,38,unknown,,0,0,1,https://www.nj.gov/labor/employer-services/warn/,c9b7283170e8bf45b58f7e8f20f4bd1d8c99ab8eac09d149251bc7de,a059ad71cdf797018c78353e89c707f5d5621659,2026-07-16,2026-07-23
NJ,The Great Atlantic & Pacific Tea Co. - A&P-New Providence,New Providence,,2015-11-26,102,unknown,,0,0,1,https://www.nj.gov/labor/employer-services/warn/,7dd1c19e919d8222139d4bcb4739bfc265aa6d53842d0cdc00a52f86,e48835d5440592aefe586e4cf6ebbbbe6288010e,2026-07-16,2026-07-23
NJ,The Great Atlantic & Pacific Tea Co. - A&P-Oak Ridge,Oak Ridge,,2015-11-26,98,unknown,,0,0,1,https://www.nj.gov/labor/employer-services/warn/,00ed740adfc5d9c5d3533c03e5318004cec8183be3f5d989df3c674b,8d58f7438ccfde770ade474cf91b7853ef753749,2026-07-16,2026-07-23
NJ,The Great Atlantic & Pacific Tea Co. - A&P-Old Bridge,Old Bridge,,2015-11-26,116,unknown,,0,0,1,https://www.nj.gov/labor/employer-services/warn/,3a3d9902ffeb8e7ce8d501a01b7443d7ce6ec7fea7843355f69849d4,f1301a209d4accf46dff52a425dfd9526bf69b11,2026-07-16,2026-07-23
NJ,The Great Atlantic & Pacific Tea Co. - A&P-Old Tappan,Old Tappan,,2015-11-26,76,unknown,,0,0,1,https://www.nj.gov/labor/employer-services/warn/,a9c683958a19e80568fe21400de5eaa10a1e6ce2052a6471d5cac389,1b06887c8358ced6aeb9d7865ea24d78eab7b9ff,2026-07-16,2026-07-23
NJ,The Great Atlantic & Pacific Tea Co. - A&P-Ortley Beach,Ortley Beach,,2015-11-26,164,unknown,,0,0,1,https://www.nj.gov/labor/employer-services/warn/,e6be4fb9b61b832d5299e7686f8309e56e616f9a9da3c2ef3106cb1d,8f2228612f3653885bae662df8ed654f07d74052,2026-07-16,2026-07-23
NJ,The Great Atlantic & Pacific Tea Co. - A&P-Park Ridge,Park Ridge,,2015-11-26,88,unknown,,0,0,1,https://www.nj.gov/labor/employer-services/warn/,98058decb1f4ef58c1c5b0979f27bc75d789b1bdccd0bb15b69c7ad0,a1a44d1014f2fb9a8c79842c1d2b8067066e07db,2026-07-16,2026-07-23
NJ,The Great Atlantic & Pacific Tea Co. - A&P-Point Pleasant Beach,Point Pleasant Beach,,2015-11-26,13,unknown,,0,0,1,https://www.nj.gov/labor/employer-services/warn/,57cdc62358e89a56d9b1de64548f0654d4ea144b2425ad3c436fc5a3,ff2e0c58de790862e589a2ef6dcc9f4b1f9402cf,2026-07-16,2026-07-23
NJ,The Great Atlantic & Pacific Tea Co. - A&P-Pompton Lakes,Pompton Lakes,,2015-11-26,100,unknown,,0,0,1,https://www.nj.gov/labor/employer-services/warn/,14a0f8c3ad23007e6fcb1729e1b0676264badd2109bc8c7da969b8a0,11caf14e8be46da5b8e0bc15232c707d6364fe70,2026-07-16,2026-07-23
NJ,The Great Atlantic & Pacific Tea Co. - A&P-Randolph,Randolph,,2015-11-26,87,unknown,,0,0,1,https://www.nj.gov/labor/employer-services/warn/,9ea52b4ddf79ec5bf9376d77d9f1f69d950864f404a12c54a6754326,45c9acb3447e278059464a00863200acb0b4b0f7,2026-07-16,2026-07-23
NJ,The Great Atlantic & Pacific Tea Co. - A&P-Saddle Brook,Saddle Brook,,2015-11-26,97,unknown,,0,0,1,https://www.nj.gov/labor/employer-services/warn/,7a890cbf7fc1b43150e47533536331422860bcf22b3faeece215a2ba,a564b2ff2d1dc2f13a0ed3d1fbecf46c9927a878,2026-07-16,2026-07-23
NJ,The Great Atlantic & Pacific Tea Co. - A&P-South Plainfield,South Plainfield,,2015-11-26,117,unknown,,0,0,1,https://www.nj.gov/labor/employer-services/warn/,c632604d2ecaef46dec0bfbeb7ca83e850ff4732a5394b9251221087,19c76f1fb1946208aa4ad4415104f0e74cf318c9,2026-07-16,2026-07-23
NJ,The Great Atlantic & Pacific Tea Co. - A&P-Summit,Summit,,2015-11-26,10,unknown,,0,0,1,https://www.nj.gov/labor/employer-services/warn/,14943f64558f8c0812a5d5e08c25c9b0bc27f0f6cc5b7bd6dc69188a,ece4fc5610c40e259a7e17975e452d5ac930c289,2026-07-16,2026-07-23
NJ,The Great Atlantic & Pacific Tea Co. - A&P-Sussex,Sussex,,2015-11-26,107,unknown,,0,0,1,https://www.nj.gov/labor/employer-services/warn/,a51be038636f524283b6c26e7dcdeb05e664c2d0e878641e76dc8c13,b94ca35c398fe36e23ea00e546946d12df114af3,2026-07-16,2026-07-23
NJ,The Great Atlantic & Pacific Tea Co. - A&P-Tinton Falls,Tinton Falls,,2015-11-26,76,unknown,,0,0,1,https://www.nj.gov/labor/employer-services/warn/,268bd8b0316fd7ae8edbf42c8bc7d062a172122f35b18fd178c587a6,b8b24007cdfd16a55306298ec5623c94bd827c4e,2026-07-16,2026-07-23
NJ,The Great Atlantic & Pacific Tea Co. - A&P-Township of Washington,Township of Washington,,2015-11-26,81,unknown,,0,0,1,https://www.nj.gov/labor/employer-services/warn/,15712655143a90bcad4cc617b02376ffc282baf79188aa662999216e,8c7f351580db751b4ee1fc6367cf171732ad3d3a,2026-07-16,2026-07-23
NJ,The Great Atlantic & Pacific Tea Co. - A&P-Vernon,Vernon,,2015-11-26,122,unknown,,0,0,1,https://www.nj.gov/labor/employer-services/warn/,43f168535d764a1aac4431d9eb9304907b331d9fabdab1f28c66a925,9a777a3d71987bace5bbb0e7aeb13f99883c4212,2026-07-16,2026-07-23
NJ,The Great Atlantic & Pacific Tea Co. - A&P-Wall Township,Wall Township,,2015-11-26,135,unknown,,0,0,1,https://www.nj.gov/labor/employer-services/warn/,921d3b9b26d73f110421d98d827eaa105825231eeb63e168ce574695,5713d76417bff1d087c2d49a8df40924fc7f8b8d,2026-07-16,2026-07-23
NJ,The Great Atlantic & Pacific Tea Co. - A&P-Warren,Warren,,2015-11-26,82,unknown,,0,0,1,https://www.nj.gov/labor/employer-services/warn/,ac45ce59227aad43559101a0ceb2e00d7747e43ac20622884342ebd6,7f78d0b5354bfb99becb830f1b19da5c6f89e76d,2026-07-16,2026-07-23
NJ,The Great Atlantic & Pacific Tea Co. - A&P-Washington,Washington,,2015-11-26,58,unknown,,0,0,1,https://www.nj.gov/labor/employer-services/warn/,37804df95e17988fb20b4e919598fb30e5110737b5087c2c453d9676,966464a757acf89c3dd536e946c21037c92167a3,2026-07-16,2026-07-23
NJ,The Great Atlantic & Pacific Tea Co. - A&P-Wayne,Wayne,,2015-11-26,81,unknown,,0,0,1,https://www.nj.gov/labor/employer-services/warn/,9d6b757ef2bdb078a282fb9237baa6aa987453507ccc959598dbf66b,c731a35d42f281c0ecc0b54bbdecd1bdf0f3a180,2026-07-16,2026-07-23
NJ,The Great Atlantic & Pacific Tea Co. - A&P-West New York,West New York,,2015-11-26,87,unknown,,0,0,1,https://www.nj.gov/labor/employer-services/warn/,e7e1f66ee8b74b1a4301e35b6c8cc52fcd379797cab2da1aa6679939,dc1c99c3f824371a38ee0dfc26339a62d0296080,2026-07-16,2026-07-23
NJ,The Great Atlantic & Pacific Tea Co. - A&P-Westwood,Westwood,,2015-11-26,12,unknown,,0,0,1,https://www.nj.gov/labor/employer-services/warn/,e27be31dcaae2da3b7db5ebd5dda12a1c5573c1d85376635db0ca1d2,9d6ba70b3b0ed5b32172356d124060198d6ced88,2026-07-16,2026-07-23
NJ,The Great Atlantic & Pacific Tea Co. - A&P-Woodcliff Lake,Woodcliff Lake,,2015-11-26,176,unknown,,0,0,1,https://www.nj.gov/labor/employer-services/warn/,38c4e22668e76344b7a9eaab6271b48321c00126a6d2e9b1e443b600,0461914bf62778a9117cc653d5e3e97538db45f0,2026-07-16,2026-07-23
NJ,The Great Atlantic & Pacific Tea Co. - A&P-Woodland Park,Woodland Park,,2015-11-26,128,unknown,,0,0,1,https://www.nj.gov/labor/employer-services/warn/,6631089de77efaa4a771cc0472d881b80bd179b9edc6b00394ecfb47,0c1eff101b72f26871f02e587a8a5fa160ac7e0a,2026-07-16,2026-07-23
NJ,The Great Atlantic & Pacific Tea Co. - Food Basics-Belleville,Belleville,,2015-11-26,73,unknown,,0,0,1,https://www.nj.gov/labor/employer-services/warn/,2dd9f460068b0616f0aa3d75029ac8dcee380fe5704c96441f33b218,215e281e1f30f51edf5911fba559d8ac5792a07d,2026-07-16,2026-07-23
NJ,The Great Atlantic & Pacific Tea Co. - Food Basics-Fairview,Fairview,,2015-11-26,82,unknown,,0,0,1,https://www.nj.gov/labor/employer-services/warn/,8db0c7023569901f3a21516ca529668ceab866fb3765f1a4ae7e6479,6fb67a0d15b996a0f29d297d48221f19aa00b578,2026-07-16,2026-07-23
NJ,The Great Atlantic & Pacific Tea Co. - Food Basics-Glen Rock,Glen Rock,,2015-11-26,67,unknown,,0,0,1,https://www.nj.gov/labor/employer-services/warn/,708494a808b7c27057468b2b2b00672b40d1fe098f33cd0864dc71e9,1b09c9163f4b5dc0db0845a0daed43f5960ef8e4,2026-07-16,2026-07-23
NJ,The Great Atlantic & Pacific Tea Co. - Food Basics-North Bergen,North Bergen,,2015-11-26,96,unknown,,0,0,1,https://www.nj.gov/labor/employer-services/warn/,0bb00a9430fefdefec2ee99a86eb70b9c00fb6b75e5493acde9a9547,091b081d7da8c2c7046ff105544420542f86a585,2026-07-16,2026-07-23
NJ,The Great Atlantic & Pacific Tea Co. - Food Basics-Passaic,Passaic,,2015-11-26,63,unknown,,0,0,1,https://www.nj.gov/labor/employer-services/warn/,f5d93cd62d37a609c18501d631781f2936e6e8af9670f54b90e7baf2,34525cd13b661cdabaa218bcbe5131cd8cc1afb3,2026-07-16,2026-07-23
NJ,The Great Atlantic & Pacific Tea Co. - Food Basics-Paterson,Paterson,,2015-11-26,81,unknown,,0,0,1,https://www.nj.gov/labor/employer-services/warn/,cf73ac23f93fc2e310f79bbacdfeeb456b4984c1eed5e8c2d9c0f4d3,efaca29e53dc04ab81fe756377723c0c989f0c54,2026-07-16,2026-07-23
NJ,The Great Atlantic & Pacific Tea Co. - Pathmark,Toms River,,2015-09-19,121,unknown,,0,0,1,https://www.nj.gov/labor/employer-services/warn/,a138af43fd6d5b678851d3a1f14e89f63dc598d2563099072c0032dc,35b2b2c10ea26fe341a75138d5acaa97c605faf6,2026-07-16,2026-07-23
NJ,The Great Atlantic & Pacific Tea Co. - Pathmark-Avenel,Avenel,,2015-11-26,86,unknown,,0,0,1,https://www.nj.gov/labor/employer-services/warn/,4b70311748dfaab72a7cca05592efbca0e5a911ef3fb18c8d6acf832,a04c74345323667976b7f22d3a4433e4cbbd28f5,2026-07-16,2026-07-23
NJ,The Great Atlantic & Pacific Tea Co. - Pathmark-Bergenfield,Bergenfield,,2015-11-26,132,unknown,,0,0,1,https://www.nj.gov/labor/employer-services/warn/,403603848cf2d6924ac95a832b6d4c7ba7b504001cded4bef18acb46,2a0beb05c9a6f4ab60919d944d4bf7abd5b00361,2026-07-16,2026-07-23
NJ,The Great Atlantic & Pacific Tea Co. - Pathmark-Bricktown,Bricktown,,2015-11-26,101,unknown,,0,0,1,https://www.nj.gov/labor/employer-services/warn/,e14c19c6a05afcef4f208208cebadaf668ffef2e7bcc03032a735b33,c4e9c4274d7fde5c2af848c37f2674bef2bdb44f,2026-07-16,2026-07-23
NJ,The Great Atlantic & Pacific Tea Co. - Pathmark-Edgewater,Edgewater,,2015-11-26,160,unknown,,0,0,1,https://www.nj.gov/labor/employer-services/warn/,1696d7889842f4965cbed9bb3db867a6bc8bc504fdf1aa7e96e4e4a5,588f55beb9203bc774065afd98b5bad198f8619a,2026-07-16,2026-07-23
NJ,The Great Atlantic & Pacific Tea Co. - Pathmark-Elmwood Park,Elmwood Park,,2015-11-26,121,unknown,,0,0,1,https://www.nj.gov/labor/employer-services/warn/,b06505608ab85e77c808b827b48a41bfade0bb57cc10fe1432cf6a63,d7a1e5de511c5efb3f8fee3a9275843af3b22140,2026-07-16,2026-07-23
NJ,The Great Atlantic & Pacific Tea Co. - Pathmark-Fairlawn,Fairlawn,,2015-11-26,101,unknown,,0,0,1,https://www.nj.gov/labor/employer-services/warn/,5e86088b2a469651594c1f31dc989ca3c3ebff621e33b323c9748c52,c19a662e9f07f1c256d14bf3271d701c98c49870,2026-07-16,2026-07-23
NJ,The Great Atlantic & Pacific Tea Co. - Pathmark-Garwood,Garwood,,2015-11-26,98,unknown,,0,0,1,https://www.nj.gov/labor/employer-services/warn/,0461e6586538693352fbce1df0e495f84b47afa7f6ba78ec5541cbb0,c01a8a7ccd8e9133608df33b44658c57ce7a7c42,2026-07-16,2026-07-23
NJ,The Great Atlantic & Pacific Tea Co. - Pathmark-Hackensack,Hackensack,,2015-11-26,86,unknown,,0,0,1,https://www.nj.gov/labor/employer-services/warn/,5bdaebc347226e2457263db0905a8a502cbffdb85dd4fdb60df8e1bc,62f83e6b8b0f9ecde030049d3f6b0db6a972dee1,2026-07-16,2026-07-23
NJ,The Great Atlantic & Pacific Tea Co. - Pathmark-Hazlet,Hazlet,,2015-11-26,82,unknown,,0,0,1,https://www.nj.gov/labor/employer-services/warn/,a45c80c15b64b7edaa44a76dc50f953c12b47d1f5376b50b32efef48,b07326121efe56dde3b5255270e223b43a9b336d,2026-07-16,2026-07-23
NJ,The Great Atlantic & Pacific Tea Co. - Pathmark-Hopelawn,Hopelawn,,2015-11-26,82,unknown,,0,0,1,https://www.nj.gov/labor/employer-services/warn/,262c4abbe9b9f8c32b1cc9ef512d68d7d2a8dada98f912139f244e99,4b031cac00215e0879182a2896343449c1737eee,2026-07-16,2026-07-23
NJ,The Great Atlantic & Pacific Tea Co. - Pathmark-Irvington,Irvington,,2015-11-26,145,unknown,,0,0,1,https://www.nj.gov/labor/employer-services/warn/,29fc2600b0d935a98d77e7cd6f2754dc401ce45c598f6d2a1ddba2da,167adb35f4ccf33ebba8d1df6bbb4061ef0f5793,2026-07-16,2026-07-23
NJ,The Great Atlantic & Pacific Tea Co. - Pathmark-Jersey City,Jersey City,,2015-11-26,155,unknown,,0,0,1,https://www.nj.gov/labor/employer-services/warn/,5290343fbf70bf5e7a7ed175bfb18946446d37e7949433956e9bc53b,df885ab68f6192e83d4c3225d16b724989342d4a,2026-07-16,2026-07-23
NJ,The Great Atlantic & Pacific Tea Co. - Pathmark-Kinnelon,Kinnelon,,2015-11-26,108,unknown,,0,0,1,https://www.nj.gov/labor/employer-services/warn/,1a317b936170e58fe0caeda31c54129f54d428e8561a856235cb25c2,c9e8c76ef37f0e483a902183da32103efdce90a3,2026-07-16,2026-07-23
NJ,The Great Atlantic & Pacific Tea Co. - Pathmark-Lake Hopatcong,Lake Hopatcong,,2015-11-26,86,unknown,,0,0,1,https://www.nj.gov/labor/employer-services/warn/,7e134f8df50d2966c8840315fa2e12af5240e9e08a6909383c426231,6edc8d57c543b9772ac18d65d36646b173dcb478,2026-07-16,2026-07-23
NJ,The Great Atlantic & Pacific Tea Co. - Pathmark-Ramsey,Ramsey,,2015-11-26,87,unknown,,0,0,1,https://www.nj.gov/labor/employer-services/warn/,6df29d63ec53a1fdd0a84933bfd645c579388026d507c769b19b035f,b0d28bd1a5b8a7b209a1315dff5f371304c7211a,2026-07-16,2026-07-23
NJ,The Great Atlantic & Pacific Tea Co. - Pathmark-South Orange,South Orange,,2015-11-26,119,unknown,,0,0,1,https://www.nj.gov/labor/employer-services/warn/,ddeeb1f76b07d1268e017051fbe2d96374242f2df86da6fd2034f81b,a47856d8a6758dc62ce268ba57575fcb65cebaa2,2026-07-16,2026-07-23
NJ,The Great Atlantic & Pacific Tea Co. - Pathmark-Ventnor,Ventnor,,2015-11-26,125,unknown,,0,0,1,https://www.nj.gov/labor/employer-services/warn/,a3075afa0832568a41c1e1f5c067766139a8c5db3da855a429894d8b,5c00655f507330117e73a2948495c1cd95a46b71,2026-07-16,2026-07-23
NJ,The Great Atlantic & Pacific Tea Co. - Pathmark-Weehawken,Weehawken,,2015-11-26,124,unknown,,0,0,1,https://www.nj.gov/labor/employer-services/warn/,df0764638e0963af75b774b835f0a51bb181e1cfc10c116ef0a4d307,579fa9824461adc04e73a4a9dc8ee8c533021ef0,2026-07-16,2026-07-23
NJ,The Great Atlantic & Pacific Tea Co. -Pathmark-Elizabeth,Elizabeth,,2015-11-26,76,unknown,,0,0,1,https://www.nj.gov/labor/employer-services/warn/,242d4dcda6e2664fb234799242a59898910b56309caf87c7d62f3ce5,1b33073eb26519da44541778e32471dabbe0cd2a,2026-07-16,2026-07-23
NJ,The Great Atlantic & Pacific Tea Co. -Pathmark-Landing,Landing,,2015-11-26,79,unknown,,0,0,1,https://www.nj.gov/labor/employer-services/warn/,49757584e533f35f2eed1a49995a855d5c61bfabf0db620091949661,dc365a73c36de76aa466cd78d89a4356a7bd8269,2026-07-16,2026-07-23
NJ,The Great Atlantic & Pacific Tea Co. -Pathmark-Middlesex,Middlesex,,2015-11-26,82,unknown,,0,0,1,https://www.nj.gov/labor/employer-services/warn/,91b3af3bbba4f059714e7a5fe71317c09c21ba979906b97865f2d8d4,3e92820e539f6efba872eae6d1385258fc819c60,2026-07-16,2026-07-23
NJ,The Great Atlantic & Pacific Tea Co. -Pathmark-Montclair,Montclair,,2015-11-26,106,unknown,,0,0,1,https://www.nj.gov/labor/employer-services/warn/,a08e6dcb101ea8d7b12de81aa96f89f3d1a55b3aec2cadde01a74797,af791c72d524c59deb6bb1734b8d7ac433509eff,2026-07-16,2026-07-23
NJ,The Great Atlantic & Pacific Tea Co. -Pathmark-Newark,Newark,,2015-11-26,128,unknown,,0,0,1,https://www.nj.gov/labor/employer-services/warn/,6c28d2f5f2d296fbc2cb4f6f9e7d94a82f730784c39f24be67d7ae40,ecce14f512f432da5de7f46700606bb5d3387ff5,2026-07-16,2026-07-23
NJ,The Great Atlantic & Pacific Tea Co. -Pathmark-Palisades Park,Palisades Park,,2015-11-26,8,unknown,,0,0,1,https://www.nj.gov/labor/employer-services/warn/,fa65759d825e09e01c62205ed4e2a12dfc3c07ff388c37570f12a24f,3253617ce93848f40b2df175d176c3463ced3753,2026-07-16,2026-07-23
NJ,The Great Atlantic & Pacific Tea Co. -Pathmark-Parsippany,Parsippany,,2015-11-26,84,unknown,,0,0,1,https://www.nj.gov/labor/employer-services/warn/,0c5e5fa46f150a87de7eb8087bbcc84776617c1c5206f14715eaa4e5,1e4394baa0ab4d4a6fda9747b23cfdb6c46f6aed,2026-07-16,2026-07-23
NJ,"The Great Atlantic & Pacific Tea Co., -Pathmark",Belleville,,2015-09-19,113,unknown,,0,0,1,https://www.nj.gov/labor/employer-services/warn/,606374dabf694a16f39d183135ce8f28424903e813710de906df955f,7cab58c28ccde598962a845529bc5371271ed7ab,2026-07-16,2026-07-23
NJ,The Great Atlantic & Pacific Tea Company - A & P,Holmdel,,2015-09-19,87,unknown,,0,0,1,https://www.nj.gov/labor/employer-services/warn/,f566c18b30609272f6e7565824fa4dee1c52506b19f901109fc7fb08,6b9a4d3261a2333b0bb2d8e1e2e2f2edb622b01f,2026-07-16,2026-07-23
NJ,The Great Atlantic & Pacific Tea Company - Pathmark,East Brunswick,,2015-09-19,105,unknown,,0,0,1,https://www.nj.gov/labor/employer-services/warn/,1adc89103c0edb4c155588581fc9161ee28b22c2a50f4960b024b3ba,1b66fc090ad14a4a6d6c25978ec569061a4fdd3f,2026-07-16,2026-07-23
NJ,The Great Atlantic & Pacific Tea Company - Pathmark,Linden,,2015-09-19,120,unknown,,0,0,1,https://www.nj.gov/labor/employer-services/warn/,051adcd380b5271d48991a288730bcce75ffb0259b725941347d4bdc,bbbfd4354dc69a32df70c99d6dbe29b4fa1d2b8a,2026-07-16,2026-07-23
NJ,The Great Atlantic & Pacific Tea Company - Pathmark,Clifton,,2015-09-19,125,unknown,,0,0,1,https://www.nj.gov/labor/employer-services/warn/,38bcca19ff0737034c36b2f6226ac9b3a2986e97b017b3b2676f7a75,d90f8133ab0bbd8f72055884108bacd28688475e,2026-07-16,2026-07-23
NJ,"The Great Atlantic & Pacific Team Company, Inc.",Montvale,,2015-10-21,144,unknown,,0,0,1,https://www.nj.gov/labor/employer-services/warn/,1583f50256eda2cd45415e8247632f216b6cf398b7c27fbaa6735089,36d9e6ec1fd0d3dd758e7066271891245a2bfd80,2026-07-16,2026-07-23
NJ,The Great Atlantic and Pacific Tea Company (3),Montvale,,2015-12-18,187,unknown,,0,0,1,https://www.nj.gov/labor/employer-services/warn/,7616525dd75c9a4b8492c90a845f5d02715ea1afa0ff5da51e5f1be1,7164674c69d70bdcb11c64e951fe2125686bb337,2026-07-16,2026-07-23
NJ,"The Great Atlantic and Pacific Tea Company, Inc. (2)",Montvale,,2015-11-23,319,unknown,,0,0,1,https://www.nj.gov/labor/employer-services/warn/,45885b96c7d4796324456ebf129b06cd20f1b2789f36ea115a9f9fd0,3574b3a45514c4f2f9ff64c4d68f5a6ce44c96f0,2026-07-16,2026-07-23
NJ,"The Hain Celestial Group, Inc",Moonachie,,2021-04-24,143,unknown,,0,0,1,https://www.nj.gov/labor/employer-services/warn/,c096c2adcaf1ea389c06a412131deacb6cc1675859d4d74f450b033a,575ed2ebac20f357b870d204ba42cc09f19d09ac,2026-07-16,2026-07-23
NJ,The Health Center at Bloomingdale,Bloomingdale,,2014-06-18,165,unknown,,0,0,1,https://www.nj.gov/labor/employer-services/warn/,330ddcaa0f2b5cab6d91a37e4ee8a99e2d6ab515d3069218c5588be4,36741a00c1b7f71a93547ac9961f6ad3ab6121ce,2026-07-16,2026-07-23
NJ,The Health Center at Galloway,Galloway,,2013-06-13,187,unknown,,0,0,1,https://www.nj.gov/labor/employer-services/warn/,0936298cc5e4ec6d297ef59fa290b9617632aea3e4867cbbc35da7f3,9a2418c9bb683d9417d5cabed637f2735f7ae1ec,2026-07-16,2026-07-23
NJ,The Hertz Corporation,Park Ridge,,2016-03-31,63,unknown,,0,0,1,https://www.nj.gov/labor/employer-services/warn/,d9d4f79001eebffe0e1171bb31e71405abb3b86e9b3c8590ba8ef0e6,6b8af35c9460c039063d9da9796424858df0d23e,2026-07-16,2026-07-23
NJ,The Medicines Company,Parsippany,,2017-08-01,52,unknown,,0,0,1,https://www.nj.gov/labor/employer-services/warn/,1f84f3495056c26e0e728f4cd87be11fb2c06f64dae628134b6a9f2b,05f5ec9bb40d57c29db8ff5c4de568301c8559fa,2026-07-16,2026-07-23
NJ,The Neiman Marcus Group LLC,Mountainside,,2020-11-25,2,unknown,,0,0,1,https://www.nj.gov/labor/employer-services/warn/,ab9ee1a29c62ce09343d5f3a41e64520656eddc0050f3cf990e15a7e,0b9656a520b015facbb7ec7b32728f6e77cc26de,2026-07-16,2026-07-23
NJ,The Neiman Marcus Group LLC - Paramus,Paramus,,2020-11-25,42,unknown,,0,0,1,https://www.nj.gov/labor/employer-services/warn/,5c995e1d3cf130bed24cffca70dd0087c14fb03f50729f7dd2e521b2,6949ac3fe74f45aa53580026b779aa7203857ba8,2026-07-16,2026-07-23
NJ,The Neiman Marcus Group LLC - Short Hills,Short Hills,,2020-11-25,56,unknown,,0,0,1,https://www.nj.gov/labor/employer-services/warn/,541f80e548c80af3802412c2c6100e12160c4a8bee69329f49a5601d,fae0fb04eb6439a5e4f701bd5be230c2b9c4f446,2026-07-16,2026-07-23
NJ,The Park Hotel at Meadowlands,East Rutherford,,2025-11-19,167,unknown,,0,0,1,https://www.nj.gov/labor/employer-services/warn/,a3f82029e3fb34c9d171aafd5b9f222dba96d898236e99dc16776bbf,8bb822300f2d04b4e2030f941c0bd7cfc50cbd73,2026-07-16,2026-07-23
NJ,The Press of Atlantic City Media Group,Pleasantville,,2013-07-08,43,unknown,,0,0,1,https://www.nj.gov/labor/employer-services/warn/,7c50ed1c5b981ffc9f0f05c8df1b24efa108e6ef1e0ff353f0cc51a6,ede9768b66fbdd7ab3f5876a92fd8a5531b0a480,2026-07-16,2026-07-23
NJ,The Times of Trenton,Trenton,,2014-06-06,27,unknown,,0,0,1,https://www.nj.gov/labor/employer-services/warn/,ba8490c7b7fc83ffa37da72e357c4f248c10a4533587706d58558d25,bbf6ce1390d4f30d530ece645a242254f3141646,2026-07-16,2026-07-23
NJ,The Wanaque Center,Haskell,,2014-06-19,378,unknown,,0,0,1,https://www.nj.gov/labor/employer-services/warn/,6825f487e004be65b991ffd6695b9b8ccf7601d98b8c9155ddf55783,eeab1eb225ca58357c2621ca58cc426ec9846515,2026-07-16,2026-07-23
NJ,Thermo Fisher Scientific,Princton,,2023-06-16,113,unknown,,0,0,1,https://www.nj.gov/labor/employer-services/warn/,3d566abcaf68f79d9232dfab69e792454112fdbc6761f98b7554160f,734aff9466ae7eb0175c317935e8a71a45ce227e,2026-07-16,2026-07-23
NJ,ThyssenKrupp,Moonachie,,2014-02-28,50,unknown,,0,0,1,https://www.nj.gov/labor/employer-services/warn/,cc29855f62dafaac2fd04a03fee9f592932f51004db0f81172b66016,74ab972975cdeea58da14a32f2fdda24aba50ebc,2026-07-16,2026-07-23
NJ,"Tommy Hilfiger USA, Inc",Cranbury,,2010-12-31,87,unknown,,0,0,1,https://www.nj.gov/labor/employer-services/warn/,c85f272242067f5f2fe1dd6ab68f6a07ce3c6f05761fb7b6ae19f097,7788282a642da3fb5df39afa07a10fdf90a2c405,2026-07-16,2026-07-23
NJ,Tory Burch LLC,Jamesburg,,2018-07-31,64,unknown,,0,0,1,https://www.nj.gov/labor/employer-services/warn/,a29a38f6698becb93d26ae9ec17d7ceb62cda0770a54457069e245ba,0ec5e8dae5fa2517d32f630c6872c9c52549efef,2026-07-16,2026-07-23
NJ,"Toshiba America Consumer Products, LLC",Wayne,,2010-09-30,60,unknown,,0,0,1,https://www.nj.gov/labor/employer-services/warn/,3fa6325927781d8498fc7d83515054154dfeb345c0a7955a77215ce2,ddc39e1815b17fa6a1b2981d14c06fb7d78496f3,2026-07-16,2026-07-23
NJ,"Total Airport Services, LLC",Newark,,2017-07-07,34,unknown,,0,0,1,https://www.nj.gov/labor/employer-services/warn/,a9a0993ba2cc7bc16d71757d294c15d98bbc5c8dfcddb8fa713e02e3,27321b45ce88f733359a0e6e3d523b8e67b8422e,2026-07-16,2026-07-23
NJ,Toys,Wayne,,2018-08-15,184,unknown,,0,0,1,https://www.nj.gov/labor/employer-services/warn/,abfd542f85fe5d75ff0bc3d8898c3f43c794872fd6cec3c7cba04504,cd499e1c930fcc54e2cfa791c2244b3f74c4b856,2026-07-16,2026-07-23
NJ,Toys R Us,Wayne,,2018-05-14,1159,unknown,,0,0,1,https://www.nj.gov/labor/employer-services/warn/,834152dfc6bf87372991673c944f1f7b7eb2fa85b0a209fffddaf906,46c48c2815e3e118607e9d10738e8a6017f90844,2026-07-16,2026-07-23
NJ,Toys R Us,Flanders,,2018-05-14,473,unknown,,0,0,1,https://www.nj.gov/labor/employer-services/warn/,76d612db176258bfe5d91db73c99cc4d17c8c92925468fa076c10fb7,52949c81fad9da51e730fbc5833d7f8d1fe2846c,2026-07-16,2026-07-23
NJ,TransAxle,Cinnaminson,,2025-08-15,129,unknown,,0,0,1,https://www.nj.gov/labor/employer-services/warn/,4496f3479aac05991dc0e623b256e69a92fd74bfd30435f48b8718a2,241d44ce53c19db4620bd903ff20013b0517fe31,2026-07-16,2026-07-23
NJ,Transdev Services Inc.,Neptune,,2023-09-30,50,unknown,,0,0,1,https://www.nj.gov/labor/employer-services/warn/,e90098fdcbbefc2ed33f948c0318642ea12beee75325137ff4bdd34f,191cd62f80a97486d013c2ca20446e620064d5d2,2026-07-16,2026-07-23
NJ,"Transdev Services, Inc.",Union,,2017-03-31,64,unknown,,0,0,1,https://www.nj.gov/labor/employer-services/warn/,03c8ae11113d535c81bc18c5de8ff67d7f6fb30c209400721bac7160,8d024a381730cfbc6e8777a1a613c390d11c1844,2026-07-16,2026-07-23
NJ,Transform KM LLC dba Kmart Store,Westwood,,2023-10-29,27,unknown,,0,0,1,https://www.nj.gov/labor/employer-services/warn/,b8bbab724342d12979c2428a949c93c472c795e01dae36960c669bbd,309a14c5f93bb92d525d941dde426a0561acc64f,2026-07-16,2026-07-23
NJ,Transform SR LLC,New Brunswick,,2020-04-12,48,unknown,,0,0,1,https://www.nj.gov/labor/employer-services/warn/,b6bc6747fc3fbc28bf029d90c5ef76fcd473939b247cb15b4e26c35b,f59bad8633c7b5a9a9333cd694645a5c9d13629e,2026-07-16,2026-07-23
NJ,Trenton Convalescent Center Operating Co.,Trenton,,2012-01-31,173,unknown,,0,0,1,https://www.nj.gov/labor/employer-services/warn/,f51a1f5c09308af94112ac06b22d2a253fc8ed54a73caab5c335715b,50e38d9cd390315cab4793a20803b9d6483bc44d,2026-07-16,2026-07-23
NJ,"Trenton Head Start, Inc.",Trenton,,2014-06-30,77,unknown,,0,0,1,https://www.nj.gov/labor/employer-services/warn/,284127318ae62be63bbc4e698139c32d5925db8d666f78625f649113,e418f6740ca243cce2e929d40d253bed06296a6e,2026-07-16,2026-07-23
NJ,Tropicana Atlantic City Corp.,Atlantic City,,2020-04-11,2704,unknown,,0,0,1,https://www.nj.gov/labor/employer-services/warn/,9a98055f1c1f4e96d0accde1784eb31c06aa38315261a34057d03463,5c5d29eec451a01b2d60042db41f5e9cfaa793f0,2026-07-16,2026-07-23
NJ,"Trump Entertainment Resorts Holdings, L.P.",Atlantic City,,2014-11-13,8,unknown,,0,0,1,https://www.nj.gov/labor/employer-services/warn/,8672d72f76c9894ed71446426269fde9541df62416daaecb9091aba1,672281a263ef337461e6824a8909ca65c304263f,2026-07-16,2026-07-23
NJ,"Trump Marina Associates, LLC",Atlantic City,,2011-05-25,1730,unknown,,0,0,1,https://www.nj.gov/labor/employer-services/warn/,323a8717ee9e07286d71fae17cf851dbbc7892521866b624a9073235,d0c42d7e99ae63c6c10902b5651c026a666675b2,2026-07-16,2026-07-23
NJ,"Trump Plaza Associates, LLC",Atlantic City,,2014-09-16,1153,unknown,,0,0,1,https://www.nj.gov/labor/employer-services/warn/,9c5a756de86d30b3435f07d506d470f914565fc74848cb43e364ebbe,79d5e632ad883fc09cf3c6ffffc03d100fb8d889,2026-07-16,2026-07-23
NJ,"Trump Taj Mahal Assoc, LLC",Atlantic City,,2016-10-10,2848,unknown,,0,0,1,https://www.nj.gov/labor/employer-services/warn/,32b836934c2407537b0ab6942a522674d39537631125eeae0ada06f4,14d2089c525a669b8e590b081e6e797a0ecafa40,2026-07-16,2026-07-23
NJ,"Trump Taj Mahal Associates, LLC",Atlantic City,,2014-11-13,3101,unknown,,0,0,1,https://www.nj.gov/labor/employer-services/warn/,8f0df73434cef748e647e39643d8e40abc559e9885d22a222a9aba5d,c0ffde41c4cdeb4c317f715bae399caeb9c5194e,2026-07-16,2026-07-23
NJ,"Trump Taj Mahal Associates, LLC d/b/a Trump Administration",Atlantic City,,2011-05-31,28,unknown,,0,0,1,https://www.nj.gov/labor/employer-services/warn/,8e167cdb62b4bddda50f96811141b1d8bc449dde0003a68835891388,60e513502d27654ba1eb611bd9d43811ab80ad95,2026-07-16,2026-07-23
NJ,Tyco International Management Company,Princeton,,2017-01-02,6,unknown,,0,0,1,https://www.nj.gov/labor/employer-services/warn/,6befe0af6b421510703b06b91cdf7b8df86730ea69e78e4c383ffc23,54b3f82561e63c701973dae67a078ff39f34e6a3,2026-07-16,2026-07-23
NJ,TydenBrooks Security Products Group,Newton,,2011-04-30,52,unknown,,0,0,1,https://www.nj.gov/labor/employer-services/warn/,8c8cadea29b89fa76387c21fc3244499bc9d5fbd54b35bdd62115d81,4bd4a43bf6fed09b1904c8af02f2bfa2863a1a26,2026-07-16,2026-07-23
NJ,UBS,Weehawken,,2026-11-04,58,unknown,,0,1,2,https://www.nj.gov/labor/employer-services/warn/,01405e7ef41eb5a7d0e8447cd682e729a6115a2a4449a56d1e542cc8,3783283e1eba7bc1637def1fbdb823b519d9be60,2026-07-16,2026-07-26
NJ,UBS SERVICES,WEEHAWKEN,,2008-05-16,14,unknown,,0,0,1,https://www.nj.gov/labor/employer-services/warn/,1013ce3ae64aa041d3353fdb13a818beee1a55ffb64b94bd5f48c8b3,26f62fbc3289d5b3c03fc7f08b7fc64ec37df9b6,2026-07-16,2026-07-23
NJ,ULINE,DAYTON,,2004-05-28,80,unknown,,0,0,1,https://www.nj.gov/labor/employer-services/warn/,002ebb49540cbc274fb8494369f6364834938dd55f63b07bcd253dcd,0d128d85ff70ba70e8f99aaa86b6c5dd892d7650,2026-07-16,2026-07-23
NJ,UNICCO SERVICE CO.,EAST RUTHERFORD,,2004-08-20,429,unknown,,0,0,1,https://www.nj.gov/labor/employer-services/warn/,280391aabf0e4c8bc5cf711111cbccb18ac79111e35ae332c3b1115c,5d59bb7c7bfcd3a9f94dab9d62243d0b914320be,2026-07-16,2026-07-23
NJ,UNITED,NEWARK,,2006-06-01,349,unknown,,0,0,1,https://www.nj.gov/labor/employer-services/warn/,0c85c76794e61c3e4f68828fc5d09906ffb3f37f69d78a6f981cb9a7,f5298f87a6a6c4b50a76d07544c0bf3dac350f9c,2026-07-16,2026-07-23
NJ,UNITED STATES GYPSUM COMPANY,CLARK,,2009-08-01,83,unknown,,0,0,1,https://www.nj.gov/labor/employer-services/warn/,cdddd93786c5205b61721664d95e74c38f61c27f0884defbb3c09d7a,46f7e885c4c3da57ab206471b9f0d0d175e3245a,2026-07-16,2026-07-23
NJ,UNITED STATIONERS,PENNSAUKEN,,2006-03-24,110,unknown,,0,0,1,https://www.nj.gov/labor/employer-services/warn/,0e13505616d466d8e25bdd34187d0a39378686533f273a4b7e9d9eaf,aaf3ccc391a2d77449006747f69758c17590f9b6,2026-07-16,2026-07-23
NJ,UNITED WIRE HANGER,HASBROUCK HEIGHTS,,2006-01-30,81,unknown,,0,0,1,https://www.nj.gov/labor/employer-services/warn/,6225ef9840b301dfb4f23306ac984fa47d09133592db0062bae35793,210c8de47047e04354d51189aef2e6c2adf9fcb5,2026-07-16,2026-07-23
NJ,UNITED WIRE HANGER,HASBROUCK HTS.,,2005-01-05,169,unknown,,0,0,1,https://www.nj.gov/labor/employer-services/warn/,b5b318d4a0ae1546502bf6c014cc4d78688d7edfcb23ae2d13e6d311,903fbe8f91559f49f9bdb70b11eb8d94ec8de32e,2026-07-16,2026-07-23
NJ,UNIVERSAL FOLDING BOX,HOBOKEN,,2005-01-31,,unknown,,0,0,1,https://www.nj.gov/labor/employer-services/warn/,3af045a6752e1c1f5ac3f7842dee30a6f30854d679167c0da0e5889f,d784b06f567ec3d62980b26d85d89e86b1aa16f4,2026-07-16,2026-07-23
NJ,"UNIVERSITY HEALTH PLANS, INC.",EDISON,,2010-02-01,82,unknown,,0,0,1,https://www.nj.gov/labor/employer-services/warn/,ce0c5128110c72ba9c7b06a011076b643cb909df32395a24716202c0,150d544ac9d6b60faa9a9ff01222315d137f686c,2026-07-16,2026-07-23
NJ,UPS SUPPLY CHAIN,CRANBURY,,,94,unknown,,0,0,1,https://www.nj.gov/labor/employer-services/warn/,bcd18b727eb612a96ab4114ec264abf1b108f39010766a745e764886,9050e18eea0e762979ae09fa6a97708e37a4c08f,2026-07-16,2026-07-23
NJ,US ALUMINUM,HASKELL,,2005-01-29,14,unknown,,0,0,1,https://www.nj.gov/labor/employer-services/warn/,a26da97fd4a7a594bc85cedbe25e31e7fee072a1470de1cba5f4225d,96062c7d6f3d82ebeb18b845e182d55d5f74e8a4,2026-07-16,2026-07-23
NJ,US PIPE & FOUNDRY,BURLINGTON,,2008-02-01,180,unknown,,0,0,1,https://www.nj.gov/labor/employer-services/warn/,75f968cba1f486aa2ed1e6f04c52e5fd1981781a0f14506fba15ea2d,05d6ad9cf6d2efbc4a889e99286feef7312df30f,2026-07-16,2026-07-23
NJ,USA DBA Charwells,Orange,,2025-06-27,73,unknown,,0,0,1,https://www.nj.gov/labor/employer-services/warn/,00623ad64c011708b4d4b418531aadf137975492279888a1648704a8,cf3268bba7e702ca9838750bde423722b4956b19,2026-07-16,2026-07-23
NJ,"USM, INC",RED BANK,,2010-03-08,90,unknown,,0,0,1,https://www.nj.gov/labor/employer-services/warn/,17663659436987c4a6212270f48d074ef952fe75f0e01157bba8082b,d16d2ea1d4882536a1c53f449061975ea4c9ca47,2026-07-16,2026-07-23
NJ,USV Optical.Inc.,Blackwood,,2020-12-30,299,unknown,,0,0,1,https://www.nj.gov/labor/employer-services/warn/,88de5672abe1ad46c9379615ed47d833ca6b68d6eb6d3ba567396dd4,d25f5f103269c400c5a7321a73a133da751264d4,2026-07-16,2026-07-23
NJ,Unilever,Englewood Cliffs,,2024-12-31,149,unknown,,0,0,1,https://www.nj.gov/labor/employer-services/warn/,a941bba770d1b52b3537c26cd0d6d0f1bdfbeb63281a4c029a56aa27,5012a17c92401415067f89399b11e6e571f708e3,2026-07-16,2026-07-23
NJ,Unilever United States In,Englewood Cliffs,,2016-06-30,106,unknown,,0,0,1,https://www.nj.gov/labor/employer-services/warn/,7773bb457b8d900548765c468a41423ddbbc3f3dbc8df4c5878063f4,20c70c62a7f1130446ba7bafff5ba01c2d06b197,2026-07-16,2026-07-23
NJ,Union Ink Company,Ridgefield,,2014-01-03,48,unknown,,0,0,1,https://www.nj.gov/labor/employer-services/warn/,319d01f5fa8a2bf78f92e55f42757dc29da491e92e2cf5fe04fcb462,da23b1b3ba47c0d97e1e8bc52e9653ebf567b077,2026-07-16,2026-07-23
NJ,"United Airlines, Inc.",Newark,,2021-04-01,3899,unknown,,0,0,1,https://www.nj.gov/labor/employer-services/warn/,ddb5d3f023f9c7724d54f98b08e359ca266318e3dc0c4fb84974459b,8ec1974d2b6473b46586c40eb0244c5d98de46e0,2026-07-16,2026-07-23
NJ,"United Bank Card, Inc.",Clinton,,2011-07-01,106,unknown,,0,0,1,https://www.nj.gov/labor/employer-services/warn/,e6a40fb23caa6d941f0216872fcad3a219a8325212b0b5d222df9ce0,71db8d10e919582b7e57a75888e22cd4390ee5c3,2026-07-16,2026-07-23
NJ,United Chelsea Kitchen,Newark,,2021-11-29,103,unknown,,0,0,1,https://www.nj.gov/labor/employer-services/warn/,f5ebc16f9c69a6369d2131f521b2be1bde553da6c21eff59c510cd15,0547fccc9d7168fdd7dff8c1cecc3fa32189ee32,2026-07-16,2026-07-23
NJ,United Natural Foods Inc.,Logan Township,,2023-10-03,60,unknown,,0,0,1,https://www.nj.gov/labor/employer-services/warn/,3b631ec638ea321ba35b83affb9c190b7ae6ab46e674647dd913841e,a90effda07cdc437a8a67c265e0acff46ee2169f,2026-07-16,2026-07-23
NJ,United States Technologies Communications Corp.,Edison,,2024-01-17,114,unknown,,0,0,1,https://www.nj.gov/labor/employer-services/warn/,842840a1876377c1285f398ecf3f3f602da9936e9a62be4310a8635e,d28afb94556536a3b8233a4a2dc5d60bbc9eca6b,2026-07-16,2026-07-23
NJ,"Universal Lighting Technologies, Inc.",Lincoln Park,,2010-12-31,6,unknown,,0,0,1,https://www.nj.gov/labor/employer-services/warn/,bc560e7ef2209f79b7a49617fe911e2ed4f6ebcfa9536707eae932bd,da92fbcf9b860962b243ca82e2d221820b239075,2026-07-16,2026-07-23
NJ,Universal Technical Institute,Bloomfield,,2020-04-24,35,unknown,,0,0,1,https://www.nj.gov/labor/employer-services/warn/,8e9a540922304adf452ab245fe70e29e812b09c86aee0fac95dabd12,5c3b398f42ce75f3ef7102dbf600d4d0b0fb221c,2026-07-16,2026-07-23
NJ,VALID USA,So. Plainfield,,2017-03-31,76,unknown,,0,0,1,https://www.nj.gov/labor/employer-services/warn/,18cfcdcb01d8fddc5c9d933d1aace346558cfe917d20df863ca0af0f,76f114c1d92bff4dd8ce69055df8b5f0f836849b,2026-07-16,2026-07-23
NJ,VALUE CITY,IRVINGTON,,2008-01-07,101,unknown,,0,0,1,https://www.nj.gov/labor/employer-services/warn/,93ae595465abcf15e80caef4adbc3ae7f5a6928a68ed8bd2b0e566a4,86358ac9bbdf28be989cc8c572ddf449af6a56d5,2026-07-16,2026-07-23
NJ,VALUE CITY,PARAMUS,,2006-01-07,139,unknown,,0,0,1,https://www.nj.gov/labor/employer-services/warn/,75dedce5b6be097f906b613eef7e4e51b73bff0818fa8e36d8260eb4,b45efaee0d59abb27dd38c66001b9674d020ecc1,2026-07-16,2026-07-23
NJ,VALUEOPTIONS,HAMILTON,,2009-09-07,67,unknown,,0,0,1,https://www.nj.gov/labor/employer-services/warn/,2906864e70bc6e85a36db7e9ecabe4e826766502d2956b1ec98c9942,148c230b8bfe297b962d4d12b1afff358bf2e804,2026-07-16,2026-07-23
NJ,VC Brands LLC,Burlington,,2022-11-18,102,unknown,,0,0,1,https://www.nj.gov/labor/employer-services/warn/,0abb17f30c50d40a61d1717eaa162f1e5c5be90cb64cf714fa47bb7a,9712b0fe14e63e15833cfe10a3395f254a69517e,2026-07-16,2026-07-23
NJ,"VERIZON CONNECTED SOLUTIONS, INC",STATEWIDE,,2009-12-19,269,unknown,,0,0,1,https://www.nj.gov/labor/employer-services/warn/,b71aa67b8abaac52abbaff7e6cc68048159302bec7c3da18af650431,7b1540d8598d270277187c3323c6075b2b688342,2026-07-16,2026-07-23
NJ,VERIZON WIRELESS,MORRISTOWN,,2005-01-31,240,unknown,,0,0,1,https://www.nj.gov/labor/employer-services/warn/,f30edcf9e34e2fee49328f4f163e251d8ab6a4d0ee17ed00c35bb33e,1b385e5bf8d510423896595e4d46c0f97d4968ff,2026-07-16,2026-07-23
NJ,VERIZON WIRELESS,BRANCHBURG,,2006-01-31,48,unknown,,0,0,1,https://www.nj.gov/labor/employer-services/warn/,aec3988007410cabaec34a54a3b8581898d06e3ff69a8e27948e803d,39051e686264e8c035e5533f438649e8063a4d2d,2026-07-16,2026-07-23
NJ,VERIZON WIRELESS,MOORESTOWN,,2005-01-31,37,unknown,,0,0,1,https://www.nj.gov/labor/employer-services/warn/,282b576c226e58d80423e239e1caa3de1054ccff05b31cda6b7a50f5,efd86a7cfc59a243dcb7b0bc8549502399b414c8,2026-07-16,2026-07-23
NJ,VERSACOLD,SECAUCUS,,2006-01-21,53,unknown,,0,0,1,https://www.nj.gov/labor/employer-services/warn/,623f45328b4d962edf189f84e7b7b5e32437649057a4aa5c43e01ca8,1c5e350b9a83e1f86699c47bd3fed2fcc95baae1,2026-07-16,2026-07-23
NJ,VERTIS COMMUNICATIONS,NO. BRUNSWICK,,2006-11-10,65,unknown,,0,0,1,https://www.nj.gov/labor/employer-services/warn/,ed585dac1da4caafc4da49af7d9c8621ff367903dd9f8c947221ef2f,e68598658a58b460c0d96dd0c69330f57f7b8fc8,2026-07-16,2026-07-23
NJ,VICTORY BOX,ROSELLE,,2007-10-01,85,unknown,,0,0,1,https://www.nj.gov/labor/employer-services/warn/,3f86c4e0b13c3f4d5d2e2e215d6c286a9a8375b355b94dffd17e5576,c8591624c1f7e48f8082502a9eff806a4ebe9b89,2026-07-16,2026-07-23
NJ,VIRGIN ATLANTIC AIRWAYS,NEWARK,,2005-11-25,42,unknown,,0,0,1,https://www.nj.gov/labor/employer-services/warn/,c593660ea5385f4e98efd12927de9f77c6bc2a0bc829dca545454782,1293502ad094aae0e8869c5dc898176d914f9ffd,2026-07-16,2026-07-23
NJ,"VSM-Rostra, LLC",Newark,,2020-07-15,87,unknown,,0,0,1,https://www.nj.gov/labor/employer-services/warn/,1a05b1df07a4b5fd36560203a5270421cd9694c66b678b0dc6e7d28a,bddd8b8508196775df38ee9ebe6573a3964fffec,2026-07-16,2026-07-23
NJ,VWR INT.,BRIDGEPORT,,2009-02-28,76,unknown,,0,0,1,https://www.nj.gov/labor/employer-services/warn/,ed29fb054524182a4d1e4e99c4630c02bf1f5bcb9bbcd946c688dcce,d985d1bb2a0b1eaabeebd73386c5fa09b22c21bf,2026-07-16,2026-07-23
NJ,VX Sport LLC,Kansas City,,2020-01-01,,unknown,,0,0,1,https://www.nj.gov/labor/employer-services/warn/,a61408914899e3ac386f6ac64225f53bbf6f02fb81abc1371bb6d5a8,709465760ea3d5207fe6bc8da6871d858132baf4,2026-07-16,2026-07-23
NJ,Valley National Bank,Morristown,,2025-06-13,59,unknown,,0,0,1,https://www.nj.gov/labor/employer-services/warn/,b445ac97e9768fae0f7cbfc848e6345f119bdb51889aa955e88f0834,09c3fb51f5c2e4ca0f942202d452de2fba84f620,2026-07-16,2026-07-23
NJ,"Van Dyk Health Care, Inc.",Ridgewood,,2018-09-12,216,unknown,,0,0,1,https://www.nj.gov/labor/employer-services/warn/,83673666b5003e69786e1a162c476b886d90711bb1b231cf600c75f9,1dd707f7d28babc38f204e23bc582355805a2806,2026-07-16,2026-07-23
NJ,"Veltri, Inc.",Kearny,,2016-10-31,77,unknown,,0,0,1,https://www.nj.gov/labor/employer-services/warn/,24e4c8b9c81f15b7750bf1cd703384accb31eebd0f32a3de55c01908,0d0855c3287dc410ff7a91fd86c55ffa50aa2743,2026-07-16,2026-07-23
NJ,Verizon,Basking Ridge,,2026-08-07,121,unknown,,0,0,1,https://www.nj.gov/labor/employer-services/warn/,f638e4dc8761b96ec06a1f35c00cb9c695cfdd6544535723801ce24f,37fd53ecb5fe33f63ab950bec51da6b0e1ea9268,2026-07-16,2026-07-23
NJ,Verizon,Ewing,,2012-04-03,336,unknown,,0,0,1,https://www.nj.gov/labor/employer-services/warn/,d90f513948c73b1329302e9ab7788992ee612b0abf364794f046e2c2,d955c81c9673643f7a181bb6c834c63c4777e81f,2026-07-16,2026-07-23
NJ,Verizon Corp Resources Group LLC,Basking Ridge,,2026-09-18,35,unknown,,0,0,1,https://www.nj.gov/labor/employer-services/warn/,7c3b4d6083e602ce0cfb5baeda72d779847f5405f2016f49b117447a,ecb7e481667d1607f976a298379c225468f071a2,2026-07-16,2026-07-23
NJ,Verizon Corp. Resources Group LLC & other VZ Affiliates,Basking Ridge,,2024-01-27,80,unknown,,0,0,1,https://www.nj.gov/labor/employer-services/warn/,9538874f6f4aec47cffe9cf45dad7cd9a54cc7afbb560b88530c591f,95257ed93aaf235bfb6ae3063d593b930757f8d7,2026-07-16,2026-07-23
NJ,Verizon Corp. Resources Group LLL & other VZ Affiliates,Basking Ridge,,2023-08-26,183,unknown,,0,0,1,https://www.nj.gov/labor/employer-services/warn/,3ae48cb98cd5f2e0c7b2ea10362fe61f395cde1f3f7fd2acc4280544,a6dc45f8d2368e572510182f8c77d16dadeef712,2026-07-16,2026-07-23
NJ,Vertis Communicaton,North Brunswick,,2013-04-01,133,unknown,,0,0,1,https://www.nj.gov/labor/employer-services/warn/,6d26ea0c70292f866ec14bf44e79210b59a55a3aef5383d0cce8c579,887d83b57b1f20d0f67e1121b413ee07a5b1848f,2026-07-16,2026-07-23
NJ,Victoria Manor,No. Cape May,,2006-10-04,,unknown,,0,0,1,https://www.nj.gov/labor/employer-services/warn/,dc67c0fdd8635cac598e39813761eb982ae551150e8de85f4a05962d,bb2fb2160a59d699be0d827efc7378cd14c7b383,2026-07-16,2026-07-23
NJ,Viking Yacht Company,New Gretna,,2010-08-31,219,unknown,,0,0,1,https://www.nj.gov/labor/employer-services/warn/,c66f8de9c54fb0d6de979f77a9c6d54f61e7accf36f52385917c68b2,40a06ce5566f5f45a79bfa48fe877b660e9c9eda,2026-07-16,2026-07-23
NJ,Vineland Kosher Poultry,Vineland,,2010-12-11,50,unknown,,0,0,1,https://www.nj.gov/labor/employer-services/warn/,9c615d40a072b19fa1d6cb817f595a66a64cbc6f12597cf7ca04d8ff,240295383ea6be6177243c30623cf322a0186021,2026-07-16,2026-07-23
NJ,"Vira Manufacturing Company, LLC",Perth Amboy,,2015-03-13,148,unknown,,0,0,1,https://www.nj.gov/labor/employer-services/warn/,026b416fe2595279a46dd14416d139f11019ab5b8c7556c661019a72,bcfebd276d350f76f470158b4e80b25fa69c94ce,2026-07-16,2026-07-23
NJ,Virtua Center for HealthFitness Washington Township,Sewell,,2018-12-31,125,unknown,,0,0,1,https://www.nj.gov/labor/employer-services/warn/,12309dc6db516be389269369950fad563493e73b2e79f4a08b1f5444,a6e2b4c3452b80f5933577ef149328894b9a7028,2026-07-16,2026-07-23
NJ,Virtua Medical Group,Marlton,,2012-12-31,445,unknown,,0,0,1,https://www.nj.gov/labor/employer-services/warn/,b17625c7a31948389ab39dfb379c7873583758c507e3eb222b68cbc1,267c7d0a67a6d61129b4e4f718b1aca249030e00,2026-07-16,2026-07-23
NJ,"Vitamin Shoppe Industries, Inc.",North Bergen,,2017-12-01,139,unknown,,0,0,1,https://www.nj.gov/labor/employer-services/warn/,71fb028aeed0abb4b758dbdc25b0ed91c708dcef5059d65dc10fbd49,db6f295012de07c79241e5c66bd065cc8bdc7a48,2026-07-16,2026-07-23
NJ,"Vu enterprise, inc",Egg Harbor Twp,,2019-07-01,,unknown,,0,0,1,https://www.nj.gov/labor/employer-services/warn/,9b35da76c6d35119996c0bfb8399c8811c4e05fcd49573ad2996cda5,156689710e093dcd8c5b46b70e8f1067391a2a4f,2026-07-16,2026-07-23
NJ,W.L. GORE & ASSOCIATES,OAK RIDGE,,2008-11-01,67,unknown,,0,0,1,https://www.nj.gov/labor/employer-services/warn/,84ea2559f06764f5840076623e8dbd9291d0bead0730691aa0552f26,791e0accffbc4f58e0d7ca8f50ef24c33e723d46,2026-07-16,2026-07-23
NJ,WACHOVIA,STATEWIDE,,2008-10-01,56,unknown,,0,0,1,https://www.nj.gov/labor/employer-services/warn/,3353fcc4a4280a18727359ce64fb02ed48d0ee42c091b24104d14957,a17f83913d646071009eeefedb22abca983cb96f,2026-07-16,2026-07-23
NJ,WACHOVIA,NO. BRUNSWICK,,2006-11-01,138,unknown,,0,0,1,https://www.nj.gov/labor/employer-services/warn/,5b8a2e8fa097bdba5f2ed3a6f0db6819f034672604e9785830b3f83b,e992b504d08e0cceb8005d03ed2ac122e732aadd,2026-07-16,2026-07-23
NJ,WACKENHUT,FORKED RIVER,,2008-05-11,150,unknown,,0,0,1,https://www.nj.gov/labor/employer-services/warn/,2d3d361c3c753390bc093c344df10143e44f918a373887f54cf1070a,93bb8a4b49445aa7261876d8e11ec7e9565f3658,2026-07-16,2026-07-23
NJ,WALLENIUS WILHELMSEN,WOODCLIFF LAKE,,2008-08-19,56,unknown,,0,0,1,https://www.nj.gov/labor/employer-services/warn/,2fcb3b6cd62a571b8d272f14c64adb87854549f9b95c5c1981c9b193,5c51d694a490f1ea927406217eba7f14a8865303,2026-07-16,2026-07-23
NJ,WALMART INC,BRANCHBURG,,2018-04-13,149,unknown,,0,0,1,https://www.nj.gov/labor/employer-services/warn/,ded3ae42812321ee66607fefb3a48c3ffc000c13525be933e1b64720,6d0f347f5ba076bd4d4d2d215ba234e65801c2d5,2026-07-16,2026-07-23
NJ,"WARNER CHILCOTT (US), LLC",Rockaway,,2013-11-30,88,unknown,,0,0,1,https://www.nj.gov/labor/employer-services/warn/,386248de54c02b6dae8618d25cc3c9bd47fc4952359edd287ee7fd8f,47fb5a536779892525eb2f1b2ba1f4b03af753c6,2026-07-16,2026-07-23
NJ,WARREN HOSPITAL,PHILLIPSBURG,,2010-06-23,20,unknown,,0,0,1,https://www.nj.gov/labor/employer-services/warn/,165bcaadea0ef0cdfa1adb4373db362a56568e5fe9d53e93657813d7,2ecaa0f64f40757e8853e3ab3a0daa4bf1d8e855,2026-07-16,2026-07-23
NJ,WASHINGTON MUTUAL,CLARK,,2007-01-16,60,unknown,,0,0,1,https://www.nj.gov/labor/employer-services/warn/,9e28ccbf7906b0f2978b4c6b8d47b0e6e18a10fcc046c4287b3acc6f,197f75154743962a3a4eadebec68c9bebf956c54,2026-07-16,2026-07-23
NJ,WELCH ALLYN,BRANCHBURG,,2010-08-01,148,unknown,,0,0,1,https://www.nj.gov/labor/employer-services/warn/,655879ba70b27be73562d5cb3f6ad975dd7d85a623a2c3d4bf8bcdd8,d3bd89e19daff14be3ab2611e1c2edc111c79f22,2026-07-16,2026-07-23
NJ,WELLS FARGO & COMPANY (WACHOVIA),CARLSTADT,,2010-03-14,86,unknown,,0,0,1,https://www.nj.gov/labor/employer-services/warn/,30caa3d28fba249e3a414c071328672f2461e753bc89fbb1609517b2,9a0c1879f562dee2619b9416063ba3d59f32eea4,2026-07-16,2026-07-23
NJ,WHM revere LLC (Wyndham Hotel),Florham Park,,2020-09-30,154,unknown,,0,0,1,https://www.nj.gov/labor/employer-services/warn/,7f382d2780966caf1622c425c02bba7b42c467a62e394152962dc328,a8223c9819db9efa1a51b7a534596981528243ff,2026-07-16,2026-07-23
NJ,"WILKIN MANAGEMENT GROUP, INC",MAHWAH,,2009-12-07,1,unknown,,0,0,1,https://www.nj.gov/labor/employer-services/warn/,391f8e5af12b0a0edf871ce0de782cb26710f5d2ef3aac980c264d09,4aae81838add9360092c0cb9993fcb7739a31a6d,2026-07-16,2026-07-23
NJ,WOLFBLOCK LLP,STATEWIDE,,2009-05-23,121,unknown,,0,0,1,https://www.nj.gov/labor/employer-services/warn/,8eb296a90370be107fe23d1507b4ac0a0173ffb76298295dd3aec8ef,c860d16f2a58e595d1c70463e2a56151c2989c66,2026-07-16,2026-07-23
NJ,"WORLDWIDE FLIGHT SERVICES, INC",NEWARK,,2014-05-20,32,unknown,,0,0,1,https://www.nj.gov/labor/employer-services/warn/,bae5aae86e796f08f1d63e753a5f074fc5ed9f8757cef49bb8550554,e9fc7385b8090b9ae2e9001d2ca19ef40abae112,2026-07-16,2026-07-23
NJ,"WRDH Mt. Laurel Operations, LLC (The ML Hotel)",Mt. Laurel,,2020-03-16,178,unknown,,0,0,1,https://www.nj.gov/labor/employer-services/warn/,63b8c83f0c3df8bd9e1b01c1f088c0d80984e24ce9d76b46c1ffaae5,a22b003871acacc669f73b3f24bf7bff6f233d24,2026-07-16,2026-07-23
NJ,WSFS Bank,Burlington,,2019-08-30,14,unknown,,0,0,1,https://www.nj.gov/labor/employer-services/warn/,a557165ef47567424cc8b2e7da7f9cf3fd4acfc7a612c23a3983c9e6,2de77f32c7c11c5615aef86f9df01d67908cbdd9,2026-07-16,2026-07-23
NJ,WYNDHAM PRINCETON FORRESTAL HOTEL,PLAINSBORO,,2009-08-17,108,unknown,,0,0,1,https://www.nj.gov/labor/employer-services/warn/,0ce63a689b8b06dbe2bc27b3c7812881c24cdb3a5b87aee7f5351e87,6a7437a8e2045e484f97a3ef08345af6566d33cd,2026-07-16,2026-07-23
NJ,Wagner Spray Tech (Titan Tools),Oakland,,2014-06-30,80,unknown,,0,0,1,https://www.nj.gov/labor/employer-services/warn/,460ac9fb2a46b806c151f48e4b2f4a028213042a6387ad6132b6a9b9,7bb10852cc1de9d80b38a6cb4fa4649555e68b75,2026-07-16,2026-07-23
NJ,Walgreen Co,Swedesboro,,2017-05-24,133,unknown,,0,0,1,https://www.nj.gov/labor/employer-services/warn/,4b415de97ff609501e44ead353329fe14f9d7a368dbbddb7cb1e4237,798da6910a5c3f8a213eb0be4901f1aa54b0618d,2026-07-16,2026-07-23
NJ,Walmart,Pedricktown,,2023-06-02,201,unknown,,0,0,1,https://www.nj.gov/labor/employer-services/warn/,cb4613615330893677cee0d94f257af89074e995f8243bbb57da7f71,502f7760aca484809c12e1a920cfecadb07bf00d,2026-07-16,2026-07-23
NJ,Walmart,Swedesboro,,2025-03-07,113,unknown,,0,0,1,https://www.nj.gov/labor/employer-services/warn/,ef5aaa93f4a9522a9775d604c69281a362c406bc64d550d5dbaf5e36,bf1f283db38cbbc9098822216e14f03cb9d63605,2026-07-16,2026-07-23
NJ,Walmart,Hoboken,,2026-05-01,100,unknown,,0,0,1,https://www.nj.gov/labor/employer-services/warn/,afa065227e054691451fb75978a3b4a8a5e04276f903b651d0c23f08,fc5dcad33fcdae93976de407f529358a98227242,2026-07-16,2026-07-23
NJ,Walmart Inc,Acme Markets,,2024-08-14,237,unknown,,0,0,1,https://www.nj.gov/labor/employer-services/warn/,9c80f7329a9bc378c3a97439fc1ea6ecd964b800254e6f3c181b3f8b,5e2aac0c3c4ec1f62c62861647ab2b5490ce1d5a,2026-07-16,2026-07-23
NJ,Walmart Inc.,Pedtricktown,,2024-09-09,271,unknown,,0,0,1,https://www.nj.gov/labor/employer-services/warn/,04d9e7069a9fc8e387a500a21a413a07c1f14481de29406b3eee87aa,2363faef146dcc2de1937e5e1fab278095fbc900,2026-07-16,2026-07-23
NJ,Walmart Inc.,Ledgewood,,2019-04-10,143,unknown,,0,0,1,https://www.nj.gov/labor/employer-services/warn/,15202f867d0fd29b680f3a30f06e5dbf25f747f3dc46d040718f572d,64765020ae9e8da79b289c5b70ef150a419327fc,2026-07-16,2026-07-23
NJ,Walmart Inc. Store #2171,Princeton,,2020-07-22,205,unknown,,0,0,1,https://www.nj.gov/labor/employer-services/warn/,4f07ce3a3a453671c6c73305ee3c29af7c984585ef3de7d89a546bf8,4c1c1324ec689677591bacde9bc76a61de38c41f,2026-07-16,2026-07-23
NJ,"Walmart Stores, Inc.",Bentonville,,2021-01-31,494,unknown,,0,0,1,https://www.nj.gov/labor/employer-services/warn/,c0833bdbb823290775524d4580514855b01e5ea68404520f9299de90,4f4f3cf52286e53d1d8d4cb1f23e25f9cd92328e,2026-07-16,2026-07-23
NJ,Ward Packaging,No. Brunswick,,2006-12-29,100,unknown,,0,0,1,https://www.nj.gov/labor/employer-services/warn/,b657743fe0ab7060b446c367634349f22ec8aa79b1ecd96e3a9ed755,ffa6a46fd12df29d48c1583b3ec0dfeecf09b526,2026-07-16,2026-07-23
NJ,Warren Distributing Company,Blue Anchor,,2017-04-30,128,unknown,,0,0,1,https://www.nj.gov/labor/employer-services/warn/,6c1958974855281c29c084883f4f6f5a9620cc1325a4509091c3d9b0,72a27f78db4e855690c165988938c1d573a862c4,2026-07-16,2026-07-23
NJ,Wayne Board of Education/Sodexo,Wayne,,2024-06-28,70,unknown,,0,0,1,https://www.nj.gov/labor/employer-services/warn/,be4b342f3ca233cd7d3943e2b29a90b6985e509216e2f3901caccb51,db49e9803935e4e3749d1de12c32b33efa874b92,2026-07-16,2026-07-23
NJ,Wellness Center at Hamilton Park,Jersey City,,2012-12-31,5,unknown,,0,0,1,https://www.nj.gov/labor/employer-services/warn/,c4f48c03c6c19a3adc0d70c2eb2062e400f1aeec180fd69b8b895c05,c5b941d2aa58612f2055831bc33b765156598d8c,2026-07-16,2026-07-23
NJ,"Wells Enterpries, Inc.",Lakewood,,2021-08-27,82,unknown,,0,0,1,https://www.nj.gov/labor/employer-services/warn/,067abec7ba1e18660faa048eb7e1414c50a2e13f80d3b4c98d0a2e64,2926838cae32f0ae6040c5e9b056f5077595126f,2026-07-16,2026-07-23
NJ,West-Ward Pharmacueticals Corp,Eatontown,,2018-07-02,38,unknown,,0,0,1,https://www.nj.gov/labor/employer-services/warn/,838823bdbfd5249b7b6577fe9b2f3391f0d70e7857161ffdb1190df1,22cfc1bbc5213c16b47691f9445bfd2a4a16b042,2026-07-16,2026-07-23
NJ,"WestRock, CP, LLC",Newark,,2019-12-21,114,unknown,,0,0,1,https://www.nj.gov/labor/employer-services/warn/,d675945898d566354a3fad103aba7cb16d242b7e74080a24e4fad31e,bca12aa8e03237410723d172cdb9d8e18e499538,2026-07-16,2026-07-23
NJ,"Western Union, LLC and Western Union Business Solutions USA",Montvale,,2019-10-13,192,unknown,,0,0,1,https://www.nj.gov/labor/employer-services/warn/,f1729b07fdad007eef13e5c618f9f0d8bb37bc1d1a2fa2ab9affdbf8,1ff2af838ffc02a732efebd10b81533f404d33aa,2026-07-16,2026-07-23
NJ,Whitsons Food Service,Edison,,2025-04-18,66,unknown,,0,0,1,https://www.nj.gov/labor/employer-services/warn/,46d1d0be329159140271b6e8a997a4dba0905f53e7c4a0c20e071440,a3ad747b70b7fa37af7c78e7c3c803b976a81a0b,2026-07-16,2026-07-23
NJ,Willowbrook chicken LLC,Edisom,,2020-03-17,1,unknown,,0,0,1,https://www.nj.gov/labor/employer-services/warn/,139891beb571766bb78622f181f433dfc343ea39f655f534c3baf270,1781b24ae2e0ac0b99374881aff48f52513ab7d6,2026-07-16,2026-07-23
NJ,Willowbrook chicken llc,Edison,,2020-03-17,1,unknown,,0,0,1,https://www.nj.gov/labor/employer-services/warn/,961b0b77f9cd6d9852522e3edce1872eb242a4c637102ada0dab1183,c9a182167f61053b09837d92ae1284610e47a993,2026-07-16,2026-07-23
NJ,Winberie's Restaurant and Bar,Princeton,,2019-01-21,43,unknown,,0,0,1,https://www.nj.gov/labor/employer-services/warn/,0796def55bb8a3f9254cf5b19b7c2fec89e6cfa5c4354ad0f52e84cd,3286ce9cc4be6b050f6276843253be828d80feb8,2026-07-16,2026-07-23
NJ,Winfit LLC,Mercer County,,2026-07-05,5,unknown,,0,0,1,https://www.nj.gov/labor/employer-services/warn/,5d82114b33142a0e38a5b796b9222b3226e48185bec32a02250b3cb7,6334acd5333f5222316ee5ed45f83af689aa3d33,2026-07-16,2026-07-23
NJ,"Winsale, Inc.",Jersey City,,2013-12-31,168,unknown,,0,0,1,https://www.nj.gov/labor/employer-services/warn/,afc497ae1a8f1bce19c68eaed18783222be7db605349211ce324993a,f496355d8e45fa14b41a7fd3ba2f9c9b02aacd69,2026-07-16,2026-07-23
NJ,Wolfgang's Steakhouse Grill,Somerville,,2020-03-16,55,unknown,,0,0,1,https://www.nj.gov/labor/employer-services/warn/,49c4eabf9b259f9cee561b8c4941f9524f81936398b471d0ea4aa6bd,b119c2ca7473ffb01a054c98b55f59d2ce1806d8,2026-07-16,2026-07-23
NJ,Wonder Group,Englewood,,2026-02-19,121,unknown,,0,0,1,https://www.nj.gov/labor/employer-services/warn/,495cafa13c6315145289289395c0365a052398f9170f9522bcba5aed,02e9b163e70a55a11fb03378660c17f049fc1730,2026-07-16,2026-07-23
NJ,Woodbridge Logistics LLC,Avenel,,2011-01-06,1114,unknown,,0,0,1,https://www.nj.gov/labor/employer-services/warn/,c399b28b30b0945b84b514b7e563a12ac19aa325b7a73dbc6591ce8a,8494950e9415b7138fe44a2f1c16e83341da2a7a,2026-07-16,2026-07-23
NJ,Woodland Behavioral/Nursing Center,Andover,,2022-08-08,250,unknown,,0,0,1,https://www.nj.gov/labor/employer-services/warn/,c1a4e736f61bb60a3473ff7030e7060f7d41f074eff812822e540a1a,35ddea585982405dbd1b23952677e902a815150a,2026-07-16,2026-07-23
NJ,Wyndham Hotels & Resorts,Parsippany,,2022-02-16,46,unknown,,0,0,1,https://www.nj.gov/labor/employer-services/warn/,57e2b25a435e6c01b88182b61e580c2eaef5e73045312c77f5576c39,79011ab09ad3850ce3add56f1361af1f6085ac27,2026-07-16,2026-07-23
NJ,"Wyndham Worldwide Operations, Inc.",Parsippany,,2018-04-21,134,unknown,,0,0,1,https://www.nj.gov/labor/employer-services/warn/,a10ea7fc2abdd29e9d48e2777005ae904333ace3c0fb6b71c0b46b07,e92de521337929e29481c484906107fe03f33603,2026-07-16,2026-07-23
NJ,XPO Logistics,Swedesboro,,2019-08-16,269,unknown,,0,0,1,https://www.nj.gov/labor/employer-services/warn/,520cfc067452bd2329cbed964edf254a8bb4fb2c3d16cea6bcc4b20c,6017230239c4486272127d89c6ac276612f1474b,2026-07-16,2026-07-23
NJ,Xtend Healthcare LLC,Remote Locations Throughout NJ,,,63,unknown,,0,0,1,https://www.nj.gov/labor/employer-services/warn/,811a383739ff8e3cc086fbecb23bedbffef74108b2e192bb574844d6,e7b21e5bb653ff5e433a64ef107a5d282cad5b36,2026-07-16,2026-07-23
NJ,YANG MING (AMERICA) CORP,JERSEY CITY,,2009-04-01,72,unknown,,0,0,1,https://www.nj.gov/labor/employer-services/warn/,65190071b579e0d2cbea9a570607004fc1e3b04561e9d1280519532a,03418a3f405e3d5feebc07fbdb090cb9e5339409,2026-07-16,2026-07-23
NJ,YARDVILLE NAT. BANK,HAMILTON TOWNSHIP,,2008-01-19,146,unknown,,0,0,1,https://www.nj.gov/labor/employer-services/warn/,8049b4e930f68289b26fd135a17fa009c2fe471f60d7a94102e74d57,e75ecbbc441ac48f927d73454800290f29cf04bf,2026-07-16,2026-07-23
NJ,YARDVILLE NATIONAL,HAMILTON,,2008-01-19,8,unknown,,0,0,1,https://www.nj.gov/labor/employer-services/warn/,d144aa3817445d7331936554fc24641ad4c7069f1afe194b8de56b4b,8c0a7b7774396fbc93e4ed0a02d3d49c5679d478,2026-07-16,2026-07-23
NJ,YM LLC,Totowa,,2014-06-19,69,unknown,,0,0,1,https://www.nj.gov/labor/employer-services/warn/,90d92e8e2b8806d6096a5c0f86d8e446040fd3eb376fe72de03b0be9,12c45e9f25309c711f70b539893570fb0acab6e3,2026-07-16,2026-07-23
NJ,YNAP Corporation,Mahwah,,2025-11-15,68,unknown,,0,0,1,https://www.nj.gov/labor/employer-services/warn/,583ef5344032eaf523b62bdf675e8ee583741c51191168043fb7216c,0a95adb2ea66ca056c032d153d287d643641d340,2026-07-16,2026-07-23
NJ,YRC Inc. dba YRC Freight,Carlstadt,,2013-05-12,69,unknown,,0,0,1,https://www.nj.gov/labor/employer-services/warn/,c7010bab5b6db8a0020c3a9ddb895f94d29eebb761d5d19d54808d30,370c489384eae1512ea6c34a11ded0297b3d5d3c,2026-07-16,2026-07-23
NJ,YRC Inc. dba YRC Freight,Elizabeth,,2013-05-12,114,unknown,,0,0,1,https://www.nj.gov/labor/employer-services/warn/,b65e2cd255844c64d2ced09ae6096900489eaa68c82de15133d802f7,665d72e65f36c59ea45252349fbe960c4e3fdbe9,2026-07-16,2026-07-23
NJ,Your Chiropractor Inc.,Margate,,2020-05-28,1,unknown,,0,0,1,https://www.nj.gov/labor/employer-services/warn/,dabc3e211fa02ef0758309cb0efaea97d6a9b89098474361013ba09a,924ad64d362a899fa790ab0c70c6db36829bc506,2026-07-16,2026-07-23
NJ,Your Event & Party Corp,Vineland,,2021-10-02,3,unknown,,0,0,1,https://www.nj.gov/labor/employer-services/warn/,ff3d510ff10675e0bf69a8a57148b50d5d9308be8b40e376a5d2cf2e,05151d8cda827762857b30abf0c993a01a0b6f79,2026-07-16,2026-07-23
NJ,ZINSSER CO.,SOMERSET,,2008-08-29,61,unknown,,0,0,1,https://www.nj.gov/labor/employer-services/warn/,4d56435a7be0a3404d2c9a3b9851f5f9089aabcde5af9dbf54fb10db,45a20aeca67c9166d705d6ce863859e3c6171bf0,2026-07-16,2026-07-23
NJ,Zenith Education Group,South Plainfield,,2018-01-08,41,unknown,,0,0,1,https://www.nj.gov/labor/employer-services/warn/,a75ff53831117baa6ea968b9afef6bb1a7860e34db8768b1888e12f3,82e469e62e29dbb7530634c43898e4757fccb34a,2026-07-16,2026-07-23
NJ,Zoe Home Healthcare,Neptune City,,2024-08-30,70,unknown,,0,0,1,https://www.nj.gov/labor/employer-services/warn/,4425087956cf3043867068ce414ef8101e8ddb9cff7b3ad188965714,5499a6ca512316fe895b955299ad5881708b02f4,2026-07-16,2026-07-23
NJ,"Zoetis, Inc.",Florham Park,,2015-08-11,165,unknown,,0,0,1,https://www.nj.gov/labor/employer-services/warn/,d9f585c26e77e8364a9995cc9740e86136b3eb5be59b22730ae9c29e,b06a214eb6ca4af4a93ed7af67e96e7af4b1f9a5,2026-07-16,2026-07-23
NJ,"Zucker, Goldberg and Ackerman, LLC",Mountainside,,2015-08-24,289,unknown,,0,0,1,https://www.nj.gov/labor/employer-services/warn/,22940cd52aaa8eba30c8a22a63ffabc5cadba0dcd39feff9743162f8,52e3132518a011379ef0a6bc8c194485ac1f99aa,2026-07-16,2026-07-23
NJ,burlington woods nursing home,burlington,,2020-08-23,20,unknown,,0,0,1,https://www.nj.gov/labor/employer-services/warn/,9551ee0b2715504350176b2d37232fedadaf12c39ca1e2aadd434889,063886ad670d3a1777f7da62fdb01ae95d4dd5e6,2026-07-16,2026-07-23
NJ,ePATHUSA Inc,West Des Moines,,2019-01-10,1,unknown,,0,0,1,https://www.nj.gov/labor/employer-services/warn/,f3ede8a033ebed10b746df2b9bd131fb06451f254e66ae7bb87ef550,571dbc36c82dccd39f32a2293d61709b0f0adce6,2026-07-16,2026-07-23
NJ,east rutherford me llc,edison,,2020-03-15,20,unknown,,0,0,1,https://www.nj.gov/labor/employer-services/warn/,36e4da2902c5445ff5d88d7b1e78b1fe70e36094f723e1e49ab42c79,d506436ccad99e17ed37030def53124fcd850bab,2026-07-16,2026-07-23
NJ,for IJK Opco LLC (CarePoint Health),Bayonne,,2024-12-12,859,unknown,,0,0,1,https://www.nj.gov/labor/employer-services/warn/,5ca53051d5f07d6d956f7923b7927d0dca607a78a68a431cf771e98d,35d06bd1bb8e2b16d71350a0f3f6303bf2c363a3,2026-07-16,2026-07-23
NJ,for Samsung Electronics America,Ridgefield Park,,2024-12-26,125,unknown,,0,0,1,https://www.nj.gov/labor/employer-services/warn/,3c42086b0b673002f118f134cb5ffbf446d5f0d9c874c7f92c83d9f7,b116734ca869bc459703d5c302521844cd60184f,2026-07-16,2026-07-23
NJ,force transfer,jersey city,,2020-03-13,,unknown,,0,0,1,https://www.nj.gov/labor/employer-services/warn/,314cc97c0bedd9d79ad409ac9bf8f59a8428edd94730eff510006b09,86fc0da294eac8e569046484242fc1564367660f,2026-07-16,2026-07-23
NJ,hikma,Eatontown,,2018-09-21,78,unknown,,0,0,1,https://www.nj.gov/labor/employer-services/warn/,16f4f53fc344daccf71b2711ef4c6308a0abe2dc79c7c124ace06158,e8688120bf897af5d15517fe1fd3b570816c4840,2026-07-16,2026-07-23
NJ,metrofuser,elizabeth,,2020-03-23,15,unknown,,0,0,1,https://www.nj.gov/labor/employer-services/warn/,570e7a14249c233f3318464a382982ea7164f277587669de772691ae,01172f26dd1d98081e8c1eb565be046b67dde4f8,2026-07-16,2026-07-23
NJ,sanofi-aventis U.S. Inc.,Bridgewater,,2012-03-12,391,unknown,,0,0,1,https://www.nj.gov/labor/employer-services/warn/,ecf2fabbf742de7b3813e1cc8950708bb6df3cc6650550bc68cd3bd6,afd0477e6cebd0c2500789828a8642442a323651,2026-07-16,2026-07-23
NJ,stockton compass group,Galloway,,2020-03-11,4,unknown,,0,0,1,https://www.nj.gov/labor/employer-services/warn/,d27f75b8bd3a7904c1fabeccb5eb51b676645190ea33f206590fa27a,fcd33361100445fef30067ab1cc28e80ed97ebb9,2026-07-16,2026-07-23
NJ,united airlines,Chicago,,2020-10-01,16000,unknown,,0,0,1,https://www.nj.gov/labor/employer-services/warn/,01c057f3c94f8338cbf2b16a395c85f9b328eb9a970c605c95dce673,630556e6b715ae9d2b31ec73e43746866f358a92,2026-07-16,2026-07-23
NJ,"usi services group , inc.",chattanooga,,2020-03-20,,unknown,,0,0,1,https://www.nj.gov/labor/employer-services/warn/,8db4232a7318f78f3d740d81a14829ccb06283dbab150c102990e10c,0ae83496ee215efbf7d8586e39583e79ea40ac81,2026-07-16,2026-07-23
