state,employer_name,normalized_name,canonical_name,industry,naics,naics_basis,cik,ticker,cik_match,sic,sic_description,ein,ntee,lei,wikidata_qid,wikidata_match,parent_company,parent_cik,identity_source,employer_key,location,notice_date,effective_date,employees_affected,layoff_type,is_temporary,is_amendment,is_amended,current_version,source_url,source_notice_id,dedupe_key,first_seen,last_seen
OH,"A. Schulman, Inc",a schulman,,,,,,,,,,,,,,,,,,n:a schulman,Stryker/Williams,2015-01-05,2015-03-02,67,unknown,,0,0,1,https://jfs.ohio.gov/job-services-and-unemployment/job-services/job-programs-and-services/submit-a-warn-notice/current-public-notices-of-layoffs-and-closures,0e23806e7b684349d65d11fb422cbc54491598fe943d923144421039,b2c955d4777eaba5f52e8fad53dacc88f2d509f4,2026-07-16,2026-07-16
OH,Market Day LLC,market day,,,,,,,,,,,,,,,,,,n:market day,Various/Various,2015-01-07,2015-03-07,107,unknown,,0,0,1,https://jfs.ohio.gov/job-services-and-unemployment/job-services/job-programs-and-services/submit-a-warn-notice/current-public-notices-of-layoffs-and-closures,e2bcd9fc331394b72b07d76bd7566b32b18b74713ee24deb93976bc9,4343f69c053822d339ab4e2ba8c0312b9dc474cd,2026-07-16,2026-07-16
OH,United States Steel Corporation Lorain,united states steel corporation lorain,,,,,,,,,,,,,,,,,,n:united states steel corporation lorain,Lorain/Lorain,2015-01-07,2015-03-08,636,unknown,,0,0,1,https://jfs.ohio.gov/job-services-and-unemployment/job-services/job-programs-and-services/submit-a-warn-notice/current-public-notices-of-layoffs-and-closures,44bb178f23b08dc37f998d3cc0de4e0a85e1f9ec9c06e7545875448e,c3f4cfcc15919880440153341d7c2f05a148594c,2026-07-16,2026-07-16
OH,Trulite Glass Company LLC,trulite glass,,,,,,,,,,,,,,,,,,n:trulite glass,Hebron/Licking,2015-01-08,2015-03-08,70,unknown,,0,0,1,https://jfs.ohio.gov/job-services-and-unemployment/job-services/job-programs-and-services/submit-a-warn-notice/current-public-notices-of-layoffs-and-closures,1d73e79496d4e43fff085c862430ff3bddc99e4238320e7e93abc409,c7d3579d49bfe2b069d7c679225de0baabee687f,2026-07-16,2026-07-16
OH,Macy's,macy s,"Macy's, Inc.",,45211,sic-crosswalk,794367,M,exact,5311,Retail-Department Stores,,,,Q5479360,cik,,,automatic,qid:Q5479360,Columbus/Franklin,2015-01-12,2015-03-16,109,unknown,,0,0,1,https://jfs.ohio.gov/job-services-and-unemployment/job-services/job-programs-and-services/submit-a-warn-notice/current-public-notices-of-layoffs-and-closures,bd76e711f53f53124952b131d214db587496d6766c1f07190f8f4b01,c42d27d2686b7de1d10dd88720feb64d8db9dbbe,2026-07-16,2026-07-16
OH,"Exel, Inc.",exel,,,,,,,,,,,,,,,,,,n:exel,Columbus/Franklin,2015-01-26,2015-04-17,278,unknown,,0,0,1,https://jfs.ohio.gov/job-services-and-unemployment/job-services/job-programs-and-services/submit-a-warn-notice/current-public-notices-of-layoffs-and-closures,0b7d71e6617607648b3152414505d87e31929150c714ad15a7a82b1a,8b529c1a250fbbeeb915b4827744058299c38496,2026-07-16,2026-07-16
OH,"Bonne Bell, Inc.",bonne bell,,,,,,,,,,,,,,,,,,n:bonne bell,Westlake/Cuyahoga,2015-02-02,2015-03-29,91,unknown,,0,0,1,https://jfs.ohio.gov/job-services-and-unemployment/job-services/job-programs-and-services/submit-a-warn-notice/current-public-notices-of-layoffs-and-closures,984a19b00b6171f138c286b8ee9a225ebef305bddbc024f042e1ce1d,339c61dd0f3d76a60d1290cea3379bdbfeb89f21,2026-07-16,2026-07-16
OH,WP Glimcher (Dayton and Fairfield Commons),wp glimcher dayton and fairfield commons,Washington Prime Group,,,,1594686,,exact:base,,,,,,Q24908086,cik,,,automatic,qid:Q24908086,Various/Various,2015-03-04,,87,unknown,,0,0,1,https://jfs.ohio.gov/job-services-and-unemployment/job-services/job-programs-and-services/submit-a-warn-notice/current-public-notices-of-layoffs-and-closures,4b0bd07aa70ec58c01737b801ea9ae243332074101c857e8c253a181,d5b228b0f881f5263537005b411391cb5410e950,2026-07-16,2026-07-16
OH,WP Glimcher (Polaris),wp glimcher polaris,Washington Prime Group,,,,1594686,,exact:base,,,,,,Q24908086,cik,,,automatic,qid:Q24908086,Columbus/Franklin,2015-03-04,,45,unknown,,0,0,1,https://jfs.ohio.gov/job-services-and-unemployment/job-services/job-programs-and-services/submit-a-warn-notice/current-public-notices-of-layoffs-and-closures,8882e5e3d1644b09f2b1a5db50158a4ce6fec920342b2ba8af12c6f6,a58a20fa59b80e19b11a28b770812e3da75783dd,2026-07-16,2026-07-16
OH,The Tamarkin Company,tamarkin,,,,,,,,,,,,,,,,,,n:tamarkin,Austintown/Mahoning,2015-03-11,2015-05-09,196,unknown,,0,0,1,https://jfs.ohio.gov/job-services-and-unemployment/job-services/job-programs-and-services/submit-a-warn-notice/current-public-notices-of-layoffs-and-closures,8b2ae36afeecb2e2efb5ba78cefee299482bac7cd5f9f3ca8b32fc74,4fcbce4b448ce169a4f8bf9372e139774067eb8d,2026-07-16,2026-07-16
OH,AEP Generation Resources Inc Muskingum River Plant,aep generation resources inc muskingum river plant,,,,,,,,,,,,,,,,,,n:aep generation resources inc muskingum river plant,Waterford (Beverly)/Washington,2015-03-19,2015-05-31,62,unknown,,0,0,1,https://jfs.ohio.gov/job-services-and-unemployment/job-services/job-programs-and-services/submit-a-warn-notice/current-public-notices-of-layoffs-and-closures,3ac3c087cc2d7aa45f962261f207f24d685d1e51a7bde0f316a4092e,f7f9d3b0d87b5db08a8d6e59634325a09ace565b,2026-07-16,2026-07-16
OH,Worthington Industries,worthington industries,Worthington Industries,,,,108516,WOR,exact,3310,"Steel Works, Blast Furnaces & Rolling & Finishing Mills",,,,Q2594130,cik,,,automatic,qid:Q2594130,Wooster/Wayne,2015-03-24,2015-03-24,33,unknown,,0,0,1,https://jfs.ohio.gov/job-services-and-unemployment/job-services/job-programs-and-services/submit-a-warn-notice/current-public-notices-of-layoffs-and-closures,5d64c5669de18ece6960d8fa2334a70527336682f9a950bcf05803ee,1e68d363c9d525f8fff601f5baf23d49e57bda4e,2026-07-16,2026-07-16
OH,Worthington Industries,worthington industries,Worthington Industries,,,,108516,WOR,exact,3310,"Steel Works, Blast Furnaces & Rolling & Finishing Mills",,,,Q2594130,cik,,,automatic,qid:Q2594130,Bremen/Fairfield,2015-03-24,2015-03-24,78,unknown,,0,0,1,https://jfs.ohio.gov/job-services-and-unemployment/job-services/job-programs-and-services/submit-a-warn-notice/current-public-notices-of-layoffs-and-closures,795d9ef8e18572f931e2a13172f2c71484a764ff7da9778345381419,6de3957a0a10d732c3e3abd140b6d435fcc0c08f,2026-07-16,2026-07-16
OH,Corrections Corporation of America (CCA),corrections corporation of america cca,,,56121,sic-crosswalk,739404,,exact:post-era:base,8744,Services-Facilities Support Management Services,,,,,,,,automatic,cik:739404,Youngstown/Mahoning,2015-03-27,2015-05-30,185,unknown,,0,0,1,https://jfs.ohio.gov/job-services-and-unemployment/job-services/job-programs-and-services/submit-a-warn-notice/current-public-notices-of-layoffs-and-closures,7d6fe878799fa35c2c3cb43982561426bd46475e2df37d1ca94e361b,6e637f4fc5cde46f48100c19bc5884841586b1b8,2026-07-16,2026-07-16
OH,Regency Hospital of Akron (Select Medical Corp),regency hospital of akron select medical,,,,,,,,,,,,,,,,,,n:regency hospital of akron,Barberton/Summit,2015-03-31,2015-05-29,85,unknown,,0,0,1,https://jfs.ohio.gov/job-services-and-unemployment/job-services/job-programs-and-services/submit-a-warn-notice/current-public-notices-of-layoffs-and-closures,a8f4018c6da50c54930dd70b8f275e40b71b31c7088d03bc432e9dce,f6cb9a52154611fe06862088909e344a6dc45af7,2026-07-16,2026-07-16
OH,ABM Healthcare Support Services,abm healthcare support services,,,,,,,,,,,,,,,ABM INDUSTRIES INC /DE/,771497,,n:abm healthcare support services,Various/Various,2015-04-02,2015-06-30,90,unknown,,0,0,1,https://jfs.ohio.gov/job-services-and-unemployment/job-services/job-programs-and-services/submit-a-warn-notice/current-public-notices-of-layoffs-and-closures,c15846063ffabfa0f64dd6d1e32a4877d920527f2d08c447286f8373,893af971e309ba9151ef1095e521b9f81270c8dc,2026-07-16,2026-07-16
OH,ExxonMobil Chemical Company,exxonmobil chemical,,,,,,,,,,,,,,,,,,n:exxonmobil chemical,Akron/Summit,2015-04-06,2015-12-31,,unknown,,0,0,1,https://jfs.ohio.gov/job-services-and-unemployment/job-services/job-programs-and-services/submit-a-warn-notice/current-public-notices-of-layoffs-and-closures,91171b431afbd7a42a22b6f0a25a16e0e302e09cf173340c4cfcdde3,6ab1b1463e3478743eb4a23ee4c2418a9041402d,2026-07-16,2026-07-16
OH,Republic Storage Systems,republic storage systems,,,,,,,,,,,,,,,,,,n:republic storage systems,Canton/Stark,2015-04-10,2015-04-10,270,unknown,,0,0,1,https://jfs.ohio.gov/job-services-and-unemployment/job-services/job-programs-and-services/submit-a-warn-notice/current-public-notices-of-layoffs-and-closures,4ce4df4702980e1a4a33e065ec426fdaded10533b121b00a5249ed85,734999c1f45aa9e6f859ede58986229da83de03a,2026-07-16,2026-07-16
OH,Meritor,meritor,Meritor,,336,sic-crosswalk,1113256,,exact,3714,Motor Vehicle Parts & Accessories,,,,Q322153,cik,,,automatic,qid:Q322153,Heath/Licking,2015-04-20,,96,unknown,,0,0,1,https://jfs.ohio.gov/job-services-and-unemployment/job-services/job-programs-and-services/submit-a-warn-notice/current-public-notices-of-layoffs-and-closures,bbabbb71605dc4b38068cf8ed28a354cf0638eb1e1911b2082de3d53,0ca8aced0bbd59d998d169ff31fcc78c95b32bac,2026-07-16,2026-07-16
OH,Volvo Group North America LLC,volvo group north america,,,423120,employer,,,,,,,,,,,,,,n:volvo group north america,Lewis Center/Delaware,2015-04-21,2015-06-26,300,unknown,,0,0,1,https://jfs.ohio.gov/job-services-and-unemployment/job-services/job-programs-and-services/submit-a-warn-notice/current-public-notices-of-layoffs-and-closures,31433111d84ea244baeb4048c55414acf07e401704a3b1fb4cf01df1,bc0ebea6732fc6696238b313f0ecdf902699692d,2026-07-16,2026-07-16
OH,Renaissance Cleveland,renaissance cleveland,,,,,,,,,,,,,,,,,,n:renaissance cleveland,Cleveland/Cuyahoga,2015-05-01,2015-06-30,282,unknown,,0,0,1,https://jfs.ohio.gov/job-services-and-unemployment/job-services/job-programs-and-services/submit-a-warn-notice/current-public-notices-of-layoffs-and-closures,d2502207e6c3dc6ba2ee7702737b4c692a1318185448ddeaf8fd4a09,b2b5253214c92deb8c155b1f9887eded7b40d2c6,2026-07-16,2026-07-16
OH,DecisionOne,decisionone,,,541512,sic-crosswalk,1040354,,exact:post-era,7373,Services-Computer Integrated Systems Design,,,,,,,,automatic,cik:1040354,Grove City/Franklin,2015-05-11,2015-05-13,75,unknown,,0,0,1,https://jfs.ohio.gov/job-services-and-unemployment/job-services/job-programs-and-services/submit-a-warn-notice/current-public-notices-of-layoffs-and-closures,cf3c0df764f723e292fe038b2aa1e5bacc36eb73cc96621c60ad0f2a,15d0063c9bfab8d8044532d76f6ead7991b8c9c3,2026-07-16,2026-07-16
OH,Hydraulic Technologies,hydraulic technologies,,,,,,,,,,,,,,,,,,n:hydraulic technologies,Galion/Crawford,2015-05-13,2015-07-07,,unknown,,0,0,1,https://jfs.ohio.gov/job-services-and-unemployment/job-services/job-programs-and-services/submit-a-warn-notice/current-public-notices-of-layoffs-and-closures,4348d61b8e6e1a5b9e788d42b78d3718d45e26359b0f907ac1c2d652,0a02f835c54d85d5793f0cd500c5f3208a7445f1,2026-07-16,2026-07-16
OH,Hopkins Partners (at the Sheraton Cleveland Airport Hotel),hopkins partners at the sheraton cleveland airport hotel,,,,,,,,,,,,,,,,,,n:hopkins partners,Cleveland/Cuyahoga,2015-05-19,2015-07-20,125,unknown,,0,0,1,https://jfs.ohio.gov/job-services-and-unemployment/job-services/job-programs-and-services/submit-a-warn-notice/current-public-notices-of-layoffs-and-closures,7edd4c25058ae2a9626487a85565a53a1064bd3011fd0357d42f90d3,a52b1df0fe8685de0013e0430a7b0abfd49a75cc,2026-07-16,2026-07-16
OH,Caremark RX LLC,caremark rx,,,44611,sic-crosswalk,1000736,,exact:post-era,5912,Retail-Drug Stores and Proprietary Stores,,,,,,,,automatic,cik:1000736,Solon/Cuyahoga,2015-05-20,2015-07-18,76,unknown,,0,0,1,https://jfs.ohio.gov/job-services-and-unemployment/job-services/job-programs-and-services/submit-a-warn-notice/current-public-notices-of-layoffs-and-closures,8e077f8cba78f13a3275313b848b74c05dab8456709da78d131fb54a,b26307f8de786f6a59f337ba7b02f51b1a4e6014,2026-07-16,2026-07-16
OH,Community Development Institute Head Start,community development institute head start,,,,,,,,,,,,,,,,,,n:community development institute head start,Youngstown/Mahoning,2015-06-08,2015-07-31,143,unknown,,0,0,1,https://jfs.ohio.gov/job-services-and-unemployment/job-services/job-programs-and-services/submit-a-warn-notice/current-public-notices-of-layoffs-and-closures,de0b69a1d7a43c2b3d098155a75a22adeb3e5308e8f5527bcb60b79b,7bfab79c7203ac31966c469bf7ba432acefedad8,2026-07-16,2026-07-16
OH,The Service Companies Inc,service companies,"THE SERVICE COMPANIES, INC.",,,,,,,,,,,5493000KODUWHRG7E745,,,,,automatic,lei:5493000KODUWHRG7E745,Cleveland/Cuyahoga,2015-06-08,2015-07-31,86,unknown,,0,0,1,https://jfs.ohio.gov/job-services-and-unemployment/job-services/job-programs-and-services/submit-a-warn-notice/current-public-notices-of-layoffs-and-closures,7815f22cbfe734985b722d7c050cce87d41efe299d8cfecd02956dab,3b9ab12acabe97e8a4500e37e791e118610c58a3,2026-07-16,2026-07-16
OH,Haverhill Chemicals LLC,haverhill chemicals,,,,,,,,,,,,,,,,,,n:haverhill chemicals,Haverhill/Scioto,2015-06-15,2015-08-10,164,unknown,,0,0,1,https://jfs.ohio.gov/job-services-and-unemployment/job-services/job-programs-and-services/submit-a-warn-notice/current-public-notices-of-layoffs-and-closures,87e01364f7835e2279bd253b58b22693287643bec47a54281b3ae411,f0a01ab9a86da0bbe52ee9fe14ae294393375ceb,2026-07-16,2026-07-16
OH,Lorain National Bank,lorain national bank,,,,,1087767,,exact,,,,,,,,,,automatic,cik:1087767,Lorain/Lorain,2015-06-15,2015-08-14,98,unknown,,0,0,1,https://jfs.ohio.gov/job-services-and-unemployment/job-services/job-programs-and-services/submit-a-warn-notice/current-public-notices-of-layoffs-and-closures,5f97f92111463ef9e6e0648c74eaf2af6c58509e1f4fdd25537db23e,7ad2c1a9ad59adb3a503a8d1115996f278e54b96,2026-07-16,2026-07-16
OH,Sodexo (at Bowling Green University),sodexo at bowling green university,Sodexo,,,,1169715,,exact:base,8741,Services-Management Services,,,,Q1475554,label,,,automatic,qid:Q1475554,Bowling Green/Wood,2015-06-17,2015-07-11,60,unknown,,0,0,1,https://jfs.ohio.gov/job-services-and-unemployment/job-services/job-programs-and-services/submit-a-warn-notice/current-public-notices-of-layoffs-and-closures,aa4e67d44dbf5afc8a71d059d2aae53066df73c58599175740c2d7d6,722a624c9acf2b0635c93bd8df92f1f567822554,2026-07-16,2026-07-16
OH,Sodexo (at Franciscan University),sodexo at franciscan university,Sodexo,,,,1169715,,exact:base,8741,Services-Management Services,,,,Q1475554,label,,,automatic,qid:Q1475554,Steubenville/Jefferson,2015-06-17,2015-07-31,148,unknown,,0,0,1,https://jfs.ohio.gov/job-services-and-unemployment/job-services/job-programs-and-services/submit-a-warn-notice/current-public-notices-of-layoffs-and-closures,1a091ca19548357d1f305a85a66713fa9079cffc69feb6265c56e574,44413c798ed6f010461875134bd0e72d451da09f,2026-07-16,2026-07-16
OH,CITI,citi,Citibank,,541513,employer,,,,,,,,,Q857063,label,Citigroup,,automatic,qid:Q857063,Columbus/Franklin,2015-07-02,2015-04-04,403,unknown,,0,0,1,https://jfs.ohio.gov/job-services-and-unemployment/job-services/job-programs-and-services/submit-a-warn-notice/current-public-notices-of-layoffs-and-closures,1d48f2e08b58f7bb2aea7664af60371dcb784f70cc4e22e513d29b94,dd0bd2535bedd7c2b2d40683467def3b9380b098,2026-07-16,2026-07-16
OH,NOV,nov,,,,,,,,,,,,,,,,,,n:nov,Springfield/Clark,2015-07-07,2015-09-18,149,unknown,,0,0,1,https://jfs.ohio.gov/job-services-and-unemployment/job-services/job-programs-and-services/submit-a-warn-notice/current-public-notices-of-layoffs-and-closures,745409657fa59422baaf0e1f4694612df46f553dd9958efa3b965294,2d2c65db5c69a37f4c1de8217e8b9629c1b418d8,2026-07-16,2026-07-16
OH,Litigation Management Inc,litigation management,,,,,,,,,,,,,,,,,,n:litigation management,Mayfield Heights/Cuyahoga,2015-07-09,2015-07-07,41,unknown,,0,0,1,https://jfs.ohio.gov/job-services-and-unemployment/job-services/job-programs-and-services/submit-a-warn-notice/current-public-notices-of-layoffs-and-closures,e0d92e12b89a9caf30b9bb43cb99e2d7e70e34d825062968fe40131e,6d43407149dbf68ccb847fc35e2e8b33e8cc5634,2026-07-16,2026-07-16
OH,HDT,hdt,,,,,,,,,,,,,,,,,,n:hdt,Solon/Cuyahoga,2015-07-22,2015-09-30,69,unknown,,0,0,1,https://jfs.ohio.gov/job-services-and-unemployment/job-services/job-programs-and-services/submit-a-warn-notice/current-public-notices-of-layoffs-and-closures,0a5db497b9d85ac4d2a6c77ce6f47186991992de9f19dffd508a022d,3f1df3eaeccbf7ce0211889469da4a841e548d01,2026-07-16,2026-07-16
OH,Aramark,aramark,Aramark,,,,1584509,ARMK,exact:listed,5812,Retail-Eating  Places,,,,Q625708,cik,,,automatic,qid:Q625708,Cincinnati/Hamilton,2015-07-27,2015-09-30,432,unknown,,0,0,1,https://jfs.ohio.gov/job-services-and-unemployment/job-services/job-programs-and-services/submit-a-warn-notice/current-public-notices-of-layoffs-and-closures,c2f9aee4982dcd0e07597c6c3aa7409af1a1f349510d6821075b34ad,1bf54f5d405c553589a0c882c4fe7c7427aa41a9,2026-07-16,2026-07-16
OH,Pinnacle Workforce Logistics,pinnacle workforce logistics,,,,,,,,,,,,,,,,,,n:pinnacle workforce logistics,Delaware/Delaware,2015-08-03,2015-08-15,56,unknown,,0,0,1,https://jfs.ohio.gov/job-services-and-unemployment/job-services/job-programs-and-services/submit-a-warn-notice/current-public-notices-of-layoffs-and-closures,efcc5b9fad9bc1c0fd7ae9a13c2326517ed08c3515a79e47cec9519e,45e12dd0c7015ab89bf42b61e3e2a4d70f6255cd,2026-07-16,2026-07-16
OH,Aramark,aramark,Aramark,,,,1584509,ARMK,exact:listed,5812,Retail-Eating  Places,,,,Q625708,cik,,,automatic,qid:Q625708,Cleveland/Cuyahoga,2015-08-10,2015-10-16,371,unknown,,0,0,1,https://jfs.ohio.gov/job-services-and-unemployment/job-services/job-programs-and-services/submit-a-warn-notice/current-public-notices-of-layoffs-and-closures,c24d76dfa8469627dac99cdd4765410f2e69f1149709fc9c89ea55f7,989671ac59c83d7e8fe10f3873fc5acd062fee58,2026-07-16,2026-07-16
OH,Coyne International Enterprises Corp.,coyne international enterprises,,,,,1066242,,exact:post-era,5040,Wholesale-Professional & Commercial Equipment & Supplies,,,,,,,,automatic,cik:1066242,Cleveland/Cuyahoga,2015-08-18,2015-10-31,,unknown,,0,0,1,https://jfs.ohio.gov/job-services-and-unemployment/job-services/job-programs-and-services/submit-a-warn-notice/current-public-notices-of-layoffs-and-closures,3cfe366dea7769407ac4a9a2d51960e4e41d73887c8043f39a7e6a9d,84ff090cc9d4e64bbe8689b68354c4809c3ea3be,2026-07-16,2026-07-16
OH,Omnicare Inc.,omnicare,,,44611,parent-sic,,,,,,,,,,,OMNICARE INC,353230,,n:omnicare,Cincinnati/Hamilton,2015-08-27,2015-10-30,232,unknown,,0,0,1,https://jfs.ohio.gov/job-services-and-unemployment/job-services/job-programs-and-services/submit-a-warn-notice/current-public-notices-of-layoffs-and-closures,f4d664817219fe5bd8b7498d9ad02aa5a4435cf2e20a8add55645576,c7139dbb0f1b09ada9f750d1daeb126abf6da680,2026-07-16,2026-07-16
OH,Fluor BWXT,fluor bwxt,,,,,,,,,,,,,,,,,,n:fluor bwxt,Piketon/Pike,2015-08-31,2015-10-22,323,unknown,,0,0,1,https://jfs.ohio.gov/job-services-and-unemployment/job-services/job-programs-and-services/submit-a-warn-notice/current-public-notices-of-layoffs-and-closures,4a19ca4ece1295c9e08aecb99b914d408a2b1ff2f71370f37b4cfae0,e5e328f4dcc8edababac7e3ccbd5c724eaa2f19c,2026-07-16,2026-07-16
OH,Maxim Healthcare Services INC,maxim healthcare services,,,621610,employer,,,,,,,,,,,,,,n:maxim healthcare services,St. Clairsville/Belmont,2015-09-01,2015-10-01,94,unknown,,0,0,1,https://jfs.ohio.gov/job-services-and-unemployment/job-services/job-programs-and-services/submit-a-warn-notice/current-public-notices-of-layoffs-and-closures,b79cb8072f05f3337936a3fa083173defffa55d15f4dee7e94385a31,7a169c54e27801826416c8fd73b9a4fd15ebab5f,2026-07-16,2026-07-16
OH,Stingray Pressure Pumping LLC,stingray pressure pumping,,,,,,,,,,,,,,,"MAMMOTH ENERGY SERVICES, INC.",1679268,,n:stingray pressure pumping,Unknown/Monroe,2015-09-08,2015-10-31,22,unknown,,0,0,1,https://jfs.ohio.gov/job-services-and-unemployment/job-services/job-programs-and-services/submit-a-warn-notice/current-public-notices-of-layoffs-and-closures,b9d8f151c1235fc14732cd0e0e5b3e0edcc6f8dba8e95cca1aa080bf,6d8be43f7eaa4d0b67354b72f086980a8d813b7d,2026-07-16,2026-07-16
OH,KBI ‐ Kyklos Bearing International LLC,kbi kyklos bearing international,,,,,,,,,,,,,,,,,,n:kbi kyklos bearing international,Sandusky/Erie,2015-09-21,2015-11-30,177,unknown,,0,0,1,https://jfs.ohio.gov/job-services-and-unemployment/job-services/job-programs-and-services/submit-a-warn-notice/current-public-notices-of-layoffs-and-closures,a25cc434ee924f01aada9eebf30e66c7b846c79a6760d89837a6bc32,9ecc516bce6c020e7f60299f44ba2ddc21c38591,2026-07-16,2026-07-16
OH,Centrus Energy Corp,centrus energy,,,,,1065059,LEU,exact,1400,Mining & Quarrying of  Nonmetallic Minerals (No Fuels),,,,,,,,automatic,cik:1065059,Piketon/Pike,2015-09-22,2015-11-10,,unknown,,0,0,1,https://jfs.ohio.gov/job-services-and-unemployment/job-services/job-programs-and-services/submit-a-warn-notice/current-public-notices-of-layoffs-and-closures,bb7bf82da2d7893b0d1c7cc92738aec288b37ab176a0aefac0b8ddfc,a08f9bd2556949a68d6b68a2e8c92a00632ab834,2026-07-16,2026-07-16
OH,MetalTek International ‐ Sandusky Division,metaltek international sandusky division,,,,,,,,,,,,,,,,,,n:metaltek international sandusky division,Sandusky/Erie,2015-09-29,2015-09-29,16,unknown,,0,0,1,https://jfs.ohio.gov/job-services-and-unemployment/job-services/job-programs-and-services/submit-a-warn-notice/current-public-notices-of-layoffs-and-closures,b315073e73276beae269c5a2ae40142733b17659b27a4efb9a22f6e5,723a3430f6ec1be541647a9efbcf5a6982f48a4f,2026-07-16,2026-07-16
OH,Demdaco,demdaco,,,,,,,,,,,,,,,,,,n:demdaco,Bowling Green/Wood,2015-10-07,2015-12-31,20,unknown,,0,0,1,https://jfs.ohio.gov/job-services-and-unemployment/job-services/job-programs-and-services/submit-a-warn-notice/current-public-notices-of-layoffs-and-closures,a451ef6ea5697b385b466ef4ce6b76d007a8931f4bd7444d2e4c3900,3e4ecb3a9d46ac041aca880c8be7ac22fa2f66fe,2026-07-16,2026-07-16
OH,Terra Source Global,terra source global,,,,,,,,,,,,,,,,,,n:terra source global,Cuyahoga Falls/Summit,2015-10-08,2015-12-11,53,unknown,,0,0,1,https://jfs.ohio.gov/job-services-and-unemployment/job-services/job-programs-and-services/submit-a-warn-notice/current-public-notices-of-layoffs-and-closures,2e5d9c1ab8d26ac87d4f46f3be47840a5c20fe0057735d0db96491ad,2ede8466e2daa438951d5dd78042816824dc1a08,2026-07-16,2026-07-16
OH,WestRock,westrock,"WRKCo, Inc.",,,,1636023,,exact,2650,Paperboard Containers & Boxes,,,,Q21016487,label,,,automatic,qid:Q21016487,Coshocton/Coshocton,2015-10-16,2015-12-15,229,unknown,,0,0,1,https://jfs.ohio.gov/job-services-and-unemployment/job-services/job-programs-and-services/submit-a-warn-notice/current-public-notices-of-layoffs-and-closures,be56a4b3c81fac52d5bbf2420a0dc72148ba6bb5d8af2fe47d05e0a6,8f7253d255e8fc1cbb88afba1781ce5335b79bb9,2026-07-16,2026-07-16
OH,TTM Technologies Inc.,ttm technologies,,,334412,sic-crosswalk,1116942,TTMI,exact,3672,Printed Circuit Boards,,,,,,,,automatic,cik:1116942,Cuyahoga Falls/Summit,2015-10-20,2015-12-21,70,unknown,,0,0,1,https://jfs.ohio.gov/job-services-and-unemployment/job-services/job-programs-and-services/submit-a-warn-notice/current-public-notices-of-layoffs-and-closures,bb7bc275c56c9639705b2760ea9b3d13f90de631500f6a8f02bf64f6,fd086669aba67eebd0dc869ee7116671aaccfcf2,2026-07-16,2026-07-16
OH,3M Company,3m,3M,,33,sic-crosswalk,66740,MMM,exact,3841,Surgical & Medical Instruments & Apparatus,,,,Q159433,cik,,,automatic,qid:Q159433,Brookville/Montgomery,2015-10-30,2015-12-31,75,unknown,,0,0,1,https://jfs.ohio.gov/job-services-and-unemployment/job-services/job-programs-and-services/submit-a-warn-notice/current-public-notices-of-layoffs-and-closures,fec37a8b834eed13031d507d1f4cd86f0a0b97d11e6988f0a67b1185,7257dddb41fc9b3c37e98d2e504b7be3957fab3b,2026-07-16,2026-07-16
OH,Exel INC,exel,,,,,,,,,,,,,,,,,,n:exel,Springfield/Clark,2015-10-30,2016-01-08,91,unknown,,0,0,1,https://jfs.ohio.gov/job-services-and-unemployment/job-services/job-programs-and-services/submit-a-warn-notice/current-public-notices-of-layoffs-and-closures,fe36a52a98ded1a131d83901746ef035b2f3be289ca2897ccf9ee19f,47f7599d931a0c598b636f9ea7f301cab82cec4b,2026-07-16,2026-07-16
OH,Manitowoc (Cleveland Range),manitowoc cleveland range,The Manitowoc Company,,33,sic-crosswalk,61986,MTW,exact:base,3531,Construction Machinery & Equip,,,,Q836040,cik,,,automatic,qid:Q836040,Cleveland/Cuyahoga,2015-10-30,2015-12-26,219,unknown,,0,0,1,https://jfs.ohio.gov/job-services-and-unemployment/job-services/job-programs-and-services/submit-a-warn-notice/current-public-notices-of-layoffs-and-closures,6bf5968fe1db00275a75a5300c9657143b65479f305bb3a2847f929a,e6a0909c3a20826d56a10c15c89b20128e1a500b,2026-07-16,2026-07-16
OH,Thirty One Gifts LLC,thirty one gifts,THIRTY-ONE GIFTS LLC,,,,,,,,,,,549300LXSCRTF4ZTS314,,,,,automatic,lei:549300LXSCRTF4ZTS314,Johnstown/Licking Springfield/Clark,2015-10-30,2016-01-16,242,unknown,,0,0,1,https://jfs.ohio.gov/job-services-and-unemployment/job-services/job-programs-and-services/submit-a-warn-notice/current-public-notices-of-layoffs-and-closures,5f905125d5aa2edd0c4c2a93826e1a6fc5065c7c821999cd7b682396,d683c121d8b54ec3d475e5edcbf793fbf065a86a,2026-07-16,2026-07-16
OH,Parker Hannifin Corporation,parker hannifin,Parker Hannifin,,,,76334,PH,exact,3490,Miscellaneous Fabricated Metal Products,,,,Q1470619,cik,,,automatic,qid:Q1470619,Youngstown/Mahoning,2015-11-03,2016-01-15,132,unknown,,0,0,1,https://jfs.ohio.gov/job-services-and-unemployment/job-services/job-programs-and-services/submit-a-warn-notice/current-public-notices-of-layoffs-and-closures,eb3f6851537c6ba01d302787f03c50d83b321c4d585379bf3c39c17a,bae8d05c7ece3ff364cb1025fd7333f3351c4690,2026-07-16,2026-07-16
OH,Accel Performance Group LLC,accel performance group,,,,,,,,,,,,,,,,,,n:accel performance group,Cleveland/Cuyahoga,2015-11-16,2015-12-20,64,unknown,,0,0,1,https://jfs.ohio.gov/job-services-and-unemployment/job-services/job-programs-and-services/submit-a-warn-notice/current-public-notices-of-layoffs-and-closures,6bc7b4b502296acc98976ef326115ae67ec8fa64f9f3869fcf0a650d,9b23a12b456844f89474a30d416d2f817ba1d316,2026-07-16,2026-07-16
OH,Centrus Energy Corp,centrus energy,,,,,1065059,LEU,exact,1400,Mining & Quarrying of  Nonmetallic Minerals (No Fuels),,,,,,,,automatic,cik:1065059,Piketon/Pike,2015-11-16,2016-01-11,,unknown,,0,0,1,https://jfs.ohio.gov/job-services-and-unemployment/job-services/job-programs-and-services/submit-a-warn-notice/current-public-notices-of-layoffs-and-closures,c592e857c1bf42b8b28fa90c9f393de99db876ca221f352b9415224f,42aed5bb1d9e062131b8f0b15ed79e15b2f2e228,2026-07-16,2026-07-16
OH,Hyundai Ideal Electric Co,hyundai ideal electric,,,,,,,,,,,,,,,,,,n:hyundai ideal electric,Mansfield/Richland,2015-11-16,2015-01-11,107,unknown,,0,0,1,https://jfs.ohio.gov/job-services-and-unemployment/job-services/job-programs-and-services/submit-a-warn-notice/current-public-notices-of-layoffs-and-closures,9c524fce594f421f3d41d12a9a5c53c46012c879813c470a630a3458,204d2ce7088e84cad90ab44627b5a13f8dd32e76,2026-07-16,2026-07-16
OH,Chester Packaging LLC,chester packaging,,,,,,,,,,,,,,,,,,n:chester packaging,Cincinnati/Hamilton,2015-11-20,2016-01-31,79,unknown,,0,0,1,https://jfs.ohio.gov/job-services-and-unemployment/job-services/job-programs-and-services/submit-a-warn-notice/current-public-notices-of-layoffs-and-closures,86f09fc2d493737cd2b55da1cd0ee9f02c2b92660fc4c05355e989c6,78b7a732c2c26ae707d751853437a2a0211daf69,2026-07-16,2026-07-16
OH,Volvo Group North America LLC,volvo group north america,,,423120,employer,,,,,,,,,,,,,,n:volvo group north america,Lewis Center/Delaware,2015-12-01,2015-12-31,121,unknown,,0,0,1,https://jfs.ohio.gov/job-services-and-unemployment/job-services/job-programs-and-services/submit-a-warn-notice/current-public-notices-of-layoffs-and-closures,3dd13928330d3fedee2f3adc4aa64fccd4cdabc20174ddf810d64bc5,4492fbbef86966a4bb12ed0966b231bf28d6202c,2026-07-16,2026-07-16
OH,Titan Tire,titan tire,Titan Tire Corporation,,,,1395144,,exact,,,,,,Q7809776,cik,,,automatic,qid:Q7809776,Bryan/Williams,2015-12-11,2016-02-08,130,unknown,,0,0,1,https://jfs.ohio.gov/job-services-and-unemployment/job-services/job-programs-and-services/submit-a-warn-notice/current-public-notices-of-layoffs-and-closures,5043d0f27eac450de3864124dce6931aa1cb2eda671b9d268381f355,742ddbe309eda01ac7e91b25945804566bcc8986,2026-07-16,2026-07-16
OH,Concord Steel,concord steel,,,,,,,,,,,,,,,,,,n:concord steel,Warren/Trumbull,2015-12-14,2015-12-31,11,unknown,,0,0,1,https://jfs.ohio.gov/job-services-and-unemployment/job-services/job-programs-and-services/submit-a-warn-notice/current-public-notices-of-layoffs-and-closures,cb975027328fcceaaaab5a751e820133ea85ee0ad64f5ab99f546f02,bdb397659de56e300373c7320abfd98678a7be2d,2026-07-16,2026-07-16
OH,Exterran,exterran,,,,,1635881,,exact,7359,"Services-Equipment Rental & Leasing, NEC",,,,,,,,automatic,cik:1635881,Youngstown/Mahoning,2015-12-18,2016-01-14,68,unknown,,0,0,1,https://jfs.ohio.gov/job-services-and-unemployment/job-services/job-programs-and-services/submit-a-warn-notice/current-public-notices-of-layoffs-and-closures,55ba1d7bc38a8c98a5d6b102ac6c71d0a1662ff03810eadbaa3879b4,9470ad58a98cec8bc4545d9c8b8da8e78e13deb4,2026-07-16,2026-07-16
OH,Enersys,enersys,EnerSys,,,,1289308,ENS,exact,3690,"Miscellaneous Electrical Machinery, Equipment & Supplies",,,,Q1341588,cik,,,automatic,qid:Q1341588,Cleveland/Cuyahoga,2015-12-22,2016-02-19,95,unknown,,0,0,1,https://jfs.ohio.gov/job-services-and-unemployment/job-services/job-programs-and-services/submit-a-warn-notice/current-public-notices-of-layoffs-and-closures,16307fbe9e278c826a88a599280fcc4450f01b316cb6276ea2139f45,c821f841800056646cd5bce530835a11ffd4b981,2026-07-16,2026-07-16
OH,Fenner Dunlop,fenner dunlop,,,,,,,,,,,,,,,,,,n:fenner dunlop,Port Clinton/Ottawa,2015-12-28,2015-12-23,85,unknown,,0,0,1,https://jfs.ohio.gov/job-services-and-unemployment/job-services/job-programs-and-services/submit-a-warn-notice/current-public-notices-of-layoffs-and-closures,b259ff39d9051a2843da327beb987d50d7fd449ec82e42e0a87b1212,4fa06811c66f26051d1d6755394bf5567cb389b5,2026-07-16,2026-07-16
OH,Eddie Bauer,eddie bauer,"Eddie Bauer Holdings, Inc.",,,,1405771,,exact:post-era,,,,,,Q842174,label,,,automatic,qid:Q842174,Groveport/Franklin,2016-01-05,2016-03-07,315,unknown,,0,0,1,https://jfs.ohio.gov/job-services-and-unemployment/job-services/job-programs-and-services/submit-a-warn-notice/current-public-notices-of-layoffs-and-closures,a14263b927a6a3fafc5299535d6d9cf9dd705582f48a2b7751c42f6c,229c28f94729972c15a4d391a0d6d42d9139da42,2026-07-16,2026-07-16
OH,Republic Steel,republic steel,Republic Steel,,,,,,,,,,,,Q1487172,label,,,automatic,qid:Q1487172,Lorain/Lorain,2016-01-11,2016-03-08,242,unknown,,0,0,1,https://jfs.ohio.gov/job-services-and-unemployment/job-services/job-programs-and-services/submit-a-warn-notice/current-public-notices-of-layoffs-and-closures,a5794daff6733c571322037b6ba0d2a77712f88cee0617c4f77e28ec,070c4a737e94bddb2a5b7360caafdec3d48ea0d8,2026-07-16,2026-07-16
OH,Macy's Akron,macy s akron,,,,,,,,,,,,,,,,,,n:macy s akron,Akron/Summit,2016-01-12,2016-03-14,91,unknown,,0,0,1,https://jfs.ohio.gov/job-services-and-unemployment/job-services/job-programs-and-services/submit-a-warn-notice/current-public-notices-of-layoffs-and-closures,2428558e8f4ea4931b350ba592814931ef0724540311d3543692e7ad,6aca94c69c7dee5121c68cb05006c9933201569c,2026-07-16,2026-07-16
OH,Plasti‐Kote Company,plasti kote,,,,,,,,,,,,,,,,,,n:plasti kote,Medina/Medina,2016-01-12,2016-04-30,98,unknown,,0,0,1,https://jfs.ohio.gov/job-services-and-unemployment/job-services/job-programs-and-services/submit-a-warn-notice/current-public-notices-of-layoffs-and-closures,5f2da5cebb242076e70da5b73c2ba20e7a6b07222e388897522d88be,8bccffb03db39d36763b486bc85d1d4c5cfa8fe7,2026-07-16,2026-07-16
OH,Warren Steel Holdings LLC,warren steel holdings,,,,,,,,,,,,,,,,,,n:warren steel holdings,Warren/Trumbull,2016-01-12,2016-01-09,162,unknown,,0,0,1,https://jfs.ohio.gov/job-services-and-unemployment/job-services/job-programs-and-services/submit-a-warn-notice/current-public-notices-of-layoffs-and-closures,c10b564cb4b93d30d50f57b48ed99df888a84b53316d6c9053bc070e,de13c20f5d73849ebdd07cdd1779106866eca5d0,2026-07-16,2026-07-16
OH,Professional Transportation Inc.,professional transportation,,,,,,,,,,,,,,,,,,n:professional transportation,Walbridge/Wood,2016-01-13,2016-03-15,82,unknown,,0,0,1,https://jfs.ohio.gov/job-services-and-unemployment/job-services/job-programs-and-services/submit-a-warn-notice/current-public-notices-of-layoffs-and-closures,401efe55b4a069b9d3513abf42ca86270781218733a183d4a6a567e0,9efa0ddd74b4c0a96eec1054193e0193063cb7d4,2026-07-16,2026-07-16
OH,Parking Solutions Inc.,parking solutions,,,,,1381755,,exact:post-era,,,,,,,,,,automatic,cik:1381755,Columbus/Franklin,2016-01-14,,44,unknown,,0,0,1,https://jfs.ohio.gov/job-services-and-unemployment/job-services/job-programs-and-services/submit-a-warn-notice/current-public-notices-of-layoffs-and-closures,bf1654051ca9a15d028934a499bf6824e3abda64018285e22ea87fc0,6d181fa79f52b2bcd08dc2a8a9d0752a0b975211,2026-07-16,2026-07-16
OH,Walmart Bedford,walmart bedford,,,,,,,,,,,,,,,,,,n:walmart bedford,Bedford/Cuyahoga,2016-01-15,2016-04-15,351,unknown,,0,0,1,https://jfs.ohio.gov/job-services-and-unemployment/job-services/job-programs-and-services/submit-a-warn-notice/current-public-notices-of-layoffs-and-closures,bdc95a059b24d64a408850f7b74570bd7cd47b06eb1ee1687c93a1a9,6a04255ed9136c3047473b774c669a82783dd892,2026-07-16,2026-07-16
OH,HealthSpan Physicians LLC,healthspan physicians,,,,,,,,,,,,,,,,,,n:healthspan physicians,Parma/Cuyahoga and Cleveland Heights/Cuyahoga,2016-01-28,2016-03-31,115,unknown,,0,0,1,https://jfs.ohio.gov/job-services-and-unemployment/job-services/job-programs-and-services/submit-a-warn-notice/current-public-notices-of-layoffs-and-closures,0536395e7b26f2686ac579344868feb1ff6132194731be13ec30f192,d4fce55bd8e3789926bddfb3621b640f421036dd,2026-07-16,2026-07-16
OH,Bakery Crafts,bakery crafts,,,,,,,,,,,,,,,,,,n:bakery crafts,West Chester/Butler,2016-02-01,2016-04-05,53,unknown,,0,0,1,https://jfs.ohio.gov/job-services-and-unemployment/job-services/job-programs-and-services/submit-a-warn-notice/current-public-notices-of-layoffs-and-closures,3e95bf226c4a9944b296acc4eda36af6e7a6670200d568b944ff23fc,b6ac4ed131ec441cd024430085dcf2d72c57ca0e,2026-07-16,2026-07-16
OH,HealthSpan Partners,healthspan partners,HEALTHSPAN PARTNERS,,62,ntee,,,,,,463055925,E70,,,,,,automatic,ein:463055925,Brooklyn Heights/Cuyahoga,2016-02-01,2016-03-31,83,unknown,,0,0,1,https://jfs.ohio.gov/job-services-and-unemployment/job-services/job-programs-and-services/submit-a-warn-notice/current-public-notices-of-layoffs-and-closures,0f40094b63b5335ff06c8994d3026be35e69cafa747148396f8bd2c6,c1f02d9c23f719a153872d355583d70f71eef7e0,2026-07-16,2026-07-16
OH,Parker Hannifin,parker hannifin,Parker Hannifin,,,,76334,PH,exact,3490,Miscellaneous Fabricated Metal Products,,,,Q1470619,cik,,,automatic,qid:Q1470619,Youngstown/Mahoning,2016-02-01,2016-03-18,107,unknown,,0,0,1,https://jfs.ohio.gov/job-services-and-unemployment/job-services/job-programs-and-services/submit-a-warn-notice/current-public-notices-of-layoffs-and-closures,6aab05c96d59c360489ed7078870e257339953501a09315349d7634d,0f883d02bebae61d4cffa6dbe8939a39c2cbd7e9,2026-07-16,2026-07-16
OH,"Acrux Investigation Agency, LTD and Surmount Solutions Group",acrux investigation agency ltd and surmount solutions group,,,,,,,,,,,,,,,,,,n:acrux investigation agency ltd and surmount solutions group,Marysville/Union,2016-02-04,2016-02-22,93,unknown,,0,0,1,https://jfs.ohio.gov/job-services-and-unemployment/job-services/job-programs-and-services/submit-a-warn-notice/current-public-notices-of-layoffs-and-closures,575bb2ea0a6b6c025e9bed336e3529ae509d3fb95f1243d61c3fa2fe,ebf0e6ebebcc471186f9b9bf1a53debd3fa5e71b,2026-07-16,2026-07-16
OH,IPSCO Tubular INC.,ipsco tubular,,,33121,sic-crosswalk,1262719,,fuzzy:0.99,3317,Steel Pipe & Tubes,,,,,,,,automatic,cik:1262719,Brookfield/Trumbull,2016-02-08,2016-04-04,106,unknown,,0,0,1,https://jfs.ohio.gov/job-services-and-unemployment/job-services/job-programs-and-services/submit-a-warn-notice/current-public-notices-of-layoffs-and-closures,d9ae48ff3056d1fcd1f059fd88169cd290f19095dc153dcbb67fcec2,02de407d273a120d982980dbeeb32208ce088f18,2026-07-16,2026-07-16
OH,Omnicare Inc.,omnicare,,,44611,parent-sic,,,,,,,,,,,OMNICARE INC,353230,,n:omnicare,Cincinnati/Hamilton,2016-02-08,2016-05-27,13,unknown,,0,0,1,https://jfs.ohio.gov/job-services-and-unemployment/job-services/job-programs-and-services/submit-a-warn-notice/current-public-notices-of-layoffs-and-closures,34801f7c1a85754d3ba87b061cc096c8798173c0304e7980b5c21e01,9234d977436a1495dce99afe29e5c3d266aaad84,2026-07-16,2026-07-16
OH,Eaton Corporation,eaton,Eaton Corporation,,,,1551182,ETN,exact:listed,3590,Misc Industrial & Commercial Machinery & Equipment,,,,Q48872,cik,,,automatic,qid:Q48872,Berea/Cuyahoga,2016-02-11,2016-04-09,102,unknown,,0,0,1,https://jfs.ohio.gov/job-services-and-unemployment/job-services/job-programs-and-services/submit-a-warn-notice/current-public-notices-of-layoffs-and-closures,fda650454805a81dbda90444fba1267f2fad0f035214c829a6c8166f,52443ee141797c949e2d5bd4f70cfd76c811c7d3,2026-07-16,2026-07-16
OH,Buckeye Launderers and Cleaners,buckeye launderers and cleaners,,,,,,,,,,,,,,,,,,n:buckeye launderers and cleaners,Napoleon/Henry,2016-02-16,2016-02-12,54,unknown,,0,0,1,https://jfs.ohio.gov/job-services-and-unemployment/job-services/job-programs-and-services/submit-a-warn-notice/current-public-notices-of-layoffs-and-closures,176780e21381aa95c8b1ce9d50906508607b838f03feb456fec48b60,0afe460bd07d10ccd0295f5dbfc455601559f063,2026-07-16,2026-07-16
OH,Elmer's Products Inc.,elmer s products,,,,,,,,,,,,,,,,,,n:elmer s products,Westerville/Franklin,2016-02-17,2016-04-29,116,unknown,,0,0,1,https://jfs.ohio.gov/job-services-and-unemployment/job-services/job-programs-and-services/submit-a-warn-notice/current-public-notices-of-layoffs-and-closures,afc1952acc617c14253c7edbd546109ffaa42d7060cb45e3ade759c7,052a1f3fb45ce86d4006daf758e20296a941cd3c,2026-07-16,2026-07-16
OH,Flowserve Corporation US Inc.,flowserve corporation us,,,,,,,,,,,,,,,,,,n:flowserve corporation us,Dayton/Montgomery,2016-02-18,2016-05-05,80,unknown,,0,0,1,https://jfs.ohio.gov/job-services-and-unemployment/job-services/job-programs-and-services/submit-a-warn-notice/current-public-notices-of-layoffs-and-closures,f27794576461f33eba6bc713d76a03082c6e274a242608f0394c0123,125988e113e2d747caf8b2f8f8f8c27571f32f52,2026-07-16,2026-07-16
OH,TTI Floor Care North America,tti floor care north america,,,,,,,,,,,,,,,,,,n:tti floor care north america,North Canton/Stark,2016-02-24,2016-05-09,,unknown,,0,0,1,https://jfs.ohio.gov/job-services-and-unemployment/job-services/job-programs-and-services/submit-a-warn-notice/current-public-notices-of-layoffs-and-closures,61d7f9ad483672000c5484f2b6e89a21ccc4058e2163c51e812c8a4b,7e440d2d7848149e9e8f553c0736e22958e57de7,2026-07-16,2026-07-16
OH,Measurement Specialties Inc.,measurement specialties,,,33,sic-crosswalk,778734,,exact,3829,"Measuring & Controlling Devices, NEC",,,,,,,,automatic,cik:778734,Dayton/Montgomery,2016-02-29,2016-04-29,58,unknown,,0,0,1,https://jfs.ohio.gov/job-services-and-unemployment/job-services/job-programs-and-services/submit-a-warn-notice/current-public-notices-of-layoffs-and-closures,3d01ca309befc24731a7f11868ebdcd6d4d79102910748bcb8feb9d3,84b3753f5ea0aeec3fb5c85fa559af737168af8c,2026-07-16,2026-07-16
OH,CVS Pharmacy Inc.,cvs pharmacy,"CVS Pharmacy, Inc.",,,,,,,,,,,9845006FF4C40R05B003,Q136881714,label,,,automatic,qid:Q136881714,Toledo/Lucas,2016-03-01,2016-04-26,66,unknown,,0,0,1,https://jfs.ohio.gov/job-services-and-unemployment/job-services/job-programs-and-services/submit-a-warn-notice/current-public-notices-of-layoffs-and-closures,88fb9fbcf309990135c8bb19113f9ab0704c7c5c081970fe5bba8f6f,e32f7d3cf9312b6dc597e6f6ca785d557a080e62,2026-07-16,2026-07-16
OH,St. Aloysius,st aloysius,,,,,,,,,,,,,,,,,,n:st aloysius,Hamilton/Butler,2016-03-03,2016-03-01,38,unknown,,0,0,1,https://jfs.ohio.gov/job-services-and-unemployment/job-services/job-programs-and-services/submit-a-warn-notice/current-public-notices-of-layoffs-and-closures,f40ff03d9d4c03593b603eb6d4d31942841b6da231dbafc9eb9eaea6,21429ce3506317648b42ff8b7bcdb53b8de03c0f,2026-07-16,2026-07-16
OH,Shenker Inc.,shenker,,,,,,,,,,,,,,,,,,n:shenker,Groveport/Franklin,2016-03-07,2016-05-01,151,unknown,,0,0,1,https://jfs.ohio.gov/job-services-and-unemployment/job-services/job-programs-and-services/submit-a-warn-notice/current-public-notices-of-layoffs-and-closures,061b9fe3a41ef13fe3082aaad6f65dec20b057cfc311adf7272f78cd,4d1ede47f54df6586005f98ba65e371ace0ea45b,2026-07-16,2026-07-16
OH,Meggitt Aircraft Braking Systems Corporation,meggitt aircraft braking systems,,,,,,,,,,,,,,,Parker-Hannifin Corp,76334,,n:meggitt aircraft braking systems,Akron/Summit,2016-03-11,2016-05-13,38,unknown,,0,0,1,https://jfs.ohio.gov/job-services-and-unemployment/job-services/job-programs-and-services/submit-a-warn-notice/current-public-notices-of-layoffs-and-closures,ef80e0b3e305079757d807211d47d4617e0b2a7de32977fdb19ff1a2,925057563423d885431868379ac39797590ef33c,2026-07-16,2026-07-16
OH,Meijer Store #62,meijer store 62,,,445110,employer,,,,,,,,,,,,,,n:meijer,Columbus/Franklin,2016-03-15,2016-06-18,201,unknown,,0,0,1,https://jfs.ohio.gov/job-services-and-unemployment/job-services/job-programs-and-services/submit-a-warn-notice/current-public-notices-of-layoffs-and-closures,015dc761cde6a5778d686313ea1ef09adb350094cb2f014b33e6e535,468cb8e5ad8578e4d4e03429687d1353bc5aade5,2026-07-16,2026-07-16
OH,HealthSpan Partners,healthspan partners,HEALTHSPAN PARTNERS,,62,ntee,,,,,,463055925,E70,,,,,,automatic,ein:463055925,Brooklyn Heights/Cuyahoga,2016-03-21,2016-05-13,15,unknown,,0,0,1,https://jfs.ohio.gov/job-services-and-unemployment/job-services/job-programs-and-services/submit-a-warn-notice/current-public-notices-of-layoffs-and-closures,5c37c89851f4c8bf7a0b3a6418ad3d6e68edcfb80ed7fc47c0a8aa80,167f61e648ff6c776e4dd07a62eb3e0811f6c094,2026-07-16,2026-07-16
OH,Parker Hannifin Corporation,parker hannifin,Parker Hannifin,,,,76334,PH,exact,3490,Miscellaneous Fabricated Metal Products,,,,Q1470619,cik,,,automatic,qid:Q1470619,Youngstown/Mahoning,2016-03-21,2016-05-13,2,unknown,,0,0,1,https://jfs.ohio.gov/job-services-and-unemployment/job-services/job-programs-and-services/submit-a-warn-notice/current-public-notices-of-layoffs-and-closures,30a2aa6895e7ba1cebb617b06afbf7ea70bd8a0800f3eeeec4f05a24,9bbda75c605bda348fc6305b3146648f496cfcae,2026-07-16,2026-07-16
OH,University Park Nursing and Rehabilitation Center,university park nursing and rehabilitation center,,,,,,,,,,,,,,,,,,n:university park nursing and rehabilitation center,Akron/Summit,2016-03-22,,35,unknown,,0,0,1,https://jfs.ohio.gov/job-services-and-unemployment/job-services/job-programs-and-services/submit-a-warn-notice/current-public-notices-of-layoffs-and-closures,82bf5fc62a5215973f4d2234aad7b24a6edeea9c9897cfa919895ef3,15ceb89c75efdde643eb2f4cf2d1839d54c20613,2026-07-16,2026-07-16
OH,Pilot Thomas Logistics (Maxum Petroleum Operating Company),pilot thomas logistics maxum petroleum operating,,,,,,,,,,,,,,,,,,n:pilot thomas logistics,Louisville/Stark,2016-04-06,2016-04-12,58,unknown,,0,0,1,https://jfs.ohio.gov/job-services-and-unemployment/job-services/job-programs-and-services/submit-a-warn-notice/current-public-notices-of-layoffs-and-closures,4d35c00badc2a5e579e9d2cb0a9b2564b5ee8c039d2424c60d91b13e,0f0efed8e2b6c592025d0c635ba68e8524cc9c0f,2026-07-16,2026-07-16
OH,Eaton Corporation,eaton,Eaton Corporation,,,,1551182,ETN,exact:listed,3590,Misc Industrial & Commercial Machinery & Equipment,,,,Q48872,cik,,,automatic,qid:Q48872,Aurora/Portage,2016-04-14,2016-06-10,152,unknown,,0,0,1,https://jfs.ohio.gov/job-services-and-unemployment/job-services/job-programs-and-services/submit-a-warn-notice/current-public-notices-of-layoffs-and-closures,6aef3e4dd491a904d7745ee9bed8dd1882c89461687a7f3a20dcfe11,8afbb6a169d46d50e733995931a79a0de0312aa7,2026-07-16,2026-07-16
OH,Performance Technologies LLC,performance technologies,,,,,1516847,,exact,,,,,,,,,,automatic,cik:1516847,Canton/Stark,2016-04-18,2016-06-13,87,unknown,,0,0,1,https://jfs.ohio.gov/job-services-and-unemployment/job-services/job-programs-and-services/submit-a-warn-notice/current-public-notices-of-layoffs-and-closures,9b1bb4f638ad6ba2dc17dc2cf65b04541d7f20489b4c44ffc137dde9,d4879cfed6f6cdda29f57082a38272a78996750f,2026-07-16,2026-07-16
OH,Lamplight Inn of Maple Heights,lamplight inn of maple heights,,,,,,,,,,,,,,,,,,n:lamplight inn of maple heights,Maple Heights/Cuyahoga,2016-04-19,2016-07-14,54,unknown,,0,0,1,https://jfs.ohio.gov/job-services-and-unemployment/job-services/job-programs-and-services/submit-a-warn-notice/current-public-notices-of-layoffs-and-closures,901966c71a8bf69cb48f3c90cf1dc16759a399adb0e9dd04ea8c51be,f655ae4f1d03a2ce19f510612de81ae2700c52e1,2026-07-16,2026-07-16
OH,Columbus Castings,columbus castings,,,,,,,,,,,,,,,,,,n:columbus castings,Columbus/Franklin,2016-04-20,2016-06-21,799,unknown,,0,0,1,https://jfs.ohio.gov/job-services-and-unemployment/job-services/job-programs-and-services/submit-a-warn-notice/current-public-notices-of-layoffs-and-closures,f0efae642157334c4b72950f3b85df85b37ddb607cbfd3cf189a5d2e,1f00921f35731cc4bcb5801d458c7cca46274949,2026-07-16,2026-07-16
OH,Measurement Specialties INC (TE CONNECTIVITY),measurement specialties inc te connectivity,,,33,sic-crosswalk,778734,,exact:base,3829,"Measuring & Controlling Devices, NEC",,,,,,,,automatic,cik:778734,Dayton/Greene,2016-04-20,2016-06-30,10,unknown,,0,0,1,https://jfs.ohio.gov/job-services-and-unemployment/job-services/job-programs-and-services/submit-a-warn-notice/current-public-notices-of-layoffs-and-closures,177a6fd9a85604fa55c149c8150a21fc4c77799d055a4b51f44116be,af3b4cb7568ff98f921bfb9ee6fde30688faadb9,2026-07-16,2026-07-16
OH,Sears Auto Center,sears auto center,,,44-45,employer,,,,,,,,,,,,,,n:sears auto center,Ashtabula/Ashtabula,2016-04-27,2016-07-31,6,unknown,,0,0,1,https://jfs.ohio.gov/job-services-and-unemployment/job-services/job-programs-and-services/submit-a-warn-notice/current-public-notices-of-layoffs-and-closures,f1ce739436399fe26486364d48cc245fe7c9058401d17c5f0728c2fc,7759fee55da5d2be19cc350eb1fee1a51527664a,2026-07-16,2026-07-16
OH,Direct Energy,direct energy,"DIRECT ENERGY, LP",,,,,,,,,,,54930004WB32WMJUMH55,,,,,automatic,lei:54930004WB32WMJUMH55,Miamisburg/Montgomery,2016-04-28,2016-07-01,50,unknown,,0,0,1,https://jfs.ohio.gov/job-services-and-unemployment/job-services/job-programs-and-services/submit-a-warn-notice/current-public-notices-of-layoffs-and-closures,49f3c01774f1fdb372000cad99f6be62d893d26c94cfc34c106ec93b,a7b07b10d1ef37ef0d237e08a8ff6d63002c4278,2026-07-16,2026-07-16
OH,American Modern Insurance Group,american modern insurance group,,,,,,,,,,,,,,,,,,n:american modern insurance group,Amelia/Clermont,2016-05-02,2016-06-25,68,unknown,,0,0,1,https://jfs.ohio.gov/job-services-and-unemployment/job-services/job-programs-and-services/submit-a-warn-notice/current-public-notices-of-layoffs-and-closures,64dead62bd94703f0498e9b48b3a2389c6ff2583521cc4609e442df2,58549b32d73113d9bf7c69058219bd7dff759126,2026-07-16,2026-07-16
OH,KMART STORE #3910,kmart store 3910,,,45299,sic-crosswalk,56824,,exact:base,5331,Retail-Variety Stores,,,,,,,,automatic,cik:56824,LORAIN/LORAIN,2016-05-02,2016-07-24,215,unknown,,0,0,1,https://jfs.ohio.gov/job-services-and-unemployment/job-services/job-programs-and-services/submit-a-warn-notice/current-public-notices-of-layoffs-and-closures,8fe45cae4fe579c8692acff76fb35336de055a8f35e66d08f6d5f166,5ec49d054ef9a55a33c5c821782a7e4e0f874571,2026-07-16,2026-07-16
OH,KMART STORE #4745,kmart store 4745,,,45299,sic-crosswalk,56824,,exact:base,5331,Retail-Variety Stores,,,,,,,,automatic,cik:56824,ASHTABULA/ASHTABULA,2016-05-02,2016-07-24,131,unknown,,0,0,1,https://jfs.ohio.gov/job-services-and-unemployment/job-services/job-programs-and-services/submit-a-warn-notice/current-public-notices-of-layoffs-and-closures,5370a09310fbacf37d36499885dc00a7ed767ec85971b3737e2af70e,17fa06af6034a9e30c20b3c5253aedcba5eedd59,2026-07-16,2026-07-16
OH,Impact Community Action,impact community action,IMPACT COMMUNITY ACTION,,81,ntee,,,,,,205536173,S20,,,,,,automatic,ein:205536173,Columbus/Franklin,2016-05-04,2016-06-30,16,unknown,,0,0,1,https://jfs.ohio.gov/job-services-and-unemployment/job-services/job-programs-and-services/submit-a-warn-notice/current-public-notices-of-layoffs-and-closures,4bb7d9441981673f0656e24c62cdaf139ec0ecef2bf0460e66baeb23,118d3efb43d6a582f3ebe8cdf79423b6ec158770,2026-07-16,2026-07-16
OH,Plasti‐Kote Company Inc.,plasti kote,,,,,,,,,,,,,,,,,,n:plasti kote,Medina/Medina,2016-05-04,2016-07-01,10,unknown,,0,0,1,https://jfs.ohio.gov/job-services-and-unemployment/job-services/job-programs-and-services/submit-a-warn-notice/current-public-notices-of-layoffs-and-closures,d59f78e830efbaa20a8ce09e649b290baa694babb83456b2e6ab3c4a,71597c909785e042b81e88157b1f58de6fc6688f,2026-07-16,2026-07-16
OH,RSR Partners LLC,rsr partners,,,52593,parent-sic,,,,,,,,,,,IRON MOUNTAIN INC,1020569,,n:rsr partners,Upper Sandusky/Wyandot,2016-05-05,2016-07-04,30,unknown,,0,0,1,https://jfs.ohio.gov/job-services-and-unemployment/job-services/job-programs-and-services/submit-a-warn-notice/current-public-notices-of-layoffs-and-closures,0d2cf2608b4d475eb89eed1625302dcad62fa8fc86cc8b71b65a70bf,15604ccf6f83315ff6dc3880ed1358f454a3b0f7,2026-07-16,2026-07-16
OH,HealthSpan Partners,healthspan partners,HEALTHSPAN PARTNERS,,62,ntee,,,,,,463055925,E70,,,,,,automatic,ein:463055925,Brooklyn Heights/Cuyahoga,2016-05-16,2016-06-30,6,unknown,,0,0,1,https://jfs.ohio.gov/job-services-and-unemployment/job-services/job-programs-and-services/submit-a-warn-notice/current-public-notices-of-layoffs-and-closures,47a10194e534157a7390b903a4ff6d27a78b12cf1b41932c7982c67e,dd51f44be8a37e0ea49f9c7bf5622e8c1348223c,2026-07-16,2026-07-16
OH,McDonald's Corporation,mcdonald s,McDonald's,,,,,,,,,,,,Q38076,label,,,automatic,qid:Q38076,Columbus/Franklin,2016-05-16,2016-07-15,70,unknown,,0,0,1,https://jfs.ohio.gov/job-services-and-unemployment/job-services/job-programs-and-services/submit-a-warn-notice/current-public-notices-of-layoffs-and-closures,c387ddc0c9e188690fdcd8dd72da8f04b1de04c8332f823d86bd92c3,a293712bfddccf43c64fb7bfacbf85a5f350ef1d,2026-07-16,2026-07-16
OH,Parker Hannifin,parker hannifin,Parker Hannifin,,,,76334,PH,exact,3490,Miscellaneous Fabricated Metal Products,,,,Q1470619,cik,,,automatic,qid:Q1470619,Youngstown/Mahoning,2016-05-16,2016-07-15,3,unknown,,0,0,1,https://jfs.ohio.gov/job-services-and-unemployment/job-services/job-programs-and-services/submit-a-warn-notice/current-public-notices-of-layoffs-and-closures,a1595c6f0ed72e567cb6f39bc993f8cb0e0398740d81abe43ac0bc10,0b2d1f5887f24c816cf29633ffefd1369dfa5ac4,2026-07-16,2026-07-16
OH,Sears Holdings,sears holdings,Sears Holdings Corporation,,45211,sic-crosswalk,1310067,,exact,5311,Retail-Department Stores,,,,Q966556,cik,,,automatic,qid:Q966556,Defiance/Defiance,2016-05-16,2016-08-07,24,unknown,,0,0,1,https://jfs.ohio.gov/job-services-and-unemployment/job-services/job-programs-and-services/submit-a-warn-notice/current-public-notices-of-layoffs-and-closures,53c89593ac3394da789596126aa0615c1fae5def5c6b35cc1abd8ccc,dde18f92dd9e0cd6555c29c73637440c89443e20,2026-07-16,2026-07-16
OH,Olympus Building Services Inc.,olympus building services,,,,,,,,,,,,,,,,,,n:olympus building services,Columbus/Franklin,2016-05-18,2016-06-30,115,unknown,,0,0,1,https://jfs.ohio.gov/job-services-and-unemployment/job-services/job-programs-and-services/submit-a-warn-notice/current-public-notices-of-layoffs-and-closures,3b73a826c0efccae2f9f96d098e00193efba57ee13b2d4345d62f995,79eeaa555f5943bda2dd9faab17aa4d8d2ab8d22,2026-07-16,2026-07-16
OH,Pei Wei,pei wei,,,,,,,,,,,,,,,P F CHANGS CHINA BISTRO INC,1039889,,n:pei wei,Various/Various,2016-05-26,2016-05-31,71,unknown,,0,0,1,https://jfs.ohio.gov/job-services-and-unemployment/job-services/job-programs-and-services/submit-a-warn-notice/current-public-notices-of-layoffs-and-closures,06126f39ebcb3bc5cc2390109c9207cabc5867b1f82e36da56f7ef09,25e6b4e6c59a6266e5641202d7b7160be8016a94,2026-07-16,2026-07-16
OH,The Ohio Valley Coal Company Powhatan No. 6 Mine,ohio valley coal company powhatan no 6 mine,,,,,,,,,,,,,,,,,,n:ohio valley coal company powhatan no 6 mine,Alledonia/Belmont,2016-06-02,2016-08-01,40,unknown,,0,0,1,https://jfs.ohio.gov/job-services-and-unemployment/job-services/job-programs-and-services/submit-a-warn-notice/current-public-notices-of-layoffs-and-closures,6deb26b392a215f98d090f008684540f57ac648562575c0397bcc44f,7ee39190146f7fc41e2a49fd50c4c95de18954b1,2026-07-16,2026-07-16
OH,Experience Works (Green Thumb),experience works green thumb,,,624310,employer,,,,,,,,,,,,,,n:experience works,Lima/Allen,2016-06-06,2016-07-01,6,unknown,,0,0,1,https://jfs.ohio.gov/job-services-and-unemployment/job-services/job-programs-and-services/submit-a-warn-notice/current-public-notices-of-layoffs-and-closures,1612eec5bbf4e9931d5d4c322e21c1fc3c9161aa510d967b271b938c,0dc6a0340ea5c64d57bc9079018644918a5d8f93,2026-07-16,2026-07-16
OH,Republic Airways,republic airways,Republic Airways Holdings,,48111,sic-crosswalk,1159154,,suffix,4512,"Air Transportation, Scheduled",,,,Q1536457,cik,,,automatic,qid:Q1536457,Columbus/Franklin,2016-06-06,2016-06-20,161,unknown,,0,0,1,https://jfs.ohio.gov/job-services-and-unemployment/job-services/job-programs-and-services/submit-a-warn-notice/current-public-notices-of-layoffs-and-closures,378bccaddce6f22c86355b2f16f6913d156c3294976271ec15da7f34,7726a3738be6e7246807b8dd48f7afecf7739ef7,2026-07-16,2026-07-16
OH,Sodexo (at Wittenberg University),sodexo at wittenberg university,Sodexo,,,,1169715,,exact:base,8741,Services-Management Services,,,,Q1475554,label,,,automatic,qid:Q1475554,Springfield/Clark,2016-06-06,2016-06-30,64,unknown,,0,0,1,https://jfs.ohio.gov/job-services-and-unemployment/job-services/job-programs-and-services/submit-a-warn-notice/current-public-notices-of-layoffs-and-closures,92919c61607fddbfbf420c0e36e2fefd00c808338fcfa17e188cfc01,3948292977590717ea067cfd202c43f63e4c755f,2026-07-16,2026-07-16
OH,Hyundai Ideal Electric Company,hyundai ideal electric,,,,,,,,,,,,,,,,,,n:hyundai ideal electric,Mansfield/Richland,2016-06-08,2016-08-12,50,unknown,,0,0,1,https://jfs.ohio.gov/job-services-and-unemployment/job-services/job-programs-and-services/submit-a-warn-notice/current-public-notices-of-layoffs-and-closures,18df3d506e16afbbec2056cc0f4a49413af1653ea28710a8f53534cf,f861d88c72005e2489df3167936f40203bbeaf8b,2026-07-16,2026-07-16
OH,HealthSpan Partners,healthspan partners,HEALTHSPAN PARTNERS,,62,ntee,,,,,,463055925,E70,,,,,,automatic,ein:463055925,Brooklyn Heights/Cuyahoga,2016-06-13,2016-07-31,15,unknown,,0,0,1,https://jfs.ohio.gov/job-services-and-unemployment/job-services/job-programs-and-services/submit-a-warn-notice/current-public-notices-of-layoffs-and-closures,e88d52c428bd8ba30d6e997053c69de54511b391f5657daa3d001953,721903dcfa28a51bcb72423d6a67ed87bbad0aa3,2026-07-16,2026-07-16
OH,IntelliSource LLC,intellisource,,,,,,,,,,,,,,,,,,n:intellisource,Lockbourne/Franklin,2016-06-22,2016-08-24,107,unknown,,0,0,1,https://jfs.ohio.gov/job-services-and-unemployment/job-services/job-programs-and-services/submit-a-warn-notice/current-public-notices-of-layoffs-and-closures,26b9d47855afabc2f54bdcf48e2c2b69f2c2b4150b3319d27c92e798,750b89fe9c6b8c803edea8e21c5a44099dd5683a,2026-07-16,2026-07-16
OH,IntelliStaff LLC,intellistaff,,,,,,,,,,,,,,,,,,n:intellistaff,Lockbourne/Franklin,2016-06-22,2016-08-24,128,unknown,,0,0,1,https://jfs.ohio.gov/job-services-and-unemployment/job-services/job-programs-and-services/submit-a-warn-notice/current-public-notices-of-layoffs-and-closures,bcea292f5e0cfd0c0f6b3a0085c3c9aa1e16a24dd5e8a0838a7c9855,17f1aa64c3237d75de1aa9d94347636dffcc00e3,2026-07-16,2026-07-16
OH,Parker Hannifin Corp.,parker hannifin,Parker Hannifin,,,,76334,PH,exact,3490,Miscellaneous Fabricated Metal Products,,,,Q1470619,cik,,,automatic,qid:Q1470619,Youngstown/Mahoning,2016-06-22,2016-08-19,12,unknown,,0,0,1,https://jfs.ohio.gov/job-services-and-unemployment/job-services/job-programs-and-services/submit-a-warn-notice/current-public-notices-of-layoffs-and-closures,c8ce182de0a9afca3d6bf6d63ee09192a637bab0a0d25c41bfe58706,11903de38c6005271f769d35160a687cc916a7a8,2026-07-16,2026-07-16
OH,American Energy Corporation,american energy,,,211111,sic-crosswalk,843212,,suffix,1311,Crude Petroleum & Natural Gas,,,,,,,,automatic,cik:843212,Beallsville/Monroe,2016-07-05,2016-08-29,439,unknown,,0,0,1,https://jfs.ohio.gov/job-services-and-unemployment/job-services/job-programs-and-services/submit-a-warn-notice/current-public-notices-of-layoffs-and-closures,c56fdb5475b2ddcd78cefd7412db75097729092f360bb9b47810ffd0,99525b83e341ee187118ea3c9e3cbe28a5b08605,2026-07-16,2026-07-16
OH,American Mine Services,american mine services,,,,,,,,,,,,,,,,,,n:american mine services,Clarington/Monroe,2016-07-05,2016-08-29,40,unknown,,0,0,1,https://jfs.ohio.gov/job-services-and-unemployment/job-services/job-programs-and-services/submit-a-warn-notice/current-public-notices-of-layoffs-and-closures,a616fc6bab46dbe9c769c9a90a9c90a7b9d7c222ab446d7d02bd0282,8cdb34eedee1b73ca30f49084906d68aa7f9e16f,2026-07-16,2026-07-16
OH,American Natural Gas,american natural gas,,,,,,,,,,,,,,,,,,n:american natural gas,Gallipolis/Gallia,2016-07-05,2016-08-29,17,unknown,,0,0,1,https://jfs.ohio.gov/job-services-and-unemployment/job-services/job-programs-and-services/submit-a-warn-notice/current-public-notices-of-layoffs-and-closures,7f8e99fffe80ad2b21765412ddd76669e7028f5c0b1a83a08a95785b,9282524cb4852c9fa70d09f26de1a03ab182e281,2026-07-16,2026-07-16
OH,Corporate Aviation Services,corporate aviation services,,,,,,,,,,,,,,,,,,n:corporate aviation services,St. Clairsville/Belmont,2016-07-05,2016-08-29,5,unknown,,0,0,1,https://jfs.ohio.gov/job-services-and-unemployment/job-services/job-programs-and-services/submit-a-warn-notice/current-public-notices-of-layoffs-and-closures,7826a6745cae5148687dbba4ee79d791768ff17a50475979f017f4bb,1de9e5f6bb3a7998af8b11cea69c7ed3bfe77d48,2026-07-16,2026-07-16
OH,HealthSpan Partners,healthspan partners,HEALTHSPAN PARTNERS,,62,ntee,,,,,,463055925,E70,,,,,,automatic,ein:463055925,Brooklyn Heights/Cuyahoga,2016-07-05,2016-08-31,15,unknown,,0,0,1,https://jfs.ohio.gov/job-services-and-unemployment/job-services/job-programs-and-services/submit-a-warn-notice/current-public-notices-of-layoffs-and-closures,9e83cedb847da17ab86b95ca38eb683a46cdfacaf3d0392128c46c4e,579b40eb07802e49aa922bcd527a7ba89b011a51,2026-07-16,2026-07-16
OH,Murray American Energy,murray american energy,,,,,,,,,,,,,,,,,,n:murray american energy,St. Clairsville/Belmont,2016-07-05,2016-08-29,16,unknown,,0,0,1,https://jfs.ohio.gov/job-services-and-unemployment/job-services/job-programs-and-services/submit-a-warn-notice/current-public-notices-of-layoffs-and-closures,152944b854b127d2cffbabea6db8bc056a6af5af3253788e22a4f2ce,c6191af12f70628937f4295448ba778458e4f8db,2026-07-16,2026-07-16
OH,Ohio Valley Transloadling Company,ohio valley transloadling,,,,,,,,,,,,,,,,,,n:ohio valley transloadling,Powhatan Point/Belmont,2016-07-05,2016-08-29,9,unknown,,0,0,1,https://jfs.ohio.gov/job-services-and-unemployment/job-services/job-programs-and-services/submit-a-warn-notice/current-public-notices-of-layoffs-and-closures,0139712a3d38a1fa5a2ae9579219194b308e64331b341e789c9543cb,7b414b7bf3b73c8f3a7de5607cf471c9887bc2cc,2026-07-16,2026-07-16
OH,Synchrony Bank Consumer Operations Contact Center,synchrony bank consumer operations contact center,,,,,,,,,,,,,,,,,,n:synchrony bank consumer operations contact center,Canton/Stark,2016-07-12,2016-09-10,57,unknown,,0,0,1,https://jfs.ohio.gov/job-services-and-unemployment/job-services/job-programs-and-services/submit-a-warn-notice/current-public-notices-of-layoffs-and-closures,811ebe8bf53b04405f5db0193b35aef888dd2e343619c6bdc0b049c0,9f1af4f33a080ac6fd48b8c15d9ed7e5fbc74f12,2026-07-16,2026-07-16
OH,Commercial Metal Forming,commercial metal forming,,,,,,,,,,,,,,,,,,n:commercial metal forming,Youngstown/Mahoning,2016-07-15,2016-09-13,90,unknown,,0,0,1,https://jfs.ohio.gov/job-services-and-unemployment/job-services/job-programs-and-services/submit-a-warn-notice/current-public-notices-of-layoffs-and-closures,5097f84c9a164a5d9e79e2550b8d494535130bd01f6dee2513c20173,3bab0608bc1f0bb30e4b8a45d628b16eb3634f5f,2026-07-16,2026-07-16
OH,InDyne,indyne,InDyne,,56,employer,,,,,,,,,Q113701217,label,,,automatic,qid:Q113701217,Wright‐Patterson Air Force Base/Greene,2016-07-19,2016-09-30,,unknown,,0,0,1,https://jfs.ohio.gov/job-services-and-unemployment/job-services/job-programs-and-services/submit-a-warn-notice/current-public-notices-of-layoffs-and-closures,48c8d12f59c2e4ffe2fbfdc82a56935e5b34aee4102d362d8b06d191,b1419e2bfbe12afaa70a30aabbcab865e3f6b1e6,2026-07-16,2026-07-16
OH,Parker Hannifin Corp.,parker hannifin,Parker Hannifin,,,,76334,PH,exact,3490,Miscellaneous Fabricated Metal Products,,,,Q1470619,cik,,,automatic,qid:Q1470619,Youngstown/Mahoning,2016-07-26,2016-09-23,7,unknown,,0,0,1,https://jfs.ohio.gov/job-services-and-unemployment/job-services/job-programs-and-services/submit-a-warn-notice/current-public-notices-of-layoffs-and-closures,308b57ac3fb030eb25aec3835d0bd23ae103d10710749e9558dfa7d2,30e85bad742a4d5f5b518cdab9a79f16cfbb7bc1,2026-07-16,2026-07-16
OH,UnitedHealth Group Optum,unitedhealth group optum,UnitedHealth Group,,52,sic-crosswalk,731766,UNH,fuzzy:0.95,6324,Hospital & Medical Service Plans,,,,Q2103926,cik,,,automatic,qid:Q2103926,Avon Lake/Lorain,2016-08-01,2016-10-03,115,unknown,,0,0,1,https://jfs.ohio.gov/job-services-and-unemployment/job-services/job-programs-and-services/submit-a-warn-notice/current-public-notices-of-layoffs-and-closures,f0cdb9a3a25fecbca6d0b4df98cdd8a112f847c85162dde62c35a117,ee69f9e33277cccb455a3d787783601e1657fe35,2026-07-16,2026-07-16
OH,Packers Sanitation Services Inc.,packers sanitation services,,,,,,,,,,,,,,,,,,n:packers sanitation services,Hamilton/Butler,2016-08-03,2016-08-26,6,unknown,,0,0,1,https://jfs.ohio.gov/job-services-and-unemployment/job-services/job-programs-and-services/submit-a-warn-notice/current-public-notices-of-layoffs-and-closures,19ca840f795dafb3357e0c35fea3f4b3f081ec5ab56a6acc289dbb77,b67ef1c6277e9ea37e657c230e12c6679d46aad1,2026-07-16,2026-07-16
OH,HCSG Labor Supply LLC,hcsg labor supply,,,,,,,,,,,,,,,,,,n:hcsg labor supply,Columbus/Franklin,2016-08-09,2016-08-05,47,unknown,,0,0,1,https://jfs.ohio.gov/job-services-and-unemployment/job-services/job-programs-and-services/submit-a-warn-notice/current-public-notices-of-layoffs-and-closures,1322e4938f18297d3c4f7161a53acb161eadf5c1fb295662d5d88460,585ac3e2523eea71c685a362b34514cc2e80dac4,2026-07-16,2026-07-16
OH,3M Company,3m,3M,,33,sic-crosswalk,66740,MMM,exact,3841,Surgical & Medical Instruments & Apparatus,,,,Q159433,cik,,,automatic,qid:Q159433,Milford/Clermont,2016-08-12,2016-10-07,135,unknown,,0,0,1,https://jfs.ohio.gov/job-services-and-unemployment/job-services/job-programs-and-services/submit-a-warn-notice/current-public-notices-of-layoffs-and-closures,21ae2688a6d5d886fdfacecd0d5f464169df538f64110054cd3b0e8f,4d9fc1e1ce676b0cdda9dee3bef1b4a3c8ed1fbd,2026-07-16,2026-07-16
OH,Parker Hannifin Corp,parker hannifin,Parker Hannifin,,,,76334,PH,exact,3490,Miscellaneous Fabricated Metal Products,,,,Q1470619,cik,,,automatic,qid:Q1470619,Youngstown/Mahoning,2016-08-15,2016-10-14,3,unknown,,0,0,1,https://jfs.ohio.gov/job-services-and-unemployment/job-services/job-programs-and-services/submit-a-warn-notice/current-public-notices-of-layoffs-and-closures,df675560e7cfd1d06799c8b03def38c79568596624f0ebbbe9466240,57e26ec2c6c8317554f2e370e85d628cf520883f,2026-07-16,2026-07-16
OH,The Ohio Valley Coal Company,ohio valley coal,,,,,,,,,,,,,,,,,,n:ohio valley coal,St. Clairesville/Belmont,2016-08-22,2016-10-31,67,unknown,,0,0,1,https://jfs.ohio.gov/job-services-and-unemployment/job-services/job-programs-and-services/submit-a-warn-notice/current-public-notices-of-layoffs-and-closures,984643af009b4a0ee5a3d9b3cc881e897576ca46f8aa5cc6186406b6,411ba62aee3cbabb74ec70e6699f1adb9f786e7f,2026-07-16,2026-07-16
OH,General Mills Inc,general mills,General Mills,,,,40704,GIS,exact,2040,Grain Mill Products,,,,Q629998,cik,,,automatic,qid:Q629998,Caledonia/Marion,2016-08-31,2016-10-31,182,unknown,,0,0,1,https://jfs.ohio.gov/job-services-and-unemployment/job-services/job-programs-and-services/submit-a-warn-notice/current-public-notices-of-layoffs-and-closures,2d9a3e4da279d439831f415e8376d35ab4def519d19d7b65e6f62bea,35150e8249b1788f4827c1a9ecbb6bcf6f4bf046,2026-07-16,2026-07-16
OH,Elmer's Products Inc,elmer s products,,,,,,,,,,,,,,,,,,n:elmer s products,Westerville/Delaware,2016-09-06,2016-09-30,10,unknown,,0,0,1,https://jfs.ohio.gov/job-services-and-unemployment/job-services/job-programs-and-services/submit-a-warn-notice/current-public-notices-of-layoffs-and-closures,51b727dfee499d3165770b8e41ee1ed56c81ef385c52e011410c478c,bbc43a1ff9b35a4e9560149191a7510c8513b940,2026-07-16,2026-07-16
OH,Performance Technologies LLC,performance technologies,,,,,1516847,,exact,,,,,,,,,,automatic,cik:1516847,Canton/Stark,2016-09-06,2016-10-29,52,unknown,,0,0,1,https://jfs.ohio.gov/job-services-and-unemployment/job-services/job-programs-and-services/submit-a-warn-notice/current-public-notices-of-layoffs-and-closures,309e1c5dd5df87a1c0e376097b1941b0761567693561e978c1a27e0a,87f4538490e84ab55541b9256693dc2eadcf47cd,2026-07-16,2026-07-16
OH,The Service Companies (Jack Thistledown Racino),service companies jack thistledown racino,"THE SERVICE COMPANIES, INC.",,,,,,,,,,,5493000KODUWHRG7E745,,,,,automatic,lei:5493000KODUWHRG7E745,North Randall/Cuyahoga,2016-09-12,2016-11-11,96,unknown,,0,0,1,https://jfs.ohio.gov/job-services-and-unemployment/job-services/job-programs-and-services/submit-a-warn-notice/current-public-notices-of-layoffs-and-closures,05c41537467ba3d86f083753aae8cc9cca1f9c0401a28ae8e5477bdf,376e036326931df312b0e13cc0ec74c3a2097539,2026-07-16,2026-07-16
OH,Executive Jet Management (Lunken Repair Shop),executive jet management lunken repair shop,,,,,,,,,,,,,,,,,,n:executive jet management,Cincinnati/Hamilton,2016-09-16,2016-12-02,80,unknown,,0,0,1,https://jfs.ohio.gov/job-services-and-unemployment/job-services/job-programs-and-services/submit-a-warn-notice/current-public-notices-of-layoffs-and-closures,9fd8ddd1eb8a4a541bd80afb19a983511af9da806f688e2685803e95,e9f747f037753a0842f80102f489c105e1ea1b45,2026-07-16,2026-07-16
OH,Parker Hannifin Corp,parker hannifin,Parker Hannifin,,,,76334,PH,exact,3490,Miscellaneous Fabricated Metal Products,,,,Q1470619,cik,,,automatic,qid:Q1470619,Youngstown/Mahoning,2016-09-21,2016-11-18,7,unknown,,0,0,1,https://jfs.ohio.gov/job-services-and-unemployment/job-services/job-programs-and-services/submit-a-warn-notice/current-public-notices-of-layoffs-and-closures,440caca13ff7716cc75c92076ee21f235adb68d4b5790b82e2188bbd,9441e7ec516f9459414301458971e591170f46d4,2026-07-16,2026-07-16
OH,Cast‐Fab Technologies,cast fab technologies,,,,,,,,,,,,,,,,,,n:cast fab technologies,Cincinnati/Hamilton,2016-09-27,2016-11-23,97,unknown,,0,0,1,https://jfs.ohio.gov/job-services-and-unemployment/job-services/job-programs-and-services/submit-a-warn-notice/current-public-notices-of-layoffs-and-closures,98e8431dec0f88efea5524fcc4d1bd9dcd464ce6c8dcd008e19d691c,bb20d5666942f4f40251e2e66913d0ecf84d1874,2026-07-16,2026-07-16
OH,Hyundai Ideal Electric Co.,hyundai ideal electric,,,,,,,,,,,,,,,,,,n:hyundai ideal electric,Mansfield/Richland,2016-09-27,2016-11-22,50,unknown,,0,0,1,https://jfs.ohio.gov/job-services-and-unemployment/job-services/job-programs-and-services/submit-a-warn-notice/current-public-notices-of-layoffs-and-closures,d130291ba746be87a1662993b2bdef461b01aae4db3ff5cd92acc790,590372a5f0dccb83a840e276fe529d0ab5945170,2026-07-16,2026-07-16
OH,Kmart Store #4910,kmart store 4910,,,45299,sic-crosswalk,56824,,exact:base,5331,Retail-Variety Stores,,,,,,,,automatic,cik:56824,Mentor/Lake,2016-09-30,2016-12-04,112,unknown,,0,0,1,https://jfs.ohio.gov/job-services-and-unemployment/job-services/job-programs-and-services/submit-a-warn-notice/current-public-notices-of-layoffs-and-closures,40b76d53552a0b1b79a54bceb3fabc7003926f6b36f18ddd48a1a6f9,9a82432d62d48faf9d534d84c0a279b208c35496,2026-07-16,2026-07-16
OH,Dental One,dental one,,,,,,,,,,,,,,,,,,n:dental one,Independence/Cuyahoga,2016-10-13,2016-12-31,53,unknown,,0,0,1,https://jfs.ohio.gov/job-services-and-unemployment/job-services/job-programs-and-services/submit-a-warn-notice/current-public-notices-of-layoffs-and-closures,3c42c7ca5d7cff8246e1ec5ff733e7e5d50b057dd7fb02b16d969f54,e961610a144a3e15719c93a73c8d6f226b93798a,2026-07-16,2026-07-16
OH,Ohio Valley Coal Company Powhatan No. 6 Mine,ohio valley coal company powhatan no 6 mine,,,,,,,,,,,,,,,,,,n:ohio valley coal company powhatan no 6 mine,St. Clairsville/Belmont,2016-10-17,2016-12-11,492,unknown,,0,0,1,https://jfs.ohio.gov/job-services-and-unemployment/job-services/job-programs-and-services/submit-a-warn-notice/current-public-notices-of-layoffs-and-closures,6a4a26f1c1f4b7133d5d54643db537d6562609a36cb9ff1dbc2b3fb0,5d4a5e35e86e57f009cf3e2780dc68d42cf72c45,2026-07-16,2026-07-16
OH,Thermo Fisher Scientific,thermo fisher scientific,Thermo Fisher Scientific Inc.,,33,sic-crosswalk,97745,TMO,exact,3829,"Measuring & Controlling Devices, NEC",,,,Q643674,cik,,,automatic,qid:Q643674,Cleveland/Cuyahoga,2016-10-17,2016-12-30,92,unknown,,0,0,1,https://jfs.ohio.gov/job-services-and-unemployment/job-services/job-programs-and-services/submit-a-warn-notice/current-public-notices-of-layoffs-and-closures,985b3c8dc0437aa2199540545d950919204ee9ce484f48354c687f49,74853bc19d832c240f95f3e79dafaf0701b7efb0,2026-07-16,2026-07-16
OH,Broadridge Financial Solutions,broadridge financial solutions,Broadridge Financial Solutions,,,,1383312,BR,exact,7389,"Services-Business Services, NEC",,,,Q4972280,cik,,,automatic,qid:Q4972280,Columbus/Franklin,2016-10-24,2017-01-16,62,unknown,,0,0,1,https://jfs.ohio.gov/job-services-and-unemployment/job-services/job-programs-and-services/submit-a-warn-notice/current-public-notices-of-layoffs-and-closures,ce7d97a7e5d7cb81ee4babf880d1392382c653e8d72595425b487d87,fc9c23c1e9cba4abaf20f72e6869b728f0fffd4d,2026-07-16,2026-07-16
OH,Elmer's Products Inc,elmer s products,,,,,,,,,,,,,,,,,,n:elmer s products,Westerville/Delaware,2016-10-26,2016-12-31,42,unknown,,0,0,1,https://jfs.ohio.gov/job-services-and-unemployment/job-services/job-programs-and-services/submit-a-warn-notice/current-public-notices-of-layoffs-and-closures,6718ec2c9ed02b794905f61bddb240bdd5e7bc5df9b5ac1829b7aa81,d38fd920663f9c893eeff7fbf0ef612db5b9b1b8,2026-07-16,2026-07-16
OH,Kyklos Bearing International LLC,kyklos bearing international,,,,,1634262,,exact,,,,,,,,,,automatic,cik:1634262,Sandusky/Erie,2016-10-28,2016-12-31,400,unknown,,0,0,1,https://jfs.ohio.gov/job-services-and-unemployment/job-services/job-programs-and-services/submit-a-warn-notice/current-public-notices-of-layoffs-and-closures,22d306b85057d78c6b8b86551408c500043e424f6faac3ce9a66248c,ec4ac5dc23685eea2317617650e21179b909fc0b,2026-07-16,2026-07-16
OH,Parker Hannifin Corp,parker hannifin,Parker Hannifin,,,,76334,PH,exact,3490,Miscellaneous Fabricated Metal Products,,,,Q1470619,cik,,,automatic,qid:Q1470619,Youngstown/Mahoning,2016-10-31,2016-12-24,13,unknown,,0,0,1,https://jfs.ohio.gov/job-services-and-unemployment/job-services/job-programs-and-services/submit-a-warn-notice/current-public-notices-of-layoffs-and-closures,f32474fda112946143ed6d531af0eb4035a03f14bf204c04d359bc3e,48486a8dce788862ed1af10f504dfbb124718223,2026-07-16,2026-07-16
OH,Carnival Foods & Pharmacy,carnival foods pharmacy,,,,,,,,,,,,,,,,,,n:carnival foods pharmacy,Lancaster/Fairfield,2016-11-02,2016-12-30,55,unknown,,0,0,1,https://jfs.ohio.gov/job-services-and-unemployment/job-services/job-programs-and-services/submit-a-warn-notice/current-public-notices-of-layoffs-and-closures,4290af9e462fa9d6bad87da450ee08177d2ad87bebbac4230f273dc6,e6f16e4eb1e0c8e15d6917e073a1e9693f1b7970,2026-07-16,2026-07-16
OH,Mondi Akrosil LLC,mondi akrosil,,,322220,employer,,,,,,,,,,,,,,n:mondi akrosil,Lancaster/Fairfield,2016-11-02,2017-01-01,80,unknown,,0,0,1,https://jfs.ohio.gov/job-services-and-unemployment/job-services/job-programs-and-services/submit-a-warn-notice/current-public-notices-of-layoffs-and-closures,fe3ccb166eedab44b31ef6888950bec4596d63a95ccbc1873e3d81a5,1e5c9cb8c5de6fbcad435d73901ab77170ff4e8e,2026-07-16,2026-07-16
OH,Spring Meadow Senior Community,spring meadow senior community,,,,,,,,,,,,,,,,,,n:spring meadow senior community,Holland/Lucas,2016-11-02,2017-01-01,122,unknown,,0,0,1,https://jfs.ohio.gov/job-services-and-unemployment/job-services/job-programs-and-services/submit-a-warn-notice/current-public-notices-of-layoffs-and-closures,7b047f6fe264e582b91ae1602781426a075fc94dc51c8282e169e80f,fb4beab764fdaa9f503f600c147faff7226e8c14,2026-07-16,2026-07-16
OH,Frontier Communications,frontier communications,,,5133,sic-crosswalk,20520,,exact,4813,Telephone Communications (No Radiotelephone),,,,,,,,automatic,cik:20520,Marion/Marion,2016-11-03,2017-01-03,247,unknown,,0,0,1,https://jfs.ohio.gov/job-services-and-unemployment/job-services/job-programs-and-services/submit-a-warn-notice/current-public-notices-of-layoffs-and-closures,bb289b5dafbb8bd746257a0c7ec5d2073ffeb634f693d3b839fe53d4,18a8b91ccc6def0e022bcdacb44ef7698c588486,2026-07-16,2026-07-16
OH,Holloway,holloway,,,,,,,,,,,,,,,,,,n:holloway,Sidney/Shelby,2016-11-07,2016-12-31,54,unknown,,0,0,1,https://jfs.ohio.gov/job-services-and-unemployment/job-services/job-programs-and-services/submit-a-warn-notice/current-public-notices-of-layoffs-and-closures,b0fb0ed8a65cb6a9bfe9790446a4c87fa7d2f9d0fd7445e1cc5ec723,12e06acbac7a61aca80200a5c5429eb80011b902,2026-07-16,2026-07-16
OH,General Motors LLC,general motors,General Motors,,336,sic-crosswalk,1467858,GM,exact,3711,Motor Vehicles & Passenger Car Bodies,,,,Q81965,cik,,,automatic,qid:Q81965,Warren/Trumbull,2016-11-09,2017-01-23,1202,unknown,,0,0,1,https://jfs.ohio.gov/job-services-and-unemployment/job-services/job-programs-and-services/submit-a-warn-notice/current-public-notices-of-layoffs-and-closures,5c39d7e7a4e7bde643c59fc26e030a0cf48884b9f5db8f40e29ba3cf,ea43c1240c4bb3ca672f396e2472bec4f91c6c87,2026-07-16,2026-07-16
OH,Commercial Metal Forming,commercial metal forming,,,,,,,,,,,,,,,,,,n:commercial metal forming,Youngstown/Mahoning,2016-11-14,2016-11-28,90,unknown,,0,0,1,https://jfs.ohio.gov/job-services-and-unemployment/job-services/job-programs-and-services/submit-a-warn-notice/current-public-notices-of-layoffs-and-closures,ad9fec9049204978ac09547bca3ee9ef466365c64f8d7c0355dea021,99b11381bff15af624be23693f5ea9ee987c1d1e,2026-07-16,2026-07-16
OH,Frontier Communications Corporations,frontier communications corporations,,,,,,,,,,,,,,,,,,n:frontier communications corporations,Marion/Marion,2016-11-16,2017-01-16,7,unknown,,0,0,1,https://jfs.ohio.gov/job-services-and-unemployment/job-services/job-programs-and-services/submit-a-warn-notice/current-public-notices-of-layoffs-and-closures,ed02bdbd649fadc8166d6b2d4894b2cb8984173dd6b4e27c2f17fcee,d3859f73a050258c4aa7e126f5365c029770f9b8,2026-07-16,2026-07-16
OH,Lordstown Seating Systems,lordstown seating systems,,,,,,,,,,,,,,,,,,n:lordstown seating systems,Warren/Trumbull,2016-11-16,2017-01-20,126,unknown,,0,0,1,https://jfs.ohio.gov/job-services-and-unemployment/job-services/job-programs-and-services/submit-a-warn-notice/current-public-notices-of-layoffs-and-closures,f1ef9483fc3b2beb0f8ee7309de6a74c00d09d39814f4f542a27ae96,202945aa91b5863dea4face0c6c9796adbfc93a8,2026-07-16,2026-07-16
OH,Comprehensive Logistics Inc.,comprehensive logistics,,,484110,employer,,,,,,,,,,,,,,n:comprehensive logistics,Austintown/Mahoning,2016-11-22,2017-01-23,,unknown,,0,0,1,https://jfs.ohio.gov/job-services-and-unemployment/job-services/job-programs-and-services/submit-a-warn-notice/current-public-notices-of-layoffs-and-closures,0e3dea9bbe0b411b540efa9a84b303d2b98affced86b4f2430d37722,bcf3c12e6fa8b140466551c7d0abfbbebb11ff2c,2026-07-16,2026-07-16
OH,First Solar Inc,first solar,First Solar,,334413,sic-crosswalk,1274494,FSLR,exact,3674,Semiconductors & Related Devices,,,,Q1138888,cik,,,automatic,qid:Q1138888,Cincinnati/Hamilton,2016-11-22,2016-11-17,,unknown,,0,0,1,https://jfs.ohio.gov/job-services-and-unemployment/job-services/job-programs-and-services/submit-a-warn-notice/current-public-notices-of-layoffs-and-closures,bafa5e7e8eb10e54bdfed6b8b7057a3bd49cb5e1e7a55613594d185d,bca144605ecca0b6301790097a8a44c1b8e26708,2026-07-16,2026-07-16
OH,First Solar Inc,first solar,First Solar,,334413,sic-crosswalk,1274494,FSLR,exact,3674,Semiconductors & Related Devices,,,,Q1138888,cik,,,automatic,qid:Q1138888,Perrysburg/Wood,2016-11-22,2016-11-17,459,unknown,,0,0,1,https://jfs.ohio.gov/job-services-and-unemployment/job-services/job-programs-and-services/submit-a-warn-notice/current-public-notices-of-layoffs-and-closures,fbd2f9ea6ac6c52fad9eb49e8c6270444bc9e7cba307796e76c81127,f0a59d2dd9212b5dad92db55fe460a28c85e64dd,2026-07-16,2026-07-16
OH,Healthspan Partners North Point,healthspan partners north point,,,,,,,,,,,,,,,,,,n:healthspan partners north point,Brooklyn Heights/Cuyahoga,2016-11-29,2016-11-29,58,unknown,,0,0,1,https://jfs.ohio.gov/job-services-and-unemployment/job-services/job-programs-and-services/submit-a-warn-notice/current-public-notices-of-layoffs-and-closures,633a4714c7704e0329fdee5b98952434ad79d07c1778b154f3c66fae,bafe06f5bed623ce84f68dbd0c89f96dee870464,2026-07-16,2026-07-16
OH,Limited Stores LLC,limited stores,,,,,,,,,,,,,,,,,,n:limited stores,New Albany/Franklin,2016-11-29,2016-12-02,246,unknown,,0,0,1,https://jfs.ohio.gov/job-services-and-unemployment/job-services/job-programs-and-services/submit-a-warn-notice/current-public-notices-of-layoffs-and-closures,b3263bc8db088336966d25b75921e87ed1362c9cd380c687711eef16,68dfb0a933bccd000dcbc8db207b6780e7bc873b,2026-07-16,2026-07-16
OH,Alliance Casting Company LLC,alliance casting,,,,,,,,,,,,,,,,,,n:alliance casting,Circleville/Pickaway,2016-12-01,2017-01-31,46,unknown,,0,0,1,https://jfs.ohio.gov/job-services-and-unemployment/job-services/job-programs-and-services/submit-a-warn-notice/current-public-notices-of-layoffs-and-closures,c20e7d66e3b40caaf6d92143bbbe95d47473f79d0a374b04fc722913,07b6856ce361e7c87d4d1b3170f66b12e87ad4c7,2026-07-16,2026-07-16
OH,Alliance Casting Company LLC,alliance casting,,,,,,,,,,,,,,,,,,n:alliance casting,Heath/Licking,2016-12-01,2017-01-31,46,unknown,,0,0,1,https://jfs.ohio.gov/job-services-and-unemployment/job-services/job-programs-and-services/submit-a-warn-notice/current-public-notices-of-layoffs-and-closures,340abc5d00206919beefcf0b4799b86c06600669a3d367a85a0340f5,53b1ce1d6485951ee8375fb9f4ba86347fef8e18,2026-07-16,2026-07-16
OH,Alliance Casting Company LLC,alliance casting,,,,,,,,,,,,,,,,,,n:alliance casting,Alliance/Stark,2016-12-01,2017-01-31,435,unknown,,0,0,1,https://jfs.ohio.gov/job-services-and-unemployment/job-services/job-programs-and-services/submit-a-warn-notice/current-public-notices-of-layoffs-and-closures,58919f8fa51b90eb3d6cfb4a66c8a2e72156693b7b28a5fc6f549d83,c35782da757d45ff49f8b915d9e63de78823b66a,2026-07-16,2026-07-16
OH,Transamerica Life Insurance Company,transamerica life insurance,,,,,1164098,,exact,,,,,,,,,,automatic,cik:1164098,West Chester/Butler,2016-12-01,2017-02-03,135,unknown,,0,0,1,https://jfs.ohio.gov/job-services-and-unemployment/job-services/job-programs-and-services/submit-a-warn-notice/current-public-notices-of-layoffs-and-closures,bf52f4ea004e7edd2c007f27e09491b4afab3f586c50f1add7c376fa,0c321ac0778932e7c1111e658994042a802e011e,2026-07-16,2026-07-16
OH,Transamerica Life Insurance Company,transamerica life insurance,,,,,1164098,,exact,,,,,,,,,,automatic,cik:1164098,Columbus/Franklin,2016-12-01,2017-02-03,4,unknown,,0,0,1,https://jfs.ohio.gov/job-services-and-unemployment/job-services/job-programs-and-services/submit-a-warn-notice/current-public-notices-of-layoffs-and-closures,8f66fc8f7a4ff8e5294c022e42c08b38b437988f2de14c75a4db466d,368cf8f7d8dc51c2613d47179d2cf90ba308ea4e,2026-07-16,2026-07-16
OH,Transamerica Life Insurance Company,transamerica life insurance,,,,,1164098,,exact,,,,,,,,,,automatic,cik:1164098,Total,2016-12-01,2017-02-03,147,unknown,,0,0,1,https://jfs.ohio.gov/job-services-and-unemployment/job-services/job-programs-and-services/submit-a-warn-notice/current-public-notices-of-layoffs-and-closures,36299b5bec037185f124a7f3b9480afbe577373fb06dce17a4057a65,ffd9c41f7af8729e0cff56818e3fb67828049b3b,2026-07-16,2026-07-16
OH,Parker Hannifin Corp,parker hannifin,Parker Hannifin,,,,76334,PH,exact,3490,Miscellaneous Fabricated Metal Products,,,,Q1470619,cik,,,automatic,qid:Q1470619,Youngstown/Mahoning,2016-12-05,2017-01-23,19,unknown,,0,0,1,https://jfs.ohio.gov/job-services-and-unemployment/job-services/job-programs-and-services/submit-a-warn-notice/current-public-notices-of-layoffs-and-closures,9453844699187b73f4240b36b9dd4c5017a3c0abba70b5516817167e,059056347f5c27cf39dc55e86222688d56aa626d,2026-07-16,2026-07-16
OH,Wrayco LLC,wrayco,,,,,,,,,,,,,,,,,,n:wrayco,Stow/Summit,2016-12-05,2017-01-31,79,unknown,,0,0,1,https://jfs.ohio.gov/job-services-and-unemployment/job-services/job-programs-and-services/submit-a-warn-notice/current-public-notices-of-layoffs-and-closures,4fcc2307e98f828afc9860c3d1d23ae1670ff41a4a6078ab162dfe4b,2dc91f97081cd473a8b6f5362e04de59330b9338,2026-07-16,2026-07-16
OH,Nationwide Mutual Insurance Company,nationwide mutual insurance,Nationwide Mutual Insurance Company,,,,315099,,exact:post-era,,,,,,Q6979886,label,,,automatic,qid:Q6979886,Highland Hills/Cuyahoga,2016-12-30,2017-03-01,29,unknown,,0,0,1,https://jfs.ohio.gov/job-services-and-unemployment/job-services/job-programs-and-services/submit-a-warn-notice/current-public-notices-of-layoffs-and-closures,2ba5c9b04da000525a61b7d46d43fda655a7fe75f397f0eb51950169,d100972e5c5a95512634d78681508298bfdf8e5f,2026-07-16,2026-07-16
OH,Xerox Corporation(Groveport Central Product Distribution Center),xerox corporation groveport central product distribution center,,,334,sic-crosswalk,108772,,exact:base,3577,"Computer Peripheral Equipment, NEC",,,,,,,,automatic,cik:108772,Groveport/Franklin,2017-01-09,2017-03-09,55,unknown,,0,0,1,https://jfs.ohio.gov/job-services-and-unemployment/job-services/job-programs-and-services/submit-a-warn-notice/current-public-notices-of-layoffs-and-closures,07f962596d772e829a4b7dc0a41bf183c8a661302fc5aa420d42b65a,c62c832307313d5f12554b656f8eeeea87090668,2026-07-16,2026-07-27
OH,The Andersons Inc. Retail Distribution Center,andersons inc retail distribution center,,,,,,,,,,,,,,,,,,n:andersons inc retail distribution center,Maumee/Lucas,2017-01-17,2017-03-18,42,unknown,,0,0,1,https://jfs.ohio.gov/job-services-and-unemployment/job-services/job-programs-and-services/submit-a-warn-notice/current-public-notices-of-layoffs-and-closures,b26787cf9190d31a5bccb7ead551aeb3e44a4a7c58107a59284db0c9,2c0b4b549e4dde259f0be518e7b35d700cf56137,2026-07-16,2026-07-27
OH,Sears #1520,sears 1520,,,,,,,,,,,,,,,,,,n:sears,Akron/Summit,2017-01-18,2017-03-19,71,unknown,,0,0,1,https://jfs.ohio.gov/job-services-and-unemployment/job-services/job-programs-and-services/submit-a-warn-notice/current-public-notices-of-layoffs-and-closures,ce375c1c9dfb4cb86f13f50229c87138782c8e7013a21f629e2c02e3,5d6f5f4550b1e8024b281dc530cb1bf99ec73520,2026-07-16,2026-07-27
OH,Sears #1530,sears 1530,,,,,,,,,,,,,,,,,,n:sears,Richmond Heights/Cuyahoga,2017-01-18,2017-03-26,92,unknown,,0,0,1,https://jfs.ohio.gov/job-services-and-unemployment/job-services/job-programs-and-services/submit-a-warn-notice/current-public-notices-of-layoffs-and-closures,46ab075dd4277cbf004cbcae78c6160ac32cbb4e0b1cb81a7aa34073,6f6fcbc77e231e6d0037adc41ce5f0d88c77cb6c,2026-07-16,2026-07-27
OH,Sears Auto #6520,sears auto 6520,,,,,,,,,,,,,,,,,,n:sears auto,Akron/Summit,2017-01-18,2017-03-19,9,unknown,,0,0,1,https://jfs.ohio.gov/job-services-and-unemployment/job-services/job-programs-and-services/submit-a-warn-notice/current-public-notices-of-layoffs-and-closures,75c2514c8fe5b7c6e16c5ce2ac1fa01c68dad277c09f4152cdad3271,5b49c33c0d1c9069ad30743a4ce9e7982be19453,2026-07-16,2026-07-27
OH,Sears Auto #6532,sears auto 6532,,,,,,,,,,,,,,,,,,n:sears auto,Richmond Heights/Cuyahoga,2017-01-18,2017-03-26,6,unknown,,0,0,1,https://jfs.ohio.gov/job-services-and-unemployment/job-services/job-programs-and-services/submit-a-warn-notice/current-public-notices-of-layoffs-and-closures,501c2554928e725182c9c95d2b99f282d6af9ded747289e6f9e9a50b,c5545d5185ffb3d67f908641a5b7ea3dff2b9908,2026-07-16,2026-07-27
OH,Yanfeng,yanfeng,,,336,parent-sic,,,,,,,,,,,VISTEON CORP,1111335,,n:yanfeng,Northwood/Wood,2017-01-24,2017-04-07,185,unknown,,0,0,1,https://jfs.ohio.gov/job-services-and-unemployment/job-services/job-programs-and-services/submit-a-warn-notice/current-public-notices-of-layoffs-and-closures,8f8f5b03171e91469e4da8a4c211ab441872e9707e58419992801d10,3b21acf4755e2b7e6145e9c9785df87c319a9409,2026-07-16,2026-07-27
OH,Impact Fulfillment Services,impact fulfillment services,,,339999,employer,,,,,,,,,,,,,,n:impact fulfillment services,Union/Montgomery,2017-01-30,2017-03-31,167,unknown,,0,0,1,https://jfs.ohio.gov/job-services-and-unemployment/job-services/job-programs-and-services/submit-a-warn-notice/current-public-notices-of-layoffs-and-closures,836b434a1c774a13e90e724b7cbf027db263ccfe52fc53d500c53f5c,0a342cc97501bd2a846a6fdbe0cdad498fa53040,2026-07-16,2026-07-27
OH,Narrowband Repair Center,narrowband repair center,,,,,,,,,,,,,,,,,,n:narrowband repair center,Brecksville/Cuyahoga,2017-01-30,2017-03-28,51,unknown,,0,0,1,https://jfs.ohio.gov/job-services-and-unemployment/job-services/job-programs-and-services/submit-a-warn-notice/current-public-notices-of-layoffs-and-closures,4d13155726a267b271e51e1b456f5f4fe086acd92ebc1f5aa051a6a7,52c1aef2f854527222b68411e8fc4056a157e38c,2026-07-16,2026-07-27
OH,STP Products Manufacturing Company,stp products manufacturing,,,,,1537657,,exact,,,,,,,,,,automatic,cik:1537657,Painesville/Lake,2017-01-30,2017-04-30,58,unknown,,0,0,1,https://jfs.ohio.gov/job-services-and-unemployment/job-services/job-programs-and-services/submit-a-warn-notice/current-public-notices-of-layoffs-and-closures,47c401d0fdd20ae3a341b35a1dd3e7f860f519fe26190fcec6600d24,9ed753e72dd3ccddc13a9973c2d1274c497f0ad6,2026-07-16,2026-07-27
OH,Penske Vehicle Services,penske vehicle services,,,,,,,,,,,,,,,,,,n:penske vehicle services,Warren/Trumbull,2017-01-31,2017-04-01,2,unknown,,0,0,1,https://jfs.ohio.gov/job-services-and-unemployment/job-services/job-programs-and-services/submit-a-warn-notice/current-public-notices-of-layoffs-and-closures,218d1bb9cbe0f6d2be1f6eccbe640eece6427634d84d0cd134ce25e9,d7ec876857f20b32f71010428ccd05a8a4c106a6,2026-07-16,2026-07-27
OH,Boehringer Ingelheim Pharmaceuticals,boehringer ingelheim pharmaceuticals,,,,,,,,,,,,,,,,,,n:boehringer ingelheim pharmaceuticals,Columbus/Franklin,2017-02-01,2017-07-03,28,unknown,,0,0,1,https://jfs.ohio.gov/job-services-and-unemployment/job-services/job-programs-and-services/submit-a-warn-notice/current-public-notices-of-layoffs-and-closures,1a62fc6d371b5649a159d5d750331860c1711fc89829a9c737fe3da4,3fd9c17970b8a58350aadf025478b07de2e92cab,2026-07-16,2026-07-27
OH,DHL Supply Chain,dhl supply chain,,,,,,,,,,,,,,,,,,n:dhl supply chain,Toledo/Lucas,2017-02-02,2017-04-07,277,unknown,,0,0,1,https://jfs.ohio.gov/job-services-and-unemployment/job-services/job-programs-and-services/submit-a-warn-notice/current-public-notices-of-layoffs-and-closures,a76b7fb6fc48704d892559a7b9392672b74a53cd8a3bfb23a11042c3,4e60d389ed893c3df65ac29d5662e5b462b47ad3,2026-07-16,2026-07-27
OH,DCB Financial Corp,dcb financial,,,522,sic-crosswalk,1025877,,exact,6022,State Commercial Banks,,,,,,,,automatic,cik:1025877,Lewis Center/Delaware,2017-02-03,2017-04-03,58,unknown,,0,0,1,https://jfs.ohio.gov/job-services-and-unemployment/job-services/job-programs-and-services/submit-a-warn-notice/current-public-notices-of-layoffs-and-closures,9d994386473411782b812c1c491ddd18e2ab3c18391476458a935666,0cd0d9c316b4518f738a43de77771b110f46fd72,2026-07-16,2026-07-27
OH,Downtown Ford Lincoln,downtown ford lincoln,,,,,,,,,,,,,,,,,,n:downtown ford lincoln,West Tuscarawas/Stark,2017-02-03,2017-01-31,88,unknown,,0,0,1,https://jfs.ohio.gov/job-services-and-unemployment/job-services/job-programs-and-services/submit-a-warn-notice/current-public-notices-of-layoffs-and-closures,cbe39327adf030d1eb3f76b63db895b72a07478f18a05c6f7b042f05,d68c09cfaaec6b62619196408aecb72edae2c219,2026-07-16,2026-07-27
OH,The Andersons Inc,andersons,,,,,821026,ANDE,exact,5150,Wholesale-Farm Product Raw Materials,,,,,,,,automatic,cik:821026,Maumee/Lucas,2017-02-07,2017-04-09,326,unknown,,0,0,1,https://jfs.ohio.gov/job-services-and-unemployment/job-services/job-programs-and-services/submit-a-warn-notice/current-public-notices-of-layoffs-and-closures,2cb7668a545198fca1581f187377c8194a0f9d39f7520cdc30aaf140,002e21d05287fe4c07155412832e7e5e2373987f,2026-07-16,2026-07-27
OH,Piston Automotive,piston automotive,,,,,,,,,,,,,,,,,,n:piston automotive,Toledo/Lucas,2017-02-08,2017-04-07,52,unknown,,0,0,1,https://jfs.ohio.gov/job-services-and-unemployment/job-services/job-programs-and-services/submit-a-warn-notice/current-public-notices-of-layoffs-and-closures,a2e2cdd3a58c9cc25bd129466b9e30ef0ad897e71ec554c0c281ee0d,7932499199ab0b5b43ee5d42174eba87a93a6a22,2026-07-16,2026-07-27
OH,Toledo Molding and Die,toledo molding and die,,,,,,,,,,,,,,,,,,n:toledo molding and die,Toledo/Lucas,2017-02-08,2017-04-07,30,unknown,,0,0,1,https://jfs.ohio.gov/job-services-and-unemployment/job-services/job-programs-and-services/submit-a-warn-notice/current-public-notices-of-layoffs-and-closures,94e49dd4e302a81a9cf4e146719b51060005966bd42584703e623d08,5086a667ce5ceb552b9d378db94011c41e6c6ac7,2026-07-16,2026-07-27
OH,Toledo North Assembly Plant,toledo north assembly plant,,,,,,,,,,,,,,,,,,n:toledo north assembly plant,Toledo/Lucas,2017-02-10,2017-04-07,3207,unknown,,0,0,1,https://jfs.ohio.gov/job-services-and-unemployment/job-services/job-programs-and-services/submit-a-warn-notice/current-public-notices-of-layoffs-and-closures,bb6b7121557aceb3dfe9e4b474f46dc6638c3507acd716c10ddb46bf,50e40d67b29930916054586d0b01a87a2fa90da6,2026-07-16,2026-07-27
OH,Enginetics Corporation,enginetics,,,,,1441396,,exact:post-era,,,,,,,,,,automatic,cik:1441396,Eastlake/Lake,2017-02-23,2017-04-23,28,unknown,,0,0,1,https://jfs.ohio.gov/job-services-and-unemployment/job-services/job-programs-and-services/submit-a-warn-notice/current-public-notices-of-layoffs-and-closures,b9d6c9603a3804751eced8b35e40f8f2e610d1150aff3e478ef73823,37db2c785d0b6c156b76d5087a45898d24cfd204,2026-07-16,2026-07-27
OH,Global Flight Source Inc,global flight source,,,,,,,,,,,,,,,,,,n:global flight source,Wilmington/Clinton,2017-02-27,2017-04-30,2,unknown,,0,0,1,https://jfs.ohio.gov/job-services-and-unemployment/job-services/job-programs-and-services/submit-a-warn-notice/current-public-notices-of-layoffs-and-closures,59944bdfd69007d564145ef1d610bd1285ad34923bb1ae1a32be0e16,01a1e372ca48fc175cfd37454bcbdd1e67b5d91f,2026-07-16,2026-07-27
OH,LGSTX Cargo Services Inc,lgstx cargo services,,,48-49,employer,,,,,,,,,,,,,,n:lgstx cargo services,Wilmington/Clinton,2017-02-27,2017-04-30,296,unknown,,0,0,1,https://jfs.ohio.gov/job-services-and-unemployment/job-services/job-programs-and-services/submit-a-warn-notice/current-public-notices-of-layoffs-and-closures,0c3498a10858f9fd5e3387ea82525a473dc91b94e1786fdcc8be0a8a,7fdcbdd97a1fc6797c06e1f88793eb0b07a24284,2026-07-16,2026-07-27
OH,LGSTX Services Inc,lgstx services,,,48-49,employer,,,,,,,,,,,,,,n:lgstx services,Wilmington/Clinton,2017-02-27,2017-04-30,37,unknown,,0,0,1,https://jfs.ohio.gov/job-services-and-unemployment/job-services/job-programs-and-services/submit-a-warn-notice/current-public-notices-of-layoffs-and-closures,37c966f093b8804c82d8c1d4c3383827392febbacc5a4d5a2182a9db,ccd62509fdc0718a7c95373efd3ce8905d91c2ba,2026-07-16,2026-07-27
OH,Cempra Pharmaceuticals,cempra pharmaceuticals,,,42,employer,1352044,,exact:post-era,,,,,,,,,,automatic,cik:1352044,Powell/Delaware,2017-03-02,2017-03-01,1,unknown,,0,0,1,https://jfs.ohio.gov/job-services-and-unemployment/job-services/job-programs-and-services/submit-a-warn-notice/current-public-notices-of-layoffs-and-closures,a76231cd6417fec4371356f6af9e0091b1e922a377e38c9e68887ac9,e33fc598999f0af4422b334094fe0098080eb66a,2026-07-16,2026-07-27
OH,Southern Theatres LLC,southern theatres,,,,,,,,,,,,,,,,,,n:southern theatres,Hilliard/Franklin,2017-03-06,2017-04-08,85,unknown,,0,0,1,https://jfs.ohio.gov/job-services-and-unemployment/job-services/job-programs-and-services/submit-a-warn-notice/current-public-notices-of-layoffs-and-closures,d0d07e87b363b6b4f1e1d55efcbacbdeadf0c0a1ebad5bac10f1047d,3f57ffedef18f0aa86ac27faea8a2fbcaed117b1,2026-07-16,2026-07-27
OH,Caito Food Company,caito food,,,,,,,,,,,,,,,,,,n:caito food,Newcomerstown/Tuscarawas,2017-03-16,2017-05-15,62,unknown,,0,0,1,https://jfs.ohio.gov/job-services-and-unemployment/job-services/job-programs-and-services/submit-a-warn-notice/current-public-notices-of-layoffs-and-closures,01dad2db0ff56fb97b58d9c702ab564082f5580fbb1d58ba0e2ffa68,2b2a12b29e9874be1ae84a857e21e4b6145cb546,2026-07-16,2026-07-27
OH,Ohio Department of Developmental Disabilities (DODD),ohio department of developmental disabilities dodd,,,,,,,,,,,,,,,,,,n:ohio department of developmental disabilities,Huber Heights/Montgomery,2017-03-16,2017-06-30,103,unknown,,0,0,1,https://jfs.ohio.gov/job-services-and-unemployment/job-services/job-programs-and-services/submit-a-warn-notice/current-public-notices-of-layoffs-and-closures,3e65301e2b93437f83a79c698811f9bb86b7d9e88d1a57fd25e60433,2b0d39d0067e45584d8c298acfdf37da3e1573f0,2026-07-16,2026-07-27
OH,3M Company,3m,3M,,33,sic-crosswalk,66740,MMM,exact,3841,Surgical & Medical Instruments & Apparatus,,,,Q159433,cik,,,automatic,qid:Q159433,Elyria/Lorain,2017-03-29,2017-05-31,136,unknown,,0,0,1,https://jfs.ohio.gov/job-services-and-unemployment/job-services/job-programs-and-services/submit-a-warn-notice/current-public-notices-of-layoffs-and-closures,d4048978cd38023131d355bfc03fed34d8902b2a77960d3c90c6e5d6,44d07f6f1ab8b3c0c288e19c3867ab7cb1c0b202,2026-07-16,2026-07-27
OH,Dollar Express,dollar express,,,,,1100731,,exact:post-era,5900,Retail-Miscellaneous Retail,,,,,,,,automatic,cik:1100731,Cincinnati/Hamilton,2017-04-03,2017-06-30,40,unknown,,0,0,1,https://jfs.ohio.gov/job-services-and-unemployment/job-services/job-programs-and-services/submit-a-warn-notice/current-public-notices-of-layoffs-and-closures,f94ad9d71d6dbe558d6f8b49b935e06fb9c74aa08df3705ade38eae2,1db3a458a979c3369c50f409b2357e9b6c472c2d,2026-07-16,2026-07-27
OH,Dollar Express,dollar express,,,,,1100731,,exact:post-era,5900,Retail-Miscellaneous Retail,,,,,,,,automatic,cik:1100731,Milford/Clermont,2017-04-03,2017-06-30,5,unknown,,0,0,1,https://jfs.ohio.gov/job-services-and-unemployment/job-services/job-programs-and-services/submit-a-warn-notice/current-public-notices-of-layoffs-and-closures,08aa5cc1687c13500167ebb30e07bbee21b247c9c87bb104aa946a1e,246d35f0f9bc5ab061458b089414936aabb81498,2026-07-16,2026-07-27
OH,Dollar Express,dollar express,,,,,1100731,,exact:post-era,5900,Retail-Miscellaneous Retail,,,,,,,,automatic,cik:1100731,Columbus/Franklin,2017-04-03,2017-06-30,23,unknown,,0,0,1,https://jfs.ohio.gov/job-services-and-unemployment/job-services/job-programs-and-services/submit-a-warn-notice/current-public-notices-of-layoffs-and-closures,65b88f1472b1859210dbd2e057428449d7ad35b0cc75e4c58e5b9d1a,470d1358c2ebb5d02dc56855f32af93d8cba6be5,2026-07-16,2026-07-27
OH,Dollar Express,dollar express,,,,,1100731,,exact:post-era,5900,Retail-Miscellaneous Retail,,,,,,,,automatic,cik:1100731,St. Bernard/Hamilton,2017-04-03,2017-06-30,7,unknown,,0,0,1,https://jfs.ohio.gov/job-services-and-unemployment/job-services/job-programs-and-services/submit-a-warn-notice/current-public-notices-of-layoffs-and-closures,4c132a4431081a2728fa3780b3a1cc5191967170ea881bdd3aa81793,5163d1c738179f47eaeb0d4feb701026ffe5ce66,2026-07-16,2026-07-27
OH,Dollar Express,dollar express,,,,,1100731,,exact:post-era,5900,Retail-Miscellaneous Retail,,,,,,,,automatic,cik:1100731,Cleveland/Cuyahoga,2017-04-03,2017-06-30,44,unknown,,0,0,1,https://jfs.ohio.gov/job-services-and-unemployment/job-services/job-programs-and-services/submit-a-warn-notice/current-public-notices-of-layoffs-and-closures,825d6eea635e013899b2cd09712e328cbc1135826b48d688601a449d,84d4c888775c4008b6fbe75e610cf0c46da50a71,2026-07-16,2026-07-27
OH,Dollar Express,dollar express,,,,,1100731,,exact:post-era,5900,Retail-Miscellaneous Retail,,,,,,,,automatic,cik:1100731,Akron/Summit,2017-04-03,2017-06-30,13,unknown,,0,0,1,https://jfs.ohio.gov/job-services-and-unemployment/job-services/job-programs-and-services/submit-a-warn-notice/current-public-notices-of-layoffs-and-closures,005b532aab4e4e18d57fff7c5fbd8452b3d837314e0411ce1f09a28d,89c144c5dfab67209634b19cbf679f81e22a9bbb,2026-07-16,2026-07-27
OH,Dollar Express,dollar express,,,,,1100731,,exact:post-era,5900,Retail-Miscellaneous Retail,,,,,,,,automatic,cik:1100731,Toledo/Lucas,2017-04-03,2017-06-30,17,unknown,,0,0,1,https://jfs.ohio.gov/job-services-and-unemployment/job-services/job-programs-and-services/submit-a-warn-notice/current-public-notices-of-layoffs-and-closures,bce76dfb95d459687c6b2d9822b9c69819323819c3d54ce02f176cda,b609baf248bfa3dce3c5ba3728cd01380e843af7,2026-07-16,2026-07-27
OH,Dollar Express,dollar express,,,,,1100731,,exact:post-era,5900,Retail-Miscellaneous Retail,,,,,,,,automatic,cik:1100731,Whitehall/Franklin,2017-04-03,2017-06-30,9,unknown,,0,0,1,https://jfs.ohio.gov/job-services-and-unemployment/job-services/job-programs-and-services/submit-a-warn-notice/current-public-notices-of-layoffs-and-closures,ac57b6fcbeb571ff8acb98a2e593f397c7962a23ea837054227154eb,b95cf56dea9d5b65827f676386431301975b5f03,2026-07-16,2026-07-27
OH,Dollar Express,dollar express,,,,,1100731,,exact:post-era,5900,Retail-Miscellaneous Retail,,,,,,,,automatic,cik:1100731,Canton/Stark,2017-04-03,2017-06-30,12,unknown,,0,0,1,https://jfs.ohio.gov/job-services-and-unemployment/job-services/job-programs-and-services/submit-a-warn-notice/current-public-notices-of-layoffs-and-closures,a4414e40a5edeb9f44507c182ff3689e5025cd6b28105cd99787c9a3,d2f0c963c2c892ee0e309c6c2db3d174552fafb6,2026-07-16,2026-07-27
OH,Dollar Express,dollar express,,,,,1100731,,exact:post-era,5900,Retail-Miscellaneous Retail,,,,,,,,automatic,cik:1100731,East Cleveland/Cuyahoga,2017-04-03,2017-06-30,11,unknown,,0,0,1,https://jfs.ohio.gov/job-services-and-unemployment/job-services/job-programs-and-services/submit-a-warn-notice/current-public-notices-of-layoffs-and-closures,256a0affe85c441f4d24796d02ed51f9add7e0402cfadb197cc8197c,d4ab70e4c32a0e8a3778da9e0164e2790b8c8af6,2026-07-16,2026-07-27
OH,Evant Inc,evant,,,,,,,,,,,,,,,,,,n:evant,Stow/Summit,2017-04-03,2017-05-31,198,unknown,,0,0,1,https://jfs.ohio.gov/job-services-and-unemployment/job-services/job-programs-and-services/submit-a-warn-notice/current-public-notices-of-layoffs-and-closures,1949009c12e70671f1c593ae1eb8da62244226f88431697b4adf1b36,65cb57214265fe774b0fe0e459c682935bcbe0dd,2026-07-16,2026-07-27
OH,General Electric (GE Lighting),general electric ge lighting,General Electric,,3345,employer,40545,GE,exact:base,3600,Electronic & Other Electrical Equipment (No Computer Equip),,,,Q54173,cik,,,automatic,qid:Q54173,Circleville/Pickaway,2017-04-11,2017-05-29,148,unknown,,0,0,1,https://jfs.ohio.gov/job-services-and-unemployment/job-services/job-programs-and-services/submit-a-warn-notice/current-public-notices-of-layoffs-and-closures,f5b8768b1add3dbe088d1dd58d217fdd1c84a71975906f3529be3081,1a213f532293b7b55e6e3a228d4ff304ed330131,2026-07-16,2026-07-27
OH,ConForm Automotive,conform automotive,,,,,,,,,,,,,,,,,,n:conform automotive,Sidney/Shelby,2017-04-21,2017-06-30,49,unknown,,0,0,1,https://jfs.ohio.gov/job-services-and-unemployment/job-services/job-programs-and-services/submit-a-warn-notice/current-public-notices-of-layoffs-and-closures,973d4160fd4f9447fd92e2b48635b921ccb9c82d24f7fbd66847c64c,fd378008bf7ffa61d299760a52528819359451e7,2026-07-16,2026-07-27
OH,Citigroup,citigroup,Citigroup,,522,sic-crosswalk,831001,C,exact,6021,National Commercial Banks,,,,Q219508,cik,,,automatic,qid:Q219508,Columbus/Franklin,2017-04-24,2017-05-29,94,unknown,,0,0,1,https://jfs.ohio.gov/job-services-and-unemployment/job-services/job-programs-and-services/submit-a-warn-notice/current-public-notices-of-layoffs-and-closures,b67085ee04aa82657e5fbb66350852661ec98f18f69edaaf6ed7c6f3,19ac2d0dac67bd74768ed3f63a39c4a674765374,2026-07-16,2026-07-27
OH,McSwain,mcswain,,,,,,,,,,,,,,,,,,n:mcswain,Springdale/Hamilton,2017-05-05,2017-05-04,34,unknown,,0,0,1,https://jfs.ohio.gov/job-services-and-unemployment/job-services/job-programs-and-services/submit-a-warn-notice/current-public-notices-of-layoffs-and-closures,98b3c78ee08481dc9078f7ac9358cd5c8d417f102b70ecb389ff9d24,7d579091ca769dea5a41c0395141dada4351d017,2026-07-16,2026-07-27
OH,Sodexo,sodexo,Sodexo,,,,1169715,,exact,8741,Services-Management Services,,,,Q1475554,label,,,automatic,qid:Q1475554,Cleveland/Cuyahoga,2017-05-08,2017-06-30,383,unknown,,0,0,1,https://jfs.ohio.gov/job-services-and-unemployment/job-services/job-programs-and-services/submit-a-warn-notice/current-public-notices-of-layoffs-and-closures,74743fe1d107c23cb331e90a260e0f2e6f14f32849ac8379659674e6,3e8922469102ef53478e06736dbe7696ce750299,2026-07-16,2026-07-27
OH,The PIC Group,pic group,,,,,,,,,,,,,,,,,,n:pic group,Bellefontaine/Logan,2017-05-16,2017-05-15,71,unknown,,0,0,1,https://jfs.ohio.gov/job-services-and-unemployment/job-services/job-programs-and-services/submit-a-warn-notice/current-public-notices-of-layoffs-and-closures,0420eafe372b8078c034ec1958d7503fad6dd41ac0e6bddebe920d7d,222d9dfd58a2fe6488b474b5a1fa1055cda9ef2f,2026-07-16,2026-07-27
OH,Hyundai Ideal Electric Company,hyundai ideal electric,,,,,,,,,,,,,,,,,,n:hyundai ideal electric,Mansfield/Richland,2017-05-18,2017-07-12,16,unknown,,0,0,1,https://jfs.ohio.gov/job-services-and-unemployment/job-services/job-programs-and-services/submit-a-warn-notice/current-public-notices-of-layoffs-and-closures,7a44ae4f6e09eac5ed69a672f5e93b7cf4ff8ca8c0bc50fb8fa7c5a6,fabcceaa15483eb1a8f64266e9e1812e2ab55729,2026-07-16,2026-07-27
OH,Robert Bosch Battery Systems LLC,robert bosch battery systems,,,,,,,,,,,,,,,,,,n:robert bosch battery systems,Springboro/Warren,2017-05-23,2017-07-31,88,unknown,,0,0,1,https://jfs.ohio.gov/job-services-and-unemployment/job-services/job-programs-and-services/submit-a-warn-notice/current-public-notices-of-layoffs-and-closures,8bcd2cac85ea714e998330954be0036ba22d337d1a8c47b5519f557d,d4b83269b4d425b49c9b4141b7ba9f7f3a305403,2026-07-16,2026-07-27
OH,TradeGlobal,tradeglobal,,,,,,,,,,,,,,,,,,n:tradeglobal,West Chester/Butler,2017-05-24,2017-07-24,112,unknown,,0,0,1,https://jfs.ohio.gov/job-services-and-unemployment/job-services/job-programs-and-services/submit-a-warn-notice/current-public-notices-of-layoffs-and-closures,aa98e73a0cb205bd3c88e78a53ebdbc507e9ced78b55122db535bec0,3a06d7fadda2a25135bead26fbf47de53fd87522,2026-07-16,2026-07-27
OH,JCPenney,jcpenney,J. C. Penney,,,,,,,,,,,,Q920037,label,,,automatic,qid:Q920037,Richmond Heights/Cuyahoga,2017-05-25,2017-07-31,117,unknown,,0,0,1,https://jfs.ohio.gov/job-services-and-unemployment/job-services/job-programs-and-services/submit-a-warn-notice/current-public-notices-of-layoffs-and-closures,c9698ed9cb1a9858444859a1585d0e5d06190c37491498fed2c5a564,a7e1a72be0b7d2f99a4f4953b3839c0cbccdf4d5,2026-07-16,2026-07-27
OH,Kelloggs,kelloggs,,,,,,,,,,,,,,,,,,n:kelloggs,Sharonville/Hamilton,2017-05-26,2017-07-29,248,unknown,,0,0,1,https://jfs.ohio.gov/job-services-and-unemployment/job-services/job-programs-and-services/submit-a-warn-notice/current-public-notices-of-layoffs-and-closures,285d0e7319cd82ece2b13b90d4bc53ff6fb65cbbed460b378360349d,4c0aeb667490cfe523bda1874caba4048b3dd355,2026-07-16,2026-07-27
OH,Navistar Inc,navistar,International,,336,sic-crosswalk,51296,,exact,3711,Motor Vehicles & Passenger Car Bodies,,,,Q29739,cik,Traton,,automatic,qid:Q29739,Springfield/Clark,2017-06-01,2017-08-01,81,unknown,,0,0,1,https://jfs.ohio.gov/job-services-and-unemployment/job-services/job-programs-and-services/submit-a-warn-notice/current-public-notices-of-layoffs-and-closures,3b63afbabeabd5c76269c005cdc54a64c49568930c2c136572d970ac,1fa5dbf44d64fef46f28c09a2d83195488d462c3,2026-07-16,2026-07-27
OH,JLG Industries,jlg industries,,,33,sic-crosswalk,216275,,exact,3531,Construction Machinery & Equip,,,,,,,,automatic,cik:216275,Orrville/Wayne,2017-06-09,2017-08-13,110,unknown,,0,0,1,https://jfs.ohio.gov/job-services-and-unemployment/job-services/job-programs-and-services/submit-a-warn-notice/current-public-notices-of-layoffs-and-closures,befd71c7f87a427f754e7bbfb5ae9f033e9437aaaf58fc859d245454,badd1f60665f7fa75650f2110b3fe67d27156d31,2026-07-16,2026-07-27
OH,Quaker Manufacturing Corp.,quaker manufacturing,"QUAKER MANUFACTURING, LLC",,311230,employer,,,,,,,,549300RCHRRYDRL8WF56,,,QUAKER OATS CO,81371,automatic,lei:549300RCHRRYDRL8WF56,Salem/Columbiana,2017-06-09,2017-06-20,115,unknown,,0,0,1,https://jfs.ohio.gov/job-services-and-unemployment/job-services/job-programs-and-services/submit-a-warn-notice/current-public-notices-of-layoffs-and-closures,71833ca05f6b65b8ffa6b6c9c5681152695868df9acbf0165fd05b08,2e1d19f0bfe9e06c0da85c5b7cac5fd624ca2006,2026-07-16,2026-07-27
OH,"T and W Forge, LLC",t and w forge,,,,,,,,,,,,,,,,,,n:t and w forge,Alliance/Stark,2017-06-13,2017-09-15,37,unknown,,0,0,1,https://jfs.ohio.gov/job-services-and-unemployment/job-services/job-programs-and-services/submit-a-warn-notice/current-public-notices-of-layoffs-and-closures,beb29368140381f9a0963a8c9651c63f530820085591c020467707dc,ba97d6e21529754c514bebef781b2c9d54f8c215,2026-07-16,2026-07-27
OH,HealthSpan Partners,healthspan partners,HEALTHSPAN PARTNERS,,62,ntee,,,,,,463055925,E70,,,,,,automatic,ein:463055925,Cleveland/Cuyahoga,2017-06-27,2017-08-25,2,unknown,,0,0,1,https://jfs.ohio.gov/job-services-and-unemployment/job-services/job-programs-and-services/submit-a-warn-notice/current-public-notices-of-layoffs-and-closures,c5bd2805df656b9f7e562deb3f3a095539bcb42933a2568a7e69f676,36f261be9e0d82ee9b7b59a4429b1bea3c2e6fb3,2026-07-16,2026-07-27
OH,Cox Media Group Ohio,cox media group ohio,,,,,,,,,,,,,,,,,,n:cox media group ohio,Franklin/Warren,2017-07-07,2017-09-29,128,unknown,,0,0,1,https://jfs.ohio.gov/job-services-and-unemployment/job-services/job-programs-and-services/submit-a-warn-notice/current-public-notices-of-layoffs-and-closures,62a4aedc5bedbc24d4019c1c52666d44a0290568df62400750e443c0,68ef69809cf4608485f70979f8b962f90f5b3deb,2026-07-16,2026-07-27
OH,Formed Fiber Technologies,formed fiber technologies,,,,,,,,,,,,,,,,,,n:formed fiber technologies,Sidney/Shelby,2017-07-11,2017-09-29,27,unknown,,0,0,1,https://jfs.ohio.gov/job-services-and-unemployment/job-services/job-programs-and-services/submit-a-warn-notice/current-public-notices-of-layoffs-and-closures,e8b062f25267933c86c7af0a48ce323804d4aa63b90f53dfec250696,de4a657d9f30d06febce1732ece0a0b3428cdf8d,2026-07-16,2026-07-27
OH,Parker Hannifin Industrial Gas Filtration Generation Division,parker hannifin industrial gas filtration generation division,,,,,,,,,,,,,,,,,,n:parker hannifin industrial gas filtration generation division,Cincinnati/Hamilton,2017-07-13,2017-09-30,62,unknown,,0,0,1,https://jfs.ohio.gov/job-services-and-unemployment/job-services/job-programs-and-services/submit-a-warn-notice/current-public-notices-of-layoffs-and-closures,944d916a60755a167d59495c467ea1f44e67571cf4e1752072374c2b,9a5236f16947aee60377e76bd4ebe9a93c3bda3c,2026-07-16,2026-07-27
OH,"The Andersons Inc. Mower Center, Retail Group",andersons inc mower center retail group,,,,,,,,,,,,,,,,,,n:andersons inc mower center retail group,Maumee/Lucas,2017-07-14,2017-09-12,28,unknown,,0,0,1,https://jfs.ohio.gov/job-services-and-unemployment/job-services/job-programs-and-services/submit-a-warn-notice/current-public-notices-of-layoffs-and-closures,6646676ad9611a5d7930cac02b71e832cc0226395abba9b0da148639,f125e0fc2b4d272112a5dbd1c961807b55a56300,2026-07-16,2026-07-27
OH,Kmart Store 03302,kmart store 03302,,,,,,,,,,,,,,,,,,n:kmart store 03302,Toledo/Lucas,2017-07-17,2017-09-24,76,unknown,,0,0,1,https://jfs.ohio.gov/job-services-and-unemployment/job-services/job-programs-and-services/submit-a-warn-notice/current-public-notices-of-layoffs-and-closures,a53f211182e342bc8e27c1191f178d7146f699c70bf1aba20c20f49e,85380ffd3c918f005abe671f066791910f50191d,2026-07-16,2026-07-27
OH,Kmart Store 04179,kmart store 04179,,,,,,,,,,,,,,,,,,n:kmart store 04179,Dayton/Greene,2017-07-17,2017-09-24,73,unknown,,0,0,1,https://jfs.ohio.gov/job-services-and-unemployment/job-services/job-programs-and-services/submit-a-warn-notice/current-public-notices-of-layoffs-and-closures,feef61e715592c3af8e77278906bab85ab9b232742dc06b25c343d07,86f7bd18d1ecdcef9f40c337acfe4d49b0d5a219,2026-07-16,2026-07-27
OH,DHL Supply Chain,dhl supply chain,,,,,,,,,,,,,,,,,,n:dhl supply chain,Englewood/Montgomery,2017-07-18,2017-09-18,85,unknown,,0,0,1,https://jfs.ohio.gov/job-services-and-unemployment/job-services/job-programs-and-services/submit-a-warn-notice/current-public-notices-of-layoffs-and-closures,3e99fefbabdd55f4b2605290b8da5462fe258ce5c5a9452395ae816a,7d17bc0fcef3472748f69e3a0bacacba28d9f759,2026-07-16,2026-07-27
OH,Kindred Hospital Central Ohio,kindred hospital central ohio,,,,,,,,,,,,,,,,,,n:kindred hospital central ohio,Mansfield/Richland,2017-07-27,2017-09-30,111,unknown,,0,0,1,https://jfs.ohio.gov/job-services-and-unemployment/job-services/job-programs-and-services/submit-a-warn-notice/current-public-notices-of-layoffs-and-closures,d9cf37176260e5ce4377cf5baf79c30c2d74db6ae425d3e5ab6cbe34,e13e7d3576c4dda8f738340775aa056ae2f5d301,2026-07-16,2026-07-27
OH,Maggiano's Little Italy,maggiano s little italy,,,,,,,,,,,,,,,,,,n:maggiano s little italy,Beachwood/Cuyahoga,2017-07-27,2017-09-27,123,unknown,,0,0,1,https://jfs.ohio.gov/job-services-and-unemployment/job-services/job-programs-and-services/submit-a-warn-notice/current-public-notices-of-layoffs-and-closures,0403ddf967047b69dadbde7043aeff6f736fd4af2d05fccb2ec119c4,c6172268aba8f27e21ce36afd55cd7176cfed261,2026-07-16,2026-07-27
OH,MCM Electronics Inc,mcm electronics,,,,,,,,,,,,,,,,,,n:mcm electronics,Centerville/Montgomery,2017-07-28,2017-09-30,93,unknown,,0,0,1,https://jfs.ohio.gov/job-services-and-unemployment/job-services/job-programs-and-services/submit-a-warn-notice/current-public-notices-of-layoffs-and-closures,47a033c048a003cf3b5ea4f37cfb01d8006d1aa0d777e2992d400f5a,bb8a079f96a5422f1a5513fa416ebc959e1d2c37,2026-07-16,2026-07-27
OH,New York Community Bancorp Inc.,new york community bancorp,Flagstar Financial,,52212,sic-crosswalk,910073,FLG,exact,6036,"Savings Institutions, Not Federally Chartered",,,,Q6517792,cik,,,automatic,qid:Q6517792,Columbus/Franklin,2017-07-31,2017-09-29,363,unknown,,0,0,1,https://jfs.ohio.gov/job-services-and-unemployment/job-services/job-programs-and-services/submit-a-warn-notice/current-public-notices-of-layoffs-and-closures,a1be48417194e1945ccc66a37b7bf802c756e3eb48f9115a42d796a9,27fe78b5af580f7ea7d06a00fa54b29b4ceb6561,2026-07-16,2026-07-27
OH,New York Community Bancorp Inc.,new york community bancorp,Flagstar Financial,,52212,sic-crosswalk,910073,FLG,exact,6036,"Savings Institutions, Not Federally Chartered",,,,Q6517792,cik,,,automatic,qid:Q6517792,Cleveland/Cuyahoga,2017-07-31,2017-09-29,210,unknown,,0,0,1,https://jfs.ohio.gov/job-services-and-unemployment/job-services/job-programs-and-services/submit-a-warn-notice/current-public-notices-of-layoffs-and-closures,3373d04839cec01e137768da9956c5352e9806b85802cf24dbcf41bb,4c6acff78a70cf281aade5a83f9a31d39ed7ccf3,2026-07-16,2026-07-27
OH,New York Community Bancorp Inc.,new york community bancorp,Flagstar Financial,,52212,sic-crosswalk,910073,FLG,exact,6036,"Savings Institutions, Not Federally Chartered",,,,Q6517792,cik,,,automatic,qid:Q6517792,Brooklyn/Cuyahoga,2017-07-31,2017-09-29,14,unknown,,0,0,1,https://jfs.ohio.gov/job-services-and-unemployment/job-services/job-programs-and-services/submit-a-warn-notice/current-public-notices-of-layoffs-and-closures,17408118a2106f6eedb3e7813a32ee7132e0c2e9efa6bba47ac35219,64368928b0d5bf98bba4a5bfdb67faeddbbcf5fd,2026-07-16,2026-07-27
OH,dlhBOWLES,dlhbowles,"dlhBowles, Inc.",,,,,,,,,,,,Q138574737,label,,,automatic,qid:Q138574737,Carrollton/Carroll,2017-08-09,,94,unknown,,0,0,1,https://jfs.ohio.gov/job-services-and-unemployment/job-services/job-programs-and-services/submit-a-warn-notice/current-public-notices-of-layoffs-and-closures,3e9fc932ad8207cefe93bd18f525e00c0bc252a976bbe5f8411b9ad9,b01b653c90e9701dee7e440ffff17d66363aa8d2,2026-07-16,2026-07-27
OH,dlhBOWLES,dlhbowles,"dlhBowles, Inc.",,,,,,,,,,,,Q138574737,label,,,automatic,qid:Q138574737,Toledo/Lucas,2017-08-09,,265,unknown,,0,0,1,https://jfs.ohio.gov/job-services-and-unemployment/job-services/job-programs-and-services/submit-a-warn-notice/current-public-notices-of-layoffs-and-closures,4591601181773f3cb9b85c536e0432538e137d718fdfa6e9acf85972,f975de344dd88c7f068e6c268b6025ee598382f1,2026-07-16,2026-07-27
OH,Demag Cranes & Components Corp,demag cranes components,,,,,,,,,,,,,,,,,,n:demag cranes components,West Chester/Hamilton,2017-08-25,2017-10-20,31,unknown,,0,0,1,https://jfs.ohio.gov/job-services-and-unemployment/job-services/job-programs-and-services/submit-a-warn-notice/current-public-notices-of-layoffs-and-closures,08cbb209dfb8fb2d82fbf2f509721656eb8e4957e6866a44ef4ee83a,3ac6277241afd2b0ab3037cd2b8e489d86a4b80b,2026-07-16,2026-07-27
OH,Demag Cranes & Components Corp,demag cranes components,,,,,,,,,,,,,,,,,,n:demag cranes components,Solon/Cuyahoga,2017-08-25,2017-10-20,91,unknown,,0,0,1,https://jfs.ohio.gov/job-services-and-unemployment/job-services/job-programs-and-services/submit-a-warn-notice/current-public-notices-of-layoffs-and-closures,5650dfe9ff585074d292c4ca19a45e92709b479d2d2e76ac28ee2d66,84c6e0a8703d0e1c09e6508f5787c0877d63f0fb,2026-07-16,2026-07-27
OH,BWAY Corporation,bway,,,,,,,,,,,,,,,,,,n:bway,Hubbard/Trumbull,2017-09-05,2017-11-01,55,unknown,,0,0,1,https://jfs.ohio.gov/job-services-and-unemployment/job-services/job-programs-and-services/submit-a-warn-notice/current-public-notices-of-layoffs-and-closures,1a743f7219adbd112c57a6414a8eefebc2816e455e870dc7d94d0689,814b7039b91c3b7d706b4b1b2999ce3240e76cb9,2026-07-16,2026-07-27
OH,Data Cooling Technologies LLC,data cooling technologies,,,,,,,,,,,,,,,,,,n:data cooling technologies,Streetsboro/Portage,2017-09-06,2017-09-05,125,unknown,,0,0,1,https://jfs.ohio.gov/job-services-and-unemployment/job-services/job-programs-and-services/submit-a-warn-notice/current-public-notices-of-layoffs-and-closures,05678e22ebf9a355fd60799d41d8786d7564ad2cb1f3564605c1a65e,4af14dc73dea827fa3592f39a96a428f5f9a7540,2026-07-16,2026-07-27
OH,Peoples Bank-National Mortgage Business Division,peoples bank national mortgage business division,,,,,,,,,,,,,,,,,,n:peoples bank national mortgage business division,Westerville/Franklin,2017-09-19,2017-10-31,31,unknown,,0,0,1,https://jfs.ohio.gov/job-services-and-unemployment/job-services/job-programs-and-services/submit-a-warn-notice/current-public-notices-of-layoffs-and-closures,1d19f7a7c76eb6a45ca5c114445435a720b30642dc51300f5d455cad,aea846ca7dca28a36bf33942fad9012b6c6902a2,2026-07-16,2026-07-27
OH,Livingston Care Center,livingston care center,,,,,,,,,,,,,,,,,,n:livingston care center,Dayton/Montgomery,2017-09-26,,49,unknown,,0,0,1,https://jfs.ohio.gov/job-services-and-unemployment/job-services/job-programs-and-services/submit-a-warn-notice/current-public-notices-of-layoffs-and-closures,c383d849bc91501edbe652a2241b5403fddc8740ecf04af5b2f45f89,4eccf66872bcc545544dacbd7cb0aa810151002d,2026-07-16,2026-07-27
OH,M and G Polymers USA LLC,m and g polymers usa,,,,,,,,,,,,,,,,,,n:m and g polymers usa,Sharon Center/Medina,2017-09-26,2017-11-20,,unknown,,0,0,1,https://jfs.ohio.gov/job-services-and-unemployment/job-services/job-programs-and-services/submit-a-warn-notice/current-public-notices-of-layoffs-and-closures,c97f3e71fc28aac89df16092363c5bbc0036c199786f966f08097a91,290a8050b2e100c99a1242ddc6b09b08bfce862e,2026-07-16,2026-07-27
OH,JLG Industries Manufacturing Operations,jlg industries manufacturing operations,,,,,,,,,,,,,,,,,,n:jlg industries manufacturing operations,Orrville/Wayne,2017-09-28,2017-09-30,157,unknown,,0,0,1,https://jfs.ohio.gov/job-services-and-unemployment/job-services/job-programs-and-services/submit-a-warn-notice/current-public-notices-of-layoffs-and-closures,b0f66c460f0c9d00221caa78bb05aa13326ce65a8e4f405c2d6c4e1d,bf8b749b1cb5027a671e966f002169efe9e7a092,2026-07-16,2026-07-27
OH,Faurecia Clean Mobility Toledo Customer Center,faurecia clean mobility toledo customer center,,,,,,,,,,,,,,,,,,n:faurecia clean mobility toledo customer center,Toledo/Lucas,2017-10-02,2017-12-31,8,unknown,,0,0,1,https://jfs.ohio.gov/job-services-and-unemployment/job-services/job-programs-and-services/submit-a-warn-notice/current-public-notices-of-layoffs-and-closures,7a4fd95e8bd520573d278d0175860b23e0bd13397c70b88034f90fed,d38ec6e4cfec3315cf65d6327003c03d2272d8f9,2026-07-16,2026-07-27
OH,Spartech LLC,spartech,,,325211,employer,77597,,exact:post-era,3080,Miscellaneous Plastics Products,,,,,,,,automatic,cik:77597,Greenville/Darke,2017-10-05,2017-12-06,57,unknown,,0,0,1,https://jfs.ohio.gov/job-services-and-unemployment/job-services/job-programs-and-services/submit-a-warn-notice/current-public-notices-of-layoffs-and-closures,51081dea2011d79dd463b1b4f334ae9bb1a4ff1e43143243361f4a0d,a3c7ce6ac895219ef8372cf2d22ff9788237a718,2026-07-16,2026-07-27
OH,HealthSpan Partners,healthspan partners,HEALTHSPAN PARTNERS,,62,ntee,,,,,,463055925,E70,,,,,,automatic,ein:463055925,Cleveland/Cuyahoga,2017-10-24,2017-12-29,12,unknown,,0,0,1,https://jfs.ohio.gov/job-services-and-unemployment/job-services/job-programs-and-services/submit-a-warn-notice/current-public-notices-of-layoffs-and-closures,cc472721ee2a5a276c53948f0e3e2ee363d1ef2df0f05b0951011ec2,731f71dd7e3f8bf7a8349f5197bc1296b9cd6a18,2026-07-16,2026-07-27
OH,FCA Transport LLC,fca transport,,,,,,,,,,,,,,,,,,n:fca transport,Toledo/Lucas,2017-10-25,2018-01-02,83,unknown,,0,0,1,https://jfs.ohio.gov/job-services-and-unemployment/job-services/job-programs-and-services/submit-a-warn-notice/current-public-notices-of-layoffs-and-closures,d406247de81d69b174001764ce3b9bb350f8918ff145dc2d47353013,6085990e0667186da6cac312ddc2aed90210504b,2026-07-16,2026-07-27
OH,American Signature Inc.,american signature,,,423220,employer,,,,,,,,,,,,,,n:american signature,Columbus/Franklin,2017-10-26,2017-12-02,13,unknown,,0,0,1,https://jfs.ohio.gov/job-services-and-unemployment/job-services/job-programs-and-services/submit-a-warn-notice/current-public-notices-of-layoffs-and-closures,5b27325272cd6bae302230810b903441377596d84502a219569efb1e,6a594610b24145ca0f53a49db9ac52360f103865,2026-07-16,2026-07-27
OH,American Signature Inc.,american signature,,,423220,employer,,,,,,,,,,,,,,n:american signature,Mineral Ridge/Trumbull,2017-10-26,2017-12-02,111,unknown,,0,0,1,https://jfs.ohio.gov/job-services-and-unemployment/job-services/job-programs-and-services/submit-a-warn-notice/current-public-notices-of-layoffs-and-closures,2fd28627e54292c7649faf84b2bb96ccdf00a6138d5564d2e0efc0fd,ede6da2d214f60f41390032835325acd40bee718,2026-07-16,2026-07-27
OH,X-spine Systems Inc.,x spine systems,,,,,,,,,,,,,,,"Xtant Medical Holdings, Inc.",1453593,,n:x spine systems,Miamisburg/Montgomery,2017-10-27,2017-12-02,54,unknown,,0,0,1,https://jfs.ohio.gov/job-services-and-unemployment/job-services/job-programs-and-services/submit-a-warn-notice/current-public-notices-of-layoffs-and-closures,0ca0f69986955d3edb0466d6042404ffa11ae8741e32c512af91e4e5,a66222f69a96d120cff1d657f73c6b903015b53f,2026-07-16,2026-07-27
OH,TMS International LLC,tms international,,,,,1491501,,exact:post-era,3310,"Steel Works, Blast Furnaces & Rolling & Finishing Mills",,,,,,,,automatic,cik:1491501,Middletown/Butler,2017-10-31,2018-01-01,99,unknown,,0,0,1,https://jfs.ohio.gov/job-services-and-unemployment/job-services/job-programs-and-services/submit-a-warn-notice/current-public-notices-of-layoffs-and-closures,c2e27591f039d24fc28bc3119bddd27f7590719430474cf60392596e,2bf1b101620ab085a6413da91ac94426d81cb40c,2026-07-16,2026-07-27
OH,"Sodexo, Inc",sodexo,Sodexo,,,,1169715,,exact,8741,Services-Management Services,,,,Q1475554,label,,,automatic,qid:Q1475554,Cleveland/Cuyahoga,2017-11-02,2017-12-31,30,unknown,,0,0,1,https://jfs.ohio.gov/job-services-and-unemployment/job-services/job-programs-and-services/submit-a-warn-notice/current-public-notices-of-layoffs-and-closures,cca419f6391ba2ae3fce205c18296f4f10d093453d9eeff40977a9b9,048a2313ed43d2e425fef41ac0fa5c9583c2533f,2026-07-16,2026-07-27
OH,Zenith Education Group,zenith education group,Educational Credit Management Corporation,,61,employer,,,,,,,,,Q22032281,label,,,automatic,qid:Q22032281,Columbus/Franklin,2017-11-08,2018-01-08,31,unknown,,0,0,1,https://jfs.ohio.gov/job-services-and-unemployment/job-services/job-programs-and-services/submit-a-warn-notice/current-public-notices-of-layoffs-and-closures,f618e4c8ae41f929ca6cc34aa9370352f9e92c41ee2e34237109b68a,73c8ff2f665db14eba0856988dbb99e70df74177,2026-07-16,2026-07-27
OH,CGI Federal Inc.,cgi federal,,,518210,employer,,,,,,,,,,,,,,n:cgi federal,Cleveland/Cuyahoga,2017-11-15,2018-01-08,64,unknown,,0,0,1,https://jfs.ohio.gov/job-services-and-unemployment/job-services/job-programs-and-services/submit-a-warn-notice/current-public-notices-of-layoffs-and-closures,15f29052c634a59905620a342be102d2cc37d7c84ef5807d8461cae0,1cb73dfb7f013f4a8215e8ed76cf99d70a185f04,2026-07-16,2026-07-27
OH,Kmart Store 03589,kmart store 03589,,,,,,,,,,,,,,,,,,n:kmart store 03589,Cleveland/Cuyahoga,2017-11-15,2018-01-21,69,unknown,,0,0,1,https://jfs.ohio.gov/job-services-and-unemployment/job-services/job-programs-and-services/submit-a-warn-notice/current-public-notices-of-layoffs-and-closures,f9be751fb5c3e7381f3ccd3fe7fec41b59e08f7a86093a7aa47e7c5f,1cffbc474b74ccdc49386ea188d4c86bfe0043dc,2026-07-16,2026-07-27
OH,"Quad/Graphics, Inc.",quad graphics,Quad,,,,1481792,QUAD,exact,2750,Commercial Printing,,,,Q7268255,cik,,,automatic,qid:Q7268255,Columbus/Franklin,2017-11-15,2017-12-08,116,unknown,,0,0,1,https://jfs.ohio.gov/job-services-and-unemployment/job-services/job-programs-and-services/submit-a-warn-notice/current-public-notices-of-layoffs-and-closures,14787b53d74332dbe81a6d7d4a42d72ac6012d07458cdcffe9b03eb2,2b0ed3e9c60e80a1e9a1300cc3bd897135c9a652,2026-07-16,2026-07-27
OH,Fram Group Operations LLC Autolite Spark Plug Plant,fram group operations llc autolite spark plug plant,,,,,,,,,,,,,,,,,,n:fram group operations llc autolite spark plug plant,Fostoria/Seneca,2017-12-04,2018-01-31,62,unknown,,0,0,1,https://jfs.ohio.gov/job-services-and-unemployment/job-services/job-programs-and-services/submit-a-warn-notice/current-public-notices-of-layoffs-and-closures,ca1930e4cd1379e942cde633f2b60ea1d1c88cd097ff9a0605445d6f,dc9847bc6f749e0b3233bcbf85a60190a0e56aaa,2026-07-16,2026-07-27
OH,"New Avon, LLC",new avon,,,,,,,,,,,,,,,,,,n:new avon,Springdale/Hamilton,2017-12-05,2018-02-05,55,unknown,,0,0,1,https://jfs.ohio.gov/job-services-and-unemployment/job-services/job-programs-and-services/submit-a-warn-notice/current-public-notices-of-layoffs-and-closures,4cdd12e53b6933088a49da665e89e2f66d6507e47f430a59e683f0b8,2b7333ef17c888fc2aeaeba13ac29cdf01a6d8a0,2026-07-16,2026-07-27
OH,"Technical Consumer Products, Inc.",technical consumer products,,,,,1156965,,exact:post-era,3640,Electric Lighting & Wiring Equipment,,,,,,,,automatic,cik:1156965,Aurora/Portage,2017-12-15,2018-02-11,34,unknown,,0,0,1,https://jfs.ohio.gov/job-services-and-unemployment/job-services/job-programs-and-services/submit-a-warn-notice/current-public-notices-of-layoffs-and-closures,3899eb593d095d3c83ce72a770bb2074bfb89e7f32217d35a2ddd23c,76c71f185f830d141a66914e1145e6d9276953f9,2026-07-16,2026-07-27
OH,Licking County Transit Operation,licking county transit operation,,,,,,,,,,,,,,,,,,n:licking county transit operation,Newark/Licking,2017-12-18,2018-01-01,48,unknown,,0,0,1,https://jfs.ohio.gov/job-services-and-unemployment/job-services/job-programs-and-services/submit-a-warn-notice/current-public-notices-of-layoffs-and-closures,78827143da9828167eaf12f527680c5363a944d3025551d27ea44f0c,5f48fcb4c0c4c634a0f08d48f112ad27bdd1cd8d,2026-07-16,2026-07-27
OH,Union Metal Corporation,union metal,,,,,,,,,,,,,,,,,,n:union metal,Springboro/Warren,2017-12-20,2017-12-11,,unknown,,0,0,1,https://jfs.ohio.gov/job-services-and-unemployment/job-services/job-programs-and-services/submit-a-warn-notice/current-public-notices-of-layoffs-and-closures,d1a49ea6a637a9bae41deb5a91de09f9a06e37fc4c6a678c921cd7e5,cf1333eb2466c8368eae9b69ebba1f989d635fdd,2026-07-16,2026-07-27
OH,Union Metal Corporation,union metal,,,,,,,,,,,,,,,,,,n:union metal,Canton/Stark,2017-12-20,2017-12-11,339,unknown,,0,0,1,https://jfs.ohio.gov/job-services-and-unemployment/job-services/job-programs-and-services/submit-a-warn-notice/current-public-notices-of-layoffs-and-closures,8fd41ad5eb0a5d93a64a48cbc025f51e812e282a8082e7795f95d045,e128add53b5333acc94f4f7093fee6f0921cee59,2026-07-16,2026-07-27
OH,"Fremont Plastic Products, Inc.",fremont plastic products,,,,,,,,,,,,,,,,,,n:fremont plastic products,Fremont/Sandusky,2018-01-04,2018-03-05,185,unknown,,0,0,1,https://jfs.ohio.gov/job-services-and-unemployment/job-services/job-programs-and-services/submit-a-warn-notice/current-public-notices-of-layoffs-and-closures,1d479354eabbe503b97b62f8b1be1f383c9b081746b545b7fde13431,7d31e2028da81062ede9dcf68791974c468e09a8,2026-07-16,2026-07-27
OH,Affinity Medical Center,affinity medical center,,,,,,,,,,,,,,,,,,n:affinity medical center,Massillon/Stark,2018-01-05,2018-03-06,692,unknown,,0,0,1,https://jfs.ohio.gov/job-services-and-unemployment/job-services/job-programs-and-services/submit-a-warn-notice/current-public-notices-of-layoffs-and-closures,f2d1cd0e7dae1dfd3c0ad562c969964b5491faa183964cfda860252d,eb0d3f28112d79741f1df6d9ffe36adf5a2330f3,2026-07-16,2026-07-27
OH,Doctor's Hospital Physician Services,doctor s hospital physician services,,,,,,,,,,,,,,,,,,n:doctor s hospital physician services,Massillon/Stark,2018-01-05,2018-03-07,116,unknown,,0,0,1,https://jfs.ohio.gov/job-services-and-unemployment/job-services/job-programs-and-services/submit-a-warn-notice/current-public-notices-of-layoffs-and-closures,a475bc4fef71a888e7cbc4f8b8343f1cb2737b2c4f3b0e4f0c10d1b9,693b1dd974a1d19c5979be03f9c14e70981bd408,2026-07-16,2026-07-27
OH,Kmart Store 04939,kmart store 04939,,,,,,,,,,,,,,,,,,n:kmart store 04939,Warren/Trumbull,2018-01-10,2018-04-08,133,unknown,,0,0,1,https://jfs.ohio.gov/job-services-and-unemployment/job-services/job-programs-and-services/submit-a-warn-notice/current-public-notices-of-layoffs-and-closures,f1e7399ea9df73e7f3b4a6b7dfd954450187838ba97798cefe010cbf,f6df80c7f221f39f87bfc34efeede0e88b09be3b,2026-07-16,2026-07-27
OH,Macy's,macy s,"Macy's, Inc.",,45211,sic-crosswalk,794367,M,exact,5311,Retail-Department Stores,,,,Q5479360,cik,,,automatic,qid:Q5479360,Cincinnati/Hamilton,2018-01-10,2018-03-18,104,unknown,,0,0,1,https://jfs.ohio.gov/job-services-and-unemployment/job-services/job-programs-and-services/submit-a-warn-notice/current-public-notices-of-layoffs-and-closures,14a86938dd24dbcb99955a6a1d4bb03df54f85974849cbc7c2d3af48,888d7aa26e7b274daa3d1ffdd6b2ea8974a42370,2026-07-16,2026-07-27
OH,Sam's Club 6544,sam s club 6544,,,,,,,,,,,,,,,,,,n:sam s club 6544,Loveland/Clermont,2018-01-11,2018-03-16,142,unknown,,0,0,1,https://jfs.ohio.gov/job-services-and-unemployment/job-services/job-programs-and-services/submit-a-warn-notice/current-public-notices-of-layoffs-and-closures,39b9934cd6d3bd836c4dfac767bb11f7d7e01c37129839dedce26216,1befe6a6675fc071790268f627dc33a8140987a3,2026-07-16,2026-07-27
OH,Sam's Club 8131,sam s club 8131,,,,,,,,,,,,,,,,,,n:sam s club 8131,Cincinnati/Hamilton,2018-01-11,2018-03-16,143,unknown,,0,0,1,https://jfs.ohio.gov/job-services-and-unemployment/job-services/job-programs-and-services/submit-a-warn-notice/current-public-notices-of-layoffs-and-closures,e3df38db5fc478b5683fb70e7b8d3461df4bbe8ffa2d293eb7a6a613,ff5aceb536e1922a54e231d17440ab933baddb45,2026-07-16,2026-07-27
OH,DHL Supply Chain,dhl supply chain,,,,,,,,,,,,,,,,,,n:dhl supply chain,Lima/Allen,2018-01-17,2018-03-12,229,unknown,,0,0,1,https://jfs.ohio.gov/job-services-and-unemployment/job-services/job-programs-and-services/submit-a-warn-notice/current-public-notices-of-layoffs-and-closures,1ebd2b173258c936158a4f9ea7dfb07a63525da0ecdb6576c9797b63,df94b7057b2524b1816d9571ff169395524746b9,2026-07-16,2026-07-27
OH,Dover Business Services,dover business services,,,,,,,,,,,,,,,,,,n:dover business services,Hamilton/Butler,2018-01-17,2018-04-20,48,unknown,,0,0,1,https://jfs.ohio.gov/job-services-and-unemployment/job-services/job-programs-and-services/submit-a-warn-notice/current-public-notices-of-layoffs-and-closures,4494b7b7d95e8b356ab94f1303c7024865d3ac5df4eb4368877360b7,49881f075cc086138a9c99a96db8d7c92791eb0d,2026-07-16,2026-07-27
OH,Kmart Store 03555,kmart store 03555,,,,,,,,,,,,,,,,,,n:kmart store 03555,Cambridge/Guernsey,2018-01-19,2018-04-08,88,unknown,,0,0,1,https://jfs.ohio.gov/job-services-and-unemployment/job-services/job-programs-and-services/submit-a-warn-notice/current-public-notices-of-layoffs-and-closures,d38d6e4b11fbd0566f803f94da3527bd6cd9c38c7a79d44deb1cb179,33c527ee5f250e3c4e30654463ff5fce8774b819,2026-07-16,2026-07-27
OH,Mobis North America LLC,mobis north america,,,,,,,,,,,,,,,,,,n:mobis north america,Toledo/Lucas,2018-01-25,2018-04-07,572,unknown,,0,0,1,https://jfs.ohio.gov/job-services-and-unemployment/job-services/job-programs-and-services/submit-a-warn-notice/current-public-notices-of-layoffs-and-closures,3a1eb43a490db005994bf4a64ebe6a99e808c8903489ef5034a3fd91,743cda5772f03b6d374c2db70821b1eda08605c0,2026-07-16,2026-07-27
OH,Rambus Inc.,rambus,Rambus,,334413,sic-crosswalk,917273,RMBS,exact,3674,Semiconductors & Related Devices,,,,Q1196745,cik,,,automatic,qid:Q1196745,Brecksville/Cuyahoga,2018-01-30,2018-02-05,52,unknown,,0,0,1,https://jfs.ohio.gov/job-services-and-unemployment/job-services/job-programs-and-services/submit-a-warn-notice/current-public-notices-of-layoffs-and-closures,f834d1e3109abc0e98c584be4b688fceb707271f5b5259e5636589b4,f80827cf502647b45f01a4687a6058b659ebd4ed,2026-07-16,2026-07-27
OH,"Toledo Molding & Die, Inc.",toledo molding die,,,,,,,,,,,,,,,,,,n:toledo molding die,Toledo/Lucas,2018-01-30,2018-04-02,120,unknown,,0,0,1,https://jfs.ohio.gov/job-services-and-unemployment/job-services/job-programs-and-services/submit-a-warn-notice/current-public-notices-of-layoffs-and-closures,b81d93e17aecad4ef01d65c83e02d6ffaef850ab892465eb9ae66e6f,b5e335e4ebd47af3bc7746bdffc6746be0cfd2cd,2026-07-16,2026-07-27
OH,Compass Group USA,compass group usa,,,,,1317627,,fuzzy:0.95,,,,,,,,,,automatic,cik:1317627,West Chester/Butler,2018-02-01,2018-04-01,14,unknown,,0,0,1,https://jfs.ohio.gov/job-services-and-unemployment/job-services/job-programs-and-services/submit-a-warn-notice/current-public-notices-of-layoffs-and-closures,36bc56426abd631f7685677fd161de3ac477101f1f1f6654c4223d2d,32eaaca73751177b21bc80faf92d59f9c9566d7d,2026-07-16,2026-07-27
OH,Elder-Beerman (The Bon Ton Stores),elder beerman the bon ton stores,,,45211,parent-sic,,,,,,,,,,,ELDER BEERMAN STORES CORP,32020,,n:elder beerman,Defiance/Defiance,2018-02-02,,41,unknown,,0,0,1,https://jfs.ohio.gov/job-services-and-unemployment/job-services/job-programs-and-services/submit-a-warn-notice/current-public-notices-of-layoffs-and-closures,af9439034bfd327f5defd704cb3e11df2b34abb2d11d83e1b5eea2c9,dc8cb131c81fa298c2c639c4b54f1d2689a927b7,2026-07-16,2026-07-27
OH,Meggitt Aircraft Braking Systems Corporation,meggitt aircraft braking systems,,,,,,,,,,,,,,,Parker-Hannifin Corp,76334,,n:meggitt aircraft braking systems,Akron/Summit,2018-02-02,2018-03-30,5,unknown,,0,0,1,https://jfs.ohio.gov/job-services-and-unemployment/job-services/job-programs-and-services/submit-a-warn-notice/current-public-notices-of-layoffs-and-closures,f6aef2d2401e2c4f91e9149f1cd7f8e4872315b26e55f0c02d620536,3014d0013b6cf756fbc877ccbd3410f96f9c6ac0,2026-07-16,2026-07-27
OH,"Ritrama, Inc.",ritrama,,,,,,,,,,,,,,,,,,n:ritrama,Cleveland/Cuyahoga,2018-02-02,2018-04-02,48,unknown,,0,0,1,https://jfs.ohio.gov/job-services-and-unemployment/job-services/job-programs-and-services/submit-a-warn-notice/current-public-notices-of-layoffs-and-closures,a15d4f2e0847bd6414cf5f2c41d15bd7b3196ca21d6a288131bcf745,cbde3c499a1e8c57142a70b2f29b94fda36fa98d,2026-07-16,2026-07-27
OH,Dayton Power & Light,dayton power light,,,221,sic-crosswalk,27430,,exact,4931,Electric & Other Services Combined,,,,,,,,automatic,cik:27430,Dayton/Montgomery,2018-02-12,2018-04-08,56,unknown,,0,0,1,https://jfs.ohio.gov/job-services-and-unemployment/job-services/job-programs-and-services/submit-a-warn-notice/current-public-notices-of-layoffs-and-closures,9c3e2874d25884ae868f02bc1ebe995a21ede4b09d36391f8b35ee8e,37588db3eca6cc11b43a71de39b6666908328fea,2026-07-16,2026-07-27
OH,FCA US LLC,fca us,,,336,sic-crosswalk,1513153,,exact,3711,Motor Vehicles & Passenger Car Bodies,,,,,,,,automatic,cik:1513153,Toledo/Lucas,2018-02-12,2018-04-13,852,unknown,,0,0,1,https://jfs.ohio.gov/job-services-and-unemployment/job-services/job-programs-and-services/submit-a-warn-notice/current-public-notices-of-layoffs-and-closures,eb39e924a2e76fdc107c1bc44620dceae0d02dc298579f33349fe2ed,2a6792335eb3dc30a7a22415e15d51ac8b08dfd5,2026-07-16,2026-07-27
OH,KUKA Toledo Production Operations,kuka toledo production operations,"KUKA Toledo Production Operations, LLC",,,,,,,,,,,529900IWCQP2FDRSU626,,,,,automatic,lei:529900IWCQP2FDRSU626,Toledo/Lucas,2018-02-12,2018-04-13,346,unknown,,0,0,1,https://jfs.ohio.gov/job-services-and-unemployment/job-services/job-programs-and-services/submit-a-warn-notice/current-public-notices-of-layoffs-and-closures,f17f88b4dad9a7371730fb904aaf75c9a6a9bb5be7aa3a827b4679bf,f24d88ddacd07f118c555b2aadb85cb55a4c697f,2026-07-16,2026-07-27
OH,"Personal Touch Home Care of Ohio, Inc.",personal touch home care of ohio,,,,,,,,,,,,,,,,,,n:personal touch home care of ohio,Independence/Cuyahoga,2018-02-14,2018-04-20,70,unknown,,0,0,1,https://jfs.ohio.gov/job-services-and-unemployment/job-services/job-programs-and-services/submit-a-warn-notice/current-public-notices-of-layoffs-and-closures,da1fe711658414505156af69f2a793fc36b5601ef062431e05fea94b,65422c6f39cd660521ef94794f241af855accfdf,2026-07-16,2026-07-27
OH,Cardinal Health,cardinal health,Cardinal Health,,42221,sic-crosswalk,721371,CAH,exact,5122,"Wholesale-Drugs, Proprietaries & Druggists' Sundries",,,,Q902397,cik,,,automatic,qid:Q902397,Zanesville/Muskingum,2018-02-20,2018-04-20,101,unknown,,0,0,1,https://jfs.ohio.gov/job-services-and-unemployment/job-services/job-programs-and-services/submit-a-warn-notice/current-public-notices-of-layoffs-and-closures,f3f5aebe46e7f5cf3a6ef8b711b96f18c09ae928ad633e0963618811,e823626d90ba010a5f959a7dd331038208da43e8,2026-07-16,2026-07-27
OH,The Cold Heading Co.,cold heading,,,,,,,,,,,,,,,,,,n:cold heading,Cleveland/Cuyahoga,2018-02-23,2018-06-30,52,unknown,,0,0,1,https://jfs.ohio.gov/job-services-and-unemployment/job-services/job-programs-and-services/submit-a-warn-notice/current-public-notices-of-layoffs-and-closures,416f695e3baf03dd0dc9cd2d28f3bcb8c3b554b645de0d68257965db,371c54929dc3d8dcd1bfbac1a1460efc5931e44b,2026-07-16,2026-07-27
OH,"Philips Medical Systems, Inc.",philips medical systems,,,,,,,,,,,,,,,,,,n:philips medical systems,Cleveland/Cuyahoga,2018-02-26,2018-04-20,65,unknown,,0,0,1,https://jfs.ohio.gov/job-services-and-unemployment/job-services/job-programs-and-services/submit-a-warn-notice/current-public-notices-of-layoffs-and-closures,e6f7879e9c56e0c81447f1b36af5fb7c8befc46644128543d342f7dd,915b4d0cd3e055ac84e009e12c49a163538faadb,2026-07-16,2026-07-27
OH,Bobby Layman Chevrolet,bobby layman chevrolet,,,,,,,,,,,,,,,,,,n:bobby layman chevrolet,Columbus/Franklin,2018-02-28,,103,unknown,,0,0,1,https://jfs.ohio.gov/job-services-and-unemployment/job-services/job-programs-and-services/submit-a-warn-notice/current-public-notices-of-layoffs-and-closures,27ef36750fe2b66143ed061e7c84b6c634d2d42b1fe1956f3d68d5b7,43672dd4e7d98af2a988d37b851eb05d24a8afa7,2026-07-16,2026-07-27
OH,"CompuCom Systems, Inc.",compucom systems,CompuCom Systems,,,,736291,,exact:post-era,5045,Wholesale-Computers & Peripheral Equipment & Software,,,,Q56274134,label,Office Depot,,automatic,qid:Q56274134,Fairfield/Butler,2018-03-14,2018-05-15,61,unknown,,0,0,1,https://jfs.ohio.gov/job-services-and-unemployment/job-services/job-programs-and-services/submit-a-warn-notice/current-public-notices-of-layoffs-and-closures,2de764c3957ca020de4e70d639765b191399624fabb49a7e5ee5fbeb,51660a7ac46264c8ab4d57a576eb8a92735f658e,2026-07-16,2026-07-27
OH,"AES Ohio Generation, LLC (Dayton Power & Light)",aes ohio generation llc dayton power light,,,,,,,,,,,,,,,,,,n:aes ohio generation,Aberdeen/Brown,2018-03-21,2018-06-01,281,unknown,,0,0,1,https://jfs.ohio.gov/job-services-and-unemployment/job-services/job-programs-and-services/submit-a-warn-notice/current-public-notices-of-layoffs-and-closures,8accf2d6c0cac918c5f0c2062ad90e66446774eb0773bd212487628f,5cd9d5a19d7eebe6bbb8bf7daac17bac38fe24b5,2026-07-16,2026-07-27
OH,Elder-Beerman & Bon-Ton Fulfillment Center (The Bon- Ton Stores Inc),elder beerman bon ton fulfillment center the bon ton stores,,,,,,,,,,,,,,,,,,n:elder beerman bon ton fulfillment center,Dayton/Montgomery,2018-04-06,2018-06-05,122,unknown,,0,0,1,https://jfs.ohio.gov/job-services-and-unemployment/job-services/job-programs-and-services/submit-a-warn-notice/current-public-notices-of-layoffs-and-closures,9f40510b49d908af0d3c13ae3dbfd1e02e1ab3aaaccafaf836ac72d6,ce896f461ee46c628e8397a962ce612e00d7b54c,2026-07-16,2026-07-27
OH,"EBTH, Inc.",ebth,,,,,1651346,,exact,,,,,,,,,,automatic,cik:1651346,Blue Ash/Hamilton,2018-04-10,2018-06-10,203,unknown,,0,0,1,https://jfs.ohio.gov/job-services-and-unemployment/job-services/job-programs-and-services/submit-a-warn-notice/current-public-notices-of-layoffs-and-closures,6cadbadebc611205b1680cdf453eedcd84f1a5f4701df09350a94936,0153d8f2d00efe71cbba6ce8dfff7090bb93c3ac,2026-07-16,2026-07-27
OH,Express Scripts,express scripts,Express Scripts,,44611,sic-crosswalk,885721,,exact,5912,Retail-Drug Stores and Proprietary Stores,,,,Q768231,cik,The Cigna Group,,automatic,qid:Q768231,Columbus/Franklin,2018-04-10,2018-06-10,456,unknown,,0,0,1,https://jfs.ohio.gov/job-services-and-unemployment/job-services/job-programs-and-services/submit-a-warn-notice/current-public-notices-of-layoffs-and-closures,72f86181fd56c3e020ed39eb35e650c7ddfcefe816e00a1c9d379b7a,932c7d0d2cc9080a84e42d04bea1269b8779bee2,2026-07-16,2026-07-27
OH,Lordstown Seating Systems,lordstown seating systems,,,,,,,,,,,,,,,,,,n:lordstown seating systems,Warren/Trumbull,2018-04-17,2018-06-18,83,unknown,,0,0,1,https://jfs.ohio.gov/job-services-and-unemployment/job-services/job-programs-and-services/submit-a-warn-notice/current-public-notices-of-layoffs-and-closures,f157f5bf2f167a95b6b46b3fae5f36b0e50e79ad05a727d6324f9f13,1942b5e30aba18c22d6f579225749195511d44d7,2026-07-16,2026-07-27
OH,General Motors LLC,general motors,General Motors,,336,sic-crosswalk,1467858,GM,exact,3711,Motor Vehicles & Passenger Car Bodies,,,,Q81965,cik,,,automatic,qid:Q81965,Warren/Trumbull,2018-04-18,2018-06-18,1500,unknown,,0,0,1,https://jfs.ohio.gov/job-services-and-unemployment/job-services/job-programs-and-services/submit-a-warn-notice/current-public-notices-of-layoffs-and-closures,c07e0748b7bd087f859e0131431db5bbe90d62ab97e3923b19a23da8,a99454cc43f933098c4c25db2a5cd06fcb81b416,2026-07-16,2026-07-27
OH,"Aramark Campus Services, LLC - Capital University",aramark campus services llc capital university,,,,,,,,,,,,,,,,,,n:aramark campus services,Bexley/Franklin,2018-04-24,2018-05-06,75,unknown,,0,0,1,https://jfs.ohio.gov/job-services-and-unemployment/job-services/job-programs-and-services/submit-a-warn-notice/current-public-notices-of-layoffs-and-closures,fbd8045cdd1e3d1dee89dfc049b3d0b86ac33af6bef589339c35af89,6d3725f5ae71769e16b6d5cb61bb911b4fba73f7,2026-07-16,2026-07-27
OH,Comprehensive Logistics Inc,comprehensive logistics,,,484110,employer,,,,,,,,,,,,,,n:comprehensive logistics,Austintown/Mahoning,2018-04-24,2018-06-15,,unknown,,0,0,1,https://jfs.ohio.gov/job-services-and-unemployment/job-services/job-programs-and-services/submit-a-warn-notice/current-public-notices-of-layoffs-and-closures,19eb5dfb45455dabbf9a5a74d3a9e5e1754361ad43d3a4c6fc813a72,420a9ae9e14f63b0271481e3f55976f058c7d9fd,2026-07-16,2026-07-27
OH,"Philips Medical Systems, Inc.",philips medical systems,,,,,,,,,,,,,,,,,,n:philips medical systems,Cleveland/Cuyahoga,2018-04-30,2018-06-29,95,unknown,,0,0,1,https://jfs.ohio.gov/job-services-and-unemployment/job-services/job-programs-and-services/submit-a-warn-notice/current-public-notices-of-layoffs-and-closures,ed75ba3c8a90c018dff6c9b8abe37a7ddb91ab4337ae9d3eeab9bd60,410bd524ae8b5ee9206d185b1e9e09adef04790d,2026-07-16,2026-07-27
OH,US Bank,us bank,U.S. Bank NA,,,,,,,,,,,,Q138534823,label,U.S. Bancorp,,automatic,qid:Q138534823,Bedford/Cuyahoga,2018-05-10,2018-07-09,260,unknown,,0,0,1,https://jfs.ohio.gov/job-services-and-unemployment/job-services/job-programs-and-services/submit-a-warn-notice/current-public-notices-of-layoffs-and-closures,2158d072105b4d52017d52dc32344092a44798145bb06f1a20cf6012,9e508a7bfef47616a9802811a024dfa12ff1a772,2026-07-16,2026-07-27
OH,"Essity Operations Wausau, LLC",essity operations wausau,,,,,,,,,,,,,,,,,,n:essity operations wausau,Middletown/Butler,2018-05-17,2018-07-16,60,unknown,,0,0,1,https://jfs.ohio.gov/job-services-and-unemployment/job-services/job-programs-and-services/submit-a-warn-notice/current-public-notices-of-layoffs-and-closures,a00cebb8e368ff70b22da581bb677e60a712003efab59939fe80a64d,163b1e6aa2b63cc152dddcf15edfa6036f08a45a,2026-07-16,2026-07-27
OH,"Allpro Parking Ohio, LLC",allpro parking ohio,,,,,,,,,,,,,,,,,,n:allpro parking ohio,Columbus/Franklin,2018-05-18,2018-11-15,,unknown,,0,0,1,https://jfs.ohio.gov/job-services-and-unemployment/job-services/job-programs-and-services/submit-a-warn-notice/current-public-notices-of-layoffs-and-closures,dc324b79ec5d2ee57dd73a5e60b7a89bb4155b9045940ca75b996c9d,3d9dce09451873723ab3d2c6883f2f2bd6e8a333,2026-07-16,2026-07-27
OH,Texas Migrant Council (Teaching & Mentoring Communities),texas migrant council teaching mentoring communities,,,,,,,,,,,,,,,,,,n:texas migrant council,Millbury/Wood,2018-05-18,2018-05-17,8,unknown,,0,0,1,https://jfs.ohio.gov/job-services-and-unemployment/job-services/job-programs-and-services/submit-a-warn-notice/current-public-notices-of-layoffs-and-closures,687637792726659fdfef5ab716447a339f2233a0fc8f79cb19ae0e54,af0587156cc04576ce51db470e5b6a25c08dd9dd,2026-07-16,2026-07-27
OH,"OPW Fueling Components, LLC",opw fueling components,,,,,,,,,,,,,,,,,,n:opw fueling components,Hamilton/Butler,2018-05-30,2018-07-23,22,unknown,,0,0,1,https://jfs.ohio.gov/job-services-and-unemployment/job-services/job-programs-and-services/submit-a-warn-notice/current-public-notices-of-layoffs-and-closures,46ba52dfbbb3383047be4e2b7680ebd8fd54a24d33b76677c459f279,2d30234829acd2a8a88f452ef3c70dcbb91b7722,2026-07-16,2026-07-27
OH,GC Services LP,gc services,,,312229,employer,,,,,,,,,,,,,,n:gc services,Columbus/Franklin,2018-06-05,2018-08-02,123,unknown,,0,0,1,https://jfs.ohio.gov/job-services-and-unemployment/job-services/job-programs-and-services/submit-a-warn-notice/current-public-notices-of-layoffs-and-closures,f1e972c6851b5885ce03a0492b0613e216d7200bcc2ae674932a1e7c,f83a87550cfd8bbacdf42c48191e3e9cae9d318b,2026-07-16,2026-07-27
OH,"JTEKT North America Corporation / Koyo Bearings North America, LLC",jtekt north america corporation koyo bearings north america,,,,,,,,,,,,,,,,,,n:jtekt north america corporation koyo bearings north america,Westlake/Cuyahoga,2018-06-05,2018-07-27,47,unknown,,0,0,1,https://jfs.ohio.gov/job-services-and-unemployment/job-services/job-programs-and-services/submit-a-warn-notice/current-public-notices-of-layoffs-and-closures,3f1ea8f8aafd7381383883d8dd60b3ab9eed0bd0bcf3623c3c345d28,f9626fa9dfb4b075051cedd5b619391274a68993,2026-07-16,2026-07-27
OH,Teradata Corporation,teradata,Teradata,,,,816761,TDC,exact,7372,Services-Prepackaged Software,,,,Q430745,cik,,,automatic,qid:Q430745,Miamisburg/Montgomery,2018-06-06,2018-12-31,267,unknown,,0,0,1,https://jfs.ohio.gov/job-services-and-unemployment/job-services/job-programs-and-services/submit-a-warn-notice/current-public-notices-of-layoffs-and-closures,7785ab85b3733b0079057dde950f51ef914e76b70140884a2d2f2990,33a38a051a728b36f880ec90ea10ebefff6575e3,2026-07-16,2026-07-27
OH,Toys R Us / Babies R Us,toys r us babies r us,,,,,,,,,,,,,,,,,,n:toys r us babies r us,Statewide,2018-06-11,2018-06-30,1178,unknown,,0,0,1,https://jfs.ohio.gov/job-services-and-unemployment/job-services/job-programs-and-services/submit-a-warn-notice/current-public-notices-of-layoffs-and-closures,3cfcec39b882de61266650c2f89519d3cf08525dd6f7ca29cbc20b05,1be4312f12b0843920071deaf7dcf928c6b5d24f,2026-07-16,2026-07-27
OH,DHL Supply Chain,dhl supply chain,,,,,,,,,,,,,,,,,,n:dhl supply chain,Groveport/Franklin,2018-06-19,2018-07-14,260,unknown,,0,0,1,https://jfs.ohio.gov/job-services-and-unemployment/job-services/job-programs-and-services/submit-a-warn-notice/current-public-notices-of-layoffs-and-closures,c0acb4312f70cff43a1cf1307132afa05a5a1d416e1e5d9e55043f5f,c07807faa7d7cf917e54975a1817307d6a937166,2026-07-16,2026-07-27
OH,Anchor Glass Container,anchor glass container,,,,,,,,,,,,,,,,,,n:anchor glass container,Zanesville/Muskingum,2018-06-26,2018-08-31,70,unknown,,0,0,1,https://jfs.ohio.gov/job-services-and-unemployment/job-services/job-programs-and-services/submit-a-warn-notice/current-public-notices-of-layoffs-and-closures,c50173eda2806fd8f6b7071b2a58d2d17d785bdbf4de920ae5b1c33a,0cf5c3ff93bb468b5953859830c2680c321fea76,2026-07-16,2026-07-27
OH,PNC Bank Customer Care Center,pnc bank customer care center,,,,,,,,,,,,,,,,,,n:pnc bank customer care center,Columbus/Franklin,2018-07-03,2018-09-14,96,unknown,,0,0,1,https://jfs.ohio.gov/job-services-and-unemployment/job-services/job-programs-and-services/submit-a-warn-notice/current-public-notices-of-layoffs-and-closures,3eff1824d915583050153d6f2b846f93d3ae406a40cb8577e8450df3,1a52e258b916262b512aa98de682c1192f1f7742,2026-07-16,2026-07-27
OH,Siemens,siemens,,,,,940418,,exact,8880,American Depositary Receipts,,,,,,,,automatic,cik:940418,Mount Vernon/Knox,2018-07-26,2018-09-28,134,unknown,,0,0,1,https://jfs.ohio.gov/job-services-and-unemployment/job-services/job-programs-and-services/submit-a-warn-notice/current-public-notices-of-layoffs-and-closures,3810633e674cc44192e70f90a79124cf35eceab769700eb43f00c0cf,0b520a5633c681c8493079fb4d63fa8a4f61303c,2026-07-16,2026-07-27
OH,TTI Floor Care North America,tti floor care north america,,,,,,,,,,,,,,,,,,n:tti floor care north america,Glenwillow/Cuyahoga,2018-07-27,2018-09-25,75,unknown,,0,0,1,https://jfs.ohio.gov/job-services-and-unemployment/job-services/job-programs-and-services/submit-a-warn-notice/current-public-notices-of-layoffs-and-closures,960be18a70699d87c5c1e14d6975944cd9f3a72b6290e3569445c9b0,16fb162e053f8737acb310f2d38c1895e47920eb,2026-07-16,2026-07-27
OH,"HSN Improvements, LLC/HSN Catalog Services, Inc.",hsn improvements llc hsn catalog services,,,,,,,,,,,,,,,,,,n:hsn improvements llc hsn catalog services,Maple Heights/Cuyahoga,2018-08-01,2018-10-02,53,unknown,,0,0,1,https://jfs.ohio.gov/job-services-and-unemployment/job-services/job-programs-and-services/submit-a-warn-notice/current-public-notices-of-layoffs-and-closures,83a4b576d0659550c014b140e555a71b856c07cf7fdeeae656c3463f,864842fc4940b890db0d903ccbd99100001d269c,2026-07-16,2026-07-27
OH,Orbis Corporation,orbis,ORBIS Corporation,,326199,employer,1621430,,exact,4210,Trucking & Courier Services (No Air),,,,Q139921981,label,,,automatic,qid:Q139921981,Perrysburg/Wood,2018-08-01,2018-12-14,105,unknown,,0,0,1,https://jfs.ohio.gov/job-services-and-unemployment/job-services/job-programs-and-services/submit-a-warn-notice/current-public-notices-of-layoffs-and-closures,fec585d4eb22202c9d2a0452b5bccb1845d93a8abd7002781a83e1c1,d925984bcc33d189e35bae7972d1ee5f2d3b21fa,2026-07-16,2026-07-27
OH,Meggitt Aircraft Braking Systems Corporation,meggitt aircraft braking systems,,,,,,,,,,,,,,,Parker-Hannifin Corp,76334,,n:meggitt aircraft braking systems,Akron/Summit,2018-08-14,2018-10-12,6,unknown,,0,0,1,https://jfs.ohio.gov/job-services-and-unemployment/job-services/job-programs-and-services/submit-a-warn-notice/current-public-notices-of-layoffs-and-closures,29e5af780cdda4b1398daf84f01b715ad8d8ffbffee6c57025cf3c7f,36fe647f9648e2b909a0b44d46c5da05c8406bff,2026-07-16,2026-07-27
OH,Northside Regional Medical Center,northside regional medical center,,,,,,,,,,,,,,,,,,n:northside regional medical center,Youngstown/Mahoning,2018-08-15,2018-10-14,468,unknown,,0,0,1,https://jfs.ohio.gov/job-services-and-unemployment/job-services/job-programs-and-services/submit-a-warn-notice/current-public-notices-of-layoffs-and-closures,63b9c14c899d13342526c67877e3f0b3026057be05ad497649e4ab38,7922793efdc5864b92be123f68c112e886ec8121,2026-07-16,2026-07-27
OH,Northside Regional Medical Center,northside regional medical center,,,,,,,,,,,,,,,,,,n:northside regional medical center,Youngstown/Mahoning,2018-08-17,2018-10-14,,unknown,,0,0,1,https://jfs.ohio.gov/job-services-and-unemployment/job-services/job-programs-and-services/submit-a-warn-notice/current-public-notices-of-layoffs-and-closures,f6bd1b0b7cb8b372b6a9ed69c1da7dc93809a99e450af0589a3dc332,f25cee2f7e4f0f74085aecec08c383426c03aa59,2026-07-16,2026-07-27
OH,"The Children's Group, LLC",children s group,,,,,,,,,,,,,,,,,,n:children s group,Dayton/Montgomery,2018-08-27,2018-12-21,27,unknown,,0,0,1,https://jfs.ohio.gov/job-services-and-unemployment/job-services/job-programs-and-services/submit-a-warn-notice/current-public-notices-of-layoffs-and-closures,b57d5d6bf4f264f844fe54557c63a2c2c23af5eb1df9ff947c25bce3,7792284114f861d6f3b0813bbdbe1bddbe7eeb0d,2026-07-16,2026-07-27
OH,"PTC Group Holdings Corp. (Alliance Tubular Products, LLC)",ptc group holdings corp alliance tubular products,,,,,,,,,,,,,,,,,,n:ptc group holdings,Alliance/Stark,2018-09-17,,,unknown,,0,0,1,https://jfs.ohio.gov/job-services-and-unemployment/job-services/job-programs-and-services/submit-a-warn-notice/current-public-notices-of-layoffs-and-closures,1646a27127182057d68ec6eb97ce592e2c595ae465f8af96c3b816ba,45963d02551172b2480b2d093834f8725b566c07,2026-07-16,2026-07-27
OH,"Allpro Parking Ohio, LLC",allpro parking ohio,,,,,,,,,,,,,,,,,,n:allpro parking ohio,Columbus/Franklin,2018-09-18,2018-11-15,55,unknown,,0,0,1,https://jfs.ohio.gov/job-services-and-unemployment/job-services/job-programs-and-services/submit-a-warn-notice/current-public-notices-of-layoffs-and-closures,738b0b5484e6efb9e56f89779a81197c6c6fc84b4e66bf8bb9052f9b,7baa098b4941246a4db2892e460b6eafc6f21224,2026-07-16,2026-07-27
OH,MPP,mpp,,,,,,,,,,,,,,,,,,n:mpp,Solon/Cuyahoga,2018-10-02,2018-12-01,55,unknown,,0,0,1,https://jfs.ohio.gov/job-services-and-unemployment/job-services/job-programs-and-services/submit-a-warn-notice/current-public-notices-of-layoffs-and-closures,701a6c52585d21bcdd927ed316c016bd0d83c3265d9dae247c0fb49d,5e78f8a8da2fdcae787651770c6f1f8fd7529cb0,2026-07-16,2026-07-27
OH,MPP,mpp,,,,,,,,,,,,,,,,,,n:mpp,Eaton/Preble,2018-10-02,2018-12-01,37,unknown,,0,0,1,https://jfs.ohio.gov/job-services-and-unemployment/job-services/job-programs-and-services/submit-a-warn-notice/current-public-notices-of-layoffs-and-closures,15a19291cafa30720ca14318a9ac5fc2b2d8cf45e16ff684a916f7ae,842ffd703edfbac04ababe163098d114a0ad8d11,2026-07-16,2026-07-27
OH,Verizon Wireless,verizon wireless,Verizon,,5133,sic-crosswalk,1120994,,exact:post-era,4812,Radiotelephone Communications,,,,Q919641,label,Verizon,,automatic,qid:Q919641,Hilliard/Franklin,2018-10-09,2018-11-17,95,unknown,,0,0,1,https://jfs.ohio.gov/job-services-and-unemployment/job-services/job-programs-and-services/submit-a-warn-notice/current-public-notices-of-layoffs-and-closures,d4891cd83ba286ddad120d0d0e5084c956e8a642a5060563971f894d,b7e266fbbaf65f7d4ff652282b88fe65b3723af0,2026-07-16,2026-07-27
OH,Verizon Wireless,verizon wireless,Verizon,,5133,sic-crosswalk,1120994,,exact:post-era,4812,Radiotelephone Communications,,,,Q919641,label,Verizon,,automatic,qid:Q919641,Fairfield/Butler,2018-10-09,2018-11-17,129,unknown,,0,0,1,https://jfs.ohio.gov/job-services-and-unemployment/job-services/job-programs-and-services/submit-a-warn-notice/current-public-notices-of-layoffs-and-closures,d3c13bb38bf1f2178d8c0c4516e885de980957c0b2518b763a9fd5a3,d284d4050e6ac7012c874b8c50c0eda43f2a10e9,2026-07-16,2026-07-27
OH,The Cottages of Clayton,cottages of clayton,,,,,,,,,,,,,,,,,,n:cottages of clayton,Wooster/Wayne,2018-10-10,,21,unknown,,0,0,1,https://jfs.ohio.gov/job-services-and-unemployment/job-services/job-programs-and-services/submit-a-warn-notice/current-public-notices-of-layoffs-and-closures,847f0c521e60a8cb01dadf2675fca46e9bc0444516fe7c6fda89e2d8,404e68ec6329e2a5a50feef3503133dbea3499f0,2026-07-16,2026-07-27
OH,The Cottages of Clayton,cottages of clayton,,,,,,,,,,,,,,,,,,n:cottages of clayton,Dayton/Montgomery,2018-10-10,,,unknown,,0,0,1,https://jfs.ohio.gov/job-services-and-unemployment/job-services/job-programs-and-services/submit-a-warn-notice/current-public-notices-of-layoffs-and-closures,ec5328d85e321df7e4ca6b67dfcb99a5ecef4a02cc761f33c66a4043,baf457e75a757268c82cb60b47faddc4cfb3eac7,2026-07-16,2026-07-27
OH,Lordstown Seating Systems (MAGNA),lordstown seating systems magna,,,,,,,,,,,,,,,,,,n:lordstown seating systems,Warren/Trumbull,2018-10-16,2019-02-25,,unknown,,0,0,1,https://jfs.ohio.gov/job-services-and-unemployment/job-services/job-programs-and-services/submit-a-warn-notice/current-public-notices-of-layoffs-and-closures,11b5e909224284a267f1ab5f65b6bbae958f899e674a354edf3be36d,3502e33d5e93b3c63fa15aec428ccfb81fcd3b0f,2026-07-16,2026-07-27
OH,Kmart Store 04257,kmart store 04257,,,,,,,,,,,,,,,,,,n:kmart store 04257,Middleburg Heights/Cuyahoga,2018-10-18,2018-12-31,63,unknown,,0,0,1,https://jfs.ohio.gov/job-services-and-unemployment/job-services/job-programs-and-services/submit-a-warn-notice/current-public-notices-of-layoffs-and-closures,905a526f0dd1cb33451f7fb799f6f4bab1e31e9966580bd379d4b326,d2165dfe2c18d86a76502868b925d28a3cf57203,2026-07-16,2026-07-27
OH,Siemens,siemens,,,,,940418,,exact,8880,American Depositary Receipts,,,,,,,,automatic,cik:940418,Mount Vernon/Knox,2018-10-29,2018-12-28,57,unknown,,0,0,1,https://jfs.ohio.gov/job-services-and-unemployment/job-services/job-programs-and-services/submit-a-warn-notice/current-public-notices-of-layoffs-and-closures,2d822ad3d71fe1f39c357a5e518a9b6674ae8d5d49846beb320035e8,e91a427adfcae8e4056b8e194078ee7968ffcb1d,2026-07-16,2026-07-27
OH,Nationwide Mutual Insurance Company,nationwide mutual insurance,Nationwide Mutual Insurance Company,,,,315099,,exact:post-era,,,,,,Q6979886,label,,,automatic,qid:Q6979886,Canton/Stark,2018-10-31,2018-12-30,177,unknown,,0,0,1,https://jfs.ohio.gov/job-services-and-unemployment/job-services/job-programs-and-services/submit-a-warn-notice/current-public-notices-of-layoffs-and-closures,ccf8c122b55ab9d9e41cd3851f5d358b0d8b10bcd0cc0c0472b29c7f,38d8d2b79c6550c600d6e005ca92ccc0e78769c0,2026-07-16,2026-07-27
OH,"PTC Group Holdings Corp. (Alliance Tubular Products, LLC)",ptc group holdings corp alliance tubular products,,,,,,,,,,,,,,,,,,n:ptc group holdings,Alliance/Stark,2018-11-01,,,unknown,,0,0,1,https://jfs.ohio.gov/job-services-and-unemployment/job-services/job-programs-and-services/submit-a-warn-notice/current-public-notices-of-layoffs-and-closures,34cc36349c7135c13f33643206e1922e695df9687b6556dcff3c1d77,b420d7668f237befc495032479c1e5fac9ef5e08,2026-07-16,2026-07-27
OH,Mid-Town Health,mid town health,,,,,,,,,,,,,,,,,,n:mid town health,Fairfield/Butler,2018-11-02,2019-01-08,80,unknown,,0,0,1,https://jfs.ohio.gov/job-services-and-unemployment/job-services/job-programs-and-services/submit-a-warn-notice/current-public-notices-of-layoffs-and-closures,3a30408d593af4c15bc388de65048b3af2128ecb2aaf3c773b4325b8,0b94fe0a6398df6aa99a49ef070a943249e443b3,2026-07-16,2026-07-27
OH,Mid-Town Health,mid town health,,,,,,,,,,,,,,,,,,n:mid town health,Cincinnati/Hamilton,2018-11-02,2019-01-08,269,unknown,,0,0,1,https://jfs.ohio.gov/job-services-and-unemployment/job-services/job-programs-and-services/submit-a-warn-notice/current-public-notices-of-layoffs-and-closures,974829ab400080a5b4dc1d43d535f432c67c2278efd0db062757de9a,4ab722f114afbc6a9a884d530726cabd096d6cbd,2026-07-16,2026-07-27
OH,Citizens Bank,citizens bank,,,,,1831091,,suffix,,,,,,,,,,automatic,cik:1831091,Cincinnati/Hamilton,2018-11-05,2019-01-04,55,unknown,,0,0,1,https://jfs.ohio.gov/job-services-and-unemployment/job-services/job-programs-and-services/submit-a-warn-notice/current-public-notices-of-layoffs-and-closures,244d44ec7cb447eccd7f448476c4af351e30d75ae4e293ca2c1337f1,35901aaf4215cd82997a1d16e847f2d118b2140c,2026-07-16,2026-07-27
OH,G6 Hospitality LLC (Motel 6 Contact Center),g6 hospitality llc motel 6 contact center,,,,,,,,,,,,,,,,,,n:g6 hospitality,Manchester/Adams,2018-11-09,2019-01-07,89,unknown,,0,0,1,https://jfs.ohio.gov/job-services-and-unemployment/job-services/job-programs-and-services/submit-a-warn-notice/current-public-notices-of-layoffs-and-closures,1051355518d3e10f825e30b1b424a8ea13f50a1562fee47c3511dcd2,31ab7613554efd7106200a3d66c9693f9115c5db,2026-07-16,2026-07-27
OH,G6 Hospitality LLC (Motel 6 Contact Center),g6 hospitality llc motel 6 contact center,,,,,,,,,,,,,,,,,,n:g6 hospitality,Columbus/Franklin,2018-11-09,2019-01-07,150,unknown,,0,0,1,https://jfs.ohio.gov/job-services-and-unemployment/job-services/job-programs-and-services/submit-a-warn-notice/current-public-notices-of-layoffs-and-closures,b6eba9778753ab7d9e095a77874a00ffee657f56a0b8c061970e7b70,37ea849f2be4b2c1e257465eb85f357909c4a577,2026-07-16,2026-07-27
OH,Bridgeview Bank Mortgage Company,bridgeview bank mortgage,,,444120,employer,,,,,,,,,,,,,,n:bridgeview bank mortgage,Seven Hills/Cuyahoga,2018-12-10,2018-11-11,97,unknown,,0,0,1,https://jfs.ohio.gov/job-services-and-unemployment/job-services/job-programs-and-services/submit-a-warn-notice/current-public-notices-of-layoffs-and-closures,0147cd12ea129dd00ab8a6c0bc8e7e589a72b7e8c4bddc425b25b22b,212f692d61b42f713a6892f56b4c863c49a36649,2026-07-16,2026-07-27
OH,Radial South L.P.,radial south,,,,,,,,,,,,,,,,,,n:radial south,Groveport/Franklin,2018-12-12,2019-02-04,194,unknown,,0,0,1,https://jfs.ohio.gov/job-services-and-unemployment/job-services/job-programs-and-services/submit-a-warn-notice/current-public-notices-of-layoffs-and-closures,a92d79b5280bb40c27e7732aed217374723e06b5cda32a4791fb9023,0583b17af788a2b812157712ba8898e18341f619,2026-07-16,2026-07-27
OH,Radial South L.P.,radial south,,,,,,,,,,,,,,,,,,n:radial south,West Jefferson/Madison,2018-12-12,2019-02-04,330,unknown,,0,0,1,https://jfs.ohio.gov/job-services-and-unemployment/job-services/job-programs-and-services/submit-a-warn-notice/current-public-notices-of-layoffs-and-closures,80acbbb39ab2383eec9d77892f1668f704a3fd7a54b5f04298e96d5b,f783c946e05142daba5935829789bf55c70d5253,2026-07-16,2026-07-27
OH,GM Lordstown Complex,gm lordstown complex,,,,,,,,,,,,,,,,,,n:gm lordstown complex,Warren/Trumbull,2018-12-17,2019-03-11,1607,unknown,,0,0,1,https://jfs.ohio.gov/job-services-and-unemployment/job-services/job-programs-and-services/submit-a-warn-notice/current-public-notices-of-layoffs-and-closures,70d68675071c9a612ac070881b5a337ae03920446f7ec98cb62bbade,146e5642ceb062fd71366b5d270d09876e049174,2026-07-16,2026-07-27
OH,"The Children's Group, LLC",children s group,,,,,,,,,,,,,,,,,,n:children s group,Dayton/Montgomery,2018-12-20,2018-12-21,,unknown,,0,0,1,https://jfs.ohio.gov/job-services-and-unemployment/job-services/job-programs-and-services/submit-a-warn-notice/current-public-notices-of-layoffs-and-closures,94c4c80af14e7924124341eb9619a32a339c66afb4dcbefc1413c365,0a919667e3c7d57fb9e95ece5c7648cacf22e528,2026-07-16,2026-07-27
OH,Lordstown Seating Systems (MAGNA),lordstown seating systems magna,,,,,,,,,,,,,,,,,,n:lordstown seating systems,Warren/Trumbull,2018-12-27,2019-02-25,120,unknown,,0,0,1,https://jfs.ohio.gov/job-services-and-unemployment/job-services/job-programs-and-services/submit-a-warn-notice/current-public-notices-of-layoffs-and-closures,7cdbf4ddf74a288d466882b80a4e07072b3629060c4e982dd7c4cfd9,8920d06d16845d7bfa8e2824aa3983d33e314799,2026-07-16,2026-07-27
OH,"Comprehensive Logistics, Inc.(Source Providers)",comprehensive logistics inc source providers,,,484110,employer,,,,,,,,,,,,,,n:comprehensive logistics,Austintown/Mahoning,2019-01-02,2019-03-18,,unknown,,0,0,1,https://jfs.ohio.gov/job-services-and-unemployment/job-services/job-programs-and-services/submit-a-warn-notice/current-public-notices-of-layoffs-and-closures,4ab11986346fc48d127ad45f910a907f11067f8bdbe08b554a4935ca,f8bac55ed659b695729722132794d5e63857a974,2026-07-16,2026-07-27
OH,ICONEX,iconex,,,32212,parent-sic,,,,,,,,,,,Domtar CORP,1381531,,n:iconex,West Chester Township/Butler,2019-01-03,2019-03-03,67,unknown,,0,0,1,https://jfs.ohio.gov/job-services-and-unemployment/job-services/job-programs-and-services/submit-a-warn-notice/current-public-notices-of-layoffs-and-closures,eb1eb83b7f6aab512c194ccfb8c9716e32d22890b7a8e8c4ab17f052,7b721ed47e2439e374e1e9863924d1b2dced1884,2026-07-16,2026-07-27
OH,New Story of Ohio,new story of ohio,,,,,,,,,,,,,,,,,,n:new story of ohio,Columbus/Franklin,2019-01-03,2019-03-03,53,unknown,,0,0,1,https://jfs.ohio.gov/job-services-and-unemployment/job-services/job-programs-and-services/submit-a-warn-notice/current-public-notices-of-layoffs-and-closures,d60e06ee423cd509c6f55d2e47bd12279cc1ad1a0f0b8c08b62bac5c,21077d7e0a980d81810045e060f8f87254c1117f,2026-07-16,2026-07-27
OH,"Ryder Integrated Logistics, Inc.",ryder integrated logistics,,,,,,,,,,,,,,,RYDER SYSTEM INC,85961,,n:ryder integrated logistics,Streetsboro/Portage,2019-01-07,2019-03-08,75,unknown,,0,0,1,https://jfs.ohio.gov/job-services-and-unemployment/job-services/job-programs-and-services/submit-a-warn-notice/current-public-notices-of-layoffs-and-closures,3b3716b0cd8272b244b9e16a946bb5567eb453f10884a1528d3853fd,87fd80d57f657c07b790d2318ce1fe716f23a82b,2026-07-16,2026-07-27
OH,"Keystone Tailored Manufacturing, LLC",keystone tailored manufacturing,,,,,,,,,,,,,,,,,,n:keystone tailored manufacturing,Brooklyn/Cuyahoga,2019-01-10,2019-03-11,140,unknown,,0,0,1,https://jfs.ohio.gov/job-services-and-unemployment/job-services/job-programs-and-services/submit-a-warn-notice/current-public-notices-of-layoffs-and-closures,077a73709b172061ee5650798f45279e14aa80c468d75231944501b5,4d0363c944353e50331d41ac4348545cf964197b,2026-07-16,2026-07-27
OH,"Robert Bosch Battery Systems, LLC",robert bosch battery systems,,,,,,,,,,,,,,,,,,n:robert bosch battery systems,Springboro/Warren,2019-01-10,2019-07-01,68,unknown,,0,0,1,https://jfs.ohio.gov/job-services-and-unemployment/job-services/job-programs-and-services/submit-a-warn-notice/current-public-notices-of-layoffs-and-closures,8011b90f87255645b7856cf8f02c0b5b16ccf5099c3dfa03190c82f7,656621567d75cb5116df1c68ce976a32221eee2c,2026-07-16,2026-07-27
OH,"Thirty One Gifts, LLC",thirty one gifts,THIRTY-ONE GIFTS LLC,,,,,,,,,,,549300LXSCRTF4ZTS314,,,,,automatic,lei:549300LXSCRTF4ZTS314,Columbus/Franklin,2019-01-14,2019-03-22,620,unknown,,0,0,1,https://jfs.ohio.gov/job-services-and-unemployment/job-services/job-programs-and-services/submit-a-warn-notice/current-public-notices-of-layoffs-and-closures,8f238f36b471dd34a72da6ab17f1afe9f7db25965df6ac1877536178,d58ba9f1c62528eb0fd69049d19b9d5498460a6c,2026-07-16,2026-07-27
OH,Vista Window Company,vista window,,,,,,,,,,,,,,,,,,n:vista window,Lordstown/Trumbull,2019-01-14,2019-01-14,110,unknown,,0,0,1,https://jfs.ohio.gov/job-services-and-unemployment/job-services/job-programs-and-services/submit-a-warn-notice/current-public-notices-of-layoffs-and-closures,a374a34b8ea38785ff975ba44378eb45320fa045165ad62ad72db3c2,4db117bcd8fc8110583cc03391e7cd6b7d0f7b28,2026-07-16,2026-07-27
OH,Holiday Inn French Quarter,holiday inn french quarter,,,,,,,,,,,,,,,,,,n:holiday inn french quarter,Perrysburg/Wood,2019-01-18,2019-03-31,170,unknown,,0,0,1,https://jfs.ohio.gov/job-services-and-unemployment/job-services/job-programs-and-services/submit-a-warn-notice/current-public-notices-of-layoffs-and-closures,5b79a2863448c6fae12f78bf31270cef7526b61fbb3e542cc180d69b,2c071d9f28fe6eda097d5325ab36068b8b20abb9,2026-07-16,2026-07-27
OH,"Things Remembered, Inc.",things remembered,Things Remembered,,,,,,,,,,,,Q54958287,label,,,automatic,qid:Q54958287,Highland Heights/Cuyahoga,2019-01-25,2019-03-04,126,unknown,,0,0,1,https://jfs.ohio.gov/job-services-and-unemployment/job-services/job-programs-and-services/submit-a-warn-notice/current-public-notices-of-layoffs-and-closures,4f22c302773f4a76e6f99f557f38d83ab18e860e2d370c38c1e7cf4f,9be0728958d2a1d198e49e43ab156115d51bee77,2026-07-16,2026-07-27
OH,Teleperformance,teleperformance,Teleperformance,,,,,,,,,,,,Q2392255,label,,,automatic,qid:Q2392255,Fairborn/Greene,2019-01-28,2019-03-31,334,unknown,,0,0,1,https://jfs.ohio.gov/job-services-and-unemployment/job-services/job-programs-and-services/submit-a-warn-notice/current-public-notices-of-layoffs-and-closures,79e186c1564430f293a1a63d9e49fa0e372f6f73467ba349cdfbfdb8,864573c6eaa0c8a7fc16d97d28949bac7025674b,2026-07-16,2026-07-27
OH,"ParkOhio Products, Inc.",parkohio products,,,,,,,,,,,,,,,,,,n:parkohio products,Cleveland/Cuyahoga,2019-01-30,2019-03-31,,unknown,,0,0,1,https://jfs.ohio.gov/job-services-and-unemployment/job-services/job-programs-and-services/submit-a-warn-notice/current-public-notices-of-layoffs-and-closures,36a1c6f813a9071a7120f09913eff14fa950cff5fbeb45f6454e9882,2c348345e687c6890e596f9931ce4d186902cd6b,2026-07-16,2026-07-27
OH,"General Motors, LLC.",general motors,General Motors,,336,sic-crosswalk,1467858,GM,exact,3711,Motor Vehicles & Passenger Car Bodies,,,,Q81965,cik,,,automatic,qid:Q81965,Warren/Trumbull,2019-02-05,2019-02-04,11,unknown,,0,0,1,https://jfs.ohio.gov/job-services-and-unemployment/job-services/job-programs-and-services/submit-a-warn-notice/current-public-notices-of-layoffs-and-closures,ea4d5333f0a4bb183142872f02e3fc81e7744fc49d3c1d55dae9e9d7,7ecf42bc45f35124499a40e402cdcfe5cb1d6082,2026-07-16,2026-07-27
OH,Lamrite West (Pat Catan's),lamrite west pat catan s,,,,,,,,,,,,,,,,,,n:lamrite west,Strongsville/Cuyahoga,2019-02-08,2019-01-29,56,unknown,,0,0,1,https://jfs.ohio.gov/job-services-and-unemployment/job-services/job-programs-and-services/submit-a-warn-notice/current-public-notices-of-layoffs-and-closures,60fca36930bf3ec26bd5730f82dc4460918e56ed3ff83fdacf45b82e,82de5b06fd54f104002e60257cb085cbe493b89c,2026-07-16,2026-07-27
OH,Dillard's,dillard s,Dillard's,,45211,sic-crosswalk,28917,DDS,exact,5311,Retail-Department Stores,,,,Q844805,cik,,,automatic,qid:Q844805,Boardman/Mahoning,2019-02-13,2019-04-17,123,unknown,,0,0,1,https://jfs.ohio.gov/job-services-and-unemployment/job-services/job-programs-and-services/submit-a-warn-notice/current-public-notices-of-layoffs-and-closures,039ce06cde7dbbb2ac2cc27d65b61bd2d9d2fe22dfbe12c9b0fc6712,ed5e71a780dd890c63033ca5f56d383428166154,2026-07-16,2026-07-27
OH,Park East Center,park east center,,,,,,,,,,,,,,,,,,n:park east center,Beachwood/Cuyahoga,2019-02-13,2019-02-14,95,unknown,,0,0,1,https://jfs.ohio.gov/job-services-and-unemployment/job-services/job-programs-and-services/submit-a-warn-notice/current-public-notices-of-layoffs-and-closures,3b7161a1966107e650002cedaeaf9f7033e696abe0d8a53cf0e821f4,4447ff5313d155a708f6e533c835787cfcacba67,2026-07-16,2026-07-27
OH,Columbus Bakery,columbus bakery,Ford Motor Company - Columbus Assembly Plant,,,,,,,,,,,,Q16891347,label,,,automatic,qid:Q16891347,Columbus/Franklin,2019-02-19,2019-02-11,405,unknown,,0,0,1,https://jfs.ohio.gov/job-services-and-unemployment/job-services/job-programs-and-services/submit-a-warn-notice/current-public-notices-of-layoffs-and-closures,3f23c0f263a34fe102ab09d17dd8f512c8c6582eef9eceb9ba3426c1,ec465d1727043ce4909c0a225915540d9a30e340,2026-07-16,2026-07-27
OH,"Duralee (The Robert Allen Duralee Group, Inc.)",duralee the robert allen duralee group,,,,,,,,,,,,,,,,,,n:duralee,Valley View/Cuyahoga,2019-02-19,2019-04-22,3,unknown,,0,0,1,https://jfs.ohio.gov/job-services-and-unemployment/job-services/job-programs-and-services/submit-a-warn-notice/current-public-notices-of-layoffs-and-closures,66dd93a5e46f3c1df580d1ff6fe35107bb9aaeb271a8399777f9e62b,937e3dd944036ff783faa62bd1f0567ecaa78519,2026-07-16,2026-07-27
OH,Spectrum Pharmaceuticals,spectrum pharmaceuticals,Spectrum Pharmaceuticals,,325412,sic-crosswalk,831547,,exact,2834,Pharmaceutical Preparations,,,,Q7575301,cik,,,automatic,qid:Q7575301,Cleveland Heights/Cuyahoga Holland/Lucas,2019-02-20,2019-04-12,2,unknown,,0,0,1,https://jfs.ohio.gov/job-services-and-unemployment/job-services/job-programs-and-services/submit-a-warn-notice/current-public-notices-of-layoffs-and-closures,5305a5935fb2f06a074bf00ad7bc80b7f041d3e677c446e55ec204c9,3f7be0c4d26c0a66a20fb4253976cc769ea050df,2026-07-16,2026-07-27
OH,The Genie Company,genie,,,,,,,,,,,,,,,,,,n:genie,Baltic/Tuscarawas,2019-02-22,2019-04-26,58,unknown,,0,0,1,https://jfs.ohio.gov/job-services-and-unemployment/job-services/job-programs-and-services/submit-a-warn-notice/current-public-notices-of-layoffs-and-closures,06f10b7caafa0aed7ea9e7882d4670a7ffd0fdc4df95712a9735ab18,c28d53a5ea910e298f21a77844f017dad342a0c1,2026-07-16,2026-07-27
OH,"Consolidated Glass and Mirror, LLC",consolidated glass and mirror,,,,,,,,,,,,,,,,,,n:consolidated glass and mirror,Millbury/Wood,2019-02-25,2019-04-22,,unknown,,0,0,1,https://jfs.ohio.gov/job-services-and-unemployment/job-services/job-programs-and-services/submit-a-warn-notice/current-public-notices-of-layoffs-and-closures,1beafa55d5e066dd435963669b75d809b64339ddf29ce30af494d3a3,ebb6f0817c1cf132d863d17059f610e0698546f5,2026-07-16,2026-07-27
OH,New England Motor Freight (NEMF),new england motor freight nemf,,,,,,,,,,,,,,,,,,n:new england motor freight,Cincinnati/Hamilton Columbus/Franklin Richfield/Summit Toledo/Lucas,2019-02-26,2019-02-15,58,unknown,,0,0,1,https://jfs.ohio.gov/job-services-and-unemployment/job-services/job-programs-and-services/submit-a-warn-notice/current-public-notices-of-layoffs-and-closures,cebe7dbc232fd11587e76c6d536a44997ceca6a0c25b3c037a1667af,5b0021b52cf870c6aead0a1c38880bc51370f3cd,2026-07-16,2026-07-27
OH,"General Motors, LLC",general motors,General Motors,,336,sic-crosswalk,1467858,GM,exact,3711,Motor Vehicles & Passenger Car Bodies,,,,Q81965,cik,,,automatic,qid:Q81965,West Chester/Butler,2019-03-04,2019-05-31,101,unknown,,0,0,1,https://jfs.ohio.gov/job-services-and-unemployment/job-services/job-programs-and-services/submit-a-warn-notice/current-public-notices-of-layoffs-and-closures,d7b4902fd6ab6c65638a00a502d1a2360b8de983d067faf843dba269,1d5a5843f59e0c0201a50483cc21b5031d659837,2026-07-16,2026-07-27
OH,Leadec Corporation,leadec,,,,,,,,,,,,,,,,,,n:leadec,Warren/Trumbull,2019-03-04,2019-04-01,39,unknown,,0,0,1,https://jfs.ohio.gov/job-services-and-unemployment/job-services/job-programs-and-services/submit-a-warn-notice/current-public-notices-of-layoffs-and-closures,39113bb8c84f902642e7204b90556ff5e42d8ded62222dc3b997597c,0c3eb57b8f4b64eab8804963a967cd47c938233a,2026-07-16,2026-07-27
OH,Ryder Integrated Logistics,ryder integrated logistics,,,,,,,,,,,,,,,RYDER SYSTEM INC,85961,,n:ryder integrated logistics,Lockbourne/Franklin,2019-03-04,2019-05-04,76,unknown,,0,0,1,https://jfs.ohio.gov/job-services-and-unemployment/job-services/job-programs-and-services/submit-a-warn-notice/current-public-notices-of-layoffs-and-closures,f9968693782ebbc1fdd9cdaf3caf7d925fbd71baff34a6363abe4099,9680b6f6367aeb1259e055b37cbf594e5dd0d0e4,2026-07-16,2026-07-27
OH,Ryder Integrated Logistics,ryder integrated logistics,,,,,,,,,,,,,,,RYDER SYSTEM INC,85961,,n:ryder integrated logistics,Groveport/Franklin,2019-03-04,2019-05-04,20,unknown,,0,0,1,https://jfs.ohio.gov/job-services-and-unemployment/job-services/job-programs-and-services/submit-a-warn-notice/current-public-notices-of-layoffs-and-closures,f58579fb0582895dfb64fd3cd88ba904f18de0c028f44b2894bb6e79,ad1b9f5e3feeb026df2437a15e4baf73dd21e1e0,2026-07-16,2026-07-27
OH,American Electric Power (AEP),american electric power aep,American Electric Power,,2211,sic-crosswalk,4904,AEP,fuzzy:0.97,4911,Electric Services,,,,Q464092,cik,,,automatic,qid:Q464092,Conesville/Coshocton,2019-03-05,2019-05-31,50,unknown,,0,0,1,https://jfs.ohio.gov/job-services-and-unemployment/job-services/job-programs-and-services/submit-a-warn-notice/current-public-notices-of-layoffs-and-closures,acfbba8d7391376259178e03f0097dfe038ed91ec3fa6bbd30f525c0,3785a099886e3be3618f0249264d9526a0045de4,2026-07-16,2026-07-27
OH,Crothall Healthcare,crothall healthcare,,,,,,,,,,,,,,,,,,n:crothall healthcare,Lima/Allen,2019-03-08,2019-04-30,58,unknown,,0,0,1,https://jfs.ohio.gov/job-services-and-unemployment/job-services/job-programs-and-services/submit-a-warn-notice/current-public-notices-of-layoffs-and-closures,6a3b1e47cbba3f4cc193979498994e004e7d5e9786cd575e6015b0b7,7a31836b2d366ca6ea7fa8d3109e80909465f509,2026-07-16,2026-07-27
OH,Fifth Third Bank,fifth third bank,Fifth Third Bank,,,,35528,,exact,,,,,,Q1411810,label,Fifth Third Bancorp,,automatic,qid:Q1411810,Wilmington/Clinton,2019-03-14,2019-05-13,30,unknown,,0,0,1,https://jfs.ohio.gov/job-services-and-unemployment/job-services/job-programs-and-services/submit-a-warn-notice/current-public-notices-of-layoffs-and-closures,79d238b589967bf8bb1ff924ee3b1ba5db272070eab74f0f0214199f,ce7f05dac2965dfd07b419318a2efea45e345004,2026-07-16,2026-07-27
OH,Schwebel Baking Company,schwebel baking,,,,,,,,,,,,,,,,,,n:schwebel baking,Solon/Cuyahoga,2019-03-18,2019-05-16,204,unknown,,0,0,1,https://jfs.ohio.gov/job-services-and-unemployment/job-services/job-programs-and-services/submit-a-warn-notice/current-public-notices-of-layoffs-and-closures,22e2288683344b1010169d4f04ba9862e26f46e9e7309bc8e99a0b61,8e02140737a6798d1a9bf2c6eb56878df6b90974,2026-07-16,2026-07-27
OH,Ryder Integrated Logistics,ryder integrated logistics,,,,,,,,,,,,,,,RYDER SYSTEM INC,85961,,n:ryder integrated logistics,Lockbourne/Franklin,2019-03-22,2019-05-10,249,unknown,,0,0,1,https://jfs.ohio.gov/job-services-and-unemployment/job-services/job-programs-and-services/submit-a-warn-notice/current-public-notices-of-layoffs-and-closures,0b1d3f78a9261654be10e0f893d6109558701b921deaa050cf12390c,3e14fae3867cc6c54ac2dd8b6b289f44a10eb08a,2026-07-16,2026-07-27
OH,Ferro Corporation,ferro,Ferro Corporation,,32551,sic-crosswalk,35214,,exact,2851,"Paints, Varnishes, Lacquers, Enamels & Allied Prods",,,,Q5445393,cik,,,automatic,qid:Q5445393,Cleveland/Cuyahoga,2019-03-25,2019-05-22,71,unknown,,0,0,1,https://jfs.ohio.gov/job-services-and-unemployment/job-services/job-programs-and-services/submit-a-warn-notice/current-public-notices-of-layoffs-and-closures,1be7065b97e489d34150de2ebd08f4fdde8e313778312df30f80ff7b,99c7c74f8dd25f9f7921744a350c62ba33981f8b,2026-07-16,2026-07-27
OH,GM Lordstown Complex,gm lordstown complex,,,,,,,,,,,,,,,,,,n:gm lordstown complex,Warren/Trumbull,2019-03-26,2019-03-06,1607,unknown,,0,0,1,https://jfs.ohio.gov/job-services-and-unemployment/job-services/job-programs-and-services/submit-a-warn-notice/current-public-notices-of-layoffs-and-closures,39012e2254d452e910539f91d79964150e6d8f53fbaa4f7507cc9a83,23760a9416538e563ea7d0662424c6328ae20d52,2026-07-16,2026-07-27
OH,General Motors LLC,general motors,General Motors,,336,sic-crosswalk,1467858,GM,exact,3711,Motor Vehicles & Passenger Car Bodies,,,,Q81965,cik,,,automatic,qid:Q81965,Warren/Trumbull,2019-03-26,2019-05-31,26,unknown,,0,0,1,https://jfs.ohio.gov/job-services-and-unemployment/job-services/job-programs-and-services/submit-a-warn-notice/current-public-notices-of-layoffs-and-closures,5481bac1bea40490c3397f8bfe3f7caee897f381fd8aa7efe7ba9952,505541e5bae7bddd8f0d8394b756e3c380372606,2026-07-16,2026-07-27
OH,Leadec Corporation,leadec,,,,,,,,,,,,,,,,,,n:leadec,Warren/Trumbull,2019-04-09,2019-05-03,40,unknown,,0,0,1,https://jfs.ohio.gov/job-services-and-unemployment/job-services/job-programs-and-services/submit-a-warn-notice/current-public-notices-of-layoffs-and-closures,6a05cef4fdd8b86b397c6a746c4327cfed3fdfe59498fc9f28427c42,37cc7f3487456f5744f788a6452d882153c56f26,2026-07-16,2026-07-27
OH,Laird,laird,,,,,,,,,,,,,,,,,,n:laird,Cleveland/Cuyahoga,2019-04-12,2019-06-14,2,unknown,,0,0,1,https://jfs.ohio.gov/job-services-and-unemployment/job-services/job-programs-and-services/submit-a-warn-notice/current-public-notices-of-layoffs-and-closures,6d04f74a2abbd3085520135069ff1978cf43eafc60d206b0e123c3e5,68e1b6b0336484825f1c7098705bd235e125fa34,2026-07-16,2026-07-27
OH,SP Plus,sp plus,,,,,1059262,,exact,7510,Services-Auto Rental & Leasing (No Drivers),,,,,,,,automatic,cik:1059262,Columbus/Franklin,2019-04-19,2019-05-31,164,unknown,,0,0,1,https://jfs.ohio.gov/job-services-and-unemployment/job-services/job-programs-and-services/submit-a-warn-notice/current-public-notices-of-layoffs-and-closures,3b8d9331e07cbcb456e42759bcf07969950aa0beeedbac0103d69d18,728be5edac0e12ba179857e10283b20e18649249,2026-07-16,2026-07-27
OH,JCPenney,jcpenney,J. C. Penney,,,,,,,,,,,,Q920037,label,,,automatic,qid:Q920037,Elyria/Lorain,2019-04-25,2019-07-06,69,unknown,,0,0,1,https://jfs.ohio.gov/job-services-and-unemployment/job-services/job-programs-and-services/submit-a-warn-notice/current-public-notices-of-layoffs-and-closures,16fbd199eb007a6ad6de725bdc8801f2142e53fd903084650fb7809b,4429d7cbed4037a823925e10dd40f6bdf04a5744,2026-07-16,2026-07-27
OH,"Joyson Safety Systems Acquisitions, LLC",joyson safety systems acquisitions,,,,,,,,,,,,,,,,,,n:joyson safety systems acquisitions,Piqua/Miami,2019-04-29,2019-06-28,14,unknown,,0,0,1,https://jfs.ohio.gov/job-services-and-unemployment/job-services/job-programs-and-services/submit-a-warn-notice/current-public-notices-of-layoffs-and-closures,a22de8cbb78d7c590bd3c29941cca8f52a24573c8c8192fff6482ddf,97dc9306a3c863092d0d5deebf784476a987bb1c,2026-07-16,2026-07-27
OH,"Payless ShoeSource, Inc.",payless shoesource,Payless ShoeSource,,44821,parent-sic,,,,,,,,,Q7156755,label,Airwalk,1060232,automatic,qid:Q7156755,Brookville/Montgomery,2019-04-29,2019-05-01,217,unknown,,0,0,1,https://jfs.ohio.gov/job-services-and-unemployment/job-services/job-programs-and-services/submit-a-warn-notice/current-public-notices-of-layoffs-and-closures,f1b9cc789dba2e827fb9e47d9fd7f583cf365c8dbc531536c75ada47,a348f08b9f36092f54891e4198b2549a4a7c476d,2026-07-16,2026-07-27
OH,Ellett Brothers LLC,ellett brothers,,,,,902055,,exact:post-era,5090,Wholesale-Misc Durable Goods,,,,,,,,automatic,cik:902055,Bellefontaine/Logan,2019-04-30,2019-06-30,68,unknown,,0,0,1,https://jfs.ohio.gov/job-services-and-unemployment/job-services/job-programs-and-services/submit-a-warn-notice/current-public-notices-of-layoffs-and-closures,f303ed39fbd4675aa3a86dc4b0928d84e81e48f1a9aa855f840ced4f,23f306312beeb2f3aeffc96002e2d6c13eae73b0,2026-07-16,2026-07-27
OH,"Alliance Data Systems, Inc.",alliance data systems,Alliance Data,,5222,sic-crosswalk,1101215,BFH,exact,6141,Personal Credit Institutions,,,,Q2837996,cik,,,automatic,qid:Q2837996,Akron/Summit,2019-05-01,2019-06-25,150,unknown,,0,0,1,https://jfs.ohio.gov/job-services-and-unemployment/job-services/job-programs-and-services/submit-a-warn-notice/current-public-notices-of-layoffs-and-closures,b7be2ab13db6217382da4c4319cac8e64edc67e89aa8bc28e6f72b73,c584d371f929936b69f3ec65c53e6ec3db94aadb,2026-07-16,2026-07-27
OH,Bon Appetit Management Co.,bon appetit management,,,,,,,,,,,,,,,,,,n:bon appetit management,Westerville/Franklin,2019-05-02,2019-07-01,85,unknown,,0,0,1,https://jfs.ohio.gov/job-services-and-unemployment/job-services/job-programs-and-services/submit-a-warn-notice/current-public-notices-of-layoffs-and-closures,f12350bb06f3f32ee1476184e420e41b539ed1bf4eb23609c3c9f98c,b6a39f293c4174eaea1559b0f15a6b9579b1e0b9,2026-07-16,2026-07-27
OH,Falcon Transport Co.,falcon transport,,,,,,,,,,,,,,,,,,n:falcon transport,Youngstown/Mahoning,2019-05-07,2019-04-27,52,unknown,,0,0,1,https://jfs.ohio.gov/job-services-and-unemployment/job-services/job-programs-and-services/submit-a-warn-notice/current-public-notices-of-layoffs-and-closures,71d205a9206d21e0fac48c9183afc920291028c9e0b16beabf35d509,74abd995e549674c436ba40f5614995bc3b367d1,2026-07-16,2026-07-27
OH,Falcon Transport Co.,falcon transport,,,,,,,,,,,,,,,,,,n:falcon transport,Lorain/Lorain,2019-05-07,2019-04-27,61,unknown,,0,0,1,https://jfs.ohio.gov/job-services-and-unemployment/job-services/job-programs-and-services/submit-a-warn-notice/current-public-notices-of-layoffs-and-closures,cd1a4d4409e79d8996a0d27f7c3f0c8e1454875e32711c5eac61bc76,a851f22233af819fe433646157cd67467c795fac,2026-07-16,2026-07-27
OH,"Deluxe Entertainment Services Group, Inc.",deluxe entertainment services group,Deluxe Entertainment Services Group Inc.,,,,,,,,,,,,Q5254922,label,,,automatic,qid:Q5254922,Wilmington/Clinton,2019-05-16,2019-11-01,59,unknown,,0,0,1,https://jfs.ohio.gov/job-services-and-unemployment/job-services/job-programs-and-services/submit-a-warn-notice/current-public-notices-of-layoffs-and-closures,d1ec340f1f15a1bf9f5fb047a01a4ead649b3c64922fbbd24c7ecef1,93f3d6c02ec6c57a6b43a8c6915890df9c0873e2,2026-07-16,2026-07-27
OH,KEPRO,kepro,Kepro,,,,,,,,,,,,Q134993718,label,,,automatic,qid:Q134993718,Seven Hills/Cuyahoga,2019-05-17,2019-05-11,138,unknown,,0,0,1,https://jfs.ohio.gov/job-services-and-unemployment/job-services/job-programs-and-services/submit-a-warn-notice/current-public-notices-of-layoffs-and-closures,f35e412c0f8ed7786afdd351555f8297db5a00a634110e193a1bd2b2,970d1bbd9871e87a85d5d9b4cda10cabb38aaea6,2026-07-16,2026-07-27
OH,Pearson,pearson,Pearson plc,,51,sic-crosswalk,938323,PSO,exact,2731,Books: Publishing or  Publishing & Printing,,,,Q1916402,cik,,,automatic,qid:Q1916402,Columbus/Franklin,2019-05-17,2019-05-15,8,unknown,,0,0,1,https://jfs.ohio.gov/job-services-and-unemployment/job-services/job-programs-and-services/submit-a-warn-notice/current-public-notices-of-layoffs-and-closures,4d068b787278ec027f7b61c99bdf39a1a0a57a8456e539d18659dc4c,21edbe268356fa15b3983bb2643577d324996844,2026-07-16,2026-07-27
OH,Uptown Westerville Healthcare,uptown westerville healthcare,,,,,,,,,,,,,,,,,,n:uptown westerville healthcare,Westerville/Franklin,2019-05-22,2019-06-20,50,unknown,,0,0,1,https://jfs.ohio.gov/job-services-and-unemployment/job-services/job-programs-and-services/submit-a-warn-notice/current-public-notices-of-layoffs-and-closures,92ad9f1d564ff73c5d38116b21b56b0381d3bc8e46f2492d3da79937,d99e5238e291c0a0117448433bbcc2b6df9bbba5,2026-07-16,2026-07-27
OH,"Schenker, Inc.",schenker,"Schenker, Inc.",,,,,,,,,,,529900P396545C5QMW03,,,,,automatic,lei:529900P396545C5QMW03,West Jefferson/Madison,2019-05-30,2019-09-30,209,unknown,,0,0,1,https://jfs.ohio.gov/job-services-and-unemployment/job-services/job-programs-and-services/submit-a-warn-notice/current-public-notices-of-layoffs-and-closures,37b5a9a016f59158fed2c46b12033c44bdb236ca68773e190bf309fb,57b60ab6f9261900dc8d496986cadadad95cc527,2026-07-16,2026-07-27
OH,Pearson,pearson,Pearson plc,,51,sic-crosswalk,938323,PSO,exact,2731,Books: Publishing or  Publishing & Printing,,,,Q1916402,cik,,,automatic,qid:Q1916402,Columbus/Franklin,2019-06-03,2019-06-03,29,unknown,,0,0,1,https://jfs.ohio.gov/job-services-and-unemployment/job-services/job-programs-and-services/submit-a-warn-notice/current-public-notices-of-layoffs-and-closures,142730fe64dc4cf9e02f0b266a40698999c96978b8d1efca82185fd6,89c8c55cec9eb6fc4ad391069f8ad100a26312ee,2026-07-16,2026-07-27
OH,BTAS,btas,,,,,,,,,,,,,,,,,,n:btas,Beavercreek/Greene,2019-06-06,2019-07-17,12,unknown,,0,0,1,https://jfs.ohio.gov/job-services-and-unemployment/job-services/job-programs-and-services/submit-a-warn-notice/current-public-notices-of-layoffs-and-closures,9d116b4269cfc3f078c836a1e6b90c33dfa18f235d15626dea98d691,74f98dc3b080c4e7f45ec8b153cb4a4c55d74836,2026-07-16,2026-07-27
OH,Parallel,parallel,,,,,,,,,,,,,,,"Live Nation Entertainment, Inc.",1335258,,n:parallel,Dayton/Montgomery,2019-06-10,2019-06-30,184,unknown,,0,0,1,https://jfs.ohio.gov/job-services-and-unemployment/job-services/job-programs-and-services/submit-a-warn-notice/current-public-notices-of-layoffs-and-closures,afa7687451d730c24864dd1ca3cd9b7731c882e4193a6b43801ddd25,8bb166865ab815ef0f3a2293a2988633c1cfc9c6,2026-07-16,2026-07-27
OH,"Fairlawn Healthcare, LLC",fairlawn healthcare,,,,,,,,,,,,,,,,,,n:fairlawn healthcare,Fairlawn/Summit,2019-06-11,2019-06-14,65,unknown,,0,0,1,https://jfs.ohio.gov/job-services-and-unemployment/job-services/job-programs-and-services/submit-a-warn-notice/current-public-notices-of-layoffs-and-closures,52617710e94aa040e7c296fbac6d76cba4a41e4b33279905823850b9,1b7c4c75cd4b311599b75645542ef56484c5d136,2026-07-16,2026-07-27
OH,Pearson,pearson,Pearson plc,,51,sic-crosswalk,938323,PSO,exact,2731,Books: Publishing or  Publishing & Printing,,,,Q1916402,cik,,,automatic,qid:Q1916402,Columbus/Franklin,2019-07-01,2019-06-10,5,unknown,,0,0,1,https://jfs.ohio.gov/job-services-and-unemployment/job-services/job-programs-and-services/submit-a-warn-notice/current-public-notices-of-layoffs-and-closures,43abd2e7d9880ed7c60faf08e600b94cb62a1a70d147da40961dd454,7cea5ccf8f6ac7612cf62276245f8b027905ff31,2026-07-16,2026-07-27
OH,The Vindicator,vindicator,,,,,,,,,,,,,,,,,,n:vindicator,Youngstown/Mahoning,2019-07-01,2019-08-31,144,unknown,,0,0,1,https://jfs.ohio.gov/job-services-and-unemployment/job-services/job-programs-and-services/submit-a-warn-notice/current-public-notices-of-layoffs-and-closures,eea397b82d791f8d8f40b1fde769a687beed59c52573630f615c3093,0041f950f43c5860b88c632ca21bb0ab6f02ba75,2026-07-16,2026-07-27
OH,"Lake Ventures, LLC (Fresh Thyme Farmers Market)",lake ventures llc fresh thyme farmers market,,,,,,,,,,,,,,,,,,n:lake ventures,Sugarcreek Township/Montgomery,2019-07-10,2019-07-16,51,unknown,,0,0,1,https://jfs.ohio.gov/job-services-and-unemployment/job-services/job-programs-and-services/submit-a-warn-notice/current-public-notices-of-layoffs-and-closures,a88ed41e3ec4a21803a4db1091c5e705a2d0352d3542ac00a2acf023,48dfa5f69b59f0dbebe62a4ee0def096740dc4f1,2026-07-16,2026-07-27
OH,Stanley Black & Decker,stanley black decker,Stanley Black & Decker,,,,93556,SWK,exact,3420,"Cutlery, Handtools & General Hardware",,,,Q706094,cik,,,automatic,qid:Q706094,Georgetown/Brown,2019-07-11,2020-04-30,81,unknown,,0,0,1,https://jfs.ohio.gov/job-services-and-unemployment/job-services/job-programs-and-services/submit-a-warn-notice/current-public-notices-of-layoffs-and-closures,d7000487fa6ac9c158ef9c8be943ff7e6acfd58d5868fb1d661293c8,855954974908b5e82cf2f4b93e17acf9935168c0,2026-07-16,2026-07-27
OH,"Taylor Communications, Inc.",taylor communications,,,,,,,,,,,,,,,,,,n:taylor communications,Columbus/Franklin,2019-07-12,2019-09-03,63,unknown,,0,0,1,https://jfs.ohio.gov/job-services-and-unemployment/job-services/job-programs-and-services/submit-a-warn-notice/current-public-notices-of-layoffs-and-closures,bb031ebc37cc597fe5a92d7fb00e1b7daad0960fd7113247ca57c988,1ff9ce77d7592b0130424be4ac95bc855c00bd7d,2026-07-16,2026-07-27
OH,Arrow Electronics Inc.,arrow electronics,Arrow Electronics,,42169,sic-crosswalk,7536,ARW,exact,5065,"Wholesale-Electronic Parts & Equipment, NEC",,,,Q2059537,cik,,,automatic,qid:Q2059537,Gahanna/Franklin,2019-07-16,2019-09-14,304,unknown,,0,0,1,https://jfs.ohio.gov/job-services-and-unemployment/job-services/job-programs-and-services/submit-a-warn-notice/current-public-notices-of-layoffs-and-closures,b0326d2f90f615fd9665b67b3ef44a50baebf539fc661888e1d7d928,c374a734764f7005922c908c435bc18030d16563,2026-07-16,2026-07-27
OH,Cleveland Hardware & Forging Company,cleveland hardware forging,,,,,,,,,,,,,,,,,,n:cleveland hardware forging,Cleveland/Cuyahoga,2019-07-16,2019-09-16,25,unknown,,0,0,1,https://jfs.ohio.gov/job-services-and-unemployment/job-services/job-programs-and-services/submit-a-warn-notice/current-public-notices-of-layoffs-and-closures,d104a097482be78e0497ae4fc29ea753c63cb0484d40a3796a893aed,70a20879317a46b28b29c6cea5516401d90b31ae,2026-07-16,2026-07-27
OH,"EBTH, Inc. - Distribution Center",ebth inc distribution center,,,,,1651346,,exact:base,,,,,,,,,,automatic,cik:1651346,Blue Ash/Hamilton,2019-07-24,2019-08-14,160,unknown,,0,0,1,https://jfs.ohio.gov/job-services-and-unemployment/job-services/job-programs-and-services/submit-a-warn-notice/current-public-notices-of-layoffs-and-closures,53c177998066c902be595ea0b0380f7364089f420c8ac518079f7193,703cc2e30f7b6d80d9407e457ea38fbf50de26de,2026-07-16,2026-07-27
OH,"EBTH, Inc. - Wilmer Warehouse",ebth inc wilmer warehouse,,,,,1651346,,exact:base,,,,,,,,,,automatic,cik:1651346,Cincinnati/Hamilton,2019-07-24,2019-08-14,70,unknown,,0,0,1,https://jfs.ohio.gov/job-services-and-unemployment/job-services/job-programs-and-services/submit-a-warn-notice/current-public-notices-of-layoffs-and-closures,0af76d9e65d8d595eca93c870abf7438af3285a7059ef6707ecf8a57,f4954142a274d3f2c2d7562ed5b43ce92cd4712c,2026-07-16,2026-07-27
OH,"Fisher Auto Parts, Inc.",fisher auto parts,,,,,,,,,,,,,,,,,,n:fisher auto parts,Cincinnati/Hamilton,2019-08-01,2019-10-01,137,unknown,,0,0,1,https://jfs.ohio.gov/job-services-and-unemployment/job-services/job-programs-and-services/submit-a-warn-notice/current-public-notices-of-layoffs-and-closures,597585ecdf159bc7dc13796de4c814fba2f8a1db4296c6cc90c7ae50,92912f77e99f87bc6a1fec27ea85cea5dd2c19fa,2026-07-16,2026-07-27
OH,Addition Manufacturing Technologies LLC,addition manufacturing technologies,,,,,,,,,,,,,,,,,,n:addition manufacturing technologies,Lebanon/Warren,2019-08-06,2019-08-30,119,unknown,,0,0,1,https://jfs.ohio.gov/job-services-and-unemployment/job-services/job-programs-and-services/submit-a-warn-notice/current-public-notices-of-layoffs-and-closures,8e251599df46a1db9eb25416d39ed2159cd574a32c0d4813b54c1c74,3c7a8ef1be03b68d203ac7afc19c699bcab5e628,2026-07-16,2026-07-27
OH,Security National Automotive Acceptance Company LLC,security national automotive acceptance,,,,,1556073,,exact,,,,,,,,,,automatic,cik:1556073,Mason/Warren,2019-08-07,2019-08-07,150,unknown,,0,0,1,https://jfs.ohio.gov/job-services-and-unemployment/job-services/job-programs-and-services/submit-a-warn-notice/current-public-notices-of-layoffs-and-closures,1f9031b1ed2974c38402d6589817fd142d0d1f0385f009cc451229c8,5bc92c61d7aa1f84ddf6d966a3d33f20a7fadd57,2026-07-16,2026-07-27
OH,East Ohio Valley Regional Hospital,east ohio valley regional hospital,,,,,,,,,,,,,,,,,,n:east ohio valley regional hospital,Martin's Ferry/Belmont,2019-08-12,2019-10-07,343,unknown,,0,0,1,https://jfs.ohio.gov/job-services-and-unemployment/job-services/job-programs-and-services/submit-a-warn-notice/current-public-notices-of-layoffs-and-closures,11469dd5dbd1c58fb34b3590bd6e68561574de4ce73a80398b6f3879,1a7f24f55a74c252bec27f604784761cc54815b4,2026-07-16,2026-07-27
OH,Aloterra Packaging LLC,aloterra packaging,,,,,,,,,,,,,,,,,,n:aloterra packaging,Ashtabula/Ashtabula,2019-08-13,2019-10-06,39,unknown,,0,0,1,https://jfs.ohio.gov/job-services-and-unemployment/job-services/job-programs-and-services/submit-a-warn-notice/current-public-notices-of-layoffs-and-closures,f42f6704557f4620bad3451030e93fba54d05754bdc609fd0a13c45a,f3bbcb42996e1f753fd72c51a0779457e14745fd,2026-07-16,2026-07-27
OH,PSEB LLC,pseb,,,,,,,,,,,,,,,,,,n:pseb,Groveport/Franklin,2019-08-13,2019-10-11,111,unknown,,0,0,1,https://jfs.ohio.gov/job-services-and-unemployment/job-services/job-programs-and-services/submit-a-warn-notice/current-public-notices-of-layoffs-and-closures,5f93c25da59f69927b7421e0074fe39a4974e9466ec03c2fbcfeeaf8,47c38e7ea67ec53ce8d8bd9634ea32b6879a01df,2026-07-16,2026-07-27
OH,Vertiv Corporation,vertiv,,,334,sic-crosswalk,1674101,VRT,listed-extension,3679,"Electronic Components, NEC",,,,,,,,automatic,cik:1674101,Columbus/Franklin,2019-08-19,2019-10-14,130,unknown,,0,0,1,https://jfs.ohio.gov/job-services-and-unemployment/job-services/job-programs-and-services/submit-a-warn-notice/current-public-notices-of-layoffs-and-closures,78de0eb7d8b711d211a0b420fd7dae252ef07106e46524454c5163dc,a46c737bbc8dcd35816cef1911c224b44589c042,2026-07-16,2026-07-27
OH,NextGen Healthcare Inc.,nextgen healthcare,NextGen Healthcare Information Systems,,541512,sic-crosswalk,708818,,exact,7373,Services-Computer Integrated Systems Design,,,,Q17109731,cik,,,automatic,qid:Q17109731,North Canton/Stark,2019-08-28,2019-11-01,82,unknown,,0,0,1,https://jfs.ohio.gov/job-services-and-unemployment/job-services/job-programs-and-services/submit-a-warn-notice/current-public-notices-of-layoffs-and-closures,96195f930761a991d75923eb6c96bbf6a44b4789a4cbf1c2419ef1c2,8b3daa0c3480088fd39de07c1a689d4ca50a709c,2026-07-16,2026-07-27
OH,CCU Coal and Construction LLC,ccu coal and construction,,,,,,,,,,,,,,,,,,n:ccu coal and construction,Various Cities/Various Counties,2019-08-29,2019-10-31,205,unknown,,0,0,1,https://jfs.ohio.gov/job-services-and-unemployment/job-services/job-programs-and-services/submit-a-warn-notice/current-public-notices-of-layoffs-and-closures,801a43acc2b036b859da84f92c776c611517594577e8af5c49674a82,7401484dbd1be29a5295f2eb235dc26fb59e0db7,2026-07-16,2026-07-27
OH,"Altercare at Saint Joseph, Inc.",altercare at saint joseph,,,,,,,,,,,,,,,,,,n:altercare at saint joseph,Warrensville Heights/Cuyahoga,2019-09-03,2019-10-28,139,unknown,,0,0,1,https://jfs.ohio.gov/job-services-and-unemployment/job-services/job-programs-and-services/submit-a-warn-notice/current-public-notices-of-layoffs-and-closures,822d4d56bad271475abf0f961e80c8316aa25bf38025ce35959fe731,47bf2654f2564a2f26d1423dee7df47209822d64,2026-07-16,2026-07-27
OH,Compass Group USA DBA Eurest Services @ Procter & Gamble,compass group usa dba eurest services procter gamble,,,,,1317627,,fuzzy:0.95:base,,,,,,,,,,automatic,cik:1317627,Cincinnati/Hamilton,2019-09-09,2019-11-09,17,unknown,,0,0,1,https://jfs.ohio.gov/job-services-and-unemployment/job-services/job-programs-and-services/submit-a-warn-notice/current-public-notices-of-layoffs-and-closures,b180294a4788e087ef1ab41a58c6bc2a338e6ae0e660a31cdd5f54e2,b6726483cd339ad74a8ff5ed62adf0f32fe3780b,2026-07-16,2026-07-27
OH,Compass Group USA DBA Eurest Services @ Procter & Gamble,compass group usa dba eurest services procter gamble,,,,,1317627,,fuzzy:0.95:base,,,,,,,,,,automatic,cik:1317627,Mason/Warren,2019-09-09,2019-11-09,12,unknown,,0,0,1,https://jfs.ohio.gov/job-services-and-unemployment/job-services/job-programs-and-services/submit-a-warn-notice/current-public-notices-of-layoffs-and-closures,1c3001f0bdef227a151f6789ecc2404836d08f74340be8db9176e045,cd4f9ea2e4c0defce91c2bce86a926cffcf9cdfd,2026-07-16,2026-07-27
OH,Compass Group USA DBA Eurest Services @ Procter & Gamble,compass group usa dba eurest services procter gamble,,,,,1317627,,fuzzy:0.95:base,,,,,,,,,,automatic,cik:1317627,West Chester/Butler,2019-09-09,2019-11-09,8,unknown,,0,0,1,https://jfs.ohio.gov/job-services-and-unemployment/job-services/job-programs-and-services/submit-a-warn-notice/current-public-notices-of-layoffs-and-closures,55ab17f31d83acb4fddca0476d1d588815baefadcca48942d27534e1,d58315f82e612e8cc6f2c16c20f28dfd53c44d4e,2026-07-16,2026-07-27
OH,Thompson Hospitality Services,thompson hospitality services,,,,,,,,,,,,,,,,,,n:thompson hospitality services,Cincinnati/Hamilton,2019-09-09,2019-11-09,122,unknown,,0,0,1,https://jfs.ohio.gov/job-services-and-unemployment/job-services/job-programs-and-services/submit-a-warn-notice/current-public-notices-of-layoffs-and-closures,b9afdbaec0bdd921d9a26b4eb3cfb219c98f1dc8bf53a1bbdac1e8c7,7fbb689e31077b28916cfbadaea67018b6d1e853,2026-07-16,2026-07-27
OH,Coney Island Inc.,coney island,,,,,,,,,,,,,,,Star Holdings,1953366,,n:coney island,Cincinnati/Hamilton,2019-09-10,2019-11-08,13,unknown,,0,0,1,https://jfs.ohio.gov/job-services-and-unemployment/job-services/job-programs-and-services/submit-a-warn-notice/current-public-notices-of-layoffs-and-closures,f2b50f657172703a28183c05169e4431b3b4fef062b7e8f930dd14ec,cadf0fa56b03935fca2d95462cda8cfc34a63951,2026-07-16,2026-07-27
OH,Tomlinson Industries,tomlinson industries,,,,,,,,,,,,,,,,,,n:tomlinson industries,Garfield Heights/Cleveland,2019-09-16,2019-11-10,60,unknown,,0,0,1,https://jfs.ohio.gov/job-services-and-unemployment/job-services/job-programs-and-services/submit-a-warn-notice/current-public-notices-of-layoffs-and-closures,45a72c069ca8fdc1cd3839b8d2ddb3ab7d14dc766a26148c4e95ec8b,9a587bc8504ab00f3680e8a9a2459a3985693687,2026-07-16,2026-07-27
OH,Deluxe Entertainment Services Group Inc.,deluxe entertainment services group,Deluxe Entertainment Services Group Inc.,,,,,,,,,,,,Q5254922,label,,,automatic,qid:Q5254922,Wilmington/Clinton,2019-09-23,2019-12-01,10,unknown,,0,0,1,https://jfs.ohio.gov/job-services-and-unemployment/job-services/job-programs-and-services/submit-a-warn-notice/current-public-notices-of-layoffs-and-closures,2bbf798f8cc11e63b73572e7f91636b0efb86071425848abf20e3d04,5dd1865d43519183f87d2646032d22481f0f6df4,2026-07-16,2026-07-27
OH,Thompson Hospitality Services,thompson hospitality services,,,,,,,,,,,,,,,,,,n:thompson hospitality services,West Chester/Butler,2019-09-24,2019-11-09,10,unknown,,0,0,1,https://jfs.ohio.gov/job-services-and-unemployment/job-services/job-programs-and-services/submit-a-warn-notice/current-public-notices-of-layoffs-and-closures,a6e6021b3535590915eba76d1de4dd2d13d4df5d64614be180d468a0,e272cfac4dd50aaf71bae72d2497fee1a6499399,2026-07-16,2026-07-27
OH,Guardian Fabrication LLC,guardian fabrication,,,,,,,,,,,,,,,,,,n:guardian fabrication,Millbury/Wood,2019-09-25,2019-11-20,100,unknown,,0,0,1,https://jfs.ohio.gov/job-services-and-unemployment/job-services/job-programs-and-services/submit-a-warn-notice/current-public-notices-of-layoffs-and-closures,606c8b1f0c83e7cc334c5afbeda8721652d3e46d8eb8c47bc9f5f656,aa918ebb07c800ea827624ca000ac1bd0710e996,2026-07-16,2026-07-27
OH,"Inpax Final Mile Delivery, Inc.",inpax final mile delivery,,,48-49,employer,,,,,,,,,,,,,,n:inpax final mile delivery,Euclid/Cuyahoga,2019-10-02,2019-10-02,64,unknown,,0,0,1,https://jfs.ohio.gov/job-services-and-unemployment/job-services/job-programs-and-services/submit-a-warn-notice/current-public-notices-of-layoffs-and-closures,3510173e6fbaa9fee10a10285354a22db8f257c5c6a93563ce87e333,a02b15c9d25a4e2a38ea22eea0140e7557e7db33,2026-07-16,2026-07-27
OH,"Inpax Final Mile Delivery, Inc.",inpax final mile delivery,,,48-49,employer,,,,,,,,,,,,,,n:inpax final mile delivery,West Chester/Butler,2019-10-02,2019-10-02,64,unknown,,0,0,1,https://jfs.ohio.gov/job-services-and-unemployment/job-services/job-programs-and-services/submit-a-warn-notice/current-public-notices-of-layoffs-and-closures,4b5ea80d09c4ec108aeef26d8f37d969074a2ed2e9da227881888e46,cb1f3101fb018aee264c8f288842d98fef82b8f0,2026-07-16,2026-07-27
OH,"Fresenius Management Services, Inc.",fresenius management services,,,,,,,,,,,,,,,,,,n:fresenius management services,North Olmsted/Cuyahoga,2019-10-04,2019-12-06,57,unknown,,0,0,1,https://jfs.ohio.gov/job-services-and-unemployment/job-services/job-programs-and-services/submit-a-warn-notice/current-public-notices-of-layoffs-and-closures,0edec9d24c39f54960bf240aa16b54faed963afef21c4b6c4e0cb0e3,fe39215bfb1f02f1b189e88816251f9c79bf3e55,2026-07-16,2026-07-27
OH,Kitchen Collection LLC,kitchen collection,,,,,,,,,,,,,,,,,,n:kitchen collection,Chillicothe/Ross,2019-10-16,2019-12-01,69,unknown,,0,0,1,https://jfs.ohio.gov/job-services-and-unemployment/job-services/job-programs-and-services/submit-a-warn-notice/current-public-notices-of-layoffs-and-closures,8ac9354f107751c2f40c08908e5d77267ee06e078d67673afe34af51,484ba8cae453b1259254f78fbde8b477e9e27b44,2026-07-16,2026-07-27
OH,Transform SR LLC - 01410,transform sr llc 01410,,,,,1768086,,fuzzy:0.95:base,,,,,,,,,,automatic,cik:1768086,Canton/Stark,2019-10-23,2020-01-12,70,unknown,,0,0,1,https://jfs.ohio.gov/job-services-and-unemployment/job-services/job-programs-and-services/submit-a-warn-notice/current-public-notices-of-layoffs-and-closures,e49b5cb0510a6fd317cf3aaaca6bf81062ceab8bc599bca8f4ecd07d,4dd7f59ceabae86f2614523e8bba692265b912c7,2026-07-16,2026-07-27
OH,Transform SR LLC - 06180,transform sr llc 06180,,,,,1768086,,fuzzy:0.95:base,,,,,,,,,,automatic,cik:1768086,Canton/Stark,2019-10-23,2020-01-12,8,unknown,,0,0,1,https://jfs.ohio.gov/job-services-and-unemployment/job-services/job-programs-and-services/submit-a-warn-notice/current-public-notices-of-layoffs-and-closures,80d19e9b24c777206f3fb20a3c86ca11d7c5a2d229e63197e9e09e5f,8b424682d87902f6a1172b10ec6d60c4867908a7,2026-07-16,2026-07-27
OH,IMI Precision Engineering,imi precision engineering,,,,,,,,,,,,,,,,,,n:imi precision engineering,Brookville/Montgomery,2019-10-24,2020-01-17,109,unknown,,0,0,1,https://jfs.ohio.gov/job-services-and-unemployment/job-services/job-programs-and-services/submit-a-warn-notice/current-public-notices-of-layoffs-and-closures,5333c3e304266be63fa0f8cdf1399fdcac95720d370da79683be8c28,063b335f64f7b13dca50b56a985c358400be46c6,2026-07-16,2026-07-27
OH,"MV Transportation, Inc.",mv transportation,MV Transportation,,,,,,,,,,,5493002NJRI8E3HPDN45,Q6720138,label,,,automatic,qid:Q6720138,Cincinnati/Hamilton,2019-10-29,2019-12-31,97,unknown,,0,0,1,https://jfs.ohio.gov/job-services-and-unemployment/job-services/job-programs-and-services/submit-a-warn-notice/current-public-notices-of-layoffs-and-closures,146f7b0792f164bef260ff3f39b7edc44d83974f2772ca9f09be7f79,fc692860a7566915edef368743df76bbb4079c4a,2026-07-16,2026-07-27
OH,EG America,eg america,,,,,,,,,,,,,,,,,,n:eg america,Cincinnati/Hamilton,2019-11-01,2019-12-31,200,unknown,,0,0,1,https://jfs.ohio.gov/job-services-and-unemployment/job-services/job-programs-and-services/submit-a-warn-notice/current-public-notices-of-layoffs-and-closures,017d594c79804afcad0502c477c8db41defceea3fff8ff3d79bdb157,e1267c3e0d66d1d0e7d92ed270d892ca0bc9c622,2026-07-16,2026-07-27
OH,Frutarom,frutarom,,,,,,,,,,,,,,,,,,n:frutarom,Cincinnati/Hamilton,2019-11-01,2019-12-31,86,unknown,,0,0,1,https://jfs.ohio.gov/job-services-and-unemployment/job-services/job-programs-and-services/submit-a-warn-notice/current-public-notices-of-layoffs-and-closures,ffe41950ab4a674b8b5fcfc1349c5d8c35faaa88cf9c86324afc6150,d6b610d9373590e9fca5f16c2c73879f70d522f1,2026-07-16,2026-07-27
OH,Cincinnati Christian University,cincinnati christian university,,,,,,,,,,,,,,,,,,n:cincinnati christian university,Cincinnati/Hamilton,2019-11-04,2019-11-01,53,unknown,,0,0,1,https://jfs.ohio.gov/job-services-and-unemployment/job-services/job-programs-and-services/submit-a-warn-notice/current-public-notices-of-layoffs-and-closures,2134615697896ff134269da9498834b09625536f1ab32ea7ae45b68f,34d29c06d494cc718febb4d00b78a2626106e2a4,2026-07-16,2026-07-27
OH,Millennium Hotel Cincinnati,millennium hotel cincinnati,,,,,,,,,,,,,,,,,,n:millennium hotel cincinnati,Cincinnati/Hamilton,2019-11-13,2020-01-06,97,unknown,,0,0,1,https://jfs.ohio.gov/job-services-and-unemployment/job-services/job-programs-and-services/submit-a-warn-notice/current-public-notices-of-layoffs-and-closures,9f7fae3bdad0f98d0662f271b04139b97c80d75e0d090ce3d0e806c2,6aefd182d580935d089f569df19b19facc7f3110,2026-07-16,2026-07-27
OH,"A. Schulman, Inc. (LyondellBasell Finance Co.)",a schulman inc lyondellbasell finance,,,,,,,,,,,,,,,,,,n:a schulman,Fairlawn/Summit,2019-11-21,2020-01-31,43,unknown,,0,0,1,https://jfs.ohio.gov/job-services-and-unemployment/job-services/job-programs-and-services/submit-a-warn-notice/current-public-notices-of-layoffs-and-closures,6514c36c8d01d844f95c1b9aa3d1defe3baccca3b7277304da8da8cf,ade9553c1c5b3bb6eff5add805c4e10fcea6a516,2026-07-16,2026-07-27
OH,"Energizer Brands, LLC (Global Auto Care Operations)",energizer brands llc global auto care operations,,,424990,employer,,,,,,,,,,,,,,n:energizer brands,Vandalia/Montgomery,2019-12-18,2020-02-17,59,unknown,,0,0,1,https://jfs.ohio.gov/job-services-and-unemployment/job-services/job-programs-and-services/submit-a-warn-notice/current-public-notices-of-layoffs-and-closures,573cc39130225778483a71e0ec7e4e1b5ec7ff0db99d245313561f58,0669efee60bc14f9a9dff544a1e1bcd4784994f2,2026-07-16,2026-07-27
OH,Gannett,gannett,USA Today Co.,,51111,sic-crosswalk,1579684,TDAY,exact:listed,2711,Newspapers: Publishing or  Publishing & Printing,,,,Q1345971,cik,,,automatic,qid:Q1345971,Columbus/Franklin,2020-01-06,2020-03-06,186,unknown,,0,0,1,https://jfs.ohio.gov/job-services-and-unemployment/job-services/job-programs-and-services/submit-a-warn-notice/current-public-notices-of-layoffs-and-closures,76c0ced871876ce7d0443095d5956dfa08abb0296cd6d6ea23478ae7,524f054a67387e9d6460984cc50038d8ef93a679,2026-07-16,2026-07-27
OH,Macy's Northgate Mall,macy s northgate mall,,,,,,,,,,,,,,,,,,n:macy s northgate mall,Cincinnati/Hamilton,2020-01-07,2020-03-17,139,unknown,,0,0,1,https://jfs.ohio.gov/job-services-and-unemployment/job-services/job-programs-and-services/submit-a-warn-notice/current-public-notices-of-layoffs-and-closures,a7407fa19167d1faa1d69e14a91110cf53f9aa7bbadd93f088a36cd0,f5581091886757016ca0dab7a5ad294c217b60d6,2026-07-16,2026-07-27
OH,Newark Corporation,newark,,,,,,,,,,,,,,,,,,n:newark,Richfield/Summit,2020-01-15,2020-03-06,71,unknown,,0,0,1,https://jfs.ohio.gov/job-services-and-unemployment/job-services/job-programs-and-services/submit-a-warn-notice/current-public-notices-of-layoffs-and-closures,8938b63ffa3b233f913676d413c49960da33b1cc9e250ba2175a3b07,d07bf6363c63a369b39ce026223bd544f3b65309,2026-07-16,2026-07-27
OH,Jacobson Warehouse Company (XPO Logistics Supply Chain),jacobson warehouse company xpo logistics supply chain,,,493110,employer,,,,,,,,,,,,,,n:jacobson warehouse,West Jefferson/Madison,2020-01-17,2020-03-20,185,unknown,,0,0,1,https://jfs.ohio.gov/job-services-and-unemployment/job-services/job-programs-and-services/submit-a-warn-notice/current-public-notices-of-layoffs-and-closures,580674dc530eb0b1149b7945ae691248746a3d46b9686e48e97ef124,e6e03ede200bc3f6fdcfe940528d66faaf44eb54,2026-07-16,2026-07-27
OH,AMETEK Westchester Plastics,ametek westchester plastics,,,,,,,,,,,,,,,,,,n:ametek westchester plastics,Wapakoneta/Auglaize,2020-01-27,2020-03-31,78,unknown,,0,0,1,https://jfs.ohio.gov/job-services-and-unemployment/job-services/job-programs-and-services/submit-a-warn-notice/current-public-notices-of-layoffs-and-closures,0e499aa87be54b8050584654a9d15267cea5153f5cb40e581fc850f3,1102d60c5a2497addc8a2ddd5d57375bdbdec051,2026-07-16,2026-07-27
OH,Altercare Adena,altercare adena,,,,,,,,,,,,,,,,,,n:altercare adena,Adena/Jefferson,2020-01-27,2020-03-23,38,unknown,,0,0,1,https://jfs.ohio.gov/job-services-and-unemployment/job-services/job-programs-and-services/submit-a-warn-notice/current-public-notices-of-layoffs-and-closures,32e984922b22a88998949a07dee39e7956c0ab651b4a69ca4efbe92f,bf2c13b67d39de0a00389878ea43217b4f0ef009,2026-07-16,2026-07-27
OH,"EMCOR Facilities Services, Inc.",emcor facilities services,,,,,,,,,,,,,,,,,,n:emcor facilities services,Cincinnati/Hamilton,2020-01-28,2020-03-31,59,unknown,,0,0,1,https://jfs.ohio.gov/job-services-and-unemployment/job-services/job-programs-and-services/submit-a-warn-notice/current-public-notices-of-layoffs-and-closures,be071cab36131890cea07c62c2abd858df2438520b9643f22351e3aa,2d0c23742c2fb897e4f29618feee3d93f2cb13b3,2026-07-16,2026-07-27
OH,"Brighton Tru-Edge Heads & Fabricated Products, Inc.",brighton tru edge heads fabricated products,,,,,,,,,,,,,,,,,,n:brighton tru edge heads fabricated products,Cincinnati/Hamilton,2020-01-29,2020-04-28,71,unknown,,0,0,1,https://jfs.ohio.gov/job-services-and-unemployment/job-services/job-programs-and-services/submit-a-warn-notice/current-public-notices-of-layoffs-and-closures,6d117148e993f0bc8c1b9c657e66b0763cde90d07fa0114a85140f73,adfa0a0174cd709ba644535db4f6b5bc16af94dc,2026-07-16,2026-07-27
OH,"Fiserv, Inc.",fiserv,Fiserv,,322220,employer,798354,FISV,exact,7389,"Services-Business Services, NEC",,,,Q1420513,cik,,,automatic,qid:Q1420513,Dublin/Franklin,2020-02-03,2020-03-31,102,unknown,,0,0,1,https://jfs.ohio.gov/job-services-and-unemployment/job-services/job-programs-and-services/submit-a-warn-notice/current-public-notices-of-layoffs-and-closures,a5c437e1190759e837d05e8129ef6582890d1d44cf3ce0fa24ad7b36,26ca447d7454782631425cc705e034c7fd0ef5c2,2026-07-16,2026-07-27
OH,Lamrite West (The Michaels Companies),lamrite west the michaels companies,,,,,,,,,,,,,,,,,,n:lamrite west,Strongsville/Cuyahoga,2020-02-04,2020-02-04,77,unknown,,0,0,1,https://jfs.ohio.gov/job-services-and-unemployment/job-services/job-programs-and-services/submit-a-warn-notice/current-public-notices-of-layoffs-and-closures,526cbf22721660bd7f492007f94cda5a675eee2a52c97fd557d271f5,5e3f5138a5073a96122bda84bd1cddc528cbc40c,2026-07-16,2026-07-27
OH,Macy's Lorain,macy s lorain,,,,,,,,,,,,,,,,,,n:macy s lorain,Lorain/Lorain,2020-02-05,2020-04-05,161,unknown,,0,0,1,https://jfs.ohio.gov/job-services-and-unemployment/job-services/job-programs-and-services/submit-a-warn-notice/current-public-notices-of-layoffs-and-closures,ff0c55d1c24e91d5962f2670e0dbc506acebd77568339af302fad540,559451a628bd69f5ff47c15f5979acb91c939f08,2026-07-16,2026-07-27
OH,JCPenney Store 1071,jcpenney store 1071,,,,,,,,,,,,,,,,,,n:jcpenney store 1071,Akron/Summit,2020-02-10,2020-07-17,66,unknown,,0,0,1,https://jfs.ohio.gov/job-services-and-unemployment/job-services/job-programs-and-services/submit-a-warn-notice/current-public-notices-of-layoffs-and-closures,12cdbc5bd848c3cd8d88320eb23a3bd7359184ac39576c7369b990e2,23cc58bf6d4f3daf279d4308545932945ebd6e98,2026-07-16,2026-07-27
OH,U.S. Bank Lunken Operations Center,u s bank lunken operations center,,,,,,,,,,,,,,,,,,n:u s bank lunken operations center,Cincinnati/Hamilton,2020-02-10,2020-04-06,65,unknown,,0,0,1,https://jfs.ohio.gov/job-services-and-unemployment/job-services/job-programs-and-services/submit-a-warn-notice/current-public-notices-of-layoffs-and-closures,f96da47acca84b2ec7b3a95fa98b95d52892fe238596f2d0f2629f37,9ecade2163c2b32c1c3006bfee630712238e67e2,2026-07-16,2026-07-27
OH,"Vantage Partners, LLC",vantage partners,,,,,828232,,exact,,,,,,,,,,automatic,cik:828232,Brook Park/Cuyahoga,2020-02-10,2020-03-31,216,unknown,,0,0,1,https://jfs.ohio.gov/job-services-and-unemployment/job-services/job-programs-and-services/submit-a-warn-notice/current-public-notices-of-layoffs-and-closures,491a635d080c02df53bbffb35716422d3a1b0bd9a708308374ffd4aa,a50796c1449b425568028049dc05709f43fa446b,2026-07-16,2026-07-27
OH,Bear Down Logistics,bear down logistics,,,541611,employer,,,,,,,,,,,,,,n:bear down logistics,Fairfield/Butler,2020-02-12,2020-04-02,105,unknown,,0,0,1,https://jfs.ohio.gov/job-services-and-unemployment/job-services/job-programs-and-services/submit-a-warn-notice/current-public-notices-of-layoffs-and-closures,31689bd955048b959c57202ffc1e92c0f0a9efbd4946ac1bb6f4427d,e617a8dfbc97ff072d98f93e32871b9665be2dc2,2026-07-16,2026-07-27
OH,Miami University,miami university,MIAMI UNIVERSITY,,,,,,,,,316402089,,,,,,,automatic,ein:316402089,Oxford/Butler,2020-02-13,2020-07-01,39,unknown,,0,0,1,https://jfs.ohio.gov/job-services-and-unemployment/job-services/job-programs-and-services/submit-a-warn-notice/current-public-notices-of-layoffs-and-closures,99bdca16f36d0cd4fa8075a15e63380c7770ae3658a9ba677a4e75d7,7f0889c9a4fa3ec70431686808d98b133c527bc5,2026-07-16,2026-07-27
OH,Worthington Industries,worthington industries,Worthington Industries,,,,108516,WOR,exact,3310,"Steel Works, Blast Furnaces & Rolling & Finishing Mills",,,,Q2594130,cik,,,automatic,qid:Q2594130,Wooster/Wayne,2020-02-14,2020-02-11,120,unknown,,0,0,1,https://jfs.ohio.gov/job-services-and-unemployment/job-services/job-programs-and-services/submit-a-warn-notice/current-public-notices-of-layoffs-and-closures,1337d9c624f498dbcba849b74e1139e1890edd2ce8794ba107f4bb1d,9376fe25d25030d298dd3adfd266bcd0b744ed23,2026-07-16,2026-07-27
OH,Pier 1 Distribution and Fulfillment Center,pier 1 distribution and fulfillment center,,,,,,,,,,,,,,,,,,n:pier 1 distribution and fulfillment center,Groveport/Franklin,2020-02-18,2020-04-10,75,unknown,,0,0,1,https://jfs.ohio.gov/job-services-and-unemployment/job-services/job-programs-and-services/submit-a-warn-notice/current-public-notices-of-layoffs-and-closures,c47a88d0925ca21e323509c9577ecd1b79b471066ad999b76ae92141,ca2a9c0e6c3700bf537cdbb70ddd2b4bff7bb9dc,2026-07-16,2026-07-27
OH,Verizon,verizon,Verizon,,5133,sic-crosswalk,732712,VZ,listed-extension,4813,Telephone Communications (No Radiotelephone),,,,Q467752,cik,,,automatic,qid:Q467752,Hilliard/Franklin,2020-02-19,2020-04-07,496,unknown,,0,0,1,https://jfs.ohio.gov/job-services-and-unemployment/job-services/job-programs-and-services/submit-a-warn-notice/current-public-notices-of-layoffs-and-closures,b3fd9709865360e6741f42ad3f9fc4e50b808e912a14a236e93b4a61,2c4ad8fcaac60e78ce3bce0011abf971ea5cc9b0,2026-07-16,2026-07-27
OH,"QIC Properties US, Inc.",qic properties us,,,,,,,,,,,,,,,,,,n:qic properties us,Cleveland/Cuyahoga,2020-03-02,2020-04-30,56,unknown,,0,0,1,https://jfs.ohio.gov/job-services-and-unemployment/job-services/job-programs-and-services/submit-a-warn-notice/current-public-notices-of-layoffs-and-closures,a54a48c0fc59873891548564fbd1eef2db5cd839626a04ecee2817c0,966eeb1c61c1e0428d50cdba64fda79c5724bb05,2026-07-16,2026-07-27
OH,Columbus McKinnon Corporation,columbus mckinnon,,,33,sic-crosswalk,1005229,CMCO,exact,3531,Construction Machinery & Equip,,,,,,,,automatic,cik:1005229,Lisbon/Columbiana,2020-03-10,2020-05-05,69,unknown,,0,0,1,https://jfs.ohio.gov/job-services-and-unemployment/job-services/job-programs-and-services/submit-a-warn-notice/current-public-notices-of-layoffs-and-closures,e3180997dfc571a73e1f0212447597f11dc885452f7063927cafb025,651032da613249c05387f313d85583628138bd54,2026-07-16,2026-07-27
OH,Firebirds Wood Fired Grill,firebirds wood fired grill,,,,,,,,,,,,,,,,,,n:firebirds wood fired grill,Various Cities/Various Counties,2020-03-17,2020-03-15,410,unknown,,0,0,1,https://jfs.ohio.gov/job-services-and-unemployment/job-services/job-programs-and-services/submit-a-warn-notice/current-public-notices-of-layoffs-and-closures,ccacd691c4e80377a5ab76ce8946458b7334e88b457ec3ef6f3de9b1,259643318bf8bc286334993468bc19af0b4452b9,2026-07-16,2026-07-27
OH,Totally Promotional,totally promotional,,,,,,,,,,,,,,,,,,n:totally promotional,Coldwater/Mercer,2020-03-17,2020-03-17,150,unknown,,0,0,1,https://jfs.ohio.gov/job-services-and-unemployment/job-services/job-programs-and-services/submit-a-warn-notice/current-public-notices-of-layoffs-and-closures,d835e80c30907285836abe2e31a3fe80118dd5f6b4a469c0b51b0980,477862870111294bd567077629d1f7cc225a017b,2026-07-16,2026-07-27
OH,Embassy Suites Dublin,embassy suites dublin,,,,,,,,,,,,,,,,,,n:embassy suites dublin,Dublin/Franklin,2020-03-19,2020-03-19,97,unknown,,0,0,1,https://jfs.ohio.gov/job-services-and-unemployment/job-services/job-programs-and-services/submit-a-warn-notice/current-public-notices-of-layoffs-and-closures,394560be9ec01dadc0e7dba47377a4ca4865bf5a16168c0752966dac,93cb3418ccff61fde54b8ffd895454916890e713,2026-07-16,2026-07-27
OH,Punch Bowl Cleveland LLC,punch bowl cleveland,,,,,,,,,,,,,,,,,,n:punch bowl cleveland,Cleveland/Cuyahoga,2020-03-19,2020-03-16,102,unknown,,0,0,1,https://jfs.ohio.gov/job-services-and-unemployment/job-services/job-programs-and-services/submit-a-warn-notice/current-public-notices-of-layoffs-and-closures,457480fb9ad67de4d851fa55c05a0ca770373a0e5ddd59a97f8bf21f,7236fd82f7b8495977abc677886e30cc90b1fd55,2026-07-16,2026-07-27
OH,Strang Corporation,strang,,,,,,,,,,,,,,,,,,n:strang,Cleveland/Cuyahoga,2020-03-19,2020-03-16,105,unknown,,0,0,1,https://jfs.ohio.gov/job-services-and-unemployment/job-services/job-programs-and-services/submit-a-warn-notice/current-public-notices-of-layoffs-and-closures,66e321903b8ff0d2f1dcc4821e5b0f7592dd3f1c3c2580d570e42d0c,d645546fd3609a6deca5b415466902594e506831,2026-07-16,2026-07-27
OH,"Ultra Premium Services, LLC",ultra premium services,,,,,,,,,,,,,,,,,,n:ultra premium services,Brookfield/Trumbull,2020-03-19,2020-04-17,121,unknown,,0,0,1,https://jfs.ohio.gov/job-services-and-unemployment/job-services/job-programs-and-services/submit-a-warn-notice/current-public-notices-of-layoffs-and-closures,61e697f4db2a1349370b66695d961edd3bb918ca647bc92dc3ed5109,b3fa39a276578d587956a3ba20180ccf9294e267,2026-07-16,2026-07-27
OH,AEP - Conesville,aep conesville,,,,,,,,,,,,,,,,,,n:aep conesville,Conesville/Coshocton,2020-03-20,2020-05-31,83,unknown,,0,0,1,https://jfs.ohio.gov/job-services-and-unemployment/job-services/job-programs-and-services/submit-a-warn-notice/current-public-notices-of-layoffs-and-closures,bda8cb8b258fd8b977b6b128aec3044c9ffb7de087c3d0f4d22d7fbb,10e5457e260454f6b8d4c0ab393e1b4733997f32,2026-07-16,2026-07-27
OH,"Calimira, LLC (Rusty Bucket Restaurant & Tavern)",calimira llc rusty bucket restaurant tavern,,,,,1402160,,exact:post-era:base,,,,,,,,,,automatic,cik:1402160,Various Cities/Various Counties,2020-03-20,2020-03-15,910,unknown,,0,0,1,https://jfs.ohio.gov/job-services-and-unemployment/job-services/job-programs-and-services/submit-a-warn-notice/current-public-notices-of-layoffs-and-closures,db9fd5d7da2017c9de165eb7d2b28c783035d575f1ad7701e86072c2,b7b68d1de814a0e78a6be86f25eaee0417b07a62,2026-07-16,2026-07-27
OH,Cameron Mitchell,cameron mitchell,,,,,,,,,,,,,,,,,,n:cameron mitchell,Various Cities/Various Counties,2020-03-20,2020-03-15,1390,unknown,,0,0,1,https://jfs.ohio.gov/job-services-and-unemployment/job-services/job-programs-and-services/submit-a-warn-notice/current-public-notices-of-layoffs-and-closures,0f213f7d7c96e7806a9b693c6c7143ce3a059f2456736a6587036031,f04bc07e7dea8edc68896f3c7c96f1f33ea23a48,2026-07-16,2026-07-27
OH,Chilgo LLC,chilgo,,,,,,,,,,,,,,,,,,n:chilgo,Various Cities/Various Counties,2020-03-20,2020-03-16,331,unknown,,0,0,1,https://jfs.ohio.gov/job-services-and-unemployment/job-services/job-programs-and-services/submit-a-warn-notice/current-public-notices-of-layoffs-and-closures,19bd460adcf622e3ba5408243e8eef8efac1ecc849dd864df81d9ea2,f3421961cd87586ab6ef42b962322116b3e8d5c7,2026-07-16,2026-07-27
OH,Kirchhoff Automotive Waverly,kirchhoff automotive waverly,,,,,,,,,,,,,,,,,,n:kirchhoff automotive waverly,Waverly/Pike,2020-03-20,2020-03-19,225,unknown,,0,0,1,https://jfs.ohio.gov/job-services-and-unemployment/job-services/job-programs-and-services/submit-a-warn-notice/current-public-notices-of-layoffs-and-closures,2412fb341f201bc7df2f4f259600952d8a4fac1e7e808fd49623ca45,64cf04b20e4195a79cf12006aaacbb8ff35e6390,2026-07-16,2026-07-27
OH,Murotech Ohio Corporation,murotech ohio,,,,,,,,,,,,,,,,,,n:murotech ohio,Saint Marys/Auglaize,2020-03-20,2020-03-20,52,unknown,,0,0,1,https://jfs.ohio.gov/job-services-and-unemployment/job-services/job-programs-and-services/submit-a-warn-notice/current-public-notices-of-layoffs-and-closures,9754222b7646e288e818d66336d9aa88b0472e5205313e008f582896,840c675c636a8362e81ddee18a8af2bc4a0d0d9f,2026-07-16,2026-07-27
OH,Roush Auto Group,roush auto group,,,,,,,,,,,,,,,,,,n:roush auto group,Columbus/FranklinWesterville/Franklin,2020-03-20,2020-03-20,200,unknown,,0,0,1,https://jfs.ohio.gov/job-services-and-unemployment/job-services/job-programs-and-services/submit-a-warn-notice/current-public-notices-of-layoffs-and-closures,ea64695f39f245cea1b0b467318157c132dc1a620b44fa3b885a1cca,91364f719f9b3e8f7f3b436f304ba899282955f6,2026-07-16,2026-07-27
OH,Ventra Salem LLC,ventra salem,,,,,,,,,,,,,,,,,,n:ventra salem,Salem/Columbiana,2020-03-20,2020-03-20,794,unknown,,0,0,1,https://jfs.ohio.gov/job-services-and-unemployment/job-services/job-programs-and-services/submit-a-warn-notice/current-public-notices-of-layoffs-and-closures,9eea4e46c96f10496767e9f5bb07a912f6a805917f6d991b7483be67,4b29675922da9f87e695b0ffb446a274eb9831f6,2026-07-16,2026-07-27
OH,Matsu Ohio,matsu ohio,,,,,,,,,,,,,,,,,,n:matsu ohio,Edgerton/Williams,2020-03-23,2020-03-23,175,unknown,,0,0,1,https://jfs.ohio.gov/job-services-and-unemployment/job-services/job-programs-and-services/submit-a-warn-notice/current-public-notices-of-layoffs-and-closures,d611a2ba7d1944aeaf1489189b8c5c25d686ccee6ff1f8f31c1c4c0d,c2ee2bcd7c236b4b15ec7135e168e75344befd7f,2026-07-16,2026-07-27
OH,Norcold Incorporated,norcold,,,,,,,,,,,,,,,,,,n:norcold,Sidney/ShelbyGettysburg/Darke,2020-03-23,2020-03-23,345,unknown,,0,0,1,https://jfs.ohio.gov/job-services-and-unemployment/job-services/job-programs-and-services/submit-a-warn-notice/current-public-notices-of-layoffs-and-closures,75c8a42437f7d2723c93fc6949b1133834e6e49998a198a1eb39843c,f89d5babf2d63a549d5164a38950598605d4a844,2026-07-16,2026-07-27
OH,US Steel Seamless Tubular Operations (Lorain Tubular),us steel seamless tubular operations lorain tubular,,,,,,,,,,,,,,,,,,n:us steel seamless tubular operations,Lorain/Lorain,2020-03-23,2020-05-24,250,unknown,,0,0,1,https://jfs.ohio.gov/job-services-and-unemployment/job-services/job-programs-and-services/submit-a-warn-notice/current-public-notices-of-layoffs-and-closures,e61099f64d259e2280bcee9b92f800bcd33fe5423caeb7e2219997e6,3f2bddd749b47ccddc31495b2221d72e483a2d14,2026-07-16,2026-07-27
OH,"Brentwood Originals, Inc.",brentwood originals,"Brentwood Originals, Inc.",,,,,,,,,,,549300O2DSLHDESXV188,,,,,automatic,lei:549300O2DSLHDESXV188,Youngstown/Mahoning,2020-03-24,2020-03-23,198,unknown,,0,0,1,https://jfs.ohio.gov/job-services-and-unemployment/job-services/job-programs-and-services/submit-a-warn-notice/current-public-notices-of-layoffs-and-closures,685f6a8d1d5f8ef497e267d0a2c31065c35022252bb3b1c37e934b08,d8b688d8a696b4ba0289df55c2c54af33669ab68,2026-07-16,2026-07-27
OH,Embassy Suites Cleveland Rockside,embassy suites cleveland rockside,,,,,,,,,,,,,,,,,,n:embassy suites cleveland rockside,Independence/Cuyahoga,2020-03-24,2020-03-19,72,unknown,,0,0,1,https://jfs.ohio.gov/job-services-and-unemployment/job-services/job-programs-and-services/submit-a-warn-notice/current-public-notices-of-layoffs-and-closures,a341eb73b3ee230ff7abe13be452522748eb270d408cf0e78532b6f4,31d1d3d78f4d9d9ea09dedb95105211c69c16154,2026-07-16,2026-07-27
OH,Gissing North America,gissing north america,,,,,,,,,,,,,,,,,,n:gissing north america,Sidney/Shelby,2020-03-24,2020-03-23,120,unknown,,0,0,1,https://jfs.ohio.gov/job-services-and-unemployment/job-services/job-programs-and-services/submit-a-warn-notice/current-public-notices-of-layoffs-and-closures,7617dadeff7b27e2c2fea4aaf295d75492f672ea8bb0d078aafdaa19,60de26b95d9ba8c5571fd6fc489cf5ab0da2aab7,2026-07-16,2026-07-27
OH,Hilton Garden Inn-Toledo/Perrysburg,hilton garden inn toledo perrysburg,,,,,,,,,,,,,,,,,,n:hilton garden inn toledo perrysburg,Perrysburg/Wood,2020-03-24,2020-03-20,112,unknown,,0,0,1,https://jfs.ohio.gov/job-services-and-unemployment/job-services/job-programs-and-services/submit-a-warn-notice/current-public-notices-of-layoffs-and-closures,f634803426c0e4d9f06666d3465e74c241756c5f5549690e639741c1,8548b22238e7a658355fba0a24d98d78ab4e4b92,2026-07-16,2026-07-27
OH,"JACK Ohio Finance, LLC (JACK Entertainment)",jack ohio finance llc jack entertainment,,,,,,,,,,,,,,,,,,n:jack ohio finance,Cleveland/CuyahogaNorth Randall/Cuyahoga,2020-03-24,2020-03-31,1561,unknown,,0,0,1,https://jfs.ohio.gov/job-services-and-unemployment/job-services/job-programs-and-services/submit-a-warn-notice/current-public-notices-of-layoffs-and-closures,6c55f0dd038c3d2317cf8013556e1dbcc378fc2b89a586f00399af42,fd27fa77a84af37bf433900a883fa857e1ff035e,2026-07-16,2026-07-27
OH,Kleeberger Contracting Services,kleeberger contracting services,,,,,,,,,,,,,,,,,,n:kleeberger contracting services,Liberty Center/Henry,2020-03-24,2020-03-23,5,unknown,,0,0,1,https://jfs.ohio.gov/job-services-and-unemployment/job-services/job-programs-and-services/submit-a-warn-notice/current-public-notices-of-layoffs-and-closures,5d06434af3a7c6b13bfcd03a717f8a62cbd7ab85f96d20e282449677,4515ac18cc5861b257098e700c4fb0696b78ae67,2026-07-16,2026-07-27
OH,Renaissance Cleveland Hotel,renaissance cleveland hotel,,,,,,,,,,,,,,,,,,n:renaissance cleveland hotel,Cleveland/Cuyahoga,2020-03-24,2020-03-23,143,unknown,,0,0,1,https://jfs.ohio.gov/job-services-and-unemployment/job-services/job-programs-and-services/submit-a-warn-notice/current-public-notices-of-layoffs-and-closures,c375430f64ef61c5e41b2cbfd181f60ed5bbda1a627ea667d7340f0c,7963232aa2dacb22b651f5cc5de6b02521af2c6f,2026-07-16,2026-07-27
OH,Ross Casting & Innovation,ross casting innovation,,,,,,,,,,,,,,,,,,n:ross casting innovation,Sidney/Shelby,2020-03-24,2020-03-24,167,unknown,,0,0,1,https://jfs.ohio.gov/job-services-and-unemployment/job-services/job-programs-and-services/submit-a-warn-notice/current-public-notices-of-layoffs-and-closures,f755b815b03b3a3ba8e215f305154a4303fb5003213804c72c21ed02,27adf456f13311e051455025b4aec05fb6bc7f7b,2026-07-16,2026-07-27
OH,Spire Hospitality,spire hospitality,,,72,employer,,,,,,,,,,,,,,n:spire hospitality,Blue Ash/Hamilton,2020-03-24,2020-07-01,79,unknown,,0,0,1,https://jfs.ohio.gov/job-services-and-unemployment/job-services/job-programs-and-services/submit-a-warn-notice/current-public-notices-of-layoffs-and-closures,cb076a79520c3c03fc83f034c332ca7a034fbce05d51a7671b1df06f,f9bf77de30ebebd15366183b719f6a1b68e6fefd,2026-07-16,2026-07-27
OH,Things Remembered Fulfillment Center,things remembered fulfillment center,,,,,,,,,,,,,,,,,,n:things remembered fulfillment center,North Jackson/Mahoning,2020-03-24,2020-03-24,158,unknown,,0,0,1,https://jfs.ohio.gov/job-services-and-unemployment/job-services/job-programs-and-services/submit-a-warn-notice/current-public-notices-of-layoffs-and-closures,740a3e0a619eb53a3c5a3388bc786ea6abe397001a0cbb24d12b7eea,523733884a55427f02b1a5df30225d962e912dd1,2026-07-16,2026-07-27
OH,"Ultimate Home Services, LLC",ultimate home services,,,,,,,,,,,,,,,,,,n:ultimate home services,Various Cities/Various Counties,2020-03-24,2020-03-24,62,unknown,,0,0,1,https://jfs.ohio.gov/job-services-and-unemployment/job-services/job-programs-and-services/submit-a-warn-notice/current-public-notices-of-layoffs-and-closures,a57ee59591a5aaef20386359bf9deab3e68cf653c4126d7dacdae474,19394327f1f15dc7c163838bbac1c171cf208007,2026-07-16,2026-07-27
OH,Wright Tool,wright tool,,,,,,,,,,,,,,,,,,n:wright tool,Barberton/Summit,2020-03-24,2020-03-23,140,unknown,,0,0,1,https://jfs.ohio.gov/job-services-and-unemployment/job-services/job-programs-and-services/submit-a-warn-notice/current-public-notices-of-layoffs-and-closures,273f22cb182afb2753ef8f44ac7c8114b2ce5fef410048701d0a11de,03f25c701da204c8b62336b1a82038a5a3a87bd1,2026-07-16,2026-07-27
OH,"Augusta Sportswear, Inc.",augusta sportswear,"Augusta Sportswear, Inc.",,3152,employer,,,,,,,,549300XB5WOBONJ3ZH67,,,,,automatic,lei:549300XB5WOBONJ3ZH67,Sidney/Shelby,2020-03-25,2020-03-23,200,unknown,,0,0,1,https://jfs.ohio.gov/job-services-and-unemployment/job-services/job-programs-and-services/submit-a-warn-notice/current-public-notices-of-layoffs-and-closures,7089382dd38f7a65a522b22d901b63921c08f93075479d98837f9123,863d92008976f704cabaa028216140e860b18abf,2026-07-16,2026-07-27
OH,Driven Brands Shared Services (Take 5 Oil Change),driven brands shared services take 5 oil change,,,,,,,,,,,,,,,,,,n:driven brands shared services,Various Cities/Various Counties,2020-03-25,2020-03-22,198,unknown,,0,0,1,https://jfs.ohio.gov/job-services-and-unemployment/job-services/job-programs-and-services/submit-a-warn-notice/current-public-notices-of-layoffs-and-closures,bf856d67c2d98ce7840c8b47b85b8a79b6df8bfc9f54cdbb30f0020f,7160f9e8bf9921f4886a222146ac2502a659b286,2026-07-16,2026-07-27
OH,International Automotive Components,international automotive components,,,336399,employer,,,,,,,,,,,,,,n:international automotive components,Huron/Erie,2020-03-25,2020-08-21,234,unknown,,0,0,1,https://jfs.ohio.gov/job-services-and-unemployment/job-services/job-programs-and-services/submit-a-warn-notice/current-public-notices-of-layoffs-and-closures,53c27ebf4dea73a4fd0279ef9f5736356dd7b12bc9b4902b377cbb37,d8d9a487e81b8f520f986eea1f22fc826caac380,2026-07-16,2026-07-27
OH,"Mark Porter Auto Group-Mark Porter Autoplex, Inc.",mark porter auto group mark porter autoplex,,,,,,,,,,,,,,,,,,n:mark porter auto group mark porter autoplex,Pomeroy/MeigsAthens/Athens,2020-03-25,2020-03-25,5833,unknown,,0,0,1,https://jfs.ohio.gov/job-services-and-unemployment/job-services/job-programs-and-services/submit-a-warn-notice/current-public-notices-of-layoffs-and-closures,a6629000e60962447e0b2bf4e1ed1934f12e292362ad98ccb7f31530,e820bb778f7316be35da29000d30cd8cc473767d,2026-07-16,2026-07-27
OH,"Mark Porter Auto Group-Porter CDJR, Inc.",mark porter auto group porter cdjr,,,,,,,,,,,,,,,,,,n:mark porter auto group porter cdjr,Pomeroy/Meigs,2020-03-25,2020-03-25,29,unknown,,0,0,1,https://jfs.ohio.gov/job-services-and-unemployment/job-services/job-programs-and-services/submit-a-warn-notice/current-public-notices-of-layoffs-and-closures,63425de70334068c15f75ac2847e0c398160e5c7355f79ec2b5c9f56,531649c338fc8cf7e8c2989716f5d52c15a44b35,2026-07-16,2026-07-27
OH,"Mark Porter Auto Group-Porter Jackson, Inc.",mark porter auto group porter jackson,,,,,,,,,,,,,,,,,,n:mark porter auto group porter jackson,Jackson/Jackson,2020-03-25,2020-03-25,41,unknown,,0,0,1,https://jfs.ohio.gov/job-services-and-unemployment/job-services/job-programs-and-services/submit-a-warn-notice/current-public-notices-of-layoffs-and-closures,b95fb7582654e3b8ceeb8357bfb1c581b7eab5f0e37c183e068d1839,94a8c2f1fc5279c677e453090990e18e01ae559b,2026-07-16,2026-07-27
OH,Ricart Automotive Personnel,ricart automotive personnel,,,,,,,,,,,,,,,,,,n:ricart automotive personnel,Columbus/Franklin,2020-03-25,2020-03-24,121,unknown,,0,0,1,https://jfs.ohio.gov/job-services-and-unemployment/job-services/job-programs-and-services/submit-a-warn-notice/current-public-notices-of-layoffs-and-closures,b60f726846cf64db9818db306f522e9102f5501a45319fb032320f33,3794d9b3702947cffc98ec001e2d6e9be2a5794a,2026-07-16,2026-07-27
OH,Taiho Corporation of America,taiho corporation of america,,,,,,,,,,,,,,,,,,n:taiho corporation of america,Tiffin/Seneca,2020-03-25,2020-03-23,229,unknown,,0,0,1,https://jfs.ohio.gov/job-services-and-unemployment/job-services/job-programs-and-services/submit-a-warn-notice/current-public-notices-of-layoffs-and-closures,cf1e6c7b7b8a5bbfbf2945635f0ccd0478f1830ef843eae98c0e1a26,bfde4db22b715fb8d62cc56fc8d3986fd0a63f98,2026-07-16,2026-07-27
OH,Jakprints,jakprints,,,,,,,,,,,,,,,,,,n:jakprints,Cleveland/Cuyahoga,2020-03-26,2020-03-17,56,unknown,,0,0,1,https://jfs.ohio.gov/job-services-and-unemployment/job-services/job-programs-and-services/submit-a-warn-notice/current-public-notices-of-layoffs-and-closures,767af2c7f4777557cd71916030946ae68d5c761347d54944563a10e1,b9f755517152acbbeb72608f5732e7e080ff76d6,2026-07-16,2026-07-27
OH,NOMS Healthcare,noms healthcare,,,,,,,,,,,,,,,,,,n:noms healthcare,Sandusky/Erie,2020-03-26,2020-03-19,412,unknown,,0,0,1,https://jfs.ohio.gov/job-services-and-unemployment/job-services/job-programs-and-services/submit-a-warn-notice/current-public-notices-of-layoffs-and-closures,a2655de40b7bd97ad4089df12f708ed04e6dd9f1f59e3d8c045f1343,618401ead540d2bb26419a42d64747e7f5994d2d,2026-07-16,2026-07-27
OH,"Pappas Restaurants, Inc.",pappas restaurants,Pappas Restaurants,,72,employer,,,,,,,,549300O0U0UJMC0T1B36,Q17065479,label,,,automatic,qid:Q17065479,Springdale/Hamilton,2020-03-26,2020-03-21,166,unknown,,0,0,1,https://jfs.ohio.gov/job-services-and-unemployment/job-services/job-programs-and-services/submit-a-warn-notice/current-public-notices-of-layoffs-and-closures,906c32c449a989509b4c280e87644f452b3898320560c2f64235edc9,2e0a01654229fb65517a78c5ae561ce4a97d0ba3,2026-07-16,2026-07-27
OH,"Prestige Maintenance USA, LP",prestige maintenance usa,"PRESTIGE MAINTENANCE USA, LTD.",,561720,employer,,,,,,,,549300MVVTHTKECJV906,,,,,automatic,lei:549300MVVTHTKECJV906,Various Cities/Various Counties,2020-03-26,2020-03-19,106,unknown,,0,0,1,https://jfs.ohio.gov/job-services-and-unemployment/job-services/job-programs-and-services/submit-a-warn-notice/current-public-notices-of-layoffs-and-closures,00dd403231180400416dde246da8e1100026081ed5b257cd9fac8653,cf25342014ea2311b41ebcd2c795ca5c67e3f322,2026-07-16,2026-07-27
OH,"Soundwich, Inc.",soundwich,,,,,,,,,,,,,,,,,,n:soundwich,Cleveland/Cuyahoga,2020-03-26,2020-03-19,93,unknown,,0,0,1,https://jfs.ohio.gov/job-services-and-unemployment/job-services/job-programs-and-services/submit-a-warn-notice/current-public-notices-of-layoffs-and-closures,2b1d7c3d774df6bdaadc73582d4f053b4b546c0d732014f9793ca65c,ac47bdf7b2a83d0ae09cd087b7a47ea27c3f3570,2026-07-16,2026-07-27
OH,"Activehours, Inc-Earnin",activehours inc earnin,,,,,,,,,,,,,,,,,,n:activehours inc earnin,Loveland/Clermont,2020-03-30,2020-04-01,6,unknown,,0,0,1,https://jfs.ohio.gov/job-services-and-unemployment/job-services/job-programs-and-services/submit-a-warn-notice/current-public-notices-of-layoffs-and-closures,65b1272569995541806e3d1523cade4bc1ccb4b52e56106f48b2ab42,aee998ad16925b1fb80894ea64e0629f4d649dd7,2026-07-16,2026-07-27
OH,"America's Auto Auction Toledo, Inc.",america s auto auction toledo,,,,,,,,,,,,,,,,,,n:america s auto auction toledo,Perrysburg/Wood,2020-03-30,2020-03-23,127,unknown,,0,0,1,https://jfs.ohio.gov/job-services-and-unemployment/job-services/job-programs-and-services/submit-a-warn-notice/current-public-notices-of-layoffs-and-closures,fd186076ff372de5914823b2cff2c5ad70ec7b96f4f10de7795330a6,8516091409faed4ceb371db41236e530e04af1cf,2026-07-16,2026-07-27
OH,Beacon Orthopaedics & Sports Medicine,beacon orthopaedics sports medicine,,,,,,,,,,,,,,,,,,n:beacon orthopaedics sports medicine,Sharonville/HamiltonCincinnati/Hamilton,2020-03-30,2020-03-28,226,unknown,,0,0,1,https://jfs.ohio.gov/job-services-and-unemployment/job-services/job-programs-and-services/submit-a-warn-notice/current-public-notices-of-layoffs-and-closures,fbdcb45e3d7727bb0e5c338dfc6e6c97eab2b02682b6baa5435411b2,230850f6360aba17e3e0b12f942871d58d362d9a,2026-07-16,2026-07-27
OH,"Bermex, Inc.",bermex,,,,,,,,,,,,,,,,,,n:bermex,Columbus/Franklin,2020-03-30,2020-03-28,45,unknown,,0,0,1,https://jfs.ohio.gov/job-services-and-unemployment/job-services/job-programs-and-services/submit-a-warn-notice/current-public-notices-of-layoffs-and-closures,31beee133cd77852742eda59599f5503bbaccf893f4bcea35a605219,bec4d7e32f80d1fa9b0a003c697f9779bfcdb3e2,2026-07-16,2026-07-27
OH,Brightside Academy Ohio,brightside academy ohio,,,,,,,,,,,,,,,,,,n:brightside academy ohio,Cleveland/CuyahogaAkron/SummitColumbus/Franklin,2020-03-30,2020-03-25,144,unknown,,0,0,1,https://jfs.ohio.gov/job-services-and-unemployment/job-services/job-programs-and-services/submit-a-warn-notice/current-public-notices-of-layoffs-and-closures,59b38a2f4be45a39f52e457e7a953309bf682287cc7d7a789d98965a,83d6e7731000fd27bef5c164e1008160059cae05,2026-07-16,2026-07-27
OH,"Consolidated Metal Products, Inc.",consolidated metal products,,,,,,,,,,,,,,,,,,n:consolidated metal products,Cincinnati/Hamilton,2020-03-30,2020-03-30,52,unknown,,0,0,1,https://jfs.ohio.gov/job-services-and-unemployment/job-services/job-programs-and-services/submit-a-warn-notice/current-public-notices-of-layoffs-and-closures,613d25f84210fc8f6b63d8a7ee3d457268e8c2173188f8be3f814522,8167c241094ecb934e0b1eb511a1738f083e660e,2026-07-16,2026-07-27
OH,"Crescent Metal Products, Inc.",crescent metal products,,,,,,,,,,,,,,,,,,n:crescent metal products,Mentor/Lake,2020-03-30,2020-03-27,92,unknown,,0,0,1,https://jfs.ohio.gov/job-services-and-unemployment/job-services/job-programs-and-services/submit-a-warn-notice/current-public-notices-of-layoffs-and-closures,1aec62a25e5d21a8a79b5b1e9e27433ed1cadd1e09f12b21305911cb,665f8049c41f46cdd228dc44322ac68a92f779b7,2026-07-16,2026-07-27
OH,"Dedicated Logistics, Inc.",dedicated logistics,,,484121,employer,,,,,,,,,,,,,,n:dedicated logistics,Hamilton/Butler,2020-03-30,2020-05-31,116,unknown,,0,0,1,https://jfs.ohio.gov/job-services-and-unemployment/job-services/job-programs-and-services/submit-a-warn-notice/current-public-notices-of-layoffs-and-closures,fe65e80f33a9ea48dffe51eb6846ecd452dd0948d1132cdad0fa3de7,bc33072d433fb394c8bbe15a488f40c5e9296e31,2026-07-16,2026-07-27
OH,"GSW Manufacturing, Inc.",gsw manufacturing,,,,,,,,,,,,,,,,,,n:gsw manufacturing,Findlay/Hancock,2020-03-30,2020-03-30,55,unknown,,0,0,1,https://jfs.ohio.gov/job-services-and-unemployment/job-services/job-programs-and-services/submit-a-warn-notice/current-public-notices-of-layoffs-and-closures,b5b479dffad2c40ef2a57c5ce5be16e3e228233cfb75ef7aa6970fc1,05019e5cfbbc27ee35ce86c4a084f2da7d0eca5c,2026-07-16,2026-07-27
OH,General Aluminum Mfg. Company-Ravenna,general aluminum mfg company ravenna,,,,,,,,,,,,,,,,,,n:general aluminum mfg company ravenna,Ravenna/Portage,2020-03-30,2020-03-23,212,unknown,,0,0,1,https://jfs.ohio.gov/job-services-and-unemployment/job-services/job-programs-and-services/submit-a-warn-notice/current-public-notices-of-layoffs-and-closures,e9c0703f22a18198903c9bcc724a2bbe866dfbfc16d617ba63076fb6,c1e2098b42564fbb9eee830ebd978d204357e97f,2026-07-16,2026-07-27
OH,General Aluminum Mfg. Company-Wapakoneta,general aluminum mfg company wapakoneta,,,,,,,,,,,,,,,,,,n:general aluminum mfg company wapakoneta,Wapakoneta/Auglaize,2020-03-30,2020-03-23,121,unknown,,0,0,1,https://jfs.ohio.gov/job-services-and-unemployment/job-services/job-programs-and-services/submit-a-warn-notice/current-public-notices-of-layoffs-and-closures,cef5ef247ed7c6f117696a9118b2ab0f026a471543dcdf3796a8823b,5bf2c2604c2f9c2bbcab164ec117cb5b89965c94,2026-07-16,2026-07-27
OH,"Goodwill Industries of Greater Cleveland & East Central Ohio, Inc.",goodwill industries of greater cleveland east central ohio,,,,,,,,,,,,,,,,,,n:goodwill industries of greater cleveland east central ohio,Various Cities/Various Counties,2020-03-30,2020-03-20,426,unknown,,0,0,1,https://jfs.ohio.gov/job-services-and-unemployment/job-services/job-programs-and-services/submit-a-warn-notice/current-public-notices-of-layoffs-and-closures,012cfd3c8def807cdf9ca405f2b40964cd30a330fbab5e040b9076c6,dc0e631a78e0673478232faa56b2f408f1d76be0,2026-07-16,2026-07-27
OH,Manley Deas,manley deas,,,,,,,,,,,,,,,,,,n:manley deas,Columbus/Franklin,2020-03-30,2020-03-27,172,unknown,,0,0,1,https://jfs.ohio.gov/job-services-and-unemployment/job-services/job-programs-and-services/submit-a-warn-notice/current-public-notices-of-layoffs-and-closures,1b4e8f1a6193ad000f30f144b4b645e1a1aea4a837d622c3cdc88ab7,33166412060ede8aad36ca627891584dc58e0597,2026-07-16,2026-07-27
OH,Ohio Star Forge Company,ohio star forge,,,,,,,,,,,,,,,,,,n:ohio star forge,Warren/Trumbull,2020-03-30,2020-03-30,88,unknown,,0,0,1,https://jfs.ohio.gov/job-services-and-unemployment/job-services/job-programs-and-services/submit-a-warn-notice/current-public-notices-of-layoffs-and-closures,1b5c7c099b5e0bfc56c941e646b6d434f7605c1ec16927e746a1dd56,8191419690a3d8bba399ddff0b559be8092b2926,2026-07-16,2026-07-27
OH,Paper Source,paper source,Paper Source,,,,,,,,,,,,Q25000269,label,,,automatic,qid:Q25000269,Columbus/Franklin,2020-03-30,2020-03-29,13,unknown,,0,0,1,https://jfs.ohio.gov/job-services-and-unemployment/job-services/job-programs-and-services/submit-a-warn-notice/current-public-notices-of-layoffs-and-closures,091f064eb13ff60ae4cbbf2734634865042e99016808ecae27408f95,92e461c3d669c458c3a552c75c96b7cc7c755cb8,2026-07-16,2026-07-27
OH,Paper Source,paper source,Paper Source,,,,,,,,,,,,Q25000269,label,,,automatic,qid:Q25000269,Woodmere/Cuyahoga,2020-03-30,2020-03-29,10,unknown,,0,0,1,https://jfs.ohio.gov/job-services-and-unemployment/job-services/job-programs-and-services/submit-a-warn-notice/current-public-notices-of-layoffs-and-closures,fdddeac51fbaa2e2e7305418d0e4960965c59a64ae7791e306b7f622,e749fc75d6c0a48d9d9ce95c45dd15660746df3a,2026-07-16,2026-07-27
OH,"S.A. Comunale Co., Inc.",s a comunale,,,,,,,,,,,,,,,,,,n:s a comunale,Barberton/Summit,2020-03-30,2020-03-23,3,unknown,,0,0,1,https://jfs.ohio.gov/job-services-and-unemployment/job-services/job-programs-and-services/submit-a-warn-notice/current-public-notices-of-layoffs-and-closures,61d56897149111ad923bcd4ef2ab060c1de75a124e21493667162e45,c5fc4a74ff9109e581c6dc33c39e9bc6b2cda274,2026-07-16,2026-07-27
OH,"Walsh Commercial Group, LLC",walsh commercial group,,,,,,,,,,,,,,,,,,n:walsh commercial group,Cleveland/Cuyahoga,2020-03-30,2020-03-24,55,unknown,,0,0,1,https://jfs.ohio.gov/job-services-and-unemployment/job-services/job-programs-and-services/submit-a-warn-notice/current-public-notices-of-layoffs-and-closures,9743a5a17e8fbfe9a3bfc9ddee2c6acb0a56248f61c062de3c3a1393,f5e6abd6df58ae03bee66556bbc95335296e19a2,2026-07-16,2026-07-27
OH,ASC Airtex,asc airtex,,,,,,,,,,,,,,,,,,n:asc airtex,North Canton/Stark,2020-03-31,2020-04-01,88,unknown,,0,0,1,https://jfs.ohio.gov/job-services-and-unemployment/job-services/job-programs-and-services/submit-a-warn-notice/current-public-notices-of-layoffs-and-closures,42a78eea6d8d11a6b475050a9235d99992699c7f2462ae73bf1cb6a0,c94ccf32afc359f28fb9f27eec692f99942d7730,2026-07-16,2026-07-27
OH,Busche Performance Group,busche performance group,,,,,,,,,,,,,,,,,,n:busche performance group,Edon/Williams,2020-03-31,,75,unknown,,0,0,1,https://jfs.ohio.gov/job-services-and-unemployment/job-services/job-programs-and-services/submit-a-warn-notice/current-public-notices-of-layoffs-and-closures,a988ac76effdc832357e47cabe326917343b124064f718000eb8e11a,302751707c327c467dc46c85458c09f306f648e3,2026-07-16,2026-07-27
OH,Economy Linen,economy linen,,,,,,,,,,,,,,,,,,n:economy linen,Dayton/Montgomery,2020-03-31,2020-03-20,65,unknown,,0,0,1,https://jfs.ohio.gov/job-services-and-unemployment/job-services/job-programs-and-services/submit-a-warn-notice/current-public-notices-of-layoffs-and-closures,b36910e0d2663ee1e221b24bc0ffba09ffc68a1aae396fbf10b17a71,611fee26621c1667c56018f9e5bff04a013fc989,2026-07-16,2026-07-27
OH,General Aluminum Mfg. Company-Conneaut,general aluminum mfg company conneaut,,,,,,,,,,,,,,,,,,n:general aluminum mfg company conneaut,Conneaut/Ashtabula,2020-03-31,2020-03-23,198,unknown,,0,0,1,https://jfs.ohio.gov/job-services-and-unemployment/job-services/job-programs-and-services/submit-a-warn-notice/current-public-notices-of-layoffs-and-closures,d80f9f7542555b80231233555981dc3c5e73bf78c7d2f0752b6fdb0e,7f3aec375af9d85f8481de5f3cbebb2e9be4fefb,2026-07-16,2026-07-27
OH,Great Lakes Brewing Company,great lakes brewing,,,,,,,,,,,,,,,,,,n:great lakes brewing,Cleveland/Cuyahoga,2020-03-31,2020-03-31,116,unknown,,0,0,1,https://jfs.ohio.gov/job-services-and-unemployment/job-services/job-programs-and-services/submit-a-warn-notice/current-public-notices-of-layoffs-and-closures,6ae6f2027501835d0f6a5921dfa07ce963921974e907ea5a8c0ffe71,ac91ebcd286157186d103ceff8f2420d9d44a121,2026-07-16,2026-07-27
OH,"Great Lakes Services, LLC",great lakes services,,,,,1500448,,exact:post-era,,,,,,,,,,automatic,cik:1500448,Sandusky/ErieMason/Warren,2020-03-31,2020-03-16,802,unknown,,0,0,1,https://jfs.ohio.gov/job-services-and-unemployment/job-services/job-programs-and-services/submit-a-warn-notice/current-public-notices-of-layoffs-and-closures,de63bdd32116c737b9a6b3c2996d27eec1893d654a2f0d36957c8137,42b03c7da473d09af2ee152214d01421caee738b,2026-07-16,2026-07-27
OH,"Greenville Technology, Inc./Moriroku-North America",greenville technology inc moriroku north america,,,,,,,,,,,,,,,,,,n:greenville technology inc moriroku north america,Greenville/DarkeMarysville/Union,2020-03-31,2020-03-23,540,unknown,,0,0,1,https://jfs.ohio.gov/job-services-and-unemployment/job-services/job-programs-and-services/submit-a-warn-notice/current-public-notices-of-layoffs-and-closures,9b795a5387cddfb522bc3b7a3126080cd88fb9869a8934ee508db42b,5a5723c90d7c322470b3fd7e4db0b1dfd3d51788,2026-07-16,2026-07-27
OH,Inner Health Chiropractic,inner health chiropractic,,,,,,,,,,,,,,,,,,n:inner health chiropractic,Columbus/Franklin,2020-03-31,2020-03-16,11,unknown,,0,0,1,https://jfs.ohio.gov/job-services-and-unemployment/job-services/job-programs-and-services/submit-a-warn-notice/current-public-notices-of-layoffs-and-closures,713b9f07599ec75aa162241eb1b22ef9e34d2505b714dad4a144fed2,81b8f1db84c07a8ef0073a26863f8082f9b678d2,2026-07-16,2026-07-27
OH,Morris Furniture Company,morris furniture,,,,,,,,,,,,,,,,,,n:morris furniture,Various Cities/Various Counties,2020-03-31,2020-03-22,269,unknown,,0,0,1,https://jfs.ohio.gov/job-services-and-unemployment/job-services/job-programs-and-services/submit-a-warn-notice/current-public-notices-of-layoffs-and-closures,565d264a97398de45a2dd0180b303fbfbf28bb7a365b408611170c9e,60be8130cf95ddfc2c4e8f0d9d22955458e8f3e4,2026-07-16,2026-07-27
OH,"MountainVision Enterprises, Inc.(The Maids of Cincinnati)",mountainvision enterprises inc the maids of cincinnati,,,,,,,,,,,,,,,,,,n:mountainvision enterprises,Cincinnati/Hamilton,2020-03-31,2020-03-23,23,unknown,,0,0,1,https://jfs.ohio.gov/job-services-and-unemployment/job-services/job-programs-and-services/submit-a-warn-notice/current-public-notices-of-layoffs-and-closures,282944a39c29210b15b8207cef355629ca57a3bffc3a5e807a76d3a4,1532b8f89d31f364c5505ecec8f3df87c84c31ff,2026-07-16,2026-07-27
OH,Westin Cleveland Downtown,westin cleveland downtown,,,,,,,,,,,,,,,,,,n:westin cleveland downtown,Cleveland/Cuyahoga,2020-03-31,2020-03-16,256,unknown,,0,0,1,https://jfs.ohio.gov/job-services-and-unemployment/job-services/job-programs-and-services/submit-a-warn-notice/current-public-notices-of-layoffs-and-closures,c0044e68f84393e5253e435aa2b02b35f524611958fc2d0702171b8a,3ccfb13dc416ed1b265b77526d8e3b0917cceca4,2026-07-16,2026-07-27
OH,American Energy Corporation,american energy,,,211111,sic-crosswalk,843212,,suffix,1311,Crude Petroleum & Natural Gas,,,,,,,,automatic,cik:843212,Beallsville/Monroe,2020-04-01,2020-08-10,205,unknown,,0,0,1,https://jfs.ohio.gov/job-services-and-unemployment/job-services/job-programs-and-services/submit-a-warn-notice/current-public-notices-of-layoffs-and-closures,63b43e03203e2b47c0bcbfecf9593f9df55cfe581ffd9eb35d725187,1270a79d282ab81c69060da2a34a59dc9f38186a,2026-07-16,2026-07-27
OH,"American Mine Services, Inc.",american mine services,,,,,,,,,,,,,,,,,,n:american mine services,Clarington/Monroe,2020-04-01,2020-08-10,37,unknown,,0,0,1,https://jfs.ohio.gov/job-services-and-unemployment/job-services/job-programs-and-services/submit-a-warn-notice/current-public-notices-of-layoffs-and-closures,212b34646107e996d1ab5db6dbf011d37e54d741b15038639ec86f36,8884c7087e27edd8e8c25cd75323d27c6fc376dd,2026-07-16,2026-07-27
OH,"American Natural Gas, Inc.",american natural gas,,,,,,,,,,,,,,,,,,n:american natural gas,Saint Clairsville/Belmont,2020-04-01,2020-08-10,9,unknown,,0,0,1,https://jfs.ohio.gov/job-services-and-unemployment/job-services/job-programs-and-services/submit-a-warn-notice/current-public-notices-of-layoffs-and-closures,63e4074f2db1b235a20c92ce51156dc61901bad030a7677b8360a5db,9d09876afe284dbffa6fe0de9e9358314ff2f3a6,2026-07-16,2026-07-27
OH,"Aramark Educational Services, LLC-John Carroll University",aramark educational services llc john carroll university,,,,,,,,,,,,,,,,,,n:aramark educational services llc john carroll university,University Heights/Cuyahoga,2020-04-01,2020-05-15,102,unknown,,0,0,1,https://jfs.ohio.gov/job-services-and-unemployment/job-services/job-programs-and-services/submit-a-warn-notice/current-public-notices-of-layoffs-and-closures,db73acf7d19d36beb51d1da00d2a51f4de4812a28cad3f336554f4d4,cdc5bd6250ab2642a8db326e8308153fbd486295,2026-07-16,2026-07-27
OH,"Murray American Energy, Inc.",murray american energy,,,,,,,,,,,,,,,,,,n:murray american energy,Saint Clairsville/Belmont,2020-04-01,2020-08-10,22,unknown,,0,0,1,https://jfs.ohio.gov/job-services-and-unemployment/job-services/job-programs-and-services/submit-a-warn-notice/current-public-notices-of-layoffs-and-closures,91ba6b60a0082d8e5b9a409ab59186a9f6af50d444ba7a1eb858e6b9,e66b941fa45d4a5ea970e5710700541eab153d5d,2026-07-16,2026-07-27
OH,North American Dental Group,north american dental group,,,621210,employer,,,,,,,,,,,,,,n:north american dental group,Various Cities/Various Counties,2020-04-01,2020-03-23,443,unknown,,0,0,1,https://jfs.ohio.gov/job-services-and-unemployment/job-services/job-programs-and-services/submit-a-warn-notice/current-public-notices-of-layoffs-and-closures,b8263f509689916ebd03fc029fdbc42e82cb3203208fd5864a380bba,72401dcc721f8149088d703501375141fd58491b,2026-07-16,2026-07-27
OH,Talbert House,talbert house,TALBERT HOUSE,,62,ntee,,,,,,310713350,P200,,,,,,automatic,ein:310713350,Cincinnati/Hamilton,2020-04-01,2020-04-03,50,unknown,,0,0,1,https://jfs.ohio.gov/job-services-and-unemployment/job-services/job-programs-and-services/submit-a-warn-notice/current-public-notices-of-layoffs-and-closures,48aabafac95289f515e7f78457e1cb3e759aacc8c9d6167cff46d5f1,5b94a9228eae092ca3f42ed70d426cc9d6a27c69,2026-07-16,2026-07-27
OH,The Ohio Valley Coal Company,ohio valley coal,,,,,,,,,,,,,,,,,,n:ohio valley coal,Alledonia/Belmont,2020-04-01,2020-08-10,63,unknown,,0,0,1,https://jfs.ohio.gov/job-services-and-unemployment/job-services/job-programs-and-services/submit-a-warn-notice/current-public-notices-of-layoffs-and-closures,fd53dd639e552d5ef85b841650c4fab563e9ae8872e026fb9228e402,c5b2848be7253ccc70bab96cafa5611e90567930,2026-07-16,2026-07-27
OH,The Ohio Valley Transloading Company,ohio valley transloading,,,,,,,,,,,,,,,,,,n:ohio valley transloading,Powhatan Point/Belmont,2020-04-01,2020-08-10,3,unknown,,0,0,1,https://jfs.ohio.gov/job-services-and-unemployment/job-services/job-programs-and-services/submit-a-warn-notice/current-public-notices-of-layoffs-and-closures,e3452a6c112cb8cc37af6fb3dc78942d669907a06d6db23beeb02cdc,ac9152fa9a55fc375904154b682ee5c8a8665209,2026-07-16,2026-07-27
OH,YUSA Corporation,yusa,,,,,,,,,,,,,,,,,,n:yusa,Washington Court House/Fayette,2020-04-01,2020-03-30,350,unknown,,0,0,1,https://jfs.ohio.gov/job-services-and-unemployment/job-services/job-programs-and-services/submit-a-warn-notice/current-public-notices-of-layoffs-and-closures,10962905cb6ad50133dcde1a67348dc6b2627fb99fdb49c400cb711f,ab4f3398e7f2ce0ffe7c42d7f727be12c6e03c73,2026-07-16,2026-07-27
OH,"RTW Retailwinds, Inc.",rtw retailwinds,New York & Company,,44812,sic-crosswalk,1211351,,exact,5621,Retail-Women's Clothing Stores,,,,Q7012977,cik,,,automatic,qid:Q7012977,Various Cities/Various Counties,2020-04-02,2020-03-29,176,unknown,,0,0,1,https://jfs.ohio.gov/job-services-and-unemployment/job-services/job-programs-and-services/submit-a-warn-notice/current-public-notices-of-layoffs-and-closures,5d006b497bc0076aa59fb05050e3a04f7683428dd8f1ac30da9145b1,6345a818328df0faa0e71320188aa11c1c2e62b4,2026-07-16,2026-07-27
OH,Crowne Plaza Columbus Downtown,crowne plaza columbus downtown,,,,,,,,,,,,,,,,,,n:crowne plaza columbus downtown,Columbus/Franklin,2020-04-03,2020-03-20,103,unknown,,0,0,1,https://jfs.ohio.gov/job-services-and-unemployment/job-services/job-programs-and-services/submit-a-warn-notice/current-public-notices-of-layoffs-and-closures,8dfd8b0632312221f823d8d3d8c4ff52dae7d15c59d309fb89ded507,d3ba995c64a01317e576f9efc0fa936a29218edf,2026-07-16,2026-07-27
OH,InterContinental Cleveland Conference Center,intercontinental cleveland conference center,,,,,,,,,,,,,,,,,,n:intercontinental cleveland conference center,Cleveland/Cuyahoga,2020-04-03,2020-04-10,120,unknown,,0,0,1,https://jfs.ohio.gov/job-services-and-unemployment/job-services/job-programs-and-services/submit-a-warn-notice/current-public-notices-of-layoffs-and-closures,b5fce3b82de37ed5d4f1850d7074b75fc5d922f8fc087ae88461096f,ff90812a8e8b8054a04280d19b34316d7dac783c,2026-07-16,2026-07-27
OH,"Americhem, Inc.",americhem,,,,,,,,,,,,,,,,,,n:americhem,Cuyahoga Falls/Summit,2020-04-06,2020-04-01,56,unknown,,0,0,1,https://jfs.ohio.gov/job-services-and-unemployment/job-services/job-programs-and-services/submit-a-warn-notice/current-public-notices-of-layoffs-and-closures,bb035f35883b3e7c84d4b43a4447fa6e00c77909835ae4ffb004b13f,05a0226ef7ccdaba81ff019bc40ec47572a8bc64,2026-07-16,2026-07-27
OH,Bekaert Corporation,bekaert,,,,,1436516,,exact:post-era,,,,,,,,,,automatic,cik:1436516,Orrville/Wayne,2020-04-06,2020-03-27,40,unknown,,0,0,1,https://jfs.ohio.gov/job-services-and-unemployment/job-services/job-programs-and-services/submit-a-warn-notice/current-public-notices-of-layoffs-and-closures,20af1fe183a4749eb2c9db7596f5bac77d7390cd0ab3001e194a1393,9e501317641d7cecbd6cfe762b4382079e8a15f0,2026-07-16,2026-07-27
OH,"Cinemark USA, Inc.",cinemark usa,Cinemark,,512131,employer,885975,,exact,7830,Services-Motion Picture Theaters,,,,Q707530,label,,,automatic,qid:Q707530,Various Cities/Various Counties,2020-04-06,2020-03-26,1303,unknown,,0,0,1,https://jfs.ohio.gov/job-services-and-unemployment/job-services/job-programs-and-services/submit-a-warn-notice/current-public-notices-of-layoffs-and-closures,49db03436ac1f1f0ade890c792b501e4b997cad050551258f757d1a7,26b039ef0adb99621398ee40783031ed0cf46f3a,2026-07-16,2026-07-27
OH,Cooper Tire & Rubber Company,cooper tire rubber,,,326211,sic-crosswalk,24491,,exact,3011,Tires & Inner Tubes,,,,,,,,automatic,cik:24491,Findlay/Hancock,2020-04-06,2020-04-06,797,unknown,,0,0,1,https://jfs.ohio.gov/job-services-and-unemployment/job-services/job-programs-and-services/submit-a-warn-notice/current-public-notices-of-layoffs-and-closures,f2f283b64963ba603a9a9709444601d24b328b1c26a056529e896b4b,3fe451dfbe71d0b6510bcb73d2bbab39b770dbb3,2026-07-16,2026-07-27
OH,Lamrite West,lamrite west,,,,,,,,,,,,,,,,,,n:lamrite west,Strongsville/Cuyahoga,2020-04-06,2020-04-06,45,unknown,,0,0,1,https://jfs.ohio.gov/job-services-and-unemployment/job-services/job-programs-and-services/submit-a-warn-notice/current-public-notices-of-layoffs-and-closures,12c8f5f0563a6a77c22ad3aa9d6b1a6d5658eea95ca2b52cee41233f,269f277ff84d1bb2013e1cab94ef66f328cc6d4d,2026-07-16,2026-07-27
OH,Midwest Tape LLC,midwest tape,,,,,,,,,,,,,,,,,,n:midwest tape,Holland/Lucas,2020-04-06,2020-03-23,183,unknown,,0,0,1,https://jfs.ohio.gov/job-services-and-unemployment/job-services/job-programs-and-services/submit-a-warn-notice/current-public-notices-of-layoffs-and-closures,67f74d512007f4263b601a775f6c7f0ceb9defd7b86d1bfda14e34fa,7f2314a876d0a99e821080897f8c214e911d0ddb,2026-07-16,2026-07-27
OH,Rock & Roll Hall of Fame,rock roll hall of fame,,,,,,,,,,,,,,,,,,n:rock roll hall of fame,Cleveland/Cuyahoga,2020-04-06,2020-04-12,108,unknown,,0,0,1,https://jfs.ohio.gov/job-services-and-unemployment/job-services/job-programs-and-services/submit-a-warn-notice/current-public-notices-of-layoffs-and-closures,8c64f681a6d809c2e22f23bad1835a7bea960f2ff46d209e10e316e2,9399291fcd8fae44704295a35b98252ff918df1f,2026-07-16,2026-07-27
OH,Superior Auto Group,superior auto group,,,,,,,,,,,,,,,,,,n:superior auto group,Cincinnati/Hamilton,2020-04-06,2020-04-01,72,unknown,,0,0,1,https://jfs.ohio.gov/job-services-and-unemployment/job-services/job-programs-and-services/submit-a-warn-notice/current-public-notices-of-layoffs-and-closures,ba484b0d525499dda2f7a180475ad9d49e7daaa2a97a702cf7f90ff1,5a7c522485c71db0dfa7877e4b29178d66ae5107,2026-07-16,2026-07-27
OH,"VAM USA, LLC",vam usa,,,,,,,,,,,,,,,,,,n:vam usa,Youngstown/Mahoning,2020-04-06,2020-04-30,59,unknown,,0,0,1,https://jfs.ohio.gov/job-services-and-unemployment/job-services/job-programs-and-services/submit-a-warn-notice/current-public-notices-of-layoffs-and-closures,89a38ad8d3a4fa531e9ab0be977630854432ac7e2ecc85ef30f7dad7,5e4475119c937f13d8e10f782dada3856e217683,2026-07-16,2026-07-27
OH,Benihana Columbus Corp,benihana columbus,,,,,,,,,,,,,,,,,,n:benihana columbus,Columbus/Delaware,2020-04-07,2020-03-16,37,unknown,,0,0,1,https://jfs.ohio.gov/job-services-and-unemployment/job-services/job-programs-and-services/submit-a-warn-notice/current-public-notices-of-layoffs-and-closures,5edd4fe0f7af1f3b774aa605958032b32e50dc3c53638d9344fe9fd6,97af46b3f1ef39813d56f812fc21600c0f369f99,2026-07-16,2026-07-27
OH,Benihana National Corp,benihana national,,,722511,employer,,,,,,,,,,,,,,n:benihana national,Cincinnati/Hamilton,2020-04-07,2020-03-16,34,unknown,,0,0,1,https://jfs.ohio.gov/job-services-and-unemployment/job-services/job-programs-and-services/submit-a-warn-notice/current-public-notices-of-layoffs-and-closures,7aaef59c72fbb870513fe2f0c31f4d701ec7c12615a605a49de47829,67a91bc7b3aec44e343d8696a41cd2eabdbd213c,2026-07-16,2026-07-27
OH,CBC Companies,cbc companies,,,,,,,,,,,,,,,,,,n:cbc companies,Columbus/Franklin,2020-04-07,2020-03-27,17,unknown,,0,0,1,https://jfs.ohio.gov/job-services-and-unemployment/job-services/job-programs-and-services/submit-a-warn-notice/current-public-notices-of-layoffs-and-closures,58e52748995a59dd1645bea81352c0d7741bc24d03811ddea7f60d1a,befb969b379faa3d8211ad74319e0ddd8f6b616e,2026-07-16,2026-07-27
OH,G6 Hospitality LLC,g6 hospitality,,,,,,,,,,,,,,,,,,n:g6 hospitality,Worthington/Columbus,2020-04-07,2020-04-13,70,unknown,,0,0,1,https://jfs.ohio.gov/job-services-and-unemployment/job-services/job-programs-and-services/submit-a-warn-notice/current-public-notices-of-layoffs-and-closures,1312920c9468ec8e0659675981b7ee3ecb712c9635e0fe93e212bea3,631edfe3220a1947e72595565f93a1357d5d858c,2026-07-16,2026-07-27
OH,"Hooters of America, LLC",hooters of america,,,722511,employer,,,,,,,,,,,,,,n:hooters of america,Various Cities/Various Counties,2020-04-07,2020-03-16,134,unknown,,0,0,1,https://jfs.ohio.gov/job-services-and-unemployment/job-services/job-programs-and-services/submit-a-warn-notice/current-public-notices-of-layoffs-and-closures,fb6d3ad636850bd80e29e505c93e9ff319a082af0b8ec9d4016a47b2,e3b65b842838b7e35db468b28036adc121e6bb7e,2026-07-16,2026-07-27
OH,"Huhtamaki, Inc.",huhtamaki,"HUHTAMAKI, INC.",,322299,employer,,,,,,,,549300I7FRMVFIPQLA59,,,,,automatic,lei:549300I7FRMVFIPQLA59,Batavia/Clermont,2020-04-07,2020-04-06,235,unknown,,0,0,1,https://jfs.ohio.gov/job-services-and-unemployment/job-services/job-programs-and-services/submit-a-warn-notice/current-public-notices-of-layoffs-and-closures,20e8304a8355f679d0f8e7b453fe46ee501197d66f6a48e2160bd90a,14dd3833470c8bb430802fc928c01d29ec651531,2026-07-16,2026-07-27
OH,Johns Manville,johns manville,,,,,355473,,exact:post-era,3290,"Abrasive, Asbestos & Misc Nonmetallic Mineral Prods",,,,,,,,automatic,cik:355473,Defiance/Defiance,2020-04-07,2020-04-06,35,unknown,,0,0,1,https://jfs.ohio.gov/job-services-and-unemployment/job-services/job-programs-and-services/submit-a-warn-notice/current-public-notices-of-layoffs-and-closures,30d795765884efc66229434322ff20efc65b4c4e4c23b573853b9440,68b99c16789dba299a55e1359672d4efa470533e,2026-07-16,2026-07-27
OH,Rayco,rayco,,,,,,,,,,,,,,,,,,n:rayco,Wooster/Wayne,2020-04-07,2020-04-07,60,unknown,,0,0,1,https://jfs.ohio.gov/job-services-and-unemployment/job-services/job-programs-and-services/submit-a-warn-notice/current-public-notices-of-layoffs-and-closures,2d24caf5edead7f0673be495997a43a0039a2b728b9de464ee65582b,0c40b53dd15270c2721da6465a06385c400a44bd,2026-07-16,2026-07-27
OH,"Samurai, Inc.",samurai,,,72,employer,1787658,,suffix,,,,,,,,,,automatic,cik:1787658,Cleveland/Cuyahoga,2020-04-07,2020-03-16,29,unknown,,0,0,1,https://jfs.ohio.gov/job-services-and-unemployment/job-services/job-programs-and-services/submit-a-warn-notice/current-public-notices-of-layoffs-and-closures,c48ee2ff6d3a4d935c7c5786cd4d4aa7ac1c32348499156f5d2ab687,5f9393e2a4dff1c260e832a91a14c5b099e6b805,2026-07-16,2026-07-27
OH,"Scioto Downs, Inc. (Eldorado Scioto Downs)",scioto downs inc eldorado scioto downs,,,,,87836,,exact:base,,,,,,,,,,automatic,cik:87836,Columbus/Franklin,2020-04-07,2020-04-11,420,unknown,,0,0,1,https://jfs.ohio.gov/job-services-and-unemployment/job-services/job-programs-and-services/submit-a-warn-notice/current-public-notices-of-layoffs-and-closures,821bdf85e03301941141625537d17e9411162d6a055bb71f0b4776fc,2131ecf3986557647db079f01c788786342859ec,2026-07-16,2026-07-27
OH,Acoust-A-Fiber,acoust a fiber,,,,,,,,,,,,,,,,,,n:acoust a fiber,Delaware/Delaware,2020-04-08,2020-03-19,159,unknown,,0,0,1,https://jfs.ohio.gov/job-services-and-unemployment/job-services/job-programs-and-services/submit-a-warn-notice/current-public-notices-of-layoffs-and-closures,2bc0d6bd2e5340954cb1887791604191d2265d8a72c04a94563d261a,e6cf845ce27b5b801126ff921193e1907fa4f2eb,2026-07-16,2026-07-27
OH,Arhaus Furniture,arhaus furniture,,,,,,,,,,,,,,,,,,n:arhaus furniture,Various Cities/Various Counties,2020-04-08,2020-04-03,188,unknown,,0,0,1,https://jfs.ohio.gov/job-services-and-unemployment/job-services/job-programs-and-services/submit-a-warn-notice/current-public-notices-of-layoffs-and-closures,4ff9f6227789a10378e0b5410130da30b524769969f5325d4b9e0dc2,a55b97eaff8c5a0153e75f3935945d4016a775a0,2026-07-16,2026-07-27
OH,"Huhtamaki, Inc.",huhtamaki,"HUHTAMAKI, INC.",,322299,employer,,,,,,,,549300I7FRMVFIPQLA59,,,,,automatic,lei:549300I7FRMVFIPQLA59,Franklin/Warren,2020-04-09,2020-04-08,20,unknown,,0,0,1,https://jfs.ohio.gov/job-services-and-unemployment/job-services/job-programs-and-services/submit-a-warn-notice/current-public-notices-of-layoffs-and-closures,9afb817aba6afe439016a5f88798c336319861627ecce0b2842bfcf5,f0f367d1123b11705d6c9fb82d15dca5ff843b99,2026-07-16,2026-07-27
OH,"JSW Steel USA Ohio, Inc.",jsw steel usa ohio,,,,,,,,,,,,,,,,,,n:jsw steel usa ohio,Mingo Junction/Jefferson,2020-04-09,2020-04-09,162,unknown,,0,0,1,https://jfs.ohio.gov/job-services-and-unemployment/job-services/job-programs-and-services/submit-a-warn-notice/current-public-notices-of-layoffs-and-closures,7335b451edf2472f537ec10dcbf1c9b3a7f86fcbd7a838da44027b7e,e933ae222c63c489922ea119f2a2227fa9cb9539,2026-07-16,2026-07-27
OH,Agrati Medina,agrati medina,,,,,,,,,,,,,,,,,,n:agrati medina,Medina/Medina,2020-04-10,2020-04-15,163,unknown,,0,0,1,https://jfs.ohio.gov/job-services-and-unemployment/job-services/job-programs-and-services/submit-a-warn-notice/current-public-notices-of-layoffs-and-closures,8db2d556aac0ad3fc0d0e17255ca81001cd0ee3ed9f6e0d901b40f22,8c3f29e079bdebc6127400ae24157f2f5b596514,2026-07-16,2026-07-27
OH,Agrati Tiffin,agrati tiffin,,,,,,,,,,,,,,,,,,n:agrati tiffin,Tiffin/Seneca,2020-04-10,2020-04-13,57,unknown,,0,0,1,https://jfs.ohio.gov/job-services-and-unemployment/job-services/job-programs-and-services/submit-a-warn-notice/current-public-notices-of-layoffs-and-closures,4f410ecbf66465c00f2aae0156cb832fe1e84d65ff4e7d5a3f227e66,57ac46269a9f88bfae5d413cc2fdfc454f567406,2026-07-16,2026-07-27
OH,VSPOne,vspone,,,,,,,,,,,,,,,,,,n:vspone,Lockbourne/Franklin,2020-04-10,2020-04-10,234,unknown,,0,0,1,https://jfs.ohio.gov/job-services-and-unemployment/job-services/job-programs-and-services/submit-a-warn-notice/current-public-notices-of-layoffs-and-closures,d29fe67c9e61cb441556513e639d384d4dc3e7bee5f1a8d8a9befe8c,80120f3ef289c2202608b6164bcf6534e7b087b9,2026-07-16,2026-07-27
OH,"I Am Boundless, Inc.",i am boundless,I AM BOUNDLESS INC,,62,ntee,,,,,,900817260,P82,,,,,,automatic,ein:900817260,Worthington/FranklinWest Carrollton/Montgomery,2020-04-13,2020-04-17,87,unknown,,0,0,1,https://jfs.ohio.gov/job-services-and-unemployment/job-services/job-programs-and-services/submit-a-warn-notice/current-public-notices-of-layoffs-and-closures,c551d3d8b77f304b8e058cc0d3181afaa874278d3860a321cb8b41f8,df8d68696671185fdff628c211dee98628ee8e22,2026-07-16,2026-07-27
OH,SugarCreek Packing Co.,sugarcreek packing,,,,,,,,,,,,,,,,,,n:sugarcreek packing,Dayton/Montgomery,2020-04-13,2020-03-26,94,unknown,,0,0,1,https://jfs.ohio.gov/job-services-and-unemployment/job-services/job-programs-and-services/submit-a-warn-notice/current-public-notices-of-layoffs-and-closures,bdcbdf9071bf1b945bb2fec40aa19a52a90bf6a270b29f9426356467,e8ded8858a4554fd43bad6f0f865593e7f4e14e0,2026-07-16,2026-07-27
OH,"Advanced Composites, Inc.",advanced composites,,,,,,,,,,,,,,,,,,n:advanced composites,Sidney/Shelby,2020-04-14,2020-04-13,210,unknown,,0,0,1,https://jfs.ohio.gov/job-services-and-unemployment/job-services/job-programs-and-services/submit-a-warn-notice/current-public-notices-of-layoffs-and-closures,c4607f69292ca339c94887e4d7fe6833dbc7480b007a0b898c1d2df6,8d2bb5d2301674320281263609c7150c45094796,2026-07-16,2026-07-27
OH,ArcelorMittal Cleveland USA,arcelormittal cleveland usa,,,,,,,,,,,,,,,,,,n:arcelormittal cleveland usa,Cleveland/Cuyahoga,2020-04-14,2020-04-12,48,unknown,,0,0,1,https://jfs.ohio.gov/job-services-and-unemployment/job-services/job-programs-and-services/submit-a-warn-notice/current-public-notices-of-layoffs-and-closures,a752093810562363e3b4671f0bf0c6979c3adfc93e970dc3342f960f,77df35e9712293c70a2e5f4c31bf5620689ae42b,2026-07-16,2026-07-27
OH,Concord Dayton Hotel II LLC (Marriott at the University of Dayton),concord dayton hotel ii llc marriott at the university of dayton,,,,,,,,,,,,,,,,,,n:concord dayton hotel ii,Dayton/Montgomery,2020-04-14,2020-03-20,160,unknown,,0,0,1,https://jfs.ohio.gov/job-services-and-unemployment/job-services/job-programs-and-services/submit-a-warn-notice/current-public-notices-of-layoffs-and-closures,e29bdbc56684eaeb13010a84ed912950bf96e51c9dbf1b2f5f422af2,d43118b10f113788a5d22bebf76d3d6fbbfbea94,2026-07-16,2026-07-27
OH,Crowne Plaza Dayton,crowne plaza dayton,,,,,,,,,,,,,,,,,,n:crowne plaza dayton,Dayton/Montgomery,2020-04-14,2020-03-16,130,unknown,,0,0,1,https://jfs.ohio.gov/job-services-and-unemployment/job-services/job-programs-and-services/submit-a-warn-notice/current-public-notices-of-layoffs-and-closures,73999be943dbbc2eb79b46e5f507f8be519ce741ae3bdc5ccf708c5d,f88f3bf21416c0843b27b2dfbb850c8969c27e95,2026-07-16,2026-07-27
OH,Deceuninck North America (DNA),deceuninck north america dna,,,,,,,,,,,,,,,,,,n:deceuninck north america,Monroe/Butler,2020-04-14,2020-04-15,233,unknown,,0,0,1,https://jfs.ohio.gov/job-services-and-unemployment/job-services/job-programs-and-services/submit-a-warn-notice/current-public-notices-of-layoffs-and-closures,b92f27e207d5f05664bb8832598c55b9c6c246d1eac824bd025f5db9,108270f9cc20a74a3df39fd4c429e6e449d29f5d,2026-07-16,2026-07-27
OH,Ohio Cinema Investments LLC (Cinepolis),ohio cinema investments llc cinepolis,,,,,,,,,,,,,,,,,,n:ohio cinema investments,Miamisburg/Montgomery,2020-04-14,2020-03-23,43,unknown,,0,0,1,https://jfs.ohio.gov/job-services-and-unemployment/job-services/job-programs-and-services/submit-a-warn-notice/current-public-notices-of-layoffs-and-closures,98bfe0150dcbaa4d078cb875bfe8fd92d3eed73d0fc7d3f712d444ee,e24d7b0b850a54a65b6d1f7a4b41a367e2ae4337,2026-07-16,2026-07-27
OH,Race Winning Brands,race winning brands,,,,,,,,,,,,,,,,,,n:race winning brands,Mentor/Lake,2020-04-14,2020-04-14,67,unknown,,0,0,1,https://jfs.ohio.gov/job-services-and-unemployment/job-services/job-programs-and-services/submit-a-warn-notice/current-public-notices-of-layoffs-and-closures,e783b7d32d8eed21e42a40636e46a1be778cd8c2c726797ca6f8d9f6,c331aa0da5c67b10494b7a2118df96d4c3a3ca3b,2026-07-16,2026-07-27
OH,"Vitro Automotive/Pittsburgh Glass Works, LLC",vitro automotive pittsburgh glass works,,,339,employer,,,,,,,,,,,,,,n:vitro automotive pittsburgh glass works,Crestline/Crawford,2020-04-14,2020-03-23,318,unknown,,0,0,1,https://jfs.ohio.gov/job-services-and-unemployment/job-services/job-programs-and-services/submit-a-warn-notice/current-public-notices-of-layoffs-and-closures,7d9b838ad54493150e88de00109ef571795a1c4ade2a2da62eee9707,73739384b064495ed5ae783c20a676443eccfa63,2026-07-16,2026-07-27
OH,ArcelorMittal Columbus LLC,arcelormittal columbus,,,,,,,,,,,,,,,,,,n:arcelormittal columbus,Columbus/Franklin,2020-04-15,2020-04-19,122,unknown,,0,0,1,https://jfs.ohio.gov/job-services-and-unemployment/job-services/job-programs-and-services/submit-a-warn-notice/current-public-notices-of-layoffs-and-closures,70687489cf258e6c985e5db12bbf5460430305afe9a07f2613519943,08b4d9ef5a7d535d69be3e6854ec9c72b265077f,2026-07-16,2026-07-27
OH,CBCS,cbcs,,,56,employer,,,,,,,,,,,,,,n:cbcs,Dayton/Montgomery,2020-04-15,2020-03-23,17,unknown,,0,0,1,https://jfs.ohio.gov/job-services-and-unemployment/job-services/job-programs-and-services/submit-a-warn-notice/current-public-notices-of-layoffs-and-closures,ebc4ed20534b3d1b1ebe5a106ddd40f088c8419a42e908feec6887d7,899eff2f3461055c0d6dae7e33a9f10416c415c5,2026-07-16,2026-07-27
OH,"Fulton County Processing, LTD",fulton county processing,,,,,,,,,,,,,,,,,,n:fulton county processing,Delta/Fulton,2020-04-15,2020-04-17,58,unknown,,0,0,1,https://jfs.ohio.gov/job-services-and-unemployment/job-services/job-programs-and-services/submit-a-warn-notice/current-public-notices-of-layoffs-and-closures,424533d85f23a0de4269088276aabaf27a27c83ee300307223314292,6463da170b1d7b5fd8370317dde3d9e4672ee8ea,2026-07-16,2026-07-27
OH,"HCFS Health Care Financial Services, LLC",hcfs health care financial services,,,56,employer,,,,,,,,,,,,,,n:hcfs health care financial services,Akron/Summit,2020-04-15,2020-04-15,181,unknown,,0,0,1,https://jfs.ohio.gov/job-services-and-unemployment/job-services/job-programs-and-services/submit-a-warn-notice/current-public-notices-of-layoffs-and-closures,289403bdc3acb276da4ebd89faf2385a65ba981631ce21bc04d32242,d41bba5143eda986594a3b17a630f86207a9d24b,2026-07-16,2026-07-27
OH,Hilton Cincinnati Netherland Plaza,hilton cincinnati netherland plaza,,,,,,,,,,,,,,,,,,n:hilton cincinnati netherland plaza,Cincinnati/Hamilton,2020-04-15,2020-03-19,279,unknown,,0,0,1,https://jfs.ohio.gov/job-services-and-unemployment/job-services/job-programs-and-services/submit-a-warn-notice/current-public-notices-of-layoffs-and-closures,27964b2d11e1b797f7e66dfd9a39b9bf45e7c99bbc23a803acc27b3c,1d2c2f17010122d74ebd75e2bbff6f86818f8710,2026-07-16,2026-07-27
OH,"Pier 1 Imports, Inc.",pier 1 imports,Pier 1 Imports,,442299,employer,278130,,exact,5700,"Retail-Home Furniture, Furnishings & Equipment Stores",,,,Q7191691,label,,,automatic,qid:Q7191691,Groveport/Franklin,2020-04-15,2020-08-31,221,unknown,,0,0,1,https://jfs.ohio.gov/job-services-and-unemployment/job-services/job-programs-and-services/submit-a-warn-notice/current-public-notices-of-layoffs-and-closures,9e1eb44da971b4af730e5da2b228e11be1b9cc60b488abd3ca63061d,4ba39c76df1a9bcb34d0f6f1992f1c78a3cadec0,2026-07-16,2026-07-27
OH,"Profusion Industries, LLC",profusion industries,,,,,,,,,,,,,,,,,,n:profusion industries,Marietta/Washington,2020-04-15,2020-03-30,159,unknown,,0,0,1,https://jfs.ohio.gov/job-services-and-unemployment/job-services/job-programs-and-services/submit-a-warn-notice/current-public-notices-of-layoffs-and-closures,4cecd0464f16bb90402d89ea3a721f5cc0e8026f7596bc413c466132,29a96a2e5cadadaf3e0a325732973e145010d4ac,2026-07-16,2026-07-27
OH,Scholastic Book Fairs,scholastic book fairs,,,424920,employer,,,,,,,,,,,,,,n:scholastic book fairs,West Chester/Butler,2020-04-15,2020-03-18,142,unknown,,0,0,1,https://jfs.ohio.gov/job-services-and-unemployment/job-services/job-programs-and-services/submit-a-warn-notice/current-public-notices-of-layoffs-and-closures,72c39a73b17148ae483db6992e1064104dcbfe0f918a21f14b8d581f,4d53a5bc1080b14970277518fcfab3f32dfc1a14,2026-07-16,2026-07-27
OH,"Westar Hotel Partners, LLC (Renaissance Columbus Westerville)",westar hotel partners llc renaissance columbus westerville,,,,,,,,,,,,,,,,,,n:westar hotel partners,Westerville/Delaware,2020-04-15,2020-03-20,105,unknown,,0,0,1,https://jfs.ohio.gov/job-services-and-unemployment/job-services/job-programs-and-services/submit-a-warn-notice/current-public-notices-of-layoffs-and-closures,9667fec362fa58a979b5914a661367d6186e0ebf1bea5948a2c07f54,51233dc5e310824dcb01483a7bc2d1d8cbca454a,2026-07-16,2026-07-27
OH,Blair Rubber Company,blair rubber,,,,,,,,,,,,,,,,,,n:blair rubber,Seville/Medina,2020-04-16,2020-04-19,12,unknown,,0,0,1,https://jfs.ohio.gov/job-services-and-unemployment/job-services/job-programs-and-services/submit-a-warn-notice/current-public-notices-of-layoffs-and-closures,005f2971d33905044ea473c2b292c1db2cca32f26b912872c3c64ad8,726b3a03c6263465a6a1627cb61eb197e292c022,2026-07-16,2026-07-27
OH,"Certech, Inc.",certech,,,,,,,,,,,,,,,,,,n:certech,Twinsburg/Summit,2020-04-16,2020-04-20,40,unknown,,0,0,1,https://jfs.ohio.gov/job-services-and-unemployment/job-services/job-programs-and-services/submit-a-warn-notice/current-public-notices-of-layoffs-and-closures,c0f03c7c437806d82d038441a30dc216d221784ad81d1294ecec8934,f10b8b1348ee67a5230f82aeb9565859a8867011,2026-07-16,2026-07-27
OH,"Green Tokai Co., LTD",green tokai,"Green Tokai Co., Ltd.",,,,,,,,,,,549300EQFYWIHECVN744,,,,,automatic,lei:549300EQFYWIHECVN744,Brookville/Montgomery,2020-04-16,2020-03-23,543,unknown,,0,0,1,https://jfs.ohio.gov/job-services-and-unemployment/job-services/job-programs-and-services/submit-a-warn-notice/current-public-notices-of-layoffs-and-closures,7c3bf849f815d13a4fe1d625eddba60d5748af8f63325fc8d4401671,0685dd6bf1ad64cfccc8401c43f5c31feb4fc47e,2026-07-16,2026-07-27
OH,"Avis Budget Car Rental, LLC",avis budget car rental,,,,,1391303,,exact:post-era,7510,Services-Auto Rental & Leasing (No Drivers),,,,,,,,automatic,cik:1391303,Cleveland/Cuyahoga,2020-04-20,2020-03-13,44,unknown,,0,0,1,https://jfs.ohio.gov/job-services-and-unemployment/job-services/job-programs-and-services/submit-a-warn-notice/current-public-notices-of-layoffs-and-closures,ef0b7830dc10b6a6618d955c51b2e1e609d230ce38025fdbe539c134,597595c58324ae4deaba8988264e1ca1f8136f5e,2026-07-16,2026-07-27
OH,"Avis Budget Car Rental, LLC",avis budget car rental,,,,,1391303,,exact:post-era,7510,Services-Auto Rental & Leasing (No Drivers),,,,,,,,automatic,cik:1391303,Columbus/Franklin,2020-04-20,2020-03-20,29,unknown,,0,0,1,https://jfs.ohio.gov/job-services-and-unemployment/job-services/job-programs-and-services/submit-a-warn-notice/current-public-notices-of-layoffs-and-closures,63d8394c0b4421532d4fec94e051952eb144751a32a6a90cd01d1ae5,b5862b933b3b15a3b7d3593b866dc9dd7cc44fbd,2026-07-16,2026-07-27
OH,"Maines Paper & Food Service, Inc.",maines paper food service,,,,,,,,,,,,,,,,,,n:maines paper food service,Oakwood Village/Cuyahoga,2020-04-20,2020-04-17,63,unknown,,0,0,1,https://jfs.ohio.gov/job-services-and-unemployment/job-services/job-programs-and-services/submit-a-warn-notice/current-public-notices-of-layoffs-and-closures,995d1c63463679ff843562ebfcf27cc1cd0faf68d20567325dab08e3,285812d3d666dc33a8e480cf5b6301f26509961a,2026-07-16,2026-07-27
OH,"Miller's Ale House, Inc.",miller s ale house,,,,,,,,,,,,,,,,,,n:miller s ale house,Columbus/Franklin,2020-04-20,2020-05-13,67,unknown,,0,0,1,https://jfs.ohio.gov/job-services-and-unemployment/job-services/job-programs-and-services/submit-a-warn-notice/current-public-notices-of-layoffs-and-closures,5953b1e77231cca39c4954ffdcca013e1cedd106e68a48e0faea283e,ea918517c1efadf940e02a6b648fd3bbb9c37995,2026-07-16,2026-07-27
OH,ArcelorMittal Cleveland USA,arcelormittal cleveland usa,,,,,,,,,,,,,,,,,,n:arcelormittal cleveland usa,Cleveland/Cuyahoga,2020-04-21,2020-04-19,403,unknown,,0,0,1,https://jfs.ohio.gov/job-services-and-unemployment/job-services/job-programs-and-services/submit-a-warn-notice/current-public-notices-of-layoffs-and-closures,977aeb44553a0df892439620b53d1b52f9ce1e1aa82b633923c652de,726252785d8793fffe86871755d38b9d51537543,2026-07-16,2026-07-27
OH,"IAC Wauseon, LLC",iac wauseon,,,,,,,,,,,,,,,,,,n:iac wauseon,Wauseon/Fulton,2020-04-21,2020-04-27,125,unknown,,0,0,1,https://jfs.ohio.gov/job-services-and-unemployment/job-services/job-programs-and-services/submit-a-warn-notice/current-public-notices-of-layoffs-and-closures,52b9feea3e234c9ef828ec9d04a497e03f5dc174415c4efde31473df,df8ec23c7670d85219d726f58f79e9a023266dcc,2026-07-16,2026-07-27
OH,"Apex Environmental, LLC",apex environmental,,,,,1315467,,exact:post-era,,,,,,,,,,automatic,cik:1315467,Amsterdam/Jefferson,2020-04-22,2020-03-26,49,unknown,,0,0,1,https://jfs.ohio.gov/job-services-and-unemployment/job-services/job-programs-and-services/submit-a-warn-notice/current-public-notices-of-layoffs-and-closures,254bd00f439f3c9cd70f60861f046cf9764b135a18e845a5b134e8d7,43a148e8171664ba064284e1771a6955584eed0a,2026-07-16,2026-07-27
OH,"Gradall Industries, Inc.",gradall industries,,,33,sic-crosswalk,1017136,,exact:post-era,3531,Construction Machinery & Equip,,,,,,,,automatic,cik:1017136,New Philadelphia/Tuscarawas,2020-04-22,2020-02-28,103,unknown,,0,0,1,https://jfs.ohio.gov/job-services-and-unemployment/job-services/job-programs-and-services/submit-a-warn-notice/current-public-notices-of-layoffs-and-closures,4e09ca4905d9ee2be0b65b3357ce56f120098b37085459d81b0d8e09,87c1f920d2f14cb8d5d46d24e4061622c5e5dde4,2026-07-16,2026-07-27
OH,Urbana University (Franklin University),urbana university franklin university,,,,,,,,,,,,,,,,,,n:urbana university,Urbana/Champaign,2020-04-22,2020-04-21,321,unknown,,0,0,1,https://jfs.ohio.gov/job-services-and-unemployment/job-services/job-programs-and-services/submit-a-warn-notice/current-public-notices-of-layoffs-and-closures,f03a703e55d931c1901f274392d5592dd45d3f3866c74b5c0e62d29b,e0d8e4e4b65dcadb96ecf8ec457b309f323be59a,2026-07-16,2026-07-27
OH,"Visionworks, Inc.",visionworks,Visionworks of America,,,,1287887,,exact:post-era,,,,,,Q5422607,label,,,automatic,qid:Q5422607,Various Cities/Various Counties,2020-04-23,2020-04-02,53,unknown,,0,0,1,https://jfs.ohio.gov/job-services-and-unemployment/job-services/job-programs-and-services/submit-a-warn-notice/current-public-notices-of-layoffs-and-closures,7d1fe253e2ae399a3baa66c828f07c26e47d69882f906ab2ff3f4a5b,852140076d368b117395e995b68d2e9021dd51eb,2026-07-16,2026-07-27
OH,"Belcan, LLC",belcan,"Belcan, LLC",,,,,,,,,,,,Q4882034,label,,,automatic,qid:Q4882034,Blue Ash/HamiltonCincinnati/Hamilton,2020-04-27,2020-04-24,720,unknown,,0,0,1,https://jfs.ohio.gov/job-services-and-unemployment/job-services/job-programs-and-services/submit-a-warn-notice/current-public-notices-of-layoffs-and-closures,439623dd2b3a3d58d90bbb67858a2c45551c9865b5e8b9ec1067f77d,79ab450e635688582ef8a8acde29644214db4267,2026-07-16,2026-07-27
OH,"Constant Aviation, LLC",constant aviation,,,,,,,,,,,,,,,,,,n:constant aviation,Richmond Heights/Cuyahoga,2020-04-27,2020-05-10,52,unknown,,0,0,1,https://jfs.ohio.gov/job-services-and-unemployment/job-services/job-programs-and-services/submit-a-warn-notice/current-public-notices-of-layoffs-and-closures,38494a9cd163d1e56ad6ffd4748a90273c358ae0c0475be34be2e740,8b7db89719d848e4d43931ebf8c2464450d0e1fa,2026-07-16,2026-07-27
OH,"OS Restaurant Services, LLC",os restaurant services,,,,,1415125,,exact:post-era,,,,,,,,,,automatic,cik:1415125,Various Cities/Various Counties,2020-04-27,2020-03-15,3360,unknown,,0,0,1,https://jfs.ohio.gov/job-services-and-unemployment/job-services/job-programs-and-services/submit-a-warn-notice/current-public-notices-of-layoffs-and-closures,891badbb89a4a4180f4657c83360e4ade474307da8ade260373eab41,6e1d4efb13428617cb1671fd3ba230b6ef9449f2,2026-07-16,2026-07-27
OH,American Energy Corporation,american energy,,,211111,sic-crosswalk,843212,,suffix,1311,Crude Petroleum & Natural Gas,,,,,,,,automatic,cik:843212,Beallsville/Monroe,2020-04-28,2020-05-02,110,unknown,,0,0,1,https://jfs.ohio.gov/job-services-and-unemployment/job-services/job-programs-and-services/submit-a-warn-notice/current-public-notices-of-layoffs-and-closures,55969e6852325a72e518f1d7cbcac975a316bffa3f1c0522b22df16c,27cea17ba4db0234d8e21f4efe4353254c398faf,2026-07-16,2026-07-27
OH,"Eat'n Park Hospitality Group, Inc.",eat n park hospitality group,"Eat'n Park Hospitality Group, Inc.",,,,,,,,,,,549300LO5F5GFJAO0C23,,,,,automatic,lei:549300LO5F5GFJAO0C23,Various Cities/Various Counties,2020-04-28,2020-01-08,688,unknown,,0,0,1,https://jfs.ohio.gov/job-services-and-unemployment/job-services/job-programs-and-services/submit-a-warn-notice/current-public-notices-of-layoffs-and-closures,a750b2ad551ae08b43661f6c9f21a7f987815c62f823a118b97d4a4d,32846b15ae9a7a4b37f9f8ea7807aebbb95ae384,2026-07-16,2026-07-27
OH,Enterprise Holdings,enterprise holdings,Enterprise Holdings,,,,,,,,,,,,Q834054,label,,,automatic,qid:Q834054,Hudson/Summit,2020-04-28,2020-03-22,94,unknown,,0,0,1,https://jfs.ohio.gov/job-services-and-unemployment/job-services/job-programs-and-services/submit-a-warn-notice/current-public-notices-of-layoffs-and-closures,2d5b6a770599f69a3415b569047368a38592c27252ea2edac3157a94,b8d1ca708450a6b76472466ca6d4fa47d3a31e01,2026-07-16,2026-07-27
OH,Enterprise Holdings,enterprise holdings,Enterprise Holdings,,,,,,,,,,,,Q834054,label,,,automatic,qid:Q834054,Brookpark/Cuyahoga,2020-04-28,2020-04-30,1,unknown,,0,0,1,https://jfs.ohio.gov/job-services-and-unemployment/job-services/job-programs-and-services/submit-a-warn-notice/current-public-notices-of-layoffs-and-closures,1c466ee7972a6e009fac1637eb03de40dedde380917945c04e7cda1c,b90df559a6604a3bb6314dfe0aaacd38aecd6d25,2026-07-16,2026-07-27
OH,Enterprise Holdings,enterprise holdings,Enterprise Holdings,,,,,,,,,,,,Q834054,label,,,automatic,qid:Q834054,Cleveland/Cuyahoga,2020-04-28,2020-03-22,65,unknown,,0,0,1,https://jfs.ohio.gov/job-services-and-unemployment/job-services/job-programs-and-services/submit-a-warn-notice/current-public-notices-of-layoffs-and-closures,bca14856f57a136556678ff9bc6a2487f072a282ef46ba7921aa80fc,e0de2f5e79fe931ba7bed58735271811d25e4641,2026-07-16,2026-07-27
OH,"Great Lakes Specialty Finance, Inc.",great lakes specialty finance,,,,,,,,,,,,,,,,,,n:great lakes specialty finance,Akron/Summit,2020-04-28,2020-04-21,1,unknown,,0,0,1,https://jfs.ohio.gov/job-services-and-unemployment/job-services/job-programs-and-services/submit-a-warn-notice/current-public-notices-of-layoffs-and-closures,d15900c581254654b0f65fe3b544e8bb629d605970fe24df9b393ef8,3064b58e0187a0f49107358660f1365255c8d5e5,2026-07-16,2026-07-27
OH,ArcelorMittal USA LLC,arcelormittal usa,,,31-33,sic-crosswalk,1243429,MT,override,3312,"Steel Works, Blast Furnaces & Rolling Mills (Coke Ovens)",,,,,,,,override,cik:1243429,Richfield/Summit,2020-04-29,2020-04-26,2,unknown,,0,0,1,https://jfs.ohio.gov/job-services-and-unemployment/job-services/job-programs-and-services/submit-a-warn-notice/current-public-notices-of-layoffs-and-closures,e7f44d700a28678fc8faf1378147e6cac3596c05f8b336d96858ee4d,2ddf12ae59d87dd14713195a8e36f6740868e316,2026-07-16,2026-07-27
OH,"DBOH Associates, LLC",dboh associates,,,,,,,,,,,,,,,,,,n:dboh associates,Beachwood/Cuyahoga,2020-04-29,2020-03-20,85,unknown,,0,0,1,https://jfs.ohio.gov/job-services-and-unemployment/job-services/job-programs-and-services/submit-a-warn-notice/current-public-notices-of-layoffs-and-closures,b5673d04fb07944f3e6a01771c822a9f8bbe53f54ffd7c3ec69d55dd,eb23476c490d72dccf82f519be62853fa5cd7367,2026-07-16,2026-07-27
OH,"Sodexo, Inc.",sodexo,Sodexo,,,,1169715,,exact,8741,Services-Management Services,,,,Q1475554,label,,,automatic,qid:Q1475554,Middletown/Butler,2020-04-29,2020-06-30,57,unknown,,0,0,1,https://jfs.ohio.gov/job-services-and-unemployment/job-services/job-programs-and-services/submit-a-warn-notice/current-public-notices-of-layoffs-and-closures,69ef80606ef0d5f47e5fe885c9349eb794b040bd56f684da579ff070,7566e9e9ff391ce089c0c92a23d889393ba223c8,2026-07-16,2026-07-27
OH,Atrium Hospitality (Holiday Inn & Suites),atrium hospitality holiday inn suites,,,,,,,,,,,,,,,,,,n:atrium hospitality,Cincinnati/Clermont,2020-04-30,2020-03-12,60,unknown,,0,0,1,https://jfs.ohio.gov/job-services-and-unemployment/job-services/job-programs-and-services/submit-a-warn-notice/current-public-notices-of-layoffs-and-closures,0056cfae9917b7a975e485370aa5a72859b974e7fb8db96c07fd8c35,fc2ca792fee529589af11c093557d969b189fb33,2026-07-16,2026-07-27
OH,Atrium Hospitality (Marriott),atrium hospitality marriott,,,,,,,,,,,,,,,,,,n:atrium hospitality,Columbus/Franklin,2020-04-30,2020-03-12,104,unknown,,0,0,1,https://jfs.ohio.gov/job-services-and-unemployment/job-services/job-programs-and-services/submit-a-warn-notice/current-public-notices-of-layoffs-and-closures,92a9c178b840d60015c86eeff139c0c77a999522ba709ee71ed65972,8b90fc4975bff073b56e77cbb6c0b7aca77830f1,2026-07-16,2026-07-27
OH,"LeSaint Logistics, LLC",lesaint logistics,,,,,,,,,,,,,,,"Hub Group, Inc.",940942,,n:lesaint logistics,Cleveland/Cuyahoga,2020-04-30,2020-06-19,70,unknown,,0,0,1,https://jfs.ohio.gov/job-services-and-unemployment/job-services/job-programs-and-services/submit-a-warn-notice/current-public-notices-of-layoffs-and-closures,00e7cabd2abd5001879ec6dcdb2497c26f43740e81280a1647bfce13,4b1c606c17e3bdfd43fb34b6b6996161c1f22f34,2026-07-16,2026-07-27
OH,The Hall China Company,hall china,,,,,,,,,,,,,,,,,,n:hall china,East Liverpool/Columbiana,2020-04-30,2020-04-30,40,unknown,,0,0,1,https://jfs.ohio.gov/job-services-and-unemployment/job-services/job-programs-and-services/submit-a-warn-notice/current-public-notices-of-layoffs-and-closures,dc638d39ccfbd22eef1840299249268012ab4b6d7f4f58a571ada276,f0085820eaa0bcb93fb07643694e3cc8eaaa1674,2026-07-16,2026-07-27
OH,The Shelly Company,shelly,,,,,,,,,,,,,,,,,,n:shelly,Thornville/Perry,2020-04-30,2020-03-13,22,unknown,,0,0,1,https://jfs.ohio.gov/job-services-and-unemployment/job-services/job-programs-and-services/submit-a-warn-notice/current-public-notices-of-layoffs-and-closures,9c4fb235b8a155ab565fcd8b083d7e2a02c20f6636dea03623f955bf,a1eab9a5de7b85aa10e6864f6fc15f56d8b612d4,2026-07-16,2026-07-27
OH,"Great Lakes Specialty Finance, Inc.",great lakes specialty finance,,,,,,,,,,,,,,,,,,n:great lakes specialty finance,Fairfield/Butler,2020-05-01,2020-06-05,2,unknown,,0,0,1,https://jfs.ohio.gov/job-services-and-unemployment/job-services/job-programs-and-services/submit-a-warn-notice/current-public-notices-of-layoffs-and-closures,6191b3ee8d29906b4461e65cb1602fbec544465b1b16fa1ad3be1d5d,972d9b76b1f30ac04a6623acbea6624bfbb8134c,2026-07-16,2026-07-27
OH,"Mitec-Powertrain, Inc. & Automotive, Inc.",mitec powertrain inc automotive,,,,,,,,,,,,,,,,,,n:mitec powertrain inc automotive,Findlay/Hancock,2020-05-04,,186,unknown,,0,0,1,https://jfs.ohio.gov/job-services-and-unemployment/job-services/job-programs-and-services/submit-a-warn-notice/current-public-notices-of-layoffs-and-closures,04334179e17937d919c79da51b286efc41d3c107cd5bd6d924b158e7,38d3140fb253b2d76caa664288b21207f0acc192,2026-07-16,2026-07-27
OH,ArcelorMittal Warren LLC,arcelormittal warren,,,,,,,,,,,,,,,,,,n:arcelormittal warren,Warren/Trumbull,2020-05-05,2020-04-26,2,unknown,,0,0,1,https://jfs.ohio.gov/job-services-and-unemployment/job-services/job-programs-and-services/submit-a-warn-notice/current-public-notices-of-layoffs-and-closures,cd62a4df7ec5e3ea2084bdaa11cd855302987423d346843d5e70c372,ec94a0b1b81f276637edf53236646d13f2a11331,2026-07-16,2026-07-27
OH,B&C Research Inc.,b c research,,,,,,,,,,,,,,,,,,n:b c research,Barberton/Summit,2020-05-05,2020-04-03,121,unknown,,0,0,1,https://jfs.ohio.gov/job-services-and-unemployment/job-services/job-programs-and-services/submit-a-warn-notice/current-public-notices-of-layoffs-and-closures,7a4f7bbc347aa289a25b6464450ffd7c6f4510766008ffb8310cfcda,9286ca3f2f5d99ea16646ac1e98758e11fc5be07,2026-07-16,2026-07-27
OH,Brentwood Originals Inc.,brentwood originals,"Brentwood Originals, Inc.",,,,,,,,,,,549300O2DSLHDESXV188,,,,,automatic,lei:549300O2DSLHDESXV188,Youngstown/Mahoning,2020-05-05,2020-05-01,19,unknown,,0,0,1,https://jfs.ohio.gov/job-services-and-unemployment/job-services/job-programs-and-services/submit-a-warn-notice/current-public-notices-of-layoffs-and-closures,37369b5382d3ab324ce19996ffc6792bbc1de7bcbcdc0cf542723a83,ac115dac1fbac77a00138a6adb3b134334164c5d,2026-07-16,2026-07-27
OH,Licking County Library,licking county library,,,,,,,,,,,,,,,,,,n:licking county library,Various Cities/Licking,2020-05-05,2020-05-11,58,unknown,,0,0,1,https://jfs.ohio.gov/job-services-and-unemployment/job-services/job-programs-and-services/submit-a-warn-notice/current-public-notices-of-layoffs-and-closures,714174725c6e817326b5703cf3e29e2a4a5b778ae0748080c0ef1c56,217f373e65c12ca6ff381d1dfcd03789efce7d41,2026-07-16,2026-07-27
OH,MGM Resorts Satellite LLC,mgm resorts satellite,,,,,1731757,,exact,,,,,,,,,,automatic,cik:1731757,Northfield/Summit,2020-05-05,2020-03-02,1,unknown,,0,0,1,https://jfs.ohio.gov/job-services-and-unemployment/job-services/job-programs-and-services/submit-a-warn-notice/current-public-notices-of-layoffs-and-closures,56aa95f32ff8a1cc87cc1a3d149aafc167714fae0c17c3ab5d384f02,460edc18cf9811bebf487f80f247507ba6604467,2026-07-16,2026-07-27
OH,Hyatt Regency Cincinnati,hyatt regency cincinnati,,,,,,,,,,,,,,,,,,n:hyatt regency cincinnati,Cincinnati/Hamilton,2020-05-06,2020-05-06,73,unknown,,0,0,1,https://jfs.ohio.gov/job-services-and-unemployment/job-services/job-programs-and-services/submit-a-warn-notice/current-public-notices-of-layoffs-and-closures,4e942931ecba7054e6fd7484c7d833913fe269080b5be1b60c7240be,82c03f7fa286d3d3319c74662a6038799146907b,2026-07-16,2026-07-27
OH,Northfield Park Associates -MGM Northfield Park,northfield park associates mgm northfield park,,,,,1810195,,exact:base,,,,,,,,,,automatic,cik:1810195,Northfield/Summit,2020-05-06,2020-03-02,937,unknown,,0,0,1,https://jfs.ohio.gov/job-services-and-unemployment/job-services/job-programs-and-services/submit-a-warn-notice/current-public-notices-of-layoffs-and-closures,a4cc958e876803f0b6a5642c6078bc00f2a54a14d71821220f1b9693,735cdd7460c43d4b7349cb0efca5450358cc3fe0,2026-07-16,2026-07-27
OH,DoubleTree Cleveland Downtown,doubletree cleveland downtown,,,,,,,,,,,,,,,,,,n:doubletree cleveland downtown,Cleveland/Cuyahoga,2020-05-07,2020-03-21,97,unknown,,0,0,1,https://jfs.ohio.gov/job-services-and-unemployment/job-services/job-programs-and-services/submit-a-warn-notice/current-public-notices-of-layoffs-and-closures,3e5942f0bb79fc36199f972db4598469ab7c8222dce4a23695b01180,b2ce7eec5b7debaff6877dbb67bcd20663df4bf9,2026-07-16,2026-07-27
OH,Hilton Columbus Polaris,hilton columbus polaris,,,,,,,,,,,,,,,,,,n:hilton columbus polaris,Columbus/Delaware,2020-05-07,2020-03-21,94,unknown,,0,0,1,https://jfs.ohio.gov/job-services-and-unemployment/job-services/job-programs-and-services/submit-a-warn-notice/current-public-notices-of-layoffs-and-closures,f662587ca979cc7516becdcb8a8d9ef3e063a39a8797a4071a8951ba,ac198a7c2fe6d71bb73fe5438bed565627d8271f,2026-07-16,2026-07-27
OH,QMax America Inc.,qmax america,,,,,,,,,,,,,,,,,,n:qmax america,Newcomerstown/TuscarawasWellsville/Columbiana,2020-05-07,2020-05-08,3931,unknown,,0,0,1,https://jfs.ohio.gov/job-services-and-unemployment/job-services/job-programs-and-services/submit-a-warn-notice/current-public-notices-of-layoffs-and-closures,0677923de89900a4fb5dcf5465a8dcf2b21d35912dcd5ff4add6091b,3f8ddf6581317db86de342ccf07bb4c1d5e0ee80,2026-07-16,2026-07-27
OH,ASWPengg LLC,aswpengg,,,,,,,,,,,,,,,,,,n:aswpengg,Bedford Heights/Cuyahoga,2020-05-11,2020-06-30,122,unknown,,0,0,1,https://jfs.ohio.gov/job-services-and-unemployment/job-services/job-programs-and-services/submit-a-warn-notice/current-public-notices-of-layoffs-and-closures,5538324fdc92c834a5455cf2e1b4a5a1ad6b77a8a9ae2d38c8f4a598,e4e6855b08e2f3312179fa2ed77df151847023c7,2026-07-16,2026-07-27
OH,"Collegiate Hotel Group, LLC",collegiate hotel group,,,,,,,,,,,,,,,,,,n:collegiate hotel group,Columbus/FranklinCincinnati/Hamilton,2020-05-11,2020-03-16,135,unknown,,0,0,1,https://jfs.ohio.gov/job-services-and-unemployment/job-services/job-programs-and-services/submit-a-warn-notice/current-public-notices-of-layoffs-and-closures,94f3c5a40951b64e607ecd963237b284ccd6a0991ada2aadc37835cc,a7282458ae61c8511c7b02d841e6c1c47e119700,2026-07-16,2026-07-27
OH,Cox Automotive,cox automotive,,,,,,,,,,,,,,,,,,n:cox automotive,Grove City/Franklin,2020-05-11,2020-05-17,117,unknown,,0,0,1,https://jfs.ohio.gov/job-services-and-unemployment/job-services/job-programs-and-services/submit-a-warn-notice/current-public-notices-of-layoffs-and-closures,282c73bff61d3f8b4ff8ecf68eac00f9913d2160bdd45e81b1b308f3,1e3c82491b7d575bb214f2a5e17e76ea782f0bad,2026-07-16,2026-07-27
OH,Cox Automotive,cox automotive,,,,,,,,,,,,,,,,,,n:cox automotive,Hamilton/Butler,2020-05-11,2020-05-17,80,unknown,,0,0,1,https://jfs.ohio.gov/job-services-and-unemployment/job-services/job-programs-and-services/submit-a-warn-notice/current-public-notices-of-layoffs-and-closures,f35d4307deb52ea85b8028a19b7b3d36f32d33fbc55e0c4e3fd2eb38,e122209f21a63f6d7a97081614cb1b18a7832a13,2026-07-16,2026-07-27
OH,HMS Host Corporation,hms host,HMSHost,,,,,,,,,,,,Q3786866,label,Autogrill,,automatic,qid:Q3786866,Mantua/Portage,2020-05-11,2020-06-01,84,unknown,,0,0,1,https://jfs.ohio.gov/job-services-and-unemployment/job-services/job-programs-and-services/submit-a-warn-notice/current-public-notices-of-layoffs-and-closures,8a66236159754cdfba8bc087426087a482f89ef632da1422d517ce56,9abc25f506aa93a8a537c9a07276ed052457d8fa,2026-07-16,2026-07-27
OH,"Specialty Retailers, Inc. (Stage Distribution Center)",specialty retailers inc stage distribution center,,,44814,parent-sic,,,,,,,,,,,STAGE STORES INC,6885,,n:specialty retailers,Jeffersonville/Fayette,2020-05-11,2020-05-07,287,unknown,,0,0,1,https://jfs.ohio.gov/job-services-and-unemployment/job-services/job-programs-and-services/submit-a-warn-notice/current-public-notices-of-layoffs-and-closures,85c02c52b826e83e7a4c36799f288701015ef972e5da1c28e886b55e,47523ba4ad2c2e99b41ade607538987bbeb9b276,2026-07-16,2026-07-27
OH,VSP Global,vsp global,,,,,,,,,,,,,,,,,,n:vsp global,Columbus/Franklin,2020-05-11,2020-05-01,128,unknown,,0,0,1,https://jfs.ohio.gov/job-services-and-unemployment/job-services/job-programs-and-services/submit-a-warn-notice/current-public-notices-of-layoffs-and-closures,194007323af8fc0d37e8982f33ebba0cb54b71c470d427f6d7018a3e,55c95f649cec8d85545fd8c61517496fd3a43016,2026-07-16,2026-07-27
OH,Enterprise Holdings,enterprise holdings,Enterprise Holdings,,,,,,,,,,,,Q834054,label,,,automatic,qid:Q834054,Columbus/Franklin,2020-05-12,2020-04-30,35,unknown,,0,0,1,https://jfs.ohio.gov/job-services-and-unemployment/job-services/job-programs-and-services/submit-a-warn-notice/current-public-notices-of-layoffs-and-closures,549db0224b7caa9ec1c0e73c3a876742494f678a32b9ef5a9ad12d94,5959c5240936a4e48e1b4daa6d39ec14c9e7c784,2026-07-16,2026-07-27
OH,Enterprise Holdings,enterprise holdings,Enterprise Holdings,,,,,,,,,,,,Q834054,label,,,automatic,qid:Q834054,Blue Ash/Hamilton,2020-05-12,2020-03-23,163,unknown,,0,0,1,https://jfs.ohio.gov/job-services-and-unemployment/job-services/job-programs-and-services/submit-a-warn-notice/current-public-notices-of-layoffs-and-closures,36de5252a800553b0198d7fe75eee44dfbc5487fdd5893cee113c6e7,b7bd0ecca319c811c7b86b6a91cdc1de35d66efa,2026-07-16,2026-07-27
OH,International Exposition Center (I-X Center),international exposition center i x center,,,,,,,,,,,,,,,,,,n:international exposition center,Cleveland/Cuyahoga,2020-05-13,2020-03-20,176,unknown,,0,0,1,https://jfs.ohio.gov/job-services-and-unemployment/job-services/job-programs-and-services/submit-a-warn-notice/current-public-notices-of-layoffs-and-closures,ffc7cc45d605368a2c85edde56a40742e45d5c37010c96835818aeac,c73586e73e2b2b457bb02dd7c2bbfec298999d46,2026-07-16,2026-07-27
OH,"LAZ Parking Midwest, LLC",laz parking midwest,,,,,,,,,,,,,,,,,,n:laz parking midwest,Columbus/Franklin,2020-05-14,2020-03-15,154,unknown,,0,0,1,https://jfs.ohio.gov/job-services-and-unemployment/job-services/job-programs-and-services/submit-a-warn-notice/current-public-notices-of-layoffs-and-closures,cf20de09fa00849cc8559f9d2d25cf548f66221e483fd0795f3ca5aa,8d962080a728f6b186705edd227a8a0a15d3eccf,2026-07-16,2026-07-27
OH,"LAZ Parking Midwest, LLC",laz parking midwest,,,,,,,,,,,,,,,,,,n:laz parking midwest,Cleveland/Cuyahoga,2020-05-14,2020-03-12,62,unknown,,0,0,1,https://jfs.ohio.gov/job-services-and-unemployment/job-services/job-programs-and-services/submit-a-warn-notice/current-public-notices-of-layoffs-and-closures,f55de3555df021fa0329a79b67128ad9aa094666b606a31336d86ad7,a33d70dd2ae2c1081add9abfac1d6e95235114eb,2026-07-16,2026-07-27
OH,Nine Energy Service,nine energy service,,,213112,sic-crosswalk,1532286,NINE,exact:listed,1389,"Oil & Gas Field Services, NEC",,,,,,,,automatic,cik:1532286,Marietta/Washington,2020-05-14,2020-03-12,60,unknown,,0,0,1,https://jfs.ohio.gov/job-services-and-unemployment/job-services/job-programs-and-services/submit-a-warn-notice/current-public-notices-of-layoffs-and-closures,2cb6000e8001f84b1ecb4ac25bd26d316b70203c2e385327fefae556,977b22c447ba7feb9e821edb1a8dfc767af54f36,2026-07-16,2026-07-27
OH,The Michaels Companies,michaels companies,The Michaels Companies,,45112,sic-crosswalk,1593936,,exact,5945,"Retail-Hobby, Toy & Game Shops",,,,Q60772582,cik,,,automatic,qid:Q60772582,Strongsville/Cuyahoga,2020-05-18,2020-07-18,320,unknown,,0,0,1,https://jfs.ohio.gov/job-services-and-unemployment/job-services/job-programs-and-services/submit-a-warn-notice/current-public-notices-of-layoffs-and-closures,a76b3fc6362c683f1bd255102301cb706f7cecd2afce6d9bbb9660bf,45430333416462074eaef2f262eb4f546b839a78,2026-07-16,2026-07-27
OH,Verso Corporation,verso,,,32212,sic-crosswalk,1421182,,exact,2621,Paper Mills,,,,,,,,automatic,cik:1421182,Miamisburg/Montgomery,2020-05-18,,59,unknown,,0,0,1,https://jfs.ohio.gov/job-services-and-unemployment/job-services/job-programs-and-services/submit-a-warn-notice/current-public-notices-of-layoffs-and-closures,c8f654f0d6633d45394445ce01fc0dfe81b68b39a6dd6697ba2cc3bc,8ed49c20491798593ba268ad4d60f37b132a2e54,2026-07-16,2026-07-27
OH,"PCC Airfoils, LLC",pcc airfoils,,,,,,,,,,,,,,,BERKSHIRE HATHAWAY INC,1067983,,n:pcc airfoils,Crooksville/Perry,2020-05-20,2020-05-22,122,unknown,,0,0,1,https://jfs.ohio.gov/job-services-and-unemployment/job-services/job-programs-and-services/submit-a-warn-notice/current-public-notices-of-layoffs-and-closures,8cfb1f0f1691757a255db48937812d0200563baea3fea9eb10e1fb1b,56802c943ae10a9aea401b2e1f095b95e01491b3,2026-07-16,2026-07-27
OH,"Poma Glass and Specialty Windows, Inc.",poma glass and specialty windows,,,,,,,,,,,,,,,,,,n:poma glass and specialty windows,Boardman/Mahoning,2020-05-21,2020-07-25,57,unknown,,0,0,1,https://jfs.ohio.gov/job-services-and-unemployment/job-services/job-programs-and-services/submit-a-warn-notice/current-public-notices-of-layoffs-and-closures,cb4ff9df09084e74e37fd38e37fc3c3e1300cf0655fa6807c2f5c6a8,cb8a963b347fba0f99cca8523c17a75e335cc806,2026-07-16,2026-07-27
OH,"Schneller, Inc.",schneller,,,,,1529278,,exact,3728,"Aircraft Parts & Auxiliary Equipment, NEC",,,,,,,,automatic,cik:1529278,Kent/Portage,2020-05-21,2020-05-18,50,unknown,,0,0,1,https://jfs.ohio.gov/job-services-and-unemployment/job-services/job-programs-and-services/submit-a-warn-notice/current-public-notices-of-layoffs-and-closures,ff862e835007e6f5e5e2ed1b55148acc930f2ea40c70ca26411986d7,cd745a0f034fdb22eabe2c28563fe5eb66742d4f,2026-07-16,2026-07-27
OH,21C Museum Hotel,21c museum hotel,21c Museum Hotel,,,,,,,,,,,,Q4631016,label,Ennismore,,automatic,qid:Q4631016,Cincinnati/Hamilton,2020-05-22,2020-05-20,158,unknown,,0,0,1,https://jfs.ohio.gov/job-services-and-unemployment/job-services/job-programs-and-services/submit-a-warn-notice/current-public-notices-of-layoffs-and-closures,45ceedea99fdb77770d6ce001092f8d0974f8ce54b075de4d1e7d69b,0979b31079f8851a2de1c9dc10afbcef39f696df,2026-07-16,2026-07-27
OH,Boyd Gaming - Belterra Park Gaming & Entertainment Center,boyd gaming belterra park gaming entertainment center,,,713210,employer,906553,BYD,exact:base,,,,,,,,,,automatic,cik:906553,Cincinnati/Hamilton,2020-05-26,2020-07-01,361,unknown,,0,0,1,https://jfs.ohio.gov/job-services-and-unemployment/job-services/job-programs-and-services/submit-a-warn-notice/current-public-notices-of-layoffs-and-closures,6b987f6efa3522edaee452b1deb8c8168897297e1b1e06540c29f95d,00e701d058762cbf8c07789d887a073a57b20475,2026-07-16,2026-07-27
OH,Cincinnati Museum Center,cincinnati museum center,CINCINNATI MUSEUM CENTER,,71,ntee,,,,,,311212634,A500,,,,,,automatic,ein:311212634,Cincinnati/Hamilton,2020-06-01,2020-07-01,175,unknown,,0,0,1,https://jfs.ohio.gov/job-services-and-unemployment/job-services/job-programs-and-services/submit-a-warn-notice/current-public-notices-of-layoffs-and-closures,a883ff9dc364b82b00746a1132f03019e22921a787de107b3bf6420c,ff02446b8254ce45135cf4b5aebc105c09105afe,2026-07-16,2026-07-27
OH,"Cleveland Indians Baseball Company, LLC",cleveland indians baseball,,,71121,sic-crosswalk,1059019,,exact:post-era,7948,"Services-Racing, Including Track Operation",,,,,,,,automatic,cik:1059019,Cleveland/Cuyahoga,2020-06-02,2020-03-13,1146,unknown,,0,0,1,https://jfs.ohio.gov/job-services-and-unemployment/job-services/job-programs-and-services/submit-a-warn-notice/current-public-notices-of-layoffs-and-closures,d53561234ca5e1622a1f28c47cc26e923463fc2039c02eb878511882,224280674e89df3c3b565f24c4a403170dde5356,2026-07-16,2026-07-27
OH,"Renaissance Hotel Mgmt Co., LLC",renaissance hotel mgmt,,,,,,,,,,,,,,,,,,n:renaissance hotel mgmt,Columbus/Franklin,2020-06-02,2020-03-21,158,unknown,,0,0,1,https://jfs.ohio.gov/job-services-and-unemployment/job-services/job-programs-and-services/submit-a-warn-notice/current-public-notices-of-layoffs-and-closures,88e3b6f7f84a5502a2873b735316f6d4af8dcc3349183caf09917d29,441d000c48f81cc596cb86b0a7cc8d27d5f5ec8c,2026-07-16,2026-07-27
OH,"GSW Manufacturing, Inc.",gsw manufacturing,,,,,,,,,,,,,,,,,,n:gsw manufacturing,Findlay/Hancock,2020-06-03,2020-07-31,61,unknown,,0,0,1,https://jfs.ohio.gov/job-services-and-unemployment/job-services/job-programs-and-services/submit-a-warn-notice/current-public-notices-of-layoffs-and-closures,3d54eaa51d96a9b104b2aa933a5f0144237380faf0c1904f0b719138,11374a6ac6044f3be8b344fb8f71ea1d7d84d580,2026-07-16,2026-07-27
OH,"Homewood Suites Columbus (Crescent Hotels & Resorts, LLC)",homewood suites columbus crescent hotels resorts,,,,,,,,,,,,,,,,,,n:homewood suites columbus,Columbus/Franklin,2020-06-03,2020-03-20,4,unknown,,0,0,1,https://jfs.ohio.gov/job-services-and-unemployment/job-services/job-programs-and-services/submit-a-warn-notice/current-public-notices-of-layoffs-and-closures,f6840114a812b4cdd70716b0d1febb1bb5fb02ecdf149d0548c8b3a7,0cd48a422370a757302a167d7d80a460567d62b2,2026-07-16,2026-07-27
OH,The Ritz-Carlton Hotel Co. LLC,ritz carlton hotel,,,7211,parent-sic,,,,,,,,,,,MARRIOTT INTERNATIONAL INC /MD/,1048286,,n:ritz carlton hotel,Cleveland/Cuyahoga,2020-06-03,2020-03-21,200,unknown,,0,0,1,https://jfs.ohio.gov/job-services-and-unemployment/job-services/job-programs-and-services/submit-a-warn-notice/current-public-notices-of-layoffs-and-closures,fa8de2c67bffbeeebed421a28bc6d5cd136fd737de8812fcb4697e1c,1d254b293c10e2d8768796a6133ba5a9d0263330,2026-07-16,2026-07-27
OH,"Green Bay Dressed Beef, LLC",green bay dressed beef,,,,,,,,,,,,,,,,,,n:green bay dressed beef,Sharonville/Hamilton,2020-06-08,2020-08-07,95,unknown,,0,0,1,https://jfs.ohio.gov/job-services-and-unemployment/job-services/job-programs-and-services/submit-a-warn-notice/current-public-notices-of-layoffs-and-closures,2913797515a5ccede99674056fb261727aabbf08847c6c677056768d,0be2badfbb84e2a9e36ad39f6dc8a27c17ee9f64,2026-07-16,2026-07-27
OH,Hyatt Regency Columbus,hyatt regency columbus,,,,,,,,,,,,,,,,,,n:hyatt regency columbus,Columbus/Franklin,2020-06-09,2020-06-20,192,unknown,,0,0,1,https://jfs.ohio.gov/job-services-and-unemployment/job-services/job-programs-and-services/submit-a-warn-notice/current-public-notices-of-layoffs-and-closures,ffc8a861019eb82d7accd3fec387d106efc9c731dfef39deca1acea1,8cf44038b0c45e8ebda21eda872702ff9e12d58a,2026-07-16,2026-07-27
OH,Credit First National Association,credit first national association,,,,,,,,,,,,,,,,,,n:credit first national association,Akron/Summit,2020-06-10,2020-08-15,52,unknown,,0,0,1,https://jfs.ohio.gov/job-services-and-unemployment/job-services/job-programs-and-services/submit-a-warn-notice/current-public-notices-of-layoffs-and-closures,fc229aa1524876f4f246a5d7559a7d97c8b6c74f29e3e72d5d74bc1a,491d0375dc19ef51302ce6ed7b5fa0f448666b18,2026-07-16,2026-07-27
OH,ArcelorMittal Columbus LLC/ArcelorMittal USA LLC,arcelormittal columbus llc arcelormittal usa,,,,,,,,,,,,,,,,,,n:arcelormittal columbus llc arcelormittal usa,Columbus/Franklin,2020-06-11,2020-08-02,121,unknown,,0,0,1,https://jfs.ohio.gov/job-services-and-unemployment/job-services/job-programs-and-services/submit-a-warn-notice/current-public-notices-of-layoffs-and-closures,1980c91df1afbd10ea0b856883696dafcaba6401dcb8666201b47a1c,09eda50251c5a730454a714c2c0449f4319cc442,2026-07-16,2026-07-27
OH,"HFI, Inc.",hfi,,,,,,,,,,,,,,,,,,n:hfi,Canal Winchester/Franklin,2020-06-11,2020-08-03,99,unknown,,0,0,1,https://jfs.ohio.gov/job-services-and-unemployment/job-services/job-programs-and-services/submit-a-warn-notice/current-public-notices-of-layoffs-and-closures,5e173498069dda7ade635d4d79083629dd70200338a1f4221f1629e6,8aee1474681693a65fa9c201df8b998a8db54206,2026-07-16,2026-07-27
OH,Hollywood Casino Columbus,hollywood casino columbus,Hollywood Casino Columbus,,,,,,,,,,,,Q16984620,label,,,automatic,qid:Q16984620,Columbus/Franklin,2020-06-15,2020-08-15,286,unknown,,0,0,1,https://jfs.ohio.gov/job-services-and-unemployment/job-services/job-programs-and-services/submit-a-warn-notice/current-public-notices-of-layoffs-and-closures,4b22d734c9f880661b8335fbee8750c15652493a787af74c9de3aa97,bef4a326854aebf10222dc89b0efa1dae46b382c,2026-07-16,2026-07-27
OH,Hollywood Casino Toledo,hollywood casino toledo,,,,,,,,,,,,,,,,,,n:hollywood casino toledo,Toledo/Lucas,2020-06-15,2020-08-15,116,unknown,,0,0,1,https://jfs.ohio.gov/job-services-and-unemployment/job-services/job-programs-and-services/submit-a-warn-notice/current-public-notices-of-layoffs-and-closures,673484b2049e41f51c5587e66fb204b90aebec17e31d856a5002d93b,6ab47da65bd2fafd375c3343da0a47fc7b386c5a,2026-07-16,2026-07-27
OH,Northeast Projections Inc.,northeast projections,,,,,1816336,,fuzzy:0.96,,,,,,,,,,automatic,cik:1816336,Valley View/Cuyahoga,2020-06-16,2020-06-16,13,unknown,,0,0,1,https://jfs.ohio.gov/job-services-and-unemployment/job-services/job-programs-and-services/submit-a-warn-notice/current-public-notices-of-layoffs-and-closures,99eb4e6f747bb962399cae311f961de25fc3c0f24586a00bcb00043b,0d394a76c6a19d38b6e92f9a5bb1374f5321b41b,2026-07-16,2026-07-27
OH,"Certech, Inc.",certech,,,,,,,,,,,,,,,,,,n:certech,Twinsburg/Summit,2020-06-17,2020-08-24,15,unknown,,0,0,1,https://jfs.ohio.gov/job-services-and-unemployment/job-services/job-programs-and-services/submit-a-warn-notice/current-public-notices-of-layoffs-and-closures,982248831b22cf57ae1a407d336fb14bcbf48cef4f58a1e197037d2f,8b600cc1ba670c3b88da5f64f7c75b4b97ff498f,2026-07-16,2026-07-27
OH,Marriott International Customer Engagement Center,marriott international customer engagement center,,,72,employer,,,,,,,,,,,,,,n:marriott international customer engagement center,Solon/Cuyahoga,2020-06-18,2020-03-24,200,unknown,,0,0,1,https://jfs.ohio.gov/job-services-and-unemployment/job-services/job-programs-and-services/submit-a-warn-notice/current-public-notices-of-layoffs-and-closures,43944c872fa824a283c15cf729bb3c193ec50abe98f6c64f26246753,9503b6b145dee9644fdca636940abd0e6e089eda,2026-07-16,2026-07-27
OH,Hollywood Gaming Mahoning Valley Race Course,hollywood gaming mahoning valley race course,,,,,,,,,,,,,,,,,,n:hollywood gaming mahoning valley race course,Youngstown/Mahoning,2020-06-22,2020-08-15,30,unknown,,0,0,1,https://jfs.ohio.gov/job-services-and-unemployment/job-services/job-programs-and-services/submit-a-warn-notice/current-public-notices-of-layoffs-and-closures,ff2a3f690b311fb92f074fb2b3a6e07cd90b26b746ccfea3d0e4a91b,fd9f37cafc6c3fbd42f3da568cf676541005b3ad,2026-07-16,2026-07-27
OH,"Westin Cincinnati (Merritt Hospitality, LLC)",westin cincinnati merritt hospitality,,,,,,,,,,,,,,,,,,n:westin cincinnati,Cincinnati/Hamilton,2020-06-22,2020-05-30,98,unknown,,0,0,1,https://jfs.ohio.gov/job-services-and-unemployment/job-services/job-programs-and-services/submit-a-warn-notice/current-public-notices-of-layoffs-and-closures,c5b1419fd2c7feaee397287c577d87b256c9c8f6c0eadb9c87071030,5826cd7c3af42c8564fc7338510b8b7dee097661,2026-07-16,2026-07-27
OH,General Electric Aviation,general electric aviation,,,,,40545,GE,override,3600,Electronic & Other Electrical Equipment (No Computer Equip),,,,,,,,override,cik:40545,Cincinnati/Hamilton,2020-06-23,2020-04-17,529,unknown,,0,0,1,https://jfs.ohio.gov/job-services-and-unemployment/job-services/job-programs-and-services/submit-a-warn-notice/current-public-notices-of-layoffs-and-closures,a8be8b40015b03b236c10c296a89df44b1abc8c95af400a26536c341,b2876a797b4dbd0ca813edde19fdd594b88c2fe0,2026-07-16,2026-07-27
OH,"ADESA Ohio, LLC - Automotive Finance Corporation (AFC)",adesa ohio llc automotive finance corporation afc,,,,,1424052,,exact:post-era:base,,,,,,,,,,automatic,cik:1424052,Northfield/Summit,2020-06-24,2020-08-01,28,unknown,,0,0,1,https://jfs.ohio.gov/job-services-and-unemployment/job-services/job-programs-and-services/submit-a-warn-notice/current-public-notices-of-layoffs-and-closures,47424504bb7b17a4729c4b210d8fec2937fa78de39831db343f92884,4d9d80ebb13817b392b14822d767a7b0c5a851bc,2026-07-16,2026-07-27
OH,Cleveland Indians Baseball Company LLC,cleveland indians baseball,,,71121,sic-crosswalk,1059019,,exact:post-era,7948,"Services-Racing, Including Track Operation",,,,,,,,automatic,cik:1059019,Cleveland/Cuyahoga,2020-06-24,2020-07-15,85,unknown,,0,0,1,https://jfs.ohio.gov/job-services-and-unemployment/job-services/job-programs-and-services/submit-a-warn-notice/current-public-notices-of-layoffs-and-closures,9893240da13a2c41f4ad86d84f7891070c3689f3b6d215508249374c,4b5e0e5589c4a334a997aa5ba7f84da2233f98f1,2026-07-16,2026-07-27
OH,Levy Premium Foodservice-The Ohio State University,levy premium foodservice the ohio state university,,,,,,,,,,,,,,,,,,n:levy premium foodservice the ohio state university,Columbus/Franklin,2020-06-24,2020-08-01,34,unknown,,0,0,1,https://jfs.ohio.gov/job-services-and-unemployment/job-services/job-programs-and-services/submit-a-warn-notice/current-public-notices-of-layoffs-and-closures,345dfe4747ff19dd41658c35f4ba7b1da23d0b507b8afb469fe0d3fd,d03a3f1c5251599382bcd6745ec769588cbe9df8,2026-07-16,2026-07-27
OH,TIMET,timet,,,,,,,,,,,,,,,,,,n:timet,Toronto/Jefferson,2020-06-24,2020-04-12,200,unknown,,0,0,1,https://jfs.ohio.gov/job-services-and-unemployment/job-services/job-programs-and-services/submit-a-warn-notice/current-public-notices-of-layoffs-and-closures,d71fe87775ab94af88e9d8263e89c74dd24ab92ce10e11577a90f1d2,661cc23480045c5f88b0e449e3f0d4bc7396c458,2026-07-16,2026-07-27
OH,AFP 116 Corp. - Embassy Suites Columbus Airport,afp 116 corp embassy suites columbus airport,,,,,,,,,,,,,,,,,,n:afp 116,Columbus/Franklin,2020-06-25,2020-05-15,57,unknown,,0,0,1,https://jfs.ohio.gov/job-services-and-unemployment/job-services/job-programs-and-services/submit-a-warn-notice/current-public-notices-of-layoffs-and-closures,6ab09fa16109aebf47dd6cae4ba203f5f5b0bc85da1cd88435752d75,0a779fa0fee43442e650aaf1a72e90d19a050330,2026-07-16,2026-07-27
OH,"Allpro Parking Ohio, LLC",allpro parking ohio,,,,,,,,,,,,,,,,,,n:allpro parking ohio,Cincinnati/Hamilton,2020-06-25,2020-06-07,18,unknown,,0,0,1,https://jfs.ohio.gov/job-services-and-unemployment/job-services/job-programs-and-services/submit-a-warn-notice/current-public-notices-of-layoffs-and-closures,838b84e64dfe5a82516f4710918644d35cb0cb22be8f0a1196678f11,c7508564da83ece6ce98da5ee14add1525ccd89e,2026-07-16,2026-07-27
OH,"Allpro Parking, Ohio, LLC",allpro parking ohio,,,,,,,,,,,,,,,,,,n:allpro parking ohio,Columbus/Franklin,2020-06-29,2020-06-07,23,unknown,,0,0,1,https://jfs.ohio.gov/job-services-and-unemployment/job-services/job-programs-and-services/submit-a-warn-notice/current-public-notices-of-layoffs-and-closures,892a789f67db2ad24dc2aacf7b3a9313db666cfdc2111edbef3b0a1f,431c9409a52ea99e81197b7e27a5c6d338584df4,2026-07-16,2026-07-27
OH,"Allpro Parking, Ohio, LLC",allpro parking ohio,,,,,,,,,,,,,,,,,,n:allpro parking ohio,Cleveland/CuyahogaBeachwood/Cuyahoga,2020-06-29,2020-06-07,22,unknown,,0,0,1,https://jfs.ohio.gov/job-services-and-unemployment/job-services/job-programs-and-services/submit-a-warn-notice/current-public-notices-of-layoffs-and-closures,840ed4babd8bf2e02c1a14951973ed215d8d45c9ec678892ea3e0ca8,835fe0a4bd099992e83e9c7f52873090c3ce0364,2026-07-16,2026-07-27
OH,"J-Lenco, Inc.",j lenco,,,,,,,,,,,,,,,,,,n:j lenco,La Rue/Marion,2020-06-29,2020-07-05,7,unknown,,0,0,1,https://jfs.ohio.gov/job-services-and-unemployment/job-services/job-programs-and-services/submit-a-warn-notice/current-public-notices-of-layoffs-and-closures,75a5887cc609ec92d62e29f52354be1605a30311264b6f8bc33aa5e2,30b185eacd038331395729a2ad99861cb3e6cf50,2026-07-16,2026-07-27
OH,"Sumaria Systems, Inc.",sumaria systems,,,,,,,,,,,,,,,,,,n:sumaria systems,Wright-Patterson AFB/Greene,2020-06-29,2020-08-31,72,unknown,,0,0,1,https://jfs.ohio.gov/job-services-and-unemployment/job-services/job-programs-and-services/submit-a-warn-notice/current-public-notices-of-layoffs-and-closures,663c8a1e36965f3864392b3d6fc87afdb05cd551a5423e3d734c72ea,537593b37d26f1514b1e9db264d97cfa6eb4ff10,2026-07-16,2026-07-27
OH,Copart,copart,Copart,,,,900075,CPRT,exact,5500,Retail-Auto Dealers & Gasoline Stations,,,,Q16951448,cik,,,automatic,qid:Q16951448,Columbus/Franklin,2020-06-30,2020-06-29,72,unknown,,0,0,1,https://jfs.ohio.gov/job-services-and-unemployment/job-services/job-programs-and-services/submit-a-warn-notice/current-public-notices-of-layoffs-and-closures,e341883f2ae554fb7fd026c094c0aaadabad370f3d81835112f57838,8f8cbe7d80e37e2ff6a60c1cccc1c7b9b712dc20,2026-07-16,2026-07-27
OH,Levy Premium Foodservice - Huntington Convention Center of Cleveland,levy premium foodservice huntington convention center of cleveland,,,,,,,,,,,,,,,,,,n:levy premium foodservice,Cleveland/Cuyahoga,2020-06-30,2020-08-01,19,unknown,,0,0,1,https://jfs.ohio.gov/job-services-and-unemployment/job-services/job-programs-and-services/submit-a-warn-notice/current-public-notices-of-layoffs-and-closures,e0e13ee84030ce89365c10cecdeb019ea69132f3ef9d299a4d18dbe7,1db7aea7050ce360a7e7265e0d0c3eb96be3fdfb,2026-07-16,2026-07-27
OH,"Magna Industries, Inc.",magna industries,,,,,1437048,,exact:post-era,,,,,,,,,,automatic,cik:1437048,Cleveland/Cuyahoga,2020-06-30,2020-08-31,102,unknown,,0,0,1,https://jfs.ohio.gov/job-services-and-unemployment/job-services/job-programs-and-services/submit-a-warn-notice/current-public-notices-of-layoffs-and-closures,d380017ed2c87da99e10cf3b5ad00b5af33dd5e5c555d09dfe590d30,f6b5a5e378b876db4c7c432365a363c6dc83d5c6,2026-07-16,2026-07-27
OH,Oberlin College,oberlin college,OBERLIN COLLEGE,,6113,ntee,,,,,,340714363,B420,,,,,,automatic,ein:340714363,Oberlin/Lorain,2020-06-30,2020-07-15,108,unknown,,0,0,1,https://jfs.ohio.gov/job-services-and-unemployment/job-services/job-programs-and-services/submit-a-warn-notice/current-public-notices-of-layoffs-and-closures,141291fa52397e74d0ce0643ead33f961ee2c993cbb4bd5c74fd035a,c638a913d48f02dc03d2fac466ad9c50ea164482,2026-07-16,2026-07-27
OH,Levy Premium Foodservice - The Greater Columbus Convention Center,levy premium foodservice the greater columbus convention center,,,,,,,,,,,,,,,,,,n:levy premium foodservice,Columbus/Franklin,2020-07-01,2020-08-01,59,unknown,,0,0,1,https://jfs.ohio.gov/job-services-and-unemployment/job-services/job-programs-and-services/submit-a-warn-notice/current-public-notices-of-layoffs-and-closures,b2900c1b0daf1418ff0a0ea885dbdde49821477693103b2837b63e4e,82705369d72e74f8bf33666baffa55c78e170e92,2026-07-16,2026-07-27
OH,"Fiserv, Inc.",fiserv,Fiserv,,322220,employer,798354,FISV,exact,7389,"Services-Business Services, NEC",,,,Q1420513,cik,,,automatic,qid:Q1420513,Dublin/Franklin,2020-07-06,2020-09-04,79,unknown,,0,0,1,https://jfs.ohio.gov/job-services-and-unemployment/job-services/job-programs-and-services/submit-a-warn-notice/current-public-notices-of-layoffs-and-closures,066a676d24385a2eb47be90739d7ea142cca2d1c12cad75df0fe5e4d,2597e77344c13d35d8644399639cae827e4ffc8c,2026-07-16,2026-07-27
OH,Raymond Management Company (AC by Marriott Hotel),raymond management company ac by marriott hotel,,,,,,,,,,,,,,,,,,n:raymond management,Liberty Township/Butler,2020-07-06,2020-06-30,20,unknown,,0,0,1,https://jfs.ohio.gov/job-services-and-unemployment/job-services/job-programs-and-services/submit-a-warn-notice/current-public-notices-of-layoffs-and-closures,64dd8d910362f437ea857cbfc85c5276c51e94bfddc6f0ecad6502c4,abe8178aeb13138ccb66465f377d212f7ea4a342,2026-07-16,2026-07-27
OH,Raymond Management Company (Hilton Garden Inn Hotel),raymond management company hilton garden inn hotel,,,,,,,,,,,,,,,,,,n:raymond management,Mason/Warren,2020-07-06,2020-06-30,29,unknown,,0,0,1,https://jfs.ohio.gov/job-services-and-unemployment/job-services/job-programs-and-services/submit-a-warn-notice/current-public-notices-of-layoffs-and-closures,1d2bea796dd2507156d7711d87d82fa969123ea6bd8226f336e89c2d,6d4d0d8edacefed3da611065a3bdb6ed6b87a864,2026-07-16,2026-07-27
OH,The Salvation Army Family Store,salvation army family store,,,,,,,,,,,,,,,,,,n:salvation army family store,Dayton/Greene,2020-07-06,2020-05-11,8,unknown,,0,0,1,https://jfs.ohio.gov/job-services-and-unemployment/job-services/job-programs-and-services/submit-a-warn-notice/current-public-notices-of-layoffs-and-closures,f8044efd7a57b4b37663c38882cb41551a13eae5b27f6e87517d1cf8,7a9037c5c9a67725ed6ce686ec7367ca720758cd,2026-07-16,2026-07-27
OH,Franklin Park Conservatory and Botanical Gardens,franklin park conservatory and botanical gardens,,,,,,,,,,,,,,,,,,n:franklin park conservatory and botanical gardens,Columbus/Franklin,2020-07-07,2020-03-16,95,unknown,,0,0,1,https://jfs.ohio.gov/job-services-and-unemployment/job-services/job-programs-and-services/submit-a-warn-notice/current-public-notices-of-layoffs-and-closures,ce95666f0fde285da6ce17fae05c721f40e12cb8e7863cdeaff6e072,5e02a627adc2e9c39a766c9a4ac4e8d5f869b545,2026-07-16,2026-07-27
OH,"Delaware North Companies, Inc.",delaware north companies,Delaware North,,,,,,,,,,,5J0KF0R0UVJKDMJPFY33,Q5253324,label,,,automatic,qid:Q5253324,Various Cities/Various Counties,2020-07-08,2020-03-23,1805,unknown,,0,0,1,https://jfs.ohio.gov/job-services-and-unemployment/job-services/job-programs-and-services/submit-a-warn-notice/current-public-notices-of-layoffs-and-closures,d2bf7b1dd70ef9b53f1923de18d9227282cb9ad578602971737b22b7,961fef47c1a8f23e830b74fa11b9b15210f20f3e,2026-07-16,2026-07-27
OH,"United Airlines, Inc. - Cleveland Hopkins International Airport",united airlines inc cleveland hopkins international airport,United Airlines,,48111,sic-crosswalk,319687,,exact:base,4512,"Air Transportation, Scheduled",,,,Q174769,cik,UAL Corporation,,automatic,qid:Q174769,Cleveland/Cuyahoga,2020-07-08,2020-10-01,466,unknown,,0,0,1,https://jfs.ohio.gov/job-services-and-unemployment/job-services/job-programs-and-services/submit-a-warn-notice/current-public-notices-of-layoffs-and-closures,7b3ad61063e341a644956d0085059dde6ca887b464a2add48c1cdb1f,3d1759bd543b5b0966305df1bdd0ad7a6e7de04b,2026-07-16,2026-07-27
OH,Center of Science and Industry (COSI),center of science and industry cosi,,,,,,,,,,,,,,,,,,n:center of science and industry,Columbus/Franklin,2020-07-13,2020-04-08,177,unknown,,0,0,1,https://jfs.ohio.gov/job-services-and-unemployment/job-services/job-programs-and-services/submit-a-warn-notice/current-public-notices-of-layoffs-and-closures,96991e8ec425799c18f7d42a96e04e1d81fb96ae987dfa4696ca8d13,859f4a58934a1ea7de4a85cf26033333aaa2f4e5,2026-07-16,2026-07-27
OH,"Reisenfeld & Associates, LLC",reisenfeld associates,,,,,,,,,,,,,,,,,,n:reisenfeld associates,Cincinnati/Hamilton,2020-07-13,2020-03-20,69,unknown,,0,0,1,https://jfs.ohio.gov/job-services-and-unemployment/job-services/job-programs-and-services/submit-a-warn-notice/current-public-notices-of-layoffs-and-closures,38cc692e082bd75ccc68ecf2dc85222be29bf6e53b7d2a7029829e62,1f9ff02ab465c2d385e30779f412c14b87c03efc,2026-07-16,2026-07-27
OH,"JSW Steel USA Ohio, Inc.",jsw steel usa ohio,,,,,,,,,,,,,,,,,,n:jsw steel usa ohio,Mingo Junction/Jefferson,2020-07-14,2020-07-17,160,unknown,,0,0,1,https://jfs.ohio.gov/job-services-and-unemployment/job-services/job-programs-and-services/submit-a-warn-notice/current-public-notices-of-layoffs-and-closures,57de7ce56a59a9a94b8890554d8e6a75ccdae2d4e396aa7c46cdf56f,81dd99dc7e09d1cec22884d949c71a52acb403d4,2026-07-16,2026-07-27
OH,ExpressJet Airlines,expressjet airlines,ExpressJet,,481111,employer,,,,,,,,,Q46676,label,"SkyWest, Inc.",,automatic,qid:Q46676,Cleveland/Cuyahoga,2020-07-20,2020-10-01,95,unknown,,0,0,1,https://jfs.ohio.gov/job-services-and-unemployment/job-services/job-programs-and-services/submit-a-warn-notice/current-public-notices-of-layoffs-and-closures,9900e4d298f64666811933a0bf1711311b8a601fac73ef8fb00f1068,1455307352e8f394afebb842be63b7ff4f491e4d,2026-07-16,2026-07-27
OH,PSA Airlines,psa airlines,PSA Airlines,,,,,,,,,,,,Q1536988,label,American Airlines Group,,automatic,qid:Q1536988,Vandalia/Montgomery,2020-07-20,2020-10-01,259,unknown,,0,0,1,https://jfs.ohio.gov/job-services-and-unemployment/job-services/job-programs-and-services/submit-a-warn-notice/current-public-notices-of-layoffs-and-closures,3e0673a288fbd00415137c73574fa6861071cad30fd64ae6419210b0,0a2306aec55ffa0a26583b1fd5d117f6e8307b60,2026-07-16,2026-07-27
OH,Johnson Matthey Process Technologies Inc.,johnson matthey process technologies,,,,,,,,,,,,,,,,,,n:johnson matthey process technologies,Ravenna/Portage,2020-07-23,2020-10-02,55,unknown,,0,0,1,https://jfs.ohio.gov/job-services-and-unemployment/job-services/job-programs-and-services/submit-a-warn-notice/current-public-notices-of-layoffs-and-closures,d32b422d3a9a06ac9715df644a041a8f79d71aa23edaf46b6f698c06,91ad34ad989e1847f674b1e4714acf2a44b93a8b,2026-07-16,2026-07-27
OH,Air Wisconsin Airlines - Dayton International Airport,air wisconsin airlines dayton international airport,,,481111,employer,,,,,,,,,,,,,,n:air wisconsin airlines,Vandalia/Montgomery,2020-07-27,2020-10-01,47,unknown,,0,0,1,https://jfs.ohio.gov/job-services-and-unemployment/job-services/job-programs-and-services/submit-a-warn-notice/current-public-notices-of-layoffs-and-closures,cdf36e0807ee47d19989c3851602c46ac3cea623a3a47d1d86d1d7e6,aa570fb44234cd75686a88c529d3bc18422ca7dc,2026-07-16,2026-07-27
OH,American Queen Steamboat Company,american queen steamboat,,,721199,employer,,,,,,,,,,,,,,n:american queen steamboat,Cincinnati/Hamilton,2020-07-27,2020-09-24,250,unknown,,0,0,1,https://jfs.ohio.gov/job-services-and-unemployment/job-services/job-programs-and-services/submit-a-warn-notice/current-public-notices-of-layoffs-and-closures,4a17dd2a814831280a468066ed2c4f2f20802869d3dc0cb71b3c1b66,9baf319759ada6ae71f0148007c772647a47340a,2026-07-16,2026-07-27
OH,"ArcelorMittal Cleveland, Inc - ArcelorMittal USA LLC",arcelormittal cleveland inc arcelormittal usa,,,,,,,,,,,,,,,,,,n:arcelormittal cleveland,Cleveland/Cuyahoga,2020-07-27,2020-08-01,454,unknown,,0,0,1,https://jfs.ohio.gov/job-services-and-unemployment/job-services/job-programs-and-services/submit-a-warn-notice/current-public-notices-of-layoffs-and-closures,da33e183a8968fc7f0e7eaf8992e254d231e566450d208ad06f33083,494c009e9f91d151e90d4d6b227ab9318112f8a8,2026-07-16,2026-07-27
OH,"PL Marketing, Inc.",pl marketing,,,541613,employer,,,,,,,,,,,,,,n:pl marketing,Various Cities/Various Counties,2020-07-27,2020-08-14,243,unknown,,0,0,1,https://jfs.ohio.gov/job-services-and-unemployment/job-services/job-programs-and-services/submit-a-warn-notice/current-public-notices-of-layoffs-and-closures,7eb760ec66868f0cf5750f31e018270254d084a4a00ee443d4386bff,cb0db79d94f4f0dfa3502293c7cf92bbf8f5c03f,2026-07-16,2026-07-27
OH,"Bath & Body Works Brand Management, Inc.",bath body works brand management,,,,,1476456,,exact,5990,"Retail-Retail Stores, NEC",,,,,,,,automatic,cik:1476456,Reynoldsburg/Franklin,2020-07-29,2020-09-26,8,unknown,,0,0,1,https://jfs.ohio.gov/job-services-and-unemployment/job-services/job-programs-and-services/submit-a-warn-notice/current-public-notices-of-layoffs-and-closures,30dca645a696b1ed27af736704878a2eee37233ea2a570f5038e8724,39d616ce5eeaca561e430a9f571d1caa009cfa2b,2026-07-16,2026-07-27
OH,"Bath & Body Works, LLC",bath body works,Bath & Body Works,,,,701985,BBWI,exact:listed,5990,"Retail-Retail Stores, NEC",,,,Q810773,cik,"Bath & Body Works, Inc.",,automatic,qid:Q810773,Reynoldsburg/Franklin,2020-07-29,2020-09-26,2,unknown,,0,0,1,https://jfs.ohio.gov/job-services-and-unemployment/job-services/job-programs-and-services/submit-a-warn-notice/current-public-notices-of-layoffs-and-closures,2fdb10c9eccaba922285a0749f97dcadc36df4d9bc7da2813b821ea9,44dc8845c8fa23ecab874e958f95c07475b1ac20,2026-07-16,2026-07-27
OH,Fusite,fusite,,,,,,,,,,,,,,,,,,n:fusite,Cincinnati/Hamilton,2020-07-29,,113,unknown,,0,0,1,https://jfs.ohio.gov/job-services-and-unemployment/job-services/job-programs-and-services/submit-a-warn-notice/current-public-notices-of-layoffs-and-closures,c334c32e9bb9f26f16e4dbfab5e6e1e7bb16e18ead4a9cb71b933f24,1b80f08d500819f6dfa6a8af94d64078f565c006,2026-07-16,2026-07-27
OH,Hilton Management LLC - Cleveland Downtown,hilton management llc cleveland downtown,,,,,1617257,,exact:base,,,,,,,,,,automatic,cik:1617257,Cleveland/Cuyahoga,2020-07-29,2020-03-20,178,unknown,,0,0,1,https://jfs.ohio.gov/job-services-and-unemployment/job-services/job-programs-and-services/submit-a-warn-notice/current-public-notices-of-layoffs-and-closures,76ac7f0331ea9f9b59f525e315a39dadd93543a16cc822f7d6a7b20c,3fc5945e38c5f116548b9fd4d99ee7decbeba219,2026-07-16,2026-07-27
OH,Hilton Management LLC - Columbus Downtown,hilton management llc columbus downtown,,,,,1617257,,exact:base,,,,,,,,,,automatic,cik:1617257,Columbus/Franklin,2020-07-29,2020-03-20,151,unknown,,0,0,1,https://jfs.ohio.gov/job-services-and-unemployment/job-services/job-programs-and-services/submit-a-warn-notice/current-public-notices-of-layoffs-and-closures,930d1b26fe94ddf9884ecb2f0690c666346e307d8b9b2c775d11caee,64f0beb66f48e6eccec0a30de79874a96efdfbaa,2026-07-16,2026-07-27
OH,Hopedale Mining LLC (Rhino Energy LLC),hopedale mining llc rhino energy,,,,,,,,,,,,,,,,,,n:hopedale mining,Hopedale/Harrison,2020-07-29,2020-09-20,113,unknown,,0,0,1,https://jfs.ohio.gov/job-services-and-unemployment/job-services/job-programs-and-services/submit-a-warn-notice/current-public-notices-of-layoffs-and-closures,b96972ef6babe3f7ef981354fb1c6b67acbbbb634ea9e8a86c35ad8f,30a953b879b5b2791d10907509201742bb5db9ec,2026-07-16,2026-07-27
OH,"Independent Production Services, LLC",independent production services,,,,,,,,,,,,,,,,,,n:independent production services,Columbus/Franklin,2020-07-29,2020-09-26,1,unknown,,0,0,1,https://jfs.ohio.gov/job-services-and-unemployment/job-services/job-programs-and-services/submit-a-warn-notice/current-public-notices-of-layoffs-and-closures,2ee6683a1bd291796345b1e49f16b99df06afdc392dcce5992a4ed61,29bccf413311c618c4bb6c19568fee85c7f9d122,2026-07-16,2026-07-27
OH,"L Brands Service Company, LLC",l brands service,,,44812,sic-crosswalk,1476452,,exact,5621,Retail-Women's Clothing Stores,,,,,,,,automatic,cik:1476452,Columbus/Franklin,2020-07-29,2020-09-26,56,unknown,,0,0,1,https://jfs.ohio.gov/job-services-and-unemployment/job-services/job-programs-and-services/submit-a-warn-notice/current-public-notices-of-layoffs-and-closures,a09a48d80c2e0504e649d721ff75fe01e8309cb38092392482515b79,0611cc2fe8099ba7c9eb0364a95feb3e9908ddc0,2026-07-16,2026-07-27
OH,"L Brands Store Design & Construction, Inc.",l brands store design construction,,,44812,sic-crosswalk,1476451,,exact,5621,Retail-Women's Clothing Stores,,,,,,,,automatic,cik:1476451,Columbus/Franklin,2020-07-29,2020-09-26,49,unknown,,0,0,1,https://jfs.ohio.gov/job-services-and-unemployment/job-services/job-programs-and-services/submit-a-warn-notice/current-public-notices-of-layoffs-and-closures,71e105bfb61f86c299594c2f01fa4b286dff825f9ed0dfe176ebf2c1,99dbce59dde91bc1f4e4e8080d810661e7fd4eb9,2026-07-16,2026-07-27
OH,"Lakefront Lines, Inc.",lakefront lines,,,,,,,,,,,,,,,,,,n:lakefront lines,Various Cities/Various Counties,2020-07-29,2020-03-16,339,unknown,,0,0,1,https://jfs.ohio.gov/job-services-and-unemployment/job-services/job-programs-and-services/submit-a-warn-notice/current-public-notices-of-layoffs-and-closures,c58677503a9089bbc78055281729f00d13756277286f8936ced37a72,e7b8115538430a146c578b7cd03de97625150454,2026-07-16,2026-07-27
OH,"MII Brand Import, LLC",mii brand import,,,44812,parent-sic,,,,,,,,,,,Victoria's Secret & Co.,1856437,,n:mii brand import,Columbus/Franklin,2020-07-29,2020-09-26,42,unknown,,0,0,1,https://jfs.ohio.gov/job-services-and-unemployment/job-services/job-programs-and-services/submit-a-warn-notice/current-public-notices-of-layoffs-and-closures,d391095c255dd6a0e830dc44bcffeac218eedd9bf27b27a1b3cc6dba,cd63f29b88c0984575f6d8697bfb59755c740d0b,2026-07-16,2026-07-27
OH,"Mast Logistics Services, LLC",mast logistics services,,,,,,,,,,,,,,,,,,n:mast logistics services,Columbus/Franklin,2020-07-29,2020-09-26,9,unknown,,0,0,1,https://jfs.ohio.gov/job-services-and-unemployment/job-services/job-programs-and-services/submit-a-warn-notice/current-public-notices-of-layoffs-and-closures,0734312dec5e1566e4ec81890ccb449d87f2d5c843c50371180aa615,c3164e5963dafdf7f5a65e7688027a00346c147a,2026-07-16,2026-07-27
OH,"Mast Technology Services, Inc.",mast technology services,,,,,,,,,,,,,,,,,,n:mast technology services,Columbus/Franklin,2020-07-29,2020-09-26,142,unknown,,0,0,1,https://jfs.ohio.gov/job-services-and-unemployment/job-services/job-programs-and-services/submit-a-warn-notice/current-public-notices-of-layoffs-and-closures,b2d7f48a9573a17701baaaf7d01385c8229d2084e4a645b77b6e8536,76daee77bd76b742422950fa4c40b9cc832a034c,2026-07-16,2026-07-27
OH,"Retail Brokerage Solutions, LLC",retail brokerage solutions,,,,,,,,,,,,,,,,,,n:retail brokerage solutions,Columbus/Franklin,2020-07-29,2020-09-26,5,unknown,,0,0,1,https://jfs.ohio.gov/job-services-and-unemployment/job-services/job-programs-and-services/submit-a-warn-notice/current-public-notices-of-layoffs-and-closures,ac145d447d254907d4f3cbc552fa29e143cbdd6a97e961ba6bfa63de,50cf9f7e7a1a8b69c19eb6b76866b0cf33242e38,2026-07-16,2026-07-27
OH,"Retail Store Operations, Inc.",retail store operations,,,,,,,,,,,,,,,,,,n:retail store operations,Columbus/Franklin,2020-07-29,2020-09-26,6,unknown,,0,0,1,https://jfs.ohio.gov/job-services-and-unemployment/job-services/job-programs-and-services/submit-a-warn-notice/current-public-notices-of-layoffs-and-closures,0966c2c6a5d9c4e31f5fbcbed55ef98767f73155815605d81ab6aaff,eab835766ed00b38ea0e9a697e84d4140f466246,2026-07-16,2026-07-27
OH,"Victoria's Secret Direct Brand Management, LLC",victoria s secret direct brand management,,,44812,sic-crosswalk,1476449,,exact,5621,Retail-Women's Clothing Stores,,,,,,,,automatic,cik:1476449,Reynoldsburg/Franklin,2020-07-29,2020-09-26,24,unknown,,0,0,1,https://jfs.ohio.gov/job-services-and-unemployment/job-services/job-programs-and-services/submit-a-warn-notice/current-public-notices-of-layoffs-and-closures,d37fe0b51aa9bdc57f7c682ee1b6391962266d0d322700044aef97d4,f07e65b3c1af5ac907bf04485ff1aafed37d86e3,2026-07-16,2026-07-27
OH,"Victoria's Secret Service Company, LLC",victoria s secret service,,,,,,,,,,,,,,,,,,n:victoria s secret service,Reynoldsburg/Franklin,2020-07-29,2020-09-26,22,unknown,,0,0,1,https://jfs.ohio.gov/job-services-and-unemployment/job-services/job-programs-and-services/submit-a-warn-notice/current-public-notices-of-layoffs-and-closures,271568edbad69637a3af4a55b78037ec7e59c8e6ac6ffbbc8ee8374e,2cfcc3dad26c9c10bd78d6e71be6487b4ce5b362,2026-07-16,2026-07-27
OH,"Victoria's Secret Stores Brand Management, LLC",victoria s secret stores brand management,,,44812,sic-crosswalk,1476448,,exact,5621,Retail-Women's Clothing Stores,,,,,,,,automatic,cik:1476448,Reynoldsburg/Franklin,2020-07-29,2020-09-26,55,unknown,,0,0,1,https://jfs.ohio.gov/job-services-and-unemployment/job-services/job-programs-and-services/submit-a-warn-notice/current-public-notices-of-layoffs-and-closures,d3b9b74c5e0b14e0270f9d422322ad24b57faea589b7a55d9278449d,8409a98ecb1b4b184f9274890dd341771e065d85,2026-07-16,2026-07-27
OH,"Victoria's Secret Stores, LLC",victoria s secret stores,,,44812,sic-crosswalk,1476447,,exact,5621,Retail-Women's Clothing Stores,,,,,,,,automatic,cik:1476447,Reynoldsburg/Franklin,2020-07-29,2020-09-26,52,unknown,,0,0,1,https://jfs.ohio.gov/job-services-and-unemployment/job-services/job-programs-and-services/submit-a-warn-notice/current-public-notices-of-layoffs-and-closures,226e6263665f5b8cf526e550b0952189c1d7389537e43f88106454c7,57d1fe352c8ac0b488dd1809ad11bc19b87ab2be,2026-07-16,2026-07-27
OH,"beautyAvenues, LLC",beautyavenues,,,44812,sic-crosswalk,1476454,,exact,5621,Retail-Women's Clothing Stores,,,,,,,,automatic,cik:1476454,Reynoldsburg/Franklin,2020-07-29,2020-09-26,15,unknown,,0,0,1,https://jfs.ohio.gov/job-services-and-unemployment/job-services/job-programs-and-services/submit-a-warn-notice/current-public-notices-of-layoffs-and-closures,a8b39697a25065dc814c107e52f7ffe7f4957e71292d791aacb1e72a,e89bfbbb44bf707c89ecb0304de982ca9e2a2af5,2026-07-16,2026-07-27
OH,"Ascena Retail Group, Inc., Catherines, Inc., Catherines Stores Corporation, Lane Bryant, Inc., and Lane Bryant Purchasing Corp.",ascena retail group inc catherines inc catherines stores corporation lane bryant inc and lane bryant purchasing,,,,,,,,,,,,,,,,,,n:ascena retail group inc catherines inc catherines stores corporation lane bryant inc and lane bryant purchasing,Columbus/Franklin,2020-08-03,2020-10-02,186,unknown,,0,0,1,https://jfs.ohio.gov/job-services-and-unemployment/job-services/job-programs-and-services/submit-a-warn-notice/current-public-notices-of-layoffs-and-closures,9a45af6b0c4f2232221bbf9b35b59879d429edab67667b931a6f4a0a,64e2b53a7a86866424a77f6b0b9105fe08e7ea75,2026-07-16,2026-07-27
OH,"Conn-Selmar, Inc.",conn selmar,,,,,,,,,,,,,,,,,,n:conn selmar,Eastlake/Lake,2020-08-03,2020-03-25,110,unknown,,0,0,1,https://jfs.ohio.gov/job-services-and-unemployment/job-services/job-programs-and-services/submit-a-warn-notice/current-public-notices-of-layoffs-and-closures,948234607000b24881ef0543d28a180a8b4f95fcf738e7af73e43797,0d47ebf32813800f313a019d04927397df4fe962,2026-07-16,2026-07-27
OH,Republic Airways,republic airways,Republic Airways,,,,,,,,,,,,Q1669658,label,Republic Airways Holdings,,automatic,qid:Q1669658,Columbus/Franklin,2020-08-03,2020-10-01,216,unknown,,0,0,1,https://jfs.ohio.gov/job-services-and-unemployment/job-services/job-programs-and-services/submit-a-warn-notice/current-public-notices-of-layoffs-and-closures,6cfc029e6e145cbda5f1f3bf685cecd28547f494541828420a5c7732,0e1a3abdaab82e3d053e6c7e8adbcc516c067cfa,2026-07-16,2026-07-27
OH,"Tween Brands, Inc. and Ascena Retail Group, Inc.",tween brands inc and ascena retail group,,,,,,,,,,,,,,,,,,n:tween brands inc and ascena retail group,New Albany/Franklin,2020-08-03,2020-10-02,157,unknown,,0,0,1,https://jfs.ohio.gov/job-services-and-unemployment/job-services/job-programs-and-services/submit-a-warn-notice/current-public-notices-of-layoffs-and-closures,8b48751eec4cc7fbc977d02d49a2bd5889983d2245b73998beb009b9,e284d7523487ebd31fd46149759cbd0b84ca580c,2026-07-16,2026-07-27
OH,"Rassini Chassis Systems, LLC",rassini chassis systems,,,,,,,,,,,,,,,,,,n:rassini chassis systems,Montpelier/Williams,2020-08-04,2020-10-02,70,unknown,,0,0,1,https://jfs.ohio.gov/job-services-and-unemployment/job-services/job-programs-and-services/submit-a-warn-notice/current-public-notices-of-layoffs-and-closures,fd879cb495b000b20fd442ad67e8e54388271c6cf74181b029de00a6,d5634b161a8fd1cd475ffbac3b5b8cf38f55469f,2026-07-16,2026-07-27
OH,"ASC Airtex, LLC",asc airtex,,,,,,,,,,,,,,,,,,n:asc airtex,North Canton/Stark,2020-08-07,2020-10-01,40,unknown,,0,0,1,https://jfs.ohio.gov/job-services-and-unemployment/job-services/job-programs-and-services/submit-a-warn-notice/current-public-notices-of-layoffs-and-closures,b6a6cfc12293c981630b7023287ee2e56d8527b54b89f9bd5068e9ff,1e9821f9ea4056109dce2d1639f33aa9bb5a5976,2026-07-16,2026-07-27
OH,Therm-O-Disc,therm o disc,,,,,,,,,,,,,,,,,,n:therm o disc,Mansfield/Richland,2020-08-10,2020-11-01,248,unknown,,0,0,1,https://jfs.ohio.gov/job-services-and-unemployment/job-services/job-programs-and-services/submit-a-warn-notice/current-public-notices-of-layoffs-and-closures,9e8f9075b0d6dd4adbf337929e91f7bac18354ffae052c865b5aebce,fe5d8052afbfc8f1421fe975cce2d09b7f67d5d1,2026-07-16,2026-07-27
OH,"Maxion Wheels Akron, LLC",maxion wheels akron,,,,,,,,,,,,,,,,,,n:maxion wheels akron,Akron/Summit,2020-08-11,2020-11-06,80,unknown,,0,0,1,https://jfs.ohio.gov/job-services-and-unemployment/job-services/job-programs-and-services/submit-a-warn-notice/current-public-notices-of-layoffs-and-closures,48ad98369e33c26c8aa73e5e967368f00a8a99bb39568578013e3490,a3041fc6664111ccb8b9805d3d92d0ee72f8f30b,2026-07-16,2026-07-27
OH,HMSHost Cleveland Hopkins International Airport,hmshost cleveland hopkins international airport,,,,,,,,,,,,,,,,,,n:hmshost cleveland hopkins international airport,Cleveland/Cuyahoga,2020-08-12,2020-10-15,44,unknown,,0,0,1,https://jfs.ohio.gov/job-services-and-unemployment/job-services/job-programs-and-services/submit-a-warn-notice/current-public-notices-of-layoffs-and-closures,8664142b355725f68941921ca4656fa099f4b6c8ec973cca7d573cc9,1f26149bc043dc0b7b11ae32d3ebc133a130adcc,2026-07-16,2026-07-27
OH,HMSHost John Glenn Columbus International Airport,hmshost john glenn columbus international airport,,,,,,,,,,,,,,,,,,n:hmshost john glenn columbus international airport,Columbus/Franklin,2020-08-12,2020-10-15,225,unknown,,0,0,1,https://jfs.ohio.gov/job-services-and-unemployment/job-services/job-programs-and-services/submit-a-warn-notice/current-public-notices-of-layoffs-and-closures,fa009ad236d7e584c3a271a647bd0e20180fd911d76135330fc78db9,f3846d05af3527971010a3c6b5caa9b86040c05a,2026-07-16,2026-07-27
OH,HMSHost Commodore Perry Travel Plaza,hmshost commodore perry travel plaza,,,,,,,,,,,,,,,,,,n:hmshost commodore perry travel plaza,Clyde/Sandusky,2020-08-13,2020-10-15,3,unknown,,0,0,1,https://jfs.ohio.gov/job-services-and-unemployment/job-services/job-programs-and-services/submit-a-warn-notice/current-public-notices-of-layoffs-and-closures,551f16a67067892e4b374d92d91c4c3f04e23efe1e1e3f8db748610d,3518964165ef55e163425de7d618b65f7c012180,2026-07-16,2026-07-27
OH,HMSHost Dayton International Airport,hmshost dayton international airport,,,,,,,,,,,,,,,,,,n:hmshost dayton international airport,Vandalia/Montgomery,2020-08-13,2020-10-15,62,unknown,,0,0,1,https://jfs.ohio.gov/job-services-and-unemployment/job-services/job-programs-and-services/submit-a-warn-notice/current-public-notices-of-layoffs-and-closures,350f3db56ca862ca0fd7c4f047db69d5ab6dd3f2759c055037d34c63,386f4f06f27bfd0d20f9c0f261c1228da39ac549,2026-07-16,2026-07-27
OH,HMSHost Eric Island Travel Plaza,hmshost eric island travel plaza,,,,,,,,,,,,,,,,,,n:hmshost eric island travel plaza,Clyde/Sandusky,2020-08-13,2020-10-15,3,unknown,,0,0,1,https://jfs.ohio.gov/job-services-and-unemployment/job-services/job-programs-and-services/submit-a-warn-notice/current-public-notices-of-layoffs-and-closures,7bc1bc5392037eb93989788f8bd3418e7787ab78c98a52d367b23ac7,b09da84eb30f55620671984226149979b4eef40c,2026-07-16,2026-07-27
OH,HMSHost Middleridge Travel Plaza,hmshost middleridge travel plaza,,,,,,,,,,,,,,,,,,n:hmshost middleridge travel plaza,Amherst/Sandusky,2020-08-13,2020-10-15,7,unknown,,0,0,1,https://jfs.ohio.gov/job-services-and-unemployment/job-services/job-programs-and-services/submit-a-warn-notice/current-public-notices-of-layoffs-and-closures,5b96116bd6c6eaab513a39b2e4df1463c5a3312267f74d693722c4cb,0480ddc482aca40a824bc6eac310aceb940027f5,2026-07-16,2026-07-27
OH,HMSHost Ohio Regional Office at Middleridge,hmshost ohio regional office at middleridge,,,,,,,,,,,,,,,,,,n:hmshost ohio regional office at middleridge,Amherst/Lorain,2020-08-13,2020-10-15,4,unknown,,0,0,1,https://jfs.ohio.gov/job-services-and-unemployment/job-services/job-programs-and-services/submit-a-warn-notice/current-public-notices-of-layoffs-and-closures,bef542b4b62b02d9a32312af27bfb9387053314f5d07a8e7606056bd,af594d96b0aad2c228568ab24b14d2c28e9ced88,2026-07-16,2026-07-27
OH,HMSHost Tiffin River Travel Plaza,hmshost tiffin river travel plaza,,,,,,,,,,,,,,,,,,n:hmshost tiffin river travel plaza,West Unity/Williams,2020-08-13,2020-10-15,1,unknown,,0,0,1,https://jfs.ohio.gov/job-services-and-unemployment/job-services/job-programs-and-services/submit-a-warn-notice/current-public-notices-of-layoffs-and-closures,ed22378d03272c7d9416a2be9c47a77ae4bdc9d45a5c79af365934e5,c31366eeb160660e7f7d6ef08219ce07a21b23f6,2026-07-16,2026-07-27
OH,HMSHost Towpath Travel Plaza,hmshost towpath travel plaza,,,,,,,,,,,,,,,,,,n:hmshost towpath travel plaza,Broadview Heights/Cuyahoga,2020-08-13,2020-10-15,2,unknown,,0,0,1,https://jfs.ohio.gov/job-services-and-unemployment/job-services/job-programs-and-services/submit-a-warn-notice/current-public-notices-of-layoffs-and-closures,b2a96f19163796e49adf9e8f1a1880cca18f3000b8b985a9ef5b3b7d,36a01e723ccb4f67905ab4e23e32d71a6ad2fb0a,2026-07-16,2026-07-27
OH,HMSHost Vermillion Travel Plaza,hmshost vermillion travel plaza,,,,,,,,,,,,,,,,,,n:hmshost vermillion travel plaza,Amherst/Lorain,2020-08-13,2020-10-15,6,unknown,,0,0,1,https://jfs.ohio.gov/job-services-and-unemployment/job-services/job-programs-and-services/submit-a-warn-notice/current-public-notices-of-layoffs-and-closures,b32310d86af2db2061709824e30bcae61118f80bd10ab562b7e3ccfa,16d10d3c3d6c78e675ae28df773ac8765f7e453e,2026-07-16,2026-07-27
OH,Maritz Holdings Inc.,maritz holdings,,,561920,employer,,,,,,,,,,,,,,n:maritz holdings,Twinsburg/Summit,2020-08-13,2020-10-16,68,unknown,,0,0,1,https://jfs.ohio.gov/job-services-and-unemployment/job-services/job-programs-and-services/submit-a-warn-notice/current-public-notices-of-layoffs-and-closures,36546c196d530cde6104b9e8567a41d6c8dc4961c2c84e75512f975c,f4e79210294036e4d3256cf587061a564a90fdcf,2026-07-16,2026-07-27
OH,"ARaymond Tinnerman Industrial, Inc.",araymond tinnerman industrial,,,,,,,,,,,,,,,,,,n:araymond tinnerman industrial,Brunswick/Medina,2020-08-17,2020-10-05,54,unknown,,0,0,1,https://jfs.ohio.gov/job-services-and-unemployment/job-services/job-programs-and-services/submit-a-warn-notice/current-public-notices-of-layoffs-and-closures,a12631ad70798302c0b4edc1505ff96ad873c824e09fc93e0e7fae63,e8d8edd074ea510caa03f48ef8ddf0d28b9d346c,2026-07-16,2026-07-27
OH,ASM Global - Greater Columbus Convention Center,asm global greater columbus convention center,,,,,,,,,,,,,,,,,,n:asm global,Columbus/Franklin,2020-08-17,2020-08-02,136,unknown,,0,0,1,https://jfs.ohio.gov/job-services-and-unemployment/job-services/job-programs-and-services/submit-a-warn-notice/current-public-notices-of-layoffs-and-closures,6b639264b9aa9278284ad8f557da85c4103a8351697665cf199b6a1b,45109cfcbb3b0922cc26df48ba97e6ece4c775b2,2026-07-16,2026-07-27
OH,American Energy Corporation,american energy,,,211111,sic-crosswalk,843212,,suffix,1311,Crude Petroleum & Natural Gas,,,,,,,,automatic,cik:843212,Beallsville/Monroe,2020-08-24,2020-09-01,206,unknown,,0,0,1,https://jfs.ohio.gov/job-services-and-unemployment/job-services/job-programs-and-services/submit-a-warn-notice/current-public-notices-of-layoffs-and-closures,a8a5b0e10233f45949cbaf193984d82f1f8c25baac940645a3bd73d0,b265e29ed45697d94f3e15805acb17f02d78c7ba,2026-07-16,2026-07-27
OH,"American Mine Services, Inc.",american mine services,,,,,,,,,,,,,,,,,,n:american mine services,Clarington/Monroe,2020-08-24,2020-09-01,37,unknown,,0,0,1,https://jfs.ohio.gov/job-services-and-unemployment/job-services/job-programs-and-services/submit-a-warn-notice/current-public-notices-of-layoffs-and-closures,e70d5c06b70c10ecfd52cab645cadddea851ab9c33bff2b9fd7bad33,82832e23d495b70cf7664097ad5e9a991babc09a,2026-07-16,2026-07-27
OH,"American Natural Gas, Inc.",american natural gas,,,,,,,,,,,,,,,,,,n:american natural gas,Saint Clairsville/Belmont,2020-08-24,2020-09-01,10,unknown,,0,0,1,https://jfs.ohio.gov/job-services-and-unemployment/job-services/job-programs-and-services/submit-a-warn-notice/current-public-notices-of-layoffs-and-closures,efb79ed9cff444fea84e94f9a6fbfe03d49213b9f0fe60eb762d6142,f0c5fb0e8e812257e3a43eada455883b10f13176,2026-07-16,2026-07-27
OH,Concord Dayton Hotel II LLC (Marriott at the University of Dayton),concord dayton hotel ii llc marriott at the university of dayton,,,,,,,,,,,,,,,,,,n:concord dayton hotel ii,Dayton/Montgomery,2020-08-24,2020-09-18,117,unknown,,0,0,1,https://jfs.ohio.gov/job-services-and-unemployment/job-services/job-programs-and-services/submit-a-warn-notice/current-public-notices-of-layoffs-and-closures,21acc3dd3c588af491850087572ec3ce157276dff284f1ebfae53e79,1bd8e4245c45fda31a89126c3572114bdfb13453,2026-07-16,2026-07-27
OH,"Maritz Holdings, Inc.",maritz holdings,,,561920,employer,,,,,,,,,,,,,,n:maritz holdings,Twinsburg/Summit,2020-08-24,2020-08-21,21,unknown,,0,0,1,https://jfs.ohio.gov/job-services-and-unemployment/job-services/job-programs-and-services/submit-a-warn-notice/current-public-notices-of-layoffs-and-closures,7dc5146bf89ad7ffa2a59d12fc700cc2c1ec193d644344691b707bd1,0d03d06d8959290ff1bba5c6519c06a7d230d236,2026-07-16,2026-07-27
OH,"Murray American Energy, Inc.",murray american energy,,,,,,,,,,,,,,,,,,n:murray american energy,Saint Clairsville/Belmont,2020-08-24,2020-09-01,22,unknown,,0,0,1,https://jfs.ohio.gov/job-services-and-unemployment/job-services/job-programs-and-services/submit-a-warn-notice/current-public-notices-of-layoffs-and-closures,d14680304166b8ba6f84f6bd6b334cfdfe3ade50ef2218778a9afe84,f7d676f6f1359054911b132072338f2e03a426d6,2026-07-16,2026-07-27
OH,The Ohio Valley Coal Company,ohio valley coal,,,,,,,,,,,,,,,,,,n:ohio valley coal,Alledonia/Belmont,2020-08-24,2020-09-01,62,unknown,,0,0,1,https://jfs.ohio.gov/job-services-and-unemployment/job-services/job-programs-and-services/submit-a-warn-notice/current-public-notices-of-layoffs-and-closures,df859e567c5280e32bbfccafb5404c35047dae7ca8a1c9f8e7b20d50,a788adf5e6d8698b630d0e1b712cbd6ba6d5c963,2026-07-16,2026-07-27
OH,The Ohio Valley Transloading Company,ohio valley transloading,,,,,,,,,,,,,,,,,,n:ohio valley transloading,Powhatan Point/Belmont,2020-08-24,2020-09-01,3,unknown,,0,0,1,https://jfs.ohio.gov/job-services-and-unemployment/job-services/job-programs-and-services/submit-a-warn-notice/current-public-notices-of-layoffs-and-closures,a4da5b29fcfd28d265d17ba5bbee31443e3be2699131c45b1f19b5d9,bb2b11b2283255e30f94fc4784a01c6fb314f69f,2026-07-16,2026-07-27
OH,Fusite,fusite,,,,,,,,,,,,,,,,,,n:fusite,Cincinnati/Hamilton,2020-08-25,2020-08-03,7,unknown,,0,0,1,https://jfs.ohio.gov/job-services-and-unemployment/job-services/job-programs-and-services/submit-a-warn-notice/current-public-notices-of-layoffs-and-closures,78331eb0210a422a857f7e7f068cd41f1459063c5667c7acc5f18fee,e0857796b87cdd6ae1b41e676849877c5bf97955,2026-07-16,2026-07-27
OH,PSA Airlines,psa airlines,PSA Airlines,,,,,,,,,,,,Q1536988,label,American Airlines Group,,automatic,qid:Q1536988,Vandalia/Montgomery,2020-08-27,2020-10-25,47,unknown,,0,0,1,https://jfs.ohio.gov/job-services-and-unemployment/job-services/job-programs-and-services/submit-a-warn-notice/current-public-notices-of-layoffs-and-closures,102fafb230956b34bddd5e648bb51f67bc6d17c66a3428eb513cfd3f,a4f3ab26ecd7fc11626b4c2794cbb27b157c0138,2026-07-16,2026-07-27
OH,Kroger Store #555,kroger store 555,Kroger,,44-45,sic-crosswalk,56873,KR,exact:base,5411,Retail-Grocery Stores,,,,Q153417,cik,,,automatic,qid:Q153417,Kenton/Hardin,2020-08-31,2020-10-30,115,unknown,,0,0,1,https://jfs.ohio.gov/job-services-and-unemployment/job-services/job-programs-and-services/submit-a-warn-notice/current-public-notices-of-layoffs-and-closures,c599b33cda5cbe7e807a184da29f8fd2725f14b1da6c43439a64399d,aa102af29dbe7172bf034ca6b1c94495eb78c4d9,2026-07-16,2026-07-27
OH,The Ritz-Carlton Hotel Co. LLC,ritz carlton hotel,,,7211,parent-sic,,,,,,,,,,,MARRIOTT INTERNATIONAL INC /MD/,1048286,,n:ritz carlton hotel,Cleveland/Cuyahoga,2020-08-31,2020-10-30,74,unknown,,0,0,1,https://jfs.ohio.gov/job-services-and-unemployment/job-services/job-programs-and-services/submit-a-warn-notice/current-public-notices-of-layoffs-and-closures,ff46f086d96d555317263b6df70a07c37f6bb301cd19e958f61f74e6,4f8f0cc83ba9da0dd5e45225a58bf445e172bf17,2026-07-16,2026-07-27
OH,"Avis Budget Car Rental, LLC",avis budget car rental,,,,,1391303,,exact:post-era,7510,Services-Auto Rental & Leasing (No Drivers),,,,,,,,automatic,cik:1391303,Various Cities/Various Counties,2020-09-01,2020-04-04,101,unknown,,0,0,1,https://jfs.ohio.gov/job-services-and-unemployment/job-services/job-programs-and-services/submit-a-warn-notice/current-public-notices-of-layoffs-and-closures,496aed738baa1861411850a1bf18431999bc2e9b82f54f9cc02d1e68,11c09a03eaa2ebd38e849f05074189d48840e1f8,2026-07-16,2026-07-27
OH,Columbus Association for the Performing Arts (CAPA),columbus association for the performing arts capa,,,,,,,,,,,,,,,,,,n:columbus association for the performing arts,Columbus/Franklin,2020-09-01,2020-03-17,398,unknown,,0,0,1,https://jfs.ohio.gov/job-services-and-unemployment/job-services/job-programs-and-services/submit-a-warn-notice/current-public-notices-of-layoffs-and-closures,51ae435a5d2ba73347ab233ff804ba46c6a03fe877ecf3e290ff2031,5c4b2c348761af0bfdd0fd26e25280f884b0c841,2026-07-16,2026-07-27
OH,"United Airlines, Inc. - Cleveland Hopkins International Airport",united airlines inc cleveland hopkins international airport,United Airlines,,48111,sic-crosswalk,319687,,exact:base,4512,"Air Transportation, Scheduled",,,,Q174769,cik,UAL Corporation,,automatic,qid:Q174769,Cleveland/Cuyahoga,2020-09-01,2020-10-30,7,unknown,,0,0,1,https://jfs.ohio.gov/job-services-and-unemployment/job-services/job-programs-and-services/submit-a-warn-notice/current-public-notices-of-layoffs-and-closures,877540e08b014cbc785efdcb015cdcd84bd427dceb3787b6829b8e69,dfa8eaf664db3df769850c14f6702302e7455eb4,2026-07-16,2026-07-27
OH,"Arrow International, Inc.",arrow international,,,33,sic-crosswalk,886046,,exact:post-era,3841,Surgical & Medical Instruments & Apparatus,,,,,,,,automatic,cik:886046,Brooklyn/Cuyahoga,2020-09-02,2020-04-10,171,unknown,,0,0,1,https://jfs.ohio.gov/job-services-and-unemployment/job-services/job-programs-and-services/submit-a-warn-notice/current-public-notices-of-layoffs-and-closures,fe40942f9bb99cef36be3167c5c30a305443b45bf56327c050b8b2ab,27b55f6dfe71f8dd91b09aa7ca2d0b631ce71349,2026-07-16,2026-07-27
OH,Hyatt Regency Cincinnati,hyatt regency cincinnati,,,,,,,,,,,,,,,,,,n:hyatt regency cincinnati,Cincinnati/Hamilton,2020-09-02,2020-08-18,61,unknown,,0,0,1,https://jfs.ohio.gov/job-services-and-unemployment/job-services/job-programs-and-services/submit-a-warn-notice/current-public-notices-of-layoffs-and-closures,691faac7c86e7991e36dc0c97f82c816f4c62b04143ad1cad10f171d,0ed92200f512b381ba31ffc815152863021e2433,2026-07-16,2026-07-27
OH,"Live Nation Entertainment, Inc.",live nation entertainment,Live Nation Entertainment,,71,employer,1335258,LYV,exact,7900,Services-Amusement & Recreation Services,,,,Q1061903,cik,,,automatic,qid:Q1061903,Cleveland/Cuyahoga,2020-09-02,2020-04-24,76,unknown,,0,0,1,https://jfs.ohio.gov/job-services-and-unemployment/job-services/job-programs-and-services/submit-a-warn-notice/current-public-notices-of-layoffs-and-closures,f1bf85cfe90108ccc28c2bf629f0411b59f36e508ceea5ab17b8de22,614b81ec752057511c4124594889a7fbf5d87e37,2026-07-16,2026-07-27
OH,"Tween Brands, Inc. and Ascena Retail Group, Inc.",tween brands inc and ascena retail group,,,,,,,,,,,,,,,,,,n:tween brands inc and ascena retail group,New Albany/Franklin,2020-09-09,2020-11-01,2,unknown,,0,0,1,https://jfs.ohio.gov/job-services-and-unemployment/job-services/job-programs-and-services/submit-a-warn-notice/current-public-notices-of-layoffs-and-closures,cf6fc398f5db1017648f1cae34513821ec60273c039fb7d57419a66c,5ef24a144e545d85bf9413581f5e53bf94047dec,2026-07-16,2026-07-27
OH,"Ascena Retail Group, Inc., Catherines, Inc., Catherines Stores Corporation, Lane Bryant, Inc., and Lane Bryant Purchasing Corp.",ascena retail group inc catherines inc catherines stores corporation lane bryant inc and lane bryant purchasing,,,,,,,,,,,,,,,,,,n:ascena retail group inc catherines inc catherines stores corporation lane bryant inc and lane bryant purchasing,Columbus/Franklin,2020-09-10,2020-11-08,4,unknown,,0,0,1,https://jfs.ohio.gov/job-services-and-unemployment/job-services/job-programs-and-services/submit-a-warn-notice/current-public-notices-of-layoffs-and-closures,21022dd245c000148efa628212b55b675b421ee64356d3f18a3c99b5,9517916fd203d78063b34f0623189f80238d3919,2026-07-16,2026-07-27
OH,Hyatt Regency Columbus,hyatt regency columbus,,,,,,,,,,,,,,,,,,n:hyatt regency columbus,Columbus/Franklin,2020-09-14,2020-06-20,192,unknown,,0,0,1,https://jfs.ohio.gov/job-services-and-unemployment/job-services/job-programs-and-services/submit-a-warn-notice/current-public-notices-of-layoffs-and-closures,0e3099bea73adf94a9f17327ad59a73f8ad96125bb0951bbacc5a3d3,6d7179cce7b221a1313c61bc99c248feb4ce72eb,2026-07-16,2026-07-27
OH,International Exposition Center (I-X Center),international exposition center i x center,,,,,,,,,,,,,,,,,,n:international exposition center,Cleveland/Cuyahoga,2020-09-16,2020-09-16,75,unknown,,0,0,1,https://jfs.ohio.gov/job-services-and-unemployment/job-services/job-programs-and-services/submit-a-warn-notice/current-public-notices-of-layoffs-and-closures,780eef04f25ad62bee5133cad869c0cc79b94d3e3ec8fd1b3c3e8973,cc9c94a8a24c12d6bdeec64b220aa162af1ad6b6,2026-07-16,2026-07-27
OH,"Lerner, Sampson & Rothfuss",lerner sampson rothfuss,,,,,,,,,,,,,,,,,,n:lerner sampson rothfuss,Cincinnati/Hamilton,2020-09-17,2020-03-20,90,unknown,,0,0,1,https://jfs.ohio.gov/job-services-and-unemployment/job-services/job-programs-and-services/submit-a-warn-notice/current-public-notices-of-layoffs-and-closures,0e4f3ea304297ff34ce5018b56ee4e3496062861440cdb76e76fe98e,3c49d0cbf5fc4937127b0f203e3efb8dfab408ba,2026-07-16,2026-07-27
OH,P.F. Chang's China Bistro,p f chang s china bistro,"P.F. Chang's China Bistro, Inc.",,,,,,,,,,,549300W0W5UC5TZ74678,,,P F CHANGS CHINA BISTRO INC,1039889,automatic,lei:549300W0W5UC5TZ74678,Dublin/Franklin,2020-09-21,2020-03-23,26,unknown,,0,0,1,https://jfs.ohio.gov/job-services-and-unemployment/job-services/job-programs-and-services/submit-a-warn-notice/current-public-notices-of-layoffs-and-closures,b924a75b293611617125985f096a4712d22de3fe93ef595da83fced8,07f0efea8e17e9823962d3f8ff520c26aa5afad8,2026-07-16,2026-07-27
OH,P.F. Chang's China Bistro,p f chang s china bistro,"P.F. Chang's China Bistro, Inc.",,,,,,,,,,,549300W0W5UC5TZ74678,,,P F CHANGS CHINA BISTRO INC,1039889,automatic,lei:549300W0W5UC5TZ74678,Akron/Summit,2020-09-21,2020-03-23,32,unknown,,0,0,1,https://jfs.ohio.gov/job-services-and-unemployment/job-services/job-programs-and-services/submit-a-warn-notice/current-public-notices-of-layoffs-and-closures,17b6a01bdd9056c6e6c1cafd2d85c67ca049d7df7dbfe6415f5f15cd,4eddd14343d73522bff83c7f502219d9a8be94aa,2026-07-16,2026-07-27
OH,P.F. Chang's China Bistro,p f chang s china bistro,"P.F. Chang's China Bistro, Inc.",,,,,,,,,,,549300W0W5UC5TZ74678,,,P F CHANGS CHINA BISTRO INC,1039889,automatic,lei:549300W0W5UC5TZ74678,Beachwood/Cuyahoga,2020-09-21,2020-03-23,35,unknown,,0,0,1,https://jfs.ohio.gov/job-services-and-unemployment/job-services/job-programs-and-services/submit-a-warn-notice/current-public-notices-of-layoffs-and-closures,1963a95b2d008f35d49e3ad594b341a4974ff47de06c882a9ce10b28,6c467fd0964adb0300a510b18c037a8421aec8e6,2026-07-16,2026-07-27
OH,P.F. Chang's China Bistro,p f chang s china bistro,"P.F. Chang's China Bistro, Inc.",,,,,,,,,,,549300W0W5UC5TZ74678,,,P F CHANGS CHINA BISTRO INC,1039889,automatic,lei:549300W0W5UC5TZ74678,West Chester/Butler,2020-09-21,2020-03-23,48,unknown,,0,0,1,https://jfs.ohio.gov/job-services-and-unemployment/job-services/job-programs-and-services/submit-a-warn-notice/current-public-notices-of-layoffs-and-closures,4b2099c23486c83e635b1eda668593f9e160be47aacb834b404b3fbd,9ea0757678bee806cf765c0811080d027795f6f2,2026-07-16,2026-07-27
OH,P.F. Chang's China Bistro,p f chang s china bistro,"P.F. Chang's China Bistro, Inc.",,,,,,,,,,,549300W0W5UC5TZ74678,,,P F CHANGS CHINA BISTRO INC,1039889,automatic,lei:549300W0W5UC5TZ74678,Columbus/Franklin,2020-09-21,2020-03-23,51,unknown,,0,0,1,https://jfs.ohio.gov/job-services-and-unemployment/job-services/job-programs-and-services/submit-a-warn-notice/current-public-notices-of-layoffs-and-closures,da014a49fa7b5c6686e98642fb963c59d7797a71f4811d20f4528caa,ab385a361957c9793af5f64691524eb6f3601c8e,2026-07-16,2026-07-27
OH,P.F. Chang's China Bistro,p f chang s china bistro,"P.F. Chang's China Bistro, Inc.",,,,,,,,,,,549300W0W5UC5TZ74678,,,P F CHANGS CHINA BISTRO INC,1039889,automatic,lei:549300W0W5UC5TZ74678,Maumee/Lucas,2020-09-21,2020-03-23,33,unknown,,0,0,1,https://jfs.ohio.gov/job-services-and-unemployment/job-services/job-programs-and-services/submit-a-warn-notice/current-public-notices-of-layoffs-and-closures,647a1d80a39d49907febf673134386a7d7a3fc57bfe2639b4a55aa77,d372908a994f30f01beee96e5b1060e1b7fa8573,2026-07-16,2026-07-27
OH,P.F. Chang's China Bistro,p f chang s china bistro,"P.F. Chang's China Bistro, Inc.",,,,,,,,,,,549300W0W5UC5TZ74678,,,P F CHANGS CHINA BISTRO INC,1039889,automatic,lei:549300W0W5UC5TZ74678,Cincinnati/Hamilton,2020-09-21,2020-03-23,42,unknown,,0,0,1,https://jfs.ohio.gov/job-services-and-unemployment/job-services/job-programs-and-services/submit-a-warn-notice/current-public-notices-of-layoffs-and-closures,9d57723af4d3e6f4fcf226f5258f5034eac28c4fb7f1b1f9e9102f39,d4a386d557d31c4bd43dbf5eb38b20156933a48c,2026-07-16,2026-07-27
OH,P.F. Chang's China Bistro - Dayton,p f chang s china bistro dayton,"P.F. Chang's China Bistro, Inc.",,,,,,,,,,,549300W0W5UC5TZ74678,,,P F CHANGS CHINA BISTRO INC,1039889,automatic,lei:549300W0W5UC5TZ74678,Dayton/Montgomery,2020-09-21,2020-03-23,32,unknown,,0,0,1,https://jfs.ohio.gov/job-services-and-unemployment/job-services/job-programs-and-services/submit-a-warn-notice/current-public-notices-of-layoffs-and-closures,eecdab4ba8f48dd6126dec1cf99ae2d6968a82296907e05bbd9b2211,dd054e08bfb41fa633130947ac063ae15f2a764b,2026-07-16,2026-07-27
OH,"ABM, Inc. (Hertz)",abm inc hertz,,,,,771497,ABM,override,7340,Services-To Dwellings & Other Buildings,,,,,,,,override,cik:771497,Cleveland/Cuyahoga,2020-09-22,2020-10-04,67,unknown,,0,0,1,https://jfs.ohio.gov/job-services-and-unemployment/job-services/job-programs-and-services/submit-a-warn-notice/current-public-notices-of-layoffs-and-closures,075a2c1689be64809c53e1db8c8bc63859b2e81f01c04251ebd1978e,8728b5a2f0bf044ca9a69a58d3b7ea2354c58aab,2026-07-16,2026-07-27
OH,Aramark Sinclair Community College,aramark sinclair community college,,,,,,,,,,,,,,,,,,n:aramark sinclair community college,Dayton/Montgomery,2020-09-22,2020-09-23,63,unknown,,0,0,1,https://jfs.ohio.gov/job-services-and-unemployment/job-services/job-programs-and-services/submit-a-warn-notice/current-public-notices-of-layoffs-and-closures,0c9b9c974b9d9854d50b1e8a57e7bea5c187f0d7510c4d10d393350a,35567f6c6f35f5622ad19f622c0e59a42cdd70fa,2026-07-16,2026-07-27
OH,Hilton Management LLC - Columbus Downtown,hilton management llc columbus downtown,,,,,1617257,,exact:base,,,,,,,,,,automatic,cik:1617257,Columbus/Franklin,2020-09-22,2020-08-28,42,unknown,,0,0,1,https://jfs.ohio.gov/job-services-and-unemployment/job-services/job-programs-and-services/submit-a-warn-notice/current-public-notices-of-layoffs-and-closures,5400e12a2ea1bde648ee0f79a5ca17a4a9a8babc55233a1bc7f7299d,76e71e4cf75db7c43052a2c1db7ef94861e474b7,2026-07-16,2026-07-27
OH,"RCSH Operations, LLC (Ruth's Chris Steak House)",rcsh operations llc ruth s chris steak house,,,,,,,,,,,,,,,,,,n:rcsh operations,Cleveland/Cuyahoga,2020-09-22,2020-09-27,47,unknown,,0,0,1,https://jfs.ohio.gov/job-services-and-unemployment/job-services/job-programs-and-services/submit-a-warn-notice/current-public-notices-of-layoffs-and-closures,ea1b5f959367f6c3f0718dfa9126d1f4a10be68e69a89040787acd25,dd7059fcd62b22b3f6e39a93f334ce27bb956fc7,2026-07-16,2026-07-27
OH,"LAZ Parking Midwest, LLC",laz parking midwest,,,,,,,,,,,,,,,,,,n:laz parking midwest,Cleveland/Cuyahoga,2020-09-23,2020-05-08,2,unknown,,0,0,1,https://jfs.ohio.gov/job-services-and-unemployment/job-services/job-programs-and-services/submit-a-warn-notice/current-public-notices-of-layoffs-and-closures,4ca863246af433763acf557deffaa4a46a1afcdff4ad92c60fae7d58,8fb40517c2e52cf3d88704db0f7f24941a525710,2026-07-16,2026-07-27
OH,"LAZ Parking Midwest, LLC",laz parking midwest,,,,,,,,,,,,,,,,,,n:laz parking midwest,Columbus/Franklin,2020-09-23,2020-09-02,2,unknown,,0,0,1,https://jfs.ohio.gov/job-services-and-unemployment/job-services/job-programs-and-services/submit-a-warn-notice/current-public-notices-of-layoffs-and-closures,897b4461a5b4e8ce4a95daf5dc0747a838b5f86339ccddb16ca01100,f6f01b145541284a6a61d2a15177439c47e78930,2026-07-16,2026-07-27
OH,"Alutiiq Management Services, LLC (Dayton Job Corp Center)",alutiiq management services llc dayton job corp center,,,,,,,,,,,,,,,,,,n:alutiiq management services,Dayton/Montgomery,2020-09-28,2020-11-30,121,unknown,,0,0,1,https://jfs.ohio.gov/job-services-and-unemployment/job-services/job-programs-and-services/submit-a-warn-notice/current-public-notices-of-layoffs-and-closures,1b9a245ebf21c312e2ebd9132a6da4fc5065fca238f0588dba8ecb5b,1fac23c8b62def72a171890293db024b5a2eaffb,2026-07-16,2026-07-27
OH,"SSA Group, LLC - Center of Science & Industry",ssa group llc center of science industry,"SSA Group, LLC",,,,,,,,,,,254900T8KQ0A6OY24M05,,,,,automatic,lei:254900T8KQ0A6OY24M05,Columbus/Franklin,2020-09-29,2020-03-29,47,unknown,,0,0,1,https://jfs.ohio.gov/job-services-and-unemployment/job-services/job-programs-and-services/submit-a-warn-notice/current-public-notices-of-layoffs-and-closures,1d6b50defdd87815c972472a8396e1628f218e7a863e44e1ea2c6265,76311a40e32e9a97b3eb42ae295d67e78beb4772,2026-07-16,2026-07-27
OH,"SSA Group, LLC - Cincinnati Museum Center",ssa group llc cincinnati museum center,"SSA Group, LLC",,,,,,,,,,,254900T8KQ0A6OY24M05,,,,,automatic,lei:254900T8KQ0A6OY24M05,Cincinnati/Hamilton,2020-09-29,2020-03-29,31,unknown,,0,0,1,https://jfs.ohio.gov/job-services-and-unemployment/job-services/job-programs-and-services/submit-a-warn-notice/current-public-notices-of-layoffs-and-closures,d0b49b4384cb85134277e3cb10a83ce41c353d4c80a92a8dc080a853,34b27c75ce911efc497c603aafc7d074ba3b0957,2026-07-16,2026-07-27
OH,Community Development Institute Head Start (CDI HS),community development institute head start cdi hs,,,,,,,,,,,,,,,,,,n:community development institute head start,Various Cities/Various Counties,2020-09-30,2020-10-31,113,unknown,,0,0,1,https://jfs.ohio.gov/job-services-and-unemployment/job-services/job-programs-and-services/submit-a-warn-notice/current-public-notices-of-layoffs-and-closures,fcac87178c0b4ded251de41c65366d114c4159dc05f79e5dd1ab52a3,13e94b9463ae23d36b416dd21c6642e1af431c94,2026-07-16,2026-07-27
OH,"InterContinental Hotels Group Resources, LLC (IHG)(Crowne Plaza Columbus-Downtown)",intercontinental hotels group resources llc ihg crowne plaza columbus downtown,,,,,,,,,,,,,,,,,,n:intercontinental hotels group resources,Columbus/Franklin,2020-10-01,2020-11-30,49,unknown,,0,0,1,https://jfs.ohio.gov/job-services-and-unemployment/job-services/job-programs-and-services/submit-a-warn-notice/current-public-notices-of-layoffs-and-closures,48866b33077dc2977f1ef0d7ae8e2ebcbe2cb82bc7b008129b4b6dc6,eef2b873bd9491aaec4662dcf0fd95c62b06a274,2026-07-16,2026-07-27
OH,Chick Master Incubator Company,chick master incubator,,,,,,,,,,,,,,,,,,n:chick master incubator,Medina/Medina,2020-10-05,2021-01-01,70,unknown,,0,0,1,https://jfs.ohio.gov/job-services-and-unemployment/job-services/job-programs-and-services/submit-a-warn-notice/current-public-notices-of-layoffs-and-closures,ad5c9b0f7d949c007af2f70a2f873c4b87e1f8d8fde37607517c39c6,643cc6d92e2923395414597ad3a0e2444172b726,2026-07-16,2026-07-27
OH,Schneider Electric,schneider electric,,,335313,employer,,,,,,,,,,,,,,n:schneider electric,Independence/Cuyahoga,2020-10-06,2020-12-04,13,unknown,,0,0,1,https://jfs.ohio.gov/job-services-and-unemployment/job-services/job-programs-and-services/submit-a-warn-notice/current-public-notices-of-layoffs-and-closures,d6797b0d7c4057eaeead8143df2417f6ee2deee01adab28fd759bf6c,5d0f5befe47657e28f71333bdbdc59489cc53ddc,2026-07-16,2026-07-27
OH,ASC Airtex,asc airtex,,,,,,,,,,,,,,,,,,n:asc airtex,North Canton/Stark,2020-10-08,2020-12-07,106,unknown,,0,0,1,https://jfs.ohio.gov/job-services-and-unemployment/job-services/job-programs-and-services/submit-a-warn-notice/current-public-notices-of-layoffs-and-closures,8af4a60829ce518eeef059d423a81f1c45d5f6bd950cc7153ade8de2,769594ebeb17dcb119bc2a724bf8114c445d9c49,2026-07-16,2026-07-27
OH,Stride Tool (DiversiTech Corporation),stride tool diversitech,,,,,,,,,,,,,,,,,,n:stride tool,Glenwillow/Cuyahoga,2020-10-14,2021-04-01,73,unknown,,0,0,1,https://jfs.ohio.gov/job-services-and-unemployment/job-services/job-programs-and-services/submit-a-warn-notice/current-public-notices-of-layoffs-and-closures,2979970126de4ba16e5e0c706d635643924a0399636927e2d3d57e15,392b9ceb0c98323b30fb572019552cdf3ae3b623,2026-07-16,2026-07-27
OH,100th Bomb Group (Specialty Restaurants Corporation),100th bomb group specialty restaurants,,,,,,,,,,,,,,,,,,n:100th bomb group,Cleveland/Cuyahoga,2020-10-19,2020-12-31,59,unknown,,0,0,1,https://jfs.ohio.gov/job-services-and-unemployment/job-services/job-programs-and-services/submit-a-warn-notice/current-public-notices-of-layoffs-and-closures,2205c03f63960904ef274948ae4d0e9898b91c44375c1dd171bb120d,088b7c2c9682649235c889c8c75e534eb66e24b9,2026-07-16,2026-07-27
OH,Aramark - Rocket Mortgage Fieldhouse,aramark rocket mortgage fieldhouse,Aramark,,,,1584509,ARMK,exact:base,5812,Retail-Eating  Places,,,,Q625708,cik,,,automatic,qid:Q625708,Cleveland/Cuyahoga,2020-10-19,,361,unknown,,0,0,1,https://jfs.ohio.gov/job-services-and-unemployment/job-services/job-programs-and-services/submit-a-warn-notice/current-public-notices-of-layoffs-and-closures,72b301e62e92cdef312ef1447891713b57320f45c23e895b04dc49d1,38c0a7b1268d1eeef8ac9243f443a3fc13f97be9,2026-07-16,2026-07-27
OH,Maritz Holdings Inc.,maritz holdings,,,561920,employer,,,,,,,,,,,,,,n:maritz holdings,Twinsburg/Summit,2020-10-20,2021-02-22,23,unknown,,0,0,1,https://jfs.ohio.gov/job-services-and-unemployment/job-services/job-programs-and-services/submit-a-warn-notice/current-public-notices-of-layoffs-and-closures,ca96d2e10b88a5372f476b8c6f90f9e740721db72c236047f21edcde,ab26278de0ee126ed47af7f74ff3e07b941c2893,2026-07-16,2026-07-27
OH,Hollywood Gaming Mahoning Valley Race Course,hollywood gaming mahoning valley race course,,,,,,,,,,,,,,,,,,n:hollywood gaming mahoning valley race course,Youngstown/Mahoning,2020-10-21,2020-11-01,2,unknown,,0,0,1,https://jfs.ohio.gov/job-services-and-unemployment/job-services/job-programs-and-services/submit-a-warn-notice/current-public-notices-of-layoffs-and-closures,bdce91bae339a1d1a0d5b3887370e1a739f8ecf2d17e20b9c5308089,0ae174516d1fbfd148ed11930d54936bd12fc79d,2026-07-16,2026-07-27
OH,"Ascena Retail Group, Inc., Catherines, Inc., Catherines Stores Corporation, Lane Bryant, Inc., and Lane Bryant Purchasing Corp.",ascena retail group inc catherines inc catherines stores corporation lane bryant inc and lane bryant purchasing,,,,,,,,,,,,,,,,,,n:ascena retail group inc catherines inc catherines stores corporation lane bryant inc and lane bryant purchasing,Columbus/Franklin,2020-11-02,2020-11-26,2,unknown,,0,0,1,https://jfs.ohio.gov/job-services-and-unemployment/job-services/job-programs-and-services/submit-a-warn-notice/current-public-notices-of-layoffs-and-closures,67bc10781e983eb8678fae0ac2253c6f6ba43871241a5a25d61816f1,ece3b4e0bd9ac6a873b16b8537d6e51643b7a635,2026-07-16,2026-07-27
OH,Genpact LLC,genpact,,,54161,sic-crosswalk,1398659,G,exact,8742,Services-Management Consulting Services,,,,,,,,automatic,cik:1398659,Cincinnati/Hamilton,2020-11-02,2020-12-31,1,unknown,,0,0,1,https://jfs.ohio.gov/job-services-and-unemployment/job-services/job-programs-and-services/submit-a-warn-notice/current-public-notices-of-layoffs-and-closures,19f44c14d9298b38658e650dcf70eb3ff5af0e2ef2d6befd32070e7e,d76cc7332203db1159c823a748ba3f5c7158eddb,2026-07-16,2026-07-27
OH,"Tween Brands, Inc. and Ascena Retail Group, Inc.",tween brands inc and ascena retail group,,,,,,,,,,,,,,,,,,n:tween brands inc and ascena retail group,New Albany/Franklin,2020-11-02,2021-01-06,5,unknown,,0,0,1,https://jfs.ohio.gov/job-services-and-unemployment/job-services/job-programs-and-services/submit-a-warn-notice/current-public-notices-of-layoffs-and-closures,6e001b49481d889142a6a253227332e3971fffd8356dca82c5cf6911,0dc828a431493281294de4d281a7135e48544da9,2026-07-16,2026-07-27
OH,Premier Health Atrium Medical Center,premier health atrium medical center,,,,,,,,,,,,,,,,,,n:premier health atrium medical center,Middletown/Warren,2020-11-10,2021-01-09,115,unknown,,0,0,1,https://jfs.ohio.gov/job-services-and-unemployment/job-services/job-programs-and-services/submit-a-warn-notice/current-public-notices-of-layoffs-and-closures,ff3727c35b3c5d00305e27f11976e82a8807acf27046209d19983ec0,28db9bc9dc85b36a24df8d8b969b7c54f660140a,2026-07-16,2026-07-27
OH,Premier Health Miami Valley Hospital,premier health miami valley hospital,,,,,,,,,,,,,,,,,,n:premier health miami valley hospital,Dayton/Montgomery,2020-11-10,2021-01-09,424,unknown,,0,0,1,https://jfs.ohio.gov/job-services-and-unemployment/job-services/job-programs-and-services/submit-a-warn-notice/current-public-notices-of-layoffs-and-closures,8a4e12e93bc8e59126bf10aabef840a173544065c8e6e840f029700a,25e5c46232cc9777a1542ce3053c88137da533a7,2026-07-16,2026-07-27
OH,Premier Health Upper Valley Medical Center,premier health upper valley medical center,,,,,,,,,,,,,,,,,,n:premier health upper valley medical center,Troy/Miami,2020-11-10,2021-01-09,87,unknown,,0,0,1,https://jfs.ohio.gov/job-services-and-unemployment/job-services/job-programs-and-services/submit-a-warn-notice/current-public-notices-of-layoffs-and-closures,ac485bccd01c01cc836629842ffc8392cf09f1b06affdd057f96a514,9967501b7220beee02088c986f5400827bf2c516,2026-07-16,2026-07-27
OH,"Core Composites Cincinnati, LLC",core composites cincinnati,,,,,,,,,,,,,,,,,,n:core composites cincinnati,Batavia/Clermont,2020-11-20,2021-03-01,99,unknown,,0,0,1,https://jfs.ohio.gov/job-services-and-unemployment/job-services/job-programs-and-services/submit-a-warn-notice/current-public-notices-of-layoffs-and-closures,1fdd5b075ece911d0bdd1ff8da501e18ba96e6914485a7bf8b58c359,357c4b921e00c772d1bf7b0ab7a45a929dc38c60,2026-07-16,2026-07-27
OH,Renaissance Hotel Management Company LLC (Renaissance Columbus Downtown Hotel),renaissance hotel management company llc renaissance columbus downtown hotel,,,7211,parent-sic,,,,,,,,,,,MARRIOTT INTERNATIONAL INC /MD/,1048286,,n:renaissance hotel management,Columbus/Franklin,2020-11-24,2021-01-29,63,unknown,,0,0,1,https://jfs.ohio.gov/job-services-and-unemployment/job-services/job-programs-and-services/submit-a-warn-notice/current-public-notices-of-layoffs-and-closures,9e80e1341733f480407ce85cd88bdf4f506109a317b68cad7d8d520b,512379bcedfcebbbf36d05d44198c34d8a0ea477,2026-07-16,2026-07-27
OH,"Tween Brands, Inc. and Ascena Retail Group, Inc. (Justice)",tween brands inc and ascena retail group inc justice,,,,,,,,,,,,,,,,,,n:tween brands inc and ascena retail group,New Albany/Franklin,2020-11-24,2021-01-24,127,unknown,,0,0,1,https://jfs.ohio.gov/job-services-and-unemployment/job-services/job-programs-and-services/submit-a-warn-notice/current-public-notices-of-layoffs-and-closures,721d297e8c05ad3ccf2de8e08e2b772bc31a31ccb785327b51b350d1,65b9418f18ac4ae2f68fd69ca5acd5cbc6eeaf60,2026-07-16,2026-07-27
OH,"Toledo Molding & Die, LLC - Jefferson Plant",toledo molding die llc jefferson plant,,,,,,,,,,,,,,,,,,n:toledo molding die,Jefferson/Ashtabula,2020-12-01,2021-02-01,89,unknown,,0,0,1,https://jfs.ohio.gov/job-services-and-unemployment/job-services/job-programs-and-services/submit-a-warn-notice/current-public-notices-of-layoffs-and-closures,2495b3391adcfdc1f0077b505072dc983f29761d65e4e3e30e9a2f6a,23bc5a2059843b5572dd2adfd4fffedc783574ab,2026-07-16,2026-07-27
OH,Amcor Flexibles North America,amcor flexibles north america,,,,,11199,,exact,2670,Converted Paper & Paperboard Prods (No Contaners/Boxes),,,,,,,,automatic,cik:11199,Akron/Summit,2020-12-03,2021-01-24,109,unknown,,0,0,1,https://jfs.ohio.gov/job-services-and-unemployment/job-services/job-programs-and-services/submit-a-warn-notice/current-public-notices-of-layoffs-and-closures,794bc1a8d6fd5284026415bad00cfdf8fcfd69b2070893f780c9e49d,bc57d5f6eced5e200e934793729e633c4da143a6,2026-07-16,2026-07-27
OH,Schneider Electric,schneider electric,,,335313,employer,,,,,,,,,,,,,,n:schneider electric,Valley View/Cuyahoga,2020-12-07,2021-02-05,13,unknown,,0,0,1,https://jfs.ohio.gov/job-services-and-unemployment/job-services/job-programs-and-services/submit-a-warn-notice/current-public-notices-of-layoffs-and-closures,093dbbe3e1d7e360d27dbbf149238c4778cb97ccb8dd40cf00aa3722,31438472af869e1135e5d88288b3215d5178ca03,2026-07-16,2026-07-27
OH,Shutterfly Lifetouch LLC (Lifetouch Church Directories and Portraits Inc.),shutterfly lifetouch llc lifetouch church directories and portraits,,,541921,employer,,,,,,,,,,,,,,n:shutterfly lifetouch,Ontario/Richland,2020-12-07,2021-02-04,100,unknown,,0,0,1,https://jfs.ohio.gov/job-services-and-unemployment/job-services/job-programs-and-services/submit-a-warn-notice/current-public-notices-of-layoffs-and-closures,df19ae918cbc8bc39a1859bdc8ea222e43f3b91ea4dd85cc43d6d161,1f755b70c4cd8c9f52dfa98cc28874ad8282b449,2026-07-16,2026-07-27
OH,The Fiesta Tableware Company,fiesta tableware,,,,,,,,,,,,,,,,,,n:fiesta tableware,East Liverpool/Columbiana,2020-12-23,2021-02-11,80,unknown,,0,0,1,https://jfs.ohio.gov/job-services-and-unemployment/job-services/job-programs-and-services/submit-a-warn-notice/current-public-notices-of-layoffs-and-closures,f462fc729c6cc4b2d3820978341d50b42473799d1858a9dcb7d310c1,23289969cf0c44f8940114708a082d49378325eb,2026-07-16,2026-07-27
OH,"GE Lighting (Savant Systems, Inc.)(Bucyrus Lamp Plant)",ge lighting savant systems inc bucyrus lamp plant,,,,,,,,,,,,,,,GENERAL ELECTRIC CO,40545,,n:ge lighting,Bucyrus/Crawford,2021-01-06,2021-03-06,81,unknown,,0,0,1,https://jfs.ohio.gov/job-services-and-unemployment/job-services/job-programs-and-services/submit-a-warn-notice/current-public-notices-of-layoffs-and-closures,3a1a05ef4259b186e9ecd47ff034c6276287383d08b4ce99626f60a7,6350f6479d2b7b0515c8259e5459e140a1d40274,2026-07-16,2026-07-27
OH,"Alliance Data Systems, Inc. (Alliance Data Card Services)",alliance data systems inc alliance data card services,Alliance Data,,5222,sic-crosswalk,1101215,BFH,exact:base,6141,Personal Credit Institutions,,,,Q2837996,cik,,,automatic,qid:Q2837996,Reynoldsburg/Franklin,2021-01-14,2021-07-16,110,unknown,,0,0,1,https://jfs.ohio.gov/job-services-and-unemployment/job-services/job-programs-and-services/submit-a-warn-notice/current-public-notices-of-layoffs-and-closures,24e000ad48406b1737e8af0ff3df94dfb967bb8ffe823cd2ca95ee96,5e1b0aa7473eeb878399eb0bfec08e3dd24f1471,2026-07-16,2026-07-27
OH,"Tween Brands, Inc. and Ascena Retail Group, Inc. (Justice)",tween brands inc and ascena retail group inc justice,,,,,,,,,,,,,,,,,,n:tween brands inc and ascena retail group,New Albany/Franklin,2021-01-25,2021-02-26,2,unknown,,0,0,1,https://jfs.ohio.gov/job-services-and-unemployment/job-services/job-programs-and-services/submit-a-warn-notice/current-public-notices-of-layoffs-and-closures,9c20e6321292e9e508c8b87f8c2e70cee2b3ba5120af545225b1ab24,943de815f9050a53d89646eb7b7e87f7939816d0,2026-07-16,2026-07-27
OH,"DSW Shoe Warehouse, Inc.",dsw shoe warehouse,,,,,,,,,,,,,,,,,,n:dsw shoe warehouse,Columbus/Franklin,2021-01-27,2021-03-27,92,unknown,,0,0,1,https://jfs.ohio.gov/job-services-and-unemployment/job-services/job-programs-and-services/submit-a-warn-notice/current-public-notices-of-layoffs-and-closures,36b1d3cd393fe0475d0508b09563c5bd2710ec2c58bd1c0657cf8df9,29c693e91e85deee5b8f6e80f211afcce1378b6b,2026-07-16,2026-07-27
OH,Royal Appliance Manufacturing Company (TTI Floor Care North America),royal appliance manufacturing company tti floor care north america,,,,,85462,,exact:post-era:base,,,,,,,,,,automatic,cik:85462,Glenwillow/Cuyahoga,2021-02-01,2021-04-02,65,unknown,,0,0,1,https://jfs.ohio.gov/job-services-and-unemployment/job-services/job-programs-and-services/submit-a-warn-notice/current-public-notices-of-layoffs-and-closures,e62ad548852ebc89df7ca159db7f4500b1ac8d8dc64bdc93ba109e5c,af316c2682adde178397bd32a037cd46f6e77aae,2026-07-16,2026-07-27
OH,Gilbarco Inc,gilbarco,,,,,814015,,exact,3560,General Industrial Machinery & Equipment,,,,,,,,automatic,cik:814015,Tipp City/Miami,2021-02-16,2021-04-16,64,unknown,,0,0,1,https://jfs.ohio.gov/job-services-and-unemployment/job-services/job-programs-and-services/submit-a-warn-notice/current-public-notices-of-layoffs-and-closures,e89f1afde6bad910ba3bddde300f4089ebf94c2e47966604500cd0cd,c2bd85cec38cba5e6fda589e47e095f0ec07c642,2026-07-16,2026-07-27
OH,TimkenSteel Corporation,timkensteel,,,31-33,sic-crosswalk,1598428,MTUS,exact,3312,"Steel Works, Blast Furnaces & Rolling Mills (Coke Ovens)",,,,,,,,automatic,cik:1598428,Canton/Stark,2021-02-16,2021-04-15,99,unknown,,0,0,1,https://jfs.ohio.gov/job-services-and-unemployment/job-services/job-programs-and-services/submit-a-warn-notice/current-public-notices-of-layoffs-and-closures,35b0b7ad12c207db24f7721fefdc9ffe3be1dd761f5a1e620bea9474,14cdb35e85a580d93edf8e1816278c3403d908f7,2026-07-16,2026-07-27
OH,CJ Logistics America (DSC Logistics),cj logistics america dsc logistics,,,,,,,,,,,,,,,,,,n:cj logistics america,Toledo/Lucas,2021-02-22,2021-04-28,93,unknown,,0,0,1,https://jfs.ohio.gov/job-services-and-unemployment/job-services/job-programs-and-services/submit-a-warn-notice/current-public-notices-of-layoffs-and-closures,cdf945a09226dab4484974b3fffdf2ad4b3477a20c982a945fee00bd,87082e759919f6c41d277fd53874df07eb877d5d,2026-07-16,2026-07-27
OH,"PlusOne Communications, LLC",plusone communications,,,,,,,,,,,,,,,,,,n:plusone communications,Akron/Summit,2021-03-01,2021-05-01,155,unknown,,0,0,1,https://jfs.ohio.gov/job-services-and-unemployment/job-services/job-programs-and-services/submit-a-warn-notice/current-public-notices-of-layoffs-and-closures,026816b21792e66e254a16bc3c4ef26eb3ddb2b36c813c6e53f5b4a0,cbdc0d05dcaf756ee4e34b752e2457de841fa33a,2026-07-16,2026-07-27
OH,AAM Malvern Manufacturing Facility,aam malvern manufacturing facility,,,,,,,,,,,,,,,,,,n:aam malvern manufacturing facility,Malvern/Carroll,2021-03-29,2021-05-29,95,unknown,,0,0,1,https://jfs.ohio.gov/job-services-and-unemployment/job-services/job-programs-and-services/submit-a-warn-notice/current-public-notices-of-layoffs-and-closures,cc45fc7747589b14de9a407bc765ed3bc4f5e1840787ae434a02bde5,20ff583a2e821e19d5aae4c255022df0ede16c3a,2026-07-16,2026-07-27
OH,ILSCO LLC,ilsco,,,,,,,,,,,,,,,,,,n:ilsco,Cincinnati/Hamilton,2021-03-29,2021-05-21,121,unknown,,0,0,1,https://jfs.ohio.gov/job-services-and-unemployment/job-services/job-programs-and-services/submit-a-warn-notice/current-public-notices-of-layoffs-and-closures,5a62751580ed899f362ad68f193961b81325ad06673e262f42582898,6c448db08477ef3496a693cc310c6b711503d878,2026-07-16,2026-07-27
OH,Bechtel Infrastructure and Power Corporation (South Field Energy Facility Project),bechtel infrastructure and power corporation south field energy facility project,,,,,,,,,,,,,,,,,,n:bechtel infrastructure and power,Wellsville/Columbiana,2021-04-06,2021-06-15,63,unknown,,0,0,1,https://jfs.ohio.gov/job-services-and-unemployment/job-services/job-programs-and-services/submit-a-warn-notice/current-public-notices-of-layoffs-and-closures,3d56cc25fe5c971eb2c794034c356dc6ddaa06a93e19349553ee4fa2,1efb8eb5b7d0b8aa3c5b5cc973eec160161a3a0d,2026-07-16,2026-07-27
OH,Sunbeam Products Inc.,sunbeam products,,,,,1387483,,exact:post-era,,,,,,,,,,automatic,cik:1387483,Bowling Green/Wood,2021-05-04,2021-06-30,50,unknown,,0,0,1,https://jfs.ohio.gov/job-services-and-unemployment/job-services/job-programs-and-services/submit-a-warn-notice/current-public-notices-of-layoffs-and-closures,67a5357904374c81a430a64a92a95589b4675d05aa4e93e271b764ad,1a6bfc1298a63dabe91075e5a7f03223601b6bfb,2026-07-16,2026-07-27
OH,OPW Engineered Systems,opw engineered systems,,,,,,,,,,,,,,,,,,n:opw engineered systems,Lebanon/Warren,2021-05-06,2021-07-06,103,unknown,,0,0,1,https://jfs.ohio.gov/job-services-and-unemployment/job-services/job-programs-and-services/submit-a-warn-notice/current-public-notices-of-layoffs-and-closures,8aef4ab84bc28140f02689c406b7e7bb999c32d188d1d68f0b8dc917,4bd4e9d91c278b5303bfbda84ec55fdebe3a65c5,2026-07-16,2026-07-27
OH,Bucyrus Precision Tech Inc.,bucyrus precision tech,,,,,,,,,,,,,,,,,,n:bucyrus precision tech,Bucyrus/Crawford,2021-05-19,2021-07-30,92,unknown,,0,0,1,https://jfs.ohio.gov/job-services-and-unemployment/job-services/job-programs-and-services/submit-a-warn-notice/current-public-notices-of-layoffs-and-closures,4e1124357a6070f01f1d90fa022b6e901a6315a5af6e43ebdf2c563b,4d9275d792609cc1897c95904d26b59d1488df94,2026-07-16,2026-07-27
OH,ILSCO LLC,ilsco,,,,,,,,,,,,,,,,,,n:ilsco,Harrison/Hamilton,2021-06-02,2021-09-03,25,unknown,,0,0,1,https://jfs.ohio.gov/job-services-and-unemployment/job-services/job-programs-and-services/submit-a-warn-notice/current-public-notices-of-layoffs-and-closures,b735103a16d7ad3bb746afc1bcb3ca5da72bde43512e11ee72c03627,b937bb23eedeb81830b1f38efd03956347714430,2026-07-16,2026-07-27
OH,TTEC@Home,ttec home,,,,,,,,,,,,,,,,,,n:ttec home,Various Cities/Various Counties,2021-07-07,2021-07-06,6,unknown,,0,0,1,https://jfs.ohio.gov/job-services-and-unemployment/job-services/job-programs-and-services/submit-a-warn-notice/current-public-notices-of-layoffs-and-closures,24b68d8e38906f6aa096b1b486f92f751c8eb9c8700b1edffbd197f7,7e15a48e8b8851d33580c70900a1519e735bce19,2026-07-16,2026-07-27
OH,"Compass Group USA, Inc",compass group usa,,,,,1317627,,fuzzy:0.95,,,,,,,,,,automatic,cik:1317627,Cleveland/Cuyahoga,2021-07-14,2021-09-07,72,unknown,,0,0,1,https://jfs.ohio.gov/job-services-and-unemployment/job-services/job-programs-and-services/submit-a-warn-notice/current-public-notices-of-layoffs-and-closures,b588c1194dd68f6f199d2a5868e7b318a8134960908b26c9124c96a1,9f3919ba487c4a03f5168b81a631d50149c7e028,2026-07-16,2026-07-27
OH,GenOn Energy Services LLC,genon energy services,,,221112,employer,1752706,,exact:post-era,,,,,,,,,,automatic,cik:1752706,Avon Lake/Lorain,2021-07-14,2022-04-01,50,unknown,,0,0,1,https://jfs.ohio.gov/job-services-and-unemployment/job-services/job-programs-and-services/submit-a-warn-notice/current-public-notices-of-layoffs-and-closures,f448b075ce84186bb6e01533665625adb969ff7cdf51288f3883fc66,22873643615ff290e60ec21d8218b2f78eed5ebe,2026-07-16,2026-07-27
OH,"United Airlines, Inc - Cleveland Hopkins International Airport",united airlines inc cleveland hopkins international airport,United Airlines,,48111,sic-crosswalk,319687,,exact:base,4512,"Air Transportation, Scheduled",,,,Q174769,cik,UAL Corporation,,automatic,qid:Q174769,Cleveland/Cuyahoga,2021-08-02,2021-10-12,45,unknown,,0,0,1,https://jfs.ohio.gov/job-services-and-unemployment/job-services/job-programs-and-services/submit-a-warn-notice/current-public-notices-of-layoffs-and-closures,f373948ff8262374f7f46380d53ea7984b261e85e0575c6a6c5740ca,90af949ecc2a2229390c901368efdf5da3e3881e,2026-07-16,2026-07-27
OH,"Marriott Hotel Services, Inc. - Cleveland Marriott Downtown at Key Tower",marriott hotel services inc cleveland marriott downtown at key tower,,,,,1329063,,exact:post-era:base,,,,,,,,,,automatic,cik:1329063,Cleveland/Cuyahoga,2021-10-15,2021-12-14,109,unknown,,0,0,1,https://jfs.ohio.gov/job-services-and-unemployment/job-services/job-programs-and-services/submit-a-warn-notice/current-public-notices-of-layoffs-and-closures,7735c7490901bc3a600992ce4cfb0583a256b006920cd79152ad56a2,99c9ac4ef10a5a277dad52ceadb5167b18f97134,2026-07-16,2026-07-27
OH,Kellogg Company,kellogg,Kellanova,,,,55067,,exact,2040,Grain Mill Products,,,,Q856897,cik,,,automatic,qid:Q856897,Cincinnati/Hamilton,2021-10-18,2021-12-20,73,unknown,,0,0,1,https://jfs.ohio.gov/job-services-and-unemployment/job-services/job-programs-and-services/submit-a-warn-notice/current-public-notices-of-layoffs-and-closures,aef5aa814cdf9fc038c488ae7926912781db6834933fb12c4a8fd1cd,1e45cd8b837ab5df83ad582e57b2e6c356faa855,2026-07-16,2026-07-27
OH,"BTA Enterprises, LLC",bta enterprises,,,,,,,,,,,,,,,,,,n:bta enterprises,Dayton/Montgomery,2021-10-28,2021-12-31,78,unknown,,0,0,1,https://jfs.ohio.gov/job-services-and-unemployment/job-services/job-programs-and-services/submit-a-warn-notice/current-public-notices-of-layoffs-and-closures,1c0b0fc7a372e1f78cb390e809bd55180177c74a4f10c2f83270248a,3268511af0e3679c1bc77daa0e59a9b77555118b,2026-07-16,2026-07-27
OH,"Creative Extruded Products, LLC",creative extruded products,,,,,,,,,,,,,,,,,,n:creative extruded products,Tipp City/Miami,2021-10-28,2021-12-31,165,unknown,,0,0,1,https://jfs.ohio.gov/job-services-and-unemployment/job-services/job-programs-and-services/submit-a-warn-notice/current-public-notices-of-layoffs-and-closures,406964fa488cc85a1f601625c95295b33a92a000aa53ddae0446c3e5,21b8ad870fe694dd5a66a4e137f23307588d7a7b,2026-07-16,2026-07-27
OH,First Transit,first transit,,,,,,,,,,,,,,,,,,n:first transit,Columbus/Franklin,2021-11-01,2021-12-31,114,unknown,,0,0,1,https://jfs.ohio.gov/job-services-and-unemployment/job-services/job-programs-and-services/submit-a-warn-notice/current-public-notices-of-layoffs-and-closures,70b3b2ab84b4ece0a6129990c7d437b5f8c370f2e3132007ec46902e,81c0fcdef1946f5d059e9f2a1039dd41ecad6c40,2026-07-16,2026-07-27
OH,Progressive Casualty Insurance Company,progressive casualty insurance,,,,,,,,,,,,,,,,,,n:progressive casualty insurance,Mayfield Village/Cuyahoga,2021-11-01,2021-12-31,76,unknown,,0,0,1,https://jfs.ohio.gov/job-services-and-unemployment/job-services/job-programs-and-services/submit-a-warn-notice/current-public-notices-of-layoffs-and-closures,1c84b4aa9469daaf5de4fcfba3d59e592c52aa97e03d0104d4efd033,ca8fc9309fb7fd0a500d221d01cd255b0a4731a8,2026-07-16,2026-07-27
OH,Watsonville Community Hospital,watsonville community hospital,Watsonville Community Hospital,,62,employer,,,,,,,,,Q61932002,label,,,automatic,qid:Q61932002,Watsonville/Columbiana,2021-11-29,2022-01-28,1,unknown,,0,0,1,https://jfs.ohio.gov/job-services-and-unemployment/job-services/job-programs-and-services/submit-a-warn-notice/current-public-notices-of-layoffs-and-closures,66fb07e3be5b5461bb27aafafb0f640278dc5fc29b8343031954745b,2b2d05be76359730385056016a29e693a18ab0bc,2026-07-16,2026-07-27
OH,OneTouchPoint,onetouchpoint,,,,,,,,,,,,,,,,,,n:onetouchpoint,Cincinnati/Hamilton,2021-12-01,2021-12-01,65,unknown,,0,0,1,https://jfs.ohio.gov/job-services-and-unemployment/job-services/job-programs-and-services/submit-a-warn-notice/current-public-notices-of-layoffs-and-closures,8d699fc21b610136b172588b04de265bf64c02709ce97a154b649a44,180b2b200d2f1b80d27d90e37d74720d09c2d1f3,2026-07-16,2026-07-27
OH,"Prairie Farms Dairy, Inc.",prairie farms dairy,,,112120,employer,917666,,exact,,,,,,,,,,automatic,cik:917666,Various Cities/Various Counties,2021-12-01,2021-12-31,117,unknown,,0,0,1,https://jfs.ohio.gov/job-services-and-unemployment/job-services/job-programs-and-services/submit-a-warn-notice/current-public-notices-of-layoffs-and-closures,cd17724eaad768c3606834b960066f49505b69f3a4cb3a906e5c65c1,15617753fbc34e236f22bdc7de48248ca36953c8,2026-07-16,2026-07-27
OH,DHL Supply Chain,dhl supply chain,,,,,,,,,,,,,,,,,,n:dhl supply chain,West Jefferson/Madison,2022-01-12,2022-03-14,153,unknown,,0,0,1,https://jfs.ohio.gov/job-services-and-unemployment/job-services/job-programs-and-services/submit-a-warn-notice/current-public-notices-of-layoffs-and-closures,a4dc7ce6b0db570ea75cbc0e4fe5e841952f7247c3bd677782de64e7,91657a3556d788377582f014236152705b76bd56,2026-07-16,2026-07-27
OH,Ross Casting & Innovation LLC,ross casting innovation,,,,,,,,,,,,,,,,,,n:ross casting innovation,Sidney/Shelby,2022-01-12,2022-03-05,107,unknown,,0,0,1,https://jfs.ohio.gov/job-services-and-unemployment/job-services/job-programs-and-services/submit-a-warn-notice/current-public-notices-of-layoffs-and-closures,42a3874e9c8c38af754321353bc3d82cc17b4b779cbb2455beae9e39,97c21e5a8c764c613fe6d935c4a0d0eae3373dd5,2026-07-16,2026-07-27
OH,"Curation Foods, Inc.",curation foods,,,,,,,,,,,,,,,"LIFECORE BIOMEDICAL, INC. \DE\",1005286,,n:curation foods,Bowling Green/Wood,2022-01-18,2022-01-31,110,unknown,,0,0,1,https://jfs.ohio.gov/job-services-and-unemployment/job-services/job-programs-and-services/submit-a-warn-notice/current-public-notices-of-layoffs-and-closures,3aec165dd719b01e1e7fc5906fb1723d1050014b292b216241d9a450,2cc143f4aa912e8a8150eb7729b7a6ec137a4c2d,2026-07-16,2026-07-27
OH,"Lineage Logistics Services, LLC",lineage logistics services,,,,,,,,,,,,,,,,,,n:lineage logistics services,Solon/Cuyahoga,2022-01-20,2022-01-15,233,unknown,,0,0,1,https://jfs.ohio.gov/job-services-and-unemployment/job-services/job-programs-and-services/submit-a-warn-notice/current-public-notices-of-layoffs-and-closures,462f41b5828b4aef79fe75371422786dbf165fa4fc37e961235906d9,7d4d25a56dbfe87008035872fddd724c88007c30,2026-07-16,2026-07-27
OH,"GenOn Energy Services, LLC - Avon Lake Generating Station",genon energy services llc avon lake generating station,,,221112,employer,1752706,,exact:post-era:base,,,,,,,,,,automatic,cik:1752706,Avon Lake/Lorain,2022-01-24,2022-04-01,49,unknown,,0,0,1,https://jfs.ohio.gov/job-services-and-unemployment/job-services/job-programs-and-services/submit-a-warn-notice/current-public-notices-of-layoffs-and-closures,b5d2c58dbd0a794c60ce94ab9ad1d5d5f560ea74ae24750efcb02901,3fc4e1ebc2562315056d7d71edd40784d051c014,2026-07-16,2026-07-27
OH,Schindler Elevator Corporation,schindler elevator,,,,,,,,,,,,,,,,,,n:schindler elevator,Holland/Lucas,2022-01-25,2022-04-01,69,unknown,,0,0,1,https://jfs.ohio.gov/job-services-and-unemployment/job-services/job-programs-and-services/submit-a-warn-notice/current-public-notices-of-layoffs-and-closures,18efafd1523a03b09387baf2ddf2b921a8ed2242e735507618e17b13,e12241316c598016a3a763455c776ed76c17c62c,2026-07-16,2026-07-27
OH,"Peloton Interactive, Inc.",peloton interactive,Peloton,,33992,sic-crosswalk,1639825,PTON,exact,3949,"Sporting & Athletic Goods, NEC",,,,Q56276186,cik,,,automatic,qid:Q56276186,Dayton/Montgomery,2022-02-08,2022-02-08,50,unknown,,0,0,1,https://jfs.ohio.gov/job-services-and-unemployment/job-services/job-programs-and-services/submit-a-warn-notice/current-public-notices-of-layoffs-and-closures,474cc9e35ba5cc249efd3c89954ff6c5e34d9f38db713490f60ef9fc,9d19c6b51383b5dcc11efae581f016fcf14070a8,2026-07-16,2026-07-27
OH,Advance Talent,advance talent,,,,,,,,,,,,,,,,,,n:advance talent,Mayfield Heights/Cuyahoga,2022-03-01,2022-03-01,53,unknown,,0,0,1,https://jfs.ohio.gov/job-services-and-unemployment/job-services/job-programs-and-services/submit-a-warn-notice/current-public-notices-of-layoffs-and-closures,9ad92f16a23a047899cd5cc63acff25544053e2e8a93ac1970b54d94,be58740f9a5c4c7433c8dc05c74583a8fcb939d4,2026-07-16,2026-07-27
OH,"O'Gara Hess Eisenhardt Armoring Company, LLC",o gara hess eisenhardt armoring,,,,,1273714,,exact:post-era,,,,,,,,,,automatic,cik:1273714,Fairfield/Butler,2022-03-03,2022-03-03,207,unknown,,0,0,1,https://jfs.ohio.gov/job-services-and-unemployment/job-services/job-programs-and-services/submit-a-warn-notice/current-public-notices-of-layoffs-and-closures,46c582588d8d1ccb61feed159a8cbe3b14460ff624f5eb9959c038c1,28acb628a81ba409e3f83f1806e8c1a00455cccb,2026-07-16,2026-07-27
OH,AbbVie Inc,abbvie,AbbVie,,325412,sic-crosswalk,1551152,ABBV,exact,2834,Pharmaceutical Preparations,,,,Q14662364,cik,,,automatic,qid:Q14662364,Cincinnati/Hamilton,2022-03-04,2022-06-28,70,unknown,,0,0,1,https://jfs.ohio.gov/job-services-and-unemployment/job-services/job-programs-and-services/submit-a-warn-notice/current-public-notices-of-layoffs-and-closures,3694678c557eaf44011e6cd62a145c828fbf2df4b16f6ad68c278b8f,80d2b0f26dc567c6c671398ccaad4d0d8a2f3fc6,2026-07-16,2026-07-27
OH,Avalon Precision Metalsmiths,avalon precision metalsmiths,,,,,,,,,,,,,,,,,,n:avalon precision metalsmiths,Cleveland/Cuyahoga,2022-03-04,2022-05-04,55,unknown,,0,0,1,https://jfs.ohio.gov/job-services-and-unemployment/job-services/job-programs-and-services/submit-a-warn-notice/current-public-notices-of-layoffs-and-closures,8fdae0074313e1039b335f959827679b8a4412509161969c16448ad3,c1b6105e3873000ed328f1c697e381ba29eb9dc2,2026-07-16,2026-07-27
OH,"Mammoth Tech, Inc.",mammoth tech,,,,,,,,,,,,,,,,,,n:mammoth tech,Defiance/Defiance,2022-03-09,2022-03-02,521,unknown,,0,0,1,https://jfs.ohio.gov/job-services-and-unemployment/job-services/job-programs-and-services/submit-a-warn-notice/current-public-notices-of-layoffs-and-closures,c714f90fa471d84cc7601b3c2cbe89e380065551ea67c41ea0382b7e,b371248936f7a1131f88f4183ae81f8c6d3d29fa,2026-07-16,2026-07-27
OH,Eliza Bryant Village,eliza bryant village,ELIZA BRYANT VILLAGE,,62,ntee,,,,,,340715816,P750,,,,,,automatic,ein:340715816,Cleveland/Cuyahoga,2022-03-10,2022-06-08,99,unknown,,0,0,1,https://jfs.ohio.gov/job-services-and-unemployment/job-services/job-programs-and-services/submit-a-warn-notice/current-public-notices-of-layoffs-and-closures,169a3f21874070bbc1e4d06f59a1d9b3f78220e82329074802133f00,b6b2b5789573629f1f2f1defe3ca25e0ff0c8d8c,2026-07-16,2026-07-27
OH,"Ready Responders, Inc.",ready responders,,,,,1737374,,exact,,,,,,,,,,automatic,cik:1737374,Unknown/Out-of-State,2022-03-14,2022-02-16,3,unknown,,0,0,1,https://jfs.ohio.gov/job-services-and-unemployment/job-services/job-programs-and-services/submit-a-warn-notice/current-public-notices-of-layoffs-and-closures,d99c4a1b3ed29ecc3baef059ae6b1468d7bccf27d4d2a3c93d7293b5,7d9282893d5ce04ab7727169520ea8cbdea69d68,2026-07-16,2026-07-27
OH,Kichler Lighting LLC,kichler lighting,,,,,,,,,,,,,,,,,,n:kichler lighting,Cleveland/Cuyahoga,2022-03-21,2022-04-01,78,unknown,,0,0,1,https://jfs.ohio.gov/job-services-and-unemployment/job-services/job-programs-and-services/submit-a-warn-notice/current-public-notices-of-layoffs-and-closures,b5a526313eef941b8340b639327735af02c22245bd4deb764e1875aa,e43cd73a2b92810cfbf7c58310d77dca5df7862b,2026-07-16,2026-07-27
OH,Walmart Store #3656,walmart store 3656,,,45299,sic-crosswalk,104169,WMT,exact:base,5331,Retail-Variety Stores,,,,,,,,automatic,cik:104169,Cincinnati/Hamilton,2022-03-22,2022-07-01,187,unknown,,0,0,1,https://jfs.ohio.gov/job-services-and-unemployment/job-services/job-programs-and-services/submit-a-warn-notice/current-public-notices-of-layoffs-and-closures,688aa3ea4c3344213d067d511e5a5d3697853b0a513fff69c12b3c76,a7abc0881a040d89385daaabf727e7fc7fea3281,2026-07-16,2026-07-27
OH,Chartwells Higher Education at Miami University,chartwells higher education at miami university,,,,,,,,,,,,,,,,,,n:chartwells higher education at miami university,Oxford/Butler,2022-03-31,2022-05-31,155,unknown,,0,0,1,https://jfs.ohio.gov/job-services-and-unemployment/job-services/job-programs-and-services/submit-a-warn-notice/current-public-notices-of-layoffs-and-closures,cca4e82eef758ccb9d309717ad8bfe6953369db8e3c7cf2606fde1ed,a562e093d2249e07ceaef0a8a3ad4a745c1e6bcb,2026-07-16,2026-07-27
OH,WestRock Company,westrock,"WRKCo, Inc.",,,,1732845,,exact,2650,Paperboard Containers & Boxes,,,,Q21016487,cik,,,automatic,qid:Q21016487,Toledo/Lucas,2022-04-07,2022-06-07,72,unknown,,0,0,1,https://jfs.ohio.gov/job-services-and-unemployment/job-services/job-programs-and-services/submit-a-warn-notice/current-public-notices-of-layoffs-and-closures,ff69410148dfe27cbd35285267648d072c04176df0c14434d8b45e62,b2c671d23cecc55c7d74859273391a3cc7d931e2,2026-07-16,2026-07-27
OH,Midwest Laundry,midwest laundry,,,,,,,,,,,,,,,,,,n:midwest laundry,West Chester/Hamilton,2022-04-11,2022-06-07,86,unknown,,0,0,1,https://jfs.ohio.gov/job-services-and-unemployment/job-services/job-programs-and-services/submit-a-warn-notice/current-public-notices-of-layoffs-and-closures,e362b8d19f6d0df11d34dbe11c548a120ddc399297d9c86ffe1fb287,d14568132ac22b2e224bc195976dd94feda12dfa,2026-07-16,2026-07-27
OH,Tenneco Automotive Operating Company Inc.,tenneco automotive operating,,,33,sic-crosswalk,1101891,,exact:post-era,3523,Farm Machinery & Equipment,,,,,,,,automatic,cik:1101891,Kettering/Montgomery,2022-04-11,2022-06-12,597,unknown,,0,0,1,https://jfs.ohio.gov/job-services-and-unemployment/job-services/job-programs-and-services/submit-a-warn-notice/current-public-notices-of-layoffs-and-closures,3a4eb101ef9121c8aac4f19e5f7c82f9ce6794a31d38622647adb113,73ac978961982cd3c380195ffcee7e6f63f274cf,2026-07-16,2026-07-27
OH,CEVA Logistics LLC,ceva logistics,CEVA Logistics,,42,employer,,,,,,,,,Q2136905,label,CMA CGM,,automatic,qid:Q2136905,Columbus/Franklin,2022-04-12,2022-06-13,146,unknown,,0,0,1,https://jfs.ohio.gov/job-services-and-unemployment/job-services/job-programs-and-services/submit-a-warn-notice/current-public-notices-of-layoffs-and-closures,df6ca676c3d43bdc1448c8cde8c5523cf1702ff96c5f1b119d6ef8d4,c26c374cfd5b93a70b06190d33e27d63649a2bbd,2026-07-16,2026-07-27
OH,"GEODIS Logistics, LLC",geodis logistics,,,493110,employer,,,,,,,,,,,,,,n:geodis logistics,Columbus/Franklin,2022-04-14,2022-09-30,302,unknown,,0,0,1,https://jfs.ohio.gov/job-services-and-unemployment/job-services/job-programs-and-services/submit-a-warn-notice/current-public-notices-of-layoffs-and-closures,f0a7e7b0163b6d4b62f058c2f051d8fcb39200e81ad1d10749be6148,3f4cb6917009c600eeb8488c2856bb2823b3292f,2026-07-16,2026-07-27
OH,Walmart 5083,walmart 5083,,,,,,,,,,,,,,,,,,n:walmart 5083,Mayfield Heights/Cuyahoga,2022-04-19,2022-07-29,178,unknown,,0,0,1,https://jfs.ohio.gov/job-services-and-unemployment/job-services/job-programs-and-services/submit-a-warn-notice/current-public-notices-of-layoffs-and-closures,d961e80eef4e102eb76bb5e8eeafb35b7d4df1e1b550d34afedca1be,a250ea03f1b77a058a36f8fcf4bdc5dd870169ea,2026-07-16,2026-07-27
OH,Vistra Corp./Luminant,vistra corp luminant,,,,,,,,,,,,,,,,,,n:vistra corp luminant,Moscow/Clermont,2022-04-26,2022-06-30,87,unknown,,0,0,1,https://jfs.ohio.gov/job-services-and-unemployment/job-services/job-programs-and-services/submit-a-warn-notice/current-public-notices-of-layoffs-and-closures,5ad65b0051660eb54cb867256b972ad94465767b8c1ecff748eed9d6,3088b430b66fb3a344f590585345b1acafec7de3,2026-07-16,2026-07-27
OH,"Belmont County Coal Resources, Inc. - Century Mine",belmont county coal resources inc century mine,,,,,,,,,,,,,,,,,,n:belmont county coal resources,Beallsville/Monroe,2022-04-27,2022-06-15,106,unknown,,0,0,1,https://jfs.ohio.gov/job-services-and-unemployment/job-services/job-programs-and-services/submit-a-warn-notice/current-public-notices-of-layoffs-and-closures,2f6f5e9c00105bf222ab6d52cadaa64a5fb7d8aa5de07bc9b7ed3d48,1394a4ffeea770039e1f7cd91dad9855058cfb37,2026-07-16,2026-07-27
OH,"Compass Group USA, Inc. - Chartwells - Dublin City Schools",compass group usa inc chartwells dublin city schools,,,,,1317627,,fuzzy:0.95:base,,,,,,,,,,automatic,cik:1317627,Dublin/Franklin,2022-05-02,2022-06-30,90,unknown,,0,0,1,https://jfs.ohio.gov/job-services-and-unemployment/job-services/job-programs-and-services/submit-a-warn-notice/current-public-notices-of-layoffs-and-closures,63a7e25c3f5172bed114f2c6c9373e05f9e2c70658b819b8c0eff082,21757f426fa1da769a27802e1c5aa0eaa02ca8af,2026-07-16,2026-07-27
OH,Carvana,carvana,Carvana,,,,1690820,CVNA,exact:listed,5500,Retail-Auto Dealers & Gasoline Stations,,,,Q16247191,label,,,automatic,qid:Q16247191,Euclid/Cuyahoga,2022-05-17,2022-07-10,210,unknown,,0,0,1,https://jfs.ohio.gov/job-services-and-unemployment/job-services/job-programs-and-services/submit-a-warn-notice/current-public-notices-of-layoffs-and-closures,4bb4c9494a54ba1153644ceea4830ff556d30b7c37dcb45bd6e21576,ed7afef9827d2a3a7b0f915053071243521319c9,2026-07-16,2026-07-27
OH,Senneca Holdings/Win Plastics Extrusion,senneca holdings win plastics extrusion,,,,,,,,,,,,,,,,,,n:senneca holdings win plastics extrusion,Cuyahoga Falls/Summit,2022-05-25,2022-08-31,18,unknown,,0,0,1,https://jfs.ohio.gov/job-services-and-unemployment/job-services/job-programs-and-services/submit-a-warn-notice/current-public-notices-of-layoffs-and-closures,25682e01b03748cf29c13cef9d534dac8e9c94038c3d133a7b0f8ba3,72c61bdd72b7f9b83ce34d88be966b74621f6eca,2026-07-16,2026-07-27
OH,Magna Seating Cam-Slide South,magna seating cam slide south,,,,,,,,,,,,,,,,,,n:magna seating cam slide south,Ridgeville Corners/Henry,2022-06-02,2022-08-01,141,unknown,,0,0,1,https://jfs.ohio.gov/job-services-and-unemployment/job-services/job-programs-and-services/submit-a-warn-notice/current-public-notices-of-layoffs-and-closures,57da244697ac80fbe634ca3430327e87a4769a13107330f20ec13919,037391088d8c71abd14f926655d12a5a09bcf735,2026-07-16,2026-07-27
OH,"Circulo, Inc.",circulo,,,,,1848941,,exact,,,,,,,,,,automatic,cik:1848941,Columbus/Franklin,2022-06-21,2022-06-17,7,unknown,,0,0,1,https://jfs.ohio.gov/job-services-and-unemployment/job-services/job-programs-and-services/submit-a-warn-notice/current-public-notices-of-layoffs-and-closures,4f1c717b52ed0111d098b5a7640ef98456efe3422e8871fb1d324d63,cb32c71fea163d08913c65504160694069e8ca63,2026-07-16,2026-07-27
OH,"VSP Optical Group, Inc.",vsp optical group,,,,,,,,,,,,,,,,,,n:vsp optical group,Columbus/Franklin,2022-06-29,2022-10-21,38,unknown,,0,0,1,https://jfs.ohio.gov/job-services-and-unemployment/job-services/job-programs-and-services/submit-a-warn-notice/current-public-notices-of-layoffs-and-closures,bcb433884198e692e24ee418d0564f63021e61b5f060613799e3f529,c26da9a5a79c1fe549d820849ffa312718b299c3,2026-07-16,2026-07-27
OH,Zone Safety LLC,zone safety,,,,,,,,,,,,,,,,,,n:zone safety,Columbia Station/Lorain,2022-07-08,2022-07-09,77,unknown,,0,0,1,https://jfs.ohio.gov/job-services-and-unemployment/job-services/job-programs-and-services/submit-a-warn-notice/current-public-notices-of-layoffs-and-closures,11ae413130a4ebebd1289ce5d52c4b947cd3210c2aea60a6aa9ca0db,3b2786750b6f344bee79513066605158862676c2,2026-07-16,2026-07-27
OH,Cosmax USA,cosmax usa,,,,,,,,,,,,,,,,,,n:cosmax usa,Solon/Cuyahoga,2022-07-12,2022-09-30,122,unknown,,0,0,1,https://jfs.ohio.gov/job-services-and-unemployment/job-services/job-programs-and-services/submit-a-warn-notice/current-public-notices-of-layoffs-and-closures,d2a8dbff1137253c0d53c3083de0739f5f98faa996d1c039c94c0b4e,bfac1bc02f0bca369d3d425c650662822fe78b2d,2026-07-16,2026-07-27
OH,"Olive AI, Inc.",olive ai,,,,,1639542,,exact,,,,,,,,,,automatic,cik:1639542,Columbus/Franklin,2022-07-19,2022-09-19,99,unknown,,0,0,1,https://jfs.ohio.gov/job-services-and-unemployment/job-services/job-programs-and-services/submit-a-warn-notice/current-public-notices-of-layoffs-and-closures,e810b36eb170d49173baca302e749198c486332db280f5b9a82e57e9,1b112bb7d0dbe6eead38b3712c7bddae929a91a8,2026-07-16,2026-07-27
OH,Red Roof Inn Reservations,red roof inn reservations,,,,,,,,,,,,,,,,,,n:red roof inn reservations,Springfield/Clark,2022-07-19,2022-09-11,106,unknown,,0,0,1,https://jfs.ohio.gov/job-services-and-unemployment/job-services/job-programs-and-services/submit-a-warn-notice/current-public-notices-of-layoffs-and-closures,6cfb8cd64a3ed178031b0cb979d76617b28b74945f068d1cb1eeb94c,b43067be911f189b4d516c8d061cd0a5dd7e2200,2026-07-16,2026-07-27
OH,"Valeo North America, Inc.",valeo north america,,,,,,,,,,,,,,,,,,n:valeo north america,East Liberty/Logan,2022-07-26,2022-09-22,110,unknown,,0,0,1,https://jfs.ohio.gov/job-services-and-unemployment/job-services/job-programs-and-services/submit-a-warn-notice/current-public-notices-of-layoffs-and-closures,8de521a742f82ed2e3b5430bcbd238b8296e25c351eec934e486ea9b,710e9ea0eb26139cd72864c09ed6cd8880cce3d9,2026-07-26,2026-07-26
OH,GE Lighting-A Savant Company,ge lighting a savant,,,,,,,,,,,,,,,,,,n:ge lighting a savant,East Cleveland/Cuyahoga,2022-08-01,2022-09-30,210,unknown,,0,0,1,https://jfs.ohio.gov/job-services-and-unemployment/job-services/job-programs-and-services/submit-a-warn-notice/current-public-notices-of-layoffs-and-closures,1b3d46ec4188324e4a2a4a52cb26d1e51a41fcd93d2394fff2a64ae9,8cb739809edb12f277e7e5b346516a80daa97a60,2026-07-16,2026-07-27
OH,"GEODIS Logistics, LLC",geodis logistics,,,493110,employer,,,,,,,,,,,,,,n:geodis logistics,Columbus/Franklin,2022-08-02,2022-10-31,60,unknown,,0,0,1,https://jfs.ohio.gov/job-services-and-unemployment/job-services/job-programs-and-services/submit-a-warn-notice/current-public-notices-of-layoffs-and-closures,292587176db44f69787abb8cd5ab8875a187cf9c690fd9d0a01d8cd9,4d71e402e4dd7e23edad56f4f0349633b7e71cbf,2026-07-16,2026-07-27
OH,Watsonville Community Hospital,watsonville community hospital,Watsonville Community Hospital,,62,employer,,,,,,,,,Q61932002,label,,,automatic,qid:Q61932002,Watsonville/Columbiana /Columbiana,2022-08-15,2022-08-30,1,unknown,,0,0,1,https://jfs.ohio.gov/job-services-and-unemployment/job-services/job-programs-and-services/submit-a-warn-notice/current-public-notices-of-layoffs-and-closures,5d6e95d172bc3503e2feddcd5c0d210a27cac18716a79a5eab66349b,a23eee98301fa340c8aecefb8405467e4be0ab22,2026-07-16,2026-07-27
OH,"Bath & Body Works Brand Management, Inc, beautyAvenues, LLC, Bath & Body Works, LLC",bath body works brand management inc beautyavenues llc bath body works,,,,,,,,,,,,,,,,,,n:bath body works brand management inc beautyavenues llc bath body works,Reynoldsburg/Franklin,2022-08-19,2022-08-27,29,unknown,,0,0,1,https://jfs.ohio.gov/job-services-and-unemployment/job-services/job-programs-and-services/submit-a-warn-notice/current-public-notices-of-layoffs-and-closures,133517cc8cce92f432f7a9eca6501df648f09249bdbc8b7315d18e35,4ae4e369ffaf70a64f63f30f876fb0426dd66029,2026-07-26,2026-07-26
OH,"Bath & Body Works Brand Managment, Inc, beautyAvenues, LLC, Bath & Body Works, LLC",bath body works brand managment inc beautyavenues llc bath body works,,,,,,,,,,,,,,,,,,n:bath body works brand managment inc beautyavenues llc bath body works,Reynoldsburg/Franklin,2022-08-19,2022-08-27,29,unknown,,0,0,1,https://jfs.ohio.gov/job-services-and-unemployment/job-services/job-programs-and-services/submit-a-warn-notice/current-public-notices-of-layoffs-and-closures,9dac239f4953fe2ad864f087041054ec254672ae301afd49089f7978,2a647d557a7d5c810a23014aa5a145383802ce16,2026-07-16,2026-07-27
OH,"Bath and Body Works Direct, Inc",bath and body works direct,,,,,,,,,,,,,,,,,,n:bath and body works direct,Reynoldsburg/Franklin,2022-08-19,2022-08-27,11,unknown,,0,0,1,https://jfs.ohio.gov/job-services-and-unemployment/job-services/job-programs-and-services/submit-a-warn-notice/current-public-notices-of-layoffs-and-closures,7683f5218998d8ad6395f842e19f1873b952045f47a28033b1b144c6,e758bd6c421a035098fa3f6a2bd1487a4c04fe97,2026-07-16,2026-07-27
OH,"L Brands Service Company, LLC",l brands service,,,44812,sic-crosswalk,1476452,,exact,5621,Retail-Women's Clothing Stores,,,,,,,,automatic,cik:1476452,Columbus/Franklin,2022-08-19,2022-08-27,8,unknown,,0,0,1,https://jfs.ohio.gov/job-services-and-unemployment/job-services/job-programs-and-services/submit-a-warn-notice/current-public-notices-of-layoffs-and-closures,d7e33c07fbcd70dd3fe702399bb9f2782de6695f7fa96194d52ddc10,b035f3d57786e94dfec1a396c8545f29cc29e406,2026-07-16,2026-07-27
OH,"Mast Logistics Services, LLC",mast logistics services,,,,,,,,,,,,,,,,,,n:mast logistics services,Columbus/Franklin,2022-08-19,2022-08-27,3,unknown,,0,0,1,https://jfs.ohio.gov/job-services-and-unemployment/job-services/job-programs-and-services/submit-a-warn-notice/current-public-notices-of-layoffs-and-closures,3b92489a277cd66476b3fb8d416a858c84b8453b8c5d2470910289dd,c46642b584a188aec191815c2116127b07d98442,2026-07-16,2026-07-27
OH,"Valeo North America, Inc.",valeo north america,,,,,,,,,,,,,,,,,,n:valeo north america,East Liberty/Logan,2022-08-25,2022-10-10,104,unknown,,0,0,1,https://jfs.ohio.gov/job-services-and-unemployment/job-services/job-programs-and-services/submit-a-warn-notice/current-public-notices-of-layoffs-and-closures,fc19852d947ef15541d327ca19cad72f93c03c5cbc52d98399203989,e2ceea9032c0603372c6eef8e7bfdef7a6ccf9ae,2026-07-16,2026-07-27
OH,OhioHealth,ohiohealth,OhioHealth,,,,,,,,,,,JGYGIL4QGKKPZU7C1D18,Q7080724,label,,,automatic,qid:Q7080724,Colulmbus/Franklin,2022-09-02,2022-11-04,58,unknown,,0,0,1,https://jfs.ohio.gov/job-services-and-unemployment/job-services/job-programs-and-services/submit-a-warn-notice/current-public-notices-of-layoffs-and-closures,345dcf39c1cdaad01b6b162946aebd373429f2f345d784b83293e952,8fcfd2d5729b4f37c0e493ebed5dae7bf2d94469,2026-07-16,2026-07-27
OH,St. Vincent Charity Medical Center,st vincent charity medical center,St. Vincent Charity Medical Center,,,,,,,,,,,,Q18158405,label,,,automatic,qid:Q18158405,Cleveland/Cuyahoga,2022-09-14,2022-11-15,978,unknown,,0,0,1,https://jfs.ohio.gov/job-services-and-unemployment/job-services/job-programs-and-services/submit-a-warn-notice/current-public-notices-of-layoffs-and-closures,de42c6b217b3f9b9d747b851ff026ba3037efd6c31ecde90981b74a2,2529048945002b769161bb7f288ebaa1b1ca4352,2026-07-16,2026-07-27
OH,"Second Samuel Transport, Inc",second samuel transport,,,,,,,,,,,,,,,,,,n:second samuel transport,Westchester/Butler,2022-09-22,2022-11-08,55,unknown,,0,0,1,https://jfs.ohio.gov/job-services-and-unemployment/job-services/job-programs-and-services/submit-a-warn-notice/current-public-notices-of-layoffs-and-closures,e0936c147b5c73fa902d6969cc105fdc489d224b08817c2488599c9c,b317ba6be4efc1973931c11d9a5662f4c2dde456,2026-07-16,2026-07-27
OH,Netcare,netcare,,,,,1446298,,exact:post-era,,,,,,,,,,automatic,cik:1446298,Columbus/Franklin,2022-09-23,,49,unknown,,0,0,1,https://jfs.ohio.gov/job-services-and-unemployment/job-services/job-programs-and-services/submit-a-warn-notice/current-public-notices-of-layoffs-and-closures,3c38b2146965303a941ad7beff1c591e0aaead0f9c0218a6cda119e6,800dde27c536d9315c05f097a3ac8a8fb09e0c91,2026-07-16,2026-07-27
OH,BayFirst,bayfirst,,,522,sic-crosswalk,1649739,BAFN,listed-extension,6022,State Commercial Banks,,,,,,,,automatic,cik:1649739,Powell/Delaware,2022-09-26,2022-11-25,1,unknown,,0,0,1,https://jfs.ohio.gov/job-services-and-unemployment/job-services/job-programs-and-services/submit-a-warn-notice/current-public-notices-of-layoffs-and-closures,08c85263280d6c4541931ae50545508a6aca42a7e62590a08e661d84,cb4da6c1d6b59bd135fdd427fbd488cbafca77ba,2026-07-16,2026-07-27
OH,Supply Source Enterprises,supply source enterprises,,,,,,,,,,,,,,,,,,n:supply source enterprises,Toledo/Lucas,2022-10-17,2022-12-26,84,unknown,,0,0,1,https://jfs.ohio.gov/job-services-and-unemployment/job-services/job-programs-and-services/submit-a-warn-notice/current-public-notices-of-layoffs-and-closures,0bef4f0f2629075a9f22e7c652807bc403d7d801d01fa3f87b87be5b,5aa8fcb1d7f0b71b6660410279be4379759b9a83,2026-07-16,2026-07-27
OH,Starry Inc.,starry,"Starry, Inc.",,5133,sic-crosswalk,1884697,,suffix,4813,Telephone Communications (No Radiotelephone),,,,Q139894301,label,,,automatic,qid:Q139894301,Columbus/Franklin,2022-10-20,2022-10-21,39,unknown,,0,0,1,https://jfs.ohio.gov/job-services-and-unemployment/job-services/job-programs-and-services/submit-a-warn-notice/current-public-notices-of-layoffs-and-closures,57bc35131694b2556b4a3c38ccf434276918483675acf0e96b1a95c6,ad6509c814e594de00f86370d6a25d8f5e7e0540,2026-07-16,2026-07-27
OH,"Norcold, LLC Gettysburg",norcold llc gettysburg,,,,,,,,,,,,,,,,,,n:norcold llc gettysburg,Gettysburg/Darke,2022-10-27,2022-12-31,100,unknown,,0,0,1,https://jfs.ohio.gov/job-services-and-unemployment/job-services/job-programs-and-services/submit-a-warn-notice/current-public-notices-of-layoffs-and-closures,2c6d4b863df016b137b21d8cc0ef439e5b834877341a48114824b160,f36da1ff17403502633e56d842bb2d2818dfd535,2026-07-16,2026-07-27
OH,"Norcold, LLC Sidney",norcold llc sidney,,,,,,,,,,,,,,,,,,n:norcold llc sidney,Sidney/Shelby,2022-10-27,2023-01-31,258,unknown,,0,0,1,https://jfs.ohio.gov/job-services-and-unemployment/job-services/job-programs-and-services/submit-a-warn-notice/current-public-notices-of-layoffs-and-closures,7aceb7adad860cbe95bedd17e5be3b73180187d448ef8cda97223372,1e578d21ce0039f3df7c8cac92777149b7a89d40,2026-07-16,2026-07-27
OH,Crothall Healthcare,crothall healthcare,,,,,,,,,,,,,,,,,,n:crothall healthcare,Painesville/Lake,2022-11-02,2022-12-31,93,unknown,,0,0,1,https://jfs.ohio.gov/job-services-and-unemployment/job-services/job-programs-and-services/submit-a-warn-notice/current-public-notices-of-layoffs-and-closures,689085e2490831c53d1119498ef0c52707aa4bcd1cb31e39134ecedf,ca46f7e34fdd9e275a70d9e97ce54ce3bf12d6b9,2026-07-16,2026-07-27
OH,OhioHealth,ohiohealth,OhioHealth,,,,,,,,,,,JGYGIL4QGKKPZU7C1D18,Q7080724,label,,,automatic,qid:Q7080724,Columbus/Franklin,2022-11-03,2023-01-03,314,unknown,,0,0,1,https://jfs.ohio.gov/job-services-and-unemployment/job-services/job-programs-and-services/submit-a-warn-notice/current-public-notices-of-layoffs-and-closures,b1fda1c8ab07a1c3f676141944d874576f0389d79aeff5a96a81420f,de31e7b275e6026623caf7945f8b26bab7984633,2026-07-16,2026-07-27
OH,Omaze,omaze,,,,,1607966,,exact,,,,,,,,,,automatic,cik:1607966,Minerva/Stark,2022-12-09,2023-02-07,1,unknown,,0,0,1,https://jfs.ohio.gov/job-services-and-unemployment/job-services/job-programs-and-services/submit-a-warn-notice/current-public-notices-of-layoffs-and-closures,6796d2b0a5520363ef83ef556a9e9baf2a7a2bac5f118b494bc06e86,1bfa13285dc2d5e814e3973dc300643cb8bf6ead,2026-07-16,2026-07-27
OH,Toppan Merrill,toppan merrill,,,,,,,,,,,,,,,,,,n:toppan merrill,Grove City/Franklin,2022-12-15,2023-02-17,93,unknown,,0,0,1,https://jfs.ohio.gov/job-services-and-unemployment/job-services/job-programs-and-services/submit-a-warn-notice/current-public-notices-of-layoffs-and-closures,7ab40da7d330789e60e4eef2c1f0f12f7973092783988beb9845ecc2,0a6bc42810c1d26ac079d7aab4cdcff733561581,2026-07-16,2026-07-27
OH,OhioHealth,ohiohealth,OhioHealth,,,,,,,,,,,JGYGIL4QGKKPZU7C1D18,Q7080724,label,,,automatic,qid:Q7080724,Columbus/Franklin,2022-12-16,2023-01-03,315,unknown,,0,0,1,https://jfs.ohio.gov/job-services-and-unemployment/job-services/job-programs-and-services/submit-a-warn-notice/current-public-notices-of-layoffs-and-closures,c4724b1b98a2142c9308e9f4261a71712d5f17cf667c15b81e40066e,9d6062c64be316f901d0d94576078db34ceef8e2,2026-07-16,2026-07-27
OH,Things Remembered,things remembered,Things Remembered,,,,,,,,,,,,Q54958287,label,,,automatic,qid:Q54958287,Richmond Heights and North Jackson/Various Counties,2022-12-27,2023-01-13,162,unknown,,0,0,1,https://jfs.ohio.gov/job-services-and-unemployment/job-services/job-programs-and-services/submit-a-warn-notice/current-public-notices-of-layoffs-and-closures,9a47ef55034b510ea5629ebfeb64497adfdafec04a164a794ccfcf39,98f6b2387b905d4455ad27e30906ffa7d94b54d5,2026-07-16,2026-07-27
OH,Golden Svcs LLC,golden svcs,,,,,,,,,,,,,,,,,,n:golden svcs,Cleveland/Cuyahoga,2022-12-30,2023-02-28,45,unknown,,0,0,1,https://jfs.ohio.gov/job-services-and-unemployment/job-services/job-programs-and-services/submit-a-warn-notice/current-public-notices-of-layoffs-and-closures,faa9cf3c19b1ba03ae3fb2a0337818f95ef4c758f82a3d416249abe0,54130ba3d9714e43d51a9c4aeb9dd26e0ad7917d,2026-07-16,2026-07-27
OH,"Marc Glassman, Inc.",marc glassman,,,,,,,,,,,,,,,,,,n:marc glassman,Kettering/Montgomery,2023-01-03,2023-03-06,44,unknown,,0,0,1,https://jfs.ohio.gov/job-services-and-unemployment/job-services/job-programs-and-services/submit-a-warn-notice/current-public-notices-of-layoffs-and-closures,58f3c7f2483e6e3d74123258b577d6dbc5a087503e2619ec2dede45f,8744341454fb3d6d06f2eee8fb7eb3ec3978f7a7,2026-07-26,2026-07-26
OH,Brinks Home,brinks home,,,56,employer,,,,,,,,,,,,,,n:brinks home,Breaksville/Cuyahoga,2023-01-05,2023-03-05,6,unknown,,0,0,1,https://jfs.ohio.gov/job-services-and-unemployment/job-services/job-programs-and-services/submit-a-warn-notice/current-public-notices-of-layoffs-and-closures,96096d4af9e229e00d41929c3365eda43875db857e848452f48a4e36,119a8f7312d8d5f49e3e59923d00bd11bbf12382,2026-07-26,2026-07-26
OH,North American Savings Bank,north american savings bank,,,52,employer,,,,,,,,,,,,,,n:north american savings bank,Gates Mills/Cuyahoga,2023-01-06,2023-03-07,1,unknown,,0,0,1,https://jfs.ohio.gov/job-services-and-unemployment/job-services/job-programs-and-services/submit-a-warn-notice/current-public-notices-of-layoffs-and-closures,cb8e5ec7cee4f79546698d020c3a31e8250c411181657b169543b3aa,b3779001421d4f3af0e210cff50a45767062352d,2026-07-26,2026-07-26
OH,Promedica,promedica,ProMedica,,,,,,,,,,,,Q7246673,label,,,automatic,qid:Q7246673,Toledo/Various Counties,2023-01-09,2023-03-10,255,unknown,,0,0,1,https://jfs.ohio.gov/job-services-and-unemployment/job-services/job-programs-and-services/submit-a-warn-notice/current-public-notices-of-layoffs-and-closures,3c901ee1305e77763b704761f2dc1fb32c65ec750079c217162fad58,20fbeac425a428d4dd9459bd705e144368ba2a17,2026-07-26,2026-07-26
OH,Railcrew Xpress,railcrew xpress,,,,,,,,,,,,,,,,,,n:railcrew xpress,Various Cities/Various Counties,2023-01-10,2023-02-20,68,unknown,,0,0,1,https://jfs.ohio.gov/job-services-and-unemployment/job-services/job-programs-and-services/submit-a-warn-notice/current-public-notices-of-layoffs-and-closures,9d777dc4cc718bc2183325ec55811b479e750a95bd6367f267530abc,e0d470493569a5d32ff564162641ed2a52869308,2026-07-26,2026-07-26
OH,"Specialized Bicycle Components, Inc",specialized bicycle components,Specialized Bicycle Components,,,,,,,,,,,,Q1200510,label,,,automatic,qid:Q1200510,Groveport/Franklin,2023-01-11,2023-01-13,6,unknown,,0,0,1,https://jfs.ohio.gov/job-services-and-unemployment/job-services/job-programs-and-services/submit-a-warn-notice/current-public-notices-of-layoffs-and-closures,1fd50697cbf65cdc6479130a901e50e14fd876d798a9ebb56e9ede0e,31cab5fd70b5505dbd938a9dc620a27bf3acdf18,2026-07-26,2026-07-26
OH,Abercrombie and Fitch Co,abercrombie and fitch,Abercrombie & Fitch,,44814,sic-crosswalk,1018840,ANF,fuzzy:0.96,5651,Retail-Family Clothing Stores,,,,Q319344,cik,,,automatic,qid:Q319344,Cincinnati/Hamilton,2023-01-12,2023-01-15,11,unknown,,0,0,1,https://jfs.ohio.gov/job-services-and-unemployment/job-services/job-programs-and-services/submit-a-warn-notice/current-public-notices-of-layoffs-and-closures,8d4e2bff17a978e6350a0754c6cfb178b3cbe172f1ccd43983abcb67,1ee6ee38b152f0fe2556ca3b70abcc5091dcb77b,2026-07-26,2026-07-26
OH,Accella Polyurethane Systems LLC,accella polyurethane systems,,,,,,,,,,,,,,,,,,n:accella polyurethane systems,Delphos/Allen,2023-01-12,2023-03-13,71,unknown,,0,0,1,https://jfs.ohio.gov/job-services-and-unemployment/job-services/job-programs-and-services/submit-a-warn-notice/current-public-notices-of-layoffs-and-closures,65b3aa520b1a4f79095b6bf13655e3218e7974b9b5513f20ee8620a7,9a90a2d4bb52e9808b0679c82e0d6275bfd5cc8a,2026-07-26,2026-07-26
OH,Energy Harbor Generation LLC,energy harbor generation,,,,,,,,,,,,,,,,,,n:energy harbor generation,Stratton/Jefferson,2023-01-13,2023-03-14,140,unknown,,0,0,1,https://jfs.ohio.gov/job-services-and-unemployment/job-services/job-programs-and-services/submit-a-warn-notice/current-public-notices-of-layoffs-and-closures,40999124520270ea172b3331e9f726ed0b54b3d9914222e59ab7b6fc,58e4202b8115e717230f736272d3d1172e024354,2026-07-26,2026-07-26
OH,Abercrombie and Fitch Management Co,abercrombie and fitch management,,,,,,,,,,,,,,,,,,n:abercrombie and fitch management,New Albany/Franklin,2023-01-17,2023-03-13,63,unknown,,0,0,1,https://jfs.ohio.gov/job-services-and-unemployment/job-services/job-programs-and-services/submit-a-warn-notice/current-public-notices-of-layoffs-and-closures,d870ec58a0166fb383e7a8d3255a2032645201b451bcef889ea6520e,4c86c7a81b30660de8d012fcea27fe3888fd10f4,2026-07-26,2026-07-26
OH,"Genpak, LLC",genpak,GENPAK LLC,,31-33,employer,,,,,,,,549300VT0U272UDFWD22,,,,,automatic,lei:549300VT0U272UDFWD22,Columbus/Franklin,2023-01-30,2023-03-31,67,unknown,,0,0,1,https://jfs.ohio.gov/job-services-and-unemployment/job-services/job-programs-and-services/submit-a-warn-notice/current-public-notices-of-layoffs-and-closures,746dc44173177c231ce48700c4bbfe3c6340b61d49096814525118ef,a673e21bd9d516a9c66a12f935d58517d2ca3e13,2026-07-26,2026-07-26
OH,Aultman Alliance Community Hospital dba Community Care Center Facility,aultman alliance community hospital dba community care center facility,,,,,,,,,,,,,,,,,,n:aultman alliance community hospital,Alliance/Stark,2023-02-01,2023-04-02,56,unknown,,0,0,1,https://jfs.ohio.gov/job-services-and-unemployment/job-services/job-programs-and-services/submit-a-warn-notice/current-public-notices-of-layoffs-and-closures,5c63cde9929dfe82e8b48efa85be5f925d4b8c4f930e3764aeec9ac5,097105b78f84f59df0174c6a0fdece1ef099e800,2026-07-26,2026-07-26
OH,Aultman Hospital,aultman hospital,,,,,,,,,,,,,,,,,,n:aultman hospital,Canton/Stark,2023-02-01,2023-04-02,97,unknown,,0,0,1,https://jfs.ohio.gov/job-services-and-unemployment/job-services/job-programs-and-services/submit-a-warn-notice/current-public-notices-of-layoffs-and-closures,9399d08c6ef3f6ea183ba92c4726beb5ea89237ed08a88f0decfed77,fd06320f05ee3d0362a542b2f11fc01857a78658,2026-07-26,2026-07-26
OH,Olive,olive,,,,,,,,,,,,,,,,,,n:olive,Columbus/Franklin,2023-02-09,2023-04-10,44,unknown,,0,0,1,https://jfs.ohio.gov/job-services-and-unemployment/job-services/job-programs-and-services/submit-a-warn-notice/current-public-notices-of-layoffs-and-closures,c54de410ce08d23ce081a1587a03174e36d3fbf8c08231e8030792e0,b70f3fe77332c4c1e7b95175b1c988b3eebbbc9d,2026-07-26,2026-07-26
OH,McLaren St. Luke's Hospital,mclaren st luke s hospital,,,,,,,,,,,,,,,,,,n:mclaren st luke s hospital,Maumee/Lucas,2023-03-09,2023-05-15,743,unknown,,0,0,1,https://jfs.ohio.gov/job-services-and-unemployment/job-services/job-programs-and-services/submit-a-warn-notice/current-public-notices-of-layoffs-and-closures,7ffacced7c7cbe2776f9c29ef22ac33eecc3da136d291e0fd6483c1f,3a1649191c484bdc7f851de948e9aa6495493207,2026-07-26,2026-07-26
OH,Yellow Corporation - Green,yellow corporation green,Yellow Corporation,,,,,,,,,,,,Q8046013,label,,,automatic,qid:Q8046013,Green/Summit,2023-03-16,2023-05-28,107,unknown,,0,0,1,https://jfs.ohio.gov/job-services-and-unemployment/job-services/job-programs-and-services/submit-a-warn-notice/current-public-notices-of-layoffs-and-closures,a7304f1974627c30d3ac22da1ca136eab33ef0a486a75399093ff1d3,b7a3e918d618d097a1982fe4a5b172e60e3cc66e,2026-07-26,2026-07-26
OH,Yellow Corporation - West Chester,yellow corporation west chester,Yellow Corporation,,,,,,,,,,,,Q8046013,label,,,automatic,qid:Q8046013,West Chester Township/Butler,2023-03-16,2023-05-28,150,unknown,,0,0,1,https://jfs.ohio.gov/job-services-and-unemployment/job-services/job-programs-and-services/submit-a-warn-notice/current-public-notices-of-layoffs-and-closures,85227c2dacb02c60820a406a3b3cfe87049cfd71553b7a61fcac3c2b,60a869e5fa382bb7520f2633376ccc970969a162,2026-07-26,2026-07-26
OH,Pactiv Evergreen,pactiv evergreen,,,32,sic-crosswalk,1527508,,exact,2673,"Plastics, Foil & Coated Paper Bags",,,,,,,,automatic,cik:1527508,Olmstead Falls/Cuyahoga,2023-03-23,2023-06-09,155,unknown,,0,0,1,https://jfs.ohio.gov/job-services-and-unemployment/job-services/job-programs-and-services/submit-a-warn-notice/current-public-notices-of-layoffs-and-closures,55ca15f0d2e33407c719b33ec287c8003d998d3affac0c81e22d13b3,1412e4ae34247bc336f4cf39eb7041050e7c1cdf,2026-07-26,2026-07-26
OH,Sensience,sensience,,,,,,,,,,,,,,,,,,n:sensience,Cincinnati/Hamilton,2023-03-23,2023-06-15,42,unknown,,0,0,1,https://jfs.ohio.gov/job-services-and-unemployment/job-services/job-programs-and-services/submit-a-warn-notice/current-public-notices-of-layoffs-and-closures,fe09b76141ced9e05e133d540ac731cf53f9a66db13bf74e90a44555,07edfc5432bf3549f68bb6e722f01c8ae5398c16,2026-07-26,2026-07-26
OH,Aspiration,aspiration,,,,,,,,,,,,,,,,,,n:aspiration,Cincinnati/Hamilton,2023-03-24,2023-05-26,1,unknown,,1,0,1,https://jfs.ohio.gov/job-services-and-unemployment/job-services/job-programs-and-services/submit-a-warn-notice/current-public-notices-of-layoffs-and-closures,18bead84f2ef36590430b487277025217102d0e48bdf86f9b20985eb,49d330bf9abfa7725474df2e0259b5517dcca90b,2026-07-26,2026-07-26
OH,McLaren WellCare Clinics,mclaren wellcare clinics,,,,,,,,,,,,,,,,,,n:mclaren wellcare clinics,Various Cities/Various Counties,2023-03-24,2023-04-01,118,unknown,,0,0,1,https://jfs.ohio.gov/job-services-and-unemployment/job-services/job-programs-and-services/submit-a-warn-notice/current-public-notices-of-layoffs-and-closures,b74876170be164c55033fbae1586a2651e5fa66730b417f76fba6c62,7d9d8eced79225aa3b3425b600860c00c49f18f2,2026-07-26,2026-07-26
OH,Arrowhead Engineered Products,arrowhead engineered products,,,480000,employer,,,,,,,,,,,,,,n:arrowhead engineered products,Cincinnati/Hamilton,2023-04-03,2023-05-31,7,unknown,,0,0,1,https://jfs.ohio.gov/job-services-and-unemployment/job-services/job-programs-and-services/submit-a-warn-notice/current-public-notices-of-layoffs-and-closures,af160713d7943a44b762c8cc7818a861b160653dca46f1ce24af1769,844388ffb47f90c6c44605cc7322d79959c054ac,2026-07-26,2026-07-26
OH,Visible Supply Chain Management LLC,visible supply chain management,,,,,,,,,,,,,,,,,,n:visible supply chain management,West Chester/Butler,2023-04-03,2023-06-02,37,unknown,,0,0,1,https://jfs.ohio.gov/job-services-and-unemployment/job-services/job-programs-and-services/submit-a-warn-notice/current-public-notices-of-layoffs-and-closures,cbd319fca62e17e9f8ca08bc40dbcc609b0112fbe6588779af9d7812,9cb2c5e140dc620f67f021d5a47a58dc53fb7cff,2026-07-26,2026-07-26
OH,Toppan Merrill,toppan merrill,,,,,,,,,,,,,,,,,,n:toppan merrill,Grove City/Franklin,2023-04-05,2023-06-02,93,unknown,,1,0,1,https://jfs.ohio.gov/job-services-and-unemployment/job-services/job-programs-and-services/submit-a-warn-notice/current-public-notices-of-layoffs-and-closures,59ce8dc63368c8b57e9ae9a8b57c8860866470c1b00ba3aafb973a7b,1efabb3f58c0463d310a8ed0f7d4e7c6415dc29b,2026-07-26,2026-07-26
OH,AmeriMark,amerimark,,,,,,,,,,,,,,,"BYLINE BANCORP, INC.",1702750,,n:amerimark,Middleburg Heights/Berea/Cuyahoga,2023-04-10,2023-04-10,223,unknown,,0,0,1,https://jfs.ohio.gov/job-services-and-unemployment/job-services/job-programs-and-services/submit-a-warn-notice/current-public-notices-of-layoffs-and-closures,5fc6b56d8b9b542756a51bdd9ead4523e61e5c6e19ce1a8e5d51974b,84f09a2aabe5b226123d9b821cdf62719c704f06,2026-07-26,2026-07-26
OH,Promedica,promedica,ProMedica,,,,,,,,,,,,Q7246673,label,,,automatic,qid:Q7246673,Toledo/Lucas,2023-04-18,2023-06-17,6,unknown,,1,0,1,https://jfs.ohio.gov/job-services-and-unemployment/job-services/job-programs-and-services/submit-a-warn-notice/current-public-notices-of-layoffs-and-closures,e70326e9d645a9379b82847ccaff6cadbc80c8f12210edf0602228f7,ab82c504f5c566e706cf7043bd93908703c84d27,2026-07-26,2026-07-26
OH,Honeywell Intelligrated LLC,honeywell intelligrated,,,336412,employer,,,,,,,,,,,,,,n:honeywell intelligrated,West Chester/Butler,2023-04-21,2023-06-20,223,unknown,,0,0,1,https://jfs.ohio.gov/job-services-and-unemployment/job-services/job-programs-and-services/submit-a-warn-notice/current-public-notices-of-layoffs-and-closures,62ff935c013ae5625c9ebe22a912abff62013b6e9abdd12115fc0a20,78e7a830b49511d43203bddc462dbca8adf610fe,2026-07-26,2026-07-26
OH,Sherwin-Williams,sherwin williams,Sherwin-Williams,,,,89800,SHW,exact,5200,"Retail-Building Materials, Hardware, Garden Supply",,,,Q48881,cik,,,automatic,qid:Q48881,Bedford Heights/Cuyahoga,2023-04-28,2023-06-30,51,unknown,,0,0,1,https://jfs.ohio.gov/job-services-and-unemployment/job-services/job-programs-and-services/submit-a-warn-notice/current-public-notices-of-layoffs-and-closures,84ae1366c37aaca9259e709ad16d32adcc3e5704151a73e1936e475b,391aed3fcf5182e9b8c3ff2052502f3836819efb,2026-07-26,2026-07-26
OH,iMFLUX,imflux,,,,,,,,,,,,,,,,,,n:imflux,Hamilton/Butler,2023-04-28,2023-06-30,122,unknown,,0,0,1,https://jfs.ohio.gov/job-services-and-unemployment/job-services/job-programs-and-services/submit-a-warn-notice/current-public-notices-of-layoffs-and-closures,414c85abfbbd265953437e35644809df01dc66797465b1e9fb7ef581,17c9da55a65a8f60053adf3bfc7adb7e0443efbf,2026-07-26,2026-07-26
OH,American Medical Response,american medical response,American Medical Response,,62,employer,888675,,exact:post-era,4100,Local & Suburban Transit & Interurban Hwy Passenger Trans,,,,Q3614084,label,,,automatic,qid:Q3614084,Akron/Summit,2023-05-30,2023-08-01,50,unknown,,0,0,1,https://jfs.ohio.gov/job-services-and-unemployment/job-services/job-programs-and-services/submit-a-warn-notice/current-public-notices-of-layoffs-and-closures,c5baa7101a3c71b5629ea99c1672d8c3323ff10bfa660a11591a6513,282fa3a09a0f2e45feabc8d490157ec037efca79,2026-07-26,2026-07-26
OH,ProMedica,promedica,ProMedica,,,,,,,,,,,,Q7246673,label,,,automatic,qid:Q7246673,Sylvania/Lucas,2023-05-31,2023-07-31,189,unknown,,0,0,1,https://jfs.ohio.gov/job-services-and-unemployment/job-services/job-programs-and-services/submit-a-warn-notice/current-public-notices-of-layoffs-and-closures,9d3171294315513bf6caa3d703db9b767983e6853068153647b35856,4d86c876ba8accd6ad057aba4071d6165279eea8,2026-07-26,2026-07-26
OH,Multi-Color Corporation,multi color,Multi-Color Corporation,,,,,,,,,,,5493002OTV1C4F4YVI40,Q135270635,label,,819220,automatic,qid:Q135270635,Norwood/Hamilton,2023-06-02,2023-07-31,56,unknown,,0,0,1,https://jfs.ohio.gov/job-services-and-unemployment/job-services/job-programs-and-services/submit-a-warn-notice/current-public-notices-of-layoffs-and-closures,f7eceeb2a869769db21b18d0cc754e5f1feb30475eef388974f8eb78,87f11b10a979d599a3e0ec56b3278f3885444976,2026-07-26,2026-07-26
OH,"Branch Financial, Inc.",branch financial,,,,,1862779,,exact,,,,,,,,,,automatic,cik:1862779,Columbus/Franklin,2023-06-05,2023-06-08,55,unknown,,0,0,1,https://jfs.ohio.gov/job-services-and-unemployment/job-services/job-programs-and-services/submit-a-warn-notice/current-public-notices-of-layoffs-and-closures,7e6fd4b7ee8e6c3ea04ed731707bc32250a109193bdfa74e649b5166,d586b4b78ba3f499f13b592f2bc3169567e42375,2026-07-26,2026-07-26
OH,The Service Companies,service companies,"THE SERVICE COMPANIES, INC.",,,,,,,,,,,5493000KODUWHRG7E745,,,,,automatic,lei:5493000KODUWHRG7E745,Cincinnati/Hamilton,2023-06-08,2023-07-31,70,unknown,,0,0,1,https://jfs.ohio.gov/job-services-and-unemployment/job-services/job-programs-and-services/submit-a-warn-notice/current-public-notices-of-layoffs-and-closures,3d10a89489c5d690e23999822bc6a98237de37e555364bb39904839a,4b758cfc44459469fba53990c2354d6bcc7a729a,2026-07-26,2026-07-26
OH,Forman Mills,forman mills,Forman Mills,,,,,,,,,,,,Q19604400,label,,,automatic,qid:Q19604400,Various Cities/Various Counties,2023-06-12,2023-08-04,98,unknown,,0,0,1,https://jfs.ohio.gov/job-services-and-unemployment/job-services/job-programs-and-services/submit-a-warn-notice/current-public-notices-of-layoffs-and-closures,437d7ad8579f7390ca844d9fd851b7dae35bc79a7cae602346bd57b0,7c58ded150e76521aa6e246656afdec162d46128,2026-07-26,2026-07-26
OH,"Bitwise Industries, Inc.",bitwise industries,Bitwise Industries,,54,employer,,,,,,,,,Q119683616,label,,,automatic,qid:Q119683616,Toledo/Lucas,2023-06-14,2023-06-14,18,unknown,,0,0,1,https://jfs.ohio.gov/job-services-and-unemployment/job-services/job-programs-and-services/submit-a-warn-notice/current-public-notices-of-layoffs-and-closures,97cf3b3d319cd6b96467aefced8ec7910e628b3027f249f4801cda0d,2fd7e9eaf768fd2abf5f0baddbea7dc0c296f751,2026-07-26,2026-07-26
OH,Crothall Healthcare,crothall healthcare,,,,,,,,,,,,,,,,,,n:crothall healthcare,Youngstown/Mahoning,2023-06-16,2023-08-20,88,unknown,,1,0,1,https://jfs.ohio.gov/job-services-and-unemployment/job-services/job-programs-and-services/submit-a-warn-notice/current-public-notices-of-layoffs-and-closures,2c1612899dfab197827d14f2f5deced76c3614fc15253eaab4d01780,f9a08bacba5407681f01ee38ec17a02eafe3d7a2,2026-07-26,2026-07-26
OH,Multi-Color Corporation,multi color,Multi-Color Corporation,,,,,,,,,,,5493002OTV1C4F4YVI40,Q135270635,label,,819220,automatic,qid:Q135270635,Mason/Warren,2023-06-23,2024-04-01,86,unknown,,0,0,1,https://jfs.ohio.gov/job-services-and-unemployment/job-services/job-programs-and-services/submit-a-warn-notice/current-public-notices-of-layoffs-and-closures,1b893ce1b05c49ec2416163e00b3c1e2e7ecccaafeeef52b981f1224,326420b238c86ac32461f83f80fac70137c724ac,2026-07-26,2026-07-26
OH,"LyondellBasell Advanced Polymers, Inc",lyondellbasell advanced polymers,,,,,,,,,,,,,,,,,,n:lyondellbasell advanced polymers,Akron/Summit,2023-06-26,2023-09-02,64,unknown,,0,0,1,https://jfs.ohio.gov/job-services-and-unemployment/job-services/job-programs-and-services/submit-a-warn-notice/current-public-notices-of-layoffs-and-closures,a158349c2f77007244f0026744999235a6b6013acf00cfbf87f296a8,654ebc8d00221c48df994105e25378d6a3a51b1c,2026-07-26,2026-07-26
OH,"nfrastructure Technologies, LLC",nfrastructure technologies,,,,,,,,,,,,,,,,,,n:nfrastructure technologies,Cleveland/Cuyahoga,2023-06-27,2023-06-30,38,unknown,,0,0,1,https://jfs.ohio.gov/job-services-and-unemployment/job-services/job-programs-and-services/submit-a-warn-notice/current-public-notices-of-layoffs-and-closures,941d6e87e2c796ea1added156f1e9c43eb0f8a97ce60a662105c2f57,48cb6adfc97da79680bf2f30aa32c206358e3fd6,2026-07-26,2026-07-26
OH,David's Bridal,david s bridal,David's Bridal,,,,,,,,,,,YEMD6E68QLMSL3ZMES44,Q5230388,label,,,automatic,qid:Q5230388,Various Cities/Various Counties,2023-06-29,2023-07-17,,unknown,,1,0,1,https://jfs.ohio.gov/job-services-and-unemployment/job-services/job-programs-and-services/submit-a-warn-notice/current-public-notices-of-layoffs-and-closures,6e490acbf0dd65e67e6ccc1a5984aee6953bdff4486d850880eac483,ebe7ca1015d7dcf21ab35caa0912ec0506613cd1,2026-07-26,2026-07-26
OH,Heartland Healthcare Services,heartland healthcare services,,,44611,parent-sic,,,,,,,,,,,OMNICARE INC,353230,,n:heartland healthcare services,Toledo/Lucas,2023-06-30,2023-09-01,155,unknown,,0,0,1,https://jfs.ohio.gov/job-services-and-unemployment/job-services/job-programs-and-services/submit-a-warn-notice/current-public-notices-of-layoffs-and-closures,925ea726936ad600a7e80de26e7a2f5b993c1157ed6205db8fdfb218,ec1d893a2a52189498b7c42d1f4dff101cb31270,2026-07-26,2026-07-26
OH,First Student,first student,First Student,,,,,,,,,,,,Q5453853,label,,,automatic,qid:Q5453853,Lakemore,2023-07-13,2023-06-30,49,unknown,,0,0,1,https://jfs.ohio.gov/job-services-and-unemployment/job-services/job-programs-and-services/submit-a-warn-notice/current-public-notices-of-layoffs-and-closures,ffafdc8a5585c9159df9e9a9baf79d96d26031ce74c64c5b995609ff,a6428eaddba761e59453e37f74adb838796edfc5,2026-07-26,2026-07-26
OH,Angstrom Graphics Inc Midwest,angstrom graphics inc midwest,,,,,,,,,,,,,,,,,,n:angstrom graphics inc midwest,Cuyahoga,2023-07-25,2023-07-25,131,unknown,,0,0,1,https://jfs.ohio.gov/job-services-and-unemployment/job-services/job-programs-and-services/submit-a-warn-notice/current-public-notices-of-layoffs-and-closures,1b8b157dd7cc35a4abe4e74133a69becfbc632a51d6a882746ad78a1,545d5182ddadd855bcefebbc16125bb1359cf27f,2026-07-26,2026-07-26
OH,Yellow Corporation,yellow,Yellow Corporation,,,,,,,,,,,,Q8046013,label,,,automatic,qid:Q8046013,Various Cities/Various Counties,2023-08-01,2023-07-30,,unknown,,0,0,1,https://jfs.ohio.gov/job-services-and-unemployment/job-services/job-programs-and-services/submit-a-warn-notice/current-public-notices-of-layoffs-and-closures,8bd0a4f46c336773d3ff7d0a2860b150caa07b0b37fb952e4f931fc7,0215adfbad38b5e27380eab99e8d85184e466530,2026-07-26,2026-07-26
OH,Federal Express Corporation,federal express,,,49211,sic-crosswalk,230211,,exact,4513,Air Courier Services,,,,,,,,automatic,cik:230211,Youngstown/Mahoning,2023-08-08,2023-11-03,79,unknown,,0,0,1,https://jfs.ohio.gov/job-services-and-unemployment/job-services/job-programs-and-services/submit-a-warn-notice/current-public-notices-of-layoffs-and-closures,b603570be8b0b349ce48a626a2b728ec7bdaccd091a580aa76c46051,917de218dd44f63dbf2283d08d6fd6fa7aa93bd1,2026-07-26,2026-07-26
OH,Webhelp Americas LLC,webhelp americas,,,,,,,,,,,,,,,,,,n:webhelp americas,Mason/Warren,2023-08-08,2023-10-08,176,unknown,,0,0,1,https://jfs.ohio.gov/job-services-and-unemployment/job-services/job-programs-and-services/submit-a-warn-notice/current-public-notices-of-layoffs-and-closures,75251985ed54c275033c687713ab8a462ef9727085bf248b963ebc2b,fe7e0014a9f11db509534c7dc5d043cc10d98487,2026-07-26,2026-07-26
OH,The Mills Company,mills,,,,,,,,,,,,,,,,,,n:mills,Marion/Marion,2023-08-14,2023-10-22,65,unknown,,0,0,1,https://jfs.ohio.gov/job-services-and-unemployment/job-services/job-programs-and-services/submit-a-warn-notice/current-public-notices-of-layoffs-and-closures,4a4020135f6e8e5086d4fb03c798e03eda69024d174287c7b3ab46ce,11442e064ba67942178998181179d9dd777fdfe9,2026-07-26,2026-07-26
OH,Deluxe Corporation,deluxe,Deluxe Corporation,,52,employer,27996,DLX,exact,2780,"Blankbooks, Looseleaf Binders & Bookbindg & Relatd Work",,,,Q5254919,cik,,,automatic,qid:Q5254919,Streetsboro/Portage,2023-08-17,2023-10-31,71,unknown,,0,0,1,https://jfs.ohio.gov/job-services-and-unemployment/job-services/job-programs-and-services/submit-a-warn-notice/current-public-notices-of-layoffs-and-closures,c5bb0232f1abc16b016737c5f3ef3b440f2a4aca253275aafa72ad76,70c4345777b4101d1ce2c6852d3ad553e27c5ec4,2026-07-26,2026-07-26
OH,Honeywell,honeywell,Honeywell,,,,773840,HON,listed-extension,3724,Aircraft Engines & Engine Parts,,,,Q898208,cik,,,automatic,qid:Q898208,Fairfield/Butler,2023-08-22,2023-12-15,66,unknown,,0,0,1,https://jfs.ohio.gov/job-services-and-unemployment/job-services/job-programs-and-services/submit-a-warn-notice/current-public-notices-of-layoffs-and-closures,0f4fecb236cdce11cd346dfeab29982fc829775dc54df2d9ec982668,589e612b564df07c269d5ff9179dd51a5bae9e57,2026-07-26,2026-07-26
OH,Republic Steel,republic steel,Republic Steel,,,,,,,,,,,,Q1487172,label,,,automatic,qid:Q1487172,Canton/Stark,2023-08-22,2023-08-10,209,unknown,,0,0,1,https://jfs.ohio.gov/job-services-and-unemployment/job-services/job-programs-and-services/submit-a-warn-notice/current-public-notices-of-layoffs-and-closures,ec2fcf2344ea262fbfb16472029ca2cfd0f36672e0f06c525f2a8a98,7b3b34bc7eedb64bb5472d4237426c70f12f39a2,2026-07-26,2026-07-26
OH,Sunbeam Products Inc.,sunbeam products,,,,,1387483,,exact:post-era,,,,,,,,,,automatic,cik:1387483,Perrysburg/Wood,2023-08-22,2023-12-31,130,unknown,,0,0,1,https://jfs.ohio.gov/job-services-and-unemployment/job-services/job-programs-and-services/submit-a-warn-notice/current-public-notices-of-layoffs-and-closures,bc5ac6092823f8becac73f79bff178fa43a944e7fc3719b6588b5d23,72a988d18c7e4d73f2c7dc57b8fdc6c51758d5f6,2026-07-26,2026-07-26
OH,Toppan Merrill - Updated,toppan merrill updated,,,,,,,,,,,,,,,,,,n:toppan merrill,Grove City/Franklin,2023-08-23,2023-08-21,1,unknown,,0,0,1,https://jfs.ohio.gov/job-services-and-unemployment/job-services/job-programs-and-services/submit-a-warn-notice/current-public-notices-of-layoffs-and-closures,2ed0b6706314f6bbf0dcefe44ed5c62b461e5ee2a3b332bfa3ed7c9a,2a42d9d4b6fdbc94cf2fd59cf67a555048ada480,2026-07-26,2026-07-26
OH,"ExpressPoint Technology Services, Inc.",expresspoint technology services,,,,,1579403,,exact:post-era,,,,,,,,,,automatic,cik:1579403,Grove City/Franklin,2023-08-25,2023-10-30,65,unknown,,0,0,1,https://jfs.ohio.gov/job-services-and-unemployment/job-services/job-programs-and-services/submit-a-warn-notice/current-public-notices-of-layoffs-and-closures,d5fe42539b89490be2514f65e5cfcd8e5e9d1be9a563746761e1a5f7,700acde613b05dbcce3e9144dd5bc0739bbd8752,2026-07-26,2026-07-26
OH,Sherwin-Williams - Updated,sherwin williams updated,Sherwin-Williams,,,,89800,SHW,exact:base,5200,"Retail-Building Materials, Hardware, Garden Supply",,,,Q48881,cik,,,automatic,qid:Q48881,Bedford Heights/Cuyahoga,2023-08-31,2023-10-31,2,unknown,,0,0,1,https://jfs.ohio.gov/job-services-and-unemployment/job-services/job-programs-and-services/submit-a-warn-notice/current-public-notices-of-layoffs-and-closures,cc2e13b3d1e4a161f0d40e74c42721c6c2be8547e417cc2497fac29c,d775790c2ef9043163c6f35d00ae88b21eba5847,2026-07-26,2026-07-26
OH,Divvy Homes Inc.,divvy homes,,,52,employer,,,,,,,,,,,,,,n:divvy homes,Unknown/Unknown,2023-09-07,2023-11-07,6,unknown,,0,0,1,https://jfs.ohio.gov/job-services-and-unemployment/job-services/job-programs-and-services/submit-a-warn-notice/current-public-notices-of-layoffs-and-closures,062040a4d26144fedb6c3f961995e5ce4fb8bafc986fadf110d0b6ca,9b5d2148e4c7911a73fc244e96f3e314c1224e34,2026-07-26,2026-07-26
OH,Encore Industries,encore industries,,,,,1052177,,exact:post-era,,,,,,,,,,automatic,cik:1052177,Cambridge/Guernsey,2023-09-12,2023-09-12,89,unknown,,0,0,1,https://jfs.ohio.gov/job-services-and-unemployment/job-services/job-programs-and-services/submit-a-warn-notice/current-public-notices-of-layoffs-and-closures,ad9368453d0e6e6c5dd5a2308722722477dd1443c633008cd283efcc,bb2a3fff8d8582ccf55e99a6938beb93fc992594,2026-07-26,2026-07-26
OH,Thriveworks Administrative Services,thriveworks administrative services,,,62,employer,,,,,,,,,,,,,,n:thriveworks administrative services,Columbus/Franklin,2023-09-15,2023-11-30,4,unknown,,0,0,1,https://jfs.ohio.gov/job-services-and-unemployment/job-services/job-programs-and-services/submit-a-warn-notice/current-public-notices-of-layoffs-and-closures,b13d6f5361ec31c1bd9da51af6bb49a95a56aa583cabfd55c100557b,8f10d9450d41d28df1ea3c7768971b31bcdb659b,2026-07-26,2026-07-26
OH,"Mansfield Plumbing Products, LLC",mansfield plumbing products,,,,,1042878,,exact:post-era,3440,Fabricated Structural Metal Products,,,,,,,,automatic,cik:1042878,Perrysville/Ashland,2023-09-26,2023-12-31,263,unknown,,0,0,1,https://jfs.ohio.gov/job-services-and-unemployment/job-services/job-programs-and-services/submit-a-warn-notice/current-public-notices-of-layoffs-and-closures,22a7c89e1a5ad39ebf683238b1b65cf9710326cc8623dea55c24f75c,33094451b4b41f44bb30f78b3786fce3391be310,2026-07-26,2026-07-26
OH,"Mansfield Plumbing Products, LLC",mansfield plumbing products,,,,,1042878,,exact:post-era,3440,Fabricated Structural Metal Products,,,,,,,,automatic,cik:1042878,Perrysburg,2023-09-26,2023-12-31,263,unknown,,0,0,1,https://jfs.ohio.gov/job-services-and-unemployment/job-services/job-programs-and-services/submit-a-warn-notice/current-public-notices-of-layoffs-and-closures,7fcb03fc3e8946a4106a9af09c599718e95e03095f36242fc01b8a00,470da537fd82ac07c4ba42a3960bcd2256a89fdf,2026-07-26,2026-07-26
OH,First Savings Bank,first savings bank,,,52,employer,,,,,,,,,,,,,,n:first savings bank,Various Cities/Various Counties,2023-09-29,2023-11-30,9,unknown,,0,0,1,https://jfs.ohio.gov/job-services-and-unemployment/job-services/job-programs-and-services/submit-a-warn-notice/current-public-notices-of-layoffs-and-closures,dfc62c2326f4436ef585494693272db9a52ec8fb03819b82037027b2,04a31df5774ae0e2a86641d8f0306e349ff47fa6,2026-07-26,2026-07-26
OH,Novolex-Shields-Accutech,novolex shields accutech,,,,,,,,,,,,,,,,,,n:novolex shields accutech,Cold Water/Mercer,2023-10-02,2023-12-01,59,unknown,,0,0,1,https://jfs.ohio.gov/job-services-and-unemployment/job-services/job-programs-and-services/submit-a-warn-notice/current-public-notices-of-layoffs-and-closures,c12be6da96e9d35cfca3a8c60978b9071b6430a19ae6289d6ea567de,337186c60fe2d2ab1b8e2414a482e2953c442604,2026-07-26,2026-07-26
OH,Whole Foods Market,whole foods market,Whole Foods Market,,44-45,sic-crosswalk,865436,,exact:post-era,5411,Retail-Grocery Stores,,,,Q1809448,cik,Amazon,,automatic,qid:Q1809448,Toledo/Lucas,2023-10-06,2023-12-05,99,unknown,,0,0,1,https://jfs.ohio.gov/job-services-and-unemployment/job-services/job-programs-and-services/submit-a-warn-notice/current-public-notices-of-layoffs-and-closures,bc4595b57992be26e8ba7baa3c9bed7ab01f29c0cfc3ea3436d6ec9a,45bfadb0d8dfe8ca1b25afbe10d37e8cb3e37bdc,2026-07-26,2026-07-26
OH,DHL Supply Chain,dhl supply chain,,,,,,,,,,,,,,,,,,n:dhl supply chain,Groveport/Franklin,2023-10-11,2023-10-31,264,unknown,,0,0,1,https://jfs.ohio.gov/job-services-and-unemployment/job-services/job-programs-and-services/submit-a-warn-notice/current-public-notices-of-layoffs-and-closures,f562803e40d77102d68aae3a7876a11b0202f57f872ac479954db7ce,f02ebdc946c17026905df68ea119a6f4d851c216,2026-07-26,2026-07-26
OH,M. Argueso & Co. Inc dba Paramelt,m argueso co inc dba paramelt,,,,,1279018,,exact:post-era:base,,,,,,,,,,automatic,cik:1279018,Cleveland/Cuyahoga,2023-10-12,2023-12-15,25,unknown,,0,0,1,https://jfs.ohio.gov/job-services-and-unemployment/job-services/job-programs-and-services/submit-a-warn-notice/current-public-notices-of-layoffs-and-closures,4229bcb5af0b5ad36b37900994f112f9b229f16007e93ed6edf40df3,7509e314e9cd3c40c376996b27f7e25d616f435f,2026-07-26,2026-07-26
OH,St. Bernard Soap Company,st bernard soap,,,,,,,,,,,,,,,,,,n:st bernard soap,Cincinnati/Hamilton,2023-10-12,2023-12-10,127,unknown,,0,0,1,https://jfs.ohio.gov/job-services-and-unemployment/job-services/job-programs-and-services/submit-a-warn-notice/current-public-notices-of-layoffs-and-closures,9f0f425f8334d8978bc7a7be7ca8d4bfa7ab6ab93ae612392e3649de,3f2331c37843dc502760d0636822530c65de46ee,2026-07-26,2026-07-26
OH,ProMedica Employment Services II,promedica employment services ii,,,,,,,,,,,,,,,,,,n:promedica employment services ii,Sylvania/Lucas,2023-10-17,2023-12-16,122,unknown,,0,0,1,https://jfs.ohio.gov/job-services-and-unemployment/job-services/job-programs-and-services/submit-a-warn-notice/current-public-notices-of-layoffs-and-closures,471161e71688f1462000985a75a88f3905fdc3d97d1448df226010ca,2075ed16c61d901f7468dbd3cab3632caf08905f,2026-07-26,2026-07-26
OH,Klarna LLC,klarna,,,,,2003292,KLAR,listed-extension,6199,Finance Services,,,,,,,,automatic,cik:2003292,Columbus/Franklin,2023-10-23,2023-12-23,102,unknown,,0,0,1,https://jfs.ohio.gov/job-services-and-unemployment/job-services/job-programs-and-services/submit-a-warn-notice/current-public-notices-of-layoffs-and-closures,d13c603aad6488925f81720a25837816172e57d493c26a22922a8b21,d3a698a0d7b4e5f646dcf520a4a59931022a811e,2026-07-26,2026-07-26
OH,York Street Fresh Foods LLC,york street fresh foods,,,,,,,,,,,,,,,,,,n:york street fresh foods,Sharonville/Hamilton,2023-10-23,2023-12-15,150,unknown,,0,0,1,https://jfs.ohio.gov/job-services-and-unemployment/job-services/job-programs-and-services/submit-a-warn-notice/current-public-notices-of-layoffs-and-closures,d26c7cf3772205a98f305df50796cbcd033846518f8c566ce0cfcbb3,c021c5d7db7cb5fce4990856076f8993f2958a8c,2026-07-26,2026-07-26
OH,"Olive AI, Inc",olive ai,,,,,1639542,,exact,,,,,,,,,,automatic,cik:1639542,Columbus/Franklin,2023-10-31,2023-11-01,33,unknown,,0,0,1,https://jfs.ohio.gov/job-services-and-unemployment/job-services/job-programs-and-services/submit-a-warn-notice/current-public-notices-of-layoffs-and-closures,ba2f273e7b0b0fc20b1471376762f86f407ce031618770500d09a576,8446aec7f80b64412d3489bd26d006c8420c5cc4,2026-07-26,2026-07-26
OH,Morgan Stanley,morgan stanley,Morgan Stanley,,523,sic-crosswalk,895421,MS,exact:listed,6211,"Security Brokers, Dealers & Flotation Companies",,,,Q334204,cik,,,automatic,qid:Q334204,Columbus/Franklin,2023-11-01,2023-12-31,95,unknown,,0,0,1,https://jfs.ohio.gov/job-services-and-unemployment/job-services/job-programs-and-services/submit-a-warn-notice/current-public-notices-of-layoffs-and-closures,e01675523d1771e1fd9ec91c6fd7c816ada43adcfad1fe8741debfb9,e346c2325581ff6a356154245e341656489f3849,2026-07-26,2026-07-26
OH,Nestle,nestle,Nestlé,,,,792990,,exact,2000,Food and Kindred Products,,,,Q160746,cik,,,automatic,qid:Q160746,Solon/Cuyahoga,2023-11-01,2023-12-31,77,unknown,,0,0,1,https://jfs.ohio.gov/job-services-and-unemployment/job-services/job-programs-and-services/submit-a-warn-notice/current-public-notices-of-layoffs-and-closures,63f06a6f3bf00fa12b72770c9ca0f4610c5c29ad57f7f13e2d7de31d,90c0f3dad09015c6b0dd7d00c04f2125289a71bc,2026-07-26,2026-07-26
OH,Amazon,amazon,"Amazon.com, Inc.",,45411,sic-crosswalk,1018724,AMZN,listed-extension,5961,Retail-Catalog & Mail-Order Houses,,,,Q133848906,cik,,,automatic,qid:Q133848906,Columbus/Franklin,2023-11-02,2024-01-02,90,unknown,,0,0,1,https://jfs.ohio.gov/job-services-and-unemployment/job-services/job-programs-and-services/submit-a-warn-notice/current-public-notices-of-layoffs-and-closures,e1126225a929b01a725f3bdbf2ec087c3adcbfcd50a0541307cf11d4,88bff1e0cf657ceae604dec11fe792220a5861af,2026-07-26,2026-07-26
OH,GXO Logistics,gxo logistics,,,,,1852244,GXO,exact,4700,Transportation Services,,,,,,,,automatic,cik:1852244,Groveport/Franklin,2023-11-14,2024-01-15,192,unknown,,0,0,1,https://jfs.ohio.gov/job-services-and-unemployment/job-services/job-programs-and-services/submit-a-warn-notice/current-public-notices-of-layoffs-and-closures,1ac399c6c6bf226ac691ed5316454ace04aea816ee101bd7bb6aafc5,cb0fac7b292e49462ee60213051b5ec0ce7d33c4,2026-07-26,2026-07-26
OH,Ardagh Metal Packaging,ardagh metal packaging,,,332431,sic-crosswalk,1845097,AMBP,exact,3411,Metal Cans,,,,,,,,automatic,cik:1845097,Whitehouse/Lucas,2023-11-28,2024-01-31,110,unknown,,0,0,1,https://jfs.ohio.gov/job-services-and-unemployment/job-services/job-programs-and-services/submit-a-warn-notice/current-public-notices-of-layoffs-and-closures,23c2c1b26aa6d9b6e1d464db11a322c5c036da7a7c7e0b391ab97f00,d3bdbaef9e525315c494ea43b7ae7d46d57a8415,2026-07-26,2026-07-26
OH,Cygnus Home Service,cygnus home service,"CYGNUS HOME SERVICE, LLC",,,,,,,,,,,984500ECB7C79908D959,,,,,automatic,lei:984500ECB7C79908D959,Various Cities/Various Counties,2023-11-28,2024-01-19,11,unknown,,0,0,1,https://jfs.ohio.gov/job-services-and-unemployment/job-services/job-programs-and-services/submit-a-warn-notice/current-public-notices-of-layoffs-and-closures,d56165f63f947a71aa53909d203ec0faa925e9456628cb59700d4b58,0413d672f3fe8416511ef0017548dcd3250211f6,2026-07-26,2026-07-26
OH,Stevens Aerospace and Defense Systems,stevens aerospace and defense systems,,,,,,,,,,,,,,,,,,n:stevens aerospace and defense systems,Vandalia/Montgomery,2023-11-28,2024-01-31,54,unknown,,0,0,1,https://jfs.ohio.gov/job-services-and-unemployment/job-services/job-programs-and-services/submit-a-warn-notice/current-public-notices-of-layoffs-and-closures,dff7c68c05b74d8b73617e1fb2fb5c373f2321e74d7188ee650fc905,55121fffa88063dc26f3d85080b7f04ffd6ed2e9,2026-07-26,2026-07-26
OH,Xellia Pharmaceuticals,xellia pharmaceuticals,,,,,,,,,,,,,,,,,,n:xellia pharmaceuticals,Bedford Heights/Cuyahoga,2023-12-06,2024-02-05,80,unknown,,0,0,1,https://jfs.ohio.gov/job-services-and-unemployment/job-services/job-programs-and-services/submit-a-warn-notice/current-public-notices-of-layoffs-and-closures,43c61aa32352786856dac81cea7636cdb4b14b9e9df7928d4518555b,669f173a9f1054ea63d34a6975f5d70ea6fda149,2026-07-26,2026-07-26
OH,FCA US LLC,fca us,,,336,sic-crosswalk,1513153,,exact,3711,Motor Vehicles & Passenger Car Bodies,,,,,,,,automatic,cik:1513153,Toledo/Lucas,2023-12-07,2024-02-05,1225,unknown,,0,0,1,https://jfs.ohio.gov/job-services-and-unemployment/job-services/job-programs-and-services/submit-a-warn-notice/current-public-notices-of-layoffs-and-closures,38ad5bb6f9c98bdd661f574dc0940c3518dbd75513064a4c30fe0015,2e93fc5844630be9903a141cbc97d46b422c883d,2026-07-26,2026-07-26
OH,Zulily,zulily,Zulily,,45411,sic-crosswalk,1478484,,exact:post-era,5961,Retail-Catalog & Mail-Order Houses,,,,Q16968488,cik,,,automatic,qid:Q16968488,Lockbourne/Franklin,2023-12-07,2024-02-07,274,unknown,,0,0,1,https://jfs.ohio.gov/job-services-and-unemployment/job-services/job-programs-and-services/submit-a-warn-notice/current-public-notices-of-layoffs-and-closures,6ee822a5653b22f122fac0d85d07beeeed90df75123dcfd51fcb6707,b773bab0e8a53eece216dd2fd2774e99daae12ae,2026-07-26,2026-07-26
OH,"syncreon America, Inc",syncreon america,,,,,,,,,,,,,,,,,,n:syncreon america,Toledo/Lucas,2023-12-14,2024-02-05,68,unknown,,0,0,1,https://jfs.ohio.gov/job-services-and-unemployment/job-services/job-programs-and-services/submit-a-warn-notice/current-public-notices-of-layoffs-and-closures,2e96d96e5b36a3944430659d2557b19105c8c645340ee79abc5a3032,f3f20affc9efaa572df0fa34eef4656f37f29126,2026-07-26,2026-07-26
OH,St. Bernard Soap Company,st bernard soap,,,,,,,,,,,,,,,,,,n:st bernard soap,Cincinnati/Hamilton,2024-01-03,2024-03-05,118,unknown,,0,0,1,https://jfs.ohio.gov/job-services-and-unemployment/job-services/job-programs-and-services/submit-a-warn-notice/current-public-notices-of-layoffs-and-closures,513c4862ed07fa7cc2cf1b10fac35448f1ce687eb4f411996f1e8584,29761f78c341db7b3aeec344a89bb4fc3358d5a2,2026-07-26,2026-07-26
OH,St. Bernard Soap Company,st bernard soap,,,,,,,,,,,,,,,,,,n:st bernard soap,Cincinatti/Hamilton,2024-01-03,2024-03-05,118,unknown,,0,0,1,https://jfs.ohio.gov/job-services-and-unemployment/job-services/job-programs-and-services/submit-a-warn-notice/current-public-notices-of-layoffs-and-closures,4f482dd52145511e9c70dba37e8bbbd6dc036eba3e42c1d1c4fd08c5,575751db8fad4fbb64994c2f57194f92a2a84eb5,2026-07-26,2026-07-26
OH,GDI Services,gdi services,,,,,,,,,,,,,,,,,,n:gdi services,Multiple Counties,2024-01-05,2024-03-05,284,unknown,,0,0,1,https://jfs.ohio.gov/job-services-and-unemployment/job-services/job-programs-and-services/submit-a-warn-notice/current-public-notices-of-layoffs-and-closures,93fb1bc206b04d65b8e4095c0096f00dcd95eb659113c6ecdd67d9dc,3e7824185e778b452af78ef75736196eebe40144,2026-07-26,2026-07-26
OH,"Newell Brands Distribution, LLC",newell brands distribution,,,,,,,,,,,,,,,,,,n:newell brands distribution,Pataskala/Licking,2024-01-10,2024-03-08,190,unknown,,0,0,1,https://jfs.ohio.gov/job-services-and-unemployment/job-services/job-programs-and-services/submit-a-warn-notice/current-public-notices-of-layoffs-and-closures,e71047240ef0b740209755cdb92cd2655b0424096aac3e9233482764,79e8b9ac86df90d6de5ce79b19f95a82ca4b32b3,2026-07-26,2026-07-26
OH,Marsden Services LLC,marsden services,,,,,,,,,,,,,,,,,,n:marsden services,Etna/Licking,2024-01-11,2024-02-20,88,unknown,,0,0,1,https://jfs.ohio.gov/job-services-and-unemployment/job-services/job-programs-and-services/submit-a-warn-notice/current-public-notices-of-layoffs-and-closures,43b049c996bea83d03bc76fa76d9d3a909ca8f601c01cc29e8d1c781,5797d1a1473c831a1d7855aa21d9fd6ad670349b,2026-07-26,2026-07-26
OH,VS Direct LLC,vs direct,,,,,1360395,,exact:post-era,5400,Retail-Food Stores,,,,,,,,automatic,cik:1360395,Kettering/Montgomery,2024-01-12,2024-03-16,120,unknown,,0,0,1,https://jfs.ohio.gov/job-services-and-unemployment/job-services/job-programs-and-services/submit-a-warn-notice/current-public-notices-of-layoffs-and-closures,a9d19e5af6c04d09e1d7c6b99c615e66eb0a4fce6dc9b42c8180ae60,b89283d8443530c7aba64ffccf2245f1038be2a0,2026-07-26,2026-07-26
OH,Lost Boys Interactive,lost boys interactive,,,,,,,,,,,,,,,,,,n:lost boys interactive,Multiple Counties,2024-01-16,2024-03-15,3,unknown,,0,0,1,https://jfs.ohio.gov/job-services-and-unemployment/job-services/job-programs-and-services/submit-a-warn-notice/current-public-notices-of-layoffs-and-closures,5655e111dcdf44a7aed22585e54d111091534c4f2380bd58dad90daf,88d2459060bad8013468f43c292d335f7da8df99,2026-07-26,2026-07-26
OH,Centerpoint Health,centerpoint health,,,,,,,,,,,,,,,,,,n:centerpoint health,Franklin/Warren,2024-01-18,2024-01-20,15,unknown,,0,0,1,https://jfs.ohio.gov/job-services-and-unemployment/job-services/job-programs-and-services/submit-a-warn-notice/current-public-notices-of-layoffs-and-closures,8fd0997b522e101bb58a9f878479bfc1a69f405586ae6dd928f81fd9,d11709ee0afa46a7530a7a01450de5707733650b,2026-07-26,2026-07-26
OH,Nestle USA,nestle usa,"NESTLE USA, INC.",,,,,,,,,,,549300ZWOWV3MECPLN21,,,,,automatic,lei:549300ZWOWV3MECPLN21,Solon/Cuyahoga,2024-01-29,2024-03-29,241,unknown,,0,0,1,https://jfs.ohio.gov/job-services-and-unemployment/job-services/job-programs-and-services/submit-a-warn-notice/current-public-notices-of-layoffs-and-closures,fc6f4ca0e925346abbde92b406c86132066007e685c1f1df4661e446,65b2d847cf0b0be2f8dc8bded93d28a7c5444de1,2026-07-26,2026-07-26
OH,"ZIN Technologies, Inc",zin technologies,,,,,,,,,,,,,,,,,,n:zin technologies,Middleburg Heights/Cuyahoga,2024-01-30,2024-03-31,122,unknown,,0,0,1,https://jfs.ohio.gov/job-services-and-unemployment/job-services/job-programs-and-services/submit-a-warn-notice/current-public-notices-of-layoffs-and-closures,04fdc3d7571278412696c05d0ec7a31aa16a36e1947de704592eeabd,d2986e31231f85bba9c863af775230516c13518b,2026-07-26,2026-07-26
OH,Linamar Structures USA,linamar structures usa,,,,,,,,,,,,,,,,,,n:linamar structures usa,Edon/Williams,2024-02-02,2024-04-01,106,unknown,,0,0,1,https://jfs.ohio.gov/job-services-and-unemployment/job-services/job-programs-and-services/submit-a-warn-notice/current-public-notices-of-layoffs-and-closures,afd80405e9d1957c9c0b1b6fe204d2458287d5d43c722983276b7b32,0bb8faf3a22842196f9769d6bc6cb2dc4e88a8dd,2026-07-26,2026-07-26
OH,Walmart,walmart,,,45299,sic-crosswalk,104169,WMT,exact,5331,Retail-Variety Stores,,,,,,,,automatic,cik:104169,Columbus/Franklin,2024-02-06,2024-05-03,177,unknown,,0,0,1,https://jfs.ohio.gov/job-services-and-unemployment/job-services/job-programs-and-services/submit-a-warn-notice/current-public-notices-of-layoffs-and-closures,258cbb28b1027b478f75beab63e820cfbb4593a427c38474379edf82,782fce8ebdabc95f5992cf33c88519ccb7de5dc7,2026-07-26,2026-07-26
OH,Commercial Vehicle Group,commercial vehicle group,Commercial Vehicle Group,,336,sic-crosswalk,1290900,CVGI,exact,3714,Motor Vehicle Parts & Accessories,,,,Q5152539,cik,,,automatic,qid:Q5152539,Chillicothe/Ross,2024-02-12,2024-06-28,79,unknown,,0,0,1,https://jfs.ohio.gov/job-services-and-unemployment/job-services/job-programs-and-services/submit-a-warn-notice/current-public-notices-of-layoffs-and-closures,e656a358120e3ea1cdf541f6a0f83f6ac60272d4a8b928397b538bd7,77c7133d4d929291ca0eea0c99d1b256116a238c,2026-07-26,2026-07-26
OH,Genpact LLC,genpact,,,54161,sic-crosswalk,1398659,G,exact,8742,Services-Management Consulting Services,,,,,,,,automatic,cik:1398659,Dublin/Franklin,2024-02-12,2024-04-12,64,unknown,,0,0,1,https://jfs.ohio.gov/job-services-and-unemployment/job-services/job-programs-and-services/submit-a-warn-notice/current-public-notices-of-layoffs-and-closures,1df7fcf1306f0868ef215d5f5e5dd1eaec4b99fbe04b248d2e01341b,8034c8d4b0686746c79b68233a009ecab6cf9e20,2026-07-26,2026-07-26
OH,ASM Global,asm global,,,,,,,,,,,,,,,,,,n:asm global,Fairborn/Greene,2024-02-13,2024-02-23,77,unknown,,0,0,1,https://jfs.ohio.gov/job-services-and-unemployment/job-services/job-programs-and-services/submit-a-warn-notice/current-public-notices-of-layoffs-and-closures,f3933eb79cca1e33cb4e05725bd793b96d124c483c8c9acce0eba182,edf6ecbfe2e34ef931565d9c1fface1ba63f8ff0,2026-07-26,2026-07-26
OH,Metro Decor LLC,metro decor,,,,,,,,,,,,,,,,,,n:metro decor,Glenwillow/Solon/Cuyahoga,2024-02-13,2024-02-29,80,unknown,,0,0,1,https://jfs.ohio.gov/job-services-and-unemployment/job-services/job-programs-and-services/submit-a-warn-notice/current-public-notices-of-layoffs-and-closures,703ef029897d0cb757e68461972033bbff6dde3bf8335dcb32e5d819,6ac89ab14ac3f66765c407e2004c153f0f171904,2026-07-26,2026-07-26
OH,Mohawk Fine Papers,mohawk fine papers,,,,,,,,,,,,,,,,,,n:mohawk fine papers,Ashtabula/Ashtabula,2024-02-16,2024-02-16,95,unknown,,0,0,1,https://jfs.ohio.gov/job-services-and-unemployment/job-services/job-programs-and-services/submit-a-warn-notice/current-public-notices-of-layoffs-and-closures,2bd3078cc087f52dad9b1d1060bcde815bdb224629fd2e856912bc54,89ab01140fe984e02f8a08a86460fd216f8a06a0,2026-07-26,2026-07-26
OH,Decorative Panels International Inc.,decorative panels international,,,,,,,,,,,,,,,,,,n:decorative panels international,Toledo/Lucas,2024-02-22,2024-05-31,76,unknown,,0,0,1,https://jfs.ohio.gov/job-services-and-unemployment/job-services/job-programs-and-services/submit-a-warn-notice/current-public-notices-of-layoffs-and-closures,0508469d2a4ed4da0e0896909c3f599dbda711e6c1e636894d841249,bbd1027f42905033f42f4c4abe43c0382fc193df,2026-07-26,2026-07-26
OH,"Brightview Landscapes, LLC",brightview landscapes,,,,,,,,,,,,,,,"BrightView Holdings, Inc.",1734713,,n:brightview landscapes,New Albany/Franklin,2024-03-04,2024-05-01,86,unknown,,0,0,1,https://jfs.ohio.gov/job-services-and-unemployment/job-services/job-programs-and-services/submit-a-warn-notice/current-public-notices-of-layoffs-and-closures,6f90442bf6134964384ee617f6cea36fb435d993415611dae16dcd69,cab5280412feaaa592bc87531507b96fa8efb6e1,2026-07-26,2026-07-26
OH,Sid Tool Company,sid tool,,,,,,,,,,,,,,,,,,n:sid tool,Columbus/Franklin,2024-03-04,2024-05-14,130,unknown,,0,0,1,https://jfs.ohio.gov/job-services-and-unemployment/job-services/job-programs-and-services/submit-a-warn-notice/current-public-notices-of-layoffs-and-closures,1c767e2827b0de76d4304fc8c9d548639e3a3736ae2d87c10f74dbb3,5e1e7368b67e98deb5b620e9205a3c45397df1ae,2026-07-26,2026-07-26
OH,Nestle USA Update,nestle usa update,,,,,,,,,,,,,,,,,,n:nestle usa update,Solon/Cuyahoga,2024-03-11,2024-03-29,13,unknown,,0,0,1,https://jfs.ohio.gov/job-services-and-unemployment/job-services/job-programs-and-services/submit-a-warn-notice/current-public-notices-of-layoffs-and-closures,1829d4e297f282d1e13bb24f39c366eb775abda75149790734b41832,52fcb5a236f5e62f50194e6b160b0f01bb028450,2026-07-26,2026-07-26
OH,First Student Transportation LLC,first student transportation,,,,,,,,,,,,,,,,,,n:first student transportation,Elyria/Lorain,2024-03-13,2024-06-30,81,unknown,,0,0,1,https://jfs.ohio.gov/job-services-and-unemployment/job-services/job-programs-and-services/submit-a-warn-notice/current-public-notices-of-layoffs-and-closures,a76fe57faa8bcfeab45a2505c40f569c66ef21610ba2f4bf6991bf49,0d77790840491af0b06d8e61195d0cc6f4e7c30d,2026-07-26,2026-07-26
OH,Amsive LLC,amsive,,,51,employer,,,,,,,,,,,,,,n:amsive,Miamisburg/Montgomery,2024-03-18,2024-05-17,60,unknown,,0,0,1,https://jfs.ohio.gov/job-services-and-unemployment/job-services/job-programs-and-services/submit-a-warn-notice/current-public-notices-of-layoffs-and-closures,2d4cc69026cd8d38961ba5178a89c7451e652a92b064b710749c35ee,df8c3f5dec442d1d1cae09db7881fa3eae64f704,2026-07-26,2026-07-26
OH,ABM General Services,abm general services,,,,,,,,,,,,,,,ABM INDUSTRIES INC /DE/,771497,,n:abm general services,North Randall/Cuyahoga,2024-03-19,2024-03-19,102,unknown,,0,0,1,https://jfs.ohio.gov/job-services-and-unemployment/job-services/job-programs-and-services/submit-a-warn-notice/current-public-notices-of-layoffs-and-closures,1991528d55d7d8c3f5e4eb69fa0d1a8104c81da08b61c6086e02d4be,21efb1892f4cf887749b7e9c6dfdb79bc4150e3f,2026-07-26,2026-07-26
OH,Associated Materials LLC,associated materials,,,31-33,sic-crosswalk,802967,,exact:post-era,3089,"Plastics Products, NEC",,,,,,,,automatic,cik:802967,Cuyahoga Falls/Summit,2024-03-21,2024-05-20,184,unknown,,0,0,1,https://jfs.ohio.gov/job-services-and-unemployment/job-services/job-programs-and-services/submit-a-warn-notice/current-public-notices-of-layoffs-and-closures,f9ebf13aeb28196354a491d111f6167b46e9ffce5b9ea1067258d5d7,befa87669b7ca9f685f7f3c9a11e41a267d8a7a2,2026-07-26,2026-07-26
OH,Bionano Genomics,bionano genomics,,,334516,sic-crosswalk,1411690,BNGO,exact,3826,Laboratory Analytical Instruments,,,,,,,,automatic,cik:1411690,Unknown City/County,2024-03-22,2024-05-24,2,unknown,,0,0,1,https://jfs.ohio.gov/job-services-and-unemployment/job-services/job-programs-and-services/submit-a-warn-notice/current-public-notices-of-layoffs-and-closures,25de0f899709a31d695b76f2db145bdf6328ba9608b022524705dc15,8f757b8e13d0382050fbf5c04f23183b8d78478a,2026-07-26,2026-07-26
OH,Dollar General,dollar general,Dollar General,,45299,sic-crosswalk,29534,DG,exact,5331,Retail-Variety Stores,,,,Q145168,cik,,,automatic,qid:Q145168,Unknown City/County,2024-03-26,2024-04-20,265,unknown,,0,0,1,https://jfs.ohio.gov/job-services-and-unemployment/job-services/job-programs-and-services/submit-a-warn-notice/current-public-notices-of-layoffs-and-closures,d424a8fb81a14ed57478b1feb87905e37c4780df3406422ef484eba3,0729394ef97db2bf70130ad883dc947907404376,2026-07-26,2026-07-26
OH,Family Dollar,family dollar,Family Dollar,,,,1672323,,exact:post-era,,,,,,Q5433101,cik,,,automatic,qid:Q5433101,Unknown City/County,2024-03-26,2024-04-20,265,unknown,,0,0,1,https://jfs.ohio.gov/job-services-and-unemployment/job-services/job-programs-and-services/submit-a-warn-notice/current-public-notices-of-layoffs-and-closures,55f5a7885aa0c8aebd0ff515b82b2ef5159945c0093ecc78e5d97a3c,5df0727af031fbfee6f199668cd999a0fbf1f017,2026-07-26,2026-07-26
OH,ProMedica Employment Services LLC,promedica employment services,,,,,,,,,,,,,,,,,,n:promedica employment services,Cleveland/Cuyahoga,2024-04-01,2024-05-31,92,unknown,,0,0,1,https://jfs.ohio.gov/job-services-and-unemployment/job-services/job-programs-and-services/submit-a-warn-notice/current-public-notices-of-layoffs-and-closures,657976e3f8f597bf6847126d3ac95cbb112c38f02721e21cce36b818,706413e6ce04211d784c0a8c95c4932b8a4ea6c0,2026-07-26,2026-07-26
OH,Volta Charging Industries,volta charging industries,,,,,,,,,,,,,,,,,,n:volta charging industries,Cincinnati/Hamilton,2024-04-01,2024-05-31,3,unknown,,0,0,1,https://jfs.ohio.gov/job-services-and-unemployment/job-services/job-programs-and-services/submit-a-warn-notice/current-public-notices-of-layoffs-and-closures,ee755402e27c945356547ff834e7ae40894a3b2d7ee5d2e6d62ad32d,fefada52543611e22aa61907ce07253372812964,2026-07-26,2026-07-26
OH,Oak View Group,oak view group,,,,,,,,,,,,,,,,,,n:oak view group,Hamilton/Cincinnati,2024-04-09,2024-06-30,108,unknown,,0,0,1,https://jfs.ohio.gov/job-services-and-unemployment/job-services/job-programs-and-services/submit-a-warn-notice/current-public-notices-of-layoffs-and-closures,8b071a40df0c856d81fa7c1fc5a2d263a8abc7a9b9bbb34147f0bc49,e498a7e28c1b333d0129cfe9592b5a7b3aacb949,2026-07-26,2026-07-26
OH,Honeywell Intelligrated LLC,honeywell intelligrated,,,336412,employer,,,,,,,,,,,,,,n:honeywell intelligrated,London/Madison,2024-04-11,2024-10-31,98,unknown,,0,0,1,https://jfs.ohio.gov/job-services-and-unemployment/job-services/job-programs-and-services/submit-a-warn-notice/current-public-notices-of-layoffs-and-closures,2c5085e947a1c6a3087e8f64d30e0ac56b816be09914367d1a89a606,dac5e4a46d557c75c1a8d4836dd5b5c700ae2fc8,2026-07-26,2026-07-26
OH,EVO Transportation & Energy Services Inc.,evo transportation energy services,,,491110,employer,728447,,exact,5500,Retail-Auto Dealers & Gasoline Stations,,,,,,,,automatic,cik:728447,Columbus/Franklin,2024-04-15,2024-06-15,82,unknown,,0,0,1,https://jfs.ohio.gov/job-services-and-unemployment/job-services/job-programs-and-services/submit-a-warn-notice/current-public-notices-of-layoffs-and-closures,6e036af74e422884755d22ef4f76a812e70b74548965c12d189cb9ab,f4863da972df18155b2194f9bb3a9527cef20061,2026-07-26,2026-07-26
OH,Express,express,,,44-45,employer,,,,,,,,,,,,,,n:express,Columbus/Franklin,2024-04-22,2024-06-20,615,unknown,,0,0,1,https://jfs.ohio.gov/job-services-and-unemployment/job-services/job-programs-and-services/submit-a-warn-notice/current-public-notices-of-layoffs-and-closures,542b10b58e84d6f99a75a95a5f869e2ccf38fcc79b07eed3e4c83376,650d5aebc6113f748f37fd331fa8b07f75e40e1a,2026-07-26,2026-07-26
OH,Arlington Contact Lens Service,arlington contact lens service,,,,,,,,,,,,,,,,,,n:arlington contact lens service,Columbus/Franklin,2024-04-26,2024-06-28,151,unknown,,0,0,1,https://jfs.ohio.gov/job-services-and-unemployment/job-services/job-programs-and-services/submit-a-warn-notice/current-public-notices-of-layoffs-and-closures,883cb422399a6bd187a21b91d3936d3e77edee535b0ed9e12154cfae,51fc995e5164fad95388a8f11d594d5f3880d735,2026-07-26,2026-07-26
OH,Bon Appetit Management,bon appetit management,,,,,,,,,,,,,,,,,,n:bon appetit management,Granville/Licking,2024-04-26,2024-06-30,222,unknown,,0,0,1,https://jfs.ohio.gov/job-services-and-unemployment/job-services/job-programs-and-services/submit-a-warn-notice/current-public-notices-of-layoffs-and-closures,f7eea36c5bfcda8e112162101a1149845de7609e63e30c27a1eeb4e7,dcf141997f012ccde3d2265964977b7f70d74e36,2026-07-26,2026-07-26
OH,Insight,insight,,,,,,,,,,,,,,,,,,n:insight,Lewis Center/Delaware,2024-04-29,2024-08-31,82,unknown,,0,0,1,https://jfs.ohio.gov/job-services-and-unemployment/job-services/job-programs-and-services/submit-a-warn-notice/current-public-notices-of-layoffs-and-closures,276a31bedff058b3339680d4c18ebe579aef62121005321592f5922d,f57f9f37190d5438c1cb11ab821b5a3ce846ac2b,2026-07-26,2026-07-26
OH,"Djafi Trucking Company, LLC",djafi trucking,,,,,,,,,,,,,,,,,,n:djafi trucking,Columbus/Franklin,2024-04-30,2024-04-27,15,unknown,,0,0,1,https://jfs.ohio.gov/job-services-and-unemployment/job-services/job-programs-and-services/submit-a-warn-notice/current-public-notices-of-layoffs-and-closures,a5cb4ae28a32bbc0dd0b75690a6b54c7a1841f5bb0fa031f33172098,46a243cdd6d2fb12cc8fc460ed5918c571777c36,2026-07-26,2026-07-26
OH,Sodexo,sodexo,Sodexo,,,,1169715,,exact:post-era,8741,Services-Management Services,,,,Q1475554,label,,,automatic,qid:Q1475554,Dublin/Franklin,2024-05-06,2024-05-24,116,unknown,,0,0,1,https://jfs.ohio.gov/job-services-and-unemployment/job-services/job-programs-and-services/submit-a-warn-notice/current-public-notices-of-layoffs-and-closures,607eecac9048b025e5c3aeffd5d757adafb6ec0658358af814bbe47b,d9ade7fae9e812818a7c5e0efbd086a0e4b7dcd9,2026-07-26,2026-07-26
OH,Mauser Packaging Solutions,mauser packaging solutions,,,332439,employer,,,,,,,,,,,,,,n:mauser packaging solutions,Cincinnati/Hamilton,2024-05-13,2024-07-13,107,unknown,,0,0,1,https://jfs.ohio.gov/job-services-and-unemployment/job-services/job-programs-and-services/submit-a-warn-notice/current-public-notices-of-layoffs-and-closures,294d7eddca073d5e620c55ebfe75ad1fbe25a09c4fe8153ef8ee9ea7,d537c47fe75a5985d384e2c8b172460db9bb4b63,2026-07-26,2026-07-26
OH,HealthHelp,healthhelp,,,55,employer,,,,,,,,,,,,,,n:healthhelp,Akron/Summit,2024-05-16,2024-06-28,22,unknown,,0,0,1,https://jfs.ohio.gov/job-services-and-unemployment/job-services/job-programs-and-services/submit-a-warn-notice/current-public-notices-of-layoffs-and-closures,416f6c2788fdbd9e86bbb8662aa81e7aec2ce07fbbba2ae02d92d9fe,e1c776da75676103764754cd770dd20acd758e8a,2026-07-26,2026-07-26
OH,Optum Services,optum services,,,524130,employer,,,,,,,,,,,,,,n:optum services,Toledo/Lucas,2024-05-16,2024-07-15,129,unknown,,0,0,1,https://jfs.ohio.gov/job-services-and-unemployment/job-services/job-programs-and-services/submit-a-warn-notice/current-public-notices-of-layoffs-and-closures,538582f1276f60d3134b584153d53c6d4dfe896c4aee7b8e7fab0e47,48ac816e802b3ed54cdde29e2c9a4ce0171a9fde,2026-07-26,2026-07-26
OH,RK Industries,rk industries,,,,,,,,,,,,,,,,,,n:rk industries,Ottawa/Putnam,2024-05-16,2024-07-14,80,unknown,,0,0,1,https://jfs.ohio.gov/job-services-and-unemployment/job-services/job-programs-and-services/submit-a-warn-notice/current-public-notices-of-layoffs-and-closures,51e4a99057a5c4568d747f30e457bfd3a1a5b331592ad99871dc078a,137e6c0eef14af40a445995ae79957fd0a3a73aa,2026-07-26,2026-07-26
OH,Barclays,barclays,,,52211,sic-crosswalk,312069,BCS,exact,6029,"Commercial Banks, NEC",,,,,,,,automatic,cik:312069,Cincinnati/Hamilton,2024-05-21,2024-07-20,252,unknown,,0,0,1,https://jfs.ohio.gov/job-services-and-unemployment/job-services/job-programs-and-services/submit-a-warn-notice/current-public-notices-of-layoffs-and-closures,f6a3a49af97989f2f3cc51d693fc7565571b43b556f43391b6d40d99,71fd6334801b72bdf5a4ce7c3cf9cff85462961b,2026-07-26,2026-07-26
OH,"Cygnus Home Service, LLC",cygnus home service,"CYGNUS HOME SERVICE, LLC",,,,,,,,,,,984500ECB7C79908D959,,,,,automatic,lei:984500ECB7C79908D959,Jackson/Jackson,2024-05-28,2024-07-27,13,unknown,,0,0,1,https://jfs.ohio.gov/job-services-and-unemployment/job-services/job-programs-and-services/submit-a-warn-notice/current-public-notices-of-layoffs-and-closures,b2a9183a40e56bde62e31ce532e13af172ee21796d93eba0770f0635,63774cf1caf15ae1e464a48d50e52e46eb1dc59e,2026-07-26,2026-07-26
OH,Nursery Supplies,nursery supplies,,,,,,,,,,,,,,,,,,n:nursery supplies,Mogadore/Summit,2024-05-30,2024-08-30,62,unknown,,0,0,1,https://jfs.ohio.gov/job-services-and-unemployment/job-services/job-programs-and-services/submit-a-warn-notice/current-public-notices-of-layoffs-and-closures,bbfb7ec091ddec2d0c6668db55cb680b7c857e104c62ecae3ea85ed2,3fb880d54d11bf61597fffdb0bec75101f6ac6e7,2026-07-26,2026-07-26
OH,Charter Communications,charter communications,Spectrum,,5132,sic-crosswalk,1091667,CHTR,exact:listed,4841,Cable & Other Pay Television Services,,,,Q2961234,cik,,,automatic,qid:Q2961234,Columbus/Franklin,2024-06-13,2024-08-15,175,unknown,,0,0,1,https://jfs.ohio.gov/job-services-and-unemployment/job-services/job-programs-and-services/submit-a-warn-notice/current-public-notices-of-layoffs-and-closures,b3433702a3c9cb52fe559049a78d9b0fa2578e4e3f518907ddaba28f,ae38d69c1d6b34f389b8ffb805d091abea866403,2026-07-26,2026-07-26
OH,Bath & Body Works Logistics Services,bath body works logistics services,,,,,,,,,,,,,,,,,,n:bath body works logistics services,Columbus/Franklin,2024-06-18,2024-06-22,85,unknown,,1,0,1,https://jfs.ohio.gov/job-services-and-unemployment/job-services/job-programs-and-services/submit-a-warn-notice/current-public-notices-of-layoffs-and-closures,f904fadf2f2fad91d2f4d3b1c88d32e11538d8a0533230201617c093,e16c23e010f65e4bc87a88633df8fec8d0c9bef3,2026-07-26,2026-07-26
OH,Nordic Consulting Group,nordic consulting group,,,,,,,,,,,,,,,,,,n:nordic consulting group,Cincinnati/Hamilton,2024-06-26,2024-07-02,61,unknown,,0,0,1,https://jfs.ohio.gov/job-services-and-unemployment/job-services/job-programs-and-services/submit-a-warn-notice/current-public-notices-of-layoffs-and-closures,2f84687dca697a5953bd53521cb81e18dbde5b416f27e367500f251f,dc54fd7b24eadbb260dc8865bdd00aa9aed8ab19,2026-07-26,2026-07-26
OH,Delta Apparel,delta apparel,,,44-45,employer,1101396,,exact,5130,"Wholesale-Apparel, Piece Goods & Notions",,,,,,,,automatic,cik:1101396,Hebron/Licking,2024-07-01,2024-08-29,14,unknown,,0,0,1,https://jfs.ohio.gov/job-services-and-unemployment/job-services/job-programs-and-services/submit-a-warn-notice/current-public-notices-of-layoffs-and-closures,4f080c7267158c31c6ec034847e9b6ebb1e87e2fd3bf05454e33de0b,3bddec9ec3ab3da34ea1d21a4270ec9344eb517b,2026-07-26,2026-07-26
OH,Dorel Home,dorel home,,,,,,,,,,,,,,,,,,n:dorel home,Tiffin/Seneca,2024-07-08,2024-07-08,154,unknown,,0,0,1,https://jfs.ohio.gov/job-services-and-unemployment/job-services/job-programs-and-services/submit-a-warn-notice/current-public-notices-of-layoffs-and-closures,5a0c8b22a6206d8ba60dc660f7658a607dc1c6a7169848e30edb5c94,ac918a9a072b977d14c1edbd9144d9e8daefbbf3,2026-07-26,2026-07-26
OH,idX Corporation,idx,,,,,,,,,,,,,,,,,,n:idx,Dayton/Montgomery,2024-07-18,2024-09-16,62,unknown,,0,0,1,https://jfs.ohio.gov/job-services-and-unemployment/job-services/job-programs-and-services/submit-a-warn-notice/current-public-notices-of-layoffs-and-closures,de20366dbed778c583eee32e93b190ef8aa8602fcdfbcdfe35dbd87e,bf4b77950993c5eb129477f341a85176ff380939,2026-07-26,2026-07-26
OH,"Aramark Facility Services, LLC",aramark facility services,,,561,employer,1396654,,exact:post-era,,,,,,,,,,automatic,cik:1396654,Cleveland/Cuyahoga,2024-07-29,2024-08-01,104,unknown,,0,0,1,https://jfs.ohio.gov/job-services-and-unemployment/job-services/job-programs-and-services/submit-a-warn-notice/current-public-notices-of-layoffs-and-closures,2853081f226f0a5a2bce0af43f18412cc09acea133f96d288a2496af,08ca45a2468ddac9281cf192dd71a59973c36681,2026-07-26,2026-07-26
OH,Post Consumer Brands,post consumer brands,,,,,,,,,,,,,,,"Post Holdings, Inc.",1530950,,n:post consumer brands,Lancaster/Fairfield,2024-07-29,2024-10-04,158,unknown,,0,0,1,https://jfs.ohio.gov/job-services-and-unemployment/job-services/job-programs-and-services/submit-a-warn-notice/current-public-notices-of-layoffs-and-closures,2ad145f11f909fd1f4e219f151d819882a1398e6744d77ade0fe0c8f,3e9627b324b603e1c3abfc12f14beb21e52f994b,2026-07-26,2026-07-26
OH,Epiroc Industrial Tools & Attachments LLC,epiroc industrial tools attachments,,,,,,,,,,,,,,,,,,n:epiroc industrial tools attachments,Akron/Summit,2024-08-02,2024-09-17,77,unknown,,0,0,1,https://jfs.ohio.gov/job-services-and-unemployment/job-services/job-programs-and-services/submit-a-warn-notice/current-public-notices-of-layoffs-and-closures,c21d9b8fd6e686883518b3e0b3c7bb5c133430a2e24e925950ab676a,e2d710dfca1a15acd93d608c03ada1e21336692a,2026-07-26,2026-07-26
OH,Inservco Inc,inservco,,,,,,,,,,,,,,,,,,n:inservco,La Grange/Lorain,2024-08-02,2024-10-01,62,unknown,,0,0,1,https://jfs.ohio.gov/job-services-and-unemployment/job-services/job-programs-and-services/submit-a-warn-notice/current-public-notices-of-layoffs-and-closures,eeb19bec698a03ddc94e65473611d4f5f457abe43314e9e72dd0ab54,9a25bf36a9da06a6ffc0e1986f4906643165c4b9,2026-07-26,2026-07-26
OH,Pitney Bowes,pitney bowes,,,33,sic-crosswalk,78814,PBI,exact,3579,"Office Machines, NEC",,,,,,,,automatic,cik:78814,Canal Winchester/Franklin,2024-08-10,2024-10-08,165,unknown,,1,0,1,https://jfs.ohio.gov/job-services-and-unemployment/job-services/job-programs-and-services/submit-a-warn-notice/current-public-notices-of-layoffs-and-closures,46821e38bb3c0426b167afec0451014c2ed74bb7c7009a1aff0eeeef,5972098c905a1fb63044908bf4d08809566eb600,2026-07-26,2026-07-26
OH,Anheuser-Busch,anheuser busch,Anheuser-Busch InBev,,31,sic-crosswalk,1668717,BUD,listed-extension,2082,Malt Beverages,,,,Q128738,cik,,,automatic,qid:Q128738,Canton/Stark,2024-08-15,2024-10-15,63,unknown,,0,0,1,https://jfs.ohio.gov/job-services-and-unemployment/job-services/job-programs-and-services/submit-a-warn-notice/current-public-notices-of-layoffs-and-closures,dd601f9d53e752e0ce23755489ade03ced1a16872d42bfa9253d4665,73e6d369d745807f1df0611d88f714331d2521d0,2026-07-26,2026-07-26
OH,Steward Health Care System- Hillside Rehabilitation Hospital,steward health care system hillside rehabilitation hospital,,,,,,,,,,,,,,,,,,n:steward health care system hillside rehabilitation hospital,Warren/Trumbull,2024-08-21,2024-10-20,2,unknown,,0,0,1,https://jfs.ohio.gov/job-services-and-unemployment/job-services/job-programs-and-services/submit-a-warn-notice/current-public-notices-of-layoffs-and-closures,d43ccf9595e581f2ec22adf60d0724474aa001d8bd389d6356d1b261,029983597b5fb0c7adc80cbc294bec035007ec17,2026-07-26,2026-07-26
OH,Steward Health Care System-Northside Regional Medical Center,steward health care system northside regional medical center,,,,,,,,,,,,,,,,,,n:steward health care system northside regional medical center,Youngstown/Mahoning,2024-08-21,2024-10-20,9,unknown,,0,0,1,https://jfs.ohio.gov/job-services-and-unemployment/job-services/job-programs-and-services/submit-a-warn-notice/current-public-notices-of-layoffs-and-closures,edf3df9bb6b5b115f1e04cece5b0f2d44f6c68c95db91e2c57123f09,1772567832d0c72354e9fd0ffb6d61b465a3b816,2026-07-26,2026-07-26
OH,Steward Health Care System-Hillside Rehabilitation Hospital,steward health care system hillside rehabilitation hospital,,,,,,,,,,,,,,,,,,n:steward health care system hillside rehabilitation hospital,Warren/Trumbull,2024-08-22,2024-10-20,168,unknown,,0,0,1,https://jfs.ohio.gov/job-services-and-unemployment/job-services/job-programs-and-services/submit-a-warn-notice/current-public-notices-of-layoffs-and-closures,69b76ee43ff92dfd12d2b76dda323a0df57c728f059a62c8dd32d682,751ccaa2fc934c500d6a3cd487361f01e1224806,2026-07-26,2026-07-26
OH,Steward Health Care System-Trumbull Regional Medical Center,steward health care system trumbull regional medical center,,,,,,,,,,,,,,,,,,n:steward health care system trumbull regional medical center,Warren/Trumbull,2024-08-22,2024-10-20,765,unknown,,0,0,1,https://jfs.ohio.gov/job-services-and-unemployment/job-services/job-programs-and-services/submit-a-warn-notice/current-public-notices-of-layoffs-and-closures,abf4dff409e882080d9f77bb2f0db3825fa407483b51d5b744fdd8b9,eba92999d379100d1dea633c1f384366d2989ec0,2026-07-26,2026-07-26
OH,Airgas,airgas,Airgas,,42183,sic-crosswalk,804212,,exact:post-era,5084,Wholesale-Industrial Machinery & Equipment,,,,Q80635,cik,Air Liquide,,automatic,qid:Q80635,Independence/Cuyahoga,2024-08-28,2024-10-31,87,unknown,,0,0,1,https://jfs.ohio.gov/job-services-and-unemployment/job-services/job-programs-and-services/submit-a-warn-notice/current-public-notices-of-layoffs-and-closures,519cd8afde23f123b0562b5d9bc384df05ec177d569b82fcd5d85821,a3ff61d89ee1fd7611f44fff269bd1073f02fa14,2026-07-26,2026-07-26
OH,ZF Active Safety US Inc,zf active safety us,,,,,,,,,,,,,,,,,,n:zf active safety us,Findlay/Hancock,2024-08-28,2024-11-01,235,unknown,,0,0,1,https://jfs.ohio.gov/job-services-and-unemployment/job-services/job-programs-and-services/submit-a-warn-notice/current-public-notices-of-layoffs-and-closures,692ced9d791150d85c779baf53b5dd6e53d0665078beec1042eb5e9a,eb1cfd15d5976d1ba0b04a193d1a9cd8c052431c,2026-07-26,2026-07-26
OH,Big Lots Distribution,big lots distribution,,,,,,,,,,,,,,,,,,n:big lots distribution,Columbus/Franklin,2024-09-04,2024-10-31,379,unknown,,0,0,1,https://jfs.ohio.gov/job-services-and-unemployment/job-services/job-programs-and-services/submit-a-warn-notice/current-public-notices-of-layoffs-and-closures,78cc394ea6a820f93bb332f8a70aeec35fdda15e8c8bbe9e0ab4079a,edbf34c445af0739758ba7aea76c356d22703fba,2026-07-26,2026-07-26
OH,Faurecia Exhaust Systems,faurecia exhaust systems,,,,,,,,,,,,,,,,,,n:faurecia exhaust systems,Troy/Miami,2024-09-04,2024-11-04,60,unknown,,0,0,1,https://jfs.ohio.gov/job-services-and-unemployment/job-services/job-programs-and-services/submit-a-warn-notice/current-public-notices-of-layoffs-and-closures,b0a270b0b053fb9f863c34cfd2ec6e878f29636d7c9f54fe1d7a785a,d43ed7f7c20d82c5250cc84ac2aa27d903ad2168,2026-07-26,2026-07-26
OH,Swissport USA,swissport usa,,,,,,,,,,,,,,,,,,n:swissport usa,Cleveland/Cuyahoga,2024-09-04,2024-11-04,213,unknown,,0,0,1,https://jfs.ohio.gov/job-services-and-unemployment/job-services/job-programs-and-services/submit-a-warn-notice/current-public-notices-of-layoffs-and-closures,f2c589fb8b6f045e032de87a4577dc6b0191d7d26d0b3304d9996e93,896369801e617aab678b8f1670a56521af198ecf,2026-07-26,2026-07-26
OH,Lost Boys Interactive,lost boys interactive,,,,,,,,,,,,,,,,,,n:lost boys interactive,Multiple,2024-09-09,2024-09-09,7,unknown,,0,0,1,https://jfs.ohio.gov/job-services-and-unemployment/job-services/job-programs-and-services/submit-a-warn-notice/current-public-notices-of-layoffs-and-closures,dd88bf5c9ea41188bfc5ba522133aa2893c12f31745cc6d9fbcb8236,43ddb945672e1f9ad6470b44e99d86aa83d338e7,2026-07-26,2026-07-26
OH,Universal Screen Arts,universal screen arts,,,,,,,,,,,,,,,,,,n:universal screen arts,Hudson/Summit,2024-09-11,2024-09-10,215,unknown,,0,0,1,https://jfs.ohio.gov/job-services-and-unemployment/job-services/job-programs-and-services/submit-a-warn-notice/current-public-notices-of-layoffs-and-closures,ccd78f0c787578460d92caf559ae27bffa8790101f79132c5e1fc9b4,303aa0633ce04565ee430b884c7f009d932cd4ef,2026-07-26,2026-07-26
OH,IAC Wauseon,iac wauseon,,,,,,,,,,,,,,,,,,n:iac wauseon,Wauseon/Fulton,2024-09-16,2024-08-09,96,unknown,,1,0,1,https://jfs.ohio.gov/job-services-and-unemployment/job-services/job-programs-and-services/submit-a-warn-notice/current-public-notices-of-layoffs-and-closures,751b63be8e1823e43c4824559d4c121a4f077b6eb378252968f1bfa3,26ef5b285f3c6d3ae4f6c1d8e783b5f49daf28e5,2026-07-26,2026-07-26
OH,Libra Industries,libra industries,,,,,,,,,,,,,,,,,,n:libra industries,Mentor/Lake,2024-09-19,2024-12-06,45,unknown,,0,0,1,https://jfs.ohio.gov/job-services-and-unemployment/job-services/job-programs-and-services/submit-a-warn-notice/current-public-notices-of-layoffs-and-closures,69713f81c7eb5b3c40ec2cd07dc6245ab55caf8ab059daee0af99399,8dbf6467648debeb66a177436a18e8522e99438a,2026-07-26,2026-07-26
OH,"Cygnus Home Service, LLC",cygnus home service,"CYGNUS HOME SERVICE, LLC",,,,,,,,,,,984500ECB7C79908D959,,,,,automatic,lei:984500ECB7C79908D959,Multiple,2024-09-23,2024-11-22,92,unknown,,0,0,1,https://jfs.ohio.gov/job-services-and-unemployment/job-services/job-programs-and-services/submit-a-warn-notice/current-public-notices-of-layoffs-and-closures,a626cc3a176964ddb4ceafaddc97fbcc1501bd133fad5c4d65147d64,f9c9407c5f2afcbf2ed8d6c3b60d79eee6e91f05,2026-07-26,2026-07-26
OH,Xellia Pharmaceuticals USA LLC,xellia pharmaceuticals usa,,,,,,,,,,,,,,,,,,n:xellia pharmaceuticals usa,Bedford/Cuyahoga,2024-09-23,2024-08-17,214,unknown,,1,0,1,https://jfs.ohio.gov/job-services-and-unemployment/job-services/job-programs-and-services/submit-a-warn-notice/current-public-notices-of-layoffs-and-closures,0fa016b8433294ec149a430d20e8a717eabf0ee8268b5997dc2786ba,c2cf750bbad09da1557a1f1b01d370588aac3eb8,2026-07-26,2026-07-26
OH,Kaleo Inc,kaleo,KALEO,,81,ntee,,,,,,454547081,X21,,,,,,automatic,ein:454547081,Unknown City/County,2024-09-30,2024-11-30,5,unknown,,0,0,1,https://jfs.ohio.gov/job-services-and-unemployment/job-services/job-programs-and-services/submit-a-warn-notice/current-public-notices-of-layoffs-and-closures,7ab081506f81ae16b16c8777815cea7182cdb6a74e11d16a28261240,89a28fdff2056d426e666481c6e739d8a69dc812,2026-07-26,2026-07-26
OH,Midwest Transport Inc.,midwest transport,,,,,,,,,,,,,,,,,,n:midwest transport,Unknown City/County,2024-10-01,2024-09-09,5,unknown,,0,0,1,https://jfs.ohio.gov/job-services-and-unemployment/job-services/job-programs-and-services/submit-a-warn-notice/current-public-notices-of-layoffs-and-closures,c555514a5c5fd8b0309bb36f467d4372d85b79cff57d5184b38e5407,7c76ab7e28f7ec7958e9c9feb60270268a944921,2026-07-26,2026-07-26
OH,P. Graham Dunn Inc,p graham dunn,,,,,,,,,,,,,,,,,,n:p graham dunn,Dalton/Wayne,2024-10-01,2024-10-20,92,unknown,,0,0,1,https://jfs.ohio.gov/job-services-and-unemployment/job-services/job-programs-and-services/submit-a-warn-notice/current-public-notices-of-layoffs-and-closures,64ad05a5727b3d4247a39eada28cedabe5555185fd202778bb592113,c745e7ac2c3c99852982ebba6c0fd7cf05b8a2b1,2026-07-26,2026-07-26
OH,Nordson,nordson,Nordson Corporation,,31-33,sic-crosswalk,72331,NDSN,exact,3569,"General Industrial Machinery & Equipment, NEC",,,,Q1998662,cik,,,automatic,qid:Q1998662,Amherst/Lorain,2024-10-07,2024-12-06,114,unknown,,0,0,1,https://jfs.ohio.gov/job-services-and-unemployment/job-services/job-programs-and-services/submit-a-warn-notice/current-public-notices-of-layoffs-and-closures,419d1c35114b61b850041fb0816892fa3310083cde96b472dba3b0f3,edf38f2f05297d1c16da2e6994a6a43050c2fdc6,2026-07-26,2026-07-26
OH,Global Medical Response,global medical response,,,,,1340733,,exact:post-era,,,,,,,,,,automatic,cik:1340733,Dayton/Montgomery,2024-10-09,2024-10-09,74,unknown,,1,0,1,https://jfs.ohio.gov/job-services-and-unemployment/job-services/job-programs-and-services/submit-a-warn-notice/current-public-notices-of-layoffs-and-closures,c9e6e55b33aea5b950c438cf02d5123c244d88c0c27cdd7ba331c254,90b78ac8b3c5764d4adcffcb26e0e0f505ed78f5,2026-07-26,2026-07-26
OH,DHL Supply Chain,dhl supply chain,,,,,,,,,,,,,,,,,,n:dhl supply chain,Canal Winchester/Franklin,2024-10-16,2024-12-15,173,unknown,,0,0,1,https://jfs.ohio.gov/job-services-and-unemployment/job-services/job-programs-and-services/submit-a-warn-notice/current-public-notices-of-layoffs-and-closures,6a03107029a08fc191a5c4fc951eda20b7ada8eff0723430f8a52f8e,ee1b19eb4fee6f7532737044ce9f25377b8d33ce,2026-07-26,2026-07-26
OH,General Aluminum,general aluminum,,,331524,employer,,,,,,,,,,,,,,n:general aluminum,Conneaut/Ashtabula,2024-10-16,2024-11-08,69,unknown,,0,0,1,https://jfs.ohio.gov/job-services-and-unemployment/job-services/job-programs-and-services/submit-a-warn-notice/current-public-notices-of-layoffs-and-closures,768bb6f432a11d8029f3e68bbcbf33346ac067749bc6e10c9d79ffce,74fb5a6ed81741d5f12342ac0520b4776b9bd110,2026-07-26,2026-07-26
OH,True Value,true value,,,,,25095,,exact:post-era,5070,Wholesale-Hardware & Plumbing & Heating Equipment & Supplies,,,,,,,,automatic,cik:25095,Westlake/Cuyahoga,2024-10-21,2024-12-14,89,unknown,,0,0,1,https://jfs.ohio.gov/job-services-and-unemployment/job-services/job-programs-and-services/submit-a-warn-notice/current-public-notices-of-layoffs-and-closures,33746757c3299aba3c73ba442fde11a666f78250e52bb4c1c17b34ca,4b38afa8c9c3ed6dd3bbb972dc7fc4a539d961a8,2026-07-26,2026-07-26
OH,Pepsico,pepsico,PepsiCo,,,,77476,PEP,exact,2080,Beverages,,,,Q334800,cik,,,automatic,qid:Q334800,Cincinnati/Hamilton,2024-10-28,2024-12-28,136,unknown,,0,0,1,https://jfs.ohio.gov/job-services-and-unemployment/job-services/job-programs-and-services/submit-a-warn-notice/current-public-notices-of-layoffs-and-closures,60006fe94c48d30d0851947dac7c7b2d90301da203e71b9e8e9b547c,bf87be3089a06a8ea75e082e8e54d876bed5e25b,2026-07-26,2026-07-26
OH,Airgas,airgas,Airgas,,42183,sic-crosswalk,804212,,exact:post-era,5084,Wholesale-Industrial Machinery & Equipment,,,,Q80635,cik,Air Liquide,,automatic,qid:Q80635,Independence/Cuyahoga,2024-10-31,2024-12-31,70,unknown,,0,0,1,https://jfs.ohio.gov/job-services-and-unemployment/job-services/job-programs-and-services/submit-a-warn-notice/current-public-notices-of-layoffs-and-closures,7512547f3f10ad0edf79b089ea28681e75fa25e9cabb67ec9359f2db,108f5464e3ac549a7cf7c3107e018c6a2ff3b323,2026-07-26,2026-07-26
OH,PPC Flexible Packaging LLC,ppc flexible packaging,,,,,,,,,,,,,,,,,,n:ppc flexible packaging,Alliance/Stark,2024-10-31,2025-01-03,68,unknown,,0,0,1,https://jfs.ohio.gov/job-services-and-unemployment/job-services/job-programs-and-services/submit-a-warn-notice/current-public-notices-of-layoffs-and-closures,3c2bfe6516a69d0771e67a1ace6fc430e978316344d7ee909d026020,4cfbb433387caedd6a50e54e45d7ed8dfb326c96,2026-07-26,2026-07-26
OH,FCA US,fca us,,,336,sic-crosswalk,1513153,,exact,3711,Motor Vehicles & Passenger Car Bodies,,,,,,,,automatic,cik:1513153,Toledo/Lucas,2024-11-06,2025-01-05,1134,unknown,,0,0,1,https://jfs.ohio.gov/job-services-and-unemployment/job-services/job-programs-and-services/submit-a-warn-notice/current-public-notices-of-layoffs-and-closures,00129e05fb924b33e7e641b1e3fbf292b8dd855a5724d490fdba965c,8f56df9d7d8c8259d5fa355102adbe4e8d369bb4,2026-07-26,2026-07-26
OH,KUKA Toledo Production Operations LLC,kuka toledo production operations,"KUKA Toledo Production Operations, LLC",,,,,,,,,,,529900IWCQP2FDRSU626,,,,,automatic,lei:529900IWCQP2FDRSU626,Toledo/Lucas,2024-11-08,2025-01-05,160,unknown,,0,0,1,https://jfs.ohio.gov/job-services-and-unemployment/job-services/job-programs-and-services/submit-a-warn-notice/current-public-notices-of-layoffs-and-closures,879c5ca56b17bbf0a6fd5a2857e237a696f7b51169ccee65ee6840b5,ecad610ae75c77dbe3dfae5b5bf19153ff18231b,2026-07-26,2026-07-26
OH,Mobis North America,mobis north america,,,,,,,,,,,,,,,,,,n:mobis north america,Toledo/Lucas,2024-11-08,2025-01-05,210,unknown,,0,0,1,https://jfs.ohio.gov/job-services-and-unemployment/job-services/job-programs-and-services/submit-a-warn-notice/current-public-notices-of-layoffs-and-closures,fdab9dd1eb1c8e32259e3dee9244920575175b1cf97e7b3c980ef7cf,0d903e7f33e4baecbdc19890bdcd9cbf0b6b77db,2026-07-26,2026-07-26
OH,Post Consumer Brands,post consumer brands,,,,,,,,,,,,,,,"Post Holdings, Inc.",1530950,,n:post consumer brands,Lancaster/Fairfield,2024-11-08,2024-10-04,158,unknown,,0,0,1,https://jfs.ohio.gov/job-services-and-unemployment/job-services/job-programs-and-services/submit-a-warn-notice/current-public-notices-of-layoffs-and-closures,98f5fb7b52f2b20f38609f5c73414becd3f5256ceb59878041f88044,9a9dc2c3832fcf7dfd22cf7ced360e1f8f6004a5,2026-07-26,2026-07-26
OH,American Sugar Refining,american sugar refining,,,,,,,,,,,,,,,,,,n:american sugar refining,Cleveland/Cuyahoga,2024-11-12,2025-01-11,90,unknown,,0,0,1,https://jfs.ohio.gov/job-services-and-unemployment/job-services/job-programs-and-services/submit-a-warn-notice/current-public-notices-of-layoffs-and-closures,9bde8e6952df7f622d5d2bbea2495513beb02c1d38114c0ac48920a2,a5f8935b3f41600dbc090772bf6fa03ed4fed91d,2026-07-26,2026-07-26
OH,idX Corporation,idx,,,,,,,,,,,,,,,,,,n:idx,Dayton/Montgomery,2024-11-22,2025-01-22,66,unknown,,0,0,1,https://jfs.ohio.gov/job-services-and-unemployment/job-services/job-programs-and-services/submit-a-warn-notice/current-public-notices-of-layoffs-and-closures,1284168427c331bff140521eed297ee7dcfc3dff753884b56b71dafa,cbcbeaa65d93284b03154ef63f5f1b7c1ab3067c,2026-07-26,2026-07-26
OH,Honeywell Intelligrated LLC,honeywell intelligrated,,,336412,employer,,,,,,,,,,,,,,n:honeywell intelligrated,London/Madison,2024-11-26,2024-10-31,96,unknown,,0,0,1,https://jfs.ohio.gov/job-services-and-unemployment/job-services/job-programs-and-services/submit-a-warn-notice/current-public-notices-of-layoffs-and-closures,bfb529ba780fce499aa8510182edcca1409758dad58e089eec937b19,b2e17d4f77bb75bfbb52af062b40d000a9a19dd6,2026-07-26,2026-07-26
OH,Libra Industries,libra industries,,,,,,,,,,,,,,,,,,n:libra industries,Mentor/Lake,2024-12-12,2025-02-21,17,unknown,,0,0,1,https://jfs.ohio.gov/job-services-and-unemployment/job-services/job-programs-and-services/submit-a-warn-notice/current-public-notices-of-layoffs-and-closures,a97da104f77639e99b5ef082f615fc18f80e9ea8bb49cb96ad20ce5a,a136687869774a7270fae54e8ff651bc1ea10b3e,2026-07-26,2026-07-26
OH,Spartech,spartech,,,325211,employer,77597,,exact:post-era,3080,Miscellaneous Plastics Products,,,,,,,,automatic,cik:77597,Paulding/Paulding,2024-12-16,2025-02-11,102,unknown,,0,0,1,https://jfs.ohio.gov/job-services-and-unemployment/job-services/job-programs-and-services/submit-a-warn-notice/current-public-notices-of-layoffs-and-closures,497d65d95fb1e83ea765dc1416e38f3e6f745f4d6d32506a60bc2d6e,7bc5313dd172731be100467831312748ed21bbbc,2026-07-26,2026-07-26
OH,"Vimo, Inc",vimo,,,51,employer,,,,,,,,,,,,,,n:vimo,Unknown City/County,2024-12-20,2025-02-19,3,unknown,,0,0,1,https://jfs.ohio.gov/job-services-and-unemployment/job-services/job-programs-and-services/submit-a-warn-notice/current-public-notices-of-layoffs-and-closures,d7206b8c701154875706b7a7fcc84cd87e6c2b8c467db548ea8bbb35,288328618b65831bc0aaf90c6525baefd6e76122,2026-07-26,2026-07-26
OH,American Freight Group LLC,american freight group,,,,,,,,,,,,,,,,,,n:american freight group,Delaware/Delaware,2024-12-23,2025-03-01,50,unknown,,1,0,1,https://jfs.ohio.gov/job-services-and-unemployment/job-services/job-programs-and-services/submit-a-warn-notice/current-public-notices-of-layoffs-and-closures,120cef38d1950b3dce1aa0a72ef5d1f9c6f72c8fd7aacff6ecaef2c7,846ab0a3f80e504d90a74b0828b77f6afd175a34,2026-07-26,2026-07-26
OH,Vimo & DA Consulting dba GetInsured,vimo da consulting dba getinsured,,,,,,,,,,,,,,,,,,n:vimo da consulting,Unknown City/County,2024-12-30,2025-02-19,13,unknown,,0,0,1,https://jfs.ohio.gov/job-services-and-unemployment/job-services/job-programs-and-services/submit-a-warn-notice/current-public-notices-of-layoffs-and-closures,6b237b02f45c71d303c9e09171dadf7d18363a4b00650d88f158ec5c,5a3550d1e6b2e04a1795e1055fda5ebfb1dba553,2026-07-26,2026-07-26
OH,UtiliQuest,utiliquest,,,,,1344049,,exact,,,,,,,,,,automatic,cik:1344049,Worthington/Franklin,2025-01-06,2025-01-04,24,unknown,,0,0,1,https://jfs.ohio.gov/job-services-and-unemployment/job-services/job-programs-and-services/submit-a-warn-notice/current-public-notices-of-layoffs-and-closures,06f8a405848260ae355e44668c8e9327ef714e3788572f6ab15a3cec,a3545049ce98697652b26dd687b6307393d4e111,2026-07-26,2026-07-26
OH,"Nitto, Inc",nitto,,,,,,,,,,,,,,,,,,n:nitto,Piqua/Miami,2025-01-08,2025-03-01,147,unknown,,0,0,1,https://jfs.ohio.gov/job-services-and-unemployment/job-services/job-programs-and-services/submit-a-warn-notice/current-public-notices-of-layoffs-and-closures,ecedcac685a8d2c03ebd2b0e2554a14f29cdca6f151828f68750a47c,1f9237df22ef551990355b1285b53b5623f9b752,2026-07-26,2026-07-26
OH,"Zin Technologies, Inc",zin technologies,,,,,,,,,,,,,,,,,,n:zin technologies,Middleburg Heights/Cuyahoga,2025-01-09,2025-03-01,27,unknown,,0,0,1,https://jfs.ohio.gov/job-services-and-unemployment/job-services/job-programs-and-services/submit-a-warn-notice/current-public-notices-of-layoffs-and-closures,7eb80614740ae8cbafcc082b180a5e57d96cfe777bdb0dfb8ea28185,9404e56a13a28501ea1f62f0da434c9f95894f98,2026-07-26,2026-07-26
OH,Jack Cooper Transport Company,jack cooper transport,,,484230,employer,1655875,,exact:post-era,,,,,,,,,,automatic,cik:1655875,Sheffield Village/Lorain,2025-01-13,2025-02-02,61,unknown,,0,0,1,https://jfs.ohio.gov/job-services-and-unemployment/job-services/job-programs-and-services/submit-a-warn-notice/current-public-notices-of-layoffs-and-closures,415d04f35e82a2a572094a9b1d58583bc5819fb6e3c35fb310724617,eade28bda61b8caedeb2d1e1c41422a112b064e1,2026-07-26,2026-07-26
OH,Xellia Pharmaceuticals,xellia pharmaceuticals,,,,,,,,,,,,,,,,,,n:xellia pharmaceuticals,Bedford/Cuyahoga,2025-01-13,2025-03-28,3,unknown,,0,0,1,https://jfs.ohio.gov/job-services-and-unemployment/job-services/job-programs-and-services/submit-a-warn-notice/current-public-notices-of-layoffs-and-closures,67e2fb4361707801ec8531795972def06b3352cd895d6f0a0a4fbd0b,404a1d793e5199dc85c5bb4f2912f6a871b33611,2026-07-26,2026-07-26
OH,Midmark Corporation,midmark,,,334510,employer,,,,,,,,,,,,,,n:midmark,Leesburg/Highland,2025-01-15,2025-03-28,76,unknown,,0,0,1,https://jfs.ohio.gov/job-services-and-unemployment/job-services/job-programs-and-services/submit-a-warn-notice/current-public-notices-of-layoffs-and-closures,3c0bf01528c6d534068520f76bb24e54b75885ba9d936b38cfe5c221,ffef30b9f141b655facfdd552b30bf9b4cc36b00,2026-07-26,2026-07-26
OH,Charter Communications,charter communications,Spectrum,,5132,sic-crosswalk,1091667,CHTR,exact:listed,4841,Cable & Other Pay Television Services,,,,Q2961234,cik,,,automatic,qid:Q2961234,Akron/Summit,2025-01-22,2025-03-28,259,unknown,,0,0,1,https://jfs.ohio.gov/job-services-and-unemployment/job-services/job-programs-and-services/submit-a-warn-notice/current-public-notices-of-layoffs-and-closures,3397031ba0ad1aa311e06f9b6df8c365325f1a752594ba76b881a8d8,8f863ca9b3e6093482f52639212c1ee5ee19027a,2026-07-26,2026-07-26
OH,"Jo-Ann Stores Support Center, Inc",jo ann stores support center,,,,,,,,,,,,,,,,,,n:jo ann stores support center,Hudson/Summit,2025-01-24,2025-03-15,662,unknown,,1,0,1,https://jfs.ohio.gov/job-services-and-unemployment/job-services/job-programs-and-services/submit-a-warn-notice/current-public-notices-of-layoffs-and-closures,99c518ae1494197f9539e3d46bcec8388da70e58adde4079af62ae3b,69d03fc89c23162490c973fde4538fd491d2e1a2,2026-07-26,2026-07-26
OH,Tarkett USA Inc,tarkett usa,,,,,,,,,,,,,,,,,,n:tarkett usa,Middlefield/Geauga,2025-01-24,2025-02-28,92,unknown,,0,0,1,https://jfs.ohio.gov/job-services-and-unemployment/job-services/job-programs-and-services/submit-a-warn-notice/current-public-notices-of-layoffs-and-closures,6bac8dfccaf664c2e2ac2d9491d2bd9b3b2d4d525e27bb569e0febae,53b9b539921ced1fcf820b13f6c43c0b89a8a7c7,2026-07-26,2026-07-26
OH,Jo Ann Distribution Center,jo ann distribution center,,,,,,,,,,,,,,,,,,n:jo ann distribution center,Bedford/Cuyahoga,2025-01-27,2025-03-31,359,unknown,,0,0,1,https://jfs.ohio.gov/job-services-and-unemployment/job-services/job-programs-and-services/submit-a-warn-notice/current-public-notices-of-layoffs-and-closures,2b5e5a92e69322562bc15ab51b22c2ff6209f5e919ffa913b5f83372,8ea1de59de436d92d3e359de390798ee2a35578e,2026-07-26,2026-07-26
OH,Jo Ann Distribution Center,jo ann distribution center,,,,,,,,,,,,,,,,,,n:jo ann distribution center,Hudson/Summit,2025-01-27,2025-03-31,359,unknown,,0,0,1,https://jfs.ohio.gov/job-services-and-unemployment/job-services/job-programs-and-services/submit-a-warn-notice/current-public-notices-of-layoffs-and-closures,580f1210242d3c6e9bab4315d3b703cecdfdffa3e8ab294c4ac2a84d,e339d50c452305a132d109485c88ecd9ccbb0f7c,2026-07-26,2026-07-26
OH,Jo Ann Omni Fulfillment Center,jo ann omni fulfillment center,,,,,,,,,,,,,,,,,,n:jo ann omni fulfillment center,Middlefield/Geauga,2025-01-27,2025-03-31,116,unknown,,0,0,1,https://jfs.ohio.gov/job-services-and-unemployment/job-services/job-programs-and-services/submit-a-warn-notice/current-public-notices-of-layoffs-and-closures,c158f8fa5694525bcd38a0bc843c6b8481caad51ea0c024e75042a80,646a936ed6a244ce4f4a480754c6b5dc1a8a28bd,2026-07-26,2026-07-26
OH,Jo Ann Omni Fulfillment Center,jo ann omni fulfillment center,,,,,,,,,,,,,,,,,,n:jo ann omni fulfillment center,West Jefferson/Madison,2025-01-27,2025-03-31,116,unknown,,0,0,1,https://jfs.ohio.gov/job-services-and-unemployment/job-services/job-programs-and-services/submit-a-warn-notice/current-public-notices-of-layoffs-and-closures,1165e3473cec016f56a15c7d44904a2b3c826e64f027abf2523c54bd,7bbece3492893bdb95e3da1fa1d0f9cdd99c5559,2026-07-26,2026-07-26
OH,Air Wisconsin,air wisconsin,,,,,,,,,,,,,,,,,,n:air wisconsin,Dayton/Montgomery,2025-01-30,2025-03-31,201,unknown,,0,0,1,https://jfs.ohio.gov/job-services-and-unemployment/job-services/job-programs-and-services/submit-a-warn-notice/current-public-notices-of-layoffs-and-closures,212ee8f46ca0e6284aaeb9edfe38d7b96214f92db0df0a16a2aa473f,0d1890265aad3f277b30220f9b944060fbcc5aaf,2026-07-26,2026-07-26
OH,True Value LLC,true value,,,,,25095,,exact:post-era,5070,Wholesale-Hardware & Plumbing & Heating Equipment & Supplies,,,,,,,,automatic,cik:25095,Westlake/Cuyahoga,2025-02-07,2025-04-08,82,unknown,,0,0,1,https://jfs.ohio.gov/job-services-and-unemployment/job-services/job-programs-and-services/submit-a-warn-notice/current-public-notices-of-layoffs-and-closures,0ecab24826cced6055b016bae2d4ab402f135dfd6b38ececc7be5f32,2303dd4773d0da01e65a365d777a2588ead41b6e,2026-07-26,2026-07-26
OH,Ohio Recovery Center,ohio recovery center,,,,,,,,,,,,,,,,,,n:ohio recovery center,Van Wert/Van Wert,2025-02-11,2025-02-14,85,unknown,,0,0,1,https://jfs.ohio.gov/job-services-and-unemployment/job-services/job-programs-and-services/submit-a-warn-notice/current-public-notices-of-layoffs-and-closures,35e8cca4f9581ef0bdaea36ab0a74aa1d9ab5aaf1b89d5e22b535429,894f6feb63621c63bf1ff7cd50f66361d5bd9916,2026-07-26,2026-07-26
OH,American Freight,american freight,,,,,,,,,,,,,,,,,,n:american freight,Delaware/Delaware,2025-02-12,2025-05-01,19,unknown,,0,0,1,https://jfs.ohio.gov/job-services-and-unemployment/job-services/job-programs-and-services/submit-a-warn-notice/current-public-notices-of-layoffs-and-closures,ca7a9a74b17cabdc56f4f9dd4d5a20305d291675ede3985b98cff66a,d29c9afa819411a0f78ac8591e1bec2631dffc9c,2026-07-26,2026-07-26
OH,Big Lots Corporate,big lots corporate,,,,,,,,,,,,,,,,,,n:big lots corporate,Columbus/Franklin,2025-02-13,2024-12-29,533,unknown,,1,0,1,https://jfs.ohio.gov/job-services-and-unemployment/job-services/job-programs-and-services/submit-a-warn-notice/current-public-notices-of-layoffs-and-closures,56cffc6f234ec3ab8beba1374abf3d8254a8785d12fe83861c1c3de1,9d8c54854346d38adf7c41181c7025888b48e9f8,2026-07-26,2026-07-26
OH,Big Lots Inc.,big lots,Big Lots,,45299,sic-crosswalk,768835,,exact,5331,Retail-Variety Stores,,,,Q4905973,cik,,,automatic,qid:Q4905973,Columbus/Franklin,2025-02-14,2024-12-29,533,unknown,,1,0,1,https://jfs.ohio.gov/job-services-and-unemployment/job-services/job-programs-and-services/submit-a-warn-notice/current-public-notices-of-layoffs-and-closures,b551817b2800fca6ceed5ff9a8741be4d9fcc11e8e4083d86f5c27bb,edb2d11d70f130aabc50da8f23525fc406644209,2026-07-26,2026-07-26
OH,Harvest Sherwood Food Distributors,harvest sherwood food distributors,,,,,,,,,,,,,,,,,,n:harvest sherwood food distributors,Maple Heights/Cuyahoga,2025-02-19,2025-04-21,273,unknown,,1,0,1,https://jfs.ohio.gov/job-services-and-unemployment/job-services/job-programs-and-services/submit-a-warn-notice/current-public-notices-of-layoffs-and-closures,a88feba751c60c4390e003cc132bb98f3c62e732ce371c9b9f567e6c,61658fa67774afaca9292b97a9d079c7b99b4423,2026-07-26,2026-07-26
OH,Kuehne + Nagel Inc.,kuehne nagel,KUEHNE + NAGEL INC.,,,,,,,,,,,549300RF6XNTFMZUVL29,,,,,automatic,lei:549300RF6XNTFMZUVL29,Urbana/Champaign,2025-02-21,2025-04-30,57,unknown,,1,0,1,https://jfs.ohio.gov/job-services-and-unemployment/job-services/job-programs-and-services/submit-a-warn-notice/current-public-notices-of-layoffs-and-closures,18f367c120a405f04cf0277a4e0838440c9553c795072fdfc30559f7,a2191d7bd2ca144f2db479a7a50bef03b67f52a1,2026-07-26,2026-07-26
OH,"Worthington Samuel Coil Processing, LLC",worthington samuel coil processing,,,,,,,,,,,,,,,"Worthington Steel, Inc.",1968487,,n:worthington samuel coil processing,Cleveland/Cuyahoga,2025-02-27,2025-03-02,55,unknown,,0,0,1,https://jfs.ohio.gov/job-services-and-unemployment/job-services/job-programs-and-services/submit-a-warn-notice/current-public-notices-of-layoffs-and-closures,b501336f3dd56c073eb99bf6f76f89f63d70a7501542c1b03de5d00a,01e8cbb72bd17fd384ada7be5cc129b80c37fed8,2026-07-26,2026-07-26
OH,Compass Group USA,compass group usa,,,,,1317627,,fuzzy:0.95,,,,,,,,,,automatic,cik:1317627,Youngstown/Mahoning,2025-02-28,2025-05-05,53,unknown,,1,0,1,https://jfs.ohio.gov/job-services-and-unemployment/job-services/job-programs-and-services/submit-a-warn-notice/current-public-notices-of-layoffs-and-closures,b590cc70894b1d00c3d0b3d0e1e1a9a753a58b4159ff739c45cfb1d0,422c846b9d0618dfe1eb24e1cdfaa866d83b836e,2026-07-26,2026-07-26
OH,"BH Security, LLC",bh security,,,,,,,,,,,,,,,,,,n:bh security,Unknown City/Unknown Counties,2025-03-17,2025-06-30,4,unknown,,0,0,1,https://jfs.ohio.gov/job-services-and-unemployment/job-services/job-programs-and-services/submit-a-warn-notice/current-public-notices-of-layoffs-and-closures,fbf3cce2284f49f0bd6bd0d8de7c7617514cf6edc9feee4e7489a6db,1b82b49738d5e78b06dc4a0e029fa446fa95187a,2026-07-26,2026-07-26
OH,Insight Foundation of Hillside,insight foundation of hillside,,,,,,,,,,,,,,,,,,n:insight foundation of hillside,Warren/Trumbull,2025-03-28,2025-03-28,143,unknown,,0,0,1,https://jfs.ohio.gov/job-services-and-unemployment/job-services/job-programs-and-services/submit-a-warn-notice/current-public-notices-of-layoffs-and-closures,57531e559796b815bc4b3927b76fc5194c3353d564ba54fcf6d78e0d,472c9263684af7325f36bfc72c628b6ccc8658a4,2026-07-26,2026-07-26
OH,"Graphic Packaging International, LLC",graphic packaging international,"GRAPHIC PACKAGING INTERNATIONAL, LLC",,32213,parent-sic,,,,,,,,SO75N4VY5NXGQSK8YQ65,,,GRAPHIC PACKAGING CORP,886239,automatic,lei:SO75N4VY5NXGQSK8YQ65,Middletown/Butler,2025-04-01,2025-05-31,136,unknown,,0,0,1,https://jfs.ohio.gov/job-services-and-unemployment/job-services/job-programs-and-services/submit-a-warn-notice/current-public-notices-of-layoffs-and-closures,2116f488de246eabdd638e4ca5d55bfa972b846c13d3ac79a01033ab,72dcff1e26e371cbdc8bce77836677ecf09a8747,2026-07-26,2026-07-26
OH,Washington Prime Group,washington prime group,,,,,,,,,,,,,,,,,,n:washington prime group,Westerville/Franklin,2025-04-02,2025-06-02,139,unknown,,0,0,1,https://jfs.ohio.gov/job-services-and-unemployment/job-services/job-programs-and-services/submit-a-warn-notice/current-public-notices-of-layoffs-and-closures,967737601dd349bd8afb152d5ca55936cdc9752ac0aa7ddad6f61be6,97ed7430be3dece54964b44d33e03035e9d5b532,2026-07-26,2026-07-26
OH,"Metalco USA, LLC",metalco usa,,,,,,,,,,,,,,,,,,n:metalco usa,Canton/Stark,2025-04-08,2025-06-05,71,unknown,,0,0,1,https://jfs.ohio.gov/job-services-and-unemployment/job-services/job-programs-and-services/submit-a-warn-notice/current-public-notices-of-layoffs-and-closures,e3b2f234ee8d5a7c6b23fa124ec577f366bd85efae0e94433c9d3f8f,73f1cb0e20024cdad572fd6bc00fe7ed1747e392,2026-07-26,2026-07-26
OH,"Amplify Bio, LLC",amplify bio,,,,,,,,,,,,,,,,,,n:amplify bio,West Jefferson/Madison,2025-04-15,2025-04-04,212,unknown,,0,0,1,https://jfs.ohio.gov/job-services-and-unemployment/job-services/job-programs-and-services/submit-a-warn-notice/current-public-notices-of-layoffs-and-closures,14e73be25f482640ac56176a5f5591bb612548bd497f915101317094,0d476dd8e946ad075215c32fb47e2253bd7aec20,2026-07-26,2026-07-26
OH,Dana,dana,Dana Corporation,,336,sic-crosswalk,26780,DAN,exact,3714,Motor Vehicle Parts & Accessories,,,,Q5214701,cik,,,automatic,qid:Q5214701,Lima/Allen,2025-04-30,2025-06-30,295,unknown,,0,0,1,https://jfs.ohio.gov/job-services-and-unemployment/job-services/job-programs-and-services/submit-a-warn-notice/current-public-notices-of-layoffs-and-closures,40b402c4d93e9ae644f6002accf84101d1c578d756cd9fdc45cf7951,69c5a359f831b4646ef8e76cf300662954aaa131,2026-07-26,2026-07-26
OH,"Galion Pointe Nursing & Rehab, LLC",galion pointe nursing rehab,,,,,,,,,,,,,,,,,,n:galion pointe nursing rehab,Galion/Crawford,2025-05-01,2025-07-01,60,unknown,,0,0,1,https://jfs.ohio.gov/job-services-and-unemployment/job-services/job-programs-and-services/submit-a-warn-notice/current-public-notices-of-layoffs-and-closures,5b99d8ee8ed381f533ab506df21e21a4741f4dc9f70b8f32e2cd7193,348852db1ca97a5719cd031054c5a1e609422311,2026-07-26,2026-07-26
OH,United Parcel Service (UPS),united parcel service ups,United Parcel Service,,492210,employer,1090727,UPS,fuzzy:0.97,4210,Trucking & Courier Services (No Air),,,,Q155026,cik,,,automatic,qid:Q155026,Middleburg Heights/Cuyahoga,2025-05-02,2025-07-01,98,unknown,,0,0,1,https://jfs.ohio.gov/job-services-and-unemployment/job-services/job-programs-and-services/submit-a-warn-notice/current-public-notices-of-layoffs-and-closures,d0a827f3fa592673bc35832bafd34f165745bc78b49ad72cb7980707,372db21889cd0fe401bb2d1d860e2ef3ed77889a,2026-07-26,2026-07-26
OH,Kraton,kraton,,,325211,sic-crosswalk,1321646,,exact:post-era,2821,"Plastic Materials, Synth Resins & Nonvulcan Elastomers",,,,,,,,automatic,cik:1321646,Tuscarawas/Dover,2025-05-07,2025-07-07,91,unknown,,0,0,1,https://jfs.ohio.gov/job-services-and-unemployment/job-services/job-programs-and-services/submit-a-warn-notice/current-public-notices-of-layoffs-and-closures,d00f8739e268f8a26e44bffd99f51e50fc30a245d2647b989eb3b62a,6894b47f183cd244bef6c8e1d3d5770d2dcbe8b7,2026-07-26,2026-07-26
OH,National Oilwell Varco,national oilwell varco,National Oilwell Varco,,333132,sic-crosswalk,1021860,NOV,exact:post-era,3533,Oil & Gas Field Machinery & Equipment,,,,Q1817417,cik,,,automatic,qid:Q1817417,Dayton/Montgomery,2025-05-07,2025-05-08,127,unknown,,0,0,1,https://jfs.ohio.gov/job-services-and-unemployment/job-services/job-programs-and-services/submit-a-warn-notice/current-public-notices-of-layoffs-and-closures,8ce94ec79d0d2960e134c81d003678aa2303d36b09a0040086d11934,ef34dcc0ad881b1c82092d1d72fbabdba9733bca,2026-07-26,2026-07-26
OH,East Ohio Regional Hospital,east ohio regional hospital,,,,,,,,,,,,,,,,,,n:east ohio regional hospital,Martins Ferry/Belmont,2025-05-15,2025-05-23,11,unknown,,0,0,1,https://jfs.ohio.gov/job-services-and-unemployment/job-services/job-programs-and-services/submit-a-warn-notice/current-public-notices-of-layoffs-and-closures,c9d82ee3d497bc4037e4f2fbea5bae7bd4bbe27da26650b8730c93f3,451f4d7b4f4b53e57a559c00222c33645467e328,2026-07-26,2026-07-26
OH,"Navitor, Inc",navitor,,,,,,,,,,,,,,,,,,n:navitor,Coldwater/Mercer,2025-05-15,2025-07-18,83,unknown,,1,0,1,https://jfs.ohio.gov/job-services-and-unemployment/job-services/job-programs-and-services/submit-a-warn-notice/current-public-notices-of-layoffs-and-closures,0f7f70f689dda398a123e30126117bbbc6e92334866795f61f0a0c47,112452e97034904257b86305b2544ff5f25134e8,2026-07-26,2026-07-26
OH,Oerlikon Balzers Coating USA Inc.,oerlikon balzers coating usa,,,,,,,,,,,,,,,,,,n:oerlikon balzers coating usa,Brunswick/Medina,2025-05-15,2025-08-01,11,unknown,,0,0,1,https://jfs.ohio.gov/job-services-and-unemployment/job-services/job-programs-and-services/submit-a-warn-notice/current-public-notices-of-layoffs-and-closures,1129edad1879e71c649224c8b457a47f6fadffb71a7947c9b33140ec,cdc5362425a2e84ebf5f9b99f02bb86bb51d127b,2026-07-26,2026-07-26
OH,Crothall Healthcare,crothall healthcare,,,,,,,,,,,,,,,,,,n:crothall healthcare,West Chester/Butler,2025-05-22,2025-07-25,61,unknown,,0,0,1,https://jfs.ohio.gov/job-services-and-unemployment/job-services/job-programs-and-services/submit-a-warn-notice/current-public-notices-of-layoffs-and-closures,518678db5dce94475ef30083d8d21cf192135db52aad8ec461010e78,ba7d469eba9e4ec05b90462fb33fef27b2b8d8d5,2026-07-26,2026-07-26
OH,Crothall Healthcare,crothall healthcare,,,,,,,,,,,,,,,,,,n:crothall healthcare,Cincinnati/Hamilton,2025-05-22,2025-07-25,239,unknown,,0,0,1,https://jfs.ohio.gov/job-services-and-unemployment/job-services/job-programs-and-services/submit-a-warn-notice/current-public-notices-of-layoffs-and-closures,257c50138cd856efd64e19ea91b26cdb8104ed4c163097b655badd30,e84e0b990cf5bd2ab4f640e249ddcaf76b7efcf0,2026-07-26,2026-07-26
OH,Morrison Healthcare,morrison healthcare,,,,,,,,,,,,,,,,,,n:morrison healthcare,West Chester/Butler,2025-05-22,2025-07-25,55,unknown,,0,0,1,https://jfs.ohio.gov/job-services-and-unemployment/job-services/job-programs-and-services/submit-a-warn-notice/current-public-notices-of-layoffs-and-closures,5d8a80951d155dec0345cb9802ca13b207e28c46f331cd016c3fc675,1954c9e8af11c69a0f7b3704ea282921e47be1ed,2026-07-26,2026-07-26
OH,Morrison Healthcare,morrison healthcare,,,,,,,,,,,,,,,,,,n:morrison healthcare,Cincinnati/Hamilton,2025-05-22,2025-07-25,201,unknown,,0,0,1,https://jfs.ohio.gov/job-services-and-unemployment/job-services/job-programs-and-services/submit-a-warn-notice/current-public-notices-of-layoffs-and-closures,d1f53cf34802a72c8f0b48a5d8bece31000649a69e8c9770a3ba8ff3,afa197531e2c5aae4a8961576d1fc7967d6cb68c,2026-07-26,2026-07-26
OH,"Chugach Training & Educational Solutions, LLC",chugach training educational solutions,,,,,,,,,,,,,,,,,,n:chugach training educational solutions,Cleveland/Cuyahoga,2025-06-02,2025-06-30,95,unknown,,0,0,1,https://jfs.ohio.gov/job-services-and-unemployment/job-services/job-programs-and-services/submit-a-warn-notice/current-public-notices-of-layoffs-and-closures,fa3cad266a944e62076e6111e2737250556bb855670cd709c207d450,51edd3ffb0719d2cae545496d287e703dcad114f,2026-07-26,2026-07-26
OH,"Morgan Truck Body, LLC",morgan truck body,,,,,,,,,,,,,,,,,,n:morgan truck body,Orrville/Wayne,2025-06-02,2025-08-01,110,unknown,,0,0,1,https://jfs.ohio.gov/job-services-and-unemployment/job-services/job-programs-and-services/submit-a-warn-notice/current-public-notices-of-layoffs-and-closures,bc8c7be0f57b22a9dd06afb39744cda542325877a148ab008ec1d8a1,3ba4469059d3fba9b971a700dc17373887d53ca9,2026-07-26,2026-07-26
OH,Insight Behavioral Consulting,insight behavioral consulting,,,,,,,,,,,,,,,,,,n:insight behavioral consulting,Westlake & Berea/Cuyahoga,2025-06-04,2025-06-04,92,unknown,,0,0,1,https://jfs.ohio.gov/job-services-and-unemployment/job-services/job-programs-and-services/submit-a-warn-notice/current-public-notices-of-layoffs-and-closures,fdb6294b1ebe23480bb1410dfe7fcda79a141429cc9adae1f163c831,df3d485d29c2b8882c15af36169134687271ca62,2026-07-26,2026-07-26
OH,"Insights Training Group, LLC",insights training group,,,,,,,,,,,,,,,,,,n:insights training group,Cincinnati/Hamilton,2025-06-05,2025-06-11,103,unknown,,0,0,1,https://jfs.ohio.gov/job-services-and-unemployment/job-services/job-programs-and-services/submit-a-warn-notice/current-public-notices-of-layoffs-and-closures,bc0fc001a2c0ff2179c9c5908a9f7615ff37e1a0fe7a74984fc49731,fd1dfb0642624da97006fd0621fff0388ce4b60c,2026-07-26,2026-07-26
OH,Kohl's,kohl s,Kohl's Corporation,,45211,parent-sic,,,,,,,,549300JF6LPRTRJ0FH50,,,KOHLS Corp,885639,automatic,lei:549300JF6LPRTRJ0FH50,Middletown/Butler,2025-06-05,2025-09-12,768,unknown,,0,0,1,https://jfs.ohio.gov/job-services-and-unemployment/job-services/job-programs-and-services/submit-a-warn-notice/current-public-notices-of-layoffs-and-closures,b666c0db72c2a09c438e561df4ef9fdcfe204200b34d0a6e5fc34eeb,2e641684a77aea558a0f568bc76e2e4882930349,2026-07-26,2026-07-26
OH,"INOAC Exterior Systems, LLC",inoac exterior systems,,,,,,,,,,,,,,,,,,n:inoac exterior systems,Fremont/Sandusky,2025-06-09,2025-08-08,1,unknown,,1,0,1,https://jfs.ohio.gov/job-services-and-unemployment/job-services/job-programs-and-services/submit-a-warn-notice/current-public-notices-of-layoffs-and-closures,9716730d520512a59ff9539c7131c460fbbc9f47ac609556663bdcc1,faacb6636a3ec594e43682750998fd7a77222854,2026-07-26,2026-07-26
OH,Pixelle Specialty Solutions,pixelle specialty solutions,PIXELLE SPECIALTY SOLUTIONS LLC,,,,,,,,,,,5493002S74PA4Q8Y8Z86,,,,,automatic,lei:5493002S74PA4Q8Y8Z86,Chillicothe/Ross,2025-06-10,2025-08-10,780,unknown,,1,0,1,https://jfs.ohio.gov/job-services-and-unemployment/job-services/job-programs-and-services/submit-a-warn-notice/current-public-notices-of-layoffs-and-closures,84726ade306e06021eaf51a0d5f978c3c99a5e394adf1499aa74c18f,79bec82893adbb29f6035f7aa0aea47ce566269d,2026-07-26,2026-07-26
OH,Stingray Pressure Pumping,stingray pressure pumping,,,,,,,,,,,,,,,"MAMMOTH ENERGY SERVICES, INC.",1679268,,n:stingray pressure pumping,Belmont/Belmont,2025-06-13,2025-08-15,75,unknown,,0,0,1,https://jfs.ohio.gov/job-services-and-unemployment/job-services/job-programs-and-services/submit-a-warn-notice/current-public-notices-of-layoffs-and-closures,e7976b40679ff69dcdc4263a9ff58c10d374b0cf2c3f7da0cb3be343,ab348c089b91f7b4fc3adfa0683947a8812024e2,2026-07-26,2026-07-26
OH,International Paper,international paper,International Paper,,32212,sic-crosswalk,51434,IP,exact,2621,Paper Mills,,,,Q202972,cik,International Power and Paper Company,,automatic,qid:Q202972,Marion/Marion,2025-06-26,2025-09-01,107,unknown,,0,0,1,https://jfs.ohio.gov/job-services-and-unemployment/job-services/job-programs-and-services/submit-a-warn-notice/current-public-notices-of-layoffs-and-closures,e6180bb18009a9a12a8eb9db84ec413a885a47fe5636f9d6fc36bc69,7ea491a2b190ce53cac90ffc40d8bf4db989d846,2026-07-26,2026-07-26
OH,"Ohio Eagle Distributing, LLC",ohio eagle distributing,,,,,,,,,,,,,,,,,,n:ohio eagle distributing,West Chester/Butler,2025-07-07,2025-09-08,178,unknown,,0,0,1,https://jfs.ohio.gov/job-services-and-unemployment/job-services/job-programs-and-services/submit-a-warn-notice/current-public-notices-of-layoffs-and-closures,0c4de3e6f94bca8a25c153aa1fce23de6e5e30a160d2dd32e014c76d,a54e417ed397ece327cca6f73578601599c25f70,2026-07-26,2026-07-26
OH,"Quality Built, LLC",quality built,,,,,,,,,,,,,,,,,,n:quality built,Cincinnati/Hamilton,2025-07-07,2025-07-03,1,unknown,,0,0,1,https://jfs.ohio.gov/job-services-and-unemployment/job-services/job-programs-and-services/submit-a-warn-notice/current-public-notices-of-layoffs-and-closures,ea47dc8c23769664c3154509f47846bbc9a12e27f1ca472bfc268ae0,178a60a8514ea8787635279c908fb7c51efffd96,2026-07-26,2026-07-26
OH,"Fellers, LLC",fellers,,,81,employer,,,,,,,,,,,,,,n:fellers,Columbus/Franklin,2025-07-09,2025-09-12,2,unknown,,0,0,1,https://jfs.ohio.gov/job-services-and-unemployment/job-services/job-programs-and-services/submit-a-warn-notice/current-public-notices-of-layoffs-and-closures,a15db8b02bf8bb7040dac348cb1412ccef571916d0d18c1537f9aa5d,104076ccf208cb604f59cf2dde98cadd8e8853a0,2026-07-26,2026-07-26
OH,CAM Industrial Solutions US M&T Inc.,cam industrial solutions us m t,,,,,,,,,,,,,,,,,,n:cam industrial solutions us m t,Lima/Allen,2025-07-11,2025-08-01,95,unknown,,0,0,1,https://jfs.ohio.gov/job-services-and-unemployment/job-services/job-programs-and-services/submit-a-warn-notice/current-public-notices-of-layoffs-and-closures,d5809aba47004205da645c42399ea9fa256cc5577325a970cc4adf60,84224c9bc7a4a4bd104e322913474c281d586916,2026-07-26,2026-07-26
OH,"Sarepta Therapeutics, Inc.",sarepta therapeutics,Sarepta Therapeutics,,325412,sic-crosswalk,873303,SRPT,exact,2834,Pharmaceutical Preparations,,,,Q15109846,cik,,,automatic,qid:Q15109846,Columbus/Franklin,2025-07-16,2025-07-18,80,unknown,,0,0,1,https://jfs.ohio.gov/job-services-and-unemployment/job-services/job-programs-and-services/submit-a-warn-notice/current-public-notices-of-layoffs-and-closures,cb281439b46df21c3e26d775207391315b93b93bd4fc0d007b6f3537,392043c5a30cbe59fcb32ac7d83fdbcbeea5b9e3,2026-07-26,2026-07-26
OH,"INEOS ABS USA, LLC",ineos abs usa,,,,,,,,,,,,,,,,,,n:ineos abs usa,Addyston/Hamilton,2025-07-23,2025-08-01,82,unknown,,1,0,1,https://jfs.ohio.gov/job-services-and-unemployment/job-services/job-programs-and-services/submit-a-warn-notice/current-public-notices-of-layoffs-and-closures,ac9a78a4551df4632905582bd166d8bd8d673337fcbb311451e0c677,a3dcc16e7402807a3f93764e7b25f8ed93475ba7,2026-07-26,2026-07-26
OH,Trilogy Plastics,trilogy plastics,,,31-33,parent-sic,,,,,,,,,,,MYERS INDUSTRIES INC,69488,,n:trilogy plastics,Alliance/Stark,2025-07-31,2025-09-30,153,unknown,,0,0,1,https://jfs.ohio.gov/job-services-and-unemployment/job-services/job-programs-and-services/submit-a-warn-notice/current-public-notices-of-layoffs-and-closures,fc33ac9f61fd76964829e18fd11c0802d96d2cc4421847a150c2083a,81655bb2ca35036a04ce0d68852433556c0129a9,2026-07-26,2026-07-26
OH,First Student,first student,First Student,,,,,,,,,,,,Q5453853,label,,,automatic,qid:Q5453853,Cincinnati/Hamilton,2025-08-18,2025-08-20,39,unknown,,1,0,1,https://jfs.ohio.gov/job-services-and-unemployment/job-services/job-programs-and-services/submit-a-warn-notice/current-public-notices-of-layoffs-and-closures,9731c0058d56eae2b7aea34668aa5ab7b3dce41e2e995eb347e7cd98,697aab31e7313807028e7ee2c8086d9b1b22880a,2026-07-26,2026-07-26
OH,"Fellers, LLC",fellers,,,81,employer,,,,,,,,,,,,,,n:fellers,Sharonville/Hamilton,2025-08-27,2025-10-24,1,unknown,,0,0,1,https://jfs.ohio.gov/job-services-and-unemployment/job-services/job-programs-and-services/submit-a-warn-notice/current-public-notices-of-layoffs-and-closures,e818927bcaa9ef4d8e310a4f3e1a168f673c2929766d6ce22ed60d67,bec65ad405abc5c7bb9fde6fc3ccf3bdf3859b79,2026-07-26,2026-07-26
OH,"JBT, Marel",jbt marel,,,,,1433660,JBTM,exact,3550,Special Industry Machinery (No Metalworking Machinery),,,,,,,,automatic,cik:1433660,Columbus/Franklin,2025-08-27,2026-02-27,50,unknown,,0,0,1,https://jfs.ohio.gov/job-services-and-unemployment/job-services/job-programs-and-services/submit-a-warn-notice/current-public-notices-of-layoffs-and-closures,dc99e5bc5fac749031f8d9626bbb257f3ef05fee6fedd0b4b869654c,930ebcc38df60c78ebed609ec2cc0dd4f962a3b6,2026-07-26,2026-07-26
OH,"FedEx Supply Chain, Inc",fedex supply chain,,,49211,parent-sic,,,,,,,,,,,FEDEX CORP,1048911,,n:fedex supply chain,Lima/Allen,2025-08-28,2025-10-31,56,unknown,,0,0,1,https://jfs.ohio.gov/job-services-and-unemployment/job-services/job-programs-and-services/submit-a-warn-notice/current-public-notices-of-layoffs-and-closures,0336b67b13ec5f4012ba054be7c596c651376d157a61a63c7c89c3af,8fdc2d9c03a91bd79a799c106638239b317e242c,2026-07-26,2026-07-26
OH,PSA Airlines,psa airlines,PSA Airlines,,,,,,,,,,,,Q1536988,label,American Airlines Group,,automatic,qid:Q1536988,Vandalia/Montgomery,2025-08-29,2025-10-29,157,unknown,,1,0,1,https://jfs.ohio.gov/job-services-and-unemployment/job-services/job-programs-and-services/submit-a-warn-notice/current-public-notices-of-layoffs-and-closures,f6f356f5b7a7291d88ab22f83bdf9f40a590264dd0981b313d44674e,97f107ef8d81517e5c5ae371e8ed903e9392c849,2026-07-26,2026-07-26
OH,Essendant,essendant,Essendant,,,,355999,,exact:post-era,5110,Wholesale-Paper & Paper Products,,,,Q7893563,cik,,,automatic,qid:Q7893563,Twinsburg/Summit,2025-09-04,2025-11-07,99,unknown,,0,0,1,https://jfs.ohio.gov/job-services-and-unemployment/job-services/job-programs-and-services/submit-a-warn-notice/current-public-notices-of-layoffs-and-closures,212867e954e81e9bd65a3cc643ea40a185399ed4d057cd433190b9b2,6aa2de44d3c2cebb15f4b231ce9fcc7d40ec730f,2026-07-26,2026-07-26
OH,Daniel Drake Center for Post-Acute Care,daniel drake center for post acute care,Daniel Drake Center,,,,,,,,,,,,Q30288852,label,,,automatic,qid:Q30288852,Cincinnati/Hamilton,2025-09-19,2025-10-03,474,unknown,,1,0,1,https://jfs.ohio.gov/job-services-and-unemployment/job-services/job-programs-and-services/submit-a-warn-notice/current-public-notices-of-layoffs-and-closures,549083182c8be1090214d9ec48abfe0a9eebd2cb223c0b4060c4eec4,2d6744c9d84f7487d8c6b99d6a2448b2675f09d3,2026-07-26,2026-07-26
OH,TOPS Products,tops products,,,,,,,,,,,,,,,,,,n:tops products,Logan/Hocking,2025-09-24,2025-12-01,207,unknown,,0,0,1,https://jfs.ohio.gov/job-services-and-unemployment/job-services/job-programs-and-services/submit-a-warn-notice/current-public-notices-of-layoffs-and-closures,f14d11b8bf5259654a3185cdc9cc5c83e2bcaba48f4e00eabae79385,93ef9675c03e409e8f19dac53436069a4b1ef7e6,2026-07-26,2026-07-26
OH,MAHLE Thermal and Fluid Systems,mahle thermal and fluid systems,,,,,,,,,,,,,,,,,,n:mahle thermal and fluid systems,Mt. Sterling/Madison,2025-09-30,2025-12-01,141,unknown,,0,0,1,https://jfs.ohio.gov/job-services-and-unemployment/job-services/job-programs-and-services/submit-a-warn-notice/current-public-notices-of-layoffs-and-closures,fe0a9c4c73431dc26cd972885afcb193347fa11e554ae874904b42a7,4de654adfb5c811b4a6ac4a8c7177af5a70b0425,2026-07-26,2026-07-26
OH,Sirna & Sons Produce,sirna sons produce,,,,,,,,,,,,,,,,,,n:sirna sons produce,Norwalk/Huron,2025-10-02,2025-12-02,45,unknown,,0,0,1,https://jfs.ohio.gov/job-services-and-unemployment/job-services/job-programs-and-services/submit-a-warn-notice/current-public-notices-of-layoffs-and-closures,d8a4f83801d2ee82f207802be03bba3eaf3fa15cb4ae84ea0ac8207c,7f9462092a00bbe45751bce35cb913257f2a05fb,2026-07-26,2026-07-26
OH,"Augusta Sportswear, Inc.",augusta sportswear,"Augusta Sportswear, Inc.",,3152,employer,,,,,,,,549300XB5WOBONJ3ZH67,,,,,automatic,lei:549300XB5WOBONJ3ZH67,Sidney/Shelby,2025-10-08,2026-01-30,58,unknown,,0,0,1,https://jfs.ohio.gov/job-services-and-unemployment/job-services/job-programs-and-services/submit-a-warn-notice/current-public-notices-of-layoffs-and-closures,5c05998e23deb72bb5784d2db622c3324e68a09d135fa3173232685e,c1db35992dc74a65f9bad7412f3ed306682b87b4,2026-07-26,2026-07-26
OH,Permanent Family Solutions Network,permanent family solutions network,,,,,,,,,,,,,,,,,,n:permanent family solutions network,Whitehall/Franklin,2025-10-08,2025-12-01,66,unknown,,0,0,1,https://jfs.ohio.gov/job-services-and-unemployment/job-services/job-programs-and-services/submit-a-warn-notice/current-public-notices-of-layoffs-and-closures,c536b8bf0050b8b56f9cf4e981632591fd447d8ec3e25a9143d6491f,9a11b37f4dcf653986ac413b833823143a13858d,2026-07-26,2026-07-26
OH,The Buckeye Ranch DBA Permanent Family Solutions Network,buckeye ranch dba permanent family solutions network,,,,,,,,,,,,,,,,,,n:buckeye ranch,Whitehall/Franklin,2025-10-08,2025-12-01,66,unknown,,0,0,1,https://jfs.ohio.gov/job-services-and-unemployment/job-services/job-programs-and-services/submit-a-warn-notice/current-public-notices-of-layoffs-and-closures,dfe6f750a1a80bb58fa1e17e67a07af88c6372e862e80f96bf6f9d74,09d721555a527e50b3d14900b8ec37f48ea0c403,2026-07-26,2026-07-26
OH,CVS Health-Aetna Medicare Medicaid Program,cvs health aetna medicare medicaid program,,,,,,,,,,,,,,,,,,n:cvs health aetna medicare medicaid program,Unknown City/Unknown Counties,2025-10-17,2025-12-31,70,unknown,,1,0,1,https://jfs.ohio.gov/job-services-and-unemployment/job-services/job-programs-and-services/submit-a-warn-notice/current-public-notices-of-layoffs-and-closures,920f3c8b35f54aec6a74120491b36ed3057d67e786bb2cf670262806,10128a3f99e7bd71433e798b36d6afbfba9c0c58,2026-07-26,2026-07-26
OH,Premier Healthcare Solutions DBA Contigo Health,premier healthcare solutions dba contigo health,,,,,,,,,,,,,,,,,,n:premier healthcare solutions,Summit/Hudson,2025-10-27,2025-12-31,175,unknown,,0,0,1,https://jfs.ohio.gov/job-services-and-unemployment/job-services/job-programs-and-services/submit-a-warn-notice/current-public-notices-of-layoffs-and-closures,ca903b31049c44020a0e87f63aadd4870db0ac94376b9641ea97fccb,1eb5d8c432fa1e695a8cf5d49a5dcaa6de556242,2026-07-26,2026-07-26
OH,Ultium Cells-General Motors,ultium cells general motors,,,,,,,,,,,,,,,,,,n:ultium cells general motors,Warren/Trumbull,2025-10-29,2026-01-05,1334,unknown,,1,0,1,https://jfs.ohio.gov/job-services-and-unemployment/job-services/job-programs-and-services/submit-a-warn-notice/current-public-notices-of-layoffs-and-closures,04d504446261e55379914a416253677ff6b77e4d6cd5d3f044cdbabf,cf1183258e03da53d7ea9bbe871fe2fc7dc63d29,2026-07-26,2026-07-26
OH,Giesecke + Devrient ePayments America Inc,giesecke devrient epayments america,,,,,,,,,,,,,,,,,,n:giesecke devrient epayments america,Twinsburg/Summit,2025-11-03,2026-01-30,240,unknown,,0,0,1,https://jfs.ohio.gov/job-services-and-unemployment/job-services/job-programs-and-services/submit-a-warn-notice/current-public-notices-of-layoffs-and-closures,c0b4162c392023c0e6ded47ce398a6d01fb4b5425165844d7184b795,79517c9caaf62167058fd6ac420d83fe0f508155,2026-07-26,2026-07-26
OH,Nordstrom Credit Operations,nordstrom credit operations,,,,,,,,,,,,,,,,,,n:nordstrom credit operations,Pickerington/Fairfield,2025-11-19,2026-02-01,1,unknown,,0,0,1,https://jfs.ohio.gov/job-services-and-unemployment/job-services/job-programs-and-services/submit-a-warn-notice/current-public-notices-of-layoffs-and-closures,5bafcbb3247dee46c6f320d9b025549749eeefc0827bf6d89b722b31,77d3726894b54e19ed2cf1effd586dd14559fa5f,2026-07-26,2026-07-26
OH,Phoenix Technologies,phoenix technologies,,,,,832767,,exact:post-era,7372,Services-Prepackaged Software,,,,,,,,automatic,cik:832767,Bowling Green/Wood,2025-11-19,2025-11-20,7,unknown,,0,0,1,https://jfs.ohio.gov/job-services-and-unemployment/job-services/job-programs-and-services/submit-a-warn-notice/current-public-notices-of-layoffs-and-closures,3eb6ad2f7adb19fe43a9772869749272e6d363bf6612ad637febe8af,f336d701cab884bc7a8963b4db8ead47fdc0789c,2026-07-26,2026-07-26
OH,"American Signature, Inc dba Vaule City Furniture",american signature inc dba vaule city furniture,,,423220,employer,,,,,,,,,,,,,,n:american signature,Columbus/Franklin,2025-11-21,2026-01-20,256,unknown,,0,0,1,https://jfs.ohio.gov/job-services-and-unemployment/job-services/job-programs-and-services/submit-a-warn-notice/current-public-notices-of-layoffs-and-closures,842be457239581bfdac81d6a7401a49187c1890265c699823b4a5221,2b0a1bb3b25f0325c08697f3164cca8e334bf038,2026-07-26,2026-07-26
OH,PK Management,pk management,,,,,,,,,,,,,,,,,,n:pk management,Richmond Heights/Cuyahoga,2025-12-04,2026-02-01,67,unknown,,0,0,1,https://jfs.ohio.gov/job-services-and-unemployment/job-services/job-programs-and-services/submit-a-warn-notice/current-public-notices-of-layoffs-and-closures,dfc1d5f9e6d6fb79409eface7dd6422ec6ff21e4b64e6d2366549185,1e8f0b06fb39230b0c97d96a2d606bd8eacfd5b8,2026-07-26,2026-07-26
OH,Michigan Sugar Company,michigan sugar,,,,,,,,,,,,,,,,,,n:michigan sugar,Findlay/Hancock,2025-12-11,2026-01-31,4,unknown,,0,0,1,https://jfs.ohio.gov/job-services-and-unemployment/job-services/job-programs-and-services/submit-a-warn-notice/current-public-notices-of-layoffs-and-closures,1e8ba938fe93070b40b5a2999d2c4e4ace7896b0289d8174e4e5bc7a,dee7734be1a63452159333e2b8d1f14ef5a3cbbf,2026-07-26,2026-07-26
OH,Cooper Standard,cooper standard,,,336,sic-crosswalk,1320461,CPS,listed-extension,3714,Motor Vehicle Parts & Accessories,,,,,,,,automatic,cik:1320461,New Lexington/Perry,2025-12-15,2026-02-06,228,unknown,,0,0,1,https://jfs.ohio.gov/job-services-and-unemployment/job-services/job-programs-and-services/submit-a-warn-notice/current-public-notices-of-layoffs-and-closures,75b3d0cb0e7a1afe0d109749ffc739d22dfb3412037b52ff6ccee9c7,c75a49830a51bbecc4506abb9931abd71beba61d,2026-07-26,2026-07-26
OH,"Eagle Machining - First Brands Group, LLC",eagle machining first brands group,,,,,,,,,,,,,,,,,,n:eagle machining,Fayette/Fulton,2025-12-29,2026-02-27,251,unknown,,0,0,1,https://jfs.ohio.gov/job-services-and-unemployment/job-services/job-programs-and-services/submit-a-warn-notice/current-public-notices-of-layoffs-and-closures,f2f93ed5ce134ecac2bc93ea45d28f396ee1d86270810501402f3473,df31c4dafa6fca475c4abe00fcc2a817210a4d6e,2026-07-26,2026-07-26
OH,Double Tree Cleveland,double tree cleveland,,,,,,,,,,,,,,,,,,n:double tree cleveland,Cleveland/Cuyahoga,2026-01-06,2026-01-28,66,closure,,0,0,1,https://jfs.ohio.gov/job-services-and-unemployment/job-services/job-programs-and-services/submit-a-warn-notice/current-public-notices-of-layoffs-and-closures,9c3d5fa3f6f28214633fef80812f37d79ca7038fe2fe74bdecb73eb7,a4547bb490046a9ebb97152cb816d5e2c8eb5038,2026-07-16,2026-07-27
OH,Double Tree Cleveland Crescent Hotels & Resorts,double tree cleveland crescent hotels resorts,,,,,,,,,,,,,,,,,,n:double tree cleveland crescent hotels resorts,Cleveland/Cuyahoga,2026-01-06,2026-01-28,66,unknown,,0,0,1,https://jfs.ohio.gov/job-services-and-unemployment/job-services/job-programs-and-services/submit-a-warn-notice/current-public-notices-of-layoffs-and-closures,7749683dc6e2d370a5a49a88ccceb356596b8369420ac9fb1283e9f1,4fb0abb2457a272ee5bbf3c1703a681b3b807b2b,2026-07-26,2026-07-26
OH,Taikisha USA,taikisha usa,,,,,,,,,,,,,,,,,,n:taikisha usa,Columbus/Franklin,2026-01-07,2026-03-07,81,closure,,0,0,1,https://jfs.ohio.gov/job-services-and-unemployment/job-services/job-programs-and-services/submit-a-warn-notice/current-public-notices-of-layoffs-and-closures,bc5b3d9e753af2ea95f151f3c2e4aa459151b4a38947d3bb42368bc5,c6c71e5cb2c4134cb9c70f5186b322bc5a60e7ee,2026-07-16,2026-07-27
OH,FTI Buyer LLC BIDFTA online actions,fti buyer llc bidfta online actions,,,,,,,,,,,,,,,,,,n:fti buyer llc bidfta online actions,Cincinnatti/Hamilton,2026-01-08,2026-03-06,104,closure,,0,0,1,https://jfs.ohio.gov/job-services-and-unemployment/job-services/job-programs-and-services/submit-a-warn-notice/current-public-notices-of-layoffs-and-closures,eaba73f84bb8f206cb814130906481827df99f6b6a98f38703940357,a7a1d95301fbba2bb3f288870c7798aaf0b0900e,2026-07-16,2026-07-27
OH,JeniusBank SMBC Manubank,jeniusbank smbc manubank,,,,,,,,,,,,,,,,,,n:jeniusbank smbc manubank,Unknown/Unknown,2026-01-08,2026-03-10,2,closure,,0,0,1,https://jfs.ohio.gov/job-services-and-unemployment/job-services/job-programs-and-services/submit-a-warn-notice/current-public-notices-of-layoffs-and-closures,b40a52656e19ba70209c393d5650f28078684122fdc9986ab56de76b,fde936bb51ae4cd6d54a4e7c7b17335742ea2c84,2026-07-16,2026-07-27
OH,"Sumaria Systems, LLC",sumaria systems,,,,,,,,,,,,,,,,,,n:sumaria systems,Dayton/Greene,2026-01-12,2026-01-26,57,mass_layoff,,0,0,1,https://jfs.ohio.gov/job-services-and-unemployment/job-services/job-programs-and-services/submit-a-warn-notice/current-public-notices-of-layoffs-and-closures,6e614f74b2c6da4cb4f28b73b3a874adccaca9a11ed5f5a96f0477de,5198af651a691b747f6f220431feff912e3fd594,2026-07-16,2026-07-27
OH,"Tessera Therapeutics, Inc",tessera therapeutics,,,,,,,,,,,,,,,,,,n:tessera therapeutics,Unknown/Unknown,2026-01-12,2026-03-08,1,mass_layoff,,0,0,1,https://jfs.ohio.gov/job-services-and-unemployment/job-services/job-programs-and-services/submit-a-warn-notice/current-public-notices-of-layoffs-and-closures,d2c09f057a477346aadbf9ece11a7394e20706545be3e1c82e274643,1cd4657b292c0d428a6c815c3d423194bc457a44,2026-07-16,2026-07-27
OH,Turf Care Supply Corp.,turf care supply,,,,,,,,,,,,,,,,,,n:turf care supply,Martins Ferry/Belmont,2026-01-12,2026-02-28,46,closure,,0,0,1,https://jfs.ohio.gov/job-services-and-unemployment/job-services/job-programs-and-services/submit-a-warn-notice/current-public-notices-of-layoffs-and-closures,d82957a8198eff0e543badfa62b015440d0b1943bfc6d7ec275d712c,589307e173d4e55f292e5fc3d9aebd2aa820f5ca,2026-07-16,2026-07-27
OH,New Horizons Baking Company,new horizons baking,,,,,,,,,,,,,,,,,,n:new horizons baking,Toledo/Lucas,2026-01-16,2026-03-17,68,closure,,0,0,1,https://jfs.ohio.gov/job-services-and-unemployment/job-services/job-programs-and-services/submit-a-warn-notice/current-public-notices-of-layoffs-and-closures,37c3b37cb5736f444641f4442a645718a7c27a4fc0eb35c08799470f,73e4b4bab0a7392292bf19511ee651f9287d089a,2026-07-16,2026-07-27
OH,Fresenius USA Manufacturing,fresenius usa manufacturing,,,,,,,,,,,,,,,,,,n:fresenius usa manufacturing,Oregon/Lucas,2026-01-29,2026-04-10,54,mass_layoff,,0,0,1,https://jfs.ohio.gov/job-services-and-unemployment/job-services/job-programs-and-services/submit-a-warn-notice/current-public-notices-of-layoffs-and-closures,1ec4c42e584c73d4f337436e4ef37af01cbd3f14c62927ef3ff4acea,3a9a7f5a8658dc301708ae166d2cd27c9b3db7c2,2026-07-16,2026-07-27
OH,Goodyear Tire & Rubber Company,goodyear tire rubber,Goodyear Tire and Rubber Company,,326211,sic-crosswalk,42582,GT,exact,3011,Tires & Inner Tubes,,,,Q620875,cik,,,automatic,qid:Q620875,Findlay/Hancock,2026-01-30,2026-03-31,85,unknown,,0,0,1,https://jfs.ohio.gov/job-services-and-unemployment/job-services/job-programs-and-services/submit-a-warn-notice/current-public-notices-of-layoffs-and-closures,2fbe64e5feb8948a76dfd12a633c5ed729c7dd9398718442439eaf78,24ac4ffc24b5dd73dc930e6fb751db3410b787e7,2026-07-26,2026-07-26
OH,Goodyear Tire & Rubber Company,goodyear tire rubber,Goodyear Tire and Rubber Company,,326211,sic-crosswalk,42582,GT,exact,3011,Tires & Inner Tubes,,,,Q620875,cik,,,automatic,qid:Q620875,Findlay/Hancock,2026-01-30,2026-03-31,85,closure,,0,0,1,https://jfs.ohio.gov/job-services-and-unemployment/job-services/job-programs-and-services/submit-a-warn-notice/current-public-notices-of-layoffs-and-closures,c1aaa83af9b053bdc9cbb086d8bf92c1ac862869ac92068a2579ec74,f0fb57306297d9f1b486681a8d98a3e15e77f0fd,2026-07-16,2026-07-27
OH,First Financial Bancorp,first financial bancorp,First Financial Bank,,522,sic-crosswalk,708955,FFBC,exact,6021,National Commercial Banks,,,,Q5453009,cik,First Financial Bancorp,,automatic,qid:Q5453009,Seville/Medina,2026-02-02,2026-03-19,56,mass_layoff,,0,0,1,https://jfs.ohio.gov/job-services-and-unemployment/job-services/job-programs-and-services/submit-a-warn-notice/current-public-notices-of-layoffs-and-closures,52911c1fffeb649a3548abecdc3378cb2b9956527284420425147e13,00b062508faa220503e9c59ec1701e5135a1cc02,2026-07-16,2026-07-27
OH,Astrion,astrion,,,,,,,,,,,,,,,,,,n:astrion,Beavercreek/Greene,2026-02-09,2026-05-31,61,mass_layoff,,0,0,1,https://jfs.ohio.gov/job-services-and-unemployment/job-services/job-programs-and-services/submit-a-warn-notice/current-public-notices-of-layoffs-and-closures,84d0daabb4fed8d0002ddecac153670383dd6c3d63364e7672a66340,ce2e5f625d3f8f1b2dda8a7c01ce9d12f96d2a5f,2026-07-16,2026-07-27
OH,Saks & Company LLC,saks,,,,,,,,,,,,,,,,,,n:saks,Columbus/Franklin,2026-02-10,2026-04-11,41,unknown,,1,0,1,https://jfs.ohio.gov/job-services-and-unemployment/job-services/job-programs-and-services/submit-a-warn-notice/current-public-notices-of-layoffs-and-closures,5e81f2715ebb1c2e8b4eb7c7d541933750d6fd7b6bd802b10d71c7bc,02aa88a63ad732258a7568b8b834e3b743597c25,2026-07-26,2026-07-26
OH,Saks & Company LLC Columbus,saks company llc columbus,,,,,,,,,,,,,,,,,,n:saks company llc columbus,Columbus/Franklin,2026-02-10,2026-04-11,41,closure,,0,0,1,https://jfs.ohio.gov/job-services-and-unemployment/job-services/job-programs-and-services/submit-a-warn-notice/current-public-notices-of-layoffs-and-closures,6cef39ddd2e3f47c04396987b949b5a7c29d0ddffaae729ccfc24f26,64fed8b394577e616e7f8f7019579204b2e2d7d1,2026-07-16,2026-07-27
OH,Saks & Company LLC Columbus,saks company llc columbus,,,,,,,,,,,,,,,,,,n:saks company llc columbus,Columbus/Franklin,2026-02-10,2026-04-11,41,unknown,,0,0,1,https://jfs.ohio.gov/job-services-and-unemployment/job-services/job-programs-and-services/submit-a-warn-notice/current-public-notices-of-layoffs-and-closures,6978df3aa717ed6fa7de5a6a3789210b407feaf2f0dd3e9e53f83c1d,95082c891633e6a5f11c1efc555b0c2a4435e804,2026-07-26,2026-07-26
OH,Main Street Sports Group,main street sports group,,,51,employer,,,,,,,,,,,,,,n:main street sports group,Cleveland/Cuyahoga,2026-02-13,2026-04-14,27,unknown,,0,0,1,https://jfs.ohio.gov/job-services-and-unemployment/job-services/job-programs-and-services/submit-a-warn-notice/current-public-notices-of-layoffs-and-closures,3c7ecb4e96defddc344b2b4050879bf28b38dbb1580fbfb60867d217,1f181266255683a80a16891f8db0d2c4a7a9d518,2026-07-26,2026-07-26
OH,Main Street Sports Group Cleveland,main street sports group cleveland,,,,,,,,,,,,,,,,,,n:main street sports group cleveland,Cleveland/Cuyahoga,2026-02-13,2026-04-14,27,closure,,0,0,1,https://jfs.ohio.gov/job-services-and-unemployment/job-services/job-programs-and-services/submit-a-warn-notice/current-public-notices-of-layoffs-and-closures,b6c599192a16207a72f40d04b93f1058cf06a3ed0af9bfe624b59acc,812caa6be93626e57628641a1e97c03a85c49ca1,2026-07-16,2026-07-27
OH,Lowe's Companies,lowe s companies,Lowe's,,,,,,,,,,,WAFCR4OKGSC504WU3E95,Q1373493,label,,,automatic,qid:Q1373493,Unknown/Unknown,2026-02-16,2026-04-19,17,mass_layoff,,0,0,1,https://jfs.ohio.gov/job-services-and-unemployment/job-services/job-programs-and-services/submit-a-warn-notice/current-public-notices-of-layoffs-and-closures,b9ac1df22a178a6118c5dd216a994bd02f13bb1e135d4bcd35e56be2,709213811f8c2b7a73a93ac3b72810d0e2b45ed0,2026-07-16,2026-07-27
OH,First Brands Group,first brands group,"FIRST BRANDS GROUP, LLC",,,,,,,,,,,2549005IXRZR7KSBJD91,,,,,automatic,lei:2549005IXRZR7KSBJD91,Cleveland/Cuyahoga,2026-02-23,2026-02-23,146,unknown,,0,0,1,https://jfs.ohio.gov/job-services-and-unemployment/job-services/job-programs-and-services/submit-a-warn-notice/current-public-notices-of-layoffs-and-closures,1ec95bfbfc546b2151ab0c8ec5035f20f13753fc7f6cd5c8cc31b7c7,44a742982103a859cd3d764c938fa9835e4a165a,2026-07-26,2026-07-26
OH,First Brands Group Cuyahoga,first brands group cuyahoga,,,,,,,,,,,,,,,,,,n:first brands group cuyahoga,Cleveland/Cuyahoga,2026-02-23,2026-02-23,146,mass_layoff,,0,0,1,https://jfs.ohio.gov/job-services-and-unemployment/job-services/job-programs-and-services/submit-a-warn-notice/current-public-notices-of-layoffs-and-closures,fc2ac430e8befa3cb1114d7a92c6bf66f18702480931e16ef50eab0f,cf4b07dba250134175b49225f2a5b76d6b5d5575,2026-07-16,2026-07-27
OH,Main Street Sports Group Cincinnati,main street sports group cincinnati,,,,,,,,,,,,,,,,,,n:main street sports group cincinnati,Cincinnatti/Hamilton,2026-02-23,2026-04-14,8,closure,,0,0,1,https://jfs.ohio.gov/job-services-and-unemployment/job-services/job-programs-and-services/submit-a-warn-notice/current-public-notices-of-layoffs-and-closures,57b2ee6ddb0db653c6a2829cb3adb4af7df5ca0afdc45074b93facdb,5b43d697bcedd3e52eafd7c15453d5d11c1baa9f,2026-07-16,2026-07-27
OH,"Parsec, LLC",parsec,,,,,,,,,,,,,,,"UNIVERSAL LOGISTICS HOLDINGS, INC.",1308208,,n:parsec,Columbus/Franklin,2026-02-23,2026-05-01,115,closure,,0,0,1,https://jfs.ohio.gov/job-services-and-unemployment/job-services/job-programs-and-services/submit-a-warn-notice/current-public-notices-of-layoffs-and-closures,a1a4b7b9d1eb1f20e67fc8494439af4358121f8de889041c4a5446f8,86ac222249062e407e4bc987251397d6444b8754,2026-07-16,2026-07-27
OH,Evergreen Recycling LLC,evergreen recycling,,,562,parent-sic,,,,,,,,,,,WASTE MANAGEMENT INC,823768,,n:evergreen recycling,Clyde/Sandusky,2026-02-24,2026-02-24,163,closure,,0,0,1,https://jfs.ohio.gov/job-services-and-unemployment/job-services/job-programs-and-services/submit-a-warn-notice/current-public-notices-of-layoffs-and-closures,7cbee062228ec0723a777896925b2e3dac97dfb1e21e96cefbad0ced,2c9cc636ce1beb6bbad7ce218a19256e9a947cb1,2026-07-16,2026-07-27
OH,"Meteor Creative, Inc",meteor creative,,,,,,,,,,,,,,,,,,n:meteor creative,Tipp City/Miami,2026-02-24,2026-04-24,66,closure,,0,0,1,https://jfs.ohio.gov/job-services-and-unemployment/job-services/job-programs-and-services/submit-a-warn-notice/current-public-notices-of-layoffs-and-closures,cb82f0fba744077a44991246b6c106eab2eaba0f80f12757cbd0e5c0,9da1b46f4b760370c35bc53c2d3dd45bda638542,2026-07-16,2026-07-27
OH,First Brands Group Cuyahoga 2,first brands group cuyahoga 2,,,,,,,,,,,,,,,,,,n:first brands group cuyahoga 2,Cleveland/Cuyahoga,2026-02-27,2026-04-30,110,unknown,,0,0,1,https://jfs.ohio.gov/job-services-and-unemployment/job-services/job-programs-and-services/submit-a-warn-notice/current-public-notices-of-layoffs-and-closures,ff9b8ad12c9d18f251b27828232aef56a87104369c01a5b8222cfe01,009652f160597762443ba2ea55a22d84a8189f8a,2026-07-26,2026-07-26
OH,First Brands Group Darke,first brands group darke,,,,,,,,,,,,,,,,,,n:first brands group darke,Greenville/Darke,2026-02-27,2026-04-30,302,closure,,0,0,1,https://jfs.ohio.gov/job-services-and-unemployment/job-services/job-programs-and-services/submit-a-warn-notice/current-public-notices-of-layoffs-and-closures,e847a09559a5596ea202b3ebdb621990d3e18c74afc233bd665e7303,314734787cc3928a2df55251d41aa0b0701a7e9b,2026-07-16,2026-07-27
OH,First Brands Group Seneca,first brands group seneca,,,,,,,,,,,,,,,,,,n:first brands group seneca,Tiffin/Seneca,2026-02-27,2026-04-30,407,unknown,,0,0,1,https://jfs.ohio.gov/job-services-and-unemployment/job-services/job-programs-and-services/submit-a-warn-notice/current-public-notices-of-layoffs-and-closures,4b9741df9dc6c2adca3a80174693832f79030c7e01a3ed0c39f073ac,efb3db28d2a89c8911fdb4b296f322232bdd7904,2026-07-26,2026-07-26
OH,First Brands Group Wood,first brands group wood,,,,,,,,,,,,,,,,,,n:first brands group wood,Bowling Green/Wood,2026-02-27,2026-04-30,302,unknown,,0,0,1,https://jfs.ohio.gov/job-services-and-unemployment/job-services/job-programs-and-services/submit-a-warn-notice/current-public-notices-of-layoffs-and-closures,0d2786ac01690133f09241da78e3916d8f442c2ebdaa29e191d1cd5e,793fe43d1d6ea76f3a4576a57412904599b1fab5,2026-07-26,2026-07-26
OH,GEODIS LLC,geodis,Geodis,,,,,,,,,,,,Q825746,label,Société nationale des chemins de fer français,,automatic,qid:Q825746,Ashville/Pickaway,2026-03-03,2026-04-28,105,closure,,0,0,1,https://jfs.ohio.gov/job-services-and-unemployment/job-services/job-programs-and-services/submit-a-warn-notice/current-public-notices-of-layoffs-and-closures,4c9bb0d67c33c9f2d95c8a689425a56bdb7de2a4ec067f32474b5110,5ef97da03b2a87fab033879f41fb73034b1a4b75,2026-07-16,2026-07-27
OH,"GXO Logistics Supply Chain,Inc",gxo logistics supply chain inc,,,,,,,,,,,,,,,,,,n:gxo logistics supply chain inc,West Jefferson/Madison,2026-03-03,2026-05-02,102,unknown,,0,0,1,https://jfs.ohio.gov/job-services-and-unemployment/job-services/job-programs-and-services/submit-a-warn-notice/current-public-notices-of-layoffs-and-closures,d99741ea1eb5b7bbc1f41506f0c5c8f1990f035544a583dce61ef8ba,88dd3e015c2c15078f6bf5f921ffe2a791621772,2026-07-26,2026-07-26
OH,Lifetouch,lifetouch,Lifetouch,,81292,parent-sic,,,,,,,,,Q6545544,label,Shutterfly,1125920,automatic,qid:Q6545544,Galion/Crawford,2026-03-03,2026-06-05,88,closure,,0,0,1,https://jfs.ohio.gov/job-services-and-unemployment/job-services/job-programs-and-services/submit-a-warn-notice/current-public-notices-of-layoffs-and-closures,9b4721285e41a331a02b6961ee053eb1142aaab6994b7859682df72c,66ae77073e116bbaed019513432d2c8536b18641,2026-07-16,2026-07-27
OH,Saks & Company LLC Beachwood,saks company llc beachwood,,,,,,,,,,,,,,,,,,n:saks company llc beachwood,Beachwood/Cuyahoga,2026-03-06,2026-05-06,70,closure,,0,0,1,https://jfs.ohio.gov/job-services-and-unemployment/job-services/job-programs-and-services/submit-a-warn-notice/current-public-notices-of-layoffs-and-closures,e55cd5fdc11995c53dd35413f7f2be81e44c2960f7ba24926b88abbf,0c05b085896035b5dbc2bd203e093fff5aa7fad4,2026-07-16,2026-07-27
OH,Saks & Company LLC Beachwood,saks company llc beachwood,,,,,,,,,,,,,,,,,,n:saks company llc beachwood,Beachwood/Cuyahoga,2026-03-06,2026-05-06,70,unknown,,0,0,1,https://jfs.ohio.gov/job-services-and-unemployment/job-services/job-programs-and-services/submit-a-warn-notice/current-public-notices-of-layoffs-and-closures,aeef6f858af006ee0f13a8e2dc18665e5eba65f1eec8194d21ac4223,a00432678fd0601f33631b754912e1d431c63e49,2026-07-26,2026-07-26
OH,"Boelter Companies, LLC",boelter companies,,,,,,,,,,,,,,,,,,n:boelter companies,Toledo/Lucas,2026-03-10,2026-05-11,64,closure,,0,0,1,https://jfs.ohio.gov/job-services-and-unemployment/job-services/job-programs-and-services/submit-a-warn-notice/current-public-notices-of-layoffs-and-closures,a2592cb81651b11e1bfb40d7891cb7bbf85637319d0f36feaa36ba00,07632e5a0a51c80d056674cb39521c223d7295ae,2026-07-16,2026-07-27
OH,Lourdes University,lourdes university,Lourdes University,,6113,ntee,,,,,,341226547,B420,,Q6689785,label,,,automatic,qid:Q6689785,Sylvania/Lucas,2026-03-13,2026-05-15,387,closure,,0,0,1,https://jfs.ohio.gov/job-services-and-unemployment/job-services/job-programs-and-services/submit-a-warn-notice/current-public-notices-of-layoffs-and-closures,6fc713496822cf2544a56cee7b976715b470ca96f9fb594349ab6d97,4352c8861e5ea5f7805a0d7e657e218d7012ec9c,2026-07-16,2026-07-27
OH,Ten Sixty Logistics LLC,ten sixty logistics,,,,,,,,,,,,,,,,,,n:ten sixty logistics,Etna/Licking,2026-03-19,2026-03-31,125,closure,,0,0,1,https://jfs.ohio.gov/job-services-and-unemployment/job-services/job-programs-and-services/submit-a-warn-notice/current-public-notices-of-layoffs-and-closures,8434c9fa2c886be58bd5294b7063eeda400528a66fb58ac6281cdc6b,b9ea59335deb70e4932f7dce0dd6129b6bd74509,2026-07-16,2026-07-27
OH,Zenith Logistics Inc,zenith logistics,,,,,,,,,,,,,,,,,,n:zenith logistics,Cincinnatti/Hamilton,2026-03-19,2026-04-15,225,closure,,0,0,1,https://jfs.ohio.gov/job-services-and-unemployment/job-services/job-programs-and-services/submit-a-warn-notice/current-public-notices-of-layoffs-and-closures,f14cdae860b4be481490490a472b2d5d64fe2f1c9509bc0ad3aac4de,dd648d2c0e05431763b4bcbd2da1c1e44041b4a8,2026-07-16,2026-07-27
OH,"Day & Ross USA, Inc",day ross usa,,,,,,,,,,,,,,,,,,n:day ross usa,Hamilton/Butler,2026-03-25,2026-05-30,100,mass_layoff,,0,0,1,https://jfs.ohio.gov/job-services-and-unemployment/job-services/job-programs-and-services/submit-a-warn-notice/current-public-notices-of-layoffs-and-closures,79974944000b0eb19463765cabdbe54c05f340b1edc03bc854f82840,6388025e97792d062b3ce8a66f09e7bbffdbb88c,2026-07-16,2026-07-27
OH,Technicote Inc dba Beontag,technicote inc dba beontag,,,,,,,,,,,,,,,,,,n:technicote,Trotwood/Montgomery,2026-03-25,2026-05-24,53,mass_layoff,,0,0,1,https://jfs.ohio.gov/job-services-and-unemployment/job-services/job-programs-and-services/submit-a-warn-notice/current-public-notices-of-layoffs-and-closures,fedd78664722a55ba7b468b0f968cbf3c930113ca7254ca61fe74712,f92327bf77bf53488a795f4d3107090bd19a62db,2026-07-16,2026-07-27
OH,"Louis Vuitton USA, Inc",louis vuitton usa,,,423990,employer,,,,,,,,,,,,,,n:louis vuitton usa,Beachwood/Cuyahoga,2026-03-27,2026-03-14,11,closure,,0,0,1,https://jfs.ohio.gov/job-services-and-unemployment/job-services/job-programs-and-services/submit-a-warn-notice/current-public-notices-of-layoffs-and-closures,a8a40bf8632162157b4e3e1dc57480a42a97615f5a91e29d0996c5b0,6435208777ce2e77116c500085cad817720df968,2026-07-16,2026-07-27
OH,Panera,panera,,,,,,,,,,,,,,,PANERA BREAD CO,724606,,n:panera,West Chester/Butler,2026-03-27,2026-05-20,70,closure,,0,0,1,https://jfs.ohio.gov/job-services-and-unemployment/job-services/job-programs-and-services/submit-a-warn-notice/current-public-notices-of-layoffs-and-closures,9ba04f2ec4fadcbf58bb63e5c61cce6c3a6070c11abb7b2df806139f,3939883cf85a963f67e3f49dda0998f4b6f148e9,2026-07-16,2026-07-27
OH,Advanced Specialty Hospitals of Toledo,advanced specialty hospitals of toledo,,,,,,,,,,,,,,,,,,n:advanced specialty hospitals of toledo,Toledo/Lucas,2026-04-09,2026-06-08,116,closure,,0,0,1,https://jfs.ohio.gov/job-services-and-unemployment/job-services/job-programs-and-services/submit-a-warn-notice/current-public-notices-of-layoffs-and-closures,ddf361f7e167fed122b509df750e253dce3c94359bca1ca979ddf9a9,71c50060d8052e137f3431f9326af34c1f725752,2026-07-16,2026-07-27
OH,"Conn-Selmer, Inc",conn selmer,Conn-Selmer,,339992,employer,,,,,,,,,Q1126139,label,Steinway Musical Instruments,,automatic,qid:Q1126139,Eastlake/Lake,2026-04-09,2026-06-30,150,closure,,0,0,1,https://jfs.ohio.gov/job-services-and-unemployment/job-services/job-programs-and-services/submit-a-warn-notice/current-public-notices-of-layoffs-and-closures,03c738ef4c444fe01cae66e677e6f5bacc89ecc9e55ef87c53ccd425,d29322efbdb1b39a10f0bfef05fff4fbd91ae739,2026-07-16,2026-07-27
OH,Refresco Beverages US Inc,refresco beverages us,,,31-33,employer,,,,,,,,,,,,,,n:refresco beverages us,Carlisle/Warren,2026-04-14,2026-06-24,63,closure,,0,0,1,https://jfs.ohio.gov/job-services-and-unemployment/job-services/job-programs-and-services/submit-a-warn-notice/current-public-notices-of-layoffs-and-closures,d5087de1685bab8a55533ca0fa01cfd2d1b551c05bbe3b6caf0b57f7,39669a154f1d32b397d9ca10956f376d17b7f60c,2026-07-16,2026-07-27
OH,GridHawk,gridhawk,,,,,,,,,,,,,,,,,,n:gridhawk,Mount Gilead/Morrow,2026-04-22,2026-04-22,248,closure,,0,0,1,https://jfs.ohio.gov/job-services-and-unemployment/job-services/job-programs-and-services/submit-a-warn-notice/current-public-notices-of-layoffs-and-closures,95f0150bc89fe743989f7bfd459f96d30b7e470c311b4923d2282f6d,98205010bd1cee8e0792e97573b7e0a2332a5631,2026-07-16,2026-07-27
OH,Venture Solutions/Taylor Technology Services,venture solutions taylor technology services,,,,,,,,,,,,,,,,,,n:venture solutions taylor technology services,Grove City/Franklin,2026-04-22,2026-06-22,60,closure,,0,0,1,https://jfs.ohio.gov/job-services-and-unemployment/job-services/job-programs-and-services/submit-a-warn-notice/current-public-notices-of-layoffs-and-closures,7587e8e67abb3cd94304020ed5059f1adff95e43c4e57acbb36ab050,2e4ad29d46ea2504f2995fff5b5a203d60089046,2026-07-16,2026-07-27
OH,UPDATE First Brands Group Seneca,update first brands group seneca,,,,,,,,,,,,,,,,,,n:update first brands group seneca,Tiffin/Seneca,2026-04-24,2026-05-31,407,closure,,0,0,1,https://jfs.ohio.gov/job-services-and-unemployment/job-services/job-programs-and-services/submit-a-warn-notice/current-public-notices-of-layoffs-and-closures,6def3a355b94a6b0b29cd17a02a723769d0e9b8c557008805cdd5883,d95ebc166d59c43c86e52000ecea07a17b220c10,2026-07-16,2026-07-27
OH,UPDATE First Brands Group Wood,update first brands group wood,,,,,,,,,,,,,,,,,,n:update first brands group wood,Bowling Green/Wood,2026-04-24,2026-05-31,302,closure,,0,0,1,https://jfs.ohio.gov/job-services-and-unemployment/job-services/job-programs-and-services/submit-a-warn-notice/current-public-notices-of-layoffs-and-closures,b4b4c18eb8e43619a91d1125c5bc8498d7e7a8a98902220f36647672,bf20ffbe567935b3a208d5dee31f4a2a9ea3c430,2026-07-16,2026-07-27
OH,Down-Lite Internaional Inc,down lite internaional,,,,,,,,,,,,,,,,,,n:down lite internaional,Mason/Warren,2026-04-28,2026-06-19,164,closure,,0,0,1,https://jfs.ohio.gov/job-services-and-unemployment/job-services/job-programs-and-services/submit-a-warn-notice/current-public-notices-of-layoffs-and-closures,24437da902f9279a1e8e430dd735aa7ff882cd403db686099311f6a6,9f272954f675124da5c70f1bcbaeac359da14307,2026-07-16,2026-07-27
OH,"UPDATE GXO Logistics Supply Chain, Inc",update gxo logistics supply chain,,,,,,,,,,,,,,,,,,n:update gxo logistics supply chain,West Jefferson/Madison,2026-04-28,2026-05-02,102,closure,,0,0,1,https://jfs.ohio.gov/job-services-and-unemployment/job-services/job-programs-and-services/submit-a-warn-notice/current-public-notices-of-layoffs-and-closures,5c5572c900361e4a9aafb83e39c48435d1267567d2e571f847aee8ce,4869f8c5b5b8990abf8da0b579e8e3583df70c26,2026-07-16,2026-07-27
OH,"Milestone Technologies, Inc.",milestone technologies,,,,,,,,,,,,,,,,,,n:milestone technologies,New Albany/Licking,2026-04-29,2026-06-28,105,closure,,0,0,1,https://jfs.ohio.gov/job-services-and-unemployment/job-services/job-programs-and-services/submit-a-warn-notice/current-public-notices-of-layoffs-and-closures,1b9ac1b54d973bcfac6ccda89419cad564b0ebd95a416568527508d0,782d698d9115f73d6552b8cb893047b43ea410ea,2026-07-16,2026-07-27
OH,Optalis Professional Services LLC,optalis professional services,,,,,,,,,,,,,,,,,,n:optalis professional services,Circleville/Pickaway,2026-04-29,2026-06-30,122,closure,,0,0,1,https://jfs.ohio.gov/job-services-and-unemployment/job-services/job-programs-and-services/submit-a-warn-notice/current-public-notices-of-layoffs-and-closures,203dc8e7fc0f1c33a8b772168217ef08019fb144fb8cbf9e4e39a529,9831f1ec3771c64ca46f3453df2db1e26d434c4d,2026-07-16,2026-07-27
OH,UPDATE First Brands Group Cuyahoga 4,update first brands group cuyahoga 4,,,,,,,,,,,,,,,,,,n:update first brands group cuyahoga 4,Cleveland/Cuyahoga,2026-05-01,2026-02-27,110,closure,,0,0,1,https://jfs.ohio.gov/job-services-and-unemployment/job-services/job-programs-and-services/submit-a-warn-notice/current-public-notices-of-layoffs-and-closures,a874919f91389204b676771b3197182403a9f89706d44164be734033,90c5c44fab93b526fd62f0928721f2c2a4385962,2026-07-16,2026-07-27
OH,Wood Group USA Inc.,wood group usa,,,,,,,,,,,,,,,,,,n:wood group usa,Hebron/Licking,2026-05-29,2026-07-26,92,mass_layoff,,0,0,1,https://jfs.ohio.gov/job-services-and-unemployment/job-services/job-programs-and-services/submit-a-warn-notice/current-public-notices-of-layoffs-and-closures,9582a0b44ab87183c0e2e8e873920b6c4b4cd7656ff315ae734af59a,7ccc83507926d0d3c803d692f70fccbb278c42db,2026-07-16,2026-07-27
OH,Senior Resource Connection,senior resource connection,SENIOR RESOURCE CONNECTION,,62,ntee,,,,,,310592759,P81,,,,,,automatic,ein:310592759,Dayton/Montgomery,2026-06-01,2026-07-26,190,unknown,,0,0,1,https://jfs.ohio.gov/job-services-and-unemployment/job-services/job-programs-and-services/submit-a-warn-notice/current-public-notices-of-layoffs-and-closures,424950e9a46f1cf08ff7bd7bd2177863ffb8e9480eda398f31aff473,e4091c368b1b6bcb99a9d9209a1b0b6390ed2b47,2026-07-26,2026-07-26
OH,Republic National Distributing Company,republic national distributing,,,,,,,,,,,,,,,,,,n:republic national distributing,Cincinnati/Hamilton,2026-06-02,2026-07-31,56,closure,,0,0,1,https://jfs.ohio.gov/job-services-and-unemployment/job-services/job-programs-and-services/submit-a-warn-notice/current-public-notices-of-layoffs-and-closures,c01265885e261ed3c32ad47b5aa559746634e2bddee970b8adab57e4,5319cbacedf6018e873b689465230e7d3f576ece,2026-07-16,2026-07-27
OH,JeniusBank SMBC Manubank,jeniusbank smbc manubank,,,,,,,,,,,,,,,,,,n:jeniusbank smbc manubank,Unknown/Unknown,2026-06-08,2026-08-03,2,mass_layoff,,0,0,1,https://jfs.ohio.gov/job-services-and-unemployment/job-services/job-programs-and-services/submit-a-warn-notice/current-public-notices-of-layoffs-and-closures,17fdf2c8eb05bd271d21595c19a3a8951333c6294a6e0403e988c787,492509744ffd86ae00307338f4715e05f2272c39,2026-07-16,2026-07-27
OH,"Pioneer Cladding & Glazing Systems, Inc.",pioneer cladding glazing systems,,,238150,employer,,,,,,,,,,,,,,n:pioneer cladding glazing systems,Mason/Warren,2026-06-10,2026-08-09,43,mass_layoff,,0,0,1,https://jfs.ohio.gov/job-services-and-unemployment/job-services/job-programs-and-services/submit-a-warn-notice/current-public-notices-of-layoffs-and-closures,412c99c41e31c475a56e23ed2df2137cc81f1c66004a679324f7bb96,53c2e187f03a4418f494b5cae86579ad7fa30592,2026-07-16,2026-07-27
OH,"Pioneer Cladding & Glazing Systems, Inc.",pioneer cladding glazing systems,,,238150,employer,,,,,,,,,,,,,,n:pioneer cladding glazing systems,Mason/Warren,2026-06-10,2026-08-09,43,unknown,,0,0,1,https://jfs.ohio.gov/job-services-and-unemployment/job-services/job-programs-and-services/submit-a-warn-notice/current-public-notices-of-layoffs-and-closures,c959e2e5a0ed1d027dd7be82c6d3393fb9d7bb97c0f7dde2d1c49f8e,f5955909634312c232e359120c388cc10e41eb92,2026-07-26,2026-07-26
OH,UPDATE Senior Resource Connection,update senior resource connection,,,,,,,,,,,,,,,,,,n:update senior resource connection,Dayton/Montgomery,2026-06-16,2026-06-30,190,closure,,0,0,1,https://jfs.ohio.gov/job-services-and-unemployment/job-services/job-programs-and-services/submit-a-warn-notice/current-public-notices-of-layoffs-and-closures,3d2475a51faf7d826db1da63f9b6a2a2c0633bec3803018c9bac9227,ad341b90b512f5a66173b3b1aca20b4fe709839e,2026-07-16,2026-07-27
OH,"Vestis Services, LLC",vestis services,,,,,,,,,,,,,,,Vestis Corp,1967649,,n:vestis services,Unknown/Unknown,2026-06-16,2026-09-13,2,mass_layoff,,0,0,1,https://jfs.ohio.gov/job-services-and-unemployment/job-services/job-programs-and-services/submit-a-warn-notice/current-public-notices-of-layoffs-and-closures,5927d7cf269836e30fd4be8880e6e73aacd42e5aed41b97ec5cd016a,782a74d2273de247ce608472aa4bf376997f19f3,2026-07-16,2026-07-27
OH,Schwebel Baking Company Hebron,schwebel baking company hebron,,,,,,,,,,,,,,,,,,n:schwebel baking company hebron,Hebron/Licking,2026-06-17,2026-07-06,110,closure,,0,0,1,https://jfs.ohio.gov/job-services-and-unemployment/job-services/job-programs-and-services/submit-a-warn-notice/current-public-notices-of-layoffs-and-closures,32cafb05e9944d39692fc11e66678742d199270fc376711bc908184e,076c120ee2c86e49c1338215edf59638f2f65b6b,2026-07-16,2026-07-27
OH,Schwebel Baking Company Youngstown,schwebel baking company youngstown,,,,,,,,,,,,,,,,,,n:schwebel baking company youngstown,Youngstown/Mahoning,2026-06-17,2026-07-06,370,closure,,0,0,1,https://jfs.ohio.gov/job-services-and-unemployment/job-services/job-programs-and-services/submit-a-warn-notice/current-public-notices-of-layoffs-and-closures,dd96c364964e572de1c90a50a186fff87ad547dea05e3e855eb614b2,860ad8c9f287021e85fbf367fe1e847560417b12,2026-07-16,2026-07-27
OH,A.O. Smith Corporation,a o smith,A. O. Smith,,335312,employer,,,,,,,,549300XG4US7UJNECY36,Q4648219,label,,91142,automatic,qid:Q4648219,Groveport/Franklin,2026-06-23,2026-08-24,92,closure,,0,0,1,https://jfs.ohio.gov/job-services-and-unemployment/job-services/job-programs-and-services/submit-a-warn-notice/current-public-notices-of-layoffs-and-closures,c72d532592668f63a4194255ed5df85e82a938b02f2d1b8ea88ee517,3f460604262da0f42ea2e226d45088cc8adb13a9,2026-07-16,2026-07-27
OH,"Conduent Commerical Solutions, LLC",conduent commerical solutions,,,,,,,,,,,,,,,,,,n:conduent commerical solutions,Unknown/Unknown,2026-06-29,2026-08-28,16,mass_layoff,,0,0,1,https://jfs.ohio.gov/job-services-and-unemployment/job-services/job-programs-and-services/submit-a-warn-notice/current-public-notices-of-layoffs-and-closures,7a93ded67d5425d78a8fea2cb036ad30768af9a19049c48c6b1d586e,841116cc5d3bd1f51ee8c6d0346a9cf6bbcd3d37,2026-07-16,2026-07-27
OH,Shiloh Industries,shiloh industries,,,,,904979,,exact:post-era,3460,Metal Forgings & Stampings,,,,,,,,automatic,cik:904979,Valley City/Medina,2026-06-29,2026-08-30,43,closure,,0,0,1,https://jfs.ohio.gov/job-services-and-unemployment/job-services/job-programs-and-services/submit-a-warn-notice/current-public-notices-of-layoffs-and-closures,dc6e3367e2b1ddf2a0210e643957d96027358ab277f73443159d7e58,43cf513b1ce56a62d970e4c9500e7c10400e6780,2026-07-16,2026-07-27
OH,Notions Marketing,notions marketing,,,54,employer,,,,,,,,,,,,,,n:notions marketing,Strongsville/Cuyahoga,2026-07-06,2026-06-28,3,mass_layoff,,0,0,1,https://jfs.ohio.gov/job-services-and-unemployment/job-services/job-programs-and-services/submit-a-warn-notice/current-public-notices-of-layoffs-and-closures,7f32099ac8078503f375855ea61856e1baf06ed22d78dba908559e49,06d3adce40e5a87cb9d5052466434198d88a82f2,2026-07-16,2026-07-27
OH,UPDATE Refresco Beverages US Inc,update refresco beverages us,,,,,,,,,,,,,,,,,,n:update refresco beverages us,Carlisle/Warren,2026-07-14,2026-06-24,44,mass_layoff,,0,0,1,https://jfs.ohio.gov/job-services-and-unemployment/job-services/job-programs-and-services/submit-a-warn-notice/current-public-notices-of-layoffs-and-closures,ec552f004d4a5c74223c2378ff9bba7503a2c5b7c7aec05981f9d9d9,01b2380a9a8e5d0624e2924920e0fb6f0d8c6661,2026-07-22,2026-07-27
