state,notice_date,employer_a,employer_b,location,jw,jobs_a,jobs_b,id_a,id_b
CA,2025-08-04,University of Southern California Keck Hospital,University of Southern California Norris Cancer Hospital,,0.93,45,10,1446,1447
CA,2026-03-12,Total Storage Solutions (Best RV & Self Storage),Total Storage Solutions (Townsend Self Storage),,0.93,3,3,2246,2254
CA,2026-03-12,Total Storage Solutions (Aware Self Storage),Total Storage Solutions (Western States Self Storage),,0.93,2,3,2256,2262
CA,2026-03-18,"Lodging Dynamics Hospitality Group, LLC (Hilton Garden Inn)","Lodging Dynamics Hospitality Group, LLC (Homewood Suites)",,0.93,36,51,2268,2270
CA,2022-04-29,First Baptist Head Start-Belshaw Center,First Baptist Head Start-Lido Square Center,,0.93,7,5,5593,5597
CA,2020-04-15,Neighborhood Healthcare-Grand Location,Neighborhood Healthcare - Rose Location,Escondido,0.93,1,3,8273,8278
CA,2020-04-15,Neighborhood Healthcare - Pharmacy Location,Neighborhood Healthcare - Rose Location,Escondido,0.93,2,3,8275,8278
TX,2025-10-02,Southwest Key Programs-Casa Houston Reliant,Southwest Key Programs-Casa Quetzal,Houston,0.93,1,3,39253,39257
TX,2025-08-06,"Southwest Key Programs, Inc. La Esperanza)","Southwest Key Programs, Inc.(Casa Nueva Esperanza)",Brownsville,0.93,4,9,39288,39289
TX,2024-06-04,99 Cents Only Store LLC (Lawndale),99 Cents Only Store LLC (Jones Road),Houston,0.93,20,20,39639,39644
TX,2024-06-04,99 Cents Only Store LLC (Jones Road),99 Cents Only Store LLC (Bissonet),Houston,0.93,20,20,39644,39648
MI,2023-09-15,"Thriveworks Administrative Services, LLC",THRIVEWORKS ADMINISTRATIVE,Lynchburg,0.93,78,78,55142,55170
NY,2019-03-13,Instacart (at Whole Foods Market) Columbus Circle,Instacart (at Whole Foods Market) (4 Union Square),New York,0.93,32,21,60214,60216
CA,2025-07-14,Blue Shield of California - Long Beach,Blue Shield of California - Woodland Hills,,0.929,11,10,1385,1386
CA,2025-07-14,Blue Shield of California - Long Beach,Blue Shield of California - Rancho Cordova,,0.929,11,3,1385,1387
CA,2025-07-14,Blue Shield of California - Woodland Hills,Blue Shield of California - Redding,,0.929,10,2,1386,1390
CA,2025-07-14,Blue Shield of California - Rancho Cordova,Blue Shield of California - San Diego,,0.929,3,2,1387,1388
CA,2025-09-12,Agile Physical Therapy (Sutter Health Fremont Physical Therapy & Hand Therapy),Agile Physical Therapy (Sutter Health Palo Alto Physical Therapy & Hand Therapy),,0.929,24,30,1592,1598
CA,2025-09-30,"FPI Management, Inc. (1110)","FPI Management, Inc. (Remote)",,0.929,39,16,1620,1621
CA,2025-10-31,Ceryx Management LLC (Blackstone),Ceryx Management LLC (Western),,0.929,39,13,1896,1901
CA,2025-11-18,Blue Shield of California (Rancho Cordova),Blue Shield of California (San Diego),,0.929,5,1,1943,1944
CA,2026-02-02,"Meta Platforms, Inc. - 1 Hacker","Meta Platforms, Inc.",,0.929,6,52,2122,2126
CA,2026-02-13,De La Pena Eye Clinic - DLP Commerce,De La Pena Eye Clinic - DLP Long Beach,,0.929,38,3,2166,2169
CA,2026-02-13,De La Pena Eye Clinic - DLP Long Beach,De La Pena Eye Clinic - DLP Van Nuys,,0.929,3,19,2169,2172
CA,2026-02-13,De La Pena Eye Clinic - DLP Los Angeles,De La Pena Eye Clinic - DLP Van Nuys,,0.929,12,19,2170,2172
CA,2026-02-27,Heritage Bank of Commerce (San Jose),Heritage Bank of Commerce (Morgan Hill),,0.929,85,1,2241,2243
CA,2026-03-12,Total Storage Solutions (Best RV & Self Storage),Total Storage Solutions (Citrus Plaza Self Storage),,0.929,3,2,2246,2265
CA,2026-03-12,Total Storage Solutions (Crenshaw Self Storage),Total Storage Solutions (All Size Self Storage),,0.929,2,3,2247,2251
CA,2026-03-12,Total Storage Solutions (Crenshaw Self Storage),Total Storage Solutions (E Street Self Storage),,0.929,2,2,2247,2264
CA,2026-03-12,Total Storage Solutions (Studebaker Self Storage),Total Storage Solutions (Aware Self Storage),,0.929,3,2,2249,2256
CA,2026-04-30,Manteca District Ambulance Service - Striker Court,Manteca District Ambulance Service - Hwy 49,,0.929,18,6,2434,2436
CA,2026-06-25,Adventist Health Delano,Adventist Health St. Helena,,0.929,3,3,2645,2656
CA,2025-04-28,"Center Point, Inc. (San Quentin)","Center Point, Inc. (7707 Austin)",,0.929,14,20,3335,3338
CA,2025-05-28,Google - Borregas,Google - Bordeaux,,0.929,1,33,3414,3415
CA,2025-06-02,Kaiser Foundation Hospitals - Berkeley,Kaiser Foundation Hospitals - Harbor City,,0.929,4,1,3427,3431
CA,2025-06-02,Kaiser Foundation Hospitals - Harbor City,Kaiser Foundation Hospitals - Vallejo,,0.929,1,1,3431,3441
CA,2024-06-04,EMCORE Corporation - Raymond,EMCORE Corporation,,0.929,26,25,4445,4446
CA,2022-11-15,Silicon Valley TMS of Mountain View,Silicon Valley TMS of Monterey Bay,,0.929,7,9,4756,4762
CA,2021-12-16,Wyndham Hotels & Resorts dba La Quinta Buena Park with L.Q. Management LLC,Wyndham Hotels & Resorts dba La Quinta Irvine Spectrum with L.Q. Management LLC,,0.929,25,20,5440,5441
CA,2021-12-16,Wyndham Hotels & Resorts dba La Quinta Redding with L.Q. Management LLC,Wyndham Hotels & Resorts dba La Quinta Ontario Airport with L.Q. Management LLC,,0.929,18,25,5443,5451
CA,2021-12-16,Wyndham Hotels & Resorts dba La Quinta Fresno with L.Q. Management LLC,Wyndham Hotels & Resorts dba La Quinta San Diego- Vista with L.Q. Management LLC,,0.929,20,20,5447,5454
CA,2022-02-10,Wyndham Hotels & Resorts dba La Quinta Buena Park with L.Q. Management LLC,Wyndham Hotels & Resorts dba La Quinta Irvine Spectrum with L.Q. Management LLC,,0.929,27,21,5506,5507
CA,2022-04-29,First Baptist Head Start-Fairgrounds Center,First Baptist Head Start-Odessa Center,,0.929,22,3,5598,5600
CA,2020-04-09,"FM Restaurants HQ, LLC dba Chevy's","FM Restaurants HQ, LLC",Milpitas,0.929,108,108,8283,8453
CA,2020-03-24,Bill Wright Toyota,Bill Wright Toyota (Service),Bakersfield,0.929,95,55,8519,8520
CA,2014-11-04,Warner Bros. Entertainment,Warner Bros. Home Entertainment,Burbank,0.929,13,46,15002,15003
NJ,2020-03-01,JACK DANIELS MOTORS K,JACK DANIELS OF USR,upper saddle River,0.929,15,26,32617,32618
TX,2025-05-21,Child Care Associates (Diamond Road),Child Care Associates (Everman),Fort Worth,0.929,13,9,39387,39393
TX,2024-06-04,99 Cents Only Store LLC (North Freeway),99 Cents Only Store LLC (Jones Road),Houston,0.929,20,20,39636,39644
TX,2024-06-04,99 Cents Only Store LLC (North Freeway),99 Cents Only Store LLC (Gessner),Houston,0.929,20,20,39636,39647
TX,2024-06-04,99 Cents Only Store LLC (Lawndale),99 Cents Only Store LLC (Bissonet),Houston,0.929,20,20,39639,39648
TX,2020-04-10,Willie's Grill & Icehouse - I35 South,Willie's Grill & Icehouse - North Loop,San Antonio,0.929,40,35,40633,40640
TX,2020-03-25,Quick Weight Loss Centers - Cinco Ranch,Quick Weight Loss Centers - HWY 6,Houston,0.929,4,4,41029,41037
TX,2016-05-26,"Lufkin Industries, LLC, (GE Oil & Gas-Gear Repair","Lufkin Industries, LLC, (GE Oil & Gas/Power Transmission)",Lufkin,0.929,44,213,45743,45744
MO,2020-04-27,Enterprise Holdings - Contact Center,Enterprise Holdings - Corporate,Multiple Locations,0.929,366,377,56011,56012
MO,2020-04-09,Asbury Automotive Group - Audi Creve Coeur,Asbury Automotive Group - Plaza Lexus Creve Coeur,Creve Coeur,0.929,24,51,56036,56041
NY,2020-06-24,"Columbus Restaurant Fund IV, LLC dba Porter House Bar and Grill","Columbus Restaurant Fund IV, LLC dba Center Bar",New York,0.929,87,11,58203,58204
NY,2020-05-21,"WeWork Companies, Inc. (Broad St.)","WeWork Companies, Inc. (W 40th St.)",New York,0.929,40,1,58405,58407
NY,2020-01-03,Catholic Guardian Services (202nd St.),Catholic Guardian Services (Davidson Ave.),Bronx,0.929,17,12,59884,59886
NY,2019-11-22,"WeWork Companies, Inc. (W 18th St.)","WeWork Companies, Inc. (Broad St.)",New York,0.929,423,250,59935,59936
NY,2019-02-28,Kuni's Corporation d/b/a Ikinari Steak (37 West 46th St),Kuni's Corporation d/b/a Ikinari Steak (Park),New York,0.929,9,1,60242,60246
NY,2018-06-01,Cardinal McCloskey Community Services - Head Start Programs (St. Martin of Tours),Cardinal McCloskey Community Services - Head Start Programs (Courtland Ave. - Child Development Center),Bronx,0.929,8,29,60565,60568
NY,2018-06-01,Cardinal McCloskey Community Services - Head Start Programs (Tolentine),Cardinal McCloskey Community Services - Head Start Programs (Courtland Ave. - Child Development Center),Bronx,0.929,33,29,60566,60568
NY,2017-05-01,IPRO Client Site (Corning),IPRO Client Site (Central),Albany,0.929,39,1,61018,61020
NY,2017-05-01,IPRO Client Site (Holland),IPRO Client Site (Central),Albany,0.929,5,1,61019,61020
CA,2025-07-17,"Primal Pet Foods, Inc. - Chadbourne","Primal Pet Foods, Inc. - Watt",,0.928,7,130,1411,1413
CA,2025-09-12,Agile Physical Therapy (Sutter Health Dublin Physical & Hand Therapy),Agile Physical Therapy (Sutter Health Sunnyvale Physical Therapy 1085),,0.928,7,23,1591,1594
CA,2025-10-31,Ceryx Management LLC (Sepulveda),Ceryx Management LLC (Western),,0.928,4,13,1897,1901
CA,2025-10-31,Ceryx Management LLC (Figueroa),Ceryx Management LLC (Western),,0.928,8,13,1899,1901
CA,2025-11-03,CommUnify - Filmore Center,CommUnify - Coronel Center,,0.928,4,1,1860,1878
CA,2026-02-03,HRL Laboratories,HRL Laboratories (Remote),,0.928,35,8,2132,2133
CA,2026-02-27,Heritage Bank of Commerce (Walnut Creek),Heritage Bank of Commerce (Morgan Hill),,0.928,4,1,2236,2243
CA,2026-02-27,Heritage Bank of Commerce (San Francisco),Heritage Bank of Commerce (Mateo),,0.928,3,5,2239,2240
CA,2026-03-12,Total Storage Solutions (Best RV & Self Storage),Total Storage Solutions (Aware Self Storage),,0.928,3,2,2246,2256
CA,2026-03-12,Total Storage Solutions (All Size Self Storage),Total Storage Solutions (Citrus Plaza Self Storage),,0.928,3,2,2251,2265
CA,2026-03-12,Total Storage Solutions (Aware Self Storage),Total Storage Solutions (Jefferson Self Storage),,0.928,2,4,2256,2259
CA,2026-04-17,YMCA Taylor Elementary School,YMCA Oakley Elementary School,,0.928,10,9,2396,2399
CA,2025-04-09,"Right at School, LLC (Crystal Middle)","Right at School, LLC (Sheldon Academy)",,0.928,2,3,3219,3229
CA,2025-04-09,"Right at School, LLC (Dover Elementary","Right at School, LLC (Fairview Elementary)",,0.928,16,8,3220,3221
CA,2025-06-02,Kaiser Foundation Hospitals - Harbor City,Kaiser Foundation Hospitals - Irvine,,0.928,1,1,3431,3437
CA,2025-06-02,Kaiser Foundation Hospitals - Yorba Linda,Kaiser Foundation Hospitals - Roseville,,0.928,1,1,3436,3438
CA,2024-05-01,Cue Health Inc. Moda North II,Cue Health Inc. Moda West,,0.928,5,4,4368,4369
CA,2022-12-19,Hazel Hawkins Community Health Center at San Juan Bautista,Hazel Hawkins Community Health Center,,0.928,5,18,4905,4907
CA,2021-12-16,Wyndham Hotels & Resorts dba La Quinta Irvine Spectrum with L.Q. Management LLC,Wyndham Hotels & Resorts dba La Quinta Fresno with L.Q. Management LLC,,0.928,20,20,5441,5447
CA,2021-12-16,Wyndham Hotels & Resorts dba La Quinta Fresno with L.Q. Management LLC,Wyndham Hotels & Resorts dba La Quinta San Diego- Miramar with L.Q. Management LLC,,0.928,20,16,5447,5452
CA,2021-12-16,Wyndham Hotels & Resorts dba La Quinta San Diego- Miramar with L.Q. Management LLC,Wyndham Hotels & Resorts dba La Quinta Thousand Oaks-Newbury Park with L.Q. Management LLC,,0.928,16,19,5452,5456
CA,2022-02-10,Wyndham Hotels & Resorts dba La Quinta Fremont with L.Q. Management LLC,Wyndham Hotels & Resorts dba La Quinta Irvine Spectrum with L.Q. Management LLC,,0.928,16,21,5503,5507
CA,2022-02-10,Wyndham Hotels & Resorts dba La Quinta Fresno with L.Q. Management LLC,Wyndham Hotels & Resorts dba La Quinta Irvine Spectrum with L.Q. Management LLC,,0.928,21,21,5504,5507
CA,2022-04-29,First Baptist Head Start-East Leland Center,First Baptist Head Start-Kid's Castle Center,,0.928,11,19,5595,5596
CA,2020-04-15,Neighborhood Healthcare - Rose Location,Neighborhood Healthcare - Finance Location,Escondido,0.928,3,6,8278,8281
CA,2020-03-26,Cinemark USA Inc. dba Century Hayward 12,Cinemark USA Inc. dba Century Southland Mall,Hayward,0.928,43,29,10212,10213
HI,2020-07-08,Hilton Grand Vacations Honolulu,Hilton Grand Vacations Waikoloa,,0.928,,,19431,19432
TX,2025-05-21,Child Care Associates (Carson),Child Care Associates (Morris Foundation),Fort Worth,0.928,14,17,39383,39388
TX,2025-05-21,Child Care Associates (Reagan),Child Care Associates (Diamond Road),Fort Worth,0.928,14,13,39385,39387
TX,2025-05-21,Child Care Associates (Blanche),Child Care Associates (JA Hargrave),Fort Worth,0.928,17,19,39390,39392
TX,2025-03-26,Waco Family Medicine (Meyer Center),Waco Familly Medicine (MCC),Waco,0.928,52,52,39431,39435
TX,2024-06-04,99 Cents Only Store LLC (W. Greens Rd),99 Cents Only Store LLC (Lawndale),Houston,0.928,20,20,39635,39639
TX,2024-06-04,99 Cents Only Store LLC (Bellaire),99 Cents Only Store LLC (Easttex Frwy),Houston,0.928,20,20,39638,39640
TX,2024-06-04,99 Cents Only Store LLC (Bellaire),99 Cents Only Store LLC (Almeda Genoa),Houston,0.928,20,20,39638,39649
TX,2013-08-12,SER Jobs for Progress-E. Houston,SER Jobs for Progress-S. Flores St.,San Antonio,0.928,20,27,45118,45121
TX,2013-08-12,SER Jobs for Progress-Dolorosa,SER Jobs for Progress-Walzem Rd.,San Antonio,0.928,,17,45122,45127
TX,2015-11-13,"Topsail Staffing, LLC-HealthPRO-Emerald Dr.","Topsail Staffing, LLC-HealthPPO-Preston Rd.",Dallas,0.928,15,15,45584,45585
TX,2016-03-15,Trinity Rail-Trinity Tank Car-Harrison Rd.,Trinity Rail-Trinity Tank Car-Jordan Valley,Longview,0.928,228,236,45672,45683
WI,2024-01-23,HSHS Sacred Heart Hospital Eau Claire,HSHS Sacred Heart Hospital Eau Claire at Phillips-Medisize,Menomonie,0.928,1,1,70800,70802
NY,2020-06-10,Hyatt Corporation dba Andaz Wall Street,Hyatt Corporation dba Andaz Fifth Avenue,New York,0.928,114,134,58295,58296
NY,2018-06-01,Cardinal McCloskey Community Services - Head Start Programs (Sacred Heart),Cardinal McCloskey Community Services - Head Start Programs (Courtland Ave. - Child Development Center),Bronx,0.928,34,29,60563,60568
NY,2016-06-22,New York Life Insurance Company - Technology Operations,New York Life Insurance Company - Information Technology Operations,New York,0.928,7,20,61270,61272
NY,2016-04-26,Restaurant Associates @ Equinox 1 Park,Restaurant Associates @ Equinox Columbus,New York,0.928,6,8,61324,61327
NY,2016-04-26,Restaurant Associates @ Equinox Printing,Restaurant Associates @ Equinox 53rd Street,New York,0.928,10,2,61328,61331
OK,2002-02-12,Siemens Health Services,Siemans Health Services,,0.928,34,34,68250,68251
NY,2014-03-17,"1 Prospect Park,","1 Prospect Park, ALF LLC.",Kings,0.928,68,68,88290,88292
CA,2025-10-23,"Applied Materials, Inc. (3050 Bowers Ave)","Applied Materials, Inc. (Remote)",,0.927,38,15,1729,1743
CA,2025-10-23,"Applied Materials, Inc. (3100 Bowers Ave)","Applied Materials, Inc. (Remote)",,0.927,21,15,1730,1743
CA,2025-11-03,CommUnify - Filmore Center,CommUnify - Los Padres Center,,0.927,4,4,1860,1870
CA,2026-01-27,"Catholic Charities, Diocese of San Diego - Mission Valley ASIP","Catholic Charities, Diocese of San Diego - San Diego Migrant Shelter",,0.927,45,7,2052,2055
CA,2026-01-27,"Catholic Charities, Diocese of San Diego - MG Suite B","Catholic Charities, Diocese of San Diego - San Diego Migrant Shelter",,0.927,11,7,2054,2055
CA,2026-02-13,De La Pena Eye Clinic - DLP El Monte,De La Pena Eye Clinic - DLP Van Nuys,,0.927,5,19,2167,2172
CA,2026-02-27,Heritage Bank of Commerce (Livermore),Heritage Bank of Commerce (Oakland),,0.927,1,1,2233,2234
CA,2026-02-27,Heritage Bank of Commerce (Livermore),Heritage Bank of Commerce (Walnut Creek),,0.927,1,4,2233,2236
CA,2026-02-27,Heritage Bank of Commerce (Walnut Creek),Heritage Bank of Commerce (Hollister),,0.927,4,1,2236,2238
CA,2026-02-27,Heritage Bank of Commerce (San Francisco),Heritage Bank of Commerce (Los Altos),,0.927,3,1,2239,2242
CA,2026-02-27,Heritage Bank of Commerce (Morgan Hill),Heritage Bank of Commerce (Remote-San Jose),,0.927,1,12,2243,2244
CA,2026-03-12,Total Storage Solutions (All Size Self Storage),Total Storage Solutions (All Size Laguna Niguel),,0.927,3,3,2251,2252
CA,2026-04-02,Good Sports Plus Ltd. dba Arc - Desert Valley High School,Good Sports Plus Ltd. dba Arc - Central Union High School,,0.927,3,3,2326,2327
CA,2026-04-27,Quixote Studio Services - Sylmar North,Quixote Studio Services - West Hollywood,,0.927,17,10,2448,2450
CA,2026-04-27,Quixote Studio Services - Sylmar South,Quixote Studio Services - West Hollywood,,0.927,3,10,2449,2450
CA,2026-05-13,Boys & Girls Club of the LA Harbor - Banning High,Boys & Girls Club at the LA Harbor - Narbonne High School,,0.927,5,2,2483,2501
CA,2026-05-13,Boys & Girls Club of the LA Harbor - Park Western Elementary,Boys & Girls Club of the LA Harbor - Environmental Charter MS,,0.927,8,4,2492,2498
CA,2026-06-01,"HealthCare Partners Medical Group, P.C.","HealthCare Partners Group, P.C.",,0.927,1,1,2548,2553
CA,2026-06-03,"Uber Technologies, Inc. (1655 3rd Street)","Uber Technologies, Inc. (Remote)",,0.927,2,5,2610,2612
CA,2025-04-09,Right at School. LLC (Grange Middle),"Right at School, LLC (Green Valley Middle)",,0.927,3,5,3222,3223
CA,2025-06-02,Kaiser Foundation Hospitals - 75 Fair Oaks Ave.,Kaiser Foundation Hospitals - Roseville,,0.927,2,1,3434,3438
CA,2025-06-02,Kaiser Foundation Hospitals - 75 Fair Oaks Ave.,Kaiser Foundation Hospitals - San Diego,,0.927,2,1,3434,3439
CA,2023-12-14,CalPac Pizza II LLC dba Pizza Hut,CalPac Pizza dba Pizza Hut,,0.927,6,5,3959,3971
CA,2024-06-24,"Ginkgo Bioworks, Inc. - Suite 401","Ginkgo Bioworks, Inc.",,0.927,10,3,4478,4479
CA,2022-11-15,Silicon Valley TMS of Mountain View,Silicon Valley TMS of San Jose,,0.927,7,14,4756,4761
CA,2021-12-16,Wyndham Hotels & Resorts dba La Quinta Anaheim with L.Q. Management LLC,Wyndham Hotels & Resorts dba La Quinta Sacramento- Downtown with L.Q. Management LLC,,0.927,20,20,5439,5450
CA,2021-12-16,Wyndham Hotels & Resorts dba La Quinta Orange County Airport with L.Q. Management LLC,Wyndham Hotels & Resorts dba La Quinta San Diego- Miramar with L.Q. Management LLC,,0.927,19,16,5442,5452
CA,2021-12-16,Wyndham Hotels & Resorts dba La Quinta Ontario Airport with L.Q. Management LLC,Wyndham Hotels & Resorts dba La Quinta San Diego- Miramar with L.Q. Management LLC,,0.927,25,16,5451,5452
CA,2022-04-29,First Baptist Head Start-Lone Tree Center,First Baptist Head Start-Odessa Center,,0.927,7,3,5599,5600
CA,2020-04-13,Trumpet Behavioral Health Facility,Trumpet Behavioral Health - Palo Alto,San Bruno,0.927,64,14,5798,8180
CA,2020-06-08,Sunroad CV Auto Inc. - Toyota Chula Vista,Sunroad Cv Auto Inc Toyota,Chula Vista,0.927,2,2,6599,7804
CA,2020-03-31,Hardin Automotive dba Hardin Buick Pontiac GMC,Hardin Automotive dba Hardin Honda,Anaheim,0.927,57,112,10508,10509
NE,2019-08-02,Eakes Office Solutions Corporation,Eakes Office Solutions x,York,0.927,3,3,32057,52978
TX,2025-05-28,Texana Center University Group Home,Texana Center Maude Group Home,Wharton,0.927,5,4,39376,39377
TX,2024-06-04,99 Cents Only Store LLC (Lawndale),99 Cents Only Store LLC (Gessner),Houston,0.927,20,20,39639,39647
TX,2020-04-10,Willie's Grill & Icehouse - Katy Fwy,Willie's Grill & Icehouse - 1960 RD,Houston,0.927,40,29,40641,40648
TX,2002-01-25,"Ericsson, Inc. - Plano","Ericsson, Inc.",Plano,0.927,1,18,42126,42128
TX,2003-11-19,The Hanover Company - Houston2,The Hanover Company,Houston,0.927,28,28,42798,42800
TX,2003-11-19,The Hanover Company - Houston3,The Hanover Company,Houston,0.927,27,28,42799,42800
TX,2010-01-12,Radiology Associates - AMI - Medical Center,Radiology Associates - AMI - Village Drive,San Antonio,0.927,11,11,44396,44402
TX,2015-07-31,Dynamic Workforce Solutions- Houston St.,Dynamic Workforce Solutions - S. Flores,San Antonio,0.927,18,46,45501,45510
TX,2015-07-31,Dynamic Workforce Solutions - Marbach,Dynamic Workforce Solutions - S. Flores,San Antonio,0.927,17,46,45505,45510
NY,2022-11-29,Reverse Mortgage Funding LLC - Long Island Region,Reverse Mortgage Funding LLC - Mid-Hudson Region,,0.927,,,57522,57527
NY,2020-09-17,"Compass Group USA, Inc. d/b/a Flik Hospitality (at One Manhattan West, NYC","Compass Group USA, Inc. d/b/a Flik Hospitality (at 1 Liberty Pl., NYC)",New York,0.927,45,40,57915,57918
NY,2020-05-21,"WeWork Companies, Inc. (Greenwich St.)","WeWork Companies, Inc. (W 40th St.)",New York,0.927,1,1,58406,58407
NY,2020-03-25,"MC Apple, LLC","BTM Apple, LLC",Bronx,0.927,21,69,59291,59300
NY,2020-03-21,Carroll Group NYC LLC dba Saint Anselm,Carroll Group NYC LLC dba Fette Sau,Brooklyn,0.927,29,21,59431,59432
NY,2020-03-21,Carroll Group NYC LLC dba Saint Anselm,Carroll Group NYC LLC dba Spuyten Duyvil,Brooklyn,0.927,29,12,59431,59437
NY,2020-03-17,NAYA Express Inc.,NAYA Express III NY LLC,New York,0.927,37,27,59653,59655
NY,2020-02-04,Macy's Inc. (NYC Corporate Office) Penn Plaza,Macy's Inc. (NYC Corporate Office) 1440 Broadway,New York,0.927,206,92,59826,59828
NY,2020-01-24,Fairway Group Holdings Corp. (Corporate Office),Fairway Group Holdings Corp. (Chelsea),New York,0.927,9,103,59840,59847
NY,2019-11-22,"WeWork Companies, Inc. (W 18th St.)","WeWork Companies, Inc. (Greenwich St.)",New York,0.927,423,14,59935,59941
NY,2019-11-22,"WeWork Companies, Inc. (Greenwich St.)","WeWork Companies, Inc. (7th Ave)",New York,0.927,14,20,59941,59943
NY,2017-05-01,IPRO Client Site (Western),IPRO Client Site (Washington),Albany,0.927,2,104,61017,61021
CA,2025-07-17,"Primal Pet Foods, Inc. - Chadbourne","Primal Pet Foods, Inc.",,0.926,7,10,1411,1412
CA,2025-08-04,University of Southern California Norris Cancer Hospital,University of Southern California DTLA Clinic,,0.926,10,1,1447,1453
CA,2025-09-14,University of Southern California (Health Sciences Campus),University of Southern California (HC2),,0.926,151,1,1560,1561
CA,2025-11-03,CommUnify - Maple Center,CommUnify - Oak Valley Center,,0.926,3,1,1862,1863
CA,2026-02-27,Heritage Bank of Commerce (Livermore),Heritage Bank of Commerce (Remote-San Jose),,0.926,1,12,2233,2244
CA,2026-03-12,Total Storage Solutions (Studebaker Self Storage),Total Storage Solutions (Beaumont Self Storage),,0.926,3,3,2249,2258
CA,2026-03-18,"Lodging Dynamics Hospitality Group, LLC (Courtyard & TownePlace Suites)","Lodging Dynamics Hospitality Group, LLC (Midici Restaurant)",,0.926,97,9,2266,2267
CA,2026-05-13,Boys & Girls Club of the LA Harbor - Wilmington Club,Boys & Girls Club of the LA Harbor - Fleming Middle School,,0.926,3,7,2488,2499
CA,2026-05-13,Boys & Girls Club of the LA Harbor - Dana Middle School,Boys & Girls Club of the LA Harbor - Environmental Charter MS,,0.926,3,4,2491,2498
CA,2026-05-13,Boys & Girls Club of the LA Harbor - Dana Middle School,Boys & Girls Club at the LA Harbor - Narbonne High School,,0.926,3,2,2491,2501
CA,2026-06-25,Adventist Health Ukiah Valley,Adventist Health Vallejo,,0.926,5,3,2655,2661
CA,2024-04-29,Google US-SFO-FRE199,Google US-SFO-SPE,,0.926,1,26,4343,4346
CA,2024-04-29,Google US-SFO-FRE215,Google US-SFO-SPE,,0.926,14,26,4344,4346
CA,2025-06-02,Kaiser Foundation Hospitals - 393 E. Walnut,Kaiser Foundation Hospitals - Vallejo,,0.926,2,1,3433,3441
CA,2024-01-10,Google US-SFO-FRE215,Google US-SFO-SPE,,0.926,23,26,4041,4043
CA,2024-05-02,PT Solutions at Adventist Health Delano,PT Solutions at Adventist Health Tehachapi Valley,,0.926,4,5,4353,4354
CA,2021-12-16,Wyndham Hotels & Resorts dba La Quinta Buena Park with L.Q. Management LLC,Wyndham Hotels & Resorts dba La Quinta San Diego- Miramar with L.Q. Management LLC,,0.926,25,16,5440,5452
CA,2021-12-16,Wyndham Hotels & Resorts dba La Quinta Los Angeles- LAX Airport with L.Q. Management LLC,Wyndham Hotels & Resorts dba La Quinta San Diego- Miramar with L.Q. Management LLC,,0.926,61,16,5448,5452
CA,2021-12-16,Wyndham Hotels & Resorts dba La Quinta Ontario Airport with L.Q. Management LLC,Wyndham Hotels & Resorts dba La Quinta San Diego- Vista with L.Q. Management LLC,,0.926,25,20,5451,5454
CA,2020-04-29,Sunroad MV Auto Inc,Sunroad Auto,San Diego,0.926,8,1,7953,8709
CO,2023-02-27,Aspen Sports Snowmass Mall,Aspen Sports Snowmass Retail Store,,0.926,13,3,15618,15621
CO,2020-03-30,Colorado Athletic Club - DTC,Colorado Athletic Club - Inverness,Arapahoe/Dougless,0.926,115,135,15821,15823
HI,2020-09-03,"FOH Hospitality, LLC; Westin Kaanapali Ocean Resort","FOH Hospitality, LLC; Westin Nanea Ocean Resort & Villas",,0.926,,,19494,19495
TX,2025-07-31,"Southwest Key Programs, Inc. (Houston HQ)","Southwest Key Programs, Inc. (Casa Sunzal)",Houston,0.926,11,223,39309,39311
TX,2025-05-21,Child Care Associates (Rosedale V),Child Care Associates (Blanche),Fort Worth,0.926,16,17,39386,39390
TX,2025-05-21,Child Care Associates (JA Hargrave),Child Care Associates (Everman),Fort Worth,0.926,19,9,39392,39393
TX,2024-06-04,99 Cents Only Store LLC (Stella Link),99 Cents Only Store LLC (Gessner),Houston,0.926,20,20,39633,39647
TX,2024-06-04,99 Cents Only Store LLC (Gessner),99 Cents Only Store LLC (Almeda Genoa),Houston,0.926,20,20,39647,39649
TX,2009-04-16,Wackenhut Corporation - Round Rock Mail Room,Wackenhut Corporation - Corridor Park 7,Austin,0.926,10,10,44147,44151
TX,2009-04-16,Wackenhut Corporation - Round Rock Mail Room,Wackenhut Corporation - Corridor Park 9,Austin,0.926,10,10,44147,44155
MO,2020-04-09,Asbury Automotive Group - Plaza Infiniti Creve Coeur,Asbury Automotive Group - Plaza Lexus Creve Coeur,Creve Coeur,0.926,20,51,56040,56041
NY,2021-09-29,Concordia College,Concordia College (Phase 6),,0.926,,,56951,56956
NY,2021-09-29,Concordia College,Concordia College (Phase 4),,0.926,,,56951,57340
NY,2020-06-10,Hyatt Corporation dba Park Hyatt,Hyatt Corporation dba Parker New York,New York,0.926,264,366,58291,58294
NY,2020-06-10,Hyatt Corporation dba Park South,Hyatt Corporation dba Parker New York,New York,0.926,57,366,58293,58294
NY,2020-05-21,"WeWork Companies, Inc. (Broad St.)","WeWork Companies, Inc. (1450 Broadway)",New York,0.926,40,1,58405,58410
NY,2020-03-05,"Modell's II, Inc. (Modell's Sporting Goods) Support Center","Modell's II, Inc. (Modell's Sporting Goods) New York City Retail Stores",New York,0.926,141,787,59763,59765
NY,2020-01-24,Fairway Group Holdings Corp. (Harlem),Fairway Group Holdings Corp. (Upper East Side),New York,0.926,160,277,59844,59846
NY,2020-01-24,Fairway Group Holdings Corp. (Upper West Side),Fairway Group Holdings Corp. (Kips Bay),New York,0.926,337,152,59845,59848
NY,2019-11-22,"WeWork Companies, Inc. (Broad St.)","WeWork Companies, Inc. (1450 Broadway)",New York,0.926,250,16,59936,59940
NY,2019-11-22,"WeWork Companies, Inc. (Broad St.)","WeWork Companies, Inc. (1619 Broadway)",New York,0.926,250,73,59936,59945
NY,2019-11-22,"WeWork Companies, Inc. (49th St.)","WeWork Companies, Inc. (Greenwich St.)",New York,0.926,23,14,59939,59941
NY,2019-02-28,Kuni's Corporation d/b/a Ikinari Steak (37 West 46th St),Kuni's Corporation d/b/a Ikinari Steak (Lexington),New York,0.926,9,11,60242,60245
CA,2025-08-15,Adventist Health Glendale,Adventist Health 1,,0.925,58,296,1480,1481
CA,2025-09-12,Agile Physical Therapy (Sutter Health Dublin Physical & Hand Therapy),Agile Physical Therapy (Sutter Health Fremont Physical Therapy & Hand Therapy),,0.925,7,24,1591,1592
CA,2026-02-13,De La Pena Eye Clinic - DLP Huntington Park,De La Pena Eye Clinic - DLP Long Beach,,0.925,15,3,2168,2169
CA,2026-02-13,De La Pena Eye Clinic - DLP Huntington Park,De La Pena Eye Clinic - DLP Van Nuys,,0.925,15,19,2168,2172
CA,2026-03-12,Total Storage Solutions (Best RV & Self Storage),Total Storage Solutions (Crenshaw Self Storage),,0.925,3,2,2246,2247
CA,2026-03-12,Total Storage Solutions (Best RV & Self Storage),Total Storage Solutions (All Size Self Storage),,0.925,3,3,2246,2251
CA,2026-03-12,Total Storage Solutions (Best RV & Self Storage),Total Storage Solutions (Beaumont Self Storage),,0.925,3,3,2246,2258
CA,2026-03-12,Total Storage Solutions (Crenshaw Self Storage),Total Storage Solutions (Jefferson Self Storage),,0.925,2,4,2247,2259
CA,2026-03-12,Total Storage Solutions (Studebaker Self Storage),Total Storage Solutions (Citrus Plaza Self Storage),,0.925,3,2,2249,2265
CA,2026-03-12,Total Storage Solutions (All Size Self Storage),Total Storage Solutions (Beaumont Self Storage),,0.925,3,3,2251,2258
CA,2026-03-12,Total Storage Solutions (Townsend Self Storage),Total Storage Solutions (Jefferson Self Storage),,0.925,3,4,2254,2259
CA,2026-03-12,Total Storage Solutions (Jefferson Self Storage),Total Storage Solutions (E Street Self Storage),,0.925,4,2,2259,2264
CA,2026-03-12,Total Storage Solutions (Riverside Self Storage),Total Storage Solutions (E Street Self Storage),,0.925,4,2,2263,2264
CA,2026-04-27,Quixote Studio Services - North Valley Campus A,Quixote Studio Services - Sun valley,,0.925,9,4,2445,2447
CA,2026-04-27,Quixote Studio Services - North Valley Campus A,Quixote Studio Services - Sylmar North,,0.925,9,17,2445,2448
CA,2026-04-27,Quixote Studio Services - North Valley Campus A,Quixote Studio Services - Sylmar South,,0.925,9,3,2445,2449
CA,2026-04-27,Quixote Studio Services - Sun valley,Quixote Studio Services - West Hollywood,,0.925,4,10,2447,2450
CA,2026-05-13,Boys & Girls Club of the LA Harbor - Barton Hill Elementary,Boys & Girls Club of the La Harbor - Cheryl Green/Torrance Club,,0.925,3,1,2490,2497
CA,2025-06-02,Kaiser Foundation Hospitals - 99 S Oakland Ave,Kaiser Foundation Hospitals - Yorba Linda,,0.925,5,1,3435,3436
CA,2023-12-14,PacPartners dba Pizza Hut,PacPizza dba Pizza Hut,,0.925,8,2,3958,3964
CA,2021-12-16,Wyndham Hotels & Resorts dba La Quinta Anaheim with L.Q. Management LLC,Wyndham Hotels & Resorts dba La Quinta Irvine Spectrum with L.Q. Management LLC,,0.925,20,20,5439,5441
CA,2021-12-16,Wyndham Hotels & Resorts dba La Quinta Irvine Spectrum with L.Q. Management LLC,Wyndham Hotels & Resorts dba La Quinta Fremont with L.Q. Management,,0.925,20,13,5441,5446
CA,2021-12-16,Wyndham Hotels & Resorts dba La Quinta Orange County Airport with L.Q. Management LLC,Wyndham Hotels & Resorts dba La Quinta Ventura with L.Q. Management LLC,,0.925,19,20,5442,5457
CA,2021-12-16,Wyndham Hotels & Resorts dba La Quinta Fresno with L.Q. Management LLC,Wyndham Hotels & Resorts dba La Quinta Ontario Airport with L.Q. Management LLC,,0.925,20,25,5447,5451
CA,2021-12-16,Wyndham Hotels & Resorts dba La Quinta Los Angeles- LAX Airport with L.Q. Management LLC,Wyndham Hotels & Resorts dba La Quinta San Diego- Chula Vista with L.Q. Management LLC,,0.925,61,28,5448,5453
CA,2021-12-16,Wyndham Hotels & Resorts dba La Quinta Sacramento- Rancho Cordova with L.Q. Management LLC,Wyndham Hotels & Resorts dba La Quinta San Diego- Miramar with L.Q. Management LLC,,0.925,20,16,5449,5452
CA,2021-12-16,Wyndham Hotels & Resorts dba La Quinta San Diego- Miramar with L.Q. Management LLC,Wyndham Hotels & Resorts dba La Quinta Ventura with L.Q. Management LLC,,0.925,16,20,5452,5457
CA,2022-02-10,Wyndham Hotels & Resorts dba La Quinta Anaheim with L.Q. Management LLC,Wyndham Hotels & Resorts dba La Quinta Irvine Spectrum with L.Q. Management LLC,,0.925,19,21,5505,5507
CA,2020-04-01,Air Canada,Air Canada Cargo,San Francisco,0.925,63,2,9815,9816
CA,2020-04-08,Restec Contractors Inc. at SFO ITB A&G,Restec Contractors Inc. at Uber Mission Bay,San Francisco,0.925,1,2,9347,9348
CA,2015-05-28,"Campesinos Unidos, Inc. - Claudio","Campesinos Unidos, Inc. - Head Start",El Centro,0.925,13,12,15387,15388
CO,2020-05-04,Breckenridge Ski Resort,Breckenridge SSBRK,Rural Resort,0.925,24,55,15809,15810
HI,2020-03-31,Meadow Gold Dairies Honolulu,Meadow Gold Dairies Maui,,0.925,,,19338,19341
TX,2025-07-31,"Equus Workforce Solutions-Camp Wisdom (Arbor E&T, LLC)","Equus Workforce Solutions-Malcolm X Blvd.(Arbor E&T, LLC)",Dallas,0.925,1,16,39298,39304
TX,2024-11-19,Advanced Auto Parts (Mccart Ave.),Advanced Auto Parts (Camp Bowie),Fort Worth,0.925,9,11,39504,39506
TX,2024-06-04,99 Cents Only Store LLC (W. Greens Rd),99 Cents Only Store LLC (North Freeway),Houston,0.925,20,20,39635,39636
TX,2024-06-04,99 Cents Only Store LLC (Bellaire),99 Cents Only Store LLC (Jones Road),Houston,0.925,20,20,39638,39644
TX,2006-08-09,SERCO - Northside Workforce Center,SERCO - Westside Workforce Center,Ft. Worth,0.925,16,10,43351,43360
TX,2009-04-16,Wackenhut Corporation - Parmer South 1-4,Wackenhut Corporation - AUS HVC,Austin,0.925,10,10,44150,44152
TX,2010-01-12,Radiology Associates - AMI - Medical Center,Radiology Associates - AMI - Stone Oak,San Antonio,0.925,11,11,44396,44397
TX,2010-01-12,Radiology Associates - AMI - Medical Center,Radiology Associates - AMI - Northeast,San Antonio,0.925,11,11,44396,44400
VA,2020-04-03,Asbury Automotive Group-Richmond BMW,Asbury Automotive Group-Crown Acura,Richmond VA,0.925,11,8,49230,49232
NY,2021-08-30,Concordia College (Phase 6) - Mid-Hudson Region,Concordia College - Mid-Hudson Region,,0.925,,,57661,57662
NY,2020-05-22,Summit Manufacturing (Warehouse),Summit Manufacturing,Bay Shore,0.925,,75,58397,58398
NY,2020-04-08,Moose Goose Holding Inc. dba The Grey Dog (West 16th Street),Moose Goose Holding Inc. dba The Grey Dog (University Place),New York,0.925,57,31,58789,58792
NY,2020-03-13,"WeWork Companies, Inc. (W. 18th Street)","WeWork Companies, Inc. (Broad Street)",New York,0.925,29,3,59748,59749
NY,2020-03-13,"WeWork Companies, Inc. (W. 18th Street)","WeWork Companies, Inc. (Hudson Street)",New York,0.925,29,6,59748,59751
NY,2019-07-18,Spruce & Bond (HBG employees) Bond St.,Spruce & Bond (HBG employees) Amsterdam Ave,New York,0.925,4,1,60081,60083
NY,2019-03-26,PVH - Tommy Hilfiger (Madison Avenue),PVH - Tommy Hilfiger (Fifth Avenue),New York,0.925,2,76,60199,60200
OK,2009-01-26,Thermu Tru,Thermu Tru Doors,,0.925,220,220,68138,68139
CA,2025-10-13,Blue shield of California 601,Blue Shield of California Building C,,0.924,31,18,1668,1669
CA,2025-10-31,Ceryx Management LLC (Blackstone),Ceryx Management LLC (Hoover),,0.924,39,3,1896,1900
CA,2025-11-03,CommUnify - Filmore Center,CommUnify - I Center,,0.924,4,6,1860,1861
CA,2026-02-13,De La Pena Eye Clinic - DLP Long Beach,De La Pena Eye Clinic - DLP Santa Ana,,0.924,3,6,2169,2173
CA,2026-02-27,Heritage Bank of Commerce (Livermore),Heritage Bank of Commerce (San Rafael),,0.924,1,3,2233,2237
CA,2026-02-27,Heritage Bank of Commerce (Livermore),Heritage Bank of Commerce (Los Altos),,0.924,1,1,2233,2242
CA,2026-03-12,Total Storage Solutions (Crenshaw Self Storage),Total Storage Solutions (Citrus Plaza Self Storage),,0.924,2,2,2247,2265
CA,2026-03-12,Total Storage Solutions (Townsend Self Storage),Total Storage Solutions (E Street Self Storage),,0.924,3,2,2254,2264
CA,2026-03-12,Total Storage Solutions (Aware Self Storage),Total Storage Solutions (Beaumont RV & Self Storage),,0.924,2,3,2256,2257
CA,2026-03-12,Total Storage Solutions (Tri-City Self Storage),Total Storage Solutions (E Street Self Storage),,0.924,3,2,2261,2264
CA,2026-05-13,Boys & Girls Club of the LA Harbor - Gulf Ave Elementary,Boys & Girls Club of the La Harbor - Cheryl Green/Torrance Club,,0.924,1,1,2485,2497
CA,2026-06-25,Adventist Health Bakersfield,Adventist Health Roseville,,0.924,15,2,2644,2657
CA,2026-06-25,Adventist Health Glendale,Adventist Health Vallejo,,0.924,12,3,2650,2661
CA,2023-09-12,Kaiser Foundation Hospitals-Los Robles,Kaiser Foundation Hospitals - Harrison,,0.924,1,4,3707,3710
CA,2024-05-01,Cue Health Inc. Waples,Cue Health Inc. Vista,,0.924,64,15,4371,4372
CA,2022-11-15,Silicon Valley TMS of East Bay,Silicon Valley TMS of Corte Madera,,0.924,6,3,4755,4763
CA,2022-11-15,Silicon Valley TMS of San Jose,Silicon Valley TMS of Monterey Bay,,0.924,14,9,4761,4762
CA,2023-01-05,Cue Health - Waples II,Cue Health - Vista II,,0.924,4,3,4848,4850
CA,2021-12-16,Wyndham Hotels & Resorts dba La Quinta Buena Park with L.Q. Management LLC,Wyndham Hotels & Resorts dba La Quinta San Diego- Vista with L.Q. Management LLC,,0.924,25,20,5440,5454
CA,2021-12-16,Wyndham Hotels & Resorts dba La Quinta Buena Park with L.Q. Management LLC,Wyndham Hotels & Resorts dba La Quinta Thousand Oaks-Newbury Park with L.Q. Management LLC,,0.924,25,19,5440,5456
CA,2021-12-16,Wyndham Hotels & Resorts dba La Quinta Irvine Spectrum with L.Q. Management LLC,Wyndham Hotels & Resorts dba La Quinta Orange County Airport with L.Q. Management LLC,,0.924,20,19,5441,5442
CA,2021-12-16,Wyndham Hotels & Resorts dba La Quinta Fresno with L.Q. Management LLC,Wyndham Hotels & Resorts dba La Quinta Sacramento- Downtown with L.Q. Management LLC,,0.924,20,20,5447,5450
CA,2021-12-16,Wyndham Hotels & Resorts dba La Quinta Sacramento- Rancho Cordova with L.Q. Management LLC,Wyndham Hotels & Resorts dba La Quinta San Diego- Chula Vista with L.Q. Management LLC,,0.924,20,28,5449,5453
CA,2020-04-15,Neighborhood Healthcare - Prenatal Location,Neighborhood Healthcare - Ivy Location,Escondido,0.924,1,1,8277,8282
CA,2020-03-27,Angels Baseball LP,Angels Baseball LP Operations,Anaheim,0.924,1,1,5877,5914
HI,2020-03-31,Meadow Gold Dairies Kailua-Kona,Meadow Gold Dairies Lihue,,0.924,,,19339,19340
MA,2026-07-09,"SDH Education East, LLC (aka Sodexo at Bentley University)","SDH Education East, LLC (aka Sodexo)","Waltham, MA, Metro Southwest",0.924,173,173,27554,61693
OR,2021-07-30,First Transit - Portland,First Transit - Multnomah,Portland,0.924,170,127,36047,36048
TX,2024-08-08,ABM Texas (TCC Northwest),ABM Texas (TCC Trinity),Fort Worth,0.924,23,23,39573,39576
TX,2024-06-04,99 Cents Only Store LLC (Stella Link),99 Cents Only Store LLC (Almeda Genoa),Houston,0.924,20,20,39633,39649
TX,2010-01-12,Radiology Associates - AMI - Four Season's Breast,Radiology Associates - AMI - Stone Oak,San Antonio,0.924,10,11,44393,44397
MO,2020-03-23,Alamo Drafthouse Cinema - Springfield,Alamo Drafthouse Cinema,Springfield,0.924,207,207,56074,56076
NY,2022-09-16,"Sanzo Beverage Company, Inc.","Sanzo Beverage Company, Inc. - Western Region",,0.924,,,57175,57567
NY,2023-03-17,Upward Enterprises Inc. DBA Upward Farms - New York City Region,Upward Enterprises Inc. DBA name of Upward Farms. - New York City Region,,0.924,,,57477,57479
NY,2020-03-30,The Marlow Collective dba Achilles Heel,The Marlow Collective dba Diner,Brooklyn,0.924,14,25,59048,59070
NY,2020-01-13,"Opening Ceremony, LLC (Howard Street)","Opening Ceremony, LLC (Broadway)",New York,0.924,42,8,59869,59870
NY,2020-01-03,Catholic Guardian Services (202nd St.),Catholic Guardian Services (Grand Concourse),Bronx,0.924,17,5,59884,59887
NY,2019-09-09,Catholic Guardian Services (Co-Op City),Catholic Guardian Services (Victor Street),Bronx,0.924,34,31,60040,60041
NY,2019-09-09,Catholic Guardian Services (Co-Op City),Catholic Guardian Services (Lacombe Ave),Bronx,0.924,34,28,60040,60043
NY,2019-09-09,Catholic Guardian Services (Victor Street),Catholic Guardian Services (Zerega Ave),Bronx,0.924,31,21,60041,60044
NY,2019-09-09,Catholic Guardian Services (243rd Street),Catholic Guardian Services (Zerega Ave),Bronx,0.924,24,21,60042,60044
NY,2019-03-13,Instacart (at Whole Foods Market) Greenwich Street,Instacart (at Whole Foods Market) (West 125th Street),New York,0.924,26,21,60213,60219
NY,2019-02-28,Kuni's Corporation d/b/a Ikinari Steak (Lexington),Kuni's Corporation d/b/a Ikinari Steak (368 W 46th St),New York,0.924,11,16,60245,60247
NY,2018-10-24,"Fedcap Rehabilitation Services, Inc. (WeCARE Program) (NarcoFreedom WeCARE Clinic)","Fedcap Rehabilitation Services, Inc. (WeCARE Program)(Gertz Plaza)",Brooklyn,0.924,18,59,60380,60384
NY,2016-06-22,New York Life Insurance Company - Finance Operations,New York Life Insurance Company - Information Technology Operations,New York,0.924,7,20,61271,61272
NY,2016-04-26,Restaurant Associates @ Equinox 53rd Street,Restaurant Associates @ Equinox Brookfield,New York,0.924,2,5,61331,61335
CO,2023-02-27,SSI Venture/Aspen Sports (Aggregated),SSI Venture/Aspen Sport,RR (Aspen),0.924,69,4,68464,68465
NY,2010-01-11,"Foot Locker Retail, Inc. Office","Foot Locker Retail, Inc. Office (Lady Foot Locker)",New York,0.924,42,42,88041,88043
CA,2025-10-08,Ballast Point Brewing Company - Miramar Location,Ballast Point Brewing Company - Little Italy Location,,0.923,29,8,1660,1661
CA,2025-10-31,Ceryx Management LLC (Sepulveda),Ceryx Management LLC (Figueroa),,0.923,4,8,1897,1899
CA,2025-11-03,CommUnify - Maple Center,CommUnify - Goleta Center,,0.923,3,2,1862,1880
CA,2025-11-03,CommUnify - Oak Valley Center,CommUnify - Los Adobes Center,,0.923,1,1,1863,1869
CA,2025-11-03,CommUnify - Meridian Center,CommUnify - Coronel Center,,0.923,2,1,1871,1878
CA,2026-02-02,"IPIC Theaters, LLC - Westwood","IPIC Theaters, LLC - Pasadena",,0.923,103,91,2203,2204
CA,2026-02-27,Heritage Bank of Commerce (Danville),Heritage Bank of Commerce (San Francisco),,0.923,4,3,2235,2239
CA,2026-02-27,Heritage Bank of Commerce (San Francisco),Heritage Bank of Commerce (Morgan Hill),,0.923,3,1,2239,2243
CA,2026-03-12,Total Storage Solutions (Arcadia 210 Self Storage),Total Storage Solutions (Tri-City Self Storage),,0.923,1,3,2250,2261
CA,2026-03-12,Total Storage Solutions (Aware Self Storage),Total Storage Solutions (Riverside Self Storage),,0.923,2,4,2256,2263
CA,2026-03-18,"Lodging Dynamics Hospitality Group, LLC (Courtyard & TownePlace Suites)","Lodging Dynamics Hospitality Group, LLC (Homewood Suites)",,0.923,97,51,2266,2270
CA,2026-04-02,Good Sports Plus Ltd. dba Brawley Union High School,Good Sports Plus Ltd. dba Arc - Central Union High School,,0.923,6,3,2325,2327
CA,2026-04-17,YMCA Bonita Elementary School,YMCA Sanchez Elementary School,,0.923,6,8,2384,2395
CA,2026-04-27,The People Concern - Arlington HQ,The People Concern - Nest 2,,0.923,5,15,2467,2468
CA,2026-04-27,The People Concern - 316 W,The People Concern - Admin,,0.923,5,3,2469,2470
CA,2026-05-13,Boys & Girls Club of the LA Harbor - Harbor Teacher Prep Academy,Boys & Girls Club of the LA Harbor - Taper Ave. Elementary,,0.923,7,8,2487,2495
CA,2026-05-13,Boys & Girls Club of the LA Harbor - Wilmington Club,Boys & Girls Club of the LA Harbor - Barton Hill Elementary,,0.923,3,3,2488,2490
CA,2026-05-13,Boys & Girls Club of the LA Harbor - Wilmington Club,Boys & Girls Club of the LA Harbor - Dana Middle School,,0.923,3,3,2488,2491
CA,2026-05-13,Boys & Girls Club of the LA Harbor - Taper Ave. Elementary,Boys & Girls Club of the LA Harbor - Environmental Charter MS,,0.923,8,4,2495,2498
CA,2026-06-25,Adventist Health Bakersfield,Adventist Health Delano,,0.923,15,3,2644,2645
CA,2026-06-25,Adventist Health Clear Lake,Adventist Health Roseville,,0.923,4,2,2649,2657
CA,2026-06-25,Adventist Health Lodi Memorial,Adventist Health Sonora,,0.923,7,8,2658,2662
CA,2026-06-25,Adventist Health Sonora,Adventist Health and Rideout,,0.923,8,9,2662,2664
CA,2025-06-02,Kaiser Foundation Hospitals - Oakland,Kaiser Foundation Hospitals - Harbor City,,0.923,13,1,3429,3431
CA,2025-06-02,Kaiser Foundation Hospitals - 74 N. Pasadena,Kaiser Foundation Hospitals - Irvine,,0.923,1,1,3432,3437
CA,2025-06-02,Kaiser Foundation Hospitals - 75 Fair Oaks Ave.,Kaiser Foundation Hospitals - San Francisco,,0.923,2,1,3434,3440
CA,2023-09-11,Noble House Home Furnishing LLC Superior HQ,Noble House Home Furnishings LLC GDF Outlet,,0.923,100,7,3729,3730
CA,2023-09-12,Kaiser Foundation Hospitals-Walnut,Kaiser Foundation Hospitals-Los Robles,,0.923,8,1,3706,3707
CA,2023-11-01,Organic Milling - Allen Facility,Organic Milling - Acacia Facility,,0.923,7,1,3836,3837
CA,2021-12-16,Wyndham Hotels & Resorts dba La Quinta Anaheim with L.Q. Management LLC,Wyndham Hotels & Resorts dba La Quinta San Diego- Chula Vista with L.Q. Management LLC,,0.923,20,28,5439,5453
CA,2021-12-16,Wyndham Hotels & Resorts dba La Quinta Buena Park with L.Q. Management LLC,Wyndham Hotels & Resorts dba La Quinta Fremont with L.Q. Management,,0.923,25,13,5440,5446
CA,2021-12-16,Wyndham Hotels & Resorts dba La Quinta Irvine Spectrum with L.Q. Management LLC,Wyndham Hotels & Resorts dba La Quinta Ontario Airport with L.Q. Management LLC,,0.923,20,25,5441,5451
CA,2021-12-16,Wyndham Hotels & Resorts dba La Quinta Irvine Spectrum with L.Q. Management LLC,Wyndham Hotels & Resorts dba La Quinta San Diego- Vista with L.Q. Management LLC,,0.923,20,20,5441,5454
CA,2021-12-16,Wyndham Hotels & Resorts dba La Quinta Los Angeles- LAX Airport with L.Q. Management LLC,Wyndham Hotels & Resorts dba La Quinta San Diego- Vista with L.Q. Management LLC,,0.923,61,20,5448,5454
CA,2021-12-16,Wyndham Hotels & Resorts dba La Quinta Sacramento- Downtown with L.Q. Management LLC,Wyndham Hotels & Resorts dba La Quinta Ontario Airport with L.Q. Management LLC,,0.923,20,25,5450,5451
CA,2021-12-16,Wyndham Hotels & Resorts dba La Quinta Sacramento- Downtown with L.Q. Management LLC,Wyndham Hotels & Resorts dba La Quinta San Diego- Vista with L.Q. Management LLC,,0.923,20,20,5450,5454
CA,2020-04-15,Neighborhood Healthcare-Grand Location,Neighborhood Healthcare - Ivy Location,Escondido,0.923,1,1,8273,8282
CA,2020-03-23,"Highgate Hotels, L.P. Hotel Diva","Highgate Hotels, L.P. dba Hotel Whitcomb",San Francisco,0.923,41,31,11191,11342
HI,2020-08-24,Four Seasons Resort Hualalai,Four Seasons Resort Maui at Wailea,,0.923,,,19471,19472
IN,2012-05-04,Hostess Brands Notice for Merrillville,Hostess Brands Notice for Vincennes,Merrillville,0.923,23,14,25878,25886
NJ,2019-12-01,Barneys New York Lyndhurst,Barneys New York,Lyndhurst,0.923,215,263,32884,70984
OR,2020-06-12,Kimpton Hotel Monaco Portland,Kimpton Hotel Vintage Portland,Portland,0.923,147,94,36101,36103
TX,2025-09-30,Urban Alchemy (Arch Shelter),Urban Alchemy (8th Street Shelter),Austin,0.923,55,54,39266,39268
TX,2025-07-31,"Southwest Key Programs, Inc. (Casa Houston Reliant)","Southwest Key Programs, Inc. (Houston HQ)",Houston,0.923,211,11,39308,39309
TX,2025-05-21,Child Care Associates (Rosedale V),Child Care Associates (JA Hargrave),Fort Worth,0.923,16,19,39386,39392
TX,2024-11-19,Advanced Auto Parts (Josey Ln),Advanced Auto Parts (Carroll Avenue),Dallas,0.923,10,8,39505,39507
TX,2001-11-29,Broadwing Communications,"Broadwing Communications Services, Inc.",Austin,0.923,30,370,42065,42066
TX,2019-09-12,State Street Financial Services-Alterra Pkwy,"State Street Financial Services, Inc",Austin,0.923,51,9,46438,46439
MO,2020-04-09,Asbury Automotive Group - Audi Creve Coeur,Asbury Automotive Group - Landrover Jaguar Creve Coeur,Creve Coeur,0.923,24,43,56036,56037
NY,2020-04-17,"Eat'n Park Hospitality Group, Inc. (Parkhurst Dining Services) (Excellus BC & BS) Western","Eat'n Park Hospitality Group, Inc. (Parkhurst Dining Services) (Mt. Saint Mary College) Mid-Hudson",Buffalo,0.923,,83,58617,58618
NY,2020-03-29,Major Food Group (MFG) - Parm Battery Park LLC,Major Food Group (MFG) dba Parm Upper West LLC,New York,0.923,52,48,59086,59087
NY,2020-01-24,Fairway Group Holdings Corp. (Corporate Office),Fairway Group Holdings Corp. (Harlem),New York,0.923,9,160,59840,59844
NY,2020-01-24,Fairway Group Holdings Corp. (Corporate Office),Fairway Group Holdings Corp. (Kips Bay),New York,0.923,9,152,59840,59848
NY,2019-12-03,KIK Custom Products (Warehouse),KIK Custom Products,Syracuse,0.923,4,27,59918,59925
NY,2019-11-22,"WeWork Companies, Inc. (Greenwich St.)","WeWork Companies, Inc. (W 14th Street)",New York,0.923,14,8,59941,59944
NY,2018-01-02,"Homer Logistics, Inc. (Madison)","Homer Logistics, Inc. (45th St)",New York,0.923,32,134,60768,60770
NY,2017-07-31,"Heritage Health and Housing, Inc. (Convent)","Heritage Health and Housing, Inc. (1649 Amsterdam)",New York,0.923,11,29,60930,60931
NY,2017-07-31,"Heritage Health and Housing, Inc. (Convent)","Heritage Health and Housing, Inc. (1727 Amsterdam)",New York,0.923,11,5,60930,60934
NY,2017-05-01,IPRO Client Site (Western),IPRO Client Site (Corning),Albany,0.923,2,39,61017,61018
NY,2017-05-01,IPRO Client Site (Corning),IPRO Client Site (Holland),Albany,0.923,39,5,61018,61019
CA,2025-07-14,"Blue Shield of California - Town Center, Building C",Blue Shield of California - Redding,,0.922,6,2,1383,1390
CA,2025-07-14,"Blue shield of California - Town Center, Building B",Blue Shield of California - Redding,,0.922,32,2,1384,1390
CA,2025-09-08,Kaiser Foundation Hospitals-Pleasanton,Kaiser Foundation Hospitals - 99 S. Pasadena,,0.922,14,1,1552,1555
CA,2026-02-27,Heritage Bank of Commerce (Livermore),Heritage Bank of Commerce (San Jose),,0.922,1,85,2233,2241
CA,2026-03-12,Total Storage Solutions (Best RV & Self Storage),Total Storage Solutions (Studebaker Self Storage),,0.922,3,3,2246,2249
CA,2026-03-12,Total Storage Solutions (Best RV & Self Storage),Total Storage Solutions (Western States Self Storage),,0.922,3,3,2246,2262
CA,2026-03-12,Total Storage Solutions (Aware Self Storage),Total Storage Solutions (Tri-City Self Storage),,0.922,2,3,2256,2261
CA,2026-04-02,"Good Sports Plus, Ltd. dba Arc - Miguel Hidalgo Elementary School",Good Sports Plus Ltd. dba Arc - Desert Valley High School,,0.922,5,3,2321,2326
CA,2026-04-27,Quixote Studio Services - Griffith Park,Quixote Studio Services - North Valley,,0.922,2,7,2444,2446
CA,2026-05-13,Boys & Girls Club of LA Harbor - Wilmington Park ES,Boys & Girls Club of LA Harbor - Point Fermin Elementary,,0.922,3,5,2489,2493
CA,2026-06-03,"Uber Technologies, Inc. (1725 3rd St.)","Uber Technologies, Inc. (Remote)",,0.922,22,5,2611,2612
CA,2026-06-25,Adventist Health St. Helena,Adventist Health Sonora,,0.922,3,8,2656,2662
CA,2025-04-09,"Right at School, LLC (Dover Elementary","Right at School, LLC (Green Valley Middle)",,0.922,16,5,3220,3223
CA,2025-06-02,Kaiser Foundation Hospitals - Berkeley,Kaiser Foundation Hospitals - Pleasanton,,0.922,4,20,3427,3430
CA,2025-06-02,Kaiser Foundation Hospitals - Berkeley,Kaiser Foundation Hospitals - San Diego,,0.922,4,1,3427,3439
CA,2025-06-02,Kaiser Foundation Hospitals - San Francisco,Kaiser Foundation Hospitals - Vallejo,,0.922,1,1,3440,3441
CA,2024-05-01,Cue Health Inc. Moda West,Cue Health Inc. Vista,,0.922,4,15,4369,4372
CA,2021-12-16,Wyndham Hotels & Resorts dba La Quinta Buena Park with L.Q. Management LLC,Wyndham Hotels & Resorts dba La Quinta Orange County Airport with L.Q. Management LLC,,0.922,25,19,5440,5442
CA,2021-12-16,Wyndham Hotels & Resorts dba La Quinta Irvine Spectrum with L.Q. Management LLC,Wyndham Hotels & Resorts dba La Quinta San Diego- Miramar with L.Q. Management LLC,,0.922,20,16,5441,5452
CA,2021-12-16,Wyndham Hotels & Resorts dba La Quinta Irvine Spectrum with L.Q. Management LLC,Wyndham Hotels & Resorts dba La Quinta San Diego- Chula Vista with L.Q. Management LLC,,0.922,20,28,5441,5453
CA,2021-12-16,Wyndham Hotels & Resorts dba La Quinta Orange County Airport with L.Q. Management LLC,Wyndham Hotels & Resorts dba La Quinta Redding with L.Q. Management LLC,,0.922,19,18,5442,5443
CA,2021-12-16,Wyndham Hotels & Resorts dba La Quinta Sacramento- Rancho Cordova with L.Q. Management LLC,Wyndham Hotels & Resorts dba La Quinta San Diego- Vista with L.Q. Management LLC,,0.922,20,20,5449,5454
CA,2022-04-29,First Baptist Head Start-East Leland Center,First Baptist Head Start-Lido Square Center,,0.922,11,5,5595,5597
CA,2020-04-15,Neighborhood Healthcare-Grand Location,Neighborhood Healthcare - Finance Location,Escondido,0.922,1,6,8273,8281
CO,2023-08-07,DePuy Spine Limited Partnership (Johnson & Johnson),Dupuy Spine Limited Partnership (Johnson & Johnson),Arapahoe/Douglas,0.922,10,10,15666,68460
FL,2017-05-30,Wexford Health,"Wexford Health Sources,",Statewide,0.922,540,540,18979,19255
IN,2013-09-30,Indiana University HealthAffected Positions,Indiana University Health PhysiciansAffected Positions,Indianapolis,0.922,617,14,25800,25801
OR,2025-08-20,Remote Workers,Remote Workers - Oregon,,0.922,16,9,35891,35892
TX,2025-05-21,Child Care Associates (Carson),Child Care Associates (JA Hargrave),Fort Worth,0.922,14,19,39383,39392
TX,2024-06-04,99 Cents Only Store LLC (Easttex Frwy),99 Cents Only Store LLC (Jones Road),Houston,0.922,20,20,39640,39644
TX,2022-03-15,"ABM Industries Groups, LLC - Houston 1","ABM Industries Groups, LLC - Fulbright Tower",Houston,0.922,31,18,40029,40031
TX,2022-03-15,"ABM Industries Groups, LLC - Houston 2","ABM Industries Groups, LLC - Fulbright Tower",Houston,0.922,26,18,40030,40031
TX,2022-03-15,"ABM Industries Groups, LLC - Fulbright Tower","ABM Industries Groups, LLC - Houston 4",Houston,0.922,18,19,40031,40032
TX,2005-06-23,Citibank Texas,Citibank Texas - Bryan2,Bryan,0.922,62,61,43136,43137
TX,2005-06-23,Citibank Texas,Citibank Texas - Bryan3,Bryan,0.922,62,61,43136,43138
NY,2019-10-16,Barneys New York (5th Avenue),Barneys New York (Madison Avenue),New York,0.922,165,589,59988,59989
NY,2019-10-16,Barneys New York (Madison Avenue),Barneys New York (7th Avenue),New York,0.922,589,122,59989,59990
NY,2016-04-26,Restaurant Associates @ Equinox 50th Street,Restaurant Associates @ Equinox Printing,New York,0.922,4,10,61325,61328
NY,2016-04-26,Restaurant Associates @ Equinox 76th Street,Restaurant Associates @ Equinox Printing,New York,0.922,8,10,61326,61328
NY,2016-04-26,Restaurant Associates @ Equinox Printing,Restaurant Associates @ Equinox 17th Street,New York,0.922,10,6,61328,61330
NY,2016-04-26,Restaurant Associates @ Equinox Printing,Restaurant Associates @ Equinox 54th Street,New York,0.922,10,7,61328,61332
NY,2016-04-26,Restaurant Associates @ Equinox Printing,Restaurant Associates @ Equinox 74th Street,New York,0.922,10,7,61328,61333
NY,2016-04-26,Restaurant Associates @ Equinox Printing,Restaurant Associates @ Equinox 85th Street,New York,0.922,10,3,61328,61334
CA,2025-09-14,University of Southern California (Health Sciences Campus),University of Southern California (Keck),,0.921,151,4,1560,1562
CA,2025-10-31,Ceryx Management LLC (Sepulveda),Ceryx Management LLC (Hoover),,0.921,4,3,1897,1900
CA,2025-11-03,CommUnify - Filmore Center,CommUnify - Meridian Center,,0.921,4,2,1860,1871
CA,2025-11-03,CommUnify - Adam Center,CommUnify - Alvin Center,,0.921,4,6,1864,1865
CA,2026-02-27,Heritage Bank of Commerce (Oakland),Heritage Bank of Commerce (Remote-San Jose),,0.921,1,12,2234,2244
CA,2026-02-27,Heritage Bank of Commerce (Walnut Creek),Heritage Bank of Commerce (Remote-San Jose),,0.921,4,12,2236,2244
CA,2026-03-12,Total Storage Solutions (Crenshaw Self Storage),Total Storage Solutions (Studebaker Self Storage),,0.921,2,3,2247,2249
CA,2026-03-12,Total Storage Solutions (Crenshaw Self Storage),Total Storage Solutions (Western States Self Storage),,0.921,2,3,2247,2262
CA,2026-03-12,Total Storage Solutions (Studebaker Self Storage),Total Storage Solutions (Townsend Self Storage),,0.921,3,3,2249,2254
CA,2026-03-12,Total Storage Solutions (Arcadia 210 Self Storage),Total Storage Solutions (Citrus Plaza Self Storage),,0.921,1,2,2250,2265
CA,2026-03-12,Total Storage Solutions (Beaumont RV & Self Storage),Total Storage Solutions (Jefferson Self Storage),,0.921,3,4,2257,2259
CA,2026-04-17,YMCA Taylor Elementary School,YMCA Tunnel Elementary School,,0.921,10,10,2396,2397
CA,2026-04-17,YMCA Tunnel Elementary School,YMCA Oakley Elementary School,,0.921,10,9,2397,2399
CA,2026-06-25,Adventist Health Tehachapi Valley,Adventist Health Clear Lake,,0.921,3,4,2647,2649
CA,2026-06-25,Adventist Health Glendale,Adventist Health St. Helena,,0.921,12,3,2650,2656
CA,2025-04-09,"Right at School, LLC (B Gale Wilson Middle)","Right at School, LLC (Green Valley Middle)",,0.921,3,5,3216,3223
CA,2025-06-02,Kaiser Foundation Hospitals - 393 E. Walnut,Kaiser Foundation Hospitals - San Diego,,0.921,2,1,3433,3439
CA,2025-06-02,Kaiser Foundation Hospitals - 99 S Oakland Ave,Kaiser Foundation Hospitals - Irvine,,0.921,5,1,3435,3437
CA,2025-06-02,Kaiser Foundation Hospitals - Roseville,Kaiser Foundation Hospitals - San Francisco,,0.921,1,1,3438,3440
CA,2021-12-16,Wyndham Hotels & Resorts dba La Quinta Anaheim with L.Q. Management LLC,Wyndham Hotels & Resorts dba La Quinta Sacramento- Rancho Cordova with L.Q. Management LLC,,0.921,20,20,5439,5449
CA,2021-12-16,Wyndham Hotels & Resorts dba La Quinta Orange County Airport with L.Q. Management LLC,Wyndham Hotels & Resorts dba La Quinta Sacramento- Rancho Cordova with L.Q. Management LLC,,0.921,19,20,5442,5449
CA,2021-12-16,Wyndham Hotels & Resorts dba La Quinta Sacramento- Downtown with L.Q. Management LLC,Wyndham Hotels & Resorts dba La Quinta Thousand Oaks-Newbury Park with L.Q. Management LLC,,0.921,20,19,5450,5456
CA,2022-02-15,Crothall Healthcare Delano,Crothall Healthcare Tehachapi,,0.921,31,13,5519,5521
CA,2020-04-15,Neighborhood Healthcare,Neighborhood Healthcare-Grand Location,Escondido,0.921,20,1,5812,8273
CA,2020-04-15,Neighborhood Healthcare,Neighborhood Healthcare - Elm Location,Escondido,0.921,20,4,5812,8274
CA,2020-04-15,Neighborhood Healthcare,Neighborhood Healthcare - PNC Location,Escondido,0.921,20,8,5812,8276
CA,2020-04-15,Neighborhood Healthcare,Neighborhood Healthcare - Ivy Location,Escondido,0.921,20,1,5812,8282
CA,2020-04-15,Neighborhood Healthcare - Pharmacy Location,Neighborhood Healthcare - Finance Location,Escondido,0.921,2,6,8275,8281
CA,2020-04-15,Neighborhood Healthcare - Prenatal Location,Neighborhood Healthcare - Chablis Location,Escondido,0.921,1,1,8277,8279
CA,2020-03-25,Walters & Wolf Interiors,Walters & Wolf Precast,Fremont,0.921,142,66,8573,8574
CA,2020-03-23,The Cheesecake Factory Incorporated dba North Restaurants LLC dba North Italia,The Cheesecake Factory dba North Restaurants LLC dba North Italia San Diego,San Diego,0.921,115,86,11009,11010
CA,2020-01-13,"Smithfield Packaged Meatd Corp. (""the Company"")",Smithfield Packaged Meats Corp.,San Jose,0.921,139,139,11704,11721
NJ,2020-11-01,Hackensack Meridian Health,Hackensack Meridian Health - Long Term Care,Edison,0.921,754,181,32792,32793
TN,2020-06-11,"Marriott Hotel Services, Inc., dba The Inn at Opryland","Marriott Hotel Services, Inc., dba General Jackson",Davidson County,0.921,107,104,38320,38323
TX,2025-07-31,"Equus Workforce Solutions-Alpha Rd.(Arbor E&T, LLC)","Equus Workforce Solutions-Buckner Blvd.(Arbor E&T, LLC)",Dallas,0.921,17,16,39303,39305
TX,2025-05-21,Child Care Associates (Meachum),Child Care Associates (Rosedale V),Fort Worth,0.921,15,16,39384,39386
TX,2025-05-21,Child Care Associates (Meachum),Child Care Associates (JA Hargrave),Fort Worth,0.921,15,19,39384,39392
TX,2020-03-19,Punch Bowl Social-Domain,Punch Bowl Social-Congress,Austin,0.921,92,130,41311,41315
TX,2010-05-07,"Chevron USA, Inc. - Houston2","Chevron USA, Inc.",Houston,0.921,285,285,44488,44489
TX,2010-07-23,"United Space Alliance, LLC (JSC) - Houston2","United Space Alliance, LLC",Houston,0.921,177,64,44516,44523
TX,2010-10-29,"United Space Alliance, LLC","United Space Alliance, LLC (JSC) - Houston2",Houston,0.921,32,48,44575,44576
TX,2011-02-01,"United Space Alliance, LLC","United Space Alliance, LLC (JSC) - Houston2",Houston,0.921,44,71,44660,44667
TX,2011-05-10,"United Space Alliance, LLC","United Space Alliance, LLC (JSC) - Houston2",Houston,0.921,208,311,44705,44709
TX,2011-07-27,"United Space Alliance, LLC","United Space Alliance, LLC (JSC) - Houston2",Houston,0.921,9,30,44756,44758
TX,2011-08-26,"United Space Alliance, LLC","United Space Alliance, LLC (JSC) - Houston2",Houston,0.921,5,3,44773,44774
TX,2011-11-08,"United Space Alliance, LLC (JSC) - Houston2","United Space Alliance, LLC",Houston,0.921,18,15,44810,44811
TX,2012-02-08,"United Space Alliance, LLC","United Space Alliance, LLC (JSC) - Houston2",Houston,0.921,24,21,44853,44854
TX,2012-07-24,"United Space Alliance, LLC (JSC) - Houston2","United Space Alliance, LLC",Houston,0.921,3,35,44935,44937
TX,2012-10-09,"United Space Alliance, LLC (JSC) - Houston2","United Space Alliance, LLC",Houston,0.921,3,33,44969,44971
TX,2014-07-11,"United Space Alliance, LLC (JSC) - Houston2","United Space Alliance, LLC",Houston,0.921,502,13,45286,45287
TX,2015-08-12,"Chevron USA, Inc. - Houston2","Chevron USA, Inc.",Houston,0.921,237,239,45521,45522
TX,2016-04-07,"Chevron USA, Inc. - Houston2","Chevron USA, Inc.",Houston,0.921,164,164,45694,45699
KS,2014-07-06,Reb Beans Bayou Grill,Red Beans Bayou Grill,4 - Workforce Investment Area IV,0.921,25,25,51026,51027
NY,2022-01-28,The Fund for the City of New York - New York City Region,The Fund for the City of New York - Long Island Region,,0.921,,,57626,57627
NY,2020-03-25,"TN Apple, LLC","AT Apple, LLC",Brooklyn,0.921,70,59,59284,59304
NY,2020-03-13,"WeWork Companies, Inc. (Broad Street)","WeWork Companies, Inc. (Greenwich Street)",New York,0.921,3,1,59749,59752
NY,2020-03-13,"WeWork Companies, Inc. (Hudson Street)","WeWork Companies, Inc. (Greenwich Street)",New York,0.921,6,1,59751,59752
NY,2020-01-24,Fairway Group Holdings Corp. (Upper West Side),Fairway Group Holdings Corp. (Chelsea),New York,0.921,337,103,59845,59847
NY,2020-01-13,"Opening Ceremony, LLC (Centre Street)","Opening Ceremony, LLC (Howard Street)",New York,0.921,33,42,59868,59869
NY,2019-11-22,"WeWork Companies, Inc. (Beach St.)","WeWork Companies, Inc. (54 W 40th St.)",New York,0.921,10,7,59938,59942
NY,2019-11-22,"WeWork Companies, Inc. (Beach St.)","WeWork Companies, Inc. (W 14th Street)",New York,0.921,10,8,59938,59944
NY,2019-03-13,Instacart (at Whole Foods Market) Columbus Circle,Instacart (at Whole Foods Market) (808 Columbus Avenue),New York,0.921,32,16,60214,60217
NY,2019-02-28,Kuni's Corporation d/b/a Ikinari Steak (37 West 46th St),Kuni's Corporation d/b/a Ikinari Steak (Bleecker),New York,0.921,9,10,60242,60244
NY,2018-06-01,Cardinal McCloskey Community Services - Head Start Programs (St. Anthony),Cardinal McCloskey Community Services - Head Start Programs (Courtland Ave. - Child Development Center),Bronx,0.921,29,29,60564,60568
KY,2020-03-20,Communicare Services - Radcliff,Communicare Services - Brandenburg,Hardin,0.921,17,14,67353,67355
WI,2007-09-19,"Franchise Foodservice, Inc.","Franchise Foodservice Transportation, Inc.",Oak Creek,0.921,60,65,90247,90248
CA,2025-10-13,Blue shield of California 601,"Blue Shield of California, Building B",,0.92,31,24,1668,1670
CA,2025-11-03,CommUnify - Maple Center,CommUnify - Adam Center,,0.92,3,4,1862,1864
CA,2025-11-03,CommUnify - Westgate Center,CommUnify - Goleta Center,,0.92,7,2,1873,1880
CA,2025-12-05,"G&C Staffing, LLC (Gold Flora)","G&C Staffing, LLC (Gold Flora) (1695 S 7th Street)",,0.92,12,36,1982,1984
CA,2026-02-13,De La Pena Eye Clinic - DLP Huntington Park,De La Pena Eye Clinic - DLP Santa Ana,,0.92,15,6,2168,2173
CA,2026-02-13,De La Pena Eye Clinic - DLP Montebello,De La Pena Eye Clinic - DLP Santa Ana,,0.92,38,6,2171,2173
CA,2026-02-27,Heritage Bank of Commerce (Walnut Creek),Heritage Bank of Commerce (San Francisco),,0.92,4,3,2236,2239
CA,2026-02-27,Heritage Bank of Commerce (Walnut Creek),Heritage Bank of Commerce (Los Altos),,0.92,4,1,2236,2242
CA,2026-02-27,Heritage Bank of Commerce (Hollister),Heritage Bank of Commerce (Remote-San Jose),,0.92,1,12,2238,2244
CA,2026-03-12,Total Storage Solutions (Crenshaw Self Storage),Total Storage Solutions (Beaumont RV & Self Storage),,0.92,2,3,2247,2257
CA,2026-03-12,Total Storage Solutions (Crenshaw Self Storage),Total Storage Solutions (Riverside Self Storage),,0.92,2,4,2247,2263
CA,2026-03-12,Total Storage Solutions (All Size Self Storage),Total Storage Solutions (Townsend Self Storage),,0.92,3,3,2251,2254
CA,2026-03-12,Total Storage Solutions (All Size Self Storage),Total Storage Solutions (Riverside Self Storage),,0.92,3,4,2251,2263
CA,2026-03-12,Total Storage Solutions (Beaumont RV & Self Storage),Total Storage Solutions (E Street Self Storage),,0.92,3,2,2257,2264
CA,2026-03-12,Total Storage Solutions (Beaumont Self Storage),Total Storage Solutions (Jefferson Self Storage),,0.92,3,4,2258,2259
CA,2026-03-12,Total Storage Solutions (Beaumont Self Storage),Total Storage Solutions (E Street Self Storage),,0.92,3,2,2258,2264
CA,2026-03-12,Total Storage Solutions (Tri-City Self Storage),Total Storage Solutions (Riverside Self Storage),,0.92,3,4,2261,2263
CA,2026-03-18,"Lodging Dynamics Hospitality Group, LLC (Courtyard & TownePlace Suites)","Lodging Dynamics Hospitality Group, LLC (Residence Inn)",,0.92,97,43,2266,2269
CA,2026-03-30,John Adams Academy - El Dorado,John Adams academy,,0.92,6,49,2294,2295
CA,2026-04-02,Good Sports Plus Ltd. dba Arc - Central Union High School,Good Sports Plus Ltd. dba Arc - Southwest High School,,0.92,3,4,2327,2329
CA,2026-04-17,YMCA Bonita Elementary School,YMCA Taylor Elementary School,,0.92,6,10,2384,2396
CA,2026-05-06,"Kidango, Inc. - Castlemont Center","Kidango, Inc. - CCELC Center",,0.92,2,6,2474,2475
CA,2026-05-13,Boys & Girls Club of the LA Harbor - Banning High,Boys & Girls Club of the LA Harbor - Barton Hill Elementary,,0.92,5,3,2483,2490
CA,2026-05-13,Boys & Girls Club of the LA Harbor - Harbor Teacher Prep Academy,Boys & Girls Club of the LA Harbor - Barton Hill Elementary,,0.92,7,3,2487,2490
CA,2026-05-13,Boys & Girls Club of the LA Harbor - Wilmington Club,Boys & Girls Club of the La Harbor - Cheryl Green/Torrance Club,,0.92,3,1,2488,2497
CA,2026-05-13,Boys & Girls Club of the LA Harbor - South Shores Elementary,Boys & Girls Club of the LA Harbor - Environmental Charter MS,,0.92,3,4,2494,2498
CA,2026-06-25,Adventist Health Delano,Adventist Health Lodi Memorial,,0.92,3,7,2645,2658
CA,2026-06-25,Adventist Health Tehachapi Valley,Adventist Health Ukiah Valley,,0.92,3,5,2647,2655
CA,2026-06-25,Adventist Health Glendale,Adventist Health Roseville,,0.92,12,2,2650,2657
CA,2026-06-25,Adventist Health Sierra Vista,Adventist Health Simi Valley,,0.92,5,7,2659,2663
CA,2024-04-29,Google US-SFO-MKT1,Google US-SFO-SPE,,0.92,1,26,4345,4346
CA,2025-06-02,Kaiser Foundation Hospitals - Pleasanton,Kaiser Foundation Hospitals - Harbor City,,0.92,20,1,3430,3431
CA,2025-06-02,Kaiser Foundation Hospitals - 74 N. Pasadena,Kaiser Foundation Hospitals - San Francisco,,0.92,1,1,3432,3440
CA,2025-06-02,Kaiser Foundation Hospitals - 393 E. Walnut,Kaiser Foundation Hospitals - Irvine,,0.92,2,1,3433,3437
CA,2025-06-02,Kaiser Foundation Hospitals - 99 S Oakland Ave,Kaiser Foundation Hospitals - Roseville,,0.92,5,1,3435,3438
CA,2023-08-01,Yellow Corporation,Yellow Corporation-Batavia St.,,0.92,23,83,3615,3617
CA,2023-08-24,JUUL Labs,JUUL Labs - 270,,0.92,1,1,3693,3694
CA,2023-08-24,JUUL Labs,JUUL Labs - 271,,0.92,1,1,3693,3695
CA,2023-09-12,Kaiser Foundation Hospitals,Kaiser Foundation Hospitals - Ordway Building,,0.92,1,2,3704,3709
CA,2023-09-12,Kaiser Foundation Hospitals - Pasadena,Kaiser Foundation Hospitals-Los Robles,,0.92,1,1,3705,3707
CA,2024-01-10,Google US-SFO-MKT1,Google US-SFO-SPE,,0.92,14,26,4042,4043
CA,2022-11-14,Sodexo Inc. at PHH Hemet Valley Medical Center,Sodexo Inc. at PHH Menifee Valley Medical Center,,0.92,83,32,4736,4738
CA,2023-05-25,Thermo Fisher Scientific,Thermo Fisher Scientific - 5781 Building,,0.92,1,32,5232,5233
CA,2021-12-16,Wyndham Hotels & Resorts dba La Quinta Irvine Spectrum with L.Q. Management LLC,Wyndham Hotels & Resorts dba La Quinta Sacramento- Downtown with L.Q. Management LLC,,0.92,20,20,5441,5450
CA,2021-12-16,Wyndham Hotels & Resorts dba La Quinta Fremont with L.Q. Management,Wyndham Hotels & Resorts dba La Quinta San Diego- Vista with L.Q. Management LLC,,0.92,13,20,5446,5454
CA,2021-12-16,Wyndham Hotels & Resorts dba La Quinta San Diego- Chula Vista with L.Q. Management LLC,Wyndham Hotels & Resorts dba La Quinta Ventura with L.Q. Management LLC,,0.92,28,20,5453,5457
CA,2020-04-07,Genius Management LLC & Genius Fund,Genius Management LLC,Culver City,0.92,134,87,8187,9756
HI,2020-09-03,VSE Pacific Inc.; Westin Kaanapali Ocean Resort,VSE Pacific Inc.; Westin Nanea Ocean Resort & Villas,,0.92,,,19493,19497
TX,2025-07-10,International Paper Company(N. Closner Blvd.),International Paper Company(N. 26th),Edinburg,0.92,66,5,39328,39330
TX,2025-05-21,Child Care Associates (Diamond Road),Child Care Associates (Morris Foundation),Fort Worth,0.92,13,17,39387,39388
TX,2024-06-04,99 Cents Only Store LLC (North Freeway),99 Cents Only Store LLC (Almeda Genoa),Houston,0.92,20,20,39636,39649
TX,2021-04-26,Art Asset-Austin 1,Art Asset-Austin Corporate,Austin,0.92,5,9,40103,40107
TX,2020-12-07,"Parsley Energy, Inc.-Congress Ave","Parsley Energy, Inc.-Colorado St.",Austin,0.92,85,147,40190,40192
TX,2020-09-18,Freeman Company-Davis St.,Freeman Company,Dallas,0.92,33,83,40264,40273
TX,2020-04-01,Avis Car Rental,Avis Car Rental-3850 26th,Dallas,0.92,901,8,40736,40743
TX,2020-03-23,Schulte Companies-Navarro St.,Schulte Companies-E. Houston,San Antonio,0.92,21,22,41062,41065
TX,2010-01-12,Radiology Associates - AMI - Four Season's Breast,Radiology Associates - AMI - Northeast,San Antonio,0.92,10,11,44393,44400
TX,2010-01-12,Radiology Associates - AMI - Southside,Radiology Associates - AMI - Crown MR,San Antonio,0.92,11,11,44399,44401
TX,2012-09-17,American Airlines-,American Airlines - Ft. Worth2,Ft. Worth,0.92,1403,80,44957,44958
TX,2013-08-12,SER Jobs for Progress-Hillcrest Dr,SER Jobs for Progress-Marbach Rd.,San Antonio,0.92,28,13,45116,45126
TX,2013-08-12,SER Jobs for Progress-Hillcrest Dr,SER Jobs for Progress-Walzem Rd.,San Antonio,0.92,28,17,45116,45127
TX,2017-05-12,LifeCare Hospitals of S. TX-N. Jackson,LifeCare Hospitals of S. TX-South M St.,McAllen,0.92,166,39,45965,45966
VA,2020-06-03,Residence Inn Arlington Pentagon City,Residence Inn Arlington Capital View,Arlington VA,0.92,75,60,49149,49150
CT,2021-02-09,BlueSky Studio Inc.,"Blue Sky Studios, Inc.",Greenwich,0.92,469,469,53743,53989
NY,2022-02-08,Peloton Interactive Inc. - Mid-Hudson Region,Peloton Interactive Inc. - Long Island Region,,0.92,,,57621,57622
NY,2020-07-02,Hilton Grand Vacation at The Residences by Hilton Club,Hilton Grand Vacation at West 57th Street by Hilton Club,New York,0.92,8,72,58151,58152
NY,2020-05-21,"WeWork Companies, Inc. (Greenwich St.)","WeWork Companies, Inc. (175 Varick St.)",New York,0.92,1,4,58406,58412
NY,2020-02-04,Macy's Inc. (NYC Corporate Office) 34th Street,Macy's Inc. (NYC Corporate Office) Penn Plaza,New York,0.92,154,206,59825,59826
NY,2020-02-04,Macy's Inc. (NYC Corporate Office) Penn Plaza,Macy's Inc. (NYC Corporate Office) 20th Street,New York,0.92,206,1,59826,59829
NY,2020-01-24,Fairway Group Holdings Corp. (Corporate Office),Fairway Group Holdings Corp. (Upper East Side),New York,0.92,9,277,59840,59846
NY,2020-01-03,Catholic Guardian Services (Wallace Ave),Catholic Guardian Services (Davidson Ave.),Bronx,0.92,19,12,59882,59886
NY,2019-11-22,"WeWork Companies, Inc. (Greenwich St.)","WeWork Companies, Inc. (175 Varick St.)",New York,0.92,14,12,59941,59946
NY,2019-11-22,"WeWork Companies, Inc. (Greenwich St.)","WeWork Companies, Inc. (160 Varick St.)",New York,0.92,14,7,59941,59948
NY,2019-10-03,Eastman Kodak Company (Kodak Office),Eastman Kodak Company (Kodak Research Labs),Rochester,0.92,1,1,60008,60009
NY,2019-09-09,Catholic Guardian Services (43rd Street),Catholic Guardian Services (Audubon Ave),New York,0.92,12,18,60045,60046
NY,2019-06-28,"Warner Media, LLC (formerly Time Warner Inc.) One Time Warner Center","Warner Media, LLC (formerly Time Warner Inc.) 30 Hudson Yards",New York,0.92,64,19,60101,60102
NY,2018-09-18,Eastman Kodak Company (Kodak Research Labs),Eastman Kodak Company (Kodak Office),Rochester,0.92,2,2,60446,60447
NY,2018-08-14,Eastman Kodak Company (Kodak Office),Eastman Kodak Company (Kodak Research Labs),Rochester,0.92,7,6,60490,60491
NY,2017-11-30,Eastman Kodak Company (Kodak Office),Eastman Kodak Company (Kodak Research Labs),Rochester,0.92,2,48,60793,60794
NY,2016-05-11,Eastman Kodak Company (Kodak Office),Eastman Kodak Company (Kodak Research Labs),Rochester,0.92,3,1,61314,61315
NY,2016-04-26,Restaurant Associates @ Equinox 50th Street,Restaurant Associates @ Equinox Brookfield,New York,0.92,4,5,61325,61335
NY,2016-04-26,Restaurant Associates @ Equinox 76th Street,Restaurant Associates @ Equinox Brookfield,New York,0.92,8,5,61326,61335
NY,2016-04-26,Restaurant Associates @ Equinox Columbus,Restaurant Associates @ Equinox Printing,New York,0.92,8,10,61327,61328
NY,2016-04-26,Restaurant Associates @ Equinox 17th Street,Restaurant Associates @ Equinox Brookfield,New York,0.92,6,5,61330,61335
NY,2016-04-26,Restaurant Associates @ Equinox 54th Street,Restaurant Associates @ Equinox Brookfield,New York,0.92,7,5,61332,61335
NY,2016-04-26,Restaurant Associates @ Equinox 74th Street,Restaurant Associates @ Equinox Brookfield,New York,0.92,7,5,61333,61335
NY,2016-04-26,Restaurant Associates @ Equinox 85th Street,Restaurant Associates @ Equinox Brookfield,New York,0.92,3,5,61334,61335
CA,2025-09-08,Kaiser Foundation Hospitals-Pleasanton,Kaiser Foundation Hospitals - Walnut Creek,,0.919,14,1,1552,1554
CA,2025-09-14,University of Southern California (Health Sciences Campus),University of Southern California (Soto II),,0.919,151,1,1560,1564
CA,2026-01-06,Alameda Health System - San Leandro Hospital,Alameda Health System - John George Hospital,,0.919,22,16,2001,2002
CA,2026-02-27,Heritage Bank of Commerce (San Rafael),Heritage Bank of Commerce (Remote-San Jose),,0.919,3,12,2237,2244
CA,2026-03-12,Total Storage Solutions (All Size Self Storage),Total Storage Solutions (E Street Self Storage),,0.919,3,2,2251,2264
CA,2026-03-12,Total Storage Solutions (Tri-City Self Storage),Total Storage Solutions (Citrus Plaza Self Storage),,0.919,3,2,2261,2265
CA,2026-03-12,Total Storage Solutions (E Street Self Storage),Total Storage Solutions (Citrus Plaza Self Storage),,0.919,2,2,2264,2265
CA,2026-05-13,Boys & Girls Club of the LA Harbor - Banning High,Boys & Girls Club of the LA Harbor - Dana Middle School,,0.919,5,3,2483,2491
CA,2026-05-13,Boys & Girls Club of the LA Harbor - Gulf Ave Elementary,Boys & Girls Club of the LA Harbor - Dana Middle School,,0.919,1,3,2485,2491
CA,2026-05-13,Boys & Girls Club of the LA Harbor - Gulf Ave Elementary,Boys & Girls Club of the LA Harbor - Environmental Charter MS,,0.919,1,4,2485,2498
CA,2026-05-13,Boys & Girls Club of the LA Harbor - South Shores Elementary,Boys & Girls Club of the La Harbor - Cheryl Green/Torrance Club,,0.919,3,1,2494,2497
CA,2026-06-25,Adventist Health Mendocino Coast,Adventist Health and Rideout,,0.919,3,9,2654,2664
CA,2021-12-16,Wyndham Hotels & Resorts dba La Quinta Anaheim with L.Q. Management LLC,Wyndham Hotels & Resorts dba La Quinta Orange County Airport with L.Q. Management LLC,,0.919,20,19,5439,5442
CA,2021-12-16,Wyndham Hotels & Resorts dba La Quinta Fremont with L.Q. Management,Wyndham Hotels & Resorts dba La Quinta Ontario Airport with L.Q. Management LLC,,0.919,13,25,5446,5451
CA,2021-12-16,Wyndham Hotels & Resorts dba La Quinta San Diego- Vista with L.Q. Management LLC,Wyndham Hotels & Resorts dba La Quinta Thousand Oaks-Newbury Park with L.Q. Management LLC,,0.919,20,19,5454,5456
CA,2020-03-24,"Frida Restaurant Americana LLC,","FRIDAY RESTAURANT AMERICANA LLC, DBA FRIDA AMERICANA",Glendale,0.919,94,94,7814,10699
CA,2018-10-01,"Alpine Electronics of America, Inc.","Alpine Electronics Research of America, Inc.",Torrance,0.919,72,56,12158,12159
HI,2020-09-03,"FOH Hospitality, LLC; Westin Kaanapali Ocean Resort","FOH Hospitality, LLC; Westin Princeville Ocean Resort",,0.919,,,19494,19498
MD,2010-01-18,ARAMARK Management Services University of Maryland Medical System,ARAMARK Management Services University Specialty Hospital,Baltimore City,0.919,411,43,28904,28905
OH,2020-07-29,"Victoria's Secret Stores Brand Management, LLC","Victoria's Secret Stores, LLC",Reynoldsburg/Franklin,0.919,55,52,35062,35064
TX,2024-06-04,99 Cents Only Store LLC (Stella Link),99 Cents Only Store LLC (Sam Houston Pkwy),Houston,0.919,20,20,39633,39645
TX,2024-06-04,99 Cents Only Store LLC (North Freeway),99 Cents Only Store LLC (Sam Houston Pkwy),Houston,0.919,20,20,39636,39645
TX,2024-06-04,99 Cents Only Store LLC (Walzem),99 Cents Only Store LLC (Callaghan Rd.),San Antonio,0.919,20,20,39627,39634
TX,2022-06-06,"Schenker, Inc. - Kraft","Schenker, Inc. - Kraft, 1006 Railhead",Fort Worth,0.919,45,85,40025,40026
TX,2020-12-03,Southwest-Dallas Love Field,Southwest-Dallas,Dallas,0.919,465,10,40199,40201
TX,2020-11-24,Compass Group Eurest - Airport FWY,Compass Group Eurest - Hwy 360,Fort Worth,0.919,2,12,40210,40211
TX,2010-01-12,Radiology Associates - AMI - Sonterra,Radiology Associates - AMI - Village Drive,San Antonio,0.919,10,11,44394,44402
TX,2010-01-12,Radiology Associates - AMI - Crown IR,Radiology Associates - AMI - Village Drive,San Antonio,0.919,10,11,44398,44402
TX,2016-04-29,Freeport-McMoRan Oil & Gas-Texas St.,Freeport-McMoran Oil & Gas-(MMR),Houston,0.919,54,10,45715,45716
TX,2019-07-08,"NTT Data, Inc.-S. Mopac","NTT Data, Inc.-Jackson Ave.",Austin,0.919,50,97,46391,46395
NY,2023-06-01,HITPS LLC d/b/a Haven Technologies,HITPS LLC d/b/a Haven Technologies - New York City Region,,0.919,,,57026,57422
NY,2020-07-14,Airport Management Services and Hudson Group (at LaGuardia Airport),Airport Management Services and Hudson Group (at John F. Kennedy International Airport),Queens,0.919,78,287,58112,58113
NY,2020-03-21,Carroll Group NYC LLC dba Fette Sau,Carroll Group NYC LLC dba Spuyten Duyvil,Brooklyn,0.919,21,12,59432,59437
NY,2019-03-13,Instacart (at Whole Foods Market) Greenwich Street,Instacart (at Whole Foods Market) (7th Avenue),New York,0.919,26,21,60213,60221
NY,2019-02-28,Kuni's Corporation d/b/a Ikinari Steak (Bleecker),Kuni's Corporation d/b/a Ikinari Steak (368 W 46th St),New York,0.919,10,16,60244,60247
NY,2017-10-27,Restaurant Associates (Barclays Executive Dining Room),Restaurant Associates (Barclays),New York,0.919,29,8,60820,60821
NY,2016-06-22,New York Life Insurance Company - Information Technology Operations and Finance Operations,New York Life Insurance Company - Finance Operations and Finance Operations,Sleepy Hollow,0.919,6,1,61273,61274
CA,2025-07-14,Blue Shield of California - Rancho Cordova,Blue Shield of California - Redding,,0.918,3,2,1387,1390
CA,2025-08-04,University of Southern California Norris Cancer Hospital,University of Southern California HC1,,0.918,10,2,1447,1449
CA,2025-08-04,University of Southern California Norris Cancer Hospital,University of Southern California HC2,,0.918,10,1,1447,1450
CA,2025-08-04,University of Southern California Norris Cancer Hospital,University of Southern California HC3,,0.918,10,1,1447,1451
CA,2025-08-04,University of Southern California Norris Cancer Hospital,University of Southern California,,0.918,10,1,1447,1454
CA,2025-10-13,Blue Shield of California Building C,Blue Shield of California 3840,,0.918,18,26,1669,1671
CA,2025-10-13,Blue Shield of California Building C,Blue Shield of California 6300,,0.918,18,17,1669,1672
CA,2025-10-13,Blue Shield of California Building C,Blue Shield of California 3300,,0.918,18,13,1669,1673
CA,2025-10-13,Blue Shield of California Building C,Blue Shield of California 3131,,0.918,18,4,1669,1674
CA,2025-10-13,Blue Shield of California Building C,Blue Shield of California 3021,,0.918,18,6,1669,1675
CA,2025-10-13,Blue Shield of California Building C,Blue Shield of California 4700,,0.918,18,11,1669,1676
CA,2025-10-31,Ceryx Management LLC (Blackstone),Ceryx Management LLC (Sepulveda),,0.918,39,4,1896,1897
CA,2025-10-31,Ceryx Management LLC (Blackstone),Ceryx Management LLC (Figueroa),,0.918,39,8,1896,1899
CA,2025-10-31,Ceryx Management LLC (Western),Ceryx Management LLC (801 W 70th),,0.918,13,9,1901,1904
CA,2025-11-03,CommUnify - Filmore Center,CommUnify - Goleta Center,,0.918,4,2,1860,1880
CA,2025-11-03,CommUnify - I Center,CommUnify - Meridian Center,,0.918,6,2,1861,1871
CA,2025-11-03,CommUnify - Adam Center,CommUnify - Meridian Center,,0.918,4,2,1864,1871
CA,2026-03-12,Total Storage Solutions (Arcadia 210 Self Storage),Total Storage Solutions (All Size Self Storage),,0.918,1,3,2250,2251
CA,2026-03-12,Total Storage Solutions (Aware Self Storage),Total Storage Solutions (Citrus Plaza Self Storage),,0.918,2,2,2256,2265
CA,2026-03-12,Total Storage Solutions (Jefferson Self Storage),Total Storage Solutions (Western States Self Storage),,0.918,4,3,2259,2262
CA,2026-05-13,Boys & Girls Club of the LA Harbor - Dana Middle School,Boys & Girls Club of the LA Harbor - South Shores Elementary,,0.918,3,3,2491,2494
CA,2026-05-15,LinkedIn Corporation,LinkedIn Corporation (Home Office),,0.918,352,66,2505,2506
CA,2026-06-25,Adventist Health Delano,Adventist Health Roseville,,0.918,3,2,2645,2657
CA,2026-06-25,Adventist Health Clear Lake,Adventist Health Ukiah Valley,,0.918,4,5,2649,2655
CA,2026-06-25,Adventist Health Roseville,Adventist Health Sonora,,0.918,2,8,2657,2662
CA,2025-04-30,Downtown College Preparatory - Alum Rock Middle School,Downtown College Preparatory - El Primero High School,,0.918,20,48,3361,3363
CA,2025-06-02,Kaiser Foundation Hospitals - 74 N. Pasadena,Kaiser Foundation Hospitals - Yorba Linda,,0.918,1,1,3432,3436
CA,2025-06-02,Kaiser Foundation Hospitals - 74 N. Pasadena,Kaiser Foundation Hospitals - Vallejo,,0.918,1,1,3432,3441
CA,2025-06-02,Kaiser Foundation Hospitals - 393 E. Walnut,Kaiser Foundation Hospitals - Yorba Linda,,0.918,2,1,3433,3436
CA,2025-06-02,Kaiser Foundation Hospitals - 75 Fair Oaks Ave.,Kaiser Foundation Hospitals - Yorba Linda,,0.918,2,1,3434,3436
CA,2023-09-11,Noble House Home Furnishing LLC Superior HQ,Nobel House Home Furnishings LLC,,0.918,100,44,3729,3733
CA,2023-09-12,LEER Group,LEER Group - 1242,,0.918,122,27,3726,3727
CA,2024-01-25,"Cue Health, Moda West","Cue Health, Waples",,0.918,1,12,4123,4124
CA,2022-12-19,Mabel 4th Street Health Care Center,Mabel First Street Health Care Center,,0.918,16,12,4910,4911
CA,2021-12-16,Wyndham Hotels & Resorts dba La Quinta Los Angeles- LAX Airport with L.Q. Management LLC,Wyndham Hotels & Resorts dba La Quinta Ontario Airport with L.Q. Management LLC,,0.918,61,25,5448,5451
CA,2021-12-16,Wyndham Hotels & Resorts dba La Quinta Sacramento- Downtown with L.Q. Management LLC,Wyndham Hotels & Resorts dba La Quinta San Diego- Chula Vista with L.Q. Management LLC,,0.918,20,28,5450,5453
CA,2021-12-16,Wyndham Hotels & Resorts dba La Quinta Sacramento- Downtown with L.Q. Management LLC,Wyndham Hotels & Resorts dba La Quinta Ventura with L.Q. Management LLC,,0.918,20,20,5450,5457
CA,2021-12-16,Wyndham Hotels & Resorts dba La Quinta Thousand Oaks-Newbury Park with L.Q. Management LLC,Wyndham Hotels & Resorts dba La Quinta Ventura with L.Q. Management LLC,,0.918,19,20,5456,5457
CA,2020-04-15,Neighborhood Healthcare,Neighborhood Healthcare - Rose Location,Escondido,0.918,20,3,5812,8278
CA,2020-04-15,Neighborhood Healthcare-Grand Location,Neighborhood Healthcare - Pharmacy Location,Escondido,0.918,1,2,8273,8275
CA,2020-06-26,Deluxe Entertainment Services Inc.,Deluxe Entertainment,Burbank,0.918,10,19,6635,6642
CA,2020-04-08,Restec Contractors Inc. at Gotts Chase Center,Restec Contractors Inc. at SFO ITB A&G,San Francisco,0.918,1,1,9346,9347
CO,2020-03-30,Colorado Athletic Club - Tabor Center,Colorado Athletic Club - Union Station,Denver,0.918,144,88,15825,15826
NE,2019-03-12,Nebraska Commission for the Blind and Visually Impaired,Nebraska Commission for the Blind x,Norfolk,0.918,2,2,32140,52981
TX,2025-05-21,Child Care Associates (Rosedale V),Child Care Associates (Diamond Road),Fort Worth,0.918,16,13,39386,39387
TX,2025-05-21,Child Care Associates (Morris Foundation),Child Care Associates(North Fort Worth),Fort Worth,0.918,17,16,39388,39389
TX,2024-06-04,99 Cents Only Store LLC (Stella Link),99 Cents Only Store LLC (Easttex Frwy),Houston,0.918,20,20,39633,39640
TX,2024-06-04,99 Cents Only Store LLC (W. Greens Rd),99 Cents Only Store LLC (Easttex Frwy),Houston,0.918,20,20,39635,39640
TX,2024-06-04,99 Cents Only Store LLC (W. Greens Rd),99 Cents Only Store LLC (Almeda Genoa),Houston,0.918,20,20,39635,39649
TX,2024-06-04,99 Cents Only Store LLC (Jones Road),99 Cents Only Store LLC (Sam Houston Pkwy),Houston,0.918,20,20,39644,39645
TX,2022-10-27,"Argo AI, LLC. (Austin Congress)","Argo AI, LLC. (Austin 7th Street)",Austin,0.918,10,68,39970,39971
TX,2020-11-24,Compass Group Eurest - Airport FWY,Compass Group Eurest,Fort Worth,0.918,2,32,40210,40214
TX,2020-03-25,Quick Weight Loss Centers - FM 1960,Quick Weight Loss Centers - Westheimer,Houston,0.918,4,4,41031,41047
TX,2006-08-09,SERCO - Northside Workforce Center,SERCO - Eastside Workforce Center,Ft. Worth,0.918,16,18,43351,43357
MO,2020-04-27,Enterprise Holdings - Corporate,Enterprise Holdings (Corporate Office),Multiple Locations,0.918,377,377,56012,56014
NY,2020-03-31,"New York RGI Sub, LLC (East 50th Street)","New York RGI Sub, LLC (Third Ave)",New York,0.918,91,30,58979,58980
NY,2020-01-03,Catholic Guardian Services (Davidson Ave.),Catholic Guardian Services (Grand Concourse),Bronx,0.918,12,5,59886,59887
NY,2018-01-02,"Homer Logistics, Inc. (Madison)","Homer Logistics, Inc. (Greenwich)",New York,0.918,32,118,60768,60769
NY,2017-05-01,IPRO Client Site (Holland),IPRO Client Site (Washington),Albany,0.918,5,104,61019,61021
NY,2016-04-26,Restaurant Associates @ Equinox 50th Street,Restaurant Associates @ Equinox Columbus,New York,0.918,4,8,61325,61327
NY,2016-04-26,Restaurant Associates @ Equinox 76th Street,Restaurant Associates @ Equinox Columbus,New York,0.918,8,8,61326,61327
NY,2016-04-26,Restaurant Associates @ Equinox Columbus,Restaurant Associates @ Equinox 17th Street,New York,0.918,8,6,61327,61330
NY,2016-04-26,Restaurant Associates @ Equinox Columbus,Restaurant Associates @ Equinox 53rd Street,New York,0.918,8,2,61327,61331
NY,2016-04-26,Restaurant Associates @ Equinox Columbus,Restaurant Associates @ Equinox 54th Street,New York,0.918,8,7,61327,61332
NY,2016-04-26,Restaurant Associates @ Equinox Columbus,Restaurant Associates @ Equinox 74th Street,New York,0.918,8,7,61327,61333
NY,2016-04-26,Restaurant Associates @ Equinox Columbus,Restaurant Associates @ Equinox 85th Street,New York,0.918,8,3,61327,61334
MA,2020-06-08,"SW Hotels & Resorts WW, LLC (Sheraton Boston Hotel)","SW Hotels & Resorts WW, LLC (W Boston Hotel and Residences)",Boston,0.918,548,183,87552,87557
CA,2025-09-12,Agile Physical Therapy (Sutter Health Dublin Physical & Hand Therapy),Agile Physical Therapy (Sutter Health Sunnyvale Center 401 Physical Therapy),,0.917,7,16,1591,1595
CA,2025-11-03,CommUnify - I Center,CommUnify - Maple Center,,0.917,6,3,1861,1862
CA,2025-11-03,CommUnify - Maple Center,CommUnify - Los Adobes Center,,0.917,3,1,1862,1869
CA,2025-11-03,CommUnify - Oak Valley Center,CommUnify - Alvin Center,,0.917,1,6,1863,1865
CA,2025-11-03,CommUnify - Westgate Center,CommUnify - Betty Sanchez Center,,0.917,7,1,1873,1877
CA,2026-02-27,Heritage Bank of Commerce (Hollister),Heritage Bank of Commerce (San Francisco),,0.917,1,3,2238,2239
CA,2026-03-12,Total Storage Solutions (Best RV & Self Storage),Total Storage Solutions (Jefferson Self Storage),,0.917,3,4,2246,2259
CA,2026-03-12,Total Storage Solutions (Studebaker Self Storage),Total Storage Solutions (All Size Self Storage),,0.917,3,3,2249,2251
CA,2026-03-12,Total Storage Solutions (Townsend Self Storage),Total Storage Solutions (Western States Self Storage),,0.917,3,3,2254,2262
CA,2026-03-12,Total Storage Solutions (Beaumont Self Storage),Total Storage Solutions (Riverside Self Storage),,0.917,3,4,2258,2263
CA,2026-04-02,"Good Sports Plus, Ltd. dba Arc - J.W. Oakley Elementary School","Good Sports Plus, Ltd. dba Arc - Miguel Hidalgo Elementary School",,0.917,15,5,2320,2321
CA,2026-04-02,Good Sports Plus Ltd. dba Arc - Desert Valley High School,Good Sports Plus Ltd. dba Arc - Southwest High School,,0.917,3,4,2326,2329
CA,2026-05-13,Boys & Girls Club of the LA Harbor - Harbor Teacher Prep Academy,Boys & Girls Club of the La Harbor - Cheryl Green/Torrance Club,,0.917,7,1,2487,2497
CA,2026-06-25,Adventist Health Bakersfield,Adventist Health Clear Lake,,0.917,15,4,2644,2649
CA,2026-06-25,Adventist Health Hanford,Adventist Health Glendale,,0.917,12,12,2648,2650
CA,2026-06-25,Adventist Health Hanford,Adventist Health Vallejo,,0.917,12,3,2648,2661
CA,2026-06-25,Adventist Health Glendale,Adventist Health Sonora,,0.917,12,8,2650,2662
CA,2026-06-25,Adventist Health St. Helena,Adventist Health Roseville,,0.917,3,2,2656,2657
CA,2025-04-09,"Right at School, LLC (Anna Kyle Elementary)","Right at School, LLC (Fairview Elementary)",,0.917,3,8,3217,3221
CA,2025-04-09,"Right at School, LLC (Cordelia Hills Elementary)","Right at School, LLC (Crystal Middle)",,0.917,8,2,3218,3219
CA,2025-04-09,"Right at School, LLC (Cordelia Hills Elementary)","Right at School, LLC (Green Valley Middle)",,0.917,8,5,3218,3223
CA,2025-04-09,"Right at School, LLC (Cordelia Hills Elementary)","Right at School, LLC (KI Jones Elementary)",,0.917,8,11,3218,3224
CA,2025-05-23,GTM Wholesale Liquidators dba GTM Discount General Store - Santee Store,GTM Wholesale Liquidators DBA Discount General Store - Warehouse,,0.917,9,18,3444,3446
CA,2025-06-02,Kaiser Foundation Hospitals - Berkeley,Kaiser Foundation Hospitals - 393 E. Walnut,,0.917,4,2,3427,3433
CA,2025-06-02,Kaiser Foundation Hospitals - Oakland,Kaiser Foundation Hospitals - 75 Fair Oaks Ave.,,0.917,13,2,3429,3434
CA,2025-06-02,Kaiser Foundation Hospitals - 75 Fair Oaks Ave.,Kaiser Foundation Hospitals - Vallejo,,0.917,2,1,3434,3441
CA,2024-01-25,Cue Health - Moda South,"Cue Health, Moda North",,0.917,26,9,4120,4121
CA,2024-02-01,Maxar Space LLC - Fabian,Maxar Space LLC - Meadow,,0.917,48,8,4111,4112
CA,2024-05-02,PT Solutions at Adventist Health Bakersfield,PT Solutions at Adventist Health Tehachapi Valley,,0.917,41,5,4352,4354
CA,2024-05-01,Cue Health Inc. Moda South,Cue Health Inc. Vista,,0.917,84,15,4366,4372
CA,2023-01-05,Cue Health- Moda West,Cue Health - Waples,,0.917,7,161,4844,4847
CA,2021-12-16,Wyndham Hotels & Resorts dba La Quinta Redding with L.Q. Management LLC,Wyndham Hotels & Resorts dba La Quinta San Diego- Chula Vista with L.Q. Management LLC,,0.917,18,28,5443,5453
CA,2021-12-16,Wyndham Hotels & Resorts dba La Quinta Los Angeles- LAX Airport with L.Q. Management LLC,Wyndham Hotels & Resorts dba La Quinta Thousand Oaks-Newbury Park with L.Q. Management LLC,,0.917,61,19,5448,5456
CA,2021-12-16,Wyndham Hotels & Resorts dba La Quinta Ontario Airport with L.Q. Management LLC,Wyndham Hotels & Resorts dba La Quinta Thousand Oaks-Newbury Park with L.Q. Management LLC,,0.917,25,19,5451,5456
CA,2022-04-29,First Baptist Head Start-Belshaw Center,First Baptist Head Start-Lone Tree Center,,0.917,7,7,5593,5599
CA,2020-03-17,"Hof's Hut Restaurants, Inc.","Hof's Hut Restaurants, Inc. dba Saint & Second",Long Beach,0.917,47,85,5685,5688
CA,2020-04-15,Neighborhood Healthcare-Grand Location,Neighborhood Healthcare - Elm Location,Escondido,0.917,1,4,8273,8274
CA,2020-04-15,Neighborhood Healthcare-Grand Location,Neighborhood Healthcare - Chablis Location,Escondido,0.917,1,1,8273,8279
CO,2025-10-29,Salvation Army (updated),Salvation Army,Denver,0.917,135,93,15528,68444
KY,2004-07-01,Brown & Williamson Tobacco Corporation,Brown & Williamson Tobacco Corporation Sales and Marketing Office,Jefferson,0.917,242,33,26619,26621
TX,2024-06-04,99 Cents Only Store LLC (North Freeway),99 Cents Only Store LLC (Bellaire),Houston,0.917,20,20,39636,39638
TX,2024-06-04,99 Cents Only Store LLC (North Freeway),99 Cents Only Store LLC (Lawndale),Houston,0.917,20,20,39636,39639
TX,2024-06-04,99 Cents Only Store LLC (North Freeway),99 Cents Only Store LLC (Bissonet),Houston,0.917,20,20,39636,39648
TX,2024-06-04,99 Cents Only Store LLC (Sam Houston Pkwy),99 Cents Only Store LLC (Bissonet),Houston,0.917,20,20,39645,39648
TX,2020-12-07,"Parsley Energy, Inc.-Congress Ave","Parsley Energy, Inc.-ABA",Austin,0.917,85,2,40190,40191
TX,2020-12-07,"Parsley Energy, Inc.-ABA","Parsley Energy, Inc.-Colorado St.",Austin,0.917,2,147,40191,40192
TX,2020-11-24,Compass Group Eurest - Airport FWY,Compass Group Eurest - One Transformation Way,Fort Worth,0.917,2,4,40210,40213
TX,2015-09-01,ConocoPhillips-St. Mary's,ConocoPhillips-Post Oak,Houston,0.917,50,50,45533,45539
TX,2017-05-16,Randalls-Houston Division,Randalls-Houston Distribution Center,Houston,0.917,50,199,45969,45970
NY,2023-03-16,Eastern Niagara Hospital,Eastern Niagara Hospital - Western Region,,0.917,,,57082,57481
NY,2020-03-30,The Marlow Collective dba Marlow & Sons,The Marlow Collective dba Diner,Brooklyn,0.917,26,25,59069,59070
NY,2020-03-13,"WeWork Companies, Inc. (W. 18th Street)","WeWork Companies, Inc. (Greenwich Street)",New York,0.917,29,1,59748,59752
NY,2018-06-01,Cardinal McCloskey Community Services - Head Start Programs (Msgr. Boyle),Cardinal McCloskey Community Services - Head Start Programs (Courtland Ave. - Child Development Center),Bronx,0.917,39,29,60562,60568
CA,2025-07-14,Blue Shield of California - Woodland Hills,Blue Shield of California - Rancho Cordova,,0.916,10,3,1386,1387
CA,2025-09-12,Agile Physical Therapy (Sutter Health San Carlos Physical Therapy & Hand Therapy),Agile Physical Therapy (Sutter Health Sunnyvale Physical Therapy 1085),,0.916,19,23,1593,1594
CA,2025-11-18,Blue Shield of California (Woodland Hills),Blue Shield of California (Rancho Cordova),,0.916,1,5,1942,1943
CA,2026-02-27,Heritage Bank of Commerce (San Francisco),Heritage Bank of Commerce (Remote-San Jose),,0.916,3,12,2239,2244
CA,2026-03-12,Total Storage Solutions (Best RV & Self Storage),Total Storage Solutions (Tri-City Self Storage),,0.916,3,3,2246,2261
CA,2026-03-12,Total Storage Solutions (Townsend Self Storage),Total Storage Solutions (Beaumont RV & Self Storage),,0.916,3,3,2254,2257
CA,2026-04-17,YMCA Fairlawn Elementary School,YMCA Taylor Elementary School,,0.916,6,10,2387,2396
CA,2026-05-13,Boys & Girls Club of the LA Harbor - Gulf Ave Elementary,Boys & Girls Club of the LA Harbor - Wilmington Club,,0.916,1,3,2485,2488
CA,2026-05-13,Boys & Girls Club of the La Harbor - Cheryl Green/Torrance Club,Boys & Girls Club of the LA Harbor - Environmental Charter MS,,0.916,1,4,2497,2498
CA,2025-04-09,"Right at School, LLC (Cordelia Hills Elementary)","Right at School, LLC (Dover Elementary",,0.916,8,16,3218,3220
CA,2025-04-09,"Right at School, LLC (Cordelia Hills Elementary)","Right at School, LLC (Sheldon Academy)",,0.916,8,3,3218,3229
CA,2025-04-09,"Right at School, LLC (Crystal Middle)","Right at School, LLC (Green Valley Middle)",,0.916,2,5,3219,3223
CA,2025-06-18,"Scout Distribution, LLC - City of Industry","Scout Distribution, LLC - San Diego",,0.916,87,5,3493,3494
CA,2023-08-02,Sunrun Inc.,Sunrun Inc. - Angus,,0.916,31,22,3651,3725
CA,2023-09-11,Noble House Home Furnishings - 7901 Deering,Noble House Home Furnishings LLc,,0.916,9,61,3731,3732
CA,2021-12-16,Wyndham Hotels & Resorts dba La Quinta Buena Park with L.Q. Management LLC,Wyndham Hotels & Resorts dba La Quinta Sacramento- Downtown with L.Q. Management LLC,,0.916,25,20,5440,5450
CA,2021-12-16,Wyndham Hotels & Resorts dba La Quinta Orange County Airport with L.Q. Management LLC,Wyndham Hotels & Resorts dba La Quinta Fresno with L.Q. Management LLC,,0.916,19,20,5442,5447
CA,2021-12-16,Wyndham Hotels & Resorts dba La Quinta Orange County Airport with L.Q. Management LLC,Wyndham Hotels & Resorts dba La Quinta San Diego- Chula Vista with L.Q. Management LLC,,0.916,19,28,5442,5453
CA,2021-12-16,Wyndham Hotels & Resorts dba La Quinta Orange County Airport with L.Q. Management LLC,Wyndham Hotels & Resorts dba La Quinta San Diego- Vista with L.Q. Management LLC,,0.916,19,20,5442,5454
CA,2021-12-16,Wyndham Hotels & Resorts dba La Quinta Orange County Airport with L.Q. Management LLC,Wyndham Hotels & Resorts dba La Quinta Thousand Oaks-Newbury Park with L.Q. Management LLC,,0.916,19,19,5442,5456
CA,2021-12-16,Wyndham Hotels & Resorts dba La Quinta Redding with L.Q. Management LLC,Wyndham Hotels & Resorts dba La Quinta Los Angeles- LAX Airport with L.Q. Management LLC,,0.916,18,61,5443,5448
CA,2021-12-16,Wyndham Hotels & Resorts dba La Quinta Fremont with L.Q. Management,Wyndham Hotels & Resorts dba La Quinta San Diego- Miramar with L.Q. Management LLC,,0.916,13,16,5446,5452
CA,2021-12-16,Wyndham Hotels & Resorts dba La Quinta Fresno with L.Q. Management LLC,Wyndham Hotels & Resorts dba La Quinta Los Angeles- LAX Airport with L.Q. Management LLC,,0.916,20,61,5447,5448
CA,2020-05-04,"Verity Health System of California, Inc.","Verity Health System of California, Inc. dba Verity Business Services",Daly City,0.916,1284,27,5860,5861
CA,2017-09-14,"Molina Healthcare, Inc.","Molina Healthcare of California, Inc.",Long Beach,0.916,194,145,12936,12943
CA,2017-09-14,"Molina Healthcare, Inc.","Molina Healthcare of California, Inc.",Pomona,0.916,1,1,12937,12940
CA,2017-09-14,"Molina Healthcare, Inc.","Molina Healthcare of California, Inc.",Sacramento,0.916,3,3,12938,12944
CA,2017-09-28,"Molina Healthcare of California, Inc.","Molina Healthcare, Inc.",Long Beach,0.916,1,13,12962,12964
CO,2023-02-27,Telluride Sports Camel's Garden,Telluride Sports Main Street,,0.916,,,15628,15632
TX,2025-07-31,"Equus Workforce Solutions-Camp Wisdom (Arbor E&T, LLC)","Equus Workforce Solutions-Alpha Rd.(Arbor E&T, LLC)",Dallas,0.916,1,17,39298,39303
TX,2024-06-04,99 Cents Only Store LLC (W. Greens Rd),99 Cents Only Store LLC (Bellaire),Houston,0.916,20,20,39635,39638
TX,2024-06-04,99 Cents Only Store LLC (W. Greens Rd),99 Cents Only Store LLC (Bissonet),Houston,0.916,20,20,39635,39648
TX,2024-06-04,99 Cents Only Store LLC (Lawndale),99 Cents Only Store LLC (Easttex Frwy),Houston,0.916,20,20,39639,39640
TX,2024-06-04,99 Cents Only Store LLC (Easttex Frwy),99 Cents Only Store LLC (Bissonet),Houston,0.916,20,20,39640,39648
TX,2024-06-04,99 Cents Only Store LLC (Bissonet),99 Cents Only Store LLC (Almeda Genoa),Houston,0.916,20,20,39648,39649
TX,2020-03-31,Justin Brands--Gateway W,Justin Brands-1756 Gateway,El Paso,0.916,6,6,40767,40768
TX,2020-03-25,Quick Weight Loss Centers - Cinco Ranch,Quick Weight Loss Centers - Westheimer,Houston,0.916,4,4,41029,41047
TX,2009-04-16,Wackenhut Corporation - Parmer North 3,Wackenhut Corporation - AUS HVC,Austin,0.916,10,10,44143,44152
TX,2009-04-16,Wackenhut Corporation - Parmer North 2,Wackenhut Corporation - AUS HVC,Austin,0.916,10,10,44145,44152
TX,2009-04-16,Wackenhut Corporation - Parmer North 1,Wackenhut Corporation - AUS HVC,Austin,0.916,10,10,44148,44152
TX,2010-01-12,Radiology Associates - AMI - Four Season's Breast,Radiology Associates - AMI - Southside,San Antonio,0.916,10,11,44393,44399
TX,2015-04-09,Android Industries,Android Industries-Pioneer Pkwy,Arlington,0.916,400,49,45410,45411
TX,2015-07-31,Dynamic Workforce Solutions- Houston St.,Dynamic Workforce Solutions - Hillcrest,San Antonio,0.916,18,23,45501,45506
MI,2024-03-22,UNIVERSAL DEDICATED OF,"Universal Dedicated of Detroit, MI LLC",Detroit,0.916,230,230,55070,55079
NY,2020-06-10,Hyatt Corporation dba Park Hyatt,Hyatt Corporation dba Grand Hyatt New York,New York,0.916,264,745,58291,58297
NY,2020-05-21,"WeWork Companies, Inc. (Broad St.)","WeWork Companies, Inc. (12 E. 49th St)",New York,0.916,40,3,58405,58411
NY,2020-05-21,"WeWork Companies, Inc. (Greenwich St.)","WeWork Companies, Inc. (205 Hudson St.)",New York,0.916,1,1,58406,58413
NY,2020-04-22,Visionworks (Mid-Hudson Region),Visionworks (Southern Region),,0.916,34,47,58571,58572
NY,2020-01-24,Fairway Group Holdings Corp. (Harlem),Fairway Group Holdings Corp. (Upper West Side),New York,0.916,160,337,59844,59845
NY,2019-11-22,"WeWork Companies, Inc. (Broad St.)","WeWork Companies, Inc. (54 W 40th St.)",New York,0.916,250,7,59936,59942
NY,2019-11-22,"WeWork Companies, Inc. (Broad St.)","WeWork Companies, Inc. (W 14th Street)",New York,0.916,250,8,59936,59944
NY,2016-06-30,"Catholic Charities Neighborhood Services, Inc. - OPWDD Residences and Day Habilitation Programs","Catholic Charities Neighborhood Services, Inc. (Casa Betsaida Homeless Program)",Brooklyn,0.916,91,3,61250,61260
KY,2025-01-31,Jack Cooper Transport (Westport Road Facility),Jack Cooper Transport (Grade Lane Facility),Jefferson County - Louisville,0.916,100,89,67473,67477
CA,2025-09-14,University of Southern California (Health Sciences Campus),University of Southern California (Norris),,0.915,151,1,1560,1563
CA,2025-10-31,Ceryx Management LLC (Sepulveda),Ceryx Management LLC (Vermont),,0.915,4,8,1897,1898
CA,2025-10-31,Ceryx Management LLC (Vermont),Ceryx Management LLC (7111 S Hoover),,0.915,8,1,1898,1907
CA,2025-11-03,CommUnify - Chestnut Office,CommUnify - South County HS Office,,0.915,11,1,1859,1879
CA,2025-12-05,"G&C Staffing, LLC (Gold Flora)","G&C Staffing, LLC (Gold Flora) (1190 Coleman Avenue)",,0.915,12,6,1982,1985
CA,2026-03-12,Total Storage Solutions (Crenshaw Self Storage),Total Storage Solutions (Tri-City Self Storage),,0.915,2,3,2247,2261
CA,2026-03-12,Total Storage Solutions (El Monte Stor It Now),Total Storage Solutions (Beaumont Self Storage),,0.915,3,3,2248,2258
CA,2026-03-12,Total Storage Solutions (Beaumont RV & Self Storage),Total Storage Solutions (Citrus Plaza Self Storage),,0.915,3,2,2257,2265
CA,2026-03-12,Total Storage Solutions (Sun City Mini Storage),Total Storage Solutions (Tri-City Self Storage),,0.915,3,3,2260,2261
CA,2026-04-02,"Good Sports Plus, Ltd. dba Arc - Miguel Hidalgo Elementary School",Good Sports Plus Ltd. dba Arc - Central Union High School,,0.915,5,3,2321,2327
CA,2026-04-02,"Good Sports Plus Ltd, dba Arc Phil D. Swing Elementary School",Good Sports Plus Ltd. dba Arc - Desert Valley High School,,0.915,13,3,2324,2326
CA,2026-04-16,Paramount Skydance Corporation (5555 Melrose Avenue),Paramount Skydance Corporation,,0.915,5,2,2376,2407
CA,2026-05-06,"Kidango, Inc. - Peixoto Center","Kidango, Inc. - CCELC Center",,0.915,6,6,2473,2475
CA,2026-05-13,Boys & Girls Club of the LA Harbor - Banning High,Boys & Girls Club of the LA Harbor - Environmental Charter MS,,0.915,5,4,2483,2498
CA,2026-05-13,Boys & Girls Club of the LA Harbor - Wilmington Club,Boys & Girls Club of the LA Harbor - Environmental Charter MS,,0.915,3,4,2488,2498
CA,2026-05-13,Boys & Girls Club of the LA Harbor - Barton Hill Elementary,Boys & Girls Club of the LA Harbor - Fleming Middle School,,0.915,3,7,2490,2499
CA,2026-05-13,Boys & Girls Club of the LA Harbor - Park Western Elementary,Boys & Girls Club of the La Harbor - Cheryl Green/Torrance Club,,0.915,8,1,2492,2497
CA,2026-06-25,Adventist Health Bakersfield,Adventist Health Hanford,,0.915,15,12,2644,2648
CA,2026-06-25,Adventist Health Bakersfield,Adventist Health Glendale,,0.915,15,12,2644,2650
CA,2026-06-25,Adventist Health Clear Lake,Adventist Health Lodi Memorial,,0.915,4,7,2649,2658
CA,2025-04-09,"Right at School, LLC (Fairview Elementary)","Right at School, LLC (Green Valley Middle)",,0.915,8,5,3221,3223
CA,2025-04-09,"Right at School, LLC (Fairview Elementary)","Right at School, LLC (KI Jones Elementary)",,0.915,8,11,3221,3224
CA,2025-04-09,"Right at School, LLC (Green Valley Middle)","Right at School, LLC (KI Jones Elementary)",,0.915,5,11,3223,3224
CA,2024-01-25,"Cue Health, Moda North II","Cue Health, Moda West",,0.915,8,1,4122,4123
CA,2024-02-01,Maxar Space LLC - Meadow,Maxar Space LLC - Charleston,,0.915,8,1,4112,4113
CA,2024-05-01,City National Bank - Flower St.,City National Bank - Grand Ave.,,0.915,14,23,4356,4357
CA,2023-01-05,Cue Health - Moda South,Cue Health- Moda West,,0.915,81,7,4841,4844
CA,2021-12-16,Wyndham Hotels & Resorts dba La Quinta Orange County Airport with L.Q. Management LLC,Wyndham Hotels & Resorts dba La Quinta Los Angeles- LAX Airport with L.Q. Management LLC,,0.915,19,61,5442,5448
CA,2021-12-16,Wyndham Hotels & Resorts dba La Quinta Fremont with L.Q. Management,Wyndham Hotels & Resorts dba La Quinta Sacramento- Downtown with L.Q. Management LLC,,0.915,13,20,5446,5450
CA,2020-03-25,"Goodwill Industries of San Joaquin Valley, Inc.",Goodwill Industries of San Joaquin-Stockton,Stockton,0.915,31,23,5805,5859
CA,2020-09-02,"Mariott Ownership Resorts, Inc","Marriott Ownership Resorts, Inc.",San Francisco,0.915,25,25,6376,6618
CA,2020-04-09,"CV Automotive Group, Inc. dba Ford of Chula Vista","CVK Automotive Group, Inc. dba Kia of Chula Vista",Chula Vista,0.915,11,4,7853,8373
CA,2020-04-06,Residence Inn by Marriott San Diego Downtown Gaslamp,Residence Inn by Marriott San Diego/Mission Valley,San Diego,0.915,29,16,9954,10118
CA,2015-03-19,Keck Medicine of USC-Soto Street,Keck Medicine of USC-USC Norris,Los Angeles,0.915,24,3,15263,15264
HI,2020-09-03,"FOH Hospitality, LLC; Westin Nanea Ocean Resort & Villas","FOH Hospitality, LLC; Westin Princeville Ocean Resort",,0.915,,,19495,19498
NJ,2020-03-01,JACK DANIELS OF USR,JACK DANIELS MOTORS INC,UPPER SADDLE RIVER,0.915,26,90,32618,70962
TX,2020-04-28,Enterprise Holdings-Airport,Enterprise Holdings-Eastern St,San Antonio,0.915,135,146,40451,40452
TX,2010-01-12,Radiology Associates - AMI - Medical Center,Radiology Associates - AMI - Southside,San Antonio,0.915,11,11,44396,44399
TX,2010-01-12,Radiology Associates - AMI - Stone Oak,Radiology Associates - AMI - Village Drive,San Antonio,0.915,11,11,44397,44402
TX,2010-01-12,Radiology Associates - AMI - Southside,Radiology Associates - AMI - Village Drive,San Antonio,0.915,11,11,44399,44402
TX,2010-01-12,Radiology Associates - AMI - Northeast,Radiology Associates - AMI - Village Drive,San Antonio,0.915,11,11,44400,44402
TX,2013-08-12,SER Jobs for Progress-E. Houston,SER Jobs for Progress-Dolorosa,San Antonio,0.915,20,,45118,45122
TX,2019-04-05,Aramark-American Airlines,Aramark-American Blvd,Ft. Worth,0.915,70,6,46346,46347
VA,2025-10-06,Wellmore Energy Company LLC,Wellmore Energy Company LLC (Elk Creek Surface),Hurley VA,0.915,1,1,48892,70788
VA,2023-07-11,Wellmore Energy Company LLC (Paw Paw 2 South),Wellmore Energy Company LLC (Laboratory),Big Rock VA,0.915,39,2,49002,49004
NY,2023-08-04,"SDH Education West, LLC","SDH Education West, LLC - Capital Region",,0.915,,,56991,57391
NY,2023-05-04,"Home Clean Home, HCH Management - New York City Region","Home Clean Home, HCH Management",,0.915,,,57434,57439
NY,2022-03-15,Portmore Delivery Service Corp.,Portmore Delivery Service Corp. - New York City Region,,0.915,,,57223,57615
NY,2020-01-03,Catholic Guardian Services (Payson Ave.),Catholic Guardian Services (1011 Main Office),New York,0.915,30,8,59885,59895
KY,2023-09-10,Wellmore Energy Company LLC - Surface Minerals #1,Wellmore Energy Company LLC - Elk Creek,Pike,0.915,15,58,67223,67224
AL,2007-12-10,WESTPOINT HOME-FAIRFAX FABRICATION PLANT,WESTPOINT HOME-FAIRFAX FINISHING PLANT,Valley,0.914,650,200,239,240
CA,2025-07-14,"Blue Shield of California - Town Center, Building C",Blue Shield of California - Long Beach,,0.914,6,11,1383,1385
CA,2025-07-14,"Blue shield of California - Town Center, Building B",Blue Shield of California - Long Beach,,0.914,32,11,1384,1385
CA,2025-10-13,"Blue Shield of California, Building B",Blue Shield of California 3840,,0.914,24,26,1670,1671
CA,2025-10-13,"Blue Shield of California, Building B",Blue Shield of California 6300,,0.914,24,17,1670,1672
CA,2025-10-13,"Blue Shield of California, Building B",Blue Shield of California 3300,,0.914,24,13,1670,1673
CA,2025-10-13,"Blue Shield of California, Building B",Blue Shield of California 3131,,0.914,24,4,1670,1674
CA,2025-10-13,"Blue Shield of California, Building B",Blue Shield of California 3021,,0.914,24,6,1670,1675
CA,2025-10-13,"Blue Shield of California, Building B",Blue Shield of California 4700,,0.914,24,11,1670,1676
CA,2025-10-31,Ceryx Management LLC (Western),Ceryx Management LLC (1540 S St. Andrews),,0.914,13,18,1901,1906
CA,2025-11-03,CommUnify - Maple Center,CommUnify - Cuyama Center,,0.914,3,2,1862,1874
CA,2026-01-27,Pinterest Inc. (CA Remote),Pinterest Inc. (Palo Alto),,0.914,4,16,2082,2083
CA,2026-02-13,De La Pena Eye Clinic - DLP El Monte,De La Pena Eye Clinic - DLP Huntington Park,,0.914,5,15,2167,2168
CA,2026-02-13,De La Pena Eye Clinic - DLP Montebello,De La Pena Eye Clinic - DLP Van Nuys,,0.914,38,19,2171,2172
CA,2026-03-12,Total Storage Solutions (El Monte Stor It Now),Total Storage Solutions (Townsend Self Storage),,0.914,3,3,2248,2254
CA,2026-03-12,Total Storage Solutions (Airport Mini Storage),Total Storage Solutions (Beaumont Self Storage),,0.914,3,3,2255,2258
CA,2026-03-18,"Lodging Dynamics Hospitality Group, LLC (Courtyard & TownePlace Suites)","Lodging Dynamics Hospitality Group, LLC (Hilton Garden Inn)",,0.914,97,36,2266,2268
CA,2026-04-27,Quixote Studio Services - Griffith Park,Quixote Studio Services - Sylmar North,,0.914,2,17,2444,2448
CA,2026-05-13,Boys & Girls Club of the LA Harbor - Banning High,Boys & Girls Club of the LA Harbor - Fleming Middle School,,0.914,5,7,2483,2499
CA,2026-06-25,Adventist Health Glendale,Adventist Health Lodi Memorial,,0.914,12,7,2650,2658
CA,2024-04-29,Google US-SFO-FERRY,Google US-SFO-SPEAR121,,0.914,3,6,4342,4347
CA,2025-02-18,"Smart & Final Logistics, LLC","Smart & Final Stores, LLC",,0.914,194,23,3101,3102
CA,2025-04-09,"Right at School, LLC (B Gale Wilson Middle)","Right at School, LLC (Sheldon Academy)",,0.914,3,3,3216,3229
CA,2025-04-09,"Right at School, LLC (Anna Kyle Elementary)","Right at School, LLC (Dover Elementary",,0.914,3,16,3217,3220
CA,2025-04-09,"Right at School, LLC (Oakbrook Academy)","Right at School, LLC (Sheldon Academy)",,0.914,4,3,3227,3229
CA,2023-09-12,Kaiser Foundation Hospitals - Pasadena,Kaiser Foundation Hospitals - Ordway Building,,0.914,1,2,3705,3709
CA,2022-11-15,Silicon Valley TMS of East Bay,Silicon Valley TMS of Mountain View,,0.914,6,7,4755,4756
CA,2022-11-15,Silicon Valley TMS of East Bay,Silicon Valley TMS of San Francisco,,0.914,6,1,4755,4758
CA,2021-12-16,Wyndham Hotels & Resorts dba La Quinta Anaheim with L.Q. Management LLC,Wyndham Hotels & Resorts dba La Quinta Los Angeles- LAX Airport with L.Q. Management LLC,,0.914,20,61,5439,5448
CA,2021-12-16,Wyndham Hotels & Resorts dba La Quinta Buena Park with L.Q. Management LLC,Wyndham Hotels & Resorts dba La Quinta Los Angeles- LAX Airport with L.Q. Management LLC,,0.914,25,61,5440,5448
CA,2021-12-16,Wyndham Hotels & Resorts dba La Quinta Fresno with L.Q. Management LLC,Wyndham Hotels & Resorts dba La Quinta San Diego- Chula Vista with L.Q. Management LLC,,0.914,20,28,5447,5453
CA,2021-12-16,Wyndham Hotels & Resorts dba La Quinta Sacramento- Rancho Cordova with L.Q. Management LLC,Wyndham Hotels & Resorts dba La Quinta Ontario Airport with L.Q. Management LLC,,0.914,20,25,5449,5451
CA,2022-04-29,First Baptist Head Start-Administration Office,First Baptist Head Start-Odessa Center,,0.914,13,3,5594,5600
CA,2020-11-09,Hyatt Corporation dba Hyatt Regency San Francisco,Hyatt Corporation dba Grand Hyatt at SFO,San Francisco,0.914,1,8,6966,6967
CA,2020-06-08,"L.A. Live Properties, LLC","L.A. Live Theater, LLC",Los Angeles,0.914,4,6,7831,7832
NJ,2004-06-01,MEDCO HEALTH SOLUTION,MEDCO HEALTH,PARSIPPANY,0.914,461,246,34203,34204
TX,2025-07-10,International Paper Company(N. Closner Blvd.),International Paper Company(W. Chaplin),Edinburg,0.914,66,66,39328,39329
TX,2025-05-21,Child Care Associates (Tucker),Child Care Associates (Arlington 2),Arlington,0.914,7,22,39380,39391
TX,2024-06-04,99 Cents Only Store LLC (Stella Link),99 Cents Only Store LLC (North Freeway),Houston,0.914,20,20,39633,39636
TX,2024-06-04,99 Cents Only Store LLC (Sam Houston Pkwy),99 Cents Only Store LLC (Gessner),Houston,0.914,20,20,39645,39647
TX,2020-11-24,Compass Group Eurest,Compass Group Eurest - 4501 Hwy 360,Fort Worth,0.914,32,37,40214,40216
TX,2020-03-27,Paper Source,Paper Source-Cole Ave,Dallas,0.914,11,10,40815,40818
TX,2020-03-25,Quick Weight Loss Centers - Cinco Ranch,Quick Weight Loss Centers - FM 1960,Houston,0.914,4,4,41029,41031
TX,2013-08-12,SER Jobs for Progress-S. Flores St.,SER Jobs for Progress-Dolorosa,San Antonio,0.914,27,,45121,45122
TX,2017-07-20,"BeautiControl, Inc-Plano Pkwy","BeautiControl, Inc.",Carrollton,0.914,64,77,46004,46005
CT,2021-01-29,"Phelps Dodge Industries, Inc.",Phelps Dodge Industries (Updated Notice),Norwich,0.914,1,1,53746,53992
NY,2019-03-13,Instacart (at Whole Foods Market) Greenwich Street,Instacart (at Whole Foods Market) (95 East Houston Street),New York,0.914,26,21,60213,60215
CA,2025-07-14,"Blue Shield of California - Town Center, Building C",Blue Shield of California - Lodi,,0.913,6,2,1383,1389
CA,2025-07-14,"Blue shield of California - Town Center, Building B",Blue Shield of California - Lodi,,0.913,32,2,1384,1389
CA,2025-09-12,Agile Physical Therapy (Sutter Health Sunnyvale Physical Therapy 1085),Agile Physical Therapy (Sutter Health Mountain View Center),,0.913,23,1,1594,1597
CA,2025-09-12,Agile Physical Therapy (Sutter Health Sunnyvale Center 401 Physical Therapy),Agile Physical Therapy (Sutter Health Mountain View Center),,0.913,16,1,1595,1597
CA,2025-11-03,CommUnify - Little Village Center,CommUnify - Westgate Center,,0.913,8,7,1868,1873
CA,2026-03-12,Total Storage Solutions (Studebaker Self Storage),Total Storage Solutions (Western States Self Storage),,0.913,3,3,2249,2262
CA,2026-03-12,Total Storage Solutions (All Size Self Storage),Total Storage Solutions (Western States Self Storage),,0.913,3,3,2251,2262
CA,2026-03-12,Total Storage Solutions (Garden Grove Secured Storage),Total Storage Solutions (Beaumont RV & Self Storage),,0.913,3,3,2253,2257
CA,2026-04-02,"Good Sports Plus, Ltd. dba Arc - J.W. Oakley Elementary School",Good Sports Plus Ltd. dba Arc - Desert Valley High School,,0.913,15,3,2320,2326
CA,2026-04-16,Paramount Skydance Corporation (1575 N. Gower Street),Paramount Skydance Corporation,,0.913,2,2,2375,2407
CA,2026-05-13,Boys & Girls Club of the LA Harbor - Gulf Ave Elementary,Boys & Girls Club of the LA Harbor - Fleming Middle School,,0.913,1,7,2485,2499
CA,2026-05-13,Boys & Girls Club of the LA Harbor - Harbor Teacher Prep Academy,Boys & Girls Club of the LA Harbor - Park Western Elementary,,0.913,7,8,2487,2492
CA,2026-05-13,Boys & Girls Club of the LA Harbor - Harbor Teacher Prep Academy,Boys & Girls Club of the LA Harbor - South Shores Elementary,,0.913,7,3,2487,2494
CA,2026-06-25,Adventist Health Roseville,Adventist Health Lodi Memorial,,0.913,2,7,2657,2658
CA,2026-06-25,Adventist Health Lodi Memorial,Adventist Health Simi Valley,,0.913,7,7,2658,2663
CA,2026-06-25,Adventist Health Vallejo,Adventist Health Sonora,,0.913,3,8,2661,2662
CA,2025-04-09,"Right at School, LLC (B Gale Wilson Middle)",Right at School. LLC (Grange Middle),,0.913,3,3,3216,3222
CA,2025-04-09,"Right at School, LLC (Green Valley Middle)","Right at School, LLC (Nelda Mundy Elementary)",,0.913,5,5,3223,3226
CA,2025-06-02,Kaiser Foundation Hospitals - Pleasanton,Kaiser Foundation Hospitals - 75 Fair Oaks Ave.,,0.913,20,2,3430,3434
CA,2025-06-02,Kaiser Foundation Hospitals - 393 E. Walnut,Kaiser Foundation Hospitals - Roseville,,0.913,2,1,3433,3438
CA,2025-06-02,Kaiser Foundation Hospitals - 99 S Oakland Ave,Kaiser Foundation Hospitals - San Francisco,,0.913,5,1,3435,3440
CA,2021-12-16,Wyndham Hotels & Resorts dba La Quinta Anaheim with L.Q. Management LLC,Wyndham Hotels & Resorts dba La Quinta Thousand Oaks-Newbury Park with L.Q. Management LLC,,0.913,20,19,5439,5456
CA,2021-12-16,Wyndham Hotels & Resorts dba La Quinta Fresno with L.Q. Management LLC,Wyndham Hotels & Resorts dba La Quinta Sacramento- Rancho Cordova with L.Q. Management LLC,,0.913,20,20,5447,5449
CA,2021-12-16,Wyndham Hotels & Resorts dba La Quinta Fresno with L.Q. Management LLC,Wyndham Hotels & Resorts dba La Quinta Thousand Oaks-Newbury Park with L.Q. Management LLC,,0.913,20,19,5447,5456
CA,2021-12-16,Wyndham Hotels & Resorts dba La Quinta Sacramento- Rancho Cordova with L.Q. Management LLC,Wyndham Hotels & Resorts dba La Quinta Thousand Oaks-Newbury Park with L.Q. Management LLC,,0.913,20,19,5449,5456
CA,2021-12-16,Wyndham Hotels & Resorts dba La Quinta Sacramento- Rancho Cordova with L.Q. Management LLC,Wyndham Hotels & Resorts dba La Quinta Ventura with L.Q. Management LLC,,0.913,20,20,5449,5457
CA,2020-05-20,RUSNAK AUDI - WESTLAKE,RUSNAK BMW - WESTLAKE,Thousand Oaks,0.913,15,20,7874,8023
FL,2017-09-01,Fluor Federal,Fluor Federal Solutions,Pensacola,0.913,145,145,18953,19248
FL,2017-07-03,Fluor Federal,Fluor Federal Solutions,Gainesville,0.913,125,125,18970,19253
FL,2017-05-01,Fluor Federal,Fluor Federal Solutions,Jacksonville,0.913,260,260,18985,19256
FL,2017-02-01,IAP Worldwide,"IAP Worldwide Services,",Tampa,0.913,45,45,19036,19271
FL,2017-01-04,Fluor Federal,Fluor Federal Solutions,Gainesville,0.913,120,120,19051,19275
HI,2020-09-03,"Marriott Ownership Resorts, Inc.; Waikoloa Ocean Club","Marriott Ownership Resorts, Inc.; Westin Kaanapali Ocean Resort",,0.913,,,19489,19492
KY,2015-11-02,Armstrong Coal-Midway Preparation Plant,Armstrong Coal-Midway Mine,Ohio,0.913,10,65,27130,27131
TX,2024-08-07,Conn's Appliances (Beaumont Site),Conn's Appliances (Woodlands Site),Beaumont,0.913,32,183,39577,39578
TX,2024-06-04,99 Cents Only Store LLC (Stella Link),99 Cents Only Store LLC (W. Greens Rd),Houston,0.913,20,20,39633,39635
TX,2020-03-23,Schulte Companies-Richland Hills,Schulte Companies-Cinema Ridge,San Antonio,0.913,19,19,41060,41066
TX,2013-08-12,SER Jobs for Progress-Hillcrest Dr,SER Jobs for Progress-E. Houston,San Antonio,0.913,28,20,45116,45118
TX,2013-08-12,SER Jobs for Progress-S. Flores St.,SER Jobs for Progress-SW 40th Street,San Antonio,0.913,27,4,45121,45124
NY,2022-04-28,"The Avo Shopping Company, Inc.","The Avo Shopping Company, Inc. - New York City Region",,0.913,,,57205,57602
NY,2020-05-21,"WeWork Companies, Inc. (Broad St.)","WeWork Companies, Inc. (500 7th Ave)",New York,0.913,40,6,58405,58408
NY,2020-04-22,Visionworks (Finger Lakes Region),Visionworks (Western Region),,0.913,44,40,58557,58573
NY,2019-11-22,"WeWork Companies, Inc. (Greenwich St.)","WeWork Companies, Inc. (54 W 40th St.)",New York,0.913,14,7,59941,59942
NY,2018-06-19,"Capital One, N.A.- Suffolk North Market","Capital One, N.A.- Nassau South Market",Long Island,0.913,40,33,60545,60546
NY,2018-06-06,Sterling National Bank,Sterling National Bank ( Jericho Plaza),Jericho,0.913,7,6,60555,60556
NY,2018-06-01,Cardinal McCloskey Community Services - Head Start Programs (East 180th Street),Cardinal McCloskey Community Services - Head Start Programs (Courtland Ave. - Child Development Center),Bronx,0.913,16,29,60561,60568
NY,2018-01-02,"Homer Logistics, Inc. (Greenwich)","Homer Logistics, Inc. (45th St)",New York,0.913,118,134,60769,60770
KY,2015-12-31,Armstrong Coal-Midway Preparation Plant,Armstrong Coal-Midway Mine,Ohio,0.913,10,65,69593,69594
CA,2025-10-23,"Applied Materials, Inc. (3101 Scott Blvd)","Applied Materials, Inc. (Remote)",,0.912,20,15,1731,1743
CA,2025-10-23,"Applied Materials, Inc. (3320 Scott Blvd)","Applied Materials, Inc. (Remote)",,0.912,36,15,1733,1743
CA,2025-10-23,"Applied Materials, Inc. (3325 Scott Blvd)","Applied Materials, Inc. (Remote)",,0.912,52,15,1734,1743
CA,2025-10-23,"Applied Materials, Inc. (3330 Scott Blvd)","Applied Materials, Inc. (Remote)",,0.912,6,15,1735,1743
CA,2025-10-23,"Applied Materials, Inc. (3333 Scott Blvd)","Applied Materials, Inc. (Remote)",,0.912,73,15,1736,1743
CA,2025-10-23,"Applied Materials, Inc. (545 Oakmead Pkwy)","Applied Materials, Inc. (Remote)",,0.912,7,15,1738,1743
CA,2026-02-27,Heritage Bank of Commerce (Livermore),Heritage Bank of Commerce (San Francisco),,0.912,1,3,2233,2239
CA,2026-03-12,Total Storage Solutions (All Size Self Storage),Total Storage Solutions (Beaumont RV & Self Storage),,0.912,3,3,2251,2257
CA,2026-03-12,Total Storage Solutions (Airport Mini Storage),Total Storage Solutions (Beaumont RV & Self Storage),,0.912,3,3,2255,2257
CA,2026-04-27,The People Concern - Cloverfield,The People Concern - Admin,,0.912,20,3,2466,2470
CA,2026-05-13,Boys & Girls Club of the LA Harbor - Environmental Charter MS,Boys & Girls Club of the LA Harbor - Fleming Middle School,,0.912,4,7,2498,2499
CA,2026-06-25,Adventist Health Bakersfield,Adventist Health Specialty Bakersfield,,0.912,15,1,2644,2646
CA,2026-06-25,Adventist Health Delano,Adventist Health Clear Lake,,0.912,3,4,2645,2649
CA,2026-06-25,Adventist Health Hanford,Adventist Health Howard Memorial,,0.912,12,6,2648,2653
CA,2026-06-25,Adventist Health Clear Lake,Adventist Health Vallejo,,0.912,4,3,2649,2661
CA,2026-06-25,Adventist Health Ukiah Valley,Adventist Health Roseville,,0.912,5,2,2655,2657
CA,2026-06-25,Adventist Health Lodi Memorial,Adventist Health Vallejo,,0.912,7,3,2658,2661
CA,2026-06-25,Adventist Health Sierra Vista,Adventist Health Sonora,,0.912,5,8,2659,2662
CA,2025-04-09,"Right at School, LLC (Dover Elementary","Right at School, LLC (Sheldon Academy)",,0.912,16,3,3220,3229
CA,2023-07-05,U.S. Bank,U.S. Bank (1289),,0.912,23,14,3668,3669
CA,2023-07-05,U.S. Bank,U.S. Bank (1296),,0.912,23,3,3668,3670
CA,2023-05-25,"Hulu, LLC - 2450","Hulu, LLC",,0.912,22,6,5222,5223
CA,2021-12-16,Wyndham Hotels & Resorts dba La Quinta Buena Park with L.Q. Management LLC,Wyndham Hotels & Resorts dba La Quinta San Diego- Chula Vista with L.Q. Management LLC,,0.912,25,28,5440,5453
CA,2021-12-16,Wyndham Hotels & Resorts dba La Quinta Irvine Spectrum with L.Q. Management LLC,Wyndham Hotels & Resorts dba La Quinta Los Angeles- LAX Airport with L.Q. Management LLC,,0.912,20,61,5441,5448
CA,2021-12-16,Wyndham Hotels & Resorts dba La Quinta Redding with L.Q. Management LLC,Wyndham Hotels & Resorts dba La Quinta Sacramento- Downtown with L.Q. Management LLC,,0.912,18,20,5443,5450
CA,2020-09-21,Hyatt Corporation dba Grand Hyatt San Diego,Hyatt Corporation - Andaz San Diego,San Diego,0.912,35,89,6596,6918
HI,2020-09-03,"Marriott Ownership Resorts, Inc.; Kauai Lagoons","Marriott Ownership Resorts, Inc.; Westin Kaanapali Ocean Resort",,0.912,,,19483,19492
HI,2020-09-03,VSE Pacific Inc.; Westin Kaanapali Ocean Resort,VSE Pacific Inc.; Westin Princeville Ocean Resort,,0.912,,,19493,19499
TX,2025-10-02,Southwest Key Programs-Casa Houston Reliant,Southwest Key Programs-Houston Headquarters,Houston,0.912,1,10,39253,39261
TX,2025-07-31,"Equus Workforce Solutions-Greenville Ave. (Arbor E&T, LLC)","Equus Workforce Solutions-Alpha Rd.(Arbor E&T, LLC)",Dallas,0.912,10,17,39301,39303
TX,2025-05-28,Texana Center Willowbend Group Home,Texana Center Maude Group Home,Wharton,0.912,6,4,39375,39377
TX,2025-05-21,Child Care Associates (Diamond Road),Child Care Associates (Blanche),Fort Worth,0.912,13,17,39387,39390
TX,2020-03-25,Quick Weight Loss Centers - Westheimer,Quick Weight Loss Centers - 2615 SW Frwy,Houston,0.912,4,4,41047,41050
TX,2020-03-23,Hooters - Ingram Rd.,Hooters - Wurbach Rd.,San Antonio,0.912,59,40,41140,41148
KS,2002-10-16,Gibson's Discount Center,Gibson's Distribution Center,1 - Workforce Investment Area I,0.912,23,65,52298,52299
NY,2017-05-01,IPRO Client Site (Central),IPRO Client Site (Washington),Albany,0.912,1,104,61020,61021
CA,2025-09-08,Kaiser Foundation Hospitals - Walnut Creek,Kaiser Foundation Hospitals - 74 N. Pasadena,,0.911,1,2,1554,1556
CA,2025-10-31,Ceryx Management LLC (Hoover),Ceryx Management LLC (801 W 70th),,0.911,3,9,1900,1904
CA,2026-02-02,"Meta Platforms, Inc. - 180 Jefferson","Meta Platforms, Inc.",,0.911,2,52,2123,2126
CA,2026-02-02,"Meta Platforms, Inc. - 190 Jefferson","Meta Platforms, Inc.",,0.911,1,52,2124,2126
CA,2026-02-02,"Meta Platforms, Inc. - 220 Jefferson","Meta Platforms, Inc.",,0.911,2,52,2125,2126
CA,2026-02-13,De La Pena Eye Clinic - DLP Commerce,De La Pena Eye Clinic - DLP Van Nuys,,0.911,38,19,2166,2172
CA,2026-02-13,De La Pena Eye Clinic - DLP Huntington Park,De La Pena Eye Clinic - DLP Los Angeles,,0.911,15,12,2168,2170
CA,2026-03-12,Total Storage Solutions (All Size Self Storage),Total Storage Solutions (Jefferson Self Storage),,0.911,3,4,2251,2259
CA,2026-03-12,Total Storage Solutions (Townsend Self Storage),Total Storage Solutions (Citrus Plaza Self Storage),,0.911,3,2,2254,2265
CA,2026-04-02,Good Sports Plus Ltd. dba Brawley Union High School,Good Sports Plus Ltd. dba Arc - Southwest High School,,0.911,6,4,2325,2329
CA,2026-05-13,Boys & Girls Club of the LA Harbor - Taper Ave. Elementary,Boys & Girls Club of the La Harbor - Cheryl Green/Torrance Club,,0.911,8,1,2495,2497
CA,2026-06-21,"Vine Hospitality (Left Bank Tiburon, LP)","Vine Hospitality (Left Bank Menlo Park Partners, LP)",,0.911,20,42,2624,2626
CA,2026-06-25,Adventist Health Bakersfield,Adventist Health St. Helena,,0.911,15,3,2644,2656
CA,2026-06-25,Adventist Health Delano,Adventist Health Howard Memorial,,0.911,3,6,2645,2653
CA,2026-06-25,Adventist Health Delano,Adventist Health Mendocino Coast,,0.911,3,3,2645,2654
CA,2026-06-25,Adventist Health Mendocino Coast,Adventist Health Sonora,,0.911,3,8,2654,2662
CA,2026-06-25,Adventist Health St. Helena,Adventist Health Twin Cities,,0.911,3,4,2656,2660
CA,2026-06-25,Adventist Health St. Helena,Adventist Health Simi Valley,,0.911,3,7,2656,2663
CA,2025-04-09,"Right at School, LLC (Dover Elementary","Right at School, LLC (Nelda Mundy Elementary)",,0.911,16,5,3220,3226
CA,2025-06-02,Kaiser Foundation Hospitals - Berkeley,Kaiser Foundation Hospitals - 99 S Oakland Ave,,0.911,4,5,3427,3435
CA,2022-11-15,Silicon Valley TMS of San Jose,Silicon Valley TMS of Corte Madera,,0.911,14,3,4761,4763
CA,2023-01-05,Cue Health - Waples,Cue Health - Vista,,0.911,161,63,4847,4849
CA,2023-01-05,Cue Health - Waples II,Cue Health - Vista,,0.911,4,63,4848,4849
CA,2021-12-16,Wyndham Hotels & Resorts dba La Quinta Los Angeles- LAX Airport with L.Q. Management LLC,Wyndham Hotels & Resorts dba La Quinta Ventura with L.Q. Management LLC,,0.911,61,20,5448,5457
CA,2021-12-16,Wyndham Hotels & Resorts dba La Quinta San Diego- Chula Vista with L.Q. Management LLC,Wyndham Hotels & Resorts dba La Quinta Thousand Oaks-Newbury Park with L.Q. Management LLC,,0.911,28,19,5453,5456
CA,2022-04-29,First Baptist Head Start-Kid's Castle Center,First Baptist Head Start-Lone Tree Center,,0.911,19,7,5596,5599
CA,2022-04-29,First Baptist Head Start-Fairgrounds Center,First Baptist Head Start-Lone Tree Center,,0.911,22,7,5598,5599
CA,2020-06-09,Bay Club San Francisco,Bay Club SF Tennis,San Francisco,0.911,146,64,5664,5665
CA,2020-07-10,Wyndham Vacation Ownership - SF Nob Hill Resort,Wyndham Vacation Ownership - Canterbury Resort,San Francisco,0.911,2,6,6468,6469
CA,2020-06-03,Wyndham Vacation Ownership - Canterbury Resort,Wyndham Vacation Ownership dba The Donatello Resort,San Francisco,0.911,5,1,6471,7941
CA,2020-04-20,"Hoehn Motors, Inc DBA Hoehn Mercedes-Benz","Hoehn Motors, Inc., dba Hoehn Acura",Carlsbad,0.911,112,386,8157,8644
CA,2020-04-08,Restec Contractors Inc. at Gotts Chase Center,Restec Contractors Inc. at Uber Mission Bay,San Francisco,0.911,1,2,9346,9348
CA,2019-01-15,"Machinima, Inc.","Machinima NU, LLC",Burbank,0.911,52,29,12378,12384
CA,2015-03-19,Keck Medicine of USC-Healthcare,Keck Medicine of USC-Keck Hospital,Los Angeles,0.911,1,39,15261,15262
DC,2024-09-13,Democratic Senatorial Campaign Committee,Democratic National Committee,Washington D.C.,0.911,107,,16351,16352
SC,2022-01-01,"Montage Palmetto Bluff,LLC",Montage Palmetto BluffPaint Box,Bluffton,0.911,132,7,37618,37620
TX,2025-07-31,"Equus Workforce Solutions-Alpha Rd.(Arbor E&T, LLC)","Equus Workforce Solutions-Malcolm X Blvd.(Arbor E&T, LLC)",Dallas,0.911,17,16,39303,39304
TX,2025-04-23,"Graphic Solutions, Inc. (Spring Valley)","Graphic Solutions, Inc (Welch Rd)",Dallas,0.911,64,2,39414,39415
TX,2025-03-12,Constellis LLC (Laredo Border Station),Constellis LLC (Laredo #2),Laredo,0.911,121,30,39440,39441
TX,2010-01-12,Radiology Associates - AMI - Four Season's Breast,Radiology Associates - AMI - Crown IR,San Antonio,0.911,10,10,44393,44398
TX,2010-01-12,Radiology Associates - AMI - Four Season's Breast,Radiology Associates - AMI - Crown MR,San Antonio,0.911,10,11,44393,44401
TX,2013-08-12,SER Jobs for Progress-Hillcrest Dr,SER Jobs for Progress-Dolorosa,San Antonio,0.911,28,,45116,45122
NY,2023-04-20,"Sumitovant Biopharma, Inc.","Sumitovant Biopharma, Inc. - Long Island Region",,0.911,,,57406,57456
NY,2023-03-17,Upward Enterprises Inc. DBA Upward Farms - New York City Region,Upward Enterprises Inc. - New York City Region,,0.911,,,57477,57480
NY,2020-06-10,Hyatt Corporation dba Hotel 50 Bowery,Hyatt Corporation dba Parker New York,New York,0.911,67,366,58290,58294
NY,2020-06-10,Hyatt Corporation dba Park Hyatt,Hyatt Corporation dba Andaz Wall Street,New York,0.911,264,114,58291,58295
NY,2020-06-10,Hyatt Corporation dba Parker New York,Hyatt Corporation dba Grand Hyatt New York,New York,0.911,366,745,58294,58297
NY,2020-03-13,"WeWork Companies, Inc. (Avenue of the Americas)","WeWork Companies, Inc. (Greenwich Street)",New York,0.911,3,1,59750,59752
NY,2020-01-24,Fairway Group Holdings Corp. (Corporate Office),Fairway Group Holdings Corp. (Upper West Side),New York,0.911,9,337,59840,59845
NY,2019-12-03,Oakwood Worldwide (US) LP,Oakwood Worldwide (US) LP (Chelsea Building ),New York,0.911,21,,59920,59921
NY,2017-04-04,Ralph Lauren Corporation (26th St.),Ralph Lauren Corporation (Madison Ave),New York,0.911,64,8,61053,61054
CA,2025-08-15,Adventist Health 1,Adventist Health Simi Valley,,0.91,296,1,1481,1483
CA,2025-10-31,Ceryx Management LLC (Vermont),Ceryx Management LLC (1904 E 113th),,0.91,8,1,1898,1908
CA,2025-10-31,Ceryx Management LLC (Western),Ceryx Management LLC (7111 S Hoover),,0.91,13,1,1901,1907
CA,2025-10-31,Ceryx Management LLC (Western),Ceryx Management LLC (1904 E 113th),,0.91,13,1,1901,1908
CA,2025-11-03,CommUnify - I Center,CommUnify - Westgate Center,,0.91,6,7,1861,1873
CA,2025-11-03,CommUnify - I Center,CommUnify - Goleta Center,,0.91,6,2,1861,1880
CA,2025-11-03,CommUnify - Maple Center,CommUnify - Meridian Center,,0.91,3,2,1862,1871
CA,2026-02-27,Heritage Bank of Commerce (Danville),Heritage Bank of Commerce (Remote-San Jose),,0.91,4,12,2235,2244
CA,2026-03-12,Total Storage Solutions (Arcadia 210 Self Storage),Total Storage Solutions (Beaumont Self Storage),,0.91,1,3,2250,2258
CA,2026-03-12,Total Storage Solutions (All Size Self Storage),Total Storage Solutions (Tri-City Self Storage),,0.91,3,3,2251,2261
CA,2026-03-12,Total Storage Solutions (Townsend Self Storage),Total Storage Solutions (Tri-City Self Storage),,0.91,3,3,2254,2261
CA,2026-03-12,Total Storage Solutions (Beaumont Self Storage),Total Storage Solutions (Citrus Plaza Self Storage),,0.91,3,2,2258,2265
CA,2026-04-07,Wellpath and CFMG - Placer Jail - Auburn,Wellpath and CFMG - Placer Juvi Detention,,0.91,50,4,2337,2338
CA,2026-04-17,YMCA Bonita Elementary School,YMCA Rice Elementary School,,0.91,6,11,2384,2394
CA,2026-04-17,YMCA Fairlawn Elementary School,YMCA Tunnel Elementary School,,0.91,6,10,2387,2397
CA,2026-06-25,Adventist Health Vallejo,Adventist Health and Rideout,,0.91,3,9,2661,2664
CA,2025-04-09,"Right at School, LLC (Cordelia Hills Elementary)","Right at School, LLC (Nelda Mundy Elementary)",,0.91,8,5,3218,3226
CA,2025-04-09,Right at School. LLC (Grange Middle),"Right at School, LLC (Sheldon Academy)",,0.91,3,3,3222,3229
CA,2025-06-02,Kaiser Foundation Hospitals - 74 N. Pasadena,Kaiser Foundation Hospitals - Roseville,,0.91,1,1,3432,3438
CA,2023-09-11,Noble House Home Furnishings LLC GDF Outlet,Noble House Home Furnishings - 7901 Deering,,0.91,7,9,3730,3731
CA,2024-02-01,Maxar Space LLC - Fabian,Maxar Space LLC - Charleston,,0.91,48,1,4111,4113
CA,2022-11-15,Silicon Valley TMS of San Francisco,Silicon Valley TMS of Corte Madera,,0.91,1,3,4758,4763
CA,2021-12-16,Wyndham Hotels & Resorts dba La Quinta Orange County Airport with L.Q. Management LLC,Wyndham Hotels & Resorts dba La Quinta Fremont with L.Q. Management,,0.91,19,13,5442,5446
CA,2022-04-29,First Baptist Head Start-Administration Office,First Baptist Head Start-Fairgrounds Center,,0.91,13,22,5594,5598
CA,2020-04-20,Enterprise Holdings at San Francisco Airport,Enterprise Holdings at Downtown San Francisco,San Francisco,0.91,47,1,7844,7845
CA,2020-04-15,Neighborhood Healthcare,Neighborhood Healthcare - Chablis Location,Escondido,0.91,20,1,5812,8279
CA,2020-04-15,Neighborhood Healthcare,Neighborhood Healthcare - Finance Location,Escondido,0.91,20,6,5812,8281
CA,2020-04-13,"Accredited Debt Relief, Inc.",Acrredited Debt Relief Inc.,San Diego,0.91,263,263,8320,9296
CA,2021-03-18,Johnson & Johnson,Johnson & Johnson International,South San Francisco,0.91,2,6,7471,7476
CA,2021-03-18,Johnson & Johnson,Johnson & Johnson Services Inc.,South San Francisco,0.91,2,3,7471,7477
CA,2020-03-27,"Cal Cartage Warehousing and Transloading, LLC","Cal Cartage Warehousing & Distribution, LLC",Torrance,0.91,74,100,8724,10459
CA,2015-03-19,Keck Medicine of USC-Healthcare,Keck Medicine of USC-Soto Street,Los Angeles,0.91,1,24,15261,15263
CO,2023-02-27,Telluride Sports - Cimarron Lodge,Telluride Sports - Franz Klammer,,0.91,,,15629,15630
CO,2023-02-27,Telluride Sports - Cimarron Lodge,Telluride Sports - Gondola Plaza,,0.91,,,15629,15631
HI,2020-03-31,Meadow Gold Dairies Honolulu,Meadow Gold Dairies Kailua-Kona,,0.91,,,19338,19339
HI,2020-09-25,VSE Pacific Inc. Westin Kaanapali Ocean Resort,VSE Pacific Inc. Westin Princeville Ocean Resort,,0.91,,,19527,19528
KY,2016-04-29,Armstrong Coal- Parkway underground mine,Armstrong Coal- Parkway Preparation Plant,Muhlenberg,0.91,86,20,27157,27158
TX,2024-08-08,ABM Texas (TCC South),ABM Texas (TCC Trinity),Fort Worth,0.91,23,23,39574,39576
TX,2020-03-26,Cinemark West Plano,Cinemark Central Plano,Plano,0.91,165,52,40912,40917
TX,2013-08-12,SER Jobs for Progress-Dolorosa,SER Jobs for Progress-Marbach Rd.,San Antonio,0.91,,13,45122,45126
TX,2015-07-31,Dynamic Workforce Solutions- Houston St.,Dynamic Workforce Solutions - Marbach,San Antonio,0.91,18,17,45501,45505
MO,2020-04-09,Asbury Automotive Group - Landrover Jaguar Creve Coeur,Asbury Automotive Group - Plaza BMW Creve Coeur,Creve Coeur,0.91,43,39,56037,56039
NY,2021-07-15,"Jewish Board of Family & Children's Services, Inc. (Phase 1)","Jewish Board of Family & Children's Services, Inc. (Ittleson Residential Treatment Facility)",,0.91,,,57302,57303
NY,2020-05-27,"Merritt Hospitality, LLC (at the Le Meridien Central Park New York","Merritt Hospitality, LLC (at the Westin Grand Central Hotel)",New York,0.91,65,388,58383,58390
NY,2020-03-13,"WeWork Companies, Inc. (Avenue of the Americas)","WeWork Companies, Inc. (Hudson Street)",New York,0.91,3,6,59750,59751
NY,2020-01-03,Catholic Guardian Services (Wallace Ave),Catholic Guardian Services (225th Street),Bronx,0.91,19,12,59882,59883
NY,2019-09-09,Catholic Guardian Services (Co-Op City),Catholic Guardian Services (243rd Street),Bronx,0.91,34,24,60040,60042
NY,2019-09-09,Catholic Guardian Services (243rd Street),Catholic Guardian Services (Lacombe Ave),Bronx,0.91,24,28,60042,60043
AZ,2023-03-31,"Lucid USA, Inc.",Lucid Group Inc.,Casa Grande,0.91,968,968,61803,68440
KY,2020-04-15,Jacobsen|Daniels Enterprise d.b.a Fly Away Valet - CVG,Jacobsen|Daniels Enterprise - CVG,Boone,0.91,17,17,67533,67566
KY,2016-06-22,Armstrong Coal- Parkway underground mine,Armstrong Coal- Parkway Preparation Plant,Muhlenberg,0.91,86,20,69572,69573
CA,2025-07-14,"Blue Shield of California - Town Center, Building C",Blue Shield of California - San Diego,,0.909,6,2,1383,1388
CA,2025-07-14,"Blue shield of California - Town Center, Building B",Blue Shield of California - San Diego,,0.909,32,2,1384,1388
CA,2025-09-12,Agile Physical Therapy (Sutter Health Dublin Physical & Hand Therapy),Agile Physical Therapy (Sutter Health San Carlos Physical Therapy & Hand Therapy),,0.909,7,19,1591,1593
CA,2025-09-12,Agile Physical Therapy (Sutter Health Dublin Physical & Hand Therapy),Agile Physical Therapy (Sutter Health Sunnyvale Center (301) Physical Therapy),,0.909,7,4,1591,1596
CA,2025-09-12,Agile Physical Therapy (Sutter Health San Carlos Physical Therapy & Hand Therapy),Agile Physical Therapy (Sutter Health Sunnyvale Center 401 Physical Therapy),,0.909,19,16,1593,1595
CA,2025-10-23,"Applied Materials, Inc. (1140 E Arques Ave)","Applied Materials, Inc. (Remote)",,0.909,26,15,1737,1743
CA,2025-10-23,"Applied Materials, Inc. (930 E. Arques Ave)","Applied Materials, Inc. (Remote)",,0.909,1,15,1740,1743
CA,2025-10-23,"Applied Materials, Inc. (974 E. Arques Ave)","Applied Materials, Inc. (Remote)",,0.909,41,15,1741,1743
CA,2025-10-23,"Applied Materials, Inc. (978 E. Arques Ave)","Applied Materials, Inc. (Remote)",,0.909,7,15,1742,1743
CA,2025-11-03,CommUnify - Los Adobes Center,CommUnify - Coronel Center,,0.909,1,1,1869,1878
CA,2025-11-03,CommUnify - Los Padres Center,CommUnify - Coronel Center,,0.909,4,1,1870,1878
CA,2026-01-06,Alameda Health System - Wilma Chan Highland Hospital,Alameda Health System - Alameda Hospital,,0.909,128,9,2000,2003
CA,2026-03-12,Total Storage Solutions (Arcadia 210 Self Storage),Total Storage Solutions (E Street Self Storage),,0.909,1,2,2250,2264
CA,2026-03-12,Total Storage Solutions (Western States Self Storage),Total Storage Solutions (Riverside Self Storage),,0.909,3,4,2262,2263
CA,2026-04-02,Good Sports Plus Ltd. dba Arc - Southwest High School,Good Sports Plus Ltd. dba Arc,,0.909,4,4,2329,2330
CA,2026-04-27,Quixote Studio Services - Griffith Park,Quixote Studio Services - Sylmar South,,0.909,2,3,2444,2449
CA,2026-05-13,Boys & Girls Club of the LA Harbor - South Shores Elementary,Boys & Girls Club of the LA Harbor - Fleming Middle School,,0.909,3,7,2494,2499
CA,2025-04-09,"Right at School, LLC (Crystal Middle)","Right at School, LLC (Public Safety Academy)",,0.909,2,2,3219,3228
CA,2024-05-01,Cue Health Inc. Moda North II,Cue Health Inc. Nancy Ridge II,,0.909,5,7,4368,4370
CA,2023-01-20,Google LA 5,Google,,0.909,6,11,4895,4901
CA,2023-01-20,Google LA 2,Google,,0.909,2,11,4896,4901
CA,2023-01-20,Google LA 3,Google,,0.909,4,11,4897,4901
CA,2023-01-20,Google LA 1,Google,,0.909,5,11,4898,4901
CA,2021-12-16,Wyndham Hotels & Resorts dba La Quinta Irvine Spectrum with L.Q. Management LLC,Wyndham Hotels & Resorts dba La Quinta Sacramento- Rancho Cordova with L.Q. Management LLC,,0.909,20,20,5441,5449
CA,2022-04-29,First Baptist Head Start-Belshaw Center,First Baptist Head Start-Fairgrounds Center,,0.909,7,22,5593,5598
CA,2020-03-20,"Tsubaki, LLC dba Ototo","Tsubaki, LLC",Los Angeles,0.909,18,27,8793,8821
CA,2020-06-08,"L.A. Arena Company, LLC,","L.A. Arena Company, LLC , DBA STAPLES Center",Los Angeles,0.909,31,18,7830,7862
CA,2020-03-26,California Pizza Kitchen (CPK) at Store #156,California Pizza Kitchen,Santa Clara,0.909,68,57,8564,8566
CA,2015-05-28,"Campesinos Unidos, Inc. - Head Start","Campesinos Unidos, Inc. - McKinley",El Centro,0.909,12,13,15388,15390
FL,2017-03-01,EmblemHealth,"EmblemHealth Services,",Hollywood,0.909,221,221,19030,19267
TX,2025-07-31,"Equus Workforce Solutions-Malcolm X Blvd.(Arbor E&T, LLC)","Equus Workforce Solutions-Buckner Blvd.(Arbor E&T, LLC)",Dallas,0.909,16,16,39304,39305
TX,2025-05-21,Child Care Associates (Rosedale V),Child Care Associates (Morris Foundation),Fort Worth,0.909,16,17,39386,39388
TX,2022-11-16,"Meta Platforms, Inc. (West 3rd)","Meta Platforms, Inc. (Mcallen Pass)",Austin,0.909,154,11,39960,39962
TX,2001-10-30,Santa's Best - Lubbock,Santa's Best,Lubbock,0.909,12,12,42033,42035
TX,2001-11-14,VF Jeanswear,VF Jeanswear - El Paso,El Paso,0.909,372,582,42045,42046
TX,2002-10-17,VF Jeanswear - El Paso,VF Jeanswear,El Paso,0.909,774,426,42416,42417
TX,2010-01-12,Radiology Associates - AMI - Crown MR,Radiology Associates - AMI - Village Drive,San Antonio,0.909,11,11,44401,44402
TX,2015-04-09,Android Industries-E Pioneer Pkwy,Android Industries,Arlington,0.909,100,400,45409,45410
TX,2016-05-26,"Lufkin Industries, LLC, (GE Oil & Gas-Gear Repair","Lufkin Industries, Inc. (GE Oil & Gas)-",Lufkin,0.909,44,105,45743,45745
NY,2020-07-02,Hilton Grand Vacation at Hilton Club New York,Hilton Grand Vacation at The Residences by Hilton Club,New York,0.909,141,8,58150,58151
NY,2020-01-03,Catholic Guardian Services (Wallace Ave),Catholic Guardian Services (Grand Concourse),Bronx,0.909,19,5,59882,59887
NY,2019-11-22,"WeWork Companies, Inc. (Beach St.)","WeWork Companies, Inc. (115 Broadway)",New York,0.909,10,16,59938,59947
NY,2018-03-30,"CAMBA, Inc.- LTW at Cascades High School","CAMBA, Inc.- LTW at Judith S. Kaye High School",New York,0.909,6,5,60652,60654
NY,2018-03-29,People Inc. (Lincoln Avenue),People Inc. (Walden Avenue),Depew,0.909,9,54,60657,60659
CA,2025-08-04,University of Southern California Norris Cancer Hospital,University of Southern California (HC4),,0.908,10,2,1447,1452
CA,2025-09-08,Kaiser Foundation Hospitals-Antioch,Kaiser Foundation Hospitals - 99 S. Pasadena,,0.908,1,1,1553,1555
CA,2025-09-12,Agile Physical Therapy (Sutter Health Dublin Physical & Hand Therapy),Agile Physical Therapy (Sutter Health Palo Alto Physical Therapy & Hand Therapy),,0.908,7,30,1591,1598
CA,2025-10-23,"Applied Materials, Inc. (557 E. California Ave)","Applied Materials, Inc. (Remote)",,0.908,4,15,1739,1743
CA,2025-11-03,CommUnify - Oak Valley Center,CommUnify - Goleta Center,,0.908,1,2,1863,1880
CA,2025-11-03,CommUnify - Los Adobes Center,CommUnify - Goleta Center,,0.908,1,2,1869,1880
CA,2025-11-03,CommUnify - Los Padres Center,CommUnify - Goleta Center,,0.908,4,2,1870,1880
CA,2025-11-17,"HRL Laboratories, Malibu Campus","HRL Laboratories, Westlake Campus",,0.908,34,10,1932,1936
CA,2026-03-12,Total Storage Solutions (Studebaker Self Storage),Total Storage Solutions (Tri-City Self Storage),,0.908,3,3,2249,2261
CA,2026-03-12,Total Storage Solutions (Beaumont Self Storage),Total Storage Solutions (Western States Self Storage),,0.908,3,3,2258,2262
CA,2026-04-13,Boeing Company,Boeing Company - San Diego,,0.908,13,1,2360,2364
CA,2026-04-13,Boeing Company - Edwards AFB,Boeing Company - San Diego,,0.908,2,1,2361,2364
CA,2026-05-13,Boys & Girls Club of the LA Harbor - Gulf Ave Elementary,Boys & Girls Club of the LA Harbor - Harbor Teacher Prep Academy,,0.908,1,7,2485,2487
CA,2026-06-25,Adventist Health Tehachapi Valley,Adventist Health Roseville,,0.908,3,2,2647,2657
CA,2026-06-25,Adventist Health Tehachapi Valley,Adventist Health Vallejo,,0.908,3,3,2647,2661
CA,2026-06-25,Adventist Health Clear Lake,Adventist Health St. Helena,,0.908,4,3,2649,2656
CA,2026-06-25,Adventist Health Glendale,Adventist Health and Rideout,,0.908,12,9,2650,2664
CA,2025-04-09,"Right at School, LLC","Right at School, LLC (Crystal Middle)",,0.908,1,2,3214,3219
CA,2025-04-09,"Right at School, LLC (B Gale Wilson Middle)","Right at School, LLC (Crystal Middle)",,0.908,3,2,3216,3219
CA,2025-05-02,Chevron (100),Chevron,,0.908,18,20,3356,3358
CA,2025-05-02,Chevron (850),Chevron,,0.908,13,20,3357,3358
CA,2025-05-23,Walmart,Walmart (640),,0.908,106,129,3419,3487
CA,2025-05-23,Walmart,Walmart (840),,0.908,106,135,3419,3488
CA,2025-05-23,Walmart,Walmart (860),,0.908,106,98,3419,3489
CA,2025-05-23,Walmart,Walmart (680),,0.908,106,19,3419,3490
CA,2025-05-23,GTM Wholesale Liquidators dba GTM Discount General Store - Santee Store,"GTM Wholesale Liquidators, Inc. dba GTM Discount General Store - Chula Vista Store",,0.908,9,9,3444,3445
CA,2025-06-02,Kaiser Foundation Hospitals - Berkeley,Kaiser Foundation Hospitals - 75 Fair Oaks Ave.,,0.908,4,2,3427,3434
CA,2025-06-02,Kaiser Foundation Hospitals - Harbor City,Kaiser Foundation Hospitals - 393 E. Walnut,,0.908,1,2,3431,3433
CA,2025-06-02,Kaiser Foundation Hospitals - Harbor City,Kaiser Foundation Hospitals - 75 Fair Oaks Ave.,,0.908,1,2,3431,3434
CA,2023-09-12,Kaiser Foundation Hospitals-Los Robles,Kaiser Foundation Hospitals - Ordway Building,,0.908,1,2,3707,3709
CA,2024-02-01,Maxar Space LLC - Charleston,Mazar Space LLC - Leghorn,,0.908,1,6,4113,4114
CA,2022-10-31,DZConneX at Eagle Rock Library,DZConneX at Eagle Rock Recreation Center,,0.908,2,1,4675,4676
CA,2022-11-15,Thermo Fisher Scientific,Thermo Fisher,,0.908,49,1,4747,4788
CA,2021-12-16,Wyndham Hotels & Resorts dba La Quinta Fremont with L.Q. Management,Wyndham Hotels & Resorts dba La Quinta Los Angeles- LAX Airport with L.Q. Management LLC,,0.908,13,61,5446,5448
CA,2021-12-16,Wyndham Hotels & Resorts dba La Quinta Fremont with L.Q. Management,Wyndham Hotels & Resorts dba La Quinta Thousand Oaks-Newbury Park with L.Q. Management LLC,,0.908,13,19,5446,5456
CA,2020-04-09,"Eminent, Inc. aka Revolve Group Inc.","Eminent, Inc.-Resolve Group, Inc.",Los Angeles,0.908,49,18,8384,9469
CA,2020-05-15,AltaMed,AltaMed (ANA),Los Angeles,0.908,136,16,8004,8005
CA,2020-05-15,AltaMed,AltaMed (LAI),Los Angeles,0.908,136,73,8004,8006
CA,2020-05-15,AltaMed,AltaMed (LAO),Los Angeles,0.908,136,136,8004,8007
CA,2020-05-15,AltaMed,AltaMed (ORA),Los Angeles,0.908,136,22,8004,8008
CA,2020-05-15,AltaMed,AltaMed (SAN),Los Angeles,0.908,136,17,8004,8009
CA,2020-05-15,AltaMed,AltaMed (SEL),Los Angeles,0.908,136,5,8004,8010
CA,2020-05-15,AltaMed (ANA),AltaMed (SEL),Los Angeles,0.908,16,5,8005,8010
CA,2020-05-15,AltaMed (ORA),AltaMed (SEL),Los Angeles,0.908,22,5,8008,8010
CO,2023-02-27,Aspen Sports Snowmass Mall,Aspen Sports Valet - Snowmass,,0.908,13,3,15618,15624
CO,2023-02-27,Telluride Sports Camel's Garden,Telluride Sports - Cimarron Lodge,,0.908,,,15628,15629
FL,2017-04-04,Fluor Federal,"Fluor Federal Solutions,",Gainesville,0.908,125,125,19005,19261
HI,2020-09-03,VSE Pacific Inc.; Westin Nanea Ocean Resort & Villas,VSE Pacific Inc.; Westin Princeville Ocean Resort,,0.908,,,19497,19499
TX,2026-03-04,"First Brands Group, LLC. (Titan Dist. Center)",First Brands Group LLC. (ASC Facility),Brownsville,0.908,183,43,39177,39178
TX,2025-05-21,Child Care Associates (Diamond Road),Child Care Associates (JA Hargrave),Fort Worth,0.908,13,19,39387,39392
TX,2024-06-04,99 Cents Only Store LLC (Easttex Frwy),99 Cents Only Store LLC (Sam Houston Pkwy),Houston,0.908,20,20,39640,39645
TX,2024-06-04,99 Cents Only Store LLC (West Ave.),99 Cents Only Store LLC (Callaghan Rd.),San Antonio,0.908,20,20,39629,39634
TX,2024-06-04,99 Cents Only Store LLC (WW. White),99 Cents Only Store LLC (Callaghan Rd.),San Antonio,0.908,20,20,39632,39634
TX,2023-06-14,Nucor Steel (Longview),Nucor (Longview),Longview,0.908,173,173,39875,70736
TX,2022-11-16,"Meta Platforms, Inc. (West 3rd)","Meta Platforms, Inc, (Alterra Pkwy.)",Austin,0.908,154,7,39960,39961
TX,2022-11-16,"Meta Platforms, Inc, (Alterra Pkwy.)","Meta Platforms, Inc.(W,6th)",Austin,0.908,7,50,39961,39963
TX,2020-11-24,Compass Group Eurest - American Blvd.,Compass Group Eurest,Fort Worth,0.908,2,32,40212,40214
TX,2013-08-12,SER Jobs for Progress-S. Flores St.,SER Jobs for Progress-Walzem Rd.,San Antonio,0.908,27,17,45121,45127
MI,2023-11-06,MAGNA SEATING SYSTEMS OF,Magna Seating,Grosse Pointe,0.908,94,94,55121,55128
NY,2023-04-20,"Sumitovant Biopharma, Inc. - New York City Region","Sumitovant Biopharma, Inc. - Long Island Region",,0.908,,,57451,57456
NY,2020-01-03,Catholic Guardian Services (Wallace Ave),Catholic Guardian Services (202nd St.),Bronx,0.908,19,17,59882,59884
NY,2019-09-09,Catholic Guardian Services (Co-Op City),Catholic Guardian Services (Zerega Ave),Bronx,0.908,34,21,60040,60044
NY,2019-03-13,Instacart (at Whole Foods Market) Greenwich Street,Instacart (at Whole Foods Market) Columbus Circle,New York,0.908,26,32,60213,60214
NY,2018-03-30,The Mandell School (West Village),The Mandell School (Lincoln Square),New York,0.908,14,20,60647,60649
NY,2017-05-01,IPRO Client Site (Western),IPRO Client Site (Holland),Albany,0.908,2,5,61017,61019
IL,2023-06-14,United States Marine Corps,United States Army,"IL Statewide Event Springfield, IL 62701",0.908,,,68548,68549
CA,2025-09-12,Agile Physical Therapy (Sutter Health Fremont Physical Therapy & Hand Therapy),Agile Physical Therapy (Sutter Health Sunnyvale Center 401 Physical Therapy),,0.907,24,16,1592,1595
CA,2025-10-23,"Applied Materials, Inc. (3225 Oakmead Village Dr)","Applied Materials, Inc. (Remote)",,0.907,16,15,1732,1743
CA,2025-10-31,Ceryx Management LLC (Vermont),Ceryx Management LLC (7226 S. Figueroa),,0.907,8,12,1898,1902
CA,2025-10-31,Ceryx Management LLC (Vermont),Ceryx Management LLC (7310 S. Figueroa),,0.907,8,9,1898,1903
CA,2025-10-31,Ceryx Management LLC (Vermont),Ceryx Management LLC (7617 S. Figueroa),,0.907,8,5,1898,1905
CA,2025-10-31,Ceryx Management LLC (Vermont),Ceryx Management LLC (8320 S. Figueroa),,0.907,8,1,1898,1909
CA,2025-10-31,Ceryx Management LLC (Vermont),Ceryx Management LLC (9519 S. Figueroa),,0.907,8,1,1898,1910
CA,2025-10-31,Ceryx Management LLC (Hoover),Ceryx Management LLC (1904 E 113th),,0.907,3,1,1900,1908
CA,2025-11-03,CommUnify - Filmore Center,CommUnify - Maple Center,,0.907,4,3,1860,1862
CA,2025-11-03,CommUnify - Maple Center,CommUnify - Los Padres Center,,0.907,3,4,1862,1870
CA,2025-11-03,CommUnify - Alvin Center,CommUnify - Cuyama Center,,0.907,6,2,1865,1874
CA,2026-02-13,De La Pena Eye Clinic - DLP Commerce,De La Pena Eye Clinic - DLP Santa Ana,,0.907,38,6,2166,2173
CA,2026-03-12,Total Storage Solutions (El Monte Stor It Now),Total Storage Solutions (Beaumont RV & Self Storage),,0.907,3,3,2248,2257
CA,2026-03-12,Total Storage Solutions (All Size Laguna Niguel),Total Storage Solutions (Citrus Plaza Self Storage),,0.907,3,2,2252,2265
CA,2026-03-12,Total Storage Solutions (Airport Mini Storage),Total Storage Solutions (Aware Self Storage),,0.907,3,2,2255,2256
CA,2026-03-12,Total Storage Solutions (Beaumont RV & Self Storage),Total Storage Solutions (Western States Self Storage),,0.907,3,3,2257,2262
CA,2026-03-12,Total Storage Solutions (Jefferson Self Storage),Total Storage Solutions (Citrus Plaza Self Storage),,0.907,4,2,2259,2265
CA,2026-04-02,"Good Sports Plus, Ltd dba ARC - Barbara Worth Junior High School",Good Sports Plus Ltd. dba Arc - Central Union High School,,0.907,5,3,2319,2327
CA,2026-04-02,Good Sports Plus Ltd. dba Brawley Union High School,Good Sports Plus Ltd. dba Arc,,0.907,6,4,2325,2330
CA,2026-04-07,Wellpath and CFMG - South Placer Jail,Wellpath and CFMG - Placer Jail - Auburn,,0.907,35,50,2336,2337
CA,2026-04-17,YMCA Sanchez Elementary School,YMCA Tunnel Elementary School,,0.907,8,10,2395,2397
CA,2026-04-17,YMCA Sanchez Elementary School,YMCA Oakley Elementary School,,0.907,8,9,2395,2399
CA,2026-06-25,Adventist Health Bakersfield,Adventist Health Sonora,,0.907,15,8,2644,2662
CA,2026-06-25,Adventist Health Delano,Adventist Health Simi Valley,,0.907,3,7,2645,2663
CA,2026-06-25,Adventist Health Tehachapi Valley,Adventist Health St. Helena,,0.907,3,3,2647,2656
CA,2026-06-25,Adventist Health White Memorial Montebello,Adventist Health White Memorial Cesar E. Chavez,,0.907,2,11,2651,2652
CA,2025-04-09,"Right at School, LLC (Crystal Middle)","Right at School, LLC (Oakbrook Academy)",,0.907,2,4,3219,3227
CA,2025-04-09,"Right at School, LLC (Green Valley Middle)","Right at School, LLC (Sheldon Academy)",,0.907,5,3,3223,3229
CA,2025-04-09,"Right at School, LLC (KI Jones Elementary)","Right at School, LLC (Sheldon Academy)",,0.907,11,3,3224,3229
CA,2025-06-02,Kaiser Foundation Hospitals - Berkeley,Kaiser Foundation Hospitals - San Francisco,,0.907,4,1,3427,3440
CA,2024-05-01,University of Southern California - Keck School of Medicine,University of Southern California - Herman Ostrow School of Dentistry,,0.907,80,5,4358,4359
CA,2024-05-01,Cue Health Inc. Moda West,Cue Health Inc. Vista II,,0.907,4,8,4369,4373
CA,2021-12-16,Wyndham Hotels & Resorts dba La Quinta Redding with L.Q. Management LLC,Wyndham Hotels & Resorts dba La Quinta Thousand Oaks-Newbury Park with L.Q. Management LLC,,0.907,18,19,5443,5456
CA,2021-12-16,Wyndham Hotels & Resorts dba La Quinta Fremont with L.Q. Management,Wyndham Hotels & Resorts dba La Quinta Sacramento- Rancho Cordova with L.Q. Management LLC,,0.907,13,20,5446,5449
CA,2022-04-29,First Baptist Head Start-East Leland Center,First Baptist Head Start-Fairgrounds Center,,0.907,11,22,5595,5598
CA,2020-04-01,Cafe Venue dba Cafe Venue Fifth Street,Cafe Venue dba Cafe Venue Montgomery,San Francisco,0.907,12,14,10015,10017
CA,2020-04-15,Neighborhood Healthcare,Neighborhood Healthcare - Pharmacy Location,Escondido,0.907,20,2,5812,8275
CA,2020-04-15,Neighborhood Healthcare,Neighborhood Healthcare - Prenatal Location,Escondido,0.907,20,1,5812,8277
CA,2020-06-03,Wyndham Vacation Ownership - Harbour Lights Resort,Wyndham Vacation Ownership - Mission Valley Resort,San Diego,0.907,2,7,6463,6465
CA,2020-11-24,"LTF Club Management Company, LLC dba Life Time In La Jolla",LTF Club Management Company LLC,La Jolla,0.907,198,5,6963,7283
CA,2020-03-23,Tumbleweed Transportation,Tumblewood Transportation,Los Angeles,0.907,119,26,10865,10866
HI,2022-08-05,Just in Time Foods Windward Inc.,Just in Time Foods Pacific Inc.,,0.907,,,19608,19609
TX,2020-03-25,Quick Weight Loss Centers - Spring Stuebner Rd,Quick Weight Loss Centers - Katy,Spring,0.907,4,4,41040,41042
TX,2015-09-01,ConocoPhillips-Katy Frwy,ConocoPhillips-St. Mary's,Houston,0.907,50,50,45529,45533
TX,2018-03-27,Baker Metal Products-Merrell Rd.,"Baker Metal Products, Inc.",Dallas,0.907,22,44,46158,46161
TX,2019-04-29,"Wise Foods, Inc.","Wise Foods, Inc.-Railhouse Rd.",Ft. Worth,0.907,80,10,46359,46360
KS,2019-02-13,Oswego Community Hospital,Oswego Community Clinic,5 - Workforce Investment Area V,0.907,62,2,50706,50707
CT,2020-04-02,Scholastic Inc.,"Scholastic Book Fairs, Inc.*",Danbury,0.907,,87,53805,54067
NY,2021-07-15,"Jewish Board of Family & Children's Services, Inc. (Ittleson Residential Treatment Facility)","Jewish Board of Family & Children's Services, Inc",,0.907,,,57303,57304
NY,2020-07-14,Airport Management Services and Hudson Group (at Port Authority of New York and New Jersey),"Airport Management Services and Hudson Group (at Grand Central Station, NYC)",New York,0.907,107,34,58114,58115
NY,2020-05-21,"WeWork Companies, Inc. (Greenwich St.)","WeWork Companies, Inc. (12 E. 49th St)",New York,0.907,1,3,58406,58411
CA,2025-07-10,Intel Corporation,Intel Corporation (Robert Noyce),,0.906,170,203,1371,1374
CA,2025-07-10,Intel Corporation (Robert Noyce),Intel Corporation (SC-1),,0.906,203,4,1374,1375
CA,2025-07-10,Intel Corporation (Robert Noyce),Intel Corporation (SC-2),,0.906,203,43,1374,1376
CA,2025-07-10,Intel Corporation (Robert Noyce),Intel Corporation (SC-9),,0.906,203,16,1374,1377
CA,2025-08-25,Intel Corporation (Robert Noyce),Intel Corporation (SC-9),,0.906,46,2,1508,1509
CA,2025-08-25,Intel Corporation (Robert Noyce),Intel Corporation,,0.906,46,83,1508,1512
CA,2025-09-12,Agile Physical Therapy (Sutter Health Sunnyvale Center (301) Physical Therapy),Agile Physical Therapy (Sutter Health Mountain View Center),,0.906,4,1,1596,1597
CA,2025-11-03,CommUnify - Meridian Center,CommUnify - Sierra Madre Center,,0.906,2,5,1871,1872
CA,2025-11-17,"HRL Laboratories, Malibu Campus","HRL Laboratories, Lost Hills Campus",,0.906,34,4,1932,1933
CA,2026-01-06,Alameda Health System - Wilma Chan Highland Hospital,Alameda Health System - San Leandro Hospital,,0.906,128,22,2000,2001
CA,2026-02-13,De La Pena Eye Clinic - DLP Commerce,De La Pena Eye Clinic - DLP Huntington Park,,0.906,38,15,2166,2168
CA,2026-03-12,Total Storage Solutions (Best RV & Self Storage),Total Storage Solutions (Arcadia 210 Self Storage),,0.906,3,1,2246,2250
CA,2026-03-12,Total Storage Solutions (Studebaker Self Storage),Total Storage Solutions (Arcadia 210 Self Storage),,0.906,3,1,2249,2250
CA,2026-03-12,Total Storage Solutions (Garden Grove Secured Storage),Total Storage Solutions (Riverside Self Storage),,0.906,3,4,2253,2263
CA,2026-03-12,Total Storage Solutions (Airport Mini Storage),Total Storage Solutions (Riverside Self Storage),,0.906,3,4,2255,2263
CA,2026-03-12,Total Storage Solutions (Airport Mini Storage),Total Storage Solutions (Citrus Plaza Self Storage),,0.906,3,2,2255,2265
CA,2026-03-12,Total Storage Solutions (Riverside Self Storage),Total Storage Solutions (Citrus Plaza Self Storage),,0.906,4,2,2263,2265
CA,2026-04-02,"Good Sports Plus, Ltd dba ARC - Barbara Worth Junior High School",Good Sports Plus Ltd. dba Arc - Southwest High School,,0.906,5,4,2319,2329
CA,2026-04-17,YMCA Liberty Elementary School,YMCA Oakley Elementary School,,0.906,9,9,2392,2399
CA,2026-04-27,City National Bank - Flower Street,City National Bank,,0.906,1,2,2502,2503
CA,2026-05-13,Boys & Girls Club of the LA Harbor - Banning High,Boys & Girls Club of the La Harbor - Cheryl Green/Torrance Club,,0.906,5,1,2483,2497
CA,2026-05-13,Boys & Girls Club of LA Harbor - Harry Bridges Span School,Boys & Girls Club of the LA Harbor - Dana Middle School,,0.906,3,3,2486,2491
CA,2026-05-13,Boys & Girls Club of the LA Harbor - Harbor Teacher Prep Academy,Boys & Girls Club of the LA Harbor - Environmental Charter MS,,0.906,7,4,2487,2498
CA,2026-05-13,Boys & Girls Club of LA Harbor - Point Fermin Elementary,Boys & Girls Club of the LA Harbor - Environmental Charter MS,,0.906,5,4,2493,2498
CA,2026-06-25,Adventist Health Tehachapi Valley,Adventist Health Simi Valley,,0.906,3,7,2647,2663
CA,2026-06-25,Adventist Health Clear Lake,Adventist Health Sierra Vista,,0.906,4,5,2649,2659
CA,2026-06-25,Adventist Health Ukiah Valley,Adventist Health St. Helena,,0.906,5,3,2655,2656
CA,2026-06-25,Adventist Health Lodi Memorial,Adventist Health and Rideout,,0.906,7,9,2658,2664
CA,2026-06-25,Adventist Health Sierra Vista,Adventist Health Twin Cities,,0.906,5,4,2659,2660
CA,2026-06-25,Adventist Health Sierra Vista,Adventist Health and Rideout,,0.906,5,9,2659,2664
CA,2025-04-09,"Right at School, LLC (Anna Kyle Elementary)","Right at School, LLC (Green Valley Middle)",,0.906,3,5,3217,3223
CA,2025-06-25,Intel Corporation - Robert Noyce,Intel Corporation - SC-2,,0.906,57,1,3520,3522
CA,2025-06-25,Intel Corporation - Robert Noyce,Intel Corporation - SC-9,,0.906,57,4,3520,3523
CA,2025-06-25,Intel Corporation - Robert Noyce,Intel Corporation,,0.906,57,54,3520,3525
CA,2024-01-25,Cue Health - Moda South,"Cue Health, Moda West",,0.906,26,1,4120,4123
CA,2024-01-25,"Cue Health, Moda West","Cue Health, Vista",,0.906,1,70,4123,4125
CA,2024-01-25,"Cue Health, Waples","Cue Health, Vista",,0.906,12,70,4124,4125
CA,2022-11-15,Silicon Valley TMS of Mountain View,Silicon Valley TMS of San Francisco,,0.906,7,1,4756,4758
CA,2021-12-16,Wyndham Hotels & Resorts dba La Quinta Irvine Spectrum with L.Q. Management LLC,Wyndham Hotels & Resorts dba La Quinta Thousand Oaks-Newbury Park with L.Q. Management LLC,,0.906,20,19,5441,5456
CA,2021-12-16,Wyndham Hotels & Resorts dba La Quinta Fremont with L.Q. Management,Wyndham Hotels & Resorts dba La Quinta San Diego- Chula Vista with L.Q. Management LLC,,0.906,13,28,5446,5453
CA,2021-12-16,Wyndham Hotels & Resorts dba La Quinta Los Angeles- LAX Airport with L.Q. Management LLC,Wyndham Hotels & Resorts dba La Quinta Sacramento- Downtown with L.Q. Management LLC,,0.906,61,20,5448,5450
CA,2021-12-16,Wyndham Hotels & Resorts dba La Quinta Ontario Airport with L.Q. Management LLC,Wyndham Hotels & Resorts dba La Quinta San Francisco Airport North,,0.906,25,27,5451,5455
CA,2020-03-28,"EVANS HOTELS, LLC DBA BAHIA RESORT HOTEL","EVANS HOTELS, LLC DBA CATAMARAN RESORT HOTEL AND SPA",San Diego,0.906,8,14,10740,10741
CA,2014-10-21,Fallbrook Hospital,Fallbrook Hospital Skilled Nursing,Fallbrook,0.906,269,96,14964,14965
CO,2024-07-08,Sodexo - St. Francis Interquest,Sodexo - St. Francis Medical Center,Pikes Peak,0.906,7,48,15583,15584
CO,2022-08-01,Metco Landscaping (Aurora),Metco Landscaping (Englewood),ADWorks,0.906,44,38,15719,15721
HI,2020-09-03,"Marriott Ownership Resorts, Inc.; Waikoloa Ocean Club","Marriott Ownership Resorts, Inc.; Westin Nanea Ocean Resort & Villas",,0.906,,,19489,19496
OH,2020-07-29,"Victoria's Secret Service Company, LLC","Victoria's Secret Stores, LLC",Reynoldsburg/Franklin,0.906,22,52,35060,35064
SC,2020-04-03,Asbury Automotive GroupToyoto/Scion,Asbury Automotive GroupCrown Nissan,Greenville,0.906,36,23,37661,37662
TX,2025-07-31,"Equus Workforce Solutions-Greenville Ave. (Arbor E&T, LLC)","Equus Workforce Solutions-Buckner Blvd.(Arbor E&T, LLC)",Dallas,0.906,10,16,39301,39305
TX,2025-05-28,Texana Center Sunset Group Home,Texana Center Willowbend Group Home,Wharton,0.906,8,6,39374,39375
TX,2022-11-16,"Meta Platforms, Inc, (Alterra Pkwy.)","Meta Platforms, Inc. (Mcallen Pass)",Austin,0.906,7,11,39961,39962
TX,2020-09-02,HV Global Mgmt Corp. - Wild Oak Ranch Resort,HV Global Marketing Corp. - Wild Oak Ranch Resort,San Antonio,0.906,66,1,40287,40288
TX,2020-07-02,Brident-Westheimer Rd,Brident-Greens Rd,Houston,0.906,6,1,40354,40362
VA,2023-07-11,Wellmore Energy Company LLC (Paw Paw 2 North),Wellmore Energy Company LLC (Elk Creek),Hurley VA,0.906,20,58,49003,49005
MO,2020-04-09,Asbury Automotive Group - Landrover Jaguar Creve Coeur,Asbury Automotive Group - Plaza Lexus Creve Coeur,Creve Coeur,0.906,43,51,56037,56041
NY,2023-04-20,"Sumitovant Biopharma, Inc.","Sumitovant Biopharma, Inc. - New York City Region",,0.906,,,57406,57451
NY,2020-06-09,"Century 21 Department Stores, LLC (Corporate Offices)","Century 21 Department Stores, LLC (Downtown Manhattan Store)",New York,0.906,83,126,58302,58303
NY,2019-03-13,Instacart (at Whole Foods Market) Columbus Circle,Instacart (at Whole Foods Market) (7th Avenue),New York,0.906,32,21,60214,60221
NY,2018-03-30,"CAMBA, Inc.- LTW at Cascades High School","CAMBA, Inc.- LTW at Independence High School",New York,0.906,6,7,60652,60653
KY,2023-09-10,Wellmore Energy Company LLC - Paw Paw 2 North,Wellmore Energy Company LLC - Elk Creek,Pike,0.906,20,58,67124,67224
IL,2023-06-14,United States Army,United States Coast Guard,"IL Statewide Event Springfield, IL 62701",0.906,,,68549,68551
CA,2025-09-08,Kaiser Foundation Hospitals - Walnut Creek,Kaiser Foundation Hospitals - 99 S. Pasadena,,0.905,1,1,1554,1555
CA,2025-09-12,Agile Physical Therapy (Sutter Health Dublin Physical & Hand Therapy),Agile Physical Therapy (Sutter Health Mountain View Center),,0.905,7,1,1591,1597
CA,2025-10-31,Ceryx Management LLC (Vermont),Ceryx Management LLC (801 W 70th),,0.905,8,9,1898,1904
CA,2025-10-31,Ceryx Management LLC (Hoover),Ceryx Management LLC (7226 S. Figueroa),,0.905,3,12,1900,1902
CA,2025-10-31,Ceryx Management LLC (Hoover),Ceryx Management LLC (7310 S. Figueroa),,0.905,3,9,1900,1903
CA,2025-10-31,Ceryx Management LLC (Hoover),Ceryx Management LLC (7617 S. Figueroa),,0.905,3,5,1900,1905
CA,2025-10-31,Ceryx Management LLC (Hoover),Ceryx Management LLC (8320 S. Figueroa),,0.905,3,1,1900,1909
CA,2025-10-31,Ceryx Management LLC (Hoover),Ceryx Management LLC (9519 S. Figueroa),,0.905,3,1,1900,1910
CA,2025-11-03,CommUnify - I Center,CommUnify - JC Washington Center,,0.905,6,3,1861,1867
CA,2025-11-03,CommUnify - I Center,CommUnify - Coronel Center,,0.905,6,1,1861,1878
CA,2025-11-03,CommUnify - Adam Center,CommUnify - Sierra Madre Center,,0.905,4,5,1864,1872
CA,2025-11-03,CommUnify - Alvin Center,CommUnify - Goleta Center,,0.905,6,2,1865,1880
CA,2026-03-12,Total Storage Solutions (El Monte Stor It Now),Total Storage Solutions (Sun City Mini Storage),,0.905,3,3,2248,2260
CA,2026-03-12,Total Storage Solutions (Arcadia 210 Self Storage),Total Storage Solutions (Riverside Self Storage),,0.905,1,4,2250,2263
CA,2026-03-12,Total Storage Solutions (Garden Grove Secured Storage),Total Storage Solutions (Aware Self Storage),,0.905,3,2,2253,2256
CA,2026-03-12,Total Storage Solutions (Airport Mini Storage),Total Storage Solutions (Tri-City Self Storage),,0.905,3,3,2255,2261
CA,2026-03-12,Total Storage Solutions (Beaumont Self Storage),Total Storage Solutions (Sun City Mini Storage),,0.905,3,3,2258,2260
CA,2026-03-12,Total Storage Solutions (Beaumont Self Storage),Total Storage Solutions (Tri-City Self Storage),,0.905,3,3,2258,2261
CA,2026-04-13,Boeing Company - Huntington Beach,Boeing Company - San Diego,,0.905,1,1,2363,2364
CA,2026-04-17,YMCA Bonita Elementary School,YMCA Tunnel Elementary School,,0.905,6,10,2384,2397
CA,2026-04-17,YMCA Bonita Elementary School,YMCA Oakley Elementary School,,0.905,6,9,2384,2399
CA,2026-05-13,Boys & Girls Club of LA Harbor - Harry Bridges Span School,Boys & Girls Club of LA Harbor - Wilmington Park ES,,0.905,3,3,2486,2489
CA,2026-05-13,Boys & Girls Club of the LA Harbor - Wilmington Club,Boys & Girls Club of LA Harbor - Wilmington Park ES,,0.905,3,3,2488,2489
CA,2026-05-13,Boys & Girls Club of the LA Harbor - Dana Middle School,Boys & Girls Club of the LA Harbor - Taper Ave. Elementary,,0.905,3,8,2491,2495
CA,2026-05-19,Alliance (College-Ready Middle),Alliance (College-Ready Public Schools),,0.905,2,5,2516,2530
CA,2026-06-21,"Vine Hospitality (LB Steak Bishop Ranch, LP)","Vine Hospitality (Left Bank Tiburon, LP)",,0.905,51,20,2623,2624
CA,2026-06-25,Adventist Health Bakersfield,Adventist Health and Rideout,,0.905,15,9,2644,2664
CA,2026-06-25,Adventist Health Specialty Bakersfield,Adventist Health Clear Lake,,0.905,1,4,2646,2649
CA,2026-06-25,Adventist Health Hanford,Adventist Health St. Helena,,0.905,12,3,2648,2656
CA,2026-06-25,Adventist Health Hanford,Adventist Health Lodi Memorial,,0.905,12,7,2648,2658
CA,2026-06-25,Adventist Health St. Helena,Adventist Health Vallejo,,0.905,3,3,2656,2661
CA,2025-04-09,"Right at School, LLC","Right at School, LLC (Dover Elementary",,0.905,1,16,3214,3220
CA,2025-04-09,"Right at School, LLC","Right at School, LLC (Sheldon Academy)",,0.905,1,3,3214,3229
CA,2025-04-09,"Right at School, LLC (Crystal Middle)","Right at School, LLC (Dover Elementary",,0.905,2,16,3219,3220
CA,2025-04-09,"Right at School, LLC (Crystal Middle)","Right at School, LLC (KI Jones Elementary)",,0.905,2,11,3219,3224
CA,2025-04-09,"Right at School, LLC (Crystal Middle)","Right at School, LLC (Nelda Mundy Elementary)",,0.905,2,5,3219,3226
CA,2024-05-01,Cue Health Inc. Nancy Ridge II,Cue Health Inc. Vista II,,0.905,7,8,4370,4373
CA,2021-12-16,Wyndham Hotels & Resorts dba La Quinta Buena Park with L.Q. Management LLC,Wyndham Hotels & Resorts dba La Quinta Sacramento- Rancho Cordova with L.Q. Management LLC,,0.905,25,20,5440,5449
CA,2021-12-16,Wyndham Hotels & Resorts dba La Quinta Fresno with L.Q. Management LLC,Wyndham Hotels & Resorts dba La Quinta San Francisco Airport North,,0.905,20,27,5447,5455
CA,2021-12-16,Wyndham Hotels & Resorts dba La Quinta Ontario Airport with L.Q. Management LLC,Wyndham Hotels & Resorts dba La Quinta San Diego- Chula Vista with L.Q. Management LLC,,0.905,25,28,5451,5453
CA,2020-06-03,Wyndham Vacation Ownership - Inn at the Park Resort,Wyndham Vacation Ownership - Mission Valley Resort,San Diego,0.905,1,7,6464,6465
CA,2020-06-03,Wyndham Vacation Ownership - Canterbury,Wyndham Vacation Ownership dba The Donatello Resort,San Francisco,0.905,3,1,6470,7941
CA,2021-03-18,Johnson & Johnson Health Care Systems Inc.,Johnson & Johnson Services Inc.,South San Francisco,0.905,5,3,7475,7477
CA,2020-03-21,Azul Hospitality - Gaslamp LLC dba Courtyard San Diego Gaslamp-Conv Center,Azul Hospitality - Gaslamp LLC dba Moxy San Diego,San Diego,0.905,49,43,11230,11231
CA,2015-03-19,Keck Medicine of USC-Keck Hospital,Keck Medicine of USC-USC Norris,Los Angeles,0.905,39,3,15262,15264
FL,2023-01-05,"Delphi Behavioral Health Group - Breakthrough Living Recovery Community, LLC","Delphi Behavioral Health Group - Palm Beach Recovery, LLC",WEST PALM BEACH,0.905,8,41,17150,17151
IN,2021-03-18,Crestview Management dba Hyatt Regency Indianapolis,Crestview Management dba Indianapolis Marriott North,Indianapolis,0.905,78,73,25355,25356
TX,2025-08-06,"Southwest Key Programs, Inc. La Esperanza)","Southwest Key Programs, Inc.(South Texas HQ)",Brownsville,0.905,4,13,39288,39290
TX,2020-09-18,"Freeman Expositions, LLC",Freeman Expositions-Davis St.,Dallas,0.905,21,20,40270,40271
TX,2020-07-02,Brident-E. Fwy,Brident-Gulf Fwy,Houston,0.905,2,5,40359,40364
TX,2001-09-27,Verio Inc. - Dallas,Verio Inc.,Dallas,0.905,62,62,41949,41950
TX,2002-02-14,Verio Inc. - Dallas,Verio Inc.,Dallas,0.905,129,130,42156,42157
TX,2009-04-16,Wackenhut Corporation - Corridor Park 7,Wackenhut Corporation - AUS HVC,Austin,0.905,10,10,44151,44152
TX,2009-04-16,Wackenhut Corporation - AUS HVC,Wackenhut Corporation - Corridor Park 9,Austin,0.905,10,10,44152,44155
TX,2009-04-16,Wackenhut Corporation - AUS HVC,Wackenhut Corporation - PC1 Data Center,Austin,0.905,10,10,44152,44156
TX,2015-07-31,Dynamic Workforce Solutions- Houston St.,Dynamic Workforce Solutions-Walzem,San Antonio,0.905,18,25,45501,45511
CT,2020-07-08,Chartwells,Chartwells at SCSU*,New Haven,0.905,95,181,53775,54023
CT,2020-04-09,"Victorinox Swiss Army, Inc.",Victorinox Swiss Army* (Updated Notice),Monroe,0.905,54,54,53885,54060
MI,2023-11-01,MORGAN OLSON CORP,Morgan Olson Sturgis,Sturgis,0.905,183,183,55122,55129
NY,2020-07-14,Airport Management Services and Hudson Group (at Port Authority of New York and New Jersey),Airport Management Services and Hudson Group (at Pennsylvania Station),New York,0.905,107,122,58114,58116
NY,2020-07-02,Hilton Grand Vacation at The Residences by Hilton Club,Hilton Grand Vacation at The Quin Central Park by Hilton Club,New York,0.905,8,76,58151,58153
NY,2020-01-03,Catholic Guardian Services (225th Street),Catholic Guardian Services (Grand Concourse),Bronx,0.905,12,5,59883,59887
NY,2019-11-22,"WeWork Companies, Inc. (Broad St.)","WeWork Companies, Inc. (125 Maiden Ln)",New York,0.905,250,4,59936,59949
NY,2019-11-22,"WeWork Companies, Inc. (Beach St.)","WeWork Companies, Inc. (1450 Broadway)",New York,0.905,10,16,59938,59940
NY,2019-11-22,"WeWork Companies, Inc. (Beach St.)","WeWork Companies, Inc. (1619 Broadway)",New York,0.905,10,73,59938,59945
NY,2019-11-22,"WeWork Companies, Inc. (Beach St.)","WeWork Companies, Inc. (125 Maiden Ln)",New York,0.905,10,4,59938,59949
NY,2019-03-13,Instacart (at Whole Foods Market) Greenwich Street,Instacart (at Whole Foods Market) (4 Union Square),New York,0.905,26,21,60213,60216
NY,2017-08-10,Eastman Kodak Company (Eastman Business Park),Eastman Kodak Company (Kodak Research Labs),Rochester,0.905,32,4,60919,60920
NY,2016-05-18,Eastman Kodak Company (Eastman Business Park),Eastman Kodak Company (Kodak Research Labs),Rochester,0.905,1,1,61308,61309
NY,2016-03-16,Eastman Kodak Company (Eastman Business Park),Eastman Kodak Company (Kodak Research Labs),Rochester,0.905,5,2,61381,61382
CA,2025-10-31,Ceryx Management LLC (Figueroa),Ceryx Management LLC (7111 S Hoover),,0.904,8,1,1899,1907
CA,2025-11-03,CommUnify - Adam Center,CommUnify - Goleta Center,,0.904,4,2,1864,1880
CA,2026-03-12,Total Storage Solutions (Tri-City Self Storage),Total Storage Solutions (Western States Self Storage),,0.904,3,3,2261,2262
CA,2026-04-13,Boeing Company,Boeing Company - El Segundo,,0.904,13,2,2360,2362
CA,2026-05-13,Boys & Girls Club of the LA Harbor - Banning High,Boys & Girls Club of the LA Harbor - Gulf Ave Elementary,,0.904,5,1,2483,2485
CA,2026-05-13,Boys & Girls Club of the LA Harbor - Barton Hill Elementary,Boys & Girls Club of LA Harbor - Point Fermin Elementary,,0.904,3,5,2490,2493
CA,2026-06-25,Adventist Health Howard Memorial,Adventist Health Sonora,,0.904,6,8,2653,2662
CA,2025-04-09,"Right at School, LLC (Fairview Elementary)","Right at School, LLC (Nelda Mundy Elementary)",,0.904,8,5,3221,3226
CA,2025-04-09,"Right at School, LLC (Public Safety Academy)","Right at School, LLC (Sheldon Academy)",,0.904,2,3,3228,3229
CA,2025-06-02,Kaiser Foundation Hospitals - Berkeley,Kaiser Foundation Hospitals - 74 N. Pasadena,,0.904,4,1,3427,3432
CA,2022-10-31,DZConneX at Burbank Ralph Foy Park,DZConneX at Burbank YMCA,,0.904,4,2,4716,4717
CA,2023-01-05,Cue Health - Moda South,Cue Health - Vista,,0.904,81,63,4841,4849
CA,2021-12-16,Wyndham Hotels & Resorts dba La Quinta Redding with L.Q. Management LLC,Wyndham Hotels & Resorts dba La Quinta Sacramento- Rancho Cordova with L.Q. Management LLC,,0.904,18,20,5443,5449
CA,2020-06-03,Wyndham Vacation Ownership - Harbour Lights Resort,Wyndham Vacation Ownership - Inn at the Park Resort,San Diego,0.904,2,1,6463,6464
CA,2020-03-27,ZIP RECRUITER,"ZipRecruiter, Inc.",Santa Monica,0.904,118,99,8419,10695
CA,2020-03-26,Homewood Suites Redondo Beach,Homewood Suites-Redondo Beach Facility,Redondo Beach,0.904,30,30,8594,10947
CA,2014-11-04,Warner Bros. Distributing,Warner Bros. Pictures,Burbank,0.904,17,1,15000,15005
IA,2026-04-14,Appliance Plus Cellular Inc,Appliance Plus,Oelwein,0.904,4,4,19746,68501
NJ,2015-05-01,Middlesex Avenue Haulage LLC,"Middlesex Avenue Logistics, LLC",Carteret,0.904,45,364,33114,33115
TX,2025-07-31,"Equus Workforce Solutions-Camp Wisdom (Arbor E&T, LLC)","Equus Workforce Solutions-Buckner Blvd.(Arbor E&T, LLC)",Dallas,0.904,1,16,39298,39305
TX,2025-05-21,Child Care Associates (Carson),Child Care Associates(North Fort Worth),Fort Worth,0.904,14,16,39383,39389
TX,2025-05-21,Child Care Associates (Meachum),Child Care Associates (Diamond Road),Fort Worth,0.904,15,13,39384,39387
TX,2025-05-21,Child Care Associates (Reagan),Child Care Associates (Morris Foundation),Fort Worth,0.904,14,17,39385,39388
TX,2024-06-04,99 Cents Only Store LLC (W. Greens Rd),99 Cents Only Store LLC (Sam Houston Pkwy),Houston,0.904,20,20,39635,39645
TX,2024-06-04,99 Cents Only Store LLC (Sam Houston Pkwy),99 Cents Only Store LLC (Almeda Genoa),Houston,0.904,20,20,39645,39649
TX,2020-04-03,David McDavid Acura-Plano,David McDavid- Lincoln,Plano,0.904,42,27,40714,40715
TX,2020-03-31,Justin Brands--Gateway W,Justin Brands-7100 Gateway E,El Paso,0.904,6,6,40767,40769
TX,2020-03-25,Quick Weight Loss Centers - Cinco Ranch,Quick Weight Loss Centers - 2615 SW Frwy,Houston,0.904,4,4,41029,41050
TX,2010-10-29,"United Space Alliance, LLC-LockheedMartin Facility","United Space Alliance, LLC",Houston,0.904,6,32,44574,44575
TX,2011-05-10,"United Space Alliance, LLC","United Space Alliance, LLC-LockheedMartin Facility",Houston,0.904,208,5,44705,44710
TX,2012-07-24,"United Space Alliance, LLC-LockheedMartin Facility","United Space Alliance, LLC",Houston,0.904,4,35,44936,44937
TX,2012-10-09,"United Space Alliance, LLC","United Space Alliance, LLC-LockheedMartin Facility",Houston,0.904,33,1,44971,44973
TX,2013-08-12,SER Jobs for Progress-E. Houston,SER Jobs for Progress-SW 40th Street,San Antonio,0.904,20,4,45118,45124
TX,2013-08-12,SER Jobs for Progress-E. Houston,SER Jobs for Progress-Walzem Rd.,San Antonio,0.904,20,17,45118,45127
TX,2015-09-01,ConocoPhillips-Westlake Park,ConocoPhillips-Post Oak,Houston,0.904,50,50,45535,45539
TX,2015-11-13,"Trelleborg Offshoe US, Inc. - Hardy Road","Trelleborg Offshore US, Inc.-Rankin Road",Houston,0.904,100,100,45587,45589
MI,2024-03-21,"OPUS PACKAGING - KALAMAZOO,",OPUS PACKAGING,Kalamazoo,0.904,62,62,55072,55080
NY,2024-01-26,Brookfield Properties FC USA II LLC,Brookfield FC USA II LLC,,0.904,,,56882,56887
NY,2020-04-08,"B.R. Guest Holdings, LLC dba Blue Fin - New York","B.R. Guest Holdings, LLC dba Dos Caminos - Park",New York,0.904,129,83,58770,58772
NY,2019-03-13,Instacart (at Whole Foods Market) Greenwich Street,Instacart (at Whole Foods Market) (1551 3rd Avenue),New York,0.904,26,20,60213,60218
NY,2018-06-19,"Capital One, N.A.- Nassau Central Market","Capital One, N.A.- Suffolk North Market",Long Island,0.904,40,40,60544,60545
NY,2018-03-30,The Mandell School (West Village),The Mandell School (Upper West Side),New York,0.904,14,24,60647,60648
CA,2025-11-03,CommUnify - Los Padres Center,CommUnify - Meridian Center,,0.903,4,2,1870,1871
CA,2026-02-02,"Meta Platforms, Inc. - 305 Constitution","Meta Platforms, Inc.",,0.903,39,52,2121,2126
CA,2026-04-07,Wellpath and CFMG - South Placer Jail,Wellpath and CFMG - Placer Juvi Detention,,0.903,35,4,2336,2338
CA,2026-04-27,The People Concern - Arlington HQ,The People Concern - 316 W,,0.903,5,5,2467,2469
CA,2026-05-13,Boys & Girls Club of the LA Harbor - Dana Middle School,Boys & Girls Club of the LA Harbor - Park Western Elementary,,0.903,3,8,2491,2492
CA,2026-05-13,Boys & Girls Club of the LA Harbor - Dana Middle School,Boys & Girls Club of the La Harbor - Cheryl Green/Torrance Club,,0.903,3,1,2491,2497
CA,2026-06-25,Adventist Health Roseville,Adventist Health Sierra Vista,,0.903,2,5,2657,2659
CA,2024-04-29,Google US-SFO-1MST,Google US-SFO-FERRY,,0.903,6,3,4341,4342
CA,2024-04-29,Google US-SFO-FERRY,Google US-SFO-MKT1,,0.903,3,1,4342,4345
CA,2025-04-09,"Right at School, LLC","Right at School, LLC (Oakbrook Academy)",,0.903,1,4,3214,3227
CA,2025-04-09,"Right at School, LLC (Anna Kyle Elementary)","Right at School, LLC (Cordelia Hills Elementary)",,0.903,3,8,3217,3218
CA,2025-04-09,"Right at School, LLC (KI Jones Elementary)","Right at School, LLC (Nelda Mundy Elementary)",,0.903,11,5,3224,3226
CA,2024-05-01,Cue Health Inc. Waples,Cue Health Inc. Vista II,,0.903,64,8,4371,4373
CA,2022-11-15,Silicon Valley TMS of Mountain View,Silicon Valley TMS of Corte Madera,,0.903,7,3,4756,4763
CA,2021-12-16,Wyndham Hotels & Resorts dba La Quinta Fremont with L.Q. Management,Wyndham Hotels & Resorts dba La Quinta San Francisco Airport North,,0.903,13,27,5446,5455
CA,2022-04-29,First Baptist Head Start-Kid's Castle Center,First Baptist Head Start-Fairgrounds Center,,0.903,19,22,5596,5598
CA,2020-06-15,All About Parking - Adobe Systems,All About Parking,San Jose,0.903,11,11,6576,7748
CA,2014-11-04,Warner Bros. Entertainment,Warner Bros. International Television,Burbank,0.903,13,9,15002,15004
CO,2025-06-27,Bowhead Mission Solutions LLC (Newport Rd),Bowhead Missions Solutions LLC (Aviation Way),Pikes Peak,0.903,76,10,15494,15495
CO,2023-02-27,Aspen Sports Hyatt Retail Store,Aspen Sports Snowmass Retail Store,,0.903,4,3,15617,15621
FL,2020-04-07,"MG Hospitality Services, Inc.","MG Hospitality Group, Inc.",MIAMI,0.903,128,21,17793,17801
HI,2020-09-03,"Marriott Ownership Resorts, Inc.; Kauai Lagoons","Marriott Ownership Resorts, Inc.; Westin Nanea Ocean Resort & Villas",,0.903,,,19483,19496
KY,2015-11-02,Armstrong Coal-Parkway Preparation Plant- Central City,Armstrong Coal-Parkway Mine- Central City,Muhlenberg,0.903,6,52,27132,27133
TX,2026-03-04,"First Brands Group, LLC(Billy Mitchell)",First Brands Group LLC. (ASC Facility),Brownsville,0.903,345,43,39176,39178
TX,2025-05-21,Child Care Associates (Morris Foundation),Child Care Associates (Everman),Fort Worth,0.903,17,9,39388,39393
TX,2020-09-18,"Freeman Corporate, LLC","Freeman Expositions, LLC",Dallas,0.903,28,21,40267,40270
TX,2020-04-01,Avis Car Rental,Avis Car Rental-3937 26th Ave,Dallas,0.903,901,12,40736,40737
TX,2020-04-01,Avis Car Rental,Avis Car Rental-Cedar Springs,Dallas,0.903,901,33,40736,40742
TX,2020-03-30,Sport Clips - Shops Pkwy,Sport Clips - Hwy. 290,Austin,0.903,13,13,40776,40796
TX,2001-09-26,"Promowerks, Inc. - San Antonio2","Promowerks, Inc.",San Antonio,0.903,6,6,41969,41978
TX,2011-01-14,Tabs Direct (Story Road) - Irving2,Tabs Direct (Gateway) - Irving,Irving,0.903,75,50,44651,44652
TX,2013-08-12,SER Jobs for Progress-Hillcrest Dr,SER Jobs for Progress-S. Flores St.,San Antonio,0.903,28,27,45116,45121
VA,2023-07-11,Wellmore Energy Company LLC (Surface Minerals),Wellmore Energy Company LLC (Black Watch Operations),Grundy VA,0.903,15,1,49001,49007
NY,2020-06-10,Hyatt Corporation dba Hotel 50 Bowery,Hyatt Corporation dba Andaz Wall Street,New York,0.903,67,114,58290,58295
NY,2020-06-09,"Century 21 Department Stores, LLC (Downtown Manhattan Store)","Century 21 Department Stores, LLC (Lincoln Square Store)",New York,0.903,126,64,58303,58304
KY,2018-12-24,K&T SWITCHING SERVICE -Fern Valley Road,K&T SWITCHING SERVICE -Chamberlain Lane,Jefferson County - Louisville,0.903,52,38,67401,67402
OK,2002-02-11,Dana Corporation,Dana Corporation / Wix Division,05 - CentralRegion,0.903,200,181,68252,68253
KY,2015-12-31,Armstrong Coal-Parkway Preparation Plant- Central City,Armstrong Coal-Parkway Mine- Central City,Muhlenberg,0.903,6,52,69595,69596
MA,2020-06-08,"SW Hotels & Resorts WW, LLC (The Westin Copley Place Hotel)","SW Hotels & Resorts WW, LLC (W Boston Hotel and Residences)",Boston,0.903,348,183,87553,87557
NY,2014-03-17,"1 Prospect Park Residence, LLC.","1 Prospect Park,",Kings,0.903,68,68,88271,88290
AL,2026-02-05,Tiffin Motorhomes Incorporated,Tiffin Motor Homes Inc,Winfield,0.902,139,140,80,68331
AL,2005-12-13,RUSSELL CORP. (PLANT #7-BLEACHERY),RUSSELL CORP. (ALEX CITY),Alexander City,0.902,180,747,783,784
CA,2025-07-14,Blue Shield of California - Oakland,"Blue Shield of California - Town Center, Building C",,0.902,70,6,1382,1383
CA,2025-07-14,Blue Shield of California - Oakland,"Blue shield of California - Town Center, Building B",,0.902,70,32,1382,1384
CA,2025-09-12,Agile Physical Therapy (Sutter Health Fremont Physical Therapy & Hand Therapy),Agile Physical Therapy (Sutter Health Sunnyvale Center (301) Physical Therapy),,0.902,24,4,1592,1596
CA,2025-10-31,Ceryx Management LLC (Blackstone),Ceryx Management LLC (7111 S Hoover),,0.902,39,1,1896,1907
CA,2025-11-17,"HRL Laboratories, Lost Hills Campus","HRL Laboratories, Camarillo Campus",,0.902,4,3,1933,1935
CA,2026-02-12,E.J. Gallo Winery - The Ranch Winery,E.J. Gallo Winery - Louis M. Martini Winery,,0.902,56,15,2151,2156
CA,2026-03-12,Total Storage Solutions (Studebaker Self Storage),Total Storage Solutions (Garden Grove Secured Storage),,0.902,3,3,2249,2253
CA,2026-03-12,Total Storage Solutions (All Size Self Storage),Total Storage Solutions (Sun City Mini Storage),,0.902,3,3,2251,2260
CA,2026-03-12,Total Storage Solutions (Garden Grove Secured Storage),Total Storage Solutions (Townsend Self Storage),,0.902,3,3,2253,2254
CA,2026-03-12,Total Storage Solutions (Garden Grove Secured Storage),Total Storage Solutions (Jefferson Self Storage),,0.902,3,4,2253,2259
CA,2026-03-12,Total Storage Solutions (Jefferson Self Storage),Total Storage Solutions (Tri-City Self Storage),,0.902,4,3,2259,2261
CA,2026-03-12,Total Storage Solutions (Western States Self Storage),Total Storage Solutions (Citrus Plaza Self Storage),,0.902,3,2,2262,2265
CA,2026-04-02,Good Sports Plus Ltd. dba Arc - Desert Valley High School,Good Sports Plus Ltd. dba Arc,,0.902,3,4,2326,2330
CA,2026-04-02,Good Sports Plus Ltd. dba Arc - Central Union High School,Good Sports Plus Ltd. dba Arc,,0.902,3,4,2327,2330
CA,2026-04-02,Good Sports Plus Ltd. dba Arc - Phoenix Rising/Desert Oasis High School,Good Sports Plus Ltd. dba Arc - Southwest High School,,0.902,2,4,2328,2329
CA,2026-05-13,Boys & Girls Club of the LA Harbor - Banning High,Boys & Girls Club of the LA Harbor - South Shores Elementary,,0.902,5,3,2483,2494
CA,2026-05-13,Boys & Girls Club of the LA Harbor - Wilmington Club,Boys & Girls Club of the LA Harbor - Park Western Elementary,,0.902,3,8,2488,2492
CA,2026-05-13,Boys & Girls Club of the LA Harbor - Wilmington Club,Boys & Girls Club of the LA Harbor - South Shores Elementary,,0.902,3,3,2488,2494
CA,2026-06-21,"Vine Hospitality (Blue Rock Restaurant Partners, LP)","Vine Hospitality (Left Bank Menlo Park Partners, LP)",,0.902,54,42,2625,2626
CA,2026-06-25,Adventist Health Delano,Adventist Health Ukiah Valley,,0.902,3,5,2645,2655
CA,2026-06-25,Adventist Health Clear Lake,Adventist Health Simi Valley,,0.902,4,7,2649,2663
CA,2026-06-25,Adventist Health St. Helena,Adventist Health and Rideout,,0.902,3,9,2656,2664
CA,2026-06-25,Adventist Health Roseville,Adventist Health and Rideout,,0.902,2,9,2657,2664
CA,2025-04-28,"Center Point, Inc. (San Quentin)","Center Point, Inc. (300 Prison)",,0.902,14,20,3335,3337
CA,2025-05-23,"GTM Wholesale Liquidators, Inc. dba GTM Discount General Store",GTM Wholesale Liquidators dba GTM Discount General Store - Santee Store,,0.902,13,9,3443,3444
CA,2024-05-01,Cue Health Inc. Moda South,Cue Health Inc. Waples,,0.902,84,64,4366,4371
CA,2022-10-31,DZConneX at Norco College Kiosk,DZConneX at Coddington Mall Kiosk,,0.902,1,1,4704,4712
CA,2021-12-16,Wyndham Hotels & Resorts dba La Quinta Los Angeles- LAX Airport with L.Q. Management LLC,Wyndham Hotels & Resorts dba La Quinta Sacramento- Rancho Cordova with L.Q. Management LLC,,0.902,61,20,5448,5449
CA,2022-04-29,First Baptist Head Start-Administration Office,First Baptist Head Start-Lido Square Center,,0.902,13,5,5594,5597
CA,2020-03-19,"CHATEAU HOLDINGS, LTD DBA CHATEAU MARMONT","Chateau Holdings, LTD",Los Angeles,0.902,242,242,10709,11437
CA,2020-04-09,"CV Automotive Group, Inc.","CV Automotive Group, Inc. dba Ford of Chula Vista",Chula Vista,0.902,28,11,7852,7853
CA,2020-04-08,Restec Contractors Inc. at Facebook 0250 29- 43,Restec Contractors Inc. at SFO ITB A&G,San Francisco,0.902,6,1,9345,9347
CA,2020-03-23,Azul Hospitality - PH LLC dba Comfort Inn & Suites San Diego Zoo & Sea World,Azul Hospitality - PH LLC dba Four Points by Sheraton San Diego Downtown,San Diego,0.902,46,46,11224,11227
CO,2023-02-27,Telluride Sports Main Street,Telluride Sports - The Peaks,,0.902,,,15632,15633
IN,2009-03-25,Fort Wayne Foundry (Lima Road Division),Fort Wayne Foundry (Machining Division),Fort Wayne,0.902,174,52,26071,26072
MS,2022-07-01,McKesson Corporation – South Jackson Richland (Rankin),McKesson Corporation – Jackson Ridgeland (Madison),,0.902,26,31,30079,30080
NJ,2020-09-01,"Briad Lodging Group Branchburg II, LLC","Briad Lodging Group TPS, LLC",Branchburg,0.902,11,11,32754,32755
TX,2025-10-02,Southwest Key Programs-Casa Quetzal,Southwest Key Programs-Houston Headquarters,Houston,0.902,3,10,39257,39261
TX,2024-06-04,99 Cents Only Store LLC (Lawndale),99 Cents Only Store LLC (Sam Houston Pkwy),Houston,0.902,20,20,39639,39645
TX,2024-06-04,99 Cents Only Store LLC (Easttex Frwy),99 Cents Only Store LLC (Almeda Genoa),Houston,0.902,20,20,39640,39649
TX,2021-02-05,American Airlines-DFW Admin Bldg,American Airlines-Delta Hanger,DFW Airport,0.902,16,38,40140,40145
TX,2020-11-24,Compass Group Eurest - Airport FWY,Compass Group Eurest - 4501 Hwy 360,Fort Worth,0.902,2,37,40210,40216
TX,2020-05-07,Saulsbury Industries-Odessa,"Saulsbury Industries, Inc.",Odessa,0.902,3,12,40423,40424
TX,2015-09-01,ConocoPhillips-Katy Frwy,ConocoPhillips-Post Oak,Houston,0.902,50,50,45529,45539
TX,2015-09-01,ConocoPhillips-Park Ten Pl.,ConocoPhillips-Threadneedle,Houston,0.902,50,50,45534,45537
TX,2015-09-01,ConocoPhillips-Park Ten Pl.,ConocoPhillips-Post Oak,Houston,0.902,50,50,45534,45539
TX,2019-07-08,"NTT Data, Inc.-11th St.","NTT Data, Inc.-S. Mopac",Austin,0.902,1,50,46390,46391
NY,2021-09-28,"Transportation Insight, LLC (Phase 2)","Transportation Insight, LLC - Western Region",,0.902,,,57277,57652
NY,2020-06-10,Hyatt Corporation dba Andaz Wall Street,Hyatt Corporation dba Grand Hyatt New York,New York,0.902,114,745,58295,58297
NY,2020-04-22,Visionworks (Finger Lakes Region),Visionworks (Long Island Region),,0.902,44,210,58557,58570
NY,2020-03-29,Major Food Group (MFG) - Parm Battery Park LLC,Major Food Group (MFG) 375 Park Food LLC,New York,0.902,52,176,59086,59090
NY,2020-01-03,Catholic Guardian Services (225th Street),Catholic Guardian Services (Davidson Ave.),Bronx,0.902,12,12,59883,59886
NY,2019-03-13,Instacart (at Whole Foods Market) Columbus Circle,Instacart (at Whole Foods Market) (E. 57th Street),New York,0.902,32,13,60214,60220
NY,2016-09-16,"Catholic Charities Neighborhood Services, Inc. (Behavioral Health Care Coordination DOHMH Program)","Catholic Charities Neighborhood Services, Inc. (World of Work Program)",Brooklyn,0.902,1,1,61202,61203
FL,2001-01-17,"Montgomery Ward Distribution Facility 1820 Massaro Boulevard Tampa, FL 33619","Montgomery Ward Product Service Facility 1820 Massaro Boulevard Tampa, FL 33619",,0.902,78,81,72001,72002
MA,2020-03-16,Wagamama USA LLC - Prudential Center,Wagamama USA LLC - Quincy Market,Boston,0.902,63,34,87499,87500
MA,2020-06-08,"SW Hotels & Resorts WW, LLC (Sheraton Boston Hotel)","SW Hotels & Resorts WW, LLC (The Westin Copley Place Hotel)",Boston,0.902,548,348,87552,87553
CA,2025-09-08,Kaiser Foundation Hospitals-Antioch,Kaiser Foundation Hospitals - 74 N. Pasadena,,0.901,1,2,1553,1556
CA,2025-09-12,Agile Physical Therapy (Sutter Health Fremont Physical Therapy & Hand Therapy),Agile Physical Therapy (Sutter Health Sunnyvale Physical Therapy 1085),,0.901,24,23,1592,1594
CA,2025-09-12,Agile Physical Therapy (Sutter Health San Carlos Physical Therapy & Hand Therapy),Agile Physical Therapy (Sutter Health Sunnyvale Center (301) Physical Therapy),,0.901,19,4,1593,1596
CA,2025-11-03,CommUnify - Alvin Center,CommUnify - Meridian Center,,0.901,6,2,1865,1871
CA,2025-11-17,"HRL Laboratories, Lost Hills Campus","HRL Laboratories, Westlake Campus",,0.901,4,10,1933,1936
CA,2026-01-06,Alameda Health System - Alameda Hospital,Alameda Health System - Park Bridge,,0.901,9,3,2003,2006
CA,2026-02-12,E. J. Gallo Wineries - J Vineyards & Winery,E. J. Gallo Wineries - Frei Ranch,,0.901,11,9,2158,2159
CA,2026-02-13,De La Pena Eye Clinic - DLP Huntington Park,De La Pena Eye Clinic - DLP Montebello,,0.901,15,38,2168,2171
CA,2026-02-21,Ferrara Candy Company (2400),Ferrara Candy Company (Courage Drive),,0.901,17,1,2183,2186
CA,2026-02-21,Ferrara Candy Company (2500),Ferrara Candy Company (Courage Drive),,0.901,33,1,2184,2186
CA,2026-02-21,Ferrara Candy Company (2385),Ferrara Candy Company (Courage Drive),,0.901,16,1,2185,2186
CA,2026-03-12,Total Storage Solutions (Crenshaw Self Storage),Total Storage Solutions (Garden Grove Secured Storage),,0.901,2,3,2247,2253
CA,2026-03-12,Total Storage Solutions (Crenshaw Self Storage),Total Storage Solutions (Airport Mini Storage),,0.901,2,3,2247,2255
CA,2026-03-12,Total Storage Solutions (El Monte Stor It Now),Total Storage Solutions (E Street Self Storage),,0.901,3,2,2248,2264
CA,2026-03-12,Total Storage Solutions (Garden Grove Secured Storage),Total Storage Solutions (Beaumont Self Storage),,0.901,3,3,2253,2258
CA,2026-03-12,Total Storage Solutions (Garden Grove Secured Storage),Total Storage Solutions (E Street Self Storage),,0.901,3,2,2253,2264
CA,2026-03-12,Total Storage Solutions (Townsend Self Storage),Total Storage Solutions (Airport Mini Storage),,0.901,3,3,2254,2255
CA,2026-03-12,Total Storage Solutions (Townsend Self Storage),Total Storage Solutions (Sun City Mini Storage),,0.901,3,3,2254,2260
CA,2026-03-12,Total Storage Solutions (Sun City Mini Storage),Total Storage Solutions (Citrus Plaza Self Storage),,0.901,3,2,2260,2265
CA,2026-04-02,Good Sports Plus Ltd. dba Arc - Desert Valley High School,Good Sports Plus Ltd. dba Arc - Phoenix Rising/Desert Oasis High School,,0.901,3,2,2326,2328
CA,2026-04-17,YMCA Bonita Elementary School,YMCA Bill Libbon Elementary School,,0.901,6,11,2384,2391
CA,2026-04-27,Quixote Studio Services - North Valley Campus A,Quixote Studio Services - West Hollywood,,0.901,9,10,2445,2450
CA,2026-05-13,Boys & Girls Club of the LA Harbor - Harbor Teacher Prep Academy,Boys & Girls Club of the LA Harbor - Dana Middle School,,0.901,7,3,2487,2491
CA,2026-05-13,Boys & Girls Club of the La Harbor - Cheryl Green/Torrance Club,Boys & Girls Club of the LA Harbor - Fleming Middle School,,0.901,1,7,2497,2499
CA,2026-06-21,"Vine Hospitality (LB Steak Bishop Ranch, LP)","Vine Hospitality (Blue Rock Restaurant Partners, LP)",,0.901,51,54,2623,2625
CA,2026-06-21,"Vine Hospitality (Meso Santana Row, LP)","Vine Hospitality (Santana Grill Partners, LP)",,0.901,54,59,2627,2629
CA,2026-06-25,Adventist Health Specialty Bakersfield,Adventist Health Tehachapi Valley,,0.901,1,3,2646,2647
CA,2026-06-25,Adventist Health Sonora,Adventist Health Simi Valley,,0.901,8,7,2662,2663
CA,2025-04-09,"Right at School, LLC (Nelda Mundy Elementary)","Right at School, LLC (Sheldon Academy)",,0.901,5,3,3226,3229
CA,2025-06-02,Kaiser Foundation Hospitals - 393 E. Walnut,Kaiser Foundation Hospitals - San Francisco,,0.901,2,1,3433,3440
CA,2025-06-10,Crothall Healthcare - Lakewood Regional Medical Center,Crothall Healthcare - Los Alamitos Medical Center,,0.901,39,41,3477,3480
CA,2025-06-10,Morrison Healthcare - Lakewood Regional Medical Center,Morrison Healthcare - Los Alamitos Medical Center,,0.901,40,32,3478,3481
CA,2024-05-01,Cue Health Inc. Moda South,Cue Health Inc. Vista II,,0.901,84,8,4366,4373
CA,2024-05-01,Cue Health Inc. Moda North II,Cue Health Inc. Vista,,0.901,5,15,4368,4372
CA,2024-05-01,Cue Health Inc. Moda North II,Cue Health Inc. Vista II,,0.901,5,8,4368,4373
CA,2022-04-29,First Baptist Head Start-Administration Office,First Baptist Head Start-East Leland Center,,0.901,13,11,5594,5595
CO,2023-02-27,Aspen Sports Snowmass Retail Store,Aspen Sports Valet - Snowmass,,0.901,3,3,15621,15624
HI,2020-09-03,"Marriott Ownership Resorts, Inc.; Koolina Beach Club","Marriott Ownership Resorts, Inc.; Westin Kaanapali Ocean Resort",,0.901,,,19485,19492
HI,2020-09-03,"Marriott Ownership Resorts, Inc.; Maui Ocean Club","Marriott Ownership Resorts, Inc.; Westin Kaanapali Ocean Resort",,0.901,,,19487,19492
OR,2020-03-16,Stanford's - Portland Seafood Company,Stanford's - Portland - Jantzen,Portland,0.901,44,53,36185,36188
TX,2020-11-30,ConocoPhillips - 935 N.,ConocoPhillips - Park Row,Houston,0.901,,,40208,40209
TX,2013-08-12,SER Jobs for Progress-E. Houston,SER Jobs for Progress-Haven for Hope Way,San Antonio,0.901,20,1,45118,45120
TX,2016-03-28,"BP America, Inc.-Energy","BP America, Inc.-Corporate",Houston,0.901,166,167,45679,45680
WI,2016-05-19,Anchor Bank FSB - Main Street,Anchor Bank FSB - East Towne Blvd.,Madison,0.901,46,46,53600,53601
MO,2020-04-09,Asbury Automotive Group - Audi Creve Coeur,Asbury Automotive Group - Mercedes Benz/Smart Creve Coeur,Creve Coeur,0.901,24,54,56036,56042
MO,2020-04-09,Asbury Automotive Group - Landrover Jaguar Creve Coeur,Asbury Automotive Group - Plaza Infiniti Creve Coeur,Creve Coeur,0.901,43,20,56037,56040
MO,2020-04-09,Asbury Automotive Group - Plaza BMW Creve Coeur,Asbury Automotive Group - Mercedes Benz/Smart Creve Coeur,Creve Coeur,0.901,39,54,56039,56042
NY,2020-04-22,Visionworks (North Country Region),Visionworks (Southern Region),,0.901,18,47,58566,58572
NY,2020-03-30,The Marlow Collective dba Achilles Heel,The Marlow Collective dba Marlow & Sons,Brooklyn,0.901,14,26,59048,59069
NY,2020-03-13,"WeWork Companies, Inc. (Broad Street)","WeWork Companies, Inc. (Avenue of the Americas)",New York,0.901,3,3,59749,59750
NY,2014-10-23,"vente-privee USA Brands, Inc.","vente-privee USA, LLC",New York,0.901,36,97,88458,88459
CA,2025-09-12,Agile Physical Therapy (Sutter Health Sunnyvale Physical Therapy 1085),Agile Physical Therapy (Sutter Health Palo Alto Physical Therapy & Hand Therapy),,0.9,23,30,1594,1598
CA,2025-10-31,Ceryx Management LLC (Sepulveda),Ceryx Management LLC (7226 S. Figueroa),,0.9,4,12,1897,1902
CA,2025-10-31,Ceryx Management LLC (Sepulveda),Ceryx Management LLC (7310 S. Figueroa),,0.9,4,9,1897,1903
CA,2025-10-31,Ceryx Management LLC (Sepulveda),Ceryx Management LLC (7617 S. Figueroa),,0.9,4,5,1897,1905
CA,2025-10-31,Ceryx Management LLC (Sepulveda),Ceryx Management LLC (8320 S. Figueroa),,0.9,4,1,1897,1909
CA,2025-10-31,Ceryx Management LLC (Sepulveda),Ceryx Management LLC (9519 S. Figueroa),,0.9,4,1,1897,1910
CA,2025-11-03,CommUnify - I Center,CommUnify - Oak Valley Center,,0.9,6,1,1861,1863
CA,2025-11-03,CommUnify - I Center,CommUnify - Los Adobes Center,,0.9,6,1,1861,1869
CA,2025-11-03,CommUnify - I Center,CommUnify - Los Padres Center,,0.9,6,4,1861,1870
CA,2025-11-03,CommUnify - Coronel Center,CommUnify - Goleta Center,,0.9,1,2,1878,1880
CA,2026-04-13,Boeing Company,Boeing Company - Edwards AFB,,0.9,13,2,2360,2361
CA,2026-04-27,The People Concern - Cloverfield,The People Concern - Nest 2,,0.9,20,15,2466,2468
CA,2026-05-06,"Kidango, Inc. - Peixoto Center","Kidango, Inc. - Castlemont Center",,0.9,6,2,2473,2474
CA,2026-05-13,Boys & Girls Club of LA Harbor - Harry Bridges Span School,Boys & Girls Club at the LA Harbor - Narbonne High School,,0.9,3,2,2486,2501
CA,2026-06-25,Adventist Health Bakersfield,Adventist Health Vallejo,,0.9,15,3,2644,2661
CA,2026-06-25,Adventist Health Tehachapi Valley,Adventist Health Glendale,,0.9,3,12,2647,2650
CA,2026-06-25,Adventist Health Ukiah Valley,Adventist Health Sierra Vista,,0.9,5,5,2655,2659
CA,2026-06-29,Dignity Health (Bakersfield Memorial Hospital),Dignity Health (California Hospital Medical Center),,0.9,57,82,2669,2670
CA,2025-04-09,"Right at School, LLC (Crystal Middle)","Right at School, LLC (Fairview Elementary)",,0.9,2,8,3219,3221
CA,2025-04-09,"Right at School, LLC (Fairview Elementary)",Right at School. LLC (Grange Middle),,0.9,8,3,3221,3222
CA,2025-04-09,Right at School. LLC (Grange Middle),"Right at School, LLC (KI Jones Elementary)",,0.9,3,11,3222,3224
CA,2025-06-02,Kaiser Foundation - Fremont,Kaiser Foundation Hospitals - Irvine,,0.9,1,1,3428,3437
CA,2024-05-01,City National Bank - Olympic Blvd.,City National Bank - Flower St.,,0.9,1,14,4355,4356
CA,2024-05-01,City National Bank - Olympic Blvd.,City National Bank - Grand Ave.,,0.9,1,23,4355,4357
CA,2023-03-08,Scripps Health - Corporate 1,Scripps Health Corporate IS Office,,0.9,2,63,5056,5060
CA,2023-03-08,Scripps Health - Corporate 3,Scripps Health Corporate IS Office,,0.9,2,63,5057,5060
CA,2020-03-17,"Hof's Hut Restaurants, Inc. dba Lucille's Smokehouse Barbque","Hof's Hut Restaurants, Inc. dba Saint & Second",Long Beach,0.9,80,85,5687,5688
CA,2020-04-20,Enterprise Holdings at Oakland Airport,ENTERPRISE HOLDINGS,Oakland,0.9,16,28,7841,8246
CA,2020-03-31,Wyndham Vacation Ownership The Mission Valley Resort,Wyndham Vacation Ownership-Inn at the Park Resort,San Diego,0.9,59,58,10346,10476
CA,2014-11-04,Warner Bros. Technical Operations,Warner Bros. Theatrical Enterprises,Burbank,0.9,11,6,15007,15009
CA,2015-03-19,Keck Medicine of USC-Keck Hospital,Keck Medicine of USC-Soto Street,Los Angeles,0.9,39,24,15262,15263
FL,2020-06-08,Hyatt Regency Orlando Intrnational Airport,Hyatt Regency Orlando,ORLANDO,0.9,220,694,18165,18166
FL,2020-06-05,"The Ritz-Carlton Golf Resort, Naples","The Ritz-Carlton, Naples",NAPLES,0.9,305,939,18170,18171
TX,2025-08-06,"Southwest Key Programs, Inc.(Casa Nueva Esperanza)","Southwest Key Programs, Inc.(South Texas HQ)",Brownsville,0.9,9,13,39289,39290
TX,2025-07-31,"Equus Workforce Solutions-Greenville Ave. (Arbor E&T, LLC)","Equus Workforce Solutions-Malcolm X Blvd.(Arbor E&T, LLC)",Dallas,0.9,10,16,39301,39304
TX,2020-04-28,Enterprise Holdings-Eastern St,"Enterprise Holdings, LLC",San Antonio,0.9,146,30,40452,40453
TX,2020-04-06,Forty Five Ten,Forty Five Ten-Highland Park,Dallas,0.9,10,34,40690,40696
TX,2013-08-12,SER Jobs for Progress-E. Houston,SER Jobs for Progress-Marbach Rd.,San Antonio,0.9,20,13,45118,45126
TX,2015-04-09,Android Industries,Android Industries-East Randoll Mill,Arlington,0.9,400,40,45410,45413
TX,2015-09-01,ConocoPhillips-Park Ten Pl.,ConocoPhillips-Westlake Park,Houston,0.9,50,50,45534,45535
AZ,2019-12-30,Compass USA - St Mary' Hospital,Compass USA - St Joseph's,Tucson,0.9,75,81,50256,50257
NY,2023-10-06,"ECR International, Inc.","ECR International, Inc. - Mohawk Valley Region",,0.9,,,56965,57357
NY,2022-08-22,"Packable Holdings, LLC - New York City Region","Packable Holdings, LLC - Long Island Region",,0.9,,,57573,57574
NY,2020-06-10,Hyatt Corporation dba Hotel 50 Bowery,Hyatt Corporation dba Park Hyatt,New York,0.9,67,264,58290,58291
NY,2020-06-10,Hyatt Corporation dba Hotel 50 Bowery,Hyatt Corporation dba Park South,New York,0.9,67,57,58290,58293
NY,2020-05-21,"WeWork Companies, Inc. (Greenwich St.)","WeWork Companies, Inc. (500 7th Ave)",New York,0.9,1,6,58406,58408
NY,2020-04-22,Visionworks (Western Region),Visionworks (New York City Region),,0.9,40,49,58573,58574
NY,2020-04-08,"B.R. Guest Holdings, LLC dba Blue Fin - New York","B.R. Guest Holdings, LLC dba Dos Caminos - Meatpacking NY",New York,0.9,129,96,58770,58774
NY,2020-03-20,"Sobaya Restaurant, Inc dba Rai Rai Ken","Sobaya Restaurant Inc., dba HI-COLLAR",New York,0.9,11,9,59508,59513
NY,2020-01-03,Catholic Guardian Services (Payson Ave.),Catholic Guardian Services (34 W Central Harlem),New York,0.9,30,2,59885,59894
KY,2018-09-27,Dormakaba,dormakaba USA Inc.,Fayette,0.9,58,58,67536,67594
OK,2001-10-01,Wellcore America,WellCore,05 - CentralRegion,0.9,50,32,68265,68266
NY,2014-03-17,"1 Prospect Park Residence, LLC.","1 Prospect Park, ALF LLC.",Kings,0.9,68,68,88271,88292
CA,2025-07-10,Intel Corporation (Robert Noyce),Intel Corporation (SC-11),,0.899,203,5,1374,1378
CA,2025-07-10,Intel Corporation (Robert Noyce),Intel Corporation (SC-12),,0.899,203,55,1374,1379
CA,2025-08-15,Adventist Health Glendale,Adventist Health Simi Valley,,0.899,58,1,1480,1483
CA,2025-08-25,Intel Corporation (Robert Noyce),Intel Corporation (SC-12),,0.899,46,50,1508,1510
CA,2025-10-31,Ceryx Management LLC (Blackstone),Ceryx Management LLC (1540 S St. Andrews),,0.899,39,18,1896,1906
CA,2025-10-31,Ceryx Management LLC (Sepulveda),Ceryx Management LLC (7111 S Hoover),,0.899,4,1,1897,1907
CA,2025-10-31,Ceryx Management LLC (Western),Ceryx Management LLC (7226 S. Figueroa),,0.899,13,12,1901,1902
CA,2025-10-31,Ceryx Management LLC (Western),Ceryx Management LLC (7310 S. Figueroa),,0.899,13,9,1901,1903
CA,2025-10-31,Ceryx Management LLC (Western),Ceryx Management LLC (7617 S. Figueroa),,0.899,13,5,1901,1905
CA,2025-10-31,Ceryx Management LLC (Western),Ceryx Management LLC (8320 S. Figueroa),,0.899,13,1,1901,1909
CA,2025-10-31,Ceryx Management LLC (Western),Ceryx Management LLC (9519 S. Figueroa),,0.899,13,1,1901,1910
CA,2025-11-03,CommUnify - Chestnut Office,CommUnify - I Center,,0.899,11,6,1859,1861
CA,2025-11-03,CommUnify - Filmore Center,CommUnify - Sierra Madre Center,,0.899,4,5,1860,1872
CA,2025-11-03,CommUnify - I Center,CommUnify - Sierra Madre Center,,0.899,6,5,1861,1872
CA,2025-11-03,CommUnify - Oak Valley Center,CommUnify - Adam Center,,0.899,1,4,1863,1864
CA,2026-01-06,Alameda Health System - San Leandro Hospital,Alameda Health System - Park Bridge,,0.899,22,3,2001,2006
CA,2026-01-06,Alameda Health System - John George Hospital,Alameda Health System - Park Bridge,,0.899,16,3,2002,2006
CA,2026-02-12,E. J. Gallo Wineries - Orin Swift Tasting Room,E. J. Gallo Wineries - Frei Ranch,,0.899,2,9,2157,2159
CA,2026-03-12,Total Storage Solutions (El Monte Stor It Now),Total Storage Solutions (Airport Mini Storage),,0.899,3,3,2248,2255
CA,2026-04-17,YMCA Liberty Elementary School,YMCA Tunnel Elementary School,,0.899,9,10,2392,2397
CA,2026-04-27,Quixote Studio Services - Griffith Park,Quixote Studio Services - Sun valley,,0.899,2,4,2444,2447
CA,2026-05-13,Boys & Girls Club of the LA Harbor - Banning High,Boys & Girls Club of the LA Harbor - Park Western Elementary,,0.899,5,8,2483,2492
CA,2026-05-13,Boys & Girls Club of the LA Harbor - Environmental Charter MS,Boys & Girls Club at the LA Harbor - Narbonne High School,,0.899,4,2,2498,2501
CA,2026-06-25,Adventist Health Specialty Bakersfield,Adventist Health Sierra Vista,,0.899,1,5,2646,2659
CA,2026-06-25,Adventist Health Specialty Bakersfield,Adventist Health Simi Valley,,0.899,1,7,2646,2663
CA,2026-06-25,Adventist Health Hanford,Adventist Health Clear Lake,,0.899,12,4,2648,2649
CA,2026-06-25,Adventist Health Glendale,Adventist Health Mendocino Coast,,0.899,12,3,2650,2654
CA,2026-06-25,Adventist Health Glendale,Adventist Health Simi Valley,,0.899,12,7,2650,2663
CA,2026-06-25,Adventist Health Mendocino Coast,Adventist Health Lodi Memorial,,0.899,3,7,2654,2658
CA,2025-04-09,"Right at School, LLC (Anna Kyle Elementary)","Right at School, LLC (Sheldon Academy)",,0.899,3,3,3217,3229
CA,2025-04-28,"Center Point, Inc. (4001)","Center Point, Inc. (San Quentin)",,0.899,18,14,3332,3335
CA,2025-04-28,"Center Point, Inc. (5905)","Center Point, Inc. (San Quentin)",,0.899,12,14,3333,3335
CA,2025-04-28,"Center Point, Inc. (San Quentin)","Center Point, Inc. (2100)",,0.899,14,22,3335,3339
CA,2025-04-28,"Center Point, Inc. (San Quentin)","Center Point, Inc. (1600)",,0.899,14,15,3335,3340
CA,2025-04-28,"Center Point, Inc. (San Quentin)","Center Point, Inc. (5100)",,0.899,14,17,3335,3341
CA,2025-06-25,Intel Corporation - Robert Noyce,Intel Corporation - SC-11,,0.899,57,2,3520,3524
CA,2023-09-11,Noble House Home Furnishing LLC Superior HQ,Noble House Home Furnishings - 7901 Deering,,0.899,100,9,3729,3731
CA,2024-05-01,Cue Health Inc. Moda North,Cue Health Inc. Vista,,0.899,2,15,4367,4372
CA,2020-04-20,"Hoehn Motors, Inc DBA Audi Carlsbad","Hoehn Motors, Inc., dba Hoehn Acura",Carlsbad,0.899,53,386,8156,8644
CA,2020-04-08,Restec Contractors Inc. at ISI Core Shell,Restec Contractors Inc. at Facebook SUN101 HVAC,Sunnyvale,0.899,4,1,9350,9352
CO,2023-02-27,Telluride Sports - Franz Klammer,Telluride Sports - The Peaks,,0.899,,,15630,15633
OR,2020-03-25,Deschutes Brewery Public Rooms,Deschutes Brewery - HQ,Bend,0.899,248,89,36176,36177
TX,2025-05-21,Child Care Associates (Reagan),Child Care Associates(North Fort Worth),Fort Worth,0.899,14,16,39385,39389
TX,2020-04-28,Enterprise Holdings-Airport,"Enterprise Holdings, LLC",San Antonio,0.899,135,30,40451,40453
TX,2020-03-26,Cinemark West,Cinemark Movie Bistro,El Paso,0.899,66,35,40862,40874
TX,2009-04-16,Wackenhut Corporation - Parmer North 3,Wackenhut Corporation - Round Rock Mail Room,Austin,0.899,10,10,44143,44147
TX,2009-04-16,Wackenhut Corporation - Parmer North 2,Wackenhut Corporation - Round Rock Mail Room,Austin,0.899,10,10,44145,44147
TX,2009-04-16,Wackenhut Corporation - Round Rock Mail Room,Wackenhut Corporation - Parmer North 1,Austin,0.899,10,10,44147,44148
TX,2013-08-12,SER Jobs for Progress-Hillcrest Dr,SER Jobs for Progress-SW 40th Street,San Antonio,0.899,28,4,45116,45124
TX,2013-08-12,SER Jobs for Progress-SW 40th Street,SER Jobs for Progress-Walzem Rd.,San Antonio,0.899,4,17,45124,45127
TX,2015-09-01,ConocoPhillips-Westlake Park2,ConocoPhillips-Post Oak,Houston,0.899,50,50,45530,45539
TX,2015-09-01,ConocoPhillips-Park Ten Pl.,ConocoPhillips-JFK Blvd.,Houston,0.899,50,50,45534,45540
VA,2023-07-11,Wellmore Energy Company LLC (Surface Minerals),Wellmore Energy Company LLC (Company Trucks Safety and Engineering),Grundy VA,0.899,15,12,49001,49006
NY,2020-07-02,Hilton Grand Vacation at Hilton Club New York,Hilton Grand Vacation at West 57th Street by Hilton Club,New York,0.899,141,72,58150,58152
NY,2020-06-10,Hyatt Corporation The Beekman,Hyatt Corporation dba Park Hyatt,New York,0.899,105,264,58289,58291
NY,2020-06-10,Hyatt Corporation The Beekman,Hyatt Corporation dba Park South,New York,0.899,105,57,58289,58293
NY,2020-06-10,Hyatt Corporation dba Park South,Hyatt Corporation dba Grand Hyatt New York,New York,0.899,57,745,58293,58297
NY,2020-03-20,Fireman Hospitality Group Café Concepts dba Café Concepts (multiple locations),"Fireman Hospitality Group Café Concepts, Inc. dba Café Concepts (Red Eye Grill, Brooklyn Diner USA)",New York,0.899,563,143,59476,59477
NY,2019-04-08,"The College of New Rochelle - DC-37 Campus, Manhattan","The College of New Rochelle - Rosa Parks Campus, Harlem",New York,0.899,,,60170,60172
CA,2025-11-03,CommUnify - Filmore Center,CommUnify - Adam Center,,0.898,4,4,1860,1864
CA,2025-11-03,CommUnify - Filmore Center,CommUnify - Alvin Center,,0.898,4,6,1860,1865
CA,2025-11-03,CommUnify - I Center,CommUnify - Maggie Espinoza Center,,0.898,6,5,1861,1876
CA,2025-11-03,CommUnify - Maple Center,CommUnify - Coronel Center,,0.898,3,1,1862,1878
CA,2025-11-03,CommUnify - Alvin Center,CommUnify - Coronel Center,,0.898,6,1,1865,1878
CA,2026-01-27,Pinterest Inc. (San Francisco),Pinterest Inc. (CA Remote),,0.898,98,4,2081,2082
CA,2026-03-12,Total Storage Solutions (El Monte Stor It Now),Total Storage Solutions (Aware Self Storage),,0.898,3,2,2248,2256
CA,2026-03-12,Total Storage Solutions (Beaumont RV & Self Storage),Total Storage Solutions (Sun City Mini Storage),,0.898,3,3,2257,2260
CA,2026-03-12,Total Storage Solutions (Beaumont RV & Self Storage),Total Storage Solutions (Tri-City Self Storage),,0.898,3,3,2257,2261
CA,2026-03-12,Total Storage Solutions (Beaumont RV & Self Storage),Total Storage Solutions (Riverside Self Storage),,0.898,3,4,2257,2263
CA,2026-04-02,Good Sports Plus Ltd. dba Arc - Central Union High School,Good Sports Plus Ltd. dba Arc - Phoenix Rising/Desert Oasis High School,,0.898,3,2,2327,2328
CA,2026-05-13,Boys & Girls Club of the LA Harbor - Banning High,Boys & Girls Club of the LA Harbor - Harbor Teacher Prep Academy,,0.898,5,7,2483,2487
CA,2026-05-13,Boys & Girls Club of LA Harbor - Point Fermin Elementary,Boys & Girls Club of the LA Harbor - South Shores Elementary,,0.898,5,3,2493,2494
CA,2026-06-25,Adventist Health Howard Memorial,Adventist Health Roseville,,0.898,6,2,2653,2657
CA,2025-04-09,"Right at School, LLC (B Gale Wilson Middle)","Right at School, LLC (Cordelia Hills Elementary)",,0.898,3,8,3216,3218
CA,2025-04-09,"Right at School, LLC (Dover Elementary",Right at School. LLC (Grange Middle),,0.898,16,3,3220,3222
CA,2025-04-30,Downtown College Preparatory - Administrative Offices,Downtown College Preparatory - El Camino Middle School,,0.898,9,22,3362,3364
CA,2025-05-23,"GTM Wholesale Liquidators, Inc. dba GTM Discount General Store",GTM Wholesale Liquidators DBA Discount General Store - Warehouse,,0.898,13,18,3443,3446
CA,2025-06-02,Kaiser Foundation Hospitals - Harbor City,Kaiser Foundation Hospitals - 99 S Oakland Ave,,0.898,1,5,3431,3435
CA,2022-11-15,Silicon Valley TMS of San Francisco,Silicon Valley TMS of Monterey Bay,,0.898,1,9,4758,4762
CA,2023-01-05,Cue Health - Moda North II,Cue Health - Nancy Ridge II,,0.898,8,10,4843,4846
CA,2021-12-16,Wyndham Hotels & Resorts dba La Quinta Orange County Airport with L.Q. Management LLC,Wyndham Hotels & Resorts dba La Quinta San Francisco Airport North,,0.898,19,27,5442,5455
CA,2021-12-16,Wyndham Hotels & Resorts dba La Quinta San Diego- Vista with L.Q. Management LLC,Wyndham Hotels & Resorts dba La Quinta San Francisco Airport North,,0.898,20,27,5454,5455
CA,2022-02-15,Crothall Healthcare Bakersfield,Crothall Healthcare Tehachapi,,0.898,89,13,5520,5521
CA,2020-06-08,"L.A. Live Theater, LLC","L.A. Live Theater, LLC, DBA Microsoft Theater",Los Angeles,0.898,6,4,7832,7864
TX,2025-05-21,Child Care Associates (Meachum),Child Care Associates (Morris Foundation),Fort Worth,0.898,15,17,39384,39388
TX,2020-09-01,Live Nation-W Loop St,Live Nation-Caroline St,Houston,0.898,51,85,40292,40293
TX,2020-03-31,Justin Brands-El Paso,Justin Brands-N. Desert,El Paso,0.898,179,5,40758,40766
TX,2020-03-30,Sport Clips - Frontage Rd.,Sport Clips - N. Mopac,Austin,0.898,13,12,40775,40793
TX,2020-03-25,Quick Weight Loss Center - 9000 SW Frwy,Quick Weight Loss Centers - Westheimer,Houston,0.898,5,4,41046,41047
TX,2010-01-12,Radiology Associates - AMI - Four Season's Breast,Radiology Associates - AMI - Medical Center,San Antonio,0.898,10,11,44393,44396
WI,2020-06-25,Levy Premium Food Service at Fiserv Forum,Levy Premium Food Service at Wisconsin Center District,Milwaukee,0.898,47,25,48383,48384
AZ,2019-12-30,Compass USA - St Mary' Hospital,Compass USA - Holy Cross,Tucson,0.898,75,12,50256,50258
WI,2016-05-19,Anchor Bank FSB - East Towne Blvd.,Anchor Bank FSB - City View Dr.,Madison,0.898,46,46,53601,53602
NY,2020-03-17,Manhasset Restaurant LLC dba Cipollini,Manhasset Restaurant LLC dbaToku Modern Asian,Manhasset,0.898,76,89,59634,59647
KY,2023-07-25,Wellmore Energy Company LLC - Laboratory Department,Wellmore Energy Company LLC - Black Watch #8 Prep Plant,Pike,0.898,2,1,67233,67234
FL,1998-06-03,"The Hertz Corp (Miami) 2150 N.E 7th Ave Dania, FL 33004","The Hertz Corp.(Westpalm Bch.) 2150 N.E. 7th Ave Dania, FL 33004",,0.898,39,38,71462,71463
NY,2014-03-31,Empire State Bus Corp.,"Empire State Escorts, Inc.",Kings,0.898,9,1,88295,88296
CA,2025-09-12,Agile Physical Therapy (Sutter Health Sunnyvale Center 401 Physical Therapy),Agile Physical Therapy (Sutter Health Palo Alto Physical Therapy & Hand Therapy),,0.897,16,30,1595,1598
CA,2025-10-31,Ceryx Management LLC (Vermont),Ceryx Management LLC (1540 S St. Andrews),,0.897,8,18,1898,1906
CA,2026-03-12,Total Storage Solutions (Best RV & Self Storage),Total Storage Solutions (El Monte Stor It Now),,0.897,3,3,2246,2248
CA,2026-03-12,Total Storage Solutions (Arcadia 210 Self Storage),Total Storage Solutions (Jefferson Self Storage),,0.897,1,4,2250,2259
CA,2026-03-12,Total Storage Solutions (All Size Self Storage),Total Storage Solutions (Airport Mini Storage),,0.897,3,3,2251,2255
CA,2026-03-12,Total Storage Solutions (Garden Grove Secured Storage),Total Storage Solutions (Western States Self Storage),,0.897,3,3,2253,2262
CA,2026-03-12,Total Storage Solutions (Airport Mini Storage),Total Storage Solutions (Jefferson Self Storage),,0.897,3,4,2255,2259
CA,2026-03-12,Total Storage Solutions (Sun City Mini Storage),Total Storage Solutions (E Street Self Storage),,0.897,3,2,2260,2264
CA,2026-04-17,YMCA Liberty Elementary School,YMCA Rice Elementary School,,0.897,9,11,2392,2394
CA,2026-05-13,Boys & Girls Club of the LA Harbor - Gulf Ave Elementary,Boys & Girls Club of LA Harbor - Point Fermin Elementary,,0.897,1,5,2485,2493
CA,2026-05-13,Boys & Girls Club of the LA Harbor - Wilmington Club,Boys & Girls Club of the LA Harbor - Taper Ave. Elementary,,0.897,3,8,2488,2495
CA,2026-05-13,Boys & Girls Club of the LA Harbor - Park Western Elementary,Boys & Girls Club of LA Harbor - Point Fermin Elementary,,0.897,8,5,2492,2493
CA,2026-06-25,Adventist Health Hanford,Adventist Health Mendocino Coast,,0.897,12,3,2648,2654
CA,2026-06-25,Adventist Health White Memorial Montebello,Adventist Health Lodi Memorial,,0.897,2,7,2651,2658
CA,2026-06-25,Adventist Health Howard Memorial,Adventist Health Vallejo,,0.897,6,3,2653,2661
CA,2026-06-25,Adventist Health Mendocino Coast,Adventist Health St. Helena,,0.897,3,3,2654,2656
CA,2026-06-25,Adventist Health St. Helena,Adventist Health Sierra Vista,,0.897,3,5,2656,2659
CA,2025-04-09,"Right at School, LLC (Anna Kyle Elementary)","Right at School, LLC (Crystal Middle)",,0.897,3,2,3217,3219
CA,2025-06-10,Morrison Healthcare - Placentia Linda Hospital,Morrison Healthcare - Los Alamitos Medical Center,,0.897,21,32,3479,3481
CA,2021-12-16,Wyndham Hotels & Resorts dba La Quinta Anaheim with L.Q. Management LLC,Wyndham Hotels & Resorts dba La Quinta San Francisco Airport North,,0.897,20,27,5439,5455
CA,2021-12-16,Wyndham Hotels & Resorts dba La Quinta Buena Park with L.Q. Management LLC,Wyndham Hotels & Resorts dba La Quinta San Francisco Airport North,,0.897,25,27,5440,5455
CA,2021-12-16,Wyndham Hotels & Resorts dba La Quinta San Diego- Miramar with L.Q. Management LLC,Wyndham Hotels & Resorts dba La Quinta San Francisco Airport North,,0.897,16,27,5452,5455
CA,2020-04-20,Enterprise Holdings,Enterprise Holdings at San Jose Airport,San Jose,0.897,18,22,6082,7847
CA,2015-03-19,Keck Medicine of USC-Healthcare,Keck Medicine of USC-USC Norris,Los Angeles,0.897,1,3,15261,15264
CO,2020-08-31,Avis Budget Group,Avis Budget Group (ADW - Englewood),ADW,0.897,3,2,15771,15795
FL,2020-03-26,"La Carreta Enterprises, Inc.","La Carreta Restaurant V, Inc.",MIAMI,0.897,13,4,17578,17581
FL,2015-11-23,TigerDirect Retail,"TigerDirect, Inc.",Miami,0.897,3,73,19062,19063
TX,2020-11-24,Compass Group Eurest - Airport FWY,Compass Group Eurest - American Blvd.,Fort Worth,0.897,2,2,40210,40212
TX,2006-08-09,SERCO - Downtown Workforce Center,SERCO - Westside Workforce Center,Ft. Worth,0.897,13,10,43359,43360
TX,2018-03-27,Baker Metal Products-Willowbook,"Baker Metal Products, Inc.",Dallas,0.897,2,44,46159,46161
NY,2020-03-25,"TN Apple, LLC","GC Apple, LLC",Brooklyn,0.897,70,63,59284,59293
NY,2016-06-13,Eastman Kodak Company (Eastman Business Park),Eastman Kodak Company (Rochester Tech Park),Rochester,0.897,2,1,61286,61287
WI,2026-07-20,"Prairie Farms Dairy, Inc. Shullsburg Creamery","Prairie Farms Dairy, Inc. White Hill Cheese",Shullsburg,0.897,43,54,70795,70796
AL,2025-05-07,Bilfinger Inc,Bilfinger Inc Evonik Malbec,Theodore,0.896,143,143,99,68332
CA,2025-09-12,Agile Physical Therapy (Sutter Health Fremont Physical Therapy & Hand Therapy),Agile Physical Therapy (Sutter Health Mountain View Center),,0.896,24,1,1592,1597
CA,2025-11-03,CommUnify - Alvin Center,CommUnify - Little Village Center,,0.896,6,8,1865,1868
CA,2025-11-03,CommUnify - Little Village Center,CommUnify - Goleta Center,,0.896,8,2,1868,1880
CA,2025-11-03,CommUnify - Sierra Madre Center,CommUnify - Maggie Espinoza Center,,0.896,5,5,1872,1876
CA,2026-03-12,Total Storage Solutions (Arcadia 210 Self Storage),Total Storage Solutions (Beaumont RV & Self Storage),,0.896,1,3,2250,2257
CA,2026-03-12,Total Storage Solutions (Arcadia 210 Self Storage),Total Storage Solutions (Sun City Mini Storage),,0.896,1,3,2250,2260
CA,2026-04-02,"Good Sports Plus, Ltd. dba Arc - Miguel Hidalgo Elementary School",Good Sports Plus Ltd. dba Arc - Southwest High School,,0.896,5,4,2321,2329
CA,2026-04-13,Boeing Company - Edwards AFB,Boeing Company - El Segundo,,0.896,2,2,2361,2362
CA,2026-05-13,Boys & Girls Club of the LA Harbor - Banning High,Boys & Girls Club of the LA Harbor - Taper Ave. Elementary,,0.896,5,8,2483,2495
CA,2026-05-13,Boys & Girls Club of the LA Harbor - Gulf Ave Elementary,Boys & Girls Club at the LA Harbor - Narbonne High School,,0.896,1,2,2485,2501
CA,2026-05-13,Boys & Girls Club of the LA Harbor - Fleming Middle School,Boys & Girls Club at the LA Harbor - Narbonne High School,,0.896,7,2,2499,2501
CA,2026-06-21,"Vine Hospitality (Left Bank Menlo Park Partners, LP)","Vine Hospitality (Santana Grill Partners, LP)",,0.896,42,59,2626,2629
CA,2026-06-25,Adventist Health Bakersfield,Adventist Health Simi Valley,,0.896,15,7,2644,2663
CA,2026-06-25,Adventist Health Delano,Adventist Health Sierra Vista,,0.896,3,5,2645,2659
CA,2026-06-25,Adventist Health Clear Lake,Adventist Health and Rideout,,0.896,4,9,2649,2664
CA,2026-06-25,Adventist Health Howard Memorial,Adventist Health and Rideout,,0.896,6,9,2653,2664
CA,2026-06-25,Adventist Health Mendocino Coast,Adventist Health Twin Cities,,0.896,3,4,2654,2660
CA,2026-06-25,Adventist Health Twin Cities,Adventist Health Simi Valley,,0.896,4,7,2660,2663
CA,2026-06-25,Adventist Health Twin Cities,Adventist Health and Rideout,,0.896,4,9,2660,2664
CA,2025-04-09,"Right at School, LLC",Right at School. LLC (Grange Middle),,0.896,1,3,3214,3222
CA,2025-04-09,"Right at School, LLC (Fairview Elementary)","Right at School, LLC (Sheldon Academy)",,0.896,8,3,3221,3229
CA,2025-04-09,"Right at School, LLC (Nelda Mundy Elementary)","Right at School, LLC (Public Safety Academy)",,0.896,5,2,3226,3228
CA,2022-10-31,DZConneX at York Boulevard Park,DZConneX at Burbank Ralph Foy Park,,0.896,3,4,4681,4716
CA,2022-05-10,California Human Development Disability Services,California Human Development Substance Recovery Services (Residential),,0.896,18,11,5620,5621
CA,2020-05-19,Peet's Coffee Inc.,PEETS COFFEE AND TEA,Emeryville,0.896,51,51,7992,8099
CA,2020-03-24,Cafe Bernardo - Pavilions,Cafe Bernardo - R15,Sacramento,0.896,52,48,11173,11174
CA,2020-03-20,"HPT Motors, LLC dba Santa Cruz Toyota","HPS Motors, LLC dba Santa Cruz Subaru",Capitola,0.896,22,8,11378,11412
CA,2020-03-20,Feast California Cafe LLC dba Corner Bakery Cafe,"Feast California Cafe, LLC",Murrieta,0.896,173,173,11561,11562
CO,2023-02-27,Telluride Sports - Franz Klammer,Telluride Sports - Gondola Plaza,,0.896,,,15630,15631
TX,2025-05-21,Child Care Associates (Diamond Road),Child Care Associates(North Fort Worth),Fort Worth,0.896,13,16,39387,39389
TX,2021-02-05,American Airlines-HDQ,American Airlines-Flight Training,Ft. Worth,0.896,229,103,40141,40144
TX,2021-02-05,American Airlines-Flight Training,American Airlines-SRO,Ft. Worth,0.896,103,2,40144,40146
TX,2020-03-23,Schulte Companies-Loop 1604,Schulte Companies-E. Houston,San Antonio,0.896,13,22,41061,41065
TX,2013-08-12,SER Jobs for Progress-Hillcrest Dr,SER Jobs for Progress-Administrative Office,San Antonio,0.896,28,32,45116,45125
TX,2013-08-12,SER Jobs for Progress-Haven for Hope Way,SER Jobs for Progress-Dolorosa,San Antonio,0.896,1,,45120,45122
TX,2015-09-01,ConocoPhillips-Katy Frwy,ConocoPhillips-Westlake Park,Houston,0.896,50,50,45529,45535
TX,2018-11-30,El Paso Specialty Hospital-Wound Care,El Paso Specialty Physicians Group-Lee Trevino,El Paso,0.896,7,72,46281,46285
NY,2025-02-24,TL Cannon Management Corp.- Applebee's (Southern Tier),TL Cannon Management Corp.,Tompkins,0.896,10,10,56279,56524
NY,2021-08-18,"Aclara Smart Grid Solutions, LLC - New York City Region","Aclara Smart Grid Solutions, LLC and Aclara Technologies LLC - New York City Region",,0.896,,,57667,57668
NY,2020-06-10,Hyatt Corporation dba Park South,Hyatt Corporation dba Andaz Fifth Avenue,New York,0.896,57,134,58293,58296
NY,2020-06-10,Hyatt Corporation dba Parker New York,Hyatt Corporation dba Andaz Wall Street,New York,0.896,366,114,58294,58295
NY,2019-06-28,"Crosstex International, Inc.(Cantel) Ranick Rd","Crosstex International, Inc. -Expressway Drive",Hauppauge,0.896,5,,60098,60099
CA,2025-10-31,Ceryx Management LLC (Blackstone),Ceryx Management LLC (7226 S. Figueroa),,0.895,39,12,1896,1902
CA,2025-10-31,Ceryx Management LLC (Blackstone),Ceryx Management LLC (7310 S. Figueroa),,0.895,39,9,1896,1903
CA,2025-10-31,Ceryx Management LLC (Blackstone),Ceryx Management LLC (7617 S. Figueroa),,0.895,39,5,1896,1905
CA,2025-10-31,Ceryx Management LLC (Blackstone),Ceryx Management LLC (8320 S. Figueroa),,0.895,39,1,1896,1909
CA,2025-10-31,Ceryx Management LLC (Blackstone),Ceryx Management LLC (9519 S. Figueroa),,0.895,39,1,1896,1910
CA,2025-11-03,CommUnify - Meridian Center,CommUnify - Goleta Center,,0.895,2,2,1871,1880
CA,2025-11-03,CommUnify - Betty Sanchez Center,CommUnify - Goleta Center,,0.895,1,2,1877,1880
CA,2026-01-06,Alameda Health System - John George Hospital,Alameda Health System - Alameda Hospital,,0.895,16,9,2002,2003
CA,2026-02-21,Ferrara Candy Company (One Jelly Belly),Ferrara Candy Company (2400),,0.895,2,17,2182,2183
CA,2026-02-21,Ferrara Candy Company (One Jelly Belly),Ferrara Candy Company (2500),,0.895,2,33,2182,2184
CA,2026-02-21,Ferrara Candy Company (One Jelly Belly),Ferrara Candy Company (2385),,0.895,2,16,2182,2185
CA,2026-02-21,Ferrara Candy Company (One Jelly Belly),Ferrara Candy Company (Courage Drive),,0.895,2,1,2182,2186
CA,2026-03-12,Total Storage Solutions (El Monte Stor It Now),Total Storage Solutions (Tri-City Self Storage),,0.895,3,3,2248,2261
CA,2026-03-12,Total Storage Solutions (El Monte Stor It Now),Total Storage Solutions (Western States Self Storage),,0.895,3,3,2248,2262
CA,2026-03-12,Total Storage Solutions (Arcadia 210 Self Storage),Total Storage Solutions (Garden Grove Secured Storage),,0.895,1,3,2250,2253
CA,2026-03-12,Total Storage Solutions (Arcadia 210 Self Storage),Total Storage Solutions (Townsend Self Storage),,0.895,1,3,2250,2254
CA,2026-03-12,Total Storage Solutions (Aware Self Storage),Total Storage Solutions (Sun City Mini Storage),,0.895,2,3,2256,2260
CA,2026-04-02,"Good Sports Plus, Ltd. dba Arc - Miguel Hidalgo Elementary School",Good Sports Plus Ltd. dba Brawley Union High School,,0.895,5,6,2321,2325
CA,2026-04-02,Good Sports Plus Ltd. dba Brawley Union High School,Good Sports Plus Ltd. dba Arc - Desert Valley High School,,0.895,6,3,2325,2326
CA,2026-04-17,YMCA Robert Bruce Elementary School,YMCA Rice Elementary School,,0.895,8,11,2385,2394
CA,2026-04-17,YMCA Fairlawn Elementary School,YMCA Liberty Elementary School,,0.895,6,9,2387,2392
CA,2026-05-13,Boys & Girls Club of the LA Harbor - Wilmington Club,Boys & Girls Club at the LA Harbor - Narbonne High School,,0.895,3,2,2488,2501
CA,2026-05-13,Boys & Girls Club of LA Harbor - Point Fermin Elementary,Boys & Girls Club of the LA Harbor - Taper Ave. Elementary,,0.895,5,8,2493,2495
CA,2026-06-25,Adventist Health Clear Lake,Adventist Health Sonora,,0.895,4,8,2649,2662
CA,2026-06-25,Adventist Health Ukiah Valley,Adventist Health Lodi Memorial,,0.895,5,7,2655,2658
CA,2026-06-25,Adventist Health Lodi Memorial,Adventist Health Sierra Vista,,0.895,7,5,2658,2659
CA,2026-06-25,Adventist Health Sierra Vista,Adventist Health Vallejo,,0.895,5,3,2659,2661
CA,2025-04-09,"Right at School, LLC","Right at School, LLC (Fairview Elementary)",,0.895,1,8,3214,3221
CA,2025-04-09,"Right at School, LLC","Right at School, LLC (Green Valley Middle)",,0.895,1,5,3214,3223
CA,2025-04-09,"Right at School, LLC","Right at School, LLC (KI Jones Elementary)",,0.895,1,11,3214,3224
CA,2025-04-09,Right at School. LLC (Grange Middle),"Right at School, LLC (Nelda Mundy Elementary)",,0.895,3,5,3222,3226
CA,2025-04-09,"Right at School, LLC (Matt Garcia and College Academy)","Right at School, LLC (Sheldon Academy)",,0.895,2,3,3225,3229
CA,2025-04-09,"Right at School, LLC (Oakbrook Academy)","Right at School, LLC (Public Safety Academy)",,0.895,4,2,3227,3228
CA,2025-05-01,"tkMomentum, Inc.",tkMomentum Inc. (251 Auburn),,0.895,60,16,3342,3343
CA,2025-06-02,Kaiser Foundation Hospitals - Harbor City,Kaiser Foundation Hospitals - 74 N. Pasadena,,0.895,1,1,3431,3432
CA,2023-01-05,Cue Health - Moda North,Cue Health- Moda West,,0.895,12,7,4842,4844
CA,2023-01-05,Cue Health - Moda North,Cue Health - Nancy Ridge,,0.895,12,39,4842,4845
CA,2021-12-16,Wyndham Hotels & Resorts dba La Quinta Irvine Spectrum with L.Q. Management LLC,Wyndham Hotels & Resorts dba La Quinta San Francisco Airport North,,0.895,20,27,5441,5455
CA,2020-03-31,"Lindley Foods, LLC","Lindley Foods, LLC dba Selma's Cookies",Riverside,0.895,45,45,10562,10563
HI,2020-09-03,"Marriott Ownership Resorts, Inc.; Koolina Beach Club","Marriott Ownership Resorts, Inc.; Westin Nanea Ocean Resort & Villas",,0.895,,,19485,19496
IN,2018-01-11,Sam's Club - W 86th Street Store,Sam's Club - E. Washington Street Store,Indianapolis,0.895,152,157,25598,25599
TX,2015-09-01,ConocoPhillips-Katy Frwy,ConocoPhillips-Park Ten Pl.,Houston,0.895,50,50,45529,45534
TX,2017-08-01,Snap Kitchen-Bee Cave Rd.,Snap Kitchen- Triangle Ave.,Austin,0.895,23,42,46019,46020
TX,2019-08-27,AECOM-Flint Energy Services Inc.-Pecos,AECON-Flint Energy Services-Pecos,Pecos,0.895,88,50,46428,70778
MI,2023-10-24,GENERAL MOTORS LLC,"General Motors, Lake Orion Plant",Lake Orion,0.895,945,911,55124,55130
NY,2020-07-02,Hilton Grand Vacation at Hilton Club New York,Hilton Grand Vacation at The Quin Central Park by Hilton Club,New York,0.895,141,76,58150,58153
NY,2020-04-22,Visionworks (Mid-Hudson Region),Visionworks (Western Region),,0.895,34,40,58571,58573
NY,2020-03-30,"WeWork Companies, Inc. (Avenue of the Americas)","WeWork Companies, Inc. (Broad St.)",New York,0.895,1,149,59046,59047
NY,2020-03-29,Major Food Group (MFG) dba Parm Upper West LLC,Major Food Group (MFG) Highline Restaurant LLC,New York,0.895,48,73,59087,59088
NY,2020-03-02,"HSBC Bank USA , N.A.","HSBC Bank USA , N.A.(1545 Flatbush Avenue)",Brooklyn,0.895,2,1,59772,59775
AZ,2023-06-30,Sunrun (19th Ave. Phoenix),Sunrun (Sweetwater Ave. Phoenix),Phoenix,0.895,75,117,61829,61830
CA,2025-11-03,CommUnify - Chestnut Office,CommUnify - JC Washington Center,,0.894,11,3,1859,1867
CA,2025-11-03,CommUnify - Filmore Center,CommUnify - Los Adobes Center,,0.894,4,1,1860,1869
CA,2025-11-03,CommUnify - Oak Valley Center,CommUnify - Coronel Center,,0.894,1,1,1863,1878
CA,2025-11-03,CommUnify - Alvin Center,CommUnify - JC Washington Center,,0.894,6,3,1865,1867
CA,2025-11-03,CommUnify - Cuyama Center,CommUnify - Coronel Center,,0.894,2,1,1874,1878
CA,2026-03-12,Total Storage Solutions (Best RV & Self Storage),Total Storage Solutions (Sun City Mini Storage),,0.894,3,3,2246,2260
CA,2026-03-12,Total Storage Solutions (Studebaker Self Storage),Total Storage Solutions (Airport Mini Storage),,0.894,3,3,2249,2255
CA,2026-03-12,Total Storage Solutions (All Size Laguna Niguel),Total Storage Solutions (Sun City Mini Storage),,0.894,3,3,2252,2260
CA,2026-03-12,Total Storage Solutions (Sun City Mini Storage),Total Storage Solutions (Riverside Self Storage),,0.894,3,4,2260,2263
CA,2026-04-02,"Good Sports Plus, Ltd dba ARC - Barbara Worth Junior High School",Good Sports Plus Ltd. dba Brawley Union High School,,0.894,5,6,2319,2325
CA,2026-04-02,"Good Sports Plus, Ltd. dba Arc - J.W. Oakley Elementary School",Good Sports Plus Ltd. dba Arc - Central Union High School,,0.894,15,3,2320,2327
CA,2026-04-02,"Good Sports Plus, Ltd. dba Arc - J.W. Oakley Elementary School",Good Sports Plus Ltd. dba Arc,,0.894,15,4,2320,2330
CA,2026-04-27,Quixote Studio Services - Griffith Park,Quixote Studio Services - North Valley Campus A,,0.894,2,9,2444,2445
CA,2026-05-13,Boys & Girls Club of LA Harbor - Harry Bridges Span School,Boys & Girls Club of LA Harbor - Point Fermin Elementary,,0.894,3,5,2486,2493
CA,2026-06-25,Adventist Health Tehachapi Valley,Adventist Health Sierra Vista,,0.894,3,5,2647,2659
CA,2026-06-25,Adventist Health Hanford,Adventist Health Roseville,,0.894,12,2,2648,2657
CA,2026-06-25,Adventist Health Glendale,Adventist Health Ukiah Valley,,0.894,12,5,2650,2655
CA,2026-06-25,Adventist Health Mendocino Coast,Adventist Health Sierra Vista,,0.894,3,5,2654,2659
CA,2025-06-25,Intel Corporation - SC-1 3065 Bowers,Intel Corporation,,0.894,1,54,3521,3525
CA,2023-09-11,Noble House Home Furnishings - 7901 Deering,Nobel House Home Furnishings LLC,,0.894,9,44,3731,3733
CA,2024-01-25,Cue Health - Moda South,"Cue Health, Moda North II",,0.894,26,8,4120,4122
CA,2024-05-01,Cue Health Inc. Moda North,Cue Health Inc. Vista II,,0.894,2,8,4367,4373
CA,2023-01-05,Cue Health - Nancy Ridge II,Cue Health - Vista II,,0.894,10,3,4846,4850
CA,2021-12-16,Wyndham Hotels & Resorts dba La Quinta Redding with L.Q. Management LLC,Wyndham Hotels & Resorts dba La Quinta San Francisco Airport North,,0.894,18,27,5443,5455
CA,2021-12-16,Wyndham Hotels & Resorts dba La Quinta Los Angeles- LAX Airport with L.Q. Management LLC,Wyndham Hotels & Resorts dba La Quinta San Francisco Airport North,,0.894,61,27,5448,5455
CA,2020-12-17,"Marriott Hotel Services, Inc. dba The Ritz-Carlton, Los Angeles and JW Marriott LA LIVE","Marriott Hotel Services, Inc. dba Los Angeles Airport Marriott",Los Angeles,0.894,54,59,7184,7188
CA,2020-03-24,"The Ritz-Carlton Hotel Co, LLC. dba The Ritz- Carlton",THE RITZ-CARLTON HOTEL CO,Dana Point,0.894,474,474,11109,11155
CA,2020-03-23,GL TOD LLC dba Toyota of the Desert,GL HOD LLC dba: Honda of the Desert,Cathedral City,0.894,126,69,11546,11547
CA,2014-11-04,Warner Bros. Consumer Products,Warner Bros. Pictures,Burbank,0.894,4,1,14999,15005
CO,2023-02-27,Aspen Sports Hyatt Retail Store,Aspen Sports St. Regis Retail,,0.894,4,9,15617,15619
CO,2023-02-27,Aspen Sports St. Regis Retail,Aspen Sports Snowmass Retail Store,,0.894,9,3,15619,15621
CO,2023-02-27,Telluride Sports Camel's Garden,Telluride Sports - Franz Klammer,,0.894,,,15628,15630
FL,2023-01-05,"Delphi Behavioral Health Group - Ocean Breeze Detox, LLC","Delphi Behavioral Health Group - Family Recovery Specialists, LLC",FORT LAUDERDALE,0.894,79,5,17148,17149
FL,2023-08-11,"LGSTX Cargo Services, Inc.","LGSTX Services, Inc.",TAMPA,0.894,191,26,17287,17300
MA,2023-04-24,"Community Healthlink, Inc. Thayer Detoxification (""Detox"")","Community Healthlink, Inc. Transitional Support Services (""TSS"")","Worcester, West",0.894,39,18,27286,27288
TX,2025-07-31,"Equus Workforce Solutions-Camp Wisdom (Arbor E&T, LLC)","Equus Workforce Solutions-Greenville Ave. (Arbor E&T, LLC)",Dallas,0.894,1,10,39298,39301
TX,2021-06-01,"Mattison Pathology, LLP dba Avero Diagnotics",Mattison Pathollogy dba Avero Diagnotics-Fuller Dr.,Irving,0.894,5,7,40087,40088
TX,2020-03-30,Sport Clips - FM620,Sport Clips - N. Mopac,Austin,0.894,6,12,40771,40793
TX,2020-03-25,Quick Weight Loss Centers - Cinco Ranch,Quick Weight Loss Center - 9000 SW Frwy,Houston,0.894,4,5,41029,41046
TX,2020-03-23,Schulte Companies-Richland Hills,Schulte Companies-Navarro St.,San Antonio,0.894,19,21,41060,41062
TX,2009-04-16,Wackenhut Corporation - Round Rock Mail Room,Wackenhut Corporation - AUS HVC,Austin,0.894,10,10,44147,44152
TX,2012-08-10,International Paper-Texas Sheets Plant,International Paper-SA Container Plant,San Antonio,0.894,65,64,44942,44943
TX,2015-09-01,ConocoPhillips-Westlake Park2,ConocoPhillips-Park Ten Pl.,Houston,0.894,50,50,45530,45534
TX,2015-09-01,ConocoPhillips-St. Mary's,ConocoPhillips-Barker Cypress,Houston,0.894,50,50,45533,45538
TX,2018-07-10,"Ricoh USA, Inc.","Ricoh USA, Inc.-Nortwest Freeway",Houston,0.894,28,3,46201,46205
MO,2020-04-09,Asbury Automotive Group - Plaza Lexus Creve Coeur,Asbury Automotive Group - Mercedes Benz/Smart Creve Coeur,Creve Coeur,0.894,51,54,56041,56042
NY,2020-06-10,Hyatt Corporation dba Andaz Fifth Avenue,Hyatt Corporation dba Grand Hyatt New York,New York,0.894,134,745,58296,58297
NY,2020-04-22,Visionworks (Southern Region),Visionworks (New York City Region),,0.894,47,49,58572,58574
NY,2020-02-04,Macy's Inc. (NYC Corporate Office) Penn Plaza,Macy's Inc. (NYC Corporate Office) 112 West 34th Street,New York,0.894,206,30,59826,59827
NY,2019-03-13,Instacart (at Whole Foods Market) Columbus Circle,Instacart (at Whole Foods Market) (1551 3rd Avenue),New York,0.894,32,20,60214,60218
NY,2017-08-16,"Lutech Resources, LLC at (Fitzpatrick Nuclear Station)","Lutech Resources, LLC at (Nine Mile Point Nuclear Station)",Oswego,0.894,93,91,60915,60916
KY,2020-03-20,Communicare Services - Radcliff,Communicare Clinic - Radcliff,Hardin,0.894,17,17,67353,67357
FL,2013-05-31,"The Inn at LaPosada 3600 Masterpiece Way Palm Beach Gardens, FL 33410","The Nursing Center at LaPosada 3600 Masterpiece Way Palm Beach Gardens, FL 33410",,0.894,37,96,73804,73805
CA,2025-10-31,Ceryx Management LLC (Sepulveda),Ceryx Management LLC (1540 S St. Andrews),,0.893,4,18,1897,1906
CA,2025-11-03,CommUnify - Adam Center,CommUnify - Maggie Espinoza Center,,0.893,4,5,1864,1876
CA,2025-11-03,CommUnify - JC Washington Center,CommUnify - Goleta Center,,0.893,3,2,1867,1880
CA,2025-11-03,CommUnify - Sierra Madre Center,CommUnify - Westgate Center,,0.893,5,7,1872,1873
CA,2025-11-17,"HRL Laboratories, Camarillo Campus","HRL Laboratories, Westlake Campus",,0.893,3,10,1935,1936
CA,2026-01-06,Alameda Health System - San Leandro Hospital,Alameda Health System - Fairmont Rehabilitation and Wellness,,0.893,22,44,2001,2005
CA,2026-03-12,Total Storage Solutions (Arcadia 210 Self Storage),Total Storage Solutions (Western States Self Storage),,0.893,1,3,2250,2262
CA,2026-03-12,Total Storage Solutions (All Size Self Storage),Total Storage Solutions (Garden Grove Secured Storage),,0.893,3,3,2251,2253
CA,2026-04-27,The People Concern - Cloverfield,The People Concern - 316 W,,0.893,20,5,2466,2469
CA,2026-05-13,Boys & Girls Club of the LA Harbor - Banning High,Boys & Girls Club of LA Harbor - Wilmington Park ES,,0.893,5,3,2483,2489
CA,2026-05-13,Boy& Girls Club of the LA Harbor - White Point Elementary,Boys &Girls Club of the La Harbor - Harbor City Elementary School,,0.893,5,10,2496,2500
CA,2026-06-25,Adventist Health Specialty Bakersfield,Adventist Health Ukiah Valley,,0.893,1,5,2646,2655
CA,2025-04-09,"Right at School, LLC","Right at School, LLC (B Gale Wilson Middle)",,0.893,1,3,3214,3216
CA,2025-04-09,"Right at School, LLC","Right at School, LLC (Anna Kyle Elementary)",,0.893,1,3,3214,3217
CA,2025-04-09,"Right at School, LLC (Anna Kyle Elementary)","Right at School, LLC (Public Safety Academy)",,0.893,3,2,3217,3228
CA,2025-04-09,"Right at School, LLC (KI Jones Elementary)","Right at School, LLC (Public Safety Academy)",,0.893,11,2,3224,3228
CA,2025-05-23,"GTM Wholesale Liquidators, Inc. dba GTM Discount General Store - Chula Vista Store",GTM Wholesale Liquidators DBA Discount General Store - Warehouse,,0.893,9,18,3445,3446
CA,2024-02-15,Excalibur Pizza LLC dba Round Table Pizza,Excalibur Pizza LLC,,0.893,8,4,4168,4169
CA,2023-01-05,Cue Health- Moda West,Cue Health - Waples II,,0.893,7,4,4844,4848
CA,2023-01-05,Cue Health- Moda West,Cue Health - Vista,,0.893,7,63,4844,4849
CA,2020-03-30,Duckhorn Wine Company,Duckhorn Wine Company DBA Kosta Browne Winery,Sebastopol,0.893,3,2,8362,8363
CA,2020-03-26,Cinemark USA Inc. dba Century Arden 14 and XD,Cinemark USA Inc. dba Century Downtown Commons,Sacramento,0.893,105,55,10264,10409
TX,2025-05-21,Child Care Associates(North Fort Worth),Child Care Associates (Everman),Fort Worth,0.893,16,9,39389,39393
TX,2010-01-12,"Radiology Associates of San Antonio, P.A.",Radiology Associates - AMI - Stone Oak,San Antonio,0.893,40,11,44395,44397
TX,2014-03-10,PepsiCo-Dallas,PepsiCo-Dallas Metro warehouse,Dallas,0.893,132,31,45234,45235
TX,2015-09-01,ConocoPhillips-St. Mary's,ConocoPhillips-Westlake Park,Houston,0.893,50,50,45533,45535
VA,2023-11-06,Advance Care Hospice,Advance Care Home Health,North Chesterfield VA,0.893,10,46,48973,48974
MI,2023-03-24,RAPID FINANCIAL SERVICES LLC,Rapid Finance,Detroit,0.893,51,51,55188,55196
MO,2020-04-09,Asbury Automotive Group - Landrover Jaguar Creve Coeur,Asbury Automotive Group - Mercedes Benz/Smart Creve Coeur,Creve Coeur,0.893,43,54,56037,56042
NY,2020-04-18,Fisher Brothers Financial & Development Co.,Fisher Brothers Management Co. LLC,New York,0.893,2,16,58597,58598
NY,2018-04-03,Eastman Kodak Company (Kodak Office),Eastman Kodak Company (Rochester Tech Park),Rochester,0.893,1,2,60638,60639
NY,2017-03-28,"ACHIEVE NY, Riverside Dr. (Country Valley Industries - CVI)","ACHIEVE NY, Lester Ave (Country Valley Industries - CVI)",Johnson City,0.893,5,23,61064,61065
NY,2016-06-13,Eastman Kodak Company (Kodak Office),Eastman Kodak Company (Rochester Tech Park),Rochester,0.893,2,1,61285,61287
CA,2025-10-31,Ceryx Management LLC (Figueroa),Ceryx Management LLC (1904 E 113th),,0.892,8,1,1899,1908
CA,2025-11-03,CommUnify - Maple Center,CommUnify - Westgate Center,,0.892,3,7,1862,1873
CA,2025-11-03,CommUnify - Maple Center,CommUnify - Maggie Espinoza Center,,0.892,3,5,1862,1876
CA,2025-11-03,CommUnify - Adam Center,CommUnify - Westgate Center,,0.892,4,7,1864,1873
CA,2025-11-03,CommUnify - Meridian Center,CommUnify - Westgate Center,,0.892,2,7,1871,1873
CA,2025-11-03,CommUnify - Meridian Center,CommUnify - Maggie Espinoza Center,,0.892,2,5,1871,1876
CA,2026-01-26,Phillips 66 - Wilmington,Phillips 66,,0.892,111,44,2041,2042
CA,2026-01-27,Pinterest Inc. (San Francisco),Pinterest Inc. (Palo Alto),,0.892,98,16,2081,2083
CA,2026-02-12,E. J. Gallo Wineries - Orin Swift Tasting Room,E. J. Gallo Wineries - J Vineyards & Winery,,0.892,2,11,2157,2158
CA,2026-03-12,Total Storage Solutions (Crenshaw Self Storage),Total Storage Solutions (Sun City Mini Storage),,0.892,2,3,2247,2260
CA,2026-03-12,Total Storage Solutions (Garden Grove Secured Storage),Total Storage Solutions (Airport Mini Storage),,0.892,3,3,2253,2255
CA,2026-03-12,Total Storage Solutions (Garden Grove Secured Storage),Total Storage Solutions (Citrus Plaza Self Storage),,0.892,3,2,2253,2265
CA,2026-04-02,"Good Sports Plus, Ltd. dba Arc - Miguel Hidalgo Elementary School","Good Sports Plus Ltd, dba Arc Phil D. Swing Elementary School",,0.892,5,13,2321,2324
CA,2026-04-13,Boeing Company - El Segundo,Boeing Company - Huntington Beach,,0.892,2,1,2362,2363
CA,2026-04-17,YMCA Sanchez Elementary School,YMCA Taylor Elementary School,,0.892,8,10,2395,2396
CA,2026-04-27,The People Concern - Cloverfield,The People Concern - Arlington HQ,,0.892,20,5,2466,2467
CA,2026-05-13,Boys & Girls Club of the LA Harbor - Park Western Elementary,Boys & Girls Club of the LA Harbor - Fleming Middle School,,0.892,8,7,2492,2499
CA,2026-06-25,Adventist Health Bakersfield,Adventist Health Lodi Memorial,,0.892,15,7,2644,2658
CA,2025-04-09,"Right at School, LLC (Dover Elementary","Right at School, LLC (Oakbrook Academy)",,0.892,16,4,3220,3227
CA,2025-06-25,Intel Corporation - Robert Noyce,Intel Corporation - SC-1 3065 Bowers,,0.892,57,1,3520,3521
CA,2024-05-01,Cue Health Inc. Moda North,Cue Health Inc. Nancy Ridge II,,0.892,2,7,4367,4370
CA,2022-10-31,DZConneX at Eagle Rock Library,DZConneX at Bordwell Park Trailer,,0.892,2,3,4675,4701
CA,2022-11-14,Sodexo Inc. at PHH Hemet Valley Recovery Center,Sodexo Inc. at PHH Menifee Valley Medical Center,,0.892,14,32,4737,4738
CA,2022-04-29,First Baptist Head Start-Administration Office,First Baptist Head Start-Kid's Castle Center,,0.892,13,19,5594,5596
CA,2020-06-08,Sunroad HS Auto Inc. Kearny Mesa Hyundai Subaru,Sunroad Hs Auto Svc/KM Hyundia Subaru,San Diego,0.892,3,3,6535,7805
CA,2014-11-04,Warner Bros. Pictures,Warner Bros. Technical Operations,Burbank,0.892,1,11,15005,15007
CO,2023-02-27,Telluride Sports - Cimarron Lodge,Telluride Sports Main Street,,0.892,,,15629,15632
CO,2020-03-28,Stevinson Chevrolet West,Stevinson Toyota West,Jefferson (Lakewood),0.892,33,93,16001,16006
HI,2020-09-25,Marriott Koolina Beach Club,Marriott Maui Ocean Club,,0.892,,,19525,19526
TX,2020-03-31,Justin Brands-El Paso,Justin Brands--Gateway W,El Paso,0.892,179,6,40758,40767
TX,2015-09-01,ConocoPhillips-Barker Cypress,ConocoPhillips-Post Oak,Houston,0.892,50,50,45538,45539
TX,2018-03-27,Baker Metal Products-Merrell Rd.,Baker Metal Products-Willowbook,Dallas,0.892,22,2,46158,46159
TX,2018-11-30,El Paso Specialty Hospital-Wound Care,El Paso Specialty Physicians Group-Remcon,El Paso,0.892,7,14,46281,46283
VT,2015-01-07,J. C. Penney,JC Penney,00 - Vermont Workforce Investment Area,0.892,30,,46732,46734
MI,2024-03-11,TRI STAR MOLDING INC,"TriStar Molding, Inc.",Marcellus,0.892,32,32,55076,55082
NY,2020-06-10,Hyatt Corporation dba Park South,Hyatt Corporation dba Andaz Wall Street,New York,0.892,57,114,58293,58295
NY,2020-04-22,Visionworks (Finger Lakes Region),Visionworks (Southern Region),,0.892,44,47,58557,58572
NY,2019-11-22,"WeWork Companies, Inc. (Greenwich St.)","WeWork Companies, Inc. (115 Broadway)",New York,0.892,14,16,59941,59947
NY,2019-04-08,"The College of New Rochelle - Co-Op City Campus, The Bronx","The College of New Rochelle - John Cardinal O'Connor Campus, South Bronx",Bronx,0.892,,,60169,60171
NY,2019-01-11,"Calvin Klein, Inc. (Madison Ave)","Calvin Klein, Inc. (39th Street)",New York,0.892,29,3,60312,60313
NY,2018-08-20,Sterling National Bank (Yonkers-Grassy Sprain Financial Center),Sterling National Bank (Greenvale Financial Center)),Greenvale,0.892,1,2,60484,60486
NY,2018-06-19,"Capital One, N.A.- Boroughs Central Market","Capital One, N.A.- Manhattan South Market",New York,0.892,29,29,60547,60548
KY,2013-06-30,"Motorola Solutions, Inc.","Motorola Solutions, Inc. Repair and Order Management",Boone,0.892,60,50,69677,69678
OK,2020-03-26,Cinemark Tulsa,Cinemark 12,,0.892,91,31,70506,70507
CA,2025-10-31,Ceryx Management LLC (Blackstone),Ceryx Management LLC (801 W 70th),,0.891,39,9,1896,1904
CA,2025-11-03,CommUnify - I Center,CommUnify - Little Village Center,,0.891,6,8,1861,1868
CA,2025-11-03,CommUnify - Oak Valley Center,CommUnify - Cuyama Center,,0.891,1,2,1863,1874
CA,2025-11-03,CommUnify - Alvin Center,CommUnify - Los Adobes Center,,0.891,6,1,1865,1869
CA,2026-01-06,Alameda Health System - Wilma Chan Highland Hospital,Alameda Health System - Fairmont Rehabilitation and Wellness,,0.891,128,44,2000,2005
CA,2026-03-12,Total Storage Solutions (Crenshaw Self Storage),Total Storage Solutions (El Monte Stor It Now),,0.891,2,3,2247,2248
CA,2026-03-12,Total Storage Solutions (El Monte Stor It Now),Total Storage Solutions (All Size Self Storage),,0.891,3,3,2248,2251
CA,2026-03-12,Total Storage Solutions (Arcadia 210 Self Storage),Total Storage Solutions (Airport Mini Storage),,0.891,1,3,2250,2255
CA,2026-03-12,Total Storage Solutions (All Size Laguna Niguel),Total Storage Solutions (Aware Self Storage),,0.891,3,2,2252,2256
CA,2026-03-12,Total Storage Solutions (Airport Mini Storage),Total Storage Solutions (Western States Self Storage),,0.891,3,3,2255,2262
CA,2026-03-12,Total Storage Solutions (Airport Mini Storage),Total Storage Solutions (E Street Self Storage),,0.891,3,2,2255,2264
CA,2026-04-02,"Good Sports Plus, Ltd dba ARC - Barbara Worth Junior High School",Good Sports Plus Ltd. dba Arc - Phoenix Rising/Desert Oasis High School,,0.891,5,2,2319,2328
CA,2026-04-02,"Good Sports Plus, Ltd. dba Arc - J.W. Oakley Elementary School",Good Sports Plus dba Arc - Myron D. Witter Elementary School,,0.891,15,15,2320,2322
CA,2026-04-02,"Good Sports Plus, Ltd. dba Arc - Miguel Hidalgo Elementary School",Good Sports Plus Ltd. dba Arc - Phoenix Rising/Desert Oasis High School,,0.891,5,2,2321,2328
CA,2026-04-17,YMCA Arellanes Elementary School,YMCA Fairlawn Elementary School,,0.891,6,6,2382,2387
CA,2026-05-13,Boys & Girls Club of LA Harbor - Harry Bridges Span School,Boys & Girls Club of the LA Harbor - South Shores Elementary,,0.891,3,3,2486,2494
CA,2026-06-25,Adventist Health Bakersfield,Adventist Health Howard Memorial,,0.891,15,6,2644,2653
CA,2026-06-25,Adventist Health Bakersfield,Adventist Health Ukiah Valley,,0.891,15,5,2644,2655
CA,2026-06-25,Adventist Health Bakersfield,Adventist Health Sierra Vista,,0.891,15,5,2644,2659
CA,2026-06-25,Adventist Health Howard Memorial,Adventist Health Ukiah Valley,,0.891,6,5,2653,2655
CA,2026-06-25,Adventist Health Howard Memorial,Adventist Health Sierra Vista,,0.891,6,5,2653,2659
CA,2026-06-25,Adventist Health Mendocino Coast,Adventist Health Simi Valley,,0.891,3,7,2654,2663
CA,2026-06-25,Adventist Health Ukiah Valley,Adventist Health and Rideout,,0.891,5,9,2655,2664
CA,2025-04-09,"Right at School, LLC","Right at School, LLC (Public Safety Academy)",,0.891,1,2,3214,3228
CA,2025-04-09,"Right at School, LLC (B Gale Wilson Middle)","Right at School, LLC (KI Jones Elementary)",,0.891,3,11,3216,3224
CA,2025-04-09,"Right at School, LLC (Matt Garcia and College Academy)","Right at School, LLC (Nelda Mundy Elementary)",,0.891,2,5,3225,3226
CA,2021-12-16,Wyndham Hotels & Resorts dba La Quinta Sacramento- Rancho Cordova with L.Q. Management LLC,Wyndham Hotels & Resorts dba La Quinta San Francisco Airport North,,0.891,20,27,5449,5455
CA,2022-01-04,Macys,Macy's Inc.,,0.891,117,117,5468,5480
CA,2020-03-26,"Marriott Hotel Services, Inc. DBA Newport Beach Marriott Bayview","Marriott Hotel Services, Inc.",Newport Beach,0.891,81,81,10952,11054
CA,2020-03-23,Trophy Automotive Dealer Group LLC DBA First Motor Group of Los Angeles LLC,Trophy Automotive Dealer Group LLC,Glendale,0.891,114,123,11258,11260
CO,2023-02-27,Telluride Sports - Franz Klammer,Telluride Sports Main Street,,0.891,,,15630,15632
HI,2020-09-03,"Marriott Ownership Resorts, Inc.; Maui Ocean Club","Marriott Ownership Resorts, Inc.; Westin Nanea Ocean Resort & Villas",,0.891,,,19487,19496
TN,2020-04-01,ABC Technologies dba Salga Plastics,ABC Technologies,Sumner County,0.891,207,680,38471,38472
TX,2020-04-23,Go Rentals,Go Rentals - Monroe Rd,Houston,0.891,4,1,40558,40564
TX,2020-03-30,Sport Clips - N. Mopac,Sport clips - Bee Caves,Austin,0.891,12,6,40793,40794
TX,2020-03-30,Sport Clips - N. Mopac,Sport Clips - Hwy. 290,Austin,0.891,12,13,40793,40796
TX,2020-03-30,Sport clips - Bee Caves,Sport Clips - Lakeline,Austin,0.891,6,9,40794,40795
TX,2006-08-09,SERCO - Northside Workforce Center,SERCO - Downtown Workforce Center,Ft. Worth,0.891,16,13,43351,43359
TX,2013-08-12,SER Jobs for Progress-Dolorosa,SER Jobs for Progress-Administrative Office,San Antonio,0.891,,32,45122,45125
TX,2013-08-12,SER Jobs for Progress-Administrative Office,SER Jobs for Progress-Walzem Rd.,San Antonio,0.891,32,17,45125,45127
TX,2015-09-01,ConocoPhillips-Katy Frwy,ConocoPhillips-Westlake Park2,Houston,0.891,50,50,45529,45530
CT,2020-06-02,Hersha Hospitality Management,Hersha Hospitality Management LP at Mystic Marriott Hotel & Spa*,Groton,0.891,168,162,53785,54033
NY,2020-06-10,Hyatt Corporation Gild Hall,Hyatt Corporation The Beekman,New York,0.891,43,105,58288,58289
NY,2020-06-10,Hyatt Corporation Gild Hall,Hyatt Corporation dba Park Hyatt,New York,0.891,43,264,58288,58291
NY,2020-06-10,Hyatt Corporation Gild Hall,Hyatt Corporation dba Park South,New York,0.891,43,57,58288,58293
NY,2020-04-08,"B.R. Guest Holdings, LLC dba Blue Fin - New York","B.R. Guest Holdings, LLC dba Dos Caminos - Times Square",New York,0.891,129,131,58770,58773
NY,2020-03-30,Sarabeths Tribeca LLC dba Sarabeths,Sarabeths PAS LLC dba Sarabeths,New York,0.891,54,77,59080,59081
NY,2020-03-30,Sarabeths Tribeca LLC dba Sarabeths,Sarabeths CPS LLC dba Sarabeths,New York,0.891,54,102,59080,59082
NY,2020-03-13,"WeWork Companies, Inc. (W. 18th Street)","WeWork Companies, Inc. (Avenue of the Americas)",New York,0.891,29,3,59748,59750
NY,2020-01-13,"Opening Ceremony, LLC (Centre Street)","Opening Ceremony, LLC (Broadway)",New York,0.891,33,8,59868,59870
NY,2019-11-22,"WeWork Companies, Inc. (Greenwich St.)","WeWork Companies, Inc. (125 Maiden Ln)",New York,0.891,14,4,59941,59949
NY,2019-03-13,Instacart (at Whole Foods Market) Columbus Circle,Instacart (at Whole Foods Market) (95 East Houston Street),New York,0.891,32,21,60214,60215
NY,2016-11-14,Yeshiva University - Israel Henry Beren Campus,Yeshiva University - Wilf Campus,New York,0.891,4,36,61171,61173
WI,2008-06-02,"ThyssenKrupp Drauz Nethelfer NA, Inc.","ThyssenKrupp Krause, Inc.",Janesville,0.891,120,42,90343,90344
CA,2025-11-03,CommUnify - Cuyama Center,CommUnify - Goleta Center,,0.89,2,2,1874,1880
CA,2026-03-12,Total Storage Solutions (El Monte Stor It Now),Total Storage Solutions (All Size Laguna Niguel),,0.89,3,3,2248,2252
CA,2026-03-12,Total Storage Solutions (Studebaker Self Storage),Total Storage Solutions (Sun City Mini Storage),,0.89,3,3,2249,2260
CA,2026-03-12,Total Storage Solutions (All Size Laguna Niguel),Total Storage Solutions (Airport Mini Storage),,0.89,3,3,2252,2255
CA,2026-04-02,Good Sports Plus dba Arc - Myron D. Witter Elementary School,"Good Sports Plus Ltd, dba Arc Phil D. Swing Elementary School",,0.89,15,13,2322,2324
CA,2026-04-17,YMCA Robert Bruce Elementary School,YMCA Liberty Elementary School,,0.89,8,9,2385,2392
CA,2026-05-13,Boys & Girls Club of the LA Harbor - Harbor Teacher Prep Academy,Boys & Girls Club of the LA Harbor - Wilmington Club,,0.89,7,3,2487,2488
CA,2026-05-13,Boys & Girls Club of LA Harbor - Wilmington Park ES,Boys & Girls Club of the LA Harbor - Park Western Elementary,,0.89,3,8,2489,2492
CA,2026-05-13,Boys & Girls Club of the LA Harbor - Taper Ave. Elementary,Boys & Girls Club of the LA Harbor - Fleming Middle School,,0.89,8,7,2495,2499
CA,2026-06-21,"Vine Hospitality (LB Steak Bishop Ranch, LP)","Vine Hospitality (Santana Grill Partners, LP)",,0.89,51,59,2623,2629
CA,2026-06-25,Adventist Health Delano,Adventist Health Twin Cities,,0.89,3,4,2645,2660
CA,2026-06-25,Adventist Health Twin Cities,Adventist Health Sonora,,0.89,4,8,2660,2662
CA,2026-06-25,Adventist Health Simi Valley,Adventist Health and Rideout,,0.89,7,9,2663,2664
CA,2024-11-14,"Advance Stores Company, Incorporated and its subsidiary, Golden State Supply LLC","Advance Stores Company, Incorporated",,0.89,11,1,2929,2937
CA,2025-04-09,"Right at School, LLC (Cordelia Hills Elementary)","Right at School, LLC (Public Safety Academy)",,0.89,8,2,3218,3228
CA,2025-04-09,"Right at School, LLC (Crystal Middle)","Right at School, LLC (Matt Garcia and College Academy)",,0.89,2,2,3219,3225
CA,2025-04-09,Right at School. LLC (Grange Middle),"Right at School, LLC (Matt Garcia and College Academy)",,0.89,3,2,3222,3225
CA,2025-04-30,Downtown College Preparatory - Administrative Offices,Downtown College Preparatory - El Primero High School,,0.89,9,48,3362,3363
CA,2021-11-16,Abercrombie & Fitch Co. at Galleria at South Bay,Abercrombie & Fitch Co. at Westminster Hollister,,0.89,21,17,5412,5413
CA,2021-12-16,Wyndham Hotels & Resorts dba La Quinta San Francisco Airport North,Wyndham Hotels & Resorts dba La Quinta Ventura with L.Q. Management LLC,,0.89,27,20,5455,5457
CA,2022-04-29,First Baptist Head Start-Administration Office,First Baptist Head Start-Lone Tree Center,,0.89,13,7,5594,5599
CA,2020-06-09,Bay Club San Francisco,Bay Club Financial District,San Francisco,0.89,146,28,5664,7764
CA,2020-03-17,"Hof's Hut Restaurants, Inc.","Hof's Hut Restaurants, Inc. dba Lucille's Smokehouse Barbque",Long Beach,0.89,47,80,5685,5687
CA,2020-03-26,"Marriott International, Inc. dba Lido House, Autograph Collection",Marriott International Inc. dba Marriott Irvine Spectrum,Newport Beach,0.89,146,158,10660,10808
CA,2020-03-26,Cinemark USA Inc. dba Century Downtown Commons,Cinemark USA Inc. dba Century 16 Greenback Lan,Sacramento,0.89,55,85,10409,10411
CO,2023-02-27,Aspen Sports Snowmass Mall,Aspen Sports Tune - Snowmass,,0.89,13,6,15618,15623
CO,2023-02-27,Aspen Sports Demo,Aspen Sports Tune - Snowmass,,0.89,5,6,15622,15623
CO,2022-08-01,Metco Landscaping (Aurora HQ),Metco Landscaping (Englewood),ADWorks,0.89,165,38,15718,15721
SC,2020-04-03,Asbury Automotive Group(JLPV),Asbury Automotive GroupToyoto/Scion,Greenville,0.89,14,36,37659,37661
SC,2020-04-03,Asbury Automotive Group(JLPV),Asbury Automotive GroupCrown Nissan,Greenville,0.89,14,23,37659,37662
TX,2025-10-02,Southwest Key Programs-Casa Nueva Esperanza,Southwest Key Programs-STX Regional Headquarters,Brownsville,0.89,8,12,39256,39260
TX,2025-05-21,Child Care Associates (Rosedale V),Child Care Associates(North Fort Worth),Fort Worth,0.89,16,16,39386,39389
TX,2025-03-26,Waco Family Medicine (Meyer Center),Waco Family Medicine (Bell's Hill),Waco,0.89,52,52,39431,39434
TX,2020-11-24,Compass Group Eurest - Hwy 360,Compass Group Eurest - American Blvd.,Fort Worth,0.89,12,2,40211,40212
TX,2020-03-31,Guadalajara Grille,Guadalajara Del Centro,Houston,0.89,36,71,40752,40760
TX,2013-08-12,SER Jobs for Progress-Administrative Office,SER Jobs for Progress-Marbach Rd.,San Antonio,0.89,32,13,45125,45126
TX,2015-09-01,ConocoPhillips-Katy Frwy,ConocoPhillips-Dairy Ashford,Houston,0.89,50,50,45529,45532
TX,2018-11-30,El Paso Specialty Hospital-Wound Care,El Paso Specialty Physicians Group-Curie,El Paso,0.89,7,10,46281,46286
TX,2018-11-30,El Paso Specialty Hospital,El Paso Specialty Physicians Group-Lee Trevino,El Paso,0.89,189,72,46282,46285
VA,2023-07-11,Wellmore Energy Compnay LLC (Black Watch Shop and Central Warehouse),Wellmore Energy Company LLC (Paw Paw 2 South),Big Rock VA,0.89,3,39,49000,49002
AZ,2020-06-05,The Westin Kierland Resort and Spa,The Westin Kierland Villas,Scottsdale,0.89,720,123,50125,50127
WI,2016-05-19,Anchor Bank FSB - Main Street,Anchor Bank FSB - City View Dr.,Madison,0.89,46,46,53600,53602
CT,2020-06-02,Chelsea Piers Connecticut,Chelsea Piers*,stamford,0.89,265,444,53784,54032
MI,2023-04-11,Homepoint,HOME POINT FINANCIAL,Ann Arbor,0.89,113,113,55160,55185
NY,2022-11-28,"Candy Digital, Inc.","Candy Digital, Inc. - New York City Region",,0.89,,,57140,57532
NY,2023-05-18,Ball Corporation Beverage Packaging d/b/a Ball Metal Beverage Container Operations - Mid-Hudson Region,Ball Corporation Beverage Packaging d/b/a - Mid-Hudson Region,,0.89,,,57405,57426
NY,2020-04-13,"Bay Ridge Foreign Autos, Inc.","Bay Ridge Nissan, Inc.",Brooklyn,0.89,70,96,58699,58700
NY,2020-03-29,Major Food Group (MFG) dba Parm Upper West LLC,Major Food Group (MFG) 375 Park Food LLC,New York,0.89,48,176,59087,59090
NY,2019-03-13,Instacart (at Whole Foods Market) Greenwich Street,Instacart (at Whole Foods Market) (808 Columbus Avenue),New York,0.89,26,16,60213,60217
KY,2025-03-28,BANDO USA INC (CLOSED 3/2025),BANDO USA INC,Warren,0.89,65,65,67130,67471
CA,2025-09-12,Agile Physical Therapy (Sutter Health Sunnyvale Center (301) Physical Therapy),Agile Physical Therapy (Sutter Health Palo Alto Physical Therapy & Hand Therapy),,0.889,4,30,1596,1598
CA,2025-11-03,CommUnify - Maple Center,CommUnify - Chapel Office,,0.889,3,13,1862,1866
CA,2025-11-03,CommUnify - Maple Center,CommUnify - Little Village Center,,0.889,3,8,1862,1868
CA,2025-11-03,CommUnify - Maple Center,CommUnify - Sierra Madre Center,,0.889,3,5,1862,1872
CA,2025-11-03,CommUnify - Oak Valley Center,CommUnify - Los Padres Center,,0.889,1,4,1863,1870
CA,2025-11-03,CommUnify - Adam Center,CommUnify - Los Adobes Center,,0.889,4,1,1864,1869
CA,2025-11-03,CommUnify - Adam Center,CommUnify - Los Padres Center,,0.889,4,4,1864,1870
CA,2026-01-06,Alameda Health System - Alameda Hospital,Alameda Health System - Fairmont Rehabilitation and Wellness,,0.889,9,44,2003,2005
CA,2026-03-12,Total Storage Solutions (Best RV & Self Storage),Total Storage Solutions (Garden Grove Secured Storage),,0.889,3,3,2246,2253
CA,2026-04-02,"Good Sports Plus, Ltd. dba Arc - Miguel Hidalgo Elementary School",Good Sports Plus Ltd. dba Arc,,0.889,5,4,2321,2330
CA,2026-05-13,Boys & Girls Club of LA Harbor - Harry Bridges Span School,Boys & Girls Club of the LA Harbor - Fleming Middle School,,0.889,3,7,2486,2499
CA,2026-06-21,"Vine Hospitality (Left Bank Tiburon, LP)","Vine Hospitality (Blue Rock Restaurant Partners, LP)",,0.889,20,54,2624,2625
CA,2025-04-09,"Right at School, LLC","Right at School, LLC (Nelda Mundy Elementary)",,0.889,1,5,3214,3226
CA,2025-04-09,"Right at School, LLC (Green Valley Middle)","Right at School, LLC (Matt Garcia and College Academy)",,0.889,5,2,3223,3225
CA,2025-04-09,"Right at School, LLC (Green Valley Middle)","Right at School, LLC (Public Safety Academy)",,0.889,5,2,3223,3228
CA,2021-12-16,Wyndham Hotels & Resorts dba La Quinta Sacramento- Downtown with L.Q. Management LLC,Wyndham Hotels & Resorts dba La Quinta San Francisco Airport North,,0.889,20,27,5450,5455
CA,2020-03-31,San Dimas Fitness LLC,"San Dimas MMA, LLC",San Dimas,0.889,53,1,7756,8337
CA,2020-04-20,"Hoehn Motors, Inc DBA Audi Carlsbad","Hoehn Motors, Inc DBA Hoehn Mercedes-Benz",Carlsbad,0.889,53,112,8156,8157
FL,2020-04-17,Miller’s Ale House,"Miller's Ale House, Inc. - Orlando",ORLANDO,0.889,78,144,17760,17771
HI,2022-08-03,McDonald’s Laie,McDonald’s Temple Valley,,0.889,,,19604,19605
MN,2020-03-17,Two Bettys Lake St 2020,Two Bettys Minnehaha 2020,Minneapolis,0.889,78,71,29165,29166
OH,2026-01-06,Double Tree Cleveland,Double Tree Cleveland Crescent Hotels & Resorts,Cleveland/Cuyahoga,0.889,66,66,34886,70436
TX,2025-05-21,Child Care Associates(North Fort Worth),Child Care Associates (JA Hargrave),Fort Worth,0.889,16,19,39389,39392
TX,2022-11-16,"Meta Platforms, Inc. (Mcallen Pass)","Meta Platforms, Inc.(W,6th)",Austin,0.889,11,50,39962,39963
TX,2020-11-24,Compass Group Eurest - One Transformation Way,Compass Group Eurest,Fort Worth,0.889,4,32,40213,40214
TX,2020-03-23,Schulte Companies-Navarro St.,Schulte Companies-Cinema Ridge,San Antonio,0.889,21,19,41062,41066
TX,2010-01-12,Radiology Associates - AMI - Four Season's Breast,Radiology Associates - AMI - Village Drive,San Antonio,0.889,10,11,44393,44402
TX,2010-01-12,"Radiology Associates of San Antonio, P.A.",Radiology Associates - AMI - Northeast,San Antonio,0.889,40,11,44395,44400
TX,2013-08-12,SER Jobs for Progress-Haven for Hope Way,SER Jobs for Progress-Walzem Rd.,San Antonio,0.889,1,17,45120,45127
TX,2015-09-01,ConocoPhillips-Katy Frwy,ConocoPhillips-JFK Blvd.,Houston,0.889,50,50,45529,45540
AZ,2019-12-30,Compass USA - St Joseph's,Compass USA - Holy Cross,Tucson,0.889,81,12,50257,50258
MI,2020-04-20,Marsh Plating Corp.,Marsh Plating-Willow Run,Ypsilanti,0.889,73,15,55399,55400
NY,2025-09-15,"ARB Gaming, LLC.","ARB Gaming, LLC. d/b/a modo, modo.us",Nassau,0.889,33,33,56365,56372
NY,2020-06-10,Hyatt Corporation dba Hotel 50 Bowery,Hyatt Corporation dba Grand Hyatt New York,New York,0.889,67,745,58290,58297
NY,2020-06-10,Hyatt Corporation dba Park Hyatt,Hyatt Corporation dba Andaz Fifth Avenue,New York,0.889,264,134,58291,58296
NY,2020-04-08,Del Frisco's of New York LLC dba Del Frisco's - New York,Del Frisco's Grille of New York LLC dba Del Frisco's Grille - New York,New York,0.889,251,101,58778,58779
NY,2020-04-01,"Catholic Charities Neighborhood Services, Inc. (Brownsville Family Support Center & Brownsville Family Treatment Rehabilitation)","Catholic Charities Neighborhood Services, Inc. (East New York Family Support Center)",Brooklyn,0.889,3,13,58925,58926
KY,2025-05-05,Dakkota Integrated Systems LLC - Louisville / Chamberlain 2,"Dakkota Integrated Systems, Inc",Jefferson County - Louisville,0.889,41,1,67487,67491
CA,2025-10-23,"San Diego Imaging - Chula Vista, LLC",San Diego Imaging - Kearny Mesa,,0.888,63,32,1755,1756
CA,2025-10-31,Ceryx Management LLC (Figueroa),Ceryx Management LLC (801 W 70th),,0.888,8,9,1899,1904
CA,2025-11-03,CommUnify - I Center,CommUnify - Betty Sanchez Center,,0.888,6,1,1861,1877
CA,2026-03-12,Total Storage Solutions (Best RV & Self Storage),Total Storage Solutions (Airport Mini Storage),,0.888,3,3,2246,2255
CA,2026-03-12,Total Storage Solutions (El Monte Stor It Now),Total Storage Solutions (Jefferson Self Storage),,0.888,3,4,2248,2259
CA,2026-03-12,Total Storage Solutions (El Monte Stor It Now),Total Storage Solutions (Citrus Plaza Self Storage),,0.888,3,2,2248,2265
CA,2026-03-12,Total Storage Solutions (Garden Grove Secured Storage),Total Storage Solutions (Sun City Mini Storage),,0.888,3,3,2253,2260
CA,2026-04-02,"Good Sports Plus, Ltd dba ARC - Barbara Worth Junior High School","Good Sports Plus, Ltd. dba Arc - Miguel Hidalgo Elementary School",,0.888,5,5,2319,2321
CA,2026-04-17,YMCA Rice Elementary School,YMCA Sanchez Elementary School,,0.888,11,8,2394,2395
CA,2026-05-13,Boys and Girls Club of the LA Harbor - Fries Ave Elementary,Boys & Girls Club of the LA Harbor - Taper Ave. Elementary,,0.888,4,8,2484,2495
CA,2026-05-13,Boys & Girls Club of LA Harbor - Harry Bridges Span School,Boys & Girls Club of the LA Harbor - Environmental Charter MS,,0.888,3,4,2486,2498
CA,2026-06-21,"Vine Hospitality (LB Steak Bishop Ranch, LP)","Vine Hospitality (Meso Santana Row, LP)",,0.888,51,54,2623,2627
CA,2026-06-21,"Vine Hospitality (LB Steak Bishop Ranch, LP)","Vine Hospitality (La Rive Gauche San Jose, LLC)",,0.888,51,73,2623,2628
CA,2026-06-25,Adventist Health Specialty Bakersfield,Adventist Health Glendale,,0.888,1,12,2646,2650
CA,2026-06-25,Adventist Health Clear Lake,Adventist Health Howard Memorial,,0.888,4,6,2649,2653
CA,2026-06-25,Adventist Health Howard Memorial,Adventist Health Mendocino Coast,,0.888,6,3,2653,2654
CA,2025-04-09,"Right at School, LLC (Anna Kyle Elementary)","Right at School, LLC (Oakbrook Academy)",,0.888,3,4,3217,3227
CA,2022-10-31,DZConneX at City of Palo Alto Kiosk,DZConneX at Coddington Mall Kiosk,,0.888,1,1,4697,4712
CA,2023-01-05,Cue Health - Moda South,Cue Health - Waples,,0.888,81,161,4841,4847
CA,2023-01-05,Cue Health - Moda North II,Cue Health - Vista,,0.888,8,63,4843,4849
CA,2023-01-05,Cue Health - Moda North II,Cue Health - Vista II,,0.888,8,3,4843,4850
CA,2022-04-29,First Baptist Head Start-Belshaw Center,First Baptist Head Start-Administration Office,,0.888,7,13,5593,5594
CA,2020-09-10,"Universal City Studios, LLC dba Universal Studios Hollywood",Universal City Studios LLC,Universal City,0.888,1207,20,6383,6397
CA,2020-04-08,Restec Contractors Inc. at Facebook 0250 29- 43,Restec Contractors Inc. at Uber Mission Bay,San Francisco,0.888,6,2,9345,9348
CA,2020-03-24,XANTERRA PARKS AND RESORTS DBA OASIS AT DEATH VALLEY RESORT,XANTERRA PARKS AND RESORTS,Death Valley,0.888,235,232,11116,11117
CO,2023-08-09,Federal Express - Colorado Springs,Federal Express,Pikes Peak,0.888,94,94,15668,68459
MA,2023-04-24,"Community Healthlink, Inc. Thayer Detoxification (""Detox"")","Community Healthlink, Inc. Thayer PASSages(""PASSages"")","Worcester, West",0.888,39,21,27286,27287
OR,2020-04-20,Oksenholt Hospitality Company - Mojo Re,Oksenholt Hospitality - Meredith Lodgin,Bend,0.888,2,15,36134,36135
TX,2021-02-05,American Airlines-HDQ2,American Airlines-Flight Training,Ft. Worth,0.888,41,103,40142,40144
TX,2010-10-29,"United Space Alliance, LLC - Houston4","United Space Alliance, LLC-LockheedMartin Facility",Houston,0.888,9,6,44573,44574
TX,2010-10-29,"United Space Alliance, LLC-LockheedMartin Facility","United Space Alliance, LLC - Houston3",Houston,0.888,6,29,44574,44577
TX,2010-10-29,"United Space Alliance, LLC-LockheedMartin Facility","United Space Alliance, LLC - Houston6",Houston,0.888,6,3,44574,44578
TX,2010-10-29,"United Space Alliance, LLC-LockheedMartin Facility","United Space Alliance, LLC - Houston5",Houston,0.888,6,45,44574,44579
TX,2011-05-10,"United Space Alliance, LLC - Houston4","United Space Alliance, LLC-LockheedMartin Facility",Houston,0.888,87,5,44703,44710
TX,2011-05-10,"United Space Alliance, LLC - Houston5","United Space Alliance, LLC-LockheedMartin Facility",Houston,0.888,207,5,44704,44710
TX,2011-05-10,"United Space Alliance, LLC - Houston7","United Space Alliance, LLC-LockheedMartin Facility",Houston,0.888,1,5,44707,44710
TX,2011-05-10,"United Space Alliance, LLC - Houston3","United Space Alliance, LLC-LockheedMartin Facility",Houston,0.888,13,5,44708,44710
TX,2011-05-10,"United Space Alliance, LLC-LockheedMartin Facility","United Space Alliance, LLC - Houston6",Houston,0.888,5,38,44710,44711
TX,2012-07-24,"United Space Alliance, LLC - Houston5","United Space Alliance, LLC-LockheedMartin Facility",Houston,0.888,9,4,44934,44936
TX,2015-09-01,ConocoPhillips-Westlake Park2,ConocoPhillips-St. Mary's,Houston,0.888,50,50,45530,45533
TX,2015-09-01,ConocoPhillips-St. Mary's,ConocoPhillips-Park Ten Pl.,Houston,0.888,50,50,45533,45534
TX,2015-09-01,ConocoPhillips-Westlake Park,ConocoPhillips-Barker Cypress,Houston,0.888,50,50,45535,45538
TX,2018-11-30,El Paso Specialty Hospital,El Paso Specialty Physicians Group-Curie,El Paso,0.888,189,10,46282,46286
NY,2020-05-21,"WeWork Companies, Inc. (Greenwich St.)","WeWork Companies, Inc. (1450 Broadway)",New York,0.888,1,1,58406,58410
NY,2019-11-22,"WeWork Companies, Inc. (1450 Broadway)","WeWork Companies, Inc. (Greenwich St.)",New York,0.888,16,14,59940,59941
NY,2019-11-22,"WeWork Companies, Inc. (Greenwich St.)","WeWork Companies, Inc. (1619 Broadway)",New York,0.888,14,73,59941,59945
NY,2019-03-13,Instacart (at Whole Foods Market) Columbus Circle,Instacart (at Whole Foods Market) (West 125th Street),New York,0.888,32,21,60214,60219
IL,2023-06-14,United States Marine Corps,United States Navy,"IL Statewide Event Springfield, IL 62701",0.888,,,68548,68550
CA,2025-07-14,"Blue Shield of California - Town Center, Building C",Blue Shield of California - Woodland Hills,,0.887,6,10,1383,1386
CA,2025-07-14,"Blue Shield of California - Town Center, Building C",Blue Shield of California - Rancho Cordova,,0.887,6,3,1383,1387
CA,2025-07-14,"Blue shield of California - Town Center, Building B",Blue Shield of California - Woodland Hills,,0.887,32,10,1384,1386
CA,2025-10-31,Ceryx Management LLC (Sepulveda),Ceryx Management LLC (1904 E 113th),,0.887,4,1,1897,1908
CA,2025-10-31,Ceryx Management LLC (Figueroa),Ceryx Management LLC (1540 S St. Andrews),,0.887,8,18,1899,1906
CA,2025-11-03,CommUnify - Los Adobes Center,CommUnify - Meridian Center,,0.887,1,2,1869,1871
CA,2026-03-12,Total Storage Solutions (El Monte Stor It Now),Total Storage Solutions (Arcadia 210 Self Storage),,0.887,3,1,2248,2250
CA,2026-03-12,Total Storage Solutions (All Size Laguna Niguel),Total Storage Solutions (Tri-City Self Storage),,0.887,3,3,2252,2261
CA,2026-03-12,Total Storage Solutions (Sun City Mini Storage),Total Storage Solutions (Western States Self Storage),,0.887,3,3,2260,2262
CA,2026-04-02,"Good Sports Plus Ltd, dba Arc Phil D. Swing Elementary School",Good Sports Plus Ltd. dba Brawley Union High School,,0.887,13,6,2324,2325
CA,2026-04-02,"Good Sports Plus Ltd, dba Arc Phil D. Swing Elementary School",Good Sports Plus Ltd. dba Arc - Central Union High School,,0.887,13,3,2324,2327
CA,2026-04-27,Quixote Studio Services - Griffith Park,Quixote Studio Services - West Hollywood,,0.887,2,10,2444,2450
CA,2026-05-13,Boys & Girls Club of the LA Harbor - Banning High,Boys & Girls Club of LA Harbor - Harry Bridges Span School,,0.887,5,3,2483,2486
CA,2026-06-21,"Vine Hospitality (Left Bank Tiburon, LP)","Vine Hospitality (Meso Santana Row, LP)",,0.887,20,54,2624,2627
CA,2026-06-21,"Vine Hospitality (Blue Rock Restaurant Partners, LP)","Vine Hospitality (Santana Grill Partners, LP)",,0.887,54,59,2625,2629
CA,2026-06-25,Adventist Health Delano,Adventist Health White Memorial Montebello,,0.887,3,2,2645,2651
CA,2026-06-25,Adventist Health Specialty Bakersfield,Adventist Health Lodi Memorial,,0.887,1,7,2646,2658
CA,2026-06-25,Adventist Health Roseville,Adventist Health Twin Cities,,0.887,2,4,2657,2660
CA,2024-11-14,"Advance Stores Company, Incorporated and its subsidiary, Worldwide Auto Parts, Inc.","Advance Stores Company, Incorporated",,0.887,10,1,2936,2937
CA,2025-04-09,"Right at School, LLC (Fairview Elementary)","Right at School, LLC (Public Safety Academy)",,0.887,8,2,3221,3228
CA,2025-04-09,"Right at School, LLC (KI Jones Elementary)","Right at School, LLC (Oakbrook Academy)",,0.887,11,4,3224,3227
CA,2025-04-09,"Right at School, LLC (Matt Garcia and College Academy)","Right at School, LLC (Public Safety Academy)",,0.887,2,2,3225,3228
CA,2025-04-30,Downtown College Preparatory - Alum Rock Middle School,Downtown College Preparatory - Administrative Offices,,0.887,20,9,3361,3362
CA,2022-10-31,DZConneX at Cudahy Plaza Kiosk,DZConneX at Santa Paula Center Kiosk,,0.887,1,1,4684,4715
CA,2023-01-05,Cue Health - Waples,Cue Health - Vista II,,0.887,161,3,4847,4850
CA,2021-12-16,Wyndham Hotels & Resorts dba La Quinta San Diego- Chula Vista with L.Q. Management LLC,Wyndham Hotels & Resorts dba La Quinta San Francisco Airport North,,0.887,28,27,5453,5455
CA,2020-03-25,Goodwill Industries - Fresno,Goodwill Industries Bulk Buying SJV,Fresno,0.887,18,24,5815,5854
CA,2020-03-26,Cinemark USA Inc. dba CineArts @ the Empire,Cinemark USA Inc. dba Century 9 San Francisco Centre,San Francisco,0.887,11,50,10422,10423
CA,2020-03-24,"U Gym, LLC","U Gym, LLC UFC GYM Club",San Diego,0.887,31,31,9599,9600
CA,2014-11-04,Warner Bros. Burbank Television,Warner Bros. Technical Operations,Burbank,0.887,6,11,14998,15007
FL,2020-03-20,"La Carreta No II, Inc.","La Carreta Enterprises, Inc.",MIAMI,0.887,65,36,17620,17624
FL,2020-03-20,"La Carreta V, Inc.","La Carreta Enterprises, Inc.",MIAMI,0.887,38,36,17622,17624
FL,2020-04-07,"MG Hospitality Services, Inc.","MG Hospitality Group, Inc’s",MIAMI,0.887,128,99,17793,17800
IL,2024-04-24,SunPower Corp. Operations Center,SunPower Corp.,"2380 Vantage Dr. Elgin, IL 60124",0.887,60,60,20372,68535
IN,2010-07-01,Peabody Indiana Services LLC,Peabody Midwest Management Services LLC,Pimento,0.887,90,10,25971,25972
MN,2020-07-22,YMCA Lino Lakes,YMCA Prior Lake,Chicago,0.887,5,5,29105,29106
OH,2020-07-29,"Retail Store Operations, Inc.","Retail Brokerage Solutions, LLC",Columbus/Franklin,0.887,6,5,35066,35078
TX,2025-05-21,Child Care Associates (Morris Foundation),Child Care Associates (Blanche),Fort Worth,0.887,17,17,39388,39390
TX,2024-06-04,99 Cents Only Store LLC (Bellaire),99 Cents Only Store LLC (Sam Houston Pkwy),Houston,0.887,20,20,39638,39645
TX,2006-06-14,Macy's - San Antonio,Foley's - San Antonio,San Antonio,0.887,,,43296,43299
TX,2010-01-12,Radiology Associates - AMI - Sonterra,"Radiology Associates of San Antonio, P.A.",San Antonio,0.887,10,40,44394,44395
TX,2015-04-09,Android Industries-E Pioneer Pkwy,Android Industries-East Randoll Mill,Arlington,0.887,100,40,45409,45413
TX,2015-09-01,ConocoPhillips-Westlake Park,ConocoPhillips-Threadneedle,Houston,0.887,50,50,45535,45537
VA,2023-07-11,Wellmore Energy Company LLC (Company Trucks Safety and Engineering),Wellmore Energy Company LLC (Black Watch Operations),Grundy VA,0.887,12,1,49006,49007
NY,2020-04-22,Visionworks (North Country Region),Visionworks (New York City Region),,0.887,18,49,58566,58574
NY,2020-04-22,Visionworks (Capital Region),Visionworks (Western Region),,0.887,91,40,58569,58573
NY,2020-04-08,"B.R. Guest Parent Holdings, LLC dba Bill's Bar & Burger - Downtown","B.R. Guest Parent Holdings, LLC dba Atlantic Grill - Lincoln Center West NY",New York,0.887,100,110,58769,58776
IL,2023-06-14,United States Navy,United States Coast Guard,"IL Statewide Event Springfield, IL 62701",0.887,,,68550,68551
FL,1998-06-03,"The Hertz Corp (Fort Lauderdale) 2150 N. E. 7th Ave Dania, FL 33004","The Hertz Corp (Miami) 2150 N.E 7th Ave Dania, FL 33004",,0.887,35,39,71461,71462
MA,2020-03-16,Wagamama USA LLC - 100 Northern Ave,Wagamama USA LLC - Prudential Center,Boston,0.887,45,63,87498,87499
OH,2003-11-18,Big Bear Pickerington,Big Bear Wapakoneta,,0.887,92,67,91689,91694
CA,2025-10-31,Ceryx Management LLC (Blackstone),Ceryx Management LLC (1904 E 113th),,0.886,39,1,1896,1908
CA,2025-10-31,Ceryx Management LLC (Hoover),Ceryx Management LLC (1540 S St. Andrews),,0.886,3,18,1900,1906
CA,2025-11-03,CommUnify - I Center,CommUnify - Jardin de Suenos,,0.886,6,6,1861,1875
CA,2025-11-03,CommUnify - JC Washington Center,CommUnify - Westgate Center,,0.886,3,7,1867,1873
CA,2025-11-03,CommUnify - Los Padres Center,CommUnify - Sierra Madre Center,,0.886,4,5,1870,1872
CA,2025-11-03,CommUnify - Westgate Center,CommUnify - Maggie Espinoza Center,,0.886,7,5,1873,1876
CA,2026-01-29,Amazon (LAX10),Amazon,,0.886,2,89,2088,2097
CA,2026-01-29,Amazon (LAX16),Amazon,,0.886,46,89,2089,2097
CA,2026-01-29,Amazon (LAX78),Amazon,,0.886,45,89,2090,2097
CA,2026-01-29,Amazon (SJC25),Amazon,,0.886,43,89,2094,2097
CA,2026-01-29,Amazon (SJC38),Amazon,,0.886,141,89,2095,2097
CA,2026-01-29,Amazon (SJC44),Amazon,,0.886,49,89,2096,2097
CA,2026-01-29,Amazon,Amazon - SNA12,,0.886,89,5,2097,2098
CA,2026-01-29,Amazon,Amazon - SNA 3,,0.886,89,34,2097,2102
CA,2026-01-29,Amazon,Amazon - SAN 3,,0.886,89,1,2097,2108
CA,2026-04-02,"Good Sports Plus, Ltd dba ARC - Barbara Worth Junior High School",Good Sports Plus Ltd. dba Arc - Desert Valley High School,,0.886,5,3,2319,2326
CA,2026-04-17,YMCA Bonita Elementary School,YMCA Fairlawn Elementary School,,0.886,6,6,2384,2387
CA,2026-04-17,YMCA Fairlawn Elementary School,YMCA Oakley Elementary School,,0.886,6,9,2387,2399
CA,2026-05-13,Boys & Girls Club of LA Harbor - Harry Bridges Span School,Boys & Girls Club of the LA Harbor - Barton Hill Elementary,,0.886,3,3,2486,2490
CA,2026-06-25,Adventist Health Specialty Bakersfield,Adventist Health Roseville,,0.886,1,2,2646,2657
CA,2026-06-25,Adventist Health St. Helena,Adventist Health Lodi Memorial,,0.886,3,7,2656,2658
CA,2025-04-09,"Right at School, LLC (B Gale Wilson Middle)","Right at School, LLC (Fairview Elementary)",,0.886,3,8,3216,3221
CA,2025-04-09,"Right at School, LLC (Anna Kyle Elementary)","Right at School, LLC (Matt Garcia and College Academy)",,0.886,3,2,3217,3225
CA,2025-04-09,"Right at School, LLC (Cordelia Hills Elementary)",Right at School. LLC (Grange Middle),,0.886,8,3,3218,3222
CA,2022-10-31,DZConneX at La Sierra Park Trailer,DZConneX at Larkspur Ferry Terminal - Trailer,,0.886,4,3,4703,4718
CA,2023-01-05,Cue Health - Moda South,Cue Health - Vista II,,0.886,81,3,4841,4850
CA,2023-01-05,Cue Health - Nancy Ridge II,Cue Health - Waples II,,0.886,10,4,4846,4848
CA,2023-01-20,Google Playa 2,Google,,0.886,123,11,4899,4901
CA,2023-01-20,Google Playa 1,Google,,0.886,1,11,4900,4901
CA,2020-03-20,Sekscobra Inc. dba Craft & Commerce,Sekscobra Inc. dba False Idol,San Diego,0.886,40,18,10906,10907
CA,2019-03-29,"California Cartage Management Services, LLC","California Cartage Transportation, LLC",Wilmington,0.886,16,23,12567,12568
CO,2023-02-27,Aspen Sports Snowmass Retail Store,Aspen Sports Tune - Snowmass,,0.886,3,6,15621,15623
CO,2023-02-27,Aspen Sports Demo,Aspen Sports Valet - Snowmass,,0.886,5,3,15622,15624
CO,2023-02-27,Telluride Sports - Gondola Plaza,Telluride Sports - The Peaks,,0.886,,,15631,15633
FL,2017-02-28,Broadband,Broadband Interactive,Statewide,0.886,129,129,19031,19268
IN,2016-07-15,Indianapolis Haulage,Indianapolis Logistics,Indianapolis & Yorktown,0.886,51,135,25683,25684
NE,2016-12-11,K-Mart Kearney,K-Mart,Kearney,0.886,35,35,31600,31601
NJ,2025-10-01,Optum Care,Optum Services,"Eden Prairie, Minnesota (Offices throughout NJ)",0.886,390,49,32316,32318
TX,2025-05-21,Child Care Associates(North Fort Worth),Child Care Associates (Blanche),Fort Worth,0.886,16,17,39389,39390
TX,2020-11-24,Compass Group Eurest - American Blvd.,Compass Group Eurest - One Transformation Way,Fort Worth,0.886,2,4,40212,40213
TX,2020-07-02,Brident-Edgebrook Dr,Brident-Greens Rd,Houston,0.886,2,1,40358,40362
TX,2020-03-23,Schulte Companies-Loop 1604,Schulte Companies-Navarro St.,San Antonio,0.886,13,21,41061,41062
TX,2012-11-01,ATI Career Training Center - N. Richland Hills,ATI Career Training Center#275,Richland Hills,0.886,50,122,44982,44983
TX,2013-08-12,SER Jobs for Progress-Haven for Hope Way,SER Jobs for Progress-S. Flores St.,San Antonio,0.886,1,27,45120,45121
TX,2013-08-12,SER Jobs for Progress-S. Flores St.,SER Jobs for Progress-Marbach Rd.,San Antonio,0.886,27,13,45121,45126
MO,2020-04-27,Enterprise Holdings - Contact Center,Enterprise Holdings (Corporate Office),Multiple Locations,0.886,366,377,56011,56014
NY,2020-06-10,Hyatt Corporation Gild Hall,Hyatt Corporation dba Hotel 50 Bowery,New York,0.886,43,67,58288,58290
NY,2020-06-10,Hyatt Corporation dba Park Hyatt,Hyatt Corporation dba Hyatt Centric Times Square,New York,0.886,264,221,58291,58292
NY,2020-04-13,"Bay Ridge Luxury Automobiles, Inc.","Bay Ridge Foreign Autos, Inc.",Brooklyn,0.886,86,70,58698,58699
NY,2018-07-25,Eastman Kodak Company (Kodak Office),Eastman Kodak Company-Kodak Research Labs,Rochester,0.886,1,2,60506,60507
KY,2026-06-30,"Aramark Campus, LLC (University of Kentucky)","Aramark Campus, LLC",Fayette,0.886,923,923,69404,69408
CA,2025-09-12,Agile Physical Therapy (Sutter Health San Carlos Physical Therapy & Hand Therapy),Agile Physical Therapy (Sutter Health Mountain View Center),,0.885,19,1,1593,1597
CA,2025-11-03,CommUnify - Filmore Center,CommUnify - Oak Valley Center,,0.885,4,1,1860,1863
CA,2025-11-03,CommUnify - Alvin Center,CommUnify - Westgate Center,,0.885,6,7,1865,1873
CA,2025-11-03,CommUnify - Alvin Center,CommUnify - Maggie Espinoza Center,,0.885,6,5,1865,1876
CA,2025-11-03,CommUnify - Meridian Center,CommUnify - Cuyama Center,,0.885,2,2,1871,1874
CA,2025-11-03,CommUnify - Maggie Espinoza Center,CommUnify - Goleta Center,,0.885,5,2,1876,1880
CA,2026-03-12,Total Storage Solutions (All Size Laguna Niguel),Total Storage Solutions (Beaumont Self Storage),,0.885,3,3,2252,2258
CA,2026-03-12,Total Storage Solutions (Jefferson Self Storage),Total Storage Solutions (Sun City Mini Storage),,0.885,4,3,2259,2260
CA,2026-04-02,"Good Sports Plus, Ltd. dba Arc - J.W. Oakley Elementary School",Good Sports Plus Ltd. dba Arc - Southwest High School,,0.885,15,4,2320,2329
CA,2026-04-13,Boeing Company,Boeing Company - Huntington Beach,,0.885,13,1,2360,2363
CA,2026-05-13,Boys & Girls Club of the LA Harbor - Harbor Teacher Prep Academy,Boys & Girls Club of the LA Harbor - Fleming Middle School,,0.885,7,7,2487,2499
CA,2026-05-13,Boys & Girls Club of the LA Harbor - Wilmington Club,Boys & Girls Club of LA Harbor - Point Fermin Elementary,,0.885,3,5,2488,2493
CA,2026-05-13,Boys & Girls Club of LA Harbor - Wilmington Park ES,Boys & Girls Club of the LA Harbor - Barton Hill Elementary,,0.885,3,3,2489,2490
CA,2026-05-13,Boys & Girls Club of LA Harbor - Wilmington Park ES,Boys & Girls Club at the LA Harbor - Narbonne High School,,0.885,3,2,2489,2501
CA,2026-05-13,Boys & Girls Club of the LA Harbor - Environmental Charter MS,Boys &Girls Club of the La Harbor - Harbor City Elementary School,,0.885,4,10,2498,2500
CA,2026-06-25,Adventist Health Delano,Adventist Health Tehachapi Valley,,0.885,3,3,2645,2647
CA,2026-06-25,Adventist Health White Memorial Montebello,Adventist Health Howard Memorial,,0.885,2,6,2651,2653
CA,2024-05-01,Cue Health Inc. Moda North,Cue Health Inc. Waples,,0.885,2,64,4367,4371
CA,2022-10-31,DZConneX at Montebello Plaza Kiosk,DZConneX at Coddington Mall Kiosk,,0.885,2,1,4687,4712
CA,2023-01-05,Cue Health - Moda North II,Cue Health - Waples II,,0.885,8,4,4843,4848
CA,2020-03-26,"Marriott Hotel Services, Inc. DBA Newport Beach Marriott Hotel & Spa","Marriott Hotel Services, Inc.",Newport Beach,0.885,278,81,10951,11054
FL,2020-05-19,Carnival Corporation,Carnival Corporation d/b/a Carnival Cruise Line,DORAL,0.885,157,567,18089,18090
FL,2020-11-18,Southwest Airlines/Mechanic and Related Workgroup,Southwest Airlines/Aircraft Appearance Technicians Workgroup,FORT LAUDERDALE,0.885,6,2,18584,18587
FL,2020-11-18,Southwest Airlines/Mechanic and Related Workgroup,Southwest Airlines/Aircraft Appearance Technicians Workgroup,ORLANDO,0.885,6,2,18585,18588
TX,2020-03-30,Sport Clips - Walton Way,Sport Clips - Whitestone Blvd,Cedar Park,0.885,8,10,40778,40783
TX,2013-08-12,SER Jobs for Progress-Haven for Hope Way,SER Jobs for Progress-SW 40th Street,San Antonio,0.885,1,4,45120,45124
TX,2013-08-12,SER Jobs for Progress-Dolorosa,SER Jobs for Progress-SW 40th Street,San Antonio,0.885,,4,45122,45124
TX,2015-09-01,ConocoPhillips-Katy Frwy,ConocoPhillips-Barker Cypress,Houston,0.885,50,50,45529,45538
TX,2015-09-01,ConocoPhillips-Dairy Ashford,ConocoPhillips-Barker Cypress,Houston,0.885,50,50,45532,45538
TX,2018-11-30,El Paso Specialty Hospital,El Paso Specialty Physicians Group-Remcon,El Paso,0.885,189,14,46282,46283
TX,2019-07-08,"NTT Data, Inc.-S. Mopac","NTT Data, Inc.-N IH 35",Austin,0.885,50,1,46391,46396
NY,2020-05-21,"WeWork Companies, Inc. (115 Broadway, NY, NY 10006)","WeWork Companies, Inc. (Broad St.)",New York,0.885,2,40,58404,58405
NY,2020-04-22,Visionworks (Finger Lakes Region),Visionworks (New York City Region),,0.885,44,49,58557,58574
NY,2017-08-07,"Aptim Services, LLC (@FitzPatrick Nuclear Station)","Aptim Services, LLC (@Nine Mile Point Nuclear Station)",Oswego,0.885,105,62,60922,60923
KY,2023-09-10,Wellmore Energy Company LLC - Black Watch Shop and Central Warehouse Departments,Wellmore Energy Company LLC - Elk Creek,Pike,0.885,3,58,67221,67224
NC,2015-12-16,Pate Dawson Company Goldsboro,Pate Dawson Company Statesville,,0.885,92,92,71264,71265
CA,2025-11-03,CommUnify - Filmore Center,CommUnify - Chapel Office,,0.884,4,13,1860,1866
CA,2025-11-03,CommUnify - Little Village Center,CommUnify - Sierra Madre Center,,0.884,8,5,1868,1872
CA,2025-11-03,CommUnify - Little Village Center,CommUnify - Betty Sanchez Center,,0.884,8,1,1868,1877
CA,2026-03-12,Total Storage Solutions (Arcadia 210 Self Storage),Total Storage Solutions (All Size Laguna Niguel),,0.884,1,3,2250,2252
CA,2026-04-02,"Good Sports Plus, Ltd. dba Arc - J.W. Oakley Elementary School","Good Sports Plus Ltd, dba Arc Phil D. Swing Elementary School",,0.884,15,13,2320,2324
CA,2026-04-17,YMCA El Camino Jr. High School,YMCA Tommie Kunst Jr. High School,,0.884,3,3,2386,2390
CA,2026-05-13,Boys & Girls Club of the LA Harbor - Barton Hill Elementary,Boys &Girls Club of the La Harbor - Harbor City Elementary School,,0.884,3,10,2490,2500
CA,2026-06-21,"Vine Hospitality (Blue Rock Restaurant Partners, LP)","Vine Hospitality (Meso Santana Row, LP)",,0.884,54,54,2625,2627
CA,2026-06-21,"Vine Hospitality (Left Bank Menlo Park Partners, LP)","Vine Hospitality (Meso Santana Row, LP)",,0.884,42,54,2626,2627
CA,2026-06-25,Adventist Health White Memorial Cesar E. Chavez,Adventist Health Sierra Vista,,0.884,11,5,2652,2659
CA,2025-04-09,"Right at School, LLC (Cordelia Hills Elementary)","Right at School, LLC (Matt Garcia and College Academy)",,0.884,8,2,3218,3225
CA,2025-06-02,Kaiser Foundation - Fremont,Kaiser Foundation Hospitals - San Diego,,0.884,1,1,3428,3439
CA,2024-05-01,Cue Health Inc. Nancy Ridge II,Cue Health Inc. Waples,,0.884,7,64,4370,4371
CA,2023-01-05,Cue Health - Moda North,Cue Health - Vista,,0.884,12,63,4842,4849
CA,2023-01-05,Cue Health - Nancy Ridge,Cue Health - Waples II,,0.884,39,4,4845,4848
CA,2020-03-25,True Food Kitchen UTC,True Food Kitchen Fashion Valley,San Diego,0.884,89,134,11440,11441
CA,2020-03-20,"Green Farms, Inc dba Worldwide Produce","Green Farms California, LLC. DBA Worldwide Produce",Chula Vista,0.884,4,4,5797,7982
CA,2020-03-27,"VHG Fifth Street LLC, dba Hotel Zetta San Francisco","VHG Post Street LLC, dba Hotel Zeppelin San Francisco",San Francisco,0.884,38,47,10962,10964
CA,2020-03-24,Crews dba Klatch Coffee,Crews dba Lemonade,Los Angeles,0.884,24,44,10921,10922
CA,2020-03-30,"Irvine Park Concessions, Inc.","Irvine Park Rentals, Inc.",Orange,0.884,27,13,9256,9258
CA,2014-11-04,Warner Bros. International Television,Warner Bros. Technical Operations,Burbank,0.884,9,11,15004,15007
CA,2014-11-04,Warner Bros. International Television,Warner Bros. Worldwide Television,Burbank,0.884,9,5,15004,15010
MA,2023-04-24,"Community Healthlink, Inc. Thayer PASSages(""PASSages"")","Community Healthlink, Inc. Transitional Support Services (""TSS"")","Worcester, West",0.884,21,18,27287,27288
NJ,2015-05-01,Blair Road Haulage LLC,Blair Road Logistics LLC,Avenel,0.884,22,85,33110,33111
OR,2019-11-13,NORPAC FOODS - Salem Repack,NORPAC FOODS INC - Brooks Plant,Salem,0.884,458,466,36213,36214
TX,2026-03-04,"First Brands Group, LLC(Billy Mitchell)","First Brands Group, LLC. (Titan Dist. Center)",Brownsville,0.884,345,183,39176,39177
TX,2025-05-28,Texana Center Russeff Filed Home,Texana Center Dovecoft Group Home,Rosenberg,0.884,5,6,39371,39372
TX,2025-05-28,Texana Center Willowbend Group Home,Texana Center University Group Home,Wharton,0.884,6,5,39375,39376
TX,2020-07-02,Brident-Greens Rd,Brident-Airline Dr.,Houston,0.884,1,3,40362,40363
TX,2020-03-30,Sport Clips - Shops Pkwy,Sport Clips - N. Mopac,Austin,0.884,13,12,40776,40793
TX,2009-04-16,Wackenhut Corporation - Plaza 35,Wackenhut Corporation - Round Rock Mail Room,Austin,0.884,10,10,44146,44147
TX,2013-08-12,SER Jobs for Progress-E. Houston,SER Jobs for Progress-Administrative Office,San Antonio,0.884,20,32,45118,45125
TX,2013-08-12,SER Jobs for Progress-Haven for Hope Way,SER Jobs for Progress-Administrative Office,San Antonio,0.884,1,32,45120,45125
TX,2013-08-12,SER Jobs for Progress-Haven for Hope Way,SER Jobs for Progress-Marbach Rd.,San Antonio,0.884,1,13,45120,45126
VA,2023-07-11,Wellmore Energy Compnay LLC (Black Watch Shop and Central Warehouse),Wellmore Energy Company LLC (Laboratory),Big Rock VA,0.884,3,2,49000,49004
CT,2020-12-15,"LE TOTE, INC.","Le Tote, Inc. (Updated Notice)*",Stamford,0.884,58,,53747,53993
CT,2020-12-15,"LE TOTE, INC.","Le Tote, Inc. (Updated Notice)*",Trumbull,0.884,50,,53748,53994
CT,2020-11-30,"LE TOTE, INC.","Le Tote, Inc. (Updated Notice)*",Danbury,0.884,28,,53750,53997
CT,2020-11-30,"LE TOTE, INC.","Le Tote, Inc. (Updated Notice)*",Farmington,0.884,24,,53751,53998
MO,2020-04-09,Asbury Automotive Group - Plaza Infiniti Creve Coeur,Asbury Automotive Group - Mercedes Benz/Smart Creve Coeur,Creve Coeur,0.884,20,54,56040,56042
NY,2023-03-17,Upward Enterprises Inc. DBA name of Upward Farms. - New York City Region,Upward Enterprises Inc. - New York City Region,,0.884,,,57479,57480
NY,2020-06-10,Hyatt Corporation The Beekman,Hyatt Corporation dba Hotel 50 Bowery,New York,0.884,105,67,58289,58290
NY,2020-06-10,Hyatt Corporation The Beekman,Hyatt Corporation dba Parker New York,New York,0.884,105,366,58289,58294
NY,2020-06-10,Hyatt Corporation dba Hotel 50 Bowery,Hyatt Corporation dba Andaz Fifth Avenue,New York,0.884,67,134,58290,58296
NY,2020-06-10,Hyatt Corporation dba Hyatt Centric Times Square,Hyatt Corporation dba Andaz Fifth Avenue,New York,0.884,221,134,58292,58296
NY,2020-06-10,Hyatt Corporation dba Hyatt Centric Times Square,Hyatt Corporation dba Grand Hyatt New York,New York,0.884,221,745,58292,58297
NY,2020-06-10,Hyatt Corporation dba Parker New York,Hyatt Corporation dba Andaz Fifth Avenue,New York,0.884,366,134,58294,58296
NY,2020-04-22,Visionworks (Finger Lakes Region),Visionworks (Capital Region),,0.884,44,91,58557,58569
NY,2020-04-22,Visionworks (Long Island Region),Visionworks (Mid-Hudson Region),,0.884,210,34,58570,58571
NY,2020-03-30,In Good Co Park Ave Inc.,In Good Company HG Inc.,New York,0.884,60,28,59064,59065
KY,2025-05-05,Dakkota Integrated Systems LLC - Louisville / Westport 2,"Dakkota Integrated Systems, Inc",Jefferson County - Louisville,0.884,1,1,67486,67491
IL,2023-06-14,United States Marine Corps,United States Coast Guard,"IL Statewide Event Springfield, IL 62701",0.884,,,68548,68551
CA,2025-07-07,Intel Corporation (Robert Noyce Building),Intel Corporation,,0.883,184,174,1332,1340
CA,2025-07-14,"Blue shield of California - Town Center, Building B",Blue Shield of California - Rancho Cordova,,0.883,32,3,1384,1387
CA,2025-10-31,Ceryx Management LLC (Sepulveda),Ceryx Management LLC (801 W 70th),,0.883,4,9,1897,1904
CA,2025-11-03,CommUnify - Chapel Office,CommUnify - Goleta Center,,0.883,13,2,1866,1880
CA,2026-04-02,"Good Sports Plus, Ltd. dba Arc - Miguel Hidalgo Elementary School",Good Sports Plus dba Arc - Myron D. Witter Elementary School,,0.883,5,15,2321,2322
CA,2026-04-17,YMCA Bonita Elementary School,YMCA Liberty Elementary School,,0.883,6,9,2384,2392
CA,2026-05-13,Boys & Girls Club of the LA Harbor - Banning High,Boys & Girls Club of LA Harbor - Point Fermin Elementary,,0.883,5,5,2483,2493
CA,2026-05-13,Boys & Girls Club of LA Harbor - Harry Bridges Span School,Boys & Girls Club of the La Harbor - Cheryl Green/Torrance Club,,0.883,3,1,2486,2497
CA,2026-05-13,Boys & Girls Club of LA Harbor - Wilmington Park ES,Boys & Girls Club of the LA Harbor - Dana Middle School,,0.883,3,3,2489,2491
CA,2026-05-13,Boys & Girls Club of LA Harbor - Wilmington Park ES,Boys & Girls Club of the LA Harbor - Environmental Charter MS,,0.883,3,4,2489,2498
CA,2026-05-13,Boys & Girls Club of LA Harbor - Wilmington Park ES,Boys & Girls Club of the LA Harbor - Fleming Middle School,,0.883,3,7,2489,2499
CA,2026-05-13,Boys & Girls Club of LA Harbor - Point Fermin Elementary,Boys & Girls Club of the LA Harbor - Fleming Middle School,,0.883,5,7,2493,2499
CA,2026-06-25,Adventist Health Glendale,Adventist Health Sierra Vista,,0.883,12,5,2650,2659
CA,2025-04-09,"Right at School, LLC","Right at School, LLC (Cordelia Hills Elementary)",,0.883,1,8,3214,3218
CA,2025-04-09,"Right at School, LLC (B Gale Wilson Middle)","Right at School, LLC (Public Safety Academy)",,0.883,3,2,3216,3228
CA,2025-04-09,"Right at School, LLC (Fairview Elementary)","Right at School, LLC (Oakbrook Academy)",,0.883,8,4,3221,3227
CA,2025-04-09,Right at School. LLC (Grange Middle),"Right at School, LLC (Public Safety Academy)",,0.883,3,2,3222,3228
CA,2025-04-09,"Right at School, LLC (Green Valley Middle)","Right at School, LLC (Oakbrook Academy)",,0.883,5,4,3223,3227
CA,2025-04-09,"Right at School, LLC (Matt Garcia and College Academy)","Right at School, LLC (Oakbrook Academy)",,0.883,2,4,3225,3227
CA,2025-06-10,Morrison Healthcare - Lakewood Regional Medical Center,Morrison Healthcare - Placentia Linda Hospital,,0.883,40,21,3478,3479
CA,2024-01-25,"Cue Health, Moda North II","Cue Health, Vista",,0.883,8,70,4122,4125
CA,2024-05-01,Cue Health Inc. Moda West,Cue Health Inc. Nancy Ridge II,,0.883,4,7,4369,4370
CA,2023-01-05,Cue Health - Moda North II,Cue Health - Nancy Ridge,,0.883,8,39,4843,4845
CA,2023-01-05,Cue Health - Nancy Ridge,Cue Health - Waples,,0.883,39,161,4845,4847
CA,2020-03-25,"Park Hyatt Aviara Resort, Golf Club & Spa",Park Hyatt Aviara,Carlsbad,0.883,507,496,11134,11484
CA,2020-04-17,Dick's Sporting Goods Store #1049,"Dick’s Sporting Goods, Inc.",Santa Rosa,0.883,37,37,9233,9427
CA,2020-03-24,Crews dba Breeze,Crews dba Lemonade,Los Angeles,0.883,9,44,10916,10922
IN,2013-10-31,"Peabody Indiana Services, LLC","Peabody Midwest Management Services, LLC",Cannelburg,0.883,86,3,25793,25794
NJ,2020-08-01,HMSHost -Starbucks Terminal C,HMSHost Corporation -Starbucks,Newark,0.883,223,223,32741,32743
OH,2017-02-27,LGSTX Cargo Services Inc,LGSTX Services Inc,Wilmington/Clinton,0.883,296,37,35591,35592
TX,2020-07-02,Brident-E. Fwy,Brident-W. Bellfort Ave,Houston,0.883,2,5,40359,40366
TX,2006-08-09,SERCO - Northside Workforce Center,SERCO - Resource Connection Wkfc Center,Ft. Worth,0.883,16,21,43351,43354
TX,2006-08-09,SERCO - Eastside Workforce Center,SERCO - Downtown Workforce Center,Ft. Worth,0.883,18,13,43357,43359
TX,2015-09-01,ConocoPhillips-Dairy Ashford,ConocoPhillips-St. Mary's,Houston,0.883,50,50,45532,45533
CT,2020-06-22,Tucker Mechanical,"Tucker Mechanical, Inc. (Updated Notice)*",Meriden,0.883,14,14,53778,54026
NY,2020-07-02,Hilton Grand Vacation at West 57th Street by Hilton Club,Hilton Grand Vacation at The Quin Central Park by Hilton Club,New York,0.883,72,76,58152,58153
NY,2019-10-31,Eastman Kodak Company (Kodak Office),Eastman Kodak Company (Eastman Business Park),Rochester,0.883,2,1,59968,59969
NY,2019-01-31,Eastman Kodak Company (Eastman Business Park),Eastman Kodak Company (Kodak Office),Rochester,0.883,2,1,60290,60291
NY,2017-02-16,Eastman Kodak Company (Kodak Office),Eastman Kodak Company (Eastman Business Park),Rochester,0.883,3,1,61102,61103
NY,2016-06-13,Eastman Kodak Company (Kodak Office),Eastman Kodak Company (Eastman Business Park),Rochester,0.883,2,2,61285,61286
MA,2020-03-16,Wagamama USA LLC - 100 Northern Ave,Wagamama USA LLC - Quincy Market,Boston,0.883,45,34,87498,87500
AL,2007-05-29,WESTPOINT HOME-OPELIKA FINISHING PLANT,WESTPOINT HOME-GRIFFTEX CHEMICAL PLANT,Opelika,0.882,350,13,218,219
CA,2025-11-03,CommUnify - I Center,CommUnify - Chapel Office,,0.882,6,13,1861,1866
CA,2025-11-03,CommUnify - Alvin Center,CommUnify - Los Padres Center,,0.882,6,4,1865,1870
CA,2025-11-03,CommUnify - Chapel Office,CommUnify - South County HS Office,,0.882,13,1,1866,1879
CA,2026-01-06,Alameda Health System - San Leandro Hospital,Alameda Health System - System Support Center,,0.882,22,18,2001,2004
CA,2026-04-02,Good Sports Plus Ltd. dba Arc - Phoenix Rising/Desert Oasis High School,Good Sports Plus Ltd. dba Arc,,0.882,2,4,2328,2330
CA,2026-04-17,YMCA Fairlawn Elementary School,YMCA Rice Elementary School,,0.882,6,11,2387,2394
CA,2026-05-13,Boys & Girls Club of LA Harbor - Point Fermin Elementary,Boys & Girls Club of the La Harbor - Cheryl Green/Torrance Club,,0.882,5,1,2493,2497
CA,2026-06-21,"Vine Hospitality (LB Steak Bishop Ranch, LP)","Vine Hospitality (Left Bank Menlo Park Partners, LP)",,0.882,51,42,2623,2626
CA,2026-06-25,Adventist Health White Memorial Montebello,Adventist Health Roseville,,0.882,2,2,2651,2657
CA,2026-06-25,Adventist Health White Memorial Cesar E. Chavez,Adventist Health Howard Memorial,,0.882,11,6,2652,2653
CA,2026-06-25,Adventist Health Howard Memorial,Adventist Health St. Helena,,0.882,6,3,2653,2656
CA,2026-06-25,Adventist Health Howard Memorial,Adventist Health Simi Valley,,0.882,6,7,2653,2663
CA,2026-06-25,Adventist Health Mendocino Coast,Adventist Health Vallejo,,0.882,3,3,2654,2661
CA,2025-04-09,"Right at School, LLC (B Gale Wilson Middle)","Right at School, LLC (Dover Elementary",,0.882,3,16,3216,3220
CA,2025-04-09,"Right at School, LLC (Cordelia Hills Elementary)","Right at School, LLC (Oakbrook Academy)",,0.882,8,4,3218,3227
CA,2022-10-31,DZConneX at Eagle Rock Library,DZConneX at York Boulevard Park,,0.882,2,3,4675,4681
CA,2022-10-31,DZConneX at Montebello Plaza Kiosk,DZConneX at Norco College Kiosk,,0.882,2,1,4687,4704
CA,2021-12-16,Wyndham Hotels & Resorts dba La Quinta San Francisco Airport North,Wyndham Hotels & Resorts dba La Quinta Thousand Oaks-Newbury Park with L.Q. Management LLC,,0.882,27,19,5455,5456
CA,2020-03-20,"Avalon PS HM LLC, dba Avalon Palm Springs","Avalon PS HM LLC, dba Ingleside & Melvyn's Restaurant",Palm Springs,0.882,72,72,6255,10108
CA,2020-09-02,HV Global Management Corp.,HV Global Marketing Corporation,Carmel,0.882,94,17,6364,6365
CA,2020-05-26,"Jackson Family Wines, Inc.",Jackson Family Enterprises,Santa Rosa,0.882,22,10,6487,7955
CA,2020-03-24,Crews dba Breeze,Crews dba Jersey Mike's,Los Angeles,0.882,9,28,10916,10920
CA,2020-03-21,DeLuca Associates Inc. at Kerasotes Santa Clara County,DeLuca Associates Inc. at AMC Mercado 20,Santa Clara,0.882,16,13,10766,10767
CA,2014-11-04,Warner Bros. Burbank Television,Warner Bros. Pictures,Burbank,0.882,6,1,14998,15005
IL,2008-09-12,Syncreon (formerly TDS/US Automotive Logistics),Syncreon-US Automotive (formerly TDS/US Automotive Logistics),"2924 E. 126th Street Chicago, IL 60633-1133",0.882,68,68,23253,69065
SC,2020-04-03,Asbury Automotive Groupdba Lexus of Greenville,Asbury Automotive GroupCrown Nissan,Greenville,0.882,23,23,37660,37662
TX,2025-05-21,Child Care Associates (Morris Foundation),Child Care Associates (JA Hargrave),Fort Worth,0.882,17,19,39388,39392
TX,2020-08-27,Marriott Rivercenter Hotel,Marriott Riverwalk,San Antonio,0.882,237,45,40306,40307
TX,2013-08-12,SER Jobs for Progress-SW 40th Street,SER Jobs for Progress-Administrative Office,San Antonio,0.882,4,32,45124,45125
TX,2013-08-12,SER Jobs for Progress-SW 40th Street,SER Jobs for Progress-Marbach Rd.,San Antonio,0.882,4,13,45124,45126
TX,2015-09-01,ConocoPhillips-Westlake Park2,ConocoPhillips-Barker Cypress,Houston,0.882,50,50,45530,45538
NY,2020-06-10,Hyatt Corporation dba Hyatt Centric Times Square,Hyatt Corporation dba Andaz Wall Street,New York,0.882,221,114,58292,58295
NY,2020-04-22,Visionworks (Capital Region),Visionworks (Southern Region),,0.882,91,47,58569,58572
NY,2020-04-17,Wolf Gotham LLC dba Wolfgang's Steakhouse,Wolf Westside LLC dba Wolfgang's Steakhouse,New York,0.882,24,76,58614,58641
NY,2020-03-19,EVEN Hotel Times Square South,EVEN Hotel Midtown East,New York,0.882,35,58,59545,59549
NY,2018-03-30,The Mandell School (Upper West Side),The Mandell School (Lincoln Square),New York,0.882,24,20,60648,60649
CA,2026-01-06,Alameda Health System - System Support Center,Alameda Health System - Park Bridge,,0.881,18,3,2004,2006
CA,2026-01-29,"Chan Zuckerberg Biohub, Inc.","Chan Zuckerberg Initiative, LLC",,0.881,1,38,2091,2092
CA,2026-03-12,Total Storage Solutions (El Monte Stor It Now),Total Storage Solutions (Studebaker Self Storage),,0.881,3,3,2248,2249
CA,2026-04-02,"Good Sports Plus, Ltd dba ARC - Barbara Worth Junior High School",Good Sports Plus Ltd. dba Arc,,0.881,5,4,2319,2330
CA,2026-04-02,Good Sports Plus dba Arc - Padilla-Pace Middle School,"Good Sports Plus Ltd, dba Arc Phil D. Swing Elementary School",,0.881,7,13,2323,2324
CA,2026-05-13,Boys & Girls Club of LA Harbor - Harry Bridges Span School,Boys & Girls Club of the LA Harbor - Harbor Teacher Prep Academy,,0.881,3,7,2486,2487
CA,2026-05-13,Boys & Girls Club of the LA Harbor - Barton Hill Elementary,Boys & Girls Club at the LA Harbor - Narbonne High School,,0.881,3,2,2490,2501
CA,2026-06-25,Adventist Health Clear Lake,Adventist Health Twin Cities,,0.881,4,4,2649,2660
CA,2026-06-25,Adventist Health Ukiah Valley,Adventist Health Twin Cities,,0.881,5,4,2655,2660
CA,2026-06-25,Adventist Health Ukiah Valley,Adventist Health Sonora,,0.881,5,8,2655,2662
CA,2025-04-09,"Right at School, LLC (B Gale Wilson Middle)","Right at School, LLC (Matt Garcia and College Academy)",,0.881,3,2,3216,3225
CA,2025-04-09,"Right at School, LLC (KI Jones Elementary)","Right at School, LLC (Matt Garcia and College Academy)",,0.881,11,2,3224,3225
CA,2025-04-28,"Center Point, Inc. (475-750)","Center Point, Inc. (San Quentin)",,0.881,20,14,3334,3335
CA,2021-03-18,Johnson & Johnson,Johnson & Johnson Health Care Systems Inc.,South San Francisco,0.881,2,5,7471,7475
CA,2020-03-24,Crews dba Breeze,Crews dba Built Burger,Los Angeles,0.881,9,21,10916,10917
CA,2014-11-04,Warner Bros. Entertainment,Warner Bros. Pictures,Burbank,0.881,13,1,15002,15005
CO,2023-02-27,Telluride Sports Camel's Garden,Telluride Sports - The Peaks,,0.881,,,15628,15633
CO,2023-02-27,Telluride Sports - Cimarron Lodge,Telluride Sports - The Peaks,,0.881,,,15629,15633
IL,2020-06-23,"Freeman Expositions, LLC","Freeman Company, LLC","8201 W 47th St., McCook, IL 60525 600 W Chicago Ave., Ste.125 Chicago, IL 60610",0.881,130,132,24712,24821
SC,2020-04-03,Asbury Automotive Group(JLPV),Asbury Automotive Groupdba Lexus of Greenville,Greenville,0.881,14,23,37659,37660
TX,2025-05-21,Child Care Associates (Meachum),Child Care Associates(North Fort Worth),Fort Worth,0.881,15,16,39384,39389
TX,2022-10-14,Center Point Towers,Center Point Platinum,Houston,0.881,204,5,39978,39979
TX,2020-11-24,Compass Group Eurest - Hwy 360,Compass Group Eurest - One Transformation Way,Fort Worth,0.881,12,4,40211,40213
TX,2020-03-31,Justin Brands-El Paso,Justin Brands-1756 Gateway,El Paso,0.881,179,6,40758,40768
TX,2020-03-23,Hooters - Ingram Rd.,Hooters - San Pedro,San Antonio,0.881,59,46,41140,41141
TX,2009-04-16,Wackenhut Corporation - Round Rock Mail Room,Wackenhut Corporation - PC1 Data Center,Austin,0.881,10,10,44147,44156
TX,2015-09-01,ConocoPhillips-Westlake Park2,ConocoPhillips-Threadneedle,Houston,0.881,50,50,45530,45537
TX,2015-09-01,ConocoPhillips-Park Ten Pl.,ConocoPhillips-Barker Cypress,Houston,0.881,50,50,45534,45538
TX,2016-11-09,Seton Healthcare- Chevy Chase,Seton Healthcare-Medical Park Tower,Austin,0.881,34,21,45841,45844
NY,2023-10-25,"TJX Companies, Inc. - Marshalls Store 1074","TJX Companies, Inc. d/b/a TJ Maxx Store",,0.881,,,56943,56944
NY,2020-06-10,Hyatt Corporation The Beekman,Hyatt Corporation dba Hyatt Centric Times Square,New York,0.881,105,221,58289,58292
NY,2020-06-10,Hyatt Corporation dba Hyatt Centric Times Square,Hyatt Corporation dba Park South,New York,0.881,221,57,58292,58293
NY,2020-04-22,Visionworks (Mohawk Valley Region),Visionworks (New York City Region),,0.881,41,49,58556,58574
NY,2020-02-04,M&T Bank (Long Island),M&T Bank (NYC),New York,0.881,17,28,59823,59830
NY,2018-09-13,Henri Bendel ( Home Office),Henri Bendel (Flagship Store),New York,0.881,42,67,60454,60455
NY,2016-11-14,Yeshiva University - Israel Henry Beren Campus,Yeshiva University -Brookdale Center,New York,0.881,4,2,61171,61172
KY,2020-03-20,Communicare Clinic - Lebanon,Communicare Services - Lebanon,Marion,0.881,16,16,67352,67354
CA,2025-11-03,CommUnify - Chapel Office,CommUnify - JC Washington Center,,0.88,13,3,1866,1867
CA,2026-01-06,Alameda Health System - Wilma Chan Highland Hospital,Alameda Health System - Park Bridge,,0.88,128,3,2000,2006
CA,2026-01-29,Amazon,Amazon - SNA 16,,0.88,89,24,2097,2099
CA,2026-01-29,Amazon,Amazon - SNA 17,,0.88,89,1,2097,2100
CA,2026-01-29,Amazon,Amazon - SNA 20,,0.88,89,25,2097,2101
CA,2026-01-29,Amazon,Amazon - SAN 13,,0.88,89,38,2097,2103
CA,2026-01-29,Amazon,Amazon - SAN 15,,0.88,89,1,2097,2104
CA,2026-01-29,Amazon,Amazon - SAN 17,,0.88,89,19,2097,2105
CA,2026-01-29,Amazon,Amazon - SAN 18,,0.88,89,13,2097,2106
CA,2026-01-29,Amazon,Amazon - SAN 21,,0.88,89,2,2097,2107
CA,2026-01-29,Amazon,Amazon - SFO 13,,0.88,89,19,2097,2109
CA,2026-01-29,Amazon,Amazon - SFO 28,,0.88,89,84,2097,2110
CA,2026-04-17,YMCA Arellanes Elementary School,YMCA Tunnel Elementary School,,0.88,6,10,2382,2397
CA,2026-04-17,YMCA Arellanes Elementary School,YMCA Oakley Elementary School,,0.88,6,9,2382,2399
CA,2026-05-13,Boys & Girls Club of the LA Harbor - Gulf Ave Elementary,Boys & Girls Club of LA Harbor - Wilmington Park ES,,0.88,1,3,2485,2489
CA,2026-05-13,Boys & Girls Club of LA Harbor - Harry Bridges Span School,Boys & Girls Club of the LA Harbor - Wilmington Club,,0.88,3,3,2486,2488
CA,2026-06-25,Adventist Health Glendale,Adventist Health Howard Memorial,,0.88,12,6,2650,2653
CA,2026-06-25,Adventist Health White Memorial Cesar E. Chavez,Adventist Health St. Helena,,0.88,11,3,2652,2656
CA,2026-06-25,Adventist Health Lodi Memorial,Adventist Health Twin Cities,,0.88,7,4,2658,2660
CA,2023-06-07,AMP Printing,AMP Printing - Mailing Address,,0.88,54,35,3569,3570
CA,2023-12-14,Cruise LLC - Headquarters,Cruise LLC,,0.88,330,121,3946,3947
CA,2024-02-01,Maxar Space LLC - Meadow,Mazar Space LLC - Leghorn,,0.88,8,6,4112,4114
CA,2024-05-01,Cue Health Inc. Nancy Ridge II,Cue Health Inc. Vista,,0.88,7,15,4370,4372
CA,2020-05-05,The Neilsen Company,"The Nielson Company (US), LLC",San Francisco,0.88,38,38,8158,8913
CA,2020-03-31,"Highgate Hotels, L.P., dba Stanford Court San Francisco","Highgate Hotels, L.P. dba Huntington Hotel",San Francisco,0.88,125,184,9691,10058
CA,2014-11-04,Warner Bros. Studio Facilities,Warner Bros. Technical Operations,Burbank,0.88,24,11,15006,15007
TX,2020-03-23,Schulte Companies-E. Houston,Schulte Companies-Cinema Ridge,San Antonio,0.88,22,19,41065,41066
TX,2009-04-16,Wackenhut Corporation - Round Rock Mail Room,Wackenhut Corporation - Parmer South 1-4,Austin,0.88,10,10,44147,44150
TX,2019-07-08,"NTT Data, Inc.-Jackson Ave.","NTT Data, Inc.-N IH 35",Austin,0.88,97,1,46395,46396
CT,2019-05-23,DATTCO,DATTCO (Bethel),Bethel,0.88,52,52,53848,54110
