Business Legal Name,Date Layoff/Closure Starts,Date of WARN Notice ,Date Posted  ,Impacted Site Address,Impacted Site County,Layoff or Closure?,Permanent or Temporary Layoff?,Reason for Layoff/Closure   ,Index,Number of Affected Workers ,Number of Affected Workers 
1 Hotel Brooklyn Bridge,2020-03-22,2020-03-25,2020-03-25,"60 Furman Street  Brooklyn, NY, 11201",Kings,,N/A,Unforeseeable business circumstances prompted by COVID 19,"1,342",169,169
1 Hotel Central Park,2020-03-30,2020-03-30,2020-03-30,"1414 Avenue of the Americas  New York, NY, 10019",New York,,N/A,Unforeseeable business circumstances prompted by COVID 19,"1,160",146,146
11 Howard (Soho Hotel Manager LLC),2020-03-01,2020-05-27,2020-05-27,"11 Howard St.  New York, NY, 10036",New York,,N/A,Unforeseeable business circumstances prompted by COVID 19,538,123,123
"11th Street Hospitality LLC dba Cathedrale, Alphabet Bar and Little Sister (Moxy EV F&B)",2020-03-23,2020-04-01,2020-04-01,"112 East 11th Street  New York, NY, 10003",New York,,N/A,Unforeseeable business circumstances prompted by COVID 19,"1,059",218,218
"11th Street Hospitality LLC dba Cathedrale, Alphabet Bar and Little Sister (Moxy EV F&B) (NYC)",2020-08-10,2020-08-11,2020-08-11,"112 East 11th Street  New York, NY, 10003",New York,,N/A,Unforeseeable business circumstances prompted by COVID 19,221,5,5
"20 Times Rest LLC - 701 West, Lobby Bar, Paradise Club, and The Terrace and Outdoor Gardens",2020-03-16,2020-03-18,2020-03-18,"701 7th Ave.  New York, NY, 10036",New York,,N/A,Unforeseeable business circumstances prompted by COVID 19,"1,691",292,292
22 East 54th Street Restaurant Corp dba Papillon Bistro and Bar,2020-03-16,2020-03-20,2020-03-20,"22 East 54th St.  New York, NY, 10018",New York,,N/A,Unforeseeable business circumstances prompted by COVID 19,"1,566",75,75
"26th Street Restaurant, LLC d/b/a Upland NYC",2020-12-14,2020-12-11,2020-12-11,"345 Park Avenue South  New York, NY, 10010",New York,,N/A,Unforeseeable business circumstances prompted by COVID 19,12,18,18
"26th Street Restaurant, LLC dba Upland NYC",2020-03-23,2020-03-25,2020-03-25,"345 Park Ave. South  New York, NY, 10010",New York,,N/A,Unforeseeable business circumstances prompted by COVID 19,"1,360",134,134
"28 Liberty F&B Management, LLC",2020-03-18,2020-03-31,2020-03-31,"28 Liberty Street  New York, NY, 10005",New York,,N/A,Unforeseeable business circumstances prompted by COVID 19,"1,091",178,178
29th Street NY Food and Beverage Operating Company LLC,2020-03-18,2020-03-31,2020-03-31,"29 East 29th Street  New York, NY, 10016",New York,,N/A,Unforeseeable business circumstances prompted by COVID 19,"1,092",165,165
30 Park Place Hotel LLC,2020-03-30,2020-03-19,2020-03-19,"27 Barclay St.  New York, NY, 10007",New York,,N/A,Unforeseeable business circumstances prompted by COVID 19,"1,635",204,204
"33rd Street Bakery, Inc.",2020-03-22,2020-04-17,2020-04-17,"43-27 33rd Street  Long Island City, NY, 11101",Queens,,N/A,Unforeseeable business circumstances prompted by COVID 19,779,101,101
34 8th Avenue LLC dba Anfora,2020-03-17,2020-03-26,2020-03-26,"34 8th Avenue  New York, NY, 10014",New York,,N/A,Unforeseeable business circumstances prompted by COVID 19,"1,296",11,11
35th & 7th Restaurant Management Group dba VERSA,2020-11-20,2020-11-09,2020-11-09,"218 West 35th Street, Fifth Floor  New York, NY, 10001",New York,,N/A,Unforeseeable business circumstances prompted by COVID 19,38,65,65
38 MacDougal LLC dba Shuka,2020-03-16,2020-03-16,2020-03-16,"38 MacDougal St.  New York, NY, 10012",New York,,N/A,Unforeseeable business circumstances prompted by COVID 19,"1,785",93,93
38 W. 36th Street LLC,2020-03-16,2020-03-30,2020-03-30,"38 W. 36th Street  New York, NY, 10018",New York,,N/A,Unforeseeable business circumstances prompted by COVID 19,"1,161",53,53
38 West 26th Street Restaurant Corp. dba Flatiron Hall,2020-03-15,2020-03-26,2020-03-26,"38 West 26th Street  New York, NY, 10010",New York,,N/A,Unforeseeable business circumstances prompted by COVID 19,"1,297",49,49
"42nd Apple, LLC",2020-03-17,2020-03-25,2020-03-25,"234 West 42nd Street  New York, NY, 10036",New York,,N/A,Unforeseeable business circumstances prompted by COVID 19,"1,361",48,48
44 Restaurant LLC dba The Lambs Club,2020-03-23,2020-03-30,2020-03-30,"130 W 44th Street  New York, NY, 10036",New York,,N/A,Unforeseeable business circumstances prompted by COVID 19,"1,162",133,133
47 Realtop Corp. (TGIF Restaurant),2020-03-16,2020-03-18,2020-03-18,"47 Broadway  New York, NY, 10006",New York,,N/A,Unforeseeable business circumstances prompted by COVID 19,"1,692",29,29
"48th Restaurant Associates, LLC dab Avra Estiatorio",2020-03-23,2020-03-23,2020-03-23,"141 East 48th Street  New York, NY, 10017",New York,,N/A,Unforeseeable business circumstances prompted by COVID 19,"1,489",101,101
49th Street Restaurant LLC dba Lillie's,2020-03-16,2020-03-25,2020-03-25,"249 West 49th Street  New York, NY, 10019",New York,,N/A,Unforeseeable business circumstances prompted by COVID 19,"1,362",63,63
"55th Street Hospitality Holdings, LLC dba The Ricky Fishbowl and PHD Terrace (Dream Midtown F&B)",2020-03-23,2020-04-01,2020-04-01,"210 West 55th Street  New York, NY, 10019",New York,,N/A,Unforeseeable business circumstances prompted by COVID 19,"1,060",95,95
"55th Street Hospitality Holdings, LLC dba The Ricky Fishbowl and PHD Terrace (Dream Midtown F&B) (NYC)",2020-08-10,2020-08-10,2020-08-10,"210 West 55th Street  New York, NY, 10019",New York,,N/A,Unforeseeable business circumstances prompted by COVID 19,236,3,3
55th Street Restaurant Operating LLC dba DIG,2020-03-18,2020-03-24,2020-03-24,"40 West 55th Street  New York, NY, 10019",New York,,N/A,Unforeseeable business circumstances prompted by COVID 19,"1,431",22,22
56th & Park F&B Management LLC dba The Restaurant,2020-03-16,2020-03-27,2020-03-27,"432 Park Avenue  New York, NY, 10022",New York,,N/A,Unforeseeable business circumstances prompted by COVID 19,"1,234",26,26
"57th Restaurant Associates, LLC dba Rue57 Brasserie",2020-03-23,2020-03-23,2020-03-23,"60 West 57th Street  New York, NY, 10019",New York,,N/A,Unforeseeable business circumstances prompted by COVID 19,"1,490",119,119
63 W. 38th Street LLC,2020-03-16,2020-03-30,2020-03-30,"64 W. 39th Street  New York, NY, 10018",New York,,N/A,Unforeseeable business circumstances prompted by COVID 19,"1,163",111,111
70 Pine Ops dba Crown Shy,2020-03-16,2020-03-22,2020-03-22,"70 Pine Street  New York, NY, 10005",New York,,N/A,Unforeseeable business circumstances prompted by COVID 19,"1,533",170,170
"79 Walker Street Restaurant, LLC (Au Cheval Diner) (NYC)",2020-05-06,2020-11-02,2020-11-02,"33 Cortlandt Alley  New York, NY, 10013",New York,,N/A,Unforeseeable business circumstances prompted by COVID 19,44,45,45
"84 William Street JV, LLC dba AKA Wall Street",2020-03-30,2020-03-27,2020-03-27,"84 William Street  New York, NY, 10038",New York,,N/A,Unforeseeable business circumstances prompted by COVID 19,"1,235",31,31
85 W Broadway JV LLC dba AKA Tribeca,2020-03-27,2020-03-27,2020-03-27,"85 W. Broadway  New York, NY, 10007",New York,,N/A,Unforeseeable business circumstances prompted by COVID 19,"1,236",27,27
"85th & 3rd LLC; Emmy Squared Bedford, LLC; ESQEV LLC; Garlic Knots 364 I; and GPEV LLC  (Pizza Loves Emily Holdings, LLC)",2020-03-16,2020-03-25,2020-03-25,"1426 3rd Avenue  New York, NY, 10028",New York,,N/A,Unforeseeable business circumstances prompted by COVID 19,"1,363",167,167
"88 Ninth Avenue Hospitality, LLC dba Catch Steak",2020-04-06,2020-03-16,2020-03-16,"88 Ninth Ave.  New York, NY, 10011",New York,,N/A,Unforeseeable business circumstances prompted by COVID 19,"1,786",353,353
100 Hospitality LLC,2020-03-17,2020-03-17,2020-03-17,"100 Walt Whitman Road  Huntington, NY, 11746",Suffolk,,N/A,Unforeseeable business circumstances prompted by COVID 19,"1,779",68,68
"114 PQ Bakery, LLC",2020-03-20,2020-04-17,2020-04-17,"1131 Madison Avenue  New York, NY, 10028",New York,,N/A,Unforeseeable business circumstances prompted by COVID 19,738,128,128
"116 PQ Central Park, Inc.",2020-03-20,2020-04-17,2020-04-17,"922 7th Avenue  New York, NY, 10019",New York,,N/A,Unforeseeable business circumstances prompted by COVID 19,739,116,116
"117th Apple, LLC",2020-03-17,2020-03-25,2020-03-25,"509 East 117th Street  New York, NY, 10035",New York,,N/A,Unforeseeable business circumstances prompted by COVID 19,"1,364",45,45
"121 PQ New York, Inc.",2020-03-20,2020-04-17,2020-04-17,"50 Broad Street, 12th Floor  New York, NY, 10004",New York,,N/A,Unforeseeable business circumstances prompted by COVID 19,740,38,38
"125 EMS Hotel, LLC (Hyatt Regency Rochester)",2020-10-05,2020-10-13,2020-10-13,"125 E. Main Street  Rochester, NY, 14804",Monroe,,N/A,Unforeseeable business circumstances prompted by COVID 19,61,120,120
"125 W. 44 Restaurant Associates, LLC dba Hunt & Fish Club",2020-07-06,2020-04-07,2020-04-07,"125 W. 44th Street  New York, NY, 10036",New York,,N/A,Unforeseeable business circumstances prompted by COVID 19,928,74,74
"130 West 3rd Café, Inc. dba The Fat Black Pussycat",2020-03-17,2020-03-24,2020-03-24,"130 West 3rd Street  New York, NY, 10012",New York,,N/A,Unforeseeable business circumstances prompted by COVID 19,"1,432",40,40
"131 PQ 53rd Street, Inc.",2020-03-20,2020-04-17,2020-04-17,"7 East 53rd Street  New York, NY, 10022",New York,,N/A,Unforeseeable business circumstances prompted by COVID 19,741,54,54
132 W. 27th Street LLC,2020-03-16,2020-03-30,2020-03-30,"132 W. 27th Street  New York, NY, 10001",New York,,N/A,Unforeseeable business circumstances prompted by COVID 19,"1,164",58,58
"133 PQ 6th Ave., Inc.",2020-03-20,2020-04-17,2020-04-17,"1271 6th Avenue  New York, NY, 10020",New York,,N/A,Unforeseeable business circumstances prompted by COVID 19,742,48,48
"134 West 3rd Street Rest, Inc. dba 3 Sheets Saloon",2020-03-16,2020-04-17,2020-04-17,"134 West 3rd Street  New York, NY, 10012",New York,,N/A,Unforeseeable business circumstances prompted by COVID 19,743,34,34
"144 PQ 97th Street, Inc.",2020-03-20,2020-04-17,2020-04-17,"1399 Madison Avenue  New York, NY, 10029",New York,,N/A,Unforeseeable business circumstances prompted by COVID 19,744,32,32
147 West 46th Operating Inc. (TGIF Restaurant),2020-03-16,2020-03-18,2020-03-18,"147 West 46th St  New York, NY, 10036",New York,,N/A,Unforeseeable business circumstances prompted by COVID 19,"1,693",53,53
"149 Second Ave. Rest., Inc. dba The 13th Step",2020-03-16,2020-04-17,2020-04-17,"149 2nd Avenue  New York, NY, 10003",New York,,N/A,Unforeseeable business circumstances prompted by COVID 19,745,33,33
156 Tenth Ave Restaurant LLC dba Cookshop,2020-03-15,2020-03-16,2020-03-16,"156 Tenth Ave  New York, NY, 10011",New York,,N/A,Unforeseeable business circumstances prompted by COVID 19,"1,787",106,106
168 Orchard Street Partners Inc. dba Hair of the Dog,2020-03-16,2020-04-17,2020-04-17,"168 Orchard Street  New York, NY, 10002",New York,,N/A,Unforeseeable business circumstances prompted by COVID 19,746,18,18
181 Thompson Street LLC,2020-03-16,2020-03-29,2020-03-29,"181 Thompson Street  New York, NY, 10012",New York,,N/A,Unforeseeable business circumstances prompted by COVID 19,"1,208",120,120
"210 the G, LLC",2020-03-23,2020-03-25,2020-03-25,"35 Hudson Yards, 24th Floor  New York, NY, 10001",New York,,N/A,Unforeseeable business circumstances prompted by COVID 19,"1,365",140,140
"210 The G, LLC d/b/a Electric Lemon",2020-12-14,2020-12-11,2020-12-11,"35 Hudson Yards  New York, NY, 10001",New York,,N/A,Unforeseeable business circumstances prompted by COVID 19,13,55,55
211 West 34 Operating LLC (TGIF Restaurant),2020-03-16,2020-03-18,2020-03-18,"211 West 34th St.  New York, NY, 10001",New York,,N/A,Unforeseeable business circumstances prompted by COVID 19,"1,694",43,43
"228 West 10th Street, LLC dba L'Artusi",2020-03-17,2020-03-26,2020-03-26,"228 West 10th Street  New York, NY, 10014",New York,,N/A,Unforeseeable business circumstances prompted by COVID 19,"1,298",110,110
246 Spring Street NY LLC dba The Dominick,2020-03-19,2020-03-19,2020-03-19,"246 Spring Street  New York, NY, 10013",New York,,N/A,Unforeseeable business circumstances prompted by COVID 19,"1,636",48,48
"289 Hospitality, LLC dba Marquee NY",2020-03-23,2020-03-31,2020-03-31,"289 10th Avenue  New York, NY, 10001",New York,,N/A,Unforeseeable business circumstances prompted by COVID 19,"1,093",49,49
"289 Hospitality, LLC dba Marquee NY (NYC)",2020-08-10,2020-08-11,2020-08-11,"289 10th Avenue  New York, NY, 10001",New York,,N/A,Unforeseeable business circumstances prompted by COVID 19,222,2,2
299 Cleaning Service Company II LP,2020-03-18,2020-04-18,2020-04-18,"299 Park Avenue, 42nd Floor  New York, NY, 10171",New York,,N/A,Unforeseeable business circumstances prompted by COVID 19,722,22,22
"331 PAS F&B Management, LLC dba LoBall",2020-03-18,2020-03-31,2020-03-31,"853 Broadway, 17th Floor  New York, NY, 10003",New York,,N/A,Unforeseeable business circumstances prompted by COVID 19,"1,094",16,16
"333 South Service Road, LLC dba Four Points by Sheraton Plainview",2020-02-15,2020-06-15,2020-06-15,"333 South Service Road  Plainview, NY, 11803",Nassau,,N/A,Unforeseeable business circumstances prompted by COVID 19,429,14,14
"375 Amsterdam Avenue, LLC dba Daily Provisions",2020-03-18,2020-03-31,2020-03-31,"375 Amsterdam Avenue  New York, NY, 10024",New York,,N/A,Unforeseeable business circumstances prompted by COVID 19,"1,095",49,49
"377 Greenwich Operating, LLC dba The Greenwich Hotel",2020-03-18,2020-03-19,2020-03-19,"377 Greenwich Street  New York, NY, 10013",New York,,N/A,Unforeseeable business circumstances prompted by COVID 19,"1,637",76,76
"440 Jericho Turnpike Auto Sales, LLC dba Ford & Lincoln of Smithtown",2020-03-17,2020-03-24,2020-03-24,"440 East Jericho Turnpike  St. James, NY, 11780",Suffolk,,N/A,Unforeseeable business circumstances prompted by COVID 19,"1,462",43,43
442 Amsterdam Ave. Rest. Corp. dba The Gin Mill,2020-03-16,2020-04-17,2020-04-17,"442 Amsterdam Ave.  New York, NY, 10024",New York,,N/A,Unforeseeable business circumstances prompted by COVID 19,747,32,32
444 PAS Restaurant Associates LLC,2020-03-16,2020-03-30,2020-03-30,"444 Park Ave.  New York, NY, 10016",New York,,N/A,Unforeseeable business circumstances prompted by COVID 19,"1,165",84,84
455 Hospitality LLC (the DoubleTree By Hilton Tarrytown),2020-03-20,2020-03-19,2020-03-19,"455 S. Broadway  Tarrytown, NY, 10591",Westchester,,N/A,Unforeseeable business circumstances prompted by COVID 19,"1,681",131,131
"530 Hospitality, LLC dba The Skylark",2020-05-24,2020-05-20,2020-05-20,"200 W. 39th St.  New York, NY, 10018",New York,,N/A,Unforeseeable business circumstances prompted by COVID 19,557,59,59
"545 West 30th Street F & B Management, LLC dba Cedric's at the Shed",2020-03-18,2020-03-31,2020-03-31,"545 West 30th Street  New York, NY, 10001",New York,,N/A,Unforeseeable business circumstances prompted by COVID 19,"1,096",34,34
"568 Amsterdam, LLC dba Sirenetta",2020-03-15,2020-03-16,2020-03-16,"568 Amsterdam Avenue  New York, NY, 10024",New York,,N/A,Unforeseeable business circumstances prompted by COVID 19,"1,788",40,40
605 Cleaning Service Company II LP,2020-04-01,2020-04-18,2020-04-18,"299 Park Avenue, 42nd Floor  New York, NY, 10171",New York,,N/A,Unforeseeable business circumstances prompted by COVID 19,723,16,16
605 Third Avenue Fee LLC,2020-04-03,2020-04-18,2020-04-18,"299 Park Avenue, 42nd Floor  New York, NY, 10171",New York,,N/A,Unforeseeable business circumstances prompted by COVID 19,724,2,2
741 Eighth Avenue Owners LLC dba Hotel Riu Plaza New York Times Square,2020-03-22,2020-08-24,2020-08-24,"305 W. 46th St.  New York, NY, 10036",New York,,N/A,Unforeseeable business circumstances prompted by COVID 19,191,129,129
770 Broadway Company LLC,,2020-04-14,2020-04-14,"11 Penn Plaza  New York, NY, 10001",New York,,N/A,Unforeseeable business circumstances prompted by COVID 19,804,58,58
888 Seventh Ave LLC,,2020-04-14,2020-04-14,"11 Penn Plaza  New York, NY, 10001",New York,,N/A,Unforeseeable business circumstances prompted by COVID 19,805,29,29
954 SECOND CORP dba BLOCKHEADS BURRITOS,2020-03-17,2020-03-17,2020-03-17,"954 Second Ave.  New York, NY, 10022",New York,,N/A,Unforeseeable business circumstances prompted by COVID 19,"1,745",30,30
1345 Cleaning Service Company II LP,2020-04-01,2020-04-18,2020-04-18,"299 Park Avenue, 42nd Floor  New York, NY, 10171",New York,,N/A,Unforeseeable business circumstances prompted by COVID 19,725,35,35
1345 Leasehold LLC,2020-03-28,2020-04-18,2020-04-18,"299 Park Avenue, 42nd Floor  New York, NY, 10171",New York,,N/A,Unforeseeable business circumstances prompted by COVID 19,726,9,9
1626 SRJ LLC,2020-06-01,2020-05-26,2020-05-26,"750 7th Avenue  New York, NY, 10019",New York,,N/A,Unforeseeable business circumstances prompted by COVID 19,547,182,182
"1650 Broadway Associates, Inc.",2020-03-16,2020-04-17,2020-04-17,"1650 Broadway  New York, NY, 10019",New York,,N/A,Unforeseeable business circumstances prompted by COVID 19,748,280,280
"1661, Inc. dba GOAT and Flight Club New York, LLC",2020-03-30,2020-03-30,2020-03-30,"812 Broadway  New York, NY, 10003",New York,,N/A,Unforeseeable business circumstances prompted by COVID 19,"1,166",77,77
8812-8814 Restaurant Corp dba Arirang Hibachi Steakhouse,2020-03-20,2020-03-23,2020-03-23,"8812-14 4th Avenue  Brooklyn, NY, 11209",Kings,,N/A,Unforeseeable business circumstances prompted by COVID 19,"1,477",83,83
'21' Club,2021-03-09,2020-04-02,2020-04-02,"21 W. 52nd Street  New York, NY, 10019",New York,,N/A,Unforeseeable business circumstances prompted by COVID 19,"1,031",148,148
"A360 Media, LLC (formerly American Media, LLC)",2020-09-04,2020-09-04,2020-09-04,"4 NY Plaza  New York, NY, 10004",New York,,N/A,Unforeseeable business circumstances prompted by COVID 19,156,107,107
A.C. Moore (Bethpage),2020-03-17,2020-01-12,2020-01-12,"3988 Hempstead Turnpike  Bethpage, NY, 11714",Nassau,,N/A,Economic,160,39,39
A.C. Moore (Blasdell),2020-02-19,2020-01-12,2020-01-12,"3670 McKinley Parkway, Ste. 1  Blasdell, NY, 14219",Erie,,N/A,Economic,159,35,35
A.C. Moore (Nanuet),2020-02-19,2020-01-12,2020-01-12,"165 Rockland Center  Nanuet, NY, 10954",Rockland,,N/A,Economic,161,42,42
A&M (2015) LLC (2 Hudson Valley Locations),,2020-03-27,2020-03-27,"Arcadian Shopping Center, 240 South Highland Ave.  Ossining, NY, 10562",Rockland,,N/A,Unforeseeable business circumstances prompted by COVID 19,"1,274",,
A&M (2015) LLC (10 Long Island Mandee store locations),,2020-03-27,2020-03-27,"3539 Long Beach Road  Oceanside, NY, 11572",Nassau,,N/A,Unforeseeable business circumstances prompted by COVID 19,"1,230",,
A&M (2015) LLC (NYC),,2020-03-27,2020-03-27,"Manhattan Mall, 901 6th Avenue, Unit 185  New York, NY, 10001",New York,,N/A,Unforeseeable business circumstances prompted by COVID 19,"1,237",,
A&M Administration LLC d/b/a Charlotte Russe (Mohawk Valley),,2020-03-27,2020-03-27,"8555 Seneca Tpke. (Unit #L09)  New Hartford, NY, 13413",Oneida,,N/A,Unforeseeable business circumstances prompted by COVID 19,"1,268",,
A&M Administration LLC dba Charlotte Russe,,2020-03-27,2020-03-27,"21182 Salmon Run Mall Loop West ( Unit #D106)  Watertown, NY, 13601",Jefferson,,N/A,Unforeseeable business circumstances prompted by COVID 19,"1,223",,
A&M Administration LLC dba Charlotte Russe (Capital),2020-03-17,2020-03-27,2020-03-27,"One Crossgates Mall Road (Unit # P-201)  Albany, NY, 12203",Albany,,N/A,Unforeseeable business circumstances prompted by COVID 19,"1,217",9,9
A&M Administration LLC dba Charlotte Russe (Central),,2020-03-27,2020-03-27,"1 Destiny USA Dr. (Unit #A206)  Syracuse, NY, 13204",Onondaga,,N/A,Unforeseeable business circumstances prompted by COVID 19,"1,269",,
A&M Administration LLC dba Charlotte Russe (Hudson Valley),,2020-03-27,2020-03-27,"2512 Palisades Center Drive, Unit #B206  West Nyack, NY, 10994",Rockland,,N/A,Unforeseeable business circumstances prompted by COVID 19,"1,275",11,11
A&M Administration LLC dba Charlotte Russe (Long Island),2020-03-17,2020-03-27,2020-03-27,"1004 Green Acres Mall, Unit #44  Valley Stream, NY, 11581",Nassau,,N/A,Unforeseeable business circumstances prompted by COVID 19,"1,231",3,3
A&M Administration LLC dba Charlotte Russe (NYC),,2020-03-27,2020-03-27,"Queens Center Mall, 90-15 Queens Blvd.  Elmhurst, NY, 11373",Queens,,N/A,Unforeseeable business circumstances prompted by COVID 19,"1,270",41,41
A&M Administration LLC dba Charlotte Russe (Western),,2020-03-27,2020-03-27,"Walden Galleria, One Walden Galleria, Unit D108  Buffalo, NY, 14225",Erie,,N/A,Unforeseeable business circumstances prompted by COVID 19,"1,220",21,21
ABCO Refrigeration Supply Corp.,2020-03-27,2020-03-27,2020-03-27,"66-26 Metropolitan Ave.  Middle Village, NY, 11379",Queens,,N/A,Unforeseeable business circumstances prompted by COVID 19,"1,271",32,32
"Abercrombie & Fitch, abercrombie kids, Hollister Co., and Gilly Hicks  (1 site)",2020-03-28,2020-04-10,2020-04-10,"601-635 Harry L Drive, Ste 72  Johnson City, NY, 13790",Broome,,N/A,Unforeseeable business circumstances prompted by COVID 19,850,37,37
"Abercrombie & Fitch, abercrombie kids, Hollister Co., and Gilly Hicks  (1sites)",2020-03-28,2020-04-10,2020-04-10,"1 Sangertown Sq., Ste 72  New Hartford, NY, 13413",Oneida,,N/A,Unforeseeable business circumstances prompted by COVID 19,863,26,26
"Abercrombie & Fitch, abercrombie kids, Hollister Co., and Gilly Hicks  (2 sites)",2020-03-28,2020-04-10,2020-04-10,"120 Washington Avenue Ext. Ste. 194 and Ste. 80 (Crossgates Mall)  Albany, NY, 12203",Albany,,N/A,Unforeseeable business circumstances prompted by COVID 19,846,86,86
"Abercrombie & Fitch, abercrombie kids, Hollister Co., and Gilly Hicks  (2 sites)",2020-03-28,2020-04-10,2020-04-10,"437 and 752 Eastview Mall  Victor, NY, 14564",Ontario,,N/A,Unforeseeable business circumstances prompted by COVID 19,865,67,67
"Abercrombie & Fitch, abercrombie kids, Hollister Co., and Gilly Hicks  (2 sites)",2020-03-28,2020-04-10,2020-04-10,"9778 Destiny USA Drive, Space F118 & Space F215 (Destiny USA)  Syracuse, NY, 13204",Onondaga,,N/A,Unforeseeable business circumstances prompted by COVID 19,864,83,83
"Abercrombie & Fitch, abercrombie kids, Hollister Co., and Gilly Hicks  (2 sites)",2020-03-28,2020-04-10,2020-04-10,"21182 Salmon Run Loop West, Ste 164  Watertown, NY, 13601",Jefferson,,N/A,Unforeseeable business circumstances prompted by COVID 19,853,63,63
"Abercrombie & Fitch, abercrombie kids, Hollister Co., and Gilly Hicks  (2 sites)",2020-03-28,2020-04-10,2020-04-10,"One Walden Galleria, Space D-216 & Space D-114  Buffalo, NY, 14225",Erie,,N/A,Unforeseeable business circumstances prompted by COVID 19,851,71,71
"Abercrombie & Fitch, abercrombie kids, Hollister Co., and Gilly Hicks  (8 sites)",2020-03-28,2020-04-10,2020-04-10,"130 W 34th Street  New York, NY, 10001",New York,,N/A,Unforeseeable business circumstances prompted by COVID 19,857,"1,166","1,166"
"Abercrombie & Fitch, abercrombie kids, Hollister Co., and Gilly Hicks  (11 sites)",2020-03-28,2020-04-10,2020-04-10,"8000 Mall Walk (Cross Country Shopping Center)  Yonkers, NY, 10704",Westchester,,N/A,Unforeseeable business circumstances prompted by COVID 19,870,401,401
"Abercrombie & Fitch, abercrombie kids, Hollister Co., and Gilly Hicks  (14 sites)",2020-03-28,2020-04-10,2020-04-10,"152 The Arches Circle, Suite 525 (Deer Park Outlet)  Deer Park, NY, 11729",Suffolk,,N/A,Unforeseeable business circumstances prompted by COVID 19,868,696,696
"Able Services, Inc.",2020-03-27,2020-04-24,2020-04-24,"40 Sunshine Cottage Road  Valhalla, NY, 10595",Westchester,,N/A,Unforeseeable business circumstances prompted by COVID 19,680,28,28
"ABM Aviation, Inc.",2020-08-28,2020-08-25,2020-08-25,"136 Bowery Bay Blvd.  East Elmhurst, NY, 11371",Queens,,N/A,Unforeseeable business circumstances prompted by COVID 19,189,31,31
"ABM Aviation, Inc.",2020-06-03,2020-06-02,2020-06-02,"JFK International Airport Bldg 141 2nd floor  Jamaica, NY, 11430",Queens,,N/A,Unforeseeable business circumstances prompted by COVID 19,518,23,23
"ABM Aviation, Inc. ( JFK Airport Building)",2020-12-04,2020-12-04,2020-12-04,"141 Federal Circle, 2nd Floor  Jamaica, NY, 11430",Queens,,N/A,Unforeseeable business circumstances prompted by COVID 19,21,11,11
"ABM Aviation, Inc. (Airline Catering Assemblers at JFK Airport Building 81 South Cargo Rd., Jamaica)",2020-10-02,2020-10-02,2020-10-02,"JFK Airport Building 81 South Cargo Road  Jamaica, NY, 11430",Queens,,N/A,Unforeseeable business circumstances prompted by COVID 19,74,57,57
"ABM Aviation, Inc. (American Airlines Drivers & For-Hire Drivers at LaGuardia Airport, Queens)",2020-10-02,2020-10-02,2020-10-02,"LaGuardia Airport  Queens, NY, 11371",Queens,,N/A,Unforeseeable business circumstances prompted by COVID 19,75,54,54
"ABM Aviation, Inc. (Baggage Handlers at JFK Airport Terminal 2, Jamaica)",2020-10-02,2020-10-02,2020-10-02,"JFK Airport Terminal 2  Jamaica, NY, 11430",Queens,,N/A,Unforeseeable business circumstances prompted by COVID 19,76,151,151
"ABM Aviation, Inc. (Baggage Handlers at JFK Airport Terminal 4)",2020-10-02,2020-10-02,2020-10-02,"JFK Airport Terminal 4  Jamaica, NY, 11430",New York,,N/A,Unforeseeable business circumstances prompted by COVID 19,73,31,31
"ABM Aviation, Inc. (Janitorial Operations at JFK Airport Terminal 4., Jamaica)",2020-10-02,2020-10-02,2020-10-02,"JFK Airport Terminal 4  Jamaica, NY, 11430",Queens,,N/A,Unforeseeable business circumstances prompted by COVID 19,77,34,34
"ABM Aviation, Inc. (JFK Airport Building 141 Federal Circle)",2020-10-06,2020-10-06,2020-10-06,"JFK Airport Bldg. 141 Federal Circle, 2nd Floor  Jamaica, NY, 11430",Queens,,N/A,Unforeseeable business circumstances prompted by COVID 19,71,32,32
"ABM Aviation, Inc. (LaGuardia Airport Marine Air Terminal)",2020-11-30,2020-10-22,2020-10-22,"LaGuardia Airport Marine Air Terminal  East Elmhurst, NY, 11371",Queens,,N/A,Unforeseeable business circumstances prompted by COVID 19 and due to loss of contract with E Cars,1,20,20
"ABM Aviation, Inc. (LaGuardia Airport)",2020-10-02,2020-10-02,2020-10-02,"LaGuardia Airport, Hanger 7 South-East Entrance, 2nd Floor, Suite 254  Flushing, NY, 11371",Queens,,N/A,Unforeseeable business circumstances prompted by COVID 19,78,28,28
"ABM Aviation, Inc. (Taxi Operations with Port Authority of New York and New Jersey - LGA Airport)",2020-08-22,2020-08-19,2020-08-19,"LGA Airport Building - Hangar 7 South East Entrance 2nd Floor Suite 230  Flushing, NY, 11371",Queens,,N/A,Unforeseeable business circumstances prompted by COVID 19,201,55,55
"ABM Aviation, Inc.(JFK Airport)",2020-10-02,2020-10-02,2020-10-02,"JFK Airport Building 141 Federal Circle 2nd Floor  Jamaica, NY, 11430",Queens,,N/A,Unforeseeable business circumstances prompted by COVID 19,79,64,64
"ABM Aviation, Inc.(JFK)",2020-08-28,2020-08-25,2020-08-25,"Building 141, Federal Circle, 2nd Floor  Jamaica, NY, 11430",Queens,,N/A,Unforeseeable business circumstances prompted by COVID 19,190,40,40
Access - Supports for Living Inc. (at U.S. Merchant Marine Academy),2020-11-30,2020-08-28,2020-08-28,"300 Steamboat Rd.  Kings Point, NY, 11024",Nassau,,N/A,Termination of Access s service contract with the U S Merchant Marine Academy,1,53,53
"Ace Hotel New York (20 W. 29 St., NYC)",2020-03-23,2020-08-26,2020-08-26,"20 W. 29 Street  New York, NY, 10001",New York,,N/A,Unforeseeable business circumstances prompted by COVID 19,185,105,105
Acme Bus Corp.,2020-03-31,2020-04-28,2020-04-28,"1711 Front Street  Yorktown, NY, 10598",Westchester,,N/A,Unforeseeable business circumstances prompted by COVID 19,659,65,65
Acme Bus Corp.,2020-03-31,2020-04-28,2020-04-28,"(Six Acme Bus Corp. locations in Long Island)  , NY, ",Suffolk,,N/A,Unforeseeable business circumstances prompted by COVID 19,655,749,749
"Action Environmental Systems, LLC",2020-04-01,2020-04-22,2020-04-22,"920 132nd Street  Bronx, NY, 10454",Bronx,,N/A,Unforeseeable business circumstances prompted by COVID 19,689,55,55
Adams Hotels International LLC dba The Chatwal Hotel,2020-03-09,2020-06-08,2020-06-08,"130 W. 44th St.  New York, NY, 10036",New York,,N/A,Unforeseeable business circumstances prompted by COVID 19,481,59,59
"ADESA New York, LLC (ADESA Long Island)",2020-10-03,2020-08-04,2020-08-04,"425 Patchogue Yaphank Road  Yaphank, NY, 11980",Suffolk,,N/A,Unforeseeable business circumstances prompted by COVID 19,252,44,44
"ADESA New York, LLC (Buffalo)",2020-10-03,2020-08-04,2020-08-04,"12200 Main Rd  Akron, NY, 14001",Erie,,N/A,Unforeseeable business circumstances prompted by COVID 19,248,46,46
"ADESA New York, LLC and Automotive Finance Corporation (Akron)",2020-08-01,2020-06-24,2020-06-24,"12200 Main Road  Akron, NY, 14001",Erie,,N/A,Unforeseeable business circumstances prompted by COVID 19,368,49,49
"ADESA New York, LLC and Automotive Finance Corporation (Cicero)",2020-08-01,2020-06-24,2020-06-24,"5930 NY-31  Cicero, NY, 13039",Onondaga,,N/A,Unforeseeable business circumstances prompted by COVID 19,375,76,76
"ADESA New York, LLC and Automotive Finance Corporation (Yaphank)",2020-08-01,2020-06-25,2020-06-25,"425 Patchogue Yaphank Road  Yaphank, NY, 11980",Suffolk,,N/A,Unforeseeable business circumstances prompted by COVID 19,366,79,79
ADESA Syracuse  (Cicero),2020-10-03,2020-08-04,2020-08-04,"5930 NY-31  Cicero, NY, 13039",Onondaga,,N/A,Unforeseeable business circumstances prompted by COVID 19,251,1,1
ADI of NY LLC,2020-03-31,2020-04-07,2020-04-07,"1309 Old Country Road  Riverhead, NY, 11901",Suffolk,,N/A,Unforeseeable business circumstances prompted by COVID 19,936,10,10
ADINA LLC dba BABUJI,2020-03-15,2020-03-20,2020-03-20,"22 East 13th Street  New York, NY, 10003",New York,,N/A,Unforeseeable business circumstances prompted by COVID 19,"1,567",23,23
Adria Operating Corp. - Adria Hotel and Conference Center,2020-02-15,2020-06-15,2020-06-15,"221·17 Northern Blvd.  Bayside, NY, 11361",Queens,,N/A,Unforeseeable business circumstances prompted by COVID 19,442,13,13
"Advance Local Media, LLC",2020-10-19,2020-07-15,2020-07-15,"950  West Fingerboard Road  Staten Island, NY, 10305",Richmond,,N/A,Unforeseeable business circumstances prompted by COVID 19,291,35,35
AEG Global Partnerships LLC,2020-06-30,2020-06-08,2020-06-08,"53 W. 23rd St, 5th Floor  New York, NY, 10010",New York,,N/A,Unforeseeable business circumstances prompted by COVID 19,482,1,1
AEG Presents,2020-06-30,2020-06-08,2020-06-08,"53 W. 23rd Street, 5th floor  New York, NY, 10010",New York,,N/A,Unforeseeable business circumstances prompted by COVID 19,483,11,11
"Aero Instruments & Avionics, Inc.",2020-05-14,2020-05-14,2020-05-14,"7290 Nash Road  North Tonawanda, NY, 14120",Niagara,,N/A,Unforeseeable business circumstances prompted by COVID 19,583,41,41
AFP 107 Corp. (Hilton Albany),2020-03-16,2020-05-19,2020-05-19,"40 Lodge Street  Albany, NY, 12207",Albany,,N/A,Unforeseeable business circumstances prompted by COVID 19,562,70,70
AFP 108 Corp. dba DoubleTree by Hilton Rochester,2020-03-23,2020-03-24,2020-03-24,"1111 Jefferson Road  Rochester, NY, 14632",Monroe,,N/A,Unforeseeable business circumstances prompted by COVID 19,"1,429",85,85
"AFS-USA, Inc.",2020-07-01,2020-06-01,2020-06-01,"120 Wall Street  New York, NY, 10005",New York,,N/A,Unforeseeable business circumstances prompted by COVID 19,522,52,52
Agora Restaurant Corp. dba Molyvos Restaurant,2020-03-16,2020-03-16,2020-03-16,"871 Seventh Avenue  New York, NY, 10019",New York,,N/A,Unforeseeable business circumstances prompted by COVID 19,"1,789",60,60
Aimbridge Hospitality - Embassy Suites Syracuse,2020-03-22,2020-03-23,2020-03-23,"311 Hiawatha Blvd. W.  Syracuse, NY, 13204",Onondaga,,N/A,Unforeseeable business circumstances prompted by COVID 19,"1,515",84,84
Air Canada,2020-03-26,2020-04-07,2020-04-07,"LaGuardia Airport and JFK International Airport  Queens, NY, ",Queens,,N/A,Unforeseeable business circumstances prompted by COVID 19,932,69,69
Airbnb (2 New York City Sites),2020-08-04,2020-05-06,2020-05-06,"222 Broadway, 26th Floor  New York, NY, 10038",New York,,N/A,Unforeseeable business circumstances prompted by COVID 19,604,52,52
"Airport Management Services and Hudson Group (at Grand Central Station, NYC)",2020-07-31,2020-07-14,2020-07-14,"89 East 42nd St.  New York, NY, 10017",New York,,N/A,Unforeseeable business circumstances prompted by COVID 19,293,34,34
Airport Management Services and Hudson Group (at John F. Kennedy International Airport),2020-07-31,2020-07-14,2020-07-14,"John F. Kennedy International Airport  Queens, NY, 11430",Queens,,N/A,Unforeseeable business circumstances prompted by COVID 19,299,287,287
Airport Management Services and Hudson Group (at LaGuardia Airport),2020-07-31,2020-07-14,2020-07-14,"La Guardia Airport, Ditmars Boulevard & 94th St.  Queens, NY, 11371",Queens,,N/A,Unforeseeable business circumstances prompted by COVID 19,300,78,78
Airport Management Services and Hudson Group (at Pennsylvania Station),2020-07-31,2020-07-14,2020-07-14,"8th Ave 31st St.  New York, NY, 10001",New York,,N/A,Unforeseeable business circumstances prompted by COVID 19,294,122,122
Airport Management Services and Hudson Group (at Port Authority of New York and New Jersey),2020-07-31,2020-07-14,2020-07-14,"625 8th Ave.  New York, NY, 10018",New York,,N/A,Unforeseeable business circumstances prompted by COVID 19,295,107,107
Akwesasne Mohawk Casino Resort,2020-03-17,2020-03-26,2020-03-26,"873 NY-37  Hogansburg, NY, 13655",Franklin,,N/A,Unforeseeable business circumstances prompted by COVID 19,"1,283",700,700
"Alamo Buffet Payroll, LLC (Old Country Buffet)",2021-02-04,2020-11-06,2020-11-06,"821 County Rte. 64  Elmira, NY, 74903",Chemung,,N/A,Unforeseeable business circumstances prompted by COVID 19,40,33,33
Alamo Drafthouse LLC (Brooklyn),2020-03-13,2020-09-25,2020-09-25,"445 Gold Street  Brooklyn, NY, 11201",Kings,,N/A,Unforeseeable business circumstances prompted by COVID 19,103,196,196
Alamo Drafthouse LLC (Yonkers),2020-03-13,2020-09-25,2020-09-25,"2548 Central Park Ave  Yonkers, NY, 10710",Westchester,,N/A,Unforeseeable business circumstances prompted by COVID 19,108,103,103
"Alclear, LLC d/b/a CLEAR (JFK & LaGuardia)",2020-03-30,2020-09-28,2020-09-28,"(JFK & LaGuardia)  Queens, NY, 11430",Queens,,N/A,Unforeseeable business circumstances prompted by COVID 19,102,142,142
"All County Bus, LLC (Yonkers)",2020-03-16,2020-04-30,2020-04-30,"70 Fernbrook St.  Yonkers, NY, 10705",Westchester,,N/A,School closing mandated by the State of New York due to the Unforeseeable business circumstances prompted by COVID 19,1,407,407
Allen Boulevard Corp.,2020-03-18,2020-03-18,2020-03-18,"71 Allen Blvd.  Farmingdale, NY, 11735",Nassau,,N/A,Unforeseeable business circumstances prompted by COVID 19,"1,689",18,18
"AllianceBernstein L.P. (1 North Lexington Ave., White Plains)",2020-12-31,2020-09-30,2020-09-30,"1 North Lexington Ave  White Plains, NY, 10601",Westchester,,N/A,Moving corporate headquarters to Nashville TN,2,4,4
"AllianceBernstein L.P.  (1345 Sixth Ave., NYC)",2020-12-31,2020-09-30,2020-09-30,"1345 Sixth Ave  New York, NY, 10105",New York,,N/A,Moving corporate headquarters to Nashville TN,1,31,31
AllianceBernstein L.P. (Phase 8),2020-04-30,2020-01-21,2020-01-21,"1 North Lexington Ave.  White Plains, NY, 10601",Westchester,,N/A,Relocation of Corporate Headquarters to Nashville TN,2,48,48
AllianceBernstein L.P. (Phase 8),2020-04-30,2020-01-21,2020-01-21,"1345 Sixth Avenue  New York, NY, 10105",New York,,N/A,Relocation of Corporate Headquarters to Nashville TN,1,50,50
"Allied Aviation Service Company of New York, Inc.",2020-04-01,2020-04-20,2020-04-20,"LaGuardia Airport  Queens, NY, 11371",Queens,,N/A,Unforeseeable business circumstances prompted by COVID 19,719,17,17
Allied Aviation Services Inc.,2020-04-16,2020-04-16,2020-04-16,"266 West 37th Street, 3rd Floor, Suite 302  New York, NY, 10018",New York,,N/A,Unforeseeable business circumstances prompted by COVID 19,784,2,2
"Allied New York Services, Inc.",2020-04-10,2020-04-09,2020-04-09,"JFK International Airport, Building 90  Jamaica, NY, 11430",Queens,,N/A,Unforeseeable business circumstances prompted by COVID 19,877,226,226
"Allied Waste Services of North America, LLC",2020-06-17,2020-03-18,2020-03-18,"	2315 Kenmore Avenue  Buffalo, NY, 14207",Erie,,N/A,To be Determined,1,112,112
"Allpoints Trucking and Courier Service, Inc. dba Thruway Direct (Bethpage)",2020-10-30,2020-08-01,2020-08-01,"201 Grumman Road W  Bethpage, NY, 11714",Nassau,,N/A,Non work order renewal,2,99,99
"Allpoints Trucking and Courier Service, Inc. dba Thruway Direct (Rochester)",2020-10-30,2020-08-01,2020-08-01,"330 Clay Road  Rochester, NY, 14623",Monroe,,N/A,Non work order renewal,1,140,140
"Allpro Parking, LLC (6 Rochester sites)",2020-06-07,2020-06-24,2020-06-24,"6 Finger Lakes locations  Rochester, NY, ",Monroe,,N/A,Unforeseeable business circumstances prompted by COVID 19,370,8,8
"Allpro Parking, LLC (31 Erie County sites)",2020-06-07,2020-06-24,2020-06-24,"31 Erie County locations  Buffalo, NY, 14203",Erie,,N/A,Unforeseeable business circumstances prompted by COVID 19,369,92,92
"Allpro Parking, LLC (Syracuse)",2020-06-07,2020-06-24,2020-06-24,"102 Dickerson St.  Syracuse, NY, 13202",Onondaga,,N/A,Unforeseeable business circumstances prompted by COVID 19,376,2,2
ALM Media LLC,2020-04-14,2020-04-14,2020-04-14,"150 East 42nd Street, Mezzanine Level  New York, NY, 10017",New York,,N/A,Unforeseeable business circumstances prompted by COVID 19,806,5,5
Almond Diamonds (multiple sites),2020-03-26,2020-03-25,2020-03-25,"4 NYC locations  New York, NY, ",New York,,N/A,Unforeseeable business circumstances prompted by COVID 19,"1,366",109,109
Aloft New York Brooklyn,2020-03-20,2020-03-20,2020-03-20,"216 Duffield Street  Brooklyn, NY, 11201",Kings,,N/A,Unforeseeable business circumstances prompted by COVID 19,"1,555",42,42
"Alsco, Inc.",2020-03-19,2020-03-26,2020-03-26,"548 St. Paul Street  Rochester, NY, 14605",Monroe,,N/A,Unforeseeable business circumstances prompted by COVID 19,"1,288",52,52
"Alsco, Inc. - Financial District",2020-03-12,2020-03-20,2020-03-20,"49 Ann Street  New York, NY, 10038",New York,,N/A,Unforeseeable business circumstances prompted by COVID 19,"1,568",21,21
"Altamarea Group, LLC (NYC) dba Marea, Ai Fiori, Vaucluse, and Osteria Morini",2020-03-17,2020-04-02,2020-04-02,"4 NYC locations  New York, NY, ",New York,,N/A,Unforeseeable business circumstances prompted by COVID 19,"1,032",496,496
"Altamarea Group, LLC dba Osteria Morini",2020-03-17,2020-04-02,2020-04-02,"630 Old Country Road  Garden City, NY, 11530",Nassau,,N/A,Unforeseeable business circumstances prompted by COVID 19,"1,026",,
"Altman Lighting, Inc.",2020-03-16,2020-03-11,2020-03-11,"57 Alexander Street  Yonkers, NY, 10701",Westchester,,N/A,Relocation to Colorado then Unforeseeable business circumstances prompted by COVID 19,1,46,46
Aludyne New York,2020-09-01,2020-06-01,2020-06-01,"4320 Federal Drive  Batavia, NY, 14020",Genesee,,N/A,Unforeseeable business circumstances prompted by COVID 19,520,108,108
Aludyne New York,2020-03-20,2020-04-17,2020-04-17,"4320 Federal Drive  Batavia, NY, 14020",Genesee,,N/A,Unforeseeable business circumstances prompted by COVID 19,735,108,108
America's Kids LLC,2020-03-20,2020-03-25,2020-03-25,"7 NYC sites  Corona/New York/Jamaica/Brooklyn/Bronx, NY, ",New York,,N/A,Unforeseeable business circumstances prompted by COVID 19,"1,367",63,63
"American Airlines, Inc.",2020-10-01,2020-07-15,2020-07-15,"LaGuardia Airport; JFK International Airport; & Cargo Bldg. 79, Flushing-Jamaica  Flushing, NY, 10017",Queens,,N/A,Unforeseeable business circumstances prompted by COVID 19,290,"2,301","2,301"
"American Grill Investor, LLC dba Hudson Yards Grill",2020-03-16,2020-07-09,2020-07-09,"20 Hudson Yards, Ste 401A  New York, NY, 10001",New York,,N/A,Unforeseeable business circumstances prompted by COVID 19,315,91,91
American Management Association International (NYC),2020-03-27,2020-03-27,2020-03-27,"1601 Broadway  New York, NY, 10019",New York,,N/A,Unforeseeable business circumstances prompted by COVID 19,"1,238",26,26
American Management Association International (Saranac Lake),2020-03-27,2020-03-27,2020-03-27,"600 AMA Way  Saranac Lake, NY, 12983",Franklin,,N/A,Unforeseeable business circumstances prompted by COVID 19,"1,222",28,28
American Medical Depot,2020-08-03,2020-08-03,2020-08-03,"910 Rotterdam Industrial Park  Schenectady, NY, 12306",Schenectady,,N/A,Unforeseeable business circumstances prompted by COVID 19,254,18,18
"American Multi-Cinema, Inc. (at the AMC Empire 25 Theatre)",2020-03-20,2020-11-05,2020-11-05,"234 W. 42nd St.  New York, NY, 10036",New York,,N/A,Unforeseeable business circumstances prompted by COVID 19,41,96,96
American Sales Management Organization LLC dba Eulen America,2020-03-19,2020-03-18,2020-03-18,"JFK Airport  Queens, NY, 11430",Queens,,N/A,Unforeseeable business circumstances prompted by COVID 19,"1,731","1,321","1,321"
American Steamship Company,2020-04-20,2020-04-20,2020-04-20,"500 Essjay Road  Williamsville, NY, 14221",Erie,,N/A,Unforeseeable business circumstances prompted by COVID 19,713,175,175
American Technical Ceramics Corp. (Phase 3),2020-06-05,2020-03-03,2020-03-03,"One Norden Lane  Huntington Station, NY, 11746",Suffolk,,N/A,Economic,99,34,34
American Technical Ceramics Corp. (Phase 4),2020-09-17,2020-03-03,2020-03-03,"One Norden Lane  Huntington Station, NY, 11746",Suffolk,,N/A,Economic,100,14,14
American Technical Ceramics Corp. (Phase 5),2020-11-20,2020-08-19,2020-08-19,"One Norden Lane  Huntington Station, NY, 11746",Suffolk,,N/A,Economic,23,27,27
American Technical Ceramics Corp. (Phase 6),2020-12-31,2020-09-29,2020-09-29,"One Norden Lane  Huntington Station, NY, 11746",Suffolk,,N/A,Economic,20,44,44
AMETEK Hughes-Treitler,2020-04-06,2020-04-02,2020-04-02,"300 Endo Blvd  Garden City, NY, 11561",Nassau,,N/A,Unforeseeable business circumstances prompted by COVID 19,"1,027",170,170
AMETEK Rotron (Woodstock),2020-04-02,2020-04-02,2020-04-02,"55 Hasbrouck Lane  Woodstock, NY, 12498",Ulster,,N/A,Unforeseeable business circumstances prompted by COVID 19,"1,054",268,268
Ample Hills Creamery (14 NYC sites),2020-06-12,2020-03-14,2020-03-14,"14 NYC locations  , NY, ",New York,,N/A,Economic,80,101,101
"Amsterdam Printing & Litho, Inc.",2020-03-30,2020-08-07,2020-08-07,"166 Wallins Corners Road  Amsterdam, NY, 12010",Montgomery,,N/A,Unforeseeable business circumstances prompted by COVID 19,241,130,130
"Anesthesia Group of Albany, P.C.",2020-03-23,2020-04-22,2020-04-22,"1450 Western Avenue, Suite 102  Albany, NY, 12203",Albany,,N/A,Unforeseeable business circumstances prompted by COVID 19,687,95,95
Angelica Tour LLC Hamilton,2020-03-12,2020-06-18,2020-06-18,"1501 Broadway, 24th Floor  New York, NY, 10036",New York,,N/A,Unforeseeable business circumstances prompted by COVID 19,392,85,85
APF 101 Corp. (Delta by Marriott Utica NY),2020-03-23,2020-03-24,2020-03-24,"200 Genesee Street  Utica, NY, 13502",Oneida,,N/A,Unforeseeable business circumstances prompted by COVID 19,"1,457",49,49
Apogee Events Inc.,2020-03-22,2020-04-18,2020-04-18,"2 Desbrosses St.  New York, NY, 10013",New York,,N/A,Unforeseeable business circumstances prompted by COVID 19,727,114,114
"Apple- Metro, Inc. Bed-Stuy Apple, LLC",2020-03-17,2020-03-25,2020-03-25,"1360 Fulton Street  Brooklyn, NY, 11216",Kings,,N/A,Unforeseeable business circumstances prompted by COVID 19,"1,343",36,36
"Apple-Metro, Inc.",2020-03-17,2020-03-26,2020-03-26,"550 Mamaroneck Avenue  Harrison, NY, 10528",Westchester,,N/A,Unforeseeable business circumstances prompted by COVID 19,"1,330",61,61
"Aptim Federal Services, LLC",2020-09-16,2020-06-30,2020-06-30,"2401 River Road  Niskayuna, NY, 12309",Schenectady,,N/A,Contract Completion,1,43,43
"Aqua Grill, Inc.",2020-03-16,2020-05-01,2020-05-01,"210 Spring Street  New York, NY, 10012",New York,,N/A,Unforeseeable business circumstances prompted by COVID 19,620,65,65
Araca Merchandise L.P.,2020-03-12,2020-03-31,2020-03-31,"545 West 45th Street, 10th Floor  New York, NY, 10036",New York,,N/A,Unforeseeable business circumstances prompted by COVID 19,"1,097",107,107
Aramark (at 4 JP Morgan Chase & Co. NYC sites),2020-10-31,2020-07-31,2020-07-31,"Building 146  Jamaica, NY, 11430",Queens,,N/A,Unforeseeable business circumstances prompted by COVID 19,259,107,107
Aramark (at Credit Suisse - Lifeworks),2020-10-31,2020-09-18,2020-09-18,"11 Madison Avenue  New York, NY, 10010",Kings,,N/A,Unforeseeable business circumstances prompted by COVID 19,117,52,52
Aramark (at Pricewaterhouse Coopers),2020-03-25,2020-08-28,2020-08-28,"300 Madison Avenue  New York, NY, 10017",New York,,N/A,Unforeseeable business circumstances prompted by COVID 19,177,35,35
"Aramark Campus, LLC (at Citi Field Stadium)",2020-03-12,2020-10-16,2020-10-16,"126th & Roosevelt Ave.  Flushing, NY, 11368",Queens,,N/A,Unforeseeable business circumstances prompted by COVID 19,56,"1,711","1,711"
"Aramark Campus, LLC (at MCU Park)",2020-03-12,2020-10-16,2020-10-16,"1904 Surf Ave.  Brooklyn, NY, 11224",Kings,,N/A,Unforeseeable business circumstances prompted by COVID 19,54,108,108
"Aramark Campus, LLC  (at Times Union Center)",2020-03-23,2020-10-16,2020-10-16,"51 S. Pearl St.  Albany, NY, 12207",Albany,,N/A,Unforeseeable business circumstances prompted by COVID 19,53,146,146
"Aramark Campus, LLC (Lakeview Amphitheater)",2020-03-25,2020-10-16,2020-10-16,"490 Restoration Way  Syracuse, NY, 10003",Onondaga,,N/A,Unforeseeable business circumstances prompted by COVID 19,55,110,110
"Aramark Educational Services, LLC at College of St. Rose",2020-12-04,2020-09-25,2020-09-25,"420 Western Avenue  Albany, NY, 12203",Albany,,N/A,Contract loss,1,66,66
Arista,2020-03-23,2020-04-10,2020-04-10,"38-26 Tenth Street  Long Island City, NY, 11101",Queens,,N/A,Unforeseeable business circumstances prompted by COVID 19,866,172,172
Ark Bryant Park LLC dba Bryant Park Grill,2020-03-16,2020-03-30,2020-03-30,"25 W. 40th Street  New York, NY, 10018",New York,,N/A,Unforeseeable business circumstances prompted by COVID 19,"1,167",157,157
Ark Bryant Park Southwest dba Fever Tree at the Porch,2020-03-16,2020-03-30,2020-03-30,"41 W. 40th Street  New York, NY, 10018",New York,,N/A,Unforeseeable business circumstances prompted by COVID 19,"1,168",17,17
Ark Museum LLC dba Robert,2020-03-16,2020-03-30,2020-03-30,"2 Columbus Circle  New York, NY, 10019",New York,,N/A,Unforeseeable business circumstances prompted by COVID 19,"1,169",84,84
"Art Food, LLC",2020-03-18,2020-03-31,2020-03-31,"9 West 53rd Street  New York, NY, 10019",New York,,N/A,Unforeseeable business circumstances prompted by COVID 19,"1,098",273,273
Arthouse Hotel,2020-03-16,2020-06-09,2020-06-09,"2178 Broadway at W. 77th Street  New York, NY, 10024",New York,,N/A,Unforeseeable business circumstances prompted by COVID 19,467,97,97
"Arts Center and Theater of Schenectady, Inc. d/b/a Proctors",2020-03-20,2020-03-18,2020-03-18,"432 State Street  Schenectady, NY, 12305",Schenectady,,N/A,Unforeseeable business circumstances prompted by COVID 19,"1,735",117,117
"As Long As There Is Love, LLC (Mrs. Doubtfire at the Stephen Sondheim Theatre, NYC)",2020-03-12,2020-06-20,2020-06-20,"124 West 43rd Street  New York, NY, 10036",New York,,N/A,Unforeseeable business circumstances prompted by COVID 19,380,89,89
ASA College (2 NYC sites),2020-06-19,2020-06-19,2020-06-19,"2 NYC locations  Brooklyn/New York, NY, ",New York,,N/A,Unforeseeable business circumstances prompted by COVID 19,385,140,140
Asia Five Eight LLC dba TAO Uptown,2020-03-23,2020-03-31,2020-03-31,"42 East 58th Street  New York, NY, 10022",New York,,N/A,Unforeseeable business circumstances prompted by COVID 19,"1,099",196,196
Asia Five Eight LLC dba TAO Uptown (NYC),2020-08-10,2020-08-11,2020-08-11,"42 East 58th Street  New York, NY, 10022",New York,,N/A,Unforeseeable business circumstances prompted by COVID 19,223,4,4
Asplundh Tree Expert LLC,2020-04-01,2020-04-03,2020-04-03,"476 Express Drive S.  Medford, NY, 11763",Suffolk,,N/A,Unforeseeable business circumstances prompted by COVID 19,"1,004",49,49
"Astoria Apple, LLC",2020-03-17,2020-03-25,2020-03-25,"38-01 35th Avenue  Astoria, NY, 11101",Queens,,N/A,Unforeseeable business circumstances prompted by COVID 19,"1,405",45,45
"AT Apple, LLC",2020-03-17,2020-03-25,2020-03-25,"139 Flatbush Avenue  Brooklyn, NY, 11217",Kings,,N/A,Unforeseeable business circumstances prompted by COVID 19,"1,344",59,59
"AT&T (M&E Marketing Unit) (1 Rockefeller Plaza, NYC)",2020-10-22,2020-07-23,2020-07-23,"1 Rockefeller Plaza  New York, NY, 10020",New York,,N/A,Economic,27,54,54
"Atlantic Veal & Lamb, LLC",2020-03-16,2020-03-27,2020-03-27,"275 Morgan Ave.  Brooklyn, NY, 11211",Kings,,N/A,Unforeseeable business circumstances prompted by COVID 19,"1,225",73,73
Atticus LLC (To Kill a Mockingbird at the Shubert Theatre),2020-03-12,2020-06-19,2020-06-19,"225 W 44th Street  New York, NY, 10036",New York,,N/A,Unforeseeable business circumstances prompted by COVID 19,386,72,72
"Auburn YMCA - WEIU, Inc.",2020-04-01,2020-04-29,2020-04-29,"27 William Street  Auburn, NY, 13021",Cayuga,,N/A,Unforeseeable business circumstances prompted by COVID 19,633,359,359
"Audio Command Systems, Inc.",2020-03-27,2020-04-20,2020-04-20,"694 Main Street  Westbury, NY, 11590",Nassau,,N/A,Unforeseeable business circumstances prompted by COVID 19,714,70,70
Auditory Oral School of New York,2020-03-23,2020-03-23,2020-03-23,"3321 Avenue M  Brooklyn, NY, 11210",Kings,,N/A,Unforeseeable business circumstances prompted by COVID 19,"1,478",65,65
Autumn Smile Broadway LLC (Dear Evan Hansen at The Music Box Theatre),2020-03-12,2020-06-16,2020-06-16,"239 W 45th Street  New York, NY, 10036",New York,,N/A,Unforeseeable business circumstances prompted by COVID 19,418,72,72
"Autumn Smile, Us Tour, LLC",2020-03-12,2020-06-17,2020-06-17,"260 W 44th Street, Suite 600  New York, NY, 10036",New York,,N/A,Unforeseeable business circumstances prompted by COVID 19,405,73,73
Avant Gardner,2020-03-20,2020-03-20,2020-03-20,"140 Stewart Ave.  Brooklyn, NY, 11237",Kings,,N/A,Unforeseeable business circumstances prompted by COVID 19,"1,556",53,53
Avianca (JFK),2020-04-01,2020-04-07,2020-04-07,"JFK International Airport Terminal #4B Concourse 2nd Floor, Room 275-168  Jamaica, NY, 11430",Queens,,N/A,Unforeseeable business circumstances prompted by COVID 19,933,5,5
"Avis Budget Car Rental, LLC (2 Central sites)",2020-09-01,2020-08-28,2020-08-28,"1000 Col Eileen Collins Blvd.& 146 Constellation Way N.  North Syracuse, NY, 13212",Onondaga,,N/A,Unforeseeable business circumstances prompted by COVID 19,180,,
"Avis Budget Car Rental, LLC (2 Mid Hudson sites)",2020-09-01,2020-08-28,2020-08-28,"(2 Mid Hudson sites)  Orange, NY, 12553",Orange,,N/A,Unforeseeable business circumstances prompted by COVID 19,181,,
"Avis Budget Car Rental, LLC (4 Long Island sites)",2020-09-01,2020-08-28,2020-08-28,"(4 Long Island sites)  Huntington Station, NY, 11736",Suffolk,,N/A,Unforeseeable business circumstances prompted by COVID 19,183,,
"Avis Budget Car Rental, LLC (5 NYC sites)",2020-09-01,2020-08-28,2020-08-28,"(5 NYC sites)  New York, NY, 10065",New York,,N/A,Unforeseeable business circumstances prompted by COVID 19,178,67,67
"Avis Budget Car Rental, LLC (Buffalo)",2020-09-01,2020-08-28,2020-08-28,"4513 Genesee St.  Buffalo, NY, 14225",Erie,,N/A,Unforeseeable business circumstances prompted by COVID 19,176,,
"B.R. Guest Holdings, LLC dba Blue Fin - New York",2020-04-08,2020-04-08,2020-04-08,"1567 Broadway, W Hotel Times Square  New York, NY, 10036",New York,,N/A,Unforeseeable business circumstances prompted by COVID 19,890,129,129
"B.R. Guest Holdings, LLC dba Dos Caminos - Meatpacking NY",2020-04-08,2020-04-08,2020-04-08,"675 Hudson Street  New York, NY, 10014",New York,,N/A,Unforeseeable business circumstances prompted by COVID 19,891,96,96
"B.R. Guest Holdings, LLC dba Dos Caminos - Park",2020-04-08,2020-04-08,2020-04-08,"373 Park Avenue South  New York, NY, 10016",New York,,N/A,Unforeseeable business circumstances prompted by COVID 19,892,83,83
"B.R. Guest Holdings, LLC dba Dos Caminos - Times Square",2020-04-08,2020-04-08,2020-04-08,"1567 Broadway, W Hotel Times Square  New York, NY, 10036",New York,,N/A,Unforeseeable business circumstances prompted by COVID 19,893,131,131
"B.R. Guest Parent Holdings, LLC dba Atlantic Grill - Lincoln Center West NY",2020-04-08,2020-04-08,2020-04-08,"49 West 64th Street  New York, NY, 10023",New York,,N/A,Unforeseeable business circumstances prompted by COVID 19,894,110,110
"B.R. Guest Parent Holdings, LLC dba Bill's Bar & Burger - Downtown",2020-04-08,2020-04-08,2020-04-08,"85 West Street  New York, NY, 10006",New York,,N/A,Unforeseeable business circumstances prompted by COVID 19,895,100,100
"Babbo, LLC",2020-03-16,2020-03-18,2020-03-18,"110 Waverly Place  New York, NY, 10011",New York,,N/A,Unforeseeable business circumstances prompted by COVID 19,"1,695",96,96
Baccarat Hotel New York,2020-03-20,2020-03-20,2020-03-20,"28 West 53rd Street  New York, NY, 10019",New York,,N/A,Unforeseeable business circumstances prompted by COVID 19,"1,569",161,161
Backal Management Group LLC (APELLA),2020-12-18,2020-12-08,2020-12-08,"469 7th Ave.  New York, NY, 10001",New York,,N/A,Unforeseeable business circumstances prompted by COVID 19,18,24,24
"Bacon & Bagels, LLC dba Quality Eats",2020-03-31,2020-03-31,2020-03-31,"1496 Second Avenue  New York, NY, 10075",New York,,N/A,Unforeseeable business circumstances prompted by COVID 19,"1,100",47,47
Bagatelle Downtown LLC,2020-03-16,2020-03-27,2020-03-27,"18th 9th Ave.  New York, NY, 10014",New York,,N/A,Unforeseeable business circumstances prompted by COVID 19,"1,239",30,30
Bagatelle Little West 12th LLC,2020-03-16,2020-03-27,2020-03-27,"1 Little West 12th  New York, NY, 10014",New York,,N/A,Unforeseeable business circumstances prompted by COVID 19,"1,240",90,90
"Baked Ziti, LLC",2020-03-31,2020-03-31,2020-03-31,"57 West 57th Street  New York, NY, 10019",New York,,N/A,Unforeseeable business circumstances prompted by COVID 19,"1,101",142,142
"Banana Republic, LLC, a subsidiary of Gap Inc.",2021-01-31,2020-11-23,2020-11-23,"1529 3rd Ave.  New York, NY, 10028",New York,,N/A,Unforeseeable business circumstances prompted by COVID 19,29,62,62
Bands Visit National Tour LLC (Finger Lakes),2020-03-12,2020-06-16,2020-06-16,"Auditorium Theatre, 885 East Main Street  Rochester, NY, 14605",Monroe,,N/A,Unforeseeable business circumstances prompted by COVID 19,417,26,26
Bands Visit National Tour LLC (Mohawk Valley),2020-03-12,2020-06-16,2020-06-16,"Broadway Theater League, 258 Genessee St.  Utica, NY, 13502",Oneida,,N/A,Unforeseeable business circumstances prompted by COVID 19,424,,
Bands Visit National Tour LLC (Western),2020-03-12,2020-06-16,2020-06-16,"Shea's Performing Arts Center, 646 Main Street  Buffalo, NY, 14202",Erie,,N/A,Unforeseeable business circumstances prompted by COVID 19,416,,
Barclay Operating Company (operator of InterContinental New York Barclay Hotel),2021-01-29,2020-04-06,2020-04-06,"111 East 48th Street  New York, NY, 10017",New York,,N/A,Unforeseeable business circumstances prompted by COVID 19,952,342,342
"Barnes & Noble Booksellers, Inc.(33 East 17th St., NYC)",2020-12-04,2020-09-05,2020-09-05,"33 East 17th Street  New York, NY, 10003",New York,,N/A,Unforeseeable business circumstances prompted by COVID 19,151,49,49
"Barnes & Noble, Inc.",2020-09-09,2020-06-12,2020-06-12,"150 East 86th Street  New York, NY, 10028",New York,,N/A,Economic,43,64,64
Barteca dba Bartaco,2020-03-21,2020-04-01,2020-04-01,"1 Willet Avenue  Port Chester, NY, 10573",Westchester,,N/A,Unforeseeable business circumstances prompted by COVID 19,"1,077",80,80
"Bauman Bus Company, Inc.",2020-03-31,2020-04-28,2020-04-28,"107 Lawson Boulevard  Oceanside, NY, 11572",Nassau,,N/A,Unforeseeable business circumstances prompted by COVID 19,651,222,222
"Baumann & Sons Buses, Inc.",2020-03-31,2020-04-28,2020-04-28,"1711 Front Street  Yorktown, NY, 10598",Westchester,,N/A,Unforeseeable business circumstances prompted by COVID 19,660,50,50
"Baumann & Sons Buses, Inc.",2020-03-31,2020-04-28,2020-04-28,"(Five Baumann & Sons Buses, Inc. in Long Island)  Bohemia, NY, 11716",Suffolk,,N/A,Unforeseeable business circumstances prompted by COVID 19,656,159,159
"Bay Plaza Apple, LLC",2020-03-17,2020-03-25,2020-03-25,"2276 Bartow Avenue  Bronx, NY, 10475",Bronx,,N/A,Unforeseeable business circumstances prompted by COVID 19,"1,333",58,58
Bay Ridge Chevrolet Inc.,2020-03-25,2020-04-13,2020-04-13,"1575 86th Street  Brooklyn, NY, 11220",Kings,,N/A,Unforeseeable business circumstances prompted by COVID 19,821,39,39
"Bay Ridge Foreign Autos, Inc.",2020-03-25,2020-04-13,2020-04-13,"665 65th Street  Brooklyn, NY, 11220",Kings,,N/A,Unforeseeable business circumstances prompted by COVID 19,822,70,70
"Bay Ridge Luxury Automobiles, Inc.",2020-03-25,2020-04-13,2020-04-13,"6502 5th Avenue  Brooklyn, NY, 11220",Kings,,N/A,Unforeseeable business circumstances prompted by COVID 19,823,86,86
"Bay Ridge Nissan, Inc.",2020-03-25,2020-04-13,2020-04-13,"6501 5th Avenue  Brooklyn, NY, 11220",Kings,,N/A,Unforeseeable business circumstances prompted by COVID 19,824,96,96
"Bay Ridge Toyota (Bay Ridge Motor Sales, Inc.)",2020-04-25,2020-04-13,2020-04-13,"6401 6th Avenue  Brooklyn, NY, 11220",Kings,,N/A,Unforeseeable business circumstances prompted by COVID 19,825,105,105
"Bay Terrace Apple, LLC",2020-03-17,2020-03-25,2020-03-25,"213-29 26th Avenue  Bayside, NY, 11360",Queens,,N/A,Unforeseeable business circumstances prompted by COVID 19,"1,406",52,52
Bayside CJ LLC,2020-03-22,2020-04-09,2020-04-09,"212-19 Northern Blvd  Bayside, NY, 11361",Queens,,N/A,Unforeseeable business circumstances prompted by COVID 19,878,65,65
"BBRC, LP dba Bouchon Bakery",2020-03-17,2020-07-22,2020-07-22,"One Rockefeller Center  New York, NY, 10019",New York,,N/A,Economic,29,43,43
BC 630 Lexington LLC,2020-03-16,2020-04-17,2020-04-17,"630 Lexington Avenue  New York, NY, 10022",New York,,N/A,Unforeseeable business circumstances prompted by COVID 19,749,12,12
BC 1385 Broadway LLC,2020-03-23,2020-04-17,2020-04-17,"1385 Broadway  New York, NY, 10003",New York,,N/A,Unforeseeable business circumstances prompted by COVID 19,750,15,15
BC Hospitality Group LLC,2020-03-27,2020-04-17,2020-04-17,"205 Hudson Street, Suite 1001  New York, NY, 10013",New York,,N/A,Unforeseeable business circumstances prompted by COVID 19,751,3,3
BC Union Square LLC,2020-03-16,2020-04-17,2020-04-17,"30 E 16th Street  New York, NY, 10003",New York,,N/A,Unforeseeable business circumstances prompted by COVID 19,752,18,18
BC Williamsburg LLC,2020-03-23,2020-04-17,2020-04-17,"171 N 3rd Street  Brooklyn, NY, 11211",Kings,,N/A,Unforeseeable business circumstances prompted by COVID 19,736,17,17
BCRC LLC,2020-03-16,2020-04-17,2020-04-17,"1 Rockefeller Plaza  New York, NY, 10020",New York,,N/A,Unforeseeable business circumstances prompted by COVID 19,753,26,26
"BCS Automotive Interface Solutions U.S., LLC (Auburn)",2021-06-17,2020-11-11,2020-11-11,"2150 Cranebrook Drive  Auburn, NY, 13021",Cayuga,,N/A,Economic transferring products production lines to their Winona Minnesota and Reynosa Mexico facilities,1,138,138
"BD 35th Street, LLC d/b/a The Kixby Hotel",2020-03-19,2020-03-19,2020-03-19,"45 W 35th Street  New York, NY, 10001",New York,,N/A,Unforeseeable business circumstances prompted by COVID 19,"1,638",60,60
"BD Stanhope, LLC dba TAO Downtown",2020-03-23,2020-03-31,2020-03-31,"92 9th Avenue  New York, NY, 10011",New York,,N/A,Unforeseeable business circumstances prompted by COVID 19,"1,102",242,242
"BD Stanhope, LLC dba TAO Downtown (NYC)",2020-12-14,2020-08-11,2020-08-11,"92 9th Avenue  New York, NY, 10011",New York,,N/A,Unforeseeable business circumstances prompted by COVID 19,224,53,53
Becco,2020-03-16,2020-03-18,2020-03-18,"355 W 46th Street  New York, NY, 10036",New York,,N/A,Unforeseeable business circumstances prompted by COVID 19,"1,696",139,139
Bed Bath & Beyond,2020-12-22,2020-09-18,2020-09-18,"410 East 61st Street  New York, NY, 10065",New York,,N/A,Economic,21,79,79
"Bed Bath & Beyond (620 6th Ave., NYC)",2021-01-07,2020-10-09,2020-10-09,"620 6th Ave.  New York, NY, 10012",New York,,N/A,Unforeseeable business circumstances prompted by COVID 19,65,113,113
Bed Bath & Beyond (Capital Region),2020-04-04,2020-04-13,2020-04-13,"Store #7019, 1425 Central Ave, Unit 242  Albany, NY, 12205",Albany,,N/A,Unforeseeable business circumstances prompted by COVID 19,817,116,116
Bed Bath & Beyond (Central Region),2020-04-04,2020-04-13,2020-04-13,"Store #7025, 132 Northern Lights Plaza  Syracuse, NY, 13212",Onondaga,,N/A,Unforeseeable business circumstances prompted by COVID 19,840,88,88
Bed Bath & Beyond (Finger Lakes Region),2020-04-04,2020-04-13,2020-04-13,"Store #7035, 790 Jefferson Road  Henrietta, NY, 14623",Monroe,,N/A,Unforeseeable business circumstances prompted by COVID 19,827,87,87
Bed Bath & Beyond (Long Island Region - Multi-site),2020-04-04,2020-04-13,2020-04-13,"2050 Smith Haven Plaza, Store#s 0037,0260,0507,0745,7076   Lake Grove, NY, 11755",Suffolk,,N/A,Unforeseeable business circumstances prompted by COVID 19,842,448,448
Bed Bath & Beyond (Mid-Hudson Region - Multi-site),2020-04-04,2020-04-13,2020-04-13,"251 East Main Street, Store#s 0247,0394,0469,7033  Elmsford, NY, 10523",Westchester,,N/A,Unforeseeable business circumstances prompted by COVID 19,844,304,304
Bed Bath & Beyond (New York City Region - Multi-site),2020-04-04,2020-04-13,2020-04-13,"New York City Regions New York, Queens, Kings, Richmond  New York, NY, 10024",New York,,N/A,Unforeseeable business circumstances prompted by COVID 19,830,579,579
Bed Bath & Beyond (Western Region),2020-04-04,2020-04-13,2020-04-13,"tore # 7048, 1701 Niagara Falls Blvd  Amherst, NY, 14428",Erie,,N/A,Unforeseeable business circumstances prompted by COVID 19,820,79,79
"Bella Coppia, LLC dba Nick & Toni's Restaurant",2020-03-16,2020-03-20,2020-03-20,"136 N Main Street  East Hampton, NY, 11937",Suffolk,,N/A,Unforeseeable business circumstances prompted by COVID 19,"1,619",24,24
Belleclaire Hotel LLC,2020-03-24,2020-03-18,2020-03-18,"2175 Broadway  New York, NY, 10024",New York,,N/A,Unforeseeable business circumstances prompted by COVID 19,"1,697",55,55
Belux Catering Corp. dba Antun's Queens,2020-03-20,2020-03-20,2020-03-20,"96-43 Springfield Blvd.  Queens, NY, 11429",New York,,N/A,Unforeseeable business circumstances prompted by COVID 19,"1,570",88,88
Belvedere Hotel,2020-03-30,2020-03-24,2020-03-24,"319 West 48th Street  New York, NY, 10036",New York,,N/A,Unforeseeable business circumstances prompted by COVID 19,"1,433",109,109
"Ben's Restaurant Group, Inc. (Long Island, NYC, Mid-Hudson - exact locations not provided)",2020-03-27,2020-03-31,2020-03-31,"209 West 38th Street  New York, NY, 10018",New York,,N/A,Unforeseeable business circumstances prompted by COVID 19,"1,103",92,92
"Benchmark Conference Centers of New York, LLC",2020-03-13,2020-03-19,2020-03-19,"550 Chappaqua Road  Briarcliff Manor, NY, 10510",Westchester,,N/A,Unforeseeable business circumstances prompted by COVID 19,"1,682",40,40
Benchmark Monticello LLC dba Kartrite Resort and Waterpark,2020-03-15,2020-08-03,2020-08-03,"555 Resorts World Drive  Monticello, NY, 12701",Sullivan,,N/A,Unforeseeable business circumstances prompted by COVID 19,255,411,411
Benihana New York Corp. dba Benihana Manhasset,2020-03-16,2020-04-02,2020-04-02,"2105 Northern Blvd.  Manhasset, NY, 11030",Nassau,,N/A,Unforeseeable business circumstances prompted by COVID 19,"1,028",43,43
Benihana New York Corp. dba Benihana New York,2020-03-16,2020-04-02,2020-04-02,"47 West 56th Street  New York, NY, 10019",New York,,N/A,Unforeseeable business circumstances prompted by COVID 19,"1,033",161,161
Benihana Westbury Corp.,2020-03-16,2020-04-02,2020-04-02,"920 Merchant's Concourse  Westbury, NY, 11590",Nassau,,N/A,Unforeseeable business circumstances prompted by COVID 19,"1,029",51,51
Benny's Burritos Inc.,2020-03-17,2020-03-17,2020-03-17,"113 Greenwich Ave.  New York, NY, 10014",New York,,N/A,Unforeseeable business circumstances prompted by COVID 19,"1,746",26,26
Best - Metropolitan Towel & Linen Supply Co. Inc.,2020-03-18,2020-03-18,2020-03-18,"60 Madison Avenue  Hempstead, NY, 11550",Nassau,,N/A,Unforeseeable business circumstances prompted by COVID 19,"1,690",46,46
"Beverley Hotel Associates, LLC dba Days Hotel Broadway",2020-03-23,2020-06-05,2020-06-05," 215 W. 94th Street  New York, NY, 10025",New York,,N/A,Unforeseeable business circumstances prompted by COVID 19,495,31,31
"Big Bowl, LLC dba Frames Bowling Lounge",2020-03-15,2020-07-17,2020-07-17,"625 8th Ave.  New York, NY, 10018",New York,,N/A,Unforeseeable business circumstances prompted by COVID 19,284,48,48
Big Cherry LLC,2020-03-12,2020-06-18,2020-06-18,"2 NYC locations  New York, NY, 10036",New York,,N/A,Unforeseeable business circumstances prompted by COVID 19,393,69,69
"Birchbox, Inc.",2020-01-31,2020-01-31,2020-01-31,"16 Madison Sq. West, Floor 4  New York, NY, 10010",New York,,N/A,Economic,129,44,44
Birote Corporation dba El Mitote,2020-03-21,2020-03-23,2020-03-23,"208 Columbus Ave.  New York, NY, 10023",New York,,N/A,Unforeseeable business circumstances prompted by COVID 19,"1,491",37,37
"Birth of the Cool, LLC dba Eleven Madison Park",2020-03-18,2020-03-18,2020-03-18,"11 Madison Ave.  New York, NY, 10010",New York,,N/A,Unforeseeable business circumstances prompted by COVID 19,"1,698",178,178
Biscuits & Bath (13 NYC locations),2020-03-27,2020-03-27,2020-03-27,"41 West 13th Street  New York, NY, 10011",New York,,N/A,Unforeseeable business circumstances prompted by COVID 19,"1,241",207,207
Bistro Crossing LLC dba Wheatfields Bistro and Wine Bar,2020-03-18,2020-03-20,2020-03-20,"54 Crossings Blvd.  Clifton Park, NY, 12065",Saratoga,,N/A,Unforeseeable business circumstances prompted by COVID 19,"1,616",39,39
BISTROT LEO and BUTTERFLY - NYC,2020-03-15,2020-03-15,2020-03-15,"60 Thompson St.  New York, NY, 10012",New York,,N/A,Unforeseeable business circumstances prompted by COVID 19,"1,833",76,76
BL 62 West 9th Street dba CASA APICII,2020-03-16,2020-03-27,2020-03-27,"62 W 9th Street  New York, NY, 10011",New York,,N/A,Unforeseeable business circumstances prompted by COVID 19,"1,242",23,23
"Black Tap Midtown, LLC aka Black Tap Craft Burgers & Beer",2020-03-16,2020-03-16,2020-03-16,"136 West 55th Street  New York, NY, 10019",New York,,N/A,Unforeseeable business circumstances prompted by COVID 19,"1,790",81,81
"Blackboard Services, LLC (Blackboard Insurance)",2020-08-31,2020-05-29,2020-05-29,"120 Broadway  New York, NY, 10271",New York,,N/A,Economic,44,116,116
Blakely LLC dba the Blakely Hotel,2020-04-16,2020-01-15,2020-01-15,"136 West 55th Street  New York, NY, 10019",New York,,N/A,Economic,157,54,54
Blanco Plains LLC dba Blockhead Burritos,2020-03-17,2020-03-17,2020-03-17,"40 Mamaroneck Ave.  White Plains, NY, 10601",Westchester,,N/A,Unforeseeable business circumstances prompted by COVID 19,"1,780",20,20
Bliss57 and OneSpaWorld,2020-03-17,2020-03-26,2020-03-26,"12 W. 57th Street, 3rd Floor  New York, NY, 10019",New York,,N/A,Unforeseeable business circumstances prompted by COVID 19,"1,299",111,111
BLT Prime Lexington,2020-03-18,2020-03-18,2020-03-18,"1032 Lexington Ave  New York, NY, 10021",New York,,N/A,Unforeseeable business circumstances prompted by COVID 19,"1,699",55,55
BLT Steak,2020-03-18,2020-03-18,2020-03-18,"106 East 57th St.  New York, NY, 10022",New York,,N/A,Unforeseeable business circumstances prompted by COVID 19,"1,700",131,131
BLT Steak White Plains,2020-03-18,2020-03-18,2020-03-18,"221 Main Street  White Plains, NY, 10601",Westchester,,N/A,Unforeseeable business circumstances prompted by COVID 19,"1,738",58,58
Blue Hill at Stone Barns LLC dba Blue Hill at Stone Barns,2020-03-19,2020-03-19,2020-03-19,"630 Bedford Road  Pocantico Hills, NY, 10591",Westchester,,N/A,Unforeseeable business circumstances prompted by COVID 19,"1,683",116,116
Blue Smoke 102 North End Ave LLC dba Blue Smoke,2020-03-18,2020-03-31,2020-03-31,"255 Vesey Street  New York, NY, 10281",New York,,N/A,Unforeseeable business circumstances prompted by COVID 19,"1,104",63,63
"Blue Smoke, LLC dba Blue Smoke",2020-03-18,2020-03-31,2020-03-31,"116 East 27th Street  New York, NY, 10016",New York,,N/A,Unforeseeable business circumstances prompted by COVID 19,"1,105",104,104
BMGNET LLC,2020-03-12,2020-06-16,2020-06-16,"258 Genessee St.  Utica, NY, 13502",Oneida,,N/A,Unforeseeable business circumstances prompted by COVID 19,425,21,21
BNB Bank,2021-01-15,2020-10-28,2020-10-28,"898 Veterans Highway  Hauppauge, NY, 11788",Suffolk,,N/A,The reason for the lay offs are due to a Merger,1,31,31
BOD GYM LLC,2020-03-17,2020-03-17,2020-03-17,"40 Mamaroneck Ave.  White Plains, NY, 10601",Westchester,,N/A,Unforeseeable business circumstances prompted by COVID 19,"1,781",9,9
Bogota Latin Bistro,2020-03-17,2020-03-23,2020-03-23,"141 Fifth Ave.  Brooklyn, NY, 11217",Kings,,N/A,Unforeseeable business circumstances prompted by COVID 19,"1,479",34,34
Bold Food Lafayette Street dba Gato,2020-03-16,2020-03-16,2020-03-16,"324 Lafayette St  New York, NY, 10012",New York,,N/A,Unforeseeable business circumstances prompted by COVID 19,"1,791",61,61
Bon Appetit Management Co. (Bon Appetit) (at the Metropolitan Museum of Art),2020-11-30,2020-11-20,2020-11-20,"1000 Fifth Ave.  New York, NY, 10028",New York,,N/A,Unforeseeable business circumstances prompted by COVID 19,32,201,201
Bondi Hotel dba The Poughkeepsie Grand Hotel,2020-03-20,2020-03-23,2020-03-23,"40 Civic Center Plaza  Poughkeepsie, NY, 12601",Dutchess,,N/A,Unforeseeable business circumstances prompted by COVID 19,"1,472",102,102
Bonhams,2020-04-02,2020-04-01,2020-04-01,"580 Madison Avenue  New York, NY, 10022",New York,,N/A,Unforeseeable business circumstances prompted by COVID 19,"1,061",22,22
Book of Mormon Broadway LLC (The Book of Mormon at The Eugene O'Neill Theatre),2020-03-12,2020-06-18,2020-06-18,"230 W 49th Street  New York, NY, 10019",New York,,N/A,Unforeseeable business circumstances prompted by COVID 19,394,83,83
Boqueria Operations LLC and Jaleo Management LLC (multiple sites),2020-03-20,2020-03-20,2020-03-20,"260 West 40th Street  New York, NY, 10018",New York,,N/A,Unforeseeable business circumstances prompted by COVID 19,"1,571",324,324
"Borenstein Caterers, Inc.",2020-04-03,2020-04-03,2020-04-03,"179-29 150th Rd  Jamaica, NY, 11434",Queens,,N/A,Unforeseeable business circumstances prompted by COVID 19,995,33,33
"Borenstein Caterers, Inc.",2020-09-30,2020-07-01,2020-07-01,"179-29 150th Road  Jamaica, NY, 11430",Queens,,N/A,Unforeseeable business circumstances prompted by COVID 19,337,79,79
"Boriken Neighborhood Health Center, East Harlem Council for Human Services, Inc.",2020-03-30,2020-03-27,2020-03-27,"2265 Third Avenue  New York, NY, 10035",New York,,N/A,Unforeseeable business circumstances prompted by COVID 19,"1,243",29,29
"Bowery F&B, LLC",2020-03-18,2020-03-19,2020-03-19,"335 Bowery  New York, NY, 10003",New York,,N/A,Unforeseeable business circumstances prompted by COVID 19,"1,639",209,209
Bowery Hospitality Associates LLC dba Vandal,2020-03-23,2020-03-31,2020-03-31,"199 Bowery  New York, NY, 10002",New York,,N/A,Unforeseeable business circumstances prompted by COVID 19,"1,106",124,124
Bowery Hospitality Associates LLC dba Vandal (NYC),2020-08-10,2020-08-11,2020-08-11,"199 Bowery  New York, NY, 10002",New York,,N/A,Unforeseeable business circumstances prompted by COVID 19,225,8,8
BOWERY MEAT COMPANY,2020-03-15,2020-03-15,2020-03-15,"9 E 1st Street  New York, NY, 10003",New York,,N/A,Unforeseeable business circumstances prompted by COVID 19,"1,834",83,83
Boys and Girls Club of the Capital Area Inc.,2020-03-13,2020-04-02,2020-04-02,"21 Delaware Avenue  Albany, NY, 12210",Albany,,N/A,Unforeseeable business circumstances prompted by COVID 19,"1,017",154,154
Branson Ultrasonics Corp.,2020-04-30,2020-01-07,2020-01-07,"	475 Quaker Meeting House Road  Honeoye Falls, NY, 14472",Monroe,,N/A,Economic,165,47,47
"Breadroll, LLC dba Maison Kayser and Cosmoledo LLC dba Maison Kayser",2020-09-04,2020-09-04,2020-09-04,"373 Park Avenue,  2nd Flr  New York, NY, 10016",New York,,N/A,Unforeseeable business circumstances prompted by COVID 19,157,708,708
Breakaway Courier Corporation,2020-03-27,2020-04-09,2020-04-09,"444 West 36th Street  New York, NY, 10018",New York,,N/A,Unforeseeable business circumstances prompted by COVID 19,871,45,45
"Briad Lodging Group Central Islip, LLC and Briad Lodging Group Central Islip 2, LLC",2020-12-10,2020-09-12,2020-09-12,"Residence Inn & Courtyard Marriott  Central Islip, NY, 11722",Suffolk,,N/A,Unforeseeable business circumstances prompted by COVID 19,135,30,30
"Briad Lodging Group Poughkeepsie, LLC (at the Hilton Homewood Suites)",2020-12-10,2020-09-12,2020-09-12,"900 Thomas Watson Dr.  Poughkeepsie, NY, 12601",Dutchess,,N/A,Unforeseeable business circumstances prompted by COVID 19,134,12,12
"Brighton Surgery Center, LLC",2020-03-30,2020-03-30,2020-03-30,"980 Westfall Road, # 300  Rochester, NY, 14618",Monroe,,N/A,Unforeseeable business circumstances prompted by COVID 19,"1,157",,
Brits on Madison LLC,2020-03-23,2020-03-25,2020-03-25,"5 Madison Avenue  New York, NY, 10010",New York,,N/A,Unforeseeable business circumstances prompted by COVID 19,"1,368",139,139
"Broadway Apple, LLC",2020-03-17,2020-03-25,2020-03-25,"205 West 50th Street  New York, NY, 10019",New York,,N/A,Unforeseeable business circumstances prompted by COVID 19,"1,369",155,155
"Broadway Inbound, Inc.",2020-03-12,2020-07-03,2020-07-03,"520 Eighth Avenue  New York, NY, 10018",New York,,N/A,Unforeseeable business circumstances prompted by COVID 19,326,18,18
Broadway Park Fee LLC,,2020-04-14,2020-04-14,"280 Park Avenue  New York, NY, 10017",New York,,N/A,Unforeseeable business circumstances prompted by COVID 19,807,23,23
"Broadway Party Rentals, Inc.",2020-06-24,2020-03-26,2020-03-26,"134 Morgan Avenue  Brooklyn, NY, 11237",Kings,,N/A,Economic Plant Relocation,1,141,141
Broadway SRJ LLC,2020-06-01,2020-05-26,2020-05-26,"1515 Broadway  New York, NY, 10036",New York,,N/A,Unforeseeable business circumstances prompted by COVID 19,548,235,235
"Brockport Auxiliary Service Corporation (""BASC"")",2020-03-22,2020-03-18,2020-03-18,"350 New Campus Drive  Brockport, NY, 14420",Monroe,,N/A,Unforeseeable business circumstances prompted by COVID 19,"1,688",415,415
"Brodofication, LLC",2020-04-10,2020-04-15,2020-04-15,"403 East 12th Street  New York, NY, 10009",New York,,N/A,Unforeseeable business circumstances prompted by COVID 19,797,34,34
Brooklyn Brewery Corporation,2020-03-30,2020-04-06,2020-04-06,"79 North 11th Street  Brooklyn, NY, 11249",Kings,,N/A,Unforeseeable business circumstances prompted by COVID 19,943,66,66
Brooklyn Community Services (BCS),2020-04-13,2020-01-13,2020-01-13,"400 Liberty Avenue  Brooklyn, NY, 11207",Kings,,N/A,Due to a substantial loss of contract funding for their Preventive program,1,32,32
Brooklyn Community Services (BCS),2020-04-13,2020-01-13,2020-01-13,"1491 Broadway  Brooklyn, NY, 11221",Kings,,N/A,Due to a substantial loss of contract funding for their Preventive program,2,5,5
Brooklyn Community Services (BCS),2020-04-13,2020-01-13,2020-01-13,"1702 Mermaid Avenue  Brooklyn, NY, 11224",Kings,,N/A,Due to a substantial loss of contract funding for their Preventive program,3,5,5
"Brooks Brothers Group, Inc. (Brooks Brothers, Long Island City Ties and Alterations Central Shop)",2020-08-18,2020-05-15,2020-05-15,"39-25 Skillman Avenue  Sunnyside, NY, 11101",Queens,,N/A,Unforeseeable business circumstances prompted by COVID 19,580,136,136
"Brooks Brothers Group, Inc. (retail store and corporate offices)",2020-03-21,2020-08-26,2020-08-26,"346 Madison Avenue  New York, NY, 10017",New York,,N/A,Unforeseeable business circumstances prompted by COVID 19 and sale of the business,1,160,160
Brookset Bus Corp.,2020-03-31,2020-04-28,2020-04-28,"1711 Front Street  Yorktown, NY, 10598",Westchester,,N/A,Unforeseeable business circumstances prompted by COVID 19,661,7,7
Brookset Bus Corp.,2020-03-31,2020-04-28,2020-04-28,"(Eight Brookset Bus Corp. locations on Long Island)  Ronkonkoma, NY, 11779",Suffolk,,N/A,Unforeseeable business circumstances prompted by COVID 19,657,125,125
"Broome Street Food and Drink, LLC dba Black Tap Craft Burgers & Beer",2020-03-16,2020-03-16,2020-03-16,"529 Broome Street  New York, NY, 10013",New York,,N/A,Unforeseeable business circumstances prompted by COVID 19,"1,792",48,48
"Browns of Bellport, Inc.",2020-03-23,2020-03-31,2020-03-31,"483 Route 112  Patchogue, NY, 11772",Suffolk,,N/A,Unforeseeable business circumstances prompted by COVID 19,"1,144",86,86
Bruce Supply Corp.,2020-03-30,2020-04-15,2020-04-15,"650 West Merrick Road  Valley Stream, NY, 11580",Nassau,,N/A,Unforeseeable business circumstances prompted by COVID 19,795,15,15
Bruce Supply Corp.(2 locations),2020-03-30,2020-04-15,2020-04-15,"8805 18th Avenue  Brooklyn, NY, 11214",Kings,,N/A,Unforeseeable business circumstances prompted by COVID 19,794,58,58
Brush Hollow Inn LLC dba Viana Hotel and Spa,2020-03-14,2020-06-15,2020-06-15,"3998 Brush Hollow Rd.  Westbury, NY, 11590",Nassau,,N/A,Unforeseeable business circumstances prompted by COVID 19,430,19,19
BSWR Corp dba Sarabeths,2020-03-16,2020-03-30,2020-03-30,"423 Amsterdam Ave.  New York, NY, 10124",New York,,N/A,Unforeseeable business circumstances prompted by COVID 19,"1,170",37,37
"BTM Apple, LLC",2020-03-17,2020-03-25,2020-03-25,"610 Exterior Street  Bronx, NY, 10451",Bronx,,N/A,Unforeseeable business circumstances prompted by COVID 19,"1,334",69,69
"Bubba Gump Shrimp Co. Restaurants, Inc. dba Bubba Gump",2020-04-08,2020-04-08,2020-04-08,"1501 Broadway  New York, NY, 10036",New York,,N/A,Unforeseeable business circumstances prompted by COVID 19,896,214,214
Buca Restaurants. Inc. dba Buca di Beppo,2020-03-17,2020-04-10,2020-04-10,"44 Wolf Road  Colonie, NY, 12205",Albany,,N/A,Unforeseeable business circumstances prompted by COVID 19,847,35,35
"Buddakan NY, L.P. d/b/a Buddakan NYC",2020-12-14,2020-12-11,2020-12-11,"75 9th Avenue  New York, NY, 10011",New York,,N/A,Unforeseeable business circumstances prompted by COVID 19,14,28,28
"Buddakan NY, L.P. dba Buddakan NYC",2020-03-23,2020-03-25,2020-03-25,"75 9th Avenue  New York, NY, 10011",New York,,N/A,Unforeseeable business circumstances prompted by COVID 19,"1,370",266,266
Buffalo Niagara Convention Center Management Corporation,2020-03-12,2020-04-29,2020-04-29,"153 Franklin Street  Buffalo, NY, 14202",Erie,,N/A,Unforeseeable business circumstances prompted by COVID 19,634,35,35
Buffalo Niagara Marriott,2020-08-29,2020-09-04,2020-09-04,"1340 Millersport Hwy  Amherst, NY, 14221",Erie,,N/A,Unforeseeable business circumstances prompted by COVID 19,153,87,87
"Bufkin Enterprises, Ltd.",2020-03-29,2020-03-29,2020-03-29,"68 Lombardy Street  Brooklyn, NY, 11222",Kings,,N/A,Unforeseeable business circumstances prompted by COVID 19,"1,207",12,12
Building Maintenance Service LLC,,2020-04-14,2020-04-14,"11 Penn Plaza  New York, NY, 10001",New York,,N/A,Unforeseeable business circumstances prompted by COVID 19,808,206,206
BURGER & BARREL (B&B WINEPUB),2020-03-15,2020-03-15,2020-03-15,"25 W Houston St.  New York, NY, 10012",New York,,N/A,Unforeseeable business circumstances prompted by COVID 19,"1,835",50,50
Burger & Lobster Bryant Park LLC (2 locations),2020-03-17,2020-03-16,2020-03-16,"132 West 43rd Street  New York, NY, 10036",New York,,N/A,Unforeseeable business circumstances prompted by COVID 19,"1,793",80,80
Burger & Lobster Flatiron LLC,2020-12-14,2020-12-14,2020-12-14,"39 West 19th St.  New York, NY, 10011",New York,,N/A,Unforeseeable business circumstances prompted by COVID 19,8,44,44
"Button, Inc.",2020-04-08,2020-04-10,2020-04-10,"88 Pine Street  New York, NY, 10005",New York,,N/A,Unforeseeable business circumstances prompted by COVID 19,858,44,44
"BWP2West, LLC dba 2 West Bar and Grille",2020-03-18,2020-03-20,2020-03-20,"2 West Ave.  Saratoga Springs, NY, 12866",Saratoga,,N/A,Unforeseeable business circumstances prompted by COVID 19,"1,617",30,30
Cachet Boutique NYC,2020-03-22,2020-03-22,2020-03-22,"510 W. 42nd Street  New York, NY, 10036",New York,,N/A,Unforeseeable business circumstances prompted by COVID 19,"1,534",40,40
Café' Mogador LLC,2020-03-16,2020-03-28,2020-03-28,"133 Wythe Ave.  Brooklyn, NY, 11249",Kings,,N/A,Unforeseeable business circumstances prompted by COVID 19,"1,215",43,43
"Caleres, Inc. New York Corporate Headquarters",2020-03-28,2020-04-02,2020-04-02,"156 West 56th Street  New York, NY, 10019",New York,,N/A,Unforeseeable business circumstances prompted by COVID 19,"1,034",70,70
Calexico Restaurants (4 NYC sites),2020-09-24,2020-09-24,2020-09-24," (4 NYC sites)  New York, NY, 10010",Kings,,N/A,Unforeseeable business circumstances prompted by COVID 19,111,82,82
California Pizza Kitchen (store #107),2020-03-18,2020-03-25,2020-03-25,"365 Central Park Ave.  Scarsdale, NY, 10583",Westchester,,N/A,Unforeseeable business circumstances prompted by COVID 19,"1,419",37,37
California Pizza Kitchen (store #133),2020-03-18,2020-03-25,2020-03-25,"160 NY-110 Spc. 1074  Huntington Station, NY, 11746",Suffolk,,N/A,Unforeseeable business circumstances prompted by COVID 19,"1,410",51,51
California Pizza Kitchen (store #133),2020-03-18,2020-03-25,2020-03-25,"618 Smith Haven Mall  Lake Grove, NY, 11755",Suffolk,,N/A,Unforeseeable business circumstances prompted by COVID 19,"1,411",42,42
California Pizza Kitchen (store #237),2020-03-18,2020-03-25,2020-03-25,"71-03 80th Street, Suite 7101  Glendale, NY, 11385",New York,,N/A,Unforeseeable business circumstances prompted by COVID 19,"1,371",41,41
"Callanan Industries, Inc.",2020-04-06,2020-04-08,2020-04-08,"402 State Highway 5S  Amsterdam, NY, 12010",Montgomery,,N/A,Unforeseeable business circumstances prompted by COVID 19,886,14,14
"CAMBA, Inc. (CAMBA's Beacon, COMPASS, SONYC & Cornerstone programs)",2020-04-16,2020-05-15,2020-05-15,"1720 Church Avenue  Brooklyn, NY, 11226",New York,,N/A,Suspension of all summer programming and services by the DYCD due to unforeseeable business circumstances prompted by COVID 19,1,316,316
Camelot Castle LLC dba Oscar Wilde,2020-03-16,2020-03-20,2020-03-20,"45 West 27th Street  New York, NY, 10001",New York,,N/A,Unforeseeable business circumstances prompted by COVID 19,"1,572",83,83
Cameron Manufacturing & Design,2020-05-18,2020-05-08,2020-05-08,"727 Blostein Blvd  Horseheads, NY, 14845",Chemung,,N/A,Unforeseeable business circumstances prompted by COVID 19,595,73,73
"Cameron Mitchell Restaurants, LLC",2020-03-16,2020-03-24,2020-03-24,"123 W. 52nd Street  New York, NY, 10019",New York,,N/A,Unforeseeable business circumstances prompted by COVID 19,"1,434",150,150
"Camp NYC, Inc. (3 locations-Headquarters, Fifth Avenue Store, DeKalb Ave. Brooklyn)",2020-03-16,2020-04-01,2020-04-01,"30 West 21st Street, 2nd Floor  New York, NY, 10011",New York,,N/A,Unforeseeable business circumstances prompted by COVID 19,"1,062",91,91
"Canada Dry Bottling Company of New York, L.P d/b/a Canada Dry (Maspeth)",2021-01-31,2020-10-29,2020-10-29,"50-35 56th Road  Maspeth, NY, 11378",Queens,,N/A,Plant purchased by another company,1,124,124
"Canada Dry Bottling Company of New York, L.P d/b/a Canada Dry (Melville)",2021-01-31,2020-10-29,2020-10-29,"135 Baylis Road  Melville, NY, 11747",Suffolk,,N/A,Plant purchased by another company,2,62,62
"Cantor Fitzgerald Securities (Operations Division 55 Water St., NYC)",2020-09-03,2020-06-05,2020-06-05,"55 Water Street  New York, NY, 10041",New York,,N/A,Company is relocating to an out of state location,1,30,30
"Cantor Fitzgerald Securities (Operations Division 110 E. 59th St., NYC)",2020-09-03,2020-06-05,2020-06-05,"110 E. 59th Street  New York, NY, 10022",New York,,N/A,Company is relocating to an out of state location,2,8,8
"Cantor Fitzgerald Securities (Operations Division 199 Water St., NYC)",2020-09-03,2020-06-05,2020-06-05,"199 Water Street  New York, NY, 10038",New York,,N/A,Company is relocating to an out of state location,3,5,5
Capacity Interactive Consulting LLC,2020-04-04,2020-04-01,2020-04-01,"1239 Broadway, Suite 1103  New York, NY, 10001",New York,,N/A,Unforeseeable business circumstances prompted by COVID 19,"1,063",50,50
Capital District YMCA,2020-03-27,2020-06-18,2020-06-18,"465 New Karner Road  Albany, NY, 12205",Albany,,N/A,Unforeseeable business circumstances prompted by COVID 19,391,"1,426","1,426"
"Capital Management Services, LP",2020-03-23,2020-03-24,2020-03-24,"698 1/2 South Ogden Street  Buffalo, NY, 14206",Erie,,N/A,Unforeseeable business circumstances prompted by COVID 19,"1,427",52,52
"Capital Region Gaming, LLC dba Rivers Casino & Resort",2020-03-16,2020-07-13,2020-07-13,"1 Rush Street  Schenectady, NY, 12305",Schenectady,,N/A,Unforeseeable business circumstances prompted by COVID 19,307,"1,021","1,021"
Capital Repertory Company,2020-03-20,2020-03-18,2020-03-18,"111 North Pearl Street  Albany, NY, 12207",Albany,,N/A,Unforeseeable business circumstances prompted by COVID 19,"1,684",31,31
Capitol Fire Sprinkler Co. Inc.,2020-03-20,2020-03-31,2020-03-31,"51-51 59th Place  Queens, NY, 11377",Queens,,N/A,Unforeseeable business circumstances prompted by COVID 19,"1,140",58,58
Captain Haddock LLC dba Simon & the Whale Studio and George Washington Bar,2020-03-15,2020-03-19,2020-03-19,"23 Lexington Ave.  New York, NY, 10010",New York,,N/A,Unforeseeable business circumstances prompted by COVID 19,"1,640",88,88
"CareRide Paratransit, LLC",2020-05-31,2020-02-28,2020-02-28,"63-15 Traffic Avenue  Ridgewood, NY, 11385",Queens,,N/A,The MTA did not renew contract which expires May 31 2020,1,221,221
"Carey Limousine N.Y., Inc.",2020-05-15,2020-05-11,2020-05-11,"24-59 47th Street  Astoria, NY, 11103",New York,,N/A,Unforeseeable business circumstances prompted by COVID 19,590,35,35
Carlisle Etcetera LLC - Corporate Headquarters,2021-03-27,2020-12-18,2020-12-18,"16 E 52nd Street, 16th Floor  New York, NY, 10022",New York,,N/A,Unforeseeable business circumstances prompted by COVID 19,4,32,32
"Carmine's Broadway Feast, Inc.",2020-03-16,2020-03-17,2020-03-17,"2450 Broadway  New York, NY, 10024",New York,,N/A,Unforeseeable business circumstances prompted by COVID 19,"1,747",159,159
Carnegie Hall Corporation,2020-03-22,2020-07-02,2020-07-02,"881 Seventh Avenue  New York, NY, 10019",New York,,N/A,Unforeseeable business circumstances prompted by COVID 19,329,316,316
Carroll Group NYC LLC dba Fette Sau,2020-03-21,2020-03-21,2020-03-21,"354 Metropolitan Avenue  Brooklyn, NY, 11211",Kings,,N/A,Unforeseeable business circumstances prompted by COVID 19,"1,538",21,21
Carroll Group NYC LLC dba Saint Anselm,2020-03-21,2020-03-21,2020-03-21,"355 Metropolitan Ave.  Brooklyn, NY, 11211",Kings,,N/A,Unforeseeable business circumstances prompted by COVID 19,"1,539",29,29
Carroll Group NYC LLC dba Spuyten Duyvil,2020-03-21,2020-03-21,2020-03-21,"359 Metropolitan Ave  Brooklyn, NY, 11211",Kings,,N/A,Unforeseeable business circumstances prompted by COVID 19,"1,540",12,12
CASA 91 LLC dba BLOCKHEADS BURRITOS,2020-03-17,2020-03-17,2020-03-17,"175 West 90th Street  New York, NY, 10024",New York,,N/A,Unforeseeable business circumstances prompted by COVID 19,"1,748",18,18
Casa Mono,2020-03-16,2020-03-18,2020-03-18,"52 Irving Place  New York, NY, 10003",New York,,N/A,Unforeseeable business circumstances prompted by COVID 19,"1,701",45,45
Casa Nonna,2020-03-18,2020-03-18,2020-03-18,"310 West 38th Street  New York, NY, 10018",New York,,N/A,Unforeseeable business circumstances prompted by COVID 19,"1,702",63,63
Casa NY Restaurant LLC dba Butter,2020-03-15,2020-03-15,2020-03-15,"70 West 45th Street  New York, NY, 10036",New York,,N/A,Unforeseeable business circumstances prompted by COVID 19,"1,836",91,91
"Cast & Crew Payroll, LLC",2020-04-10,2020-04-09,2020-04-09,"7 Penn Plaza, Suite 601  New York, NY, 10001",New York,,N/A,Unforeseeable business circumstances prompted by COVID 19,872,65,65
Cathay Pacific Airways Ltd.,2020-06-19,2020-04-16,2020-04-16,"JFK International Airport, Room 15-278, Terminal 8  Jamaica, NY, 11430",Queens,,N/A,Unforeseeable business circumstances prompted by COVID 19,787,68,68
Cathay Pacific Airways Ltd.,2020-07-03,2020-04-16,2020-04-16,"JFK International Airport, Room 15-278, Terminal 8  Jamaica, NY, 11430",Queens,,N/A,Unforeseeable business circumstances prompted by COVID 19,788,1,1
"Catholic Charities Neighborhood Services, Inc. (Behavioral Health Care Coordination Coordinated Behavioral Care program)",2020-06-30,2020-03-10,2020-03-10,"25 Chapel Street, Suite 901  Brooklyn, NY, 11201",Kings,,N/A,Budgetary Deficit,5,13,13
"Catholic Charities Neighborhood Services, Inc. (Brownsville Family Support Center & Brownsville Family Treatment Rehabilitation)",2020-06-30,2020-04-01,2020-04-01,"1165 Rockaway Avenue  Brooklyn, NY, 11236",Kings,,N/A,Budgetary Deficit,1,3,3
"Catholic Charities Neighborhood Services, Inc. (Cabrini Geriatric Health & Wellness Program)",2020-12-31,2020-09-25,2020-09-25,"6823 Fifth Avenue, 2nd Floor  Brooklyn, NY, 11220",Kings,,N/A,Unforeseeable business circumstances prompted by COVID 19,104,6,6
"Catholic Charities Neighborhood Services, Inc. (Cabrini Regional Grant Youth Employment Program)",2020-12-31,2020-09-25,2020-09-25,"918 27th Avenue  Astoria, NY, 11102",Queens,,N/A,Unforeseeable business circumstances prompted by COVID 19,107,3,3
"Catholic Charities Neighborhood Services, Inc. (East New York Family Support Center)",2020-06-30,2020-04-01,2020-04-01,"3060 Fulton Street  Brooklyn, NY, 11208",Kings,,N/A,Budgetary Deficit,2,13,13
"Catholic Charities Neighborhood Services, Inc. (Jamaica Prevention Program & Jamaica Family Treatment Program)",2020-06-30,2020-04-01,2020-04-01,"161-10 Jamaica Avenue  Queens, NY, 11432",Kings,,N/A,Budgetary Deficit,3,5,5
"Catholic Charities Neighborhood Services, Inc. (Jamaica Prevention Program & Jamaica Family Treatment Program)",2020-06-30,2020-04-01,2020-04-01,"1847 Mott Avenue  Far Rockaway, NY, 11691",Queens,,N/A,Budgetary Deficit,4,7,7
Catholic Guardian Services (34 W Central Harlem),2020-04-02,2020-01-03,2020-01-03,"Lt JP Kennedy Jr Community Center, 34 W 134th St.  New York, NY, 10037",New York,,N/A,Economic,174,2,2
Catholic Guardian Services (57th Avenue),2020-04-02,2020-01-03,2020-01-03,"98-32 57th Avenue  Corona, NY, 11368",Queens,,N/A,Economic,177,4,4
Catholic Guardian Services (133rd Ave.),2020-04-02,2020-01-03,2020-01-03,"151-10 133rd Ave.  Jamaica, NY, 11434",Queens,,N/A,Economic,178,17,17
Catholic Guardian Services (201st St.),2020-04-02,2020-01-03,2020-01-03,"	112-29 201st  Street  Hollis, NY, 11412",Queens,,N/A,Economic,179,8,8
Catholic Guardian Services (202nd St.),2020-04-02,2020-01-03,2020-01-03,"	215 East 202nd St.  Bronx, NY, 10458",Bronx,,N/A,Economic,169,17,17
Catholic Guardian Services (225th Street),2020-04-02,2020-01-03,2020-01-03,"1114 East 225th Street  Bronx, NY, 10466",Bronx,,N/A,Economic,170,12,12
Catholic Guardian Services (1011 Main Office),2020-01-27,2020-01-16,2020-01-16,"1011 1st Avenue, #10  New York, NY, 10022",New York,,N/A,Economic,156,1,1
Catholic Guardian Services (1011 Main Office),2020-04-02,2020-01-03,2020-01-03,"1011 1st Avenue, #10  New York, NY, 10022",New York,,N/A,Economic,175,8,8
Catholic Guardian Services (Clawson Street),2020-04-02,2020-01-03,2020-01-03,"311 Clawson Street  Staten Island, NY, 10306",Richmond,,N/A,Economic,181,13,13
Catholic Guardian Services (Community Habilitation Program),2020-05-12,2020-02-12,2020-02-12,"1011 First Avenue  New York, NY, 10022",New York,,N/A,Catholic Guardian Services has decided to discontinue operation of its Community Habilitation program in the New York City area for persons with development disabilities,1,7,7
Catholic Guardian Services (Davidson Ave.),2020-04-02,2020-01-03,2020-01-03,"2518 Davidson Ave.  Bronx, NY, 10468",Bronx,,N/A,Economic,171,12,12
Catholic Guardian Services (Dresden Place),2020-04-02,2020-01-03,2020-01-03,"46 Dresden Place  Staten Island, NY, 10301",Richmond,,N/A,Economic,182,19,19
Catholic Guardian Services (Grand Concourse),2020-04-02,2020-01-03,2020-01-03,"	1780 Grand Concourse #2  Bronx, NY, 10457",Bronx,,N/A,Economic,172,5,5
Catholic Guardian Services (Payson Ave.),2020-04-02,2020-01-03,2020-01-03,"	107 Payson Ave.  New York, NY, 10034",New York,,N/A,Economic,176,30,30
Catholic Guardian Services (Rego Park),2020-04-02,2020-01-03,2020-01-03,"	97-11 Horace Harding Exp. 10K&9K  Rego Park, NY, 11368",Queens,,N/A,Economic,180,7,7
Catholic Guardian Services (Wallace Ave),2020-04-02,2020-01-03,2020-01-03,"	2959 Wallace Ave.  Bronx, NY, 10467",Bronx,,N/A,Economic,173,19,19
"CBLPath, Inc.",2020-04-14,2020-04-16,2020-04-16,"760 Westchester Ave.  Rye Brook, NY, 10573",Westchester,,N/A,Unforeseeable business circumstances prompted by COVID 19,791,60,60
CBRE,2020-05-22,2020-02-19,2020-02-19,"275 7th Avenue, 17th Floor  New York, NY, 10011",New York,,N/A,Reduction in workload due to a change in business priorities,1,47,47
CBRE (White Plains),2021-02-05,2020-11-06,2020-11-06,"70 West Red Oak Lane  White Plains, NY, 10604",Westchester,,N/A,Economic,8,35,35
"CDL New York, LLC at Millennium Hilton NYC Downtown",2020-03-15,2020-07-14,2020-07-14,"55 Church St.  New York, NY, 10007",New York,,N/A,Unforeseeable business circumstances prompted by COVID 19,296,192,192
CenterLight Home Health Agency (CHHA),2020-11-16,2020-11-06,2020-11-06,"1000 Gates Avenue  Brooklyn, NY, 11221",Kings,,N/A,Asset Purchase Agreement to acquire facility at 1000 Gates Ave Brooklyn,1,108,108
Central Amusement International Inc. (Luna Park Coney Island),2020-03-27,2020-09-28,2020-09-28,"1000 Surf Ave.   Brooklyn, NY, 11224",Kings,,N/A,Unforeseeable business circumstances prompted by COVID 19,101,40,40
"Central Park Boat House, LLC",2020-03-16,2020-09-08,2020-09-08,"Park Drive North, E 72nd Street  New York, NY, 10021",New York,,N/A,Unforeseeable business circumstances prompted by COVID 19,142,163,163
Centric Brands Inc.,2020-05-15,2020-05-15,2020-05-15,"350 Fifth Avenue  New York, NY, 10118",New York,,N/A,Unforeseeable business circumstances prompted by COVID 19,578,140,140
Centric Brands Inc. (Corporate office),2020-08-31,2020-08-20,2020-08-20,"350 Fifth Avenue  New York, NY, 10118",New York,,N/A,Unforeseeable business circumstances prompted by COVID 19,194,3,3
"Century 21 Department Stores, LLC (750 Central Park Ave)",2020-12-06,2020-06-09,2020-06-09,"750 Central Park Ave  Yonkers, NY, 10704",Westchester,,N/A,Unforeseeable business circumstances prompted by COVID 19,480,45,45
"Century 21 Department Stores, LLC (Bay Ridge Store)",2020-12-06,2020-06-09,2020-06-09,"472 86th Street  Brooklyn, NY, 11209",Kings,,N/A,Unforeseeable business circumstances prompted by COVID 19,463,131,131
"Century 21 Department Stores, LLC (City Point Store)",2020-12-06,2020-06-09,2020-06-09,"445 Albee Square W  Brooklyn, NY, 11201",Kings,,N/A,Unforeseeable business circumstances prompted by COVID 19,464,91,91
"Century 21 Department Stores, LLC (Corporate Offices)",2020-09-11,2020-06-09,2020-06-09,"22 Cortlandt St.  New York, NY, 10007",New York,,N/A,Unforeseeable business circumstances prompted by COVID 19,468,83,83
"Century 21 Department Stores, LLC (Downtown Manhattan Store)",2020-12-06,2020-06-09,2020-06-09,"21 Dey Street  New York, NY, 10007",New York,,N/A,Unforeseeable business circumstances prompted by COVID 19,469,126,126
"Century 21 Department Stores, LLC (Green Acres Mall Store)",2020-09-11,2020-06-09,2020-06-09,"1127 Green Acres Mall  Valley Stream, NY, 11581",Nassau,,N/A,Unforeseeable business circumstances prompted by COVID 19,465,42,42
"Century 21 Department Stores, LLC (Lincoln Square Store)",2020-10-09,2020-06-09,2020-06-09,"1972 Broadway  New York, NY, 10023",New York,,N/A,Unforeseeable business circumstances prompted by COVID 19,470,64,64
"Century 21 Department Stores, LLC (Rego Park Store)",2020-12-06,2020-06-09,2020-06-09,"61-35 Junction Blvd.  Rego Park, NY, 11374",Queens,,N/A,Unforeseeable business circumstances prompted by COVID 19,479,104,104
"Century 21 Department Stores, LLC (Westbury Store)",2020-12-06,2020-06-09,2020-06-09,"1085 Old Country Road  Westbury, NY, 11590",Nassau,,N/A,Unforeseeable business circumstances prompted by COVID 19,466,75,75
Century Linen,2020-03-26,2020-03-26,2020-03-26,"542 N Perry St.  Johnstown, NY, 12095",Genesee,,N/A,Unforeseeable business circumstances prompted by COVID 19,"1,284",103,103
"CF Management-NY, LLC",2020-03-17,2020-03-19,2020-03-19,"1 Sunrise Mall Suite 1297  Massapequa, NY, 11758",Nassau,,N/A,Unforeseeable business circumstances prompted by COVID 19,"1,632",83,83
"CF Management-NY, LLC",2020-03-17,2020-03-19,2020-03-19,"200 Baychester Ave  Bronx, NY, 10475",New York,,N/A,Unforeseeable business circumstances prompted by COVID 19,"1,641",74,74
"CF Management-NY, LLC",2020-03-17,2020-03-19,2020-03-19,"630 Old Country Road  Garden City, NY, 11530",Nassau,,N/A,Unforeseeable business circumstances prompted by COVID 19,"1,633",109,109
"CFS 2907 LGA LLC, dba The Parking Spot",2020-02-29,2020-02-20,2020-02-20,"90-01 23rd Avenue  East Elmhurst, NY, 11369",Queens,,N/A,Landlord s decision to cease operating the parking facility,1,36,36
"CGI Federal Inc. (at the New Passport office, Buffalo)",2020-09-30,2020-10-01,2020-10-01,"111 Genesse Street, Suite 101  Buffalo, NY, 14203",Erie,,N/A,Unforeseeable business circumstances prompted by COVID 19,81,4,4
CGI Federal Inc. (at the New Passport office),2020-09-30,2020-10-01,2020-10-01,"376 Hudson Street, 10th floor  New York, NY, 10014",New York,,N/A,Unforeseeable business circumstances prompted by COVID 19,86,47,47
"Chambers Operating, LLC dba The Chambers Hotel",2020-03-18,2020-03-23,2020-03-23,"15 West 56th Street  New York, NY, 10019",New York,,N/A,Unforeseeable business circumstances prompted by COVID 19,"1,492",43,43
"Chartwells (at Bard College, Annandale-on-Hudson)",2020-07-28,2020-06-16,2020-06-16,"1400 Annandale Road  Annandale on Hudson, NY, 12504",Dutchess,,N/A,Cancelled Contract,1,97,97
"Chartwells Higher Education (at Purchase College, Purchase)",2020-07-24,2020-07-24,2020-07-24,"735 Anderson Hill Rd.  Purchase, NY, 10577",Westchester,,N/A,Unforeseeable business circumstances prompted by COVID 19,277,83,83
Chartwells Higher Education (at The New School),2020-07-27,2020-07-24,2020-07-24,"66 W. 12th St.  New York, NY, 10011",New York,,N/A,Unforeseeable business circumstances prompted by COVID 19,274,32,32
Chateau Briand Caterers,2020-03-16,2020-03-26,2020-03-26,"440 Old County Road  Carle Place, NY, 11514",Suffolk,,N/A,Unforeseeable business circumstances prompted by COVID 19,"1,326",124,124
Chelsea Hospitality Associates LLC dba Feroce Bar Feroce and Fleur Room (Moxy Chelsea F&B),2020-03-23,2020-04-01,2020-04-01,"105 West 28th Street  New York, NY, 10001",New York,,N/A,Unforeseeable business circumstances prompted by COVID 19,"1,064",173,173
"Chelsea Hospitality Associates LLC dba Feroce, Bar Feroce, and Fleur Room (Moxy Chelsea F&B) (NYC)",2020-08-10,2020-08-11,2020-08-11,"105 West 28th Street  New York, NY, 10001",New York,,N/A,Unforeseeable business circumstances prompted by COVID 19,226,6,6
"Chelsea Piers Sports and Recreation Complex (Chelsea Piers Management, Inc.)",2020-03-13,2020-06-02,2020-06-02,"62 Chelsea Piers, Room 300  New York, NY, 10011",New York,,N/A,Unforeseeable business circumstances prompted by COVID 19,515,528,528
Chesapeake Hospitality (Crowne Plaza Lake Placid),2020-03-18,2020-03-20,2020-03-20,"101 Olympic Dr.  Lake Placid, NY, 12946",Essex,,N/A,Unforeseeable business circumstances prompted by COVID 19,"1,554",,
Chesapeake Hospitality (Doubletree by Hilton Downtown Syracuse),2020-03-18,2020-03-20,2020-03-20,"6301 NY-298  East Syracuse, NY, 13057",Onondaga,,N/A,Unforeseeable business circumstances prompted by COVID 19,"1,609",,
"CHF Industries, Inc.",2020-03-30,2020-03-30,2020-03-30,"One Park Avenue  New York, NY, 10016",New York,,N/A,Unforeseeable business circumstances prompted by COVID 19,"1,171",34,34
Childrens Community Services (Long Island),2021-03-31,2020-11-05,2020-11-05,"700 Rockaway Tpke.  Lawrence, NY, 11559",Nassau,,N/A,The services currently performed by Children s Community Services CCS will be transferred to another provider The expectation is that current CCS employees will have the opportunity for employment with the new provider,2,10,10
Childrens Community Services (NYC),2021-03-31,2020-11-05,2020-11-05,"37-35 21st Street, Long Island City and 470 Pulaski Street, Brooklyn  Brooklyn, NY, 11221",Kings,,N/A,The services currently performed by Children s Community Services CCS will be transferred to another provider The expectation is that current CCS employees will have the opportunity for employment with the new provider,1,45,45
China Grill Management 12 E 22 LLC dba Almond,2020-03-16,2020-03-27,2020-03-27,"12 E. 22nd Street  New York, NY, 10010",New York,,N/A,Unforeseeable business circumstances prompted by COVID 19,"1,244",69,69
China Management,2020-12-18,2020-12-18,2020-12-18,"Two Pennsylvania Plaza, 19th Floor  New York, NY, 10121",New York,,N/A,Unforeseeable business circumstances prompted by COVID 19,5,5,5
"China Management LLC , (NYC offices)",2020-08-10,2020-08-11,2020-08-11,"(Ave. of Americas & Pennsylvania Plaza)  New York, NY, 10019",New York,,N/A,Unforeseeable business circumstances prompted by COVID 19,227,8,8
China Management LLC (2 locations),2020-03-23,2020-04-03,2020-04-03,"1350 Avenue of the Americas, Suite 710 & 2 Pennsylvania Ave., 19th Floor  New York, NY, 10019",New York,,N/A,Unforeseeable business circumstances prompted by COVID 19,985,57,57
"Christopher's Restaurant Inc. dba Comfort Inn and Suites, Eclipse Fitness and Spa, Perkins, Plattsburgh Brewing, Champ's Fun City",2020-03-16,2020-04-03,2020-04-03,"411 Route 3  Plattsburgh, NY, 12901",Clinton,,N/A,Unforeseeable business circumstances prompted by COVID 19,977,131,131
Chumley's 86 LLC,2020-03-15,2020-03-26,2020-03-26,"86 Bedford Street  New York, NY, 10014",New York,,N/A,Unforeseeable business circumstances prompted by COVID 19,"1,300",19,19
"Cinemark USA, Inc.",2020-03-26,2020-03-26,2020-03-26,"2291 Buffalo Road  Rochester, NY, 14624",Monroe,,N/A,Unforeseeable business circumstances prompted by COVID 19,"1,289",82,82
Cirque du Soleil,2020-06-30,2020-06-29,2020-06-29,"434 Lafayette Street  New York, NY, 10003",New York,,N/A,Unforeseeable business circumstances prompted by COVID 19,350,118,118
"Citizen Watch Company of America, Inc.",2020-06-21,2020-03-23,2020-03-23,"50-04 25th Ave.  Woodside, NY, 11377",Queens,,N/A,Unforeseeable business circumstances prompted by COVID 19,"1,520",42,42
Citusa Park Ave LLC dba IBEROSTAR 70 Park Avenue,2020-03-29,2020-03-19,2020-03-19,"70 Park Avenue  New York, NY, 10016",New York,,N/A,Unforeseeable business circumstances prompted by COVID 19,"1,642",59,59
"City Vineyard, LLC",2020-03-15,2020-06-15,2020-06-15,"233 West Street  New York, NY, 10013",New York,,N/A,Unforeseeable business circumstances prompted by COVID 19,432,60,60
"City Winery New York, LLC (25 11th Ave.)",2020-03-15,2020-06-15,2020-06-15,"25 11th Ave.  New York, NY, 10011",New York,,N/A,Unforeseeable business circumstances prompted by COVID 19,433,15,15
"City Winery New York, LLC (45 Rockefeller Plaza)",2020-03-15,2020-06-15,2020-06-15,"45 Rockefeller Plaza  New York, NY, 10111",New York,,N/A,Unforeseeable business circumstances prompted by COVID 19,434,14,14
"City Winery, LLC (601 W. 26th St.)",2020-03-15,2020-06-15,2020-06-15,"601 W. 26th Street, Suite M230  New York, NY, 10001",New York,,N/A,Unforeseeable business circumstances prompted by COVID 19,435,4,4
"ClassPass, Inc.",2020-04-02,2020-04-08,2020-04-08,"275 7th Avenue  New York, NY, 10001",New York,,N/A,Unforeseeable business circumstances prompted by COVID 19,897,146,146
ClearVision Optical Company Inc.,2020-04-07,2020-04-06,2020-04-06,"425 Robro Drive, Suite 2  Hauppauge, NY, 11788",Suffolk,,N/A,Unforeseeable business circumstances prompted by COVID 19,969,61,61
Club Fit,2020-03-31,2020-03-26,2020-03-26,"584 N. State Rd.  Briarcliff Manor, NY, 10510",Westchester,,N/A,Unforeseeable business circumstances prompted by COVID 19,"1,331",462,462
"Club Quarters Hotel, World Trade Center",2020-07-09,2020-07-09,2020-07-09,"140 Washington St.  New York, NY, 10006",New York,,N/A,Unforeseeable business circumstances prompted by COVID 19,316,98,98
Clyde Ark LLC dba Clyde Frazier's Wine and Dine,2020-03-16,2020-03-30,2020-03-30,"485 10th Avenue  New York, NY, 10018",New York,,N/A,Unforeseeable business circumstances prompted by COVID 19,"1,172",75,75
CMR Rest Corp. dba Ella NYC,2020-03-20,2020-03-23,2020-03-23,"249 Columbus Ave.  New York, NY, 10023",New York,,N/A,Unforeseeable business circumstances prompted by COVID 19,"1,493",25,25
"Coast Professional, Inc. - East Aurora",2020-03-20,2020-03-27,2020-03-27,"300 Gleed Ave.  East Aurora, NY, 14052",Erie,,N/A,Coast Professionals Inc,1,65,65
"Coast Professional, Inc. - Elmira",2020-03-20,2020-03-27,2020-03-27,"611 Jamison Road  Elmira, NY, 14059",Chemung,,N/A,Unforeseeable business circumstances prompted by COVID 19,"1,219",146,146
"Coast Professional, Inc. -Geneseo",2020-03-20,2020-03-27,2020-03-27,"4273 Volunteer Road  Geneseo, NY, 14454",Livingston,,N/A,Unforeseeable business circumstances prompted by COVID 19,"1,229",240,240
Coffee Distributing Corp.,2020-07-01,2020-06-19,2020-06-19,"200 Broadway  Garden City Park, NY, 11040",Nassau,,N/A,Unforeseeable business circumstances prompted by COVID 19,383,215,215
"Collins Building Services, Inc.",2020-03-20,2020-05-01,2020-05-01,"Nassau Coliseum-1255 Hempstead Turnpike Nassau Coliseum-1255 Hempstead Turnpike  Uniondale, NY, 11153",Nassau,,N/A,Unforeseeable business circumstances prompted by COVID 19,619,60,60
"Collins Building Services, Inc. (11 NYC sites)",2020-03-20,2020-05-01,2020-05-01,"Multiple New York City sites  New York, NY, 11430",New York,,N/A,Unforeseeable business circumstances prompted by COVID 19,621,435,435
Colony Club,2020-03-18,2020-03-16,2020-03-16,"564 Park Ave.  New York, NY, 10065",New York,,N/A,Unforeseeable business circumstances prompted by COVID 19,"1,794",60,60
"Columbus Restaurant Fund IV, LLC dba Center Bar",2020-03-16,2020-06-24,2020-06-24,"10 Columbus Circle  New York, NY, 10019",New York,,N/A,Unforeseeable business circumstances prompted by COVID 19,372,11,11
"Columbus Restaurant Fund IV, LLC dba Porter House Bar and Grill",2020-03-16,2020-06-24,2020-06-24,"10 Columbus Circle  New York, NY, 10019",New York,,N/A,Unforeseeable business circumstances prompted by COVID 19,373,87,87
"Columbus Restaurant Fund IV, LLC dba Porter House New York",2020-12-11,2020-12-16,2020-12-16,"10 Columbus Circle, Ste 4  New York, NY, 10019",New York,,N/A,Unforeseeable business circumstances prompted by COVID 19,6,43,43
"Columbus Transit, LLC",2020-05-31,2020-02-19,2020-02-19,"711 South Columbus Avenue  Mount Vernon, NY, 10550",Westchester,,N/A,Contract termination by Metropolitan Transit Authority,1,118,118
"Comfort Systems USA, Inc. (Syracuse)",2020-03-13,2020-04-03,2020-04-03,"6500 New Venture Gear Drive  East Syracuse, NY, 13057",Onondaga,,N/A,Unforeseeable business circumstances prompted by COVID 19,993,119,119
Company 3/Method Inc. f/k/a Deluxe Creative Services Inc. (44 West 18th Street),2020-03-25,2020-04-22,2020-04-22,"44 West 18th Street  New York, NY, 10011",New York,,N/A,Unforeseeable business circumstances prompted by COVID 19,694,25,25
Company 3/Method Inc. f/k/a Deluxe Creative Services Inc. (218 West 18th Street),2020-03-25,2020-04-23,2020-04-23,"218 West 18th Street  New York, NY, 10011",New York,,N/A,Unforeseeable business circumstances prompted by COVID 19,684,75,75
"Compass Group USA, Inc. (235 East 42 St., NYC)",2021-01-01,2020-09-30,2020-09-30,"235 East 42 Street  New York, NY, 10017",New York,,N/A,Unforeseeable business circumstances prompted by COVID 19,95,33,33
"Compass Group USA, Inc. d/b/a Flik Hospitality (1 Old Albany Post Road)",2020-09-30,2020-09-18,2020-09-18,"1 Old Albany Post Road  Ossining, NY, 10562",Westchester,,N/A,Unforeseeable business circumstances prompted by COVID 19,121,110,110
"Compass Group USA, Inc. d/b/a Flik Hospitality (20 Old Post Rd., Armonk)",2020-09-30,2020-09-16,2020-09-16,"20 Old Post Rd  Armonk, NY, 10504",Westchester,,N/A,Unforeseeable business circumstances prompted by COVID 19,129,76,76
"Compass Group USA, Inc. d/b/a Flik Hospitality (at 1 Liberty Pl., NYC)",2020-09-30,2020-09-17,2020-09-17,"1 Liberty Place  New York, NY, 10006",New York,,N/A,Unforeseeable business circumstances prompted by COVID 19,122,40,40
"Compass Group USA, Inc. d/b/a Flik Hospitality (at 55 Hudson Yards, NYC)",2020-09-30,2020-09-17,2020-09-17,"55 Hudson Yards  New York, NY, 10001",New York,,N/A,Unforeseeable business circumstances prompted by COVID 19,123,30,30
"Compass Group USA, Inc. d/b/a Flik Hospitality (at 601 Lexington Avenue, NYC)",2020-09-30,2020-09-17,2020-09-17,"601 Lexington Avenue  New York, NY, 10022",New York,,N/A,Unforeseeable business circumstances prompted by COVID 19,124,42,42
"Compass Group USA, Inc. d/b/a Flik Hospitality (at JFK Airport, Terminal 4, Jamaica)",2020-09-30,2020-09-17,2020-09-17,"JFK Airport, Terminal 4  Jamaica, NY, 01143",Queens,,N/A,Unforeseeable business circumstances prompted by COVID 19,127,46,46
"Compass Group USA, Inc. d/b/a Flik Hospitality (at One Manhattan West, NYC",2020-09-30,2020-09-17,2020-09-17,"One Manhattan West  New York, NY, 10001",New York,,N/A,Unforeseeable business circumstances prompted by COVID 19,125,45,45
"Compass Group USA, Inc. dba Chartwells (at Barnard College)",2020-03-14,2020-08-20,2020-08-20,"60 Wall St.  New York, NY, 10014",New York,,N/A,Unforeseeable business circumstances prompted by COVID 19,195,91,91
"Compass Group USA, Inc. dba Chartwells (at St. John's University-Jamaica)",2020-03-16,2020-07-27,2020-07-27,"8000 Utopia Pkwy  Jamaica, NY, 11439",Queens,,N/A,Unforeseeable business circumstances prompted by COVID 19,273,46,46
"Compass Group USA, Inc. dba Chartwells (at SUNY College at Old Westbury)",2020-03-16,2020-07-27,2020-07-27,"223 Score Hill Road Campus Center, H-3 l0  Old Westbury, NY, 11568",Nassau,,N/A,Unforeseeable business circumstances prompted by COVID 19,267,82,82
"Compass Group USA, Inc. dba Chartwells Higher Education (at New York University)",2020-08-31,2020-08-26,2020-08-26,"60 Washington Square South  New York, NY, 10012",New York,,N/A,Unforeseeable business circumstances prompted by COVID 19 and contract termination by Samsung,1,71,71
"Compass Group USA, Inc. dba FLIK (30 Rockefeller Plaza)",2020-08-31,2020-08-18,2020-08-18,"30 Rockefeller Plaza  New York, NY, 10112",Queens,,N/A,Unforeseeable business circumstances prompted by COVID 19,202,38,38
"Compass Group USA, Inc. dba FLIK (at British Airways Lounge, JFK Airport, Queens)",2020-08-31,2020-08-18,2020-08-18,"British Airways Lounge, JFK Airport  Queens, NY, 11403",Queens,,N/A,Unforeseeable business circumstances prompted by COVID 19,203,90,90
"Compass Group USA, Inc. dba FLIK Hospitality",2020-12-31,2020-12-08,2020-12-08,"1285 Avenue of the Americas  New York, NY, 10019",New York,,N/A,Unforeseeable business circumstances prompted by COVID 19,19,31,31
"Compass Group USA, Inc. dba Flik Hospitality (47 West 66th St., NYC)",2020-10-06,2020-08-06,2020-08-06,"47 West 66th Street  New York, NY, 10023",New York,,N/A,Unforeseeable business circumstances prompted by COVID 19,245,26,26
"Con Tech Building Systems, Inc.",2020-03-17,2020-03-30,2020-03-30,"4524 State Hwy. 58  Gouverneur, NY, 13642",St Lawrence,,N/A,Unforeseeable business circumstances prompted by COVID 19,"1,202",52,52
"Connected Ventures, LLC (CH Media)",2020-04-07,2020-01-08,2020-01-08,"	330 W. 34th Street, 5th Floor   New York, NY, 10001",New York,,N/A,Economic,164,39,39
"Connolly's Pub and Restaurant 7 locations (Irish Town Inc, 47th Pub Inc, 45st Restaurant Corp, The Perfect Pint E. 45th, Megan's Bar and Kitchen, Sean's Bar and Kitchen)",2020-03-16,2020-03-25,2020-03-25,"  New York, NY, ",New York,,N/A,Unforeseeable business circumstances prompted by COVID 19,"1,372",315,315
Conrad Employer LLC (Conrad New York Downtown),2020-03-23,2020-11-09,2020-11-09,"102 North End Ave.  New York, NY, 10032",New York,,N/A,Unforeseeable business circumstances prompted by COVID 19,39,237,237
Conrad Management LLC dba Conrad New York Midtown,2020-03-16,2020-07-13,2020-07-13,"151 West 54th Street  New York, NY, 10019",New York,,N/A,Unforeseeable business circumstances prompted by COVID 19,302,359,359
"Consolidated Bus Transit (CBT) Para Transit, Inc",2020-04-04,2020-04-03,2020-04-03,"2382 Blackrock Avenue  Bronx, NY, 10472",Bronx,,N/A,Loss of Contract with NY Transit Authority,1,239,239
"Consulate Hotel Associates, LLC dba The Time New York (224 W 49th St.)",2020-03-16,2020-06-05,2020-06-05,"224 W 49th St.  New York, NY, 10019",New York,,N/A,Unforeseeable business circumstances prompted by COVID 19,496,68,68
Cool Wind Ventilation Corp.,2020-03-27,2020-04-02,2020-04-02,"83-12 72nd Drive  Glendale, NY, 11385",Queens,,N/A,Unforeseeable business circumstances prompted by COVID 19,"1,052",58,58
"Coral Graphic Services, Inc.",2020-03-23,2020-04-23,2020-04-23,"840 S Broadway  Hicksville, NY, 11801",Nassau,,N/A,Unforeseeable business circumstances prompted by COVID 19,682,140,140
"Cord Contracting Co., Inc.",2020-03-20,2020-04-07,2020-04-07,"80 Crossways Park Drive, Suite 300  Woodbury, NY, 11797",Nassau,,N/A,Unforeseeable business circumstances prompted by COVID 19,926,,
"Cortland Apple, LLC",2020-03-17,2020-03-25,2020-03-25,"3127 East Main Street  Mohegan Lake, NY, 10547",Westchester,,N/A,Unforeseeable business circumstances prompted by COVID 19,"1,420",61,61
"Costikyan, Inc.",2020-03-23,2020-03-23,2020-03-23,"37-11 48th Ave  Long Island City, NY, 11101",Queens,,N/A,Unforeseeable business circumstances prompted by COVID 19,"1,521",17,17
"Costume Armour, Inc.",2020-03-17,2020-03-16,2020-03-16,"P.O.Box 85, 2 Mill Street  Cornwall, NY, 12518",Orange,,N/A,Unforeseeable business circumstances prompted by COVID 19,"1,827",13,13
Courtyard and Residence Inn by Marriott Central Park,2020-03-13,2020-03-27,2020-03-27,"1717 Broadway  New York, NY, 10019",New York,,N/A,Unforeseeable business circumstances prompted by COVID 19,"1,245",142,142
Courtyard by Marriott Upper East Side,2020-03-21,2020-06-09,2020-06-09,"410 East 92nd Street  New York, NY, 10128",New York,,N/A,Unforeseeable business circumstances prompted by COVID 19,471,25,25
Courtyard Management Corp. dba Courtyard New York Manhattan-Chelsea (135 West 30th St.),2020-03-14,2020-06-03,2020-06-03,"135 West 30th Street  New York, NY, 10001",New York,,N/A,Unforeseeable business circumstances prompted by COVID 19,510,67,67
Courtyard Management Corp. dba Courtyard New York Manhattan/Soho (181 Varick St.),2020-03-20,2020-06-04,2020-06-04,"181 Varick Street  New York, NY, 10014",New York,,N/A,Unforeseeable business circumstances prompted by COVID 19,504,36,36
Courtyard Management Corp. dba Courtyard Poughkeepsie,2020-03-13,2020-06-05,2020-06-05,"2641 South Rd  Poughkeepsie, NY, 12601",Westchester,,N/A,Unforeseeable business circumstances prompted by COVID 19,501,29,29
Courtyard Management Corp. dba Courtyard Rye,2020-03-21,2020-06-10,2020-06-10,"631 Midland Ave  Rye, NY, 10580",Westchester,,N/A,Unforeseeable business circumstances prompted by COVID 19,462,35,35
Courtyard Management Corporation dba Courtyard by Marriott New York Manhattan-Herald Square,2020-09-24,2020-05-26,2020-05-26,"8 Herald Square, 71 West 35th Street  New York, NY, 10001",New York,,N/A,Unforeseeable business circumstances prompted by COVID 19,549,59,59
Courtyard Management Corporation dba The Courtyard New York Manhattan-Fifth Avenue,2020-10-01,2020-06-02,2020-06-02,"3 East 40th Street  New York, NY, 10016",New York,,N/A,Unforeseeable business circumstances prompted by COVID 19,516,54,54
"CPS5, LLC (CPS Events at the Plaza)",2020-03-16,2020-05-04,2020-05-04,"770 5th Avenue  New York, NY, 10019",New York,,N/A,Unforeseeable business circumstances prompted by COVID 19,612,125,125
Crafted Hospitality,2020-03-15,2020-04-06,2020-04-06,"630 Old Country Road  Garden City, NY, 11530",Nassau,,N/A,Unforeseeable business circumstances prompted by COVID 19,949,,
Crafted Hospitality (3 NYC locations),2020-03-15,2020-04-06,2020-04-06,"43 East 19th Street  New York, NY, 10003",New York,,N/A,Unforeseeable business circumstances prompted by COVID 19,953,403,403
"Crescent Duck Farm, Inc.",2020-03-31,2020-04-03,2020-04-03,"10 Edgar Ave., P.O. Box 500  Aquebogue, NY, 11931",Suffolk,,N/A,Unforeseeable business circumstances prompted by COVID 19,"1,005",46,46
"Crescent Hotels & Resorts LLC, dba Marriott Syracuse Downtown",2020-03-17,2020-04-24,2020-04-24,"100 E. Onondaga St.  Syracuse, NY, 13202",Onondaga,,N/A,Unforeseeable business circumstances prompted by COVID 19,679,142,142
"Crescent Hotels & Resorts, LLC (at Aliz Times Square)",2020-03-17,2020-05-05,2020-05-05,"310 West 40th Street  New York, NY, 10018",New York,,N/A,Unforeseeable business circumstances prompted by COVID 19,608,19,19
"Crescent Hotels & Resorts, LLC (at Hyatt Centric 39th and 5th)",2020-03-23,2020-05-12,2020-05-12,"16 E 39th St.  New York, NY, 10016",New York,,N/A,Unforeseeable business circumstances prompted by COVID 19,588,8,8
"Crescent Hotels & Resorts, LLC (at the Crowne Plaza JFK Airport)",2020-03-23,2020-05-06,2020-05-06,"138- 10 135th Avenue  Jamaica, NY, 11436",New York,,N/A,Unforeseeable business circumstances prompted by COVID 19,605,30,30
"Crescent Hotels & Resorts, LLC (Holiday Inn)",2020-03-23,2020-03-24,2020-03-24,"99 Washington St.  New York, NY, 10006",New York,,N/A,Unforeseeable business circumstances prompted by COVID 19,"1,435",41,41
"Crescent Hotels & Resorts, LLC dba Hyatt Herald Square",2020-03-14,2020-04-22,2020-04-22,"30 West 31st Street  New York, NY, 10018",New York,,N/A,Unforeseeable business circumstances prompted by COVID 19,695,21,21
"Crest Hollow Country Club dba Crest Hollow Club at Woodbury, Inc.",2020-03-23,2020-03-25,2020-03-25,"8325 Jericho Tpke.  Woodbury, NY, 11797",Nassau,,N/A,Unforeseeable business circumstances prompted by COVID 19,"1,357",287,287
"Crest Logistics, LLC",2020-05-15,2020-05-11,2020-05-11,"105 Rotterdam Industrial Park  Rotterdam, NY, 12306",Schenectady,,N/A,Unforeseeable business circumstances prompted by COVID 19,593,171,171
Crestline Hotels & Resorts dba Courtyard Syracuse Downtown at Armory Square and Residence In Syracuse Downtown,2020-03-25,2020-04-07,2020-04-07,"300 West Fayette Street  Syracuse, NY, 13202",Onondaga,,N/A,Unforeseeable business circumstances prompted by COVID 19,931,36,36
Crestline Hotels & Resorts Hilton Garden Inn Islip/MacArthur Airport,2020-03-27,2020-04-07,2020-04-07,"3485 Veterans Memorial Highway  Ronkonkoma, NY, 11779",Suffolk,,N/A,Unforeseeable business circumstances prompted by COVID 19,937,34,34
"Cross County Apple, LLC",2020-03-17,2020-03-25,2020-03-25,"1010 Mall Walk West  Yonkers, NY, 10704",Westchester,,N/A,Unforeseeable business circumstances prompted by COVID 19,"1,421",48,48
"Crossroads Apple, LLC",2020-03-17,2020-03-25,2020-03-25,"395 Tarrytown Road  White Plains, NY, 10607",Westchester,,N/A,Unforeseeable business circumstances prompted by COVID 19,"1,422",38,38
"Crosstex International, Inc. (Cantel) (Phase 4) (Ranick Rd)",2020-04-30,2020-02-04,2020-02-04,"10 Ranick Road  Hauppauge, NY, 11788",Suffolk,,N/A,Restructuring which will involve the relocation of certain operations from Crosstex s Long Island location to Rush NY,4,9,9
"Crosstex International, Inc. (Cantel) (Phase 5) (Ranick Rd)",2020-06-30,2020-04-01,2020-04-01,"10 Ranick Road  Hauppauge, NY, 11788",Suffolk,,N/A,Restructuring which will involve the relocation of certain operations from Crosstex s Long Island location to Rush NY,2,2,2
"Crosstex International, Inc. (Cantel) (Phase 6) (Ranick Rd)",2020-07-29,2020-04-30,2020-04-30,"10 Ranick Road  Hauppauge, NY, 11788",Suffolk,,N/A,Restructuring which will involve the relocation of certain operations from Crosstex s Long Island location to Rush NY,1,1,1
"Crosstex International, Inc. (Cantel) (Ranick Rd)",2020-05-30,2020-02-26,2020-02-26,"10 Ranick Road  Hauppauge, NY, 11788",Suffolk,,N/A,Restructuring which will involve the relocation of certain operations from Crosstex s Long Island location to Rush NY,3,2,2
Crown Awards,2020-03-13,2020-03-23,2020-03-23,"9 Skyline Drive  Hawthorne, NY, 10532",Westchester,,N/A,Unforeseeable business circumstances prompted by COVID 19,"1,531",282,282
Crowne Plaza HY36 Midtown Manhattan,2020-03-25,2020-03-19,2020-03-19,"320 W. 36th Street  New York, NY, 10018",New York,,N/A,Unforeseeable business circumstances prompted by COVID 19,"1,643",55,55
Crowne Plaza Times Square Hotel,2020-03-20,2020-05-07,2020-05-07,"1605 Broadway  New York, NY, 10019",New York,,N/A,Unforeseeable business circumstances prompted by COVID 19,599,396,396
CRST dba Installs LLC,2020-03-22,2020-03-25,2020-03-25,"241 Main Street  Buffalo, NY, 14203",Erie,,N/A,Unforeseeable business circumstances prompted by COVID 19,"1,340",179,179
"Crystal Run Health Plan, LLC",2021-01-08,2020-10-06,2020-10-06,"109 Rykowski Lane  Middletown, NY, 10941",Orange,,N/A,Economic,16,4,4
"Crystal Run Health Plan, LLC",2020-10-30,2020-08-03,2020-08-03,"109 Rykowski Lane  Middletown, NY, 10941",Orange,,N/A,Economic,26,1,1
"Crystal Run Health Plan, LLC  (Phase 4)",2020-04-16,2020-01-17,2020-01-17,"109 Rykowski Lane  Middletown, NY, 10941",Orange,,N/A,Economic,154,1,1
"Crystal Run Health Plan, LLC (Phase 5)",2020-09-30,2020-06-29,2020-06-29,"109 Rykowski Lane  Middletown, NY, 10941",Orange,,N/A,Economic,36,1,1
"Crystal Run Healthcare, (including Crystal Run Ambulatory Surgery Center of Middletown, LLC)",2020-04-20,2020-05-04,2020-05-04,"95 Crystal Run Road  Middletown, NY, 10941",Orange,,N/A,Unforeseeable business circumstances prompted by COVID 19,618,53,53
"Crystal Run Healthcare, (including Crystal Run Transformation Services, LLC and Crystal Run Healthcare Physicians LLP)",2020-04-13,2020-04-27,2020-04-27,"109 Rykowski Lane  Middletown, NY, 10941",Orange,,N/A,Unforeseeable business circumstances prompted by COVID 19,673,422,422
"CSM Sport and Entertainment, Inc.",2020-04-03,2020-03-31,2020-03-31,"440 Ninth Ave., 17th Floor  New York, NY, 10001",New York,,N/A,Unforeseeable business circumstances prompted by COVID 19,"1,107",45,45
Culinart Group (at Deutsche Bank),2020-03-16,2020-07-27,2020-07-27,"60 Wall St.  New York, NY, 10014",New York,,N/A,Unforeseeable business circumstances prompted by COVID 19,268,34,34
CulinArt Group (at United Nations),2020-03-01,2020-07-20,2020-07-20,"United Nations  New York, NY, 10017",New York,,N/A,Unforeseeable business circumstances prompted by COVID 19,283,88,88
Cup of Nachos LLC dba OXOMOCO,2020-03-16,2020-03-25,2020-03-25,"128 Greenpoint Ave.  Brooklyn, NY, 11222",Kings,,N/A,Unforeseeable business circumstances prompted by COVID 19,"1,345",52,52
"Curry Ya 45, Inc. dba Curry-Ya",2020-03-17,2020-03-20,2020-03-20,"844 Second Ave.  New York, NY, 10017",New York,,N/A,Unforeseeable business circumstances prompted by COVID 19,"1,573",2,2
CUT by Wolfgang Puck,2020-03-29,2020-03-18,2020-03-18,"Four Seasons Hotel, 99 Church St.  New York, NY, 10007",New York,,N/A,Unforeseeable business circumstances prompted by COVID 19,"1,703",74,74
Cutler (4 sites),2020-03-17,2020-03-20,2020-03-20,"4 NYC locations  New York/Brooklyn, NY, ",New York,,N/A,Unforeseeable business circumstances prompted by COVID 19,"1,574",,
"CVS Health (CVS Pharmacy, Inc.) (45 South Service Rd., Plainview)",2020-10-23,2020-07-21,2020-07-21,"45 South Service Rd  Plainview, NY, 11803",Nassau,,N/A,Opening up facilities in Maspeth and Albany New York,1,74,74
CW SSS LLC,2020-03-23,2020-04-17,2020-04-17,"181 Front Street  New York, NY, 10038",New York,,N/A,Unforeseeable business circumstances prompted by COVID 19,754,16,16
Daily Provisions LLC dba Daily Provisions,2020-03-18,2020-03-31,2020-03-31,"103 East 19th Street  New York, NY, 10003",New York,,N/A,Unforeseeable business circumstances prompted by COVID 19,"1,108",41,41
"Danford F&B LLC dba Danford's Hotel, Marina & Spa",2020-03-17,2020-03-19,2020-03-19,"25 East Broadway  Port Jefferson, NY, 11777",Suffolk,,N/A,Unforeseeable business circumstances prompted by COVID 19,"1,678",149,149
Danish San Juan LLC (Broadway Theatre),2020-03-12,2020-06-19,2020-06-19,"1681 Broadway  New York, NY, 10019",New York,,N/A,Unforeseeable business circumstances prompted by COVID 19,387,111,111
"Darden Restaurants, Inc. (through its subsidiary GMRI, Inc.) (at Olive Garden)",2021-01-27,2020-10-28,2020-10-28,"4 NYC sites  New York, NY, ",New York,,N/A,Unforeseeable business circumstances prompted by COVID 19,49,265,265
"Darden Restaurants, Inc. (through its subsidiary GMRI, Inc.) (at Seasons 52)",2021-01-27,2020-10-28,2020-10-28,"630 Old Country Rd., Suite LL02  Garden City, NY, 11530",Nassau,,N/A,Unforeseeable business circumstances prompted by COVID 19,47,27,27
"Darden Restaurants, Inc. (through its subsidiary GMRI, Inc.) (at The Capital Grille) Long Island",2021-01-27,2020-10-28,2020-10-28,"630 Old Country Rd.  Garden City, NY, 11530",Nassau,,N/A,Unforeseeable business circumstances prompted by COVID 19,48,53,53
"Darden Restaurants, Inc. (through its subsidiary GMRI, Inc.) (at The Capital Grille) NYC",2021-01-27,2020-10-28,2020-10-28,"3 NYC sites  New York, NY, ",New York,,N/A,Unforeseeable business circumstances prompted by COVID 19,50,164,164
"Darden Restaurants, Inc. d/b/a Olive Garden",2020-05-04,2020-05-01,2020-05-01,"100 W. 125th St.  New York, NY, 10027",New York,,N/A,Unforeseeable business circumstances prompted by COVID 19,622,,
Dave & Busters (Albany),2020-03-16,2020-09-08,2020-09-08,"	1 Crossgates Mall Road SPC L117  Albany, NY, 12203",Albany,,N/A,Unforeseeable business circumstances prompted by COVID 19,138,90,90
Dave & Busters (Buffalo),2020-03-16,2020-09-08,2020-09-08,"		1 Galleria Drive Suite #TH171  Buffalo, NY, 14225",Erie,,N/A,Unforeseeable business circumstances prompted by COVID 19,139,85,85
Dave & Busters (New York & Staten Island),2020-03-16,2020-09-08,2020-09-08,"Multiple locations in NYC  New York/Staten Island, NY, 10036",New York,,N/A,Unforeseeable business circumstances prompted by COVID 19,143,256,256
Dave & Busters (Rochester),2020-03-16,2020-09-08,2020-09-08,"	1 Miracle Mile Drive  Rochester, NY, 14623",Monroe,,N/A,Unforeseeable business circumstances prompted by COVID 19,140,296,296
Dave & Busters (Syracuse),2020-03-16,2020-09-08,2020-09-08,"	306 Hiawatha Blvd West Space J307  Syracuse, NY, 13204",Onondaga,,N/A,Unforeseeable business circumstances prompted by COVID 19,149,77,77
Dave & Busters (West Nyack & Pelham Manor),2020-03-16,2020-09-08,2020-09-08,"4661 Palisades Center Drive & 881 Pelham Parkway, Pelham Manor, New York 10803  West Nyack/ Pelham Manor, NY, 10994",Rockland,,N/A,Unforeseeable business circumstances prompted by COVID 19,150,211,211
"Dave & Busters (Westbury, Massapequa & Islandia)",2020-03-16,2020-09-08,2020-09-08,"Multiple locations in Long Island  Westbury, Massapequa & Islandia, NY, 11590",Nassau,,N/A,Unforeseeable business circumstances prompted by COVID 19,141,421,421
David Yurman Enterprises LLC,2020-04-01,2020-07-16,2020-07-16,"24 Vestry Street  New York, NY, 10013",New York,,N/A,Unforeseeable business circumstances prompted by COVID 19,287,283,283
Davidoff Hutcher & Citron LLP,2020-03-31,2020-03-31,2020-03-31,"605 Third Avenue  New York, NY, 10158",New York,,N/A,Unforeseeable business circumstances prompted by COVID 19,"1,109",34,34
"Deconic Group, LLC",2020-04-15,2020-07-08,2020-07-08,"86 34th Street, Building #6, 3rd Floor, South ""D"" Section  Brooklyn, NY, 11232",Kings,,N/A,Unforeseeable business circumstances prompted by COVID 19,318,107,107
"DeIorio Foods, Inc.",2020-03-29,2020-03-25,2020-03-25,"2220 Bleeker Street  Utica, NY, 13501",Oneida,,N/A,Unforeseeable business circumstances prompted by COVID 19,"1,403",64,64
Del Frisco's Grille of New York LLC dba Del Frisco's Grille - Brookfield Place,2020-04-13,2020-04-13,2020-04-13,"250 Vesey Street  New York, NY, 10007",New York,,N/A,Unforeseeable business circumstances prompted by COVID 19,831,69,69
Del Frisco's Grille of New York LLC dba Del Frisco's Grille - New York,2020-04-08,2020-04-08,2020-04-08,"60 Rockefeller Plaza, Suite H  New York, NY, 10020",New York,,N/A,Unforeseeable business circumstances prompted by COVID 19,898,101,101
Del Frisco's of New York LLC dba Del Frisco's - New York,2020-04-08,2020-04-08,2020-04-08,"1221 Avenue of the Americas  New York, NY, 10020",New York,,N/A,Unforeseeable business circumstances prompted by COVID 19,899,251,251
Del Posto,2020-03-16,2020-03-18,2020-03-18,"85 10th Avenue  New York, NY, 10011",New York,,N/A,Unforeseeable business circumstances prompted by COVID 19,"1,704",163,163
"Delaware North Companies, Inc. (DN Syr LLC) (Syracuse)",2020-03-23,2020-06-30,2020-06-30,"1000 Col. Eileen Collins Blvd.  Syracuse, NY, 13212",Onondaga,,N/A,Unforeseeable business circumstances prompted by COVID 19,344,54,54
"Delaware North Companies, Inc. (DNC Gaming Mgmt in Suffolk LLC)",2020-03-23,2020-06-30,2020-06-30,"3635 Express Drive North  Islandia, NY, 11749",Suffolk,,N/A,Unforeseeable business circumstances prompted by COVID 19,349,24,24
"Delaware North Companies, Inc. (DNC P&R at Gideon Putnam, LLC)",2020-03-23,2020-06-30,2020-06-30,"24 Gideon Putnam Road  Saratoga Springs, NY, 12866",Saratoga,,N/A,Unforeseeable business circumstances prompted by COVID 19,348,114,114
"Delaware North Companies, Inc. (Finger Lakes Foodservice Inc. & Rochester Sportservice, Inc.)",2020-03-23,2020-06-30,2020-06-30,"Rte 96 and Beaver Creek Rd./One War Memorial Square  Farmington/Rochester, NY, 14425",Ontario,,N/A,Unforeseeable business circumstances prompted by COVID 19,345,352,352
"Delaware North Companies, Inc. (Several NYC sites)",2020-03-23,2020-06-30,2020-06-30,"  New York, NY, 10001",New York,,N/A,Unforeseeable business circumstances prompted by COVID 19,340,711,711
"Delaware North Companies, Inc. (Several Western Region sites)",2020-03-23,2020-06-30,2020-06-30,"  Buffalo, NY, 14075",Erie,,N/A,Unforeseeable business circumstances prompted by COVID 19,339,"1,383","1,383"
"Delicious Hospitality Group, LLC dba Delicious Hospitality Group",2020-03-18,2020-03-18,2020-03-18,"5 King Street Apt. 2E  New York, NY, 10012",New York,,N/A,Unforeseeable business circumstances prompted by COVID 19,"1,705",7,7
Delmont Medical Care (Long Island),2020-06-01,2020-06-01,2020-06-01,"3 Long Island Locations  Freeport/Franklin Square/Westbury, NY, ",Nassau,,N/A,Unforeseeable business circumstances prompted by COVID 19,521,52,52
Delmont Medical Care (NYC),2020-06-01,2020-06-01,2020-06-01,"1624 Central Ave., 2nd Floor  Far Rockaway, NY, 11691",Queens,,N/A,Unforeseeable business circumstances prompted by COVID 19,530,12,12
"Delta Air Lines, Inc.",2020-11-01,2020-07-01,2020-07-01,"LaGuardia and JFK International Airport, Terminal 4  Jamaica, NY, 11430",Queens,,N/A,Unforeseeable business circumstances prompted by COVID 19,338,,
"DFS Group L.P. (JFK Int'l Airport, Jamaica)",2020-04-20,2020-06-30,2020-06-30,"JFK International Airport  Jamaica, NY, 11430",Queens,,N/A,Unforeseeable business circumstances prompted by COVID 19,346,152,152
"DGA Security Systems, Inc.",2020-03-23,2020-04-01,2020-04-01,"429 West 53rd Street  New York, NY, 10019",New York,,N/A,Unforeseeable business circumstances prompted by COVID 19,"1,065",32,32
DHG Management Company LLC dba The National Restaurant (at The Benjamin),2020-03-18,2020-05-27,2020-05-27,"125 E. 50th Street  New York, NY, 10022",New York,,N/A,Unforeseeable business circumstances prompted by COVID 19,539,89,89
DialAmerica,2020-03-20,2020-03-23,2020-03-23,"2250 Brighton Henrietta Town Line  Henrietta, NY, 14623",Monroe,,N/A,Unforeseeable business circumstances prompted by COVID 19,"1,485",138,138
Diana Broadway LLC (Diana at The Longacre Theatre),2020-03-12,2020-06-18,2020-06-18,"2 NYC locations  New York, NY, ",New York,,N/A,Unforeseeable business circumstances prompted by COVID 19,395,100,100
Dig Inn 1319 First Avenue LLC dba DIG  (multiple NYC sites),2020-03-18,2020-03-24,2020-03-24,"12 NYC sites  New York, NY, ",New York,,N/A,Unforeseeable business circumstances prompted by COVID 19,"1,436",273,273
Dig Inn Rye Ridge LLC aka DIG,2020-03-18,2020-03-24,2020-03-24,"112 South Ridge St.  Rye Brook, NY, 10573",Westchester,,N/A,Unforeseeable business circumstances prompted by COVID 19,"1,466",7,7
Dime Community Bank,2021-01-29,2020-10-30,2020-10-30,"300 Cadman Plaza West, 8th floor  Brooklyn, NY, 11201",Kings,,N/A,Economic,10,92,92
DL1961 Premium Denim Inc.,2020-03-23,2020-03-23,2020-03-23,"121 Varick Street  New York, NY, 10013",New York,,N/A,Unforeseeable business circumstances prompted by COVID 19,"1,494",40,40
"DLA Restaurants, LLC dba The Mermaid Oyster Bar",2020-03-15,2020-03-16,2020-03-16,"79 MacDougal Street  New York, NY, 10012",New York,,N/A,Unforeseeable business circumstances prompted by COVID 19,"1,795",37,37
Dnata (JFK International Airport),2020-05-22,2020-05-09,2020-05-09,"JFK Airport  Queens, NY, 11430",Queens,,N/A,Unforeseeable business circumstances prompted by COVID 19,594,301,301
"DO & CO New York Catering, Inc.",2020-03-19,2020-03-12,2020-03-12,"149-09 183rd St.  Jamaica, NY, 11413",Queens,,N/A,Unforeseeable business circumstances prompted by COVID 19,"1,851",,
"DO & CO New York Catering, Inc.",2020-03-19,2020-03-12,2020-03-12,"149-32 132nd Street  Jamaica, NY, 11430",Queens,,N/A,Unforeseeable business circumstances prompted by COVID 19,"1,852",744,744
"DO & CO New York Catering, Inc.",2020-03-19,2020-03-13,2020-03-13,"154-09 146th Ave.  Jamaica, NY, 11434",Queens,,N/A,Unforeseeable business circumstances prompted by COVID 19,"1,849",,
"Dolomite Products Co., Inc.",2020-04-06,2020-04-03,2020-04-03,"1260 Jefferson Road  Rochester, NY, 14623",Monroe,,N/A,Unforeseeable business circumstances prompted by COVID 19,981,5,5
Donaldsons Inc.,2020-03-21,2020-04-14,2020-04-14,"5700 Sunrise Highway  Sayville, NY, 11782",Suffolk,,N/A,Unforeseeable business circumstances prompted by COVID 19,815,22,22
DoubleTree by Hilton,2020-03-16,2020-06-09,2020-06-09,"569 Lexington Avenue  New York, NY, 10022",New York,,N/A,Unforeseeable business circumstances prompted by COVID 19,472,278,278
Doubletree by Hilton New York Times Square West,2020-03-16,2020-05-05,2020-05-05,"350 West 40th Street  New York, NY, 10018",New York,,N/A,Unforeseeable business circumstances prompted by COVID 19,609,27,27
"Doughnut Plant Management, Inc.(7 Locations)",2020-03-17,2020-04-21,2020-04-21,"3100 47th Avenue, Suite 1100  Long Island City, NY, 11101",Queens,,N/A,Unforeseeable business circumstances prompted by COVID 19,712,,
"Dr. Howard Dr. Fine, LLC (operating as La Mercerie restaurant",2020-03-23,2020-03-25,2020-03-25,"53 Howard Street  New York, NY, 10013",New York,,N/A,Unforeseeable business circumstances prompted by COVID 19,"1,373",50,50
"Dr. Howard Dr. Fine, LLC d/b/a La Mercerie",2020-03-23,2020-12-11,2020-12-11,"53 Howard Street  New York, NY, 10013",New York,,N/A,Unforeseeable business circumstances prompted by COVID 19,15,15,15
Dr. Smood LLC (at 8 NYC locations),2020-12-04,2020-09-04,2020-09-04,"  New York, NY, ",New York,,N/A,Unforeseeable business circumstances prompted by COVID 19,158,51,51
"DSM California, LLC and Foroz Associates, LLC (Holiday Inn)",2020-03-17,2020-04-01,2020-04-01,"Buffalo International Airport 4600 Genesse Street  Cheektowaga, NY, 14225",Erie,,N/A,Unforeseeable business circumstances prompted by COVID 19,"1,056",57,57
Duluth Broadway LLC (production of Girl from The North Country at The Belasco Theatre),2020-03-12,2020-06-17,2020-06-17," 111 West 44th Street  New York, NY, 10036",New York,,N/A,Unforeseeable business circumstances prompted by COVID 19,406,67,67
"DVF Studio, LLC",2020-04-24,2020-04-29,2020-04-29,"440 West 14th Street  New York, NY, 10014",New York,,N/A,Unforeseeable business circumstances prompted by COVID 19,637,28,28
"Dynamic Music, Inc. dba The Olive Tree Café/Comedy Cellar",2020-03-17,2020-03-24,2020-03-24,"117 MacDougal Street  New York, NY, 10012",New York,,N/A,Unforeseeable business circumstances prompted by COVID 19,"1,437",64,64
DynCorp International LLC,2020-08-14,2020-06-05,2020-06-05,"  Fort Drum, NY, 13602",Jefferson,,N/A,Funding deficit on the Aviation Field Maintenance contract supporting the RESET work,1,37,37
E2 60 West 22nd Street LLC,2020-03-16,2020-04-17,2020-04-17,"60 W 22nd Street  New York, NY, 10010",New York,,N/A,Unforeseeable business circumstances prompted by COVID 19,755,24,24
E2 185 Bleecker LLC,2020-03-16,2020-04-17,2020-04-17,"185 Bleecker St.  New York, NY, 10012",New York,,N/A,Unforeseeable business circumstances prompted by COVID 19,756,21,21
E2 Lafayette LLC,2020-03-16,2020-04-17,2020-04-17,"240 Lafayette St.  New York, NY, 10012",New York,,N/A,Unforeseeable business circumstances prompted by COVID 19,757,24,24
Eagle Auto Mall Corp.,2020-03-31,2020-04-07,2020-04-07,"1320 Old Country Road  Riverhead, NY, 11901",Suffolk,,N/A,Unforeseeable business circumstances prompted by COVID 19,938,25,25
"Eagle Auto Mall Sales, Inc. dba Eagle Chevrolet",2020-03-31,2020-04-07,2020-04-07,"1330 Old Country Road  Riverhead, NY, 11901",Suffolk,,N/A,Unforeseeable business circumstances prompted by COVID 19,939,30,30
East Meadow Restaurant Corp.,2020-03-17,2020-03-17,2020-03-17,"284 East Meadow Avenue  East Meadow, NY, 11554",Nassau,,N/A,Unforeseen business circumstances as a result of the COVID 19,1,30,30
Eastchester Chrysler Jeep Dodge Ram,2020-03-13,2020-03-20,2020-03-20,"4007 Boston Rd  Bronx, NY, 10466",Bronx,,N/A,Unforeseeable business circumstances prompted by COVID 19,"1,552",33,33
"Eastern Heating & Cooling, Inc.",2020-04-01,2020-03-31,2020-03-31,"880 Broadway  Albany, NY, 12207",Albany,,N/A,Unforeseeable business circumstances prompted by COVID 19,"1,079",38,38
Easthill Hotel Corp. dba Pod 51 Hotel,2020-03-18,2020-03-19,2020-03-19,"230 East 51st Street  New York, NY, 10022",New York,,N/A,Unforeseeable business circumstances prompted by COVID 19,"1,644",70,70
Eastman Kodak Company (Eastman Business Park),2020-03-22,2020-01-23,2020-01-23,"1669 Lake Avenue  Rochester, NY, 14650",Monroe,,N/A,Economic,149,1,1
Eastman Kodak Company (Kodak Office),2020-03-29,2020-01-30,2020-01-30,"343 State Street  Rochester, NY, 14650",Monroe,,N/A,Economic,130,2,2
Eastman Kodak Company (Remote Employee),2020-05-10,2020-03-12,2020-03-12,"343 State Street  Rochester, NY, 14650",Monroe,,N/A,Economic,87,1,1
"Eastport Feeds, Inc.",2020-04-06,2020-04-03,2020-04-03,"140 East Moriches Blvd.  Eastport, NY, 11941",Suffolk,,N/A,Unforeseeable business circumstances prompted by COVID 19,"1,006",3,3
"Eat'n Park Hospitality Group, Inc. (Parkhurst Dining Services) (Elmira College)",2020-03-11,2020-04-17,2020-04-17,"One Park Place  Elmira, NY, 14901",Chemung,,N/A,Unforeseeable business circumstances prompted by COVID 19,733,76,76
"Eat'n Park Hospitality Group, Inc. (Parkhurst Dining Services) (Excellus BC & BS) (Techniplex) Finger Lakes",2020-03-11,2020-04-17,2020-04-17,"Two Finger Lakes Region Sites  Rochester, NY, ",Monroe,,N/A,Unforeseeable business circumstances prompted by COVID 19,737,21,21
"Eat'n Park Hospitality Group, Inc. (Parkhurst Dining Services) (Excellus BC & BS) Central",2020-03-11,2020-04-17,2020-04-17,"333 Butternut Drive  Syracuse, NY, 13214",Onondaga,,N/A,Unforeseeable business circumstances prompted by COVID 19,777,,
"Eat'n Park Hospitality Group, Inc. (Parkhurst Dining Services) (Excellus BC & BS) Mohawk Valley",2020-03-11,2020-04-17,2020-04-17,"12 Rhoads Drive  Utica, NY, 13502",Oneida,,N/A,Unforeseeable business circumstances prompted by COVID 19,776,,
"Eat'n Park Hospitality Group, Inc. (Parkhurst Dining Services) (Excellus BC & BS) Western",2020-03-11,2020-04-17,2020-04-17,"205 Park Club Lane  Buffalo, NY, 14221",Erie,,N/A,Unforeseeable business circumstances prompted by COVID 19,734,,
"Eat'n Park Hospitality Group, Inc. (Parkhurst Dining Services) (Mt. Saint Mary College) Mid-Hudson",2020-03-11,2020-04-17,2020-04-17,"205 Park Club Lane  Buffalo, NY, 14221",Westchester,,N/A,Unforeseeable business circumstances prompted by COVID 19,781,83,83
"Eataly NY FIDI, LLC",2020-03-16,2020-04-01,2020-04-01,"4 WTC 101 Liberty St. 3rd Floor  New York, NY, 10007",New York,,N/A,Unforeseeable business circumstances prompted by COVID 19,"1,066",260,260
"Eataly NY, LLC",2020-03-16,2020-04-01,2020-04-01,"200 5th Avenue  New York, NY, 10010",New York,,N/A,Unforeseeable business circumstances prompted by COVID 19,"1,067",314,314
"EB Apple, LLC",2020-03-17,2020-03-25,2020-03-25,"1 Executive Blvd.  Yonkers, NY, 10701",Westchester,,N/A,Unforeseeable business circumstances prompted by COVID 19,"1,423",33,33
ECD NY Inc.,2020-04-07,2020-04-07,2020-04-07,"35-12 19th Avenue, Suite 2W  Astoria, NY, 11105",Queens,,N/A,Unforeseeable business circumstances prompted by COVID 19,934,75,75
"Eco Clean Solutions, Inc. d/b/a Green Gobbler and GG Buyer, LLC",2021-01-22,2020-10-20,2020-10-20,"570 Oak Street  Copiague, NY, 11726",Suffolk,,N/A,Transitioning these operations over to their Gurnee Illinois site,1,48,48
"Edison Hotel, LLC",2020-03-24,2020-03-18,2020-03-18,"228 West 47th Street  New York, NY, 10036",New York,,N/A,Unforeseeable business circumstances prompted by COVID 19,"1,706",250,250
"EDITION Management LLC, dba The New York EDITION",2020-03-21,2020-06-03,2020-06-03,"5 Madison Avenue  New York, NY, 10010",New York,,N/A,Unforeseeable business circumstances prompted by COVID 19,511,205,205
"EFCO Products, Inc. Manufacturing (3 locations)",2020-04-08,2020-04-23,2020-04-23,"2 affected Poughkeepsie locations  Poughkeepsie, NY, 12601",Dutchess,,N/A,Unforeseeable business circumstances prompted by COVID 19,681,16,16
El Al Israeli Airlines Ltd.,2020-03-27,2020-03-13,2020-03-13,"100 Wall Street  New York, NY, 10005",New York,,N/A,Unforeseeable business circumstances prompted by COVID 19,"1,848",41,41
El Al Israeli Airlines Ltd.,2020-03-27,2020-03-13,2020-03-13,"Terminal 4 JFK International Airport  Jamaica, NY, 11430",Queens,,N/A,Unforeseeable business circumstances prompted by COVID 19,"1,850",12,12
Eleven Penn Plaza LLC,,2020-04-14,2020-04-14,"11 Penn Plaza  New York, NY, 10001",New York,,N/A,Unforeseeable business circumstances prompted by COVID 19,809,34,34
Elie Tahari Ltd. (2 sites),2020-03-20,2020-04-01,2020-04-01,"501 Fifth Avenue  New York, NY, 10017",New York,,N/A,Unforeseeable business circumstances prompted by COVID 19,"1,068",65,65
"Elite Airline Linen of New York, Inc.",2020-11-11,2020-11-11,2020-11-11,"1107 Redfern Ave  Far Rockaway, NY, 11691",Queens,,N/A,Unforeseeable business circumstances prompted by COVID 19,36,189,189
"Elite Services Group, LLC",2020-03-20,2020-03-23,2020-03-23,"40 West 27th Street, 6th Floor  New York, NY, 10001",New York,,N/A,Unforeseeable business circumstances prompted by COVID 19,"1,495",137,137
"Elizabeth Wende Breast Care, LLC",2020-03-23,2020-03-23,2020-03-23,"170 Sawgrass Drive  Rochester, NY, 14620",Monroe,,N/A,Unforeseeable business circumstances prompted by COVID 19,"1,486",78,78
"Elmer Kennedy, LLC dba Pasquale Jones",2020-03-18,2020-03-18,2020-03-18,"187 Mulberry Street  New York, NY, 10012",New York,,N/A,Unforeseeable business circumstances prompted by COVID 19,"1,707",39,39
Elysee Hotel Hospitality LLC dba Hotel Elysee,2020-03-22,2020-03-19,2020-03-19,"60 East 54 St.  New York, NY, 10022",New York,,N/A,Unforeseeable business circumstances prompted by COVID 19,"1,645",54,54
"Embarque N.Y., Inc.",2020-03-21,2020-03-20,2020-03-20,"24-59 47th Street  Astoria, NY, 11103",Queens,,N/A,Unforeseeable business circumstances prompted by COVID 19,"1,610",11,11
EmblemHealth (Albany),2020-11-30,2020-09-01,2020-09-01,"80 Wolf Rd.  Albany, NY, 12205",Albany,,N/A,Layoffs are due to a decision with a third party to automate their claims processing,1,60,60
EmblemHealth (New York),2020-11-30,2020-09-01,2020-09-01,"55 Water St  New York, NY, 10041",New York,,N/A,Layoffs are due to a decision with a third party to automate their claims processing,2,58,58
Emergency Planning Management Inc.,2020-03-20,2020-03-21,2020-03-21,"50 Methodist Hill Drive, Suite 700  Rochester, NY, 14623",Monroe,,N/A,Unforeseeable business circumstances prompted by COVID 19,"1,541",62,62
Emirates (Office),2020-06-24,2020-06-24,2020-06-24,"1415 Kellum Place, Suite 102  Garden City, NY, 11530",Nassau,,N/A,Unforeseeable business circumstances prompted by COVID 19,371,43,43
"Empire Architectural Metal, Corp.",2020-04-01,2020-03-30,2020-03-30,"14-50 118th Street  College Point, NY, 11356",Queens,,N/A,Unforeseeable business circumstances prompted by COVID 19,"1,201",125,125
Empire Consulting Solutions (Long Island sites),2020-06-30,2020-03-25,2020-03-25,"  Riverhead, NY, 11901",Suffolk,,N/A,The contract with OTDA to provide Contract with the New York State Office of Temporary and Disability Assistance will end on June 30 2020,1,,
Empire Consulting Solutions (NYC sites),2020-06-30,2020-03-25,2020-03-25,"  New York, NY, 10003",New York,,N/A,Contract with the New York State Office of Temporary and Disability Assistance will end on June 30 2020 services on the AFIS project is scheduled to end on June 30 th 2020,1,86,86
"Empire Merchants, LLC (United Division)",2020-09-30,2020-06-18,2020-06-18,"48-11 20th Ave.  Astoria, NY, 11105",Queens,,N/A,Loss of business supplier contract with Empire,1,166,166
"Empire Office, Inc. (105 Madison Ave., NYC)",2020-09-30,2020-09-30,2020-09-30,"105 Madison Avenue, Floor 15  New York, NY, 10016",New York,,N/A,Unforeseeable business circumstances prompted by COVID 19,96,26,26
"Empire State Realty OP, L.P. (East 42nd St.)",2020-03-30,2020-10-15,2020-10-15,"60 East 42nd St.  New York, NY, 10165",New York,,N/A,Unforeseeable business circumstances prompted by COVID 19,57,44,44
"Empire State Realty OP, L.P. (Empire State Building 5th Ave.)",2020-03-30,2020-10-15,2020-10-15,"350 5th Ave.  New York, NY, 10118",New York,,N/A,Unforeseeable business circumstances prompted by COVID 19,58,118,118
"Emursive Productions, LLC",2020-03-15,2020-03-16,2020-03-16,"20 Exchange Place, Banking Hall  New York, NY, 10005",New York,,N/A,Unforeseeable business circumstances prompted by COVID 19,"1,796",8,8
"Energy Panel Structures, Inc. (10269 Old Rte 31, Clyde, NY 14433)",2020-12-04,2020-10-20,2020-10-20,"10269 Old Rte 31  Clyde, NY, 14433",Wayne,,N/A,Unforeseeable business circumstances prompted by COVID 19,52,39,39
"Ennismore International USA, Inc.",2020-03-20,2020-03-20,2020-03-20,"101 N. 10th Street #204  Brooklyn, NY, 11249",Kings,,N/A,Unforeseeable business circumstances prompted by COVID 19,"1,557",8,8
Enterprise Holdings,2020-03-23,2020-04-29,2020-04-29,"11 Northway Lane N.  Latham, NY, 12111",Albany,,N/A,Unforeseeable business circumstances prompted by COVID 19,631,131,131
Enterprise Holdings,2020-03-23,2020-04-28,2020-04-28,"1300 Brooks Avenue  Rochester, NY, 14624",Monroe,,N/A,Unforeseeable business circumstances prompted by COVID 19,649,169,169
Enterprise Holdings,2020-04-30,2020-04-28,2020-04-28,"1300 Brooks Avenue  Rochester, NY, 14624",Monroe,,N/A,Unforeseeable business circumstances prompted by COVID 19,650,4,4
Enterprise Holdings,2020-03-23,2020-04-28,2020-04-28,"4200 Genesee St.  Buffalo, NY, 14225",Erie,,N/A,Unforeseeable business circumstances prompted by COVID 19,647,93,93
Enterprise Holdings,2020-04-30,2020-04-28,2020-04-28,"4200 Genesee St.  Buffalo, NY, 14225",Erie,,N/A,Unforeseeable business circumstances prompted by COVID 19,648,18,18
Enterprise Holdings,2020-04-30,2020-04-29,2020-04-29,"Building 69 Federal Circle  Jamaica, NY, 11430",Queens,,N/A,Unforeseeable business circumstances prompted by COVID 19,642,174,174
Enterprise Holdings (Long Island),2020-03-23,2020-04-29,2020-04-29,"3125 Veterans Memorial Highway  Ronkonkoma, NY, 11779",Suffolk,,N/A,Unforeseeable business circumstances prompted by COVID 19,643,113,113
Enterprise Holdings dba National and Alamo Rental Car,2020-04-03,2020-04-20,2020-04-20,"5 NYC locations  New York/Jamaica/East Elmhurst, NY, 10003",New York,,N/A,Unforeseeable business circumstances prompted by COVID 19,715,74,74
Envoy Air Inc. (JFK and LaGuardia),2020-10-01,2020-07-17,2020-07-17,"2 site locations  Queens, NY, 11372",Queens,,N/A,Unforeseeable business circumstances prompted by COVID 19,286,578,578
Equinox Holdings Inc. (1 site on Long Island),2020-03-20,2020-10-09,2020-10-09,"Great Neck, 90 E. Shore Rd.  Great Neck, NY, 11023",Nassau,,N/A,Unforeseeable business circumstances prompted by COVID 19,64,71,71
Equinox Holdings Inc. (2 Corporate sites and 16 fitness clubs - NYC),2020-03-20,2020-10-09,2020-10-09," (2 Corporate sites and 16 fitness clubs - NYC)  New York, NY, 10016",New York,,N/A,Unforeseeable business circumstances prompted by COVID 19,66,"1,433","1,433"
Equinox Holdings Inc.(Corporate locations),2020-04-24,2020-04-22,2020-04-22,"2 NYC locations  New York, NY, 10001",New York,,N/A,Unforeseeable business circumstances prompted by COVID 19,696,70,70
Equinox Hotel,2020-03-22,2020-06-17,2020-06-17,"33 Hudson Yards  New York, NY, 10001",New York,,N/A,Unforeseeable business circumstances prompted by COVID 19,407,134,134
Evelyn Hotel LLC,2020-03-24,2020-03-18,2020-03-18,"7 East 27th Street  New York, NY, 10016",New York,,N/A,Unforeseeable business circumstances prompted by COVID 19,"1,708",45,45
EVEN Hotel Brooklyn,2020-04-06,2020-04-01,2020-04-01,"46 Nevins Street  New York, NY, 11217",New York,,N/A,Unforeseeable business circumstances prompted by COVID 19,"1,069",47,47
EVEN Hotel Midtown East,2020-03-25,2020-03-19,2020-03-19,"221 E. 22th Street  New York, NY, 10017",New York,,N/A,Unforeseeable business circumstances prompted by COVID 19,"1,646",58,58
EVEN Hotel Times Square South,2020-03-24,2020-03-19,2020-03-19,"321 W. 35th Street  New York, NY, 10001",New York,,N/A,Unforeseeable business circumstances prompted by COVID 19,"1,647",35,35
"EVO Merchant Services, LLC",2020-09-24,2020-06-26,2020-06-26,"515 Broadhollow Road  Melville, NY, 11747",Suffolk,,N/A,Economic,37,85,85
Exceeding Expectations dba Longfellow's Hotel and Restaurant,2020-03-17,2020-03-17,2020-03-17,"500 Union Avenue  Saratoga Springs, NY, 12866",Saratoga,,N/A,Unforeseeable business circumstances prompted by COVID 19,"1,777",105,105
Exhale Upper East Side Gym and Day Spa,2020-03-16,2020-10-29,2020-10-29,"980 Madison Ave.  New York, NY, 10075",New York,,N/A,Unforeseeable business circumstances prompted by COVID 19,46,81,81
"Express Yourself, LLC dba Made Nice",2020-03-16,2020-03-18,2020-03-18,"8 W 28th Street  New York, NY, 10001",New York,,N/A,Unforeseeable business circumstances prompted by COVID 19,"1,709",31,31
"Expressway Apple, LLC",2020-03-17,2020-03-25,2020-03-25,"430 1451 Richmond Avenue  Staten Island, NY, 10314",New York,,N/A,Unforeseeable business circumstances prompted by COVID 19,"1,374",44,44
"Eye Care and Vision Associates Ophthalmology, LLP (ECVA) (3 Sites)",2020-03-23,2020-03-23,2020-03-23,"932 Elmwood Avenue  Buffalo, NY, 14222",Niagara,,N/A,Unforeseeable business circumstances prompted by COVID 19,"1,514",48,48
"F21 2019-0937, LLC dba Forever 21",2020-03-29,2020-03-27,2020-03-27,"435 Seventh Avenue  New York, NY, 10120",New York,,N/A,Unforeseeable business circumstances prompted by COVID 19,"1,246",429,429
"Faculty Student Association of State University of New York at Buffalo, Inc., dba Campus Dining and Shops, and UBFSA Services LLC dba Three Pillars Catering",2020-03-17,2020-07-22,2020-07-22,"146 Fargo Quad  Buffalo, NY, 14261",Erie,,N/A,Unforeseeable business circumstances prompted by COVID 19,279,"1,401","1,401"
Fairfield Inn - NY Downtown Manhattan World Trade Center Area,2020-03-23,2020-03-30,2020-03-30,"100 Greenwich Street  New York, NY, 10006",New York,,N/A,Unforeseeable business circumstances prompted by COVID 19,"1,173",,
Fairfield Inn & Suites New York Manhattan/Financial District,2020-03-10,2020-04-08,2020-04-08,"30 Fletcher Street  New York, NY, 10038",New York,,N/A,Unforeseeable business circumstances prompted by COVID 19,900,40,40
Fairfield Inn New York Manhattan/Fifth Ave,2020-03-14,2020-03-25,2020-03-25,"21 West 27th Street  New York, NY, 10018",New York,,N/A,Unforeseeable business circumstances prompted by COVID 19,"1,375",27,27
Fairview USA Inc. (Wheatfield),2020-04-04,2020-04-08,2020-04-08,"3777 Commerce Court  Wheatfield, NY, 14120",Niagara,,N/A,Unforeseeable business circumstances prompted by COVID 19,917,13,13
Fairway Group Holdings Corp. (Chelsea),2020-04-15,2020-01-24,2020-01-24,"Chelsea, 766 Avenue of the Americas  New York, NY, 10010",New York,,N/A,Economic,139,103,103
Fairway Group Holdings Corp. (Corporate Office),2020-10-09,2020-01-24,2020-01-24,"Corporate Office, 2284 12th Avenue  New York, NY, 10027",New York,,N/A,Economic,140,9,9
Fairway Group Holdings Corp. (Douglaston),2020-05-01,2020-01-24,2020-01-24,"Douglaston, 242-02 61st Avenue  Douglaston, NY, 11362",Queens,,N/A,Economic,146,143,143
Fairway Group Holdings Corp. (Georgetown),2020-05-01,2020-01-24,2020-01-24,"Georgetown, 2149 Ralph Avenue  Brooklyn, NY, 11234",Kings,,N/A,Economic,135,127,127
Fairway Group Holdings Corp. (Harlem),2020-06-16,2020-01-24,2020-01-24,"Harlem, 2328 12th Avenue  New York, NY, 10027",New York,,N/A,Economic,141,160,160
Fairway Group Holdings Corp. (Kips Bay),2020-04-15,2020-01-24,2020-01-24,"Kips Bay, 550 2nd Avenue  New York, NY, 10016",New York,,N/A,Economic,142,152,152
Fairway Group Holdings Corp. (Pelham Manor Wine & Spirits),2020-05-01,2020-01-24,2020-01-24,"Post Road Plaza, 847 Pelham Parkway  Pelham Manor, NY, 10803",Westchester,,N/A,Economic,147,10,10
Fairway Group Holdings Corp. (Pelham Manor),2020-05-01,2020-01-24,2020-01-24,"Pelham Manor, Post Road Plaza, 847 Pelham Parkway  Pelham Manor, NY, 10803",Westchester,,N/A,Economic,148,154,154
Fairway Group Holdings Corp. (Plainview),2020-05-01,2020-01-24,2020-01-24,"50 Manetto Hill Road  Plainview, NY, 11803",Nassau,,N/A,Economic,137,95,95
Fairway Group Holdings Corp. (Production & Distribution Center),2020-04-15,2020-01-24,2020-01-24,"400 Walnut Avenue  Bronx, NY, 10454",Bronx,,N/A,Economic,134,378,378
Fairway Group Holdings Corp. (Red Hook),2020-05-01,2020-01-24,2020-01-24,"Red Hook, 480-500 Van Brunt Street  Brooklyn, NY, 11231",Kings,,N/A,Economic,136,120,120
Fairway Group Holdings Corp. (Upper East Side),2020-04-15,2020-01-24,2020-01-24,"Upper East Side, 240 East 86th Street  New York, NY, 10028",New York,,N/A,Economic,143,277,277
Fairway Group Holdings Corp. (Upper West Side),2020-04-15,2020-01-24,2020-01-24,"Upper West Side, 2131 Broadway  New York, NY, 10023",New York,,N/A,Economic,144,337,337
Fairway Group Holdings Corp. (Westbury),2020-07-31,2020-01-24,2020-01-24,"1258 Corporate Drive  Westbury, NY, 11590",Nassau,,N/A,Economic,138,129,129
Family YMCA of the Glens Falls Area,2020-03-16,2020-05-07,2020-05-07,"600 Glen Street  Glens Falls, NY, 12801",Warren,,N/A,Unforeseeable business circumstances prompted by COVID 19,603,200,200
"Fanatics Retail Group Concessions, LLC (at NBA Store)",2020-04-11,2020-09-29,2020-09-29,"545 5th Avenue  New York, NY, 10017",New York,,N/A,Unforeseeable business circumstances prompted by COVID 19,98,117,117
"Fancee Limousine Service, Inc.",2020-03-20,2020-03-19,2020-03-19,"1 East Main Street  Falconer, NY, 14733",Chautauqua,,N/A,Unforeseeable business circumstances prompted by COVID 19,"1,630",41,41
"Fancher Chair Company, Inc.",2020-03-20,2020-03-26,2020-03-26,"121 South Work Street, P.O. Box 8  Falconer, NY, 14733",Chautauqua,,N/A,Unforeseeable business circumstances prompted by COVID 19,"1,282",86,86
Fat 3 Muscle LLC dba Lillie's,2020-03-16,2020-03-20,2020-03-20,"13 East 17th Street  New York, NY, 10003",New York,,N/A,Unforeseeable business circumstances prompted by COVID 19,"1,575",53,53
"FBJ 74, LLC dba Coche Comedor Restaurant",2020-03-16,2020-03-20,2020-03-20,"74 Montauk Highway, Building A  Amagansett, NY, 11930",Suffolk,,N/A,Unforeseeable business circumstances prompted by COVID 19,"1,620",20,20
"Feast American Diners, LLC dba Denny's",2020-03-17,2020-05-14,2020-05-14,"1142 Arsenal St.  Watertown, NY, 13212",Jefferson,,N/A,Unforeseeable business circumstances prompted by COVID 19,581,33,33
"Feast American Diners, LLC dba Denny's",2020-03-17,2020-05-14,2020-05-14,"Central Region locations  Watertown, NY, 13601",Onondaga,,N/A,Unforeseeable business circumstances prompted by COVID 19,584,240,240
"Feast American Diners, LLC dba Denny's",2020-03-17,2020-03-20,2020-03-20,"Finger Lakes Region locations  Rochester, NY, ",Monroe,,N/A,Unforeseeable business circumstances prompted by COVID 19,"1,560",683,683
"Feast American Diners, LLC dba Denny's",2020-03-17,2020-05-08,2020-05-08,"Southern Region locations  Horseheads, NY, ",Chemung,,N/A,Unforeseeable business circumstances prompted by COVID 19,596,64,64
"Fedcap Rehabilitation Services, Inc. (Jail 2 Jobs & Rikers SMART programs at Rikers Island Jail ) (2432 Grand Concourse, Bronx & 210 E. 43rd St., NYC)",2020-12-31,2020-12-21,2020-12-21,"2432 Grand Concourse, 4th Fl,, Bronx & 210 E. 43rd St., NYC  Bronx/New York, NY, 10458",Bronx,,N/A,Economic,1,31,31
Feinstein's/54 Below,2020-03-13,2020-03-23,2020-03-23,"254 W. 54th Street  New York, NY, 10019",New York,,N/A,Unforeseeable business circumstances prompted by COVID 19,"1,496",72,72
Felidia,2020-03-16,2020-03-18,2020-03-18,"243 E 58th Street  New York, NY, 10022",New York,,N/A,Unforeseeable business circumstances prompted by COVID 19,"1,710",50,50
Fiddler Touring LLC,2020-03-12,2020-06-16,2020-06-16,"Clemens Center, 207 Clemens Center Pkwy  Elmira, NY, 14901",Chemung,,N/A,Unforeseeable business circumstances prompted by COVID 19,415,46,46
"Fifty Second Street Hotel Associates, LLC dba Novotel New York Times Square Hotel",2020-03-15,2020-03-18,2020-03-18,"226 West 52nd Street  New York, NY, 10019",New York,,N/A,Unforeseeable business circumstances prompted by COVID 19,"1,711",225,225
Fig & Olive (10 East 52nd Street),2020-03-15,2020-03-15,2020-03-15,"10 East 52nd Street  New York, NY, 10022",New York,,N/A,Unforeseeable business circumstances prompted by COVID 19,"1,837",126,126
Fig & Olive (420 West 13th Street),2020-03-15,2020-03-15,2020-03-15,"420 West 13th Street  New York, NY, 10014",New York,,N/A,Unforeseeable business circumstances prompted by COVID 19,"1,838",78,78
Fireman Hospitality Group Café Concepts dba Café Concepts (multiple locations),2020-03-16,2020-03-20,2020-03-20,"6 NYC Locations  New York, NY, ",New York,,N/A,Unforeseeable business circumstances prompted by COVID 19,"1,576",563,563
"Fireman Hospitality Group Café Concepts, Inc. dba Café Concepts (Red Eye Grill, Brooklyn Diner USA)",2020-03-16,2020-03-20,2020-03-20,"890 Seventh Avenue  New York, NY, 10019",New York,,N/A,Unforeseeable business circumstances prompted by COVID 19,"1,577",143,143
First Standard Construction Inc.,2020-03-17,2020-03-17,2020-03-17,"70 Lafayette Street, 4th Floor  New York, NY, 10013",New York,,N/A,Unforeseeable business circumstances prompted by COVID 19,"1,749",19,19
Fisher Brothers Financial & Development Co.,2020-04-03,2020-04-18,2020-04-18,"299 Park Avenue, 42nd Floor  New York, NY, 10171",New York,,N/A,Unforeseeable business circumstances prompted by COVID 19,728,2,2
Fisher Brothers Management Co. LLC,2020-04-03,2020-04-18,2020-04-18,"299 Park Avenue, 42nd Floor  New York, NY, 10171",New York,,N/A,Unforeseeable business circumstances prompted by COVID 19,729,16,16
Fisher Park Lane Owner LLC,2020-03-30,2020-04-18,2020-04-18,"299 Park Avenue, 42nd Floor  New York, NY, 10171",New York,,N/A,Unforeseeable business circumstances prompted by COVID 19,730,5,5
"FJC Security Services, Inc. (NYC; Brooklyn; Bronx)",2021-01-10,2020-11-20,2020-11-20,"400 E. 30th St., NYC; 39 Auburn Pl., Brooklyn; & 151 E. 151st St., Bronx  Bronx, Brooklyn, NYC, NY, 10016",Bronx,,N/A,Economic,7,285,285
"Flatbush Apple, LLC",2020-03-17,2020-03-25,2020-03-25,"395 Flatbush Apple, LLC  Brooklyn, NY, 11201",Kings,,N/A,Unforeseeable business circumstances prompted by COVID 19,"1,346",41,41
Flightline Electronics Inc. d/b/a Ultra Electronics Flightline Systems,2020-12-31,2020-09-25,2020-09-25,"7625 Omnitech Place  Victor, NY, 14564",Ontario,,N/A,Unforeseeable business circumstances prompted by COVID 19,106,23,23
"Flying Food Group, LLC (at JFK International Airport, Bldg. 146)",2020-10-01,2020-11-11,2020-11-11,"Building 146  Jamaica, NY, 11430",Queens,,N/A,Unforeseeable business circumstances prompted by COVID 19,37,2,2
"Flying Food Group, LLC (at JFK International Airport, Bldg. 146)",2020-10-01,2020-07-29,2020-07-29,"Building 146  Jamaica, NY, 11430",Queens,,N/A,Unforeseeable business circumstances prompted by COVID 19,265,434,434
"Flywheel Sports, Inc",2020-03-21,2020-03-19,2020-03-19,"10 NYC locations  New York/Brooklyn, NY, 10010",New York,,N/A,Unforeseeable business circumstances prompted by COVID 19,"1,648",278,278
Food 2 Lex LLC,2020-03-18,2020-03-31,2020-03-31,"2 Lexington Avenue  New York, NY, 10010",New York,,N/A,Unforeseeable business circumstances prompted by COVID 19,"1,110",184,184
Fooda Inc. (NYC Office) & at Flying Buffalo Cafe (LIC),2020-10-15,2020-10-01,2020-10-01,"2 NYC Sites  Long Island City, New York, NY, 11101",Queens,,N/A,Unforeseeable business circumstances prompted by COVID 19,90,50,50
"Foods for Juniors, Inc.",2020-06-01,2020-05-26,2020-05-26,"386 Flatbush Ave. Ext  Brooklyn, NY, 11201",Kings,,N/A,Unforeseeable business circumstances prompted by COVID 19,546,169,169
"Fordham Apple, LLC",2020-03-17,2020-03-25,2020-03-25,"4750-4758 Third Avenue  Bronx, NY, 10458",Bronx,,N/A,Unforeseeable business circumstances prompted by COVID 19,"1,335",56,56
"Fordham Toyota (Fordham Auto Sales, LLC)",2020-03-25,2020-04-13,2020-04-13,"236 W Fordham Road  Bronx, NY, 10468",Bronx,,N/A,Unforeseeable business circumstances prompted by COVID 19,818,74,74
Forest Electric Corp.,2020-03-25,2020-03-25,2020-03-25,"1375 Broadway  New York, NY, 10018",New York,,N/A,Unforeseeable business circumstances prompted by COVID 19,"1,376",93,93
Fortune Media,2020-04-30,2020-04-14,2020-04-14,"40 Fulton Street  New York, NY, 10038",New York,,N/A,Unforeseeable business circumstances prompted by COVID 19,810,27,27
Four Points by Sheraton Manhattan Chelsea,2020-03-24,2020-03-20,2020-03-20,"158-60 West 25th Street  New York, NY, 10001",New York,,N/A,Unforeseeable business circumstances prompted by COVID 19,"1,578",39,39
Four Points by Sheraton Manhattan Soho,2020-03-25,2020-03-25,2020-03-25,"66 Charlton St.  New York, NY, 10014",New York,,N/A,Unforeseeable business circumstances prompted by COVID 19,"1,377",34,34
Four Points by Sheraton New York Downtown Financial District,2020-03-24,2020-03-20,2020-03-20,"6 Platt Street  New York, NY, 10038",New York,,N/A,Unforeseeable business circumstances prompted by COVID 19,"1,579",43,43
Four Seasons New York Worldwide Sales Office (FS US Services Limited),2020-04-14,2020-04-13,2020-04-13,"900 Third Avenue, Suite 1003  New York, NY, 10022",New York,,N/A,Unforeseeable business circumstances prompted by COVID 19,832,7,7
"FPP 1, LLC",2020-03-17,2020-03-25,2020-03-25,"444 E Fordham Road  Bronx, NY, 10458",Bronx,,N/A,Unforeseeable business circumstances prompted by COVID 19,"1,336",9,9
"Franklin Energy Services, LLC (LIC)",2020-03-13,2020-06-26,2020-06-26,"37-18 Northern Blvd. #300a  Long Island City, NY, 11101",Queens,,N/A,Unforeseeable business circumstances prompted by COVID 19,357,39,39
"Fred C. Gloeckner & Company, Inc.",2021-03-02,2020-12-01,2020-12-01,"550 Mamaroneck Ave.  Harrison, NY, 10528",Westchester,,N/A,Economic,5,34,34
Fred Smith Plumbing & Heating,2020-03-23,2020-03-27,2020-03-27,"1674 First Avenue  New York, NY, 10128",New York,,N/A,Unforeseeable business circumstances prompted by COVID 19,"1,247",,
Frederick Hotel,2020-03-24,2020-03-18,2020-03-18,"318 West 51st Street  New York, NY, 10019",New York,,N/A,Unforeseeable business circumstances prompted by COVID 19,"1,712",45,45
Frederick Hotel LLC,2020-03-24,2020-05-18,2020-05-18,"95 West Broadway  New York, NY, 10007",New York,,N/A,Unforeseeable business circumstances prompted by COVID 19,568,41,41
"Freeman Expositions LLC (429 11th Avenue, NYC)",2020-09-23,2020-09-18,2020-09-18,"429 11th Avenue  New York, NY, 10011",New York,,N/A,Unforeseeable business circumstances prompted by COVID 19,118,26,26
Freeman Holdings LLC dba Freemans Restaurant,2020-03-16,2020-03-16,2020-03-16,"191 Chrystie St. # 1R  New York, NY, 10002",New York,,N/A,Unforeseeable business circumstances prompted by COVID 19,"1,797",98,98
"French Onion Soup, LLC dba Quality Eats",2020-03-31,2020-03-31,2020-03-31,"1345 Avenue of the Americas  New York, NY, 10105",New York,,N/A,Unforeseeable business circumstances prompted by COVID 19,"1,111",144,144
"Fresh Meadows Apple, LLC",2020-03-17,2020-03-25,2020-03-25,"61-48 188th Street  Fresh Meadows, NY, 11365",Queens,,N/A,Unforeseeable business circumstances prompted by COVID 19,"1,407",73,73
Funburger Corporation dba Curray-Ya,2020-03-20,2020-03-25,2020-03-25,"1467 Amsterdam Ave  New York, NY, 10027",New York,,N/A,Unforeseeable business circumstances prompted by COVID 19,"1,378",,
Future Media Group,2020-03-17,2020-03-16,2020-03-16,"One World Trade Center  New York, NY, 10007",New York,,N/A,Economic,78,33,33
FX Caprara CDJR of Watertown,2020-03-27,2020-03-27,2020-03-27,"18476 US Route 11  Watertown, NY, 13601",Jefferson,,N/A,Unforeseeable business circumstances prompted by COVID 19,"1,224",31,31
"G2 Secure Staff, LLC (at LaGuardia Airport, Queens)",2020-10-27,2020-08-25,2020-08-25,"33 East 17th Street  New York, NY, 10003",New York,,N/A,Unforeseeable business circumstances prompted by COVID 19,188,133,133
"G-III Apparel Group, Ltd. (3 NYC sites)",2020-09-24,2020-06-26,2020-06-26,"3 NYC locations  New York, NY, ",New York,,N/A,Unforeseeable business circumstances prompted by COVID 19,354,205,205
"G-III Apparel Group, Ltd. (4 NYC sites)",2020-12-31,2020-10-01,2020-10-01,"4 NYC locations  New York, NY, 10018",New York,,N/A,Unforeseeable business circumstances prompted by COVID 19,87,77,77
"Gabriel's Collision Long Island City, Inc. dba Gotham City Collision",2020-03-18,2020-04-06,2020-04-06,"11-30 44th Road  Long Island City, NY, 11101",Queens,,N/A,Unforeseeable business circumstances prompted by COVID 19,965,29,29
Gala Productions LLC,2020-03-30,2020-03-30,2020-03-30,"1173A 2nd Avenue, Suite 212  New York, NY, 10065",New York,,N/A,Unforeseeable business circumstances prompted by COVID 19,"1,174",76,76
"Galaxy Restaurants Catering Group, LP aka Constellation",2020-03-16,2020-08-31,2020-08-31,"1039 E. Gun Hill Rd.  Bronx, NY, 10469",Bronx,,N/A,Unforeseeable business circumstances prompted by COVID 19,172,210,210
"Galaxy Restaurants Catering Group, LP fka Starr Restaurants Catering Group, LP",2020-07-24,2020-06-03,2020-06-03,"4 New York City sites  New York, NY, 10020",New York,,N/A,Unforeseeable business circumstances prompted by COVID 19,512,55,55
"Gallaghers Famous, LLC",2020-03-16,2020-09-08,2020-09-08,"228 West 52nd Street  New York, NY, 10019",New York,,N/A,Unforeseeable business circumstances prompted by COVID 19,144,99,99
GAMMA North,2020-03-27,2020-04-07,2020-04-07,"13595 Broadway St.  Alden, NY, 14004",Erie,,N/A,Unforeseeable business circumstances prompted by COVID 19,922,46,46
Gannett Publishing Services - Canandaigua,2020-06-14,2020-03-11,2020-03-11,"73 Buffalo Street  Canandaigua, NY, 14424",Ontario,,N/A,Economic,88,33,33
Gary Plastic Packaging Co./Viele Manufacturing Corp.,2020-03-19,2020-03-19,2020-03-19,"1340 Viele Avenue  Bronx, NY, 10474",Bronx,,N/A,Unforeseeable business circumstances prompted by COVID 19,"1,629",300,300
Gate Gourmet (JFK kitchen),2020-03-31,2020-05-19,2020-05-19,"30 Inip Drive  Inwood, NY, 11096",Suffolk,,N/A,Unforeseeable business circumstances prompted by COVID 19,565,169,169
Gate Gourmet (LaGuardia Airport kitchen - LGA Kitchen),2020-03-31,2020-05-19,2020-05-19,"18-15 45th Street  Astoria, NY, 11105",Queens,,N/A,Unforeseeable business circumstances prompted by COVID 19,563,94,94
"GBND Enterprises, Inc. dba Village Underground",2020-03-17,2020-03-24,2020-03-24,"130 West 3rd Street  New York, NY, 10012",New York,,N/A,Unforeseeable business circumstances prompted by COVID 19,"1,438",40,40
"GC Apple, LLC",2020-03-17,2020-03-25,2020-03-25,"448 Gateway Drive  Brooklyn, NY, 11239",Kings,,N/A,Unforeseeable business circumstances prompted by COVID 19,"1,347",63,63
"GCP 2, LLC",2020-03-17,2020-03-25,2020-03-25,"528 Gateway Drive  Brooklyn, NY, 11239",Kings,,N/A,Unforeseeable business circumstances prompted by COVID 19,"1,348",21,21
GCT New York LP (Global Container Terminals USA),2020-05-15,2020-04-21,2020-04-21,"300 Western Avenue  Staten Island, NY, 10303",Richmond,,N/A,Early contract termination by Maersk Lines,1,,
GCwNY Rochester Inc. dba Golden Corral,2020-03-26,2020-03-26,2020-03-26,"450 Jefferson Road  Rochester, NY, 14623",Monroe,,N/A,Unforeseeable business circumstances prompted by COVID 19,"1,290",70,70
Gekay Sales & Service/TSS Northeast (Newburgh),2020-03-26,2020-03-26,2020-03-26,"3 Enterprise Drive  Newburgh, NY, 12550",Orange,,N/A,Unforeseeable business circumstances prompted by COVID 19,"1,320",51,51
"Gemological Institute of America, Inc.",2020-05-18,2020-05-01,2020-05-01,"50 W. 47th Street  New York, NY, 10036",New York,,N/A,Unforeseeable business circumstances prompted by COVID 19,623,317,317
Genting New York LLC dba Resorts World Casino New York City,2020-04-15,2020-07-13,2020-07-13,"110-00 Rockaway Blvd.  Jamaica, NY, 11420",Queens,,N/A,Unforeseeable business circumstances prompted by COVID 19,306,951,951
"Genting New York LLC, d/b/a Resorts World Casino Catskills",2020-04-15,2020-07-13,2020-07-13,"888 Resorts World Dr.  Monticello, NY, 12701",Sullivan,,N/A,Unforeseeable business circumstances prompted by COVID 19,309,"1,256","1,256"
George Marcel LLC dba Fairfax,2020-03-15,2020-03-19,2020-03-19,"234 West 4th Street  New York, NY, 10014",New York,,N/A,Unforeseeable business circumstances prompted by COVID 19,"1,649",23,23
"Georgia Pine Clothiers, LLC dba McLaughlin",2020-03-20,2020-03-23,2020-03-23,"236-250 Greenpoint Ave, Building 6, 2nd Floor  Brooklyn, NY, 11222",Kings,,N/A,Unforeseeable business circumstances prompted by COVID 19,"1,480",118,118
Gerber Collision and Glass,2020-03-27,2020-04-02,2020-04-02,"1500 Niagara Falls Blvd.  Tonawanda, NY, 14150",Erie,,N/A,Unforeseeable business circumstances prompted by COVID 19,"1,022",19,19
Geri-Care Pharmaceuticals Corp.,2021-01-12,2020-10-12,2020-10-12,"1650 63rd St.  Brooklyn, NY, 11204",Kings,,N/A,Unforeseeable business circumstances prompted by COVID 19,63,51,51
GFB Restaurant Corp.,2020-03-16,2020-03-20,2020-03-20,"86 West 3rd Street  New York, NY, 10012",New York,,N/A,Unforeseeable business circumstances prompted by COVID 19,"1,580",47,47
"GG LES, LLC dba Mr. Purple",2020-03-16,2020-03-17,2020-03-17,"180 Orchard St.  New York, NY, 10002",New York,,N/A,Unforeseeable business circumstances prompted by COVID 19,"1,750",89,89
"GG TWA, LLC - Sunken Lounge, Connie, The Pool",2020-03-16,2020-03-17,2020-03-17,"TWA Hotel, JFK International Airport  Jamaica, NY, 11430",Queens,,N/A,Unforeseeable business circumstances prompted by COVID 19,"1,776",73,73
"GG Union Square, LLC dba Irvington",2020-03-16,2020-03-17,2020-03-17,"201 Park Ave South  New York, NY, 10003",New York,,N/A,Unforeseeable business circumstances prompted by COVID 19,"1,751",63,63
Gigino at Wagner Park LLC,2020-03-16,2020-04-20,2020-04-20,"20 Battery Place  New York, NY, 10004",New York,,N/A,Unforeseeable business circumstances prompted by COVID 19,716,24,24
Gigino Inc. dba Gigino Trattoria,2020-03-16,2020-04-20,2020-04-20,"323 Greenwich Street  New York, NY, 10013",New York,,N/A,Unforeseeable business circumstances prompted by COVID 19,717,38,38
Glenn Wayne Bakery,2020-03-15,2020-03-30,2020-03-30,"1800 Arctic Ave.  Bohemia, NY, 11716",Suffolk,,N/A,Unforeseeable business circumstances prompted by COVID 19,"1,203",57,57
"Global Facility Management & Construction, Inc.",2020-03-16,2020-03-26,2020-03-26,"525 Broadhollow Rd.  #100  Melville, NY, 11747",Suffolk,,N/A,Unforeseeable business circumstances prompted by COVID 19,"1,327",44,44
"Global Operations Security Services, Inc.",2020-04-03,2020-04-03,2020-04-03,"54 W. 39th Street, 5th Floor  New York, NY, 10018",New York,,N/A,Unforeseeable business circumstances prompted by COVID 19,986,115,115
"Glossier, Inc.",2020-06-01,2020-05-18,2020-05-18,"123 Lafayette St.  New York, NY, 10013",New York,,N/A,Unforeseeable business circumstances prompted by COVID 19,569,91,91
"GNYHA Management Corporation (Acurity, Inc. and Nexera, Inc. businesses)",2020-02-14,2020-02-06,2020-02-06,"555 W. 57th St.  New York, NY, 10019",New York,,N/A,GNYHA Management Corporation has announced the planned sale of its Acurity Inc and Nexera Inc businesses to Premier Inc,1,46,46
Go Rentals,2020-03-21,2020-03-20,2020-03-20,"184 Airport Rd  White Plains, NY, 10604",Westchester,,N/A,Unforeseeable business circumstances prompted by COVID 19,"1,626",4,4
Gold Coast Restaurant Corp. dba Bryant & Cooper Steakhouse,2020-03-17,2020-03-17,2020-03-17,"2 Middleneck Road  Roslyn, NY, 11576",Nassau,,N/A,Unforeseeable business circumstances prompted by COVID 19,"1,740",53,53
Gold's Pure Foods LLC,2021-03-22,2020-12-22,2020-12-22,"1 Brooklyn Road  Hempstead, NY, 11550",Nassau,,N/A,Unforeseeable business circumstances prompted by COVID 19,2,48,48
"Golden Touch Transportation of NY, Inc. (5 NYC sites & Street Sales)",2020-09-30,2020-06-20,2020-06-20,"4 Queens locations and various street locations  Queens, Springfield Gardens, Astoria, NY, ",Queens,,N/A,Unforeseeable business circumstances prompted by COVID 19,382,202,202
Good Shepherd Services (34 NYC sites),2020-06-30,2020-05-15,2020-05-15,"305 Seventh Avenue, 9th Floor  New York, NY, 10001",New York,,N/A,Unforeseeable business circumstances prompted by COVID 19,579,296,296
Gotham City Collision Corp.,2020-03-23,2020-04-06,2020-04-06,"64-10 Maurice Avenue  Maspeth, NY, 11378",Queens,,N/A,Unforeseeable business circumstances prompted by COVID 19,966,21,21
Gourmet Dining LLC,2020-06-30,2020-06-30,2020-06-30,"Manhattan College, 4513 Manhattan College Parkway  Bronx, NY, 10471",Bronx,,N/A,Contract Termination,1,131,131
"Gowanda REM-tronics, LLC",2020-11-15,2020-08-17,2020-08-17,"659 Brigham Rd.  Dunkirk, NY, 14048",Chautauqua,,N/A,Economic,24,69,69
Graham School,2020-05-26,2020-05-12,2020-05-12,"1 South Broadway  Hastings-on-Hudson, NY, 10706",Westchester,,N/A,Economic,60,122,122
Gramercy Park Hotel (GPH Management LLC),2020-03-01,2020-05-27,2020-05-27,"2 Lexington Ave  New York, NY, 10010",New York,,N/A,Unforeseeable business circumstances prompted by COVID 19,540,92,92
"Grand Oaks, SSC&R LLC",2020-03-20,2020-03-23,2020-03-23,"200 Huguenot Ave.  Staten Island, NY, 10312",Richmond,,N/A,Unforeseeable business circumstances prompted by COVID 19,"1,523",51,51
"Grand Plaza, The Elegant Manor, Inc.",2020-03-20,2020-03-23,2020-03-23,"23A Nelson Avenue  Staten Island, NY, 10308",Richmond,,N/A,Unforeseeable business circumstances prompted by COVID 19,"1,524",28,28
Grand Street Settlement (Several NYC sites),2020-06-30,2020-04-30,2020-04-30,"80 Pitt Street  New York, NY, 10002",New York,,N/A,Unforeseeable business circumstances prompted by COVID 19 resulting in loss of funding from the NYC Dept of Youth Community Development,1,206,206
"Great Big Story, LLC (104 5th Ave., NYC)",2020-12-31,2020-09-23,2020-09-23,"(104 5th Avenue  New York, NY, 10011",New York,,N/A,Unforeseeable business circumstances prompted by COVID 19,112,45,45
Great Dane OpCo LLC,2020-07-31,2020-03-16,2020-03-16,"89 East 42nd Street  New York, NY, 10017",New York,,N/A,Unforeseeable business circumstances prompted by COVID 19,"1,798",170,170
Great Food 57th St LLC d/b/a Ousia Restaurant,2020-03-16,2020-03-16,2020-03-16,"629 West 57th Street  New York, NY, 10019",New York,,N/A,Unforeseeable business circumstances prompted by COVID 19,"1,799",47,47
Great Jones Restaurant Corp. dba Vic's,2020-03-15,2020-03-16,2020-03-16,"31 Great Jones St.  New York, NY, 10012",New York,,N/A,Unforeseeable business circumstances prompted by COVID 19,"1,800",82,82
"Great Neck Saw Manufacturing, Inc",2020-08-23,2020-05-22,2020-05-22,"165 E. Second St.  Mineola, NY, 11501",Nassau,,N/A,Unforeseeable business circumstances prompted by COVID 19,551,59,59
Greek Peak Holdings and Hope Lake Holdings,2020-03-17,2020-03-23,2020-03-23,"2 Courtland, NY locations  Courtland, NY, 13045",Cortland,,N/A,Unforeseeable business circumstances prompted by COVID 19,"1,471",577,577
Greene Street Enterprises Inc. (White Oak Tavern),2020-03-16,2020-03-17,2020-03-17,"21 Waverly Place  New York, NY, 10003",New York,,N/A,Unforeseeable business circumstances prompted by COVID 19,"1,752",28,28
Greener Pastures Management Corp. dba Irving Farm Coffee Roaster,2020-03-17,2020-03-26,2020-03-26,"151 W. 19th Street  New York, NY, 10011",New York,,N/A,Unforeseeable business circumstances prompted by COVID 19,"1,301",119,119
Greenwich Hotel Restaurant LLC,2020-03-15,2020-03-30,2020-03-30,"377 Greenwich St.  New York, NY, 10013",New York,,N/A,Unforeseeable business circumstances prompted by COVID 19,"1,175",166,166
Gregorys Coffee Management LLC (25 NYC locations),2020-03-22,2020-03-19,2020-03-19,"874 6th Avenue  New York, NY, 10001",New York,,N/A,Unforeseeable business circumstances prompted by COVID 19,"1,650",231,231
Greif Packing LLC,2020-09-18,2020-07-20,2020-07-20,"2122 Colvin Blvd.  Tonawanda, NY, 14150",Erie,,N/A,Economic,31,44,44
"Greyhound Lines, Inc.",2020-03-30,2020-03-30,2020-03-30,"181 Ellicott St.  Buffalo, NY, 14203",Erie,,N/A,Unforeseeable business circumstances prompted by COVID 19,"1,150",19,19
"Greyhound Lines, Inc.",2020-03-25,2020-03-25,2020-03-25,"625 8th Avenue  New York, NY, 10018",New York,,N/A,Unforeseeable business circumstances prompted by COVID 19,"1,379",114,114
Gross Polowy LLC (2 sites in Williamsville),2020-03-23,2020-05-22,2020-05-22,"1775 Wehrle Drive, Suite 100  Williamsville, NY, 14221",Erie,,N/A,Unforeseeable business circumstances prompted by COVID 19,550,146,146
GT Operating Company LLC dba Gramercy Tavern,2020-03-18,2020-03-31,2020-03-31,"42 East 20th Street  New York, NY, 10003",New York,,N/A,Unforeseeable business circumstances prompted by COVID 19,"1,112",189,189
Guapo Bodega LLC dba Beauty & Essex NY,2020-03-23,2020-03-31,2020-03-31,"146 Essex Street  New York, NY, 10002",New York,,N/A,Unforeseeable business circumstances prompted by COVID 19,"1,113",159,159
Guapo Bodega LLC dba Beauty & Essex NY (NYC),2020-08-10,2020-08-11,2020-08-11,"146 Essex Street  New York, NY, 10002",New York,,N/A,Unforeseeable business circumstances prompted by COVID 19,228,12,12
"Guess?, Inc.",2020-04-02,2020-04-06,2020-04-06,"364 Eastview Mall, Space #E11A  Victor, NY, 14564",Ontario,,N/A,Unforeseeable business circumstances prompted by COVID 19,962,,
"Guess?, Inc. 9 NYC locations",2020-04-02,2020-04-06,2020-04-06,"514 Broadway  New York, NY, 10012",New York,,N/A,Unforeseeable business circumstances prompted by COVID 19,954,398,398
"Guess?, Inc. (2  Western locations)",2020-04-02,2020-04-06,2020-04-06,"1700 Military Road  Niagara Falls, NY, 14304",Niagara,,N/A,Unforeseeable business circumstances prompted by COVID 19,959,,
"Guess?, Inc. (3 Hudson Valley Locations)",2020-04-02,2020-04-06,2020-04-06,"442 Evergreen Court  Central Valley, NY, 10917",Orange,,N/A,Unforeseeable business circumstances prompted by COVID 19,963,,
"Guess?, Inc. (6 Long Island Locations)",2020-04-02,2020-04-06,2020-04-06,"1006 Tanger Mall Drive  Riverhead, NY, 11901",Suffolk,,N/A,Unforeseeable business circumstances prompted by COVID 19,970,,
"Guess?, Inc. (Capital)",2020-04-02,2020-04-06,2020-04-06,"1476 State Rt. 9, Space #6  Lake George, NY, 12845",Warren,,N/A,Unforeseeable business circumstances prompted by COVID 19,974,,
Guest Services (at Bear Mountain Inn),2020-03-28,2020-07-23,2020-07-23,"3020 Seven Lakes Drive  Tomkins Cove, NY, 10986",Rockland,,N/A,Unforeseeable business circumstances prompted by COVID 19,278,40,40
Guitar Center Inc. (3 locations),2020-03-30,2020-04-08,2020-04-08,"218 West 44th Street  New York, NY, 10036",New York,,N/A,Unforeseeable business circumstances prompted by COVID 19,901,154,154
"Gutman, Mintz, Baker and Sonnenfeldt LLP (New Hyde Park)",2020-03-30,2020-10-09,2020-10-09,"813 Jericho Turnpike  New Hyde Park, NY, 11040",Nassau,,N/A,Economic,15,34,34
"H.F. Corwin & Son, Inc.",2020-04-11,2020-04-03,2020-04-03,"10 Edgar Aven  Aquebogue, NY, 11931",Suffolk,,N/A,Unforeseeable business circumstances prompted by COVID 19,"1,007",14,14
"H.M.S. Productions, LLC",2020-07-31,2020-07-24,2020-07-24,"250 W. 39th Street, 18th Floor  New York, NY, 10018",New York,,N/A,Unforeseeable business circumstances prompted by COVID 19,275,51,51
Hadestown Broadway LLC c/o RCI Theatricals,2020-03-12,2020-06-15,2020-06-15,"Walter Kerr Theatre, 218 West 48th Street  New York, NY, 10036",New York,,N/A,Unforeseeable business circumstances prompted by COVID 19,436,54,54
"Hakkasan Holdings, LLC, d/b/a Hakkasan Group",2020-03-13,2020-03-16,2020-03-16,"311 W 43rd Street  New York, NY, 10036",New York,,N/A,Unforeseeable business circumstances prompted by COVID 19,"1,801",95,95
"Hamburger Intermediary, LLC dba Bill's Bar & Burger - Rock Center NY",2020-04-08,2020-04-08,2020-04-08,"16 West 51st Street  New York, NY, 10019",New York,,N/A,Unforeseeable business circumstances prompted by COVID 19,902,141,141
Hamilton Uptown LLC (Hamilton at The Richard Rodgers Theatre),2020-03-12,2020-06-18,2020-06-18,"226 west 46th Street  New York, NY, 10036",New York,,N/A,Unforeseeable business circumstances prompted by COVID 19,396,134,134
Hampton Inn Times Square,2020-03-17,2020-06-04,2020-06-04,"851 8th Avenue  New York, NY, 10019",New York,,N/A,Unforeseeable business circumstances prompted by COVID 19,505,95,95
Hanky Panky Ltd. (and Warehouse Hollis NY),2020-03-25,2020-03-25,2020-03-25,"373 Park Avenue South  New York, NY, 10016",New York,,N/A,Unforeseeable business circumstances prompted by COVID 19,"1,380",94,94
Happy Cooking LLC dba Joseph Leonard,2020-03-15,2020-03-19,2020-03-19,"170 Waverly Place  New York, NY, 10014",New York,,N/A,Unforeseeable business circumstances prompted by COVID 19,"1,651",30,30
"Harbor Day Care Center, Inc. dba Harbor Child Care",2020-03-16,2020-03-30,2020-03-30,"999 Herricks Road  New Hyde Park, NY, 11040",Nassau,,N/A,Unforeseeable business circumstances prompted by COVID 19,"1,158",272,272
"Hard Rock Café International USA, Inc.",2020-04-13,2020-04-21,2020-04-21,"333 Prospect St.  Niagara Falls, NY, 14303",Niagara,,N/A,Unforeseeable business circumstances prompted by COVID 19,711,58,58
Hard Rock Café New York,2020-04-13,2020-04-21,2020-04-21,"1501 Broadway  New York, NY, 10036",New York,,N/A,Unforeseeable business circumstances prompted by COVID 19,707,456,456
"Hard Rock Stadium Tenant, Inc., Hard Rock Café Yankees Stadium",2020-04-13,2020-04-21,2020-04-21,"1 East 161st Street, 1st Floor  Bronx, NY, 10461",Bronx,,N/A,Unforeseeable business circumstances prompted by COVID 19,706,64,64
"Hartz Hotel Services, Inc. (manager of The Roxy Hotel-Tribeca)",2020-05-15,2020-05-04,2020-05-04,"2 Avenue of the Americas  New York, NY, 10013",New York,,N/A,Unforeseeable business circumstances prompted by COVID 19,613,79,79
"Hartz Hotel Services, Inc. (manager of the Soho Grand Hotel)",2020-05-15,2020-05-04,2020-05-04,"310 W. Broadway  New York, NY, 10013",New York,,N/A,Unforeseeable business circumstances prompted by COVID 19,614,109,109
Haru Amsterdam Avenue Corp. aka Haru Amsterdam,2020-03-16,2020-04-02,2020-04-02,"433 Amsterdam Avenue  New York, NY, 10024",New York,,N/A,Unforeseeable business circumstances prompted by COVID 19,"1,035",29,29
Haru Broadway-Times Square Corp. aka Haru Times Square,2020-03-16,2020-04-02,2020-04-02,"229 W. 42d Street, Suite 221  New York, NY, 10036",New York,,N/A,Unforeseeable business circumstances prompted by COVID 19,"1,036",57,57
Haru Hell's Kitchen Corp. dba Haru Hell's Kitchen,2020-03-16,2020-04-02,2020-04-02,"859 Ninth Avenue  New York, NY, 10019",New York,,N/A,Unforeseeable business circumstances prompted by COVID 19,"1,037",26,26
Haru Wall Street Corp. aka Haru Wall Street,2020-03-16,2020-04-02,2020-04-02,"One Wall Street Court  New York, NY, 10005",New York,,N/A,Unforeseeable business circumstances prompted by COVID 19,"1,038",31,31
Harvard Club of New York,2020-03-23,2020-03-18,2020-03-18,"35 West 44th Street  New York, NY, 10036",New York,,N/A,Unforeseeable business circumstances prompted by COVID 19,"1,713",275,275
"Hasaki Restaurant, Inc.",2020-03-20,2020-03-20,2020-03-20,"210 E. 9th Street  New York, NY, 10003",New York,,N/A,Unforeseeable business circumstances prompted by COVID 19,"1,581",15,15
Hassett Lincoln Merc Sales Inc.,2020-03-20,2020-04-02,2020-04-02,"3530 Sunrise Hwy.  Wantagh, NY, 11793",Nassau,,N/A,Unforeseeable business circumstances prompted by COVID 19,"1,030",,
"Havana Central NY2, LLC and The Merrin Group (2 sites)",2020-03-15,2020-03-30,2020-03-30,"151 W.46th Street, Suite 902  New York, NY, 10036",New York,,N/A,Unforeseeable business circumstances prompted by COVID 19,"1,176",112,112
"Havana Central NY4, LLC",2020-03-16,2020-03-30,2020-03-30,"238 Market Street  Yonkers, NY, 10710",Westchester,,N/A,Unforeseeable business circumstances prompted by COVID 19,"1,205",65,65
"Havana Central NY5, LLC",2020-03-16,2020-03-30,2020-03-30,"630 Old Country Road  Garden City, NY, 11530",Nassau,,N/A,Unforeseeable business circumstances prompted by COVID 19,"1,159",108,108
"Havatequila Restaurant Partners, LLC (operating as El Vez restaurant)",2020-03-23,2020-03-25,2020-03-25,"259 Vesey St.  New York, NY, 10282",New York,,N/A,Unforeseeable business circumstances prompted by COVID 19,"1,381",73,73
"Havatequila Restaurant Partners, LLC d/b/a El Vez NY",2020-12-14,2020-12-11,2020-12-11,"259 Vesey Street  New York, NY, 10282",New York,,N/A,Unforeseeable business circumstances prompted by COVID 19,16,44,44
"Hawthorne Apple, LLC",2020-03-17,2020-03-25,2020-03-25,"18 Saw Mill River Road  Hawthorne, NY, 10532",Westchester,,N/A,Unforeseeable business circumstances prompted by COVID 19,"1,424",27,27
"HCL America, Inc (Webster)",2020-07-02,2020-06-30,2020-06-30,"800 Phillips Road  Webster, NY, 14580",Monroe,,N/A,Economic,33,11,11
"HCL America, Inc (Webster)",2020-04-27,2020-03-19,2020-03-19,"800 Phillips Road  Webster, NY, 14580",Monroe,,N/A,Economic,75,16,16
"HCL America, Inc.",2020-04-15,2020-01-21,2020-01-21,"800 Phillips Road  Webster, NY, 14580",Monroe,,N/A,Economic,153,19,19
"HCL America, Inc.",2020-03-18,2020-01-07,2020-01-07,"800 Phillips Road  Webster, NY, 14580",Monroe,,N/A,Economic,166,37,37
"Hearst Magazine Media, Inc. (at Hearst Tower)",2021-02-15,2020-11-09,2020-11-09,"330 W. 57th Street  New York, NY, 10019",New York,,N/A,Due to the closure of the print edition of Oprah Magazine,1,59,59
"Hearth Restaurant Investors, LLC",2020-03-20,2020-04-15,2020-04-15,"403 East 12th Street  New York, NY, 10009",New York,,N/A,Unforeseeable business circumstances prompted by COVID 19,798,51,51
Heinrich Chevrolet Corp.,2020-03-21,2020-04-06,2020-04-06,"5775 S Transit Road  Lockport, NY, 14094",Niagara,,N/A,Unforeseeable business circumstances prompted by COVID 19,960,72,72
HELP USA,2020-06-30,2020-03-26,2020-03-26,"515 Blake Avenue  Brooklyn, NY, 11207",Kings,,N/A,Economic Demolition of building,1,67,67
Hertz (JFK & LaGuardia International Airports),2020-04-14,2020-04-14,2020-04-14,"John F Kennedy International Airport & LaGuardia International Airport  New York, NY, 11430",New York,,N/A,Unforeseeable business circumstances prompted by COVID 19,811,78,78
Hey Mambo LLC dba Bustan NYC,2020-03-16,2020-03-16,2020-03-16,"487 Amsterdam Ave.  New York, NY, 10024",New York,,N/A,Unforeseeable business circumstances prompted by COVID 19,"1,802",18,18
HFZ Capital Group (HFZ Real Estate Development LLC),2020-11-16,2020-12-30,2020-12-30,"600 Madison Ave., 15th Floor  New York, NY, 10022",New York,,N/A,Unforeseeable business circumstances prompted by COVID 19,1,31,31
"HH Brown Shoe Co., Inc. dba Super Shoes (2 Locations North Country)",2020-03-20,2020-03-31,2020-03-31,"2044 Saranac Lake  Lake Placid, NY, 12946",Clinton,,N/A,Unforeseeable business circumstances prompted by COVID 19,"1,081",25,25
"HH Brown Shoe Co., Inc. dba Super Shoes (2 Locations)",2020-03-20,2020-03-31,2020-03-31,"1440 Central Avenue  Albany, NY, 12205",Albany,,N/A,Unforeseeable business circumstances prompted by COVID 19,"1,080",36,36
"HI 57, LLC dba The Watson Hotel",2020-03-18,2020-03-19,2020-03-19,"440 West 57th Street  New York, NY, 10019",New York,,N/A,Unforeseeable business circumstances prompted by COVID 19,"1,652",138,138
Highgate Hotels LP - The Renwick Hotel,2020-03-28,2020-03-22,2020-03-22,"118 East 40th Street  New York, NY, 10016",New York,,N/A,Unforeseeable business circumstances prompted by COVID 19,"1,535",48,48
"Highgate Hotels, L.P. dba The Maxwell Hotel NYC",2020-04-25,2020-04-21,2020-04-21,"541 Lexington Avenue  New York, NY, 10022",New York,,N/A,Unforeseeable business circumstances prompted by COVID 19,708,397,397
Highland Light Steam Laundry dba White Plains Linen,2020-06-30,2020-05-18,2020-05-18,"4 John Walsh Blvd.  Peekskill, NY, 10566",Westchester,,N/A,Unforeseeable business circumstances prompted by COVID 19,576,234,234
Hillstone Restaurant Group,2020-03-20,2020-09-09,2020-09-09,"378 Park Avenue South & 888 Third Avenue  New York, NY, 10010",New York,,N/A,Unforeseeable business circumstances prompted by COVID 19,137,107,107
Hilton Fashion and Hilton Garden Inn,2020-03-22,2020-03-22,2020-03-22,"52 W. 26th Street  New York, NY, 10001",New York,,N/A,Unforeseeable business circumstances prompted by COVID 19,"1,536",150,150
Hilton Garden Inn,2020-03-17,2020-06-04,2020-06-04,"790 8th Avenue  New York, NY, 10019",New York,,N/A,Unforeseeable business circumstances prompted by COVID 19,506,106,106
Hilton Garden Inn Melville,2020-03-18,2020-03-24,2020-03-24,"1575 Round Swamp Rd  Plainview, NY, 11747",Suffolk,,N/A,Unforeseeable business circumstances prompted by COVID 19,"1,463",54,54
Hilton Grand Vacation at Hilton Club New York,2020-03-20,2020-07-02,2020-07-02,"1335 Avenue of the Americas, 37th Floor  New York, NY, 10019",New York,,N/A,Unforeseeable business circumstances prompted by COVID 19,330,141,141
Hilton Grand Vacation at The Quin Central Park by Hilton Club,2020-03-23,2020-07-02,2020-07-02,"101 W. 57th St.  New York, NY, 10019",New York,,N/A,Unforeseeable business circumstances prompted by COVID 19,331,76,76
Hilton Grand Vacation at The Residences by Hilton Club,2020-03-20,2020-07-02,2020-07-02,"1335 Avenue of the Americas, 44th Floor  New York, NY, 10019",New York,,N/A,Unforeseeable business circumstances prompted by COVID 19,332,8,8
Hilton Grand Vacation at West 57th Street by Hilton Club,2020-03-20,2020-07-02,2020-07-02,"102 West 57th Street  New York, NY, 10019",New York,,N/A,Unforeseeable business circumstances prompted by COVID 19,333,72,72
Hilton Hotel Employer LLC (at New York Hilton Midtown),2020-03-20,2020-07-06,2020-07-06,"1335 Ave. of the Americas  New York, NY, 10019",New York,,N/A,Unforeseeable business circumstances prompted by COVID 19,322,"1,296","1,296"
Hilton Resorts Corporation -Hilton Grand Vacations Residences and Club,2020-03-20,2020-03-25,2020-03-25,"1335 Avenue of the Americas  New York, NY, 10019",New York,,N/A,Unforeseeable business circumstances prompted by COVID 19,"1,382",12,12
Hilton Times Square Hotel  (Sunstone Hotel Investors - owners),2020-03-16,2020-05-14,2020-05-14,"234 W 42nd Street  New York, NY, 10036",New York,,N/A,Unforeseeable business circumstances prompted by COVID 19,582,200,200
Hilton Westchester (Rye Brook),2020-08-17,2020-07-07,2020-07-07,"699 Westchester Avenue  Rye Brook, NY, 10573",Westchester,,N/A,Unforeseeable business circumstances prompted by COVID 19,321,214,214
"Hippodrome Services, LLC -  Formula 1 Cleaners, Inc.",2020-06-08,2020-06-04,2020-06-04,"780 East 134th Street  Bronx, NY, 10454",Bronx,,N/A,Unforeseeable business circumstances prompted by COVID 19,502,69,69
HLD 46th LLC dba Sushi of Gari 46,2020-03-31,2020-04-02,2020-04-02,"347 West 46th Street  New York, NY, 10036",New York,,N/A,Unforeseeable business circumstances prompted by COVID 19,"1,039",30,30
HLD Columbus LLC dba Gari Columbus,2020-03-31,2020-04-02,2020-04-02,"370 Columbus Avenue  New York, NY, 10024",New York,,N/A,Unforeseeable business circumstances prompted by COVID 19,"1,040",30,30
HLD Gari LLC d/b/a Sushi of Gari Upper East Side,2020-03-31,2020-04-02,2020-04-02,"402 East 78th Street  New York, NY, 10075",New York,,N/A,Unforeseeable business circumstances prompted by COVID 19,"1,041",25,25
HLD Tribeca LLC dba Sushi of Gari Tribeca,2020-03-31,2020-04-02,2020-04-02,"130 West Broadway  New York, NY, 10013",New York,,N/A,Unforeseeable business circumstances prompted by COVID 19,"1,042",22,22
HMSHost - JFK,2020-03-11,2020-03-21,2020-03-21,"JFK Int'l Airport - The Port Authority of NY & NJ South Service Rd. - Bldg. 14 West Wing Ste. 1, Jamaica)  Jamaica, NY, 11430",Queens,,N/A,Unforeseeable business circumstances prompted by COVID 19,"1,548",246,246
"HMSHost (Albany Int'l Airport, 737 Albany Shaker Rd., Albany)",2020-03-11,2020-08-11,2020-08-11,"737 Albany Shaker Road  Albany, NY, 12211",Albany,,N/A,Unforeseeable business circumstances prompted by COVID 19,220,65,65
"HMSHost (Ardsley Travel Plaza, Hastings On Hudson)",2020-03-11,2020-08-12,2020-08-12,"Ardsley Travel Plaza NY State Thruway Milepost 6N  Hastings on Hudson, NY, 10706",Westchester,,N/A,Unforeseeable business circumstances prompted by COVID 19,219,16,16
"HMSHost (Chittenango Service Area Rd, Canastota)",2020-03-11,2020-08-12,2020-08-12,"Chittenango Service Area Rd # 4 214-C-1 R Box 56  Canastota, NY, 13032",Madison,,N/A,Unforeseeable business circumstances prompted by COVID 19,210,10,10
"HMSHost (Clifton Springs Travel Plaza, Clifton Springs)",2020-03-11,2020-08-12,2020-08-12,"Clifton Springs Travel Plaza, 3236 Rt. 96 West  Clifton Springs, NY, 14432",Ontario,,N/A,Unforeseeable business circumstances prompted by COVID 19,213,2,2
"HMSHost (Iroquois Travel Plaza Box 583, Little Falls)",2020-03-11,2020-08-12,2020-08-12,"Iroquois Travel Plaza Box 583  Little Falls, NY, 13365",Herkimer,,N/A,Unforeseeable business circumstances prompted by COVID 19,208,7,7
"HMSHost (Junius Ponds Travel Plaza, Phelps)",2020-03-11,2020-08-12,2020-08-12,"1399 Nine Foot Road  Phelps, NY, 14532",Ontario,,N/A,Unforeseeable business circumstances prompted by COVID 19,214,2,2
"HMSHost (LaGuardia Airport Terminal B Suite 3600, Flushing)",2020-03-11,2020-08-11,2020-08-11,"LaGuardia Airport Terminal B Suite 3600  Flushing, NY, 11371",Queens,,N/A,Unforeseeable business circumstances prompted by COVID 19,232,154,154
HMSHost (Long Island McArthur Airport),2020-03-11,2020-03-21,2020-03-21,"Long Island McArthur Airport, 100 Arrival Ave.  Ronkonkoma, NY, 11779",Suffolk,,N/A,Unforeseeable business circumstances prompted by COVID 19,"1,549",39,39
"HMSHost (New Baltimore Travel Plaza, New Baltimore)",2020-03-11,2020-08-12,2020-08-12,"New Baltimore Travel Plaza, NYS Thruway Mile Post 127S  New Baltimore, NY, 12124",Greene,,N/A,Unforeseeable business circumstances prompted by COVID 19,207,23,23
"HMSHost (Oneida Travel Plaza, Westmoreland)",2020-03-11,2020-08-12,2020-08-12,"5365 State Rt #233 Mile Post 244 E. NY State Thruway  Westmoreland, NY, 13490",Oneida,,N/A,Unforeseeable business circumstances prompted by COVID 19,212,6,6
"HMSHost (Pattersonville Travel Plaza, Pattersonville)",2020-03-11,2020-08-12,2020-08-12,"Travel Plaza Rd #2 Milepost 168N NYS Thruway  Pattersonville, NY, 12137",Schenectady,,N/A,Unforeseeable business circumstances prompted by COVID 19,216,12,12
HMSHost (Plattekill Travel Plaza),2020-03-11,2020-08-12,2020-08-12,"Mile Post 65N New York Thruway  Plattekill, NY, 12568",Ulster,,N/A,Unforeseeable business circumstances prompted by COVID 19,217,14,14
"HMSHost (Sloatsburg Travel Plaza, Sloatsburg)",2020-03-11,2020-08-12,2020-08-12,"Travel Plaza Mile Post 33, NYS Thruway  Sloatsburg, NY, 10974",Rockland,,N/A,Unforeseeable business circumstances prompted by COVID 19,215,9,9
"HMSHost (Travel Plaza Rt 5 S, Little Falls)",2020-03-11,2020-08-12,2020-08-12,"Travel Plaza Rt 5 S, Rd. #3 Mile Post 210 East  Little Falls, NY, 13365",Herkimer,,N/A,Unforeseeable business circumstances prompted by COVID 19,209,5,5
"HMSHost (Ulster Travel Plaza, Ruby)",2020-03-11,2020-08-12,2020-08-12,"Travel Plaza Mile Post 96 South NYS Thruway  Ruby, NY, 12475",Ulster,,N/A,Unforeseeable business circumstances prompted by COVID 19,218,7,7
Hoffman Car Wash - Capital Region,2020-03-23,2020-04-27,2020-04-27,"Multiple Capital Region locations  Albany, NY, 12206",Albany,,N/A,Unforeseeable business circumstances prompted by COVID 19,662,352,352
Hoffman Car Wash - Mid-Hudson Region,2020-03-23,2020-04-27,2020-04-27,"1091 Ulster Ave.  Kingston, NY, 12401",Ulster,,N/A,Unforeseeable business circumstances prompted by COVID 19,676,36,36
Hoffman Car Wash - Mohawk Valley Region,2020-03-23,2020-04-27,2020-04-27,"Amsterdam CarWash - 4858 State Highway 30  Amsterdam, NY, 12010",Montgomery,,N/A,Unforeseeable business circumstances prompted by COVID 19,670,5,5
Hoffman Car Wash - Southern Tier,2020-03-23,2020-04-27,2020-04-27,"2524 Vestal Parkway  Vestal, NY, 13850",Broome,,N/A,Unforeseeable business circumstances prompted by COVID 19,665,14,14
Holiday Inn Rochester Downtown,2020-03-23,2020-04-06,2020-04-06,"70 State Street  Rochester, NY, 14614",Monroe,,N/A,Unforeseeable business circumstances prompted by COVID 19,947,92,92
Holy Family Regional School (Commack),2020-06-16,2020-06-26,2020-06-26,"2 Indian Head Road  Commack, NY, 11725",Suffolk,,N/A,Unforeseeable business circumstances prompted by COVID 19,358,40,40
Home Box Office. Inc. (30 Hudson Yards),2020-02-28,2020-01-22,2020-01-22,"30 Hudson Yards  New York, NY, 10001",New York,,N/A,Economic,152,2,2
Honeycrisp USA LLC,2020-07-31,2020-03-16,2020-03-16,"89 East 42nd Street  New York, NY, 10017",New York,,N/A,Unforeseeable business circumstances prompted by COVID 19,"1,803",4,4
Honeywell AEROSPACE,2020-12-30,2020-09-29,2020-09-29,"3 Tibbits Ave.  Troy, NY, 12183",Rensselaer,,N/A,Moving production to their South Bend Indiana facility,1,40,40
Hooters on 33rd Street,2020-03-17,2020-03-24,2020-03-24,"155 West 33rd Street  New York, NY, 10001",New York,,N/A,Unforeseeable business circumstances prompted by COVID 19,"1,439",86,86
"Hornblower Cruises & Events, LLC",2020-03-18,2020-08-17,2020-08-17,"62 Chelsea Piers, Suite 200  New York, NY, 10011",New York,,N/A,Unforeseeable business circumstances prompted by COVID 19,204,502,502
Hornell Furniture Outlet,2020-03-22,2020-03-23,2020-03-23,"181 Main Street  Hornell, NY, 14843",Steuben,,N/A,Unforeseeable business circumstances prompted by COVID 19,"1,529",25,25
"Hotel 35, LLC aka Black Craft Burgers & Beer",2020-03-16,2020-03-16,2020-03-16,"45 West 35th Street  New York, NY, 10001",New York,,N/A,Unforeseeable business circumstances prompted by COVID 19,"1,804",83,83
Hotel 57,2020-03-19,2020-05-28,2020-05-28,"130 East 57th Street  New York, NY, 10022",New York,,N/A,Unforeseeable business circumstances prompted by COVID 19,534,49,49
Hotel 57 Services LLC d/b/a Four Seasons Hotel New York,2020-03-21,2020-03-26,2020-03-26,"57 East 57th Street  New York, NY, 10022",Queens,,N/A,Unforeseeable business circumstances prompted by COVID 19,"1,321",372,372
Hotel Beacon NYC (2130 Broadway) and the Beacon Bar,2020-03-17,2020-06-11,2020-06-11,"2130 Broadway at 75th Street  New York, NY, 10023",New York,,N/A,Unforeseeable business circumstances prompted by COVID 19,446,92,92
Hotel Grand Central LLC dba Fitzpatrick Grand Central Hotel,2020-03-20,2020-03-23,2020-03-23,"141 East 44th Street  New York, NY, 10017",New York,,N/A,Unforeseeable business circumstances prompted by COVID 19,"1,497",57,57
Hotel Indigo Brooklyn,2020-03-16,2020-03-20,2020-03-20,"229 Duffield Street  Brooklyn, NY, 11201",Kings,,N/A,Unforeseeable business circumstances prompted by COVID 19,"1,558",25,25
Hotel Indigo Lower East Side New York,2020-03-27,2020-04-03,2020-04-03,"171 Ludlow Street  New York, NY, 10002",New York,,N/A,Unforeseeable business circumstances prompted by COVID 19,987,62,62
Hotel Pennsylvania,2020-04-02,2020-04-08,2020-04-08,"401 Seventh Avenue  New York, NY, 10001",New York,,N/A,Unforeseeable business circumstances prompted by COVID 19,903,410,410
Hotel Plaza Athenee,2020-03-22,2020-03-26,2020-03-26,"37 East 64th Street  New York, NY, 10065",New York,,N/A,Unforeseeable business circumstances prompted by COVID 19,"1,302",165,165
"Houlihan's Farmingdale, LLC dba Houlihan's – Farmingdale",2020-04-08,2020-04-08,2020-04-08,"923 Broad Road, Route 110  Farmingdale, NY, 11735",Nassau,,N/A,Unforeseeable business circumstances prompted by COVID 19,887,85,85
"Housing Works, Inc. (15 locations)",2020-03-27,2020-04-30,2020-04-30,"15 NYC locations  New York/Brooklyn/Queens, NY, ",New York,,N/A,Unforeseeable business circumstances prompted by COVID 19,626,196,196
Howard Beach Fitness Center dba Limitless Fitness,2020-03-16,2020-03-16,2020-03-16,"157-05 Crossbay Blvd.  Howard Beach, NY, 11414",New York,,N/A,Unforeseeable business circumstances prompted by COVID 19,"1,805",,
Howard Hughes Corporation and Seaport Hospitality LLC (8 Locations),2020-03-27,2020-03-25,2020-03-25,"199 Water Street  New York, NY, 10038",New York,,N/A,Unforeseeable business circumstances prompted by COVID 19,"1,383",316,316
"Howard Zimmerman Architects, P.C.",2020-04-01,2020-03-31,2020-03-31,"11 West 30th Street, 3rd Floor  New York, NY, 10001",New York,,N/A,Unforeseeable business circumstances prompted by COVID 19,"1,114",42,42
HRK Foods Inc.,2020-03-17,2020-03-17,2020-03-17,"1057 Second Avenue  New York, NY, 10022",New York,,N/A,Unforeseeable business circumstances prompted by COVID 19,"1,753",25,25
"HSBC Bank USA , N.A.",2020-06-01,2020-03-02,2020-03-02,"5 East Fordham Road  New York, NY, 10468",New York,,N/A,Economic,104,2,2
"HSBC Bank USA , N.A.",2020-06-01,2020-03-02,2020-03-02,"58 Bowery  New York, NY, 10004",New York,,N/A,Economic,105,1,1
"HSBC Bank USA , N.A.",2020-06-01,2020-03-02,2020-03-02,"250 Park Avenue  New York, NY, 10036",New York,,N/A,Economic,106,1,1
"HSBC Bank USA , N.A.",2020-06-01,2020-03-02,2020-03-02,"252 West 57th Street  New York, NY, 10107",New York,,N/A,Economic,107,2,2
"HSBC Bank USA , N.A.",2020-06-03,2020-03-05,2020-03-05,"572 Union Turnpike East  New Hyde Park, NY, 11040",Nassau,,N/A,Economic,92,1,1
"HSBC Bank USA , N.A.",2020-06-01,2020-03-02,2020-03-02,"1602 Kings Highway  Brooklyn, NY, 11229",Kings,,N/A,Economic,101,2,2
"HSBC Bank USA , N.A.",2020-06-01,2020-03-02,2020-03-02,"1756 Crosby Avenue  New York, NY, 10461",New York,,N/A,Economic,108,2,2
"HSBC Bank USA , N.A.",2020-06-01,2020-03-02,2020-03-02,"2001 Rockaway Parkway  Brooklyn, NY, 11236",Kings,,N/A,Economic,102,2,2
"HSBC Bank USA , N.A.",2020-06-03,2020-03-05,2020-03-05,"	7424 13th Avenue  Brooklyn, NY, 11228",Kings,,N/A,Economic,91,1,1
"HSBC Bank USA , N.A. (1185 Avenue of the Americas)",2020-06-01,2020-03-02,2020-03-02,"1185 Avenue of the Americas  New York, NY, 10036",New York,,N/A,Economic,109,1,1
"HSBC Bank USA , N.A. (3415 Francis Lewis Boulevard)",2020-06-01,2020-03-02,2020-03-02,"3415 Francis Lewis Boulevard  Flushing, NY, 11358",Queens,,N/A,Economic,112,4,4
"HSBC Bank USA , N.A.(1545 Flatbush Avenue)",2020-06-01,2020-03-02,2020-03-02,"1545 Flatbush Avenue  Brooklyn, NY, 11210",Kings,,N/A,Economic,103,1,1
"HSBC Bank USA, N.A.",2020-06-01,2020-03-02,2020-03-02,"11 East Broadway  New York, NY, 10038",New York,,N/A,Economic,110,3,3
"HSBC Bank USA, N.A.",2020-06-01,2020-03-02,2020-03-02,"307 Grand Street  New York, NY, 10002",New York,,N/A,Economic,111,2,2
"HSBC Bank USA, N.A.",2020-06-16,2020-03-17,2020-03-17,"5500 Sunrise Highway  Massapequa, NY, 11746",Nassau,,N/A,Economic,76,1,1
Hudson Hotel,2020-03-23,2020-03-18,2020-03-18,"358 West 58th Street  New York, NY, 10019",New York,,N/A,Unforeseeable business circumstances prompted by COVID 19,"1,714",212,212
"Hudson River Inn, LLC dba The Maritime Hotel",2020-03-18,2020-03-19,2020-03-19,"363 West 16th Street  New York, NY, 10011",New York,,N/A,Unforeseeable business circumstances prompted by COVID 19,"1,653",50,50
Hudson Rooftop LLC,2020-03-16,2020-03-27,2020-03-27,"18th 9th Ave.  New York, NY, 10014",New York,,N/A,Unforeseeable business circumstances prompted by COVID 19,"1,248",44,44
Hudson Sheraton Corporation LLC dba Sheraton New York Times Square Hotel,2020-03-21,2020-06-09,2020-06-09,"811 7th Avenue  New York, NY, 10019",New York,,N/A,Unforeseeable business circumstances prompted by COVID 19,473,457,457
"Hudson Transit Lines, Inc.",2020-03-04,2020-10-01,2020-10-01,"66 Tetz Road  Chester, NY, 10918",Orange,,N/A,Economic,17,134,134
Hudson Yards Catering LLC,2020-03-18,2020-03-31,2020-03-31,"640 West 28th Street  New York, NY, 10001",New York,,N/A,Unforeseeable business circumstances prompted by COVID 19,"1,115",416,416
"Hudson Yards Grill, LLC dba TAK Room Restaurant",2020-03-17,2020-08-07,2020-08-07,"20 Hudson Yards, 500 W. 33rd St.  New York, NY, 10001",New York,,N/A,Unforeseeable business circumstances prompted by COVID 19,242,76,76
Hudson Yards Sports and Entertainment LLC,2020-03-18,2020-03-31,2020-03-31,"  New York, NY, ",New York,,N/A,Unforeseeable business circumstances prompted by COVID 19,"1,116",49,49
Hudson's Bay Company (2 NYC sites),2020-04-04,2020-04-02,2020-04-02,"225 Liberty Street  New York, NY, 10281",New York,,N/A,Unforeseeable business circumstances prompted by COVID 19,"1,043",504,504
"Humphrey's Bakery Inc. dba Balthazar Bakery (80 Spring St., NYC)",2020-03-16,2020-08-07,2020-08-07,"80 Spring Street  New York, NY, 10012",New York,,N/A,Unforeseeable business circumstances prompted by COVID 19,243,42,42
Hunter Mountain Ski Bowl Inc.,2020-04-06,2020-04-06,2020-04-06,"64 Klein Avenue  Hunter, NY, 12442",Greene,,N/A,Unforeseeable business circumstances prompted by COVID 19,942,55,55
Hyatt Corporation dba Andaz Fifth Avenue,2020-03-22,2020-06-10,2020-06-10,"485 5th Avenue  New York, NY, 10017",New York,,N/A,Unforeseeable business circumstances prompted by COVID 19,451,134,134
Hyatt Corporation dba Andaz Wall Street,2020-03-28,2020-06-10,2020-06-10,"75 Wall Street  New York, NY, 10005",New York,,N/A,Unforeseeable business circumstances prompted by COVID 19,452,114,114
Hyatt Corporation dba Grand Hyatt New York,2020-03-22,2020-06-10,2020-06-10,"109 East 42nd Street  New York, NY, 10017",New York,,N/A,Unforeseeable business circumstances prompted by COVID 19,453,745,745
Hyatt Corporation dba Hotel 50 Bowery,2020-03-29,2020-06-10,2020-06-10,"50 Bowery  New York, NY, 10013",New York,,N/A,Unforeseeable business circumstances prompted by COVID 19,454,67,67
Hyatt Corporation dba Hyatt Centric Times Square,2020-03-23,2020-06-10,2020-06-10,"135 West 45th Street  New York, NY, 10036",New York,,N/A,Unforeseeable business circumstances prompted by COVID 19,455,221,221
Hyatt Corporation dba Park Hyatt,2020-03-22,2020-06-10,2020-06-10,"153 West 57th Street  New York, NY, 10019",New York,,N/A,Unforeseeable business circumstances prompted by COVID 19,456,264,264
Hyatt Corporation dba Park South,2020-03-29,2020-06-10,2020-06-10,"124 E 28th Street  New York, NY, 10016",New York,,N/A,Unforeseeable business circumstances prompted by COVID 19,457,57,57
Hyatt Corporation dba Parker New York,2020-03-28,2020-06-10,2020-06-10,"119 W 56th Street  New York, NY, 10019",New York,,N/A,Unforeseeable business circumstances prompted by COVID 19,458,366,366
Hyatt Corporation Gild Hall,2020-03-29,2020-06-10,2020-06-10,"15 Gold Street  New York, NY, 10038",New York,,N/A,Unforeseeable business circumstances prompted by COVID 19,459,43,43
Hyatt Corporation The Beekman,2020-03-29,2020-06-10,2020-06-10,"123 Nassau Street  New York, NY, 10038",New York,,N/A,Unforeseeable business circumstances prompted by COVID 19,460,105,105
Hyatt Regency Buffalo Hotel (Fountain Plaza-Buffalo),2020-03-18,2020-05-26,2020-05-26,"2 Fountain Plaza  Buffalo, NY, 14202",Erie,,N/A,Unforeseeable business circumstances prompted by COVID 19 subsequently resulting in loss of management agreement to operate hotel,1,207,207
Icon Parking Holdings LLC,2020-03-14,2020-04-02,2020-04-02,"220 East 23rd Street  New York, NY, 10010",New York,,N/A,Unforeseeable business circumstances prompted by COVID 19,"1,044",883,883
"ICR, Inc.",2020-03-27,2020-04-13,2020-04-13,"6 Neptune Road  Poughkeepsie, NY, 12601",Dutchess,,N/A,Unforeseeable business circumstances prompted by COVID 19,819,50,50
"Ide Pontiac, Inc. dba Ide Honda (3 locations)",2020-03-22,2020-04-07,2020-04-07,"875 Panorama Trail South  Rochester, NY, 14625",Monroe,,N/A,Unforeseeable business circumstances prompted by COVID 19,924,63,63
"Ide Volkswagen, Inc. dba Ide Volkswagen",2020-03-22,2020-04-07,2020-04-07,"333 North Washington Street  East Rochester, NY, 14445",Monroe,,N/A,Unforeseeable business circumstances prompted by COVID 19,925,19,19
"IHI-NY, LLC (Ilili Restaurant)",2020-03-15,2020-03-18,2020-03-18,"236 5th Ave.  New York, NY, 10001",New York,,N/A,Unforeseeable business circumstances prompted by COVID 19,"1,715",130,130
"IHI-NY, LLC (ilili Restaurant)",2020-12-14,2020-12-14,2020-12-14,"236 5th Avenue  New York, NY, 10001",New York,,N/A,Unforeseeable business circumstances prompted by COVID 19,9,46,46
"II Mulino Gramercy, LLC",2020-03-16,2020-03-20,2020-03-20,"43 E. 20th Street  New York, NY, 10003",New York,,N/A,Unforeseeable business circumstances prompted by COVID 19,"1,582",28,28
"ilili Box Canal Street, LLC",2020-03-15,2020-03-18,2020-03-18,"261 Canal Street  New York, NY, 10013",New York,,N/A,Unforeseeable business circumstances prompted by COVID 19,"1,716",130,130
"ilili Box-Row NYC, LLC",2020-03-15,2020-03-18,2020-03-18,"City Kitchen, 700 8th Ave, Floor 2  New York, NY, 10036",New York,,N/A,Unforeseeable business circumstances prompted by COVID 19,"1,717",7,7
IM 60th Street LLC,2020-03-16,2020-03-20,2020-03-20,"37 E. 60th Street  New York, NY, 10021",New York,,N/A,Unforeseeable business circumstances prompted by COVID 19,"1,583",61,61
IM Long Island Restaurant Group,2020-03-16,2020-03-20,2020-03-20,"1042 Northern Blvd.  Roslyn, NY, 11576",Nassau,,N/A,Unforeseeable business circumstances prompted by COVID 19,"1,561",26,26
Imagine Early Learning Centers (Long Island),2020-03-20,2020-04-14,2020-04-14,"3 Long Island locations  Pt. Washington/Holtsville/Center Islip, NY, ",Nassau,,N/A,Unforeseeable business circumstances prompted by COVID 19,802,33,33
Imagine Early Learning Centers (NYC),2020-03-20,2020-04-21,2020-04-21,"6 NYC locations  Bronx/Brooklyn/Jamaica/NY, NY, ",New York,,N/A,Unforeseeable business circumstances prompted by COVID 19,709,91,91
"IMNY GS, LLC",2020-03-16,2020-03-20,2020-03-20,"361 Greenwich Street  New York, NY, 10013",New York,,N/A,Unforeseeable business circumstances prompted by COVID 19,"1,584",32,32
In Good Co Park Ave Inc.,2020-03-16,2020-03-30,2020-03-30,"99 Park Ave.  New York, NY, 10016",New York,,N/A,Unforeseeable business circumstances prompted by COVID 19,"1,177",60,60
In Good Company HG Inc.,2020-03-16,2020-03-30,2020-03-30,"417 5th Avenue  New York, NY, 10018",New York,,N/A,Unforeseeable business circumstances prompted by COVID 19,"1,178",28,28
Incarnation Children's Center,2021-03-11,2020-12-11,2020-12-11,"142 Audubon Ave.  New York, NY, 10032",New York,,N/A,Unforeseeable business circumstances prompted by COVID 19,17,67,67
Indikitch (5 NYC locations),2020-03-18,2020-03-19,2020-03-19,"25 W. 23rd Street  New York, NY, 10010",New York,,N/A,Unforeseeable business circumstances prompted by COVID 19,"1,654",,
Indochino Apparel (US) Inc.,2020-03-25,2020-03-25,2020-03-25,"4 NYC locations  New York/Brooklyn, NY, ",New York,,N/A,Unforeseeable business circumstances prompted by COVID 19,"1,384",56,56
Ink 48 Hotel,2020-03-23,2020-06-09,2020-06-09,"653 11th Ave  New York, NY, 10036",New York,,N/A,Unforeseeable business circumstances prompted by COVID 19,474,83,83
Inn at Fox Hollow,2020-03-26,2020-03-26,2020-03-26,"7755 Jericho Turnpike  Woodbury, NY, 11797",Nassau,,N/A,Unforeseeable business circumstances prompted by COVID 19,"1,291",58,58
Innovative Concepts in Entertainment,2020-03-18,2020-03-23,2020-03-23,"10123 Main Street  Clarence, NY, ",Erie,,N/A,Unforeseeable business circumstances prompted by COVID 19,"1,475",79,79
"Innovative Delivery & Logistics, LLC (80 Grumman Road W, Bethpage)",2020-09-30,2020-06-29,2020-06-29,"80 Grumman Road West  Bethpage, NY, 11714",Nassau,,N/A,Economic,34,35,35
"Innovative Delivery & Logistics, LLC (201 Grumman Road W, Bethpage)",2020-09-30,2020-06-29,2020-06-29,"201 Grumman Road West  Bethpage, NY, 11714",Nassau,,N/A,Economic,35,52,52
Instant Vintage Inc.,2020-03-15,2020-03-19,2020-03-19,"96 Grove Street, Suite 3  New York, NY, 10014",New York,,N/A,Unforeseeable business circumstances prompted by COVID 19,"1,655",6,6
"Instinet, LLC (United States Equity Research & United States Equity Research Sales platform)",2020-07-10,2020-07-10,2020-07-10,"309 West 49th Street  New York, NY, 10019",New York,,N/A,Economic,32,40,40
"Intent Global, Inc. d/b/a Intent (Media Co. & SaaS Co.)",2020-09-24,2020-10-01,2020-10-01,"75 Varick Street, 8th Floor  New York, NY, 10013",New York,,N/A,Unforeseeable business circumstances prompted by COVID 19,88,26,26
"Intent Global, Inc. dba Intent",2020-04-06,2020-04-03,2020-04-03,"75 Varick Street, 8th Floor  New York, NY, 10013",New York,,N/A,Unforeseeable business circumstances prompted by COVID 19,988,44,44
"Intercept Pharmaceuticals, Inc.",2020-10-08,2020-09-08,2020-09-08,"10 Hudson Yards, 37th Floor  New York, NY, 10001",New York,,N/A,Delays with the FDA to launch compound for a new therapeutic indication,1,130,130
InterContinental New York Times Square,2020-03-27,2020-03-25,2020-03-25,"300 West 44th Street  New York, NY, 10036",New York,,N/A,Unforeseeable business circumstances prompted by COVID 19,"1,385",310,310
"Intercos America, Inc.",2020-03-22,2020-03-23,2020-03-23,"37 West 57th Street  New York, NY, 10019",New York,,N/A,Unforeseeable business circumstances prompted by COVID 19,"1,498",7,7
"Intercos America, Inc. (Mid Hudson) (2 Locations)",2020-03-22,2020-03-23,2020-03-23,"200 Route 303 North  Congers, NY, 10920",Rockland,,N/A,Unforeseeable business circumstances prompted by COVID 19,"1,527",352,352
International Business Machines (IBM),2020-08-19,2020-05-21,2020-05-21,"299-300 Long Meadow Road  Sterling Forest, NY, 10979",Orange,,N/A,Economic,56,42,42
"International Council of Shopping Centers, Inc.",2020-06-11,2020-06-03,2020-06-03,"1251 Avenue of the Americas  New York, NY, 10020",New York,,N/A,Unforeseeable business circumstances prompted by COVID 19,513,65,65
International Culinary Center,2020-07-06,2020-07-06,2020-07-06,"462 Broadway  New York, NY, 10013",New York,,N/A,Unforeseeable business circumstances prompted by COVID 19,323,93,93
IPIC Theaters LLC,2020-03-27,2020-07-27,2020-07-27,"11 Fulton Street  New York, NY, 10038",New York,,N/A,Unforeseeable business circumstances prompted by COVID 19,269,206,206
Iroquois Hotel LLC,2020-03-24,2020-03-18,2020-03-18,"49 West 44th Street  New York, NY, 10036",New York,,N/A,Unforeseeable business circumstances prompted by COVID 19,"1,718",50,50
IS Chrystie Management LLC dba Public Hotel,2020-03-13,2020-07-28,2020-07-28,"215 Chrystie Street  New York, NY, 10002",New York,,N/A,Unforeseeable business circumstances prompted by COVID 19,266,85,85
It's Our Pleasure Hospitality Group LLC,2020-03-20,2020-03-23,2020-03-23,"3980 Amboy Road  Staten Island, NY, 10308",Richmond,,N/A,Unforeseeable business circumstances prompted by COVID 19,"1,525",10,10
"Ivy Rehab Network, Inc. (Central Billing Office)",2020-05-06,2020-04-30,2020-04-30,"1377 Motor Pkwy  Islandia, NY, 11749",Suffolk,,N/A,Unforeseeable business circumstances prompted by COVID 19,630,36,36
IXHEL Corporation dba CAFÉ FRIDA,2020-03-16,2020-03-23,2020-03-23,"368 Columbus Avenue  New York, NY, 10024",New York,,N/A,Unforeseeable business circumstances prompted by COVID 19,"1,499",41,41
"J. C. Penney Corporation, Inc. (100 W. 33rd St., NYC)",2020-03-18,2020-07-13,2020-07-13,"100 W. 33rd Street  New York, NY, 10001",New York,,N/A,Unforeseeable business circumstances prompted by COVID 19,303,304,304
"J. C. Penney Corporation, Inc. (5100 Kings Plaza, Brooklyn, NY)",2020-03-18,2020-07-13,2020-07-13,"5100 Kings Plaza, Suite 2201  Brooklyn, NY, 11234",Kings,,N/A,Unforeseeable business circumstances prompted by COVID 19,301,142,142
"J. C. Penney Corporation, Inc. (Design Office, 200 Lafayette St., NYC)",2020-10-13,2020-07-15,2020-07-15,"200 Lafayette Street  New York, NY, 10012",New York,,N/A,Unforeseeable business circumstances prompted by COVID 19,288,31,31
"J. C. Penney Corporation, Inc. (South Shore Mall, Bay Shore)",,2020-06-25,2020-06-25,"1701 Sunrise Hwy  Bay Shore, NY, 11706",Suffolk,,N/A,Unforeseeable business circumstances prompted by COVID 19,367,0,0
"J. C. Penney Corporation, Inc. (Store #1738)",2020-04-25,2020-01-16,2020-01-16,"1051 Green Acres Mall  Valley Stream, NY, 11581",Nassau,,N/A,Economic,155,126,126
"J.C. Penney (Destiny USA Shopping Center, Syracuse)",2020-09-21,2020-06-22,2020-06-22,"9559 Destiny USA Drive  Syracuse, NY, 13204",Onondaga,,N/A,Unforeseeable business circumstances prompted by COVID 19,379,91,91
"J.C. Penney Corporation, Inc. (Poughkeepsie Galleria)",2020-09-25,2020-06-25,2020-06-25,"2001 South Road (Rt. 9)  Poughkeepsie, NY, 12601",Dutchess,,N/A,Unforeseeable business circumstances prompted by COVID 19,359,109,109
"J.C. Penney Corporation, Inc. (Sangertown Square Mall)",2020-09-21,2020-06-22,2020-06-22,"1 Sangertown Square, Suite 55  New Hartford, NY, 13413",Oneida,,N/A,Unforeseeable business circumstances prompted by COVID 19,378,85,85
"J.M. Haley, Corporation",2020-03-31,2020-03-31,2020-03-31,"151 Toledo Street  Farmingdale, NY, 11735",Nassau,,N/A,Unforeseeable business circumstances prompted by COVID 19,"1,087",44,44
"JAD Transportation, Inc. Twin America, LLC, R. W. Express, & Sightseeing Pass",2020-03-18,2020-04-30,2020-04-30,"1430 Broadway, Suite 507  New York, NY, 10018",New York,,N/A,Unforeseeable business circumstances prompted by COVID 19,627,550,550
Jagged Little Pill LLC at the Broadhurst Theatre,2020-03-12,2020-06-12,2020-06-12,"235 W 44th St.  New York, NY, 10036",New York,,N/A,Unforeseeable business circumstances prompted by COVID 19,443,64,64
James New York Soho,2020-03-17,2020-06-11,2020-06-11,"27 Grand Street  New York, NY, 10013",New York,,N/A,Unforeseeable business circumstances prompted by COVID 19,447,50,50
"Jamestown Metal Products LLC, a division of Institutional Casework",2020-09-04,2020-05-27,2020-05-27,"178 Blackstone Avenue  Jamestown, NY, 14701",Chautauqua,,N/A,Economic,45,80,80
"Jamestown Metal Products LLC, a division of Institutional Casework",2020-05-08,2020-02-05,2020-02-05,"178 Blackstone Avenue  Jamestown, NY, 14701",Chautauqua,,N/A,Economic,119,0,0
Jane LLC dba Jane,2020-03-16,2020-03-30,2020-03-30,"100 West Houston Street  New York, NY, 10012",New York,,N/A,Unforeseeable business circumstances prompted by COVID 19,"1,179",53,53
"Jane Street Hotel, LLC",2020-03-18,2020-03-19,2020-03-19,"113 Jane Street  New York, NY, 10014",New York,,N/A,Unforeseeable business circumstances prompted by COVID 19,"1,656",111,111
"JC Broderick & Associates, Inc.",2020-03-31,2020-04-08,2020-04-08,"1775 Express Drive North  Hauppauge, NY, 11788",Suffolk,,N/A,Unforeseeable business circumstances prompted by COVID 19,919,41,41
Jean Georges of Pound Ridge LLC d/b/a The Inn at Pound Ridge,2020-03-15,2020-03-23,2020-03-23,"258 Westchester Ave  Pound Ridge, NY, 10576",Westchester,,N/A,Unforeseeable business circumstances prompted by COVID 19,"1,532",83,83
Jeffrey New York,2020-06-01,2020-05-18,2020-05-18,"449 West 14th Street  New York, NY, 10014",New York,,N/A,Unforeseeable business circumstances prompted by COVID 19,570,39,39
Jericho Restaurant Associates LLC dba Rare650,2020-03-26,2020-03-25,2020-03-25,"650 Jericho Turnpike  Syosset, NY, 11791",Nassau,,N/A,Unforeseeable business circumstances prompted by COVID 19,"1,358",96,96
Jet Black (Walmart),2020-05-22,2020-02-13,2020-02-13,"250 Hudson Street  New York, NY, 10013",New York,,N/A,The decision was made to integrate conversational commerce into Walmart,1,165,165
Jet Sanitation Services Corp.,2020-07-01,2020-03-27,2020-03-27,"228 Blydenburgh Road  Islandia, NY, 11749",Suffolk,,N/A,Sale of Business,3,49,49
Jewel Facing Rockefeller Center (a Club Quarters Hotel),2020-03-28,2020-07-09,2020-07-09,"11 W. 51st St.  New York, NY, 10019",New York,,N/A,Unforeseeable business circumstances prompted by COVID 19,317,35,35
Joe's Public LLC,2020-03-12,2020-03-26,2020-03-26,"425 Lafayette Street  New York, NY, 10003",New York,,N/A,Unforeseeable business circumstances prompted by COVID 19,"1,303",78,78
"John R. Mott, Inc.",2020-06-30,2020-04-23,2020-04-23,"11 Access Road  Albany, NY, 12205",Albany,,N/A,Death of Company President and Unforeseeable business circumstances prompted by COVID 19,1,68,68
Joint Billion New York LLC,2020-03-24,2020-04-20,2020-04-20,"JFK International Airport, Terminal 4, Room 126.001  Jamaica, NY, 11430",Queens,,N/A,Unforeseeable business circumstances prompted by COVID 19,720,48,48
"Jointa Galusha, LLC (3 sites)",2020-03-30,2020-04-02,2020-04-02,"3865 State Route 149  Fort Ann, NY, 12827",Warren,,N/A,Unforeseeable business circumstances prompted by COVID 19,"1,055",10,10
Jolly Tinker Inc. dba Fitzpatrick Manhattan Hotel,2020-03-20,2020-03-24,2020-03-24,"687 Lexington Avenue  New York, NY, 10022",New York,,N/A,Unforeseeable business circumstances prompted by COVID 19,"1,440",60,60
Jsalt LLC/Speedy Romeo,2020-03-21,2020-03-26,2020-03-26,"63 Clinton Avenue  New York, NY, 10002",New York,,N/A,Unforeseeable business circumstances prompted by COVID 19,"1,304",34,34
Juicerie 3 LLC dba The Butcher's Daughter (Hudson Street),2020-03-25,2020-04-10,2020-04-10,"581 Hudson Street  New York, NY, 10014",New York,,N/A,Unforeseeable business circumstances prompted by COVID 19,859,22,22
Juicerie IV LLC dba The Butcher's Daughter,2020-03-25,2020-04-10,2020-04-10,"271 Metropolitan Avenue  Brooklyn, NY, 11211",Kings,,N/A,Unforeseeable business circumstances prompted by COVID 19,854,42,42
Juicerie LLC dba The Butcher's Daughter (Kenmare Street),2020-03-25,2020-04-10,2020-04-10,"19 Kenmare Street  New York, NY, 10012",New York,,N/A,Unforeseeable business circumstances prompted by COVID 19,860,43,43
"Jujamcyn Theaters LLC at St James Theatre, Al Hirschfeld Theatre, August Wilson Theatre, Eugene O'Neil Theatre, Walter Kerr Theatre NYC)",2020-03-12,2020-06-15,2020-06-15,"5 NYC locations  New York, NY, ",New York,,N/A,Unforeseeable business circumstances prompted by COVID 19,437,"1,082","1,082"
"Juniper Nyack Employment LLC, The Time Nyack",2020-03-31,2020-03-31,2020-03-31,"400 High Avenue  Nyack, NY, 10960",Rockland,,N/A,Unforeseeable business circumstances prompted by COVID 19,"1,142",68,68
Karako of Carle Place LTD,2020-03-20,2020-03-20,2020-03-20,"237 Voice Road  Carle Place, NY, 11514",Nassau,,N/A,Unforeseeable business circumstances prompted by COVID 19,"1,562",,
Karako of Cross Bay Blvd. LTD,2020-03-20,2020-03-20,2020-03-20,"155-12 Cross Bay Blvd.  Howard Beach, NY, 11414",Queens,,N/A,Unforeseeable business circumstances prompted by COVID 19,"1,611",,
Karako of East Northport,2020-03-20,2020-03-20,2020-03-20,"1931C Jericho Tpke  East Northport, NY, 11731",Suffolk,,N/A,Unforeseeable business circumstances prompted by COVID 19,"1,621",,
Karako of East Patchogue LTD,2020-03-20,2020-03-20,2020-03-20,"391 East Sunrise Highway  Patchogue, NY, 11570",Suffolk,,N/A,Unforeseeable business circumstances prompted by COVID 19,"1,622",,
Karako of Farmingdale LTD,2020-03-20,2020-03-20,2020-03-20,"168 Route 110  Farmingdale, NY, 11735",Nassau,,N/A,Unforeseeable business circumstances prompted by COVID 19,"1,563",,
Karako of Lynbrook LTD,2020-03-20,2020-03-20,2020-03-20,"55 Atlantic Ave.  Lynbrook, NY, 11563",Nassau,,N/A,Unforeseeable business circumstances prompted by COVID 19,"1,564",,
Karako of Rockaway LTD,2020-03-20,2020-03-20,2020-03-20,"252-18 Rockaway Blvd.  Rosedale, NY, 11422",Queens,,N/A,Unforeseeable business circumstances prompted by COVID 19,"1,612",,
Karako of Selden LTD,2020-03-20,2020-03-20,2020-03-20,"361 Independence Plaza  Selden, NY, 11784",Suffolk,,N/A,Unforeseeable business circumstances prompted by COVID 19,"1,623",,
"Karla Otto, Inc.",2020-04-01,2020-04-06,2020-04-06,"475 10th Avenue, 4th Floor  New York, NY, 10018",New York,,N/A,Unforeseeable business circumstances prompted by COVID 19,955,28,28
"Karp Automotive, Inc.",,2020-03-26,2020-03-26,"372-400 Sunrise Hwy  Rockville Centre, NY, 11570",Nassau,,N/A,Unforeseeable business circumstances prompted by COVID 19,"1,292",75,75
Keeler Motor Car Company,2020-03-19,2020-04-10,2020-04-10,"1111 Troy Schenectady Road  Latham, NY, 12110",Albany,,N/A,Unforeseeable business circumstances prompted by COVID 19,848,,
Keith Titus Corporation,2020-03-20,2020-04-03,2020-04-03,"2758 Trombley Road  Weedsport, NY, 13166",Cayuga,,N/A,Unforeseeable business circumstances prompted by COVID 19,976,58,58
"Kennedy Organics, LLC dba Charlie Bird",2020-03-18,2020-03-18,2020-03-18,"5 King Street  New York, NY, 10012",New York,,N/A,Unforeseeable business circumstances prompted by COVID 19,"1,719",63,63
"Kg715 Inc, Upholstery Store",2020-03-16,2020-03-20,2020-03-20,"713-715 Washington St.  New York, NY, 10014",New York,,N/A,Unforeseeable business circumstances prompted by COVID 19,"1,585",7,7
"KHRG 851, LLC and KHRG Employer, LLC dba Hotel Eventi",2020-03-23,2020-03-26,2020-03-26,"851 6th Avenue  New York, NY, 10001",New York,,N/A,Unforeseeable business circumstances prompted by COVID 19,"1,305",136,136
KHRG Muse LLC dba The Muse Hotel,2020-03-17,2020-04-02,2020-04-02,"130 W. 46th Street  New York, NY, 10036",New York,,N/A,Unforeseeable business circumstances prompted by COVID 19,"1,045",101,101
"Kickstarter, PBC",2020-05-15,2020-05-07,2020-05-07,"58 Kent Street  Brooklyn, NY, 11222",New York,,N/A,Unforeseeable business circumstances prompted by COVID 19,600,25,25
Kingsbrook Jewish Medical Center (Medical/surgical inpatient beds),2020-12-31,2020-09-30,2020-09-30,"585 Schenectady Avenue  Brooklyn, NY, 11203",Kings,,N/A,Consolidation of services at the combined hospitals,1,52,52
KIOSK 50 CORP dba BLOCKHEADS BURRITOS,2020-03-17,2020-03-17,2020-03-17,"322 West 50th  New York, NY, 10019",New York,,N/A,Unforeseeable business circumstances prompted by COVID 19,"1,754",28,28
"Kitopi Catering Services, LLC",2020-04-23,2020-04-24,2020-04-24,"12 E. 33rd Street  New York, NY, 10016",New York,,N/A,Unforeseeable business circumstances prompted by COVID 19,678,124,124
Kleinfeld Bridal Corp.,2020-04-05,2020-08-28,2020-08-28,"110 W. 20th St.  New York, NY, 10011",New York,,N/A,Unforeseeable business circumstances prompted by COVID 19,179,107,107
"Knotel, Inc. (2 locations)",2020-03-27,2020-03-27,2020-03-27,"29 West 35th Street  New York, NY, 10001",New York,,N/A,Unforeseeable business circumstances prompted by COVID 19,"1,249",100,100
Koi NY LLC dba Koi New York,2020-03-20,2020-03-23,2020-03-23,"40 W. 40th Street  New York, NY, 10018",New York,,N/A,Unforeseeable business circumstances prompted by COVID 19,"1,500",109,109
Kravet Inc.,2020-03-23,2020-03-25,2020-03-25,"225 Central Ave South  Bethpage, NY, 11714",Nassau,,N/A,Unforeseeable business circumstances prompted by COVID 19,"1,359",83,83
Kravet Inc.(Third Avenue),2020-03-25,2020-03-25,2020-03-25,"979 Third Avenue  New York, NY, 10022",New York,,N/A,Economic,73,24,24
"Kravet, Inc. (W. 21st Street) (2 NYC sites)",2020-03-23,2020-03-25,2020-03-25,"22 West 21st Street  New York, NY, 10010",New York,,N/A,Unforeseeable business circumstances prompted by COVID 19,"1,386",41,41
"Kuei Luck Enrichment Center, Inc. and Kuei Luck Early Childhood Center, LLC",2020-03-19,2020-03-19,2020-03-19,"195-05 69th Ave.  Fresh Meadows, NY, 11365",Queens,,N/A,Unforeseeable business circumstances prompted by COVID 19,"1,675",73,73
Kuni's Corporation dba Ikinari Steak/Pepper Lunch (4 locations),2020-03-17,2020-03-25,2020-03-25,"147 W. 35th Street  New York, NY, 10001",New York,,N/A,Unforeseeable business circumstances prompted by COVID 19,"1,387",75,75
L3Harris Technologies,2020-05-01,2020-02-24,2020-02-24,"600 Third Avenue  New York, NY, 10016",New York,,N/A,Economic,116,16,16
La Pecora Bianca (5 NYC sites),2020-03-14,2020-03-14,2020-03-14,"5 NYC sites  New York, NY, ",New York,,N/A,Unforeseeable business circumstances prompted by COVID 19,"1,844",134,134
"Lady M Manufacturing, LLC (Long Island City Factory)",2020-03-30,2020-08-10,2020-08-10,"9-08 43rd Road  Long Island City, NY, 11101",Queens,,N/A,Unforeseeable business circumstances prompted by COVID 19,238,45,45
Lafayette Street Partners II LLC dba Lafayette,2020-03-15,2020-03-26,2020-03-26,"380 Lafayette St.  New York, NY, 10003",New York,,N/A,Unforeseeable business circumstances prompted by COVID 19,"1,306",149,149
"Lago Resort & Casino, LLC dba del Lago Resort & Casino",2020-04-09,2020-07-13,2020-07-13,"1133 Rte. 414  Waterloo, NY, 13165",Seneca,,N/A,Unforeseeable business circumstances prompted by COVID 19,308,"1,077","1,077"
Lamothermic Corp. (Brewster),2020-07-02,2020-07-01,2020-07-01,"391 Route 312  Brewster, NY, 10509",Putnam,,N/A,Unforeseeable business circumstances prompted by COVID 19,336,5,5
Lastrada Restaurant LLC,2020-03-17,2020-03-17,2020-03-17,"2 Dingle Ridge Road  North Salem, NY, 10560",Westchester,,N/A,Unforeseeable business circumstances prompted by COVID 19,"1,782",,
"LAZ Parking New York New Jersey, LLC (Regional Office)",2020-03-11,2020-04-20,2020-04-20,"333 W. 39th Street, Suite 602  New York, NY, 10018",New York,,N/A,Unforeseeable business circumstances prompted by COVID 19,718,110,110
Lazar Edible's LLC,2020-03-20,2020-03-26,2020-03-26,"440 West 57th Street  New York, NY, 10019",New York,,N/A,Unforeseeable business circumstances prompted by COVID 19,"1,307",45,45
Le Bernardin,2020-03-19,2020-03-20,2020-03-20,"787 7th Ave.  New York, NY, 10019",New York,,N/A,Unforeseeable business circumstances prompted by COVID 19,"1,586",181,181
Le Bernardin & Aldo Sohm Wine Bar,2020-12-14,2020-12-14,2020-12-14,"155 West 51st Street & 151 West 51st Street  New York, NY, 10019",New York,,N/A,Unforeseeable business circumstances prompted by COVID 19,10,76,76
Le District,2020-03-16,2020-03-16,2020-03-16,"225 Liberty Street  New York, NY, 10281",New York,,N/A,Unforeseeable business circumstances prompted by COVID 19,"1,806",272,272
Le Pain Quotidien-HQ,2020-04-20,2020-04-17,2020-04-17,"50 Broad Street, 12th Floor  New York, NY, 10004",New York,,N/A,Unforeseeable business circumstances prompted by COVID 19,758,34,34
"Le Tote, Inc. (Albany)",2020-12-31,2020-10-01,2020-10-01,"1 Crossgates Mall Rd.  Albany, NY, 11203",Albany,,N/A,Unforeseeable business circumstances prompted by COVID 19,80,34,34
"Le Tote, Inc. (Bay Shore)",2020-12-31,2020-10-01,2020-10-01,"1701 Sunrise Hwy  Bay Shore, NY, 11706",Suffolk,,N/A,Unforeseeable business circumstances prompted by COVID 19,91,46,46
"Le Tote, Inc. (Buffalo)",2020-12-31,2020-10-01,2020-10-01,"8 Walden Galleria  Buffalo, NY, 14225",Erie,,N/A,Unforeseeable business circumstances prompted by COVID 19,82,39,39
"Le Tote, Inc. (Garden City, LI)",2020-12-31,2020-10-01,2020-10-01,"1200 Franklin Ave.  Garden City, NY, 11501",Nassau,,N/A,Unforeseeable business circumstances prompted by COVID 19,84,101,101
"Le Tote, Inc. (Huntington Station)",2020-12-31,2020-10-01,2020-10-01,"158 Walt Whitman Rd.  Huntington Station, NY, 11743",Suffolk,,N/A,Unforeseeable business circumstances prompted by COVID 19,92,44,44
"Le Tote, Inc. (Manhasset)",2020-12-31,2020-10-01,2020-10-01,"1440 Northern Blvd.  Manhasset, NY, 11030",Nassau,,N/A,Unforeseeable business circumstances prompted by COVID 19,85,76,76
"Le Tote, Inc. (Rochester)",2020-12-31,2020-10-01,2020-10-01,"7979 Pittford Victor Rd.  Rochester, NY, 14564",Monroe,,N/A,Unforeseeable business circumstances prompted by COVID 19,83,34,34
"Le Tote, Inc. (Scarsdale)",2020-12-31,2020-10-01,2020-10-01,"750 White Plains Rd.  Scarsdale, NY, 10583",Westchester,,N/A,Unforeseeable business circumstances prompted by COVID 19,93,115,115
"Le Tote, Inc. (Syracuse)",2020-12-31,2020-10-01,2020-10-01,"9629 Destiny USA Dr.  Syracuse, NY, 13204",Onondaga,,N/A,Unforeseeable business circumstances prompted by COVID 19,89,45,45
"Le Tote, Inc. (Yonkers)",2020-12-31,2020-10-01,2020-10-01,"157 Market St.  Yonkers, NY, 10710",Westchester,,N/A,Unforeseeable business circumstances prompted by COVID 19,94,26,26
"Legacy Recording, LLC dba Legacy Records",2020-03-18,2020-03-18,2020-03-18,"517 West 38th Street  New York, NY, 10018",New York,,N/A,Unforeseeable business circumstances prompted by COVID 19,"1,720",84,84
Legendary Auto Interiors,2020-03-30,2020-03-27,2020-03-27,"121 W Shore Blvd  Newark, NY, 14513",Wayne,,N/A,Unforeseeable business circumstances prompted by COVID 19,"1,279",57,57
Lehigh Cement Company LLC,2020-04-13,2020-04-13,2020-04-13,"313 Warren Street  Glens Falls, NY, 12801",Warren,,N/A,Unforeseeable business circumstances prompted by COVID 19,843,54,54
"LeNoble Lumber Co., Inc.",2020-03-20,2020-03-27,2020-03-27,"38-20 Review Avenue  Long Island City, NY, 11101",Queens,,N/A,Unforeseeable business circumstances prompted by COVID 19,"1,272",99,99
Leonard's Palazzo,2020-03-18,2020-04-15,2020-04-15,"555 Northern Blvd.  Great Neck, NY, 11021",Nassau,,N/A,Unforeseeable business circumstances prompted by COVID 19,796,218,218
Letgo Group B.V.,2020-06-30,2020-04-15,2020-04-15,"490 Broadway, 5th Floor  New York, NY, 10012",New York,,N/A,Economic,64,49,49
Levain Bakery and Engage PEO,2020-03-26,2020-03-27,2020-03-27,"33 East 33rd Street, Suite 1105  New York, NY, 10016",New York,,N/A,Unforeseeable business circumstances prompted by COVID 19,"1,250",53,53
"Levene Gouldin & Thompson, LLP",2020-03-13,2020-03-26,2020-03-26,"450 Plaza Drive  Vestal, NY, 13850",Broome,,N/A,Unforeseeable business circumstances prompted by COVID 19,"1,281",31,31
"Levi's Only Stores, Inc. (Levi Strauss & Co.) 495 Broadway",2020-04-13,2020-09-04,2020-09-04,"495 Broadway  New York, NY, 10012",New York,,N/A,Unforeseeable business circumstances prompted by COVID 19,159,55,55
"Levi's Only Stores, Inc. (Levi Strauss & Co.) 1535 Broadway",2020-04-13,2020-09-04,2020-09-04,"1535 Broadway  New York, NY, 10036",New York,,N/A,Unforeseeable business circumstances prompted by COVID 19,160,118,118
Levy Premium Foodservice Limited Partnership (at Jacob K. Javits Convention Center),2020-08-01,2020-06-24,2020-06-24,"429 11th Avenue  New York, NY, 10001",New York,,N/A,Unforeseeable business circumstances prompted by COVID 19,374,198,198
LEX 159 BAKERY LLC dba PENELOPE,2020-03-16,2020-03-16,2020-03-16,"159 Lexington Ave  New York, NY, 10016",New York,,N/A,Unforeseeable business circumstances prompted by COVID 19,"1,807",23,23
"Lexington Project Managers, LLC dba Lexington Brass",2020-03-16,2020-03-16,2020-03-16,"517 Lexington Ave.  New York, NY, 10017",New York,,N/A,Unforeseeable business circumstances prompted by COVID 19,"1,808",89,89
"Lexus of Queens - Manhattan Luxury Automobiles, Inc.",2020-03-25,2020-04-13,2020-04-13,"40-40 Northern Blvd.  Long Island City, NY, 11101",Queens,,N/A,Unforeseeable business circumstances prompted by COVID 19,841,82,82
"LH Employment Services, LLC",2020-05-01,2020-05-01,2020-05-01,"(4 NYC sites)  New York, NY, 10001",New York,,N/A,Unforeseeable business circumstances prompted by COVID 19,624,274,274
"Lincoln Center for the Performing Arts, Inc.",2020-03-12,2020-06-30,2020-06-30,"70 Lincoln Center Plaza  New York, NY, 10023",New York,,N/A,Unforeseeable business circumstances prompted by COVID 19,341,200,200
Little Wisco LLC dba Fedora,2020-03-15,2020-03-19,2020-03-19,"239 West 4th Street  New York, NY, 10014",New York,,N/A,Unforeseeable business circumstances prompted by COVID 19,"1,657",18,18
Livanos Restaurant Inc. d/b/a City Limits Diner,2020-03-16,2020-03-16,2020-03-16,"200 Central Avenue  White Plains, NY, 10606",Westchester,,N/A,Unforeseeable business circumstances prompted by COVID 19,"1,829",100,100
"Live Nation Entertainment, Inc.",2020-05-01,2020-09-01,2020-09-01,"430 W. 15th Street  New York, NY, 10011",New York,,N/A,Unforeseeable business circumstances prompted by COVID 19,171,133,133
LM Restaurant Group LLC aka SideBAR,2020-03-16,2020-03-17,2020-03-17,"118 E 15th Street  New York, NY, 10003",New York,,N/A,Unforeseeable business circumstances prompted by COVID 19,"1,755",76,76
"Lobster Place, Inc. (3 sites)",2020-03-20,2020-03-18,2020-03-18,"3 NYC locations  New York/Bronx, NY, 10011",New York,,N/A,Unforeseeable business circumstances prompted by COVID 19,"1,721",246,246
"Local Media Group, Inc. dba Times Herald-Record",2020-05-10,2020-02-06,2020-02-06,"20 Smith Road  Middletown, NY, 10941",Orange,,N/A,Economic,117,94,94
Loews Regency New York Hotel,2020-03-28,2020-03-27,2020-03-27,"540 Park Avenue  New York, NY, 10065",New York,,N/A,Unforeseeable business circumstances prompted by COVID 19,"1,251",285,285
Long Island Custom Windows LLC dba Renewal by Anderson of Long Island (Call Center),2020-04-29,2020-01-30,2020-01-30,"2029 New Highway  Farmingdale, NY, 11735",Nassau,,N/A,Economic,131,35,35
Lotte New York Palace Hotel,2020-03-23,2020-03-19,2020-03-19,"455 Madison Avenue  New York, NY, 10022",New York,,N/A,Unforeseeable business circumstances prompted by COVID 19,"1,658",335,335
"Louis Christopher Management, LLC (multiple sites)",2020-03-17,2020-03-25,2020-03-25,"457 Court Street  Brooklyn, NY, 11231",Kings,,N/A,Unforeseeable business circumstances prompted by COVID 19,"1,349",118,118
Lovin Oven Catering of Suffolk LLC,2020-03-22,2020-03-18,2020-03-18,"640 Johnson Avenue, Suite 103  Bohemia, NY, 11716",Suffolk,,N/A,Unforeseeable business circumstances prompted by COVID 19,"1,737",124,124
Lower East Side Tenement Museum,2020-03-13,2020-07-22,2020-07-22,"103 Orchard St.  New York, NY, 10002",New York,,N/A,Unforeseeable business circumstances prompted by COVID 19,280,76,76
"LTF Club Management Company, LLC (Life Time Chappaqua)",2020-03-30,2020-08-10,2020-08-10,"480 N. Bedford Road  Chappaqua, NY, 10514",Westchester,,N/A,Unforeseeable business circumstances prompted by COVID 19,239,131,131
"LTF Club Management Company, LLC (Life Time Garden City)",2020-03-30,2020-08-10,2020-08-10,"750 Zeckendorf Blvd.  Town of Hempstead, NY, 11530",Nassau,,N/A,Unforeseeable business circumstances prompted by COVID 19,234,219,219
"LTF Club Management Company, LLC (Life Time Sky Manhattan)",2020-03-30,2020-08-10,2020-08-10,"605 W. 42nd St.  New York, NY, 10036",New York,,N/A,Unforeseeable business circumstances prompted by COVID 19,237,129,129
"LTF Club Management Company, LLC (Life Time Syosset)",2020-03-30,2020-08-10,2020-08-10,"350 Robbins Lane  Syosset, NY, 11791",Nassau,,N/A,Unforeseeable business circumstances prompted by COVID 19,235,312,312
"LTF Club Management Company, LLC (Life Time Westchester) (Harrison)",2020-03-30,2020-08-10,2020-08-10,"1 Westchester Park Drive  Harrison, NY, 10604",Westchester,,N/A,Unforeseeable business circumstances prompted by COVID 19,240,308,308
"Lucky 13 Associates, LLC dba Catch New York",2020-03-16,2020-03-16,2020-03-16,"21 Ninth Ave  New York, NY, 10014",New York,,N/A,Unforeseeable business circumstances prompted by COVID 19,"1,809",379,379
Lucky Riceburger Ltd. dba Curry-Ya,2020-03-20,2020-03-25,2020-03-25,"746 9th Ave.  New York, NY, 10019",New York,,N/A,Unforeseeable business circumstances prompted by COVID 19,"1,388",9,9
Lucy Kitchen LLC d/b/a abc v,2020-03-15,2020-03-23,2020-03-23,"38 East 19th Street  New York, NY, 10003",New York,,N/A,Unforeseeable business circumstances prompted by COVID 19,"1,501",177,177
Ludlow Hotel Operating LLC,2020-03-18,2020-03-23,2020-03-23,"180 Ludlow Street  New York, NY, 10002",New York,,N/A,Unforeseeable business circumstances prompted by COVID 19,"1,502",70,70
Lupa Osteria Romana,2020-03-16,2020-03-18,2020-03-18,"170 Thompson Street  New York, NY, 10012",New York,,N/A,Unforeseeable business circumstances prompted by COVID 19,"1,722",46,46
LURE FISHBAR,2020-03-15,2020-03-15,2020-03-15,"142 Mercer Street  New York, NY, 10012",New York,,N/A,Unforeseeable business circumstances prompted by COVID 19,"1,839",136,136
Luxe Life Hotel,2020-03-22,2020-03-20,2020-03-20,"19th West 31st Street  New York, NY, 10001",New York,,N/A,Unforeseeable business circumstances prompted by COVID 19,"1,587",15,15
"Lyft, Inc.",2020-05-08,2020-04-29,2020-04-29,"441 9th Avenue, Floor 2  New York, NY, 10001",New York,,N/A,Unforeseeable business circumstances prompted by COVID 19,638,53,53
M&T Bank (Long Island),2020-05-08,2020-02-04,2020-02-04,"Long Island  - 12 branches  New York, NY, 11530",Nassau,,N/A,Restructure of the New York Metro market,2,17,17
M&T Bank (Mid-Hudson),2020-05-08,2020-02-04,2020-02-04,"	Mid-Hudson -18 branches  New City, NY, 10977",Rockland,,N/A,Restructure of the New York Metro market,5,46,46
M&T Bank (NYC),2020-05-08,2020-02-04,2020-02-04,"NYC  - 17 branches  New York, NY, 10036",New York,,N/A,Restructure of the New York Metro market,3,28,28
M&T Bank (Staten Island),2020-05-08,2020-02-04,2020-02-04,"2212 Hylan Boulevard  Staten Island, NY, 10306",Richmond,,N/A,Restructure of the New York Metro market,4,4,4
Macdougal Restaurant dba Off The Wagon,2020-03-16,2020-04-17,2020-04-17,"109 Macdougal Street  New York, NY, 10012",New York,,N/A,Unforeseeable business circumstances prompted by COVID 19,759,25,25
Macro Retailing LLC dba Super Shoes (Mohawk Valley),2020-03-20,2020-03-31,2020-03-31,"230 Amsterdam Commons  Amsterdam, NY, 12010",Oneida,,N/A,Unforeseeable business circumstances prompted by COVID 19,"1,138",15,15
"Macy's (11 Penn Plaza New York, NY 10001)",2020-06-30,2020-06-25,2020-06-25,"11 Penn Plaza  New York, NY, 10001",New York,,N/A,Unforeseeable business circumstances prompted by COVID 19,360,184,184
"Macy's (112 W. 34th St. New York, NY 10001)",2020-06-30,2020-06-25,2020-06-25,"112 W. 34th Street  New York, NY, 10001",New York,,N/A,Unforeseeable business circumstances prompted by COVID 19,361,75,75
"Macy's (151 W. 34th St. New York, NY 10001)",2020-06-30,2020-06-25,2020-06-25,"151 W. 34th Street  New York, NY, 10001",New York,,N/A,Unforeseeable business circumstances prompted by COVID 19,362,56,56
"Macy's (529 West 20th Street New York, NY, 10011)",2020-06-30,2020-06-25,2020-06-25,"529 West 20th Street  New York, NY, 10011",New York,,N/A,Unforeseeable business circumstances prompted by COVID 19,363,28,28
"Macy's (1440 Broadway New York, NY 10001)",2020-06-30,2020-06-25,2020-06-25,"1440 Broadway  New York, NY, 10001",New York,,N/A,Unforeseeable business circumstances prompted by COVID 19,364,146,146
"Macy's Broadway Mall Store (Macy's Retail Holdings, Inc.)",2020-04-06,2020-01-06,2020-01-06,"100 Broadway Mall  Hicksville, NY, 11801",Nassau,,N/A,Economic,167,155,155
"Macy's Commack Shopping Center Store (Macy's Retail Holdings, Inc.)",2020-06-16,2020-01-06,2020-01-06,"2 Veterans Memorial Highway  Commack, NY, 11725",Suffolk,,N/A,Economic,168,127,127
Macy's Inc. (Herald Square store employees),2020-06-30,2020-10-07,2020-10-07,"151 West 34th Street  New York, NY, 10001",New York,,N/A,Unforeseeable business circumstances prompted by COVID 19,67,500,500
Macy's Inc. (NYC Corporate Office) 20th Street,2020-05-05,2020-02-04,2020-02-04,"529 West 20th Street  New York, NY, 10011",New York,,N/A,Economic,122,1,1
Macy's Inc. (NYC Corporate Office) 34th Street,2020-05-05,2020-02-04,2020-02-04,"151 West 34th Street  New York, NY, 10001",New York,,N/A,Economic,123,154,154
Macy's Inc. (NYC Corporate Office) 112 West 34th Street,2020-05-05,2020-02-04,2020-02-04,"112 West 34th Street  New York, NY, 10120",New York,,N/A,Economic,124,30,30
Macy's Inc. (NYC Corporate Office) 1440 Broadway,2020-05-05,2020-02-04,2020-02-04,"	1440 Broadway  New York, NY, 10018",New York,,N/A,Economic,125,92,92
Macy's Inc. (NYC Corporate Office) Penn Plaza,2020-05-05,2020-02-04,2020-02-04,"11 Penn Plaza  New York, NY, 10001",New York,,N/A,Economic,126,206,206
Madame Tussaud's New York LLC,2020-04-05,2020-07-29,2020-07-29,"234 W. 42nd St.  New York, NY, 10036",New York,,N/A,Unforeseeable business circumstances prompted by COVID 19,263,136,136
Madison Entertainment Associates LLC dba LAVO NY,2020-03-23,2020-03-31,2020-03-31,"38 East 58th Street  New York, NY, 10022",New York,,N/A,Unforeseeable business circumstances prompted by COVID 19,"1,117",185,185
Madison Entertainment Associates LLC dba LAVO NY (NYC),2020-08-10,2020-08-11,2020-08-11,"39 East 58th Street  New York, NY, 10022",New York,,N/A,Unforeseeable business circumstances prompted by COVID 19,229,2,2
"Madison Park Acquisitions, LLC DBA Black Barn Restaurant",2020-03-10,2020-03-14,2020-03-14,"19 E 26th Street  New York, NY, 10009",New York,,N/A,Unforeseeable business circumstances prompted by COVID 19,"1,845",88,88
"Madison Park Acquisitions, LLC dba Black Barn Restaurant",2020-10-12,2020-10-14,2020-10-14,"19 E. 26th Street  New York, NY, 10009",New York,,N/A,Unforeseeable business circumstances prompted by COVID 19,59,85,85
"Madison Restaurant, LLC dba Kappo Masa",2020-03-16,2020-03-21,2020-03-21,"976 Madison Ave.  New York, NY, 10075",New York,,N/A,Unforeseeable business circumstances prompted by COVID 19,"1,542",66,66
"Maggy London International, Ltd.",2020-03-31,2020-03-30,2020-03-30,"225 West 37th Street, 7th Floor  New York, NY, 10018",New York,,N/A,Unforeseeable business circumstances prompted by COVID 19,"1,180",41,41
"Maison Kayser, LLC",2020-03-12,2020-03-19,2020-03-19,"16 New York City locations  New York, NY, 10019",New York,,N/A,Unforeseeable business circumstances prompted by COVID 19,"1,659",689,689
Major Dough Soho 463 LLC,2020-03-16,2020-04-08,2020-04-08,"463 W Broadway  New York, NY, 10012",New York,,N/A,Unforeseeable business circumstances prompted by COVID 19,904,68,68
Major Food Group (MFG) 375 Park Food LLC,2020-03-16,2020-03-29,2020-03-29,"99 East 52nd Street  New York, NY, 10022",New York,,N/A,Unforeseeable business circumstances prompted by COVID 19,"1,209",176,176
Major Food Group (MFG) - Parm Battery Park LLC,2020-03-15,2020-03-29,2020-03-29,"250 Vesey St.  New York, NY, 10080",New York,,N/A,Unforeseeable business circumstances prompted by COVID 19,"1,210",52,52
Major Food Group (MFG) dba Parm Upper West LLC,2020-03-15,2020-03-29,2020-03-29,"235 Columbus Ave.  New York, NY, 10023",New York,,N/A,Unforeseeable business circumstances prompted by COVID 19,"1,211",48,48
Major Food Group (MFG) Highline Restaurant LLC,2020-03-16,2020-03-29,2020-03-29,"820 Washington Street  New York, NY, 10014",New York,,N/A,Unforeseeable business circumstances prompted by COVID 19,"1,212",73,73
"Major Food Group (MFG) Ludlow Hotel Food & Beverage, LLC",2020-03-15,2020-03-29,2020-03-29,"180 Ludlow Street  New York, NY, 10002",New York,,N/A,Unforeseeable business circumstances prompted by COVID 19,"1,213",81,81
Man-Dell Food Stores dba Key Food,2020-10-10,2020-07-07,2020-07-07,"22-15 31st Street  Astoria, NY, 11105",Queens,,N/A,Lease Expiration,1,151,151
"Managed by Q, LLC (formerly a WeWork Management LLC and WeCo. Inc. subsidiary)",2020-06-02,2020-03-04,2020-03-04,"233 Spring Street  New York, NY, 10013",New York,,N/A,Economic,97,79,79
Mandarin Oriental New York City Hotel,2020-03-27,2020-03-26,2020-03-26,"80 Columbus Circle  New York, NY, 10023",New York,,N/A,Unforeseeable business circumstances prompted by COVID 19,"1,308",50,50
Manhasset Restaurant LLC dba Cipollini,2020-03-17,2020-03-17,2020-03-17,"2110 C Northern Blvd.  Manhasset, NY, 11030",Nassau,,N/A,Unforeseeable business circumstances prompted by COVID 19,"1,741",76,76
Manhasset Restaurant LLC dbaToku Modern Asian,2020-03-17,2020-03-17,2020-03-17,"2014 C Northern Blvd.  Manhasset, NY, 11548",Nassau,,N/A,Unforeseeable business circumstances prompted by COVID 19,"1,742",89,89
"Manhattan Luxury Automobiles, Inc.",2020-03-25,2020-04-13,2020-04-13,"627 11th Avenue  New York, NY, 10036",New York,,N/A,Unforeseeable business circumstances prompted by COVID 19,833,59,59
Manhattan Sheraton Corporation dba The St Regis New York,2020-03-14,2020-06-04,2020-06-04,"2 East 55 Street  New York, NY, 10022",New York,,N/A,Unforeseeable business circumstances prompted by COVID 19,507,549,549
Manhattan Theatre Club Inc.,2020-03-12,2020-06-18,2020-06-18,"2 NYC locations  New York, NY, ",New York,,N/A,Unforeseeable business circumstances prompted by COVID 19,397,44,44
Manhattan Times Square Hotel,2020-03-22,2020-06-12,2020-06-12,"790 7th Avenue  New York, NY, 10019",New York,,N/A,Unforeseeable business circumstances prompted by COVID 19,444,127,127
Maplebear Inc.dba Instacart (in-store operations across Fairway Market stores) - 50 2nd Ave,2020-03-11,2020-02-27,2020-02-27,"50 2nd Ave  New York, NY, 10003",New York,,N/A,Winding down its in store operations across Fairway Market stores in light of the retailer s recent bankruptcy filing and potential store closures,5,31,31
Maplebear Inc.dba Instacart (in-store operations across Fairway Market stores)  - 50 Manetto Hill Rd,2020-03-11,2020-02-27,2020-02-27,"50 Manetto Hill Rd  Plainview, NY, 11803",Nassau,,N/A,Winding down its in store operations across Fairway Market stores in light of the retailer s recent bankruptcy filing and potential store closures,3,22,22
Maplebear Inc.dba Instacart (in-store operations across Fairway Market stores)  - 240 East 86th St.,2020-03-11,2020-02-27,2020-02-27,"240 East 86th St.  New York, NY, 10028",New York,,N/A,Winding down its in store operations across Fairway Market stores in light of the retailer s recent bankruptcy filing and potential store closures,6,37,37
Maplebear Inc.dba Instacart (in-store operations across Fairway Market stores) - 242-02 61st Ave,2020-03-11,2020-02-27,2020-02-27,"242-02 61st Ave  Douglaston, NY, 11362",Queens,,N/A,Winding down its in store operations across Fairway Market stores in light of the retailer s recent bankruptcy filing and potential store closures,10,20,20
Maplebear Inc.dba Instacart (in-store operations across Fairway Market stores)  - 480-500 Van Brunt St,2020-03-11,2020-02-27,2020-02-27,"480-500 Van Brunt St  Brooklyn, NY, 11231",Kings,,N/A,Winding down its in store operations across Fairway Market stores in light of the retailer s recent bankruptcy filing and potential store closures,1,39,39
Maplebear Inc.dba Instacart (in-store operations across Fairway Market stores)  - 766 6th Ave,2020-03-11,2020-02-27,2020-02-27,"766 6th Ave  New York, NY, 10010",New York,,N/A,Winding down its in store operations across Fairway Market stores in light of the retailer s recent bankruptcy filing and potential store closures,7,43,43
Maplebear Inc.dba Instacart (in-store operations across Fairway Market stores) - 2131 Broadway,2020-03-11,2020-02-27,2020-02-27,"2131 Broadway  Broadway, NY, 10023",New York,,N/A,Winding down its in store operations across Fairway Market stores in light of the retailer s recent bankruptcy filing and potential store closures,8,46,46
Maplebear Inc.dba Instacart (in-store operations across Fairway Market stores)  - 2149 Ralph Ave,2020-03-11,2020-02-27,2020-02-27,"2149 Ralph Ave  Brooklyn, NY, 11234",Kings,,N/A,Winding down its in store operations across Fairway Market stores in light of the retailer s recent bankruptcy filing and potential store closures,2,27,27
Maplebear Inc.dba Instacart (in-store operations across Fairway Market stores)  - 2328 12th Ave,2020-03-11,2020-02-27,2020-02-27,"2328 12th Ave  New York, NY, 10027",New York,,N/A,Winding down its in store operations across Fairway Market stores in light of the retailer s recent bankruptcy filing and potential store closures,9,72,72
Maplebear Inc.dba Instacart (in-store operations across Fairway Market stores)  - Pelham Pkwy,2020-03-11,2020-02-27,2020-02-27,"847 Pelham Pkwy  Pelham, NY, 10803",Westchester,,N/A,Winding down its in store operations across Fairway Market stores in light of the retailer s recent bankruptcy filing and potential store closures,11,27,27
Maplebear Inc.dba Instacart (in-store operations across Fairway Market stores)-1258 Corporate Dr,2020-03-11,2020-02-27,2020-02-27,"1258 Corporate Dr.  Westbury, NY, 11590",Nassau,,N/A,Winding down its in store operations across Fairway Market stores in light of the retailer s recent bankruptcy filing and potential store closures,4,2,2
"Mark Former, M.D., P.C. and Mark Fromer LLC  6 NYC locations",2020-03-19,2020-03-26,2020-03-26,"500 Park Avenue  New York, NY, 10065",New York,,N/A,Unforeseeable business circumstances prompted by COVID 19,"1,309",105,105
Marlinspike Hall LLC dba The Jones,2020-03-15,2020-03-19,2020-03-19,"54 Great Jones Street  New York, NY, 10012",New York,,N/A,Unforeseeable business circumstances prompted by COVID 19,"1,660",21,21
"Marlton Hotel Operating, LLC",2020-03-18,2020-03-19,2020-03-19,"5 West 8th St.  New York, NY, 10011",New York,,N/A,Unforeseeable business circumstances prompted by COVID 19,"1,661",97,97
"Marriott Hotel Services, Inc. d/b/a Westchester Marriott",2020-03-21,2020-06-02,2020-06-02,"670 White Plains Road  Tarrytown, NY, 10591",Westchester,,N/A,Unforeseeable business circumstances prompted by COVID 19,519,173,173
"Marriott Hotel Services, Inc. dba JW Marriott Essex House New York",2020-03-21,2020-06-08,2020-06-08,"160 Central Park South  New York, NY, 10019",New York,,N/A,Unforeseeable business circumstances prompted by COVID 19,484,411,411
"Marriott Hotel Services, Inc. dba Long Island Marriott Hotel and Conference Center (Uniondale)",2020-04-24,2020-04-10,2020-04-10,"101 James Doolittle Blvd.  Uniondale, NY, 11553",Nassau,,N/A,Unforeseeable business circumstances prompted by COVID 19,855,211,211
"Marriott Hotel Services, Inc. dba New York Marriott at the Brooklyn Bridge (Adams St",2020-03-14,2020-06-04,2020-06-04,"333 Adams Street  Brooklyn, NY, 11201",Kings,,N/A,Unforeseeable business circumstances prompted by COVID 19,503,277,277
"Marriott Hotel Services, Inc. dba New York Marriott East Side",2020-08-03,2020-05-05,2020-05-05,"525 Lexington Avenue  New York, NY, 10017",New York,,N/A,Unforeseeable business circumstances prompted by COVID 19,610,316,316
"Marriott Hotel Services, Inc. dba Times Square EDITION",2020-03-21,2020-05-13,2020-05-13,"701 7th Avenue  New York, NY, 10036",New York,,N/A,Unforeseeable business circumstances prompted by COVID 19,585,210,210
"Marriott International, Inc. d/b/a New York Marriott Marquis",2020-03-21,2020-06-01,2020-06-01,"1535 Broadway  New York, NY, 10036",New York,,N/A,Unforeseeable business circumstances prompted by COVID 19,523,"1,265","1,265"
"Marriott International, Inc. dba New York Marriott Downtown",2020-03-21,2020-06-04,2020-06-04,"85 West Street  New York, NY, 10006",New York,,N/A,Unforeseeable business circumstances prompted by COVID 19,508,"1,265","1,265"
"Marriott International, Inc. dba The Algonquin Hotel Times Square, Autograph Collection (59 West 44th Street)",2020-03-21,2020-06-02,2020-06-02,"59 West 44th Street  New York, NY, 10036",New York,,N/A,Unforeseeable business circumstances prompted by COVID 19,517,130,130
"Marriott Ownership Resorts, Inc.",2020-12-11,2020-09-02,2020-09-02,"1010 Ave of the Americas, 2nd Floor  New York, NY, 10018",New York,,N/A,Unforeseeable business circumstances prompted by COVID 19,169,58,58
"Marriott Resorts Hospitality Corporation dba Marriott Vacation Club Pulse, New York",2020-03-28,2020-03-23,2020-03-23,"33 West 37th Street  New York, NY, 10018",New York,,N/A,Unforeseeable business circumstances prompted by COVID 19,"1,503",93,93
Marriott Vacation Worldwide,2020-03-21,2020-03-23,2020-03-23,"1010 Avenue of Americas, 2nd Floor  New York, NY, 10018",New York,,N/A,Unforeseeable business circumstances prompted by COVID 19,"1,504",84,84
"Martinique New York on Broadway, Curio Collection by Hilton Hotel",2020-03-18,2020-03-31,2020-03-31,"49 West 32nd Street  New York, NY, 10001",New York,,N/A,Unforeseeable business circumstances prompted by COVID 19,"1,118",123,123
"Maryhaven Center of Hope Inc. (Children's Residential Program, Boy's Dormitory, Young Men's Dormitory, Center Dormitory and CRP House A and C - Port Jefferson)",2021-02-21,2020-05-26,2020-05-26,"450 Myrtle Avenue  Port Jefferson, NY, 11777",Suffolk,,N/A,Economic,46,34,34
"Masa NY, LLC dba Masa and Bar Masa",2020-03-16,2020-03-21,2020-03-21,"10 Columbus Circle  New York, NY, 10019",New York,,N/A,Unforeseeable business circumstances prompted by COVID 19,"1,543",58,58
"Maximus, Inc. (at U.S. Census Bureau)",2020-10-31,2020-08-03,2020-08-03,"1540 Broadway, 35th Floor  New York, NY, 10036",New York,,N/A,Contract completion,1,221,221
Mayrich Construction Corp.,2020-03-30,2020-03-30,2020-03-30,"1141 Oak Point Avenue  Bronx, NY, 10474",Bronx,,N/A,Unforeseeable business circumstances prompted by COVID 19,"1,146",16,16
Mayrich Equipment Corp.,2020-03-30,2020-03-30,2020-03-30,"1141 Oak Point Avenue  Bronx, NY, 10474",Bronx,,N/A,Unforeseeable business circumstances prompted by COVID 19,"1,147",19,19
Mayrich Foundation Company LLC,2020-03-30,2020-03-30,2020-03-30,"1141 Oak Point Avenue  Bronx, NY, 10474",New York,,N/A,Unforeseeable business circumstances prompted by COVID 19,"1,181",11,11
MBRP Restaurant Inc. (The Stumble Inn),2020-03-16,2020-04-17,2020-04-17,"1454 2nd Avenue  New York, NY, 10021",New York,,N/A,Unforeseeable business circumstances prompted by COVID 19,760,89,89
"MC Apple, LLC",2020-03-17,2020-03-25,2020-03-25,"1776 Eastchester Road  Bronx, NY, 10461",Bronx,,N/A,Unforeseeable business circumstances prompted by COVID 19,"1,337",21,21
McCormick & Schmick Restaurant Corp. dba Mastro's Steakhouse - New York,2020-04-08,2020-04-08,2020-04-08,"1285 Avenue of the Americas  New York, NY, 10019",New York,,N/A,Unforeseeable business circumstances prompted by COVID 19,905,120,120
"McDonnell and McMann Pediatric Dentistry, PLLC dba The Smile Lodge",2020-03-23,2020-03-23,2020-03-23,"713 Pierce Road  Clifton Park, NY, 12065",Saratoga,,N/A,Unforeseeable business circumstances prompted by COVID 19,"1,528",108,108
"McVeigh Global Meeting and Events, LLC",2020-03-30,2020-03-29,2020-03-29,"275 Dixon Avenue  Amityville, NY, 11701",Suffolk,,N/A,Unforeseeable business circumstances prompted by COVID 19,"1,214",53,53
Mean Girls Broadway LLC (Mean Girls at The August Wilson Theatre),2020-03-12,2020-06-16,2020-06-16,"245 W 52nd Street  New York, NY, 10019",New York,,N/A,Unforeseeable business circumstances prompted by COVID 19,419,97,97
"Mean Girls National Tour LLC (Mean Girls) (1501 Broadway, NYC)",2020-03-12,2020-06-16,2020-06-16,"1501 Broadway, Suite 1614  New York, NY, 10036",New York,,N/A,Unforeseeable business circumstances prompted by COVID 19,420,67,67
Medallion Hotel Corporation and Urgo Hotels & Resorts (Ithaca Marriott),2020-12-17,2020-09-17,2020-09-17,"120 South Aurora Street  Ithaca, NY, 14850",Tompkins,,N/A,Unforeseeable business circumstances prompted by COVID 19,128,41,41
Medusa Greek Taverna,2020-03-17,2020-03-23,2020-03-23,"133 Fifth Ave.  Brooklyn, NY, 11217",Kings,,N/A,Unforeseeable business circumstances prompted by COVID 19,"1,481",21,21
Mela Hotel,2020-03-15,2020-06-08,2020-06-08,"120 W 44th Street  New York, NY, 10036",New York,,N/A,Unforeseeable business circumstances prompted by COVID 19,485,59,59
Melville Steakhouse LLC dba Blackstone Steakhouse,2020-03-26,2020-03-25,2020-03-25,"10 Pinelawn Road  Melville, NY, 11747",Suffolk,,N/A,Unforeseeable business circumstances prompted by COVID 19,"1,412",123,123
Mercedes-Benz of Rockville Center,2020-03-23,2020-03-25,2020-03-25,"650 Sunrise Highway  Rockville Centre, NY, 11570",Suffolk,,N/A,Unforeseeable business circumstances prompted by COVID 19,"1,413",40,40
Mercer 1 LLC dba The Mercer Hotel,2020-03-19,2020-03-19,2020-03-19,"147 Mercer St.  New York, NY, 10012",New York,,N/A,Unforeseeable business circumstances prompted by COVID 19,"1,662",33,33
Mercer Kitchen LLC d/b/a Mercer Kitchen,2020-03-15,2020-03-23,2020-03-23,"99 Prince St.  New York, NY, 10012",Kings,,N/A,Unforeseeable business circumstances prompted by COVID 19,"1,482",170,170
Mercer Street Hospitality LLC,2020-03-15,2020-03-15,2020-03-15,"142 Mercer Street  New York, NY, 10012",New York,,N/A,Unforeseeable business circumstances prompted by COVID 19,"1,840",3,3
"Mermaid 88, LLC dba The Mermaid Inn, Upper West Side",2020-03-15,2020-03-16,2020-03-16,"570 Amsterdam Ave  New York, NY, 10024",New York,,N/A,Unforeseeable business circumstances prompted by COVID 19,"1,810",72,72
"Mermaid Chelsea, LLC dba The Mermaid Inn",2020-03-15,2020-03-16,2020-03-16,"227 10th Ave  New York, NY, 10011",New York,,N/A,Unforeseeable business circumstances prompted by COVID 19,"1,811",41,41
"Merritt Hospitality, LLC (at the Courtyard Manhattan-Midtown East",2020-04-26,2020-05-21,2020-05-21,"866 3rd Ave  New York, NY, 10022",New York,,N/A,Unforeseeable business circumstances prompted by COVID 19,555,65,65
"Merritt Hospitality, LLC (at the Hilton Garden Inn Chelsea",2020-03-08,2020-05-22,2020-05-22,"121 W. 28th Street  New York, NY, 10001",New York,,N/A,Unforeseeable business circumstances prompted by COVID 19,552,27,27
"Merritt Hospitality, LLC (at the Le Meridien Central Park New York",2020-03-30,2020-05-27,2020-05-27,"120 W. 57th Street  New York, NY, 10019",New York,,N/A,Unforeseeable business circumstances prompted by COVID 19,541,65,65
"Merritt Hospitality, LLC (at the Westin Grand Central Hotel)",2020-03-27,2020-05-27,2020-05-27,"212 E. 42nd Street  New York, NY, 10017",New York,,N/A,Unforeseeable business circumstances prompted by COVID 19,542,388,388
Metro Chrysler Plymouth Inc. dba Star Chrysler Dodge Jeep Ram SRT Fiat,2020-04-03,2020-04-03,2020-04-03,"211-10 Jamaica Ave  Queens Village, NY, 11429",Queens,,N/A,Unforeseeable business circumstances prompted by COVID 19,996,55,55
Metropolitan Club (NYC),2020-03-09,2020-10-28,2020-10-28,"1 E. 60th Street  New York, NY, 10022",New York,,N/A,Unforeseeable business circumstances prompted by COVID 19,51,98,98
Metropolitan Lumber and Hardware (4 NYC sites),2020-10-08,2020-10-05,2020-10-05,"4 NYC locations  New York, NY, ",New York,,N/A,Unforeseeable business circumstances prompted by COVID 19,72,60,60
"Metropolitan Opera Association, Inc. (Metropolitan Opera House)",2020-03-12,2020-06-01,2020-06-01,"30 Lincoln Center  New York, NY, 10023",New York,,N/A,Unforeseeable business circumstances prompted by COVID 19,524,"2,279","2,279"
MEXAMENT LLC dba MEXAMENT,2020-03-17,2020-03-17,2020-03-17,"104 East 121st St.  New York, NY, 10035",New York,,N/A,Unforeseeable business circumstances prompted by COVID 19,"1,756",13,13
MEXCHESTER LLC dba BLOCKHEADS BURRITOS,2020-03-17,2020-03-17,2020-03-17,"60 Third Ave  New York, NY, 10003",New York,,N/A,Unforeseeable business circumstances prompted by COVID 19,"1,757",27,27
MFPJJRT Enterprises Inc. dba Anthony's Pier 9,2020-03-16,2020-03-23,2020-03-23,"2975 Route 9W  New Windsor, NY, 12553",Orange,,N/A,Unforeseeable business circumstances prompted by COVID 19,"1,516",100,100
"MGM Resorts Satellite, LLC",2020-03-02,2020-05-12,2020-05-12,"35-24 169th St.  Flushing, NY, 11358",Queens,,N/A,Unforeseeable business circumstances prompted by COVID 19,589,1,1
"MGM Yonkers, Inc. d/b/a Empire City Casino",2020-03-01,2020-05-06,2020-05-06,"810 Yonkers Avenue  Yonkers, NY, 10704",Westchester,,N/A,Unforeseeable business circumstances prompted by COVID 19,606,890,890
Michael Cetta Inc. dba Sparks Steak House,2020-03-28,2020-05-04,2020-05-04,"210 East 46th Street  New York, NY, 10017",New York,,N/A,Unforeseeable business circumstances prompted by COVID 19,615,71,71
Michael Page International Inc.,2020-04-08,2020-04-08,2020-04-08,"622 Third Avenue, 29th Floor  New York, NY, 10017",New York,,N/A,Unforeseeable business circumstances prompted by COVID 19,906,344,344
Michelangelo Hotel,2020-03-28,2020-05-20,2020-05-20,"152 West 51 Street  New York, NY, 10019",New York,,N/A,Unforeseeable business circumstances prompted by COVID 19,558,104,104
"Mid Rockland Imaging Partners, Inc.",2020-03-24,2020-04-03,2020-04-03,"(Several sites in Long Island)  Bayshore, NY, 11706",Suffolk,,N/A,Unforeseeable business circumstances prompted by COVID 19,"1,008",189,189
"Mid Rockland Imaging Partners, Inc.",2020-03-24,2020-05-05,2020-05-05,"(Several sites in Mid-Hudson)  New York, NY, 10011",Westchester,,N/A,Unforeseeable business circumstances prompted by COVID 19,611,22,22
"Mid Rockland Imaging Partners, Inc.",2020-03-24,2020-04-03,2020-04-03,"(Several sites in NYC)  New York, NY, 10011",New York,,N/A,Unforeseeable business circumstances prompted by COVID 19,989,592,592
"Mid Rockland Imaging Partners, Inc.",2020-03-24,2020-03-24,2020-03-24,"Several Hudson Valley Region  Sites  New City, NY, 10956",Rockland,,N/A,Unforeseeable business circumstances prompted by COVID 19,"1,461",85,85
"Mid Rockland Imaging Partners, Inc.",2020-03-24,2020-03-24,2020-03-24,"Several Long Island Sites  East Islip, NY, 11730",Suffolk,,N/A,Unforeseeable business circumstances prompted by COVID 19,"1,464",90,90
"Mid Rockland Imaging Partners, Inc.",2020-03-24,2020-03-24,2020-03-24,"Several NYC sites  New York, NY, 11203",New York,,N/A,Unforeseeable business circumstances prompted by COVID 19,"1,441",545,545
"Mid Rockland Imaging Partners, Inc. (Long Island)",2020-03-25,2020-04-10,2020-04-10,"11 Long Island Locations  Nassau,Suffolk, NY, ",Nassau,,N/A,Unforeseeable business circumstances prompted by COVID 19,856,16,16
"Mid Rockland Imaging Partners, Inc. (NYC)",2020-03-25,2020-04-10,2020-04-10,"  Bronx/Brooklyn/NY/Astoria/Elmhurst/Flushing, NY, ",Bronx,,N/A,Unforeseeable business circumstances prompted by COVID 19,849,66,66
"Mid-State Raceway, Inc. dba Vernon Downs Casino Hotel",2020-03-16,2020-07-13,2020-07-13,"4229 Stuhlman Road  Vernon, NY, 13476",Oneida,,N/A,Unforeseeable business circumstances prompted by COVID 19,305,301,301
Midsummer Theatricals LLC dba Stage 42,2020-03-12,2020-07-03,2020-07-03,"422 West 42nd Street  New York, NY, 10036",New York,,N/A,Unforeseeable business circumstances prompted by COVID 19,327,85,85
MIL LLC dba MOTHER BURGER,2020-03-17,2020-03-17,2020-03-17,"329 West 49th Street  New York, NY, 10019",New York,,N/A,Unforeseeable business circumstances prompted by COVID 19,"1,758",16,16
"Milgo Industrial, Inc.",2020-03-27,2020-04-07,2020-04-07,"68 Lombardy St.  Brooklyn, NY, 11222",Kings,,N/A,Unforeseeable business circumstances prompted by COVID 19,923,43,43
Millenium Medical Leasing LLC,2020-03-17,2020-03-20,2020-03-20,"54 Dott Avenue  Albany, NY, 12205",Albany,,N/A,Unforeseeable business circumstances prompted by COVID 19,"1,551",136,136
Millennium Broadway,2020-03-23,2020-06-19,2020-06-19,"145 W 44th Street  New York, NY, 10036",New York,,N/A,Unforeseeable business circumstances prompted by COVID 19,388,350,350
Millennium Hotel Buffalo,2020-03-17,2020-03-31,2020-03-31,"2040 Walden Ave.  Buffalo, NY, 14225",Erie,,N/A,Unforeseeable business circumstances prompted by COVID 19,"1,082",104,104
"Miller's Ale House, Inc. - Deer Park",2020-03-29,2020-04-06,2020-04-06,"1800 The Arches Circle  Deer Park, NY, 11729",Suffolk,,N/A,Unforeseeable business circumstances prompted by COVID 19,971,92,92
"Miller's Ale House, Inc. - Lake Grove",2020-03-29,2020-04-06,2020-04-06,"4000 Middle Country Road  Lake Grove, NY, 11755",Suffolk,,N/A,Unforeseeable business circumstances prompted by COVID 19,972,95,95
"Miller's Ale House, Inc. -Levittown",2020-03-29,2020-04-06,2020-04-06,"3046 Hempstead Tpke.  Levittown, NY, 11756",Nassau,,N/A,Unforeseeable business circumstances prompted by COVID 19,950,93,93
"Miller's Ale House, Inc.- Commack",2020-03-21,2020-04-06,2020-04-06,"88 Veteran's Memorial Hwy.  Commack, NY, 11725",Suffolk,,N/A,Unforeseeable business circumstances prompted by COVID 19,973,94,94
"Miller's Ale House, Inc.- Rego Park",2020-03-21,2020-04-06,2020-04-06,"6135 Junction Blvd.  Rego Park, NY, 11374",Queens,,N/A,Unforeseeable business circumstances prompted by COVID 19,967,70,70
Milos HY Inc. dba Estiatorio Milos (Hudson Yards),2020-03-17,2020-03-24,2020-03-24,"20 Hudson Yards, Fifth Floor, 500 W. 33rd Street  New York, NY, 10001",New York,,N/A,Unforeseeable business circumstances prompted by COVID 19,"1,442",132,132
Milos Inc. dba Estiatorio Milos (W 55th Street),2020-03-17,2020-03-24,2020-03-24,"125 W. 55th Street  New York, NY, 10019",New York,,N/A,Unforeseeable business circumstances prompted by COVID 19,"1,443",180,180
Minetta Lane L.P.  dba Minetta Tavern,2020-03-15,2020-08-20,2020-08-20,"113 MacDougal St.  New York, NY, 10012",New York,,N/A,Unforeseeable business circumstances prompted by COVID 19,196,93,93
Mirabi Inc. dba Down The Hatch,2020-03-16,2020-04-17,2020-04-17,"179-175 West 4th Street  New York, NY, 10014",New York,,N/A,Unforeseeable business circumstances prompted by COVID 19,761,19,19
Miti Miti Modern Mexican,2020-03-17,2020-03-23,2020-03-23,"138 Fifth Ave.  Brooklyn, NY, 11217",Kings,,N/A,Unforeseeable business circumstances prompted by COVID 19,"1,483",29,29
"MJ Mechanical Services, Inc.",2020-03-23,2020-04-15,2020-04-15,"95 Pirson Parkway  Tonawanda, NY, 14150",Erie,,N/A,Unforeseeable business circumstances prompted by COVID 19,793,44,44
"Modell's II, Inc. (Modell's Sporting Goods) Distribution Center",2020-04-02,2020-03-05,2020-03-05,"1780 Eastchester Rd.   Bronx, NY, 10461",Bronx,,N/A,Economic,90,197,197
"Modell's II, Inc. (Modell's Sporting Goods) Long Island Retail Stores",2020-04-02,2020-03-05,2020-03-05,"Long Island Retail Stores  Nassau, NY, ",Nassau,,N/A,Economic,93,309,309
"Modell's II, Inc. (Modell's Sporting Goods) Mid-Hudson Retail Stores",2020-04-02,2020-03-05,2020-03-05,"Mid-Hudson Retail Stores  Westchester, NY, ",Westchester,,N/A,Economic,96,172,172
"Modell's II, Inc. (Modell's Sporting Goods) New York City Retail Stores",2020-04-02,2020-03-05,2020-03-05,"New York City Retail Stores  New York, NY, ",New York,,N/A,Economic,94,787,787
"Modell's II, Inc. (Modell's Sporting Goods) Support Center",2020-04-02,2020-03-05,2020-03-05,"498 7th Ave., 20th Fl  New York, NY, 10018",New York,,N/A,Economic,95,141,141
Moderne Barn Armonk Inc. d/b/a Moderne Barn,2020-03-16,2020-03-16,2020-03-16,"430 Bedford Road  Armonk, NY, 10504",Westchester,,N/A,Unforeseeable business circumstances prompted by COVID 19,"1,830",54,54
"Moe Larry Cheese, LLC",2020-03-23,2020-03-25,2020-03-25,"138 Lafayette Street  New York, NY, 10013",New York,,N/A,Unforeseeable business circumstances prompted by COVID 19,"1,389",117,117
Momofuku (multiple locations),2020-03-14,2020-03-27,2020-03-27,"9 NYC locations  New York, NY, 10011",New York,,N/A,Unforeseeable business circumstances prompted by COVID 19,"1,252",331,331
Monroe County Automotive Services Inc. (5 locations),2020-03-22,2020-04-03,2020-04-03,"2440 W. Henrietta Road  Rochester, NY, 14623",Ontario,,N/A,Unforeseeable business circumstances prompted by COVID 19,994,129,129
Moose Goose Holding Inc. dba The Grey Dog (6th Avenue),2020-03-16,2020-04-08,2020-04-08,"776 6th Avenue  New York, NY, 10001",New York,,N/A,Unforeseeable business circumstances prompted by COVID 19,907,11,11
Moose Goose Holding Inc. dba The Grey Dog (Carmine Street),2020-03-16,2020-04-08,2020-04-08,"49 Carmine Street  New York, NY, 10014",New York,,N/A,Unforeseeable business circumstances prompted by COVID 19,908,32,32
Moose Goose Holding Inc. dba The Grey Dog (Mulberry Street),2020-03-16,2020-04-08,2020-04-08,"244 Mulberry Street  New York, NY, 10012",New York,,N/A,Unforeseeable business circumstances prompted by COVID 19,909,39,39
Moose Goose Holding Inc. dba The Grey Dog (University Place),2020-03-16,2020-04-08,2020-04-08,"90 University Place  New York, NY, 10003",New York,,N/A,Unforeseeable business circumstances prompted by COVID 19,910,31,31
Moose Goose Holding Inc. dba The Grey Dog (West 16th Street),2020-03-16,2020-04-08,2020-04-08,"242 West 16th Street  New York, NY, 10011",New York,,N/A,Unforeseeable business circumstances prompted by COVID 19,911,57,57
Morandi L.P. d/b/a Morandi,2020-03-16,2020-08-20,2020-08-20,"211 Waverly Place  New York, NY, 10014",New York,,N/A,Unforeseeable business circumstances prompted by COVID 19,197,106,106
"Morimoto NY Venture, L.P.",2020-05-10,2020-02-07,2020-02-07,"88 Tenth Avenue  New York, NY, 10011",New York,,N/A,Expiration of building lease,1,113,113
Morris Heights Health Center,2020-04-10,2020-04-08,2020-04-08,"85 W. Burnside Ave.  Bronx, NY, 10453",Bronx,,N/A,Unforeseeable business circumstances prompted by COVID 19,880,101,101
Morton's of Chicago/Fifth Ave. dba Morton's - New York,2020-04-08,2020-04-08,2020-04-08,"551 5th Avenue  New York, NY, 10176",New York,,N/A,Unforeseeable business circumstances prompted by COVID 19,912,69,69
"Mosaic Sales Solutions US Operating Co., LLC (at Samsung Store #837, Manhattan)",2020-09-19,2020-08-21,2020-08-21,"Samsung Store #83, 837 Washington Street  New York, NY, 10014",New York,,N/A,Unforeseeable business circumstances prompted by COVID 19 and contract termination by Samsung,2,45,45
Mount Sinai Beth Israel (Opioid Treatment Program),2020-12-18,2020-09-15,2020-09-15,"429-35 Second Avenue  New York, NY, 10010",New York,,N/A,Economic,22,70,70
Mozaic (Auburn),2020-03-31,2020-08-28,2020-08-28,"1521 Clark Street Road  Auburn, NY, 13021",Cayuga,,N/A,Unforeseeable business circumstances prompted by COVID 19,175,62,62
"Mozaic (Waterloo ,Penn Yan, & Seneca Falls)",2020-03-23,2020-08-28,2020-08-28,"1083 Waterloo-Geneva Road and 240 North Avenue  Waterloo/Penn Yan/Seneca Falls, NY, 13165",Seneca,,N/A,Unforeseeable business circumstances prompted by COVID 19,182,81,81
Mr. C Manager Seaport hotel,2020-03-16,2020-03-20,2020-03-20,"33 Peck Slip  New York, NY, 10038",New York,,N/A,Unforeseeable business circumstances prompted by COVID 19,"1,588",40,40
"Mr. Jonesing LP, dba ACME",2020-03-16,2020-03-23,2020-03-23,"9 Jones Street  New York, NY, 10012",New York,,N/A,Unforeseeable business circumstances prompted by COVID 19,"1,505",41,41
MRB Musical LLC (aka Moulin Rouge! The Musical) (2 NYC sites),2020-03-12,2020-06-16,2020-06-16,"Bespoke Theatricals & Lyric Theatre  New York, NY, ",New York,,N/A,Unforeseeable business circumstances prompted by COVID 19,421,122,122
"MSG Entertainment Group, LLC and its affiliates MSG Arena, LLC; and Radio City Productions LLC) (6 NYC sites)",2020-08-07,2020-08-04,2020-08-04,"6 NYC locations  New York, NY, ",New York,,N/A,Unforeseeable business circumstances prompted by COVID 19,249,"2,083","2,083"
"MSG Sports, LLC (2 Penn Plaza, NYC)",2020-08-07,2020-08-04,2020-08-04,"2 Penn Plaza  New York, NY, 10121",New York,,N/A,Unforeseeable business circumstances prompted by COVID 19,250,53,53
MUJI U.S.A.,2020-04-20,2020-04-16,2020-04-16,"10 NYC locations  Brooklyn/NY/Jamaica, NY, ",New York,,N/A,Unforeseeable business circumstances prompted by COVID 19,785,247,247
Munchkinland Productions LP (Wicked),2020-03-12,2020-06-16,2020-06-16,"420 West 45th Street, 2nd Floor  New York, NY, 10036",New York,,N/A,Unforeseeable business circumstances prompted by COVID 19,422,76,76
Museum of Jewish Heritage - A Living Memorial to the Holocaust,2020-07-17,2020-06-18,2020-06-18,"36 Battery Place  New York, NY, 10280",New York,,N/A,Unforeseeable business circumstances prompted by COVID 19,398,32,32
"MVW SSC, Inc.",2020-12-11,2020-09-02,2020-09-02,"1010 Ave of the Americas, 2nd Floor  New York, NY, 10018",New York,,N/A,Unforeseeable business circumstances prompted by COVID 19,170,1,1
"Nassau Event Operations (ASM Global) at NYCB Live (AEG Management Nassau, LLC)",2020-06-30,2020-06-19,2020-06-19,"1255 Hempstead Tpke  Uniondale, NY, 11553",Nassau,,N/A,Unforeseeable business circumstances prompted by COVID 19,384,"1,419","1,419"
National Express (Rochester),2020-03-16,2020-11-20,2020-11-20,"970 Emerson Street  Rochester, NY, 14606",Monroe,,N/A,Unforeseeable business circumstances prompted by COVID 19,31,356,356
National Express (Syracuse),2020-03-16,2020-11-23,2020-11-23,"6730 Pickard Drive  Syracuse, NY, 13211",Onondaga,,N/A,Unforeseeable business circumstances prompted by COVID 19,30,87,87
National September 11 Memorial & Museum,2020-06-30,2020-06-18,2020-06-18,"2 NYC locations  New York, NY, ",New York,,N/A,Unforeseeable business circumstances prompted by COVID 19,399,199,199
"Nationwide Court Services, Inc. (Long Island)",2020-04-16,2020-03-27,2020-03-27,"2 Long Island locations  Ronkonkoma/Carle Place, NY, ",Suffolk,,N/A,Unforeseeable business circumstances prompted by COVID 19,"1,277",68,68
"Nationwide Court Services, Inc. (NYC)",2020-04-16,2020-03-27,2020-03-27,"20 Vesey St.  Manhattan, NY, 10007",New York,,N/A,Unforeseeable business circumstances prompted by COVID 19,"1,253",90,90
"NAYA Commissary, LLC",2020-03-17,2020-03-17,2020-03-17,"1735 Park Avenue  New York, NY, 10035",New York,,N/A,Unforeseeable business circumstances prompted by COVID 19,"1,759",18,18
NAYA Express II Inc.,2020-03-17,2020-03-17,2020-03-17,"54 West 56 Street  New York, NY, 10019",New York,,N/A,Unforeseeable business circumstances prompted by COVID 19,"1,760",40,40
NAYA Express III NY LLC,2020-03-17,2020-03-17,2020-03-17,"One New York Plaza  New York, NY, 10004",New York,,N/A,Unforeseeable business circumstances prompted by COVID 19,"1,761",27,27
NAYA Express Inc.,2020-03-17,2020-03-17,2020-03-17,"688 Third Avenue  New York, NY, 10017",New York,,N/A,Unforeseeable business circumstances prompted by COVID 19,"1,762",37,37
NAYA Express IV NY LLC,2020-03-17,2020-03-17,2020-03-17,"488 Madison Ave  New York, NY, 10022",New York,,N/A,Unforeseeable business circumstances prompted by COVID 19,"1,763",41,41
NAYA Express VI NY LLC,2020-03-17,2020-03-17,2020-03-17,"30 Vandam Street  New York, NY, 10013",New York,,N/A,Unforeseeable business circumstances prompted by COVID 19,"1,764",5,5
NAYA Holdings LLC,2020-03-17,2020-03-17,2020-03-17,"c/o NAYA Express Inc. 688 Third Avenue  New York, NY, 10017",New York,,N/A,Unforeseeable business circumstances prompted by COVID 19,"1,765",3,3
"Nederlander Producing Co. of America, Inc. (multiple NYC Theatres)",2020-03-12,2020-06-17,2020-06-17,"1501 Broadway, 14 Floor  New York, NY, 10036",New York,,N/A,Unforeseeable business circumstances prompted by COVID 19,408,"1,294","1,294"
"Nederlander Productions, Inc.",2020-04-05,2020-04-06,2020-04-06,"1501 Broadway, 14th Floor  New York, NY, 10036",New York,,N/A,Unforeseeable business circumstances prompted by COVID 19,956,12,12
Neiman Marcus Group (Last Call store),2020-10-31,2020-07-31,2020-07-31,"201 The Arches Circle  Deer Park, NY, 11729",Suffolk,,N/A,Unforeseeable business circumstances prompted by COVID 19,260,24,24
Neiman Marcus Group (Neiman Marcus store),2020-11-03,2020-08-03,2020-08-03,"20 Hudson Yards  New York, NY, 10001",New York,,N/A,Unforeseeable business circumstances prompted by COVID 19,253,257,257
Nestle Waters North America,2020-06-01,2020-02-28,2020-02-28,"	5 Warehouse Lane  Elmsford, NY, 10523",Westchester,,N/A,branch as an operational change to optimize the ReadyRefresh delivery process,1,105,105
NeueHouse Management LLC,2020-03-22,2020-03-26,2020-03-26,"373 Park Ave S, Floor 5  New York, NY, 10016",New York,,N/A,Unforeseeable business circumstances prompted by COVID 19,"1,310",62,62
"Neurological Specialities of Long Island, PLLC and Addan Equipment LLC",2020-03-19,2020-03-31,2020-03-31,"170 Great Neck Road  Great Neck, NY, 11021",Nassau,,N/A,Unforeseeable business circumstances prompted by COVID 19,"1,088",43,43
New Docks LLC,2020-03-16,2020-03-30,2020-03-30,"633 Third Ave.  New York, NY, 10017",New York,,N/A,Unforeseeable business circumstances prompted by COVID 19,"1,182",81,81
"New Dorp Apple, LLC",2020-03-17,2020-03-25,2020-03-25,"430 New Dorp Lane  Staten Island, NY, 10306",New York,,N/A,Unforeseeable business circumstances prompted by COVID 19,"1,390",52,52
"New Era Cap Company, Inc.",2020-07-07,2020-07-07,2020-07-07,"160 Delaware Avenue  Buffalo, NY, 14202",Erie,,N/A,Unforeseeable business circumstances prompted by COVID 19,320,117,117
New Museum of Contemporary Art,2020-04-02,2020-04-02,2020-04-02,"235 Bowery  New York, NY, 10002",New York,,N/A,Unforeseeable business circumstances prompted by COVID 19,"1,046",,
New Oceana Restaurant Corp. dba Oceana Restaurant,2020-03-16,2020-03-16,2020-03-16,"120 West 49th Street  New York, NY, 10020",New York,,N/A,Unforeseeable business circumstances prompted by COVID 19,"1,812",122,122
"New Roc Fec, LLC",2020-03-16,2020-08-11,2020-08-11,"19 Le Count Place  New Rochelle, NY, 10801",Westchester,,N/A,Unforeseeable business circumstances prompted by COVID 19,233,124,124
"New Rochelle Apple, LLC",2020-03-17,2020-03-25,2020-03-25,"25 LeCount Place  New Rochelle, NY, 10801",Westchester,,N/A,Unforeseeable business circumstances prompted by COVID 19,"1,425",50,50
New World Stages Operating Co. LLC,2020-03-12,2020-07-05,2020-07-05,"340 West 50th Street  New York, NY, 10019",New York,,N/A,Unforeseeable business circumstances prompted by COVID 19,325,117,117
"New York Athletic Club (180 Central Park South, NYC)",2020-03-21,2020-09-18,2020-09-18,"180 Central Park South  New York, NY, 10019",New York,,N/A,Unforeseeable business circumstances prompted by COVID 19,119,257,257
"New York Beer Co., LLC dba Jacob's Pickles",2020-03-16,2020-03-25,2020-03-25,"509 Amsterdam Avenue  New York, NY, 10024",New York,,N/A,Unforeseeable business circumstances prompted by COVID 19,"1,391",82,82
New York Cinema Investments LLC dba Cinepolis,2020-03-19,2020-03-30,2020-03-30,"260 W 23rd St.  New York, NY, 10011",New York,,N/A,Unforeseeable business circumstances prompted by COVID 19,"1,183",37,37
New York City & Vicinity District Council of Carpenters (2 sites),2020-04-03,2020-04-03,2020-04-03,"395 Hudson Street, 1st Floor and 9th Floor  New York, NY, 10014",Queens,,N/A,Unforeseeable business circumstances prompted by COVID 19,997,85,85
"New York City Ballet, Inc. (The Nutcracker)",2020-03-26,2020-07-10,2020-07-10,"20 and 70 Lincoln Center Plaza  New York, NY, 10023",New York,,N/A,Unforeseeable business circumstances prompted by COVID 19,312,335,335
"New York Convention Center Operating Corporation (the Javits Center, NYC)",2020-03-15,2020-06-15,2020-06-15,"655 West 34th Street  New York, NY, 10001",New York,,N/A,Unforeseeable business circumstances prompted by COVID 19,438,"1,937","1,937"
New York Friendly's Restaurant -  Clifton Park,2020-03-17,2020-04-03,2020-04-03,"815 Route 146  Clifton Park, NY, 12065",Saratoga,,N/A,Unforeseeable business circumstances prompted by COVID 19,"1,002",34,34
New York Friendly's Restaurant -  Horseheads,2020-03-17,2020-04-02,2020-04-02,"2669 Corning Road  Horseheads, NY, 14845",Chemung,,N/A,Unforeseeable business circumstances prompted by COVID 19,"1,021",32,32
New York Friendly's Restaurant - Johnson City,2020-03-17,2020-04-02,2020-04-02,"561 Harry L. Drive  Johnson City, NY, 13790",Broome,,N/A,Unforeseeable business circumstances prompted by COVID 19,"1,018",43,43
New York Friendly's Restaurant - Johnstown,2020-03-17,2020-04-02,2020-04-02,"248 North Comrie Avenue  Johnstown, NY, 10295",Genesee,,N/A,Unforeseeable business circumstances prompted by COVID 19,"1,025",20,20
New York Friendly's Restaurant - Liverpool,2020-03-17,2020-04-02,2020-04-02,"3873 State Route 31, Suite 100  Liverpool, NY, 13090",Onondaga,,N/A,Unforeseeable business circumstances prompted by COVID 19,"1,050",37,37
New York Friendly's Restaurant - New Hartford,2020-03-17,2020-04-02,2020-04-02,"1700 Burrstone Road  New Hartford, NY, 13413",Oneida,,N/A,Unforeseeable business circumstances prompted by COVID 19,"1,049",31,31
New York Friendly's Restaurant -  Olean,2020-03-17,2020-04-02,2020-04-02,"2502 W. State Street  Olean, NY, 14760",Cattaraugus,,N/A,Unforeseeable business circumstances prompted by COVID 19,"1,020",35,35
New York Friendly's Restaurant -   Queensbury,2020-03-17,2020-04-03,2020-04-03,"558 Aviation Road  Queensbury, NY, 12804",Warren,,N/A,Unforeseeable business circumstances prompted by COVID 19,"1,016",39,39
New York Friendly's Restaurant - Troy,2020-03-17,2020-04-03,2020-04-03,"120 Hoosick Street  Troy, NY, 12180",Rensselaer,,N/A,Unforeseeable business circumstances prompted by COVID 19,"1,000",35,35
New York Health & Racquet Club (5 NYC sites),2020-03-31,2020-07-27,2020-07-27,"5 NYC locations  New York, NY, ",New York,,N/A,Unforeseeable business circumstances prompted by COVID 19,270,462,462
New York Health & Racquet Club (56th St.),2020-04-27,2020-01-24,2020-01-24,"110 W. 56th St.  New York, NY, 10019",New York,,N/A,Economic,145,89,89
"New York Hotel Trades Council & Hotel Association of New York City, Inc. Employee Benefit Funds (at six NYC health centers)",2020-12-31,2020-08-21,2020-08-21,"305 W 44th Street  New York, NY, 10036",New York,,N/A,Unforeseeable business circumstances prompted by COVID 19,193,642,642
"New York RGI Sub, LLC (East 50th Street)",2020-03-31,2020-03-31,2020-03-31,"37 East 50th Street  New York, NY, 10022",New York,,N/A,Unforeseeable business circumstances prompted by COVID 19,"1,119",91,91
"New York RGI Sub, LLC (Third Ave)",2020-03-31,2020-03-31,2020-03-31,"880 Third Avenue  New York, NY, 10022",New York,,N/A,Unforeseeable business circumstances prompted by COVID 19,"1,120",30,30
New York Shakespeare Festival dba The Public Theater,2020-07-20,2020-12-02,2020-12-02,"425 LaFayette St.  New York, NY, 10003",New York,,N/A,Unforeseeable business circumstances prompted by COVID 19,27,108,108
"Nexans Energy USA, Inc.",2020-07-16,2020-03-23,2020-03-23,"25 Oakland Avenue  Chester, NY, 10918",Orange,,N/A,Unforeseeable business circumstances prompted by COVID 19,"1,517",70,70
Nickel Productions LLC (American Buffalo),2020-03-12,2020-06-18,2020-06-18,"2 NYC locations  New York, NY, ",New York,,N/A,Unforeseeable business circumstances prompted by COVID 19,400,37,37
Ninety Park Property LLC,,2020-04-14,2020-04-14,"11 Penn Plaza  New York, NY, 10001",New York,,N/A,Unforeseeable business circumstances prompted by COVID 19,812,31,31
"Ninth Avenue Hospitality LLC dba Bodega Negra Electric Room, and PHD (Dream Downtown F&B)",2020-03-23,2020-04-01,2020-04-01,"355 West 16th Street  New York, NY, 10011",New York,,N/A,Unforeseeable business circumstances prompted by COVID 19,"1,070",258,258
"Ninth Avenue Hospitality LLC dba Bodega Negra, Electric Room, and PHD (Dream Downtown F&B) (NYC)",2020-08-10,2020-08-11,2020-08-11,"355 West 16th Street  New York, NY, 10011",New York,,N/A,Unforeseeable business circumstances prompted by COVID 19,230,11,11
No. 604 5th Ave. Inc.  (TGIF Restaurant),2020-03-16,2020-03-18,2020-03-18,"604 Fifth Ave  New York, NY, ",New York,,N/A,Unforeseeable business circumstances prompted by COVID 19,"1,723",60,60
Nobu 57 LLC dba Nobu New York Fifty Seven,2020-03-16,2020-04-08,2020-04-08,"40 West 57th Street  New York, NY, 10019",New York,,N/A,Unforeseeable business circumstances prompted by COVID 19,913,239,239
"Nobu 195 LLC, dba Nobu New York Downtown",2020-03-16,2020-04-08,2020-04-08,"195 Broadway  New York, NY, 10007",New York,,N/A,Unforeseeable business circumstances prompted by COVID 19,914,175,175
NoHo Hospitality LLC,2020-03-17,2020-04-07,2020-04-07,"520 Broadway, 10th Floor  New York, NY, 10012",New York,,N/A,Unforeseeable business circumstances prompted by COVID 19,929,37,37
"NoMad Hotels, LLC",2020-03-16,2020-03-15,2020-03-15,"1170 Broadway  New York, NY, 10001",New York,,N/A,Unforeseeable business circumstances prompted by COVID 19,"1,841",39,39
NoMo Soho Hotel,2020-03-16,2020-06-11,2020-06-11,"9 Crosby Street  New York, NY, 10013",New York,,N/A,Unforeseeable business circumstances prompted by COVID 19,448,133,133
North American Dental Group,2020-03-23,2020-03-31,2020-03-31,"355 W Morris Street, Suite 105  Bath, NY, 14810",Steuben,,N/A,Unforeseeable business circumstances prompted by COVID 19,"1,143",,
North American Dental Group (2 Finger Lakes Locations),2020-03-23,2020-03-31,2020-03-31,"64 Elizabeth Blackwell Street  Geneva, NY, 14456",Ontario,,N/A,Unforeseeable business circumstances prompted by COVID 19,"1,139",,
North American Dental Group (3 Hudson Valley Locations),2020-03-23,2020-03-31,2020-03-31,"1075 Central Park Avenue, Suite 207  Scarsdale, NY, 10583",Westchester,,N/A,Unforeseeable business circumstances prompted by COVID 19,"1,145",,
North American Dental Group (8 Western Locations),2020-03-23,2020-03-31,2020-03-31,"3500 Sheridan Drive  Amherst, NY, 14226",Erie,,N/A,Unforeseeable business circumstances prompted by COVID 19,"1,083",236,236
"Norwegian Air Resources US (formerly OSM Aviation, Inc.) (JFK International Airport)",2021-02-11,2020-03-18,2020-03-18,"JFK Terminal 1, JFK International Airport  Jamaica, NY, 11430",Queens,,N/A,Unforeseeable business circumstances prompted by COVID 19,"1,732",204,204
"NRG Energy, Inc. (Green Mountain Energy NYC Office-Sales Agents)",2020-05-04,2020-05-04,2020-05-04,"16 Madison Square Park West, 12th Floor  New York, NY, 10010",New York,,N/A,Unforeseeable business circumstances prompted by COVID 19,616,71,71
"NS Auto Sales Inc., dba North Shore Honda",2020-03-23,2020-04-01,2020-04-01,"611 Glen Cove Rd.  Glen Head, NY, 11545",Nassau,,N/A,Unforeseeable business circumstances prompted by COVID 19,"1,057",36,36
"Nusret New York, LLC dba Nusr-Et Steakhouse",2020-03-16,2020-03-16,2020-03-16,"60 West 53rd Street  New York, NY, 10019",New York,,N/A,Unforeseeable business circumstances prompted by COVID 19,"1,813",,
"NYC & Company, Inc.",2020-04-30,2020-04-15,2020-04-15,"810 Seventh Avenue, 3rd Floor  New York, NY, 10019",New York,,N/A,Unforeseeable business circumstances prompted by COVID 19,799,77,77
"NYP Holdings, Inc.-Dow Jones & Company (NYC)",2020-01-31,2020-10-20,2020-10-20,"900 East 132nd Street  Bronx, NY, 10454",Bronx,,N/A,Economic,12,351,351
"NYY Steak, LLC",2020-04-13,2020-04-21,2020-04-21,"7 West 51st Street  New York, NY, 10019",New York,,N/A,Unforeseeable business circumstances prompted by COVID 19,710,49,49
Oakwood Worldwide (US) LP,2020-06-03,2020-03-04,2020-03-04,"888 Sixth Avenue, Suite 305  New York, NY, 10017",New York,,N/A,Economic,98,1,1
"Ocinomled, Ltd d/b/a Delmonico's",2020-03-16,2020-08-19,2020-08-19,"56 Beaver St.  New York, NY, 10004",New York,,N/A,Unforeseeable business circumstances prompted by COVID 19,199,121,121
"Off Cuts, LLC dba Quality Eats",2020-03-31,2020-03-31,2020-03-31,"19 Greenwich Avenue  New York, NY, 10014",New York,,N/A,Unforeseeable business circumstances prompted by COVID 19,"1,121",39,39
"Oki Ringo dba Covina, o ya, & Roof @ Park South",2020-03-16,2020-03-26,2020-03-26,"124 East 28th Street  New York, NY, 10016",New York,,N/A,Unforeseeable business circumstances prompted by COVID 19,"1,311",105,105
Old Homestead,2020-03-16,2020-03-20,2020-03-20,"56 Ninth Ave.  New York, NY, 10011",New York,,N/A,Unforeseeable business circumstances prompted by COVID 19,"1,589",52,52
Olga Street Ltd. dba Olga Street Ltd. dba Lucky Strike,2020-03-17,2020-03-03,2020-03-03,"59 Grand Street  New York, NY, 10012",New York,,N/A,Unforeseeable business circumstances prompted by COVID 19,"1,854",26,26
Olum's Furniture and Appliances,2020-03-21,2020-03-25,2020-03-25,"154 Northern Lights Plaza  Syracuse, NY, 13212",Onondaga,,N/A,Unforeseeable business circumstances prompted by COVID 19,"1,404",,
Olum's of Binghamton Inc.,2020-03-21,2020-03-25,2020-03-25,"3701 Vestal Parkway East  Vestal, NY, 13850",Broome,,N/A,Unforeseeable business circumstances prompted by COVID 19,"1,339",,
Omega Moulding Company,2020-04-01,2020-04-03,2020-04-03,"1 Sawgrass Drive  Bellport, NY, 11713",Suffolk,,N/A,Unforeseeable business circumstances prompted by COVID 19,"1,009",75,75
"Omega Research and Development Technology, LLC",2020-04-06,2020-04-16,2020-04-16,"180 Marcus Blvd  Hauppauge, NY, 11788",Suffolk,,N/A,Unforeseeable business circumstances prompted by COVID 19,789,1,1
Omni Berkshire Corporation dba Omni Berkshire Place Hotel,2020-03-24,2020-03-27,2020-03-27,"21 East 52nd Street  New York, NY, 10022",New York,,N/A,Unforeseeable business circumstances prompted by COVID 19,"1,254",268,268
"One 27 Roof, LLC",2020-03-11,2020-03-16,2020-03-16,"530 West 27th Street  New York, NY, 10001",New York,,N/A,Unforeseeable business circumstances prompted by COVID 19,"1,814",124,124
One Kings Lane,2020-04-16,2020-04-17,2020-04-17,"250 Hudson Street, 11th Floor  New York, NY, 10013",New York,,N/A,Unforeseeable business circumstances prompted by COVID 19,762,16,16
"One Melon, LLC dba JG Melon",2020-03-15,2020-03-16,2020-03-16,"89 MacDougal Street  New York, NY, 10012",New York,,N/A,Unforeseeable business circumstances prompted by COVID 19,"1,815",42,42
One North 106 LLC dba One North,2020-03-26,2020-03-25,2020-03-25,"4 Old Jericho Turnpike  Jericho, NY, 11753",Nassau,,N/A,Maria Russo Human Resources Director,1,87,87
"onPeak, LLC",2020-03-26,2020-06-01,2020-06-01,"381 Park Ave. South  New York, NY, 10016",New York,,N/A,Unforeseeable business circumstances prompted by COVID 19,525,35,35
"Opening Ceremony, LLC (Broadway)",2020-05-04,2020-01-13,2020-01-13,"1190-1192 Broadway  New York, NY, 10019",New York,,N/A,Sale of the business to a buyer who is relocating overseas and for economic reasons,1,8,8
"Opening Ceremony, LLC (Centre Street)",2020-05-04,2020-01-13,2020-01-13,"202 Centre Street, 8th & 4th Floor  New York, NY, 10013",New York,,N/A,Sale of the business to a buyer who is relocating overseas and for economic reasons,2,33,33
"Opening Ceremony, LLC (Howard Street)",2020-05-04,2020-01-13,2020-01-13,"33-35 Howard Street  New York, NY, 10013",New York,,N/A,Sale of the business to a buyer who is relocating overseas and for economic reasons,3,42,42
"Optimal Workforce Solutions, LLC (At Westchester Medical Center)",2020-06-30,2020-06-03,2020-06-03,"100 Woods Road Taylor Pavilion E-380  Valhalla, NY, 10595",Westchester,,N/A,Loss of cancellation of the contract between the Medical Center and Cross Country,1,451,451
"Orange County Transit Service, LLC (Orange County Transit, LLC)",2020-11-30,2020-11-30,2020-11-30,"1041A State Route 52  Walden, NY, 12586",Orange,,N/A,Unforeseeable business circumstances prompted by COVID 19,28,96,96
Origene LLC d/b/a JoJo,2020-03-15,2020-03-24,2020-03-24,"160 East 64th St.  New York, NY, 10065",New York,,N/A,Unforeseeable business circumstances prompted by COVID 19,"1,444",51,51
"Orlandi, Inc.",2020-03-16,2020-03-19,2020-03-19,"131 Executive Blvd.  Farmingdale, NY, 11735",Nassau,,N/A,Unforeseeable business circumstances prompted by COVID 19,"1,634",63,63
"OrthopedicsNY, LLC (6 Capital Region locations)",2020-03-23,2020-04-07,2020-04-07,"121 Everett Road  Albany, NY, 12205",Albany,,N/A,Unforeseeable business circumstances prompted by COVID 19,921,157,157
"OS Restaurant Services, LLC (Bloomin Brands- Outback, Carrabba's, Bonefish Grill, Flemings, Aussie Grill) Capital",2020-03-15,2020-04-27,2020-04-27,"Multiple Capital Region locations  Albany, NY, ",Albany,,N/A,Unforeseeable business circumstances prompted by COVID 19,663,260,260
"OS Restaurant Services, LLC (Bloomin Brands- Outback, Carrabba's, Bonefish Grill, Flemings, Aussie Grill) Central",2020-03-15,2020-04-27,2020-04-27,"Multiple Central Region locations  Fayetteville, NY, ",Onondaga,,N/A,Unforeseeable business circumstances prompted by COVID 19,672,174,174
"OS Restaurant Services, LLC (Bloomin Brands- Outback, Carrabba's, Bonefish Grill, Flemings, Aussie Grill) Finger Lakes",2020-03-15,2020-04-27,2020-04-27,"Multiple Finger Lakes Region locations  Rochester, NY, ",Monroe,,N/A,Unforeseeable business circumstances prompted by COVID 19,669,,
"OS Restaurant Services, LLC (Bloomin Brands- Outback, Carrabba's, Bonefish Grill, Flemings, Aussie Grill) Long Island",,2020-04-27,2020-04-27,"Multiple Long Island  locations  East Setauket, NY, ",Suffolk,,N/A,Unforeseeable business circumstances prompted by COVID 19,674,696,696
"OS Restaurant Services, LLC (Bloomin Brands- Outback, Carrabba's, Bonefish Grill, Flemings, Aussie Grill) Mid-Hudson",2020-03-15,2020-04-27,2020-04-27,"Multiple Mid-Hudson locations  Poughkeepsie, NY, ",Westchester,,N/A,Unforeseeable business circumstances prompted by COVID 19,677,393,393
"OS Restaurant Services, LLC (Bloomin Brands- Outback, Carrabba's, Bonefish Grill, Flemings, Aussie Grill) NYC",2020-03-15,2020-04-27,2020-04-27,"Multiple New York City locations  New York, NY, ",New York,,N/A,Unforeseeable business circumstances prompted by COVID 19,671,447,447
"OS Restaurant Services, LLC (Bloomin Brands- Outback, Carrabba's, Bonefish Grill, Flemings, Aussie Grill) Southern",2020-03-15,2020-04-27,2020-04-27,"Multiple Southern Region locations  East Vestal, NY, ",Broome,,N/A,Unforeseeable business circumstances prompted by COVID 19,666,154,154
"OS Restaurant Services, LLC (Bloomin Brands- Outback, Carrabba's, Bonefish Grill, Flemings, Aussie Grill) Western",2020-03-15,2020-04-27,2020-04-27,"Multiple Western Region locations  Buffalo, NY, ",Erie,,N/A,Unforeseeable business circumstances prompted by COVID 19,667,289,289
Oscar de la Renta,2020-03-23,2020-11-17,2020-11-17,"Offices 11 W. 42nd St., NYC; Retail 772 Madison Ave., NYC; & Warehouse 50-22 Ireland St., Elmhurst  New York, Queens, NY, 10036",New York,,N/A,Unforeseeable business circumstances prompted by COVID 19,33,66,66
"OTG JFK T5 Venture, LLC",2020-03-16,2020-03-22,2020-03-22,"JFK International Airport T5  Jamaica, NY, 11430",Queens,,N/A,Unforeseeable business circumstances prompted by COVID 19,"1,537",362,362
"OTG Management LGA, LLC",2020-03-16,2020-03-31,2020-03-31,"JFK International Airport T2  Queens, NY, 11430",Queens,,N/A,Unforeseeable business circumstances prompted by COVID 19,"1,141",259,259
"OTG Management, LLC",2020-03-16,2020-03-31,2020-03-31,"352 Park Avenue South, 10th Floor  New York, NY, 10010",New York,,N/A,Unforeseeable business circumstances prompted by COVID 19,"1,122",54,54
Otto Enoteca Pizzeria,2020-03-16,2020-03-18,2020-03-18,"One 5th Ave  New York, NY, 10003",New York,,N/A,Unforeseeable business circumstances prompted by COVID 19,"1,724",52,52
Our Lady of Mercy School,2020-06-19,2020-01-23,2020-01-23,"520 South Oyster Bay Road  Hicksville, NY, 11801",Nassau,,N/A,Economic,150,33,33
Our Lady of Wisdom Regional School (Port Washington),2020-06-18,2020-06-26,2020-06-26,"114-116 Myrtle Avenue  Port Washington, NY, 11777",Nassau,,N/A,Unforeseeable business circumstances prompted by COVID 19,352,30,30
"Outerbridge Apple, LLC",2020-03-17,2020-03-25,2020-03-25,"115 Bricktown Way  Staten Island, NY, 10309",New York,,N/A,Unforeseeable business circumstances prompted by COVID 19,"1,392",34,34
Ovation Travel Group,2020-03-19,2020-07-02,2020-07-02,"666 3rd Avenue  New York, NY, 10017",New York,,N/A,Unforeseeable business circumstances prompted by COVID 19,334,106,106
"Overtime Sports, Inc.",2020-03-25,2020-03-24,2020-03-24,"20 Jay Street, # 600  Brooklyn, NY, 11201",Kings,,N/A,Unforeseeable business circumstances prompted by COVID 19,"1,428",34,34
P.F. Chang's China Bistro (Albany),2020-03-17,2020-09-04,2020-09-04,"131 Colonie Center  Albany, NY, 12205",Albany,,N/A,Unforeseeable business circumstances prompted by COVID 19,152,45,45
P.F. Chang's China Bistro (Buffalo),2020-03-17,2020-09-04,2020-09-04,"1 Galleria Drive  Buffalo, NY, 14225",Erie,,N/A,Unforeseeable business circumstances prompted by COVID 19,154,64,64
P.F. Chang's China Bistro (Huntington Station),2020-03-17,2020-09-04,2020-09-04,"160 Walt Whitman Road, Space 1027B  Huntington Station, NY, 11746",Suffolk,,N/A,Unforeseeable business circumstances prompted by COVID 19,165,58,58
P.F. Chang's China Bistro (Lake Grove),2020-03-17,2020-09-04,2020-09-04,"476 Smith Haven Mall  Lake Grove, NY, 11755",Suffolk,,N/A,Unforeseeable business circumstances prompted by COVID 19,166,63,63
P.F. Chang's China Bistro (Nanuet),2020-03-17,2020-09-04,2020-09-04,"1125 Fashion Drive  Nanuet, NY, 10954",Rockland,,N/A,Unforeseeable business circumstances prompted by COVID 19,164,72,72
P.F. Chang's China Bistro (Syracuse),2020-03-17,2020-09-04,2020-09-04,"306 Hiawatha Blvd. W, Space H-111  Syracuse, NY, 13204",Onondaga,,N/A,Unforeseeable business circumstances prompted by COVID 19,162,68,68
P.F. Chang's China Bistro (Victor),2020-03-17,2020-09-04,2020-09-04,"820 Eastview Mall  Victor, NY, 14564",Ontario,,N/A,Unforeseeable business circumstances prompted by COVID 19,163,81,81
P.F. Chang's China Bistro (Westbury - store #4800),2020-03-26,2020-03-27,2020-03-27,"1504 Old Country Rd #B9A  Westbury, NY, 11590",Nassau,,N/A,Unforeseeable business circumstances prompted by COVID 19,"1,232",118,118
P.F. Chang's China Bistro (White Plains),2020-03-17,2020-09-04,2020-09-04,"125 Westchester Ave  White Plains, NY, 10601",Westchester,,N/A,Unforeseeable business circumstances prompted by COVID 19,167,52,52
P.F. Chang's China Bistro (Yonkers),2020-03-17,2020-09-04,2020-09-04,"160 Market Street  Yonkers, NY, 10710",Westchester,,N/A,Unforeseeable business circumstances prompted by COVID 19,168,31,31
"P.S. Pibbs, Inc.",2020-03-20,2020-03-26,2020-03-26,"133-15 32nd Avenue  Flushing, NY, 11354",Queens,,N/A,Unforeseeable business circumstances prompted by COVID 19,"1,322",87,87
Pain D'Avignon III LTD,2020-03-17,2020-04-01,2020-04-01,"35-20 9th Street  Long Island City, NY, 11106",Queens,,N/A,Unforeseeable business circumstances prompted by COVID 19,"1,074",,
Pallette Stone Corp. (2 sites),2020-03-30,2020-04-02,2020-04-02,"373 Washington Street  Saratoga Springs, NY, 12866",Saratoga,,N/A,Unforeseeable business circumstances prompted by COVID 19,"1,053",27,27
Palm New York Downtown LLC dba The Palm - New York (Tribeca),2020-04-13,2020-04-13,2020-04-13,"206 West Street  New York, NY, 10282",New York,,N/A,Unforeseeable business circumstances prompted by COVID 19,834,126,126
Palm West Corporation dba The Palm - West NY,2020-04-13,2020-04-13,2020-04-13,"250 West 50th Street  New York, NY, 10019",New York,,N/A,Unforeseeable business circumstances prompted by COVID 19,835,78,78
"Panasonic Solar North America (""PSNA"")",2020-05-31,2020-02-26,2020-02-26,"1339 South Park Avenue  Buffalo, NY, 14220",Erie,,N/A,Economic,114,375,375
Paper Source,2020-03-29,2020-03-27,2020-03-27,"924 Old Country Road  Garden City, NY, 11530",Nassau,,N/A,Unforeseeable business circumstances prompted by COVID 19,"1,233",9,9
Paper Source (2 Locations),2020-03-29,2020-03-27,2020-03-27,"9119 Fashion Dr.  Nanuet, NY, 10954",Rockland,,N/A,Unforeseeable business circumstances prompted by COVID 19,"1,276",21,21
Paper Source (12 NYC locations (1 location with no affected),2020-03-29,2020-03-27,2020-03-27,"87 7th Avenue  Brooklyn, NY, 11217",New York,,N/A,Unforeseeable business circumstances prompted by COVID 19,"1,255",163,163
"Paradies-JFK, LLC",2020-03-24,2020-03-23,2020-03-23,"JFK International Airport  Queens, NY, 11430",Queens,,N/A,Unforeseeable business circumstances prompted by COVID 19,"1,522",61,61
"Paradigm Talent Agency, LLC",2020-12-15,2020-09-17,2020-09-17,"140 Broadway, 26th Floor  New York, NY, 10005",New York,,N/A,Unforeseeable business circumstances prompted by COVID 19,126,57,57
"Paragon Sports, LLC",2020-04-04,2020-03-30,2020-03-30,"867 Broadway  New York, NY, 10003",New York,,N/A,Unforeseeable business circumstances prompted by COVID 19,"1,184",235,235
Paramount Hotel,2020-03-08,2020-06-01,2020-06-01,"235 West 46th Street  New York, NY, 10036",New York,,N/A,Unforeseeable business circumstances prompted by COVID 19,526,178,178
"Park Avenue Plaza Owner, LLC",2020-03-28,2020-04-18,2020-04-18,"299 Park Avenue, 42nd Floor  New York, NY, 10171",New York,,N/A,Unforeseeable business circumstances prompted by COVID 19,731,14,14
Park Central New York and Westhouse Hotels,2020-03-22,2020-05-18,2020-05-18,"870 7th Avenue  New York, NY, 10019",New York,,N/A,Unforeseeable business circumstances prompted by COVID 19,571,257,257
"Park Lane Hotel New York (36 Central Park South, NYC",2020-03-17,2020-06-03,2020-06-03,"36 Central Park South  New York, NY, 10019",New York,,N/A,Unforeseeable business circumstances prompted by COVID 19,514,209,209
"Pasta La Vista, Inc. dba Pazza Notte",2020-03-16,2020-04-02,2020-04-02,"1375 Avenue of the Americas  New York, NY, 10019",New York,,N/A,Unforeseeable business circumstances prompted by COVID 19,"1,047",53,53
Pasta Shop LLC dba Bar Primi,2020-03-15,2020-03-26,2020-03-26,"325 Bowery  New York, NY, 10003",New York,,N/A,Unforeseeable business circumstances prompted by COVID 19,"1,312",70,70
"Patchogue 112 Motors, LLC dba Stevens 112 Ford",2020-03-17,2020-03-24,2020-03-24,"507 Route 112  Patchogue, NY, 11772",Suffolk,,N/A,Unforeseeable business circumstances prompted by COVID 19,"1,465",52,52
Patriot Electric Corp.,2020-03-27,2020-03-20,2020-03-20,"15-17 126th St.  College Point, NY, 11356",Queens,,N/A,Unforeseeable business circumstances prompted by COVID 19,"1,613",131,131
Patroon Operating Co. LLC dba Aretsky's Patroon,2020-03-15,2020-03-27,2020-03-27,"160 East 46th Street  New York, NY, 10017",New York,,N/A,Unforeseeable business circumstances prompted by COVID 19,"1,256",78,78
"PBM, LLC (Perfect Building Maintenance)",2020-03-09,2020-04-15,2020-04-15,"405 Lexington Avenue, 40th Floor  New York, NY, 10174",New York,,N/A,Unforeseeable business circumstances prompted by COVID 19,800,349,349
"PDNYC, LLC",2020-03-06,2020-03-16,2020-03-16,"530 West 27th Street  New York, NY, 10001",New York,,N/A,Unforeseeable business circumstances prompted by COVID 19,"1,816",189,189
"Peanut Butter & Kimchee, LLC dba Quality Eats",2020-03-31,2020-03-31,2020-03-31,"3 East 28th Street  New York, NY, 10016",New York,,N/A,Unforeseeable business circumstances prompted by COVID 19,"1,123",70,70
Pebble Corp. dba Sweet Chick,2020-03-17,2020-03-27,2020-03-27,"164 Bedford Avenue  Brooklyn, NY, 11211",Kings,,N/A,Unforeseeable business circumstances prompted by COVID 19,"1,226",53,53
"Peninsula Hotel New York, LLC",2020-03-29,2020-03-30,2020-03-30,"700 5th Avenue  New York, NY, 10019",New York,,N/A,Unforeseeable business circumstances prompted by COVID 19,"1,185",459,459
Penmanship LLC dba Jeffrey's Grocery,2020-03-15,2020-03-19,2020-03-19,"172 Waverly Place  New York, NY, 10014",New York,,N/A,Unforeseeable business circumstances prompted by COVID 19,"1,663",36,36
Penny Lane Management L.P.,2020-03-16,2020-08-19,2020-08-19,"568 Broadway, Room 502  New York, NY, 10012",New York,,N/A,Unforeseeable business circumstances prompted by COVID 19,200,22,22
Pepper Hamilton LLP,2020-03-31,2020-01-14,2020-01-14,"70 Linden Oaks, Suite 210  Rochester, NY, 14625",Monroe,,N/A,Merger with Troutman Sanders and to become known as Troutman Pepper,1,28,28
Pepper Hamilton LLP,2020-03-31,2020-01-14,2020-01-14,"620 Eighth Avenue, 37th Floor  New York, NY, 10018",New York,,N/A,Merger with Troutman Sanders and to become known as Troutman Pepper,2,51,51
"Perry International, Inc.",2020-04-24,2020-04-13,2020-04-13,"1120 Avenue of the Americas, 8th Floor  New York, NY, 10036",New York,,N/A,Unforeseeable business circumstances prompted by COVID 19,836,77,77
Perry Street Project LLC dba Perry St.,2020-03-15,2020-03-24,2020-03-24,"176 Perry Street  New York, NY, 10014",New York,,N/A,Unforeseeable business circumstances prompted by COVID 19,"1,445",39,39
"Peter Luger of Long Island, Inc. dba Peter Luger Steak House",2020-03-29,2020-03-26,2020-03-26,"255 Northern Blvd.  Great Neck, NY, 11021",Suffolk,,N/A,Unforeseeable business circumstances prompted by COVID 19,"1,328",61,61
"Peter Luger, Inc.",2020-03-31,2020-03-31,2020-03-31,"178 Broadway  Brooklyn, NY, 11211",Kings,,N/A,Unforeseeable business circumstances prompted by COVID 19,"1,084",34,34
"Pfizer, Inc. (Rouses Point)",2020-06-05,2020-03-06,2020-03-06,"64 Maple Street  Rouses Point, NY, 12979",Clinton,,N/A,Economic,89,2,2
Philip Tour LLC (Hamilton),2020-03-12,2020-06-17,2020-06-17,"1501 Broadway, 24th Floor  New York, NY, 10036",New York,,N/A,Unforeseeable business circumstances prompted by COVID 19,409,66,66
"Picciano & Scahill, P.C.",2020-03-20,2020-03-23,2020-03-23,"1065 Stewart Avenue, Suite 210  Bethpage, NY, 11714",Nassau,,N/A,Unforeseeable business circumstances prompted by COVID 19,"1,488",50,50
"Pier Sixty, LLC",2020-05-29,2020-05-20,2020-05-20,"Pier 60, Chelsea Piers  New York, NY, 10011",New York,,N/A,Unforeseeable business circumstances prompted by COVID 19,559,291,291
Pierre Rougier PR Consulting Inc.,2020-03-31,2020-03-31,2020-03-31,"100 Wall Street, 24th Floor  New York, NY, 10005",New York,,N/A,Unforeseeable business circumstances prompted by COVID 19,"1,124",13,13
Pineapple Hospitality Company dba Staypineapple New York,2020-03-20,2020-03-20,2020-03-20,"337 W. 36th Street  New York, NY, 10018",New York,,N/A,Unforeseeable business circumstances prompted by COVID 19,"1,590",21,21
Piping Rock Club,2020-04-13,2020-04-08,2020-04-08,"150 Piping Rock Road  Locust Valley, NY, 11560",Nassau,,N/A,Unforeseeable business circumstances prompted by COVID 19,888,68,68
"Planet Hollywood (Broadway), LLC dba Planet Hollywood and dba Buca di Beppo",2020-03-17,2020-04-10,2020-04-10,"1540 Broadway  New York, NY, 10036",New York,,N/A,Unforeseeable business circumstances prompted by COVID 19,861,25,25
"Planned Parenthood of Greater New York, Inc.",2020-04-06,2020-04-06,2020-04-06,"Multiple Capital Region locations  , NY, ",Warren,,N/A,Unforeseeable business circumstances prompted by COVID 19,975,22,22
"Planned Parenthood of Greater New York, Inc.",2020-04-06,2020-04-06,2020-04-06,"Multiple Long Island Region locations  , NY, ",Nassau,,N/A,Unforeseeable business circumstances prompted by COVID 19,951,21,21
"Planned Parenthood of Greater New York, Inc.",2020-04-06,2020-04-06,2020-04-06,"Multiple Mid-Hudson Region locations  , NY, ",Dutchess,,N/A,Unforeseeable business circumstances prompted by COVID 19,941,29,29
"Planned Parenthood of Greater New York, Inc.",2020-04-06,2020-04-06,2020-04-06,"Multiple Mohawk Valley Region locations  , NY, ",Montgomery,,N/A,Unforeseeable business circumstances prompted by COVID 19,948,14,14
"Planned Parenthood of Greater New York, Inc.",2020-04-06,2020-04-06,2020-04-06,"Multiple New York City Region locations  , NY, ",New York,,N/A,Unforeseeable business circumstances prompted by COVID 19,957,146,146
"Planned Parenthood of Greater New York, Inc.",2020-04-06,2020-04-06,2020-04-06,"Multiple Southern Tier Region locations  , NY, ",Schuyler,,N/A,Unforeseeable business circumstances prompted by COVID 19,968,8,8
Plaza Cleaning Service Company II LP,2020-03-19,2020-04-18,2020-04-18,"299 Park Avenue, 42nd Floor  New York, NY, 10171",New York,,N/A,Unforeseeable business circumstances prompted by COVID 19,732,20,20
"Pleatco, LLC",2020-07-01,2020-03-30,2020-03-30,"28 Garvies Point Road  Glen Cove, NY, 11542",Nassau,,N/A,Reorganization,1,79,79
PM Hotel Group at the Doubletree by Hilton New York  Downtown Hotel,2020-03-20,2020-06-17,2020-06-17,"8 Stone Street  New York, NY, 10004",New York,,N/A,Unforeseeable business circumstances prompted by COVID 19,410,42,42
"PM Legal, LLC",2020-11-12,2020-11-12,2020-11-12,"75 Maiden Lane  New York, NY, 10018",New York,,N/A,Unforeseeable business circumstances prompted by COVID 19,35,32,32
"Pod 39 Operating, LLC dba Pod 39 Hotel",2020-03-18,2020-03-19,2020-03-19,"145 East 39th Street  New York, NY, 10016",New York,,N/A,Unforeseeable business circumstances prompted by COVID 19,"1,664",82,82
"Pod BK Hotel, LLC",2020-03-18,2020-03-25,2020-03-25,"247 Metropolitan Ave  Brooklyn, NY, 11211",Kings,,N/A,Unforeseeable business circumstances prompted by COVID 19,"1,350",49,49
"Pod Times Square, LLC dba The Pod Times Square Hotel",2020-03-18,2020-03-19,2020-03-19,"400 West 42nd Street  New York, NY, 10036",New York,,N/A,Unforeseeable business circumstances prompted by COVID 19,"1,665",118,118
Popular Bank (several NYC sites),2021-02-01,2020-10-30,2020-10-30,"(several NYC sites)  New York/King/Queens, NY, ",New York,,N/A,Economic,11,66,66
"Porchlight West Chelsea, LLC dba Porchlight",2020-03-18,2020-03-31,2020-03-31,"271 11th Avenue  New York, NY, 10001",New York,,N/A,Unforeseeable business circumstances prompted by COVID 19,"1,125",34,34
Portal Hospitality Group (Portale Restaurant),2020-03-16,2020-09-04,2020-09-04,"126 W. 18th St.  New York, NY, 10011",New York,,N/A,Unforeseeable business circumstances prompted by COVID 19,161,67,67
"Positive Promotions, Inc.",2020-03-18,2020-03-27,2020-03-27,"15 Gilpin Ave.  Hauppauge, NY, 11788",Suffolk,,N/A,Unforeseeable business circumstances prompted by COVID 19,"1,278",236,236
"Post House Investors, L.P. dba Majorelle",2020-03-17,2020-03-17,2020-03-17,"28 East 63rd St.  New York, NY, 10065",New York,,N/A,Unforeseeable business circumstances prompted by COVID 19,"1,766",50,50
Poughkeepsie Day School,2020-04-16,2020-04-18,2020-04-18,"260 Boardman Road  Poughkeepsie, NY, 12603",Dutchess,,N/A,Unforeseeable business circumstances prompted by COVID 19,721,63,63
"Poughkeepsie Landing, LLC dba The Grandview",2020-03-16,2020-03-23,2020-03-23,"176 Rinaldi Blvd.  Poughkeepsie, NY, 12601",Dutchess,,N/A,Unforeseeable business circumstances prompted by COVID 19,"1,473",69,69
"PQ New York Inc. 126 PQ Union Square, Inc.",2020-03-19,2020-04-17,2020-04-17,"801 Broadway  New York, NY, 10003",New York,,N/A,Unforeseeable business circumstances prompted by COVID 19,763,33,33
PQ New York Inc. dba Le Pain Quotidien,2020-03-22,2020-04-23,2020-04-23,"(2 Mid-Hudson Region sites)  Rye, NY, 10580",Westchester,,N/A,Unforeseeable business circumstances prompted by COVID 19,686,42,42
PQ New York Inc. dba Le Pain Quotidien,2020-03-22,2020-04-23,2020-04-23,"(29 NYC sites)  New, NY, 10000",New York,,N/A,Unforeseeable business circumstances prompted by COVID 19,685,678,678
"PQ New York Inc. dba Le Pain Quotidien (151 LPQ Garden City, Inc.)",2020-03-22,2020-04-23,2020-04-23,"630 Old Country Road, Room 1024B  Garden City, NY, 11530",Nassau,,N/A,Unforeseeable business circumstances prompted by COVID 19,683,27,27
"PQ New York, Inc. dba Le Pain Quotidien",2020-03-20,2020-04-17,2020-04-17,"127 PQ Bryant Park, Inc., 70 West 40th Street  New York, NY, 10018",New York,,N/A,Unforeseeable business circumstances prompted by COVID 19,764,55,55
"Premier Cardiology Consultants, PLLC",2020-03-22,2020-03-21,2020-03-21,"2001 Marcus Avenue  New Hyde Park, NY, 10042",Suffolk,,N/A,Unforeseeable business circumstances prompted by COVID 19,"1,550",59,59
Pret A Manger (USA) Ltd. (several NYC shops),2020-04-03,2020-07-17,2020-07-17,"41 Locations  New York, NY, NY",New York,,N/A,Unforeseeable business circumstances prompted by COVID 19,285,875,875
Primark US Corp. (Staten Island and Brooklyn),2020-04-01,2020-03-31,2020-03-31,"5100 Kings Plaza  Brooklyn, NY, 11234",Kings,,N/A,Unforeseeable business circumstances prompted by COVID 19,"1,085",395,395
"PrimeFlight Aviation Services, Inc.",2020-03-19,2020-04-01,2020-04-01,"LaGuardia International Airport  Queens, NY, 11371",Queens,,N/A,Unforeseeable business circumstances prompted by COVID 19,"1,075",195,195
Prince Sullivan LLC dba The Dutch,2020-03-15,2020-03-26,2020-03-26,"131 Sullivan St.  New York, NY, 10012",New York,,N/A,Unforeseeable business circumstances prompted by COVID 19,"1,313",120,120
Princeton Club of New York,2020-03-22,2020-09-29,2020-09-29,"15 W. 43rd  Street  New York, NY, 10036",New York,,N/A,Unforeseeable business circumstances prompted by COVID 19,99,108,108
"PRINCIPESSA SOHO LLC, dba LITTLE PRINCE",2020-03-15,2020-03-20,2020-03-20,"199 Prince Street  New York, NY, 10023",New York,,N/A,Unforeseeable business circumstances prompted by COVID 19,"1,591",43,43
"PRINKIPAS LLC, dba LOLA TAVERNA",2020-03-15,2020-03-20,2020-03-20,"210 Avenue of Americas  New York, NY, 10014",New York,,N/A,Unforeseeable business circumstances prompted by COVID 19,"1,592",23,23
"Priority 1 Security, LLC",2020-03-29,2020-03-27,2020-03-27,"9124 144th Place  Jamaica, NY, 11435",Queens,,N/A,Economic,72,456,456
Pritchard Industries Inc.,2020-06-30,2020-06-30,2020-06-30,"150 East 42nd Street  New York, NY, 10017",New York,,N/A,Unforeseeable business circumstances prompted by COVID 19,342,6,6
Production Glue LLC,2020-03-27,2020-03-27,2020-03-27,"252 W. 37th Street, Floor 7  New York, NY, 10018",New York,,N/A,Unforeseeable business circumstances prompted by COVID 19,"1,257",60,60
Progressive Restaurant Cote Korean Steakhouse,2020-03-16,2020-03-15,2020-03-15,"16 West 22nd Street  New York, NY, 10010",New York,,N/A,Unforeseeable business circumstances prompted by COVID 19,"1,842",88,88
Prosegur Services Group at John F. Kennedy International Airport,2020-03-24,2020-03-24,2020-03-24,"JFK Airport  Queens, NY, 11430",Queens,,N/A,Unforeseeable business circumstances prompted by COVID 19,"1,460",97,97
Prosegur Services Group at LaGuardia Gateway Partners Airport,2020-05-31,2020-05-19,2020-05-19,"LaGuardia  Airport  Queens, NY, 11371",Queens,,N/A,Unforeseeable business circumstances prompted by COVID 19,564,103,103
PRYM 1216 Street Level LLC,2020-03-16,2020-03-30,2020-03-30,"30 W. 30th Street  New York, NY, 10001",New York,,N/A,Unforeseeable business circumstances prompted by COVID 19,"1,186",41,41
Pryor Cashman LLP,2020-03-31,2020-04-01,2020-04-01,"7 Times Square  New York, NY, 10036",New York,,N/A,Unforeseeable business circumstances prompted by COVID 19,"1,071",53,53
"PT Redevelopment, LLC",2020-03-20,2020-03-18,2020-03-18,"432 State Street  Schenectady, NY, 12305",Schenectady,,N/A,Unforeseeable business circumstances prompted by COVID 19,"1,736",1,1
Publishers Clearing House,2020-04-24,2020-01-21,2020-01-21,"265 Spagnoli Road  Melville, NY, 11747",Suffolk,,N/A,Relocating facility to Minnesota,1,109,109
Pump 52nd Street LLC dba DIG,2020-03-18,2020-03-24,2020-03-24,"150 East 52nd Street  New York, NY, 10022",New York,,N/A,Unforeseeable business circumstances prompted by COVID 19,"1,446",26,26
Pump 80 Pine LLC dba DIG,2020-03-18,2020-03-24,2020-03-24,"80 Pine Street  New York, NY, 10005",New York,,N/A,Unforeseeable business circumstances prompted by COVID 19,"1,447",31,31
Pump 275 Madison Ave Restaurant Operating LLC aka DIG,2020-03-23,2020-03-24,2020-03-24,"275 Madison Ave.  New York, NY, 10016",New York,,N/A,Unforeseeable business circumstances prompted by COVID 19,"1,448",23,23
"Punch the Pickle, LLC dba Lucky Pickle Dumpling Co.",2020-03-16,2020-03-25,2020-03-25,"513 Amsterdam Avenue  New York, NY, 10024",New York,,N/A,Unforeseeable business circumstances prompted by COVID 19,"1,393",6,6
"Pyramid Management Group, LLC",2020-10-31,2020-08-03,2020-08-03,"1000 Palisades Center Drive  West Nyack, NY, 10994",Rockland,,N/A,Outsourcing,1,38,38
Quality Fragrance Group,2020-03-20,2020-03-19,2020-03-19,"35 Sawgrass Dr.  Bellport, NY, 11713",Suffolk,,N/A,Unforeseeable business circumstances prompted by COVID 19,"1,679",83,83
"quantPORT Division of Jeffries Investment Advisers, LLC (NYC)",2020-05-31,2020-05-07,2020-05-07,"520 Madison Avenue  New York, NY, 10222",New York,,N/A,Restructuring,1,82,82
"Quartz Media, Inc.",2020-05-28,2020-05-14,2020-05-14,"675 6th Ave  New York, NY, 10011",New York,,N/A,Economic,59,52,52
"Queens Center Apple, LLC",2020-03-17,2020-03-25,2020-03-25,"90-15 Queens Blvd  Elmhurst, NY, 11373",Queens,,N/A,Unforeseeable business circumstances prompted by COVID 19,"1,408",53,53
"Quick Pickle, LLC aka Jacob's Pickles TOM",2020-03-15,2020-03-25,2020-03-25,"55 Water Street, Unit #K6  Brooklyn, NY, 11201",Kings,,N/A,Unforeseeable business circumstances prompted by COVID 19,"1,351",10,10
"Quincy Compressor, LLC",2020-04-03,2020-04-22,2020-04-22,"87 East Jefryn Blvd., Unit B  Deer Park, NY, 11729",Suffolk,,N/A,Unforeseeable business circumstances prompted by COVID 19,702,20,20
"Quixote Studios, LLC",2020-03-23,2020-03-19,2020-03-19,"1082 Flushing Avenue  Brooklyn, NY, 11237",New York,,N/A,Unforeseeable business circumstances prompted by COVID 19,"1,666",6,6
"Rag & Bone Industries, LLC and Rag Traders Retail, LLC (multiple sites)",2020-03-31,2020-04-03,2020-04-03,"253 36th Street, 6th Floor  Brooklyn, NY, 11323",Kings,,N/A,Unforeseeable business circumstances prompted by COVID 19,979,177,177
Rai Rai Ken Corporation dba Rai Rai Ken,2020-03-20,2020-03-25,2020-03-25,"1467 Amsterdam Avenue  New York, NY, 10027",New York,,N/A,Unforeseeable business circumstances prompted by COVID 19,"1,394",,
"Rainbow Room, LLC",2020-03-13,2020-07-27,2020-07-27,"30 Rockefeller Plaza, 65th Floor  New York, NY, 10112",New York,,N/A,Unforeseeable business circumstances prompted by COVID 19,271,157,157
Ralph Lauren Corporation (Multiple Sites),2020-09-11,2020-10-14,2020-10-14,"650 Madison Avenue , 550 7th Avenue, 115 5th Ave., 601 West 26th St., 30-30 47th Ave., 47-25 34th St., 48-49 35th St., & one remote employee  New York, NY, ",New York,,N/A,Unforeseeable business circumstances prompted by COVID 19,60,333,333
"RDG Global, LLC",2020-03-25,2020-04-03,2020-04-03,"530 Fashion Avenue, #302  New York, NY, 10018",New York,,N/A,Unforeseeable business circumstances prompted by COVID 19,990,28,28
Reading International d/b/a Angelika Theatre,2020-03-31,2020-03-31,2020-03-31,"18 West Houston St.  New York, NY, 10012",New York,,N/A,Unforeseeable business circumstances prompted by COVID 19,"1,126",34,34
"Red Rooster Harlem, LLC",2020-03-16,2020-03-20,2020-03-20,"310 Lenox Ave.  New York, NY, 10027",New York,,N/A,Unforeseeable business circumstances prompted by COVID 19,"1,593",138,138
Refinery Lobby Bar LLC,2020-03-16,2020-03-30,2020-03-30,"63 W 38th Street  New York, NY, 10018",New York,,N/A,Unforeseeable business circumstances prompted by COVID 19,"1,187",27,27
"Refresh Club, Inc. dba The Wing",2020-07-01,2020-06-26,2020-06-26,"137 2nd Avenue  New York, NY, 10003",New York,,N/A,Unforeseeable business circumstances prompted by COVID 19,355,56,56
"Refresh Club, Inc. dba The Wing (2 locations)",2020-04-03,2020-04-03,2020-04-03,"137 2nd Avenue  New York, NY, 10003",New York,,N/A,Unforeseeable business circumstances prompted by COVID 19,991,113,113
"Refuah Health Center, Inc. (South Fallsburg)",2020-06-17,2020-03-16,2020-03-16,"36 Laurel Ave.  South Fallsburg, NY, 12779",Sullivan,,N/A,Economic,79,,
"Refuah Health Center, Inc. (Spring Valley, N. Main St.)",2020-06-17,2020-03-16,2020-03-16,"728 N. Main Street  Spring Valley, NY, 10977",Rockland,,N/A,Reduction in force,1,34,34
"Refuah Health Center, Inc. (Spring Valley,Twin Avenue)",2020-06-17,2020-03-16,2020-03-16,"5 Twin Avenue  Spring Valley, NY, 10977",Rockland,,N/A,Reduction in force,2,,
Regal Cinema,2020-03-16,2020-04-29,2020-04-29,"2 Hudson Valley locations  Mohegan Lake, NY, 10547",Westchester,,N/A,Unforeseeable business circumstances prompted by COVID 19,646,,
Regal Cinema,2020-03-16,2020-04-29,2020-04-29,"2 Long Island locations  Deer Park, NY, 11729",Suffolk,,N/A,Unforeseeable business circumstances prompted by COVID 19,644,,
Regal Cinema,2020-03-16,2020-04-29,2020-04-29,"3 Western Region locations  Buffalo, NY, 14225",Erie,,N/A,Unforeseeable business circumstances prompted by COVID 19,635,,
Regal Cinema,2020-03-16,2020-04-29,2020-04-29,"7 New York City locations  New York, NY, 10003",New York,,N/A,Unforeseeable business circumstances prompted by COVID 19,639,"1,004","1,004"
Regal Cinema,2020-03-16,2020-04-29,2020-04-29,"40 Catherwood Road  Ithaca, NY, 14850",Tompkins,,N/A,Unforeseeable business circumstances prompted by COVID 19,645,,
Regal Cinema,2020-03-16,2020-04-29,2020-04-29,"70 Eastview Mall Drive  Victor, NY, 14564",Ontario,,N/A,Unforeseeable business circumstances prompted by COVID 19,641,,
Regal Cinema,2020-03-16,2020-04-29,2020-04-29,"120 B Washington Avenue Extension  Albany, NY, 12203",Albany,,N/A,Unforeseeable business circumstances prompted by COVID 19,632,,
Regal Cinema,2020-03-16,2020-04-29,2020-04-29,"9586 Destiny USA Drive  Syracuse, NY, 13204",Onondaga,,N/A,Unforeseeable business circumstances prompted by COVID 19,640,,
Regal Cinema,2020-03-16,2020-04-29,2020-04-29,"21182 Salmon Run Mall Loop West  Watertown, NY, 13601",Jefferson,,N/A,Unforeseeable business circumstances prompted by COVID 19,636,,
Regency Restaurant LLC dba LeGrande Restaurant and Serafina Restaurant,2020-03-01,2020-06-08,2020-06-08,"224 W 49th St.  New York, NY, 10019",New York,,N/A,Unforeseeable business circumstances prompted by COVID 19,486,98,98
"Reliant Services Group, LLC dba Reliant Funding",2020-04-03,2020-04-03,2020-04-03,"6901 Jericho Tpke #218  Syosset, NY, 11791",Nassau,,N/A,Unforeseeable business circumstances prompted by COVID 19,982,18,18
"Remington Arms Company, LLC",2020-10-21,2020-07-28,2020-07-28,"14 Hoefler Avenue  Ilion, NY, 13357",Herkimer,,N/A,Economic Sale of business,1,701,701
"Renaissance Hotel Operating Co, dba Renaissance New York Times Square Hotel",2020-03-14,2020-06-08,2020-06-08,"714 7th Avenue  New York, NY, 10036",New York,,N/A,Unforeseeable business circumstances prompted by COVID 19,487,138,138
Renaissance New York Chelsea,2020-03-20,2020-03-20,2020-03-20,"112 West 25th Street  New York, NY, 10001",New York,,N/A,Unforeseeable business circumstances prompted by COVID 19,"1,594",34,34
Renaissance Westchester,2020-03-16,2020-03-16,2020-03-16,"80 West Oak Lane Rd.  West Harrison, NY, 10604",Westchester,,N/A,Unforeseeable business circumstances prompted by COVID 19,"1,831",130,130
"Rent the Runway, Inc.",2020-04-01,2020-03-27,2020-03-27,"30 W. 15th St.  New York, NY, 10011",New York,,N/A,Unforeseeable business circumstances prompted by COVID 19,"1,258",36,36
Renzi Foodservice,2020-03-20,2020-03-23,2020-03-23,"901 Rail Drive  Watertown, NY, 13601",Jefferson,,N/A,Unforeseeable business circumstances prompted by COVID 19,"1,476",,
Republic Airways Inc. (LaGuardia Airport & 7 North Drive),2020-10-01,2020-07-30,2020-07-30,"LaGuardia Airport, Ditmars Boulevard and 94th Street  Flushing, NY, 11372",Queens,,N/A,Unforeseeable business circumstances prompted by COVID 19,262,0,0
"Residence Inn, World Trade Center",2020-03-11,2020-06-09,2020-06-09,"700 8th Avenue  New York, NY, 10036",New York,,N/A,Unforeseeable business circumstances prompted by COVID 19,475,36,36
"Restaurant Associates (1 World Trade Center, NYC)",2020-03-13,2020-07-13,2020-07-13,"1 World Trade Center  New York, NY, 10007",New York,,N/A,Unforeseeable business circumstances prompted by COVID 19,304,26,26
Restaurant Associates (8 East 50th St.),2020-10-01,2020-09-21,2020-09-21,"8 East 50th St.  New York, NY, 10022",New York,,N/A,Unforeseeable business circumstances prompted by COVID 19,114,106,106
"Restaurant Associates (200 Vesey Street, NYC)",2020-03-27,2020-08-20,2020-08-20,"200 Vesey Street  New York, NY, 10285",New York,,N/A,Unforeseeable business circumstances prompted by COVID 19,198,80,80
"Restaurant Associates (388 Greenwich St., NYC)",2020-07-27,2020-07-24,2020-07-24,"388 Greenwich St.  New York, NY, 10013",New York,,N/A,Unforeseeable business circumstances prompted by COVID 19,276,30,30
"Restaurant Associates (611 Fifth Avenue, 9th Floor, NYC)",2020-12-18,2020-12-14,2020-12-14,"611 Fifth Avenue, 9th Floor  New York, NY, 10022",New York,,N/A,Unforeseeable business circumstances prompted by COVID 19,11,60,60
"Restaurant Associates (1515 Broadway, NYC)",2020-03-17,2020-09-22,2020-09-22,"1515 Broadway  New York, NY, 10003",New York,,N/A,Unforeseeable business circumstances prompted by COVID 19,113,47,47
"Restaurant Associates (at 620 8th Avenue, NYC)",2020-09-25,2020-09-21,2020-09-21,"620 8th Avenue  New York, NY, 10018",New York,,N/A,Unforeseeable business circumstances prompted by COVID 19,115,39,39
Restaurant Associates (at Alliance Bernstein),2020-07-31,2020-06-01,2020-06-01,"1345 Avenue of the Americas  New York, NY, 10105",New York,,N/A,Loss of Contract as a result of the unforeseeable business circumstances prompted by COVID 19,1,35,35
Restaurant Associates (at American Museum of Natural History),2020-03-12,2020-07-29,2020-07-29,"200 Central Park West  New York, NY, 10024",New York,,N/A,Unforeseeable business circumstances prompted by COVID 19,264,66,66
"Restaurant Associates (at Nomura, World Wide Plaza)",2020-10-01,2020-09-25,2020-09-25,"309 W 49th St., 25th Floor  New York, NY, 10019",New York,,N/A,Unforeseeable business circumstances prompted by COVID 19,105,31,31
"Restaurant Associates (Lincoln Center Plaza, NYC)",2020-03-13,2020-07-14,2020-07-14,"Lincoln Center Plaza  New York, NY, 10023",New York,,N/A,Unforeseeable business circumstances prompted by COVID 19,297,83,83
RF Broadway LLC dba RedFarm,2020-03-16,2020-03-27,2020-03-27,"2170 Broadway  New York, NY, 10024",New York,,N/A,Unforeseeable business circumstances prompted by COVID 19,"1,259",67,67
RF Hudson LLC dba RedFarm,2020-03-16,2020-03-27,2020-03-27,"529 Hudson Street  New York, NY, 10014",New York,,N/A,Unforeseeable business circumstances prompted by COVID 19,"1,260",61,61
RHM 88 LLC at Millennium Hilton New York One Un Plaza,2020-03-15,2020-07-14,2020-07-14,"One United Nations Plaza  New York, NY, 10017",New York,,N/A,Unforeseeable business circumstances prompted by COVID 19,298,162,162
Ribworks dba Billy Joe's Ribworks,2020-03-16,2020-03-23,2020-03-23,"26 Front Street  Newburgh, NY, 12550",Orange,,N/A,Unforeseeable business circumstances prompted by COVID 19,"1,518",82,82
Rio Restaurant Associates LP dba El Rio Grande,2020-03-16,2020-03-30,2020-03-30,"160 E. 38th Street  New York, NY, 10016",New York,,N/A,Unforeseeable business circumstances prompted by COVID 19,"1,188",60,60
Rising Ground,2020-05-29,2020-04-21,2020-04-21,"4 NYC locations  Bronx/New York, NY, ",New York,,N/A,Contract Loss,2,54,54
Rivera Auto Group Inc. dba Rivera Toyota of Mount Kisco,2020-03-19,2020-03-20,2020-03-20,"325 N. Bedford Road  Mount Kisco, NY, 10549",Westchester,,N/A,Unforeseeable business circumstances prompted by COVID 19,"1,627",,
"Riverdale Apple, LLC",2020-03-17,2020-03-25,2020-03-25,"76 W. 225th Street  New York, NY, 10463",New York,,N/A,Unforeseeable business circumstances prompted by COVID 19,"1,395",51,51
Rivka Inc.,2020-03-16,2020-03-28,2020-03-28,"101 St. Marks Place  New York, NY, 10009",New York,,N/A,Unforeseeable business circumstances prompted by COVID 19,"1,216",37,37
RL Baxter Building Corp.,2020-03-30,2020-03-30,2020-03-30,"278 Mill Street, Suite 100  Poughkeepsie, NY, 12601",Dutchess,,N/A,Unforeseeable business circumstances prompted by COVID 19,"1,149",6,6
"Ro-Zap Enterprises, Inc. dba Carriage Traders",2020-04-04,2020-04-03,2020-04-03,"170 Saratoga Ave  South Glens Falls, NY, 12803",Saratoga,,N/A,Unforeseeable business circumstances prompted by COVID 19,"1,003",59,59
Robataya NY LLC dba Sakagura,2020-10-13,2020-03-20,2020-03-20,"231 E. 9th Street  New York, NY, 10003",New York,,N/A,Unforeseeable business circumstances prompted by COVID 19,"1,595",13,13
Robert and Dorothy Ludwig Schenectady Jewish Community Center,2020-03-29,2020-04-01,2020-04-01,"2565 Balltown Road  Schenectady, NY, 12309",Schenectady,,N/A,Economic,68,159,159
Rocco's Tacos and Tequilla Bar,2020-03-19,2020-03-19,2020-03-19,"339 Adams St Suite 2700  Brooklyn, NY, 11201",Kings,,N/A,Unforeseeable business circumstances prompted by COVID 19,"1,631",88,88
"Rochester Drug Co-Operative, Inc.",2020-05-13,2020-02-13,2020-02-13,"50 Jet View Drive  Rochester, NY, 14624",Monroe,,N/A,Restructure of the New York Metro market,1,98,98
Rockaway Hunting Club,2020-04-05,2020-04-07,2020-04-07,"615 Ocean Avenue  Lawrence, NY, 11559",Nassau,,N/A,Unforeseeable business circumstances prompted by COVID 19,927,34,34
Romeo Chevrolet Buick GMC,2020-04-04,2020-04-03,2020-04-03,"1655 Ulster Avenue  Lake Katrine, NY, 12449",Ulster,,N/A,Unforeseeable business circumstances prompted by COVID 19,"1,014",39,39
Romeo Ford of Kingston,2020-04-04,2020-04-03,2020-04-03,"128 Route 28  Kingston, NY, 12401",Ulster,,N/A,Unforeseeable business circumstances prompted by COVID 19,"1,015",32,32
Rony Elka Vardi Inc. d/b/a Catbird,2020-03-27,2020-03-27,2020-03-27,"219 Bedford Ave.  Brooklyn, NY, 11211",Kings,,N/A,Unforeseeable business circumstances prompted by COVID 19,"1,227",112,112
Rooftop 63 LLC,2020-03-16,2020-03-30,2020-03-30,"63 W. 38th Street  New York, NY, 10018",New York,,N/A,Unforeseeable business circumstances prompted by COVID 19,"1,189",70,70
"Rosa Mexicano Fenix Restaurant Inc. (1063 1st Ave., NYC)",2020-03-16,2020-09-08,2020-09-08,"1063 1st Ave.  New York, NY, 10022",New York,,N/A,Unforeseeable business circumstances prompted by COVID 19,145,68,68
"Rosa Mexicano Lincoln Center LLC (61 Columbus Ave., NYC)",2020-03-16,2020-09-08,2020-09-08,"61 Columbus Ave  New York, NY, 10023",New York,,N/A,Unforeseeable business circumstances prompted by COVID 19,146,155,155
Rosa Mexicano USQ LLC dba Rosa Mexicano Union Square,2019-11-03,2020-05-04,2020-05-04,"9 East 18th Street  New York, NY, 10003",New York,,N/A,Unforeseeable business circumstances prompted by COVID 19,617,105,105
Roslyn Hospitality LLC,2020-03-17,2020-03-17,2020-03-17,"1305 Old Northern Blvd.  Roslyn, NY, 11576",Nassau,,N/A,Unforeseeable business circumstances prompted by COVID 19,"1,743",75,75
ROW NYC Hotel (8th Ave.),2020-03-19,2020-05-28,2020-05-28,"700 8th Avenue  New York, NY, 10036",New York,,N/A,Unforeseeable business circumstances prompted by COVID 19,535,283,283
Royalton New York Hotel (West 44th St.),2020-02-25,2020-05-28,2020-05-28,"44 West 44th Street  New York, NY, 10036",New York,,N/A,Unforeseeable business circumstances prompted by COVID 19,536,83,83
Royalton Park Avenue,2020-03-23,2020-06-04,2020-06-04,"420 Park Ave  New York, NY, 10006",New York,,N/A,Unforeseeable business circumstances prompted by COVID 19,509,77,77
RR Donnelley (Tucker  Printers facility),2020-05-05,2020-05-05,2020-05-05,"270 Middle Rd.  Henrietta, NY, 14467",Monroe,,N/A,Unforeseeable business circumstances prompted by COVID 19,607,33,33
RSWB Corp dba Sarabeths,2020-03-16,2020-03-30,2020-03-30,"1295 Madison Ave.  New York, NY, 10128",New York,,N/A,Unforeseeable business circumstances prompted by COVID 19,"1,190",50,50
"RTW Retailwinds, Inc.",2020-05-02,2020-04-28,2020-04-28,"330 West 34th Street  New York, NY, 10001",New York,,N/A,Unforeseeable business circumstances prompted by COVID 19,652,192,192
Ruby's United LLC dba Happiest Hour,2020-03-16,2020-03-23,2020-03-23,"121 W. 10th Street  New York, NY, 10011",New York,,N/A,Unforeseeable business circumstances prompted by COVID 19,"1,506",45,45
"Rumble Fitness, LLC",2020-03-18,2020-03-20,2020-03-20,"1495 3rd Avenue  New York, NY, 10028",New York,,N/A,Unforeseeable business circumstances prompted by COVID 19,"1,596",146,146
"Russo's Payroll Group, Inc. (3 sites)",2020-03-16,2020-03-16,2020-03-16,"162-45 Cross Bay Blvd.  Howard Beach, NY, 11414",Queens,,N/A,Unforeseeable business circumstances prompted by COVID 19,"1,828",429,429
Ruth's Chris Steak House - Garden City,2020-03-30,2020-04-01,2020-04-01,"600 Old Country Road  Garden City, NY, 11530",Nassau,,N/A,Unforeseeable business circumstances prompted by COVID 19,"1,058",65,65
Ruth's Chris Steak House - NYC,2020-03-30,2020-04-01,2020-04-01,"148 W. 51st St.  New York, NY, 10019",New York,,N/A,Unforeseeable business circumstances prompted by COVID 19,"1,072",73,73
Ruth's Chris Steak House -  Tarrytown,2020-03-30,2020-04-01,2020-04-01,"670 White Plains Rd.  Tarrytown, NY, 10591",Westchester,,N/A,Unforeseeable business circumstances prompted by COVID 19,"1,078",58,58
"RWS and Associates Entertainment, Inc. dba RWS Entertainment Group",2020-06-30,2020-05-20,2020-05-20,"34-01 38th Avenue, Suite 302  Long Island City, NY, 11101",Queens,,N/A,Unforeseeable business circumstances prompted by COVID 19,560,29,29
Rye YMCA,2021-02-19,2020-12-20,2020-12-20,"21 Locust Ave.  Rye, NY, 10528",Westchester,,N/A,Unforeseeable business circumstances prompted by COVID 19,3,41,41
"S.I. Mall Apple, LLC",2020-03-17,2020-03-25,2020-03-25,"2655 Richmond Avenue  Staten Island, NY, 10314",Richmond,,N/A,Unforeseeable business circumstances prompted by COVID 19,"1,409",51,51
S.P.E.A.R. Physical and Occupational Therapy PLLC,2020-03-18,2020-03-27,2020-03-27,"220 Tompkins Avenue  Pleasantville, NY, 10570",Westchester,,N/A,Unforeseeable business circumstances prompted by COVID 19,"1,280",,
S.P.E.A.R. Physical and Occupational Therapy PLLC,2020-03-18,2020-03-27,2020-03-27,"307 Fifth Avenue  New York, NY, 10016",New York,,N/A,Unforeseeable business circumstances prompted by COVID 19,"1,261",133,133
"SADA 510 MADISON, LLC dba Empellon",2020-03-14,2020-03-24,2020-03-24,"510 Madison Ave.  New York, NY, 10022",New York,,N/A,Unforeseeable business circumstances prompted by COVID 19,"1,449",106,106
Sahara Dreams LLC dba Dream Downtown,2020-03-23,2020-06-06,2020-06-06,"355 W 16th Street  New York, NY, 10011",New York,,N/A,Unforeseeable business circumstances prompted by COVID 19,493,119,119
Saltbae LLC dba Saltbae Burger,2020-03-16,2020-03-16,2020-03-16,"220 Park Ave.  New York, NY, 10003",New York,,N/A,Unforeseeable business circumstances prompted by COVID 19,"1,817",,
San Carlos Hotel,2020-03-16,2020-03-09,2020-03-09,"150 East  50th Street  New York, NY, 10022",New York,,N/A,Unforeseeable business circumstances prompted by COVID 19,"1,853",36,36
Sankara NY LLC dba Castle Hotel and Spa,2020-03-17,2020-05-08,2020-05-08,"400 Benedict Avenue  Tarrytown, NY, 10591",Westchester,,N/A,Unforeseeable business circumstances prompted by COVID 19,598,84,84
"Santander Bank, N.A. (2 Long Island sites)",2020-12-04,2020-09-30,2020-09-30,"2 Long Island locations  Melville, NY, 11747",Suffolk,,N/A,Economic,19,7,7
"Santander Bank, N.A. (several NYC sites)",2020-12-04,2020-09-30,2020-09-30,"Several NYC locations  New York, NY, ",New York,,N/A,Economic,18,37,37
Sarabeths CPS LLC dba Sarabeths,2020-03-16,2020-03-30,2020-03-30,"40 Central Park South  New York, NY, 10019",New York,,N/A,Unforeseeable business circumstances prompted by COVID 19,"1,191",102,102
Sarabeths PAS LLC dba Sarabeths,2020-03-16,2020-03-30,2020-03-30,"381 Park Ave. South  New York, NY, 10016",New York,,N/A,Unforeseeable business circumstances prompted by COVID 19,"1,192",77,77
Sarabeths Tribeca LLC dba Sarabeths,2020-03-16,2020-03-30,2020-03-30,"100 West Houston Street  New York, NY, 10013",New York,,N/A,Unforeseeable business circumstances prompted by COVID 19,"1,193",54,54
Saratoga Casino Holdings LLC,2020-03-16,2020-07-15,2020-07-15,"342 Jefferson Street  Saratoga Springs, NY, 12866",Saratoga,,N/A,Unforeseeable business circumstances prompted by COVID 19,292,401,401
Saratoga Center for Care LLC dba Saratoga Center for Rehabilitation and Skilled Nursing Care (Ballston Spa),2021-01-29,2020-12-15,2020-12-15,"149 Ballston Avenue  Ballston Spa, NY, 12020",Saratoga,,N/A,Unforeseeable business circumstances prompted by COVID 19,7,121,121
"SB Clinical Network IPA, LLC",2020-05-06,2020-02-04,2020-02-04,"1383-8 Veterans Memorial Highway   Hauppauge, NY, 11788",Suffolk,,N/A,Economic,128,60,60
SBE dba Umami 57th Street and Privilege Bar,2020-03-16,2020-03-27,2020-03-27,"120 West 57th Street (2 businesses at same address)  New York, NY, 10019",New York,,N/A,Unforeseeable business circumstances prompted by COVID 19,"1,262",71,71
SBG Construction Corp.,2020-03-30,2020-03-30,2020-03-30,"1141 Oak Point Avenue  Bronx, NY, 10474",Bronx,,N/A,Unforeseeable business circumstances prompted by COVID 19,"1,148",29,29
SBR&C LLC,2020-03-30,2020-03-23,2020-03-23,"300 Father Capodanno Blvd.  Staten Island, NY, 10305",Richmond,,N/A,Unforeseeable business circumstances prompted by COVID 19,"1,526",75,75
"Schatzi Corp, Wallse Restaurant",2020-03-16,2020-03-20,2020-03-20,"344 West 11 St.  New York, NY, 10014",New York,,N/A,Unforeseeable business circumstances prompted by COVID 19,"1,597",32,32
Schwing Electrical Supply Corp. (6 Long Island sites),2020-04-01,2020-04-30,2020-04-30,"122 Allen Boulevard  Farmingdale, NY, 11735",Nassau,,N/A,Unforeseeable business circumstances prompted by COVID 19,625,35,35
Scott J. Salons (multiple sites),2020-03-21,2020-03-21,2020-03-21,"6 NYC sites  New York/Brooklyn, NY, ",New York,,N/A,Unforeseeable business circumstances prompted by COVID 19,"1,544",202,202
Scott's Buffalo Suites LLC (Hawthorn Suites),2020-03-25,2020-03-27,2020-03-27,"8005 Sheridan Drive  Williamsville, NY, 14221",Erie,,N/A,Unforeseeable business circumstances prompted by COVID 19,"1,221",24,24
Scott's Peak n' Peek Resort LLC,2020-03-16,2020-03-18,2020-03-18,"1405 Old Road  Clymer, NY, 14724",Chautauqua,,N/A,Unforeseeable business circumstances prompted by COVID 19,"1,686",669,669
Scotto Brothers Corporate Office,2020-03-26,2020-03-26,2020-03-26,"40 Crossways Park Drive, Suite 100  Woodbury, NY, 11797",Nassau,,N/A,Unforeseeable business circumstances prompted by COVID 19,"1,293",3,3
Screen Actors Guild-American Federation of Television & Radio Artists (SAG-AFTRA),2020-05-16,2020-04-30,2020-04-30,"1900 Broadway, 5th Floor  New York, NY, 10023",New York,,N/A,Unforeseeable business circumstances prompted by COVID 19,628,48,48
Sealy,2020-03-23,2020-03-23,2020-03-23,"30 Veterans Memorial Dr.  Green Island, NY, 12183",Albany,,N/A,Unforeseeable business circumstances prompted by COVID 19,"1,468",140,140
"Sear 200 LLC, d/b/a Sear Steakhouse Seventh Hospitality LLC d/b/a Legasea",2020-03-17,2020-04-02,2020-04-02,"200 Delaware Avenue  Buffalo, NY, 14202",Erie,,N/A,Unforeseeable business circumstances prompted by COVID 19,"1,023",73,73
Second Street Restaurant LLC dba Rosies,2020-03-15,2020-03-16,2020-03-16,"29 East Second Street  New York, NY, 10003",New York,,N/A,Unforeseeable business circumstances prompted by COVID 19,"1,818",72,72
Security Dodge Chrysler Jeep Ram,2020-03-23,2020-04-08,2020-04-08,"345 Merrick Road  Amityville, NY, 11701",Suffolk,,N/A,Unforeseeable business circumstances prompted by COVID 19,920,85,85
Semiconductor Components Industries LLC dba ON Semiconductor,2020-07-30,2020-04-24,2020-04-24,"1964 Lake Avenue  Rochester, NY, 14615",Monroe,,N/A,Economic,62,102,102
Sera Security Services LLC,2020-06-30,2020-04-22,2020-04-22,"2804A 3rd Ave.  Brooklyn, NY, 10455",Kings,,N/A,Economic,63,923,923
Seventh Hospitality LLC dba Legasea Magic Hour and Bar Moxy (Moxy Times Square F&B),2020-03-23,2020-04-01,2020-04-01,"485 7th Avenue  New York, NY, 10018",New York,,N/A,Unforeseeable business circumstances prompted by COVID 19,"1,073",212,212
Seventh Hospitality LLC dba Legasea Magic Hour and Bar Moxy (Moxy Times Square F&B) (NYC),2020-08-10,2020-08-11,2020-08-11,"485 7th Avenue  New York, NY, 10018",New York,,N/A,Unforeseeable business circumstances prompted by COVID 19,231,8,8
Seventh Street Café,2020-03-16,2020-03-25,2020-03-25,"126 7th Street  Garden City, NY, 11530",Suffolk,,N/A,Unforeseeable business circumstances prompted by COVID 19,"1,414",25,25
SH RG IBB,2020-03-22,2020-03-25,2020-03-25,"60 Furman Street  Brooklyn, NY, 11201",Kings,,N/A,Unforeseeable business circumstances prompted by COVID 19,"1,352",127,127
"Shake Shack Enterprises, LLC dba Hudson Yards Shake Shack",2020-03-17,2020-04-17,2020-04-17,"20 Hudson Yards  New York, NY, 10001",New York,,N/A,Unforeseeable business circumstances prompted by COVID 19,765,40,40
"Shake Shack Enterprises, LLC dba Woodbury Commons Shake Shack",2020-03-19,2020-04-17,2020-04-17,"199 Niagra Lane  Central Valley, NY, 10917",Orange,,N/A,Unforeseeable business circumstances prompted by COVID 19,778,62,62
"Sharestates, Inc. (2 locations)",2020-04-10,2020-04-14,2020-04-14,"45 North Station Plaza, Suite 400, Great Neck  Great Neck, NY, 11021",Nassau,,N/A,Unforeseeable business circumstances prompted by COVID 19,803,18,18
"Sheepshead Apple, LLC",2020-03-17,2020-03-25,2020-03-25,"2505 Emmons Avenue  Brooklyn, NY, 11235",Kings,,N/A,Unforeseeable business circumstances prompted by COVID 19,"1,353",67,67
Sheraton LaGuardia East Hotel,2020-03-13,2020-07-22,2020-07-22,"135-20 39th Avenue  Flushing, NY, 11354",Queens,,N/A,Unforeseeable business circumstances prompted by COVID 19,282,69,69
"Shinko Foods Inc., dba Shabu-Tatsu",2020-10-13,2020-03-16,2020-03-16,"216 East 10th Street  New York, NY, 10003",New York,,N/A,Unforeseeable business circumstances prompted by COVID 19,"1,819",1,1
"Shinko Foods, Inc. dba Curry-Ya",2020-03-20,2020-03-20,2020-03-20,"214 East 10th Street  New York, NY, 10003",New York,,N/A,Unforeseeable business circumstances prompted by COVID 19,"1,598",4,4
Shults Auto Group (9 locations),2020-03-20,2020-03-23,2020-03-23,"  Olean/Jamestown/Lakewood, NY, ",Cattaraugus,,N/A,Unforeseeable business circumstances prompted by COVID 19,"1,469",,
"Siemens Government Technologies, Inc. (formerly Dresser Rand)",2020-04-24,2020-01-24,2020-01-24,"37 Coats Street  Wellsville, NY, 14895",Allegany,,N/A,Sale of heritage Dresser Rand SGT Government business products portfolio to Curtiss Wright,1,149,149
Silver Autumn Hotel (NY) Corporation LTD dba Warwick New York Hotel,2020-03-24,2020-03-17,2020-03-17,"65 West 54th Street  New York, NY, 10019",New York,,N/A,Unforeseeable business circumstances prompted by COVID 19,"1,767",187,187
Sing Street Broadway LLC,2020-03-12,2020-06-15,2020-06-15,"420 West 45th Street, 2nd Floor  New York, NY, 10036",New York,,N/A,Unforeseeable business circumstances prompted by COVID 19,439,60,60
"Six on Broadway, L.P. (SIX at the Brooks Atkinson Theatre, NYC)",2020-03-12,2020-06-20,2020-06-20,"256 West 47th Street  New York, NY, 10036",New York,,N/A,Unforeseeable business circumstances prompted by COVID 19,381,32,32
"Sixty Hospitality, LLC dba Avra Madison Estiatorio",2020-03-23,2020-03-23,2020-03-23,"14 East 60th Street  New York, NY, 10022",New York,,N/A,Unforeseeable business circumstances prompted by COVID 19,"1,507",212,212
Sky Chefs Inc.,2020-10-01,2020-06-30,2020-06-30,"JFK International Airport, West Hangar Road, Building 139  Jamaica, NY, 11430",Queens,,N/A,Unforeseeable business circumstances prompted by COVID 19,347,730,730
"SleepNoMore N.A., LLC",2020-03-06,2020-03-16,2020-03-16,"530 West 27th Street  New York, NY, 10001",New York,,N/A,Unforeseeable business circumstances prompted by COVID 19,"1,820",9,9
Slip Anchor LP dba Augustine Restaurant,2020-03-16,2020-07-31,2020-07-31,"5 Beekman Street  New York, NY, 10038",New York,,N/A,Unforeseeable business circumstances prompted by COVID 19,257,86,86
"Slocum Dickson Medical Group, PLLC",2020-04-03,2020-04-09,2020-04-09,"1729 Burrstone Road  New Hartford, NY, 13413",Oneida,,N/A,Unforeseeable business circumstances prompted by COVID 19,876,33,33
Smith Haven Auto Group (3 sites),2020-03-22,2020-04-03,2020-04-03,"827 Jericho Turnpike  St. James, NY, 11780",Suffolk,,N/A,Unforeseeable business circumstances prompted by COVID 19,"1,010",130,130
Smithtown Steakhouse LLC dba Insignia Prime Steak Sushi,2020-03-26,2020-03-25,2020-03-25,"610 Smithtown Bypass  Smithtown, NY, 11787",Suffolk,,N/A,Unforeseeable business circumstances prompted by COVID 19,"1,415",105,105
"Sobaya Restaurant Inc., dba HI-COLLAR",2020-03-20,2020-03-20,2020-03-20,"214 East 10th Street  New York, NY, 10003",New York,,N/A,Unforeseeable business circumstances prompted by COVID 19,"1,599",9,9
"Sobaya Restaurant, Inc dba Rai Rai Ken",2020-03-20,2020-03-20,2020-03-20,"218 East 10th Street  New York, NY, 10003",New York,,N/A,Unforeseeable business circumstances prompted by COVID 19,"1,600",11,11
"Sobaya Restaurant, Inc. dba Sobaya",2020-03-19,2020-03-19,2020-03-19,"229 E. 9th Street  New York, NY, 10003",New York,,N/A,Unforeseeable business circumstances prompted by COVID 19,"1,667",3,3
"Sodexo, Inc. (at Cafe St. Bart's-Inside Park (NYC)",2020-11-20,2020-12-07,2020-12-07,"109 E. 50th St.  New York, NY, 10022",New York,,N/A,Unforeseeable business circumstances prompted by COVID 19,20,46,46
"Sodexo, Inc. (at EF Education First, Tarrytown)",2020-09-30,2020-10-07,2020-10-07,"EF Education First, 100 Marymount Avenue  Tarrytown, NY, 10591",Westchester,,N/A,Unforeseeable business circumstances prompted by COVID 19,68,45,45
"Sodexo, Inc. (at Manhattan College)",2020-08-23,2020-06-24,2020-06-24,"4513 Manhattan College Pkwy  Bronx, NY, 10471",Bronx,,N/A,Manhattan College terminating contract with Sodexo Inc to provide Management oversight activities related to facilities service operations on Campus,1,34,34
"Sodexo, Inc. (at OAS at SUNY Oneonta)",2020-09-30,2020-09-18,2020-09-18,"215 Hunt Union, 81 Ravine Parkway  Oneonta, NY, 13820",Otsego,,N/A,Unforeseeable business circumstances prompted by COVID 19,120,71,71
"Sodexo, Inc. (at Rensselaer Polytechnic Institute)",2020-03-13,2020-08-07,2020-08-07,"2144 Burdett Ave  Troy, NY, 12180",Rensselaer,,N/A,Unforeseeable business circumstances prompted by COVID 19,244,113,113
"Sodexo, Inc. and Subsidiaries (at University Auxiliary Services - UAlbany)",2020-09-24,2020-09-24,2020-09-24,"1400 Washington Avenue, Campus Center, 2nd Floor  Albany, NY, 12222",Albany,,N/A,Unforeseeable business circumstances prompted by COVID 19,109,126,126
Soho 54 Hotel,2020-03-19,2020-03-20,2020-03-20,"54 Watts Street  New York, NY, 10013",New York,,N/A,Unforeseeable business circumstances prompted by COVID 19,"1,601",37,37
Soho - Dumbo Inc.,2020-03-29,2020-04-06,2020-04-06,"55 Water Street  Brooklyn, NY, 11201",Kings,,N/A,Unforeseeable business circumstances prompted by COVID 19,944,102,102
"Soho House New York, Inc.",2020-03-16,2020-03-24,2020-03-24,"29 9th Ave  New York, NY, 10014",New York,,N/A,Unforeseeable business circumstances prompted by COVID 19,"1,450",244,244
"Soho House New York, LLC",2020-03-20,2020-03-24,2020-03-24,"515 W. 20th Street, #5W  New York, NY, 10011",New York,,N/A,Unforeseeable business circumstances prompted by COVID 19,"1,451",67,67
"Soho-Cecconis, LLC",2020-03-29,2020-04-06,2020-04-06,"55 Water Street  Brooklyn, NY, 11201",Kings,,N/A,Unforeseeable business circumstances prompted by COVID 19,945,104,104
"Soho-Ludlow Tenant, Inc.",2020-03-16,2020-03-24,2020-03-24,"139 Ludlow Street  New York, NY, 10002",New York,,N/A,Unforeseeable business circumstances prompted by COVID 19,"1,452",112,112
Soho-Works 55 Water Inc.,2020-03-17,2020-04-03,2020-04-03,"55 Water Street  Brooklyn, NY, 11201",Kings,,N/A,Unforeseeable business circumstances prompted by COVID 19,980,8,8
Solomon R. Guggenheim Museum Foundation,2020-03-13,2020-07-27,2020-07-27,"1071 Fifth Avenue  New York, NY, 10128",New York,,N/A,Unforeseeable business circumstances prompted by COVID 19,272,66,66
"Somerset Operating Company, LLC",2020-05-29,2020-02-27,2020-02-27,"7725 Lake Road  Barker, NY, 14012",Niagara,,N/A,Economic and stricter new State air emission regulations designed to eliminate coal generation in New York,1,67,67
"Somos Healthcare Providers, Inc.",2020-09-30,2020-03-24,2020-03-24,"519 Eighth Ave, 14th Floor  New York, NY, 10018",New York,,N/A,Economic,74,101,101
Songren Management Corp. (multiple locations),2020-03-18,2020-03-18,2020-03-18,"16 locations  New York/Long Island City/Brooklyn, NY, 11377",New York,,N/A,Unforeseeable business circumstances prompted by COVID 19,"1,725",126,126
"Sound Associates, Inc.",2020-06-19,2020-08-26,2020-08-26,"424 W. 45th Street  New York, NY, 10036",New York,,N/A,Unforeseeable business circumstances prompted by COVID 19,186,44,44
"Sound Associates, Inc. (Yonkers)",2020-06-19,2020-08-26,2020-08-26,"979 Saw Mill River Rd.  Yonkers, NY, 10178",Westchester,,N/A,Unforeseeable business circumstances prompted by COVID 19,187,103,103
"South Central Restaurant, LLC dba TIJUANA PICNIC",2020-03-16,2020-03-23,2020-03-23,"151 Essex Street  New York, NY, 10002",New York,,N/A,Unforeseeable business circumstances prompted by COVID 19,"1,508",33,33
Southern Tier Insulations,2020-03-27,2020-04-02,2020-04-02,"3150 Buckingham Road  Endwell, NY, 13760",Broome,,N/A,Unforeseeable business circumstances prompted by COVID 19,"1,019",35,35
Southwest Airlines Co. (Albany International Airport),2020-03-15,2020-12-03,2020-12-03,"737 Albany Shaker Road  Colonie, NY, 12211",Albany,,N/A,Unforeseeable business circumstances prompted by COVID 19,22,,
Southwest Airlines Co. (Buffalo Niagara Int'l Airport),2020-03-15,2020-12-03,2020-12-03,"4200 Genesee Street  Buffalo, NY, 14225",Erie,,N/A,Unforeseeable business circumstances prompted by COVID 19,23,,
Southwest Airlines Co. (Greater Rochester Int'l Airport),2020-03-15,2020-12-03,2020-12-03,"1200 Brooks Avenue  Rochester, NY, 14624",Monroe,,N/A,Unforeseeable business circumstances prompted by COVID 19,24,,
Southwest Airlines Co. (LaGuardia Airport),2020-03-15,2020-12-03,2020-12-03,"Central Terminal Drive  East Elmhurst, NY, 11371",Queens,,N/A,Unforeseeable business circumstances prompted by COVID 19,26,,
Southwest Airlines Co. (Long Island MacArthur Airport),2020-03-15,2020-12-03,2020-12-03,"100 Arrival Avenue  Ronkonkoma, NY, 11779",Nassau,,N/A,Unforeseeable business circumstances prompted by COVID 19,25,,
SP+ (at Buffalo Niagara International Airport),2020-09-24,2020-09-24,2020-09-24,"4200 Genesee Street  Buffalo, NY, 14225",Erie,,N/A,Unforeseeable business circumstances prompted by COVID 19,110,90,90
Space-Craft Worldwide Inc.,2020-03-16,2020-05-20,2020-05-20,"47 Wireless Boulevard  Hauppauge, NY, 11788",Suffolk,,N/A,Unforeseeable business circumstances prompted by COVID 19,561,113,113
Special Event Staffing,2020-03-30,2020-03-30,2020-03-30,"583 Park Avenue  New York, NY, 10065",New York,,N/A,Unforeseeable business circumstances prompted by COVID 19,"1,194",297,297
Spectronics Corporation,2020-07-17,2020-06-25,2020-06-25,"956 Brush Hollow Road  Westbury, NY, 11590",Nassau,,N/A,Sale of Non Destructive Testing Division,1,45,45
Speedy Romeo LLC,2020-03-22,2020-03-26,2020-03-26,"376 Classon Avenue  Brooklyn, NY, 11238",Kings,,N/A,Unforeseeable business circumstances prompted by COVID 19,"1,285",29,29
"SpencerARL New York, Inc.",2020-03-23,2020-03-23,2020-03-23,"31 Area Development Dr.  Plattsburgh, NY, 12901",Clinton,,N/A,Unforeseeable business circumstances prompted by COVID 19,"1,470",107,107
"SPIN New York E-54, LLC (7 E. 54th St., NYC)",2020-03-17,2020-09-08,2020-09-08,"7 E. 54th Street  New York, NY, 10022",New York,,N/A,Unforeseeable business circumstances prompted by COVID 19,147,49,49
"SPIN New York, LLC (48 E. 23rd St., NYC)",2020-03-17,2020-09-08,2020-09-08,"48 E. 23rd Street  New York, NY, 10010",New York,,N/A,Unforeseeable business circumstances prompted by COVID 19,148,80,80
Spire Hospitality (at High Peaks Resort),2020-03-20,2020-03-30,2020-03-30,"High Peaks Resort, 2384 Saranac Avenue  Lake Placid, NY, 12946",Essex,,N/A,Unforeseeable business circumstances prompted by COVID 19,"1,151",90,90
"Spirit & Sanzone Distributors Co., Inc.",2020-06-01,2020-04-27,2020-04-27,"6495 Fly Road, P.O. Box 696  East Syracuse, NY, 13067",Onondaga,,N/A,Sale of Business,2,64,64
"Spirit & Sanzone Distributors Co., Inc.",2020-06-01,2020-04-27,2020-04-27,"9396 Route 49  Marcy, NY, 13403",Oneida,,N/A,Sale of Business,1,32,32
"Sports Physical Therapy of New York, PC",2020-03-20,2020-03-24,2020-03-24,"6319 Fly Road, Suite 3  East Syracuse, NY, 13057",Onondaga,,N/A,Unforeseeable business circumstances prompted by COVID 19,"1,458",59,59
Spotted Dog Ventures LLC dba Emerson Resort & Spa,2020-03-19,2020-03-19,2020-03-19,"5340 Route 28  Mount Tremper, NY, 12457",Ulster,,N/A,Unforeseeable business circumstances prompted by COVID 19,"1,680",147,147
"Springhill SMC, LLC dba Springhill Suites New York Midtown Manhattan-Fifth Avenue",2020-03-30,2020-06-05,2020-06-05,"25 West 37th Street  New York, NY, 10018",New York,,N/A,Unforeseeable business circumstances prompted by COVID 19,497,57,57
"SRHG West, LLC",2020-03-23,2020-03-25,2020-03-25,"281 Park Ave. S  New York, NY, 10010",New York,,N/A,Unforeseeable business circumstances prompted by COVID 19,"1,396",181,181
SRNY Associates LLC dba Shoreham Hotel (NYC),2020-03-16,2020-05-11,2020-05-11,"33 W 55th Street  New York, NY, 10019",New York,,N/A,Unforeseeable business circumstances prompted by COVID 19,591,62,62
SS 110 LLC dba One 10,2020-03-26,2020-03-25,2020-03-25,"569 Broadhollow Road  Melville, NY, 11747",Suffolk,,N/A,Unforeseeable business circumstances prompted by COVID 19,"1,416",163,163
SS Bijou LLC dba Jewel,2020-03-26,2020-03-25,2020-03-25,"400 Broadhollow Road  Melville, NY, 11747",Suffolk,,N/A,Unforeseeable business circumstances prompted by COVID 19,"1,417",121,121
SSP America (at JFK International Airport),2020-10-14,2020-07-10,2020-07-10,"JFK International Airport  Jamaica, NY, 11430",Queens,,N/A,Unforeseeable business circumstances prompted by COVID 19,313,889,889
SSP America (at LaGuardia Airport),2020-10-14,2020-07-10,2020-07-10,"LaGuardia Airport  Flushing, NY, 11371",Queens,,N/A,Unforeseeable business circumstances prompted by COVID 19,314,132,132
St. Helene LLC dba bar Sardine,2020-03-15,2020-03-19,2020-03-19,"183 West 10th Street  New York, NY, 10014",New York,,N/A,Unforeseeable business circumstances prompted by COVID 19,"1,668",22,22
"St. James Associates, L.P.",2020-03-31,2020-03-31,2020-03-31,"797 Third Avenue  New York, NY, 10022",New York,,N/A,Unforeseeable business circumstances prompted by COVID 19,"1,127",177,177
St. Joseph's Hospital Health Center,2020-04-30,2020-01-29,2020-01-29,"973 James St.  Syracuse, NY, 13203",Onondaga,,N/A,Consolidation of revenue cycle functions closure of the Revenue Excellence Department,1,13,13
St. Joseph's Physician Med PC,2020-04-30,2020-01-29,2020-01-29,"1000 East Genesee Street, Suite 300  Syracuse, NY, 13210",Onondaga,,N/A,Economic,132,2,2
St. Joseph’s Physician Med PC,2020-04-30,2020-01-29,2020-01-29,"5112 West Taft Rd., Suite 2L  Liverpool, NY, 13088",Onondaga,,N/A,Economic,133,27,27
St. Peter of Alcantara School (Port Washington),2020-06-18,2020-06-26,2020-06-26,"1321 Pt. Washington Blvd.  Port Washington, NY, 11050",Nassau,,N/A,Unforeseeable business circumstances prompted by COVID 19,353,34,34
St. Peter's Health Partners (Albany-Troy) and St. Peter's Health Partners Medical Associates (Albany),2020-11-09,2020-08-10,2020-08-10,"3 Capital Region Locations - (Revenue Excellence departments))  Albany/Troy, NY, 12204",Albany,,N/A,Economic,25,76,76
"Standard East Village Employer, LLC",2020-03-22,2020-03-21,2020-03-21,"25 Cooper Square  New York, NY, 10003",New York,,N/A,Unforeseeable business circumstances prompted by COVID 19,"1,545",71,71
"Standard High Line Employer, LLC",2020-03-17,2020-03-30,2020-03-30,"848 Washington Street  New York, NY, 10014",New York,,N/A,Unforeseeable business circumstances prompted by COVID 19,"1,195",415,415
"Standard High Line Employer, LLC",2020-03-22,2020-03-30,2020-03-30,"848 Washington Street  New York, NY, 10014",New York,,N/A,Unforeseeable business circumstances prompted by COVID 19,"1,196",164,164
"Starwood Hotels & Resorts Worldwide, LLC dba W New York - Downtown (Albany St.)",2020-03-07,2020-06-01,2020-06-01,"8 Albany Street  New York, NY, 10006",New York,,N/A,Unforeseeable business circumstances prompted by COVID 19,527,134,134
"STAT Fire Sprinkler, Inc.",2020-03-31,2020-04-03,2020-04-03,"889 South 2nd Street  Ronkonkoma, NY, 11779",Suffolk,,N/A,Unforeseeable business circumstances prompted by COVID 19,"1,011",52,52
"Stellar Printing, Inc.",2020-07-12,2020-04-08,2020-04-08,"38-39 9th Street  Long Island City, NY, 11101",Queens,,N/A,Unforeseeable business circumstances prompted by COVID 19,918,,
"Sterling, Inc. (122 Fifth Avenue New York)",2020-10-31,2020-07-30,2020-07-30,"122 Fifth Avenue  New York, NY, 10001",New York,,N/A,Unforeseeable business circumstances prompted by COVID 19,261,38,38
Steuben Trust Company (Alfred),2020-05-15,2020-02-12,2020-02-12,"928 Route 244  Alfred, NY, 14803",Allegany,,N/A,Acquisition by Community Bank System Inc,1,4,4
Steuben Trust Company (Bolivar),2020-05-15,2020-02-12,2020-02-12,"319 Main Street  Bolivar, NY, 14715",Allegany,,N/A,Acquisition by Community Bank System Inc,2,4,4
Steuben Trust Company (Geneseo),2020-05-15,2020-02-12,2020-02-12,"11 Megan Drive  Geneseo, NY, 14454",Livingston,,N/A,Acquisition by Community Bank System Inc,4,6,6
Steuben Trust Company (Schuyler Street),2020-05-15,2020-02-12,2020-02-12,"11 Schuyler Street  Belmont, NY, 14813",Allegany,,N/A,Acquisition by Community Bank System Inc,3,1,1
Steuben Trust Company (Steuben Square),2020-05-15,2020-02-12,2020-02-12,"One Steuben Square  Hornell, NY, 14843",Steuben,,N/A,Acquisition by Community Bank System Inc,6,42,42
Steuben Trust Company (Warsaw),2020-05-15,2020-02-12,2020-02-12,"2490 North Main Street  Warsaw, NY, 14569",Wyoming,,N/A,Acquisition by Community Bank System Inc,7,2,2
Steuben Trust Company (Wildbriar Road),2020-05-15,2020-02-12,2020-02-12,"20 Wildbriar Road, Suite A  Rochester, NY, 14623",Monroe,,N/A,Acquisition by Community Bank System Inc,5,1,1
Stoler of Queens Inc. dba Silver Star Motors,2020-03-31,2020-04-07,2020-04-07,"36-11 Norther Blvd.  Long Island City, NY, 11101",Queens,,N/A,Unforeseeable business circumstances prompted by COVID 19,935,53,53
Stoler of Westbury dba Westbury Toyota,2020-03-22,2020-04-13,2020-04-13,"1121 Old Country Road  Westbury, NY, 11590",Nassau,,N/A,Unforeseeable business circumstances prompted by COVID 19,828,81,81
"Strand Books, Inc. (Strand Book Store, NYC & Strand Warehouse, Brooklyn)",2020-03-13,2020-07-12,2020-07-12,"828 Broadway & 167 41 Street, 3rd Floor  New York/Brooklyn, NY, 10003",New York,,N/A,Unforeseeable business circumstances prompted by COVID 19,311,149,149
Strauss Paper Co.,2020-05-31,2020-02-11,2020-02-11,"10 Slater Street  Port Chester, NY, 10573",Westchester,,N/A,Sale of business,1,57,57
"Streator, Inc. dba Café Luxembourg",2020-03-16,2020-05-29,2020-05-29,"200 W. 70th Street  New York, NY, 10023",New York,,N/A,Unforeseeable business circumstances prompted by COVID 19,531,90,90
Street Taco,2020-03-16,2020-03-17,2020-03-17,"358 3rd Ave.  New York, NY, 10016",New York,,N/A,Unforeseeable business circumstances prompted by COVID 19,"1,768",23,23
"Strip House 44th Street, LLC dba Strip House - Midtown (44th)",2020-04-13,2020-04-13,2020-04-13,"15 West 44th Street  New York, NY, 10036",New York,,N/A,Unforeseeable business circumstances prompted by COVID 19,837,70,70
"Strip House Restaurants, LLC dba Strip House - Downtown (12th)",2020-04-13,2020-04-13,2020-04-13,"13 East 12th Street  New York, NY, 10003",New York,,N/A,Unforeseeable business circumstances prompted by COVID 19,838,64,64
"Strivright, Inc.",2020-03-23,2020-03-23,2020-03-23,"1350 East 37th Street  Brooklyn, NY, 11210",Kings,,N/A,Unforeseeable business circumstances prompted by COVID 19,"1,484",265,265
Studio Instrument Rentals Inc.,2020-03-20,2020-03-30,2020-03-30,"475 10th Avenue  New York, NY, 10018",New York,,N/A,Unforeseeable business circumstances prompted by COVID 19,"1,197",53,53
"Suffolk Transportation Service, Inc.",2020-04-12,2020-04-28,2020-04-28,"10 Moffitt Boulevard  Bay Shore, NY, 11706",Suffolk,,N/A,Unforeseeable business circumstances prompted by COVID 19,658,"1,218","1,218"
SUGARCANE raw bar grill,2020-03-16,2020-03-18,2020-03-18,"55 Water Street Unit 1A  Brooklyn, NY, 11201",Kings,,N/A,Unforeseeable business circumstances prompted by COVID 19,"1,687",95,95
"Suit Supply (USA), Inc. (Long Island)",2020-03-29,2020-03-26,2020-03-26,"630 Old Country Road  Garden City, NY, 11530",Nassau,,N/A,Unforeseeable business circumstances prompted by COVID 19,"1,294",11,11
"Suit Supply (USA), Inc. (NYC)",2020-03-29,2020-03-26,2020-03-26,"6 NYC locations  New York/Brooklyn, NY, ",New York,,N/A,Unforeseeable business circumstances prompted by COVID 19,"1,314",173,173
Suite 719 LLC (Plaza Suite at Hudson Theatre),2020-03-12,2020-06-18,2020-06-18,"141 W 44th Street  New York, NY, 10036",New York,,N/A,Unforeseeable business circumstances prompted by COVID 19,401,27,27
Summit Manufacturing,2020-05-22,2020-05-22,2020-05-22,"100 Spence Street  Bay Shore, NY, 11706",Suffolk,,N/A,Unforeseeable business circumstances prompted by COVID 19,553,75,75
Summit Manufacturing (Warehouse),2020-05-22,2020-05-22,2020-05-22,"59 Spence Street  Bay Shore, NY, 11706",Suffolk,,N/A,Unforeseeable business circumstances prompted by COVID 19,554,0,0
"SUNation Solar Systems, Inc.",2020-03-22,2020-04-14,2020-04-14,"171 Remington Blvd.  Ronkonkoma, NY, 11779",Suffolk,,N/A,Unforeseeable business circumstances prompted by COVID 19,816,128,128
"Sunny Sky Products, LLC",2020-05-01,2020-03-16,2020-03-16,"138 Manitoba Street  Buffalo, NY, 14206",Erie,,N/A,Economic,77,21,21
Sur La Table,2020-09-01,2020-07-06,2020-07-06,"167 Market St., Yonkers and 1145 Fashion Drive, Nanuet  Yonkers, NY, 10710",Westchester,,N/A,Unforeseeable business circumstances prompted by COVID 19,324,46,46
"Surrey Hotel Associates, LLC dba Dream Midtown",2020-03-23,2020-06-06,2020-06-06,"210 W 55th Street  New York, NY, 10019",New York,,N/A,Unforeseeable business circumstances prompted by COVID 19,494,77,77
"Sushi by Bou Global, LLC (multiple sites)",2020-03-17,2020-03-17,2020-03-17,"32 A E. 32nd Street  New York, NY, 10016",New York,,N/A,Unforeseeable business circumstances prompted by COVID 19,"1,769",60,60
Sushi Nakazawa LLC,2020-03-16,2020-03-26,2020-03-26,"23 Commerce Street  New York, NY, 10014",New York,,N/A,Unforeseeable business circumstances prompted by COVID 19,"1,315",44,44
Sussex Great Neck LLC dba Inn at Great Neck,2020-03-21,2020-06-15,2020-06-15,"30 Cutter Mill Rd  Great Neck, NY, 11021",Nassau,,N/A,Unforeseeable business circumstances prompted by COVID 19,431,13,13
"SW Hotels & Resorts WW, LLC dba The Westin New York at Times Square (270 W 43rd St)",2020-03-21,2020-06-08,2020-06-08,"270 W 43rd Street  New York, NY, 10036",New York,,N/A,Unforeseeable business circumstances prompted by COVID 19,488,465,465
"SW Hotels & Resorts WW, LLC dba W New York - Times Square (1567 Broadway)",2020-03-14,2020-06-05,2020-06-05,"1567 Broadway  New York, NY, 10036",New York,,N/A,Unforeseeable business circumstances prompted by COVID 19,498,244,244
"SW Hotels & Resorts WW, LLC dba W New York - Union Square (201 Park Ave)",2020-03-21,2020-06-05,2020-06-05,"201 Park Ave South  New York, NY, 10003",New York,,N/A,Unforeseeable business circumstances prompted by COVID 19,499,122,122
"Sweet Chick Flatbush, LLC dba Sweet Chick",2020-03-17,2020-03-27,2020-03-27,"341 Flatbush Avenue  Brooklyn, NY, 11238",Kings,,N/A,Unforeseeable business circumstances prompted by COVID 19,"1,228",46,46
"Sweet Chick LES, LLC dba Sweet Chick",2020-03-17,2020-03-27,2020-03-27,"178 Ludlow Street  New York, NY, 10002",New York,,N/A,Unforeseeable business circumstances prompted by COVID 19,"1,263",45,45
"Sweet Chick Lyfe, LLC dba Sweet Chick",2020-03-17,2020-03-27,2020-03-27,"178 Ludlow Street  New York, NY, 10002",New York,,N/A,Unforeseeable business circumstances prompted by COVID 19,"1,264",15,15
Sweet Chick Vernon LLC dba Sweet Chick,2020-03-17,2020-03-27,2020-03-27,"46-42 Vernon Blvd.  Long Island City, NY, 11101",Queens,,N/A,Unforeseeable business circumstances prompted by COVID 19,"1,273",36,36
Swimline Corporation dba Swimline,2020-04-03,2020-04-07,2020-04-07,"191 Rodeo Drive  Edgewood, NY, 11717",Suffolk,,N/A,Unforeseeable business circumstances prompted by COVID 19,940,139,139
Swiss White Int'l LLC dba Ray's,2020-03-16,2020-03-17,2020-03-17,"177 Chrystie St.  New York, NY, 10002",New York,,N/A,Unforeseeable business circumstances prompted by COVID 19,"1,770",13,13
"Swissport SA, LLC (JFK airport)",2020-06-30,2020-02-28,2020-02-28,"JFK International Airport, Building 141  Jamaica, NY, 11430",Queens,,N/A,The applicable agreement between Swissport and the Port Authority of New York and New Jersey expires at 12 01 a m on July 1 2020,1,72,72
"Swissport SA, LLC (LGA airport)",2020-04-30,2020-02-28,2020-02-28,"Swissport LGA Transportation Office, Bldg. 136  Flushing, NY, 11371",Queens,,N/A,Economic,113,119,119
"Swissport USA, Inc.",2020-03-13,2020-06-16,2020-06-16,"JFK Airport Terminal 4 Gate 7  Jamaica, NY, 11430",Queens,,N/A,Unforeseeable business circumstances prompted by COVID 19,427,892,892
Systemize Logistics (Rochester),2020-10-24,2020-07-24,2020-07-24,"330 Clay Road  Rochester, NY, 14623",Monroe,,N/A,Non renewal of contract with Amazon to provide delivery services,1,68,68
T.I.C. Akean Inc.,2020-03-25,2020-03-25,2020-03-25,"232 E 9th Street, 3rd Floor  New York, NY, 10003",New York,,N/A,Unforeseeable business circumstances prompted by COVID 19,"1,397",1,1
"T&L Automatics, Inc.",2020-03-23,2020-03-23,2020-03-23,"770 Emerson Street  Rochester, NY, 14613",Monroe,,N/A,Unforeseeable business circumstances prompted by COVID 19,"1,487",111,111
"Tacombi Fonda Nolita, LLC; Loncheria Calle Ancha, LLC; Cenaduria
La Palmera Real, LLC; Salon Imperio, LLC; La Lafayette, LLC; La Cornelia, LLC; Cafe El
Presidente, LLC; Tacos ""Los Vaqueros"", LLC",2020-03-17,2020-03-17,2020-03-17,"265 Bowery  New York, NY, 10002",New York,,N/A,Unforeseeable business circumstances prompted by COVID 19,"1,771",357,357
Taconic Management Company LLC,2020-08-31,2020-05-28,2020-05-28,"75 9th Avenue  New York, NY, 10011",New York,,N/A,Expiration of property management agreement,1,5,5
Taconic Management Company LLC,2020-08-31,2020-05-28,2020-05-28,"111 Eighth Avenue, Suite 1513  New York, NY, 10011",New York,,N/A,Expiration of property management agreement,2,43,43
Taft Friday 50 St. LLC (TGIF Restaurant),2020-03-16,2020-03-18,2020-03-18,"761 7th Avenue  New York, NY, 10019",New York,,N/A,Unforeseeable business circumstances prompted by COVID 19,"1,726",53,53
Talbots,2020-04-05,2020-04-02,2020-04-02,"2 Park Ave. #2  New York, NY, 10019",New York,,N/A,Unforeseeable business circumstances prompted by COVID 19,"1,048",114,114
"Tapestry, Inc.",2020-03-13,2020-08-31,2020-08-31,"10 Hudson Yards and 2 Park Avenue  New York, NY, 10001",New York,,N/A,Unforeseeable business circumstances prompted by COVID 19,173,290,290
"Tarrytown House Estate on the Hudson (Pyramid Tarrytown Management, LLC)",2020-05-18,2020-05-18,2020-05-18,"49 East Sunnyside Lane  Tarrytown, NY, 10591",Westchester,,N/A,Unforeseeable business circumstances prompted by COVID 19,577,91,91
"Taylor Spellman New York, LLC",2020-03-17,2020-03-18,2020-03-18,"423 West 43rd Street, FRNT ONE  New York, NY, 10036",New York,,N/A,Unforeseeable business circumstances prompted by COVID 19,"1,727",2,2
TBP HoldCo LLC (The Bowery Presents),2020-06-30,2020-06-08,2020-06-08,"53 W. 23rd Street, 5th floor  New York, NY, 10010",New York,,N/A,Unforeseeable business circumstances prompted by COVID 19,489,38,38
TC Jeep Inc.,2020-03-23,2020-03-31,2020-03-31,"3156 Hempstead Turnpike  Levittown, NY, 11756",Nassau,,N/A,Unforeseeable business circumstances prompted by COVID 19,"1,089",42,42
Team Member Services LLC dba Autobahn Indoor Speedway,2020-03-27,2020-03-26,2020-03-26,"2272 Palisades Center Dr.  West Nyack, NY, 10994",Rockland,,N/A,Unforeseeable business circumstances prompted by COVID 19,"1,323",27,27
Temptations Broadway LLC and Imperial Theater,2020-03-12,2020-06-17,2020-06-17,"2 NYC locations  New York, NY, ",New York,,N/A,Unforeseeable business circumstances prompted by COVID 19,411,63,63
"Terrace on the Park (Crystal Ball Group, LLC)",2020-03-20,2020-03-19,2020-03-19,"52-11 111th Street  Corona, NY, 11368",Queens,,N/A,Unforeseeable business circumstances prompted by COVID 19,"1,676",198,198
Texas Roadhouse,2020-03-24,2020-03-26,2020-03-26,"181 Huguenot St.  New Rochelle, NY, 10801",Westchester,,N/A,Unforeseeable business circumstances prompted by COVID 19,"1,332",84,84
"TG 29 Hospitality, LLC dba Royalton Park Avenue",2020-03-23,2020-04-03,2020-04-03,"420 Park Avenue South  New York, NY, 10016",New York,,N/A,Unforeseeable business circumstances prompted by COVID 19,992,73,73
TGI Office Automation,2020-03-25,2020-07-31,2020-07-31,"120 3rd Street  Brooklyn, NY, 11231",Kings,,N/A,Unforeseeable business circumstances prompted by COVID 19,256,84,84
Thanks Mate Inc.,2020-03-16,2020-04-30,2020-04-30,"Three NYC locations  New York, NY, 10012",New York,,N/A,Unforeseeable business circumstances prompted by COVID 19,629,67,67
Tharanco Group LLC,2020-09-30,2020-09-30,2020-09-30,"134 W. 37th St.  New York, NY, 10018",New York,,N/A,Unforeseeable business circumstances prompted by COVID 19,97,28,28
The Argyle Group LLC,2020-03-20,2020-03-20,2020-03-20,"50 Broad Street  New York, NY, 10004",New York,,N/A,Unforeseeable business circumstances prompted by COVID 19,"1,602",24,24
"The August Aichhorn Center for Adolescent Residential Care, Inc. (2 Locations)",2020-05-01,2020-04-06,2020-04-06,"23 West 106th Street  New York, NY, 10025",New York,,N/A,Economic,66,141,141
"The Bowery Hotel, LLC",2020-03-18,2020-03-19,2020-03-19,"335 Bowery  New York, NY, 10003",New York,,N/A,Unforeseeable business circumstances prompted by COVID 19,"1,669",90,90
"The Carlyle, LLC dba The Carlyle, A Rosewood Hotel",2020-03-23,2020-03-20,2020-03-20,"35 East 76th Street  New York, NY, 10021",New York,,N/A,Unforeseeable business circumstances prompted by COVID 19,"1,603",250,250
The Century Association (the Club),2020-03-16,2020-03-31,2020-03-31,"7 West 43rd Street  New York, NY, 10036",New York,,N/A,Unforeseeable business circumstances prompted by COVID 19,"1,128",81,81
The Chicago Limited Partnership (Chicago at the Ambassador Theatre),2020-03-12,2020-06-17,2020-06-17,"Ambassador Theatre, 219 West 49th Street  New York, NY, 10019",New York,,N/A,Unforeseeable business circumstances prompted by COVID 19,412,79,79
The Collective Paper Factory,2020-03-20,2020-03-20,2020-03-20,"37-06 36th St.  Long Island City, NY, 11101",Queens,,N/A,Unforeseeable business circumstances prompted by COVID 19,"1,614",48,48
"The Courtyard by Marriott JFK (145-11 North Conduit Ave., Jamaica)",2020-03-26,2020-08-05,2020-08-05,"145-11 North Conduit Avenue  Jamaica, NY, 11436",Queens,,N/A,Unforeseeable business circumstances prompted by COVID 19,246,47,47
"The Courtyard by Marriott Long Island City (29-15 Queens Plaza North, LIC)",2020-03-26,2020-08-05,2020-08-05,"29-15 Queens Plaza North  Long Island City, NY, 11101",Queens,,N/A,Unforeseeable business circumstances prompted by COVID 19,247,22,22
The Courtyard by Marriott Times Square,2020-03-27,2020-04-08,2020-04-08,"114 West 40th Street  New York, NY, 10018",New York,,N/A,Unforeseeable business circumstances prompted by COVID 19,915,66,66
The Crowne Plaza - White Plains,2020-03-30,2020-03-25,2020-03-25,"66 Hale Ave.  White Plains, NY, 10601",Westchester,,N/A,Unforeseeable business circumstances prompted by COVID 19,"1,426",85,85
The Crystal Room LP dba Blue Ribbon Brasserie (10 sites in NYC),2020-03-14,2020-03-14,2020-03-14,"Various Sites in NYC  New York, NY, 10012",New York,,N/A,Unforeseeable business circumstances prompted by COVID 19,"1,846",36,36
The Desmond Hotel and Conference Center,2020-03-17,2020-03-19,2020-03-19,"660 Albany-Shaker Road  Albany, NY, 12211",Albany,,N/A,Unforeseeable business circumstances prompted by COVID 19,"1,628",127,127
The Excelsior Hotel (45 West 81st St),2020-03-12,2020-06-25,2020-06-25,"45 West 81st Street  New York, NY, 10024",New York,,N/A,Unforeseeable business circumstances prompted by COVID 19,365,49,49
The Fox Hollow,2020-03-26,2020-03-26,2020-03-26,"7725 Jericho Turnpike  Woodbury, NY, 11797",Nassau,,N/A,Unforeseeable business circumstances prompted by COVID 19,"1,295",169,169
The Gallivant Times Square Hotel,2020-03-23,2020-03-23,2020-03-23,"234 W 48th Street at Broadway  New York, NY, 10036",New York,,N/A,Unforeseeable business circumstances prompted by COVID 19,"1,509",71,71
The Garden City Hotel,2020-03-15,2020-03-30,2020-03-30,"45 Seventh St.  Garden City, NY, 11530",Suffolk,,N/A,Unforeseeable business circumstances prompted by COVID 19,"1,204",290,290
The Goodyear Tire & Rubber Company,2020-04-01,2020-03-31,2020-03-31,"5500 Goodyear Drive  Niagara Falls, NY, 14304",Niagara,,N/A,Unforeseeable business circumstances prompted by COVID 19,"1,137",41,41
The Gunlocke Company LLC (Wayland),2020-12-15,2020-09-14,2020-09-14,"One Gunlocke Drive  Wayland, NY, 14572",Steuben,,N/A,Relocation of certain product lines to other facilities within the US,1,29,29
The Harmonie Club of the City of New York,2020-03-18,2020-09-14,2020-09-14,"4 East 60th Street  New York, NY, 10022",New York,,N/A,Unforeseeable business circumstances prompted by COVID 19,132,67,67
The High Line Hotel,2020-03-23,2020-06-09,2020-06-09,"180 Tenth Avenue  New York, NY, 10011",New York,,N/A,Unforeseeable business circumstances prompted by COVID 19,476,39,39
"The Hilton Garden Inn, Times Square Central",2020-03-15,2020-05-27,2020-05-27,"136 West 42nd St  New York, NY, 10036",New York,,N/A,Unforeseeable business circumstances prompted by COVID 19,543,63,63
The Holiday Inn Saratoga Springs (JLK Global Fund US3 Inc.),2020-03-16,2020-03-19,2020-03-19,"232 Broadway  Saratoga Springs, NY, 12866",Saratoga,,N/A,Unforeseeable business circumstances prompted by COVID 19,"1,677",62,62
The Hotel at Times Square,2020-03-23,2020-06-19,2020-06-19,"59 W 46th Street  New York, NY, 10036",New York,,N/A,Unforeseeable business circumstances prompted by COVID 19,389,38,38
The Hotel Gansevoort,2020-03-16,2020-06-18,2020-06-18,"18 Ninth Avenue  New York, NY, 10014",New York,,N/A,Unforeseeable business circumstances prompted by COVID 19,402,91,91
"The Hoxton, Williamsburgh LLC",2020-03-20,2020-03-20,2020-03-20,"97 Wythe Ave  Brooklyn, NY, 11249",Kings,,N/A,Unforeseeable business circumstances prompted by COVID 19,"1,559",121,121
The Inns of Aurora,2020-03-17,2020-03-17,2020-03-17,"PO Box 272, 391 Main Street  Aurora, NY, 13021",Cayuga,,N/A,Unforeseeable business circumstances prompted by COVID 19,"1,739",96,96
"The International Academy of Hope (""iHOPE"")",2020-05-01,2020-08-27,2020-08-27,"101 West 116th Street, 2nd Floor  New York, NY, 10026",New York,,N/A,Unforeseeable business circumstances prompted by COVID 19,184,56,56
"The James New York, NoMad",2020-03-10,2020-06-08,2020-06-08,"22 East 29th St.  New York, NY, 10019",New York,,N/A,Unforeseeable business circumstances prompted by COVID 19,490,134,134
"The Jewish Community Center of Greater Rochester, Inc.",2020-03-15,2020-09-11,2020-09-11,"1200 Edgewood Avenue  Rochester, NY, 14618",Monroe,,N/A,Unforeseeable business circumstances prompted by COVID 19,136,296,296
"The John Gore Organization, lnc. (7th Ave)",2020-04-01,2020-06-01,2020-06-01,"729 Seventh Avenue  New York, NY, 10019",New York,,N/A,Unforeseeable business circumstances prompted by COVID 19,528,44,44
"The John Gore Organization, lnc. (Broadway)",2020-04-01,2020-06-01,2020-06-01,"1619 Broadway  New York, NY, 10019",New York,,N/A,Unforeseeable business circumstances prompted by COVID 19,529,44,44
"The Johnny Rockets Group, Inc.",2020-03-17,2020-04-02,2020-04-02,"1 Destiny USA Drive, Space #B201  Syracuse, NY, 13204",Onondaga,,N/A,Unforeseeable business circumstances prompted by COVID 19,"1,051",36,36
The Kasper Group,2020-09-29,2020-09-29,2020-09-29,"1412 Broadway  New York, NY, 10018",New York,,N/A,Unforeseeable business circumstances prompted by COVID 19,100,40,40
The Kimberly Hotel,2020-03-23,2020-04-07,2020-04-07,"145 E 50th Street  New York, NY, 10022",New York,,N/A,Unforeseeable business circumstances prompted by COVID 19,930,83,83
The Knickerbocker Hotel,2020-03-11,2020-06-09,2020-06-09,"6 Times Square  New York, NY, 10036",New York,,N/A,Unforeseeable business circumstances prompted by COVID 19,477,207,207
The Ladies Who Lunch LLC (Company at The Bernard B. Jacobs Theatre),2020-03-12,2020-06-18,2020-06-18,"245 W 45th Street  New York, NY, 10036",New York,,N/A,Unforeseeable business circumstances prompted by COVID 19,403,61,61
"The Langham, New York, Fifth Avenue",2020-05-18,2020-05-18,2020-05-18,"400 Fifth Avenue  New York, NY, 10018",New York,,N/A,Unforeseeable business circumstances prompted by COVID 19,572,163,163
"The Law Offices of Joseph A. Romano, P.C.",2020-03-27,2020-03-27,2020-03-27,"2 NYC locations  Bronx/Brooklyn, NY, ",Bronx,,N/A,Unforeseeable business circumstances prompted by COVID 19,"1,218",12,12
"The Leading Hotels of the World, Ltd. (485 Lexington Ave., NYC)",2020-04-21,2020-08-13,2020-08-13,"485 Lexington Avenue, Suite 401  New York, NY, 10017",New York,,N/A,Unforeseeable business circumstances prompted by COVID 19,206,63,63
"The Lexington Hotel, Autograph Collection",2020-03-22,2020-05-27,2020-05-27,"511 Lexington Ave.  New York, NY, 11101",New York,,N/A,Unforeseeable business circumstances prompted by COVID 19,544,207,207
The Lowell Hotel,2020-03-23,2020-03-21,2020-03-21,"28 East 63rd Street  New York, NY, 10065",New York,,N/A,Unforeseeable business circumstances prompted by COVID 19,"1,546",47,47
"The Maines Paper & Food Service, Inc.",2020-03-18,2020-03-20,2020-03-20,"101 Broome Corporate Parkway, (Headquarters); 215 Broome Corporate Parkway  Conklin, NY, 13748",Broome,,N/A,Unforeseeable business circumstances prompted by COVID 19,"1,553",340,340
The Manhattan Club Timeshare Association Inc.,2020-03-19,2020-03-30,2020-03-30,"200 West 56th Street  New York, NY, 10019",New York,,N/A,Unforeseeable business circumstances prompted by COVID 19,"1,198",104,104
"The Manhattan Ocean Club Associates, LLC",2020-03-31,2020-03-31,2020-03-31,"57 West 58th Street  New York, NY, 10019",New York,,N/A,Unforeseeable business circumstances prompted by COVID 19,"1,129",120,120
The Mark Hotel,2020-03-27,2020-03-24,2020-03-24,"25 E 77th Street  New York, NY, 10075",New York,,N/A,Unforeseeable business circumstances prompted by COVID 19,"1,453",154,154
The Mark Restaurant,2020-03-17,2020-03-24,2020-03-24,"25 E. 77th Street  New York, NY, 10075",New York,,N/A,Unforeseeable business circumstances prompted by COVID 19,"1,454",161,161
The Marlow Collective dba Achilles Heel,2020-03-16,2020-03-30,2020-03-30,"180 West Street  Brooklyn, NY, 11222",Kings,,N/A,Unforeseeable business circumstances prompted by COVID 19,"1,152",14,14
The Marlow Collective dba Diner,2020-03-16,2020-03-30,2020-03-30,"85 Broadway  Brooklyn, NY, 11249",Kings,,N/A,Unforeseeable business circumstances prompted by COVID 19,"1,153",25,25
The Marlow Collective dba Marlow & Sons,2020-03-16,2020-03-30,2020-03-30,"81 Broadway  Brooklyn, NY, 11249",Kings,,N/A,Unforeseeable business circumstances prompted by COVID 19,"1,154",26,26
"The Marlow Collective, 243 Dekalb Ave. Rest. Corp. dba Roman's",2020-03-16,2020-03-30,2020-03-30,"243 Dekalb Avenue  Brooklyn, NY, 11205",Kings,,N/A,Unforeseeable business circumstances prompted by COVID 19,"1,155",27,27
"The Martin-Brower Company, LLC",2020-04-07,2020-04-06,2020-04-06,"15 Commerce Drive South  Harriman, NY, 10926",Orange,,N/A,Unforeseeable business circumstances prompted by COVID 19,964,116,116
The Mermaid Holding Company LLC,2020-03-15,2020-03-15,2020-03-15,"570 Amsterdam Ave  New York, NY, 10024",New York,,N/A,Unforeseeable business circumstances prompted by COVID 19,"1,843",7,7
"The Mermaid Inn, East Village",2020-03-15,2020-03-16,2020-03-16,"96 2nd Ave  New York, NY, 10003",New York,,N/A,Unforeseeable business circumstances prompted by COVID 19,"1,821",33,33
"The New 42nd Street (at 229 West 42nd St., and The New Victory Theater, NYC",2020-03-12,2020-06-22,2020-06-22,"2 NYC locations  New York, NY, 10036",New York,,N/A,Unforeseeable business circumstances prompted by COVID 19,377,50,50
The New Yorker Hotel,2020-02-19,2020-06-09,2020-06-09,"481 8th Avenue  New York, NY, 10001",New York,,N/A,Unforeseeable business circumstances prompted by COVID 19,478,122,122
"The Odeon, Inc. d/b/a The Odeon",2020-03-16,2020-05-29,2020-05-29,"145 W. Broadway  New York, NY, 10014",New York,,N/A,Unforeseeable business circumstances prompted by COVID 19,532,109,109
The OYO Hotel Times Square,2020-03-23,2020-06-12,2020-06-12,"157 West 47th Street  New York, NY, 10036",New York,,N/A,Unforeseeable business circumstances prompted by COVID 19,445,40,40
The Penn Club of New York,2020-03-23,2020-03-30,2020-03-30,"30 West 44th Street  New York, NY, 10036",New York,,N/A,Unforeseeable business circumstances prompted by COVID 19,"1,199",60,60
"The Phantom Company, LP",2020-03-12,2020-06-18,2020-06-18,"2 NYC locations  New York, NY, ",New York,,N/A,Unforeseeable business circumstances prompted by COVID 19,404,133,133
"The Philharmonic-Symphony Society of New York, Inc.",2020-03-12,2020-06-10,2020-06-10,"10 Lincoln Center Plaza  New York, NY, 10023",New York,,N/A,Unforeseeable business circumstances prompted by COVID 19,461,98,98
"The Philharmonic-Symphony Society of New York, Inc. (10 Lincoln Center Plaza)",2020-06-26,2020-06-26,2020-06-26,"10 Lincoln Center  New York, NY, 10023",New York,,N/A,Unforeseeable business circumstances prompted by COVID 19,356,44,44
The Phillips Club Management Company,2020-08-02,2020-11-05,2020-11-05,"155 W. 66th Street  New York, NY, 10023",New York,,N/A,Unforeseeable business circumstances prompted by COVID 19,42,25,25
"The Pickle People, LLC aka Maison Pickle",2020-03-16,2020-03-25,2020-03-25,"2315 Broadway  New York, NY, 10024",New York,,N/A,Unforeseeable business circumstances prompted by COVID 19,"1,398",67,67
"The Pierre, New York, A Taj Hotel",2020-03-22,2020-06-30,2020-06-30,"2 East 61st Street  New York, NY, 10065",New York,,N/A,Unforeseeable business circumstances prompted by COVID 19,343,410,410
The Plaza-Sahara Plaza LLC,2020-03-22,2020-03-19,2020-03-19,"768 Fifth Ave  New York, NY, 10019",New York,,N/A,Unforeseeable business circumstances prompted by COVID 19,"1,670",531,531
The Racquet and Tennis Club,2020-03-22,2020-08-12,2020-08-12,"370 Park Avenue  New York, NY, 10022",New York,,N/A,Unforeseeable business circumstances prompted by COVID 19,211,33,33
The Rag Trader & Bo Peep Cocktail and Highball Store,2020-03-16,2020-03-17,2020-03-17,"70 West 36th Street  New York, NY, 10018",New York,,N/A,Unforeseeable business circumstances prompted by COVID 19,"1,772",77,77
"The Recreational Equipment, Inc. (Westchester)",2021-02-13,2020-11-17,2020-11-17,"49 Fitzgerald St.  Yonkers, NY, 10710",Westchester,,N/A,Market Location,1,58,58
The Redbury New York,2020-05-18,2020-05-13,2020-05-13,"29 E 29th Street  New York, NY, 10016",New York,,N/A,Unforeseeable business circumstances prompted by COVID 19,586,91,91
"The REP Manager, LLC",2020-03-20,2020-03-18,2020-03-18,"111 North Pearl Street  Albany, NY, 12207",Albany,,N/A,Unforeseeable business circumstances prompted by COVID 19,"1,685",1,1
The Residence Inn by Marriott Times Square,2020-03-27,2020-04-08,2020-04-08,"1033 Avenue of the Americas  New York, NY, 10018",New York,,N/A,Unforeseeable business circumstances prompted by COVID 19,916,99,99
The Ribbon Worldwide 44 LLC,2020-03-16,2020-04-17,2020-04-17,"220 W. 44th Street  New York, NY, 10036",New York,,N/A,Unforeseeable business circumstances prompted by COVID 19,766,159,159
The Ribbon Worldwide LLC,2020-03-16,2020-04-17,2020-04-17,"20 W 72nd Street  New York, NY, 10023",New York,,N/A,Unforeseeable business circumstances prompted by COVID 19,767,77,77
"The Ritz-Carlton Hotel Co., LLC dba The Ritz-Carlton New York, Westchester",2020-03-14,2020-06-11,2020-06-11,"3 Renaissance Square  White Plains, NY, 10601",Westchester,,N/A,Unforeseeable business circumstances prompted by COVID 19,450,183,183
The Ritz-Carlton New York Central Park,2020-03-14,2020-03-26,2020-03-26,"50 Central Park South  New York, NY, 10019",New York,,N/A,Unforeseeable business circumstances prompted by COVID 19,"1,316",312,312
The Rockland County YMCA,2020-03-29,2020-05-27,2020-05-27,"35 South Broadway  Nyack, NY, 10960",Rockland,,N/A,Unforeseeable business circumstances prompted by COVID 19,545,173,173
The Roger Hotel,2020-03-29,2020-03-24,2020-03-24,"131 Madison Ave  New York, NY, 10016",New York,,N/A,Unforeseeable business circumstances prompted by COVID 19,"1,455",50,50
The Roger Smith Hotel,2020-03-24,2020-03-17,2020-03-17,"501 Lexington Avenue  New York, NY, 10017",New York,,N/A,Unforeseeable business circumstances prompted by COVID 19,"1,773",29,29
The Roosevelt Hotel NYC,2020-03-21,2020-03-25,2020-03-25,"45 East 45th Street  New York, NY, 10017",New York,,N/A,Unforeseeable business circumstances prompted by COVID 19,"1,399",473,473
"The Sake Club, Inc. dba Kiosku",2020-03-17,2020-03-20,2020-03-20,"211 E 43rd Street, 1st Floor  New York, NY, 10017",New York,,N/A,Unforeseeable business circumstances prompted by COVID 19,"1,604",1,1
"The Sake Club, Inc. dba Sakagura",2020-03-17,2020-03-20,2020-03-20,"211 E. 42rd Street, Basement Level  New York, NY, 10017",New York,,N/A,Unforeseeable business circumstances prompted by COVID 19,"1,605",53,53
The Saratoga Hilton,2020-03-27,2020-03-26,2020-03-26,"534 Broadway  Saratoga, NY, 12866",Saratoga,,N/A,Unforeseeable business circumstances prompted by COVID 19,"1,325",135,135
"The Shubert Organization, Inc. (several NYC theatres & corporate offices)",2020-03-12,2020-07-03,2020-07-03,"234 West 44th Street  New York, NY, 10038",New York,,N/A,Unforeseeable business circumstances prompted by COVID 19,328,"1,980","1,980"
The Sofitel New York (Normandy LLC),2020-03-22,2020-03-17,2020-03-17,"45 West 44th Street  New York, NY, 10036",New York,,N/A,Unforeseeable business circumstances prompted by COVID 19,"1,774",225,225
The Solita Soho Hotel,2020-03-19,2020-03-19,2020-03-19,"159 Grand Street  New York, NY, 10013",New York,,N/A,Unforeseeable business circumstances prompted by COVID 19,"1,671",14,14
The Stewart Hotel,2020-03-15,2020-06-05,2020-06-05,"371 Seventh Ave. at 31st  New York, NY, 10001",New York,,N/A,Unforeseeable business circumstances prompted by COVID 19,500,101,101
"The Stomp Company LP (STOMP at the Orpheum Theatre, NYC)",2020-03-12,2020-06-29,2020-06-29,"126 Second Avenue  New York, NY, 10003",New York,,N/A,Unforeseeable business circumstances prompted by COVID 19,351,40,40
"The StructureTech New York, Inc (10 sites)",2020-03-30,2020-04-06,2020-04-06,"10 NYC locations  Brooklyn/New York, NY, ",Kings,,N/A,Unforeseeable business circumstances prompted by COVID 19,946,579,579
The Surrey Hotel,2020-03-24,2020-04-17,2020-04-17,"20 E. 76th Street  New York, NY, 10021",New York,,N/A,Unforeseeable business circumstances prompted by COVID 19,768,110,110
The Tuscany - A St Giles Signature Hotel,2020-03-29,2020-03-19,2020-03-19,"120 East 39th Street  New York, NY, 10016",New York,,N/A,Unforeseeable business circumstances prompted by COVID 19,"1,672",75,75
The University Club of New York,2020-04-12,2020-05-08,2020-05-08,"One West 54th Street  New York, NY, 10019",New York,,N/A,Unforeseeable business circumstances prompted by COVID 19,597,243,243
The Wayfarer,2020-03-18,2020-03-18,2020-03-18,"101 West 57th Street  New York, NY, 10019",New York,,N/A,Unforeseeable business circumstances prompted by COVID 19,"1,728",107,107
The Well,2020-03-29,2020-03-23,2020-03-23,"2 East 15th Street  New York, NY, 10003",New York,,N/A,Unforeseeable business circumstances prompted by COVID 19,"1,510",79,79
"The William Vale Staffing, LLC dba The William Vale",2020-03-14,2020-03-16,2020-03-16,"111 North 12th Street  Brooklyn, NY, 11249",Kings,,N/A,Unforeseeable business circumstances prompted by COVID 19,"1,784",77,77
The Woman's Health Pavilion (2 Locations),2020-03-27,2020-04-03,2020-04-03,"372 Post Avenue, Suite 106  Westbury, NY, 11783",Nassau,,N/A,Unforeseeable business circumstances prompted by COVID 19,983,,
The Woman's Health Pavilion (2 Locations),2020-03-30,2020-04-03,2020-04-03,"372 Post Avenue, Suite 106  Westbury, NY, 11783",Nassau,,N/A,Unforeseeable business circumstances prompted by COVID 19,984,,
The Woman's Health Pavilion (Queens),2020-03-27,2020-04-03,2020-04-03,"82-12 151st Avenue  Howard Beach, NY, 11414",Queens,,N/A,Unforeseeable business circumstances prompted by COVID 19,998,,
The Woman's Health Pavilion (Queens),2020-03-30,2020-04-03,2020-04-03,"82-12 151st Avenue  Howard Beach, NY, 11414",Queens,,N/A,Unforeseeable business circumstances prompted by COVID 19,999,,
The Yale Club of New York City,2020-03-20,2020-06-11,2020-06-11,"50 Vanderbilt Ave.  New York, NY, 10017",New York,,N/A,Unforeseeable business circumstances prompted by COVID 19,449,231,231
The YMCA of Greater New York (24 NYC sites),2020-09-15,2020-09-15,2020-09-15,"24 NYC locations  New York, NY, ",New York,,N/A,Unforeseeable business circumstances prompted by COVID 19,130,"1,599","1,599"
The YMCA of Greater New York (NY YMCA Camps- Mid-Hudson),2020-09-15,2020-09-15,2020-09-15,"300 Big Pond Road  Huguenot, NY, 12746",Orange,,N/A,Unforeseeable business circumstances prompted by COVID 19,131,2,2
The YMCA of Greater Rochester,2020-03-15,2020-05-18,2020-05-18,"Camp Gorham, 265 Darts Lake Road  Eagle Bay, NY, 13331",Herkimer,,N/A,Unforeseeable business circumstances prompted by COVID 19,566,3,3
The YMCA of Greater Rochester,2020-03-15,2020-05-18,2020-05-18,"Corning Branch, 127 Center Way  Corning, NY, 14830",Steuben,,N/A,Unforeseeable business circumstances prompted by COVID 19,575,118,118
The YMCA of Greater Rochester (multiple sites),2020-03-15,2020-05-18,2020-05-18,"444 East Main Street  Rochester, NY, 14604",Monroe,,N/A,Unforeseeable business circumstances prompted by COVID 19,567,"2,012","2,012"
"Thespian Theatre, Inc. (Circle in the Square Theatre)",2020-03-12,2020-06-17,2020-06-17,"1633 Broadway  New York, NY, 10019",New York,,N/A,Unforeseeable business circumstances prompted by COVID 19,413,85,85
Third Ave. Restaurant Inc. dba Jake's Dilemma,2020-03-16,2020-04-17,2020-04-17,"430 Amsterdam Avenue  New York, NY, 10024",New York,,N/A,Unforeseeable business circumstances prompted by COVID 19,769,26,26
Tiebreaker Productions LLC,2020-06-30,2020-06-08,2020-06-08,"1 Tennis Place  Forest Hills, NY, 11375",Queens,,N/A,Unforeseeable business circumstances prompted by COVID 19,492,2,2
"Tiger Retail Coast, LLC dba Flying Tiger Copenhagen (2 Long Island locations)",2020-03-17,2020-04-10,2020-04-10,"630 Old Country Road  Garden City, NY, 11530",Suffolk,,N/A,Unforeseeable business circumstances prompted by COVID 19,869,,
"Tiger Retail Coast, LLC dba Flying Tiger Copenhagen (4 NYC locations)",2020-03-17,2020-04-10,2020-04-10,"424 Columbus Avenue  New York, NY, 10024",New York,,N/A,Unforeseeable business circumstances prompted by COVID 19,862,,
"Tiki Chicki, LLC dba Tiki Chick",2020-03-16,2020-03-25,2020-03-25,"517 Amsterdam Avenue  New York, NY, 10024",New York,,N/A,Unforeseeable business circumstances prompted by COVID 19,"1,400",23,23
Tilcon NY Inc. - New Hamburg,2020-04-03,2020-04-03,2020-04-03,"461 Sheafe Road  New Hamburg, NY, 12590",Dutchess,,N/A,Unforeseeable business circumstances prompted by COVID 19,978,9,9
Tilcon NY Inc. (West Nyack),2020-04-03,2020-04-03,2020-04-03,"1 Crusher Road  West Nyack, NY, 10994",Rockland,,N/A,Unforeseeable business circumstances prompted by COVID 19,"1,001",9,9
Tina Turner Musical LLC (The Lunt Fontanne Theatre),2020-03-12,2020-06-16,2020-06-16,"205 West 46th Street  New York, NY, 10036",New York,,N/A,Unforeseeable business circumstances prompted by COVID 19,423,90,90
"Tioga Downs Racetrack, LLC (2 locations)",2020-04-01,2020-07-13,2020-07-13,"2384 West River Road  Nichols, NY, 13812",Tioga,,N/A,Unforeseeable business circumstances prompted by COVID 19,310,604,604
"TJX Companies, Inc. (TJ Maxx Store #1197)",2021-01-31,2020-12-03,2020-12-03,"502 86th St.  Brooklyn, NY, 10032",Kings,,N/A,End of real estate lease agreement,1,76,76
"TKNYC, LLC dba Bouchon Bakery & Cafe, Time Warner Center",2020-09-23,2020-09-21,2020-09-21,"10 Columbus Circle  New York, NY, 10019",New York,,N/A,Unforeseeable business circumstances prompted by COVID 19,116,57,57
"TL Transportation, LLC",2020-11-07,2020-08-03,2020-08-03,"330 Clay Road  Rochester, NY, 14623",Monroe,,N/A,Contract Loss,1,76,76
"TLC West, LLC (Applebee's Camillus restaurant) (5241 W. Genesee St.)",2020-10-25,2020-07-22,2020-07-22,"5241 W. Genesee Street  Camillus, NY, 13031",Onondaga,,N/A,Economic,30,32,32
"TN Apple, LLC",2020-03-17,2020-03-25,2020-03-25,"815 Hutchinson River Pkwy  Brooklyn, NY, 10465",Kings,,N/A,Unforeseeable business circumstances prompted by COVID 19,"1,354",70,70
Togg Holdings LLC aka Toggenburg Mountain,2020-03-17,2020-03-24,2020-03-24,"1135 Toggenburg Road  Fabius, NY, 13063",Onondaga,,N/A,Unforeseeable business circumstances prompted by COVID 19,"1,459",216,216
"Tokyo Mama, Inc, dba SAKE BAR DECIBEL",2020-03-16,2020-03-16,2020-03-16,"240 E. 9th Street  New York, NY, 10003",New York,,N/A,Unforeseeable business circumstances prompted by COVID 19,"1,822",13,13
"Tokyo Mama, Inc. dba Cha-an",2020-10-13,2020-10-13,2020-10-13,"230 East 9th Street, 2nd Floor  New York, NY, 10003",New York,,N/A,Unforeseeable business circumstances prompted by COVID 19,62,7,7
"Tokyo Mama, Inc. dba Cha-an",2020-03-18,2020-03-18,2020-03-18,"230 East 9th Street, 2nd Floor  New York, NY, 10003",New York,,N/A,Unforeseeable business circumstances prompted by COVID 19,"1,729",14,14
Tom Cat Bakery,2020-04-19,2020-09-14,2020-09-14,"43-05 10th Street  Queens, NY, 11101",Queens,,N/A,Unforeseeable business circumstances prompted by COVID 19,133,108,108
"Tommy Bahama R & R Holdings, Inc.",2020-03-31,2020-07-31,2020-07-31,"551 5th Ave.  New York, NY, 10176",New York,,N/A,Unforeseeable business circumstances prompted by COVID 19,258,70,70
"Torches on the Hudson, LLC dba Blu Pointe",2020-03-16,2020-03-23,2020-03-23,"120 Front Street  Newburgh, NY, 12550",Orange,,N/A,Unforeseeable business circumstances prompted by COVID 19,"1,519",76,76
"Tourneau, LLC",2020-04-04,2020-04-10,2020-04-10,"3100 47th Avenue, 5th Floor  Long Island City, NY, 11101",Queens,,N/A,Unforeseeable business circumstances prompted by COVID 19,867,49,49
"Townline BBQ, LLC",2020-03-16,2020-03-20,2020-03-20,"3593 Montauk Highway  Sagaponack, NY, 11962",Suffolk,,N/A,Unforeseeable business circumstances prompted by COVID 19,"1,624",11,11
Townsend Leather Company,2020-04-13,2020-04-10,2020-04-10,"4 Grove Street  Johnstown, NY, 12095",Genesee,,N/A,Unforeseeable business circumstances prompted by COVID 19,852,61,61
"Toyota of Manhattan - Skyline Automobiles, Inc.",2020-03-25,2020-04-13,2020-04-13,"645 11th Avenue  New York, NY, 10036",New York,,N/A,Unforeseeable business circumstances prompted by COVID 19,839,75,75
"TR Apparel, LLC",2020-03-23,2020-03-25,2020-03-25,"609 Greenwich St.  New York, NY, 10014",New York,,N/A,Unforeseeable business circumstances prompted by COVID 19,"1,401",47,47
"Train Design, LLC (operating as Pastis restaurant)",2020-03-23,2020-03-25,2020-03-25,"52 Gansevoort Street  New York, NY, 10014",New York,,N/A,Unforeseeable business circumstances prompted by COVID 19,"1,402",107,107
Train Times Broadway LP (Harry Potter and the Cursed Child at Lyric Theatre - NYC),2020-03-12,2020-06-15,2020-06-15,"2 NYC locations  New York, NY, 10036",New York,,N/A,Unforeseeable business circumstances prompted by COVID 19,440,115,115
"Traingle Apple, LLC",2020-03-17,2020-03-25,2020-03-25,"2201 Nostrand Avenue  Brooklyn, NY, 11210",Kings,,N/A,Unforeseeable business circumstances prompted by COVID 19,"1,355",55,55
Trans Express (National Express) (Brooklyn),2020-11-16,2020-11-02,2020-11-02,"150 Conover St.  Brooklyn, NY, 11231",Kings,,N/A,Unforeseeable business circumstances prompted by COVID 19,43,151,151
Trans Express (National Express) (Queens),2020-11-16,2020-11-02,2020-11-02,"110 Rockaway Blvd.  Queens, NY, 11231",Queens,,N/A,Unforeseeable business circumstances prompted by COVID 19,45,62,62
"Transform - Headquarters, Manufacturing Facility, and Westchester Showroom",2020-03-17,2020-03-24,2020-03-24,"20 Jones Street  New Rochelle, NY, 10801",Westchester,,N/A,Unforeseeable business circumstances prompted by COVID 19,"1,467",,
Transform - Manhattan Showroom,2020-03-17,2020-03-24,2020-03-24,"200 Lexington Avenue, Suite 708  New York, NY, 10016",New York,,N/A,Unforeseeable business circumstances prompted by COVID 19,"1,456",,
Transform KM LLC (Kmart Retail Store),2020-05-04,2020-02-04,2020-02-04,"	250 West 34th Street, 1 Penn Plaza J  New York, NY, 10119",New York,,N/A,Economic,127,160,160
Transform SR LLC (Sears Retail Store and Auto Center),2020-05-04,2020-02-04,2020-02-04,"2001 South Rd..  Poughkeepsie, NY, 12601",Dutchess,,N/A,Economic,121,65,65
Transform SR LLC (Sears Unit 01364 Retail Store and Unit 06444 Auto Center),2020-05-06,2020-02-06,2020-02-06,"4 Smith Haven Mall  Lake Grove, NY, 11755",Suffolk,,N/A,Economic,118,77,77
Transform SR LLC (Sears Unit #01674 and Unit #02771),2021-02-21,2020-11-04,2020-11-04,"100 Main St.  White Plains, NY, 10601",Westchester,,N/A,Economic,9,59,59
Transform SR LLC (Sidney - Sears Retail Store and Auto Center,2020-05-04,2020-02-04,2020-02-04,"3300 Chambers Rd   Horseheads, NY, 14845",Chemung,,N/A,Economic,120,46,46
TravelCenters of America,2020-04-14,2020-04-17,2020-04-17,"1255 Route 414  Waterloo, NY, 13165",Seneca,,N/A,Unforeseeable business circumstances prompted by COVID 19,780,27,27
Tribeca Kitchen LLC dba Little Park,2020-03-14,2020-03-26,2020-03-26,"85 W. Broadway  New York, NY, 10007",New York,,N/A,Unforeseeable business circumstances prompted by COVID 19,"1,317",83,83
Triomphe Restaurant Corp. dba Jean-Georges Restaurant,2020-03-15,2020-03-23,2020-03-23,"1 Central Park West  New York, NY, 10023",New York,,N/A,Unforeseeable business circumstances prompted by COVID 19,"1,511",216,216
TripAdvisor LLC,2020-05-05,2020-04-28,2020-04-28,"17 Battery Place  New York, NY, 10004",New York,,N/A,Unforeseeable business circumstances prompted by COVID 19,653,37,37
TripAdvisor LLC and Smarter Travel Media,2020-05-05,2020-04-28,2020-04-28,"330 Hudson Street  New York, NY, 10013",New York,,N/A,Unforeseeable business circumstances prompted by COVID 19,654,52,52
Triumph Hotel,2020-03-24,2020-05-18,2020-05-18,"1633 Broadway  New York, NY, 10019",New York,,N/A,Unforeseeable business circumstances prompted by COVID 19,573,24,24
"Truck-Lite Co, LLC",2020-08-31,2020-04-30,2020-04-30,"310 E. Elmwood Avenue  Falconer, NY, 14733",Chautauqua,,N/A,Economic,61,90,90
"Trump Ferry Point, LLC dba Trump Golf Links at Ferry Point",2020-03-21,2020-03-25,2020-03-25,"500 Hutchinson River Pkwy.  Bronx, NY, 10465",Bronx,,N/A,Unforeseeable business circumstances prompted by COVID 19,"1,338",49,49
"Trump International Hotel & Tower Condominium, dba Trump International Hotel & Tower New York",2020-03-23,2020-04-06,2020-04-06,"One Central Park West  New York, NY, 10023",New York,,N/A,Unforeseeable business circumstances prompted by COVID 19,958,70,70
Trump Restaurants LLC,2020-03-16,2020-08-24,2020-08-24,"725 5th Avenue  New York, NY, 10022",New York,,N/A,Unforeseeable business circumstances prompted by COVID 19,192,33,33
TWA Hotel,2020-03-21,2020-06-15,2020-06-15,"1 Idlewild Drive, JFK Airport  New York, NY, 11430",New York,,N/A,Unforeseeable business circumstances prompted by COVID 19,441,111,111
"Two's Company, Inc.",2020-03-30,2020-03-30,2020-03-30,"500 Saw Mill Road  Elmsford, NY, 10523",Westchester,,N/A,Unforeseeable business circumstances prompted by COVID 19,"1,206",109,109
"U Gym, LLC dba UFC Gym Club",2020-03-31,2020-03-24,2020-03-24,"2020 Jericho Tpke.  New Hyde Park, NY, 11040",Nassau,,N/A,Unforeseeable business circumstances prompted by COVID 19,"1,430",155,155
"Uber Technologies, Inc.",2020-06-05,2020-05-07,2020-05-07,"310-00 47th Avenue  Long Island City, NY, 11101",Queens,,N/A,Unforeseeable business circumstances prompted by COVID 19,602,26,26
"Uber Technologies, Inc. (JUMP venture aka Social Bicycles, LLC)",2020-06-08,2020-05-07,2020-05-07,"55 Prospect Street  Brooklyn, NY, 11201",New York,,N/A,Unforeseeable business circumstances prompted by COVID 19,601,37,37
"Uncle Biagio, LLC dba Don Angie",2020-03-31,2020-03-31,2020-03-31,"103 Greenwich Avenue  New York, NY, 10014",New York,,N/A,Unforeseeable business circumstances prompted by COVID 19,"1,130",45,45
"Unicell Body Company, Inc.",2020-03-20,2020-04-02,2020-04-02,"571 Howard Street  Buffalo, NY, 14206",Erie,,N/A,Unforeseeable business circumstances prompted by COVID 19,"1,024",25,25
Union for Reform Judaism,2020-06-30,2020-05-13,2020-05-13,"633 Third Avenue  New York, NY, 10017",New York,,N/A,Unforeseeable business circumstances prompted by COVID 19,587,24,24
Union Sq 4th F&B Management LLC dba BOWERY ROAD and LIBRARY OF DISTILLED SPIRITS,2020-03-16,2020-03-27,2020-03-27,"132 Fourth Avenue  New York, NY, 10003",New York,,N/A,Unforeseeable business circumstances prompted by COVID 19,"1,265",49,49
"Union Square Café II, LLC dba Union Square Café",2020-03-18,2020-03-31,2020-03-31,"101 East 19th Street  New York, NY, 10003",New York,,N/A,Unforeseeable business circumstances prompted by COVID 19,"1,131",139,139
"Union Square Hospitality Group (USHG), LLC",2020-03-18,2020-03-31,2020-03-31,"853 Broadway  New York, NY, 10003",New York,,N/A,Unforeseeable business circumstances prompted by COVID 19,"1,132",45,45
UNIQLO USA LLC (NYC),2021-02-28,2020-11-30,2020-11-30,"31 W. 34th St.  New York, NY, 10001",New York,,N/A,Economic,6,136,136
"Uniquest Hospitality, LLC (Embassy Suites)",2020-03-16,2020-03-16,2020-03-16,"200 Delaware Ave  Buffalo, NY, 14202",Erie,,N/A,Unforeseeable business circumstances prompted by COVID 19,"1,783",22,22
"United Airlines, Inc.",2020-10-01,2020-07-08,2020-07-08,"LaGuardia Airport, Terminal B  Queens, NY, 11371",Queens,,N/A,Unforeseeable business circumstances prompted by COVID 19,319,149,149
"United Chicken Fingers, LLC",2020-03-31,2020-03-31,2020-03-31,"360 Park Avenue South  New York, NY, 10010",New York,,N/A,Unforeseeable business circumstances prompted by COVID 19,"1,133",123,123
Unity House of Troy  (Daycare and Special Ed Operations),2020-03-17,2020-03-20,2020-03-20,"435 4th Street & 50 Philip Street  Troy/Albany, NY, 12180",Rensselaer,,N/A,Unforeseeable business circumstances prompted by COVID 19,"1,615",65,65
"Universal Protection Services, LLC d/b/a Allied Universal Security Services (at GM - Tonawanda)",2021-02-01,2020-12-08,2020-12-08,"2995 River Road  Buffalo, NY, 14207",Erie,,N/A,Expiration of security services contract with General Motors Tonawanda,1,28,28
"UOVO Art, LLC (2 sites)",2020-03-31,2020-03-31,2020-03-31,"41-54 22nd Street  Long Island City, NY, 11101",Kings,,N/A,Unforeseeable business circumstances prompted by COVID 19,"1,086",9,9
"UPH Saratoga Manager, LLC",2020-03-20,2020-03-18,2020-03-18,"25 Washington Street  Saratoga, NY, 12866",Saratoga,,N/A,Unforeseeable business circumstances prompted by COVID 19,"1,734",3,3
"Urban Health Plan, Inc. (Multiple NYC sites)",2020-04-27,2020-04-27,2020-04-27,"1231 Lafayette Avenue (Corporate Counsel address noted)  Bronx, NY, 10474",Bronx,,N/A,Unforeseeable business circumstances prompted by COVID 19,664,249,249
"US Inflight Catering LLC (""dnata"")",2020-03-16,2020-03-13,2020-03-13,"45 Rason Road  Inwood, NY, 11516",Nassau,,N/A,Unforeseeable business circumstances prompted by COVID 19,"1,847",73,73
USE LX LLC dba Lexus Intersect,2020-03-18,2020-03-31,2020-03-31,"412 West 14th Street  New York, NY, 10014",New York,,N/A,Unforeseeable business circumstances prompted by COVID 19,"1,134",62,62
USEReady,2020-03-27,2020-03-27,2020-03-27,"1407 Broadway, Suite 721  New York, NY, 10018",New York,,N/A,Unforeseeable business circumstances prompted by COVID 19,"1,266",30,30
"USM, Inc.",2020-03-30,2020-04-27,2020-04-27,"1700 Markley St., Suite 100  Norristown, PA, 19401",Suffolk,,N/A,Unforeseeable business circumstances prompted by COVID 19,675,38,38
Van Jan Cabaret dba The Olde Bryan Inn,2020-03-17,2020-03-17,2020-03-17,"123 Maple Avenue  Saratoga Springs, NY, 12866",Saratoga,,N/A,Unforeseeable business circumstances prompted by COVID 19,"1,778",82,82
Varflex Corporation,2020-03-20,2020-03-20,2020-03-20,"512 W. Court Street  Rome, NY, 13440",Oneida,,N/A,Unforeseeable business circumstances prompted by COVID 19,"1,608",145,145
"Variety Coffee, Variety Café Inc.",2020-03-18,2020-03-26,2020-03-26,"340 Stagg St.  Brooklyn, NY, 11206",Kings,,N/A,Unforeseeable business circumstances prompted by COVID 19,"1,286",31,31
"Venia Contracting, LLC",2020-03-31,2020-03-31,2020-03-31,"170 Froehlich Farm Blvd.  Woodbury, NY, 11797",Nassau,,N/A,Unforeseeable business circumstances prompted by COVID 19,"1,090",84,84
"Venture Forthe, Inc.",2020-04-08,2020-04-08,2020-04-08,"208 S Walnut Street  Elmira, NY, 14904",Chemung,,N/A,Unforeseeable business circumstances prompted by COVID 19,883,2,2
"Venture Forthe, Inc.",2020-04-07,2020-04-08,2020-04-08,"242 N Union Street, Suite 3  Olean, NY, 14760",Cattaraugus,,N/A,Unforeseeable business circumstances prompted by COVID 19,881,5,5
"Venture Forthe, Inc.",2020-04-08,2020-04-08,2020-04-08,"560 W 3rd Street, Suite 5  Jamestown, NY, 14701",Chautauqua,,N/A,Unforeseeable business circumstances prompted by COVID 19,882,3,3
"Venture Forthe, Inc.",2020-04-08,2020-04-08,2020-04-08,"687 Lee Road, Suite C185  Rochester, NY, 14606",Monroe,,N/A,Unforeseeable business circumstances prompted by COVID 19,885,6,6
"Venture Forthe, Inc.",2020-04-08,2020-04-08,2020-04-08,"3343 Harlem Road  Cheektowaga, NY, 14225",Erie,,N/A,Unforeseeable business circumstances prompted by COVID 19,884,3,3
"Venture Forthe, Inc.",2020-04-07,2020-04-09,2020-04-09,"3900 Packard Road  Niagara Falls, NY, 14303",Niagara,,N/A,Unforeseeable business circumstances prompted by COVID 19,875,6,6
Veritext,2020-04-01,2020-03-26,2020-03-26,"16 Court Street, 9th Floor  Brooklyn, NY, 11241",Kings,,N/A,Unforeseeable business circumstances prompted by COVID 19,"1,287",20,20
Verragio Ltd.,2020-03-20,2020-03-23,2020-03-23,"330 5th Avenue, 5th Floor  New York, NY, 10001",New York,,N/A,Unforeseeable business circumstances prompted by COVID 19,"1,512",54,54
ViacomCBS Inc. (and its subsidiaries),2020-04-15,2020-01-15,2020-01-15,"51 West 52nd Street  New York, NY, 10019",New York,,N/A,Economic,158,708,708
ViacomCBS Inc. (and its subsidiaries) Long Island,2020-04-15,2020-02-26,2020-02-26,"35 Adams Avenue  Hauppauge, NY, 11788",Suffolk,,N/A,Economic,115,3,3
"Victor's Cafe 52nd St., Inc.",2020-03-20,2020-03-21,2020-03-21,"236 West 52nd St.  New York, NY, 10019",New York,,N/A,Unforeseeable business circumstances prompted by COVID 19,"1,547",65,65
Victoria Home,2020-10-23,2020-07-23,2020-07-23,"25 N Malcolm Street  Ossining, NY, 10562",Westchester,,N/A,Economic,28,110,110
Victoria's Secret (5th Avenue store & Herald Square store),2020-04-05,2020-08-31,2020-08-31,"640 5th Ave. & 1328 Broadway  New York, NY, 10001",New York,,N/A,Unforeseeable business circumstances prompted by COVID 19,174,740,740
"Victoria's Secret (722 Lexington Ave., NYC)",2020-04-05,2020-07-22,2020-07-22,"722 Lexington Avenue  New York, NY, 10022",New York,,N/A,Unforeseeable business circumstances prompted by COVID 19,281,56,56
Victoria's Secret (Atlantic Terminal location),2020-04-05,2020-09-04,2020-09-04,"139 Flatbush Ave.  Brooklyn, NY, 11217",Kings,,N/A,Unforeseeable business circumstances prompted by COVID 19,155,47,47
Victoria's Secret (SoHo VSL store),2020-04-05,2020-07-15,2020-07-15,"591 Broadway  New York, NY, 10012",New York,,N/A,Unforeseeable business circumstances prompted by COVID 19,289,67,67
Village East and City Cinemas 123 Theatres (2 Locations),2020-03-16,2020-03-31,2020-03-31,"181-189 2nd Street  New York, NY, 10003",New York,,N/A,Unforeseeable business circumstances prompted by COVID 19,"1,135",55,55
Virgil's Real Barbecue,2020-03-16,2020-03-17,2020-03-17,"152 W 44th Street  New York, NY, 10036",New York,,N/A,Unforeseeable business circumstances prompted by COVID 19,"1,775",143,143
Visconti Advertising,2020-03-20,2020-03-20,2020-03-20,"7 Cerro St.  Inwood, NY, 11096",Nassau,,N/A,Unforeseeable business circumstances prompted by COVID 19,"1,565",,
Visionworks (Capital Region),2020-04-04,2020-04-22,2020-04-22,"12 Capital Region locations  , NY, ",Albany,,N/A,Unforeseeable business circumstances prompted by COVID 19,688,91,91
Visionworks (Central Region),2020-04-04,2020-04-22,2020-04-22,"12 Central Region locations  Syracuse, NY, ",Onondaga,,N/A,Unforeseeable business circumstances prompted by COVID 19,698,74,74
Visionworks (Finger Lakes Region),2020-04-04,2020-04-22,2020-04-22,"7 Finger Lakes Region locations  , NY, ",Monroe,,N/A,Unforeseeable business circumstances prompted by COVID 19,693,44,44
Visionworks (Long Island Region),2020-04-04,2020-04-22,2020-04-22,"20 Long Island Region locations  , NY, ",Suffolk,,N/A,Unforeseeable business circumstances prompted by COVID 19,703,210,210
Visionworks (Mid-Hudson Region),2020-04-04,2020-04-22,2020-04-22,"5 Mid-Hudson Region locations  , NY, ",Westchester,,N/A,Unforeseeable business circumstances prompted by COVID 19,705,34,34
Visionworks (Mohawk Valley Region),2020-04-04,2020-04-22,2020-04-22,"5 Mohawk Valley Region locations  , NY, ",Oneida,,N/A,Unforeseeable business circumstances prompted by COVID 19,697,41,41
Visionworks (New York City Region),2020-04-04,2020-04-22,2020-04-22,"7 New York City Region locations  , NY, ",Queens,,N/A,Unforeseeable business circumstances prompted by COVID 19,700,49,49
Visionworks (North Country Region),2020-04-04,2020-04-22,2020-04-22,"3 North Country Region locations  , NY, ",Jefferson,,N/A,Unforeseeable business circumstances prompted by COVID 19,692,18,18
Visionworks (Southern Region),2020-04-04,2020-04-22,2020-04-22,"7 Southern Region locations  , NY, ",Broome,,N/A,Unforeseeable business circumstances prompted by COVID 19,690,47,47
Visionworks (Western Region),2020-04-04,2020-04-22,2020-04-22,"7 Western Region locations  , NY, ",Erie,,N/A,Unforeseeable business circumstances prompted by COVID 19,691,40,40
"Visiting Nurse Services of Schenectady and Saratoga Counties, Inc. d/b/a Visiting Nurse Services North Eastern New York, VNSNENY",2021-03-07,2020-12-07,2020-12-07,"108 Erie Boulevard  Schenectady, NY, 12305",Schenectady,,N/A,Economic,3,64,64
VNO 100 West 33rd Street LLC,,2020-04-14,2020-04-14,"11 Penn Plaza  New York, NY, 10001",New York,,N/A,Unforeseeable business circumstances prompted by COVID 19,813,27,27
VNO 100 West 33rd Street LLC (90 Park Ave),2020-04-01,2020-10-06,2020-10-06,"90 Park Ave  New York, NY, 10116",New York,,N/A,Unforeseeable business circumstances prompted by COVID 19,69,24,24
VNO 100 West 33rd Street LLC (770 Broadway),2020-04-01,2020-10-06,2020-10-06,"770 Broadway  New York, NY, 10003",New York,,N/A,Unforeseeable business circumstances prompted by COVID 19,70,29,29
Vornado Two Penn Plaza LLC,,2020-04-14,2020-04-14,"2 Penn Plaza  New York, NY, 10001",New York,,N/A,Unforeseeable business circumstances prompted by COVID 19,814,22,22
Voxx International Corporation,2020-04-06,2020-04-15,2020-04-15,"180 Marcus Blvd.  Hauppauge, NY, 11788",Suffolk,,N/A,Unforeseeable business circumstances prompted by COVID 19,801,31,31
VSP Global (6 Long Island Locations),2020-04-10,2020-04-09,2020-04-09,"201 Old County Road  Melville, NY, 11747",Suffolk,,N/A,Unforeseeable business circumstances prompted by COVID 19,879,244,244
VSP Global (NYC- 2 Locations),2020-04-10,2020-04-09,2020-04-09,"48 W. 37th Street  New York, NY, 10018",New York,,N/A,Unforeseeable business circumstances prompted by COVID 19,873,17,17
"W Services Group, LLC",2020-04-03,2020-04-03,2020-04-03,"500 Wheeler Road  Hauppauge, NY, 11788",Suffolk,,N/A,Unforeseeable business circumstances prompted by COVID 19,"1,012",35,35
Wagamama USA LLC (Wagamama Restaurant) 5th Ave,2020-03-17,2020-03-16,2020-03-16,"210 5th Avenue  New York, NY, 10010",New York,,N/A,Unforeseeable business circumstances prompted by COVID 19,"1,823",47,47
Wagamama USA LLC (Wagamama Restaurant) 55th Street,2020-03-17,2020-03-16,2020-03-16,"100 West 55th Street  New York, NY, 10019",New York,,N/A,Unforeseeable business circumstances prompted by COVID 19,"1,824",92,92
Wagamama USA LLC (Wagamama Restaurant) Third Ave,2020-03-17,2020-03-16,2020-03-16,"1605 Third Avenue  New York, NY, 10010",New York,,N/A,Unforeseeable business circumstances prompted by COVID 19,"1,825",46,46
"Wagawongawitz, LLC dba Cafe Cluny",2020-03-16,2020-05-29,2020-05-29,"284 W. 12th St.  New York, NY, 10014",New York,,N/A,Unforeseeable business circumstances prompted by COVID 19,533,58,58
Wagner at the Battery Hotel (2 West Street),2020-03-21,2020-05-28,2020-05-28,"2 West Street  New York, NY, 10004",New York,,N/A,Unforeseeable business circumstances prompted by COVID 19,537,264,264
Waitress Touring LLC (Capital),2020-03-12,2020-06-16,2020-06-16,"Proctors Theatre, 432 State Street  Schenectady, NY, 12305",Schenectady,,N/A,Unforeseeable business circumstances prompted by COVID 19,428,,
Waitress Touring LLC (Mohawk Valley),2020-03-12,2020-06-16,2020-06-16,"Broadway Theater League, 258 Genessee St.  Utica, NY, 13502",Oneida,,N/A,Unforeseeable business circumstances prompted by COVID 19,426,10,10
"Walmart eCommerce (Altitude Collection, LLC)",2020-05-22,2020-02-13,2020-02-13,"54 W. 21st  Street, Floor 11  New York, NY, 10010",New York,,N/A,They are integrating many of these incubated brands as private brands within Walmart,1,2,2
"Walmart eCommerce (Altitude Collection, LLC)",2020-04-24,2020-01-23,2020-01-23,"54 W. 21st  Street, Floor 11  New York, NY, 10010",New York,,N/A,Economic,151,29,29
"Warner Media, LLC (and 17 subsidiaries, divisions & affiliates) (4 NYC sites)",2021-02-20,2020-11-10,2020-11-10,"30 Hudson Yards  New York, NY, 10001",New York,,N/A,Organizational Changes,1,360,360
Warp Weft World Inc.,2020-03-23,2020-03-23,2020-03-23,"121 Varick St.  New York, NY, 10013",New York,,N/A,Unforeseeable business circumstances prompted by COVID 19,"1,513",8,8
"Washington Jefferson Hotel, LLC",2020-03-24,2020-03-18,2020-03-18,"318 West 51st Street  New York, NY, 10019",New York,,N/A,Unforeseeable business circumstances prompted by COVID 19,"1,730",45,45
Washington Place dba Blue Hill,2020-03-19,2020-03-19,2020-03-19,"75 Washington Place  New York, NY, 10011",New York,,N/A,Unforeseeable business circumstances prompted by COVID 19,"1,673",21,21
"Waterfront Management, LLC dba Shadows on the Hudson",2020-03-16,2020-03-23,2020-03-23,"176 Rinaldi Blvd.  Poughkeepsie, NY, 12601",Dutchess,,N/A,Unforeseeable business circumstances prompted by COVID 19,"1,474",72,72
Watermill Caterers,2020-03-26,2020-03-26,2020-03-26,"711 Smithtown Bypass  Smithtown, NY, 11787",Suffolk,,N/A,Unforeseeable business circumstances prompted by COVID 19,"1,329",94,94
Watertown Family YMCA,2020-03-15,2020-04-27,2020-04-27,"119 Washington Street  Watertown, NY, 13601",Jefferson,,N/A,Unforeseeable business circumstances prompted by COVID 19,668,149,149
"Waverly Restaurant, LLC",2020-03-18,2020-03-20,2020-03-20,"16 Bank Street  New York, NY, 10014",New York,,N/A,Unforeseeable business circumstances prompted by COVID 19,"1,606",82,82
"Waxing Centers of Buffalo, LLC",2020-03-18,2020-03-25,2020-03-25,"3211 Southwestern Blvd.  Orchard Park, NY, 14127",Erie,,N/A,Unforeseeable business circumstances prompted by COVID 19,"1,341",93,93
We Sell Cellular LLC,2020-03-22,2020-03-23,2020-03-23,"150 Executive Drive  Edgewood, NY, 11717",Suffolk,,N/A,Unforeseeable business circumstances prompted by COVID 19,"1,530",38,38
Weisman Enterprises LLC (4 locations),2020-03-25,2020-04-03,2020-04-03,"218-01 Merrick Blvd.  Springfield Gardens, NY, 11413",Queens,,N/A,Economic,67,78,78
Wellington Hotel Company Inc.,2020-03-18,2020-03-19,2020-03-19,"871 7th Ave.  New York, NY, 10019",New York,,N/A,Unforeseeable business circumstances prompted by COVID 19,"1,674",151,151
Welsbach Electric Corp.,2020-03-06,2020-04-01,2020-04-01,"11101 14th Ave  College Point, NY, 10013",Queens,,N/A,Unforeseeable business circumstances prompted by COVID 19,"1,076",31,31
"West Houston Hall, Inc.",2020-03-15,2020-03-26,2020-03-26,"222 West Houston St.  New York, NY, 10014",New York,,N/A,Unforeseeable business circumstances prompted by COVID 19,"1,318",49,49
Westbury Manor Enterprises Inc.,2020-03-22,2020-04-08,2020-04-08,"1100 Jericho Turnpike  Westbury, NY, 11590",Nassau,,N/A,Unforeseeable business circumstances prompted by COVID 19,889,123,123
"Westchester Toyota (Westchester Foreign Autos, Inc.)",2020-03-25,2020-04-13,2020-04-13,"2167 Central Park Avenue  Yonkers, NY, 10710",Westchester,,N/A,Unforeseeable business circumstances prompted by COVID 19,845,100,100
Westgate New York City,2020-05-15,2020-05-11,2020-05-11,"304 East 42nd Street  New York, NY, 10017",New York,,N/A,Unforeseeable business circumstances prompted by COVID 19,592,103,103
WestHouse Hotel,2020-03-22,2020-05-18,2020-05-18,"201 W 55th Street  New York, NY, 10019",New York,,N/A,Unforeseeable business circumstances prompted by COVID 19,574,30,30
"WeWork Companies, Inc. (12 E. 49th St.)",2020-09-20,2020-06-22,2020-06-22,"12 E 49th Street  New York, NY, 10017",New York,,N/A,Economic,38,2,2
"WeWork Companies, Inc. (12 E. 49th St)",2020-08-19,2020-05-21,2020-05-21,"12 E. 49th Street  New York, NY, 10017",New York,,N/A,Economic,47,3,3
"WeWork Companies, Inc. (18th St.)",2021-03-09,2020-12-09,2020-12-09,"115 W 18th St.  New York, NY, 10011",New York,,N/A,Economic,2,1,1
"WeWork Companies, Inc. (18th St.)",2020-04-09,2020-01-10,2020-01-10,"115 W 18th St.  New York, NY, 10011",New York,,N/A,Economic,162,50,50
"WeWork Companies, Inc. (85 Broad St.)",2020-09-20,2020-06-22,2020-06-22,"85 Broad Street  New York, NY, 10006",New York,,N/A,Economic,39,27,27
"WeWork Companies, Inc. (115 Broadway, NY, NY 10006)",2020-08-19,2020-05-21,2020-05-21,"115 Broadway  New York, NY, 10006",New York,,N/A,Unforeseeable business circumstances prompted by COVID 19,556,2,2
"WeWork Companies, Inc. (115 W. 18th St.)",2020-09-20,2020-06-22,2020-06-22,"115 W. 18th Street  New York, NY, 10011",New York,,N/A,Economic,40,51,51
"WeWork Companies, Inc. (175 Varick St.)",2020-08-19,2020-05-21,2020-05-21,"175 Varick St.  New York, NY, 10014",New York,,N/A,Economic,48,4,4
"WeWork Companies, Inc. (205 Hudson St.)",2020-08-19,2020-05-21,2020-05-21,"205 Hudson St.  New York, NY, 10013",New York,,N/A,Economic,49,1,1
"WeWork Companies, Inc. (500 7th Ave)",2020-08-19,2020-05-21,2020-05-21,"500 7th Ave  New York, NY, 10018",New York,,N/A,Economic,50,6,6
"WeWork Companies, Inc. (620 Avenue of the Americas)",2020-08-19,2020-05-21,2020-05-21,"620 Avenue of the Americas  Astoria, NY, 11215",Queens,,N/A,Economic,57,111,111
"WeWork Companies, Inc. (620 Avenue of the Americas)",2020-09-20,2020-06-22,2020-06-22,"620 Avenue of the Americas  New York, NY, 11215",New York,,N/A,Economic,41,5,5
"WeWork Companies, Inc. (1450 Broadway)",2020-08-19,2020-05-21,2020-05-21,"1450 Broadway  New York, NY, 10018",New York,,N/A,Economic,51,1,1
"WeWork Companies, Inc. (3537 36th St.)",2020-08-19,2020-05-21,2020-05-21,"3537 36th St.  Queens, NY, 11106",Queens,,N/A,Economic,58,2,2
"WeWork Companies, Inc. (3537 36th St.)",2020-09-20,2020-06-22,2020-06-22,"3537 36th Street  Queens, NY, 11106",Queens,,N/A,Economic,42,1,1
"WeWork Companies, Inc. (Avenue of the Americas)",2021-03-02,2020-12-02,2020-12-02,"620 Avenue of the Americas  New York, NY, 11215",New York,,N/A,Economic,4,20,20
"WeWork Companies, Inc. (Avenue of the Americas)",2020-06-29,2020-03-30,2020-03-30,"620 Avenue of the Americas  New York, NY, 11215",New York,,N/A,Economic,69,1,1
"WeWork Companies, Inc. (Avenue of the Americas)",2020-06-10,2020-03-13,2020-03-13,"620 Avenue of the Americas  New York, NY, 11215",New York,,N/A,Economic,81,3,3
"WeWork Companies, Inc. (Broad St.)",2020-06-26,2020-03-30,2020-03-30,"85 Broad St.  New York, NY, 10004",New York,,N/A,Economic,70,149,149
"WeWork Companies, Inc. (Broad St.)",2020-08-19,2020-05-21,2020-05-21,"85 Broad St.  New York, NY, 10006",New York,,N/A,Economic,52,40,40
"WeWork Companies, Inc. (Broad Street)",,2020-03-13,2020-03-13,"85 Broad Street  New York, NY, 10004",New York,,N/A,Economic,82,3,3
"WeWork Companies, Inc. (Greenwich St.)",2020-08-19,2020-05-21,2020-05-21,"609 Greenwich St.  New York, NY, 10014",New York,,N/A,Economic,53,1,1
"WeWork Companies, Inc. (Greenwich Street)",2020-06-10,2020-03-13,2020-03-13,"609 Greenwich Street  New York, NY, 10014",New York,,N/A,Economic,83,1,1
"WeWork Companies, Inc. (Hudson St.)",2020-07-06,2020-04-08,2020-04-08,"205 Hudson St.  New York, NY, 10013",New York,,N/A,Economic,65,7,7
"WeWork Companies, Inc. (Hudson St)",2020-04-09,2020-01-10,2020-01-10,"205 Hudson St.  New York, NY, 10013",New York,,N/A,Economic,163,4,4
"WeWork Companies, Inc. (Hudson Street)",,2020-03-13,2020-03-13,"205 Hudson Street  New York, NY, 10013",New York,,N/A,Economic,84,6,6
"WeWork Companies, Inc. (NYC)",2021-01-10,2020-10-12,2020-10-12,"85 Broad  New York, NY, 10006",New York,,N/A,Economic,13,68,68
"WeWork Companies, Inc. (NYC)",2021-01-10,2020-10-12,2020-10-12,"115 W. 18th Street  New York, NY, 10011",New York,,N/A,Economic,14,51,51
"WeWork Companies, Inc. (W 14h  St.)",2020-08-19,2020-05-21,2020-05-21,"154 W. 14th St.  New York, NY, 10018",New York,,N/A,Economic,54,1,1
"WeWork Companies, Inc. (W 18th St.)",2020-06-26,2020-03-27,2020-03-27,"115 W 18th St.  New York, NY, 10011",New York,,N/A,Economic,71,25,25
"WeWork Companies, Inc. (W 40th  St.)",2020-08-19,2020-05-21,2020-05-21,"54 W. 40th St.  New York, NY, 10018",New York,,N/A,Economic,55,1,1
"WeWork Companies, Inc. (W. 18th Street)",,2020-03-13,2020-03-13,"115 W. 18th Street  New York, NY, 10011",New York,,N/A,Economic,85,29,29
"WeWork Companies, Inc. (W. 18th Street)",2020-08-19,2020-03-13,2020-03-13,"115 W. 18th Street  New York, NY, 10011",New York,,N/A,Economic,86,141,141
"What Do You Want To Eat, Inc. d/b/a Rowdy Hall",2020-03-16,2020-03-20,2020-03-20,"10 Main Street  East Hampton, NY, 11937",Suffolk,,N/A,Unforeseeable business circumstances prompted by COVID 19,"1,625",28,28
Wheatley Restaurant LLC,2020-03-17,2020-03-17,2020-03-17,"400 Wheatley Plaza  Greenvale, NY, 11548",Nassau,,N/A,Unforeseeable business circumstances prompted by COVID 19,"1,744",63,63
Whit Food II LLC,2020-03-18,2020-03-31,2020-03-31,"99 Gansevoort Street  New York, NY, 10014",New York,,N/A,Unforeseeable business circumstances prompted by COVID 19,"1,136",47,47
White Walker LLC dba Frenchette,2020-03-16,2020-03-16,2020-03-16,"241 W. Broadway  New York, NY, 10013",New York,,N/A,Unforeseeable business circumstances prompted by COVID 19,"1,826",111,111
"Wiesner Products Inc (and its affiliate, Mystic Apparel, LLC)",2020-06-19,2020-06-19,2020-06-19,"1333 Broadway, 6th Floor  New York, NY, 10018",New York,,N/A,Unforeseeable business circumstances prompted by COVID 19,390,43,43
"Wilbar International, Inc.",2020-03-31,2020-04-03,2020-04-03,"50 Cabot Court  Hauppauge, NY, 11788",Suffolk,,N/A,Unforeseeable business circumstances prompted by COVID 19,"1,013",99,99
Wilbedone dba Stone Central (2 locations),2020-03-20,2020-03-30,2020-03-30,"1 General Motors Drive  Syracuse, NY, 13206",Onondaga,,N/A,Unforeseeable business circumstances prompted by COVID 19,"1,200",60,60
"William Gottlieb Management Co., LLC",2020-03-27,2020-03-27,2020-03-27,"177 Christopher Street  New York, NY, 10014",New York,,N/A,Unforeseeable business circumstances prompted by COVID 19,"1,267",40,40
"Windy Gates, Soho, Inc. dba Balthazar Restaurant (80 Spring St., NYC)",2020-03-16,2020-08-14,2020-08-14,"80 Spring Street  New York, NY, 10012",New York,,N/A,Unforeseeable business circumstances prompted by COVID 19,205,224,224
"Wolf at Tribeca, Inc. dba Wolfgang's Steakhouse",2020-03-20,2020-04-17,2020-04-17,"409 Greenwich Street  New York, NY, 10013",New York,,N/A,Unforeseeable business circumstances prompted by COVID 19,770,63,63
Wolf Eastside LLC dba Wolfgang's Steakhouse,2020-03-19,2020-04-17,2020-04-17,"200 East 54th Street  New York, NY, 10012",New York,,N/A,Unforeseeable business circumstances prompted by COVID 19,771,65,65
Wolf Gotham LLC dba Wolfgang's Steakhouse,2020-03-16,2020-04-17,2020-04-17,"16 East 46th Street  New York, NY, 10017",New York,,N/A,Unforeseeable business circumstances prompted by COVID 19,772,24,24
Wolf on Broadway LLC dba Wolfgang's Steakhouse,2020-03-16,2020-04-17,2020-04-17,"1359 Broadway  New York, NY, 10018",New York,,N/A,Unforeseeable business circumstances prompted by COVID 19,773,67,67
Wolf Westside LLC dba Wolfgang's Steakhouse,2020-03-20,2020-04-17,2020-04-17,"250 West 41st Street  New York, NY, 10018",New York,,N/A,Unforeseeable business circumstances prompted by COVID 19,774,76,76
Wonton Food Inc.,2020-04-12,2020-04-13,2020-04-13,"220-222 Moore Street  Brooklyn, NY, 11206",Kings,,N/A,Unforeseeable business circumstances prompted by COVID 19,826,114,114
Wonton Food Inc. (Long Island),2020-04-12,2020-04-13,2020-04-13,"235 Express Street  Plainview, NY, 11803",Nassau,,N/A,Unforeseeable business circumstances prompted by COVID 19,829,16,16
"World Education Services, Inc.",2020-07-31,2020-07-01,2020-07-01,"One Battery Park Plaza, 3rd Floor  New York, NY, 10004",New York,,N/A,Unforeseeable business circumstances prompted by COVID 19,335,37,37
WOW Restaurants dba Wheatfields Restaurant and Bar,2020-03-18,2020-03-20,2020-03-20,"440 Broadway  Saratoga, NY, 12866",Saratoga,,N/A,Unforeseeable business circumstances prompted by COVID 19,"1,618",38,38
WV Hospitality LLC Leuca/Westlight/William Vale Hotel,2020-03-15,2020-03-15,2020-03-15,"111 N. 12th Street  Brooklyn, NY, 11249",Kings,,N/A,Unforeseeable business circumstances prompted by COVID 19,"1,832",195,195
XFF Kitchen LLC,2020-03-18,2020-03-18,2020-03-18,"55-01 37th Ave.  Queens, NY, 11377",Queens,,N/A,Unforeseeable business circumstances prompted by COVID 19,"1,733",54,54
"Yeled v'Yalda Early Childhood Center, Inc.",2020-03-16,2020-03-25,2020-03-25,"1312 38th Street  Brooklyn, NY, 11218",Kings,,N/A,Unforeseeable business circumstances prompted by COVID 19,"1,356",762,762
Yelp Inc.   2 NYC locations,2020-04-10,2020-04-09,2020-04-09,"11 Madison Avenue, 16th Floor  New York, NY, 10010",New York,,N/A,Unforeseeable business circumstances prompted by COVID 19,874,590,590
Yeshivah of Flatbush  2 NYC locations,2020-03-30,2020-03-30,2020-03-30,"919 East 10th Street  Brooklyn, NY, 11230",Kings,,N/A,Unforeseeable business circumstances prompted by COVID 19,"1,156",197,197
"Ykg Corp, Wallse - Café Sabarsky",2020-03-16,2020-03-20,2020-03-20,"1048 Fifth Ave.  New York, NY, 10021",New York,,N/A,Unforeseeable business circumstances prompted by COVID 19,"1,607",29,29
YMCA Buffalo Niagara  (9 sites),2020-03-16,2020-06-17,2020-06-17,"9 Western Region Locations  Buffalo/Amherst/Kenmore/Lancaster/Lockport/Niagara, NY, ",Niagara,,N/A,Unforeseeable business circumstances prompted by COVID 19,414,909,909
YMCA of Central New York,2020-03-11,2020-04-06,2020-04-06,"340 Montgomery Street  Syracuse, NY, 13202",Onondaga,,N/A,Unforeseeable business circumstances prompted by COVID 19,961,"1,236","1,236"
YMCA of Greater New York (New York YMCA Camp),2020-04-22,2020-04-22,2020-04-22,"160 Big Pond Road  Huguenot, NY, 12746",Orange,,N/A,Unforeseeable business circumstances prompted by COVID 19,699,61,61
YMCA of Long Island (6 sites -  2 OB/Nassau & 4 Suffolk),2020-11-13,2020-11-13,2020-11-13,"121 Dorsoris Lane  Glen Cove, NY, 11542",Nassau,,N/A,Unforeseeable business circumstances prompted by COVID 19,34,735,735
Zara USA,2020-03-17,2020-04-16,2020-04-16,"1 Crossgates Mall Road  Albany, NY, 12203",Albany,,N/A,Unforeseeable business circumstances prompted by COVID 19,782,22,22
Zara USA,2020-03-17,2020-04-16,2020-04-16,"2 Mid-Hudson locations  Yonkers/West Nyack, NY, ",Westchester,,N/A,Unforeseeable business circumstances prompted by COVID 19,792,68,68
Zara USA (Long Island),2020-03-17,2020-04-16,2020-04-16,"2 Long Island locations  Huntington Station/Garden City, NY, ",Suffolk,,N/A,Unforeseeable business circumstances prompted by COVID 19,790,89,89
Zara USA (NYC),2020-03-17,2020-04-16,2020-04-16,"11 NYC locations  New York/Brooklyn, NY, ",New York,,N/A,Unforeseeable business circumstances prompted by COVID 19,786,717,717
Zara USA (Western),2020-03-17,2020-04-16,2020-04-16,"1 Walden Galleria  Buffalo, NY, 14225",Erie,,N/A,Unforeseeable business circumstances prompted by COVID 19,783,22,22
Zaro's Family Bakery,2020-07-19,2020-04-17,2020-04-17,"138 Bruckner Blvd.  Bronx, NY, 10454",Bronx,,N/A,Relocation,1,64,64
"Zengo NYC, LLC",2020-03-17,2020-03-26,2020-03-26,"622 3rd Avenue  New York, NY, 10017",New York,,N/A,Unforeseeable business circumstances prompted by COVID 19,"1,319",59,59
Zero Mile HoldCo LLC,2020-06-30,2020-06-08,2020-06-08,"53  W 23rd Street, 5th Floor  New York, NY, 10010",New York,,N/A,Unforeseeable business circumstances prompted by COVID 19,491,1,1
"Zin Management Services, LLC (Huntington Station)",2020-03-18,2020-03-25,2020-03-25,"160 Walt Whitman Road  Huntington Station, NY, 11746",Suffolk,,N/A,Unforeseeable business circumstances prompted by COVID 19,"1,418",73,73
"Zin Management Services, LLC (Nanuet)",2020-03-18,2020-03-26,2020-03-26,"8141 Fashion Drive  Nanuet, NY, 10954",Rockland,,N/A,Unforeseeable business circumstances prompted by COVID 19,"1,324",70,70
ZMF Restaurants LLC dba Wolfgang's Steakhouse,2020-03-19,2020-04-17,2020-04-17,"4 Park Avenue  New York, NY, 10016",New York,,N/A,Unforeseeable business circumstances prompted by COVID 19,775,57,57
Zwanger-Pesiri Radiology Group (8 NYC sites),2020-03-26,2020-04-22,2020-04-22,"88-12 Queens Boulevard  Elmhurst, NY, 11373",Queens,,N/A,Unforeseeable business circumstances prompted by COVID 19,701,66,66
Zwanger-Pesiri Radiology Group (26 Long Island sites),2020-03-26,2020-04-22,2020-04-22,"150 East Sunrise Highway  Lindenhurst, NY, 11757",Suffolk,,N/A,Unforeseeable business circumstances prompted by COVID 19,704,500,500
